% Problem dimension
NDIME= 2    
%
% Inner element connectivity
%
NELEM= 6952 
 5   705  707  765    0
 5   765  707  256    1
 5   707  706 3591    2
 5   707 3591  245    3
 5   529 3409  788    4
 5   529  788  523    5
 5   829  790 3406    6
 5   829 3406  706    7
 5   706 3406 3591    8
 5   812  514  811    9
 5   812  811  492   10
 5   956 3413  781   11
 5   956  781  828   12
 5   665  793  839   13
 5   665  839  243   14
 5  1847 1803 1236   15
 5  1236 1803 1234   16
 5  1811 1348 1874   17
 5  1811 1874 1904   18
 5  2278 2280 1911   19
 5  1911 2280 1653   20
 5  2298 2040 2314   21
 5  2298 2314 2035   22
 5  2413 2324  371   23
 5  2413  371 1957   24
 5  2413 1957 1956   25
 5  2395 2369 2393   26
 5  2393 2369 2371   27
 5  2957 2421 2880   28
 5  2957 2880 2879   29
 5  2497 2596 2565   30
 5  2565 2596 2563   31
 5  2188 2192 3140   32
 5  2188 3140 2518   33
 5  2188 2518 2520   34
 5   567 2971 2778   35
 5   567 2778  566   36
 5   566 2778 2110   37
 5  2971 1676  575   38
 5   575 1676 1675   39
 5   575 1675 3055   40
 5  2548 1675 2932   41
 5  2548 2932 3063   42
 5  2548 3063 3058   43
 5   383  386 2910   44
 5   383 2910 2824   45
 5  3074 1691 1692   46
 5  3074 1692 2846   47
 5   484 3131  476   48
 5   476 3131 3124   49
 5  2980 2892 3360   50
 5  3360 2892 2894   51
 5  3165 3161 3230   52
 5  3230 3161 3189   53
 5  3189 3161 3243   54
 5  2723 3157  620   55
 5  3182 2723 3240   56
 5  3030  580  603   57
 5   580  582  602   58
 5  3126  472 3221   59
 5   472   67   68   60
 5  3272 3293 3271   61
 5  3272 3285 3146   62
 5  3173 3200 3188   63
 5  3173 3304 2487   64
 5  2869 2986 2853   65
 5  2869 2868 3064   66
 5   386  385  380   67
 5   385  113  114   68
 5  3127 3035 2451   69
 5  3035 3127  375   70
 5  2596  301 2595   71
 5   301 2596  302   72
 5  2535 2534 2653   73
 5  2534 2655  377   74
 5  2358 2694 3577   75
 5  2358 2357 2695   76
 5  2637 2613 2828   77
 5  2613 2637 2491   78
 5   371 2324 1514   79
 5  2052 2325 1920   80
 5  2052 2281 2278   81
 5   420 1820 3541   82
 5  1820 1819 1870   83
 5  3430 3414  687   84
 5  3430  648 3415   85
 5     3  672    2   86
 5   672  674  527   87
 5   245 3591  786   88
 5   718  669  716   89
 5   718  255  254   90
 5  3404  255 3405   91
 5  3405  255  801   92
 5   801  255  718   93
 5  3591 3406  786   94
 5   733  785  732   95
 5  3400  733  251   96
 5   513  515  900   97
 5   900  515  941   98
 5   763  764  850   99
 5   763  850  854  100
 5   955 3419  956  101
 5   956 3419 3412  102
 5  3419 3421 3432  103
 5  3419 3432 3412  104
 5  1119 3462  794  105
 5   794 3462  795  106
 5  1006 1005 3479  107
 5  3479 1005 3485  108
 5  3485 1005 3465  109
 5  1085 1036 1322  110
 5  1085 1322 3469  111
 5  1295 1273 1272  112
 5  1273 1296 1103  113
 5  3502 1126 3498  114
 5  3502 3498 1130  115
 5  1130 3498 1128  116
 5  1333 1388 1277  117
 5  1277 1388 1246  118
 5  1462 1393 1547  119
 5  1462 1547 3505  120
 5  1462 3505 1492  121
 5  1463 1485 1517  122
 5  1547 1463 1144  123
 5  1547 1144 3505  124
 5  1487 1423 3509  125
 5  1487 3509  640  126
 5  3379 1470 3511  127
 5  3511 1470 3507  128
 5  1706 1624  494  129
 5   494 1624 3518  130
 5  3534 3533 1644  131
 5  1644 3533 3532  132
 5  1874 1348 3550  133
 5  1874 3550 1765  134
 5  1765 3550 1764  135
 5  1872 3541 3547  136
 5  3547 3541 1870  137
 5   271 1751 1652  138
 5  1652 1751 1910  139
 5  1910 1751 2077  140
 5  1726 1939 1724  141
 5  1724 1939 1871  142
 5  1709 1657 2028  143
 5  2028 1657 1917  144
 5  3557 2115 1732  145
 5  1914 1916 1984  146
 5  2323 1976 1915  147
 5  2324 2093 2405  148
 5  2324 2405 1514  149
 5  2208 2450 2209  150
 5  2329 2728 3568  151
 5  2329 3568 2327  152
 5  2957 2923 2369  153
 5  2369 2923 2673  154
 5  2512 2383 2514  155
 5  2512 2514 2510  156
 5  2676 2871 2426  157
 5  2426 2871 2650  158
 5  2871 2870 2588  159
 5  2694 2329 3577  160
 5  3577 2329 3569  161
 5  2577 3038 2935  162
 5  2577 2935 2929  163
 5  2926 2577 2927  164
 5  2829 2664 2567  165
 5  2567 2664 2178  166
 5  2797 2768  393  167
 5  2797  393 2575  168
 5  2926 2451 3038  169
 5  2451 2928  116  170
 5  3038 2451 3035  171
 5   415  414 2886  172
 5   413  415 2674  173
 5  2851 1404 1403  174
 5  3062 2851 3140  175
 5   281 3036 3205  176
 5  3205 3036 2741  177
 5  3205 2741 2937  178
 5  3068 2983  355  179
 5   355 2983  352  180
 5  3038 3035 2710  181
 5  3083 2862 2861  182
 5  3083 2861 2836  183
 5  2503 3045 2974  184
 5   425 2986  426  185
 5   426 2986 3064  186
 5  3216 3153 3215  187
 5  3215 3153 3152  188
 5  3215 3152 3096  189
 5   577  579 3195  190
 5  3195  579 3087  191
 5  3195 3087 3219  192
 5   463  462 3245  193
 5  3245  462 3198  194
 5   698 3220 3126  195
 5   698 3126 3359  196
 5  3246 3271 3293  197
 5  3246 3293 3247  198
 5   464 3252 3207  199
 5   464 3207 3206  200
 5  3156 2484 3283  201
 5  3156 3283  622  202
 5  3156  622 3157  203
 5  3210 3214 3587  204
 5  3210 3587 3147  205
 5  3222 3339 3221  206
 5  3221 3339 3359  207
 5  3268 3270 3588  208
 5  3268 3588 3284  209
 5  3342 1340 3353  210
 5  3342 3353 3299  211
 5   517 3346  684  212
 5  3346  516 3234  213
 5  3358 3329 1769  214
 5  1769 3329 1770  215
 5  1769   41 3358  216
 5  1769 1771   40  217
 5  3344 3282  581  218
 5  3344 3341 3343  219
 5  3281 3343 3320  220
 5  3343 3281 3282  221
 5  3259 3313 3289  222
 5  3313 3296 3348  223
 5  3327 3286 3311  224
 5  3327 3231 3287  225
 5   464   70   71  226
 5   464 3251  465  227
 5  3196 3144 3143  228
 5  3196  497 3197  229
 5  3262  474  473  230
 5  3262 3203 3228  231
 5  3027 3247 2981  232
 5  3027 3029 3246  233
 5  3187 3586 3174  234
 5  3187 3086 3115  235
 5   484  483 3131  236
 5  3131 2755 3124  237
 5  2932  191 3063  238
 5  2122 3050 2123  239
 5  3050 3140 2192  240
 5  1692 2404 2846  241
 5  1692  128  129  242
 5   362 3075  363  243
 5  3075  362 1691  244
 5  2725 2307 2309  245
 5  2725  623 2951  246
 5   567 2896 2971  247
 5   567  188 2896  248
 5  2976 2837 2836  249
 5  2837 2976 3045  250
 5  3079 3064 2868  251
 5  3079 1841  428  252
 5   113  384  112  253
 5   340  181  344  254
 5   340  342  180  255
 5  2547  576 3055  256
 5  2547 2774 2677  257
 5   553 2880 2807  258
 5   553 2659 2879  259
 5  2897 2742  311  260
 5  2897 2899  315  261
 5  2601 2715 3576  262
 5  2601 2519 2759  263
 5  2576 2227 2575  264
 5  2576 2930 2226  265
 5  2627 2656  356  266
 5  2627 2094 2655  267
 5  2697 2564 2563  268
 5  2697  310 2698  269
 5  2557 2427 2429  270
 5  2557 2377 2667  271
 5  2491 2638 2628  272
 5  2638 2637 2583  273
 5  2607 2454 2456  274
 5  2607 2340 1921  275
 5  2209 2506 2553  276
 5  2506 2391  324  277
 5  2460 2560 2294  278
 5  2460 2171 1513  279
 5  2224 2157 2061  280
 5  2224 2155 2342  281
 5  1956 2092 2437  282
 5  2092 2239 2438  283
 5  1976 2101 1993  284
 5  2101 2391 2100  285
 5  2216 2244 2215  286
 5  2216 2138 2211  287
 5  3560 2050 2007  288
 5  3560  662 1913  289
 5   271 1652 2030  290
 5   271 1791 1751  291
 5  1845 1847 3536  292
 5  1845 1634 1846  293
 5  3543 1729  268  294
 5  3543 1901 1727  295
 5  1550 1763 1548  296
 5  1550 3512 1355  297
 5  1582 1581 1594  298
 5  1581 1580 1567  299
 5  1490 3515 1323  300
 5  1490 1694 1655  301
 5  3385 1459 1448  302
 5  3385 3501  868  303
 5  3495 1332 1295  304
 5  3495 1374 1515  305
 5  1186 1187 1005  306
 5  1186 1167 1116  307
 5   987 1094 1138  308
 5  1094 3457 3448  309
 5  1090  931  912  310
 5  1090  815 1034  311
 5  1020 1019  993  312
 5  1020  757  989  313
 5  3399  676  675  314
 5  3399 3397 3433  315
 5   711  897 3426  316
 5   711  710  898  317
 5  3415 3431  833  318
 5  3415  648  670  319
 5   665  664  792  320
 5   840  893  680  321
 5   840  766 3434  322
 5   875  693  782  323
 5   875  992  876  324
 5   900  654  656  325
 5  3409  764  751  326
 5   770  723  828  327
 5   723  770  724  328
 5   850  780  854  329
 5   850  528  674  330
 5  3403  811 3427  331
 5  3403  493  492  332
 5   240  782  692  333
 5   240  239  247  334
 5   678  500  787  335
 5   500   38  509  336
 5   957  828  723  337
 5   957  723  791  338
 5   791  723  667  339
 5   667  723  668  340
 5    18  239  238  341
 5    18  238   17  342
 5   533  751  764  343
 5   764 3409  528  344
 5   528  850  764  345
 5  3402  470  469  346
 5   469  493 3403  347
 5   252  241  734  348
 5   734  241  243  349
 5   734  243  839  350
 5    31  258  800  351
 5    31  800   30  352
 5   789  820  902  353
 5   789  902  941  354
 5   789  941  515  355
 5   779  728  730  356
 5   779  730  626  357
 5  3427  747 3402  358
 5  3427 3402 3403  359
 5   541  855  783  360
 5   783  855  627  361
 5   666  683  786  362
 5   781 3413  782  363
 5   782 3413  875  364
 5   992 3412 3432  365
 5  3417  699  740  366
 5  3417  740 3411  367
 5   984 1044  904  368
 5   984  904 3437  369
 5  3435 3439 3450  370
 5  1028 3435  809  371
 5  1031 1033 3393  372
 5  3393 1033 3445  373
 5  1155 3455 3456  374
 5  1155 3456 1154  375
 5  3391 3472 1069  376
 5  3391 1069 3392  377
 5  1116  618 1187  378
 5  1187  618 3466  379
 5  1187 3466 1005  380
 5  1005 1004 1186  381
 5  3386 1447 3504  382
 5  3386 3504 3499  383
 5  3386 3499 3384  384
 5   999 3504 1447  385
 5   999 1447 1446  386
 5  1410 1412 1415  387
 5  1412 1411 1456  388
 5  1581 1569 1580  389
 5  1569 1582 1469  390
 5  1711 1734 1592  391
 5  1711 1592 3527  392
 5  3527 1592 3510  393
 5  1527 3529 1630  394
 5  1527 1630 3535  395
 5  1527 3535 1318  396
 5  1579 1683 1249  397
 5  3528 1711 1603  398
 5  1603 1711 3527  399
 5  1669 1903 1902  400
 5  1669 1902 1754  401
 5   268 3540 3543  402
 5   269 1729 1875  403
 5   274 1896 1897  404
 5  1897 1896 1898  405
 5   274 1435 1560  406
 5   274 1560 1788  407
 5  2029 1903  272  408
 5   272 1903  270  409
 5  1646 3557 1899  410
 5  1646 1899 1898  411
 5  1646 1898 3552  412
 5  1875 1729 1728  413
 5  3553 1563 2027  414
 5  2027 1563 3548  415
 5  1912 1984 1815  416
 5  1815 1984 3555  417
 5  3555 1984 1983  418
 5  1948 1918 1938  419
 5  1966 1948 1857  420
 5  2151 1926  634  421
 5   634 1926 1925  422
 5   634 1925 3371  423
 5  2251 1732 2115  424
 5  1878 1961 3554  425
 5  3554 1961 2144  426
 5  1653 2114 2113  427
 5  2078 1822 2211  428
 5   662  661 1842  429
 5   660  662 2282  430
 5  2282  662 3560  431
 5  1998 2158 2343  432
 5  2343 2158 2059  433
 5  1881 1953 2222  434
 5  1952 1881 2470  435
 5  2059 2061 2343  436
 5  1998 2207 2158  437
 5  2126  660 3566  438
 5  3566  660 2315  439
 5  3566 2315 2205  440
 5  3563 1749  294  441
 5  3563  294 2302  442
 5  2349 2493 2347  443
 5  2347 2493 1861  444
 5  1861 2493 1859  445
 5  2392 2345 1994  446
 5  1994 2345 1990  447
 5  2371 3564 2346  448
 5  2346 3564 2344  449
 5  2051 2281 2052  450
 5  2125 2288 1842  451
 5  2486 2437 3570  452
 5  3570 2437 2436  453
 5  3566 2205 2202  454
 5   378 2217 2486  455
 5  2486 2217 2413  456
 5  2274 2403 2336  457
 5  2336 2403 2193  458
 5  1931 2319 2366  459
 5  2364 2130 3571  460
 5  2364 3571 2406  461
 5  2447 2449 2204  462
 5  2448 2447 2834  463
 5  2464 2432 2042  464
 5  2834 2447 2462  465
 5  2717 2427 2667  466
 5  2427 2769 2647  467
 5  3569 3571 3368  468
 5  3368 3571 2132  469
 5  2172 2898 2585  470
 5  2172 2585 2559  471
 5  2433 2440 2436  472
 5  2407 2130 2273  473
 5  2407 2273 2272  474
 5  2456 2734 2286  475
 5  2120 2638 2118  476
 5  2386  324  323  477
 5  2714 2716 2715  478
 5  2715 2716 3576  479
 5  2440 2439 2452  480
 5  2427 2647 2428  481
 5   436 3024 3578  482
 5   436 3578 2516  483
 5  2400 2780 2545  484
 5  2400 2545 2398  485
 5  2602 2189 2603  486
 5  2603 2189 2188  487
 5  2748 2613 2334  488
 5  2439 2621 2573  489
 5  2563 2640 2697  490
 5  2708 2535 2709  491
 5  2709 2535 2653  492
 5   631 2911 2847  493
 5   631 2847 2934  494
 5   631 2934  608  495
 5   539 2794 2877  496
 5  2631  539 2629  497
 5  2931  395  391  498
 5   391  395  394  499
 5   383 2824  381  500
 5   383  384  386  501
 5  2742 2387  311  502
 5  3041 2764 2639  503
 5  2639 2764  289  504
 5  2900 2899 2775  505
 5   313 2900  163  506
 5  2802 2675  415  507
 5  2546 3010 2770  508
 5  3009 2546 3058  509
 5  3044 2891 3042  510
 5  3042 2891 2508  511
 5  2782 2495 2497  512
 5  2829 2842 2830  513
 5  2940 2953  468  514
 5   468 2953 2756  515
 5   404 3067 2952  516
 5   404 2952  405  517
 5   176  338  175  518
 5  3052 3583 3083  519
 5  3083 3583 3582  520
 5  3582 3583 2073  521
 5  2762 3026 3132  522
 5  2762 3132 3002  523
 5  3083 2836 3082  524
 5  3082 2836 2835  525
 5   373 1858 2712  526
 5   427  428 3171  527
 5  3171  428 3130  528
 5  3130  428 1840  529
 5   295  297  298  530
 5   295  298 2906  531
 5   408  411   98  532
 5   408   98   99  533
 5  2882 2309 2308  534
 5   468 2756 2755  535
 5  2951 2810 2809  536
 5   434 2074 2073  537
 5   463 3245 3584  538
 5  3584 3245 3112  539
 5   698  461 3223  540
 5  3223  461  463  541
 5  3223  463 3584  542
 5  3223 3584 3107  543
 5  3223 3107 3224  544
 5   653  233 3255  545
 5  3255  233  207  546
 5  3174 3175 3187  547
 5  3175 3174 3188  548
 5  3154 3258 3077  549
 5  3077 3258  578  550
 5  3585 3586 3179  551
 5  3179 3586 3263  552
 5  3263 3586 3115  553
 5  3179  658 3585  554
 5  3585  658 3172  555
 5  3585 3172 3174  556
 5  3172 3304 3173  557
 5  3278 3253 3300  558
 5  3278 3300 3093  559
 5  3141 3213 3070  560
 5  3259 3232 3260  561
 5  3309  505 3308  562
 5  3289 3356 3290  563
 5  3358   42 3334  564
 5  1702  685  519  565
 5   685 1702  517  566
 5   503 3250   52  567
 5  3250 2818   51  568
 5  3265 3337  659  569
 5  3265 3349 3266  570
 5   487 2758  485  571
 5   487   60   61  572
 5   621  219  619  573
 5   621  622  218  574
 5   657 3337 3276  575
 5  3337  657  659  576
 5   218 3283  217  577
 5  3197  485 3144  578
 5   485 3197  486  579
 5   471 3220 2938  580
 5  3220  471 3126  581
 5  3293 3146 3247  582
 5   481  480 3228  583
 5   481 3229  479  584
 5  3156 3158 3236  585
 5   459  457 3201  586
 5   457   74   75  587
 5   462 3339 3251  588
 5  3228  474 3262  589
 5  3203 3016 3277  590
 5  3191 3218 2816  591
 5  3218 3163 3073  592
 5  3177  449  448  593
 5  3177 3098 3201  594
 5  3217 3091 3090  595
 5  3091 3217 2945  596
 5  2969 3169 2968  597
 5  3169 2969 2966  598
 5  3153  144  279  599
 5  3086 2811 2810  600
 5  2811 3088 2809  601
 5  3170 2966 3052  602
 5  3170 2942 3225  603
 5  3113 3112 3199  604
 5  3113 3361 3105  605
 5   591  198  595  606
 5   198  591  590  607
 5  3361 3128 3105  608
 5  3128 2568 2681  609
 5  2351 2350 2893  610
 5  2350 3002 2894  611
 5  3110 2889  410  612
 5  2889   96   97  613
 5   190 1676  189  614
 5  2971 2896 1676  615
 5  2972 2191 3000  616
 5  2972 2121 2123  617
 5  2928  115  116  618
 5   115 2928  379  619
 5  2964 3002 2350  620
 5  2964 3579 2762  621
 5   380  379 2927  622
 5   380  114  115  623
 5   368 2536  122  624
 5  2536 2848 2537  625
 5   389  390 2931  626
 5   389  108  109  627
 5   118 3127  117  628
 5   375  374 2710  629
 5   566 2111  186  630
 5  3046  445  447  631
 5  3046 3006 3048  632
 5   352 2985  354  633
 5  2985 2846 2404  634
 5  2851 2518 3140  635
 5  2851 3049 2519  636
 5  2617  171  327  637
 5  2617 2237  170  638
 5  3080 2373 2375  639
 5  3079 2868 3080  640
 5  2768  399 2965  641
 5  2920 2970 2446  642
 5  2920 2443 2442  643
 5  2759 2705 2715  644
 5  2759 3049 2703  645
 5  2219 2533 2713  646
 5  2219 2218 2656  647
 5  2934 1852 2311  648
 5  1852 2934 2847  649
 5  2527 2827 2749  650
 5  2527 2740 2441  651
 5  2917 2212 2919  652
 5  2917 2567 2213  653
 5  2501 2500 2502  654
 5  2501 2975 2499  655
 5  2649 2801 2666  656
 5  2649 2648  403  657
 5  2577 2579 2927  658
 5  2558  555  341  659
 5  2558 2924 2859  660
 5  2544  574  576  661
 5  2544 2398 2545  662
 5  2619 2618 2586  663
 5  2618 2663 2466  664
 5  2396  331 2397  665
 5  2396 2706  329  666
 5  3577 3366 2358  667
 5  3366 3577 3368  668
 5  2825 2452 2453  669
 5  2825 2579 2578  670
 5  3362 3575 2895  671
 5  3575 3362 2672  672
 5  2602 2832 2189  673
 5  2602 2834 2726  674
 5  2666 2429 2428  675
 5  2429 3572 2557  676
 5  2930 2573 2621  677
 5  2930 1449 1450  678
 5  2359 3576 2360  679
 5  3576 2716 2203  680
 5  2728 2541 3568  681
 5  2554 2388 2387  682
 5  2554 2386  323  683
 5  2210 2397 2208  684
 5  2397  331 2394  685
 5  2329 2328 3569  686
 5  2726 2834 2462  687
 5  2726 2832 2602  688
 5   378  377 2094  689
 5   377 2653 2534  690
 5  2103 2565 2564  691
 5  2103 2266 2782  692
 5  2490 2334 2613  693
 5  2334 2490 2301  694
 5  2583 2582 2118  695
 5  2582 2669 2455  696
 5  2412 1512 1514  697
 5  1512 2412 2559  698
 5  2104 2698 2652  699
 5  2698  310 2458  700
 5  2370 2673 2253  701
 5  2317 2163 2164  702
 5  2317 2406 2318  703
 5  2513 2510 2001  704
 5  2513 2349 2511  705
 5  1514 1513  372  706
 5  1921 2454 2607  707
 5  2340 2341 1922  708
 5  2175 3567 2176  709
 5  2175 2299 2628  710
 5  2176 2242 1750  711
 5  2176 3567 2243  712
 5  2060 2000 2225  713
 5  1978 2391 2101  714
 5  1991 2344 2109  715
 5  1991 1990 2345  716
 5  1843 1913  662  717
 5  1843 1977 2323  718
 5  2323 1913 1843  719
 5  1913 2323 1914  720
 5  1821 2211 1822  721
 5  1821 2245 2244  722
 5  1912 2050 1913  723
 5  2077 2089 2139  724
 5  2089 2211 2138  725
 5  1877 3557 1732  726
 5  1877 1879 1433  727
 5  1937 1857 1948  728
 5  1937 1633 1855  729
 5  1899 1433 1897  730
 5  1899 3557 1877  731
 5  2076 1347 1891  732
 5  2076 1893 1716  733
 5  3547 3546 1872  734
 5  3547 1493 1814  735
 5  3550 1347 1716  736
 5  1263 1383 1354  737
 5  1263 1689 1819  738
 5  1621 1622 1641  739
 5  1621 3524  266  740
 5  3510  556 3516  741
 5  3510 1592 1593  742
 5  1429 3525 1538  743
 5  1429 3523 3519  744
 5  1625 1469 1582  745
 5  1625 3513 1540  746
 5  3514 1310 1491  747
 5  3514 1553 1311  748
 5  3379 3525 1509  749
 5  1616  691 1580  750
 5  1616 1497  689  751
 5  1486 1487 1398  752
 5  1486 1553 1421  753
 5  1250 1249 1520  754
 5  1250 1470 1248  755
 5  1503 1323 3515  756
 5  1503  261 1414  757
 5  1462 1391 1607  758
 5  1529 3382 1233  759
 5  3382 1529 1380  760
 5  1357 1358 1360  761
 5  1357  998 1000  762
 5   933 1296 1332  763
 5   933 1258 1216  764
 5  1360 1358 1359  765
 5  1179 1394 1357  766
 5  1216 1258 1214  767
 5  1104 1296  933  768
 5  1026 1319 1230  769
 5  1026 1025 1329  770
 5  3489 1245 1244  771
 5  3489 1098 1279  772
 5  3478 1238 3470  773
 5  3478 1128 1239  774
 5  1041 3470 1238  775
 5  3470 1372 1194  776
 5  1308  550  963  777
 5  1308 1121  551  778
 5  3485 1039 1041  779
 5  3485 3465 3455  780
 5   776  988  774  781
 5   776 1136  987  782
 5  1114  804  806  783
 5   804 3454  805  784
 5  3451 1033 1032  785
 5  3449  906  980  786
 5   906 3449  524  787
 5  3459 3461 1013  788
 5  3459 1119  794  789
 5  3394  928 1124  790
 5  3394 1089  929  791
 5  3448 3457  853  792
 5  3448 3458 1138  793
 5   903  905  948  794
 5   903 3437  904  795
 5  3389 1007 3424  796
 5  3389 3396 3388  797
 5   981  771 3397  798
 5   771  773 3433  799
 5  3424 1007 3438  800
 5  3424 3425 3389  801
 5   971 1030 3438  802
 5   971  968  970  803
 5  3420 3419 3418  804
 5  3420  927 3421  805
 5  3418  925 3420  806
 5   925 3418  721  807
 5   655  938  822  808
 5   655  983  939  809
 5   994  993 1019  810
 5   993 3432 3421  811
 5  3434  922  921  812
 5   922 3434  766  813
 5   890 3408  677  814
 5  3408  890  748  815
 5   793  709  838  816
 5   765  922  766  817
 5   922  765 3404  818
 5   838  570  734  819
 5   838  709  817  820
 5   747 3408  748  821
 5  3427  513  899  822
 5    16 3400   15  823
 5   733  252  251  824
 5   784  627  855  825
 5   627  784  604  826
 5   812   37  678  827
 5   812  678  514  828
 5   259  613  612  829
 5   613   11  611  830
 5   899 3407 3427  831
 5  3427  811  513  832
 5   956 3412 3413  833
 5   700  889  873  834
 5   873  889 3433  835
 5  3433  889  676  836
 5  1287 1149 3480  837
 5  1287 3480  953  838
 5   953 3480 1220  839
 5  1936 1742 1836  840
 5  1836 1742 1663  841
 5  1663 1742 1744  842
 5  2494 1859 2493  843
 5  3567 2628 2120  844
 5  2522 2299 2175  845
 5  3567 2120 2119  846
 5  3567 2119 1719  847
 5  3567 1719 2243  848
 5  2107 2344 3564  849
 5  2672 2673 2923  850
 5  2957 2879 2923  851
 5  2212 2214 2671  852
 5  2212 2671 2670  853
 5  2212 2670 2919  854
 5  3575 1883 2895  855
 5  1884 3575 2924  856
 5  3366 3365 3367  857
 5  3366 3367 2356  858
 5  2955 2956 2838  859
 5  2955 2838 2860  860
 5  2955 2860  423  861
 5  3580 2883 2751  862
 5  3580 2751 2483  863
 5  2483 2751 2884  864
 5  2079 3013 3014  865
 5  2079 3014 2080  866
 5  2766 3022 3142  867
 5  2766 3142  291  868
 5   291 3142  141  869
 5  2079 1405  151  870
 5   151 1405  150  871
 5  3047 3108 3111  872
 5  3047 3111 2837  873
 5  3047 2837 3045  874
 5  2645 3081 3021  875
 5  3155 3119  643  876
 5   643 3119  650  877
 5  3303 3304 3301  878
 5  3301 3304 3172  879
 5  3589 3345 3342  880
 5  3270 3589 3588  881
 5  3351 3333 3336  882
 5  3351 3329 3357  883
 5  3321 3329 3351  884
 5  3321 1339 1770  885
 5   561  560 1340  886
 5   561 3341 3344  887
 5  3336 3333 3352  888
 5  3336 3335 3351  889
 5  3353 3297 3299  890
 5  3297 3353 1339  891
 5  3356 3335 3290  892
 5  3335 3356 3297  893
 5  3343 3282 3344  894
 5  3325 3354 3324  895
 5  3325 3291 3290  896
 5  2818  505 3309  897
 5   505  504 3308  898
 5  3317 3326 3323  899
 5  3326 3317 3590  900
 5  3348 3297 3356  901
 5  3297 3348 3298  902
 5  3290 3354 3325  903
 5  3309 2819 2818  904
 5  3309 3347 3310  905
 5  3318 3323 3322  906
 5  3317  684 3346  907
 5  3184 3338 3266  908
 5  3184 2813 3316  909
 5  3310 3346 2819  910
 5  3310 3590 3317  911
 5  3340 3338 3184  912
 5  3338 3340 3312  913
 5  3345 3343 3342  914
 5  3233 3232 3291  915
 5  3233 3323 3231  916
 5   602 3305 3330  917
 5   602  582 3306  918
 5  3308 3307 3347  919
 5  3308  935 3249  920
 5  3342 3341 1340  921
 5  3299 3589 3342  922
 5  3296 3298 3348  923
 5  3166 3313 3259  924
 5  3326 3590 3331  925
 5  3323 3318 3317  926
 5  3320 3306 3281  927
 5  3306 3320 3273  928
 5  3330 3315  602  929
 5  3330 3212 3312  930
 5  3331 3347 3307  931
 5  3331 3590 3310  932
 5  3314 3298 3296  933
 5  3314 3280 3589  934
 5  3232 3327 3260  935
 5  3327 3287 3286  936
 5  3269 3274 3273  937
 5  3166 3260 3261  938
 5  3232 3231 3327  939
 5  3302 3305 3273  940
 5  3302 2786 3212  941
 5  3312 3315 3330  942
 5  3315 3340 3316  943
 5  3588 3589 3280  944
 5  3319 3248 3162  945
 5  3319 3307 3249  946
 5  3137 2997 2999  947
 5  2997 2475 3256  948
 5  3299 3314 3589  949
 5  3280 3208 3284  950
 5   498 2128 2127  951
 5   498 3192 2998  952
 5  3276 3338 3312  953
 5  3276 3275  657  954
 5  3071 3311 3286  955
 5  3311 3261 3260  956
 5  3168 3296 3313  957
 5  3288 3165 3286  958
 5  3288 3332 3162  959
 5   499  486 3197  960
 5   497 3300 3253  961
 5  2723 3180 3240  962
 5  2723 2722 3241  963
 5  3292 3279 3296  964
 5  3292 3209 3208  965
 5   658 3275 3172  966
 5  3060 2787 3274  967
 5  2787 3060 2785  968
 5  3303 3301 3211  969
 5  3138 2995 3248  970
 5  2995 3138 2996  971
 5  3330 3302 3212  972
 5  2786 3303 3211  973
 5   642 3019  641  974
 5   642  213 2744  975
 5  3162 3332 3319  976
 5  2999 3193 3227  977
 5  2999 2998 3192  978
 5    72 3252   71  979
 5   498  497 3192  980
 5  3270 3345 3589  981
 5  3167 3213 3209  982
 5  3167 3261 3070  983
 5  3588 3280 3284  984
 5  3208 3210 3285  985
 5  3288 3162 3165  986
 5  3182 3158 3157  987
 5   698 3359  461  988
 5  3285 3210 3147  989
 5  3285 3284 3208  990
 5  3190 3189 3243  991
 5  3061 3060 3271  992
 5  2785 2488 3303  993
 5  3240 3114 3182  994
 5  3278 3257 3253  995
 5  3193 3192 3253  996
 5  3204 3262  697  997
 5  3228 3277 3145  998
 5   651 3255  208  999
 5   651  650 1312 1000
 5   480  474 3228 1001
 5  3144 3229  481 1002
 5  3194 3061 3246 1003
 5  3061 3271 3246 1004
 5  3093 3143 3017 1005
 5   643  210 3155 1006
 5  3137 3138 3249 1007
 5  2996 3227 2994 1008
 5  3092 3214 3213 1009
 5  3159 3085  579 1010
 5  3085 3159 3114 1011
 5  3160 3254 3243 1012
 5  3160 2995 2994 1013
 5  3147 3587 3186 1014
 5  3247 3146 2981 1015
 5  3284 3272 3268 1016
 5   461 3339  462 1017
 5  2487 3304 2488 1018
 5  2487 3200 3173 1019
 5  3258 3236 3158 1020
 5  3236 3238 3237 1021
 5  3069 3141 3070 1022
 5  3141 3069 3191 1023
 5  3202 3278  477 1024
 5  3227 3193 3257 1025
 5  3188 3174 3173 1026
 5  3101 3207 2571 1027
 5  3101 3198 3206 1028
 5  2489 3034 2487 1029
 5  2786 2785 3303 1030
 5   659  658 3181 1031
 5  3179 3263 3180 1032
 5   478  484  476 1033
 5  3017 3143 3277 1034
 5  3017  478 3093 1035
 5  2489 3194 3034 1036
 5  3194 3029 3133 1037
 5  3119 3121 3123 1038
 5  3243 3254 3226 1039
 5  3243 3161 3160 1040
 5  3154 3238 3236 1041
 5  3164 3226 2944 1042
 5  3226 3254 2994 1043
 5  3186 3587 3091 1044
 5  3186 2981 3147 1045
 5  3078 3077  577 1046
 5   579 3085 3087 1047
 5  2944 3125 3118 1048
 5  3125 2994 1945 1049
 5   441 3225 2942 1050
 5   441  440 1626 1051
 5  3091 3587 3214 1052
 5  3016 3204 3235 1053
 5  3277 3228 3203 1054
 5  3102  460  459 1055
 5  3103 3198 3101 1056
 5  3200 3033 3129 1057
 5  3033 2487 3034 1058
 5  1946 2915 3118 1059
 5  1946  476 3124 1060
 5  3359 3339  461 1061
 5  2815 3090 2816 1062
 5  3090 3141 3191 1063
 5  3065 3073 3163 1064
 5  3073 2814 2816 1065
 5  3115 3586 3187 1066
 5  2416 2022 2021 1067
 5  2416 2417 2875 1068
 5  3224 3204  697 1069
 5  3088 3175 3188 1070
 5  3585 3174 3586 1071
 5  3133 3034 3194 1072
 5  3029 3028 3134 1073
 5  3034 3133 3032 1074
 5  3246 3029 3194 1075
 5  3159  578 3258 1076
 5  3124 2915 1946 1077
 5  3171   90  427 1078
 5  3171 3130   89 1079
 5  2333 3583 2331 1080
 5  2333 3054 2073 1081
 5  3087 3086 2810 1082
 5  2811 3187 3175 1083
 5  3199 3149 3109 1084
 5  3199 3103 3150 1085
 5  2980 2982 2892 1086
 5  3360 3028 2980 1087
 5  3078  577 3116 1088
 5  3235 2681  483 1089
 5  2681 3235 3106 1090
 5  2892  544 2893 1091
 5  2982 2981 3186 1092
 5  3069 3230 3189 1093
 5  3191 2816 3090 1094
 5  2626 3136 2961 1095
 5  3136 2815 2814 1096
 5  3216  142  143 1097
 5   142 3216  291 1098
 5  3129 3188 3200 1099
 5  3129 3040 3088 1100
 5   542 3217 2815 1101
 5  2945 3185 3186 1102
 5  2417  652 2873 1103
 5   652  653 1313 1104
 5  3099  446 3150 1105
 5  3099  453  447 1106
 5  3170 2835 2942 1107
 5  3225 2966 3170 1108
 5  3134 3028 3025 1109
 5  3134 3133 3029 1110
 5  3118 2915 2914 1111
 5  3118 1945 1946 1112
 5   482 3235  483 1113
 5   483  466 3131 1114
 5  1313 3176 2873 1115
 5  1313 3178 3123 1116
 5  2943 3164 2944 1117
 5  3243 3226 3164 1118
 5  3081 3123 3122 1119
 5   143  144 3153 1120
 5   417 2888 3043 1121
 5   417   94   95 1122
 5   629 2875 2874 1123
 5  2875 2417 2873 1124
 5  2916 2946 2914 1125
 5  2916 2755 2754 1126
 5   298  299 2906 1127
 5   298  138  139 1128
 5  3122 3020 3021 1129
 5  3020 3078 3116 1130
 5  3150 3149 3199 1131
 5   446  445 3149 1132
 5  3584 3112 3105 1133
 5   430  434 3054 1134
 5   434  433 2074 1135
 5  2480 3089 3032 1136
 5  2480 2479 2979 1137
 5  2814 2961 3136 1138
 5  2961 2814 3072 1139
 5  3123 3176 1313 1140
 5  3122 3021 3081 1141
 5  3163 3190 3164 1142
 5  3190 3218 3191 1143
 5  2943 3066 3065 1144
 5  3066 2624 2993 1145
 5  2893  544  543 1146
 5   544 3185 2945 1147
 5  3106 3204 3224 1148
 5  3235  482 3016 1149
 5  3109 3149  445 1150
 5  3112 3245 3199 1151
 5  3219 3076 2949 1152
 5  3219 3087 2810 1153
 5   428  426 3064 1154
 5  3111 2835 2837 1155
 5  2835 3111 2941 1156
 5  3072 2993 2992 1157
 5  2993 2624 2854 1158
 5  2963 2626 2961 1159
 5   542 2815 3136 1160
 5  3039 2308 3015 1161
 5  2308 3039 3089 1162
 5   409  401  406 1163
 5   401  409  402 1164
 5  3067  102 2952 1165
 5  3067  402  101 1166
 5  2644 3176 3081 1167
 5  2644 2872 2873 1168
 5  2947 2903 2622 1169
 5  2903 2947 2754 1170
 5  3116 2948 3020 1171
 5  3116 3195 2949 1172
 5   630 2989  628 1173
 5  2989  630 2933 1174
 5  2914 3117 2943 1175
 5  3117 2914 2946 1176
 5  3185  544 2892 1177
 5  2894 3132 3025 1178
 5  2866 3113 3109 1179
 5  3361 2866 2569 1180
 5  2569 3128 3361 1181
 5  3105 3107 3584 1182
 5   447 3047 3046 1183
 5   447 3108 3047 1184
 5  3015 3040 3039 1185
 5  3015 2809 3088 1186
 5  2784  628 2989 1187
 5   628 3151  629 1188
 5   468  467 2940 1189
 5   467 2568 2570 1190
 5  2805 2167 2166 1191
 5  2167  601 3056 1192
 5  3052 2331 3583 1193
 5  3104 2463 3003 1194
 5  2463 1557 2970 1195
 5  2073 3583 2333 1196
 5  3096 3205 2937 1197
 5  2963 2962 3581 1198
 5  2962 2992 2854 1199
 5  1839 3023  433 1200
 5  1839 1841  429 1201
 5  3176 3123 3081 1202
 5  3021 2948 3084 1203
 5  3148 2872 2912 1204
 5  3148 2874 2873 1205
 5  2943 3065 3163 1206
 5  3117 2624 3066 1207
 5   433 3023 2074 1208
 5   433 2921 1839 1209
 5  2951 2307 2725 1210
 5  2804  601 2167 1211
 5  2805 2783 2784 1212
 5   468 2755 3131 1213
 5  2645 3084 2876 1214
 5  3068  131  132 1215
 5  2958 2949  625 1216
 5  2949 3195 3219 1217
 5  2479 2478 3025 1218
 5  2979 2978 2480 1219
 5  2904 2622 2903 1220
 5  2624 3117 2947 1221
 5   543 2625 2351 1222
 5   543  542 2626 1223
 5  2451  117 3127 1224
 5  2072 2862 3582 1225
 5  3083 3582 2862 1226
 5  3044 3051  413 1227
 5  3044 3043 3110 1228
 5  2978 3089 2480 1229
 5  2978 2882 2308 1230
 5  2072 3582 2073 1231
 5  2072 2074  424 1232
 5  2977  174  175 1233
 5   174 2977 2800 1234
 5   429 1841 2702 1235
 5   429 3023 1839 1236
 5  2988 2784 2989 1237
 5  2988  599  601 1238
 5  3048 2867  445 1239
 5  2865 2569 2866 1240
 5  2761 2788 2979 1241
 5  3009  583 3010 1242
 5   583 3009  584 1243
 5  2823 2907 2821 1244
 5  2823 2773  583 1245
 5  3218 3073 2816 1246
 5  3072 2992 2962 1247
 5  2685 3581 2962 1248
 5  2854 2623 2902 1249
 5  2754 2946 2916 1250
 5  2946 2947 3117 1251
 5  1773  185 2401 1252
 5  1773  564  184 1253
 5  2958  625  624 1254
 5   625 3076 2951 1255
 5  2948 2950 3084 1256
 5  2950 2958 2960 1257
 5   404  400  402 1258
 5   392  391  394 1259
 5   392  107  388 1260
 5  2352 2351 2844 1261
 5  2351 2893  543 1262
 5  2625 2864 2844 1263
 5  2864  491 2843 1264
 5  3042 3059 3043 1265
 5  3059 3042 2701 1266
 5  2933 2874 3148 1267
 5  2874  630  629 1268
 5  3094 2822 2821 1269
 5  3094 3097  588 1270
 5   414  412 2886 1271
 5   309 2777 2887 1272
 5   309 2900 2775 1273
 5  2503 3006 3045 1274
 5  2902 2685 2854 1275
 5  2685 2902 2686 1276
 5  3580 2309 2883 1277
 5  2883 2882 2878 1278
 5  2783 3151  628 1279
 5  2784 2804 2805 1280
 5  3074 2746 2925 1281
 5  2731 2953 2954 1282
 5  2549 2960 2959 1283
 5  2960 3084 2950 1284
 5  2733 2756 2953 1285
 5  2733 2732 2903 1286
 5  2963 3581 2864 1287
 5  3072 2962 2961 1288
 5  2373 2868 2701 1289
 5  2701 2869 3059 1290
 5  3068  304 2983 1291
 5  2983  353  352 1292
 5  2309 3580 2725 1293
 5  2307 2809 3015 1294
 5  2569 2865 3001 1295
 5  2865 2867 3048 1296
 5  3128 2569 2568 1297
 5  3106 3105 2681 1298
 5  2790 2979 2788 1299
 5  2790 2878 2882 1300
 5  2940 2570 2679 1301
 5   466 2568  467 1302
 5  3001 2692 2593 1303
 5  2692 3001 2865 1304
 5  2836 2840 2976 1305
 5  3000 2191 2842 1306
 5  3000 2444 2972 1307
 5  2927 2910  386 1308
 5  2926 3038 2577 1309
 5   305 3004  301 1310
 5   305  159  160 1311
 5  2912 2646 2876 1312
 5  2912 2911 3148 1313
 5   601 3097 3094 1314
 5   601 2804 2988 1315
 5  1854 2876 2549 1316
 5  2876 2646 2645 1317
 5  2806  295 2905 1318
 5  2806 2820 2662 1319
 5   576  575 3055 1320
 5  2843  491  490 1321
 5   491 3581 2685 1322
 5  3579 2629 2760 1323
 5  2964 2630 3579 1324
 5  2838 2956 2839 1325
 5  2546 2548 3058 1326
 5  2546 2774 2547 1327
 5   413 3051  414 1328
 5   413 2891 3044 1329
 5   423 2860 2072 1330
 5   423 3024 2955 1331
 5  3005 2865 3048 1332
 5  3005 2502 2692 1333
 5  2724 2725 3580 1334
 5  2724 2482 2850 1335
 5  2886  407 2885 1336
 5  2891 2674 2509 1337
 5  2845 2591 2590 1338
 5  2591 2845 2843 1339
 5  2918 2446 2445 1340
 5  2446 1557 2444 1341
 5   290 3018 3095 1342
 5  3018 2764 2766 1343
 5   624  623 2724 1344
 5   624 2959 2958 1345
 5  2732 2472 2471 1346
 5  2472 2732 2731 1347
 5  2974 2975 2501 1348
 5  2974 2840 2839 1349
 5  2885  407  401 1350
 5  2885 2803 2886 1351
 5   367 2219 2848 1352
 5  2218  356 2656 1353
 5  2631 2590 2794 1354
 5  2590 2631 2630 1355
 5  2610 2686 2611 1356
 5  2611 2902 2901 1357
 5  3367 2731 2954 1358
 5  2731 3367 2472 1359
 5   761 2720  708 1360
 5   761 2496 2495 1361
 5  2445 2444 3000 1362
 5  2543 2878 2789 1363
 5  2543 2542 2750 1364
 5  2804 2784 2988 1365
 5  2904 2471 2901 1366
 5  2733 2903 2754 1367
 5  2611 2686 2902 1368
 5  2611 2901 2696 1369
 5  2556 2555 2881 1370
 5  2556 2798 2729 1371
 5  2844 2843 2845 1372
 5  3581  491 2864 1373
 5  2738 2931  390 1374
 5  2738 2574 1450 1375
 5  2763 2760 2629 1376
 5  2760 2762 3579 1377
 5  2680 2679 2593 1378
 5  2569 3001 2570 1379
 5  2503 2502 3005 1380
 5  2795 2796 2381 1381
 5  2795 2788 2760 1382
 5  2863 2443 2919 1383
 5  2919 2920 2918 1384
 5  2110 2778 2545 1385
 5  2925 2746 2745 1386
 5  2925 1960 3075 1387
 5   489 2610 2277 1388
 5  2610 2612 2338 1389
 5  2483 2724 3580 1390
 5  3363 2375 3578 1391
 5  3363  422 2702 1392
 5  2567 2445 2829 1393
 5  2213 2212 2917 1394
 5  2442 2970 2920 1395
 5  2442 2741 3003 1396
 5  2619  347  349 1397
 5   347 2984  348 1398
 5  2802 2647 2769 1399
 5  2595 2776 2640 1400
 5  2595 3004 2777 1401
 5  2975 2839 2956 1402
 5  2840 2861 2838 1403
 5  2842 2190 2189 1404
 5  2829 3000 2842 1405
 5  2591  490 2808 1406
 5   490  489 2277 1407
 5  2445 2567 2917 1408
 5   381 2824 2826 1409
 5  2634 2820 2806 1410
 5  2634 2633 2792 1411
 5  2852 2797 2801 1412
 5  2860 2838 2861 1413
 5  2978 2790 2882 1414
 5  2878 2751 2883 1415
 5  2763  539  538 1416
 5  2189 2833 2842 1417
 5  2696 2473 2691 1418
 5  2473 2472 3365 1419
 5  3578 3573 2516 1420
 5  3573 3578 2375 1421
 5  2375 2374 3573 1422
 5  2374 2700 2507 1423
 5  2954 2678 2680 1424
 5  2733 2953 2731 1425
 5   393  395 1449 1426
 5  2674 2891  413 1427
 5  2630 2629 3579 1428
 5  2631 2794  539 1429
 5   600  599  608 1430
 5   600 3097  601 1431
 5  2884 2750 2690 1432
 5  2750 2542 2689 1433
 5  2940 2679 2678 1434
 5  2680 2357 2356 1435
 5  2578 2577 2604 1436
 5  2579 2910 2927 1437
 5  2551 2481 2552 1438
 5  2481 2884 2690 1439
 5  2572 2453 2573 1440
 5  2572 2737 2826 1441
 5  2692 2865 3005 1442
 5  2593 2679 3001 1443
 5  2850 2849 2913 1444
 5  2849 2305 2529 1445
 5  2780 2110 2545 1446
 5  2956  435 2841 1447
 5   538 2796 2763 1448
 5  2381 2789 2795 1449
 5  2529 2550 2913 1450
 5  2550 2643 1854 1451
 5  2771  586 3097 1452
 5  2771 2423 2588 1453
 5  2912 2876 1853 1454
 5  1854 2643 1852 1455
 5  2850  624 2724 1456
 5  2551 2305 2849 1457
 5  1885 1884  343 1458
 5  1884 1883 3575 1459
 5  2384 3573 2374 1460
 5  2507 2509 2382 1461
 5  2620 2746 2846 1462
 5  2620 2898 2745 1463
 5  2935 2710 2709 1464
 5  2929 2654 2604 1465
 5  2706 1979  328 1466
 5  1979 2706 2505 1467
 5  2495 2720  761 1468
 5  2720 2495 2721 1469
 5  2604 2654 2605 1470
 5   302 2596 2497 1471
 5  2563 2595 2640 1472
 5  2831 2473 3365 1473
 5   333  332  335 1474
 5   332  329  334 1475
 5   321 2730  315 1476
 5  2794 2683 2877 1477
 5  2683 2794 2684 1478
 5  2959 2850 2913 1479
 5  2950 2949 2958 1480
 5  2775 2897 2641 1481
 5  2592 2684 2590 1482
 5  2592 2276 3565 1483
 5  2807 2922  335 1484
 5  2922 2807 2880 1485
 5  2919 2918 2917 1486
 5   587 3010 2773 1487
 5  2770 2870 2774 1488
 5  2799 1979 2505 1489
 5  1979 2799 2798 1490
 5  3365 2472 3367 1491
 5  2277 2808  490 1492
 5  2277 2338 2275 1493
 5  2603 2520 2359 1494
 5  2721 2265 2267 1495
 5  3363 3578 3024 1496
 5  2930 2574 2573 1497
 5  1450  395 2931 1498
 5  2676 2677 2774 1499
 5  2676 2426  594 1500
 5  2769 2675 2802 1501
 5  2338 2612 2339 1502
 5  2612 2611 2696 1503
 5  2497 2496  302 1504
 5  2782 2265 2495 1505
 5  2648 2647 2802 1506
 5  2647 2649 2428 1507
 5   609 2311 2313 1508
 5  2311 1852 2312 1509
 5  2690 2552 2481 1510
 5  2789 2788 2795 1511
 5  2751 2878 2543 1512
 5  2590 2630 2845 1513
 5  2591 2808 2592 1514
 5  2895 2781 2780 1515
 5  2781 1883 1885 1516
 5  2691 2831 2131 1517
 5  2831 3364 2132 1518
 5  2675 2382 2509 1519
 5  2382 2668 2383 1520
 5  2714 2857 2267 1521
 5  2901 2623 2904 1522
 5  2696 2691 2339 1523
 5  2824 2579 2825 1524
 5  2695 2594 3007 1525
 5  2695 2694 2358 1526
 5  2670 2581 2863 1527
 5  2877 2683 2739 1528
 5  2632 2747 2793 1529
 5  2632 2639 2528 1530
 5  2640 2776 2641 1531
 5   436 2955 3024 1532
 5   436 2517  437 1533
 5  2312 3574 2313 1534
 5  2312 2643 2531 1535
 5  2748 2528 2749 1536
 5  2528 2748 2747 1537
 5  2863 2581 2583 1538
 5  2863 2919 2670 1539
 5  2529 2913 2849 1540
 5  2529 2305 2149 1541
 5   593 2398 2544 1542
 5  2398  593 2399 1543
 5  2691 2407 2339 1544
 5  2214 2213 2178 1545
 5  2214 2734 2671 1546
 5   610 2423 2771 1547
 5   610  609 2735 1548
 5  2714 2858 2716 1549
 5  2705 2857 2714 1550
 5  2380 2542 2381 1551
 5  2380 2753 2689 1552
 5  2499 2841 2657 1553
 5   435 2955  436 1554
 5  2551 2849 2482 1555
 5  2913 2549 2959 1556
 5  2466 2663 2793 1557
 5  2466 2586 2618 1558
 5  2453 2826 2825 1559
 5  2439 2435 2621 1560
 5  2594 2593 2692 1561
 5  3007 2693 2695 1562
 5  3565 2684 2592 1563
 5  2276 2275 2477 1564
 5  2534 2533 2655 1565
 5  2655 2094  377 1566
 5  3569 2523 3571 1567
 5  2531 3574 2312 1568
 5  3574 2531 2530 1569
 5  2558 1884 2924 1570
 5  2132 2131 2831 1571
 5  2954 2680 2356 1572
 5  2356 2358 3366 1573
 5  2727 2833 2832 1574
 5  2727 2664 2830 1575
 5  2400 2561 2895 1576
 5  2561 2400 2399 1577
 5  2827 2828 2749 1578
 5  2827 2441 2863 1579
 5  2793 2467 2466 1580
 5  2467 2793 2335 1581
 5  3569 3368 3577 1582
 5  2689 2542 2380 1583
 5  2689 2690 2750 1584
 5  2421 2922 2880 1585
 5   606 2381 2796 1586
 5   538  537  607 1587
 5  2338 2337 2275 1588
 5  2337 2459 2476 1589
 5  2782 2565 2103 1590
 5  2672 2923 2924 1591
 5  2254 3362 2561 1592
 5  2552 2690 2378 1593
 5  2483 2884 2481 1594
 5   437 2517 2183 1595
 5  2517 2512 2511 1596
 5  2718 2384 2383 1597
 5  2832 2699 2727 1598
 5  2699 2726 2461 1599
 5  2749 2613 2748 1600
 5  2707 2616 2385 1601
 5  2616 2210 2553 1602
 5  2378 2271 2306 1603
 5  2271 2270 2150 1604
 5  2387 2235 2554 1605
 5  2742 2730 2387 1606
 5  3573 2384 2718 1607
 5  2227 2666 2575 1608
 5  2227 2153 3572 1609
 5  2717 2675 2769 1610
 5  2717 2668 2382 1611
 5  2174  357 2745 1612
 5  2174 2173  358 1613
 5  2386 2234 2385 1614
 5  2407 2131 2130 1615
 5  2272 2459 2337 1616
 5  2448 2360 2449 1617
 5  2360 2448 2361 1618
 5  3576 2359 2601 1619
 5  3576 2203 2360 1620
 5  2425 2871 2588 1621
 5  2425 2424 2580 1622
 5  2621 2226 2930 1623
 5  2226 2621 2154 1624
 5  2581 2669 2582 1625
 5  2828 2827 2863 1626
 5  2477 3565 2276 1627
 5  2477 2609 2608 1628
 5  2753  605 2688 1629
 5   605  607 2414 1630
 5  2658 3007 2500 1631
 5  2658 2541 2728 1632
 5  2532 2739 2321 1633
 5  2532 2414  607 1634
 5  2424 2735 2256 1635
 5  2735  609 2313 1636
 5  2095 2094 2627 1637
 5   358  357 2174 1638
 5  2684 3565 2682 1639
 5  2476 2275 2337 1640
 5  2476 2195 2609 1641
 5  2150 2270 1963 1642
 5  2150 2149 2306 1643
 5  2431 2665 2430 1644
 5  2431 2664 2727 1645
 5  1449 2575  393 1646
 5  1449 2930 2576 1647
 5  2512 2718 2383 1648
 5  2383 2668 2514 1649
 5  2285 2201 2716 1650
 5  2858 2267 2266 1651
 5  2606 2578 2604 1652
 5  2605  376 3570 1653
 5  2300 2465 2467 1654
 5  2465 2584 2586 1655
 5  2924 3575 2672 1656
 5  2414 2688  605 1657
 5   537 2739 2532 1658
 5   311 2642 2641 1659
 5  2834 2361 2448 1660
 5  2378 2752 2379 1661
 5  2752 2753 2687 1662
 5  2252 2562 2540 1663
 5  2562 2399 2220 1664
 5  2419 2418 3574 1665
 5  2418 2256 2313 1666
 5  2220 2399  593 1667
 5   592 2368 2168 1668
 5  2132 3364 3368 1669
 5  2132 3571 2130 1670
 5  3365 3364 2831 1671
 5  2557 2667 2427 1672
 5  2521 2557 3572 1673
 5  3572 2153 2521 1674
 5  2153 2226 2154 1675
 5   376 2653  377 1676
 5  2313 2256 2735 1677
 5  2313 3574 2418 1678
 5  2693 3007 2658 1679
 5  2357 2594 2695 1680
 5  2486 3570  376 1681
 5  3570 2436 2606 1682
 5  2284 2102 2597 1683
 5  2102 2266 2103 1684
 5  2440 2606 2436 1685
 5  2531 2643 2550 1686
 5  3574 2530 2419 1687
 5  2200 2415 2198 1688
 5  2415  548 2688 1689
 5  1512 2559 2615 1690
 5  2172 2745 2898 1691
 5  2459 2336 2195 1692
 5  2734 2791 2286 1693
 5  2657  437 2183 1694
 5  2975 2841 2499 1695
 5  2683 2682 2322 1696
 5  2682 2608 2355 1697
 5  2321 2198 2532 1698
 5  2321 2739 2322 1699
 5  2424 2255 2580 1700
 5  2255 2019 2018 1701
 5  2388  323 2389 1702
 5  2650 2871 2425 1703
 5  2650 2368 2426 1704
 5  2614 2300 2295 1705
 5  2300 2467 2335 1706
 5  2327 3568 2367 1707
 5  3568 2541 2498 1708
 5  2597 2104 2652 1709
 5  2103 2564 2104 1710
 5  2335 2747 2334 1711
 5  2793 2633 2632 1712
 5  2395 2957 2369 1713
 5  2464 2665 2461 1714
 5  2355 2322 2682 1715
 5  2355 2608 2353 1716
 5  2093 2095 2405 1717
 5  2306 2305 2551 1718
 5  2148 2419 2530 1719
 5  2688 2687 2753 1720
 5  2687  547 2379 1721
 5  2177 2179 2430 1722
 5  2177 2791 2178 1723
 5  2336 2272 2274 1724
 5  2828 2583 2637 1725
 5  2749  288 2527 1726
 5  2270 1970 1969 1727
 5  1970 2379  547 1728
 5  2208 2394 2393 1729
 5  2328 2319 2318 1730
 5  2319 2328 2327 1731
 5  2148 1962 2419 1732
 5  1962 1964 2420 1733
 5  2348 2181 2349 1734
 5  2181 2183 2511 1735
 5  2457 2458  310 1736
 5  2457 2389 2232 1737
 5  2456 2669 2734 1738
 5  2456 2455 2669 1739
 5  2252 2540 2539 1740
 5  2540 2220 2168 1741
 5  2566 2256 2418 1742
 5  2566 2017 2019 1743
 5  2435 2434 2154 1744
 5  2447 2204 2039 1745
 5  2173 2172 2559 1746
 5  2173 2095  358 1747
 5  2430 2600 2287 1748
 5  2600 2430 2316 1749
 5  2449 2202 2204 1750
 5  2202 2449 2203 1751
 5  2699 2832 2726 1752
 5  2689 2752 2378 1753
 5  2378 2306 2552 1754
 5  2183 2182 2657 1755
 5  2511 2349 2181 1756
 5  2516 3573 2718 1757
 5  2716 2858 2285 1758
 5  2201 3369 2202 1759
 5  2615 2614 2560 1760
 5  2465 2300 2614 1761
 5  2155 2154 2434 1762
 5  2293 2490 2492 1763
 5  2354 2320 2322 1764
 5  2354 2589 2263 1765
 5  1943 2194 2526 1766
 5  2194 2609 2195 1767
 5  2253 2673 2254 1768
 5  2253 3564 2370 1769
 5  2369 2673 2370 1770
 5  2254 2672 3362 1771
 5   548  547 2687 1772
 5  2688 2414 2415 1773
 5  2486  376  378 1774
 5  2223 2521 2155 1775
 5  2227 3572 2429 1776
 5  3571 2523 2406 1777
 5  2342 2433 2438 1778
 5  2433 2435 2440 1779
 5  2198 2321 2199 1780
 5   537 2532  607 1781
 5  2169 2580 2018 1782
 5  2169 2368 2650 1783
 5  2605 3570 2606 1784
 5  2393 2450 2208 1785
 5  2523 3569 2328 1786
 5  2318 1930 2163 1787
 5  2498 2367 3568 1788
 5  2498 2348 2504 1789
 5  2667 2668 2717 1790
 5  2667 2515 2514 1791
 5  2126 3566 3369 1792
 5  2002 2515 2377 1793
 5  2515 2002 2001 1794
 5  2209 2553 2210 1795
 5  3565 2608 2682 1796
 5  2739  537 2877 1797
 5  2525 1610 2199 1798
 5  1610 2525 2160 1799
 5  2119 2455 2454 1800
 5  1963 2269 1964 1801
 5  2269 1963 2270 1802
 5  3369 2264 2126 1803
 5  2264 2651 2125 1804
 5  2432 2290 2042 1805
 5  2432 2462 2039 1806
 5  2597 2651 2264 1807
 5  2285 2266 2102 1808
 5  2286 2340 2607 1809
 5  2051 2279 2281 1810
 5  2051 2600 2041 1811
 5  2652 2458 2231 1812
 5  2458 2652 2698 1813
 5  2422 2269 2270 1814
 5  2269 2422 1767 1815
 5  2295 2294 2560 1816
 5  2295 2301 2293 1817
 5  2162  546  548 1818
 5  2162 2259 1967 1819
 5  2371 2450 2393 1820
 5  2371 2370 3564 1821
 5  2175 2628 3567 1822
 5  2120 2628 2638 1823
 5  2406 2523 2318 1824
 5  2149 2530 2529 1825
 5  2420 2566 2418 1826
 5  2168 2538 2540 1827
 5  2168 2170 2186 1828
 5  2477 2476 2609 1829
 5  2193 2526 2194 1830
 5  2202 3369 3566 1831
 5  2365 2364 2524 1832
 5   325 2389  323 1833
 5   324 2553 2506 1834
 5  2303 2469 1964 1835
 5  2469 2017 2420 1836
 5  2287 2340 2286 1837
 5  2349 2513 2493 1838
 5  2511 2510 2513 1839
 5  2294 2293 2228 1840
 5  2293 2492 2299 1841
 5  2263 2589 2057 1842
 5  2589 2353 1943 1843
 5  2329 2693 2728 1844
 5  2694 2693 2329 1845
 5  2040 2039 2204 1846
 5  2348 2347 2504 1847
 5  2347 1861 2180 1848
 5  2039 2462 2447 1849
 5  2204 2205 2040 1850
 5  2125 2651 2231 1851
 5  2651 2597 2652 1852
 5  2296 2460 2230 1853
 5  2560 2614 2295 1854
 5  2353 2609 2194 1855
 5  2608 3565 2477 1856
 5  2199 1610 2259 1857
 5  2199 2321 2320 1858
 5  2392 2450 2346 1859
 5  2450 2392 2100 1860
 5  2107 2253 2539 1861
 5  2390 1978 2233 1862
 5  1978 2390  325 1863
 5  2433 2436 2438 1864
 5  2043 2042 2291 1865
 5  2464 2461 2432 1866
 5  2107 3564 2253 1867
 5  2539 2538 2108 1868
 5  2109 2108 2297 1869
 5  2108 2538 2186 1870
 5  2494 2001 2000 1871
 5  2000 2002 2223 1872
 5  2510 2515 2001 1873
 5  2233 2232 2390 1874
 5  2233 2288 2231 1875
 5  1943 2526 1944 1876
 5  2526 2193 2247 1877
 5  2752 2687 2379 1878
 5   547 2410 1969 1879
 5  2420 1964 2469 1880
 5  2019 2256 2566 1881
 5  2413 1956 2437 1882
 5  1929 2326 2180 1883
 5  2326 2366 2504 1884
 5  2263 2161 2160 1885
 5  2161 3370 2159 1886
 5  1719 1718 2243 1887
 5  1718 2215 2241 1888
 5  2410 2409 1969 1889
 5  1768 1767 2422 1890
 5  2615 2560 1512 1891
 5  1514 2405 2412 1892
 5  2038 2290 2039 1893
 5  2268 2152 2184 1894
 5  2152 2268 1767 1895
 5  2223 2155 2224 1896
 5  2225 2061 2060 1897
 5  2304 1880 2310 1898
 5  2304 2184 3561 1899
 5  2342 2157 2224 1900
 5  2342 2438 2239 1901
 5  2018 2185 2170 1902
 5  2185 1881 2222 1903
 5  1922 2341 2051 1904
 5  1922 1921 2340 1905
 5  2058 1942 2261 1906
 5  1942 1944 2260 1907
 5  2041 2279 2051 1908
 5  2041 2043 2046 1909
 5  1967 2259 1612 1910
 5  2259 2200 2199 1911
 5  2125 1842  661 1912
 5  2597 2264 2284 1913
 5  2438 2437 2092 1914
 5  2239 2156 2157 1915
 5  2091 2376 2239 1916
 5  2091 1958 2008 1917
 5  2193 2403 2247 1918
 5  2403 2365 2249 1919
 5  2504 2367 2498 1920
 5  2504 2180 2326 1921
 5   370 1957  371 1922
 5   370  372 2063 1923
 5  2258  546 1967 1924
 5  2415 2162  548 1925
 5  2163 1930 1932 1926
 5  2391  325  324 1927
 5  1978 2101 1976 1928
 5  2310 2017 2469 1929
 5  1964 2269 2268 1930
 5  2314 2205 2315 1931
 5  2164  456 2292 1932
 5   456 2164 1932 1933
 5  1882 1881 2185 1934
 5  1882 2310 1880 1935
 5  3563 2228 2522 1936
 5  2228 3563 2229 1937
 5  2176 2243 2242 1938
 5  2175 1749 2522 1939
 5  1957  370 2165 1940
 5  2302  294  293 1941
 5  2302 2229 3563 1942
 5  1612 1611 2134 1943
 5  1611 2160 2159 1944
 5  3561 1880 2304 1945
 5  3561 2184  632 1946
 5  2197 2260 1944 1947
 5  2260 2197 2066 1948
 5  2296 2246 2064 1949
 5  2246 2296 2229 1950
 5  1766 1975 1974 1951
 5  1975 1766 1768 1952
 5  2353 2589 2354 1953
 5  2058 3370 2161 1954
 5  2230 2229 2296 1955
 5  2230 2294 2228 1956
 5  1831 1830 2136 1957
 5  1830 2135 2159 1958
 5  2291 2112 2046 1959
 5  2291 2290 2038 1960
 5  2292 2053 2248 1961
 5  2053 2292  455 1962
 5  2180 2504 2347 1963
 5  2180 1861 1860 1964
 5  2524 2250 2249 1965
 5  2317 2164 2524 1966
 5  2283 2035 2314 1967
 5  2114 2280 2279 1968
 5  2278 2281 2280 1969
 5  2392 2346 2345 1970
 5  2345 2344 1991 1971
 5  2249 2365 2524 1972
 5  2249 2196 2247 1973
 5  2263 2525 2320 1974
 5  2135 1611 2159 1975
 5  2143 2258 1967 1976
 5  2258 2408 2410 1977
 5  2143 1968 3562 1978
 5  1968 1612 2134 1979
 5  2241 2243 1718 1980
 5  2241 2215 2245 1981
 5  2109 2297 2402 1982
 5  2539 2108 2107 1983
 5  2325 2138 2216 1984
 5  1920 1717 1921 1985
 5  1993 2100 2392 1986
 5  1717 2215 1718 1987
 5  2046 2114 2279 1988
 5  2114 2046 2045 1989
 5  2409 2422 1969 1990
 5  2268 2303 1964 1991
 5  2112 2298 2187 1992
 5  2408 1973 1975 1993
 5   546 2410  547 1994
 5  2402  307 1989 1995
 5   307 2402 2221 1996
 5  2297 2222 2221 1997
 5  3370 2136 1830 1998
 5  3370 2058 2137 1999
 5  2090 1829 1709 2000
 5  1829 2090 2135 2001
 5  2248 2053 2055 2002
 5  2248 2250 2292 2003
 5  2206 2494 2000 2004
 5  2206 1859 2494 2005
 5  2184 2303 2268 2006
 5  3561  632 3371 2007
 5  2048 2140 2064 2008
 5  2064 2140 2062 2009
 5  1931 2366 2326 2010
 5  1929 2071 1927 2011
 5  2470 1880 3561 2012
 5  2469 2304 2310 2013
 5  2099 2165 2062 2014
 5  2165 1958 1957 2015
 5  2045 2044 2037 2016
 5  2044 2112 2187 2017
 5  1997 2034 1996 2018
 5  2034 2282 3559 2019
 5  1952 2083 2133 2020
 5  2083 1952 2470 2021
 5  2164 2250 2524 2022
 5  1932 1931 1928 2023
 5  1750 2242 2330 2024
 5  2058 2261 2137 2025
 5  2261 2260 2262 2026
 5  2262 1536 2024 2027
 5  1536 2262 1537 2028
 5  2156 2343 2061 2029
 5  2156 2376 1999 2030
 5  2025 2024 1536 2031
 5  2024 2137 2262 2032
 5  2196 2197 2247 2033
 5  2260 2066 1537 2034
 5   306 1989  307 2035
 5  1989 1991 2402 2036
 5  1987 1986 2187 2037
 5  2187 1986 2037 2038
 5  2084 2470 3561 2039
 5  2470 2084 2083 2040
 5  2035 1997 2187 2041
 5  2035 2283 2034 2042
 5  2180 1860 2071 2043
 5  1915 1992 1916 2044
 5  2460 2296 2171 2045
 5   371 1514  372 2046
 5  1977 2288 2233 2047
 5  2288 1843 1842 2048
 5  3563 2522 1749 2049
 5   293 2246 2302 2050
 5  2240 3562 1968 2051
 5  2240 2028 1919 2052
 5  2134 2240 1968 2053
 5  1610 2160 1611 2054
 5  1971 2143 3562 2055
 5  1971 2087 1972 2056
 5  2068 1859 2206 2057
 5  2067 2071 1860 2058
 5  2315  660 2283 2059
 5  3559 1996 2034 2060
 5  2064 2063 2296 2061
 5  2070 2086 1927 2062
 5  2070 2067 1934 2063
 5  2325 2216 1920 2064
 5  2216 2211 2244 2065
 5  2088 1725 2054 2066
 5  1725 2088 1726 2067
 5  2113 2045 2037 2068
 5  2280 2114 1653 2069
 5  2282 3560 3559 2070
 5  3560 1913 2050 2071
 5  2278 2139 2138 2072
 5  2083 2082 2004 2073
 5  2082 1925 1924 2074
 5  1838  454 2085 2075
 5   454 1928 1927 2076
 5  1999 1998 2343 2077
 5  1965 1972 2087 2078
 5  1973 2143 1971 2079
 5  1829 2135 1830 2080
 5  1829 1831 2013 2081
 5  1827 2055 2054 2082
 5  2055 2196 2248 2083
 5  2099 2009 2008 2084
 5  2009 2251 1999 2085
 5  1973 2408 2258 2086
 5  3562 1919 1971 2087
 5  2330 2241 2245 2088
 5  1750 1749 2176 2089
 5   633 1974 2151 2090
 5  1767 1766 2152 2091
 5  1916 1985 1984 2092
 5  1985 1916 2106 2093
 5  1991 2109 2402 2094
 5  2221 1953 2133 2095
 5  2090 2028 2240 2096
 5  3370 1830 2159 2097
 5  1975 1973 1972 2098
 5  1975 1768 2408 2099
 5  2244 2211 1821 2100
 5  2215 1717 1920 2101
 5  2158 2207 1933 2102
 5  1928  456 1932 2103
 5  1927 2085  454 2104
 5  2033 1750 2330 2105
 5  2033 1806  292 2106
 5  1918 1966 2087 2107
 5  2292 2250 2164 2108
 5  1838 1726 2088 2109
 5  2142 1940 1939 2110
 5  1940 2142 2085 2111
 5   632 2152  633 2112
 5  1933 3558 1934 2113
 5  3558 1933 1809 2114
 5  1927 2086 2085 2115
 5  2086 3556 1940 2116
 5  1730 2140 2048 2117
 5  2062  370 2063 2118
 5  1850 1876 1807 2119
 5  1876 1850 1851 2120
 5  2133 1953 1952 2121
 5  2133  308  307 2122
 5   293 1810 2048 2123
 5  2081 2151 2289 2124
 5  1910 2077 2139 2125
 5  2207 1808 1809 2126
 5  1808 2251 2115 2127
 5  2098  306  308 2128
 5  2106 1990 1989 2129
 5  1724 2141 1725 2130
 5  2008 2376 2091 2131
 5  2376 2008 1999 2132
 5  2023 2137 2024 2133
 5  2023 2025 2026 2134
 5  1938 1918 1917 2135
 5  1919 3562 2240 2136
 5  1535 1537 1827 2137
 5  1535 2056 2117 2138
 5  2010 2096 2011 2139
 5  2096 2010 1988 2140
 5  1961 1806 2144 2141
 5  1996 3559 2007 2142
 5  2283 2282 2034 2143
 5  1709 1829 1708 2144
 5  1974 1965 2289 2145
 5  1965 2087 1966 2146
 5  1726 1838 2142 2147
 5   455 2088 2053 2148
 5  1657 1659 3553 2149
 5  2099 1730 1732 2150
 5  1730 2048 1731 2151
 5  3561 3371 2084 2152
 5  2124 2141 2116 2153
 5  2141 2124 1725 2154
 5  2323 1977 1976 2155
 5  2004 1954 2133 2156
 5  2004 1924 1955 2157
 5  1934 3556 2070 2158
 5  1934 3558  360 2159
 5  1654 2012 2030 2160
 5  1654 1653 2113 2161
 5  1911 1910 2139 2162
 5  1911 1653 1652 2163
 5  1907 2007 1816 2164
 5  2007 3559 3560 2165
 5  3556 2086 2070 2166
 5  2068 1860 1859 2167
 5   361 3558 1809 2168
 5  3558  361  360 2169
 5  2050 1815 1816 2170
 5  2055 2066 2196 2171
 5  2262 2137 2261 2172
 5  1878 3554 1879 2173
 5  1985 2097  571 2174
 5  2097 2098  572 2175
 5  2011 2036 2010 2176
 5  2036 2011 2012 2177
 5  2105 2098  308 2178
 5  2098 2105  572 2179
 5  1805 1807 1876 2180
 5  1807 1806 2033 2181
 5  2054 1725 2124 2182
 5  2054 2053 2088 2183
 5  1679 1955 1995 2184
 5  1955 1924 2005 2185
 5  1748 3556  360 2186
 5  1748 1747 1940 2187
 5  3555 1983 3549 2188
 5  1912 1914 1984 2189
 5  1646 2115 3557 2190
 5  2251 2009 1732 2191
 5   456 1928  454 2192
 5  1948 1966 1918 2193
 5  1938 3553 2027 2194
 5  1864 1863 2081 2195
 5  1863 2049 2005 2196
 5  1856 2289 1965 2197
 5  2010 2037 1986 2198
 5  2096 1988 1349 2199
 5  1822 1851 1823 2200
 5  1823 1850 2047 2201
 5  1658 1708 1951 2202
 5  1708 2013 2014 2203
 5  2030 1652 1654 2204
 5  2030  272  271 2205
 5  1891 1349 1988 2206
 5  2075 1909 1908 2207
 5  1926 2005 1924 2208
 5  1753 1752 3373 2209
 5  1888 2056 2065 2210
 5  1888 1887 1947 2211
 5  1947 2026 2025 2212
 5  2117 2056 1888 2213
 5  2013 2023 2026 2214
 5  2023 1831 2136 2215
 5  1949 1948 2027 2216
 5  1828 2116 2065 2217
 5  1827 2054 2124 2218
 5  1939 1813 1871 2219
 5  1879 3554 1804 2220
 5  1878 1877 1731 2221
 5  3553 1938 1657 2222
 5  3553 1659 1564 2223
 5  1954 1679 2105 2224
 5  2221 2133  307 2225
 5  2029 1812 1811 2226
 5   573  572 1678 2227
 5  1678 2105 1679 2228
 5  1808 2207 1998 2229
 5  1933 1935 2158 2230
 5  1647 3552 1895 2231
 5  3552 1647 1646 2232
 5  1886 2065 1941 2233
 5  2065 2056 1828 2234
 5  2015 2026 1947 2235
 5  2117 2025 1536 2236
 5  1726 2142 1939 2237
 5  1871 2069 1833 2238
 5   269  268 1729 2239
 5  1780 1779 3549 2240
 5  1815 3555 1779 2241
 5   360 3556 1934 2242
 5   360 1746 1748 2243
 5  2151  634  633 2244
 5  2289 1856 1864 2245
 5  1980 1982 3549 2246
 5  1980  573 1981 2247
 5  1855 1864 1856 2248
 5  1855 1633 1862 2249
 5  1940 3556 1748 2250
 5  1747 1814 1813 2251
 5  1890 2015 1947 2252
 5  2015 1890 1662 2253
 5  2116 1828 2124 2254
 5  2141 1833 1832 2255
 5  2016 1661 1950 2256
 5  2016 2015 1662 2257
 5  3372 2078 1753 2258
 5  3372 1822 2078 2259
 5  1798 2049 1862 2260
 5  2005 1926 1863 2261
 5  2144 1728 1804 2262
 5  1728 2144 1805 2263
 5  2006 1867 1866 2264
 5  2006 2005 2049 2265
 5  3549 1779 3555 2266
 5  1983  571 1980 2267
 5  1732 1731 1877 2268
 5  1832 2116 2141 2269
 5  2116 1832 1941 2270
 5  1907 1781 1908 2271
 5  1907 1816 1779 2272
 5  1575  269 1875 2273
 5  1575 1923  267 2274
 5   359 3551 3546 2275
 5  3551  359 1723 2276
 5  1799 3545 1632 2277
 5  1632 3545 1633 2278
 5  1804 1728 1727 2279
 5  1804 3554 2144 2280
 5  1872 3546 3551 2281
 5  1872  421 3541 2282
 5  1786 1900 3373 2283
 5  1923 1822 3372 2284
 5  3373 3372 1753 2285
 5  3373 1752 1787 2286
 5  1678  572 2105 2287
 5  1679 1995 1677 2288
 5  1896 1895 3552 2289
 5  1895 3551 1723 2290
 5  1812 2096 1349 2291
 5  1808 2115 1645 2292
 5  1645 1647 1723 2293
 5   271  270 1791 2294
 5  2075 1988 1987 2295
 5  2003 1906 1700 2296
 5  1906 1889 1887 2297
 5  1949 2027 3548 2298
 5  1565 1564 1950 2299
 5  1951 1659 1658 2300
 5  1864 2081 2289 2301
 5  1862 2049 1863 2302
 5  1950 1564 1659 2303
 5  1951 2014 2016 2304
 5  1781 1907 1779 2305
 5  1781 1780 1892 2306
 5  1905 1660 1662 2307
 5  1905 1801 1790 2308
 5  1876 1575 1875 2309
 5  1634 1937 1949 2310
 5  1857 1856 1966 2311
 5  1887 1886 1906 2312
 5  1947 2117 1888 2313
 5  2030 2029  272 2314
 5  3546 1814 1746 2315
 5  1939 1747 1813 2316
 5  1678 1677 1869 2317
 5  1677 1866 1793 2318
 5  1897 1435  274 2319
 5  1781 1893 2076 2320
 5  1908 1891 2075 2321
 5   573 1678 1869 2322
 5  2097  572  571 2323
 5  1495 1494 1690 2324
 5  1494 1870 1689 2325
 5  1648 1893 1892 2326
 5  1781 2076 1908 2327
 5  1434 1727 1561 2328
 5  1727 1729 3543 2329
 5  1798 1862 3545 2330
 5  2006 2049 1867 2331
 5  1795 1865 1797 2332
 5  1865 1793 1866 2333
 5  1846 3548 3542 2334
 5  1846 1634 1949 2335
 5  2013 2026 2014 2336
 5  1662 1661 2016 2337
 5  1670 1762 1761 2338
 5  1762 1817 1818 2339
 5   267 1640  268 2340
 5   267 1923 1900 2341
 5  1941 1848 1700 2342
 5  1848 1832 1834 2343
 5   274  273 1896 2344
 5   421 1873 1894 2345
 5  1873 3551 1895 2346
 5  2069 1495 1834 2347
 5  2069 1813 1493 2348
 5  1794 1759 3531 2349
 5  1794 1793 1865 2350
 5  1632 1845 1635 2351
 5  1634 1633 1937 2352
 5  1982 1981 1761 2353
 5  3549 1983 1980 2354
 5  1868 1981 1869 2355
 5  1981 1868 1761 2356
 5  1565 1950 1661 2357
 5  1564 1563 3553 2358
 5  1435 1434 1561 2359
 5  1728 1805 1875 2360
 5  1835 1834 1495 2361
 5  1835 1687 1701 2362
 5   273 1894 1896 2363
 5  1894  273 1777 2364
 5  1950 1951 2016 2365
 5  1661 1741 1783 2366
 5  1640  267 1900 2367
 5  1640 1786 1824 2368
 5  1866 1995 2006 2369
 5  1793 1869 1677 2370
 5  1648 1818 1649 2371
 5  1818 1760 1762 2372
 5  1844 3542 3548 2373
 5  1844 1784 1803 2374
 5  1707 1789 1686 2375
 5  1789 1639 2003 2376
 5   419 3544  420 2377
 5  3544  419 1777 2378
 5  1560 3539 1788 2379
 5  3539 1560 1562 2380
 5  1418 3538 1636 2381
 5  3538 1418 1420 2382
 5  1896 3552 1898 2383
 5  1740 1660 1790 2384
 5  1890 1905 1662 2385
 5  1632 1636 1799 2386
 5  1636 1796 1418 2387
 5  1348 1347 3550 2388
 5  1574 1820  420 2389
 5  1776 1788 3539 2390
 5  3536 1635 1845 2391
 5  1635 3536 1602 2392
 5  1700 1848 1701 2393
 5  1700 1886 1941 2394
 5  1752 1751 1791 2395
 5  1785 1824 1786 2396
 5  1801 2003 1639 2397
 5  1801 1889 1906 2398
 5  1495 1690 1835 2399
 5  1834 1833 2069 2400
 5  1433 1435 1897 2401
 5  1668 1669 1755 2402
 5  3542 1847 1846 2403
 5  3548 1563 1844 2404
 5  3551 1873 1872 2405
 5  3546 1746  359 2406
 5  1765 1344 1722 2407
 5  1344 1765 1721 2408
 5  1262 1689 1263 2409
 5  1689 1262 1690 2410
 5  1608 1790 1639 2411
 5  1608 1609 1740 2412
 5  3537 1764 1650 2413
 5  1764 3537 1721 2414
 5  1716 1347 2076 2415
 5  1716 1764 3550 2416
 5  1672 1817 1762 2417
 5  1817 1672 1778 2418
 5  1754 1902 1614 2419
 5  1902 1904 1722 2420
 5  1892 1760 1818 2421
 5  1780 3549 1982 2422
 5  1343 1722 1344 2423
 5  1722 1904 1874 2424
 5  1869 1981  573 2425
 5  1793 1792 1868 2426
 5  1670 1868 1792 2427
 5  1761 1760 1982 2428
 5  1904 1903 1811 2429
 5  1669  270 1903 2430
 5  1666 1901 3543 2431
 5  1901 1666 1782 2432
 5  3545 1799 1798 2433
 5  1846 1949 3548 2434
 5  1870 1493 3547 2435
 5  1814 3546 3547 2436
 5  1714 1783 1741 2437
 5  1714 1713 1784 2438
 5  1795 1797 3538 2439
 5  1797 1867 1798 2440
 5  1826 1825 1824 2441
 5  1826 1936 1836 2442
 5  1686 2003 1700 2443
 5  1686 1701 1687 2444
 5  1637 1707 1706 2445
 5  1707 1686 1705 2446
 5  1824 1785 1826 2447
 5  1787 1786 3373 2448
 5  1862 1633 3545 2449
 5  1799 3538 1797 2450
 5  1661 1660 1741 2451
 5  1740 1609 1712 2452
 5  1650 1649 1479 2453
 5  1649 1817 1778 2454
 5  1803 3542 1844 2455
 5  1894  419  421 2456
 5  3544 1777 1775 2457
 5  1546 1650 1479 2458
 5  1402 1721 3537 2459
 5   268 1640 1642 2460
 5  1573 3544 3533 2461
 5  3544 1573  420 2462
 5  1562 1782 1849 2463
 5  1782 1562 1901 2464
 5  3533 3544 1775 2465
 5  1705 1688 1534 2466
 5  1688 1687 1262 2467
 5  1756 1759 1795 2468
 5  3531 1792 1794 2469
 5  1666 3543 3540 2470
 5  1642 1641 1622 2471
 5  1641 1825 1837 2472
 5  1698 1665  265 2473
 5  1698 1697 1782 2474
 5  1879 1804 1434 2475
 5  1560 1435 1561 2476
 5  1848 1835 1701 2477
 5  1262 1534 1688 2478
 5  1642 1667 3540 2479
 5  1698 1666 1665 2480
 5  1847 3542 1803 2481
 5  1235 1602 3536 2482
 5  1819 1574 1383 2483
 5   421  420 3541 2484
 5  1894 1777  419 2485
 5  1847 1236 3536 2486
 5  1632 1634 1845 2487
 5  1776 3539 3376 2488
 5  1776 1775  275 2489
 5  1419 1418 1796 2490
 5  3538 1420 1795 2491
 5  1637 1706  494 2492
 5  1706 1705 1699 2493
 5  1836 1825 1826 2494
 5  1836 1663 1837 2495
 5  1354 1264 1263 2496
 5  1264 1534 1262 2497
 5  3534 1574 1573 2498
 5  1574 3534 1384 2499
 5  1576 1742 1936 2500
 5  1742 1576 1578 2501
 5  1849 1571 3376 2502
 5  1571 1849 1697 2503
 5  2003 1686 1789 2504
 5  1639 1638 1608 2505
 5  1796 1800 1419 2506
 5  1800 1601 3378 2507
 5  1670 1761 1868 2508
 5  1792 3531 1671 2509
 5  1551 1802 1733 2510
 5  1802 1784 1713 2511
 5  3375 1738 1774 2512
 5  1738 1737 3532 2513
 5  1480 1778 1704 2514
 5  1704 1672 1671 2515
 5  1620 1735 1597 2516
 5  1735 3531 1758 2517
 5  1671 3531 1735 2518
 5  1671 1670 1792 2519
 5  3377 1756 1420 2520
 5  1756 3377 1757 2521
 5  1342 1720 3529 2522
 5  1342 1527 1343 2523
 5  1754 1614 1651 2524
 5  1552 3528 1235 2525
 5  1552 1551 1711 2526
 5  1870 3541 1820 2527
 5  2069 1493 1495 2528
 5  1699 1705 1534 2529
 5  1892 1818 1648 2530
 5  1650 1764 1716 2531
 5  3540 1667 1666 2532
 5  1344 1720 1342 2533
 5  1902 1722 1614 2534
 5  1484 1483 1757 2535
 5  1483 1598 1597 2536
 5  1712 1609 3530 2537
 5  1283 1608 1638 2538
 5   266 3524  264 2539
 5   266 1665 1622 2540
 5  1621 1641 1837 2541
 5  1837 1663 1664 2542
 5  1758 1597 1735 2543
 5  1597 1758 1757 2544
 5  1402 3537 1546 2545
 5  1710 1733  531 2546
 5  1478 1599 1673 2547
 5  1478 1400 1479 2548
 5  1576 1936 1755 2549
 5  1742 1578 1682 2550
 5  1774 3376 3375 2551
 5  3376 3539 1849 2552
 5  1354 1382 1355 2553
 5  1382 1384 1763 2554
 5  3374 3530  532 2555
 5  3530 3374 1712 2556
 5  1318 1317 1527 2557
 5  1317 1651 1614 2558
 5  1480 1600 1599 2559
 5  1600 1619 1588 2560
 5  1775 1774 3532 2561
 5  1356 1532 1354 2562
 5  1532 1534 1264 2563
 5  1637  494  496 2564
 5  1737 1736 1693 2565
 5  1736 3381 1694 2566
 5  1484 1757 3377 2567
 5  1501 3378 1502 2568
 5   265 1696 1698 2569
 5   265  264 1432 2570
 5  1713 1733 1802 2571
 5  1713 1712 3374 2572
 5  1624 1594 3518 2573
 5  1594 1624 1623 2574
 5  1739 1595 1285 2575
 5  1595 1471  532 2576
 5  1664 1621 1837 2577
 5  1664 1510 3519 2578
 5  1482 1556 1310 2579
 5  1482 1484 1502 2580
 5  3378 1419 1800 2581
 5  1601 1605 1685 2582
 5  1824 1641 1640 2583
 5  1642 3540  268 2584
 5  1420 1419 3377 2585
 5  1866 1797 1865 2586
 5  1849 3539 1562 2587
 5  1697 1696 1572 2588
 5  1602 1601 1800 2589
 5  3538 1799 1636 2590
 5  1685 1605 1604 2591
 5  1685 3378 1601 2592
 5  1720 1402 1401 2593
 5  1720 1344 1721 2594
 5  1572 1695 1656 2595
 5  1572 1571 1697 2596
 5  1650 1546 3537 2597
 5  1400 1674 1401 2598
 5  1587 1673 1599 2599
 5  1673 3526 1674 2600
 5  1401 3529 1720 2601
 5  1401 1674 1584 2602
 5  1603 3516 1604 2603
 5  3516 1603 3527 2604
 5  1383 1574 1384 2605
 5  1263 1819 1383 2606
 5  1651 1577 1754 2607
 5  1316 1682 1578 2608
 5  1744 1511 1510 2609
 5  1511 1744 1743 2610
 5  1519 1518 1615 2611
 5  1518 1318 1525 2612
 5  1588 1619 1618 2613
 5  1588 1587 1599 2614
 5  1689 1870 1819 2615
 5  1573 3533 3534 2616
 5  1284  496  495 2617
 5   496 1638 1637 2618
 5  1619 1596 1618 2619
 5  1596 1598 3522 2620
 5  1643 1384 3534 2621
 5  1643 1548 1763 2622
 5  1620 1619 1600 2623
 5  1620 1597 1596 2624
 5  3381 1736 1738 2625
 5  3381 3375 1570 2626
 5  3532 1737 1644 2627
 5  3532 1774 1738 2628
 5  1355 3512 1680 2629
 5  1355 1763 1550 2630
 5  1629 1644 1737 2631
 5  1629 1548 1643 2632
 5  1733 1713 3374 2633
 5   531 1734 1710 2634
 5  1235 3536 1236 2635
 5  1235 3528 1605 2636
 5  1283 3530 1609 2637
 5  1789 1637 1639 2638
 5  1519 1682 1316 2639
 5  1651 1578 1577 2640
 5  1502 1556 1482 2641
 5  1502 3378 1685 2642
 5  3518  495  494 2643
 5  3518 1594 1567 2644
 5  1630 1526 3535 2645
 5  3529 1631 1630 2646
 5  1739 1285 1284 2647
 5  1285  532 3530 2648
 5  1803 1802 1234 2649
 5   690 3520 1739 2650
 5  1739 3520 1443 2651
 5  1318 3535 1525 2652
 5  1527 1342 3529 2653
 5   530 1378 1377 2654
 5  1378  530 1471 2655
 5  1656 1570 1572 2656
 5  1695 1432 1505 2657
 5  1615 1525 3521 2658
 5  1525 3535 1526 2659
 5  1649 1778 1479 2660
 5  1674 1400 1478 2661
 5  1253 1618 3522 2662
 5  1253 1252 3383 2663
 5  1644 1643 3534 2664
 5  1775 3532 3533 2665
 5  1674 3526 1584 2666
 5  3526 1703 1585 2667
 5  1745 1743 1681 2668
 5  1501 3377 1419 2669
 5  1758 3531 1759 2670
 5  1566  690 1739 2671
 5  1566  495 1567 2672
 5   532  531 3374 2673
 5  3530 1283 1285 2674
 5  1628 1681 1519 2675
 5  1681 1628 1683 2676
 5  1706 1699 1624 2677
 5  1594 1623 1582 2678
 5  1428 3523 1429 2679
 5  1428 1432  264 2680
 5  1541 1631 1584 2681
 5  1631 3529 1401 2682
 5  1684 1604 3516 2683
 5  1605 3528 1603 2684
 5  1510 1663 1744 2685
 5  3519 3524 1664 2686
 5  3524 3519 3523 2687
 5  1664 3524 1621 2688
 5  1606 1684 1337 2689
 5  1606 1491 1555 2690
 5  1539 1549 1548 2691
 5  1455 3512 1550 2692
 5  1593  557  556 2693
 5  1593 1377 1523 2694
 5  1743 1742 1682 2695
 5  1437 1439 1703 2696
 5  1437 3383 1438 2697
 5  1579 1509 1511 2698
 5  1509 3525 3519 2699
 5  3522 1618 1596 2700
 5  3522 1598 1309 2701
 5  1696 1695 1572 2702
 5  1776 3376 1774 2703
 5  1284  495 1566 2704
 5  1283 1638  496 2705
 5  1539 1583 1427 2706
 5  1583 1693 1452 2707
 5  3528 1552 1711 2708
 5  3516 3527 3510 2709
 5  1505 1432 1341 2710
 5  1505 1504 1656 2711
 5  1585 1703 1439 2712
 5  1585 1584 3526 2713
 5  1442 1376 1378 2714
 5  1376 1523 1377 2715
 5  1680 1582 1623 2716
 5  1383 1382 1354 2717
 5  1618 1586 1588 2718
 5  3522 1251 1253 2719
 5  1737 1693 1629 2720
 5  1738 3375 3381 2721
 5  1703 3526 1673 2722
 5  1587 1586 1437 2723
 5  1655 1504 3515 2724
 5  1504 1655 1656 2725
 5  1338 1337 1684 2726
 5  1338  558 1336 2727
 5  1743 1682 1681 2728
 5  1615 1589 1628 2729
 5   530 1734  531 2730
 5  1378 1471 1443 2731
 5  1311 1310 3514 2732
 5  1311 1251 3522 2733
 5  1483 1309 1598 2734
 5  1556 1491 1310 2735
 5  1544 1543 1542 2736
 5  1543 1474 1526 2737
 5  1461 1460 1568 2738
 5  1461 1467 1459 2739
 5  1474 3521 1525 2740
 5  1526 1541 1543 2741
 5  1607 1423 1422 2742
 5  1453 3517 1454 2743
 5  3517 1453 1426 2744
 5  1539 1427 1426 2745
 5  1427 1452 1451 2746
 5  1063  262 3380 2747
 5  1063 1062  974 2748
 5   691  690 1566 2749
 5   691 1567 1580 2750
 5  1579 1745 1683 2751
 5  1579 1511 1745 2752
 5  1592 1734  530 2753
 5  1523  557 1593 2754
 5  1694 1693 1736 2755
 5  1452 1490 1325 2756
 5  1062  972  974 2757
 5   972 3506  973 2758
 5  3521 1627 1589 2759
 5  3521 1474 1476 2760
 5  3512 1455 3513 2761
 5  1455 1550 1549 2762
 5  3506 1538 3511 2763
 5  1538 3525 3379 2764
 5  1442 1458 1464 2765
 5  1458 1591 1617 2766
 5  3519 3525 1429 2767
 5  3523  264 3524 2768
 5  1590 1628 1589 2769
 5  1511 1743 1745 2770
 5  1582 1680 1625 2771
 5  1356 1623 1533 2772
 5  1062 1341 1430 2773
 5   264 3523 1428 2774
 5  3513 1455 1454 2775
 5  3512 1625 1680 2776
 5  1589 1615 3521 2777
 5  1590 1683 1628 2778
 5  1583 1629 1693 2779
 5  1763 1384 1643 2780
 5  1451 1324 1410 2781
 5  1324 1451 1325 2782
 5  1491 1421 3514 2783
 5  1252 1251 1554 2784
 5  3522 1309 1311 2785
 5   689 3508 1617 2786
 5  3508  689 1497 2787
 5  3503 3517 1426 2788
 5  3517 3503 3500 2789
 5  1475 1481 1205 2790
 5  1481 1475 1544 2791
 5  1476 1627 3521 2792
 5  1476 1205 1204 2793
 5  1528 1233 1232 2794
 5  1233 1438 1231 2795
 5  1684 3516 1338 2796
 5  1685 1604 1555 2797
 5  1542 1715 1545 2798
 5  1542 1541 1584 2799
 5  1465 1617 3508 2800
 5  1617 1591  689 2801
 5  1393  558  557 2802
 5   556  558 1338 2803
 5  1739 1284 1566 2804
 5  1591 1443 3520 2805
 5  3383 1252 1231 2806
 5  3383 1586 1253 2807
 5  1695 1505 1656 2808
 5  1490 1655 3515 2809
 5  1414 1411 1324 2810
 5  1516 1485  557 2811
 5  1516 1524 1436 2812
 5  1204 1627 1476 2813
 5  1627 1204 1508 2814
 5  3507 1335 1334 2815
 5  1335 3507 1470 2816
 5  1448 1468 1446 2817
 5  1468 1540 1454 2818
 5  1591 3520  690 2819
 5   532 1285 1595 2820
 5  1335 1250 1498 2821
 5  1597 1757 1483 2822
 5  1554 1251 1311 2823
 5  1555 1684 1606 2824
 5  1310 1309 1482 2825
 5  1231 1613 1488 2826
 5  1613 1554 1397 2827
 5  1439 1438 3382 2828
 5  1703 1587 1437 2829
 5  1580 1568 1616 2830
 5  1568 1460  867 2831
 5  1452 1427 1583 2832
 5  1570 1655 3381 2833
 5  1538 3379 3511 2834
 5  1510 1509 3519 2835
 5  1567  495 3518 2836
 5  1517 1436 1373 2837
 5  1436 1524  797 2838
 5  1454 1540 3513 2839
 5  1454 3517 1446 2840
 5  1379 1545 1380 2841
 5  1545 1715 3382 2842
 5  1361 1396 1362 2843
 5  1361 1232 1489 2844
 5  1392 3509 1391 2845
 5  3509 1392  640 2846
 5  1453 1455 1549 2847
 5  1425 1417 3503 2848
 5  3508 1496 1521 2849
 5  1496  867  869 2850
 5  1448 1447 3386 2851
 5  3385 1448 3386 2852
 5  1416 3503 1417 2853
 5  3517 3500 1446 2854
 5  3380 1061 1063 2855
 5  1503 3515 3380 2856
 5  1465 1521 1522 2857
 5  1458 1617 1464 2858
 5  1205 1476 1475 2859
 5  1205 1481 1381 2860
 5  1410 1324 1411 2861
 5   556 1338 3516 2862
 5  1422 1491 1606 2863
 5  1508 1507 1445 2864
 5  1507 1204 1206 2865
 5  1452 1694 1490 2866
 5  1451 1425 1427 2867
 5  1065 1529 1528 2868
 5  3382 1715 1439 2869
 5  1414 1323 1503 2870
 5  1504 3380 3515 2871
 5  1500 1507 1444 2872
 5  1507 1500 1445 2873
 5  1398  639 1282 2874
 5  1398 1487  640 2875
 5  1554 1486 1397 2876
 5  1421 1553 3514 2877
 5  1524 1523 1376 2878
 5  1442 1464  797 2879
 5   869 1395 1259 2880
 5  1395  869  868 2881
 5  1463 1373 1375 2882
 5  1373 1463 1517 2883
 5   797 1464  798 2884
 5   797 1524 1442 2885
 5  1467 1540 1468 2886
 5  1469 1461 1569 2887
 5  1409 1379 1064 2888
 5  1542 1545 1544 2889
 5  3512 3513 1625 2890
 5  3506 3511 1530 2891
 5  3379 1248 1470 2892
 5  1520 1498 1250 2893
 5  1498 1520 1445 2894
 5   557 1523 1516 2895
 5  1485 1547 1393 2896
 5  1517 1485 1516 2897
 5  1524 1376 1442 2898
 5  1232 1231 1488 2899
 5  1252 1554 1613 2900
 5   973 1472 1531 2901
 5   973 3506 1530 2902
 5  1385 1387 1498 2903
 5  1385 1227 1386 2904
 5  1607 1422 1337 2905
 5   867 1616 1568 2906
 5   690  689 1591 2907
 5  1489 1488 1399 2908
 5  1489 1396 1361 2909
 5  1412 1301 1415 2910
 5  1301 1412 1302 2911
 5  1430 1538  972 2912
 5  1505 1341 1061 2913
 5  1507 1206 1444 2914
 5  1206 1205 1381 2915
 5  1521 1466  932 2916
 5  1497 1496 3508 2917
 5   263 1260  261 2918
 5  1260  263 1326 2919
 5   639 1267 1282 2920
 5  1267 1266 1125 2921
 5  1345 1492 1143 2922
 5  1492 1345 1346 2923
 5  1481 1544 1379 2924
 5  1381 1192 1191 2925
 5  1334 1473 1530 2926
 5  1473 1472  973 2927
 5  1486 1398 1397 2928
 5  1554 1553 1486 2929
 5  3505 1144 1143 2930
 5  1413 1261 1457 2931
 5  1261 1413 1260 2932
 5  1545 3382 1380 2933
 5  1529 1065 1380 2934
 5  1499 1406 1228 2935
 5  1406 1499 1444 2936
 5  1127 1126 3502 2937
 5  1127 1281 1125 2938
 5  1579 1249 1248 2939
 5  3511 3507 1530 2940
 5  1265 1299 3492 2941
 5  1265  638 1298 2942
 5  1000  999 1416 2943
 5   999  998 3504 2944
 5  3510 1593  556 2945
 5  1607 1337 1336 2946
 5  1457 1256 1300 2947
 5  1256 1457 1261 2948
 5  1330 1145 1375 2949
 5   867 1497 1616 2950
 5  1460 1459  868 2951
 5  3509 1423 1607 2952
 5  3504  998 1369 2953
 5  1364 1064 1066 2954
 5  1064 1380 1065 2955
 5  1391 3509 1607 2956
 5  1440 1350 1280 2957
 5  1350 1472 1278 2958
 5   262 1503 3380 2959
 5   974 1531  263 2960
 5  1506 1320 1407 2961
 5  1320 1506 1193 2962
 5  1451 1410 1425 2963
 5  1416 3500 3503 2964
 5  1125 3497 1293 2965
 5  1125 1282 1267 2966
 5   798 1522 1515 2967
 5  3508 1521 1465 2968
 5   999 3500 1416 2969
 5  1192 1364 3487 2970
 5  1364 1192 1409 2971
 5  1498 1387 1335 2972
 5  1387 1386 1333 2973
 5   869 1466 1496 2974
 5  1395  868 3501 2975
 5  1162 1440 1160 2976
 5  1440 1162 1326 2977
 5   261 1260 1413 2978
 5   638 1392 1346 2979
 5   640  639 1398 2980
 5  1531  974  973 2981
 5   263  262  974 2982
 5   932  934 1522 2983
 5   932 1259 1258 2984
 5  1375 1145 1463 2985
 5  1373  799 1374 2986
 5  1334 1530 3507 2987
 5  1276 1278 1473 2988
 5  1315 1314 3496 2989
 5  1314 1331 1275 2990
 5  1424 1415 1301 2991
 5  1424 1000 1416 2992
 5  3499 1369 1370 2993
 5  1208 1226 1228 2994
 5  1226 1386 1227 2995
 5  1538 3506  972 2996
 5   972 1062 1430 2997
 5  1454 1446 1468 2998
 5  1261 1161 1256 2999
 5  1161 1160 1305 3000
 5  1306 1254 1303 3001
 5  1306 1301 1300 3002
 5  1413 1457 1456 3003
 5  1477 1229 1066 3004
 5  1229 1230 3487 3005
 5   868  867 1460 3006
 5  3384 3501 3385 3007
 5   967 1275 1331 3008
 5  1275 1297 3496 3009
 5   638  640 1392 3010
 5  1298 1345 1315 3011
 5  1456 1302 1412 3012
 5  1456 1411 1414 3013
 5  1362 1389 1363 3014
 5  1389 1477 1066 3015
 5  1295 1199 3495 3016
 5  1227 1500 1499 3017
 5  1520 1590 1508 3018
 5  1515 1332 3495 3019
 5  1515 1522  934 3020
 5  1065 1363 1389 3021
 5  1528 1232 1361 3022
 5  1255 1300 1256 3023
 5  1300 1255 1307 3024
 5  1278 1276 1279 3025
 5  1473 1334 1276 3026
 5  1227 1445 1500 3027
 5  1444 1191 1506 3028
 5  1374 1198 1375 3029
 5  1198 1200 1330 3030
 5  1613 1397 1488 3031
 5  1399 1281 1489 3032
 5  1208 1228 1408 3033
 5  1228 1227 1499 3034
 5  1259 1466  869 3035
 5   933  932 1258 3036
 5  1362 1396 3502 3037
 5  1281 1396 1489 3038
 5  1408 1407 3490 3039
 5  1407 1320 1329 3040
 5  1431 3494 3493 3041
 5  3494 1431 3384 3042
 5  1290 1328 1291 3043
 5  1290 3496 3483 3044
 5  1506 1406 1444 3045
 5  1193 3487 1319 3046
 5  1531 1326  263 3047
 5  1414 1413 1456 3048
 5  3383 1231 1438 3049
 5  1363 1065 1528 3050
 5  1277 1334 1333 3051
 5  3487 1230 1319 3052
 5  1230 1056 1390 3053
 5  1244 3488 3489 3054
 5  3488 1244 1366 3055
 5  1357 1360 1179 3056
 5  1369  998 1357 3057
 5  1481 1379 1409 3058
 5  3487 1193 1192 3059
 5  1246 1388 1367 3060
 5  1370 1047 3494 3061
 5  1047 1370 1045 3062
 5  1143 1492 3505 3063
 5  1143 1331 1314 3064
 5  1440 1280 1321 3065
 5  1531 1350 1326 3066
 5  1298 1315 1292 3067
 5  1298  638 1346 3068
 5  1369 3499 3504 3069
 5  1416 1415 1424 3070
 5  1425 3503 1426 3071
 5  1282 1399 1398 3072
 5  1396 1127 3502 3073
 5  1331 1143 1145 3074
 5  1331 1330  967 3075
 5  1245 1277 1246 3076
 5  1333 1386 1388 3077
 5  1300 1302 1457 3078
 5  1257 1100 1255 3079
 5  1266 3492 3497 3080
 5  3492 1266 1265 3081
 5  1521  932 1522 3082
 5   933 1332  934 3083
 5  1279 1245 3489 3084
 5  1245 1279 1276 3085
 5  1198 3495 1199 3086
 5   798 1515  799 3087
 5  1209 1408 3490 3088
 5  1506 1407 1406 3089
 5   638 1265 1267 3090
 5  1487 1421 1423 3091
 5  1362 3502 1130 3092
 5  1528 1361 1363 3093
 5  1215 1214 3493 3094
 5  3501 1431 1395 3095
 5  1467 1448 1459 3096
 5  1431 3501 3384 3097
 5  1329 1320 1319 3098
 5  1329 1083 3490 3099
 5  1304 1217 1353 3100
 5  1217 1105 1107 3101
 5  1099 3486 3491 3102
 5  3491 3486  846 3103
 5  1272 1199 1295 3104
 5  1047 1046 1352 3105
 5  1046 1172 1165 3106
 5  1096 1321 1097 3107
 5  1321 1096 1242 3108
 5  3387 1207 1209 3109
 5  1207 1365 1367 3110
 5  1351 3494 1047 3111
 5  1351 1368 1105 3112
 5  3497 1294 1293 3113
 5  1294 3497 3492 3114
 5  1304 1216 1215 3115
 5  1104  933 1216 3116
 5  1477 1371 1057 3117
 5  1066 1065 1389 3118
 5  1305 1243 1101 3119
 5  1305 1160 1321 3120
 5  1130 1129 1371 3121
 5  1292 1299 1298 3122
 5  1315 3496 1290 3123
 5  1301 1359 1424 3124
 5  1300 1307 1306 3125
 5  1303 1254 1213 3126
 5  1303 1359 1306 3127
 5  1307 3491  846 3128
 5  3491 1255 1100 3129
 5  1057 1038 1055 3130
 5  1038 1057 1129 3131
 5  1314 1275 3496 3132
 5  1297 1170 3483 3133
 5  1358 1000 1424 3134
 5  3500  999 1446 3135
 5  1288 1291 1327 3136
 5  1291 1288 3492 3137
 5  1102 3477 1103 3138
 5  1102 1353 3473 3139
 5   966  549  551 3140
 5   549 1270  550 3141
 5  1101 1100 1257 3142
 5  3491 1307 1255 3143
 5  1280 1097 1321 3144
 5  1098 1132 1096 3145
 5  1045 1369 1394 3146
 5  1370 3384 3499 3147
 5  1287 1365 1207 3148
 5  1056 1055 1390 3149
 5  1055 1037 3481 3150
 5  1026 1329 1319 3151
 5  1024 1026 1390 3152
 5  1273 3477 1014 3153
 5  3477 1273 1103 3154
 5  1128 3498 1239 3155
 5  3498 1126 1293 3156
 5  1269 1239 1293 3157
 5  1269 1006 1237 3158
 5  1267  639  638 3159
 5  1299 1292 1291 3160
 5  1293 1239 3498 3161
 5  1266 3497 1125 3162
 5  1330 1375 1198 3163
 5   966 1297 1275 3164
 5  1367 1244 1246 3165
 5  1366  952 3484 3166
 5  1086 1085 3469 3167
 5  1085 3481 1037 3168
 5  3483 3496 1297 3169
 5  3483 1170 1169 3170
 5  1131 3489 3488 3171
 5  1334 1277 1276 3172
 5  1198 1374 3495 3173
 5  1199 1272 1270 3174
 5  1328 3476 1327 3175
 5  3476 1328 3483 3176
 5  1180 1360 1303 3177
 5  1171 1045 1394 3178
 5  1242 1241 1247 3179
 5  1241 1096 1132 3180
 5  1304 1104 1216 3181
 5  1215 3493 1105 3182
 5  3494 3384 1370 3183
 5  3493 1214 1431 3184
 5  1407 1329 3490 3185
 5  1083 1082 1147 3186
 5  1159  843 1158 3187
 5   843 1159 1122 3188
 5  3480 1149 1148 3189
 5  1149 3387 1286 3190
 5  1131 1218 1132 3191
 5  1218 1131 1219 3192
 5  1268 1289 1004 3193
 5  1289 1327 1167 3194
 5   844 3475  845 3195
 5   845 3475  995 3196
 5  1180 1203 1178 3197
 5  1203  997 1183 3198
 5  3493 3494 1351 3199
 5  1352 1165 1164 3200
 5  1107 1106 1212 3201
 5  1106 1368 1164 3202
 5  1294 3492 1288 3203
 5  1293 1126 1125 3204
 5  1025 1024 1082 3205
 5  1024 1084 3482 3206
 5  1388 1386 1226 3207
 5  1367 1365 1366 3208
 5   963 1271 1014 3209
 5  1110 3482 1111 3210
 5  3482 1110 1082 3211
 5  1105 1368 1106 3212
 5  1105 3493 1351 3213
 5  1209 3490 1286 3214
 5  1226 1208 1367 3215
 5  1270 1272 1271 3216
 5  1270 1200 1199 3217
 5  3481 1390 1055 3218
 5  1037 1036 1085 3219
 5  3478 1239 1238 3220
 5  1129 3478 1194 3221
 5  1057 1056 1477 3222
 5  1129 1128 3478 3223
 5  1369 1357 1394 3224
 5  1180 1179 1360 3225
 5  1104 1304 1102 3226
 5  1515  934 1332 3227
 5  1165 1352 1046 3228
 5  1165 1172 1182 3229
 5  3486 1099 1158 3230
 5   846  845 1213 3231
 5   858  943  856 3232
 5   858 1219 3484 3233
 5  3484 3488 1366 3234
 5  3484  952  942 3235
 5  1345 1143 1315 3236
 5  3483 1328 1290 3237
 5  1158  844 3486 3238
 5  1158 1070 1195 3239
 5  3473 3477 1102 3240
 5  1353 1107 3474 3241
 5  1315 1290 1292 3242
 5  1291 3492 1299 3243
 5  1101 1257 1305 3244
 5  1099 3491 1100 3245
 5  1177 1156 1168 3246
 5  1156 1116 1167 3247
 5  3468 3467 1078 3248
 5  3467 3468 1182 3249
 5  1237 1239 1269 3250
 5   551  550 1308 3251
 5  1200 1270  549 3252
 5  1286 3490 1083 3253
 5  1286 3387 1209 3254
 5  1210 1164 1166 3255
 5  1164 1368 1352 3256
 5  1274 1169 1120 3257
 5  1170  966  551 3258
 5  1221 1027 3471 3259
 5  1027 1221  857 3260
 5   845  997 1203 3261
 5  1307  846 1254 3262
 5  1112 1111 3446 3263
 5  1111 3482 1196 3264
 5  1107 1212 3474 3265
 5  1212 1211  775 3266
 5  1132 1218 1222 3267
 5  3489 1131 1098 3268
 5  1247 1241 1223 3269
 5  1247 1122 1243 3270
 5  1178 1171 1179 3271
 5  1178 1183 1182 3272
 5  1237 1041 1238 3273
 5  1014 1271 1273 3274
 5  3477 3473 1015 3275
 5  1148 1147 1110 3276
 5  3469  598  597 3277
 5  1225 1224 1032 3278
 5  1225 1123 1223 3279
 5  3484  942  858 3280
 5  3484 1131 3488 3281
 5  1167 1327 3476 3282
 5  1186 1289 1167 3283
 5  1181 1183  997 3284
 5  1181 3467 1182 3285
 5  1229 3487 1364 3286
 5  1390 3481 1024 3287
 5  1195 1070 1069 3288
 5  1070  843  842 3289
 5   841 1123 1225 3290
 5   841  843 1122 3291
 5  3479 1237 1006 3292
 5  3485 1041 3479 3293
 5  1155 1039 3455 3294
 5  1155 1040 1039 3295
 5  1084 3481 1085 3296
 5  3482 1082 1024 3297
 5  1359 1301 1306 3298
 5   844  846 3486 3299
 5  1015  774 1109 3300
 5   774 1015 3473 3301
 5   963  965 1308 3302
 5   963 1014 1016 3303
 5  3455 1039 3485 3304
 5  1078 3467 1142 3305
 5  1078 1077 3468 3306
 5   696 1322 1372 3307
 5  1372 1036 1194 3308
 5  1223 1222 3471 3309
 5  1218  857 1221 3310
 5  1170  551 1120 3311
 5  1120 1121 1197 3312
 5   856 1059 1027 3313
 5  1059  856 1174 3314
 5  1220 3480  975 3315
 5  1287 3387 1149 3316
 5   695  596  598 3317
 5   596 1189  597 3318
 5  3484 1219 1131 3319
 5  1367 1366 1244 3320
 5  1040 3470 1041 3321
 5  1194 1038 1129 3322
 5  3476 1168 1167 3323
 5  3476 3483 1169 3324
 5   617 3466  618 3325
 5  1012 1177 1010 3326
 5  1177 1168 1274 3327
 5  3474 3473 1353 3328
 5  3474  775  774 3329
 5  1242 1247 1243 3330
 5  1101 1159 1099 3331
 5  3472 1195 1069 3332
 5  3472  995 3475 3333
 5   943 1133 1135 3334
 5  1133  953 1220 3335
 5  1196 3482 1084 3336
 5  1196 3447 3446 3337
 5  3462 1074  964 3338
 5  1074 3462 1119 3339
 5  1178 1172 1171 3340
 5  1165 3468 1166 3341
 5  1110 1112 1148 3342
 5  3481 1084 1024 3343
 5  1114  806 1112 3344
 5  1114 1113 1022 3345
 5   997  996 1181 3346
 5   997  845  995 3347
 5  3471 1222 1221 3348
 5  3471 1027 1060 3349
 5  1075 1121 1308 3350
 5  1197  908 1058 3351
 5  1040  696 1372 3352
 5   696 1040  694 3353
 5   975 3480 1148 3354
 5   975  805 1134 3355
 5  3463  805 3454 3356
 5  3463 1054 1134 3357
 5   617 1153 3465 3358
 5  1294 1288 1268 3359
 5   618 1117 3464 3360
 5  1117 1012 1011 3361
 5   952 1365 1287 3362
 5   857 1219  858 3363
 5   512 1163 1076 3364
 5  1163 1240 1077 3365
 5  1224 1223 3471 3366
 5  1132 1222 1241 3367
 5   775 3474 1212 3368
 5  1211 1240 1049 3369
 5  1041 1237 3479 3370
 5  3478 3470 1194 3371
 5  1092 1109  988 3372
 5  1092  795 1108 3373
 5  1108 1016 1109 3374
 5  3477 1015 1014 3375
 5  3472 3475 1195 3376
 5   843 1070 1158 3377
 5   930  694 1155 3378
 5   694  930  929 3379
 5  1095 3451 1032 3380
 5  3451  745 1009 3381
 5  1274 1120 1197 3382
 5  1168 3476 1169 3383
 5  3391  287 3472 3384
 5  3391  285  287 3385
 5  1075 1197 1121 3386
 5   965  964 1074 3387
 5  1010  977 1011 3388
 5   977 1010  907 3389
 5  3447  597 1189 3390
 5   597 1086 3469 3391
 5  1069  842 3392 3392
 5  1176 1174 1053 3393
 5  1174  943 1135 3394
 5  1076 1081 1201 3395
 5  1081 1142 1202 3396
 5  1075  980  908 3397
 5   980 1119 3449 3398
 5  1166 1077 1240 3399
 5  1165 1182 3468 3400
 5  1080 3472  287 3401
 5  1195 3475  844 3402
 5  1135 1053 1174 3403
 5  1053 1135 1054 3404
 5  1004 1006 1268 3405
 5  3444  645  905 3406
 5  3444 3456 1152 3407
 5  1112 3446 1114 3408
 5  1147 1082 1110 3409
 5  1023 1022 1113 3410
 5  1022  804 1114 3411
 5  3461  794  796 3412
 5   795 1091  796 3413
 5  1091 1137  986 3414
 5  1087 1188 1035 3415
 5  1188 1190 1089 3416
 5  1140  286  285 3417
 5   286 1140 3460 3418
 5   774 3473 3474 3419
 5  1109 1016 1015 3420
 5  3453 1184 3454 3421
 5  1184 3453 1185 3422
 5  1011 3464 1117 3423
 5  1011  977  979 3424
 5  1113 1088  742 3425
 5  1088 3447 1087 3426
 5   987 1138 1093 3427
 5  1138 3458 1137 3428
 5   743 1087 1035 3429
 5   743  742 1088 3430
 5  1190 1189  596 3431
 5  1190  695  929 3432
 5  3471 1060 1095 3433
 5  1060 1151 1067 3434
 5  1012 1156 1177 3435
 5  1289 1186 1004 3436
 5  1080  995 3472 3437
 5  1080  287  286 3438
 5  1224 1095 1032 3439
 5  1095 1224 3471 3440
 5  1118  616 3464 3441
 5   616  646  617 3442
 5  3392 3390 3391 3443
 5  1079 3460 1202 3444
 5  3460 1079  286 3445
 5  3470 1040 1372 3446
 5  3469 1322  598 3447
 5  1153 3455 3465 3448
 5   963 1016  964 3449
 5   645 1152  646 3450
 5   646 1152  617 3451
 5   883 1202 3460 3452
 5  1202 1142 1079 3453
 5   775 1136  776 3454
 5   988 1093 1092 3455
 5   908  907 1058 3456
 5   907  526  977 3457
 5  1220  975 1134 3458
 5  3454 1184 3463 3459
 5  1240 1210 1166 3460
 5  1136 1211 1049 3461
 5  1067 1151 1068 3462
 5  1151 1059 1176 3463
 5  1142 1181  996 3464
 5  1077 1166 3468 3465
 5   842  841 1031 3466
 5  1101 1122 1159 3467
 5  1008  285 3390 3468
 5  1008 3388 1139 3469
 5   979 3464 1011 3470
 5  3464  979 1118 3471
 5  1142 3467 1181 3472
 5   996 1080 1079 3473
 5  1073  524 3440 3474
 5  3459 3449 1119 3475
 5   964 1108 3462 3476
 5  1074 1075  965 3477
 5   986  754 3461 3478
 5   961  755  754 3479
 5   744 1009  745 3480
 5  1009 1033 3451 3481
 5  1115  978  977 3482
 5  1115  525  865 3483
 5   945 1042 1185 3484
 5  1042 1054 1184 3485
 5  1274 1197 1058 3486
 5   906  526  907 3487
 5   851  853 3457 3488
 5   851 1029  852 3489
 5  1141 1140 1150 3490
 5  1150 1139 3388 3491
 5  1223 1123 1247 3492
 5  3447 1189 1087 3493
 5  1190  596  695 3494
 5  3441  960  962 3495
 5  3441 1137 3458 3496
 5  1136 1049 1048 3497
 5  1136  775 1211 3498
 5  1005 3466 3465 3499
 5  3465 3466  617 3500
 5   618 3464  616 3501
 5  1048 3457 1094 3502
 5  1048  511 3442 3503
 5   512  511 1049 3504
 5  3442 3457 1048 3505
 5  1049 1240 1163 3506
 5  1076 1201  924 3507
 5  1089  815 1090 3508
 5   929  928 3394 3509
 5  1141 1150  884 3510
 5  1141  883 3460 3511
 5   644  646 1118 3512
 5   644  948  645 3513
 5   872 3390 3392 3514
 5   872 3393 3445 3515
 5  1175 1068 1151 3516
 5  1176 1053 1043 3517
 5  3446 3447 1088 3518
 5  1111 1196 3446 3519
 5  1134  805 3463 3520
 5   942 1133  943 3521
 5  1043 1053 1042 3522
 5  1043  954 1175 3523
 5  1184 1054 3463 3524
 5  3454 1021 3453 3525
 5   924 1201  882 3526
 5   924  512 1076 3527
 5   510 3442  511 3528
 5   510 1029  851 3529
 5  3390  872  871 3530
 5   872 3392 3393 3531
 5  1093 1137 1091 3532
 5   795 3462 1108 3533
 5  1154 3456 3444 3534
 5   694 1040 1155 3535
 5  1124 1157  905 3536
 5  1157 1124  928 3537
 5  3450 1175  954 3538
 5   870 3438  871 3539
 5   870  704  703 3540
 5  1032 1031 1225 3541
 5  1067  745 3451 3542
 5   883  882 1201 3543
 5   882  772  923 3544
 5  1052  759 1023 3545
 5   759  758 3452 3546
 5  3461  754 1013 3547
 5  3461  796  986 3548
 5   525 1073 1072 3549
 5  1073 3440  861 3550
 5  1021 3454 1022 3551
 5  1023 1113  742 3552
 5   746 3439  807 3553
 5   746  745 1067 3554
 5  1079 1142  996 3555
 5  1068 3439  746 3556
 5  1068 1175 3450 3557
 5  1153 1152 3456 3558
 5  1154 3444 1157 3559
 5  1188 1089 1035 3560
 5  1189 1188 1087 3561
 5  3440 3449 3459 3562
 5   794 3461 3459 3563
 5   928  930 1154 3564
 5   696  695  598 3565
 5  1071 1118  982 3566
 5   982  979  978 3567
 5   982 1118  979 3568
 5   982  978  865 3569
 5   989  991 1019 3570
 5   989 1052  990 3571
 5   741 1052 1023 3572
 5  1052  741  990 3573
 5  1140 1141 3460 3574
 5  1081 1202 1201 3575
 5   741  743  912 3576
 5   912 1035 1090 3577
 5  3452 1021  759 3578
 5  3452  758  879 3579
 5   911 1017 1018 3580
 5  1017  911  931 3581
 5  3393  842 1031 3582
 5  3445  704  870 3583
 5   861 1013  756 3584
 5  1013 3440 3459 3585
 5   944  951  808 3586
 5   951  944  946 3587
 5   865  978 1115 3588
 5   524 1073  525 3589
 5   879  878 3452 3590
 5   878  946  945 3591
 5  1028  807 3439 3592
 5   807 1028  832 3593
 5  1185 3452  878 3594
 5  3452 3453 1021 3595
 5   774  988 1109 3596
 5  1091  795 1092 3597
 5  3458  960 3441 3598
 5   958 3458 3448 3599
 5  1051  525 1072 3600
 5   525 1051  865 3601
 5  1034  815  814 3602
 5  1034  931 1090 3603
 5   885  884 3423 3604
 5   884 1150 3396 3605
 5   755 1002  887 3606
 5  1002 3428  940 3607
 5   958  960 3458 3608
 5  3457 3442  851 3609
 5  3455 1153 3456 3610
 5  1152  645 3444 3611
 5   923  981 1029 3612
 5   981 3397  852 3613
 5   948  947  903 3614
 5   918 3437  903 3615
 5   701  873  773 3616
 5   700 3417  889 3617
 5  1001 3428 1002 3618
 5  1001  834  507 3619
 5  1007 3388 1008 3620
 5  1008 1139  285 3621
 5  3394 1124  813 3622
 5  1190  929 1089 3623
 5   937 3443  938 3624
 5   937  959  958 3625
 5   853  958 3448 3626
 5   958  853 3443 3627
 5   702  704 1009 3628
 5   702  859  968 3629
 5   804 1022 3454 3630
 5  3452 1185 3453 3631
 5   813 1124 1044 3632
 5  3439 1068 3450 3633
 5  1067 3451 1095 3634
 5   704 3445 1009 3635
 5   860  807  832 3636
 5   860  859  702 3637
 5  3398  938 3443 3638
 5   938 3398  822 3639
 5  1018  909 3422 3640
 5  1018  990  911 3641
 5   982  864  914 3642
 5   864  866  649 3643
 5  3433  773  873 3644
 5  3433 3397  771 3645
 5  3441  962  961 3646
 5   986  796 1091 3647
 5  1176 1043 1175 3648
 5   954 3435 3450 3649
 5   949 1071  914 3650
 5  1118  646  616 3651
 5  3438 1030 3424 3652
 5  3438  703  971 3653
 5  3449 3440  524 3654
 5  1137 3441  986 3655
 5   962  960  959 3656
 5  3448 1138 1094 3657
 5   686  914  913 3658
 5   914  686  949 3659
 5   699 3429  739 3660
 5  3429 3423 3395 3661
 5   863 1050  824 3662
 5  1050  863  862 3663
 5  3436 3395 3425 3664
 5  3436  891  739 3665
 5   597 3447 1196 3666
 5  1088 1114 3446 3667
 5   905  904 1124 3668
 5   905  645  948 3669
 5   886  887 1002 3670
 5   886 1003  862 3671
 5  3435  808  809 3672
 5   808  767  769 3673
 5   976  918  947 3674
 5   976  688  888 3675
 5   671  647  824 3676
 5   647  866 1051 3677
 5   701  885 3423 3678
 5  1141  884  881 3679
 5  1072  823 1051 3680
 5  1072  861  863 3681
 5   756  887  862 3682
 5   887  756  755 3683
 5   896  950 1034 3684
 5   814 1044  985 3685
 5   911  990  741 3686
 5  1017 1034  950 3687
 5   919  283  892 3688
 5   919  970  921 3689
 5   877  879  927 3690
 5   927  758  757 3691
 5   968  859  894 3692
 5   968  703  702 3693
 5  3425  920 3436 3694
 5   920 3424 1030 3695
 5   951  926  767 3696
 5   926  721  720 3697
 5  1020  993 3421 3698
 5   927  757 1020 3699
 5  1023  742  741 3700
 5  1021 1023  759 3701
 5   649 3430  913 3702
 5  3414  738  687 3703
 5   772  771  981 3704
 5   772  881  885 3705
 5  1051  823  647 3706
 5  1115  977  526 3707
 5   916 1050 1003 3708
 5   916  915  824 3709
 5   510  512  924 3710
 5   852 3443  853 3711
 5  3445  870  872 3712
 5  1008 3390  871 3713
 5   945 1185  878 3714
 5   954  944 3435 3715
 5   832  831  860 3716
 5   888  688  737 3717
 5   888  918  976 3718
 5  1019  991 3422 3719
 5   991  990 1018 3720
 5   830  832  809 3721
 5   830  680  831 3722
 5  1033 1009 3445 3723
 5   703 3438  870 3724
 5  3426  818  711 3725
 5   818 3426  847 3726
 5   949  644 1071 3727
 5   905 1157 3444 3728
 5  3395 3389 3425 3729
 5  3396 3423  884 3730
 5   985  897  896 3731
 5   959  834 1001 3732
 5   958 3443  937 3733
 5  3431  670  712 3734
 5   670  671  915 3735
 5   969  894  893 3736
 5   894  859  831 3737
 5   950  896  898 3738
 5  1017  931 1034 3739
 5   649  648 3430 3740
 5   649  866  647 3741
 5   687  913 3430 3742
 5   688  976  686 3743
 5   877  927 3420 3744
 5  3417  748  890 3745
 5   862  861  756 3746
 5   862 1003 1050 3747
 5  3443  852 3398 3748
 5   510  851 3442 3749
 5   282  892  283 3750
 5   892  891 3436 3751
 5   671  824  915 3752
 5   824  823  863 3753
 5  3441  961  986 3754
 5   861 3440 1013 3755
 5   739  891  874 3756
 5   739 3395 3436 3757
 5   955  721 3418 3758
 5   721  955  722 3759
 5   508  835  901 3760
 5   835  508  507 3761
 5  3437  918  917 3762
 5   918  903  947 3763
 5   921  969 3434 3764
 5   921  283  919 3765
 5  1028 3439 3435 3766
 5   809  769  830 3767
 5   744  807  860 3768
 5   831  680  893 3769
 5   909 1017  950 3770
 5  3422  991 1018 3771
 5   701 3423 3429 3772
 5   773  772  885 3773
 5   822  656  655 3774
 5  3399  675  822 3775
 5  1007  871 3438 3776
 5  1030  970  919 3777
 5   835  834  939 3778
 5   959 1001  962 3779
 5   874 3410  821 3780
 5   874  891  282 3781
 5   644  949  948 3782
 5   913  687  686 3783
 5   826  737  726 3784
 5   737  688  687 3785
 5   720  767  926 3786
 5   767  720  768 3787
 5   917  984 3437 3788
 5   917  825  847 3789
 5   705  840  682 3790
 5   893 3434  969 3791
 5   939  983  835 3792
 5   655  654  983 3793
 5   663  994 3422 3794
 5   994  663  876 3795
 5   507  506  750 3796
 5   506  820  819 3797
 5  3417  890  889 3798
 5   748  450  452 3799
 5   898  710  792 3800
 5   898  897  711 3801
 5   710  793  792 3802
 5   817  570  838 3803
 5   876  992  994 3804
 5   852 1029  981 3805
 5   994 1019 3422 3806
 5   757 1052  989 3807
 5   534 1003  535 3808
 5   535  886  940 3809
 5   877 3420  925 3810
 5   927 1020 3421 3811
 5   940 3428  507 3812
 5   535 1003  886 3813
 5   880  768  810 3814
 5   897  984 3426 3815
 5   814  985  896 3816
 5   837  827  826 3817
 5   827  816  847 3818
 5   701 3429  699 3819
 5   892 3436  920 3820
 5   970  969  921 3821
 5  1030  919  920 3822
 5   895  242  693 3823
 5   665  243  895 3824
 5   808 3435  944 3825
 5   769  768  681 3826
 5   915  712  670 3827
 5   731  916  534 3828
 5   951  767  808 3829
 5   951  877  925 3830
 5   957  722  955 3831
 5   840 3434  893 3832
 5   968  894  969 3833
 5   820  506  508 3834
 5   789  788  820 3835
 5   450 3411  821 3836
 5   821 3411  740 3837
 5  3399 3433  676 3838
 5   676  889  677 3839
 5   664  910  792 3840
 5   664 3422  909 3841
 5   656  675  899 3842
 5   675  677 3407 3843
 5   993  992 3432 3844
 5   792  910  898 3845
 5  1002  755  962 3846
 5   507  750  940 3847
 5   791  810  722 3848
 5  3431  714  833 3849
 5   714 3431  712 3850
 5   900  941  654 3851
 5   513  900  899 3852
 5  3407  899  675 3853
 5  3407  677 3408 3854
 5  3416  738 3414 3855
 5   670 3431 3415 3856
 5  3399 3398 3397 3857
 5   939  959  937 3858
 5   847  825  827 3859
 5   917 3426  984 3860
 5   680  682  840 3861
 5   681  830  769 3862
 5   681  768  880 3863
 5   681  829  682 3864
 5   693  876  895 3865
 5  3406  790  667 3866
 5   738 3416  727 3867
 5  3430 3415 3414 3868
 5  3417  700  699 3869
 5  3395  739 3429 3870
 5   535  751  533 3871
 5   751  819 3409 3872
 5   655  939  938 3873
 5   507 3428 1001 3874
 5   243  242  895 3875
 5   848  827  837 3876
 5   826  726  725 3877
 5  3427 3407  747 3878
 5   818  817  709 3879
 5   917  847 3426 3880
 5  3424  920 3425 3881
 5  3395 3423 3396 3882
 5  3405  803  282 3883
 5   863  823 1072 3884
 5   731  712  915 3885
 5   874  821  740 3886
 5  3410  803  802 3887
 5   810  720  722 3888
 5   830  681  680 3889
 5   705  682  706 3890
 5  3422  664  663 3891
 5  3419 3420 3421 3892
 5   727  728  725 3893
 5   727 3416  833 3894
 5  3409  819  788 3895
 5   833 3416 3415 3896
 5   833  728  727 3897
 5   714  713  752 3898
 5   713  763  854 3899
 5   940  886 1002 3900
 5   750  819  751 3901
 5   749  848  735 3902
 5   848  837  778 3903
 5   722  957  791 3904
 5   955 3418 3419 3905
 5   878  877  946 3906
 5   925  926  951 3907
 5  3411  748 3417 3908
 5   282  803 3410 3909
 5   282  284 3405 3910
 5   941  901  654 3911
 5   654  901  983 3912
 5   284  283  921 3913
 5   875 3412  992 3914
 5  3414 3415 3416 3915
 5   731  763  713 3916
 5   725  837  826 3917
 5   837  725  779 3918
 5   817  816  749 3919
 5   898  910  950 3920
 5  3412  875 3413 3921
 5   802  821 3410 3922
 5   802  777  451 3923
 5   533  731  534 3924
 5   854  752  713 3925
 5   801  803 3405 3926
 5   827  848  816 3927
 5   749  568  570 3928
 5   791  790  810 3929
 5  3411  450  748 3930
 5   282 3410  874 3931
 5   508  902  820 3932
 5   765  256 3404 3933
 5  3404  284  922 3934
 5   256  255 3404 3935
 5   801  718  717 3936
 5    21  237   20 3937
 5   237  724  715 3938
 5   785  238  732 3939
 5   469   34  493 3940
 5   666  668  235 3941
 5   666 3406  667 3942
 5   855    7  784 3943
 5     7  855    6 3944
 5   259  836  260 3945
 5   836  259  612 3946
 5   522  521  529 3947
 5   521    1  527 3948
 5   729  783  730 3949
 5   257  719  849 3950
 5   716   29   30 3951
 5   716  669   28 3952
 5    28  250   27 3953
 5   250  254  244 3954
 5   849  258  257 3955
 5   849 3401  451 3956
 5  3402  747  452 3957
 5   569  734  570 3958
 5   536    5  540 3959
 5   536  762    4 3960
 5   683  249  786 3961
 5   683   23   24 3962
 5   729  728  833 3963
 5   752  854  545 3964
 5   529  528 3409 3965
 5   523  789  787 3966
 5   611   12  736 3967
 5    12  611   11 3968
 5   545  541  729 3969
 5   545  762  536 3970
 5   778  735  848 3971
 5   778  836  612 3972
 5   829  880  790 3973
 5   957  956  828 3974
 5   515  787  789 3975
 5   715  770  247 3976
 5   673  780  674 3977
 5   780  673  762 3978
 5   763  731  533 3979
 5   241  692  242 3980
 5   828  781  247 3981
 5   451 3401  452 3982
 5   777  258  849 3983
 5   747 3407 3408 3984
 5   666  786 3406 3985
 5   733 3400  785 3986
 5   732  692  241 3987
 5   817  749  570 3988
 5   568  679  569 3989
 5   240  247  782 3990
 5   802  801  777 3991
 5   254  669  718 3992
 5   849  470 3401 3993
 5  3401  470 3402 3994
 5   284 3404 3405 3995
 5   777  801  717 3996
 5   258  717  800 3997
 5   492  811 3403 3998
 5   469 3403 3402 3999
 5  3401 3402  452 4000
 5   541  783  729 4001
 5   251   15 3400 4002
 5   785 3400   16 4003
 5   244  246   26 4004
 5    26  246   25 4005
 5  3398 3399  822 4006
 5  3397 3398  852 4007
 5   885  701  773 4008
 5  3388 3396 1150 4009
 5  3389 3395 3396 4010
 5   815 3394  813 4011
 5   815 1089 3394 4012
 5   814  813 1044 4013
 5  3392  842 3393 4014
 5  3390  285 3391 4015
 5  3388 1007 3389 4016
 5  1196 1084 1086 4017
 5  1147 1286 1083 4018
 5  1208 1408 1209 4019
 5  1287 1207 3387 4020
 5  3385  868 1459 4021
 5  3384 3385 3386 4022
 5  1586 3383 1437 4023
 5  1585 1439 1715 4024
 5  1233 3382 1438 4025
 5  3381 1655 1694 4026
 5  3380 1504 1061 4027
 5  1509 1248 3379 4028
 5  1555 1491 1556 4029
 5  1419 3378 1501 4030
 5  3377 1501 1484 4031
 5  1601 1235 1605 4032
 5  1552 1235 1234 4033
 5  1571 3375 3376 4034
 5  1571 1570 3375 4035
 5  3374  531 1733 4036
 5  1760 1892 1780 4037
 5  1716 1893 1648 4038
 5  1780 1982 1760 4039
 5  1672 1762 1670 4040
 5  1900 3372 3373 4041
 5  3372 1900 1923 4042
 5   634 3371  632 4043
 5  3371 1925 2082 4044
 5  2082 2084 3371 4045
 5  2047 2245 1823 4046
 5  1823 2245 1821 4047
 5  2033 2330 2047 4048
 5  2330 2245 2047 4049
 5  2161 2057 2058 4050
 5  3370 2137 2136 4051
 5  2052 2278 2325 4052
 5  1513 2560 2460 4053
 5  2201 2284 3369 4054
 5  2284 2264 3369 4055
 5  2492 2628 2299 4056
 5  2421  333 2922 4057
 5   333 2394  331 4058
 5  2394 2208 2397 4059
 5  2506 2100 2391 4060
 5  2466 2465 2586 4061
 5  2615 2584 2465 4062
 5  2266 2285 2858 4063
 5  3364 3366 3368 4064
 5  2659 2859 2879 4065
 5  2879 2859 2923 4066
 5   437 2657 2841 4067
 5  2541 2657 2182 4068
 5  2670 2669 2581 4069
 5  2797 2666 2801 4070
 5  2666 2428 2649 4071
 5  2356 3367 2954 4072
 5  3364 3365 3366 4073
 5  2375 2702 3080 4074
 5  2702 2375 3363 4075
 5  3024  422 3363 4076
 5   601 3094 3056 4077
 5   588 3097  586 4078
 5  3097 2772 2771 4079
 5  3362 2895 2561 4080
 5  2634 3041 2639 4081
 5  2639 2632 2634 4082
 5  2777 2776 2595 4083
 5   301 3004 2595 4084
 5  2855 2856  302 4085
 5  2855  302 2496 4086
 5  2599  552  554 4087
 5  2598 2599  179 4088
 5  2909 2736  390 4089
 5   390 2736 2738 4090
 5  3014 3013 2362 4091
 5  3014 2362 2719 4092
 5   314  164  316 4093
 5   316  164  165 4094
 5  2960 2876 3084 4095
 5  2868 2373 3080 4096
 5  2866 3109 2867 4097
 5  2866 3361 3113 4098
 5  2766  291 3215 4099
 5  2766 3215 3096 4100
 5  3025 3028 3360 4101
 5  3360 2894 3025 4102
 5  2907 2587 2821 4103
 5  2908 2907 2257 4104
 5   453  442 3108 4105
 5   453 3108  447 4106
 5    97  410 2889 4107
 5  2888 2889 3110 4108
 5  3152  279  281 4109
 5  3152  281 3205 4110
 5  3147 3146 3285 4111
 5  2982 3186 3185 4112
 5  3225 1626 2967 4113
 5   439  441  444 4114
 5  3359 3126 3221 4115
 5  3222  465 3339 4116
 5  3202 3257 3278 4117
 5  3257 3202 3227 4118
 5  3019 2743 2145 4119
 5  3019 2145 3120 4120
 5  3019 3120  641 4121
 5   449 3201   75 4122
 5   449   75   76 4123
 5   480 3295 3294 4124
 5   480 3294  474 4125
 5  3269 3268 3274 4126
 5  3331 3288 3287 4127
 5  3307 3319 3331 4128
 5  3320 3343 3345 4129
 5  3320 3269 3273 4130
 5  3295  479   63 4131
 5    63  479   62 4132
 5  3266 3337 3265 4133
 5  3264 3349 3265 4134
 5  3267 3349  223 4135
 5   518  520 3324 4136
 5   520  519  685 4137
 5   685  684 3318 4138
 5  3328  563  559 4139
 5   562 3328  581 4140
 5  3334 3333 3357 4141
 5  3357 3333 3351 4142
 5    40   41 1769 4143
 5    40 1771 3355 4144
 5  3334   43 1146 4145
 5    41   42 3358 4146
 5   753  518 1441 4147
 5   753   46  519 4148
 5   562  563 3328 4149
 5   562  229  230 4150
 5  1146 1441 3352 4151
 5  1441   45  753 4152
 5   559 3355  560 4153
 5   560 1771 1770 4154
 5   519   46   47 4155
 5   516   49 3234 4156
 5    42   43 3334 4157
 5  3358 3357 3329 4158
 5  1146 3352 3333 4159
 5    44   45 1441 4160
 5  3031  229  562 4161
 5  3031 3030  228 4162
 5   228 3350  227 4163
 5  3350  603 2812 4164
 5    48 1702   47 4165
 5  2817 2819 3234 4166
 5  2817   51 2818 4167
 5   231   40 3355 4168
 5   231  563  230 4169
 5    48  517 1702 4170
 5  3316 2812  603 4171
 5  2812  227 3350 4172
 5   560 3355 1771 4173
 5   518 3352 1441 4174
 5   504  503 1173 4175
 5   503   52   53 4176
 5  3234 2819 3346 4177
 5  3334 3357 3358 4178
 5  3297 3321 3335 4179
 5   231  559  563 4180
 5  3348 3356 3289 4181
 5  3290 3336 3354 4182
 5  3267 3266 3349 4183
 5  3267  224 3183 4184
 5  3318 3322  520 4185
 5  3322 3291 3325 4186
 5  3336 3352 3354 4187
 5   228  229 3031 4188
 5  3030  603 3350 4189
 5  3349  222  223 4190
 5   222 3349 3242 4191
 5   581 3282  582 4192
 5   582 3281 3306 4193
 5   501 3139 3256 4194
 5  3139   56 2129 4195
 5   231 3355  559 4196
 5    48   49  516 4197
 5  2813 3183  225 4198
 5  3316 3340 3184 4199
 5   505 3250  503 4200
 5   504 1173  936 4201
 5  1173   53   54 4202
 5  3352 3324 3354 4203
 5  2991  220  221 4204
 5   220 2991  619 4205
 5  3266 3183 3184 4206
 5   225  226 2813 4207
 5  1340 1339 3353 4208
 5  3341  561 1340 4209
 5  3256 2129 2128 4210
 5  2129   57 2127 4211
 5  3324 3352  518 4212
 5   685 3318  520 4213
 5  2990 3242 3264 4214
 5  3291 3322 3233 4215
 5  3322 3324  520 4216
 5   502   54   55 4217
 5   502  936 1173 4218
 5  3321 3351 3335 4219
 5  3030 3350  228 4220
 5  2812 3316 2813 4221
 5   488 2127   58 4222
 5   488  486  499 4223
 5  2757 3229 2758 4224
 5  3229 2757  479 4225
 5   581  580 3030 4226
 5   561 3344 3328 4227
 5   223  224 3267 4228
 5  3264 3242 3349 4229
 5  3348 3289 3313 4230
 5  3291 3259 3289 4231
 5   517  516 3346 4232
 5  3309 3308 3347 4233
 5  2475  936  502 4234
 5  2475  501 3256 4235
 5   620  619 2722 4236
 5  2722 2991 2990 4237
 5  3231 3326 3287 4238
 5  3331 3310 3347 4239
 5  2939 3294   64 4240
 5  2939 2938  475 4241
 5    59  487  486 4242
 5  2758 3229  485 4243
 5  3346 3310 3317 4244
 5  2127  499  498 4245
 5    58   59  488 4246
 5  3156 3237 2484 4247
 5  3157  622  620 4248
 5  3320 3345 3270 4249
 5  3314 3299 3298 4250
 5    64 3295   63 4251
 5  3344  581 3328 4252
 5  3341 3342 3343 4253
 5  3315 3312 3340 4254
 5   226  227 2812 4255
 5  3337 3266 3338 4256
 5    67  471   66 4257
 5   603  602 3315 4258
 5  3273 2787 3302 4259
 5  3256 2998 2997 4260
 5  2998 3256 2128 4261
 5   217 2484  216 4262
 5  2484 3237 2485 4263
 5  3319 3332 3331 4264
 5    53 1173  503 4265
 5   505 2818 3250 4266
 5  3259 3291 3232 4267
 5  2474 2475 2997 4268
 5  2474 3249  935 4269
 5    69 3222   68 4270
 5   465 3251 3339 4271
 5  3337 3338 3276 4272
 5    66 2938   65 4273
 5   475 3294 2939 4274
 5  3290 3335 3336 4275
 5  1146 3333 3334 4276
 5   487   59   60 4277
 5   499 3197  497 4278
 5   221  222 3242 4279
 5  2722  619 2991 4280
 5   658  657 3275 4281
 5   659 3241 3264 4282
 5  3288 3331 3332 4283
 5  3331 3287 3326 4284
 5  3302 3330 3305 4285
 5  3211 3276 3312 4286
 5   637  214  635 4287
 5   637 2744  213 4288
 5  1770 3329 3321 4289
 5   561 3328  559 4290
 5  3311 3260 3327 4291
 5  3326 3231 3323 4292
 5  3324 3322 3325 4293
 5  3322 3323 3233 4294
 5  3297 1339 3321 4295
 5  3279 3280 3314 4296
 5  3269 3320 3270 4297
 5  3274 3271 3060 4298
 5  2475  502  501 4299
 5  3308  504  935 4300
 5  3206 3251  464 4301
 5    68 3221  472 4302
 5   936 2474  935 4303
 5  3249 3248 3319 4304
 5  3241 2722 2990 4305
 5    50 3234   49 4306
 5   684 3317 3318 4307
 5   480  479 3295 4308
 5  2571   72   73 4309
 5  2571 3207 3252 4310
 5   219  220  619 4311
 5   621  218  219 4312
 5   622 3283  218 4313
 5   641  211  212 4314
 5   211  641 3155 4315
 5  2485  635  215 4316
 5  2485 3237 3238 4317
 5  3315 3316  603 4318
 5  3306 3305  602 4319
 5  2474 2997 3137 4320
 5    57   58 2127 4321
 5  2129   56   57 4322
 5  3314 3296 3279 4323
 5  3143 3300 3196 4324
 5  3143 3145 3277 4325
 5  3070 3311 3071 4326
 5  3313 3166 3168 4327
 5  3183  224  225 4328
 5  3312 3212 3211 4329
 5  3144  481 3145 4330
 5    61   62 2757 4331
 5  3294  475  474 4332
 5    78 3244   77 4333
 5  3244  439  448 4334
 5   636  635 3238 4335
 5   215  216 2485 4336
 5  3071 3286 3165 4337
 5  3070 3261 3311 4338
 5    55 3139  501 4339
 5  3137 3249 2474 4340
 5  3309 3310 2819 4341
 5  3249 3307 3308 4342
 5  3273 3305 3306 4343
 5  3268 3271 3274 4344
 5  3303 2488 3304 4345
 5  2489 2488 2785 4346
 5  1312 3255  651 4347
 5   458   73   74 4348
 5  3101 2571  460 4349
 5   457   75 3201 4350
 5   458  457  459 4351
 5  3275 3211 3301 4352
 5  3181 3241  659 4353
 5  3155 3120 3119 4354
 5  2787 2786 3302 4355
 5  3275 3301 3172 4356
 5  3255 1312  653 4357
 5   488  499 2127 4358
 5  2998 2128  498 4359
 5  3300 3143 3093 4360
 5  3300  497 3196 4361
 5   213  214  637 4362
 5   212  213  642 4363
 5  1626   80 2967 4364
 5  3209 3168 3167 4365
 5  3208 3279 3292 4366
 5  3220  475 2938 4367
 5  3181 3180 3241 4368
 5  3180 3263 3240 4369
 5  2723 3182 3157 4370
 5  3241 2990 3264 4371
 5  3297 3298 3299 4372
 5  3292 3296 3168 4373
 5   448  443 3177 4374
 5   448   77 3244 4375
 5  3294 3295   64 4376
 5  2999 3227 2996 4377
 5   207  233  206 4378
 5   698  473 3220 4379
 5    69  465 3222 4380
 5   636 3239 2743 4381
 5  3239 3154 2146 4382
 5  3146 3293 3272 4383
 5  3168 3209 3292 4384
 5   440  439 3244 4385
 5  1626 3225  441 4386
 5  3160 3162 3248 4387
 5  3289 3290 3291 4388
 5  3286 3287 3288 4389
 5  2996 3137 2999 4390
 5  3160 3248 2995 4391
 5  2744 3019  642 4392
 5  2571 3252   72 4393
 5  2981 2980 3027 4394
 5  3284 3285 3272 4395
 5  2484  217 3283 4396
 5  3238  635 2485 4397
 5  2968   83 2332 4398
 5    83 2968   82 4399
 5  3281  582 3282 4400
 5  3279 3208 3280 4401
 5   438   81 3169 4402
 5   438 2967   80 4403
 5  3053   85  431 4404
 5    85 3053   84 4405
 5    86  432  431 4406
 5   432 3011  430 4407
 5  3093  477 3278 4408
 5  3277 3016 3017 4409
 5  3204 3203 3262 4410
 5  3141 3092 3213 4411
 5  3071 3230 3069 4412
 5  3211 3275 3276 4413
 5  2787 3273 3274 4414
 5   146  278  280 4415
 5   278 3037 2936 4416
 5  3271 3268 3272 4417
 5  3268 3269 3270 4418
 5  3183 3266 3267 4419
 5   659 3264 3265 4420
 5  3158 3159 3258 4421
 5  3115 3240 3263 4422
 5  2021  205  232 4423
 5   205 2021  204 4424
 5   697 3223 3224 4425
 5  3262  473  697 4426
 5   453 3177  443 4427
 5    76   77  448 4428
 5  3057 2636 2635 4429
 5  3057  201  615 4430
 5   459 3100 3102 4431
 5  3098  459 3201 4432
 5  2938   66  471 4433
 5  2145 2147 3121 4434
 5  2145 2743 2146 4435
 5  3167 3166 3261 4436
 5  3259 3260 3166 4437
 5  3154 3236 3258 4438
 5  3158 3114 3159 4439
 5  3253 3257 3193 4440
 5  2129 3256 3139 4441
 5  3238 3154 3239 4442
 5   279  145  280 4443
 5   207  208 3255 4444
 5  3179 3181  658 4445
 5  3198  462 3206 4446
 5  3160 2994 3254 4447
 5  2994 3202 1945 4448
 5  3169 2966  438 4449
 5  3052 2969 2331 4450
 5    61 2758  487 4451
 5   497 3253 3192 4452
 5    86  431   85 4453
 5   431  430 3054 4454
 5    71 3252  464 4455
 5   462 3251 3206 4456
 5  3130 1840 3012 4457
 5   146  280  145 4458
 5   280 2936  281 4459
 5  3121 2147 3122 4460
 5  3121 3120 2145 4461
 5   210  211 3155 4462
 5  3178 1312  650 4463
 5  3216  143 3153 4464
 5    51   52 3250 4465
 5  3248 3249 3138 4466
 5  3098  453 3099 4467
 5  2147 2146 3078 4468
 5  2146 2743 3239 4469
 5  3032 3134 2478 4470
 5  3246 3247 3027 4471
 5  2332   84 3053 4472
 5    84 2332   83 4473
 5  3198 3199 3245 4474
 5  3150 3102 3100 4475
 5   615 2636 3057 4476
 5   615  614 2783 4477
 5  2987  614  202 4478
 5  2987 2020 3151 4479
 5   440 3244   78 4480
 5   439  443  448 4481
 5  3243 3164 3190 4482
 5  2994 3125 3226 4483
 5  2853  416  418 4484
 5   416   93   94 4485
 5  1312 3178 1313 4486
 5   209  643  650 4487
 5   221 3242 2990 4488
 5  3241 3180 2723 4489
 5  3115 3114 3240 4490
 5  1946  477  476 4491
 5   484 3017  482 4492
 5   277 3037  147 4493
 5   277 1558 3104 4494
 5   232  206  233 4495
 5  2416 2021  232 4496
 5   140 3142 3022 4497
 5  2908 2587 2907 4498
 5  2908  196 2587 4499
 5  3238 3239  636 4500
 5  3236 3237 3156 4501
 5   484  478 3017 4502
 5  3204 3106 3235 4503
 5  3234   50 2817 4504
 5  3231 3232 3233 4505
 5  3191 3069 3189 4506
 5  3071 3165 3230 4507
 5  3229 3144  485 4508
 5  3228 3145  481 4509
 5    91  427   90 4510
 5  2994 3227 3202 4511
 5  3125 2944 3226 4512
 5  2967 2966 3225 4513
 5  2635  200 3057 4514
 5  2635  595  199 4515
 5  3106 3224 3107 4516
 5   698 3223  697 4517
 5  3167 3070 3213 4518
 5  3210 3209 3214 4519
 5  2587  590 2821 4520
 5  3043  418  417 4521
 5  3043 2888 3110 4522
 5  3135 1404 2973 4523
 5  3135  150 1405 4524
 5    79   80 1626 4525
 5  3221   68 3222 4526
 5   473  475 3220 4527
 5   297  296  345 4528
 5  3217  542 2945 4529
 5  3091 3214 3092 4530
 5  3151  614 2987 4531
 5  3151 2020 2022 4532
 5  3012   88 3130 4533
 5  3012 3011   87 4534
 5  2810 3076 3219 4535
 5  3218 3190 3163 4536
 5  3090 2815 3217 4537
 5  3215  291 3216 4538
 5   585  194 2257 4539
 5   585  584  193 4540
 5  3209 3213 3214 4541
 5   276  148 2122 4542
 5   276 1558  277 4543
 5  2786 3211 3212 4544
 5   442  444 2941 4545
 5  3208 3209 3210 4546
 5  2122 2973 3062 4547
 5  2973  149 3135 4548
 5  2906  299 3022 4549
 5   299  139  140 4550
 5   650 3119 3178 4551
 5  3206 3207 3101 4552
 5  3150 3100 3099 4553
 5  2936 3037 3104 4554
 5   147  148  277 4555
 5   303 2031  304 4556
 5  2031  303 2032 4557
 5  3096 3152 3205 4558
 5   135  350  134 4559
 5   350 2661 2032 4560
 5   589  595 2166 4561
 5   199  200 2635 4562
 5  3008  192  193 4563
 5   192 3008 3063 4564
 5  2939   64   65 4565
 5  3203 3204 3016 4566
 5  2022  629 3151 4567
 5   234 2416  232 4568
 5   477 1945 3202 4569
 5  3177 3201  449 4570
 5  3098 3100  459 4571
 5  3033 3200 2487 4572
 5  3028 3027 2980 4573
 5  3199 3109 3113 4574
 5  3198 3103 3199 4575
 5   127  362  126 4576
 5  3196 3197 3144 4577
 5  3195 3116  577 4578
 5  3086 3085 3115 4579
 5  2489 3061 3194 4580
 5   581 3031  562 4581
 5  2821  590  589 4582
 5   430 3011 2921 4583
 5    87   88 3012 4584
 5  3025 2478 3134 4585
 5    98  411   97 4586
 5  3192 3193 2999 4587
 5  3189 3190 3191 4588
 5   152 2079  151 4589
 5  3088 3188 3129 4590
 5  2811 3086 3187 4591
 5   418 3043 3059 4592
 5    95 2888  417 4593
 5  2372  425   92 4594
 5  2372 2853 2986 4595
 5    92  425   91 4596
 5  1405 1404 3135 4597
 5  3091 2945 3186 4598
 5  2982 3185 2892 4599
 5   101  409  100 4600
 5  2835 3170 3082 4601
 5   444 2942 2941 4602
 5  3183 2813 3184 4603
 5  3114 3158 3182 4604
 5  3179 3180 3181 4605
 5  3053  431 3054 4606
 5  3053 2333 2332 4607
 5  3123 3178 3119 4608
 5   453 3098 3177 4609
 5   444  443  439 4610
 5  2873 2872 3148 4611
 5  2873 3176 2644 4612
 5  3175 3088 2811 4613
 5  3172 3173 3174 4614
 5   110 2909  109 4615
 5   369  368  123 4616
 5   368 2848 2536 4617
 5   366  124  364 4618
 5   366  369  123 4619
 5   355  131 3068 4620
 5   131  355  130 4621
 5   346 2661  350 4622
 5  2661  346 2662 4623
 5   304 2031 2984 4624
 5   132  133  303 4625
 5  2952  397  405 4626
 5   345 2662  346 4627
 5  2662  345  296 4628
 5  3171   89   90 4629
 5  1840  428 1841 4630
 5  2968 2332 2331 4631
 5  2968 3169   82 4632
 5  3052 3082 3170 4633
 5    81   82 3169 4634
 5   398  105 2965 4635
 5   105  398  104 4636
 5  3166 3167 3168 4637
 5  3165 3162 3161 4638
 5  3163 3164 2943 4639
 5  3160 3161 3162 4640
 5   578 3159  579 4641
 5  3156 3157 3158 4642
 5  3074 3075 1691 4643
 5  2404  354 2985 4644
 5  2166  595 2635 4645
 5  2636 2783 2805 4646
 5   195  196 2908 4647
 5  2257  583  585 4648
 5  3120 3155  641 4649
 5  3077 2146 3154 4650
 5   387  384  383 4651
 5  3062 1404 2851 4652
 5  3062 3050 2122 4653
 5  2766 3096 3095 4654
 5   279 3152 3153 4655
 5  2783 2636  615 4656
 5  2783  614 3151 4657
 5  1403 3049 2851 4658
 5   121 2537 1858 4659
 5  2537 2848 2713 4660
 5  3150 3103 3102 4661
 5   446 3149 3150 4662
 5   374  373 2712 4663
 5   373  119  120 4664
 5  3032 3040 3129 4665
 5  3060 2489 2785 4666
 5  2874 2933  630 4667
 5  2933 3148 2911 4668
 5  3146 3147 2981 4669
 5  3143 3144 3145 4670
 5  2147 3020 3122 4671
 5   578  577 3077 4672
 5   141 3142  140 4673
 5   363 1960  364 4674
 5  1960  363 3075 4675
 5  3036 3104 3003 4676
 5   138  297  137 4677
 5  3090 3092 3141 4678
 5  3058 3008  584 4679
 5   387  382 2411 4680
 5   382  387  383 4681
 5  2766 3095 3018 4682
 5  3062 3140 3050 4683
 5   148  149 2973 4684
 5  3013  153 2362 4685
 5  2401  185  186 4686
 5  2401 1772 1773 4687
 5  3139   55   56 4688
 5  3137 2996 3138 4689
 5   542 3136 2626 4690
 5  3072 2814 3073 4691
 5   281 2936 3036 4692
 5  2032  134  350 4693
 5   134 2032  133 4694
 5    96 2888   95 4695
 5  3110  410 3051 4696
 5  1403 1405 2080 4697
 5   149  150 3135 4698
 5   406  408   99 4699
 5   406  401  407 4700
 5  3055 1675 2548 4701
 5   190  191 2932 4702
 5  2926  379 2928 4703
 5  3079  428 3064 4704
 5  3079 2702 1841 4705
 5   389 2931  388 4706
 5   390  109 2909 4707
 5  3026 3025 3132 4708
 5  3032 3133 3134 4709
 5  2599  178  179 4710
 5  2856  158  300 4711
 5   447  446 3099 4712
 5  2762 2761 3026 4713
 5  2894 2893 2350 4714
 5   404  402 3067 4715
 5   405  397  399 4716
 5  2900  313 2899 4717
 5  2900  162  163 4718
 5  2907  583 2257 4719
 5   567  187  188 4720
 5  2111 2779 2401 4721
 5   380 2927  386 4722
 5  3002 3132 2894 4723
 5  2625 2844 2351 4724
 5   327  172  330 4725
 5   172  327  171 4726
 5   319  318  166 4727
 5   318  316  165 4728
 5  2896  188  189 4729
 5  1885  564 1772 4730
 5   184  185 1773 4731
 5   468 3131  466 4732
 5  2916 2915 3124 4733
 5    88   89 3130 4734
 5  2921 3011 3012 4735
 5   334 2800 2977 4736
 5   338  337  335 4737
 5  3032 3089 3039 4738
 5  3032 3129 3033 4739
 5  2906 3022 2765 4740
 5  2766 2765 3022 4741
 5  3058 3063 3008 4742
 5  2681 3105 3128 4743
 5  1559  276 2121 4744
 5  3104 3037  277 4745
 5  2936 3104 3036 4746
 5  2636 2805 2166 4747
 5  2167 3056  589 4748
 5   106  107  392 4749
 5   396 2965  105 4750
 5   313  163  164 4751
 5   108  388  107 4752
 5   388 2931  391 4753
 5  3127  118  375 4754
 5  2073 3054  434 4755
 5   430 2921  433 4756
 5   471  472 3126 4757
 5   651  208  209 4758
 5  1313 2873  652 4759
 5  1403 2703 3049 4760
 5  2703 3014 2704 4761
 5   121 1858  120 4762
 5  1858 2713 2712 4763
 5  1945 3118 3125 4764
 5  2755 2916 3124 4765
 5  3121 3122 3123 4766
 5  3119 3120 3121 4767
 5  2914 2944 3118 4768
 5  3117 3066 2943 4769
 5  2021 2020  204 4770
 5  2022 2875  629 4771
 5  2598  180  342 4772
 5   429  424 3023 4773
 5   351 2985  352 4774
 5  2887  160  161 4775
 5  2887 3004  305 4776
 5   412  408  407 4777
 5    99  100  406 4778
 5  2949 2948 3116 4779
 5  3076 2810 2951 4780
 5  3114 3115 3085 4781
 5  2237 2798 2556 4782
 5  2798 2237  326 4783
 5   198  199  595 4784
 5   198  590  197 4785
 5   365  364 1960 4786
 5   125  126  363 4787
 5  2881 2555  322 4788
 5  2881 2238 2556 4789
 5   317  316  318 4790
 5   319  322  320 4791
 5  3105 3112 3113 4792
 5  3102 3101  460 4793
 5  2890  336  337 4794
 5  2890  177  339 4795
 5  2855  156  157 4796
 5   156 2855  760 4797
 5  2765 2905 2906 4798
 5  2905 3041 2806 4799
 5  2800  334  329 4800
 5   334 2977  338 4801
 5  3108 2941 3111 4802
 5  2974 3045 2976 4803
 5  2190 2192 2188 4804
 5  2853 3059 2869 4805
 5   417  416   94 4806
 5  2362 2363 2719 4807
 5  3044 3110 3051 4808
 5   410  412  414 4809
 5   445 2867 3109 4810
 5   344  182  565 4811
 5   344  341  340 4812
 5    79  440   78 4813
 5  2941 3108  442 4814
 5  3105 3106 3107 4815
 5  2681  466  483 4816
 5  1557 1559 2444 4817
 5  1558 2463 3104 4818
 5  3101 3102 3103 4819
 5  3098 3099 3100 4820
 5   760  708  155 4821
 5   708 2363  154 4822
 5   300  302 2856 4823
 5   305  301  300 4824
 5   367 2848  368 4825
 5   367  369  365 4826
 5  2861 2840 2836 4827
 5  2979 3026 2761 4828
 5  3032 2478 2480 4829
 5  2772 3097  600 4830
 5  2937 3095 3096 4831
 5  3095 2937  290 4832
 5   588 2822 3094 4833
 5  3094 2821 3056 4834
 5    62  479 2757 4835
 5   477 3093  478 4836
 5   298  297  138 4837
 5   137  345  136 4838
 5  2411  110  111 4839
 5  2626 2963 2625 4840
 5  3090 3091 3092 4841
 5  2308 3089 2978 4842
 5  3088 3040 3015 4843
 5  3085 3086 3087 4844
 5   128 1691  127 4845
 5  2846 2746 3074 4846
 5  3084 2645 3021 4847
 5  3020 2147 3078 4848
 5  2942  444  441 4849
 5  3082 3052 3083 4850
 5  2645 2644 3081 4851
 5   234  652 2417 4852
 5  1559 2972 2444 4853
 5   276 2122 2121 4854
 5  2702 3079 3080 4855
 5  2146 3077 3078 4856
 5  3076  625 2949 4857
 5   362  127 1691 4858
 5  3074 2925 3075 4859
 5  3065 2993 3072 4860
 5  3072 3073 3065 4861
 5    50   51 2817 4862
 5  3069 3070 3071 4863
 5  2983  347  353 4864
 5   132  304 3068 4865
 5   342  552 2598 4866
 5   342  341  555 4867
 5   102  103 2952 4868
 5  3067  101  102 4869
 5  2993 3065 3066 4870
 5  2685 2962 2854 4871
 5  2080 3014 2703 4872
 5  2079  152 3013 4873
 5  3064 2986 2869 4874
 5   403 2852 2801 4875
 5  2852  403  405 4876
 5   105  106  396 4877
 5  2965  399  398 4878
 5   191  192 3063 4879
 5  2973 1404 3062 4880
 5   173  174 2800 4881
 5   330  328  327 4882
 5  1559 2121 2972 4883
 5   112  387  111 4884
 5   631  599 2988 4885
 5  2777 2775 2776 4886
 5   203  204 2020 4887
 5  2987  202  203 4888
 5   346  135  136 4889
 5  2661  348 2032 4890
 5   401  400 2885 4891
 5   101  402  409 4892
 5   565  343  344 4893
 5   343  565 1885 4894
 5   636 2744  637 4895
 5  2489 3060 3061 4896
 5  2760 2763 2795 4897
 5  2191 2123 2192 4898
 5  3059 2853  418 4899
 5  3058  584 3009 4900
 5  3010  583 2773 4901
 5   587 2770 3010 4902
 5   554  339 2599 4903
 5  2940 2678 2953 4904
 5   200  201 3057 4905
 5  3056 2821  589 4906
 5  2110 2779 2111 4907
 5  2547 3055 2548 4908
 5   574 2971  575 4909
 5  3053 3054 2333 4910
 5  3052 2966 2969 4911
 5  3048  445 3046 4912
 5  3046 3045 3006 4913
 5   410  414 3051 4914
 5   408  412  411 4915
 5  2983  304 2984 4916
 5  2984 2031  348 4917
 5  2192 2123 3050 4918
 5  2238  169  170 4919
 5   169 2881  168 4920
 5  2634 2806 3041 4921
 5  2820 2660 2662 4922
 5  2519 3049 2759 4923
 5  3005 3048 3006 4924
 5  3045 3046 3047 4925
 5  3042 3043 3044 4926
 5  2508 2701 3042 4927
 5  2411 2909  110 4928
 5  2899  313  314 4929
 5   165  166  318 4930
 5   122  123  368 4931
 5  2713 1858 2537 4932
 5  3041 2905 2764 4933
 5   289 3018  290 4934
 5  2624 2947 2622 4935
 5  2733 2754 2756 4936
 5  3032 3039 3040 4937
 5  3026 2979 2479 4938
 5  2710 2935 3038 4939
 5  2741 2740 2937 4940
 5  3003 2970 2442 4941
 5   320  317  319 4942
 5   322  168 2881 4943
 5  1885 1772 2781 4944
 5  2779 1772 2401 4945
 5  2864 2625 2963 4946
 5  2685  489  491 4947
 5   278  147 3037 4948
 5  3003 2741 3036 4949
 5  2710 3035  375 4950
 5   374 2712 2708 4951
 5   631 2989 2933 4952
 5  2847 2912 1853 4953
 5  3032 3033 3034 4954
 5   581 3030 3031 4955
 5  3027 3028 3029 4956
 5  2479 3025 3026 4957
 5   422 3024  423 4958
 5  2074 3023  424 4959
 5  2587  196  197 4960
 5   588 2773 2823 4961
 5   140 3022  299 4962
 5  3020 2948 3021 4963
 5  3019 2744 2743 4964
 5   289 2764 3018 4965
 5   335  334  338 4966
 5   337  176 2890 4967
 5  2708 2710  374 4968
 5  2711 2533 2535 4969
 5  2533 2711 2713 4970
 5  2617  327  326 4971
 5  2617  170  171 4972
 5  2471 2904 2732 4973
 5  3016  482 3017 4974
 5  2572 2574 2738 4975
 5  2737  382  381 4976
 5  2648 2885  400 4977
 5  2802  415 2803 4978
 5   625 2951  623 4979
 5  2307 3015 2308 4980
 5  2876 2960 2549 4981
 5  2850 2959  624 4982
 5  2705 2704 2857 4983
 5  2704 3014 2719 4984
 5   152  153 3013 4985
 5  2720 2363  708 4986
 5   761 2855 2496 4987
 5  2921 3012 1840 4988
 5   432   87 3011 4989
 5  3009 3010 2546 4990
 5   193  584 3008 4991
 5  2500 3007 2594 4992
 5  2503 3005 3006 4993
 5  2779 2781 1772 4994
 5  2779 2110 2780 4995
 5  3004 2887 2777 4996
 5   160 2887  305 4997
 5  2660  348 2661 4998
 5  2806  296  295 4999
 5   339  336 2890 5000
 5   336  339  554 5001
 5  2443 2863 2441 5002
 5  2970 3003 2463 5003
 5  2964 2762 3002 5004
 5  2845 2630 2352 5005
 5  2852  399 2768 5006
 5  2570 3001 2679 5007
 5   114  380  385 5008
 5  2445 3000 2829 5009
 5  2899  314  315 5010
 5  2701 2700 2373 5011
 5  2997 2998 2999 5012
 5  2994 2995 2996 5013
 5   341  343 2558 5014
 5   181  182  344 5015
 5  2774 2870 2676 5016
 5   166  167  319 5017
 5   317  321  315 5018
 5  2854 2992 2993 5019
 5  2471 2696 2901 5020
 5  2974 2501 2503 5021
 5  2975 2956 2841 5022
 5  2659  555 2859 5023
 5   555 2659  552 5024
 5   221 2990 2991 5025
 5   394 2965  396 5026
 5  2988 2989  631 5027
 5   203 2020 2987 5028
 5  2416 2875 2022 5029
 5  2872 2646 2912 5030
 5   425 2372 2986 5031
 5   124  125  364 5032
 5   366  123  124 5033
 5   351 2846 2985 5034
 5   347 2983 2984 5035
 5  2630 2964 2352 5036
 5  2980 2981 2982 5037
 5  2543 2789 2381 5038
 5  2790 2978 2979 5039
 5   175  338 2977 5040
 5   329  330 2800 5041
 5  2974 2976 2840 5042
 5  2974 2839 2975 5043
 5   148 2973 2122 5044
 5  2123 2191 2972 5045
 5   574 2778 2971 5046
 5  2400 2895 2780 5047
 5   349 2660 2792 5048
 5  2660  349  348 5049
 5  2970 1557 2446 5050
 5  2446 2918 2920 5051
 5  2968 2331 2969 5052
 5  2966 2967  438 5053
 5   399 2852  405 5054
 5  2768 2965  394 5055
 5  2352 2964 2350 5056
 5  2961 2962 2963 5057
 5  2958 2959 2960 5058
 5   554 2807  336 5059
 5  2957 2395 2421 5060
 5   586 2588  587 5061
 5  1979 2798  326 5062
 5   328  329 2706 5063
 5  2520 2519 2601 5064
 5  2955  435 2956 5065
 5  2072  424  423 5066
 5  2953 2678 2954 5067
 5   103  397 2952 5068
 5   404  403  400 5069
 5   403 2648  400 5070
 5  2809 2307 2951 5071
 5  2948 2949 2950 5072
 5  2623 2622 2904 5073
 5  2946 2754 2947 5074
 5   544 2945  542 5075
 5  2914 2943 2944 5076
 5  2835 2941 2942 5077
 5   467 2570 2940 5078
 5    65 2938 2939 5079
 5  2905 2765 2764 5080
 5  2719 2363 2720 5081
 5  2740  290 2937 5082
 5  2936  280  278 5083
 5   129  354 2404 5084
 5  2709 2929 2935 5085
 5  2654 2929 2709 5086
 5  2721 2267 2857 5087
 5  2934 2311  608 5088
 5   631 2933 2911 5089
 5  2767 2745  357 5090
 5  2745 2767 2925 5091
 5   190 2932 1675 5092
 5  1450 2931 2738 5093
 5  2574 2930 1450 5094
 5  2663 2792 2633 5095
 5  2792 2660 2820 5096
 5  2825 2578 2452 5097
 5  2929 2604 2577 5098
 5  2926 2928 2451 5099
 5   379 2926 2927 5100
 5  2759 2703 2705 5101
 5  1959  367  365 5102
 5  2767 1960 2925 5103
 5  2923 2859 2924 5104
 5   333  335 2922 5105
 5   321  320 2236 5106
 5   315  314  316 5107
 5  1840 1839 2921 5108
 5  2620 2468 2898 5109
 5   588 2823 2822 5110
 5  2588 2870 2770 5111
 5  2919 2443 2920 5112
 5  2445 2917 2918 5113
 5  2914 2915 2916 5114
 5  2550 2549 2913 5115
 5  2847 2911 2912 5116
 5  2579 2824 2910 5117
 5  2826 2453 2572 5118
 5  2909 2411 2736 5119
 5  2826 2737  381 5120
 5  2727 2830 2833 5121
 5  2632 2528 2747 5122
 5   195 2908 2257 5123
 5   583 2907 2823 5124
 5  2905  295 2906 5125
 5   415 2886 2803 5126
 5  2396  329  331 5127
 5  2505 2707 2799 5128
 5  2903 2732 2904 5129
 5  2623 2901 2902 5130
 5  2830 2842 2833 5131
 5  2188 2520 2603 5132
 5   309  162 2900 5133
 5  2775 2899 2897 5134
 5  2468 2585 2898 5135
 5  2468 2619 2586 5136
 5   357  356 1959 5137
 5  1959 2218  367 5138
 5   311 2641 2897 5139
 5   315 2742 2897 5140
 5  1676 2896  189 5141
 5   564  183  184 5142
 5  2781 2895 1883 5143
 5  1770 1339  560 5144
 5  2892 2893 2894 5145
 5  2856  157  158 5146
 5  2509 2508 2891 5147
 5  2508 2507 2700 5148
 5   176  177 2890 5149
 5  2807  335  336 5150
 5  2888   96 2889 5151
 5   309 2887  161 5152
 5  2886  412  407 5153
 5  2648 2803 2885 5154
 5  2751 2750 2884 5155
 5  2882 2883 2309 5156
 5   169 2238 2881 5157
 5  2555  320  322 5158
 5  2236 2235  321 5159
 5  2236 2729 2234 5160
 5  2598  179  180 5161
 5  2879 2880  553 5162
 5  2789 2878 2790 5163
 5  2760 2788 2761 5164
 5   539 2877  537 5165
 5   290 2740 2527 5166
 5  1853 2876 1854 5167
 5  2873 2874 2875 5168
 5   122 2537  121 5169
 5  2712 2711 2708 5170
 5  2644 2646 2872 5171
 5  2676 2870 2871 5172
 5  2547 2677  576 5173
 5  2655 2533 2656 5174
 5  2384 2374 2507 5175
 5  2701 2868 2869 5176
 5   460 2571  458 5177
 5  2865 2866 2867 5178
 5  2864 2843 2844 5179
 5  2808 2276 2592 5180
 5  2740 2442 2441 5181
 5  2828 2863 2583 5182
 5  2860 2862 2072 5183
 5  2860 2861 2862 5184
 5  2558 2859  555 5185
 5   182  183  565 5186
 5  2373 2700 2374 5187
 5   133 2032  303 5188
 5   353  347 2619 5189
 5  2080 2703 1403 5190
 5  2719 2857 2704 5191
 5  2267 2858 2714 5192
 5  2857 2719 2721 5193
 5  2495 2265 2721 5194
 5  2565 2782 2497 5195
 5  2593 2357 2680 5196
 5   157 2856 2855 5197
 5  2855  761  760 5198
 5   489 2686 2610 5199
 5  2854 2624 2623 5200
 5  2711 2535 2708 5201
 5  2642  310 2697 5202
 5  2372  416 2853 5203
 5   416 2372   93 5204
 5  2797 2852 2768 5205
 5  2519 2518 2851 5206
 5  2481 2551 2482 5207
 5  2482 2849 2850 5208
 5  2713 2848 2219 5209
 5  1959  356 2218 5210
 5  1853 1852 2847 5211
 5  2531 2550 2529 5212
 5  1960 2767 1959 5213
 5  2620 2846  351 5214
 5   593 2544 2677 5215
 5  2352 2844 2845 5216
 5  2843  490 2591 5217
 5   606 2796  538 5218
 5   605 2753 2380 5219
 5  2842 2191 2190 5220
 5  2500 2594 2502 5221
 5  2500 2499 2658 5222
 5   437 2841  435 5223
 5  2838 2839 2840 5224
 5  2619 2468  353 5225
 5  2835 2836 2837 5226
 5  2361 2834 2602 5227
 5  2832 2833 2189 5228
 5  2729 2555 2556 5229
 5  2729 2799 2707 5230
 5  2696 2339 2612 5231
 5  2831 2691 2473 5232
 5  2178 2791 2214 5233
 5  2829 2830 2664 5234
 5  2828 2613 2749 5235
 5  2441 2827 2527 5236
 5  2095 2627  358 5237
 5  2656 2533 2219 5238
 5  2653  376 2605 5239
 5  2654 2709 2653 5240
 5  2824 2825 2826 5241
 5  2821 2822 2823 5242
 5   608  610 2772 5243
 5   610 2424 2423 5244
 5  2792 2820 2634 5245
 5  2817 2818 2819 5246
 5  2814 2815 2816 5247
 5  2483 2482 2724 5248
 5  2586 2585 2468 5249
 5  2812 2813  226 5250
 5  2809 2810 2811 5251
 5  2276 2808 2277 5252
 5  2339 2272 2337 5253
 5   339  178 2599 5254
 5  2807  554  553 5255
 5   296 2806 2662 5256
 5  2804 2167 2805 5257
 5  2588  586 2771 5258
 5  2648 2802 2803 5259
 5   403 2801 2649 5260
 5  2747 2335 2793 5261
 5   173 2800  330 5262
 5   330  172  173 5263
 5  2729 2798 2799 5264
 5  2707 2385 2234 5265
 5  2666 2797 2575 5266
 5  2795 2763 2796 5267
 5  2794 2590 2684 5268
 5  2642 2697 2640 5269
 5   310 2642  311 5270
 5  2663 2633 2793 5271
 5   349 2792 2663 5272
 5  2791 2734 2214 5273
 5  2177 2286 2791 5274
 5  2573 2453 2439 5275
 5  2737 2572 2738 5276
 5  2788 2789 2790 5277
 5  2785 2786 2787 5278
 5  2783  628 2784 5279
 5   608 2772  600 5280
 5  2265 2782 2266 5281
 5  2564 2698 2104 5282
 5  2779 2780 2781 5283
 5  2778  574 2545 5284
 5   576 2677 2544 5285
 5   309 2775 2777 5286
 5  2775 2641 2776 5287
 5  2770 2774 2546 5288
 5  2773  588  587 5289
 5   610 2771 2772 5290
 5  2588 2770  587 5291
 5   593 2677  594 5292
 5  2717 2769 2427 5293
 5  2675 2674  415 5294
 5  2583 2118 2638 5295
 5   106  392  396 5296
 5   393 2768  394 5297
 5  2745 2172 2174 5298
 5   357 1959 2767 5299
 5  2764 2765 2766 5300
 5  2629  539 2763 5301
 5  2760 2761 2762 5302
 5  2601 2759 2715 5303
 5  2757 2758   61 5304
 5  2754 2755 2756 5305
 5  2603 2359 2361 5306
 5  2752 2689 2753 5307
 5  2750 2751 2543 5308
 5  2562 2561 2399 5309
 5   593  592 2220 5310
 5  2178 2431 2179 5311
 5  2727 2699 2665 5312
 5  2516 2517  436 5313
 5  2511 2183 2517 5314
 5  2528  288 2749 5315
 5  2334 2747 2748 5316
 5  2620 2745 2746 5317
 5  2585 2584 2559 5318
 5  2743 2744  636 5319
 5  2730 2742  315 5320
 5  2235 2387 2730 5321
 5  2442 2740 2741 5322
 5   276 1559 1558 5323
 5   565  564 1885 5324
 5   538  607  606 5325
 5  2683 2322 2739 5326
 5  2736 2411  382 5327
 5  2738 2736 2737 5328
 5  2736  382 2737 5329
 5  2452 2578 2606 5330
 5  2093  378 2094 5331
 5  2606 2440 2452 5332
 5   610 2735 2424 5333
 5  2580 2650 2425 5334
 5  2669 2671 2734 5335
 5  2731 2732 2733 5336
 5  2388 2389 2457 5337
 5   323 2388 2554 5338
 5  2730  321 2235 5339
 5  2236 2555 2729 5340
 5  2234 2729 2707 5341
 5  2234 2386 2554 5342
 5  2657 2658 2499 5343
 5  2658 2728 2693 5344
 5  2665 2431 2727 5345
 5  2462 2461 2726 5346
 5  2148 2530 2149 5347
 5  2150 2306 2271 5348
 5  2724  623 2725 5349
 5   620 2722 2723 5350
 5  2561 2252 2254 5351
 5  2719 2720 2721 5352
 5  2718 2512 2516 5353
 5  2717 2382 2675 5354
 5  2201 2203 2716 5355
 5  2705 2714 2715 5356
 5  2711 2712 2713 5357
 5  2708 2709 2710 5358
 5  2377 2521 2223 5359
 5   333 2421 2394 5360
 5  2505 2616 2707 5361
 5  2505 2706 2396 5362
 5   154 2362  153 5363
 5  2703 2704 2705 5364
 5  2702  422  429 5365
 5  2508 2700 2701 5366
 5  2665 2699 2461 5367
 5  2697 2698 2564 5368
 5  2338 2277 2610 5369
 5  2471 2473 2696 5370
 5  2693 2694 2695 5371
 5  2594 2692 2502 5372
 5  2131 2407 2691 5373
 5  2689 2378 2690 5374
 5   548 2687 2688 5375
 5   489 2685 2686 5376
 5  2682 2683 2684 5377
 5  2568  466 2681 5378
 5  2678 2679 2680 5379
 5    87  432   86 5380
 5  2676  594 2677 5381
 5  2562 2220 2540 5382
 5  2674 2675 2509 5383
 5  2672 2254 2673 5384
 5   608 2311  609 5385
 5  2256 2255 2424 5386
 5  2669 2670 2671 5387
 5  2514 2668 2667 5388
 5  2377 2515 2667 5389
 5  2227 2429 2666 5390
 5  2273 2130 2364 5391
 5  2464 2430 2665 5392
 5  2178 2664 2431 5393
 5   349 2663 2618 5394
 5  2660 2661 2662 5395
 5   552 2659  553 5396
 5  2657 2541 2658 5397
 5  2553 2385 2616 5398
 5  2627 2655 2656 5399
 5  2653 2605 2654 5400
 5  2231 2651 2652 5401
 5  2455 2118 2582 5402
 5  2119 2118 2455 5403
 5   592 2426 2368 5404
 5  2169 2650 2580 5405
 5   397  104  398 5406
 5  2647 2648 2649 5407
 5  2450 2100 2209 5408
 5  2584 2615 2559 5409
 5  2644 2645 2646 5410
 5  1852 2643 2312 5411
 5  2640 2641 2642 5412
 5   310  312 2457 5413
 5  2639  289 2528 5414
 5  2637 2638 2491 5415
 5   202  615  201 5416
 5  2166 2635 2636 5417
 5  2632 2633 2634 5418
 5  2629 2630 2631 5419
 5  2491 2628 2492 5420
 5  2293 2301 2490 5421
 5   365  369  366 5422
 5   356  358 2627 5423
 5  2625  543 2626 5424
 5  2622 2623 2624 5425
 5  2576 2226 2227 5426
 5  2435 2154 2621 5427
 5  2468 2620  351 5428
 5   349 2618 2619 5429
 5   326 2237 2617 5430
 5  2616 2505 2210 5431
 5  2465 2614 2615 5432
 5  2491 2490 2613 5433
 5  2610 2611 2612 5434
 5  2608 2609 2353 5435
 5  2253 2252 2539 5436
 5  2600 2341 2287 5437
 5  2456 2286 2607 5438
 5  2604 2605 2606 5439
 5  2150 1963 2148 5440
 5  2270 1969 2422 5441
 5  2361 2602 2603 5442
 5  2520 2601 2359 5443
 5  2051 2341 2600 5444
 5  2600 2316 2041 5445
 5  2598  552 2599 5446
 5   332  331  329 5447
 5  2360 2203 2449 5448
 5  2104 2597 2102 5449
 5  2595 2563 2596 5450
 5  2357 2593 2594 5451
 5  2590 2591 2592 5452
 5  2589 1943 2057 5453
 5  2588 2423 2425 5454
 5   197  590 2587 5455
 5  2584 2585 2586 5456
 5  2581 2582 2583 5457
 5  2018 2170 2169 5458
 5  2186 2538 2168 5459
 5  2255 2018 2580 5460
 5  2018 2017 2310 5461
 5  2577 2578 2579 5462
 5  2575 1449 2576 5463
 5  2572 2573 2574 5464
 5  2571   73  458 5465
 5  2568 2569 2570 5466
 5  2273 2364 2274 5467
 5  2567 2178 2213 5468
 5  2430 2464 2316 5469
 5  2420 2017 2566 5470
 5  1963 1962 2148 5471
 5  2563 2564 2565 5472
 5  2561 2562 2252 5473
 5  2186 2297 2108 5474
 5  1512 2560 1513 5475
 5  2173 2559 2412 5476
 5  1884 2558  343 5477
 5  2557 2521 2377 5478
 5  2155 2434 2342 5479
 5  2181 2498 2182 5480
 5  2237 2556 2238 5481
 5  2555 2236  320 5482
 5  2234 2554 2235 5483
 5  2385 2553  324 5484
 5  2306 2551 2552 5485
 5  2549 2550 1854 5486
 5  2546 2547 2548 5487
 5  2544 2545  574 5488
 5  2381 2542 2543 5489
 5  2379 1970 2271 5490
 5  2541 2182 2498 5491
 5  2538 2539 2540 5492
 5  2536 2537  122 5493
 5  2533 2534 2535 5494
 5  2198 2414 2532 5495
 5  2322 2355 2354 5496
 5  2454 1719 2119 5497
 5  1719 2454 1717 5498
 5  2529 2530 2531 5499
 5  2528  289  288 5500
 5   290 2527  288 5501
 5  2353 2194 1943 5502
 5  2526 2247 1944 5503
 5  2525 2199 2320 5504
 5  2263 2160 2525 5505
 5  2364 2317 2524 5506
 5  2328 2318 2523 5507
 5  2228 2299 2522 5508
 5  2155 2521 2153 5509
 5  2518 2519 2520 5510
 5   605 2380  606 5511
 5  2162 2415 2200 5512
 5  2516 2512 2517 5513
 5  2510 2514 2515 5514
 5  2001 2493 2513 5515
 5  2510 2511 2512 5516
 5  2508 2509 2507 5517
 5  2382 2384 2507 5518
 5  2100 2506 2209 5519
 5  2396 2210 2505 5520
 5  2459 2195 2476 5521
 5  2366 2367 2504 5522
 5  2366 2319 2327 5523
 5  2502 2503 2501 5524
 5  2499 2500 2501 5525
 5  2285 2102 2284 5526
 5  2181 2348 2498 5527
 5  2495 2496 2497 5528
 5  2493 2001 2494 5529
 5  2206 2060 2059 5530
 5  2457 2232 2458 5531
 5   311 2388  312 5532
 5  2490 2491 2492 5533
 5  2487 2488 2489 5534
 5  2486 2413 2437 5535
 5  2484 2485  216 5536
 5  2481 2482 2483 5537
 5  2478 2479 2480 5538
 5  2476 2477 2275 5539
 5  2474  936 2475 5540
 5  2471 2472 2473 5541
 5  1881 1880 2470 5542
 5  2469 2303 2304 5543
 5  2205 2314 2040 5544
 5  2468  351  353 5545
 5  2465 2466 2467 5546
 5  1717 2454 1921 5547
 5  2177 2430 2287 5548
 5  2041 2046 2279 5549
 5  2042 2316 2464 5550
 5  2463 1558 1557 5551
 5  2432 2461 2462 5552
 5  2294 2230 2460 5553
 5  2301 2300 2335 5554
 5  2272 2336 2459 5555
 5  2263 2320 2354 5556
 5  1882 2185 2018 5557
 5  2389  325 2390 5558
 5  2232 2231 2458 5559
 5  2388 2457  312 5560
 5  2454 2455 2456 5561
 5  2452 2439 2453 5562
 5   116  117 2451 5563
 5  2371 2346 2450 5564
 5  2107 2109 2344 5565
 5  2447 2448 2449 5566
 5  2126  661  660 5567
 5  2444 2445 2446 5568
 5  2441 2442 2443 5569
 5  2434 2433 2342 5570
 5  2435 2439 2440 5571
 5  2436 2437 2438 5572
 5  2433 2434 2435 5573
 5  2432 2039 2290 5574
 5  2430 2179 2431 5575
 5  2427 2428 2429 5576
 5  2061 2225 2224 5577
 5  2409 2408 1768 5578
 5  2410  546 2258 5579
 5  2426  592  594 5580
 5  2423 2424 2425 5581
 5  2420 2419 1962 5582
 5  1768 2422 2409 5583
 5  2421 2395 2394 5584
 5  2418 2419 2420 5585
 5  2416  234 2417 5586
 5  2414 2198 2415 5587
 5  2200 2259 2162 5588
 5  2413 2217 2324 5589
 5  2173 2412 2405 5590
 5   387 2411  111 5591
 5  1974  633 1766 5592
 5  2408 2409 2410 5593
 5  2407 2272 2339 5594
 5  2364 2406 2317 5595
 5  2405 2095 2173 5596
 5   129 2404 1692 5597
 5  2403 2249 2247 5598
 5  2274 2365 2403 5599
 5  2297 2221 2402 5600
 5  2401  186 2111 5601
 5  2398 2399 2400 5602
 5  2396 2397 2210 5603
 5  2393 2394 2395 5604
 5  2008 2165 2099 5605
 5  2171 2063  372 5606
 5  2392 1994 1993 5607
 5  1978  325 2391 5608
 5  2389 2390 2232 5609
 5   311 2387 2388 5610
 5  2385  324 2386 5611
 5  2225 2000 2223 5612
 5  2382 2383 2384 5613
 5  2380 2381  606 5614
 5  2271 2378 2379 5615
 5  2288 1977 1843 5616
 5   104  397  103 5617
 5  2002 2377 2223 5618
 5  2376 2156 2239 5619
 5  2112 2291 2038 5620
 5  2298 2035 2187 5621
 5  2373 2374 2375 5622
 5  2372   92   93 5623
 5  2369 2370 2371 5624
 5  2185 2222 2186 5625
 5  2169 2168 2368 5626
 5  2319 1930 2318 5627
 5  2366 2327 2367 5628
 5  2274 2364 2365 5629
 5  2249 2248 2196 5630
 5  2362  154 2363 5631
 5  2359 2360 2361 5632
 5  2356 2357 2358 5633
 5  2353 2354 2355 5634
 5  2350 2351 2352 5635
 5  2347 2348 2349 5636
 5   297  345  137 5637
 5  2344 2345 2346 5638
 5  2156 1999 2343 5639
 5  2239 2157 2342 5640
 5  2340 2287 2341 5641
 5  2337 2338 2339 5642
 5  2336 2193 2195 5643
 5  2334 2301 2335 5644
 5  2331 2332 2333 5645
 5  2242 2241 2330 5646
 5  2327 2328 2329 5647
 5  1931 2326 1929 5648
 5  2325 2278 2138 5649
 5  2324 2217 2093 5650
 5  1956 1958 2091 5651
 5  1920 1922 2052 5652
 5  2046 2043 2291 5653
 5  2037 2036 2113 5654
 5  1915 1914 2323 5655
 5  1915 1976 1993 5656
 5  1943 1942 2057 5657
 5  2320 2321 2322 5658
 5  1931 1930 2319 5659
 5  2317 2318 2163 5660
 5  2316 2042 2041 5661
 5  2314 2315 2283 5662
 5  2311 2312 2313 5663
 5  2018 2310 1882 5664
 5  2038 2040 2298 5665
 5  2307 2308 2309 5666
 5  2305 2306 2149 5667
 5  2303 2184 2304 5668
 5  2246 2229 2302 5669
 5  2048 2064 2246 5670
 5  2300 2301 2295 5671
 5  2293 2299 2228 5672
 5  1987 2187 1997 5673
 5  2038 2298 2112 5674
 5  2186 2222 2297 5675
 5  2083 2004 2133 5676
 5  2296 2063 2171 5677
 5  2293 2294 2295 5678
 5  2292  456  455 5679
 5  2290 2291 2042 5680
 5  1974 2289 2151 5681
 5  2231 2288 2125 5682
 5  1977 2233 1978 5683
 5  2286 2177 2287 5684
 5  2284 2201 2285 5685
 5   660 2282 2283 5686
 5  2279 2280 2281 5687
 5  1911 2139 2278 5688
 5  2275 2276 2277 5689
 5  2272 2273 2274 5690
 5  1970 2270 2271 5691
 5  2268 2269 1767 5692
 5  2265 2266 2267 5693
 5  2264 2125 2126 5694
 5  2206 2059 1935 5695
 5  2057 2161 2263 5696
 5  1611 2135 2134 5697
 5  2260 1537 2262 5698
 5  1942 2260 2261 5699
 5  2259 1610 1612 5700
 5  1973 2258 2143 5701
 5  2050 1816 2007 5702
 5   194  195 2257 5703
 5  2255 2256 2019 5704
 5  2252 2253 2254 5705
 5  1999 2251 1808 5706
 5  2009 2099 1732 5707
 5  2248 2249 2250 5708
 5  1944 2247 2197 5709
 5  2165  370 2062 5710
 5  2048 2246  293 5711
 5  2244 2245 2215 5712
 5  2241 2242 2243 5713
 5  2090 2240 2134 5714
 5  1919 2087 1971 5715
 5  2206 2000 2060 5716
 5  2091 2239 2092 5717
 5  2237 2238  170 5718
 5  2234 2235 2236 5719
 5  2231 2232 2233 5720
 5  1993 1992 1915 5721
 5  2228 2229 2230 5722
 5  1750  292  294 5723
 5  2226 2153 2227 5724
 5  2223 2224 2225 5725
 5  1953 2221 2222 5726
 5  2168 2220  592 5727
 5  1990 2106 1992 5728
 5  2106 1989  306 5729
 5  2036 2012 1654 5730
 5   367 2218 2219 5731
 5  2093 2217  378 5732
 5  2023 2013 1831 5733
 5  2215 1920 2216 5734
 5  2212 2213 2214 5735
 5  2089 2078 2211 5736
 5  2208 2209 2210 5737
 5  2207 1809 1933 5738
 5  2206 1935 2068 5739
 5  2204 2202 2205 5740
 5  2201 2202 2203 5741
 5  2198 2199 2200 5742
 5  1924 2004 2082 5743
 5  2196 2066 2197 5744
 5  2193 2194 2195 5745
 5  2191 2192 2190 5746
 5  2188 2189 2190 5747
 5  2044 2187 2037 5748
 5  1654 2113 2036 5749
 5  2185 2186 2170 5750
 5  2152  632 2184 5751
 5  2071 2067 2070 5752
 5  1934 2068 1935 5753
 5  2181 2182 2183 5754
 5  2180 2071 1929 5755
 5  2177 2178 2179 5756
 5  2175 2176 1749 5757
 5  2172 2173 2174 5758
 5   372 1513 2171 5759
 5  2168 2169 2170 5760
 5   589 2166 2167 5761
 5  2165 2008 1958 5762
 5  1992 2106 1916 5763
 5  1994 1990 1992 5764
 5  1928 1931 1929 5765
 5  2163 1932 2164 5766
 5  2162 1967  546 5767
 5  2159 2160 2161 5768
 5  1935 2059 2158 5769
 5  2156 2061 2157 5770
 5   306 2097 1985 5771
 5   384  113  385 5772
 5  2153 2154 2155 5773
 5  2152 1766  633 5774
 5  2151 2081 1926 5775
 5  2148 2149 2150 5776
 5  2145 2146 2147 5777
 5  1806 1805 2144 5778
 5   292 1806 1961 5779
 5  1972 1965 1974 5780
 5  1967 1968 2143 5781
 5  1838 2085 2142 5782
 5  1833 2141 1724 5783
 5  2140 1730 2062 5784
 5  1810  292 1961 5785
 5  2089 2138 2139 5786
 5  1996 2075 1987 5787
 5  2023 2136 2137 5788
 5  1947 2025 2117 5789
 5  1709 1658 1657 5790
 5  2134 2135 2090 5791
 5  1954  308 2133 5792
 5  2130 2131 2132 5793
 5  2127 2128 2129 5794
 5  2125  661 2126 5795
 5  2075 1996 1909 5796
 5  2124 1828 1827 5797
 5  2121 2122 2123 5798
 5  2118 2119 2120 5799
 5  1535 2117 1536 5800
 5  2116 1941 2065 5801
 5  1645 2115 1646 5802
 5  2113 2114 2045 5803
 5  2112 2044 2046 5804
 5  2110 2111  566 5805
 5  2107 2108 2109 5806
 5   306 1985 2106 5807
 5  1954 2105  308 5808
 5  1850 1807 2047 5809
 5  2102 2103 2104 5810
 5  2100 1993 2101 5811
 5  1810 1878 2048 5812
 5  1730 2099 2062 5813
 5  2097  306 2098 5814
 5  2007 1909 1996 5815
 5  2012 1812 2029 5816
 5  1812 2011 2096 5817
 5  2093 2094 2095 5818
 5  2091 2092 1956 5819
 5  2090 1709 2028 5820
 5  1708 2014 1951 5821
 5  2078 2089 2077 5822
 5  2077 1751 1753 5823
 5  2066 2055 1827 5824
 5  1838 2088  455 5825
 5  2087 1919 1918 5826
 5  1940 2085 2086 5827
 5  1860 2068 2067 5828
 5  2082 2083 2084 5829
 5  1926 2081 1863 5830
 5   155  156  760 5831
 5  2079 2080 1405 5832
 5  2077 1753 2078 5833
 5  1668 1787 1752 5834
 5  1891 1908 2076 5835
 5  1988 2075 1891 5836
 5  2072 2073 2074 5837
 5  2070 1927 2071 5838
 5  1813 2069 1871 5839
 5  1723 1809 1645 5840
 5  1934 2067 2068 5841
 5  2066 1827 1537 5842
 5  1888 2065 1886 5843
 5  2062 2063 2064 5844
 5  2059 2060 2061 5845
 5  2057 1942 2058 5846
 5  1828 2056 1535 5847
 5  2053 2054 2055 5848
 5  2051 2052 1922 5849
 5  1815 2050 1912 5850
 5  1985  571 1983 5851
 5  2006 1995 1955 5852
 5  1867 2049 1798 5853
 5  2048 1878 1731 5854
 5  1807 2033 2047 5855
 5  2044 2045 2046 5856
 5  2041 2042 2043 5857
 5  2038 2039 2040 5858
 5  2036 2037 2010 5859
 5  2034 1997 2035 5860
 5  1923 1575 1851 5861
 5  2033  292 1750 5862
 5  2031 2032  348 5863
 5  2029 1811 1903 5864
 5  2029 2030 2012 5865
 5  1919 2028 1917 5866
 5  1938 2027 1948 5867
 5  2014 2026 2015 5868
 5  2023 2024 2025 5869
 5  2020 2021 2022 5870
 5  2017 2018 2019 5871
 5  2014 2015 2016 5872
 5  1708 1829 2013 5873
 5  2011 1812 2012 5874
 5  1988 2010 1986 5875
 5   361 1809 1723 5876
 5  1999 2008 2009 5877
 5  1909 2007 1907 5878
 5  1746 1814 1747 5879
 5  2005 2006 1955 5880
 5  1955 1954 2004 5881
 5  1905 1890 1889 5882
 5  1801 1906 2003 5883
 5  2000 2001 2002 5884
 5  1808 1998 1999 5885
 5  1996 1987 1997 5886
 5  1677 1995 1866 5887
 5   571  573 1980 5888
 5  1992 1993 1994 5889
 5  1989 1990 1991 5890
 5  1986 1987 1988 5891
 5  1983 1984 1985 5892
 5  1980 1981 1982 5893
 5  1979  326  328 5894
 5  1976 1977 1978 5895
 5  1974 1975 1972 5896
 5  1971 1972 1973 5897
 5   547 1969 1970 5898
 5  1967 1612 1968 5899
 5  1965 1966 1856 5900
 5  1962 1963 1964 5901
 5  1575 1876 1851 5902
 5  1895 1894 1873 5903
 5  1879 1434 1433 5904
 5  1878 1810 1961 5905
 5  1959  365 1960 5906
 5  1956 1957 1958 5907
 5  1954 1955 1679 5908
 5  1952 1953 1881 5909
 5  1950 1659 1951 5910
 5  1948 1949 1937 5911
 5  1889 1801 1905 5912
 5  1947 1887 1890 5913
 5  1945  477 1946 5914
 5  1942 1943 1944 5915
 5  1848 1941 1832 5916
 5  1747 1939 1940 5917
 5  1647 1895 1723 5918
 5  1877 1433 1899 5919
 5  1938 1917 1657 5920
 5  1937 1855 1857 5921
 5  1755 1936 1826 5922
 5  1755 1787 1668 5923
 5   359 1746  360 5924
 5  1933 1934 1935 5925
 5  1930 1931 1932 5926
 5  1927 1928 1929 5927
 5  1855 1862 1864 5928
 5  1924 1925 1926 5929
 5  1851 1822 1923 5930
 5  1920 1921 1922 5931
 5  1917 1918 1919 5932
 5  1844 1565 1783 5933
 5  1914 1915 1916 5934
 5  1912 1913 1914 5935
 5  1755 1785 1787 5936
 5  1752 1791 1668 5937
 5  1652 1910 1911 5938
 5  1907 1908 1909 5939
 5  1886 1700 1906 5940
 5  1905 1790 1660 5941
 5  1902 1903 1904 5942
 5  1348 1812 1349 5943
 5  1562 1561 1901 5944
 5  1727 1901 1561 5945
 5  1900 1786 1640 5946
 5  1897 1898 1899 5947
 5  1894 1895 1896 5948
 5  1781 1892 1893 5949
 5  1347 1349 1891 5950
 5  1889 1890 1887 5951
 5  1886 1887 1888 5952
 5  1796 1635 1602 5953
 5  1883 1884 1885 5954
 5  1880 1881 1882 5955
 5  1877 1878 1879 5956
 5  1875 1805 1876 5957
 5  1765 1722 1874 5958
 5   274 1788  275 5959
 5   421 1872 1873 5960
 5  1871 1833 1724 5961
 5  1493 1870 1494 5962
 5  1793 1868 1869 5963
 5  1797 1866 1867 5964
 5  1794 1865 1795 5965
 5  1862 1863 1864 5966
 5  1859 1860 1861 5967
 5   373  120 1858 5968
 5  1704 1778 1672 5969
 5  1794 1795 1759 5970
 5  1844 1563 1565 5971
 5  1234 1802 1551 5972
 5  1855 1856 1857 5973
 5  1852 1853 1854 5974
 5  1850 1823 1851 5975
 5  1782 1697 1849 5976
 5  1848 1834 1835 5977
 5  1686 1688 1705 5978
 5  1845 1846 1847 5979
 5  1844 1783 1784 5980
 5   662 1842 1843 5981
 5  1839 1840 1841 5982
 5   454 1838  455 5983
 5  1741 1712 1714 5984
 5  1741 1660 1740 5985
 5  1836 1837 1825 5986
 5  1622 1667 1642 5987
 5  1690 1687 1835 5988
 5  1832 1833 1834 5989
 5  1546 1479 1400 5990
 5  1829 1830 1831 5991
 5  1535 1827 1828 5992
 5  1755 1826 1785 5993
 5  1641 1824 1825 5994
 5  1821 1822 1823 5995
 5  1532 1264 1354 5996
 5  1574 1819 1820 5997
 5  1817 1649 1818 5998
 5  1815 1779 1816 5999
 5  1493 1813 1814 6000
 5   275 1775 1777 6001
 5  1811 1812 1348 6002
 5   292 1810  293 6003
 5  1808 1645 1809 6004
 5  1805 1806 1807 6005
 5  1727 1434 1804 6006
 5  1802 1803 1784 6007
 5  1639 1790 1801 6008
 5  1602 1800 1796 6009
 5  1797 1798 1799 6010
 5  1635 1796 1636 6011
 5  1420 1756 1795 6012
 5  1792 1793 1794 6013
 5   270 1668 1791 6014
 5  1755 1754 1577 6015
 5  1608 1740 1790 6016
 5  1637 1789 1707 6017
 5   275 1788 1776 6018
 5  1755 1577 1576 6019
 5  1785 1786 1787 6020
 5  1714 1784 1783 6021
 5  1661 1783 1565 6022
 5   265 1665  266 6023
 5  1698 1782 1666 6024
 5  1779 1780 1781 6025
 5  1479 1778 1480 6026
 5   273  275 1777 6027
 5  1774 1775 1776 6028
 5  1772  564 1773 6029
 5  1769 1770 1771 6030
 5  1766 1767 1768 6031
 5  1764 1721 1765 6032
 5  1763 1355 1382 6033
 5  1760 1761 1762 6034
 5  1758 1759 1756 6035
 5  1756 1757 1758 6036
 5  1704 1671 1735 6037
 5  1480 1599 1478 6038
 5  1584 1631 1401 6039
 5  1669 1754 1755 6040
 5  1751 1752 1753 6041
 5   294 1749 1750 6042
 5  1746 1747 1748 6043
 5  1687 1690 1262 6044
 5  1745 1681 1683 6045
 5  1742 1743 1744 6046
 5  1740 1712 1741 6047
 5  1443 1595 1739 6048
 5  1736 1737 1738 6049
 5  1600 1480 1704 6050
 5  1735 1620 1704 6051
 5  1711 1710 1734 6052
 5  1551 1733 1710 6053
 5  1730 1731 1732 6054
 5  1727 1728 1729 6055
 5  1724 1725 1726 6056
 5   359  361 1723 6057
 5  1624 1699 1533 6058
 5  1283  496 1284 6059
 5  1614 1722 1343 6060
 5  1316 1651 1317 6061
 5  1720 1721 1402 6062
 5  1717 1718 1719 6063
 5  1650 1716 1648 6064
 5  1695 1696  265 6065
 5  1428 1430 1341 6066
 5  1630 1541 1526 6067
 5  1542 1585 1715 6068
 5  1712 1713 1714 6069
 5  1710 1711 1551 6070
 5  1708 1658 1709 6071
 5  1705 1706 1707 6072
 5  1704 1620 1600 6073
 5  1703 1673 1587 6074
 5   519   47 1702 6075
 5  1686 1700 1701 6076
 5  1699 1534 1533 6077
 5  1680 1623 1356 6078
 5  1696 1697 1698 6079
 5  1667 1622 1665 6080
 5  1432 1695  265 6081
 5  1452 1693 1694 6082
 5  1691  128 1692 6083
 5  1494 1689 1690 6084
 5  1686 1687 1688 6085
 5  1502 1685 1555 6086
 5  1555 1604 1684 6087
 5  1249 1683 1590 6088
 5  1681 1682 1519 6089
 5  1680 1356 1355 6090
 5  1453 1549 1539 6091
 5  1677 1678 1679 6092
 5  1675 1676  190 6093
 5  1478 1673 1674 6094
 5  1670 1671 1672 6095
 5  1316 1318 1518 6096
 5  1668  270 1669 6097
 5  1309 1483 1482 6098
 5  1665 1666 1667 6099
 5  1663 1510 1664 6100
 5  1660 1661 1662 6101
 5  1657 1658 1659 6102
 5  1655 1570 1656 6103
 5  1652 1653 1654 6104
 5  1578 1651 1316 6105
 5  1648 1649 1650 6106
 5  1645 1646 1647 6107
 5  1629 1643 1644 6108
 5  1640 1641 1642 6109
 5  1637 1638 1639 6110
 5  1635 1636 1632 6111
 5  1632 1633 1634 6112
 5   530 1377 1592 6113
 5  1541 1630 1631 6114
 5  1475 1543 1544 6115
 5  1629 1583 1548 6116
 5  1628 1519 1615 6117
 5  1508 1589 1627 6118
 5  1626  440   79 6119
 5  1540 1469 1625 6120
 5  1533 1623 1624 6121
 5  1621  266 1622 6122
 5  1590 1520 1249 6123
 5  1596 1619 1620 6124
 5  1253 1586 1618 6125
 5  1464 1617 1465 6126
 5   689  691 1616 6127
 5  1525 1615 1518 6128
 5  1343 1317 1614 6129
 5  1252 1613 1231 6130
 5  1610 1611 1612 6131
 5  1608 1283 1609 6132
 5  1533 1532 1356 6133
 5  1607 1336 1462 6134
 5  1606 1337 1422 6135
 5  1603 1604 1605 6136
 5  1235 1601 1602 6137
 5  1588 1599 1600 6138
 5  1596 1597 1598 6139
 5  1443 1471 1595 6140
 5  1581 1567 1594 6141
 5  1592 1377 1593 6142
 5  1443 1591 1458 6143
 5  1543 1475 1474 6144
 5  1589 1508 1590 6145
 5  1324 1323 1414 6146
 5  1586 1587 1588 6147
 5  1542 1584 1585 6148
 5  1425 1410 1417 6149
 5  1548 1583 1539 6150
 5  1569 1581 1582 6151
 5  1569 1568 1580 6152
 5  1248 1509 1579 6153
 5  1576 1577 1578 6154
 5  1575  267  269 6155
 5  1573 1574  420 6156
 5  1570 1571 1572 6157
 5  1568 1569 1461 6158
 5  1566 1567  691 6159
 5  1563 1564 1565 6160
 5  1560 1561 1562 6161
 5  1557 1558 1559 6162
 5  1555 1556 1502 6163
 5  1311 1553 1554 6164
 5  1234 1551 1552 6165
 5  1548 1549 1550 6166
 5  1492 1391 1462 6167
 5  1547 1485 1463 6168
 5  1400 1402 1546 6169
 5  1544 1545 1379 6170
 5  1541 1542 1543 6171
 5  1467 1469 1540 6172
 5  1539 1426 1453 6173
 5  1538 1430 1429 6174
 5  1535 1536 1537 6175
 5  1532 1533 1534 6176
 5  1350 1531 1472 6177
 5  1530 1473  973 6178
 5  1233 1528 1529 6179
 5  1317 1343 1527 6180
 5  1525 1526 1474 6181
 5  1523 1524 1516 6182
 5  1436  799 1373 6183
 5  1465 1522  798 6184
 5  1496 1466 1521 6185
 5  1445 1520 1508 6186
 5  1316 1518 1519 6187
 5  1516 1436 1517 6188
 5   799 1515 1374 6189
 5  1512 1513 1514 6190
 5  1509 1510 1511 6191
 5  1507 1508 1204 6192
 5  1191 1193 1506 6193
 5  1061 1504 1505 6194
 5  1503  262  261 6195
 5  1488 1397 1399 6196
 5  1501 1502 1484 6197
 5  1406 1408 1228 6198
 5  1444 1499 1500 6199
 5  1385 1498 1445 6200
 5  1496 1497  867 6201
 5  1493 1494 1495 6202
 5  1346 1391 1492 6203
 5  1422 1421 1491 6204
 5  1323 1325 1490 6205
 5  1415 1417 1410 6206
 5  1389 1371 1477 6207
 5  1232 1488 1489 6208
 5  1486 1421 1487 6209
 5   557 1485 1393 6210
 5  1482 1483 1484 6211
 5  1409 1381 1481 6212
 5  1478 1479 1480 6213
 5  1056 1229 1477 6214
 5  1474 1475 1476 6215
 5  1326 1350 1440 6216
 5  1278 1472 1473 6217
 5   530  532 1471 6218
 5  1335 1470 1250 6219
 5  1461 1469 1467 6220
 5  1467 1468 1448 6221
 5  1466 1259  932 6222
 5   798 1464 1465 6223
 5  1144 1463 1145 6224
 5  1462 1336 1393 6225
 5  1459 1460 1461 6226
 5  1443 1458 1442 6227
 5  1456 1457 1302 6228
 5  1261 1162 1161 6229
 5  1453 1454 1455 6230
 5  1451 1452 1325 6231
 5  1449  395 1450 6232
 5  1446 1447 1448 6233
 5  1445 1227 1385 6234
 5  1191 1444 1206 6235
 5  1442 1378 1443 6236
 5    44 1441 1146 6237
 5  1257 1256 1161 6238
 5  1440 1321 1160 6239
 5  1437 1438 1439 6240
 5  1409 1064 1364 6241
 5   799 1436  797 6242
 5  1200  967 1330 6243
 5  1433 1434 1435 6244
 5  1341 1432 1428 6245
 5  1395 1431 1214 6246
 5  1333 1335 1387 6247
 5  1428 1429 1430 6248
 5  1425 1426 1427 6249
 5  1358 1424 1359 6250
 5  1282 1281 1399 6251
 5  1421 1422 1423 6252
 5  1418 1419 1420 6253
 5  1063  974  262 6254
 5  1415 1416 1417 6255
 5  1413 1414  261 6256
 5  1410 1411 1412 6257
 5  1409 1192 1381 6258
 5  1406 1407 1408 6259
 5  1403 1404 1405 6260
 5  1400 1401 1402 6261
 5  1397 1398 1399 6262
 5  1127 1396 1281 6263
 5  1104 1103 1296 6264
 5  1214 1259 1395 6265
 5  1394 1179 1171 6266
 5  1336  558 1393 6267
 5  1391 1346 1392 6268
 5  1026 1230 1390 6269
 5  1371 1129 1057 6270
 5  1371 1389 1362 6271
 5  1367 1388 1226 6272
 5  1385 1386 1387 6273
 5  1382 1383 1384 6274
 5  1305 1321 1243 6275
 5  1280 1279 1097 6276
 5  1381 1191 1206 6277
 5  1379 1380 1064 6278
 5  1376 1377 1378 6279
 5  1373 1374 1375 6280
 5  1372 1322 1036 6281
 5  1130 1371 1362 6282
 5  1369 1045 1370 6283
 5  1352 1368 1351 6284
 5  1208 1207 1367 6285
 5  1365  952 1366 6286
 5  1364 1066 1229 6287
 5  1361 1362 1363 6288
 5   845 1203 1213 6289
 5  1359 1303 1360 6290
 5  1304 1353 1102 6291
 5  1357 1000 1358 6292
 5  1354 1355 1356 6293
 5  1107 1353 1217 6294
 5  1351 1047 1352 6295
 5  1350 1278 1280 6296
 5  1347 1348 1349 6297
 5  1327 1289 1288 6298
 5  1345 1298 1346 6299
 5  1342 1343 1344 6300
 5  1061 1341 1062 6301
 5   560 1339 1340 6302
 5  1336 1337 1338 6303
 5  1333 1334 1335 6304
 5  1098 1097 1279 6305
 5  1296 1295 1332 6306
 5  1145 1330 1331 6307
 5  1025 1083 1329 6308
 5  1327 1291 1328 6309
 5  1169 1274 1168 6310
 5  1162 1260 1326 6311
 5  1323 1324 1325 6312
 5   598 1322  696 6313
 5  1243 1321 1242 6314
 5  1241 1222 1223 6315
 5  1193 1319 1320 6316
 5  1316 1317 1318 6317
 5  1294 1268 1269 6318
 5  1143 1314 1315 6319
 5  1312 1313  653 6320
 5  1309 1310 1311 6321
 5  1075 1308  965 6322
 5  1271  963  550 6323
 5  1306 1307 1254 6324
 5  1161 1305 1257 6325
 5  1106 1210 1212 6326
 5  1215 1217 1304 6327
 5  1303 1213 1180 6328
 5  1300 1301 1302 6329
 5  1265 1298 1299 6330
 5   966 1170 1297 6331
 5   549  967 1200 6332
 5  1295 1296 1273 6333
 5  1293 1294 1269 6334
 5  1290 1291 1292 6335
 5  1268 1288 1289 6336
 5   952 1287  953 6337
 5  1149 1286 1147 6338
 5  1283 1284 1285 6339
 5  1125 1281 1282 6340
 5  1055 1038 1037 6341
 5  1278 1279 1280 6342
 5  1276 1277 1245 6343
 5   966 1275  967 6344
 5  1177 1274 1058 6345
 5  1272 1273 1271 6346
 5   550 1270 1271 6347
 5  1268 1006 1269 6348
 5  1265 1266 1267 6349
 5  1262 1263 1264 6350
 5  1260 1162 1261 6351
 5  1214 1258 1259 6352
 5  1171 1046 1045 6353
 5  1172 1178 1182 6354
 5  1106 1164 1210 6355
 5  1255 1256 1257 6356
 5   846 1213 1254 6357
 5  1251 1252 1253 6358
 5  1248 1249 1250 6359
 5   841 1225 1031 6360
 5  1123 1122 1247 6361
 5  1244 1245 1246 6362
 5  1122 1101 1243 6363
 5  1241 1242 1096 6364
 5  1210 1240 1211 6365
 5  1163 1077 1076 6366
 5   695  694  929 6367
 5  1237 1238 1239 6368
 5  1234 1235 1236 6369
 5  1231 1232 1233 6370
 5  1229 1056 1230 6371
 5  1226 1227 1228 6372
 5  1223 1224 1225 6373
 5  1218 1221 1222 6374
 5  1133 1220 1134 6375
 5  1148 1112  806 6376
 5   857 1218 1219 6377
 5  1059 1174 1176 6378
 5  1217 1215 1105 6379
 5  1214 1215 1216 6380
 5  1213 1203 1180 6381
 5   996  995 1080 6382
 5   988  987 1093 6383
 5  1210 1211 1212 6384
 5  1207 1208 1209 6385
 5  1204 1205 1206 6386
 5  1183 1178 1203 6387
 5  1201 1202  883 6388
 5  1198 1199 1200 6389
 5  1075  908 1197 6390
 5   806  975 1148 6391
 5  1086  597 1196 6392
 5  1158 1195  844 6393
 5  1038 1194 1036 6394
 5  1191 1192 1193 6395
 5  1188 1189 1190 6396
 5  1186 1116 1187 6397
 5  1135 1134 1054 6398
 5  1042 1184 1185 6399
 5  1181 1182 1183 6400
 5  1178 1179 1180 6401
 5  1058 1010 1177 6402
 5  1175 1151 1176 6403
 5   943 1174  856 6404
 5    54  502 1173 6405
 5  1046 1171 1172 6406
 5   964 1016 1108 6407
 5  1120 1169 1170 6408
 5  1167 1168 1156 6409
 5  1164 1165 1166 6410
 5  1049 1163  512 6411
 5  1160 1161 1162 6412
 5  1158 1099 1159 6413
 5   928 1154 1157 6414
 5  1156 1012 1116 6415
 5   524  526  906 6416
 5  1154  930 1155 6417
 5  1152 1153  617 6418
 5  1060 1059 1151 6419
 5  1150 1140 1139 6420
 5  1133  942  953 6421
 5  1147 1148 1149 6422
 5    43   44 1146 6423
 5  1143 1144 1145 6424
 5   510  924  923 6425
 5  1142 1081 1078 6426
 5   881  883 1141 6427
 5   285 1139 1140 6428
 5  1137 1093 1138 6429
 5  1048  987 1136 6430
 5  1133 1134 1135 6431
 5  1098 1131 1132 6432
 5  1128 1129 1130 6433
 5  1125 1126 1127 6434
 5  1044 1124  904 6435
 5   841 1122 1123 6436
 5  1120  551 1121 6437
 5  1074 1119  980 6438
 5  1118 1071  644 6439
 5  1117  618 1116 6440
 5  1116 1012 1117 6441
 5   526  525 1115 6442
 5  1088 1113 1114 6443
 5  1110 1111 1112 6444
 5  1092 1108 1109 6445
 5  1105 1106 1107 6446
 5  1102 1103 1104 6447
 5    45   46  753 6448
 5  1099 1100 1101 6449
 5  1096 1097 1098 6450
 5   945  954 1043 6451
 5  1060 1067 1095 6452
 5  1048 1094  987 6453
 5  1091 1092 1093 6454
 5  1089 1090 1035 6455
 5  1087  743 1088 6456
 5  1084 1085 1086 6457
 5  1025 1082 1083 6458
 5  1076 1078 1081 6459
 5  1079 1080  286 6460
 5  1076 1077 1078 6461
 5  1074  980 1075 6462
 5   861 1072 1073 6463
 5  1071  982  914 6464
 5   913  864  649 6465
 5   842 1069 1070 6466
 5   746 1067 1068 6467
 5  1064 1065 1066 6468
 5  1061 1062 1063 6469
 5  1059 1060 1027 6470
 5  1058  907 1010 6471
 5  1055 1056 1057 6472
 5  1042 1053 1054 6473
 5   757  759 1052 6474
 5   866  865 1051 6475
 5   916  824 1050 6476
 5  1048 1049  511 6477
 5  1045 1046 1047 6478
 5   984  985 1044 6479
 5  1042  945 1043 6480
 5  1039 1040 1041 6481
 5  1036 1037 1038 6482
 5   743 1035  912 6483
 5   896 1034  814 6484
 5  1031 1032 1033 6485
 5   971  970 1030 6486
 5   860  702  744 6487
 5   510  923 1029 6488
 5   809  832 1028 6489
 5  1027  857  856 6490
 5  1024 1025 1026 6491
 5  1021 1022 1023 6492
 5   989 1019 1020 6493
 5  1017  909 1018 6494
 5  1014 1015 1016 6495
 5  1013  754  756 6496
 5   232  205  206 6497
 5  1010 1011 1012 6498
 5  1009  744  702 6499
 5   882  881  772 6500
 5  1007 1008  871 6501
 5  1004 1005 1006 6502
 5   949  976  947 6503
 5  1003  534  916 6504
 5   962 1001 1002 6505
 5   998  999 1000 6506
 5   995  996  997 6507
 5   992  993  994 6508
 5   989  990  991 6509
 5   987  988  776 6510
 5   754  986  961 6511
 5   709  711  818 6512
 5   984  897  985 6513
 5   983  901  835 6514
 5   959  939  834 6515
 5   865  864  982 6516
 5   738  726  737 6517
 5   772  981  923 6518
 5   906  908  980 6519
 5   977  978  979 6520
 5   917  888  825 6521
 5   976  949  686 6522
 5   806  805  975 6523
 5   972  973  974 6524
 5   703  968  971 6525
 5   968  969  970 6526
 5   549  966  967 6527
 5   963  964  965 6528
 5   961  962  755 6529
 5   958  959  960 6530
 5   955  956  957 6531
 5   944  954  945 6532
 5   952  953  942 6533
 5   877  951  946 6534
 5   909  950  910 6535
 5   947  948  949 6536
 5   944  945  946 6537
 5   858  942  943 6538
 5   901  941  902 6539
 5   750  535  940 6540
 5   937  938  939 6541
 5   935  504  936 6542
 5   932  933  934 6543
 5   912  931  911 6544
 5   928  929  930 6545
 5   927  879  758 6546
 5   925  721  926 6547
 5   882  923  924 6548
 5   921  922  284 6549
 5   919  892  920 6550
 5   825  737  826 6551
 5   888  917  918 6552
 5   731  915  916 6553
 5   864  913  914 6554
 5   911  741  912 6555
 5   664  909  910 6556
 5   906  907  908 6557
 5   903  904  905 6558
 5   710  709  793 6559
 5   895  876  663 6560
 5   901  902  508 6561
 5   656  899  900 6562
 5   793  838  839 6563
 5   896  897  898 6564
 5   251  253   14 6565
 5   692  782  693 6566
 5   663  665  895 6567
 5   831  893  894 6568
 5   681  880  829 6569
 5   282  891  892 6570
 5   677  889  890 6571
 5   737  825  888 6572
 5   779  725  728 6573
 5   886  862  887 6574
 5   881  884  885 6575
 5   881  882  883 6576
 5   244   26   27 6577
 5   527  529  521 6578
 5   527  674  528 6579
 5   880  810  790 6580
 5   877  878  879 6581
 5   522  509   39 6582
 5   522  529  523 6583
 5   875  876  693 6584
 5   740  739  874 6585
 5   700  873  701 6586
 5   248  715  247 6587
 5   715   20  237 6588
 5   870  871  872 6589
 5   867  868  869 6590
 5   678  787  515 6591
 5   864  865  866 6592
 5   861  862  863 6593
 5   831  859  860 6594
 5   492   36  812 6595
 5   604    8    9 6596
 5     8  784    7 6597
 5   541  540  855 6598
 5    17  785   16 6599
 5   238  240  732 6600
 5   245  786  246 6601
 5   249   24   25 6602
 5   856  857  858 6603
 5   540    6  855 6604
 5   707  244  254 6605
 5   613   10   11 6606
 5   612  679  568 6607
 5   736  569  679 6608
 5   736   13  253 6609
 5   236  724  237 6610
 5   236  235  668 6611
 5   719   32   33 6612
 5    32  257   31 6613
 5   470  849  719 6614
 5   717  716  800 6615
 5   716   28   29 6616
 5   626  260  836 6617
 5     9   10  259 6618
 5    35   36  492 6619
 5   738  727  726 6620
 5   752  833  714 6621
 5    19   20  715 6622
 5   668  724  236 6623
 5     4  673    3 6624
 5   780  545  854 6625
 5   730  627  626 6626
 5    39    0  522 6627
 5   509  787  500 6628
 5   851  852  853 6629
 5   674  780  850 6630
 5   673  672    3 6631
 5   777  849  451 6632
 5   802  451  821 6633
 5   647  671  648 6634
 5   816  848  749 6635
 5   816  818  847 6636
 5   844  845  846 6637
 5   841  842  843 6638
 5   840  705  766 6639
 5   707  254  256 6640
 5   838  734  839 6641
 5   837  779  778 6642
 5   626  836  778 6643
 5   507  834  835 6644
 5   506  819  750 6645
 5   729  833  752 6646
 5   830  831  832 6647
 5   706  682  829 6648
 5   666  235  683 6649
 5   828  247  770 6650
 5   825  826  827 6651
 5   823  824  647 6652
 5   675  656  822 6653
 5   451  450  821 6654
 5   819  820  788 6655
 5   816  817  818 6656
 5   813  814  815 6657
 5    36   37  812 6658
 5   811  514  513 6659
 5    14   15  251 6660
 5   253  569  736 6661
 5   810  768  720 6662
 5   808  769  809 6663
 5   746  807  744 6664
 5   804  805  806 6665
 5   672  527    2 6666
 5   801  802  803 6667
 5   669  250   28 6668
 5    30  800  716 6669
 5   797  798  799 6670
 5   794  795  796 6671
 5   665  792  793 6672
 5   252  733  241 6673
 5   790  791  667 6674
 5   523  788  789 6675
 5   514  678  515 6676
 5   523  787  509 6677
 5   778  612  735 6678
 5   611  736  679 6679
 5    24  249  683 6680
 5    23  235   22 6681
 5   244  707  245 6682
 5   246  786  249 6683
 5    17  238  785 6684
 5     8  604  784 6685
 5   627  730  783 6686
 5   247  781  782 6687
 5    18   19  248 6688
 5   780  762  545 6689
 5   626  778  779 6690
 5    10  613  259 6691
 5   653  234  233 6692
 5   258  777  717 6693
 5   774  775  776 6694
 5   771  772  773 6695
 5   770  715  724 6696
 5   767  768  769 6697
 5   765  766  705 6698
 5   469   33   34 6699
 5   763  533  764 6700
 5     4  762  673 6701
 5   692  732  240 6702
 5   708  760  761 6703
 5   757  758  759 6704
 5   754  755  756 6705
 5   519  518  753 6706
 5   752  545  729 6707
 5   750  751  535 6708
 5   735  568  749 6709
 5   747  748  452 6710
 5   744  745  746 6711
 5   741  742  743 6712
 5   739  740  699 6713
 5   737  687  738 6714
 5    12   13  736 6715
 5   612  568  735 6716
 5   252  734  569 6717
 5   732  241  733 6718
 5     5    6  540 6719
 5   713  712  731 6720
 5   728  729  730 6721
 5   725  726  727 6722
 5   668  723  724 6723
 5   720  721  722 6724
 5    33  470  719 6725
 5   257   32  719 6726
 5   716  717  718 6727
 5   521    0    1 6728
 5    19  715  248 6729
 5   712  713  714 6730
 5   709  710  711 6731
 5   708  154  155 6732
 5   705  706  707 6733
 5   702  703  704 6734
 5   699  700  701 6735
 5   697  473  698 6736
 5   694  695  696 6737
 5   692  693  242 6738
 5   689  690  691 6739
 5   686  687  688 6740
 5   684  685  517 6741
 5   235   23  683 6742
 5   680  681  682 6743
 5   612  611  679 6744
 5    37  500  678 6745
 5    18  248  239 6746
 5   675  676  677 6747
 5   672  673  674 6748
 5   670  648  671 6749
 5   493   34   35 6750
 5   250  669  254 6751
 5   666  667  668 6752
 5    22  236   21 6753
 5   663  664  665 6754
 5   252  569  253 6755
 5   660  661  662 6756
 5   626  604  260 6757
 5   657  658  659 6758
 5   654  655  656 6759
 5     2  527    1 6760
 5   652  234  653 6761
 5   209  650  651 6762
 5   647  648  649 6763
 5   644  645  646 6764
 5   643  209  210 6765
 5   641  212  642 6766
 5   638  639  640 6767
 5   635  214  215 6768
 5   635  636  637 6769
 5   632  633  634 6770
 5   631  608  599 6771
 5   628  629  630 6772
 5   626  627  604 6773
 5   623  624  625 6774
 5   620  622  621 6775
 5   619  620  621 6776
 5   616  617  618 6777
 5   202  614  615 6778
 5   611  612  613 6779
 5   608  609  610 6780
 5   605  606  607 6781
 5     9  260  604 6782
 5   580  602  603 6783
 5   599  600  601 6784
 5   596  597  598 6785
 5   595  589  591 6786
 5   592  593  594 6787
 5   589  590  591 6788
 5   586  587  588 6789
 5   585  193  194 6790
 5   583  584  585 6791
 5   580  581  582 6792
 5   577  578  579 6793
 5   574  575  576 6794
 5   571  572  573 6795
 5   568  569  570 6796
 5   187  567  566 6797
 5   186  187  566 6798
 5   183  564  565 6799
 5   562  230  563 6800
 5   559  560  561 6801
 5   556  557  558 6802
 5   342  555  552 6803
 5   552  553  554 6804
 5   549  550  551 6805
 5   546  547  548 6806
 5   545  536  541 6807
 5   542  543  544 6808
 5   540  541  536 6809
 5   537  538  539 6810
 5   536    4    5 6811
 5   533  534  535 6812
 5   530  531  532 6813
 5   527  528  529 6814
 5   524  525  526 6815
 5   523  509  522 6816
 5     0  521  522 6817
 5   518  519  520 6818
 5   516  517   48 6819
 5   513  514  515 6820
 5   510  511  512 6821
 5    38   39  509 6822
 5   506  507  508 6823
 5   503  504  505 6824
 5    55  501  502 6825
 5   500   37   38 6826
 5   497  498  499 6827
 5   494  495  496 6828
 5   492  493   35 6829
 5   489  490  491 6830
 5    59  486  488 6831
 5   485  486  487 6832
 5   482  483  484 6833
 5   479  480  481 6834
 5   476  477  478 6835
 5   473  474  475 6836
 5   471   67  472 6837
 5    33  469  470 6838
 5   466  467  468 6839
 5    70  465   69 6840
 5   464  465   70 6841
 5   461  462  463 6842
 5   459  460  458 6843
 5   457  458   74 6844
 5   454  455  456 6845
 5   453  443  442 6846
 5   450  451  452 6847
 5    76  448  449 6848
 5   445  446  447 6849
 5   442  443  444 6850
 5   439  440  441 6851
 5   438   80   81 6852
 5   435  436  437 6853
 5   433  434  430 6854
 5   430  431  432 6855
 5   424  429  422 6856
 5   427  426  428 6857
 5   425  427   91 6858
 5   425  426  427 6859
 5   422  423  424 6860
 5   419  420  421 6861
 5   416  417  418 6862
 5   413  414  415 6863
 5   411  410   97 6864
 5   410  411  412 6865
 5   409  406  100 6866
 5   406  407  408 6867
 5   403  404  405 6868
 5   400  401  402 6869
 5   397  398  399 6870
 5   394  396  392 6871
 5   393  394  395 6872
 5   388  391  392 6873
 5   389  109  390 6874
 5   388  108  389 6875
 5   387  112  384 6876
 5   384  385  386 6877
 5   381  382  383 6878
 5   115  379  380 6879
 5   376  377  378 6880
 5   375  118  119 6881
 5   375  119  373 6882
 5   373  374  375 6883
 5   370  371  372 6884
 5   367  368  369 6885
 5   364  365  366 6886
 5   125  363  364 6887
 5   362  363  126 6888
 5   359  360  361 6889
 5   356  357  358 6890
 5   355  354  130 6891
 5   130  354  129 6892
 5   354  355  352 6893
 5   351  352  353 6894
 5   346  350  135 6895
 5   347  348  349 6896
 5   136  345  346 6897
 5   343  341  344 6898
 5   341  342  340 6899
 5   340  180  181 6900
 5   178  339  177 6901
 5   176  337  338 6902
 5   336  335  337 6903
 5   332  334  335 6904
 5   331  332  333 6905
 5   329  328  330 6906
 5   326  327  328 6907
 5   323  324  325 6908
 5   167  168  322 6909
 5   167  322  319 6910
 5   320  321  317 6911
 5   317  318  319 6912
 5   315  316  317 6913
 5   313  164  314 6914
 5   310  311  312 6915
 5   162  309  161 6916
 5   306  307  308 6917
 5   300  158  159 6918
 5   300  159  305 6919
 5   132  303  304 6920
 5   300  301  302 6921
 5   298  139  299 6922
 5   295  296  297 6923
 5   292  293  294 6924
 5   291  141  142 6925
 5   288  289  290 6926
 5   279  144  145 6927
 5   285  286  287 6928
 5   282  283  284 6929
 5   279  280  281 6930
 5   147  278  146 6931
 5   276  277  148 6932
 5   273  274  275 6933
 5   270  271  272 6934
 5   267  268  269 6935
 5   264  265  266 6936
 5   261  262  263 6937
 5     9  259  260 6938
 5    31  257  258 6939
 5    13   14  253 6940
 5   254  255  256 6941
 5   251  252  253 6942
 5   244   27  250 6943
 5   249   25  246 6944
 5   247  239  248 6945
 5   244  245  246 6946
 5   241  242  243 6947
 5   238  239  240 6948
 5   236  237   21 6949
 5    22  235  236 6950
 5   232  233  234 6951
%
% Node coordinates
%
NPOIN= 3592 
      -100.0000000000000    1.224646757293960e-14    0
      -98.76883697509770       -15.64344692230220    1
      -95.10565185546881       -30.90169906616210    2
      -89.10065460205080       -45.39905166625980    3
      -80.90170288085940       -58.77852630615230    4
      -70.71067810058589       -70.71067810058589    5
      -58.77852630615230       -80.90170288085940    6
      -45.39905166625980       -89.10065460205080    7
      -30.90169906616210       -95.10565185546881    8
      -15.64344692230220       -98.76883697509770    9
  -1.836970178292590e-14       -100.0000000000000   10
       15.64344692230220       -98.76883697509770   11
       30.90169906616210       -95.10565185546881   12
       45.39905166625980       -89.10065460205080   13
       58.77852630615230       -80.90170288085940   14
       70.71067810058589       -70.71067810058589   15
       80.90170288085940       -58.77852630615230   16
       89.10065460205080       -45.39905166625980   17
       95.10565185546881       -30.90169906616210   18
       98.76883697509770       -15.64344692230220   19
       100.0000000000000        0.000000000000000   20
       98.76883697509770        15.64344692230220   21
       95.10565185546881        30.90169906616210   22
       89.10065460205080        45.39905166625980   23
       80.90170288085940        58.77852630615230   24
       70.71067810058589        70.71067810058589   25
       58.77852630615230        80.90170288085940   26
       45.39905166625980        89.10065460205080   27
       30.90169906616210        95.10565185546881   28
       15.64344692230220        98.76883697509770   29
   6.123233786469810e-15        100.0000000000000   30
      -15.64344692230220        98.76883697509770   31
      -30.90169906616210        95.10565185546881   32
      -45.39905166625980        89.10065460205080   33
      -58.77852630615230        80.90170288085940   34
      -70.71067810058589        70.71067810058589   35
      -80.90170288085940        58.77852630615230   36
      -89.10065460205080        45.39905166625980   37
      -95.10565185546881        30.90169906616210   38
      -98.76883697509770        15.64344692230220   39
       0.000000000000000        0.000000000000000   40
   0.0001051127910614010     0.001165737863630060   41
   0.0003451704978942870     0.002330780262127520   42
   0.0007326900959014890     0.003494375152513380   43
    0.001276999711990360     0.004656096920371060   44
    0.001973092555999760     0.005815388169139620   45
    0.002858132123947140     0.006970721762627360   46
    0.003939032554626460     0.008121287450194361   47
    0.005185037851333620     0.009267500601708891   48
    0.006539613008499150      0.01041201036423440   49
    0.007984459400177000      0.01155596133321520   50
    0.009577721357345579      0.01269672065973280   51
     0.01134461164474490      0.01383305341005330   52
     0.01328635215759280      0.01496464014053340   53
     0.01542121171951290      0.01608993858098980   54
     0.01774638891220090      0.01720915734767910   55
     0.02023851871490480      0.01832416467368600   56
     0.02291005849838260      0.01943397335708140   57
     0.02576607465744020      0.02053830586373810   58
     0.02879580855369570      0.02163846604526040   59
     0.03199326992034910      0.02273553423583510   60
     0.03537228703498840      0.02382827177643780   61
     0.03891497850418090      0.02491953969001770   62
     0.04259017109870910      0.02601420320570470   63
     0.04645630717277530      0.02710510604083540   64
     0.05049252510070800      0.02819604612886910   65
     0.05469727516174320      0.02928791008889680   66
     0.05909299850463870      0.03037821687757970   67
     0.06365954875946039      0.03147093951702120   68
     0.06838649511337280      0.03256905823946000   69
     0.07332068681716920      0.03366525098681450   70
     0.07843562960624691      0.03476550802588460   71
     0.08375442028045650      0.03586603328585620   72
     0.08928063511848450      0.03696753084659580   73
     0.09501701593399051      0.03806984424591060   74
      0.1010102331638340      0.03916422650218010   75
      0.1072062253952030      0.04026277735829350   76
      0.1136637628078460      0.04135302454233170   77
      0.1203565001487730      0.04244164749979970   78
      0.1272729039192200      0.04353231564164160   79
      0.1344466507434840      0.04461721703410150   80
      0.1419069468975070      0.04568861797451970   81
      0.1496536135673520      0.04674641042947770   82
      0.1576814949512480      0.04779172688722610   83
      0.1660248339176180      0.04881371930241580   84
      0.1746245622634890      0.04983090236783030   85
      0.1835020482540130      0.05083692073822020   86
      0.1926559209823610      0.05183169245719910   87
      0.2020680904388430      0.05282276868820190   88
      0.2117756903171540      0.05379525944590570   89
      0.2217475175857540      0.05476229265332220   90
      0.2320270836353300      0.05570466443896290   91
      0.2426079511642460      0.05662427470088010   92
      0.2535301446914670      0.05749983713030820   93
      0.2647941112518310      0.05832639336586000   94
      0.2764054536819460      0.05909530073404310   95
      0.2883291840553280      0.05982166528701780   96
      0.3005529642105100      0.06050977110862730   97
      0.3130726814270020      0.06115816161036490   98
      0.3258830904960630      0.06176609918475150   99
      0.3389919400215150      0.06232085451483730  100
      0.3523894548416140      0.06282301247119899  101
      0.3660713136196140      0.06326690316200261  102
      0.3800389170646670      0.06363599747419360  103
      0.3942807912826540      0.06392400711774830  104
      0.4087766110897060      0.06414406746625900  105
      0.4235162138938900      0.06428562104702000  106
      0.4384851455688480      0.06435070931911470  107
      0.4536674916744230      0.06432612985372541  108
      0.4690417945384980      0.06418871134519580  109
      0.4845884144306180      0.06395482271909710  110
      0.5002762079238890      0.06360501796007161  111
      0.5160748958587650      0.06313349306583400  112
      0.5319590568542480      0.06254477798938750  113
      0.5478921532630920      0.06183055788278580  114
      0.5638301968574519      0.06098204478621480  115
      0.5797371864318850      0.05999837070703510  116
      0.5956164002418520      0.05890367180109020  117
      0.6114472150802610      0.05770172551274300  118
      0.6271871328353880      0.05638685822486880  119
      0.6428214907646180      0.05496648699045180  120
      0.6584149599075320      0.05347967892885210  121
      0.6737585067749020      0.05185642465949060  122
      0.6888993382453920      0.05012673139572140  123
      0.7042160034179690      0.04843495786190030  124
      0.7193410396575930      0.04666095972061160  125
      0.7341139912605290      0.04475884139537810  126
      0.7489700317382810      0.04287994652986530  127
      0.7636658549308780      0.04095442220568660  128
      0.7780403494834900      0.03894298896193500  129
      0.7922744154930110      0.03690845519304280  130
      0.8063289523124690      0.03484725579619410  131
      0.8201366662979130      0.03274982050061230  132
      0.8336892127990720      0.03062343597412110  133
      0.8470668792724610      0.02849674224853520  134
      0.8601957559585570      0.02635983005166050  135
      0.8730279207229610      0.02421026304364200  136
      0.8855857253074650      0.02206263877451420  137
      0.8978731632232670      0.01992686651647090  138
      0.9098071455955510      0.01779403723776340  139
      0.9214465022087100      0.01568681560456750  140
      0.9327191114425660      0.01359959132969380  141
      0.9435870051383970      0.01153454557061200  142
      0.9540644884109500     0.009505425579845911  143
      0.9641631841659550     0.007525455206632610  144
      0.9738758206367490     0.005604205187410120  145
      0.9830872416496280     0.003729917574673890  146
      0.9918504953384401     0.001925029675476250  147
       1.000000000000000    0.0001699999993434180  148
      0.9853970408439640    0.0009428599150851370  149
      0.9695732593536380     0.001489007263444360  150
      0.9526804089546200     0.001679251203313470  151
      0.9349957108497620     0.001511327689513560  152
      0.9168222546577450    0.0009227616828866300  153
      0.8983380794525150    8.054462341533510e-06  154
      0.8797067403793331    -0.001210561604239050  155
      0.8610174655914310    -0.002686113817617300  156
      0.8422674536705020    -0.004354327917099000  157
      0.8235722184181210    -0.006217850837856530  158
      0.8049457669258120    -0.008241767995059490  159
      0.7863141298294070     -0.01036873925477270  160
      0.7678796052932740     -0.01264218706637620  161
      0.7495508193969730     -0.01500672101974490  162
      0.7313483357429500     -0.01744982041418550  163
      0.7132214307785030     -0.01993851736187930  164
      0.6951977014541630     -0.02246599644422530  165
      0.6773055195808410     -0.02502630092203620  166
      0.6594728827476500     -0.02758665196597580  167
      0.6418011188507080     -0.03016339242458340  168
      0.6243042349815370     -0.03275020420551300  169
      0.6065399646759030     -0.03521266952157020  170
      0.5888153314590450     -0.03762762248516080  171
      0.5713157057762150     -0.04003950580954550  172
      0.5538190603256230     -0.04237503558397290  173
      0.5363336801528930     -0.04462694749236110  174
      0.5188096761703490     -0.04676951467990880  175
      0.5012295246124270     -0.04878489673137660  176
      0.4835794866085050     -0.05065427348017690  177
      0.4658685922622680     -0.05236319825053220  178
      0.4480717480182650     -0.05388031527400020  179
      0.4301885962486270     -0.05517242103815080  180
      0.4122794568538670     -0.05622962117195130  181
      0.3944020271301270     -0.05703297257423400  182
      0.3766198158264160     -0.05754299089312550  183
      0.3590588271617890     -0.05778745934367180  184
      0.3418258726596830     -0.05776616930961610  185
      0.3249974250793460     -0.05754758045077320  186
      0.3086399734020230     -0.05713268741965290  187
      0.2927811741828920     -0.05656399205327030  188
      0.2774220108985900     -0.05587914213538170  189
      0.2625653147697450     -0.05509970337152480  190
      0.2482267022132870     -0.05422909930348400  191
      0.2344165146350860     -0.05327359586954120  192
      0.2210974693298340     -0.05226382613182070  193
      0.2082438766956330     -0.05121721699833870  194
      0.1958884000778200     -0.05011982470750810  195
      0.1840233504772190     -0.04897923022508620  196
      0.1725961565971370     -0.04781839996576310  197
      0.1616173982620240     -0.04663335904479030  198
      0.1511152982711790     -0.04541423544287680  199
      0.1410477757453920     -0.04417625442147250  200
      0.1314679384231570     -0.04290277510881420  201
      0.1222792565822600     -0.04162334650754930  202
      0.1134960949420930     -0.04033208265900610  203
      0.1051684617996220     -0.03901563584804530  204
     0.09719923138618471     -0.03769797086715700  205
     0.08964005112648010     -0.03636518120765690  206
     0.08247101306915280     -0.03502155095338820  207
     0.07564741373062130     -0.03367514535784720  208
     0.06917616724967959     -0.03232324495911600  209
     0.06298619508743290     -0.03097752667963500  210
     0.05711802840232850     -0.02962872758507730  211
     0.05161416530609130     -0.02826815843582150  212
     0.04642483592033390     -0.02690353803336620  213
     0.04156750440597530     -0.02553076110780240  214
     0.03698146343231200     -0.02415761165320870  215
     0.03265759348869320     -0.02278346754610540  216
     0.02861636877059940     -0.02140477113425730  217
     0.02490270137786870     -0.02001537941396240  218
     0.02143678069114690     -0.01862346194684510  219
     0.01820489764213560     -0.01722909882664680  220
     0.01524919271469120     -0.01582761853933330  221
     0.01256430149078370     -0.01441901084035630  222
     0.01017087697982790     -0.01300184894353150  223
    0.008062899112701419     -0.01157660502940420  224
    0.006177186965942380     -0.01014706678688530  225
    0.004468053579330440    -0.008714943192899231  226
    0.003018766641616820    -0.007276044692844150  227
    0.001912891864776610    -0.005828497931361200  228
    0.001121968030929570    -0.004374681971967220  229
   0.0005391836166381840    -0.002918316749855880  230
   0.0001753866672515870    -0.001459796912968160  231
     0.09121524220503728     -0.04287369209763291  232
     0.08382941525953008     -0.04108302408017406  233
     0.08525201566180647     -0.04785390887705692  234
       81.14013415810773        31.81286316277705  235
       86.13375493284367        19.10033156427445  236
       89.85586787559618        7.547348263494632  237
       78.28229316531099       -36.30687547963883  238
       79.85787981979665       -25.48131529618925  239
       67.25660353206786       -27.58281485365904  240
       49.20836750321006       -43.66328285390399  241
       45.86908932932100       -33.72260113616861  242
       39.12390781377117       -38.52307363574739  243
       45.28920759807811        71.06495063819828  244
       49.98869231316769        56.92684028347986  245
       59.24419479757764        63.74697171459182  246
       70.36506352554269       -13.64185119047350  247
       85.88175484993748       -18.05071694434709  248
       69.27690498020033        57.18423246559454  249
       35.37478457917795        81.30176155808056  250
       58.59200597258487       -65.83800807593852  251
       46.71110624557635       -58.44597056010301  252
       46.43374251470077       -73.61993269623312  253
       28.94781681903262        68.72105348038913  254
       17.60837591100115        61.88942071706968  255
       26.09647673487183        57.28652522825696  256
      -21.04567406095548        86.81270209218603  257
      -10.68164619234699        82.77935433101140  258
      -2.789067322350279       -88.19981307268182  259
      -13.14095261238204       -84.88894408199813  260
       2.414797203557393        4.254935128267219  261
       2.584492503787195        3.595952022067730  262
       3.146886071044537        4.035346823401266  263
       2.341848350111386        1.644892901396747  264
       1.968333945485089        1.678202137057530  265
       2.143467585291364        1.349347316163093  266
       1.597434916104136       0.5953218744264153  267
       1.605479400439302       0.8048280540256018  268
       1.482496397463380       0.6832001098313375  269
       1.807799880645801      -0.1069540183199903  270
       1.665298967944680     -0.08479077385972587  271
       1.710109080298718      -0.1952279984465435  272
      0.5428981637538504        1.268124810137537  273
      0.7446592905289312        1.220164304565985  274
      0.6459565679429796        1.418589830045835  275
       1.006833798545001    0.0009616013772689728  276
      0.9997631692874021     0.006924264963720933  277
      0.9870471376151033     0.008443226806015128  278
      0.9704023398365114      0.01348882900279914  279
      0.9798846458167318      0.01118397395727718  280
      0.9780683999471407      0.01915187730827853  281
       3.579589795024087        46.01289696787033  282
       8.410231111816113        41.20067319609364  283
       12.27454042128122        46.09388536941461  284
     0.06465545051191163        19.58631218489424  285
      -2.299179189473133        17.81600221092206  286
     -0.2923131841041529        16.91818088871213  287
      0.9631444169903324      0.08066786115192554  288
      0.9462187490584645      0.07134319260330364  289
      0.9656440944269864      0.06111545263627562  290
      0.9422893565573855      0.02056818648293282  291
       1.054921226082579       0.4552549371857964  292
      0.9647773358888279       0.4359597944247970  293
       1.015171020177455       0.3749389905013759  294
      0.9024749639500460      0.04040828373112194  295
      0.8910399447399732      0.04179921887883124  296
      0.8940024912262651      0.03107351907300533  297
      0.9053357640584490      0.02835798655905616  298
      0.9148571034925175      0.02551228914695888  299
      0.8176674967453271     -0.02262722513200425  300
      0.8097131362832448     -0.03944387914450345  301
      0.8350300879950843     -0.03828090870387214  302
      0.8315681756705772      0.04029451043212392  303
      0.8243877430257970      0.04721442180322276  304
      0.7983739139114114     -0.02416776332122286  305
      0.4765293417088104      -0.5480061474982676  306
      0.3820122305663310      -0.4841206400844622  307
      0.3724753547125748      -0.5831807346842822  308
      0.7618806905084078     -0.02966733007567586  309
      0.7690909619504067      -0.1299358031918769  310
      0.7404250341074249      -0.1049826059309020  311
      0.7443861738245929      -0.1337865063700725  312
      0.7270132168394515     -0.03135248618315763  313
      0.7162233528232752     -0.03981220668010144  314
      0.7094144106608851     -0.06167196593602477  315
      0.7010452253259682     -0.03861105110779905  316
      0.6862055300825034     -0.05166207502234215  317
      0.6860089261564800     -0.03611554520222138  318
      0.6713149120758775     -0.04080826825046332  319
      0.6663430630111465     -0.05970387970903209  320
      0.6844595582461123     -0.07255288778506534  321
      0.6525535508766441     -0.04475515668117231  322
      0.6863425190110701      -0.1662917209222369  323
      0.6492340911285288      -0.1840635315008234  324
      0.6881773853085794      -0.2103039522961937  325
      0.5933479267174572     -0.06530049903115340  326
      0.5810536884405109     -0.05392682902771741  327
      0.5759368173318713     -0.07374395303544029  328
      0.5533991877464653     -0.08622363992405505  329
      0.5629220506696868     -0.05895359021268265  330
      0.5396856119321959      -0.1168285841744817  331
      0.5301811481111214     -0.09568853064517312  332
      0.5162450336779237      -0.1138587131227482  333
      0.5310794623027082     -0.07476933246881050  334
      0.5080371194288144     -0.08684259460195816  335
      0.4878167825498356     -0.07648574270718607  336
      0.5011380852569466     -0.06746850420674472  337
      0.5157964134579632     -0.06344130163504008  338
      0.4756059081255630     -0.06513870412717798  339
      0.4161089112659002     -0.06770376310225164  340
      0.4106072953564977     -0.08231151248152839  341
      0.4277102191399096     -0.07471856640863092  342
      0.3913868327080359     -0.08716755168622144  343
      0.4005062497704568     -0.07024549037058425  344
      0.8817053860783904      0.03388611997803753  345
      0.8684104702500210      0.03560248260469170  346
      0.8314082395055689      0.07222147139121977  347
      0.8461460763738701      0.05893749339798444  348
      0.8528074325671418      0.08248939647708298  349
      0.8558316033105318      0.03555536399509820  350
      0.7928413404457945      0.07834142812958210  351
      0.8000425069744562      0.06276626078432258  352
      0.8128185071438034      0.07851533582152212  353
      0.7898439455708874      0.05084520915480763  354
      0.8029914768074470      0.04780729596587131  355
      0.7042779058722677       0.1156353604966350  356
      0.7275690937994381       0.1129678928929519  357
      0.7200101697965260       0.1377440530078250  358
      0.1754910481136039       0.8181653057565573  359
      0.1493839412940033       0.6923982749731881  360
      0.2495923362908759       0.7244367528597012  361
      0.7424182914257867      0.05239123282415969  362
      0.7302399387461580      0.05704083241462864  363
      0.7148909893489583      0.05962317484852464  364
      0.7079296179102669      0.07160275532520302  365
      0.7024044762548465      0.05888619407891203  366
      0.6927030587583242      0.07983984278256762  367
      0.6837017835289949      0.06418330793780756  368
      0.6951276549395649      0.06492776630404233  369
      0.7312115399739324       0.3458090219659391  370
      0.7168930685707291       0.2843308644795383  371
      0.7671997067913214       0.2968905684241845  372
      0.6326276292710317      0.06796437732633437  373
      0.6238497620811494      0.08031469820639114  374
      0.6146623781270787      0.07097477838457704  375
      0.6251525705774614       0.1761439895366235  376
      0.6491482886744246       0.1555810117864241  377
      0.6557999413820224       0.1900061366925863  378
      0.5633082149350386      0.07611162526632394  379
      0.5507818367722319      0.07342523632886284  380
      0.5094549253667132       0.1001661366891447  381
      0.5010435211129112      0.08867409007979904  382
      0.5208350984112108      0.08845990256476294  383
      0.5259200533483598      0.07367240849239363  384
      0.5389757547527656      0.07074321791833062  385
      0.5383256735258962      0.08224310889822334  386
      0.5081316848301840      0.07563279830509269  387
      0.4454168304664516      0.07863273648966473  388
      0.4581714431450626      0.07748885562215202  389
      0.4697212123993363      0.08454766198567169  390
      0.4373964756252074      0.09108826547162829  391
      0.4311085430506246      0.07813514831302856  392
      0.4174013521029812       0.1146998379675283  393
      0.4220169238612040      0.09322469160916824  394
      0.4357498164935591       0.1074536137221542  395
      0.4188112695767180      0.07663438749474766  396
      0.3867601116806774      0.07620717301015331  397
      0.3986856431148628      0.07525353762275711  398
      0.3940356930203000      0.08834846771150470  399
      0.3510891506530043      0.09586458163072475  400
      0.3402663743233575      0.08401627154596406  401
      0.3524152133351411      0.07924645283495002  402
      0.3674004415250898       0.1064326879962401  403
      0.3643843287080777      0.08690973154404216  404
      0.3789529319749421      0.08978163752184037  405
      0.3329976766748537      0.07315306874128691  406
      0.3265672846064783      0.08473426560734745  407
      0.3201371494447858      0.07225848773776644  408
      0.3434121318392963      0.07231193202164744  409
      0.2993452328115788      0.07764857112501794  410
      0.3090820135885932      0.07055278795918205  411
      0.3130095914992752      0.08258464256174414  412
      0.2931741764619245       0.1017494306966874  413
      0.3042876173383241      0.09355405688061603  414
      0.3086834009544304       0.1123615103565690  415
      0.2577162625003275      0.06648286133689478  416
      0.2684508591627590      0.06811200245456393  417
      0.2608975350221346      0.07515740787969366  418
      0.2485348261588349        1.385534892043611  419
     0.05939236427976002        1.474615995054017  420
      0.1521490129604373        1.254601585808766  421
      0.1917771343878474       0.1083311657054697  422
      0.1751977378691851       0.1100930674061609  423
      0.1827164232312445      0.09584451885390646  424
      0.2362756142455737      0.06525229188733865  425
      0.2298730222152664      0.07228400576650719  426
      0.2257677903093197      0.06370787418776105  427
      0.2177772754432127      0.07300657212018896  428
      0.1956333660188109      0.09306213911771349  429
      0.1829362341510353      0.06525916602642283  430
      0.1780093305521350      0.05743267490428988  431
      0.1854366235849594      0.05711532771455499  432
      0.1856221298399750      0.07584251878884664  433
      0.1770508650860838      0.07316223382170839  434
      0.1543014185633414       0.1489217816864353  435
      0.1786503713090408       0.1528225742149850  436
      0.1541795956193635       0.1714589865151440  437
      0.1388357560291150      0.05046929198251979  438
      0.1166789001547531      0.05155367252873402  439
      0.1220887046474047      0.04794372747450483  440
      0.1235553033728074      0.05459056808189682  441
      0.1109789216574325      0.06224902636287800  442
      0.1102781958774550      0.05503730679744734  443
      0.1171166372914739      0.05892821951197779  444
     0.08315455123815364      0.07669977668058356  445
     0.08703297668787609      0.06738917600177621  446
     0.09619666698549005      0.07154856568117184  447
      0.1103594332554814      0.04691415697068489  448
      0.1043066803007237      0.04450405378370438  449
      -18.79198678701141        50.01534563895227  450
      -16.67007891045193        59.35821093372942  451
      -26.22120339376998        53.62503818641992  452
      0.1028641380732062      0.06018903763025943  453
    -0.08756243893039797       0.4515593369589830  454
     -0.1664423115457997       0.4209963620276121  455
     -0.1060735905160173       0.3768582799591426  456
     0.09557960359542725      0.04253940152706128  457
     0.09049264808794910      0.04201164623596795  458
     0.09228573688805505      0.04781444779303556  459
     0.08660191047080046      0.04577969283226915  460
     0.05998199821993246      0.04437592310629865  461
     0.06682102836787228      0.04678462580432002  462
     0.06072451779030206      0.05020426550708771  463
     0.07482606171493787      0.03854798516583080  464
     0.06934635112826325      0.03660129189309953  465
     0.02844944534997731      0.07198904008983677  466
     0.02881159483513557      0.08204993291162598  467
     0.01727270104701711      0.07938569314473008  468
      -47.96948965094351        70.69190596124480  469
      -35.31637799495775        73.42931761981066  470
     0.05565836548775402      0.03262381389161782  471
     0.05939699885188724      0.03324280677678508  472
     0.04837036176322820      0.03912468075837282  473
     0.04409324253260395      0.03625803844355301  474
     0.04835989320229568      0.03412503704784715  475
     0.01712552386313316      0.05285592824309007  476
     0.01606665663393745      0.04424867571137732  477
     0.02192316050961177      0.04717389539033082  478
     0.03886524018715610      0.02888429436842548  479
     0.04090742424646286      0.03303525900059148  480
     0.03627647210859881      0.03299838823776621  481
     0.03046932583125888      0.05197144048454461  482
     0.02962377765148245      0.06019763789581042  483
     0.02445889561638480      0.05358392517077647  484
     0.03122494711053335      0.02786368373775765  485
     0.02857452525518546      0.02546401567138270  486
     0.03163265968348248      0.02464289099399580  487
     0.02648608012560186      0.02320259195649162  488
    -0.08231315520267543      0.05390859286941779  489
    -0.09343450971625500      0.03965150506584156  490
    -0.07499956976216073      0.03958780970426552  491
      -65.51336640185737        57.80629705880477  492
      -59.35687635018243        66.97853682379692  493
      -1.643770074552914       0.9998713893034811  494
      -1.976169646203986       0.9481722922834660  495
      -1.714419162010994       0.6817727797282120  496
     0.02369525451122751      0.03044066064467538  497
     0.02171923286796048      0.02646464513240193  498
     0.02537390377738415      0.02623242701150489  499
      -83.64202782673343        30.30818668926918  500
     0.01682709619946571      0.01997019940447864  501
     0.01505585474181220      0.01867781761853704  502
     0.01120370015638293      0.01584820320845039  503
     0.01046707783751130      0.01800103803791365  504
    0.008960083611054964      0.01627864493842516  505
      -47.04368772689190        1.196150589517833  506
      -39.62473548213224        1.870887452645361  507
      -45.88186436307116        6.956298798552772  508
      -85.86556906116161        17.94975127470576  509
      -15.49075251404198        13.96029585166516  510
      -14.87606401977572        11.28117895053648  511
      -13.01621122373690        12.46312066731372  512
      -51.60718076682418        35.42165750361421  513
      -63.10249714176672        38.18587600070811  514
      -59.99985681055826        26.87242541381919  515
    0.005118898755268857      0.01092056505097105  516
    0.003745859256679767      0.01046525988363951  517
   0.0005233562924744589     0.007218675563323864  518
    0.002149097507816081     0.008084772045928496  519
   0.0004300773125295102     0.008845252527814259  520
      -90.98747684356019       -7.885551829297574  521
      -87.76982557937561        4.591510941831299  522
      -74.72151231805199        8.351602597405966  523
      -17.27958586642719       -11.16869234716434  524
      -17.55258724192875       -14.71777114270834  525
      -14.65412540939685       -12.74170565373375  526
      -84.19673370924586       -20.76644081662180  527
      -69.49009669944688       -19.06860330553186  528
      -76.27555827838226       -6.510183314128570  529
      -2.304220600980177      -0.6237322705840802  530
      -1.908539379524625      -0.5689868824294106  531
      -2.086965134569189      -0.1940175746155100  532
      -46.12826022712298       -18.15488389499296  533
      -39.03353761907038       -17.55729325489539  534
      -40.91428941755567       -11.35046327658813  535
      -64.02837507891756       -59.79060994174872  536
     -0.1366451726220276     -0.05457686710706902  537
     -0.1140517128881797     -0.06132903813296783  538
     -0.1172026114918785     -0.03589318126876095  539
      -58.15724917530817       -69.68539126674609  540
      -50.78471676457308       -61.98573600282924  541
    -0.04013066006421554      0.01602793826475131  542
    -0.05085404608826387      0.01203461595120515  543
    -0.04297259690778939     0.006816407803668135  544
      -54.78823727239001       -48.34584184427746  545
     -0.1824339203164209      -0.1991875509877467  546
     -0.1243803658085307      -0.1938360542619093  547
     -0.1557433076259445      -0.1618438326708796  548
      -7.702813795964210       -3.639213137092113  549
      -9.252976637917589       -3.125688078066100  550
      -8.606453239196862       -4.910256074133927  551
      0.4453018024481121     -0.08497087854420135  552
      0.4604569364841213      -0.1015928761909360  553
      0.4689455464181114     -0.08176560475733508  554
      0.4256166689685704     -0.09426650234540203  555
      -2.324708864951325       -1.831724162402178  556
      -2.886814960468535       -1.794318941095562  557
      -2.492690906265723       -2.208896427093118  558
   -0.001394616073930996    -0.001791399035203935  559
   -0.002400372365548970   -0.0004408636637523955  560
   -0.002904783715764184    -0.002155368140425717  561
  -0.0002947077045924444    -0.004066446492619358  562
  -0.0005276468462693074    -0.002699945178762026  563
      0.3638354042652641     -0.07070466687354762  564
      0.3822099726999643     -0.07194137190285638  565
      0.3114074350183316     -0.07257354165426473  566
      0.2964348044691880     -0.07001582119879790  567
       18.76521179940913       -65.74101727510606  568
       33.18354228191131       -65.89240142798113  569
       24.50225374571311       -55.53673043353095  570
      0.5819712373516306      -0.7088971761872552  571
      0.4765924546705769      -0.7183481884919917  572
      0.5300219291328924      -0.8273914225696690  573
      0.2850362883433791     -0.09830998260695675  574
      0.2715869610042789     -0.08556101667270063  575
      0.2677320827043360      -0.1047736183747774  576
     0.02843925179240976     -0.05038262994132631  577
     0.02595473232019406     -0.04443916517212240  578
     0.02152481621429986     -0.04750026303552796  579
   -0.001205016993710388    -0.007656247034184905  580
   -0.001501827142462560    -0.005476262268044743  581
   -0.002922265830168113    -0.007239422321394178  582
      0.2009595641152790     -0.07466961642804266  583
      0.2175532212075799     -0.06766982432405241  584
      0.2094616615402042     -0.06103793998396864  585
      0.1756685175719341      -0.1150319938979631  586
      0.1927107493524068      -0.1068417282861975  587
      0.1762677293696042     -0.09543481154255379  588
      0.1558817722599445     -0.06321249423153713  589
      0.1663107112005918     -0.05699519827793563  590
      0.1594032491887447     -0.05502838414160752  591
      0.2657403446262177      -0.1821561944015277  592
      0.2831013692298543      -0.1537601797382979  593
      0.2568860043391624      -0.1550241478781706  594
      0.1524461643311917     -0.05347629546278172  595
       9.531347834469845       -12.66052340456770  596
       10.02270394945783       -10.63588014901488  597
       8.148790845485122       -11.68405401819835  598
      0.1267191136557088     -0.09976335784102408  599
      0.1378724243298682      -0.1071246237704697  600
      0.1424827397787780     -0.08844918596036770  601
   -0.002230351631249500    -0.009651913709713328  602
   0.0003982645257889693    -0.009081465471391853  603
      -24.40238985100409       -85.17724006798031  604
     -0.1194524720014622      -0.1041874032949156  605
     -0.1060250573531770     -0.08286580993334008  606
     -0.1304892986215829     -0.07993479646969716  607
      0.1211970741752936      -0.1219489164653264  608
      0.1180558885851537      -0.1489987187311975  609
      0.1411457011856411      -0.1458420916137103  610
       20.10620183672807       -86.22390913224653  611
       8.756079544070870       -77.00436717439547  612
       8.691880984474778       -90.23350057143394  613
      0.1200993981818525     -0.05107629393820315  614
      0.1279697156913901     -0.05014951985199280  615
      -5.359977177142877       -17.21939519019012  616
      -3.007736135862545       -16.54322272471881  617
      -5.033757676721418       -14.84565308856827  618
     0.01847878756702757     -0.02019435801121516  619
     0.01908337779105905     -0.02359138708287149  620
     0.02133385874332301     -0.02137219128917391  621
     0.02308165327177250     -0.02410266838739769  622
   0.0008801772357774074     -0.08256290309004914  623
     0.01088225942253986     -0.09168690473545840  624
     0.01213929875696862     -0.07715550844697582  625
      -17.92779521730195       -73.41932040456476  626
      -32.52855851733042       -74.41503213174242  627
      0.1126628464980217     -0.06696462267972259  628
      0.1024028028416257     -0.06265706421520348  629
      0.1040670476625621     -0.07225293548615781  630
      0.1076347877898683     -0.09721161127705885  631
   0.0008527004428013759      -0.4264733811952475  632
    -0.07550391005205118      -0.4342217395936151  633
    -0.02491279229529090      -0.5012684988441934  634
     0.03798608570573808     -0.02848415731090968  635
     0.03999261053142886     -0.03260483963091747  636
     0.04213330418195484     -0.02920424648516981  637
      -1.814698929198894       -5.151998571027644  638
     -0.9800028186033997       -5.101900632928907  639
      -1.305872479050838       -4.506831212968365  640
     0.05295726589642834     -0.03287444534509470  641
     0.04886554554759040     -0.03092479367391710  642
     0.06347112029984606     -0.03583548440328426  643
      -4.747796446752183       -22.27044866974132  644
      -1.415188958574690       -21.37401246570944  645
      -3.833336950982019       -19.21425155544129  646
      -22.45974724697938       -22.48390333997325  647
      -23.13424245937802       -28.01787595231685  648
      -18.48479296200982       -25.69954966054327  649
     0.06711090444183943     -0.03937890352946844  650
     0.07220374329687704     -0.03761275553353624  651
     0.08008852660830584     -0.05260812350252551  652
     0.07817430689833513     -0.04590200404442531  653
      -42.50602195511802        19.00352685181528  654
      -35.57950192348427        17.69489305877748  655
      -38.14862739064576        24.30890449305520  656
    0.003471935349251149     -0.02044694092698023  657
    0.003665520855922743     -0.02468050166630467  658
    0.006810351605762036     -0.02080717293087824  659
      0.9606502437541726      -0.2931964548790454  660
      0.9009138939777319      -0.2885652822531511  661
      0.9043382657144057      -0.3482997523703310  662
       34.61612544871151       -24.38702819282303  663
       28.85130931491002       -26.56080979111561  664
       32.23247622547779       -33.01851119195520  665
       67.12080699249866        33.67627561959042  666
       60.04376206428595        22.13831677735518  667
       73.00861901392202        20.40461095511110  668
       25.10329836121645        81.52948692669993  669
      -28.28930713287481       -29.61093028952963  670
      -26.61833146824001       -25.14129543812590  671
      -84.24027075078486       -34.28782598122212  672
      -77.40244718156478       -43.22441308905280  673
      -74.01748150632289       -30.81523589409476  674
      -31.90883621152229        29.10766096358475  675
      -25.45174976383260        29.36683764789567  676
      -27.46283096029994        34.37281082220206  677
      -73.49665823401722        34.98896575461484  678
       23.19594229243636       -75.30188530526175  679
       27.69899841037564        28.70236874042774  680
       34.41508421933587        24.44172450758020  681
       32.78577187105330        33.16498473676659  682
       74.79435749165604        45.56598254431658  683
    0.002421452128412219      0.01132738662096426  684
    0.002135623331508394     0.009769687003044949  685
      -8.927003045435688       -29.77127638701654  686
      -12.90491437695067       -33.32890540916731  687
      -7.068677305048734       -33.62996860597300  688
      -3.279333756285073        1.000019513233021  689
      -2.817080739983834       0.7269280153578670  690
      -2.730856925288397        1.193971813906107  691
       55.01700751122834       -31.75038399454848  692
       47.47445757205299       -25.57736565607100  693
       5.763040490195716       -14.65026712541914  694
       7.975521799595350       -13.71375033022900  695
       6.252077003893611       -12.39657165233348  696
     0.04819384995254028      0.04530453366588844  697
     0.05433953275810145      0.04099409191770285  698
      -11.70551050495629        35.89326097914198  699
      -16.09830765370987        33.73070306960125  700
      -12.45609004776297        30.49565981416131  701
       14.73457246868617        22.72364797402258  702
       11.01336579327173        24.69460582429593  703
       11.26917649177123        21.25826631213337  704
       31.45022625331299        42.03395143116152  705
       41.20400261708650        39.80523756135609  706
       37.55044492917764        54.16913193119704  707
      0.8856277579709675     -0.01774821966057021  708
       20.53174751642479       -41.47570860329478  709
       21.92501749241464       -36.48342510637177  710
       16.60590306022088       -36.93009282885168  711
      -34.74001985537623       -30.32943510650257  712
      -42.47542001716242       -32.41857318315624  713
      -35.93787613569468       -36.12551698248931  714
       85.31134207378157       -4.585272246608393  715
       12.71625171089824        88.10330332589974  716
       2.682335003848612        77.89090147962239  717
       15.61212961970524        73.80609736322144  718
      -30.83199340567708        83.99455754173214  719
       39.90511800136595        12.08415654396104  720
       40.49574272559849        6.341488705639496  721
       46.13016183993010        9.595326944746642  722
       64.05322187052015        9.379700025451731  723
       78.92341971886958        8.292021015799630  724
      -14.05849704711973       -50.41100157766252  725
      -12.64238228270608       -43.63939539142233  726
      -19.86307918152268       -44.36283270444963  727
      -25.00030731380153       -52.32167926455217  728
      -39.07769027967483       -53.70160147077461  729
      -28.82330321708420       -63.03934828918784  730
      -39.57127563353987       -24.32278550940081  731
       64.02365194587178       -40.08540826415474  732
       60.45271573699205       -52.37178984582421  733
       35.87537710499193       -50.37358571689415  734
       8.897771334821556       -64.49484695600805  735
       33.44816221092209       -80.92921291182149  736
      -7.760941748377247       -38.78263595947860  737
      -15.54958724493078       -38.95280815617625  738
      -5.489218620086891        37.57986400722181  739
      -10.82783027704232        41.76551294840731  740
       19.98269000376369       -12.64528410691889  741
       17.84755363749458       -10.23417489167056  742
       16.40924323862868       -12.61719190446105  743
       16.45138023200007        18.77242266371674  744
       14.82334120712217        16.11490367832025  745
       17.56950689313355        15.30932562549508  746
      -32.56328177256201        45.93743906106602  747
      -23.45534190232967        44.23327838300237  748
       14.05568159750153       -56.21587235345901  749
      -44.42023792366140       -4.571354075729912  750
      -50.08274404230729       -11.03687257131966  751
      -42.42373930913935       -41.51350829084643  752
    0.001626289218374093     0.006762537684144088  753
      -23.95178800800432       -4.140380170105514  754
      -27.52587035121589       -3.589179989322072  755
      -26.13925371058124       -7.457271240591138  756
       27.16208834173404       -8.119019891558633  757
       26.71849648723028       -4.872180212626525  758
       23.99464375845104       -6.719198676675922  759
      0.8701015742301169     -0.01512884634445782  760
      0.8726654879693490     -0.03159494553236491  761
      -68.60218195102377       -50.21497037688651  762
      -50.37889951139287       -26.04649719431278  763
      -56.91643952483980       -18.33485963642413  764
       26.21389665023916        48.45058144235598  765
       24.52652645260849        41.07949924721781  766
       34.21866283727641        12.41742788348370  767
       37.63497099041224        17.99809985946685  768
       31.43574039930260        17.55570774233182  769
       71.99865147099885      -0.6639979168246650  770
      -18.00941332182404        23.27408892975316  771
      -14.16055328617539        21.73601702042540  772
      -15.58059879622458        26.54653796544466  773
      -12.67584959154544        3.288404414865479  774
      -12.29606962397384        5.451483426306673  775
      -14.10405896471214        4.978437060933122  776
      -7.189636877669321        69.22067581365565  777
      -2.883946224123009       -66.49204290827632  778
      -15.77755097405529       -60.29469569627998  779
      -66.09841793122075       -39.49439349306152  780
       57.75913146443339       -10.50629810639525  781
       56.52529907287650       -20.06235248380761  782
      -39.98370239857984       -65.56922129763370  783
      -36.09803439478726       -83.78038101187296  784
       73.92492422642138       -48.83730255735380  785
       60.27540499317280        48.29151405350662  786
      -73.10653884779325        21.70333470159258  787
      -63.27509218695675       0.7257760502931372  788
      -60.99534920403686        12.76318188055682  789
       49.07699143839015        23.25526700403439  790
       52.92422018541725        14.29145706990048  791
       25.50964214736346       -32.28901279917800  792
       26.42798081810924       -38.38563480369906  793
      -18.00874397381214       -4.032464482563304  794
      -17.15745429679394       -1.608476076400280  795
      -19.37250166897712       -2.221718825281399  796
      -4.050025486677229      -0.5369950948296330  797
      -4.575191948542614     -0.03461747230728279  798
      -4.712282708656692      -0.7990575670928538  799
      -1.842858854411286        89.37449581858699  800
       5.516024168641866        64.13255891721487  801
      -4.585310673959037        57.51565582915186  802
       2.390154177888145        54.25478182130581  803
       16.65417622091798       -4.362472340477993  804
       16.17072480081158       -2.333278739393268  805
       14.74399316067974       -3.859739246274821  806
       19.94059109319827        17.74822820780890  807
       29.08469915150805        12.27872962302805  808
       26.46273511488193        16.59666767574749  809
       44.76557389727859        16.88319833678314  810
      -57.95126283623680        46.56342864817915  811
      -71.78120754205567        47.04092736534485  812
       9.924158034062327       -22.56478535521429  813
       12.52759645057632       -24.45233818069173  814
       12.34570792775541       -20.63075510419992  815
       9.836098758239670       -48.51670639665732  816
       18.31006827697385       -48.32893758102196  817
       13.50682138416427       -42.25106626278638  818
      -52.63514914723303       -3.297218992651985  819
      -53.47088008411681        4.929440851237631  820
      -10.45156602629601        49.33281073432057  821
      -31.20707879472615        21.71952607666179  822
      -23.53631982615907       -18.30573924333931  823
      -27.80834488146454       -20.25544165796807  824
     -0.5639390198943282       -40.78681510389896  825
      -6.419607728842058       -46.09543302837525  826
       1.808818018043576       -48.00600814192335  827
       61.16384315670697       -2.088949019966519  828
       42.07201890024424        29.50850319886076  829
       27.58033599022960        22.12563805193274  830
       22.45439773790136        25.40663763693933  831
       23.01506005958019        20.05072200856989  832
      -29.86506473019827       -41.91071418792243  833
      -35.30504774747349        6.109535380864147  834
      -39.63407459076388        8.994120240963470  835
      -5.397964927963065       -78.30322963316571  836
      -5.397460599414893       -54.65633042771816  837
       26.30221170095444       -45.92104574327136  838
       31.84253676391295       -41.29554303417643  839
       26.42071499971283        35.53427366807558  840
       6.369810565589020        11.99380689882253  841
       5.202136805291103        14.02440827383607  842
       4.593361437793229        11.73895795472443  843
       1.208600297715777        11.20617831476556  844
     -0.5893786499030869        11.05075246418937  845
      0.7282941636709486        9.542795710346228  846
       6.500501914847345       -41.71485986111177  847
       4.648350541702305       -56.44660639001840  848
      -21.05059544259228        74.60851380691970  849
      -62.67692276567426       -28.04973867907845  850
      -18.63803793194383        13.28460675753816  851
      -21.24416491283685        16.42328710046130  852
      -21.59570091642816        11.62893186835078  853
      -53.37211832144996       -35.86310247004148  854
      -46.48394962631198       -75.03822940770723  855
       13.57527049821885        5.831172418444446  856
       11.77983753587446        6.157947333902016  857
       12.12673325727232        4.542650198447189  858
       18.09365897483497        25.39247549875170  859
       19.15626106414085        21.66045234508846  860
      -23.73288771401427       -11.13222431855747  861
      -29.49778263947636       -11.30039766399478  862
      -26.12779294689159       -15.33215349924076  863
      -14.82529910615292       -23.48210987805603  864
      -15.47709107836065       -18.68439782112406  865
      -18.02343445406218       -21.82002086632648  866
      -3.598087482829984        2.030862400216821  867
      -3.840505644571707        2.831373306385409  868
      -4.390768340155804        2.223402034182060  869
       8.249569658190133        22.05151745915241  870
       4.852219896506841        22.42392087833066  871
       6.144768071896919        19.33703551387029  872
      -17.13176320920193        30.17604707625595  873
      -4.247969355879883        44.13325077227285  874
       47.05580212306396       -17.49027269713026  875
       40.66394744011487       -21.37366574338506  876
       30.45991694630487        1.182966796983563  877
       25.93514368420956       0.9179365095376328  878
       27.61572786739191       -2.034010951956875  879
       41.64971702329595        22.37724890513674  880
      -9.480235710174343        21.87678711662906  881
      -11.34102236496252        18.55156166280234  882
      -8.026911670827042        18.81946923340666  883
      -6.775520483570830        24.65315429976621  884
      -10.95787956013180        25.55721889560420  885
      -34.16529238848013       -8.528759077695597  886
      -29.87331461624494       -6.731255602978178  887
      -2.600273602375327       -35.19766330540634  888
      -21.20114322223351        32.93151804796639  889
      -23.65151393356330        37.78497769516494  890
     -0.5656172681815735        40.52573134425189  891
       4.120560410373952        38.95476349425984  892
       22.34455691128674        31.49234878900547  893
       18.95987424481985        28.67394844504801  894
       39.71559995571329       -29.06491788138598  895
       15.75172362071299       -27.32544158494521  896
       13.72730457569847       -31.97372223445598  897
       19.75138327549767       -31.44519512756169  898
      -41.05891430264492        32.57195661750679  899
      -47.18529289718034        26.04845425262759  900
      -44.94076109715694        13.11882056250365  901
      -51.39876041580305        11.21217317830303  902
       1.123462552292115       -27.38998202138209  903
       5.105210895619271       -26.55732697598666  904
       2.109010265584343       -23.34968279011384  905
      -14.51213972653028       -9.736286414913197  906
      -12.20843366174011       -11.06120916576407  907
      -12.15711661491795       -8.417143849764148  908
       24.57637257181084       -23.28844200722999  909
       23.86968575777141       -27.84050077436469  910
       20.67342246932520       -16.83694425864397  911
       17.35130548147287       -15.69995919255889  912
      -14.03076341863185       -27.85269341492258  913
      -10.76980528106443       -25.24648077097203  914
      -31.81533771883194       -24.90303665921228  915
      -33.86474734149620       -19.75833195374670  916
       3.479935353334808       -35.28667426947991  917
    -0.04986804091293456       -31.17144777701762  918
       8.360562758727017        36.21692617824987  919
       4.212679059140176        33.89100843529613  920
       13.87258334978971        38.62422857908148  921
       19.43659102160938        44.03299882183746  922
      -14.82979050151886        17.62888935136065  923
      -12.54428109573732        15.35236684782624  924
       35.64882861587370        3.800324372411631  925
       36.25275635815063        8.377210368597419  926
       30.57132645218507       -4.662043561292996  927
       6.053678145329653       -18.94265547550376  928
       7.936738074892142       -16.40020680459691  929
       5.354562160100918       -16.76357042641947  930
       17.84264876216194       -18.73975824445821  931
      -5.412015287381221        1.379907779027561  932
      -6.605198939500419        1.270391116146775  933
      -5.805868791335809       0.6291862685097100  934
    0.009790044822506550      0.02028523006037262  935
     0.01229564720441041      0.01977596052857862  936
      -28.75919748813093        11.17893579298131  937
      -29.88648626650824        15.75044642754309  938
      -33.94226119783089        11.44166039678855  939
      -37.75282687301380       -4.487944715030971  940
      -51.06766302132615        18.43982480673347  941
       12.26307720066482        2.715922057634997  942
       13.89393078078355        3.827384689108719  943
       26.50663615617187        7.888054211631956  944
       23.72798315756190        4.197867841844555  945
       27.50138254120031        4.159822896175433  946
      -2.197846242626989       -28.03138768148642  947
      -1.873012942986447       -24.85053373115188  948
      -5.821699555803417       -26.06879514145968  949
       20.23863224955087       -25.60966087816177  950
       31.32140929749826        7.044798061313533  951
       10.87020305200285        1.711526781712045  952
       12.30777973995759       0.8454420687917612  953
       22.63990536590205        8.334702563472810  954
       45.03694391936835        2.917811154225445  955
       50.71944673425440       -4.336892290627871  956
       53.34116309352109        5.015773849236797  957
      -24.85387418030131        8.618660795228653  958
      -29.91320481323777        6.374803621874266  959
      -25.95531618960242        4.567036712044051  960
      -25.10109503329348       -1.210784852213938  961
      -28.24174553968362       0.9466907733302429  962
      -11.08536055639775       -2.269164012351266  963
      -13.31887402441609       -2.592016840155982  964
      -12.13608936091709       -3.963063943433786  965
      -6.944792537839813       -4.763294637910717  966
      -6.406618100525943       -3.768818020797362  967
       14.66869862815102        28.09713712369573  968
       17.23805897192515        32.98114317684780  969
       12.07114488015487        32.57317282173331  970
       10.38046689908727        28.47752647990194  971
       3.410148596997726        2.575587246651108  972
       4.024558785787820        2.981021565194354  973
       3.221199851021268        3.238130531805011  974
       14.18311395189730       -1.659814227102647  975
      -4.400943012233808       -30.63399833213220  976
      -11.91929524267872       -14.25001040766339  977
      -12.67836907929527       -17.13404883035003  978
      -9.945614596858711       -16.95367525646593  979
      -14.28072867534311       -7.118716560583183  980
      -17.98877002924722        19.58127616288646  981
      -11.35802492282651       -20.53010104002432  982
      -39.15618223685939        14.10697949865387  983
       8.171603046761737       -30.69489399744931  984
       11.87714918709842       -28.12333833626540  985
      -21.91451952918917       -1.180682455901745  986
      -16.43132556318258        5.760257983761521  987
      -15.18943987489792        3.252717352940621  988
       27.29179559904315       -12.31370971019753  989
       23.85201128540081       -14.47775756116355  990
       27.24051505465126       -16.03248880647205  991
       40.77967190194630       -14.81371410048832  992
       35.54033074273956       -12.51529562644778  993
       35.50168712663154       -17.92874812035848  994
      -1.155335372867719        13.17073003988066  995
      -3.257083405204577        13.66098821144350  996
      -2.505175953593941        11.74186051048315  997
      -2.361668540356033        5.545074881758637  998
      -1.846642658068523        4.876399357107297  999
      -1.551052223518290        5.718278065788225 1000
      -33.41096265340270        1.866205192049097 1001
      -32.29467227929534       -3.062103144364946 1002
      -34.68911547563718       -14.20000163974835 1003
      -2.288935458745382       -10.86764760676200 1004
      -1.873752867638604       -12.48447157541048 1005
     -0.8790062312197278       -10.81304795586220 1006
       2.853569631628943        25.57219702729824 1007
       1.525177985159474        22.40746468978902 1008
       12.68540301321256        18.41558116141017 1009
      -9.946403137499251       -12.02053047331393 1010
      -8.983706845773956       -14.27244707256636 1011
      -7.820909490645474       -12.32209132679766 1012
      -22.26518263186815       -7.210630791802811 1013
      -10.60523141726753      -0.3577693329597815 1014
      -11.72881958896131        1.244145054704803 1015
      -12.55034759454999      -0.5385660510314971 1016
       20.65290197388747       -20.90307237897547 1017
       24.35897730926444       -18.55583406778878 1018
       31.06527878476916       -14.89324716039791 1019
       31.18672867625371       -9.983575525997216 1020
       21.10616167800718       -4.890949268240974 1021
       18.29630826560049       -5.923020147198230 1022
       20.32277112987373       -8.466008227772388 1023
       8.494065243479337       -5.842241325433006 1024
       8.480766418157163       -4.464240484330601 1025
       7.356142802645421       -4.723075275555021 1026
       12.70203513247727        7.670221305473677 1027
       22.84687475862448        16.13677059165584 1028
      -17.77752434906914        16.23191803051706 1029
       7.654499642901575        31.06810075443893 1030
       7.798527954680790        13.91499760755836 1031
       10.08115455435924        13.31232273727827 1032
       9.898567537645869        15.96489756474665 1033
       16.21048278154184       -22.26925851866260 1034
       14.32571547643151       -15.05932914898492 1035
       5.806758894922092       -9.273074853304957 1036
       6.369010961085094       -8.035080317582025 1037
       5.065005042223571       -7.995878766504389 1038
       2.063335140837088       -13.82026922274096 1039
       3.880385596640623       -12.90373966019621 1040
       1.765477159131858       -11.92468125181413 1041
       20.33955794953917        2.376574505449405 1042
       20.38568972638867        5.676232066039477 1043
       9.056357152286914       -25.80045018486296 1044
      -4.217344348327189        6.540893077220550 1045
      -5.242542601991968        7.354785977560608 1046
      -5.335680329223004        6.108045679670078 1047
      -16.04867556040416        8.978303170251991 1048
      -13.08040089329168        9.685307095547531 1049
      -30.49609081001370       -16.10512793671875 1050
      -19.73492975837801       -18.55612478082091 1051
       23.74462774430423       -10.54256904268213 1052
       17.94527272971591        3.901497198426312 1053
       17.76857700556944        1.192647734549475 1054
       5.958759287661942       -6.922907161460607 1055
       5.441898921886193       -5.754429538716513 1056
       4.683584327711527       -6.694754664077708 1057
      -10.23691543590673       -9.647663208921484 1058
       14.91193375352241        7.503228205441999 1059
       13.60725634513731        9.823298653645136 1060
       2.338321520344619        2.759267048519295 1061
       2.846058692032421        2.702885507839841 1062
       2.637425538369480        3.116557543733538 1063
       3.791379679334101       -3.758626959864513 1064
       3.127044948643843       -4.337142413323320 1065
       4.028903464822069       -4.617069022025226 1066
       14.98288355014907        12.90276225809000 1067
       18.50358991443205        12.12655759308706 1068
       2.885415115080202        14.73118819014815 1069
       3.439704202664633        12.88156470052142 1070
      -8.068347910333731       -22.70504376384577 1071
      -21.78845839191213       -15.05200798428738 1072
      -20.04623286410108       -12.26803492105751 1073
      -13.90229441451780       -4.700778586006671 1074
      -11.89002980381410       -5.926854037804317 1075
      -10.21732258158944        13.30802477666281 1076
      -9.219503326295278        11.00404880167612 1077
      -7.737147231260231        12.50236492637940 1078
      -4.054797395550858        15.91885344954844 1079
      -1.670819403447444        15.36495140619400 1080
      -8.040289436512660        14.44269751415923 1081
       9.751347345551727       -4.778994269853800 1082
       9.108272639414235       -3.484998079044160 1083
       9.028337844608965       -7.568136843361183 1084
       7.550241301105038       -8.805901402839401 1085
       9.180009545408149       -9.087916149626171 1086
       13.69296151977641       -12.43475530255116 1087
       15.25523331283299       -9.629648784081841 1088
       11.52744547038344       -16.97046020149540 1089
       14.99425498783669       -18.22013511093046 1090
      -18.93457825013831       0.1969824095832285 1091
      -16.28066824716315       0.8378297815734835 1092
      -17.94302106713607        3.039125630905911 1093
      -18.40753496971744        7.602051222635799 1094
       12.02911448623037        11.91169210449054 1095
       7.124441537796057        6.346082053881192 1096
       6.453057548075787        5.310572487921934 1097
       7.635792150336709        5.099078561623831 1098
       2.923160657170839        9.551441881691598 1099
       2.875722236936530        8.438756122519230 1100
       4.039339885250774        8.670324516440470 1101
      -9.159075919614221        2.080283660989682 1102
      -8.693246441846810        1.068260186323334 1103
      -7.874128005875265        1.729344306048940 1104
      -7.705461509349564        4.872577481139190 1105
      -8.759296572605404        6.094080827138059 1106
      -9.252459278404004        4.699130279844391 1107
      -14.79138118820643      -0.9904190975117066 1108
      -13.85250750741874        1.213630281367995 1109
       11.48078146217883       -4.964157089677849 1110
       11.96071486309083       -6.516791427328658 1111
       13.37769332804559       -5.425524246989892 1112
       17.50930574084048       -8.093849199588471 1113
       15.66392554949822       -6.458328817102108 1114
      -14.36836401590097       -15.47400337398363 1115
      -5.616082244281510       -12.44623864778887 1116
      -6.944850380253252       -14.01773059197907 1117
      -7.323371299325630       -19.32169310902514 1118
      -16.25861780520018       -5.596466628874632 1119
      -8.582498915397929       -6.713224740212296 1120
      -9.951994383702880       -5.854401853093632 1121
       5.456949201502877        10.01537483404010 1122
       7.136106996428079        10.42710961676348 1123
       6.502036015202464       -22.35416595379020 1124
     -0.1008817769443034       -6.535618773868344 1125
      0.8043737304005695       -7.039594508671585 1126
      0.8717149757698768       -6.349379149810238 1127
       2.298705469956802       -8.154432620691754 1128
       3.578501011196674       -7.767393215955087 1129
       2.492081213420525       -7.051490235744843 1130
       9.248859486700933        4.779459671884480 1131
       8.693611056056584        6.289691199994945 1132
       13.90721604131085        1.698841626863745 1133
       15.49936711367686      0.05837968761821009 1134
       15.76325558833761        2.648593918230288 1135
      -13.92761016996091        7.139322126791317 1136
      -20.93930469157038        2.315816402603401 1137
      -19.66520981321023        5.224368488433339 1138
      -1.118380011298805        22.10513182133763 1139
      -2.928989071954764        20.46954956278821 1140
      -5.909023607992427        21.36261928233125 1141
      -5.796538315193277        13.83679175335627 1142
      -4.135233535841956       -3.947411099557829 1143
      -4.021417460207350       -3.075810402135143 1144
      -4.812517601926243       -3.042296328008501 1145
   0.0001030029937980631     0.004615051207070044 1146
       10.61361768992928       -3.428398763808779 1147
       12.59719160235213       -3.221350614636790 1148
       11.03640926751775       -1.867908292264264 1149
      -3.454719422380831        23.36446404716593 1150
       16.52720704430915        9.595210962821970 1151
      -1.145951688234190       -18.55673717326293 1152
     -0.6906161400134885       -16.43288124435061 1153
       3.566039233271354       -18.26758606828282 1154
       3.276703019361257       -15.62998930536709 1155
      -6.744950451563400       -10.97030863435254 1156
       3.913280097400824       -20.61022367237190 1157
       2.860217652843259        11.22170488072713 1158
       4.004098366271251        10.22031018555753 1159
       4.317422330023564        6.079572140358906 1160
       3.490071375707335        6.384140884494163 1161
       3.652764295147285        5.446353806885258 1162
      -11.25273418440097        11.15116187263062 1163
      -7.898551024275439        7.311930780238074 1164
      -6.488317975301438        8.533021709559389 1165
      -8.420223642638698        9.018992266181856 1166
      -5.066016506658093       -10.13047155730973 1167
      -6.827504401023422       -9.376233103161720 1168
      -7.072122770658191       -7.584308287689130 1169
      -7.157707807657927       -6.014844347772248 1170
      -3.982124029334913        7.678402627233206 1171
      -4.917467274343214        8.538971929647799 1172
     0.01291804033483812      0.01724034149867440 1173
       15.62713064558621        5.090493718801585 1174
       19.48771339188308        8.933925823341520 1175
       17.48082454856757        6.783431329145477 1176
      -8.320216088393503       -10.49904398813459 1177
      -3.480292832854761        9.104894046552193 1178
      -2.783939946421430        7.673424165797329 1179
      -1.986713459980754        8.561792952323128 1180
      -4.447239569938716        11.95726445025292 1181
      -5.204414817324426        10.16047994975061 1182
      -3.584558675636902        10.59456430162713 1183
       19.62480327552440      -0.4435015671646168 1184
       22.51881202860216       0.2166290999223972 1185
      -3.714077065906679       -11.51084221012485 1186
      -3.904932943623327       -13.11121102558829 1187
       12.19983765959455       -14.33444753793094 1188
       11.37059525023413       -12.58881222196923 1189
       10.09024768152824       -14.44470008346486 1190
       5.448914592428117       -2.430058298733213 1191
       5.085387547386810       -3.188063230736470 1192
       5.951431401453434       -3.162840508348939 1193
       4.223493795786264       -9.325301405723621 1194
       1.895171432615306        12.83119230152785 1195
       10.98909380866194       -8.281887131980698 1196
      -10.22262480390819       -7.477055849428784 1197
      -6.152741762939286       -1.912505185398477 1198
      -7.175423180294430       -1.567132105357729 1199
      -6.882753331951487       -2.694215621595228 1200
      -9.537098343103001        16.14483560925813 1201
      -6.767207339468412        16.28568663110851 1202
      -2.179393030598818        10.08599317778159 1203
       4.482103526123887       -1.307322363369521 1204
       4.292362819678245       -1.945626128687915 1205
       4.943017260513249       -1.778278723485991 1206
       9.354981388980592     -0.07658178090631027 1207
       8.124344132609579      -0.3092715131955604 1208
       8.885440359930799       -1.247303109758625 1209
      -9.655918214714671        7.575543578333024 1210
      -11.69155095807783        7.501872547419241 1211
      -10.42365116758574        5.879156490567040 1212
     -0.7840399664758712        9.259543710123975 1213
      -5.964939572567721        3.047131012966718 1214
      -7.267908150269095        3.537795318945258 1215
      -6.981600546176158        2.408499632877747 1216
      -8.389652247050581        3.853993869016094 1217
       10.20931839462932        6.239179593359489 1218
       10.79871646949991        5.056139335996239 1219
       13.63855503129703     -0.03596742169616744 1220
       11.09354551309172        7.430896961058203 1221
       9.641340306552294        7.720943057321056 1222
       8.707150751737633        9.574242227867110 1223
       10.02740933469201        11.17156453110189 1224
       8.353360026247795        11.73234060323194 1225
       7.154966008426952       0.3449769462839874 1226
       6.204912441973461      -0.1276712585135590 1227
       7.019994844703842      -0.6573873388113212 1228
       5.002689235066009       -4.781776015264318 1229
       6.098300424834929       -4.849080287651215 1230
       1.268084133179709       -3.757459569088625 1231
       1.597341860746155       -4.369366864266355 1232
       1.997867857655659       -3.824458018013088 1233
      -1.228092391534460      -0.9592592415675656 1234
      -1.076309126139465       -1.260116002747431 1235
      -1.008251136264088       -1.000816828655278 1236
      0.6791863492389699       -10.54802683296727 1237
       2.034629941311362       -10.30158436086037 1238
       1.322781103103156       -9.032007735478793 1239
      -10.58144457978200        9.320671529329426 1240
       7.918790878400605        7.710671610737050 1241
       6.524343929582391        7.415593194659340 1242
       5.432956409571270        8.033694900080869 1243
       8.246449437412403        2.642706630304183 1244
       7.065869765458730        3.011784732224521 1245
       7.407287040959352        2.054837156677230 1246
       6.884006918858796        8.847747869966323 1247
       3.959634310563867       0.9771607603270983 1248
       4.097943116105219       0.4328086414143386 1249
       4.568847815460204       0.8163478592832225 1250
      0.4695781119069664       -3.158961077906226 1251
      0.7907548532177024       -3.418172664999392 1252
      0.8428247584368579       -2.975092547979889 1253
     0.08094615607370118        8.446987262332591 1254
       2.195805396256941        7.696131189042654 1255
       2.529327742248597        6.645568941333348 1256
       3.247145598052477        7.475308743292050 1257
      -6.018540935322038        2.068737902941637 1258
      -5.211534857263760        2.230822128066822 1259
       2.992115516396647        4.828031278641649 1260
       2.791247341719503        5.692029853700483 1261
     -0.7364048759277789        1.267727234200988 1262
     -0.5917863805211964        1.500109547855220 1263
     -0.8308964034680258        1.500527023050230 1264
      -1.873799138938284       -6.119799067730549 1265
      -1.113288271777702       -6.612829372113306 1266
      -1.047017009997773       -5.855499010837057 1267
      -1.741771449307876       -9.654074449835038 1268
     -0.2276926732048936       -9.394190987334921 1269
      -8.082926560225125       -2.295720541299437 1270
      -9.368688419026633       -1.528034948670647 1271
      -8.190962197106989       -1.191657072157369 1272
      -8.869037427448875      -0.1200279598392044 1273
      -8.545954231873683       -8.492213859376912 1274
      -5.796911318505045       -4.731216838763983 1275
       5.932795524698139        3.070870055020175 1276
       6.428373879027729        2.173857564612932 1277
       5.309934574451287        3.820748765319230 1278
       6.550283072909739        4.133798224459674 1279
       5.497300305739062        4.835177678022085 1280
      0.5856425605828462       -5.679068523418168 1281
     -0.2748607619213165       -5.459508679284073 1282
      -1.709522111959076       0.3374167693352650 1283
      -2.054533144789198       0.5729988361558722 1284
      -2.075188138020158       0.2023098043219014 1285
       9.707703822561019       -2.252984237375810 1286
       10.84989857786386     -0.07248571182950098 1287
      -2.518879181415231       -8.439441312097586 1288
      -3.236069679654021       -9.875801842577413 1289
      -4.410557532278049       -6.392722660607084 1290
      -3.317838476091575       -7.266603597113768 1291
      -3.470326322215747       -6.194418967700227 1292
      0.1861443526584862       -7.901542862478683 1293
      -1.125858829942966       -8.320315211063301 1294
      -7.472995715926650      -0.5136095770378720 1295
      -7.654821944677539       0.5568438707036801 1296
      -6.182143002189233       -5.547395660569689 1297
      -2.846586604369397       -5.489947391463638 1298
      -2.702571037504200       -6.467118817224198 1299
       1.365433294645544        6.846852545197975 1300
      0.3156867803924290        6.229965196695988 1301
       1.160877114524013        5.907441582412857 1302
     -0.8073058935648878        7.969839422908298 1303
      -8.218212208802894        2.788369110360223 1304
       4.340882020376692        7.140905974805670 1305
      0.2489143953644393        7.369148418413597 1306
       1.094910667484804        8.084441674341903 1307
      -10.48388800543973       -4.326506240850697 1308
    0.008964948326110798       -2.607115261318683 1309
     -0.3752952140316932       -2.750871589203994 1310
    0.004931807821189699       -3.056697741391037 1311
     0.07212489064747625     -0.04327645002311169 1312
     0.07221731171198092     -0.05190938068334828 1313
      -4.917094620358148       -4.673295421952979 1314
      -4.045753095536417       -5.237725417006468 1315
       2.831670898027939      -0.4345562375590132 1316
       2.542517565410670      -0.6556288065144293 1317
       2.843020044038960      -0.8370730106986649 1318
       6.532729902650888       -3.886271793534147 1319
       6.777785326920025       -3.081542922229068 1320
       5.521053664324270        6.250885268350051 1321
       6.801423662287127       -10.54982335211033 1322
       1.372026353139079        3.717909081522674 1323
       1.008459335259080        4.147185471587236 1324
      0.9131093951723470        3.620994083055588 1325
       3.803071370972625        4.593544153726397 1326
      -4.038289789165447       -8.587737935301085 1327
      -4.556805633320849       -7.500347128660922 1328
       7.694004059695099       -3.491893471767010 1329
      -5.790958155948563       -2.927513486274016 1330
      -5.321479462946538       -3.857454403148115 1331
      -6.528061278584111       0.1445610012425401 1332
       5.959667743241615        1.460588499523612 1333
       5.337303130293667        2.202238504715537 1334
       5.102992760456162        1.309822195920708 1335
      -2.306101383188621       -2.682007475108398 1336
      -1.749190348403807       -2.706061641567756 1337
      -2.041449443197731       -2.265817194263607 1338
   -0.003829003727206799    0.0008233191976525702 1339
   -0.004207444129570906   -0.0009902440609270132 1340
       2.508600881506788        2.331925539376489 1341
       2.256429239725430       -1.042999993055723 1342
       2.280706247604150      -0.7970222682663010 1343
       2.043639943583250      -0.9295297019300440 1344
      -3.343634662860067       -4.616630859739053 1345
      -2.563190465491417       -4.554964889053558 1346
       1.422212753226622      -0.6890426553954225 1347
       1.574351806211348      -0.5805713084690657 1348
       1.429375196021679      -0.5283518723297917 1349
       4.591310357051875        4.282764237524423 1350
      -6.419183759084560        5.534564830144937 1351
      -6.474132709317530        6.828364797603440 1352
      -9.437037818623651        3.354710617259475 1353
     -0.7886587641428608        1.758645271875231 1354
     -0.9112361237548032        2.156845731306356 1355
      -1.146019430611977        1.823832938238439 1356
      -2.316309497802096        6.492854279221932 1357
      -1.368013540620744        6.479579742571019 1358
     -0.6765883190199501        6.872300258212643 1359
      -1.631211051521024        7.367645772046537 1360
       1.958967228610058       -5.042094359858874 1361
       2.436533212027145       -5.854815622020913 1362
       2.661319342850368       -4.946744542156453 1363
       4.611302132891941       -3.914104521056502 1364
       9.775548155859385        1.002724769989561 1365
       9.468511053246663        2.266791345929136 1366
       8.362974831097363        1.119577927918594 1367
      -7.460520566028772        6.127839808447551 1368
      -3.280975571926597        5.843636580437662 1369
      -4.341376933450797        5.484682811939532 1370
       3.473733613428093       -6.364819236865001 1371
       5.027033655529687       -10.87744818746638 1372
      -4.634229973133369       -1.574623514352121 1373
      -5.445550514068705       -1.251811837944488 1374
      -5.181675993466234       -2.172197349835494 1375
      -3.094063271036648      -0.7720719780905330 1376
      -2.672650561126394      -0.9241217993895636 1377
      -2.805003786290603      -0.4646526603992987 1378
       3.619220589271786       -3.041025038942819 1379
       3.108657544233401       -3.546469304082064 1380
       4.663472634077357       -2.482283396794705 1381
     -0.6098859867945967        1.986441324682528 1382
     -0.4543280532221818        1.734010157600669 1383
     -0.3177345880838034        1.984096002381961 1384
       5.716496015615796       0.3729941869692496 1385
       6.284802508376937       0.7183549319798477 1386
       5.654719842835020       0.8957357763657589 1387
       6.932767291800533        1.326258928325924 1388
       3.357239461888882       -5.251069718020730 1389
       6.801593198522548       -5.885427788283760 1390
      -2.314572937262962       -3.833742225029176 1391
      -1.926599439151667       -4.388544317559622 1392
      -2.898444082338909       -2.444850299388783 1393
      -3.306988807035033        6.834955317406981 1394
      -4.798930110630795        2.946350978057194 1395
       1.459149874127745       -5.759488501159673 1396
      0.2186734359291441       -4.196748007933321 1397
     -0.4650014514005352       -4.583430955856743 1398
      0.3422243385138216       -4.883080838539598 1399
       1.693249942657952       -1.524598578930316 1400
       2.061662333211927       -1.521367103834321 1401
       1.811781324782697       -1.288961019755892 1402
      0.9681869370425565     -0.02845992064433699 1403
      0.9801110967315436     -0.01777957364100144 1404
      0.9639386006865057     -0.01196645353389617 1405
       6.717540836401726       -1.526534899822241 1406
       7.258881788959762       -2.344080420207808 1407
       7.749408892712209       -1.376439131547054 1408
       4.295936511832893       -3.152511902719732 1409
      0.4640312096736641        4.549995600707188 1410
       1.047385386512468        4.737821862375545 1411
      0.7573784599712262        5.325029675016056 1412
       2.200157308610463        5.056182056876907 1413
       1.636896752378371        4.426735585497826 1414
   -0.007949787735271642        5.280241870114673 1415
     -0.8628433446758405        5.013789224093048 1416
     -0.2090002897422925        4.626422990608440 1417
     -0.3443072073782341       -1.379949293347613 1418
     -0.4162213809726506       -1.597121948180077 1419
     -0.1773093341363424       -1.492157311447411 1420
     -0.8004954222146389       -3.400088897594836 1421
      -1.347156092217929       -3.064509666127497 1422
      -1.353707128576702       -3.524381338181364 1423
     -0.6649066112423596        5.946820337585756 1424
    -0.02613020104454421        4.035941277537419 1425
     -0.4606955445674237        3.668849973044785 1426
     0.06799351201288793        3.455603146018792 1427
       2.606608004918649        1.920820327852037 1428
       2.974190092846781        1.760585842902348 1429
       2.969236837065864        2.218877211163372 1430
      -5.101699187121256        3.844006563034463 1431
       2.221728195555578        2.007082012733990 1432
      0.8593188467064614       0.9083571566734717 1433
       1.029369865843389       0.9356586503204001 1434
      0.9133222956371397        1.081916113134192 1435
      -4.083676164107819       -1.163486900002246 1436
       1.591634440998660       -2.812150531098383 1437
       1.759136999988844       -3.294616543725588 1438
       2.070658914045232       -2.831499225103403 1439
       4.558162617621413        5.212297084557199 1440
   0.0007912456295321413     0.005860187414227997 1441
      -3.384578698334011      -0.3490992874703753 1442
      -2.850851497732045      0.05423486211569342 1443
       5.789397475309536       -1.537005183529335 1444
       5.294189435159231      -0.1985298527518173 1445
      -1.789870081666786        4.003102844281984 1446
      -2.462874441252610        4.369210007120948 1447
      -2.639970308050906        3.686926037442808 1448
      0.4330659866978403       0.1295223397214666 1449
      0.4530875642092822       0.1193612204238567 1450
      0.5031389518433472        3.842719231621692 1451
      0.5913704599866485        3.246595810823932 1452
     -0.8219584049623857        3.303635617961773 1453
      -1.419862102995958        3.326358684388114 1454
      -1.028193715423215        2.922666481340936 1455
       1.447366520155638        5.230161056462358 1456
       1.918520517455228        5.905199438691909 1457
      -3.384662425851765       0.1517535270810572 1458
      -3.057576502270276        3.035857194874797 1459
      -3.224008011254173        2.504851475291025 1460
      -2.692120970558710        2.557043606760240 1461
      -2.768242364449514       -3.158064995908428 1462
      -4.254057952781241       -2.324433747035360 1463
      -3.892502137670408      0.05053728072764838 1464
      -4.288051206338812       0.5613923788543682 1465
      -4.721856546681958        1.733707656411519 1466
      -2.403083644452080        3.042650382566022 1467
      -2.018963419316365        3.417265229835412 1468
      -2.147019654082458        2.565656895479718 1469
       4.336168468651600        1.399974811976642 1470
      -2.492919062463854      -0.2333120582235705 1471
       4.546838108411179        3.571065035315320 1472
       4.939331423428568        3.007797586725110 1473
       3.462201237261643       -1.515179423004016 1474
       3.725310020507302       -1.971258533838796 1475
       3.942328796640087       -1.484668321328231 1476
       4.294462454323805       -5.569391965370722 1477
       1.509225926210840       -1.785491238581446 1478
       1.366769900067796       -1.457751884352026 1479
       1.179426343759546       -1.744377252778541 1480
       4.008746820076540       -2.486032031943907 1481
     -0.3055923375541447       -2.390308019191278 1482
     0.02112748314945670       -2.241246994894743 1483
     -0.2406054913557896       -2.060676612588352 1484
      -3.483516614404360       -2.080922129671517 1485
     -0.3469147890094648       -3.852061025191088 1486
     -0.9928673732169544       -3.953898287182438 1487
      0.8531225930712455       -4.357507769813707 1488
       1.135769654821546       -5.022221094931575 1489
       1.102019864035795        3.227817177815823 1490
     -0.8659845482019886       -2.836843688200007 1491
      -3.111647742126162       -3.882896145966745 1492
     -0.2362723770902276       0.9748210160295907 1493
     -0.3799270734329214        1.103353538243564 1494
     -0.4336442437500276       0.9549178489840643 1495
      -4.119179435076899        1.597242168671785 1496
      -3.585556972045986        1.429330198950883 1497
       5.143855849734332       0.5770813377660178 1498
       6.283049606206340      -0.9171481143189273 1499
       5.717306793582591      -0.7590469423360977 1500
     -0.4192183629954598       -1.861725665453980 1501
     -0.6018710803222890       -2.116301773628099 1502
       1.944517455832276        3.755820397028218 1503
       1.843103774137897        2.775645558629350 1504
       2.069652039123597        2.382621128150397 1505
       6.326393359738826       -2.359589811115529 1506
       5.131786046186137       -1.014598375889171 1507
       4.515953433333738      -0.6192400419444979 1508
       3.378920245325055        1.060944044289186 1509
       2.931071700849982       0.8695465036750655 1510
       3.206911629630208       0.6311782638748906 1511
      0.7938875234834968       0.2092591579266388 1512
      0.8013281319288408       0.2557372401980162 1513
      0.7511491360689012       0.2392246266546782 1514
      -5.485022165410407      -0.2328105831213519 1515
      -3.501230534241192       -1.485148092139461 1516
      -4.002739391082487       -1.722066768894582 1517
       3.112669497194554      -0.6864881126987517 1518
       3.228495424003184      -0.3653101433467663 1519
       4.610465301350732       0.1426113439952828 1520
      -4.545726842003188        1.154490811628523 1521
      -4.999046285802883       0.5838820292530260 1522
      -3.052483524292768       -1.205814916832403 1523
      -3.527676279781611      -0.9187693782274419 1524
       3.195568867061227       -1.072033172430415 1525
       3.017304003961782       -1.484429656493929 1526
       2.538380707336692       -1.031705554282723 1527
       2.324863060755135       -4.378053808443742 1528
       2.616952086622942       -3.861963538670508 1529
       4.485622638169746        2.382154966941289 1530
       3.877189368573993        3.756471691348586 1531
      -1.012172155938128        1.598029081123897 1532
      -1.253821818745279        1.527405752579378 1533
      -1.029651381449529        1.355240152438387 1534
     -0.4814152782285442       0.3123699797110409 1535
     -0.4856368020839251       0.2232984069858966 1536
     -0.4085040141866331       0.2524924859482255 1537
       3.466612090917643        1.987238042457898 1538
     -0.3413714390597096        3.153524618655422 1539
      -1.831842361782999        2.968475553085830 1540
       2.728829276170098       -1.779002837068805 1541
       2.758046113599234       -2.300103854779396 1542
       3.194372180029708       -1.920782717719977 1543
       3.384091673806548       -2.434659804347271 1544
       2.976156012097762       -2.906371670841641 1545
       1.584584664261663       -1.314668408010666 1546
      -3.487274391292951       -2.740982744723999 1547
     -0.3154681767188635        2.667331782178182 1548
     -0.6495867789497105        2.915950533315983 1549
     -0.7720060186143531        2.585730448439449 1550
      -1.502343838616212      -0.9018721633996397 1551
      -1.371245299603306       -1.139782501346938 1552
     -0.2697173307782476       -3.401472803391539 1553
      0.2279194076244429       -3.576727199187653 1554
      -1.026371393442080       -2.328228048136833 1555
     -0.6367449918768086       -2.498187607888509 1556
       1.018005286260327      0.01541656468429124 1557
       1.008211116043832      0.01082156123556255 1558
       1.016363520165459     0.003422520463838070 1559
      0.9766904793912208        1.273826829957555 1560
       1.113836126272316        1.117353524776416 1561
       1.191319434458428        1.342019451250295 1562
     -0.7921593712898607      -0.4519432062198385 1563
     -0.7708435756456828      -0.3235383926142598 1564
     -0.8972079187383663      -0.3234895073729762 1565
      -2.388301504140534       0.8632833383669949 1566
      -2.207919351557418        1.329659572379588 1567
      -2.917532296226383        2.067970742960072 1568
      -2.403505715066888        2.125274949389802 1569
       1.301414484208263        2.235634171291350 1570
       1.257923043801131        1.892810574313760 1571
       1.542730268917905        2.001624520564478 1572
     0.07182100712978967        1.717094134983028 1573
     -0.1643673494317251        1.682654449290655 1574
       1.453749646887349       0.5556587683913953 1575
       2.456045610007128      0.09994870833652630 1576
       2.394179063385723     -0.08546951751605346 1577
       2.638432172785271     -0.08852961496158611 1578
       3.624071527956397       0.6053752561331549 1579
      -2.583444519284588        1.682073569022654 1580
      -2.176185241641899        1.773892256727221 1581
      -1.873722957956519        2.080334847471582 1582
      0.1140621879240429        2.956661133562855 1583
       2.283354891393840       -1.919682368503799 1584
       2.242418343406244       -2.391371335458641 1585
       1.194699712279132       -2.726462201204905 1586
       1.455137137599962       -2.412972446548573 1587
       1.115549193424283       -2.341917117302177 1588
       3.906002819736025      -0.6578456237960686 1589
       4.078503207173988      -0.1410761933120143 1590
      -3.138112232311340       0.4767933271287688 1591
      -2.183149131716932       -1.125448352544642 1592
      -2.544618544069862       -1.399250604533996 1593
      -1.870246281239299        1.595375229035651 1594
      -2.391852738245262      0.05186507831318551 1595
      0.5769205698754604       -2.337679545741119 1596
      0.3429807264174767       -2.056710106506094 1597
      0.2788937365049104       -2.399959279620485 1598
       1.312050781812038       -2.056681700418190 1599
       1.000060265792214       -2.011831476470753 1600
     -0.8748449857631181       -1.574291655353428 1601
     -0.7633531019154370       -1.340858465790966 1602
      -1.550407129590673       -1.553220851978309 1603
      -1.336680916481496       -1.925407688890091 1604
      -1.188701678805396       -1.604341157681402 1605
      -1.301856677638606       -2.647613976840423 1606
      -1.925247893090578       -3.276270951742054 1607
      -1.403179392408358       0.3118084785628948 1608
      -1.518033981000116       0.1246249177228610 1609
     -0.2762029296651487     -0.09913228614867298 1610
     -0.3327950817630501      -0.1007004210416258 1611
     -0.2957188387355181      -0.1501509405989399 1612
      0.6766904687142132       -3.856060997642542 1613
       2.269121000276596      -0.5045506303750915 1614
       3.455189601914800      -0.7004697507100159 1615
      -3.109061680478933        1.561866875076516 1616
      -3.657267563211022       0.5263014529035510 1617
      0.8444564998658342       -2.564005216891138 1618
      0.8452542744766188       -2.255381302200217 1619
      0.6892848434253031       -2.021473154595898 1620
       2.270276900198148        1.052413987114890 1621
       1.992982483408881        1.103954914226309 1622
      -1.511806127711837        1.758352275229460 1623
      -1.551939036504047        1.350138724529642 1624
      -1.636232014797935        2.524169250080500 1625
      0.1286502054496351      0.04984753834083019 1626
       4.088328348851916       -1.044660677453045 1627
       3.618749737331085      -0.2831821812667075 1628
      0.1445497968076302        2.525614424802550 1629
       2.649029325898567       -1.398134476556891 1630
       2.411234837966407       -1.582863147335946 1631
     -0.4666347444668835      -0.9889765021287387 1632
     -0.3956821718311239      -0.8169059700587992 1633
     -0.5673371584287933      -0.8180305257021293 1634
     -0.6123736843004638       -1.159331304462747 1635
     -0.4018832105342390       -1.202771513336631 1636
      -1.405009243767347       0.7734790222887603 1637
      -1.490091216274483       0.5255583034970258 1638
      -1.244549532991726       0.5180416556010843 1639
       1.802370649484278       0.6387222509728264 1640
       2.068668368610143       0.8084800706448630 1641
       1.813416173600739       0.9092043151731335 1642
     -0.1399523437927614        2.276719719349477 1643
      0.1886201964989525        2.161514220107913 1644
      0.4550025340516134       0.7311282198693275 1645
      0.5720301072298299       0.8173348781340982 1646
      0.4506639512060577       0.8576813400774105 1647
       1.201248013111291       -1.047890485139744 1648
       1.170116765968343       -1.258003597636062 1649
       1.420753201298313       -1.152949973572738 1650
       2.492206495179679      -0.3288651379047818 1651
       1.530993757463278     -0.06833936329624266 1652
       1.416500301359639     -0.09974360600711489 1653
       1.479903825589937      -0.1797616835165339 1654
       1.344713477046116        2.721353057960834 1655
       1.657700267588976        2.355913444980734 1656
     -0.5697060182761047      -0.2916731660549803 1657
     -0.6124065037451870      -0.1997488429846002 1658
     -0.6873761279241350      -0.2593083270194586 1659
      -1.084688761330982      0.07839884770209773 1660
     -0.9631059432009514      -0.1158043792141384 1661
     -0.9042126630301556      0.08252804853483753 1662
       2.635601436309544       0.6628600096663101 1663
       2.591209268386339       0.9900298050140550 1664
       1.862158990520919        1.333517070041010 1665
       1.605256184308174        1.224623290435463 1666
       1.788490768914603        1.118261432596894 1667
       1.895070075894951      0.03534708938649878 1668
       2.002903321190266      -0.1465100615616661 1669
      0.6754099537814874       -1.278745548757473 1670
      0.6250409671452474       -1.501635029017935 1671
      0.8406449228235955       -1.409975361391414 1672
       1.650241178473046       -2.105331561259088 1673
       1.853617410494660       -1.824206453750512 1674
      0.2607665105423970     -0.07382646975209142 1675
      0.2737734524909372     -0.06925194019306741 1676
      0.2934908855606533      -0.9135175119727900 1677
      0.3992597616329830      -0.8147324518156597 1678
      0.2799337479873976      -0.7693195869286059 1679
      -1.363274259940932        2.148531892084249 1680
       3.338968960098359      0.01052055375082927 1681
       2.975694476806026     -0.06107610396844876 1682
       3.705338411060153       0.1550880698137909 1683
      -1.533924616450138       -2.286672709631346 1684
     -0.9445107130825821       -1.890429544886995 1685
     -0.9678640423238832       0.8683945107003971 1686
     -0.7622518792080955        1.021417224945344 1687
     -0.9228211301303847        1.126752796448584 1688
     -0.4646345972308147        1.268173869585597 1689
     -0.5626179223108919        1.092207730041515 1690
      0.7537754007004368      0.05464437692327825 1691
      0.7674443473398221      0.05474585469034549 1692
      0.4812879296755850        2.735154947960921 1693
      0.8782270813115365        2.803992946885244 1694
       1.861352774144793        2.048138744210081 1695
       1.704300190649251        1.791809918534689 1696
       1.474660988981063        1.704370861074582 1697
       1.674422975717405        1.526713329766773 1698
      -1.271342780256156        1.278841343916444 1699
     -0.8098326660164645       0.6502332051370323 1700
     -0.7595112831711552       0.8415225785695172 1701
    0.003443451763860273     0.009126934103461803 1702
       1.826082450440527       -2.440865797206941 1703
      0.8379995315817949       -1.695892644182917 1704
      -1.133870564964364        1.101572562491668 1705
      -1.367317216037279        1.058362868490311 1706
      -1.207924439576904       0.9024303297556331 1707
     -0.5927641621237020      -0.1083960417521750 1708
     -0.5241123111926524      -0.1856542070580457 1709
      -1.746013025919543      -0.8205123188991120 1710
      -1.701882768478927       -1.163317679321281 1711
      -1.447538636533024      -0.1304552829144827 1712
      -1.427181016359748      -0.4243723567606846 1713
      -1.260669963424925      -0.2934702663217643 1714
       2.497100418290437       -2.748856249515637 1715
       1.382279657276992      -0.8977258564654608 1716
       1.192425591092655       0.1608151221591312 1717
       1.181145241306844       0.2131082438110176 1718
       1.140497424215564       0.1877810663535324 1719
       2.066155418050195       -1.186755380773719 1720
       1.834581770248602       -1.060733225859459 1721
       2.013438636049005      -0.6521746323807064 1722
      0.3264384421717851       0.8148882406337520 1723
     -0.2931769792720487       0.6198797351304610 1724
     -0.3125438279012721       0.5106929293273684 1725
     -0.2180851847387767       0.5534379514765380 1726
       1.239627360159607       0.9361813210977552 1727
       1.243095410069671       0.7397809347660567 1728
       1.398609890421171       0.7992064736693021 1729
      0.7696022282211900       0.5128378528298837 1730
      0.8104520267651547       0.5974279576277072 1731
      0.6875989387281631       0.6029735071254506 1732
      -1.606884027454957      -0.6167755820059840 1733
      -1.968760981324041      -0.8603995007557050 1734
      0.5263296519116186       -1.753067342593928 1735
      0.7037621352030030        2.503827023375683 1736
      0.4415845855835343        2.352963595381712 1737
      0.7157743297060718        2.200008337182904 1738
      -2.473269495593819       0.4210160515979870 1739
      -1.296830274797764      0.09366353576430743 1740
      -1.185052095330657      -0.1127469903361413 1741
       2.680796493305129       0.2788405988422542 1742
       3.087035223172908       0.2888643925810715 1743
       2.896442766588548       0.5481980457469077 1744
       3.401934064089819       0.3454366567802604 1745
     0.04805563376027458       0.7953597968452309 1746
    -0.06461218402790317       0.7439953055246666 1747
     0.03199395026634679       0.6936675846061700 1748
       1.036909125177561       0.3093721593592549 1749
       1.095652526337976       0.3537539481423942 1750
       1.623164063196334      0.04939684917049113 1751
       1.753981682463946       0.1342940795449387 1752
       1.619991435775618       0.1902907937418166 1753
       2.226801676963860      -0.2255490880725860 1754
       2.160634885469047       0.1045982996604722 1755
     0.02886004221806208       -1.629427815052102 1756
     0.03671222508056295       -1.915327615476636 1757
      0.2568330640310162       -1.736758436136500 1758
      0.1934032676406095       -1.514578525233804 1759
      0.8872432022038048       -1.013932605365419 1760
      0.7173997444859423       -1.079484150815213 1761
      0.8527161472877663       -1.201244914966545 1762
     -0.5148848795528371        2.269838798168417 1763
       1.612910260199967      -0.9749251037039347 1764
       1.810528349822117      -0.8374927112443566 1765
     -0.1068309261640042      -0.3645665953354486 1766
    -0.06276443119735955      -0.3153626266414418 1767
     -0.1186387150463456      -0.3079772290871152 1768
  -0.0009460939504934749     0.001199625156818709 1769
   -0.002184832003880784     0.001164330987006779 1770
   -0.001298952214421602    0.0002844273119516368 1771
      0.3496031810194916     -0.08066362834605904 1772
      0.3497625223802252     -0.06723469289850414 1773
      0.7486532272756575        1.883754293729309 1774
      0.5107425520059407        1.677562731890667 1775
      0.7914542365890066        1.597460703852094 1776
      0.4339571483020728        1.414118205578669 1777
       1.063804627858927       -1.475018588126481 1778
      0.9238053030474355      -0.6865666135615706 1779
      0.9142242960869340      -0.8486254227106020 1780
       1.080716984330591      -0.7703184171975156 1781
       1.429502368422280        1.427494151169050 1782
      -1.075206445021485      -0.3150848113849014 1783
      -1.203578255111045      -0.5022954293563935 1784
       2.022872179029361       0.3367890384949043 1785
       1.858568178943880       0.4143021076510977 1786
       1.900215543778290       0.2242986103310303 1787
      0.8360749320211291        1.398971918688205 1788
      -1.166993064927128       0.7283158296455748 1789
      -1.175742919970346       0.2781314405358057 1790
       1.751591093278801     0.004913405103350225 1791
      0.4714072241570182       -1.312088040633009 1792
      0.3228669199323078       -1.114231984613151 1793
      0.2595261423094543       -1.330435724883106 1794
     0.02986032034063515       -1.350831060694563 1795
     -0.5293040370135709       -1.364462195740269 1796
    -0.04549976264463297       -1.098168081910798 1797
     -0.1532370997527213      -0.9359804123174154 1798
     -0.2601529846929196       -1.064590611586302 1799
     -0.6438569629668219       -1.531249482096178 1800
      -1.038110880786676       0.4082832827745664 1801
      -1.343280433082284      -0.6901983239281134 1802
      -1.067124515501404      -0.7627696293279922 1803
       1.099944761329479       0.7899202056866373 1804
       1.235523017436351       0.5985433008534026 1805
       1.139951746507623       0.5279204008795104 1806
       1.237848153009766       0.4825904898513380 1807
      0.4662547948420129       0.5972579601901313 1808
      0.3436225437824985       0.6562764660031559 1809
      0.9737306513863347       0.5162856812143444 1810
       1.705176598809009      -0.4542926338204668 1811
       1.542647198622165      -0.4151930544938051 1812
     -0.1891352832155204       0.8017563950251262 1813
    -0.06898680983363788       0.8815077709213310 1814
      0.8564354211394435      -0.5783735545600093 1815
      0.9488632346658010      -0.5783544584585779 1816
      0.9904073802181935       -1.294600258489565 1817
       1.024754437152335       -1.128758830327323 1818
     -0.3415828675746136        1.472797510854165 1819
     -0.1338702853212769        1.420745799654802 1820
       1.352105587757448       0.2818468379476359 1821
       1.446322672992627       0.3237147345833321 1822
       1.338268811120806       0.3593953671842325 1823
       2.017797957305297       0.5364827794585438 1824
       2.207992303753255       0.6032356926121346 1825
       2.196914042730551       0.3944030469288665 1826
     -0.3864892124504597       0.3493321094502419 1827
     -0.4856992105592974       0.4097687950394559 1828
     -0.4921724181142612     -0.08605988680224369 1829
     -0.4291088931885438     -0.03102170611841312 1830
     -0.4910982866676996    -0.005345496816995276 1831
     -0.5075146858228379       0.6530669972717452 1832
     -0.3827873947645087       0.6988785551047720 1833
     -0.4856211972969825       0.8021792115280286 1834
     -0.6069310033348654       0.9150332852662482 1835
       2.403270633102593       0.5012499490804762 1836
       2.365029868378402       0.7691044146820638 1837
     -0.1513973270422266       0.4992237230260536 1838
      0.1956176422237538      0.07993110564700973 1839
      0.2033618103581091      0.07160751975903740 1840
      0.2071788923365198      0.08530741241579121 1841
      0.8594199877733025      -0.3030636820754030 1842
      0.8222353868330303      -0.3407830461151520 1843
     -0.9747427166568818      -0.5225671383282072 1844
     -0.6833654507027633      -0.9716892289029122 1845
     -0.7373910506372615      -0.7859978212775682 1846
     -0.8672944597309138      -0.8982582144636587 1847
     -0.6362659831851931       0.7421896511006865 1848
       1.232732409267445        1.599162562666677 1849
       1.311975251498896       0.4352523159221237 1850
       1.402750962804062       0.4374386633397923 1851
     0.08082088772363789      -0.1244451751202426 1852
     0.07327060216115838      -0.1062885475215425 1853
     0.06107856304320897      -0.1164838475885242 1854
     -0.3380355223142694      -0.6904605398238314 1855
     -0.3043471540141959      -0.5766999927814966 1856
     -0.3988681535790069      -0.6024160826554684 1857
      0.6495596981129738      0.06737192446141727 1858
      0.2164515740110575       0.3731398943462401 1859
      0.1534877651194377       0.4078733043035946 1860
      0.1671327101466857       0.3538656931002090 1861
     -0.2320516547000484      -0.7933915206293852 1862
     -0.1147708294533001      -0.7036925216897016 1863
     -0.2200299580538650      -0.6546289832340016 1864
      0.1387443202758120       -1.172491843117321 1865
      0.1323289519833906      -0.9921684101003889 1866
    -0.01220007556079723      -0.9351900920969347 1867
      0.5396411412660944       -1.117204144099305 1868
      0.4489793341799175      -0.9580608340517531 1869
     -0.2365654886512679        1.219904328044588 1870
     -0.2730677025955999       0.7204230592755112 1871
     0.09016071909765126        1.090038644013489 1872
      0.2342700081589334        1.095808694664618 1873
       1.761501571353920      -0.6323982225597340 1874
       1.357717326778150       0.6506374803578742 1875
       1.332829598390980       0.5274352946357506 1876
      0.8052935670595759       0.7337712016078604 1877
      0.9210652679463895       0.6249177416923890 1878
      0.9501698049553313       0.7802235805539277 1879
      0.1321493809493293      -0.3624041235284770 1880
      0.2014393036406246      -0.3777619362002871 1881
      0.1690671776595390      -0.3214088177806678 1882
      0.3642834135550285      -0.1108368131229870 1883
      0.3826305329279797      -0.1072005985085816 1884
      0.3679763230005414     -0.08951356165915009 1885
     -0.7261310740997261       0.4740991914320015 1886
     -0.7846139070833886       0.3469503067717852 1887
     -0.6511992037930823       0.3512132783199113 1888
     -0.9082642069683726       0.3381568168584609 1889
     -0.8380546088081413       0.2212040818335416 1890
       1.301987533036207      -0.6021733452845949 1891
       1.048304185056457      -0.9441659355590363 1892
       1.191672731327012      -0.8833004236249974 1893
      0.3588854257812996        1.207581908800953 1894
      0.3807666707716168       0.9924125073816499 1895
      0.5591735837274696        1.083232344802547 1896
      0.7384990112287290        1.016488285196023 1897
      0.6214958801759629       0.9422679878708768 1898
      0.7113830124391213       0.8588295116257119 1899
       1.678321241588395       0.4558332758391073 1900
       1.337969225878427        1.171876111723170 1901
       2.043393956136226      -0.3901321344871382 1902
       1.828899348936122      -0.2963593934769794 1903
       1.874584536827930      -0.4836339890881836 1904
     -0.9915123401491122       0.2344504197065517 1905
     -0.8822898112596245       0.4680917621759130 1906
       1.045561491069654      -0.6236159469196959 1907
       1.171401184558134      -0.6380576815357517 1908
       1.113494642257999      -0.5489998143042235 1909
       1.516268560830834      0.03304637400027204 1910
       1.435430092411344    -0.007892575054253080 1911
      0.8170083375265216      -0.5019658989601349 1912
      0.8442736182260623      -0.4238960487541467 1913
      0.7442436210399779      -0.4552727645620150 1914
      0.6733941953878034      -0.3956934309477307 1915
      0.6478679013689038      -0.4777036844007090 1916
     -0.4833040606035105      -0.3394456762860708 1917
     -0.4408440791918768      -0.4212483507995965 1918
     -0.3893261040763876      -0.3157469243967228 1919
       1.252159920500636       0.1194697436147517 1920
       1.194455405902566       0.1045985142140275 1921
       1.224875829602955      0.05783822874707778 1922
       1.524458975000404       0.4445085008030430 1923
     0.07333341005444843      -0.6188925959466467 1924
     0.03270810073665681      -0.5498757804565797 1925
    -0.03572969230679133      -0.6023349937898290 1926
    0.003917869589889458       0.4720688339330886 1927
    -0.03546606213814085       0.3939579378308647 1928
     0.03711986190946551       0.3912633707052989 1929
    -0.03344042333045505       0.2961522029786790 1930
   0.0009724404223835526       0.3307684101680228 1931
    -0.05948089996065663       0.3328128060912184 1932
      0.2995669902589871       0.5616465806607995 1933
      0.1854625302476932       0.5523453043398204 1934
      0.2820681800168459       0.4751682780521497 1935
       2.379532332922889       0.2758081205697190 1936
     -0.4731889345520749      -0.6921630702781615 1937
     -0.5548352786867515      -0.4171709454489661 1938
     -0.1716554835199651       0.6629823126957846 1939
    -0.04416901789667763       0.6254833412444681 1940
     -0.6354347191669881       0.5806694061093953 1941
     -0.3172135239261626       0.1115940647076898 1942
     -0.2592748785362773      0.09143594871658509 1943
     -0.2822353579203054       0.1551358072203203 1944
    0.007885107686909726      0.04309964231570224 1945
    0.009453667845885491      0.05010889905205098 1946
     -0.6835701964060175       0.2224581667568086 1947
     -0.5051421241408807      -0.5499947129979988 1948
     -0.6246278572589025      -0.6633923748010536 1949
     -0.8052978553960395      -0.2053887847545086 1950
     -0.6944667701814428      -0.1400132432040102 1951
      0.2099277316731786      -0.4463728716147402 1952
      0.2535687766581505      -0.4219800566407567 1953
      0.2732150695185375      -0.6395760314696664 1954
      0.1535281321949976      -0.7146053503472994 1955
      0.6226042221505418       0.3062023702157127 1956
      0.6779968607564716       0.3259864651421436 1957
      0.6396233544982542       0.3585546988745638 1958
      0.7115501315487482      0.09254178191883619 1959
      0.7269702746886746      0.07455193656972965 1960
       1.038858761226583       0.5737082517031823 1961
     0.03131284300562353      -0.2275237821026517 1962
   -0.003344037626091796      -0.2309187199344487 1963
     0.02401389964753746      -0.2695732175804724 1964
     -0.2700461435256416      -0.4689512890701824 1965
     -0.3750402135176146      -0.5032082142903913 1966
     -0.2438846524207504      -0.1954422268656051 1967
     -0.3147598950837642      -0.2090263609390637 1968
     -0.1020310826858146      -0.2325627013139031 1969
    -0.08318675721313161      -0.2016013240561206 1970
     -0.3005037836671447      -0.3212771172865007 1971
     -0.2450053430941218      -0.3773935124786881 1972
     -0.2305675095801317      -0.3071432927223814 1973
     -0.1693503227449758      -0.4315950963496865 1974
     -0.1734073815944983      -0.3462782616593072 1975
      0.6911722929678565      -0.3273071167007668 1976
      0.7570771782707795      -0.3070852668838098 1977
      0.7028685535931715      -0.2632061029098199 1978
      0.5920832090847399     -0.08605450333257543 1979
      0.6655243139370079      -0.8097331368948608 1980
      0.6078044730252383      -0.9545767479764939 1981
      0.7652442559296482      -0.9155779071213012 1982
      0.6960399424976565      -0.6759166565442325 1983
      0.7371626931152262      -0.5581433836493552 1984
      0.5977107273952692      -0.5817886118754729 1985
       1.290238968208695      -0.3492617868189317 1986
       1.219499881834805      -0.4028015964374850 1987
       1.325747958167311      -0.4519500810760874 1988
      0.4611493127418575      -0.4431345272095026 1989
      0.5175916496798141      -0.3933349714252277 1990
      0.4499784484392106      -0.3666814394529218 1991
      0.5893339235575485      -0.4016420316223599 1992
      0.6113344061602309      -0.3299965206156147 1993
      0.5525587450785689      -0.3479281738372512 1994
      0.1842434483854429      -0.8442364930188727 1995
       1.112322065697192      -0.4474439302596533 1996
       1.145061765750309      -0.3602208011048983 1997
      0.4302447202998942       0.5124706944208736 1998
      0.5182535550076278       0.4788641411471138 1999
      0.3208657119525971       0.3159376046093219 2000
      0.2690515775546262       0.2784550540232836 2001
      0.3212000172173657       0.2629420948785898 2002
      -1.016027910331398       0.6053347420710792 2003
      0.1767565255706149      -0.5855775203400505 2004
     0.01254621730892874      -0.7228192794721461 2005
     0.06675684743639713      -0.8392083375627507 2006
       1.015049597763730      -0.5033569755399708 2007
      0.6113770312088340       0.4222241446101869 2008
      0.6124447085138294       0.5115390246745367 2009
       1.374718378855576      -0.3493267841348525 2010
       1.458878464565193      -0.3463294556615387 2011
       1.526840919664855      -0.2819628063197612 2012
     -0.5666945795879654     -0.01329469622927261 2013
     -0.6708556885095341     -0.02226348286004161 2014
     -0.7539574281605885      0.09611008389006424 2015
     -0.7981002833900593     -0.04497397985327767 2016
      0.1118377741523623      -0.2570140832468187 2017
      0.1714627379545139      -0.2575448082591916 2018
      0.1334934260575538      -0.2317456604696456 2019
      0.1074738347250975     -0.04668044163216706 2020
     0.09907026664560452     -0.04480604697847616 2021
      0.1006851747560458     -0.05317514720446798 2022
     -0.5173203023691065      0.07229549992066639 2023
     -0.4807912821601718       0.1447348212365646 2024
     -0.5622231561658858       0.1730687669586776 2025
     -0.6257986705598807      0.08659906373967061 2026
     -0.6562476522382477      -0.5151284571475963 2027
     -0.4638811172879557      -0.2540473363344182 2028
       1.651512057242235      -0.3047602663842846 2029
       1.595399197122543      -0.1855257117481515 2030
      0.8352279601552953      0.04941743443423552 2031
      0.8443992960748080      0.04146743944842792 2032
       1.157910240414536       0.4220732349744563 2033
       1.070101989075484      -0.3647449000070331 2034
       1.109743577146576      -0.3031666586370372 2035
       1.422760213779186      -0.2645226480972662 2036
       1.320130506843686      -0.2605753821068780 2037
       1.137762135350635      -0.1858415647452451 2038
       1.093073524851669      -0.1564007567608486 2039
       1.082852941819881      -0.2064204246199112 2040
       1.211141657107776     -0.07477075602039886 2041
       1.164867726956076      -0.1082821916015370 2042
       1.200214307490742      -0.1202776001257577 2043
       1.255723947167420      -0.2148244273756124 2044
       1.304084880994190      -0.1813987844933951 2045
       1.242848406631535      -0.1413093759628319 2046
       1.248899063810208       0.3843183918427847 2047
      0.8732166907411701       0.4953671358514589 2048
    -0.06990558969357995      -0.8262304003408623 2049
      0.9034643603087412      -0.4998592017116430 2050
       1.239734630184732    -0.005809611992971039 2051
       1.282931004701201      0.05087400410125452 2052
     -0.2331446485808271       0.3826378098244430 2053
     -0.3130062931836703       0.4146621517824919 2054
     -0.2930434757451125       0.3339192967230113 2055
     -0.5561564929129079       0.3584864482109448 2056
     -0.2969678574855188      0.04940271065477938 2057
     -0.3543483780676679      0.06682059800573827 2058
      0.3550463167279422       0.4208965748724882 2059
      0.3523216650148464       0.3607719150662061 2060
      0.4139468428126930       0.3628532490004408 2061
      0.7579162461738516       0.4238268639699607 2062
      0.7919128310958725       0.3532701188737339 2063
      0.8288021729401726       0.4127090761659318 2064
     -0.5934161372788076       0.4474371900779713 2065
     -0.3332043380964489       0.2692934973757888 2066
      0.1431645885563043       0.4751154097340964 2067
      0.2114163207154647       0.4455665933496763 2068
     -0.3297074550744280       0.8245751744860010 2069
     0.08184157436587679       0.5174890236864534 2070
     0.08770042222554925       0.4381071108241945 2071
      0.1674840122982512      0.09298769452861763 2072
      0.1673293072198110      0.07637601482354156 2073
      0.1779713638842473      0.08325679518044418 2074
       1.209108879916040      -0.5157856386704904 2075
       1.256986316133405      -0.7528464736491574 2076
       1.525299643281407       0.1204929538292112 2077
       1.504884797136061       0.2203552321203096 2078
      0.9452651227657249     -0.01120900366826614 2079
      0.9536740190845151     -0.02329434211138981 2080
     -0.1357579405560597      -0.6008748184549437 2081
      0.1016867260054814      -0.5338671242916564 2082
      0.1704682176028976      -0.4957991077952371 2083
      0.1091821446931712      -0.4695604041138334 2084
    -0.06845297873903869       0.5324760749477666 2085
    0.009024105599209183       0.5533620134189184 2086
     -0.3367942778454646      -0.4013042347203469 2087
     -0.2353349161215170       0.4615220826985073 2088
       1.449794845649627       0.1533294401765287 2089
     -0.4378687745799897      -0.1679780757198952 2090
      0.5891452461998935       0.3472813423033346 2091
      0.5760213186636698       0.2953957703032727 2092
      0.6903057611254997       0.1997844747764820 2093
      0.6768994212660118       0.1633664756214122 2094
      0.7095078854958101       0.1657559350149545 2095
       1.427425611904182      -0.4206419852620082 2096
      0.5172716066395867      -0.6385955341997621 2097
      0.4457711149127833      -0.6325755303717397 2098
      0.6891059525884696       0.4811865814247376 2099
      0.5974437337202242      -0.2545708010265785 2100
      0.6489507810471388      -0.2829161291151732 2101
      0.8754852703684864      -0.1346531285788559 2102
      0.8557925739983584      -0.1072636527616791 2103
      0.8407943871257149      -0.1383104916705901 2104
      0.3758651906317713      -0.6892496829473476 2105
      0.5453622477175978      -0.4736818837473202 2106
      0.3910666628767656      -0.2754141121050485 2107
      0.3408438955247053      -0.2923556895843100 2108
      0.3895567908453623      -0.3307364976484343 2109
      0.3168281555905718     -0.09018851889807540 2110
      0.3243384711793351     -0.07543394571609906 2111
       1.194756169979758      -0.2052103169547584 2112
       1.377130440639151      -0.1823379541278199 2113
       1.324390045167613      -0.1188741268490648 2114
      0.5695538533477631       0.6750983846840870 2115
     -0.5040565384111851       0.5216215568847959 2116
     -0.5690526347048076       0.2716429979063447 2117
       1.065586562074032       0.1426941095193691 2118
       1.098913440814676       0.1626136940889865 2119
       1.063158827582930       0.1754802818005327 2120
       1.012691628619507    -0.005634672931103452 2121
       1.003050317066540    -0.009927138184338092 2122
       1.014498888578144     -0.01555736798703443 2123
     -0.4004528941030090       0.4631568575645245 2124
      0.8602397808357911      -0.2496887623118125 2125
      0.9186603494544089      -0.2451356413680988 2126
     0.02347606686242871      0.02284933223482278 2127
     0.02035595403386557      0.02377390061702869 2128
     0.02071565526752241      0.02117278891382064 2129
    -0.07941528459816079       0.1680199378434652 2130
    -0.06644848424653055       0.1453222536811726 2131
    -0.04966788978341293       0.1601741265532552 2132
      0.2733192299691101      -0.5105628605949850 2133
     -0.3622804342804483      -0.1586399668354316 2134
     -0.4024807158306107     -0.09753410509074886 2135
     -0.4501952400786211      0.03135330514428672 2136
     -0.4250141219752677      0.09287639694933794 2137
       1.378141802948543       0.1210144329266426 2138
       1.444434642864111      0.07708347737769518 2139
      0.8066870228280927       0.4631194007802062 2140
     -0.4009222821121694       0.5728636029027926 2141
     -0.1325061321778294       0.5753505300469144 2142
     -0.2721449074081042      -0.2580576038796233 2143
       1.127659297606478       0.6538489286452698 2144
     0.04715500404463543     -0.04146973728127143 2145
     0.03931723251714658     -0.04261161094541340 2146
     0.04521171638311840     -0.04924447349725639 2147
     0.01837105836789703      -0.1988969717851391 2148
    0.007879655049646122      -0.1696345240321002 2149
    -0.01723346422352253      -0.1948532332610579 2150
     -0.1079151305574868      -0.5170490735922647 2151
    -0.03948767397741534      -0.3686984301918396 2152
      0.4182428598070614       0.1993218192686547 2153
      0.4552318111072164       0.2026427569544845 2154
      0.4316692783057381       0.2404372229157759 2155
      0.4844492013087549       0.3858928192309154 2156
      0.4681722168365024       0.3265265261814616 2157
      0.3623245836370583       0.4945036835949023 2158
     -0.3639749088322927     -0.04295155773457245 2159
     -0.3042983042372998     -0.05098468698967582 2160
     -0.3301770254609168     0.005441130000892670 2161
     -0.2003999256277309      -0.1570574361239176 2162
    -0.06860929025647400       0.2900135304497308 2163
     -0.1142684739452361       0.3091264751608710 2164
      0.6868498982466300       0.3918369943166423 2165
      0.1439291250241697     -0.05997124900933706 2166
      0.1443749103093873     -0.07139034018338770 2167
      0.2706010552113192      -0.2298232247820465 2168
      0.2196428577046983      -0.2215745902540831 2169
      0.2343644742372863      -0.2622862424480121 2170
      0.8107035331096523       0.3029715383732013 2171
      0.7674154446101513       0.1353090561190989 2172
      0.7438818473216974       0.1620624819178900 2173
      0.7423329970084964       0.1310167910575588 2174
       1.038932149744749       0.2519672918414828 2175
       1.089763566459682       0.2784223730704735 2176
       1.126622234481313      0.01744961029303009 2177
       1.095797780722261      0.01328583194199857 2178
       1.116325789051251    -0.004348820712088377 2179
      0.1066708738123217       0.3648327225826348 2180
      0.1490165809946657       0.2391429043829181 2181
      0.1255094555737613       0.2142011807549723 2182
      0.1550095234112989       0.2025394664404278 2183
     0.02200364475295264      -0.3620780734199746 2184
      0.2203743931745727      -0.3117742040909917 2185
      0.2808855838989991      -0.2950833459013649 2186
       1.214482267010953      -0.2898786671325089 2187
       1.015565271159553     -0.04710700646331745 2188
       1.041456634715290     -0.05346226718441898 2189
       1.029178191578606     -0.03537311580106437 2190
       1.027545019066175     -0.02061295724326465 2191
       1.015737138789188     -0.02885956249539419 2192
     -0.2007993423017610       0.1447320210760017 2193
     -0.2114353319853142       0.1002009136065937 2194
     -0.1751139245573721       0.1105174314951322 2195
     -0.2640524549797178       0.2630408432065878 2196
     -0.2933587725773062       0.2143448278771254 2197
     -0.1846411201874094     -0.09575675649918383 2198
     -0.2273475064155615     -0.08777707407658328 2199
     -0.2057487137085576      -0.1214278776506160 2200
      0.9406665397936810      -0.1552587221808845 2201
      0.9845838807112710      -0.1820502373118892 2202
      0.9774476404179125      -0.1365459672781893 2203
       1.039918872132352      -0.1769828888381655 2204
       1.025709754667623      -0.2203629477492893 2205
      0.2878632863414494       0.3897573693221567 2206
      0.3804027265640902       0.5644310769739725 2207
      0.5449514504892348      -0.1780143062348597 2208
      0.5784032668024435      -0.2006393013287776 2209
      0.5782120922144254      -0.1526468469391480 2210
       1.392536869481818       0.2128238773856113 2211
       1.067016174016552      0.04924357973922117 2212
       1.074667226991939      0.02993018038307511 2213
       1.088811972128448      0.04328317089243900 2214
       1.245104848414535       0.2083657116013374 2215
       1.315105609370651       0.1647344954054384 2216
      0.6675121240726581       0.2208282102213266 2217
      0.6939052697710502      0.09938127156263696 2218
      0.6769224462763077      0.09325060929784609 2219
      0.2955237280426376      -0.1897245065047504 2220
      0.3173974301189503      -0.4207618459025252 2221
      0.2680389544391724      -0.3620368950873353 2222
      0.3734400904819209       0.2677290764138072 2223
      0.4251168600973219       0.2978062837891301 2224
      0.3771382340718759       0.3210196257757812 2225
      0.4391325676926863       0.1732904358038530 2226
      0.4068238695852052       0.1657615936006384 2227
      0.9469866947386066       0.2725939531533973 2228
      0.9205110073784952       0.3308140139704983 2229
      0.8942557978838944       0.2918413209052906 2230
      0.8043155461362287      -0.2207959584227704 2231
      0.7569437252710063      -0.2027434123113624 2232
      0.7595559040301276      -0.2496028912864900 2233
      0.6529137127875652      -0.1147670734372569 2234
      0.6821909434755588     -0.09783019351267623 2235
      0.6592254990682500     -0.08327679722013687 2236
      0.6074385492892974     -0.05479033173563170 2237
      0.6189569826019453     -0.04570150969652576 2238
      0.5289968138966051       0.3230232539109998 2239
     -0.3822856507740104      -0.2259329521984833 2240
       1.192084600595041       0.2643025544989575 2241
       1.139687866749193       0.2937722640346710 2242
       1.137610938413652       0.2427714542000232 2243
       1.315052644460475       0.2299631757504187 2244
       1.267559327861595       0.2938012594697262 2245
      0.9001712348904048       0.3966438196512957 2246
     -0.2367401932856346       0.1926640623080019 2247
     -0.2219892202198360       0.3139607371564230 2248
     -0.1957498092128814       0.2470051357697302 2249
     -0.1680830623416429       0.2953159673966196 2250
      0.5674129377227108       0.5711460952469162 2251
      0.3497454508011011      -0.2044076213699681 2252
      0.3930165057736281      -0.2220745739025278 2253
      0.3758347565355872      -0.1801853499524796 2254
      0.1539457562824969      -0.2141411094293660 2255
      0.1233291134401606      -0.1992161349505684 2256
      0.1984126381126795     -0.06023503568796675 2257
     -0.2080754298340937      -0.2476790481421261 2258
     -0.2415567522209602      -0.1361212796974759 2259
     -0.3456155714299144       0.1877294657524433 2260
     -0.3708036454597357       0.1260504449229488 2261
     -0.4186628828305068       0.1729314564139418 2262
     -0.2708541209749718    -0.009420611815260521 2263
      0.8850827380928196      -0.2044687553298397 2264
      0.8882458809155119     -0.07499134450435714 2265
      0.8888504657234441      -0.1017794447235253 2266
      0.9088328151573990     -0.08016318700875680 2267
   -0.006817181468214200      -0.3163563856878404 2268
    -0.02884495076490500      -0.2705902274921008 2269
    -0.05161909200475402      -0.2260180337624349 2270
    -0.05208810430798156      -0.1837037869217170 2271
     -0.1228500107860442       0.1340438908554055 2272
     -0.1079828838148244       0.1643010929942531 2273
     -0.1386922282357122       0.1751822228107329 2274
     -0.1280319608690023      0.07061458647964797 2275
     -0.1287412806371078      0.04590476451275059 2276
     -0.1046438003309895      0.05700128167901312 2277
       1.358216774963034      0.04100509449531319 2278
       1.274131481879420     -0.06600680274100251 2279
       1.351153646886510     -0.04125593319877503 2280
       1.301233507722980    -0.004238649867236167 2281
      0.9900606444632262      -0.3593402267955007 2282
       1.034113966866211      -0.3068474822863694 2283
      0.8992379237487186      -0.1657933547262504 2284
      0.9113763578798108      -0.1296728028052870 2285
       1.135717721477644      0.05604469700440096 2286
       1.161691638865500      0.01802071107022082 2287
      0.8106914039567795      -0.2811700412691058 2288
     -0.2012411082420375      -0.5416332089137625 2289
       1.138427269951747      -0.1478250627605470 2290
       1.180583492962040      -0.1550453345355973 2291
     -0.1690516746690268       0.3507662285586117 2292
      0.9431327318334644       0.2135551781355047 2293
      0.8961723277825066       0.2460759608780976 2294
      0.8930055292740490       0.2015194051075648 2295
      0.8562713365305261       0.3367515406327687 2296
      0.3313372009441891      -0.3490718100510170 2297
       1.134976799282748      -0.2416831694485453 2298
      0.9915156016026654       0.2343141951110200 2299
      0.8869115289667155       0.1686956062131874 2300
      0.9235355974584881       0.1753088220672624 2301
      0.9569775900958279       0.3714694586542211 2302
     0.03650421567031428      -0.3146676606510791 2303
     0.07566487515876287      -0.3384623168005003 2304
    0.001175127600230411      -0.1479025482207050 2305
    -0.02260026481985097      -0.1599473631305077 2306
    -0.01471222163718436     -0.06502138532283214 2307
    -0.02722554610842049     -0.05801939145524418 2308
    -0.02575775288330774     -0.07215246587957205 2309
      0.1219576919599046      -0.3038326494411163 2310
     0.09907853207057310      -0.1386208706366417 2311
     0.07796502295889846      -0.1486397295134712 2312
      0.1006969549618570      -0.1691181768899209 2313
       1.065676564634257      -0.2572512201773733 2314
       1.008450782123550      -0.2633854332222267 2315
       1.167984124090908     -0.06019539692934611 2316
    -0.08873572698079071       0.2563102794361327 2317
    -0.04153751850229454       0.2558647994321047 2318
   0.0009889079190096785       0.2747630649539881 2319
     -0.2284836097870300     -0.03807740862806124 2320
     -0.1920280659690753     -0.06032326855679493 2321
     -0.1899701273726784     -0.01907697072897303 2322
      0.7560944026722494      -0.3779394460794855 2323
      0.7025163823672668       0.2360292632009633 2324
       1.317311022496813      0.09941955410868006 2325
     0.05684278160232101       0.3363082508415281 2326
     0.03528108569098817       0.2479927373229136 2327
   -0.003349137920608954       0.2315258217413484 2328
     0.03002916668897452       0.2020998064192466 2329
       1.181399380824424       0.3339963938769689 2330
      0.1533666301422745      0.06145857397761879 2331
      0.1600864264559188      0.05540180941151115 2332
      0.1626839561699770      0.06420336306594746 2333
      0.9434970009028417       0.1460515383437345 2334
      0.9092986961444749       0.1463551171714417 2335
     -0.1603434403722518       0.1436372162868660 2336
     -0.1239947628002648      0.09943352121721405 2337
     -0.1027326735006853      0.08201494908130834 2338
    -0.09288437823598941       0.1087095329035972 2339
       1.181490250896674      0.05865671533280653 2340
       1.201392931507966      0.02074318666492254 2341
      0.4845017198937163       0.2709811285095843 2342
      0.4273341030527081       0.4399138799461184 2343
      0.4414062592087636      -0.3060164793091480 2344
      0.4989639640127837      -0.3277884365080083 2345
      0.4892278099222896      -0.2733550759682034 2346
      0.1495019761636459       0.3119458941023108 2347
      0.1361662823700713       0.2733638978026420 2348
      0.1774720035207487       0.2710543165805470 2349
    -0.06258485636621694    -0.003875371390013118 2350
    -0.06249129002962450     0.007377905084770194 2351
    -0.07619166524649248     0.001853298096625481 2352
     -0.2147243732696460      0.04967418935459120 2353
     -0.2257460100719757     0.004597778777928087 2354
     -0.1953177782972129      0.01534350663509013 2355
     0.01134621449634763       0.1291748655419041 2356
     0.03250579567376033       0.1330302544984812 2357
     0.01927968106681487       0.1501123035524300 2358
       1.001567768182281     -0.08775344623149040 2359
       1.003574611841149      -0.1156327847400484 2360
       1.024057804846953     -0.09791282926527521 2361
      0.9164861122882921     -0.01522767485481419 2362
      0.9016646166234642     -0.02102493003425924 2363
     -0.1042329551274911       0.2065299548261786 2364
     -0.1520196189871106       0.2142765740515953 2365
     0.04457168501151128       0.2910819589306615 2366
     0.07124516106120525       0.2618576135129249 2367
      0.2420256877208521      -0.1961711805704872 2368
      0.4581444553037770      -0.1803092219652236 2369
      0.4336603882774547      -0.2143259672300414 2370
      0.4759417545687115      -0.2216399105163798 2371
      0.2472364160099099      0.06655046929814472 2372
      0.2370281844003642       0.1118015150293850 2373
      0.2393768942509598       0.1311004096048858 2374
      0.2191981427627408       0.1220489902083294 2375
      0.5465109431122775       0.3904685108572322 2376
      0.3410083112565783       0.2288069268259305 2377
    -0.05762203135129897      -0.1498395398567036 2378
    -0.08581514125857719      -0.1718860440206388 2379
    -0.09440311658389275      -0.1032667308226132 2380
    -0.08387008745330189     -0.08090317247977104 2381
      0.2756618237346258       0.1531886638330306 2382
      0.2556212898943828       0.1748113740782581 2383
      0.2475414778868631       0.1511606132203217 2384
      0.6340821019354606      -0.1455351983615615 2385
      0.6617735227800856      -0.1472119037477168 2386
      0.7075513453149350      -0.1069141715478972 2387
      0.7182546845423075      -0.1405378948019913 2388
      0.7198043909896538      -0.1847235138644532 2389
      0.7254390169528001      -0.2226165659220715 2390
      0.6493348700964889      -0.2350069939683206 2391
      0.5451069424610143      -0.2930163223809482 2392
      0.5036068493174791      -0.1867250861405723 2393
      0.5195006567841133      -0.1471517091506721 2394
      0.4882997580638382      -0.1586743568610954 2395
      0.5653049422544019      -0.1176712648266102 2396
      0.5495309507348742      -0.1424625422651543 2397
      0.3011806867283649      -0.1365001030029352 2398
      0.3124240555347721      -0.1620545230548613 2399
      0.3226968087556628      -0.1346367985047237 2400
      0.3365207546851240     -0.07027730702294713 2401
      0.3912027141466830      -0.3990777246172103 2402
     -0.1820669686982342       0.1869442965138729 2403
      0.7794232245464736      0.05575923240565316 2404
      0.7277290852165055       0.2008512219373685 2405
    -0.06428219306847174       0.2260503318372481 2406
    -0.08903824219170506       0.1399402814981113 2407
     -0.1665834592060464      -0.2854767479338153 2408
     -0.1222786860767989      -0.2663999361828318 2409
     -0.1523668337799792      -0.2377213230302719 2410
      0.4927698297515765      0.07566636270450970 2411
      0.7607194121024752       0.1954707632103634 2412
      0.6588001483180979       0.2621298234513292 2413
     -0.1504136985436637      -0.1019752260932064 2414
     -0.1730322074737518      -0.1283218488711823 2415
     0.09240631349725695     -0.05026081200426372 2416
     0.08600667695140039     -0.05465361118528469 2417
     0.08522798588971277      -0.2018697497509476 2418
     0.05083038956477900      -0.2019115184338848 2419
     0.06726796866841697      -0.2386338854463401 2420
      0.4944906890333322      -0.1318462521605928 2421
    -0.07996740603936622      -0.2697792067698466 2422
      0.1671645746696339      -0.1519806368546074 2423
      0.1549109283238480      -0.1791979577743560 2424
      0.1876872614587808      -0.1681430746875968 2425
      0.2390483319575947      -0.1687544855431258 2426
      0.3392291749533122       0.1667355607227527 2427
      0.3613219992760317       0.1495664392015561 2428
      0.3737419803837689       0.1683072988242176 2429
       1.138788141301612     -0.02449791818664250 2430
       1.103400966489583     -0.02001843506747999 2431
       1.118067514109953      -0.1159944865068223 2432
      0.5134959200709013       0.2261705783096447 2433
      0.4754550099781560       0.2275520421165439 2434
      0.4906626244549192       0.1972603731771878 2435
      0.5551027125981243       0.2145608788040614 2436
      0.5921422932992477       0.2461541126431645 2437
      0.5425878024002375       0.2609943792953321 2438
      0.5023231333929098       0.1665739443516609 2439
      0.5268039787421240       0.1879016162854987 2440
       1.005661582569172      0.06739889143750222 2441
       1.007760486345435      0.04535393348263957 2442
       1.022788352059090      0.05740917507912780 2443
       1.028721476031668     0.006198838972552423 2444
       1.045306707762258      0.01299231041133618 2445
       1.029542156691472      0.02233856453650365 2446
       1.050780692714538      -0.1378319572419099 2447
       1.028212758399585      -0.1215058806996287 2448
       1.013535781637662      -0.1461338901155689 2449
      0.5337304497294847      -0.2300188687724202 2450
      0.5870880603298261      0.07275965922982829 2451
      0.5313144498210407       0.1544676100318985 2452
      0.5080276614991331       0.1402524289385072 2453
       1.141190706215782       0.1315674533601203 2454
       1.094492383740504       0.1215941468497630 2455
       1.117837943128494      0.09276035383585646 2456
      0.7497740146982325      -0.1596897215555198 2457
      0.7851037717638567      -0.1713969470963995 2458
     -0.1464684257358137       0.1143332580762961 2459
      0.8507696796608797       0.2755506229761697 2460
       1.099832520986208     -0.08670646544866177 2461
       1.080235490730871      -0.1173578057978868 2462
       1.008946900490527      0.02057874442656607 2463
       1.133287508345872     -0.07570020283478052 2464
      0.8523518812330795       0.1556144870595023 2465
      0.8624519790441842       0.1252435098231229 2466
      0.8808159155576718       0.1431548898888677 2467
      0.8039903995862252       0.1012867174105269 2468
     0.07156420588492005      -0.2861617470310428 2469
      0.1508431304951104      -0.4257603968424348 2470
    -0.03921073731064344      0.09612846429701176 2471
    -0.02438666828521026       0.1085261163091346 2472
    -0.04396828987436652       0.1148851023383324 2473
     0.01149779023382379      0.02256385339263074 2474
     0.01466344783565221      0.02144898030046720 2475
     -0.1510011276740537      0.08688490990702932 2476
     -0.1524437520225236      0.05747211256864990 2477
    -0.03654875845835891     -0.03166412144921656 2478
    -0.04475887131026925     -0.03354804308258218 2479
    -0.03860686388186468     -0.04095537443981100 2480
    -0.02793013699882392      -0.1215906905001703 2481
   -0.009003036919972486      -0.1158804344194443 2482
    -0.02496583208614280      -0.1035533350860036 2483
     0.02961603228829865     -0.02545851113225307 2484
     0.03368749390161119     -0.02708202639754763 2485
      0.6319360870097701       0.2153774782564553 2486
    -0.01166606539215928     -0.02782163982273200 2487
   -0.009786799481793562     -0.02295566504956377 2488
    -0.01446868574391066     -0.02124001142344415 2489
      0.9644575159054938       0.1703134892200899 2490
       1.001664979970643       0.1661811942628939 2491
      0.9862558560724404       0.1947604214111005 2492
      0.2090941751978196       0.3122738800832445 2493
      0.2632123348046104       0.3335972228474988 2494
      0.8757715196409328     -0.05491531711758452 2495
      0.8572187994772349     -0.04131755907221594 2496
      0.8495124913391223     -0.05956501168453893 2497
      0.1068188271444990       0.2465675102150938 2498
      0.1074189915928925       0.1532318395184616 2499
     0.08211374762762660       0.1455645633348535 2500
     0.09906229751016563       0.1305225191333937 2501
     0.07858042891365233       0.1232271655576330 2502
     0.09351597102088095       0.1113077084945209 2503
     0.09646343189772161       0.2989032053107817 2504
      0.5925128397464264      -0.1147831270152042 2505
      0.6152454197447685      -0.2104014710047954 2506
      0.2587045034919586       0.1338453337495168 2507
      0.2641055352064197       0.1153119378701517 2508
      0.2785328596474898       0.1276580895651009 2509
      0.2454733997432414       0.2328847324796985 2510
      0.1931233939476153       0.2271310545038255 2511
      0.2265101529177813       0.1942720028791277 2512
      0.2188429099928102       0.2643598075341198 2513
      0.2699116750336716       0.2014321058621963 2514
      0.2948043496106079       0.2324397723610791 2515
      0.2081044813476948       0.1642722206335346 2516
      0.1855767194024661       0.1857099551774524 2517
      0.9976631630588960     -0.04581929588117967 2518
      0.9834307750826952     -0.05342371545103569 2519
       1.000349565597312     -0.06347856049344303 2520
      0.3853177251748028       0.2210303741974033 2521
      0.9987823245945189       0.2753905982444875 2522
    -0.03472657210023106       0.2194218420949217 2523
     -0.1371816077658588       0.2547607311068545 2524
     -0.2614372942160024     -0.05707841353165077 2525
     -0.2389186473092360       0.1374455044923750 2526
      0.9836430637120029      0.07531257369239003 2527
      0.9441463208726931      0.09636675684580441 2528
     0.02684212940814924      -0.1456726795185163 2529
     0.03815312306954388      -0.1725014461359158 2530
     0.05424927904085800      -0.1506754077078178 2531
     -0.1587139510275958     -0.07271413165189940 2532
      0.6582523682293795       0.1087560017346186 2533
      0.6469157875034089       0.1296818551498398 2534
      0.6359161916340882       0.1131637953604663 2535
      0.6749256365711913      0.06387543156067257 2536
      0.6652575978195325      0.06572624022347953 2537
      0.3108295148191971      -0.2568236904638345 2538
      0.3500729989212719      -0.2452252112335817 2539
      0.3164020620017025      -0.2183887818861990 2540
     0.09668696707189312       0.2074116645211388 2541
    -0.07528661572883726      -0.1004068203646796 2542
    -0.06316849120296410     -0.08728146621462855 2543
      0.2827101288449372      -0.1220246367698168 2544
      0.3040991354014217      -0.1111239903875320 2545
      0.2276064202643966     -0.09474416770275312 2546
      0.2485911699131563      -0.1030660100369813 2547
      0.2451413096947047     -0.08094983118711541 2548
     0.04325502230532978      -0.1090866293062834 2549
     0.04616566761871630      -0.1300458349063318 2550
    -0.01385069775207170      -0.1356268072803424 2551
    -0.03389693768747998      -0.1387202503934049 2552
      0.6096828190232486      -0.1736934802049385 2553
      0.6844188542315366      -0.1287824572010203 2554
      0.6443855481358103     -0.06423133632870362 2555
      0.6235753572378695     -0.06143841346761846 2556
      0.3579302957010215       0.1942121530549402 2557
      0.4059095740075577      -0.1024300898592458 2558
      0.7869494684217748       0.1659563276152412 2559
      0.8448573755358039       0.2220429163106568 2560
      0.3427747459192730      -0.1641564532509299 2561
      0.3233740084598972      -0.1877463772133417 2562
      0.8100034908125300     -0.08050535860195485 2563
      0.8247086886076478      -0.1070372926874308 2564
      0.8381791557904882     -0.08196403621315908 2565
      0.1044612492074103      -0.2259502100437139 2566
       1.068059379572653      0.01161580556545336 2567
     0.03848807851177023      0.07770955315813659 2568
     0.05055238013037139      0.08404827557548458 2569
     0.03693321935983587      0.09003929162057971 2570
     0.08419098652093676      0.04089896017093531 2571
      0.4896980674579299       0.1241399783547302 2572
      0.4822196330664295       0.1469900693546065 2573
      0.4700141209326354       0.1293589582817354 2574
      0.4122552441115405       0.1365315759594085 2575
      0.4296200126471483       0.1512283732210066 2576
      0.5721875740735108       0.1106417376312777 2577
      0.5533344958458618       0.1353925111929826 2578
      0.5458889147875948       0.1107570672941322 2579
      0.1840235626113198      -0.2039272534336778 2580
       1.053849497474419      0.09679776561836546 2581
       1.066510492989395       0.1147094827625516 2582
       1.037713968165898       0.1215917934208009 2583
      0.8192170918742638       0.1517843127616143 2584
      0.7981617995032714       0.1315885026481429 2585
      0.8315164174385024       0.1237550994701023 2586
      0.1782435902668537     -0.05806068594410278 2587
      0.1913434176295601      -0.1335031367651721 2588
     -0.2534290578577579      0.03659845097974625 2589
     -0.1123269732986998     0.004030700477724324 2590
     -0.1022844684072007      0.02421313165661863 2591
     -0.1244068786879774      0.02444772376282315 2592
     0.04219684004298117       0.1175078546363551 2593
     0.05778935322015347       0.1349278168254432 2594
      0.7952529023145886     -0.05661465735521875 2595
      0.8233512043675897     -0.05863726791278858 2596
      0.8613059129607521      -0.1700109356022348 2597
      0.4415706973615366     -0.06727827352057048 2598
      0.4574695230078159     -0.06767189791055832 2599
       1.186138553527788     -0.02027202468719269 2600
      0.9814284522611683     -0.07473564085435115 2601
       1.046338171086084     -0.08070176407113688 2602
       1.022441963839278     -0.07203225807928382 2603
      0.5792281800091451       0.1386705988018562 2604
      0.5965878907359560       0.1592381023696592 2605
      0.5619583949203979       0.1697827368670879 2606
       1.154138405524232      0.08872554674944234 2607
     -0.1771401169212032      0.03850238193173991 2608
     -0.1806358792750384      0.07331627001800642 2609
    -0.08569144961096090      0.07036745324330200 2610
    -0.06792186490611667      0.07858199454638404 2611
    -0.08173008062866655      0.08720184341055727 2612
      0.9800448934783578       0.1353976865033547 2613
      0.8612278330397098       0.1862137149650118 2614
      0.8274227724382667       0.1822969678967305 2615
      0.6075619114395181      -0.1412272650417871 2616
      0.5954390921164427     -0.04937159036024670 2617
      0.8485539513574449       0.1050560692391805 2618
      0.8301382433224539      0.09313795062313943 2619
      0.7784902552264463      0.09307879463094060 2620
      0.4706658934382078       0.1727213010452939 2621
    -0.02797523663169598      0.07139093221182488 2622
    -0.04019793290142889      0.07001769333512453 2623
    -0.02885767822467793      0.06013261465766061 2624
    -0.05968694456522606      0.01922075814358006 2625
    -0.04813025760426910      0.02206100535079253 2626
      0.6922754438856856       0.1372752375692395 2627
       1.030361595079766       0.1994193956380268 2628
    -0.09622788261225548     -0.02783277120267867 2629
    -0.09180277011435703    -0.008027023442749057 2630
     -0.1093937254647480     -0.01576981785323834 2631
      0.9131971647640003      0.09861118966176954 2632
      0.8905005781897410      0.09650491841517730 2633
      0.9002793714584220      0.07730987526675760 2634
      0.1431817851568972     -0.05134085697255449 2635
      0.1348041037359946     -0.05626479264120780 2636
       1.011762144993858       0.1383139892471316 2637
       1.034671854391877       0.1577891801306473 2638
      0.9246764136339302      0.07738072715830378 2639
      0.7834095193036817     -0.07761080185790714 2640
      0.7589137551138608     -0.07686317653336232 2641
      0.7686825657780466     -0.09824506115242065 2642
     0.06405588407706392      -0.1340579989672775 2643
     0.06729067853557820     -0.07031514739716539 2644
     0.05733372298699720     -0.07633001753877335 2645
     0.06705235073522897     -0.08167817659885328 2646
      0.3432079685395277       0.1406724867716745 2647
      0.3446722507308023       0.1162257218072935 2648
      0.3640052797540998       0.1294581577136230 2649
      0.2142902669468963      -0.1852280002496688 2650
      0.8458991970052433      -0.2029642364291402 2651
      0.8228459157838899      -0.1746773707655507 2652
      0.6238153295067573       0.1402993586909753 2653
      0.6005717162243327       0.1342535097749777 2654
      0.6674675978928987       0.1350889254684162 2655
      0.6817871953484962       0.1137525579768088 2656
      0.1216313259795379       0.1820032715292683 2657
     0.08474270543222526       0.1747427497208628 2658
      0.4411088976662215      -0.1050571370509854 2659
      0.8669017865693543      0.06382968975665622 2660
      0.8606037314906276      0.04725269275746848 2661
      0.8790061147040003      0.04915940092756806 2662
      0.8706890110825232       0.1018262551962021 2663
       1.078802968249817     -0.01111336611588626 2664
       1.107690025355862     -0.05262525698015909 2665
      0.3858819133355280       0.1416416174962943 2666
      0.3133573893537507       0.1944880900497634 2667
      0.2840749435345274       0.1775577641484967 2668
       1.081801400018188      0.08989292750670153 2669
       1.057991809456573      0.07340024787852087 2670
       1.079777537438826      0.06528507822951270 2671
      0.3914090832291406      -0.1536649636707118 2672
      0.4120145755915051      -0.1850785247385805 2673
      0.2920481027538923       0.1175731533827043 2674
      0.3012221531945336       0.1362477663588012 2675
      0.2375784320301667      -0.1421659290936079 2676
      0.2589615438519787      -0.1282839506142935 2677
     0.01876977740813430       0.1026884767282409 2678
     0.03221131694082292       0.1025353127799727 2679
     0.02294489299650399       0.1159317369162601 2680
     0.03955851551295998      0.06552840520762124 2681
     -0.1674776693495966     0.009187156350981737 2682
     -0.1538477575380581     -0.01573020875400889 2683
     -0.1394780892096907     0.006474466459317199 2684
    -0.06303665360099966      0.05217696938274353 2685
    -0.07115395968358705      0.06467995942497827 2686
     -0.1154307144581682      -0.1554940613051831 2687
     -0.1360913920840181      -0.1297464970398320 2688
    -0.07528455418041882      -0.1231399853197101 2689
    -0.04867762775005666      -0.1256275162540255 2690
    -0.06711247687430226       0.1240898120674776 2691
     0.06139155319436197       0.1126582088416734 2692
     0.05329784914095172       0.1754584334707789 2693
     0.03064506996703439       0.1713592718680159 2694
     0.04259045391361880       0.1541180476181052 2695
    -0.06286113716553750      0.09820334115797766 2696
      0.7940045813915630      -0.1037450952667424 2697
      0.8056589517918424      -0.1372824586937404 2698
       1.085743997079605     -0.06675679995221422 2699
      0.2502527118745587       0.1192344800331090 2700
      0.2508383783151282       0.1013533645625005 2701
      0.2088862049580604       0.1033090416490857 2702
      0.9541810860300521     -0.04049007462062424 2703
      0.9357999202046403     -0.04486466173262028 2704
      0.9456313788956335     -0.06204848924854411 2705
      0.5756040381077111     -0.09484780687780663 2706
      0.6204301504394810      -0.1158999916051637 2707
      0.6274667339106091      0.09511314730696178 2708
      0.6118954442275417       0.1131431570027809 2709
      0.6079291118233812      0.08967682611417255 2710
      0.6449726129411893      0.09553134830701156 2711
      0.6398465897660294      0.08127963037192883 2712
      0.6590490570780823      0.08301591546526224 2713
      0.9339522846808301     -0.08341159729025110 2714
      0.9593003659136341     -0.08355788435910314 2715
      0.9457915653519718      -0.1132359234978710 2716
      0.3058225396562062       0.1638685869192351 2717
      0.2316937023119681       0.1675177464393983 2718
      0.9154941111972948     -0.03743978884075615 2719
      0.8921143953165879     -0.03727849440144804 2720
      0.9010371276814153     -0.05826125097540569 2721
     0.01525180094091171     -0.02158292782105938 2722
     0.01554780399692055     -0.02641114971297145 2723
   -0.006572006889233884     -0.09522391903719050 2724
    -0.01139760176550851     -0.07854168703183172 2725
       1.071202075018892     -0.08830470860047816 2726
       1.080811700352324     -0.03991198659723805 2727
     0.06717607080947187       0.1976539229081614 2728
      0.6305626099710357     -0.08658438163682664 2729
      0.7008058237696290     -0.08458024771999165 2730
   -0.007563384958321939       0.1017395076695288 2731
    -0.02200550515249827      0.09174852061488656 2732
   -0.007080769646931918      0.08619479353978815 2733
       1.102150135899108      0.06470341737234056 2734
      0.1281611805324036      -0.1694635380503883 2735
      0.4850929365501394      0.08889750902126375 2736
      0.4946778066519276       0.1042464546623112 2737
      0.4733465495474720       0.1071776110050170 2738
     -0.1617248249538948     -0.04257893261318876 2739
      0.9880245316091441      0.05495080042787718 2740
      0.9893705830701915      0.03767252288305722 2741
      0.7192127317631526     -0.08477163012080163 2742
     0.04302114591284863     -0.03677391037199417 2743
     0.04480871814391479     -0.03189176902147518 2744
      0.7542182984310075       0.1068511032985167 2745
      0.7618972711000815      0.08439352263620817 2746
      0.9269254330400399       0.1222737663805911 2747
      0.9543338745862538       0.1201026437982873 2748
      0.9757822698910896       0.1008148687562442 2749
    -0.05748136129697377      -0.1064231399919974 2750
    -0.04187639787048961     -0.09206514738960069 2751
    -0.08707904749200358      -0.1461993569073195 2752
     -0.1048366685624219      -0.1274767477202030 2753
   -0.005547101988377775      0.07199080301239373 2754
    0.008205538635196104      0.06999359177773848 2755
    0.004260143879486551      0.08013441836452356 2756
     0.03622523472215546      0.02671509993971689 2757
     0.03380003923562165      0.02648340074375564 2758
      0.9661328880752005     -0.05939050718858194 2759
    -0.07946277714050207     -0.03750664344318375 2760
    -0.06367471231745153     -0.03671494546144623 2761
    -0.06697795469035883     -0.02397611985512746 2762
    -0.09775954911415277     -0.04845412048161685 2763
      0.9306263252733752      0.05679806215449148 2764
      0.9249242919043659      0.04161110052515878 2765
      0.9417175418631479      0.03640753457614174 2766
      0.7330250601395820      0.09401826757833966 2767
      0.4044342260563961       0.1007714099264367 2768
      0.3228530210525605       0.1473416269975018 2769
      0.2120657334881835      -0.1131553302617383 2770
      0.1624794966867689      -0.1292016031683015 2771
      0.1435359212154048      -0.1218346025534848 2772
      0.1917049905465095     -0.09030341295459779 2773
      0.2347193256070788      -0.1181220636542639 2774
      0.7542850704992167     -0.05093882120073249 2775
      0.7729309704644376     -0.06001937987686643 2776
      0.7757048257795752     -0.04276351992480140 2777
      0.2993475895377171     -0.08677777127974258 2778
      0.3329394024433399     -0.08669210948669853 2779
      0.3288368999632856      -0.1085297548641155 2780
      0.3483976354541840      -0.1004767457742492 2781
      0.8667374763743688     -0.07983752269651341 2782
      0.1234193533916198     -0.06028759605853133 2783
      0.1232565255564443     -0.07231892319778177 2784
   -0.009438701151436208     -0.01859759659200293 2785
   -0.005794473148083694     -0.01676952744069877 2786
   -0.008572035553685834     -0.01424790638321793 2787
    -0.06596041783717345     -0.05033299380145215 2788
    -0.06636675559997716     -0.06819463690644037 2789
    -0.05236524096623160     -0.05921118520915416 2790
       1.109845587729114      0.03997760586737503 2791
      0.8775735524638150      0.08125521586633511 2792
      0.8930654923999051       0.1198657291770844 2793
     -0.1281004331366974     -0.01422840837130235 2794
    -0.08155135495275913     -0.05777230904247270 2795
    -0.09618858812625924     -0.06624945353732295 2796
      0.3978805911328972       0.1200610355424853 2797
      0.6087422453963550     -0.07443794993526302 2798
      0.6083935346847077     -0.09513421048333796 2799
      0.5449385285947733     -0.06018454337802405 2800
      0.3807817837281241       0.1209652100262654 2801
      0.3245027584841181       0.1273156955055978 2802
      0.3263777564328539       0.1110450607417470 2803
      0.1335842912985082     -0.07629796017632066 2804
      0.1339027286222897     -0.06618126332503738 2805
      0.8983737689100381      0.05575892643412596 2806
      0.4837656747496963     -0.09517312790308843 2807
     -0.1111190248754605      0.03760940640360157 2808
   -0.005474068399130422     -0.05639958388026501 2809
    0.006528241389416627     -0.05649821363101029 2810
   0.0004005723807819733     -0.04772163659148962 2811
    0.002541111079573537    -0.008998348559204127 2812
    0.004108265648898866     -0.01061528432408015 2813
    -0.03407461976020972      0.03005617560601497 2814
    -0.03270584166820013      0.02237576164503350 2815
    -0.02631079165514475      0.02721715236524848 2816
    0.007561271356527139      0.01297591677108486 2817
    0.008070160422084837      0.01441664305567805 2818
    0.005997029964282710      0.01382882381182529 2819
      0.8842631349157074      0.06557116008613445 2820
      0.1701221006288469     -0.07121786633981289 2821
      0.1728172626376645     -0.08390152401354334 2822
      0.1828454695302786     -0.08070681896189760 2823
      0.5259397485600665       0.1065573708333783 2824
      0.5294294614634815       0.1280353165316429 2825
      0.5099026330499814       0.1168143478862037 2826
       1.000562250185353      0.08639267768485731 2827
       1.004601069412634       0.1114638816170902 2828
       1.057025566340428    -0.006963786221660918 2829
       1.064939729880900     -0.02538436331429465 2830
    -0.04747432953168453       0.1374783608256744 2831
       1.064822089015764     -0.06227588648773501 2832
       1.059523409625421     -0.04157165784052266 2833
       1.049707728535090      -0.1086105212393610 2834
      0.1250421134312013      0.07438066791075544 2835
      0.1313380623851406      0.08796307724586702 2836
      0.1172676784663256      0.08536331372414727 2837
      0.1443021745664325       0.1158092852911162 2838
      0.1293040357178084       0.1208855150000974 2839
      0.1297915109848248       0.1057837702105755 2840
      0.1334035753353334       0.1550304490475667 2841
       1.045586894162825     -0.02682378561892654 2842
    -0.08397268895390898      0.02633437013122810 2843
    -0.07346979557852266      0.01546921102654273 2844
    -0.09008549163550164      0.01056024043846563 2845
      0.7748627666601592      0.07112106051998883 2846
     0.08841340090801370      -0.1044111832927653 2847
      0.6758377284725142      0.07475806626518237 2848
    0.007604816115279365      -0.1286313671420586 2849
     0.01000782156921086      -0.1086597974950861 2850
      0.9847384262947109     -0.03413422327964163 2851
      0.3874316920895887       0.1049706939210522 2852
      0.2513809346705386      0.07574262308671215 2853
    -0.04434492433866133      0.05561579230892491 2854
      0.8531144104416866     -0.02223161232271919 2855
      0.8343698569382888     -0.01941118078951103 2856
      0.9244217284694438     -0.06057621030008394 2857
      0.9184296599088168      -0.1019572905770245 2858
      0.4245811767079062      -0.1167481443924380 2859
      0.1583846921990778       0.1068438563951059 2860
      0.1439205652511431      0.09807410902877657 2861
      0.1551157529176008      0.09285194957672524 2862
       1.027437317608651      0.08297187098213692 2863
    -0.06808896085577505      0.02815234308369472 2864
     0.06429864228378324      0.09359350321529286 2865
     0.06332164031092792      0.07929808789674313 2866
     0.07255823797840040      0.08226362804311656 2867
      0.2349600813317595      0.09584304112468778 2868
      0.2446240862152726      0.08605404968481470 2869
      0.2183048610687086      -0.1318454101213130 2870
      0.2143908185714266      -0.1550214630480985 2871
     0.07545832217826107     -0.07699736016873808 2872
     0.07997183053213636     -0.06371860761621506 2873
     0.09389810852671382     -0.06987515214734111 2874
     0.09231469845749635     -0.05882660392636221 2875
     0.05798024835769600     -0.09413213518306505 2876
     -0.1391438751939338     -0.03305214888038729 2877
    -0.05036855823721097     -0.07486603471902918 2878
      0.4490373040911544      -0.1231631882379078 2879
      0.4755641759239670      -0.1180842902163086 2880
      0.6339325207561608     -0.04656158110130821 2881
    -0.03881515888047131     -0.06592123385259453 2882
    -0.03652675206720515     -0.07796360231762223 2883
    -0.03965514570867482      -0.1100440791505969 2884
      0.3345328884884012      0.09866148612036718 2885
      0.3190480772766199      0.09760062984013874 2886
      0.7803017224188560     -0.02615532230175973 2887
      0.2800400416287149      0.06925367886695767 2888
      0.2904767732658546      0.06884092857619481 2889
      0.4899555179068424     -0.06189150765727935 2890
      0.2791991191752877       0.1084423403452578 2891
    -0.04148461707166790    -0.003203244750084375 2892
    -0.05141079517385131     0.001387329878776458 2893
    -0.05049372046387109     -0.01068818954261975 2894
      0.3490610790545713      -0.1281696950656780 2895
      0.2850306549218382     -0.06626195154753768 2896
      0.7349008118329329     -0.07039709701572439 2897
      0.7808348738053649       0.1142722123101808 2898
      0.7312806299709727     -0.04736995504600346 2899
      0.7425597938263286     -0.03196418898991664 2900
    -0.04968454997035317      0.08222421540153495 2901
    -0.05608885152029781      0.06731043935731393 2902
    -0.01926314369661149      0.07796868492763065 2903
    -0.03332530942536225      0.08181180660356456 2904
      0.9140654679889292      0.04905630725457034 2905
      0.9144029075191240      0.03590618426482794 2906
      0.1864482009493157     -0.06681915669618863 2907
      0.1886040710467850     -0.05673807461044494 2908
      0.4802428375340337      0.07545101355514761 2909
      0.5371719508848110      0.09571475696165771 2910
     0.09201777581324698     -0.09046672348427227 2911
     0.07719878161761240     -0.09061622270652453 2912
     0.02720772624658089      -0.1200085501555721 2913
   -0.005332127291700753      0.05307118491356133 2914
    0.003481340541604169      0.05413649091082236 2915
   0.0009251266378314515      0.06157176905569135 2916
       1.056756027369216      0.03156366299385746 2917
       1.040905582205210      0.03139188538792332 2918
       1.043048872276292      0.05208155235160442 2919
       1.027377359448732      0.03971334563389475 2920
      0.1928684966749092      0.06867454232703224 2921
      0.4956205385627467      -0.1091609956009392 2922
      0.4273075453579657      -0.1507896053632248 2923
      0.4006349373763562      -0.1268862297413035 2924
      0.7462473711463798      0.08302925516015235 2925
      0.5732203410470497      0.08499301440033584 2926
      0.5548703191392866      0.09055633521779174 2927
      0.5730331120207619      0.07095962035685227 2928
      0.5910321249072431       0.1206873740783454 2929
      0.4533390249375819       0.1469057613762648 2930
      0.4530098866466044      0.09574903843650247 2931
      0.2513310189224234     -0.06530967442084634 2932
     0.09944536520436456     -0.08122285626487470 2933
     0.09953757034255820      -0.1174388196469509 2934
      0.5943515349643945       0.1045777869544665 2935
      0.9874424830056330      0.01527963753297615 2936
      0.9729993390858469      0.04337746605540575 2937
     0.05166058611288538      0.03172445928521909 2938
     0.04832930782614481      0.03050425091804632 2939
     0.02364658711589171      0.09161465128230029 2940
      0.1167679560903073      0.06738963340582763 2941
      0.1245858256403451      0.06296491884749780 2942
    -0.01506732877936010      0.04601293748491358 2943
   -0.005060399125898564      0.04405530384406897 2944
    -0.03493814356841875     0.009677830600824383 2945
   -0.008705920890670939      0.06194325326595995 2946
    -0.01757185978019120      0.06641236777875431 2947
     0.03812718553756918     -0.06871270803983480 2948
     0.02410723233432368     -0.06874570522919569 2949
     0.03451690430835595     -0.07833112796895672 2950
   3.136616284457865e-06     -0.06945634920405482 2951
      0.3727683723131078      0.07555950717819207 2952
    0.007876085009327372      0.09328035229466553 2953
    0.007170004978125512       0.1100803303680059 2954
      0.1626094226070179       0.1279621731284556 2955
      0.1412556883880070       0.1346555179857391 2956
      0.4654739879623391      -0.1438111524673922 2957
     0.02494691076847568     -0.08476625868664973 2958
     0.02657690781983952      -0.1007873215972603 2959
     0.03919120198141638     -0.09059757191310781 2960
    -0.04368812983387407      0.03146288188698916 2961
    -0.04910632851851101      0.04225034640015118 2962
    -0.05508731723490111      0.03022946836447505 2963
    -0.07375101102928305     -0.01104949303844040 2964
      0.4079495532053330      0.08310635426678853 2965
      0.1389385366407785      0.05758134742841678 2966
      0.1343133037158391      0.05206413374619138 2967
      0.1518061714021088      0.05377235921449809 2968
      0.1466042516366943      0.05840016772784320 2969
       1.016246548139006      0.02913915847072464 2970
      0.2847418325675837     -0.07959886215717113 2971
       1.022926329039717    -0.006531125243571880 2972
      0.9900627203642374    -0.008978233828604030 2973
      0.1137003808131063       0.1139172109596831 2974
      0.1207868220597122       0.1350306024732768 2975
      0.1193453837431031      0.09790157034494629 2976
      0.5299491573994559     -0.05773047666419974 2977
    -0.04029578832535190     -0.05269676163179799 2978
    -0.05162511290091028     -0.04294165696846967 2979
    -0.03403157709202457    -0.008919684337899528 2980
    -0.02797641073432890    -0.005044578261886661 2981
    -0.03415188619821406    -0.001945981202734065 2982
      0.8160165621829747      0.05846321239107442 2983
      0.8306373162487012      0.05725080668354738 2984
      0.7874027568395542      0.06376663819887086 2985
      0.2399776256172950      0.07429309231679973 2986
      0.1148965938604668     -0.04708094308341904 2987
      0.1243096555558922     -0.08539813663729806 2988
      0.1118960380445255     -0.07922818092381562 2989
     0.01315036407016077     -0.01903833694046518 2990
     0.01606700858698537     -0.01877446802774397 2991
    -0.04047795729031276      0.04722274158579725 2992
    -0.03285668365226567      0.04976536192987095 2993
    0.004752970827793320      0.03531014433480864 2994
    0.004708625895821617      0.02947188940438120 2995
    0.008949063695020389      0.03008724823372626 2996
     0.01457259239762386      0.02465946336266308 2997
     0.01807796891943030      0.02594513175662889 2998
     0.01436950909075479      0.02886344945803589 2999
       1.037737441777351    -0.007003112736419250 3000
     0.04799570799391555       0.1002550994586267 3001
    -0.06137617172208185     -0.01321365424565287 3002
       1.001560807139161      0.02912747472910110 3003
      0.7916571691910607     -0.03732239416770935 3004
     0.07782765937472108       0.1050878806574082 3005
     0.08992466860443891      0.09796745315809464 3006
     0.06508870909667042       0.1567352892533267 3007
      0.2281419930605656     -0.06249794400118180 3008
      0.2162519473697012     -0.08101424718325720 3009
      0.2070743649211306     -0.09301166673853667 3010
      0.1903172266381958      0.06057560245507274 3011
      0.1983083783024360      0.06065631983702304 3012
      0.9302348939258767    -0.009495871892382232 3013
      0.9360671030930700     -0.02568793336475567 3014
    -0.01620661425367931     -0.05356223117754559 3015
     0.03509304107708189      0.04784635450717082 3016
     0.02833811298210059      0.04573952318236915 3017
      0.9482973209755046      0.05395251348294344 3018
     0.04841410892937732     -0.03532445961548027 3019
     0.04247745112338427     -0.05832794723891138 3020
     0.04897137996806646     -0.06737987555300619 3021
      0.9244178280912713      0.02948396927876939 3022
      0.1876238989754394      0.08564959043501813 3023
      0.1853112089485860       0.1263416995177253 3024
    -0.04286615209691237     -0.02250582351100403 3025
    -0.05414746921330003     -0.02967323904440963 3026
    -0.02776517179421611     -0.01246316915894431 3027
    -0.03376382302396645     -0.01697658670829398 3028
    -0.02667222470299644     -0.01924417503077437 3029
   0.0002310951095392624    -0.006832171400380420 3030
   0.0003378423716734187    -0.005283782193045699 3031
    -0.02554329598274604     -0.03674391067485878 3032
    -0.01609641171318540     -0.03271506585025811 3033
    -0.01892811599643763     -0.02730804842081939 3034
      0.5999306968959853      0.07814281878932387 3035
      0.9885444752810526      0.02476969544470459 3036
      0.9929708222650837      0.01009757528967216 3037
      0.5884135867688941      0.08968397403595520 3038
    -0.02352970324863327     -0.04886611476862942 3039
    -0.01743763088535260     -0.04541654102425569 3040
      0.9135905503766257      0.06385528641769600 3041
      0.2671858763132766      0.09756645515485375 3042
      0.2711687583429647      0.08079476197975466 3043
      0.2815214818940553      0.09279366944270641 3044
      0.1046292860661180      0.09648047958445852 3045
     0.09380594908551065      0.08546100717367482 3046
      0.1058072062132355      0.08071410776984535 3047
     0.08043282523689799      0.09021350493211441 3048
      0.9715190758799377     -0.04315663984771022 3049
       1.005470270001450     -0.02122535054081219 3050
      0.2925984485150580      0.08864039661858948 3051
      0.1443806043267754      0.06746889521797550 3052
      0.1690050253776940      0.05681084793489081 3053
      0.1726010429070266      0.06518261855735027 3054
      0.2588032744862924     -0.08936419033572549 3055
      0.1549583628396994     -0.07614479223874206 3056
      0.1357482438334566     -0.04874231485765102 3057
      0.2292027522842320     -0.07524601920241782 3058
      0.2578336826582917      0.08591785800392526 3059
    -0.01282579759923668     -0.01575011966454005 3060
    -0.01708092726435520     -0.01681310658903681 3061
      0.9940241653559901     -0.02038234655953296 3062
      0.2396880214500356     -0.06509228685899232 3063
      0.2313549203968858      0.08191918251157462 3064
    -0.02567105523563332      0.04316439968961224 3065
    -0.02338881402876655      0.05113076822834847 3066
      0.3617423263932570      0.07343211092940266 3067
      0.8139722801253202      0.04421640129139499 3068
    -0.01335119584328781      0.02134813961169865 3069
    -0.01320968776046304      0.01580146763793567 3070
   -0.009296204859597023      0.01901668138555378 3071
    -0.03610986295243923      0.04004747904295048 3072
    -0.02697296041107189      0.03472498758468327 3073
      0.7576512278420496      0.06864156952917128 3074
      0.7428839502742461      0.06547870467326827 3075
     0.01177010478941393     -0.06626719627854474 3076
     0.03186244924520049     -0.04432591813813535 3077
     0.03658089255178002     -0.05063047804765796 3078
      0.2209174315585085      0.09003433405644935 3079
      0.2245703881243327       0.1043342993787063 3080
     0.05884891738437494     -0.06348955311211577 3081
      0.1364484319020764      0.07537517002581018 3082
      0.1467727699615452      0.08214411649849128 3083
     0.04602010719001686     -0.07924723936612399 3084
     0.01539063439903880     -0.04272685886055739 3085
    0.008430828159564110     -0.04552726181657222 3086
     0.01508968885431768     -0.05122267844090268 3087
   -0.008857524890401917     -0.04613768735465761 3088
    -0.03126158353031553     -0.04791554755373751 3089
    -0.02515529238650910      0.01927235714873561 3090
    -0.02696836916156035      0.01102371495700814 3091
    -0.02177431115796345      0.01415574594951753 3092
     0.02290657948331569      0.04155871066830806 3093
      0.1623041544513345     -0.08689447990564010 3094
      0.9579230521013882      0.04547409885913860 3095
      0.9613447608229049      0.03323879435948156 3096
      0.1571767314534141      -0.1062186993388208 3097
     0.09696274563190446      0.05346033809672433 3098
     0.09309993079268697      0.06095613139077453 3099
     0.09046546521194031      0.05463267041538573 3100
     0.08021051555270588      0.04687288192659521 3101
     0.08537869143383109      0.05149985972353132 3102
     0.07885050681860288      0.05421289305636193 3103
      0.9984958495087504      0.01725079366691451 3104
     0.05229771322014183      0.06412801241417582 3105
     0.04465233152442644      0.05670600711435238 3106
     0.05118547029147510      0.05549822556760179 3107
      0.1078676809547203      0.06970093446887783 3108
     0.07241125474093116      0.07249006161519769 3109
      0.2858025125558208      0.07956863186109547 3110
      0.1150759757212483      0.07573034598674189 3111
     0.06194575497984077      0.06108419795320572 3112
     0.06293051555822410      0.06898177874461940 3113
     0.01683111077350594     -0.03612953595386192 3114
     0.01017369327735192     -0.03696490984787590 3115
     0.03217725424942067     -0.05889028852490497 3116
    -0.01600364203091642      0.05667014156939901 3117
    0.002322836177092777      0.04772690752621551 3118
     0.06039923983238178     -0.04174183084688233 3119
     0.05339541574781415     -0.03856501365748228 3120
     0.05324342221272232     -0.04615927737771222 3121
     0.05168073534782801     -0.05600377470346717 3122
     0.06138268960585581     -0.05212694099611225 3123
    0.009840542172635643      0.05858574960509837 3124
    0.001354231579946918      0.04154047150991590 3125
     0.05715479003601547      0.03621402017843646 3126
      0.6015603474307462      0.06761885618208638 3127
     0.04710837286858870      0.07291488650654247 3128
    -0.01390844069791057     -0.03896989212847696 3129
      0.2084201771678234      0.06206916620717930 3130
     0.01927347286072190      0.06356512582851377 3131
    -0.05468589708661327     -0.01952201683490656 3132
    -0.02453551339696268     -0.02571795678957013 3133
    -0.03180836610484095     -0.02541661601864547 3134
      0.9777937021873859    -0.006893204501180237 3135
    -0.03962039293291429      0.02413281655755076 3136
     0.01057689963439186      0.02594514338308680 3137
    0.006889060492207523      0.02681343881018657 3138
     0.01873194423883379      0.01987439091815078 3139
       1.002033082557730     -0.03292997939690572 3140
    -0.01824091762726589      0.01835278618674256 3141
      0.9321676851966973      0.02300598074614206 3142
     0.02863209120182245      0.03816483520705016 3143
     0.03135685539299255      0.03235225998794775 3144
     0.03367788767300199      0.03658966210330132 3145
    -0.02185916986989759    -0.005191828974062064 3146
    -0.02367815785799462    0.0001108762656483788 3147
     0.08636399047421560     -0.07865324877603491 3148
     0.07964394795196920      0.06753249331703351 3149
     0.08385801366088194      0.05968657231754034 3150
      0.1115264163467527     -0.05567279401958782 3151
      0.9665494819562186      0.02216677283776181 3152
      0.9598725064962732      0.01530068951943462 3153
     0.03318853680409840     -0.03825738398967345 3154
     0.05830440863722722     -0.03481949000875311 3155
     0.02607348624696036     -0.02825275951407288 3156
     0.02080636222639898     -0.02788502727541133 3157
     0.02273835591843751     -0.03394859873353158 3158
     0.02141975586772126     -0.04051023984538547 3159
  -0.0001045106377426858      0.02930355396789428 3160
   -0.005599647152290380      0.02574672817169961 3161
   -0.001129525780823104      0.02326266210825822 3162
    -0.01881080052117305      0.03744450953301512 3163
    -0.01023316014166349      0.03767338271102872 3164
   -0.005621902641812897      0.02129167839537411 3165
    -0.01016445856284672     0.009936697579063571 3166
    -0.01335253721716214      0.01098721644990021 3167
    -0.01203484821426062     0.007302884404274835 3168
      0.1445733421479664      0.05239514372936961 3169
      0.1338108638129658      0.06587821613939626 3170
      0.2169062287307814      0.06123741826024640 3171
   -0.001533149125036586     -0.02707847635561222 3172
   -0.006369059609589263     -0.03113643310779678 3173
  -0.0009619259883473172     -0.03440909946005821 3174
   -0.002688647885681419     -0.04136372355486553 3175
     0.06755361793535951     -0.06015497715123105 3176
      0.1040152126120719      0.05093592790586367 3177
     0.06664700724790684     -0.04568670121578459 3178
    0.006227233140599035     -0.02862192861360012 3179
     0.01029433957288641     -0.02738008490551970 3180
    0.007463914050493451     -0.02494215152895426 3181
     0.01786789087337039     -0.03108630288985423 3182
    0.005927295693034065     -0.01217342761578612 3183
    0.003772009717168263     -0.01273771697119913 3184
    -0.03688341074388574     0.003425902165294621 3185
    -0.02983236087742265     0.003538887811355955 3186
    0.003362760107023573     -0.03988068548933286 3187
   -0.007219292537157194     -0.03775212390031488 3188
    -0.01127852522415684      0.02623877480959050 3189
    -0.01423227897296106      0.03144007803417144 3190
    -0.01849061387957573      0.02502421517997000 3191
     0.01913896507449072      0.02954387021988706 3192
     0.01645320179611487      0.03210201777789942 3193
    -0.02054813793853968     -0.02065644463209805 3194
     0.02296258545945485     -0.05613632458267246 3195
     0.02712688885600340      0.03319055490658160 3196
     0.02793375228041520      0.02920403428328580 3197
     0.07286346164371496      0.05123201842210190 3198
     0.07212480781768479      0.06136251785893494 3199
    -0.01102134685958383     -0.03385077749887003 3200
     0.09904599021346631      0.04623381344502697 3201
     0.01275133794446903      0.03831632604161368 3202
     0.03866244678358041      0.04350788399866098 3203
     0.04197779679850706      0.04872008790346400 3204
      0.9760550519312288      0.02984756194685780 3205
     0.07390663215408973      0.04423746817787311 3206
     0.07863643851281558      0.04176665780195535 3207
    -0.01508252246893791     0.001917111302265154 3208
    -0.01605950141377077     0.007065513317936459 3209
    -0.01970924602610854     0.003704132091622987 3210
   -0.002282456359950477     -0.01843493614733895 3211
   -0.003202814453839972     -0.01511676204649772 3212
    -0.01730498853511653      0.01262399020629477 3213
    -0.02117200692216034     0.009082951745193137 3214
      0.9537064973702412      0.02395493432818291 3215
      0.9504653365255165      0.01604762819334487 3216
    -0.03171002491891500      0.01572364700797604 3217
    -0.02086529544770466      0.03130021810360278 3218
     0.01607261485007627     -0.05948020488148714 3219
     0.05242614989866656      0.03560969763603739 3220
     0.06158014968788642      0.03572131939110452 3221
     0.06548319736017720      0.03507732086689240 3222
     0.05417822605746275      0.04925565510298729 3223
     0.04803753492488233      0.05109690187085878 3224
      0.1306423397720619      0.05715445376403820 3225
   -0.002824892655256190      0.03725420724531646 3226
     0.01235043634253378      0.03341658429985165 3227
     0.03871771588849743      0.03796978905752065 3228
     0.03453217567169187      0.02924828980699389 3229
   -0.009029495144228990      0.02272840047478333 3230
   -0.003212372912097102      0.01314790313144982 3231
   -0.005302702352452932      0.01139575354850982 3232
   -0.003128364258054997      0.01100592003939238 3233
    0.006206726342486890      0.01203225863281607 3234
     0.03628988946433288      0.05505369927449427 3235
     0.02894751809841424     -0.03359804129393571 3236
     0.03047638980867690     -0.02936603236459047 3237
     0.03440739868594834     -0.03224237837821844 3238
     0.03798679992917140     -0.03659527519579829 3239
     0.01339633430511579     -0.03154030554596694 3240
     0.01099028760128443     -0.02254862710736230 3241
     0.01196974822857690     -0.01665325901624851 3242
   -0.006478556945450012      0.03155899843421494 3243
      0.1166751264838962      0.04590805633589243 3244
     0.06517601526058191      0.05461817903253317 3245
    -0.02161233595945277     -0.01423427687709431 3246
    -0.02372040112402928    -0.008922186405849769 3247
    0.003281454311299285      0.02541663126543965 3248
    0.007183381896920838      0.02268340704127827 3249
    0.009845025366888594      0.01463221917339248 3250
     0.06985783767119678      0.04113825765506451 3251
     0.08004799662140770      0.03827599356854229 3252
     0.01965830455426262      0.03353908116126671 3253
   -0.001076883834079442      0.03325626409980357 3254
     0.07730749471948187     -0.03942586324986292 3255
     0.01779084625198597      0.02243760504746920 3256
     0.01595210476746543      0.03509822183049643 3257
     0.02732512278797185     -0.03922830266278733 3258
   -0.007193148637493005     0.009271357052649349 3259
   -0.008087313108799944      0.01208793785783690 3260
    -0.01074103640977191      0.01281934304761110 3261
     0.04334712111304155      0.04179525441596268 3262
    0.009057203304783533     -0.03174357183348622 3263
    0.009899983470710088     -0.01866288816458699 3264
    0.007292494899349069     -0.01742120754708416 3265
    0.006051029577899422     -0.01472124745061517 3266
    0.007881162964089243     -0.01330125982825911 3267
    -0.01301403233161273    -0.006618818574894904 3268
   -0.009823372888139111    -0.007934037360927007 3269
   -0.009987402698632145    -0.004954122211472099 3270
    -0.01619991105742220     -0.01123152867601353 3271
    -0.01729715474070164    -0.006010379775249549 3272
   -0.007337839290870022     -0.01036341003463857 3273
    -0.01131408379241891     -0.01100260074194900 3274
   0.0004311745947982936     -0.02172718531513798 3275
    0.001508898159080296     -0.01796675086803094 3276
     0.03405941676219243      0.04160403720280886 3277
     0.01854724319994685      0.03811709987185067 3278
    -0.01204553906300653     0.002394686408011758 3279
    -0.01209600164684066   -0.0002684410853607576 3280
   -0.004642780440305652    -0.006548767801289510 3281
   -0.003412189588081917    -0.005555402918517062 3282
     0.02643885006610011     -0.02389213121298080 3283
    -0.01466441361930932    -0.002602762241147267 3284
    -0.01870001808177052    -0.001365711666273732 3285
   -0.005988813537281698      0.01739483123306912 3286
   -0.002855319095338822      0.01595587190955902 3287
   -0.002382638722985946      0.01932915397049251 3288
   -0.006231338212926442     0.006645931923649110 3289
   -0.003876314855939113     0.006236587060741041 3290
   -0.004341602493790946     0.008831770576735717 3291
    -0.01313713718155383     0.004624486319820619 3292
    -0.02024019932577551    -0.009066176565649814 3293
     0.04515313955368190      0.03173462739398564 3294
     0.04277266234180879      0.02938007291304045 3295
    -0.01012967212238174     0.004358761361752870 3296
   -0.005524436513908615     0.002542039732427823 3297
   -0.008022937045251670     0.002661652426006231 3298
   -0.007344936755631796    0.0004853584069407086 3299
     0.02371763021237555      0.03591720184212077 3300
   -0.002938087516877390     -0.02262041276009374 3301
   -0.005341648642048511     -0.01328346532573231 3302
   -0.006058925150255114     -0.02095547699443464 3303
   -0.006392014379285199     -0.02542801734837219 3304
   -0.004432049818917524     -0.01081005283429760 3305
   -0.004723197896572536    -0.008590668822201655 3306
    0.004675619106031983      0.01947413827510354 3307
    0.007469192261045076      0.01859789772852159 3308
    0.006506855411769066      0.01599728251944911 3309
    0.003637693841405014      0.01504999153031888 3310
   -0.008891185399587697      0.01528339571331917 3311
  -0.0002821287122400351     -0.01470580137598636 3312
   -0.008847790614821039     0.007016036801453098 3313
   -0.009782361895318495     0.001341514141580903 3314
  -0.0002460607421325933     -0.01165378867026580 3315
    0.001986433454588449     -0.01096012383929514 3316
    0.001478194560661920      0.01308843839388534 3317
   0.0006238020197525141      0.01076851683646136 3318
    0.002496182765434160      0.02144479968455032 3319
   -0.007158486444307733    -0.006675138774144524 3320
   -0.003252653760601387     0.002472727456326200 3321
   -0.001686496013835179     0.009608648368417358 3322
   -0.001098647518098826      0.01204552457184916 3323
   -0.001120372734705467     0.007688020728156310 3324
   -0.002717331882519685     0.007765833235003424 3325
  -0.0004946633750066492      0.01457921673017341 3326
   -0.005767273072949681      0.01409693267429789 3327
   -0.001663480736712868    -0.003263766703162798 3328
   -0.001721250945996316     0.002302377102115388 3329
   -0.002599165553347146     -0.01252334945758129 3330
    0.001316362461832969      0.01760530933108632 3331
  -1.663374449212156e-05      0.02046457084560828 3332
   -0.001133526373299394     0.004328441700872016 3333
  -0.0002571780701218856     0.003377674349606263 3334
   -0.003836155676140549     0.004022584676634634 3335
   -0.002442684942899215     0.005083327096791415 3336
    0.004718709575910037     -0.01761996831793112 3337
    0.002911022031301602     -0.01503273868184972 3338
     0.06458109781142159      0.03970284952125611 3339
    0.001648011897287171     -0.01292347991556850 3340
   -0.004404058532734418    -0.002669144395711137 3341
   -0.006227802202228695    -0.001893575959384567 3342
   -0.005248326376827405    -0.004479046946666936 3343
   -0.003202924657960254    -0.003904457724377512 3344
   -0.007673098005212185    -0.004007773996907584 3345
    0.004066110105525522      0.01241002400540698 3346
    0.004699729300368435      0.01730582854506892 3347
   -0.007333277939017700     0.004580588487328850 3348
    0.009369058514782031     -0.01538898417231503 3349
    0.001586160577702340    -0.007585870638787158 3350
   -0.002320533386640667     0.003583740600942902 3351
  -0.0007922130312143320     0.005973531704829551 3352
   -0.005404283589730131    0.0001919247348340281 3353
   -0.002207481136345406     0.006533553778776220 3354
  -0.0009585959997013401   -0.0006413293917942627 3355
   -0.005357609646951556     0.004773108137596773 3356
   -0.001209476710950810     0.003168276583918015 3357
  -0.0006148947786957897     0.002249149166053507 3358
     0.05952754353179712      0.03909239145737111 3359
    -0.04044833292203914     -0.01249849801507649 3360
     0.05528756667114146      0.07394785736451749 3361
      0.3657260583210498      -0.1514403793262691 3362
      0.2016272990107957       0.1200303231778763 3363
    -0.02933874241584021       0.1486796028793745 3364
    -0.02518251796170009       0.1298556599161342 3365
   -0.006869631084374847       0.1452876350255553 3366
   -0.006953456652744081       0.1206069328906922 3367
    -0.02315230527671021       0.1694198206929417 3368
      0.9321003161022809      -0.1975886517263896 3369
     -0.3906185831677498      0.01978032788434710 3370
     0.04767195737509947      -0.4834973370975907 3371
       1.582786926098302       0.3235189569757745 3372
       1.729831502477659       0.2936866908101747 3373
      -1.701134782552249      -0.3130392560373694 3374
      0.9999962553027522        2.064145778925943 3375
       1.004249150689311        1.747864487937139 3376
     -0.1889224739768445       -1.767145727682024 3377
     -0.6484713883497258       -1.767382265191347 3378
       3.748916394813653        1.499929559813738 3379
       2.151115018854362        3.210075715025495 3380
       1.001936749738287        2.427015289467630 3381
       2.420829004641166       -3.285287783883706 3382
       1.244091431638264       -3.166486972800887 3383
      -4.170006496217890        4.378557451192431 3384
      -3.555165188124610        3.609954947104736 3385
      -3.196249327166005        4.328039999469731 3386
       9.979499006528169       -1.106906348630943 3387
     -0.5578712326297531        24.87592129631507 3388
      0.1524109254603611        28.40881835320790 3389
       3.118531451753430        19.58325397511850 3390
       1.779539085869571        17.15494872431078 3391
       4.331701028022268        16.82632522345316 3392
       7.107847606473518        16.40575185479904 3393
       9.011299420176199       -19.50708111865452 3394
      -3.216376069485381        31.83722916470887 3395
      -3.415067645544435        26.96385392717369 3396
      -21.51319125072121        21.49739366500236 3397
      -25.75030052026267        18.91462081179017 3398
      -25.96872045593368        24.54063070522005 3399
       68.91640538348872       -59.30726097717095 3400
      -27.62545042644575        63.83759152867345 3401
      -38.22108056381913        58.36836357309600 3402
      -51.70215118208250        56.72370979080123 3403
       19.06317362131609        52.63257923784006 3404
       9.917095692012161        54.32088237058920 3405
       53.00665655981885        34.33287773617004 3406
      -34.20605688548203        37.49482285749134 3407
      -28.35768574516588        39.55104772110928 3408
      -61.47905951294508       -9.602872118924152 3409
      -2.667179890419625        50.09806151937070 3410
      -16.07462398619461        44.55539021825899 3411
       45.19381478204196       -10.27869689394597 3412
       51.45069883533405       -12.53490249438139 3413
      -18.48340365460817       -34.97866431820094 3414
      -24.32424487614707       -33.85423282868859 3415
      -21.64280222541982       -38.62441515433871 3416
      -17.66019628539762        38.63170710094782 3417
       39.83367094774268        1.464273354028092 3418
       41.54431600101369       -3.721922539184341 3419
       35.52947541994724       -1.608791052092321 3420
       35.69911752300914       -7.037356486402245 3421
       29.48672882548080       -20.26077415297363 3422
      -7.436196955201142        28.79398252969311 3423
       3.855008558722849        29.35330952821777 3424
       1.185184130557125        31.89947577076030 3425
       10.28524632072291       -36.52928353111547 3426
      -44.00117398283441        44.20210416980176 3427
      -35.77079932196102      -0.9532388036753653 3428
      -7.961485718621319        33.05058795591977 3429
      -18.43527108685456       -30.54069451166442 3430
      -30.58322254045316       -34.42124511505614 3431
       39.82252784591554       -9.732510613398809 3432
      -20.80395324675178        27.00921983500692 3433
       20.66882563442161        37.31721905511486 3434
       24.31911361162819        12.28284873809600 3435
      0.1002588535585330        35.85347488585005 3436
       3.647281379075445       -30.37951317253609 3437
       6.996021712705154        26.10031589785334 3438
       20.71525536189969        14.19107935194754 3439
      -19.97077168791362       -9.427496621991224 3440
      -24.18386623691965        1.817578123753411 3441
      -16.75335847651210        11.47999035656378 3442
      -25.20016098277647        13.70910772347200 3443
       1.338309912198584       -19.93626575299663 3444
       9.234141772917578        18.88415608050180 3445
       13.36997740821066       -7.721643262997728 3446
       12.53732576229995       -10.23770521120110 3447
      -21.05186060527466        7.992333002559848 3448
      -16.91852584359379       -8.307522912400584 3449
       21.25146408974707        11.11599501660020 3450
       12.48433032423152        14.85657594693225 3451
       24.24869601638934       -2.826627981648202 3452
       21.17817431173803       -2.270834432786623 3453
       18.65175975841631       -3.022458328687520 3454
      0.8384128698289850       -15.21221426460811 3455
       1.152780822498761       -17.35567083927018 3456
      -18.84060330651556        10.05499346817230 3457
      -22.81015634276708        5.129987048404326 3458
      -19.03088153706316       -6.490367131311375 3459
      -4.978860095650030        18.55777015088984 3460
      -20.75726955815234       -4.212707309494358 3461
      -15.58843545889665       -3.254915680423958 3462
       17.53196975631455      -0.9331518055509365 3463
      -7.269795643843902       -16.20222282417419 3464
      -1.246545042229368       -14.71596699626921 3465
      -3.032373218416655       -14.32928343083650 3466
      -6.073536283370023        11.79300438518308 3467
      -7.182341483133467        10.50812084617618 3468
       8.309670823206975       -10.14777522093469 3469
       3.295807692958010       -10.72240362775698 3470
       11.06276610732752        9.315499792603074 3471
      0.5525521017243098        14.67261846864398 3472
      -10.69167890980465        2.528628916429334 3473
      -10.79965635520909        4.140262393946487 3474
      0.4262070389244066        12.53713772973432 3475
      -5.534129257852912       -8.313762174047095 3476
      -9.957848284157231        1.073920087608028 3477
       2.774146002211521       -9.180592320599470 3478
     0.05892879631206513       -11.82264870645323 3479
       12.40223689105120       -1.021487505035496 3480
       7.391463274542719       -7.171871893599245 3481
       10.28405676126194       -6.325368014605866 3482
      -5.713251848429971       -6.700903894620557 3483
       10.55640358442479        3.510766159756316 3484
      0.2832507147590224       -13.33382345513572 3485
       1.931090148143831        10.05348680206846 3486
       5.541268011637115       -3.986580756765723 3487
       9.071700867668856        3.394235665945707 3488
       7.964670775974143        3.847140558297210 3489
       8.396704916193228       -2.361635646896073 3490
       1.964155113087064        8.861746541551378 3491
      -1.915120244014660       -7.222839345938874 3492
      -6.293088890234609        4.295887091882071 3493
      -5.273308266746737        4.985139592585458 3494
      -6.376632436203931      -0.8888847146028964 3495
      -5.164457372714434       -5.517864795168638 3496
     -0.8107476140794203       -7.328798346781908 3497
       1.441036529277261       -7.660274474151931 3498
      -3.555569301944643        5.004963111215978 3499
      -1.228701251623784        4.395980364619520 3500
      -4.284133062104527        3.501370823707691 3501
       1.605458681633588       -6.646741965004917 3502
     -0.6121093249294705        4.252146980589874 3503
      -2.789238180961926        4.989898713040534 3504
      -3.497967873576336       -3.361814894204763 3505
       3.876459157033116        2.367544051289321 3506
       4.659150503391820        1.836180447574122 3507
      -3.889871917581439        1.035187563300442 3508
      -1.634662384754224       -3.895184689719366 3509
      -2.147904221863217       -1.514075454939626 3510
       4.076932829083489        1.898147646149289 3511
      -1.183923526626066        2.524899445656177 3512
      -1.417609328398636        2.857116866705440 3513
     -0.4605768950223197       -3.093890955960952 3514
       1.628592118302055        3.223452816655701 3515
      -1.826142462975469       -1.830977363219675 3516
      -1.032040848778298        3.834463417025399 3517
      -1.848074640172857        1.241447837766647 3518
       2.898716545516054        1.307392629704484 3519
      -2.824241913737311       0.4170344119472177 3520
       3.667803221858850       -1.079871559585313 3521
      0.4405872885009906       -2.729776609031052 3522
       2.657500238011315        1.587619100094384 3523
       2.481257274283621        1.317362675161110 3524
       3.283119607945227        1.536025336495874 3525
       1.958686335046581       -2.128175746509436 3526
      -1.875525629094639       -1.438824073267578 3527
      -1.373509321708114       -1.356457149489828 3528
       2.333298363157605       -1.296128950715913 3529
      -1.750826941627545     0.004420673514286455 3530
      0.3919367693038797       -1.525439589402746 3531
      0.4697028393608632        2.015483722587105 3532
      0.2388252167431669        1.843392293326615 3533
    -0.02298891570871868        1.954911565200019 3534
       2.842060672701600       -1.167769553211673 3535
     -0.8295414472604501       -1.113548478764198 3536
       1.651880478314542       -1.156272669034711 3537
     -0.1985266053533625       -1.259319172754117 3538
       1.012555960166843        1.493434918769670 3539
       1.656987765028616        1.013805653891144 3540
    -0.02505071002329053        1.246365448882027 3541
     -0.8854408402913615      -0.7157821023350680 3542
       1.478722887985901       0.9892055259851116 3543
      0.2614235032447813        1.581352844162662 3544
     -0.2968450165246737      -0.9184136617905485 3545
     0.06377211599949720       0.9322692468888717 3546
    -0.07462050988573045        1.053073113062371 3547
     -0.7806514589303457      -0.6093177082779136 3548
      0.7996614599976516      -0.7623372514584286 3549
       1.588296010680102      -0.7725870761744651 3550
      0.2125326147448218       0.9554708507342498 3551
      0.5168260386221875       0.9385858116533166 3552
     -0.6721766048800132      -0.3775621377045171 3553
       1.024503146005975       0.6840174306207245 3554
      0.8026209639594826      -0.6522674919547193 3555
     0.06892284731274194       0.6057909237115031 3556
      0.6716606622341675       0.7347575602719413 3557
      0.2455464092367352       0.6352856900598899 3558
       1.027183701147742      -0.4209264737473901 3559
      0.9481292347915150      -0.4245709949630903 3560
     0.07534497685351346      -0.4090762080242714 3561
     -0.3322448868837538      -0.2659344752562990 3562
      0.9807066872261408       0.3207856541888631 3563
      0.4361478115003489      -0.2531165552243310 3564
     -0.1491121467587364      0.02960976256272511 3565
      0.9708728733284634      -0.2336231589349070 3566
       1.086260685554301       0.2148850296256339 3567
     0.06820073138583724       0.2266281583793122 3568
    -0.01320764906419166       0.1983562779996196 3569
      0.5936278861558374       0.1963618494236404 3570
    -0.05217819263155124       0.1921247833969029 3571
      0.3888925091187033       0.1900100346310341 3572
      0.2241906536372836       0.1465001516168403 3573
     0.06796553386374929      -0.1740739832325239 3574
      0.3744658870851099      -0.1293453180113544 3575
      0.9772253196796594      -0.1024737308379626 3576
    0.007026370847066151       0.1727553578050209 3577
      0.2020052885076291       0.1388108934734043 3578
    -0.08174586234789460     -0.02134584072652309 3579
    -0.02475826812966208     -0.08651574001901910 3580
    -0.06197598093156426      0.03875242243014715 3581
      0.1581548209609533      0.08336430365267336 3582
      0.1553590892321375      0.07247509495804960 3583
     0.05746532104566089      0.05598694448929943 3584
    0.002439759256394438     -0.02964570659343306 3585
    0.004801117398834315     -0.03343852687159009 3586
    -0.02419644429953316     0.005714584435454287 3587
    -0.01179675244599248    -0.003270333647369818 3588
   -0.009312468025894020    -0.001786105457254035 3589
    0.001399575085394475      0.01511423410551020 3590
       48.49622181729040        46.60741801080312 3591
%
% Boundary elements
%
NMARK= 2    
MARKER_TAG= AIRFOIL
MARKER_ELEMS= 192  
 3    40   41
 3    41   42
 3    42   43
 3    43   44
 3    44   45
 3    45   46
 3    46   47
 3    47   48
 3    48   49
 3    49   50
 3    50   51
 3    51   52
 3    52   53
 3    53   54
 3    54   55
 3    55   56
 3    56   57
 3    57   58
 3    58   59
 3    59   60
 3    60   61
 3    61   62
 3    62   63
 3    63   64
 3    64   65
 3    65   66
 3    66   67
 3    67   68
 3    68   69
 3    69   70
 3    70   71
 3    71   72
 3    72   73
 3    73   74
 3    74   75
 3    75   76
 3    76   77
 3    77   78
 3    78   79
 3    79   80
 3    80   81
 3    81   82
 3    82   83
 3    83   84
 3    84   85
 3    85   86
 3    86   87
 3    87   88
 3    88   89
 3    89   90
 3    90   91
 3    91   92
 3    92   93
 3    93   94
 3    94   95
 3    95   96
 3    96   97
 3    97   98
 3    98   99
 3    99  100
 3   100  101
 3   101  102
 3   102  103
 3   103  104
 3   104  105
 3   105  106
 3   106  107
 3   107  108
 3   108  109
 3   109  110
 3   110  111
 3   111  112
 3   112  113
 3   113  114
 3   114  115
 3   115  116
 3   116  117
 3   117  118
 3   118  119
 3   119  120
 3   120  121
 3   121  122
 3   122  123
 3   123  124
 3   124  125
 3   125  126
 3   126  127
 3   127  128
 3   128  129
 3   129  130
 3   130  131
 3   131  132
 3   132  133
 3   133  134
 3   134  135
 3   135  136
 3   136  137
 3   137  138
 3   138  139
 3   139  140
 3   140  141
 3   141  142
 3   142  143
 3   143  144
 3   144  145
 3   145  146
 3   146  147
 3   147  148
 3   148  149
 3   149  150
 3   150  151
 3   151  152
 3   152  153
 3   153  154
 3   154  155
 3   155  156
 3   156  157
 3   157  158
 3   158  159
 3   159  160
 3   160  161
 3   161  162
 3   162  163
 3   163  164
 3   164  165
 3   165  166
 3   166  167
 3   167  168
 3   168  169
 3   169  170
 3   170  171
 3   171  172
 3   172  173
 3   173  174
 3   174  175
 3   175  176
 3   176  177
 3   177  178
 3   178  179
 3   179  180
 3   180  181
 3   181  182
 3   182  183
 3   183  184
 3   184  185
 3   185  186
 3   186  187
 3   187  188
 3   188  189
 3   189  190
 3   190  191
 3   191  192
 3   192  193
 3   193  194
 3   194  195
 3   195  196
 3   196  197
 3   197  198
 3   198  199
 3   199  200
 3   200  201
 3   201  202
 3   202  203
 3   203  204
 3   204  205
 3   205  206
 3   206  207
 3   207  208
 3   208  209
 3   209  210
 3   210  211
 3   211  212
 3   212  213
 3   213  214
 3   214  215
 3   215  216
 3   216  217
 3   217  218
 3   218  219
 3   219  220
 3   220  221
 3   221  222
 3   222  223
 3   223  224
 3   224  225
 3   225  226
 3   226  227
 3   227  228
 3   228  229
 3   229  230
 3   230  231
 3   231   40
MARKER_TAG= FARFIELD
MARKER_ELEMS= 40   
 3     0    1
 3     1    2
 3     2    3
 3     3    4
 3     4    5
 3     5    6
 3     6    7
 3     7    8
 3     8    9
 3     9   10
 3    10   11
 3    11   12
 3    12   13
 3    13   14
 3    14   15
 3    15   16
 3    16   17
 3    17   18
 3    18   19
 3    19   20
 3    20   21
 3    21   22
 3    22   23
 3    23   24
 3    24   25
 3    25   26
 3    26   27
 3    27   28
 3    28   29
 3    29   30
 3    30   31
 3    31   32
 3    32   33
 3    33   34
 3    34   35
 3    35   36
 3    36   37
 3    37   38
 3    38   39
 3    39    0
