Time_Iter,Outer_Iter,Inner_Iter,    "rms[Rho]"    ,    "rms[RhoU]"   ,    "rms[RhoV]"   ,    "rms[RhoE]"   
          0,           0,           0,       -1.31226329,      0.6655904386,      0.5736316064,       4.172778687
          0,           0,           1,      -1.497423439,      0.5893424202,       1.063520286,       3.988205999
          0,           0,           2,      -1.825601782,      0.4920758186,      0.7437640982,       3.650242289
          0,           0,           3,      -1.889828269,      0.3858623242,      0.5108533755,        3.58566652
          0,           0,           4,       -2.09407536,       0.345204041,      0.3662743343,       3.382638381
          0,           0,           5,      -2.182529723,      0.3470947673,      0.3614302482,        3.29246149
          0,           0,           6,      -2.291522959,      0.3556210799,      0.3703897637,       3.181716899
          0,           0,           7,      -2.329691327,      0.3216110844,      0.3348541179,       3.143236091
          0,           0,           8,      -2.342866579,      0.2674748638,      0.2921175088,       3.133771517
          0,           0,           9,      -2.332434943,      0.2179266613,      0.2609298083,       3.149010427
          0,           0,          10,      -2.307400648,      0.1692548008,      0.2324670094,       3.176405389
          0,           0,          11,      -2.297953977,      0.1108328941,      0.2047538039,       3.186550668
          0,           0,          12,      -2.336386609,     0.04992430405,      0.1813802565,       3.149172495
          0,           0,          13,      -2.428142549,    0.007117683042,      0.1633306862,       3.060040038
          0,           0,          14,      -2.553810267,    -0.01387655722,      0.1457443924,       2.939152308
          0,           0,          15,      -2.669301216,    -0.03232721951,      0.1266610627,       2.829009143
          0,           0,          16,      -2.716988987,    -0.05966106291,      0.1092718053,       2.782031529
          0,           0,          17,      -2.718310791,     -0.1077934326,      0.1007781584,       2.777825718
          0,           0,          18,      -2.684311512,     -0.1525828881,      0.1076909507,       2.808632681
          0,           0,          19,      -2.684750149,     -0.1912254872,      0.1165217025,       2.808600652
          0,           0,          20,      -2.719331455,     -0.2272661818,      0.1156460746,       2.775485385
          0,           0,          21,      -2.725523298,     -0.2398994846,      0.1263789154,        2.76954966
          0,           0,          22,      -2.736709644,     -0.2396499309,      0.1427160838,       2.759138319
          0,           0,          23,      -2.754333278,     -0.2422353918,      0.1531762408,       2.741700907
          0,           0,          24,      -2.754167564,     -0.2452078199,      0.1583176721,       2.741437865
          0,           0,          25,      -2.749085398,     -0.2450118189,      0.1609373644,       2.745564419
          0,           0,          26,      -2.751444645,     -0.2392273812,      0.1610942413,       2.741360107
          0,           0,          27,        -2.7538388,     -0.2276900529,      0.1599616826,       2.735750782
          0,           0,          28,      -2.748376245,     -0.2104336483,       0.159519761,       2.737339178
          0,           0,          29,      -2.732615136,     -0.1871445311,      0.1611258829,       2.749902981
          0,           0,          30,      -2.709288573,     -0.1572966456,      0.1649773779,       2.771300628
          0,           0,          31,      -2.682334642,     -0.1209276512,      0.1705918937,       2.797347815
          0,           0,          32,      -2.661203004,    -0.09120518363,      0.1768981319,       2.818678104
          0,           0,          33,      -2.655896676,    -0.08222469282,      0.1824142426,       2.825012906
          0,           0,          34,      -2.652587564,    -0.07257448721,      0.1863254381,        2.82869221
          0,           0,          35,      -2.646813519,     -0.0643172599,      0.1888718897,       2.834648642
          0,           0,          36,      -2.643785821,    -0.05989962387,      0.1911570736,       2.837872445
          0,           0,          37,      -2.643133636,    -0.05840945276,      0.1924182621,       2.838763213
          0,           0,          38,      -2.643583536,    -0.05946663903,      0.1923790711,       2.838670929
          0,           0,          39,      -2.645946162,    -0.06313997896,      0.1911527288,       2.836767204
          0,           0,          40,      -2.650578823,    -0.06951996065,      0.1887827649,       2.832602942
          0,           0,          41,      -2.657551164,    -0.07865217757,      0.1851840955,       2.825993621
          0,           0,          42,       -2.66738946,     -0.0905591966,      0.1802833918,       2.816400465
          0,           0,          43,      -2.680245698,     -0.1052379158,      0.1739148239,       2.803757444
          0,           0,          44,      -2.696164643,     -0.1228281484,      0.1658627709,       2.788091765
          0,           0,          45,      -2.715121744,     -0.1432101015,      0.1558285258,       2.769435213
          0,           0,          46,      -2.736896295,     -0.1659691282,      0.1435088082,       2.747933556
          0,           0,          47,      -2.761148692,     -0.1903083869,      0.1287463558,       2.723836666
          0,           0,          48,       -2.78719077,     -0.2150580079,      0.1115076636,        2.69780345
          0,           0,          49,      -2.814351524,     -0.2389138651,     0.09187592378,       2.670535518
          0,           0,          50,      -2.841504538,     -0.2606566024,     0.07017412071,       2.643186087
          0,           0,          51,      -2.867756619,     -0.2791084913,     0.04695266499,       2.616652913
          0,           0,          52,      -2.892135296,     -0.2934565861,     0.02276153733,       2.591914968
          0,           0,          53,      -2.913664262,     -0.3038728288,   -0.001582444477,       2.569970294
          0,           0,          54,      -2.931504084,     -0.3107330774,    -0.02505390972,       2.551695086
          0,           0,          55,      -2.945544212,     -0.3147065813,    -0.04677555757,       2.537235067
          0,           0,          56,      -2.955488877,     -0.3165983422,    -0.06600837189,       2.526879947
          0,           0,          57,      -2.961003122,     -0.3170039362,    -0.08237440214,       2.520977461
          0,           0,          58,      -2.962507862,     -0.3164033646,    -0.09580129886,       2.519131123
          0,           0,          59,      -2.960591076,      -0.315045465,     -0.1063846113,        2.52078053
          0,           0,          60,      -2.955883162,     -0.3128969068,     -0.1142853123,       2.525309399
          0,           0,          61,      -2.948917276,     -0.3097632849,     -0.1196237049,       2.532146457
          0,           0,          62,      -2.940244455,     -0.3053550452,     -0.1224969378,       2.540711745
          0,           0,          63,      -2.930327525,     -0.2994772895,     -0.1230841868,       2.550538989
          0,           0,          64,       -2.91963566,     -0.2922249488,     -0.1217088329,        2.56115164
          0,           0,          65,      -2.908461699,     -0.2839846479,     -0.1188577932,       2.572264424
          0,           0,          66,      -2.897066147,     -0.2753312368,     -0.1149954103,       2.583567599
          0,           0,          67,      -2.885653701,     -0.2667915014,     -0.1105659028,       2.594843205
          0,           0,          68,      -2.874343597,     -0.2586449381,     -0.1058579651,        2.60597973
          0,           0,          69,      -2.863153771,     -0.2509502468,     -0.1010215095,       2.617007292
          0,           0,          70,      -2.852063293,     -0.2435923852,    -0.09603373589,       2.627995426
          0,           0,          71,      -2.841030098,     -0.2362709989,    -0.09079545945,       2.639014265
          0,           0,          72,      -2.829915283,     -0.2286920965,    -0.08518416941,       2.650165634
          0,           0,          73,      -2.818500854,     -0.2205704486,    -0.07912734774,       2.661610585
          0,           0,          74,      -2.806611428,     -0.2117798631,     -0.0726682493,       2.673469519
          0,           0,          75,       -2.79428922,     -0.2024434387,     -0.0659796398,       2.685675595
          0,           0,          76,      -2.781616763,     -0.1929049461,    -0.05925923992,       2.698166672
          0,           0,          77,      -2.768793252,     -0.1836084783,    -0.05268166865,       2.710779546
          0,           0,          78,      -2.756116867,     -0.1749407641,    -0.04631362433,       2.723245788
          0,           0,          79,      -2.743824897,     -0.1670950119,    -0.04013406529,       2.735345587
          0,           0,          80,      -2.732126123,     -0.1600757531,    -0.03404741807,       2.746881913
          0,           0,          81,       -2.72119456,      -0.153760836,    -0.02797825002,       2.757685272
          0,           0,          82,      -2.711135424,     -0.1479975622,     -0.0219120811,       2.767648066
          0,           0,          83,      -2.702026325,     -0.1427434926,    -0.01589626799,       2.776684931
          0,           0,          84,      -2.693801589,     -0.1380340205,   -0.009986160996,       2.784863657
          0,           0,          85,      -2.686350153,     -0.1338687972,   -0.004220515503,       2.792298296
          0,           0,          86,      -2.679533241,     -0.1301942299,    0.001396750895,        2.79912511
          0,           0,          87,      -2.673164236,     -0.1268909424,    0.006897083613,       2.805517026
          0,           0,          88,      -2.667128625,     -0.1238252483,     0.01233608595,       2.811575335
          0,           0,          89,       -2.66139221,     -0.1209597521,     0.01780074843,       2.817332837
          0,           0,          90,      -2.656027469,     -0.1183544747,     0.02335111071,       2.822723955
          0,           0,          91,      -2.651189492,     -0.1161659293,     0.02898137628,       2.827600707
          0,           0,          92,      -2.647076887,     -0.1146528895,     0.03462099519,       2.831768259
          0,           0,          93,      -2.644006866,     -0.1140879788,     0.04006796479,       2.834904377
          0,           0,          94,      -2.642211799,     -0.1148079815,      0.0450786323,       2.836775755
          0,           0,          95,      -2.641991176,     -0.1171610671,     0.04938586328,       2.837075885
          0,           0,          96,      -2.643554658,     -0.1214466196,     0.05271792748,       2.835587664
          0,           0,          97,      -2.647038503,     -0.1279044048,     0.05483019616,       2.832168613
          0,           0,          98,      -2.652541173,     -0.1366774002,     0.05554468822,       2.826722543
          0,           0,          99,      -2.660040146,     -0.1477358491,     0.05474239703,       2.819278401
          0,           0,         100,       -2.66938196,     -0.1608469951,      0.0523824247,       2.809999144
          0,           0,         101,      -2.680297073,     -0.1755708836,     0.04850852851,       2.799154941
          0,           0,         102,      -2.692405158,     -0.1912889478,     0.04324979471,       2.787113941
          0,           0,         103,      -2.705229044,     -0.2072384017,      0.0368091461,        2.77433176
          0,           0,         104,      -2.718257363,     -0.2226234587,     0.02946539274,       2.761293027
          0,           0,         105,      -2.730982479,     -0.2367625666,     0.02154971892,       2.748484371
          0,           0,         106,        -2.7429617,      -0.249159815,     0.01342614291,       2.736343667
          0,           0,         107,      -2.753824256,     -0.2595471994,    0.005435062002,       2.725260545
          0,           0,         108,      -2.763342648,     -0.2679332902,   -0.002110882125,       2.715497988
          0,           0,         109,      -2.771408919,     -0.2744909883,   -0.008993081658,        2.70720997
          0,           0,         110,      -2.778021775,     -0.2794849723,    -0.01507877679,       2.700433978
          0,           0,         111,      -2.783302958,      -0.283256392,    -0.02032104518,       2.695065804
          0,           0,         112,      -2.787443239,     -0.2861422738,    -0.02475449288,       2.690911602
          0,           0,         113,      -2.790688933,     -0.2884815875,    -0.02847217562,       2.687707053
          0,           0,         114,      -2.793281668,     -0.2905230235,    -0.03159593939,       2.685184815
          0,           0,         115,      -2.795412111,     -0.2924254398,    -0.03426383793,       2.683130813
          0,           0,         116,      -2.797269045,     -0.2943039606,    -0.03661261708,       2.681338294
          0,           0,         117,       -2.79898449,      -0.296208564,    -0.03875383931,       2.679664184
          0,           0,         118,      -2.800638177,     -0.2981407478,    -0.04076621959,       2.678023931
          0,           0,         119,      -2.802281162,     -0.3001000466,    -0.04271215821,       2.676368715
          0,           0,         120,      -2.803939484,     -0.3020530878,     -0.0446305675,       2.674676828
          0,           0,         121,      -2.805599488,     -0.3039757368,    -0.04653682035,       2.672967679
          0,           0,         122,      -2.807229413,     -0.3058342796,    -0.04842985276,       2.671279134
          0,           0,         123,      -2.808808715,     -0.3076053674,    -0.05030616429,        2.66963824
          0,           0,         124,      -2.810325823,     -0.3092677573,      -0.052152869,       2.668062066
          0,           0,         125,      -2.811759458,     -0.3108178273,    -0.05396027349,       2.666576751
          0,           0,         126,      -2.813115595,      -0.312256075,    -0.05572147809,       2.665180479
          0,           0,         127,      -2.814384541,     -0.3135863982,    -0.05742883312,       2.663885278
          0,           0,         128,      -2.815571503,      -0.314809078,    -0.05907753874,       2.662686885
          0,           0,         129,      -2.816673334,     -0.3159277571,    -0.06066147364,       2.661587054
          0,           0,         130,      -2.817684614,     -0.3169365791,     -0.0621775865,       2.660588892
          0,           0,         131,      -2.818596023,     -0.3178446562,    -0.06362516972,       2.659697694
          0,           0,         132,      -2.819408704,     -0.3186410835,    -0.06500144444,       2.658907897
          0,           0,         133,      -2.820106094,     -0.3193329155,    -0.06630471656,       2.658232244
          0,           0,         134,      -2.820689015,      -0.319912583,    -0.06753316605,       2.657666681
          0,           0,         135,      -2.821154753,     -0.3203747051,    -0.06868372811,       2.657211846
          0,           0,         136,      -2.821496366,     -0.3207093416,    -0.06975200632,       2.656874255
          0,           0,         137,      -2.821702774,     -0.3209133071,    -0.07073282723,       2.656665592
          0,           0,         138,      -2.821782325,     -0.3209812938,    -0.07162291562,       2.656579438
          0,           0,         139,      -2.821727232,     -0.3209134221,    -0.07241815047,       2.656625072
          0,           0,         140,      -2.821544915,     -0.3207114377,    -0.07311740578,       2.656797609
          0,           0,         141,      -2.821230005,     -0.3203833753,     -0.0737193328,       2.657103573
          0,           0,         142,      -2.820784992,     -0.3199324936,    -0.07422348433,       2.657541401
          0,           0,         143,      -2.820211978,     -0.3193746411,    -0.07462999805,        2.65810891
          0,           0,         144,      -2.819518945,     -0.3187222973,    -0.07494021727,       2.658797605
          0,           0,         145,      -2.818703758,     -0.3179909354,    -0.07515689776,       2.659609116
          0,           0,         146,      -2.817782609,     -0.3171949212,    -0.07528633191,       2.660526934
          0,           0,         147,      -2.816763221,     -0.3163473728,    -0.07533280476,       2.661543497
          0,           0,         148,      -2.815653008,     -0.3154585061,    -0.07530163224,       2.662652098
          0,           0,         149,       -2.81446708,     -0.3145387677,    -0.07519876989,       2.663839031
          0,           0,         150,      -2.813211851,     -0.3135945312,    -0.07502726244,       2.665098965
          0,           0,         151,      -2.811897055,          -0.31263,     -0.0747941355,       2.666423034
          0,           0,         152,       -2.81053594,     -0.3116500336,    -0.07450508452,       2.667797785
          0,           0,         153,      -2.809134395,     -0.3106588229,    -0.07416511043,        2.66921634
          0,           0,         154,      -2.807699472,     -0.3096557258,    -0.07377966219,       2.670670157
          0,           0,         155,      -2.806232921,     -0.3086445852,    -0.07335346468,       2.672155739
          0,           0,         156,      -2.804739022,     -0.3076317128,    -0.07289076465,       2.673666817
          0,           0,         157,      -2.803217533,      -0.306619106,    -0.07239474525,       2.675202051
          0,           0,         158,      -2.801670562,     -0.3056132285,    -0.07186914052,       2.676758403
          0,           0,         159,      -2.800098294,     -0.3046164593,    -0.07131669963,       2.678335119
          0,           0,         160,      -2.798496878,     -0.3036300605,    -0.07073783371,       2.679936294
          0,           0,         161,      -2.796864524,     -0.3026525565,    -0.07013167912,       2.681564891
          0,           0,         162,      -2.795196782,     -0.3016778673,    -0.06949608369,       2.683227168
          0,           0,         163,      -2.793488017,     -0.3006957325,    -0.06882688464,       2.684930853
          0,           0,         164,      -2.791734069,     -0.2996923878,    -0.06812011495,       2.686682155
          0,           0,         165,      -2.789928056,     -0.2986519391,    -0.06737084109,       2.688489483
          0,           0,         166,      -2.788064099,     -0.2975591237,    -0.06657313058,       2.690359309
          0,           0,         167,      -2.786136987,     -0.2963994184,    -0.06572087239,       2.692296586
          0,           0,         168,      -2.784140122,     -0.2951594548,    -0.06480891285,       2.694306819
          0,           0,         169,      -2.782067138,     -0.2938291527,    -0.06383237585,       2.696394516
          0,           0,         170,       -2.77991646,     -0.2924018226,    -0.06278660262,       2.698558923
          0,           0,         171,      -2.777688426,       -0.29087315,    -0.06166948531,       2.700797318
          0,           0,         172,        -2.7753816,     -0.2892450748,    -0.06047878224,       2.703108909
          0,           0,         173,      -2.773002008,     -0.2875221972,    -0.05921555318,       2.705485787
          0,           0,         174,      -2.770554201,     -0.2857144498,    -0.05788151123,       2.707922024
          0,           0,         175,      -2.768049449,     -0.2838333954,    -0.05648104443,       2.710405764
          0,           0,         176,       -2.76549801,       -0.28189503,    -0.05501949551,       2.712926925
          0,           0,         177,      -2.762914082,     -0.2799144536,    -0.05350486534,       2.715472419
          0,           0,         178,        -2.7603134,      -0.277909771,    -0.05194597023,       2.718028334
          0,           0,         179,      -2.757712153,     -0.2758990478,     -0.0503523482,       2.720580822
          0,           0,         180,      -2.755125167,     -0.2738962289,    -0.04873494094,       2.723117706
          0,           0,         181,      -2.752566297,     -0.2719177514,    -0.04710409704,       2.725627516
          0,           0,         182,      -2.750050815,     -0.2699765236,    -0.04546965738,       2.728097126
          0,           0,         183,      -2.747591416,     -0.2680831836,    -0.04384167617,        2.73051555
          0,           0,         184,      -2.745200051,     -0.2662474369,    -0.04222873094,       2.732871705
          0,           0,         185,      -2.742885385,     -0.2644774513,    -0.04063790895,       2.735157468
          0,           0,         186,      -2.740656629,     -0.2627760195,     -0.0390775607,       2.737363683
          0,           0,         187,       -2.73852006,     -0.2611459201,    -0.03755427478,       2.739483776
          0,           0,         188,      -2.736480386,     -0.2595893442,    -0.03607342684,       2.741512713
          0,           0,         189,      -2.734541993,      -0.258108421,    -0.03463920072,       2.743445554
          0,           0,         190,      -2.732709503,     -0.2567053091,    -0.03325470183,       2.745277292
          0,           0,         191,      -2.730986016,      -0.255379547,    -0.03192358057,       2.747004269
          0,           0,         192,      -2.729374441,      -0.254133385,    -0.03064774737,       2.748623031
          0,           0,         193,      -2.727877338,     -0.2529684798,    -0.02942906499,       2.750130089
          0,           0,         194,      -2.726496603,     -0.2518848437,    -0.02826969985,       2.751522565
          0,           0,         195,      -2.725233659,     -0.2508840503,    -0.02717184679,       2.752797956
          0,           0,         196,      -2.724089206,     -0.2499681527,    -0.02613738888,       2.753954241
          0,           0,         197,       -2.72306489,      -0.249138885,    -0.02516821407,       2.754988549
          0,           0,         198,      -2.722161705,      -0.248398374,    -0.02426619264,       2.755898852
          0,           0,         199,      -2.721387249,     -0.2477463982,    -0.02343547792,       2.756677051
          0,           0,         200,      -2.720729071,     -0.2471891478,    -0.02267425398,       2.757334899
          0,           0,         201,      -2.720194213,     -0.2467241974,    -0.02198640975,       2.757865806
          0,           0,         202,      -2.719780454,     -0.2463558115,    -0.02137167039,        2.75827219
          0,           0,         203,      -2.719490935,     -0.2460808942,    -0.02083342854,       2.758552082
          0,           0,         204,      -2.719326793,      -0.245899475,    -0.02037292829,       2.758705505
          0,           0,         205,      -2.719286108,     -0.2458126743,    -0.01999054178,         2.7587355
          0,           0,         206,      -2.719366928,     -0.2458189884,    -0.01968666362,       2.758645165
          0,           0,         207,       -2.71956683,     -0.2459161961,    -0.01946147559,       2.758437805
          0,           0,         208,      -2.719883038,     -0.2461021417,    -0.01931436232,       2.758116785
          0,           0,         209,      -2.720311569,     -0.2463736877,    -0.01924409738,       2.757686324
          0,           0,         210,      -2.720847081,     -0.2467274382,    -0.01924890552,       2.757151699
          0,           0,         211,      -2.721483037,     -0.2471585515,    -0.01932688459,       2.756519012
          0,           0,         212,       -2.72221228,     -0.2476620123,    -0.01947538199,       2.755795012
          0,           0,         213,       -2.72302855,     -0.2482316162,     -0.0196911256,       2.754985119
          0,           0,         214,      -2.723921505,     -0.2488634072,    -0.01996983693,       2.754099453
          0,           0,         215,      -2.724882906,     -0.2495493488,     -0.0203074796,        2.75314567
          0,           0,         216,      -2.725903065,      -0.250285662,    -0.02069970441,       2.752133393
          0,           0,         217,      -2.726975578,      -0.251064094,    -0.02114133031,       2.751068951
          0,           0,         218,      -2.728093077,     -0.2518763611,    -0.02162824751,       2.749959788
          0,           0,         219,      -2.729245018,     -0.2527161786,    -0.02215507516,       2.748816389
          0,           0,         220,      -2.730421975,     -0.2535781195,    -0.02271634088,       2.747648045
          0,           0,         221,      -2.731615925,     -0.2544551121,    -0.02330691327,        2.74646264
          0,           0,         222,      -2.732819358,      -0.255340823,    -0.02392193422,       2.745267548
          0,           0,         223,      -2.734024491,     -0.2562275086,    -0.02455665757,       2.744070513
          0,           0,         224,      -2.735221601,     -0.2571119505,    -0.02520605985,       2.742881204
          0,           0,         225,      -2.736403493,     -0.2579905517,    -0.02586478508,       2.741706668
          0,           0,         226,      -2.737564797,     -0.2588573834,    -0.02652869679,       2.740552192
          0,           0,         227,      -2.738700174,     -0.2597067772,    -0.02719404479,       2.739422976
          0,           0,         228,      -2.739803978,     -0.2605354586,    -0.02785669816,       2.738324547
          0,           0,         229,      -2.740870765,     -0.2613398487,    -0.02851324355,        2.73726233
          0,           0,         230,      -2.741896695,     -0.2621175359,    -0.02916011314,       2.736240209
          0,           0,         231,      -2.742878554,     -0.2628650507,    -0.02979463018,       2.735261541
          0,           0,         232,      -2.743813342,     -0.2635793306,    -0.03041460193,       2.734329392
          0,           0,         233,      -2.744698466,     -0.2642596331,    -0.03101755017,       2.733446516
          0,           0,         234,      -2.745531791,     -0.2649045663,    -0.03160125078,       2.732615025
          0,           0,         235,      -2.746312211,     -0.2655131813,       -0.03216398,       2.731835937
          0,           0,         236,      -2.747039639,     -0.2660839286,    -0.03270431036,       2.731109221
          0,           0,         237,      -2.747713863,     -0.2666166566,    -0.03322081885,        2.73043502
          0,           0,         238,      -2.748334507,     -0.2671108375,    -0.03371257709,       2.729813624
          0,           0,         239,      -2.748901718,     -0.2675667163,    -0.03417859808,       2.729244779
          0,           0,         240,       -2.74941633,     -0.2679849106,    -0.03461793262,       2.728727587
          0,           0,         241,      -2.749879186,      -0.268365679,    -0.03502994592,       2.728261182
          0,           0,         242,       -2.75029194,     -0.2687100242,     -0.0354141679,        2.72784408
          0,           0,         243,      -2.750656174,     -0.2690191016,    -0.03577010237,       2.727474885
          0,           0,         244,      -2.750973804,     -0.2692937225,    -0.03609749876,       2.727151943
          0,           0,         245,      -2.751246894,      -0.269534846,    -0.03639625103,       2.726873456
          0,           0,         246,      -2.751477619,      -0.269743425,    -0.03666638931,       2.726637485
          0,           0,         247,         -2.751668,     -0.2699205486,    -0.03690803403,       2.726442212
          0,           0,         248,      -2.751819981,     -0.2700674488,    -0.03712149312,       2.726285864
          0,           0,         249,      -2.751935547,     -0.2701855668,    -0.03730710406,       2.726166566
          0,           0,         250,      -2.752016731,     -0.2702762448,    -0.03746532621,       2.726082356
          0,           0,         251,      -2.752065575,     -0.2703409719,    -0.03759687031,        2.72603126
          0,           0,         252,      -2.752083775,     -0.2703812899,    -0.03770241736,       2.726011584
          0,           0,         253,      -2.752073241,     -0.2703988239,    -0.03778283635,       2.726021433
          0,           0,         254,      -2.752035758,     -0.2703952172,    -0.03783905191,       2.726058979
          0,           0,         255,      -2.751973156,     -0.2703719094,    -0.03787208095,       2.726122319
          0,           0,         256,      -2.751887011,     -0.2703306565,     -0.0378829824,       2.726209789
          0,           0,         257,      -2.751778896,     -0.2702732084,    -0.03787285333,       2.726319681
          0,           0,         258,      -2.751650467,     -0.2702012401,    -0.03784286132,       2.726450182
          0,           0,         259,      -2.751503166,     -0.2701161007,    -0.03779429664,        2.72659967
          0,           0,         260,      -2.751338478,     -0.2700193419,    -0.03772839061,       2.726766477
          0,           0,         261,      -2.751157933,     -0.2699124042,    -0.03764639599,       2.726948883
          0,           0,         262,      -2.750962926,     -0.2697964746,    -0.03754959684,       2.727145334
          0,           0,         263,      -2.750754911,     -0.2696727448,    -0.03743923043,       2.727354264
          0,           0,         264,      -2.750535402,     -0.2695422966,    -0.03731654743,       2.727574076
          0,           0,         265,      -2.750305837,     -0.2694060283,    -0.03718274541,       2.727803304
          0,           0,         266,      -2.750067643,     -0.2692647308,     -0.0370389677,       2.728040554
          0,           0,         267,      -2.749822262,     -0.2691190976,    -0.03688632632,       2.728284476
          0,           0,         268,      -2.749571052,     -0.2689697358,     -0.0367258805,       2.728533839
          0,           0,         269,      -2.749315245,     -0.2688171187,    -0.03655859065,        2.72878757
          0,           0,         270,       -2.74905604,     -0.2686616046,    -0.03638534781,       2.729044658
          0,           0,         271,      -2.748794555,     -0.2685035345,    -0.03620692501,       2.729304162
          0,           0,         272,      -2.748531691,     -0.2683430077,    -0.03602405779,       2.729565345
          0,           0,         273,      -2.748268255,     -0.2681800494,    -0.03583744214,       2.729827564
          0,           0,         274,      -2.748004915,     -0.2680147185,    -0.03564761927,       2.730090254
          0,           0,         275,      -2.747742207,     -0.2678470852,    -0.03545504777,       2.730352909
          0,           0,         276,      -2.747480547,     -0.2676771073,    -0.03526015324,       2.730615106
          0,           0,         277,      -2.747220146,     -0.2675046752,    -0.03506325007,        2.73087657
          0,           0,         278,      -2.746961191,     -0.2673297394,    -0.03486464128,       2.731137062
          0,           0,         279,      -2.746703759,      -0.267152341,    -0.03466455986,        2.73139633
          0,           0,         280,      -2.746447835,      -0.266972454,     -0.0344631912,       2.731654229
          0,           0,         281,      -2.746193367,     -0.2667901691,    -0.03426070919,       2.731910646
          0,           0,         282,      -2.745940447,     -0.2666056574,    -0.03405719797,        2.73216535
          0,           0,         283,      -2.745689089,     -0.2664190481,    -0.03385285551,       2.732418179
          0,           0,         284,      -2.745439277,     -0.2662304997,    -0.03364785845,        2.73266906
          0,           0,         285,      -2.745191176,     -0.2660403137,    -0.03344234898,       2.732917772
          0,           0,         286,      -2.744945009,      -0.265848803,    -0.03323651624,       2.733164085
          0,           0,         287,      -2.744701036,     -0.2656563531,    -0.03303056075,       2.733407772
          0,           0,         288,      -2.744459582,     -0.2654634045,    -0.03282469235,       2.733648573
          0,           0,         289,      -2.744221017,     -0.2652703949,    -0.03261915725,       2.733886208
          0,           0,         290,      -2.743985735,      -0.265077787,    -0.03241422444,       2.734120379
          0,           0,         291,      -2.743754204,     -0.2648861864,    -0.03221011485,       2.734350713
          0,           0,         292,      -2.743526849,     -0.2646960045,    -0.03200714941,       2.734576876
          0,           0,         293,      -2.743304054,     -0.2645077126,     -0.0318056474,       2.734798557
          0,           0,         294,       -2.74308624,     -0.2643218034,    -0.03160591324,       2.735015386
          0,           0,         295,      -2.742873797,     -0.2641387269,    -0.03140825773,       2.735227002
          0,           0,         296,      -2.742667099,     -0.2639589069,     -0.0312130014,       2.735433046
          0,           0,         297,      -2.742466449,     -0.2637827339,    -0.03102044837,       2.735633203
          0,           0,         298,      -2.742272139,      -0.263610566,     -0.0308309001,       2.735827165
          0,           0,         299,      -2.742084453,     -0.2634427312,    -0.03064465205,       2.736014622
          0,           0,         300,      -2.741903645,     -0.2632795035,    -0.03046198851,       2.736195289
          0,           0,         301,      -2.741729923,     -0.2631211307,    -0.03028317732,       2.736368928
          0,           0,         302,      -2.741563457,     -0.2629678353,      -0.030108468,       2.736535338
          0,           0,         303,      -2.741404419,     -0.2628198299,    -0.02993807963,       2.736694318
          0,           0,         304,      -2.741252958,     -0.2626772259,     -0.0297722464,       2.736845705
          0,           0,         305,      -2.741109174,     -0.2625401317,    -0.02961117784,       2.736989391
          0,           0,         306,      -2.740973168,     -0.2624086526,    -0.02945504872,       2.737125271
          0,           0,         307,      -2.740845007,     -0.2622828523,    -0.02930401815,       2.737253288
          0,           0,         308,      -2.740724752,     -0.2621627648,    -0.02915823291,       2.737373399
          0,           0,         309,      -2.740612439,     -0.2620483919,    -0.02901782228,       2.737485585
          0,           0,         310,      -2.740508061,     -0.2619397197,    -0.02888289335,       2.737589873
          0,           0,         311,      -2.740411583,     -0.2618367209,    -0.02875353013,       2.737686315
          0,           0,         312,      -2.740322946,     -0.2617393419,    -0.02862979382,        2.73777498
          0,           0,         313,      -2.740242045,      -0.261647507,    -0.02851172549,       2.737855977
          0,           0,         314,      -2.740168742,     -0.2615611169,    -0.02839934366,        2.73792944
          0,           0,         315,      -2.740102872,      -0.261480051,    -0.02829264357,       2.737995523
          0,           0,         316,       -2.74004424,     -0.2614041733,    -0.02819159463,       2.738054412
          0,           0,         317,      -2.739992617,     -0.2613333327,    -0.02809613981,       2.738106318
          0,           0,         318,      -2.739947747,     -0.2612673584,    -0.02800619638,       2.738151484
          0,           0,         319,      -2.739909352,     -0.2612060605,     -0.0279216577,       2.738190176
          0,           0,         320,      -2.739877136,     -0.2611492333,    -0.02784239332,       2.738222682
          0,           0,         321,      -2.739850785,     -0.2610966584,    -0.02776824801,       2.738249313
          0,           0,         322,      -2.739829968,      -0.261048105,    -0.02769904416,       2.738270399
          0,           0,         323,      -2.739814326,      -0.261003341,    -0.02763458068,       2.738286303
          0,           0,         324,      -2.739803492,     -0.2609621161,    -0.02757463822,       2.738297398
          0,           0,         325,      -2.739797103,     -0.2609241782,    -0.02751898063,       2.738304052
          0,           0,         326,      -2.739794772,     -0.2608892461,     -0.0274673684,       2.738306663
          0,           0,         327,       -2.73979609,     -0.2608570647,    -0.02741953755,       2.738305646
          0,           0,         328,      -2.739800653,     -0.2608273781,     -0.0273752147,        2.73830141
          0,           0,         329,      -2.739808054,     -0.2607999194,    -0.02733412589,       2.738294368
          0,           0,         330,      -2.739817882,      -0.260774427,    -0.02729599332,       2.738284931
          0,           0,         331,      -2.739829732,     -0.2607506449,    -0.02726053817,       2.738273505
          0,           0,         332,      -2.739843199,     -0.2607283224,    -0.02722748384,       2.738260493
          0,           0,         333,      -2.739857888,     -0.2607072175,    -0.02719655796,       2.738246284
          0,           0,         334,      -2.739873415,     -0.2606870964,    -0.02716749485,       2.738231258
          0,           0,         335,      -2.739889407,     -0.2606677341,    -0.02714003752,       2.738215778
          0,           0,         336,      -2.739905509,     -0.2606489152,    -0.02711393935,       2.738200189
          0,           0,         337,      -2.739921388,     -0.2606304348,    -0.02708896544,       2.738184818
          0,           0,         338,      -2.739936728,        -0.2606121,    -0.02706489346,        2.73816997
          0,           0,         339,      -2.739951235,     -0.2605937291,    -0.02704151454,       2.738155929
          0,           0,         340,      -2.739964649,     -0.2605751683,    -0.02701862678,       2.738142949
          0,           0,         341,      -2.739976727,     -0.2605562485,    -0.02699605405,       2.738131267
          0,           0,         342,      -2.739987239,     -0.2605368165,     -0.0269736351,       2.738121107
          0,           0,         343,      -2.739995993,      -0.260516745,    -0.02695121653,       2.738112659
          0,           0,         344,      -2.740002823,     -0.2604959154,    -0.02692865963,       2.738106088
          0,           0,         345,      -2.740007583,     -0.2604742215,    -0.02690584002,        2.73810154
          0,           0,         346,      -2.740010146,     -0.2604515711,    -0.02688264484,       2.738099142
          0,           0,         347,      -2.740010415,      -0.260427882,    -0.02685897474,       2.738098996
          0,           0,         348,      -2.740008316,      -0.260403082,    -0.02683474312,       2.738101177
          0,           0,         349,      -2.740003786,     -0.2603771164,     -0.0268098721,       2.738105753
          0,           0,         350,      -2.739996774,     -0.2603499449,    -0.02678429041,       2.738112781
          0,           0,         351,      -2.739987258,     -0.2603215332,    -0.02675793971,       2.738122284
          0,           0,         352,      -2.739975234,     -0.2602918526,    -0.02673077122,       2.738134273
          0,           0,         353,      -2.739960701,      -0.260260889,    -0.02670274242,       2.738148752
          0,           0,         354,      -2.739943671,     -0.2602286415,    -0.02667381704,       2.738165715
          0,           0,         355,      -2.739924171,     -0.2601951165,    -0.02664396566,       2.738185137
          0,           0,         356,      -2.739902241,     -0.2601603269,    -0.02661316569,       2.738206981
          0,           0,         357,      -2.739877926,     -0.2601242929,    -0.02658140068,       2.738231206
          0,           0,         358,      -2.739851283,     -0.2600870431,    -0.02654866012,       2.738257755
          0,           0,         359,       -2.73982238,     -0.2600486129,     -0.0265149392,       2.738286566
          0,           0,         360,      -2.739791287,     -0.2600090443,    -0.02648023829,       2.738317567
          0,           0,         361,      -2.739758086,     -0.2599683853,    -0.02644456325,        2.73835068
          0,           0,         362,      -2.739722864,     -0.2599266882,    -0.02640792567,       2.738385818
          0,           0,         363,      -2.739685717,     -0.2598840101,    -0.02637034279,       2.738422885
          0,           0,         364,      -2.739646746,     -0.2598404122,    -0.02633183729,       2.738461781
          0,           0,         365,      -2.739606059,     -0.2597959594,    -0.02629243726,       2.738502401
          0,           0,         366,      -2.739563766,     -0.2597507198,    -0.02625217611,       2.738544632
          0,           0,         367,      -2.739519984,     -0.2597047638,    -0.02621109253,       2.738588358
          0,           0,         368,      -2.739474834,     -0.2596581636,    -0.02616923037,       2.738633458
          0,           0,         369,      -2.739428441,     -0.2596109927,    -0.02612663829,       2.738679809
          0,           0,         370,      -2.739380931,     -0.2595633258,    -0.02608336936,       2.738727283
          0,           0,         371,      -2.739332432,     -0.2595152377,    -0.02603948073,       2.738775753
          0,           0,         372,      -2.739283073,     -0.2594668031,    -0.02599503332,       2.738825089
          0,           0,         373,      -2.739232986,     -0.2594180958,    -0.02595009122,       2.738875161
          0,           0,         374,        -2.7391823,     -0.2593691889,    -0.02590472123,        2.73892584
          0,           0,         375,      -2.739131143,     -0.2593201537,    -0.02585899233,       2.738976996
          0,           0,         376,      -2.739079642,     -0.2592710602,    -0.02581297506,       2.739028503
          0,           0,         377,      -2.739027922,     -0.2592219761,    -0.02576674105,       2.739080238
          0,           0,         378,      -2.738976103,     -0.2591729672,    -0.02572036212,       2.739132078
          0,           0,         379,      -2.738924305,     -0.2591240967,    -0.02567391043,       2.739183906
          0,           0,         380,      -2.738872638,     -0.2590754248,    -0.02562745749,        2.73923561
          0,           0,         381,      -2.738821214,     -0.2590270098,    -0.02558107388,        2.73928708
          0,           0,         382,      -2.738770135,     -0.2589789066,    -0.02553482862,       2.739338212
          0,           0,         383,        -2.7387195,     -0.2589311675,    -0.02548878895,       2.739388906
          0,           0,         384,      -2.738669403,     -0.2588838424,    -0.02544301971,       2.739439069
          0,           0,         385,       -2.73861993,     -0.2588369788,    -0.02539758318,       2.739488616
          0,           0,         386,      -2.738571162,      -0.258790621,    -0.02535253886,       2.739537462
          0,           0,         387,      -2.738523174,     -0.2587448106,    -0.02530794323,       2.739585534
          0,           0,         388,      -2.738476037,     -0.2586995864,    -0.02526384947,       2.739632759
          0,           0,         389,      -2.738429813,     -0.2586549848,    -0.02522030723,       2.739679074
          0,           0,         390,      -2.738384559,     -0.2586110396,    -0.02517736254,       2.739724422
          0,           0,         391,      -2.738340325,     -0.2585677815,    -0.02513505781,       2.739768751
          0,           0,         392,      -2.738297157,     -0.2585252387,     -0.0250934317,       2.739812016
          0,           0,         393,      -2.738255092,     -0.2584834365,    -0.02505251903,       2.739854178
          0,           0,         394,      -2.738214165,     -0.2584423979,    -0.02501235077,       2.739895202
          0,           0,         395,        -2.7381744,     -0.2584021427,    -0.02497295406,       2.739935063
          0,           0,         396,       -2.73813582,     -0.2583626883,    -0.02493435222,       2.739973739
          0,           0,         397,      -2.738098439,     -0.2583240492,    -0.02489656487,       2.740011214
          0,           0,         398,      -2.738062267,     -0.2582862372,    -0.02485960793,       2.740047478
          0,           0,         399,      -2.738027308,     -0.2582492616,    -0.02482349373,       2.740082527
          0,           0,         400,      -2.737993561,     -0.2582131291,    -0.02478823115,       2.740116362
          0,           0,         401,       -2.73796102,     -0.2581778437,    -0.02475382574,       2.740148989
          0,           0,         402,      -2.737929674,     -0.2581434072,    -0.02472027991,       2.740180419
          0,           0,         403,      -2.737899508,     -0.2581098189,     -0.0246875931,       2.740210666
          0,           0,         404,      -2.737870503,     -0.2580770761,    -0.02465576195,        2.74023975
          0,           0,         405,      -2.737842635,      -0.258045174,    -0.02462478054,       2.740267695
          0,           0,         406,      -2.737815878,     -0.2580141057,     -0.0245946406,       2.740294525
          0,           0,         407,      -2.737790202,     -0.2579838627,    -0.02456533174,       2.740320272
          0,           0,         408,      -2.737765575,     -0.2579544347,    -0.02453684172,       2.740344968
          0,           0,         409,      -2.737741963,     -0.2579258102,    -0.02450915664,       2.740368645
          0,           0,         410,      -2.737719329,     -0.2578979761,    -0.02448226118,       2.740391341
          0,           0,         411,      -2.737697637,     -0.2578709183,    -0.02445613885,       2.740413094
          0,           0,         412,      -2.737676848,     -0.2578446217,    -0.02443077225,       2.740433941
          0,           0,         413,      -2.737656921,     -0.2578190702,    -0.02440614326,       2.740453921
          0,           0,         414,       -2.73763782,     -0.2577942472,     -0.0243822332,       2.740473075
          0,           0,         415,      -2.737619502,     -0.2577701356,    -0.02435902297,       2.740491442
          0,           0,         416,       -2.73760193,     -0.2577467174,    -0.02433649336,       2.740509061
          0,           0,         417,      -2.737585065,     -0.2577239742,     -0.0243146253,       2.740525969
          0,           0,         418,       -2.73756887,     -0.2577018878,    -0.02429339967,       2.740542206
          0,           0,         419,      -2.737553308,     -0.2576804396,    -0.02427279758,       2.740557807
          0,           0,         420,      -2.737538343,     -0.2576596112,    -0.02425280046,       2.740572808
          0,           0,         421,      -2.737523942,     -0.2576393842,    -0.02423339018,       2.740587243
          0,           0,         422,      -2.737510072,     -0.2576197401,    -0.02421454905,       2.740601145
          0,           0,         423,      -2.737496702,      -0.257600661,    -0.02419625988,       2.740614545
          0,           0,         424,      -2.737483802,     -0.2575821289,    -0.02417850604,       2.740627472
          0,           0,         425,      -2.737471344,     -0.2575641264,    -0.02416127143,       2.740639955
          0,           0,         426,      -2.737459303,     -0.2575466366,    -0.02414454051,       2.740652019
          0,           0,         427,      -2.737447654,      -0.257529643,    -0.02412829833,        2.74066369
          0,           0,         428,      -2.737436373,     -0.2575131293,    -0.02411253051,       2.740674991
          0,           0,         429,      -2.737425439,     -0.2574970803,    -0.02409722322,       2.740685942
          0,           0,         430,      -2.737414833,     -0.2574814811,    -0.02408236315,       2.740696565
          0,           0,         431,      -2.737404536,     -0.2574663173,    -0.02406793754,       2.740706877
          0,           0,         432,      -2.737394531,     -0.2574515755,    -0.02405393412,       2.740716894
          0,           0,         433,      -2.737384804,     -0.2574372426,    -0.02404034111,       2.740726633
          0,           0,         434,       -2.73737534,     -0.2574233064,     -0.0240271472,       2.740736108
          0,           0,         435,      -2.737366127,     -0.2574097553,    -0.02401434152,       2.740745331
          0,           0,         436,      -2.737357153,     -0.2573965783,    -0.02400191363,       2.740754313
          0,           0,         437,      -2.737348408,      -0.257383765,    -0.02398985347,       2.740763065
          0,           0,         438,      -2.737339884,     -0.2573713057,     -0.0239781514,       2.740771595
          0,           0,         439,      -2.737331572,     -0.2573591912,    -0.02396679813,       2.740779912
          0,           0,         440,      -2.737323466,     -0.2573474128,    -0.02395578466,       2.740788022
          0,           0,         441,       -2.73731556,     -0.2573359624,    -0.02394510236,       2.740795932
          0,           0,         442,      -2.737307848,     -0.2573248322,    -0.02393474287,       2.740803646
          0,           0,         443,      -2.737300327,      -0.257314015,    -0.02392469813,       2.740811169
          0,           0,         444,      -2.737292994,     -0.2573035036,     -0.0239149603,       2.740818505
          0,           0,         445,      -2.737285844,     -0.2572932916,    -0.02390552174,       2.740825655
          0,           0,         446,      -2.737278876,     -0.2572833723,    -0.02389637502,       2.740832623
          0,           0,         447,      -2.737272088,     -0.2572737394,    -0.02388751282,       2.740839411
          0,           0,         448,      -2.737265479,     -0.2572643869,    -0.02387892804,       2.740846021
          0,           0,         449,      -2.737259046,     -0.2572553086,    -0.02387061361,       2.740852452
          0,           0,         450,      -2.737252789,     -0.2572464986,    -0.02386256255,       2.740858708
          0,           0,         451,      -2.737246708,     -0.2572379507,    -0.02385476796,       2.740864788
          0,           0,         452,        -2.7372408,     -0.2572296588,    -0.02384722292,       2.740870695
          0,           0,         453,      -2.737235066,      -0.257221617,    -0.02383992048,       2.740876428
          0,           0,         454,      -2.737229504,      -0.257213819,    -0.02383285368,       2.740881989
          0,           0,         455,      -2.737224112,     -0.2572062585,     -0.0238260155,       2.740887379
          0,           0,         456,       -2.73721889,     -0.2571989291,    -0.02381939885,       2.740892601
          0,           0,         457,      -2.737213835,     -0.2571918244,    -0.02381299654,       2.740897655
          0,           0,         458,      -2.737208946,     -0.2571849375,    -0.02380680128,       2.740902544
          0,           0,         459,       -2.73720422,     -0.2571782618,    -0.02380080567,        2.74090727
          0,           0,         460,      -2.737199653,     -0.2571717904,     -0.0237950022,       2.740911837
          0,           0,         461,      -2.737195243,     -0.2571655163,    -0.02378938325,       2.740916248
          0,           0,         462,      -2.737190986,     -0.2571594323,    -0.02378394111,       2.740920507
          0,           0,         463,      -2.737186878,     -0.2571535312,    -0.02377866795,       2.740924618
          0,           0,         464,      -2.737182914,     -0.2571478058,    -0.02377355587,       2.740928585
          0,           0,         465,      -2.737179089,     -0.2571422487,    -0.02376859691,       2.740932413
          0,           0,         466,      -2.737175398,     -0.2571368526,    -0.02376378305,       2.740936108
          0,           0,         467,      -2.737171835,     -0.2571316102,    -0.02375910625,       2.740939676
          0,           0,         468,      -2.737168394,     -0.2571265141,    -0.02375455848,       2.740943123
          0,           0,         469,      -2.737165069,      -0.257121557,    -0.02375013173,       2.740946454
          0,           0,         470,      -2.737161853,     -0.2571167317,    -0.02374581803,       2.740949677
          0,           0,         471,      -2.737158739,      -0.257112031,     -0.0237416095,       2.740952799
          0,           0,         472,      -2.737155721,     -0.2571074479,    -0.02373749839,       2.740955826
          0,           0,         473,      -2.737152791,     -0.2571029754,    -0.02373347706,       2.740958766
          0,           0,         474,      -2.737149941,     -0.2570986069,    -0.02372953806,       2.740961625
          0,           0,         475,      -2.737147166,     -0.2570943357,    -0.02372567412,       2.740964412
          0,           0,         476,      -2.737144456,     -0.2570901555,    -0.02372187821,       2.740967132
          0,           0,         477,      -2.737141806,     -0.2570860599,    -0.02371814356,       2.740969794
          0,           0,         478,      -2.737139208,     -0.2570820431,    -0.02371446363,       2.740972405
          0,           0,         479,      -2.737136655,     -0.2570780993,    -0.02371083224,       2.740974971
          0,           0,         480,      -2.737134141,     -0.2570742231,    -0.02370724347,       2.740977499
          0,           0,         481,      -2.737131658,     -0.2570704091,    -0.02370369176,       2.740979996
          0,           0,         482,      -2.737129201,     -0.2570666525,    -0.02370017191,       2.740982468
          0,           0,         483,      -2.737126763,     -0.2570629485,    -0.02369667908,       2.740984921
          0,           0,         484,      -2.737124339,     -0.2570592927,     -0.0236932088,       2.740987361
          0,           0,         485,      -2.737121923,     -0.2570556811,    -0.02368975697,       2.740989793
          0,           0,         486,      -2.737119511,     -0.2570521098,    -0.02368631992,       2.740992222
          0,           0,         487,      -2.737117097,     -0.2570485753,    -0.02368289433,       2.740994653
          0,           0,         488,      -2.737114677,     -0.2570450743,     -0.0236794773,       2.740997089
          0,           0,         489,      -2.737112248,     -0.2570416039,    -0.02367606633,       2.740999535
          0,           0,         490,      -2.737109806,     -0.2570381614,    -0.02367265927,       2.741001994
          0,           0,         491,      -2.737107348,     -0.2570347445,    -0.02366925441,        2.74100447
          0,           0,         492,      -2.737104872,      -0.257031351,    -0.02366585036,       2.741006963
          0,           0,         493,      -2.737102375,      -0.257027979,    -0.02366244612,       2.741009477
          0,           0,         494,      -2.737099856,      -0.257024627,    -0.02365904104,       2.741012014
          0,           0,         495,      -2.737097313,     -0.2570212937,    -0.02365563481,       2.741014574
          0,           0,         496,      -2.737094745,     -0.2570179779,    -0.02365222743,       2.741017159
          0,           0,         497,      -2.737092152,     -0.2570146787,    -0.02364881921,       2.741019768
          0,           0,         498,      -2.737089535,     -0.2570113954,    -0.02364541075,       2.741022403
          0,           0,         499,      -2.737086892,     -0.2570081277,    -0.02364200291,       2.741025062
          0,           0,         500,      -2.737084224,     -0.2570048751,    -0.02363859681,       2.741027745
          0,           0,         501,      -2.737081534,     -0.2570016375,    -0.02363519377,       2.741030452
          0,           0,         502,       -2.73707882,     -0.2569984151,    -0.02363179535,        2.74103318
          0,           0,         503,      -2.737076086,     -0.2569952079,    -0.02362840327,       2.741035929
          0,           0,         504,      -2.737073333,     -0.2569920164,    -0.02362501941,       2.741038697
          0,           0,         505,      -2.737070563,     -0.2569888409,     -0.0236216458,       2.741041481
          0,           0,         506,      -2.737067778,      -0.256985682,    -0.02361828458,        2.74104428
          0,           0,         507,       -2.73706498,     -0.2569825403,    -0.02361493799,       2.741047091
          0,           0,         508,      -2.737062172,     -0.2569794166,    -0.02361160835,       2.741049911
          0,           0,         509,      -2.737059357,     -0.2569763116,    -0.02360829802,       2.741052739
          0,           0,         510,      -2.737056537,     -0.2569732263,    -0.02360500942,        2.74105557
          0,           0,         511,      -2.737053715,     -0.2569701615,    -0.02360174496,       2.741058402
          0,           0,         512,      -2.737050894,     -0.2569671182,    -0.02359850706,       2.741061233
          0,           0,         513,      -2.737048078,     -0.2569640974,    -0.02359529814,       2.741064059
          0,           0,         514,      -2.737045269,        -0.2569611,    -0.02359212055,       2.741066877
          0,           0,         515,      -2.737042471,     -0.2569581272,    -0.02358897662,       2.741069684
          0,           0,         516,      -2.737039686,       -0.25695518,     -0.0235858686,       2.741072478
          0,           0,         517,      -2.737036917,     -0.2569522593,    -0.02358279867,       2.741075254
          0,           0,         518,      -2.737034167,     -0.2569493663,    -0.02357976891,        2.74107801
          0,           0,         519,       -2.73703144,     -0.2569465019,    -0.02357678131,       2.741080744
          0,           0,         520,      -2.737028738,     -0.2569436672,    -0.02357383775,       2.741083452
          0,           0,         521,      -2.737026063,     -0.2569408631,    -0.02357093999,       2.741086132
          0,           0,         522,      -2.737023419,     -0.2569380905,    -0.02356808965,       2.741088781
          0,           0,         523,      -2.737020808,     -0.2569353505,    -0.02356528823,       2.741091396
          0,           0,         524,      -2.737018232,     -0.2569326438,    -0.02356253708,       2.741093976
          0,           0,         525,      -2.737015693,     -0.2569299713,    -0.02355983742,       2.741096518
          0,           0,         526,      -2.737013194,     -0.2569273338,    -0.02355719032,        2.74109902
          0,           0,         527,      -2.737010737,      -0.256924732,    -0.02355459668,        2.74110148
          0,           0,         528,      -2.737008323,     -0.2569221667,    -0.02355205728,       2.741103896
          0,           0,         529,      -2.737005954,     -0.2569196384,    -0.02354957273,       2.741106267
          0,           0,         530,      -2.737003631,     -0.2569171478,    -0.02354714349,       2.741108592
          0,           0,         531,      -2.737001356,     -0.2569146955,    -0.02354476987,       2.741110868
          0,           0,         532,       -2.73699913,     -0.2569122818,    -0.02354245205,       2.741113095
          0,           0,         533,      -2.736996953,     -0.2569099073,    -0.02354019005,       2.741115272
          0,           0,         534,      -2.736994827,     -0.2569075722,    -0.02353798375,       2.741117399
          0,           0,         535,      -2.736992751,      -0.256905277,     -0.0235358329,       2.741119474
          0,           0,         536,      -2.736990728,     -0.2569030219,    -0.02353373713,       2.741121498
          0,           0,         537,      -2.736988756,     -0.2569008071,    -0.02353169593,        2.74112347
          0,           0,         538,      -2.736986835,     -0.2568986327,    -0.02352970869,        2.74112539
          0,           0,         539,      -2.736984967,      -0.256896499,    -0.02352777469,       2.741127258
          0,           0,         540,       -2.73698315,     -0.2568944059,    -0.02352589309,       2.741129074
          0,           0,         541,      -2.736981384,     -0.2568923534,    -0.02352406298,       2.741130839
          0,           0,         542,      -2.736979669,     -0.2568903416,    -0.02352228335,       2.741132553
          0,           0,         543,      -2.736978004,     -0.2568883703,    -0.02352055312,       2.741134217
          0,           0,         544,      -2.736976389,     -0.2568864395,    -0.02351887115,       2.741135831
          0,           0,         545,      -2.736974823,     -0.2568845489,    -0.02351723623,       2.741137396
          0,           0,         546,      -2.736973304,     -0.2568826985,    -0.02351564709,       2.741138914
          0,           0,         547,      -2.736971832,     -0.2568808879,    -0.02351410245,       2.741140385
          0,           0,         548,      -2.736970406,     -0.2568791169,    -0.02351260096,        2.74114181
          0,           0,         549,      -2.736969024,     -0.2568773852,    -0.02351114128,        2.74114319
          0,           0,         550,      -2.736967686,     -0.2568756925,    -0.02350972203,       2.741144527
          0,           0,         551,      -2.736966391,     -0.2568740385,    -0.02350834183,       2.741145822
          0,           0,         552,      -2.736965136,     -0.2568724227,    -0.02350699929,       2.741147075
          0,           0,         553,      -2.736963921,     -0.2568708447,    -0.02350569304,        2.74114829
          0,           0,         554,      -2.736962744,     -0.2568693042,    -0.02350442172,       2.741149465
          0,           0,         555,      -2.736961605,     -0.2568678008,    -0.02350318398,       2.741150604
          0,           0,         556,      -2.736960501,     -0.2568663338,     -0.0235019785,       2.741151707
          0,           0,         557,      -2.736959432,      -0.256864903,    -0.02350080399,       2.741152776
          0,           0,         558,      -2.736958396,     -0.2568635077,     -0.0234996592,       2.741153811
          0,           0,         559,      -2.736957391,     -0.2568621475,    -0.02349854291,       2.741154815
          0,           0,         560,      -2.736956418,     -0.2568608219,    -0.02349745394,       2.741155788
          0,           0,         561,      -2.736955473,     -0.2568595304,    -0.02349639118,       2.741156732
          0,           0,         562,      -2.736954557,     -0.2568582723,    -0.02349535354,       2.741157648
          0,           0,         563,      -2.736953668,     -0.2568570473,       -0.02349434,       2.741158537
          0,           0,         564,      -2.736952805,     -0.2568558546,    -0.02349334959,         2.7411594
          0,           0,         565,      -2.736951966,     -0.2568546938,    -0.02349238138,       2.741160239
          0,           0,         566,      -2.736951152,     -0.2568535643,    -0.02349143451,       2.741161054
          0,           0,         567,       -2.73695036,     -0.2568524654,    -0.02349050817,       2.741161846
          0,           0,         568,       -2.73694959,     -0.2568513967,     -0.0234896016,       2.741162617
          0,           0,         569,       -2.73694884,     -0.2568503576,    -0.02348871411,       2.741163367
          0,           0,         570,      -2.736948111,     -0.2568493474,    -0.02348784504,       2.741164096
          0,           0,         571,      -2.736947401,     -0.2568483655,    -0.02348699379,       2.741164807
          0,           0,         572,       -2.73694671,     -0.2568474114,    -0.02348615983,       2.741165499
          0,           0,         573,      -2.736946036,     -0.2568464845,    -0.02348534266,       2.741166173
          0,           0,         574,       -2.73694538,     -0.2568455841,    -0.02348454181,       2.741166831
          0,           0,         575,       -2.73694474,     -0.2568447096,    -0.02348375689,       2.741167472
          0,           0,         576,      -2.736944116,     -0.2568438605,    -0.02348298752,       2.741168096
          0,           0,         577,      -2.736943508,      -0.256843036,    -0.02348223337,       2.741168706
          0,           0,         578,      -2.736942915,     -0.2568422357,    -0.02348149416,         2.7411693
          0,           0,         579,      -2.736942336,     -0.2568414588,     -0.0234807696,        2.74116988
          0,           0,         580,      -2.736941772,     -0.2568407048,    -0.02348005948,       2.741170446
          0,           0,         581,      -2.736941221,      -0.256839973,    -0.02347936358,       2.741170998
          0,           0,         582,      -2.736940684,     -0.2568392628,    -0.02347868172,       2.741171537
          0,           0,         583,       -2.73694016,     -0.2568385736,    -0.02347801372,       2.741172062
          0,           0,         584,      -2.736939649,     -0.2568379048,    -0.02347735945,       2.741172575
          0,           0,         585,       -2.73693915,     -0.2568372557,    -0.02347671875,       2.741173075
          0,           0,         586,      -2.736938664,     -0.2568366257,    -0.02347609151,       2.741173564
          0,           0,         587,      -2.736938189,     -0.2568360142,     -0.0234754776,        2.74117404
          0,           0,         588,      -2.736937726,     -0.2568354206,    -0.02347487691,       2.741174504
          0,           0,         589,      -2.736937275,     -0.2568348443,    -0.02347428932,       2.741174957
          0,           0,         590,      -2.736936835,     -0.2568342846,    -0.02347371472,       2.741175399
          0,           0,         591,      -2.736936406,     -0.2568337409,      -0.023473153,       2.741175829
          0,           0,         592,      -2.736935988,     -0.2568332127,    -0.02347260404,       2.741176249
          0,           0,         593,      -2.736935581,     -0.2568326994,     -0.0234720677,       2.741176658
          0,           0,         594,      -2.736935184,     -0.2568322003,    -0.02347154386,       2.741177057
          0,           0,         595,      -2.736934797,     -0.2568317148,    -0.02347103237,       2.741177446
          0,           0,         596,       -2.73693442,     -0.2568312425,    -0.02347053308,       2.741177825
          0,           0,         597,      -2.736934053,     -0.2568307826,    -0.02347004582,       2.741178194
          0,           0,         598,      -2.736933695,     -0.2568303347,    -0.02346957041,       2.741178553
          0,           0,         599,      -2.736933347,     -0.2568298982,    -0.02346910667,       2.741178904
          0,           0,         600,      -2.736933007,     -0.2568294726,    -0.02346865439,       2.741179245
          0,           0,         601,      -2.736932676,     -0.2568290573,    -0.02346821335,       2.741179578
          0,           0,         602,      -2.736932353,     -0.2568286518,    -0.02346778334,       2.741179903
          0,           0,         603,      -2.736932038,     -0.2568282556,     -0.0234673641,       2.741180219
          0,           0,         604,      -2.736931731,     -0.2568278682,    -0.02346695538,       2.741180527
          0,           0,         605,      -2.736931432,     -0.2568274891,    -0.02346655692,       2.741180829
          0,           0,         606,       -2.73693114,     -0.2568271179,    -0.02346616845,       2.741181123
          0,           0,         607,      -2.736930854,     -0.2568267541,    -0.02346578967,        2.74118141
          0,           0,         608,      -2.736930575,     -0.2568263972,    -0.02346542029,        2.74118169
          0,           0,         609,      -2.736930303,      -0.256826047,    -0.02346506001,       2.741181964
          0,           0,         610,      -2.736930036,     -0.2568257029,    -0.02346470852,       2.741182233
          0,           0,         611,      -2.736929774,     -0.2568253646,     -0.0234643655,       2.741182496
          0,           0,         612,      -2.736929518,     -0.2568250318,    -0.02346403064,       2.741182753
          0,           0,         613,      -2.736929267,      -0.256824704,    -0.02346370361,       2.741183006
          0,           0,         614,       -2.73692902,      -0.256824381,    -0.02346338409,       2.741183254
          0,           0,         615,      -2.736928778,     -0.2568240625,    -0.02346307177,       2.741183498
          0,           0,         616,      -2.736928539,     -0.2568237481,    -0.02346276632,       2.741183738
          0,           0,         617,      -2.736928304,     -0.2568234377,    -0.02346246741,       2.741183974
          0,           0,         618,      -2.736928073,      -0.256823131,    -0.02346217475,       2.741184206
          0,           0,         619,      -2.736927844,     -0.2568228277,    -0.02346188802,       2.741184436
          0,           0,         620,      -2.736927619,     -0.2568225278,    -0.02346160692,       2.741184663
          0,           0,         621,      -2.736927395,     -0.2568222309,    -0.02346133117,       2.741184887
          0,           0,         622,      -2.736927174,     -0.2568219369,    -0.02346106047,       2.741185109
          0,           0,         623,      -2.736926955,     -0.2568216458,    -0.02346079456,       2.741185329
          0,           0,         624,      -2.736926738,     -0.2568213573,    -0.02346053319,       2.741185547
          0,           0,         625,      -2.736926523,     -0.2568210714,     -0.0234602761,       2.741185764
          0,           0,         626,      -2.736926309,      -0.256820788,    -0.02346002306,       2.741185978
          0,           0,         627,      -2.736926096,      -0.256820507,    -0.02345977385,       2.741186192
          0,           0,         628,      -2.736925885,     -0.2568202284,    -0.02345952827,       2.741186404
          0,           0,         629,      -2.736925674,     -0.2568199522,    -0.02345928614,       2.741186615
          0,           0,         630,      -2.736925465,     -0.2568196783,    -0.02345904727,       2.741186826
          0,           0,         631,      -2.736925256,     -0.2568194068,    -0.02345881151,       2.741187035
          0,           0,         632,      -2.736925048,     -0.2568191377,    -0.02345857872,       2.741187243
          0,           0,         633,      -2.736924841,      -0.256818871,    -0.02345834877,       2.741187451
          0,           0,         634,      -2.736924635,     -0.2568186067,    -0.02345812157,       2.741187658
          0,           0,         635,      -2.736924429,      -0.256818345,    -0.02345789701,       2.741187864
          0,           0,         636,      -2.736924224,     -0.2568180858,    -0.02345767502,       2.741188069
          0,           0,         637,       -2.73692402,     -0.2568178293,    -0.02345745553,       2.741188274
          0,           0,         638,      -2.736923817,     -0.2568175755,     -0.0234572385,       2.741188478
          0,           0,         639,      -2.736923615,     -0.2568173245,     -0.0234570239,        2.74118868
          0,           0,         640,      -2.736923413,     -0.2568170765,    -0.02345681171,       2.741188882
          0,           0,         641,      -2.736923213,     -0.2568168315,    -0.02345660192,       2.741189082
          0,           0,         642,      -2.736923014,     -0.2568165897,    -0.02345639454,       2.741189282
          0,           0,         643,      -2.736922817,      -0.256816351,    -0.02345618959,       2.741189479
          0,           0,         644,      -2.736922621,     -0.2568161158,    -0.02345598709,       2.741189676
          0,           0,         645,      -2.736922426,      -0.256815884,    -0.02345578708,       2.741189871
          0,           0,         646,      -2.736922233,     -0.2568156558,     -0.0234555896,       2.741190063
          0,           0,         647,      -2.736922042,     -0.2568154313,    -0.02345539472,       2.741190255
          0,           0,         648,      -2.736921854,     -0.2568152107,    -0.02345520249,       2.741190443
          0,           0,         649,      -2.736921667,     -0.2568149939,    -0.02345501298,        2.74119063
          0,           0,         650,      -2.736921483,     -0.2568147811,    -0.02345482625,       2.741190814
          0,           0,         651,      -2.736921301,     -0.2568145725,    -0.02345464239,       2.741190996
          0,           0,         652,      -2.736921123,     -0.2568143681,    -0.02345446146,       2.741191175
          0,           0,         653,      -2.736920947,     -0.2568141679,    -0.02345428355,       2.741191351
          0,           0,         654,      -2.736920774,     -0.2568139722,    -0.02345410873,       2.741191523
          0,           0,         655,      -2.736920604,     -0.2568137809,    -0.02345393708,       2.741191693
          0,           0,         656,      -2.736920438,     -0.2568135941,    -0.02345376868,       2.741191859
          0,           0,         657,      -2.736920276,     -0.2568134118,     -0.0234536036,       2.741192021
          0,           0,         658,      -2.736920117,     -0.2568132342,    -0.02345344191,        2.74119218
          0,           0,         659,      -2.736919962,     -0.2568130612,    -0.02345328368,       2.741192335
          0,           0,         660,      -2.736919811,      -0.256812893,    -0.02345312898,       2.741192486
          0,           0,         661,      -2.736919664,     -0.2568127294,    -0.02345297785,       2.741192633
          0,           0,         662,      -2.736919521,     -0.2568125706,    -0.02345283036,       2.741192776
          0,           0,         663,      -2.736919383,     -0.2568124164,    -0.02345268655,       2.741192914
          0,           0,         664,      -2.736919248,      -0.256812267,    -0.02345254645,       2.741193049
          0,           0,         665,      -2.736919119,     -0.2568121223,     -0.0234524101,       2.741193178
          0,           0,         666,      -2.736918993,     -0.2568119823,    -0.02345227752,       2.741193304
          0,           0,         667,      -2.736918873,     -0.2568118469,    -0.02345214873,       2.741193424
          0,           0,         668,      -2.736918756,     -0.2568117161,    -0.02345202373,       2.741193541
          0,           0,         669,      -2.736918645,     -0.2568115898,    -0.02345190252,       2.741193652
          0,           0,         670,      -2.736918537,      -0.256811468,     -0.0234517851,       2.741193759
          0,           0,         671,      -2.736918435,     -0.2568113506,    -0.02345167145,       2.741193862
          0,           0,         672,      -2.736918337,     -0.2568112375,    -0.02345156154,        2.74119396
          0,           0,         673,      -2.736918243,     -0.2568111287,    -0.02345145533,       2.741194054
          0,           0,         674,      -2.736918154,      -0.256811024,     -0.0234513528,       2.741194143
          0,           0,         675,      -2.736918069,     -0.2568109234,    -0.02345125387,       2.741194228
          0,           0,         676,      -2.736917988,     -0.2568108267,     -0.0234511585,       2.741194309
          0,           0,         677,      -2.736917912,     -0.2568107338,    -0.02345106662,       2.741194385
          0,           0,         678,      -2.736917839,     -0.2568106447,    -0.02345097817,       2.741194457
          0,           0,         679,      -2.736917771,     -0.2568105592,    -0.02345089305,       2.741194526
          0,           0,         680,      -2.736917706,     -0.2568104771,    -0.02345081118,        2.74119459
          0,           0,         681,      -2.736917646,     -0.2568103984,    -0.02345073248,       2.741194651
          0,           0,         682,      -2.736917588,     -0.2568103229,    -0.02345065685,       2.741194709
          0,           0,         683,      -2.736917535,     -0.2568102504,    -0.02345058418,       2.741194763
          0,           0,         684,      -2.736917484,     -0.2568101809,    -0.02345051437,       2.741194813
          0,           0,         685,      -2.736917437,     -0.2568101143,    -0.02345044732,       2.741194861
          0,           0,         686,      -2.736917392,     -0.2568100503,     -0.0234503829,       2.741194905
          0,           0,         687,      -2.736917351,     -0.2568099888,      -0.023450321,       2.741194947
          0,           0,         688,      -2.736917312,     -0.2568099297,    -0.02345026151,       2.741194986
          0,           0,         689,      -2.736917275,     -0.2568098729,    -0.02345020431,       2.741195023
          0,           0,         690,      -2.736917241,     -0.2568098183,    -0.02345014927,       2.741195057
          0,           0,         691,      -2.736917209,     -0.2568097656,    -0.02345009628,       2.741195089
          0,           0,         692,      -2.736917179,     -0.2568097148,    -0.02345004521,        2.74119512
          0,           0,         693,       -2.73691715,     -0.2568096657,    -0.02344999595,       2.741195148
          0,           0,         694,      -2.736917124,     -0.2568096182,    -0.02344994838,       2.741195175
          0,           0,         695,      -2.736917098,     -0.2568095722,    -0.02344990238,         2.7411952
          0,           0,         696,      -2.736917074,     -0.2568095276,    -0.02344985783,       2.741195225
          0,           0,         697,      -2.736917051,     -0.2568094842,    -0.02344981463,       2.741195248
          0,           0,         698,      -2.736917029,      -0.256809442,    -0.02344977266,        2.74119527
          0,           0,         699,      -2.736917008,     -0.2568094008,    -0.02344973182,       2.741195291
          0,           0,         700,      -2.736916988,     -0.2568093605,      -0.023449692,       2.741195312
          0,           0,         701,      -2.736916968,     -0.2568093211,    -0.02344965311,       2.741195332
          0,           0,         702,      -2.736916948,     -0.2568092824,    -0.02344961504,       2.741195352
          0,           0,         703,      -2.736916929,     -0.2568092443,    -0.02344957772,       2.741195371
          0,           0,         704,       -2.73691691,     -0.2568092069,    -0.02344954106,       2.741195391
          0,           0,         705,      -2.736916891,     -0.2568091699,    -0.02344950496,        2.74119541
          0,           0,         706,      -2.736916872,     -0.2568091333,    -0.02344946937,       2.741195429
          0,           0,         707,      -2.736916852,     -0.2568090971,    -0.02344943421,       2.741195449
          0,           0,         708,      -2.736916833,     -0.2568090612,    -0.02344939941,       2.741195469
          0,           0,         709,      -2.736916813,     -0.2568090256,    -0.02344936491,       2.741195489
          0,           0,         710,      -2.736916792,     -0.2568089901,    -0.02344933066,       2.741195509
          0,           0,         711,      -2.736916772,     -0.2568089547,    -0.02344929661,        2.74119553
          0,           0,         712,       -2.73691675,     -0.2568089195,    -0.02344926272,       2.741195552
          0,           0,         713,      -2.736916728,     -0.2568088843,    -0.02344922894,       2.741195574
          0,           0,         714,      -2.736916706,     -0.2568088491,    -0.02344919525,       2.741195596
          0,           0,         715,      -2.736916683,      -0.256808814,    -0.02344916161,        2.74119562
          0,           0,         716,      -2.736916659,     -0.2568087788,      -0.023449128,       2.741195644
          0,           0,         717,      -2.736916635,     -0.2568087436,     -0.0234490944,       2.741195668
          0,           0,         718,      -2.736916609,     -0.2568087084,     -0.0234490608,       2.741195694
          0,           0,         719,      -2.736916584,     -0.2568086731,    -0.02344902719,        2.74119572
          0,           0,         720,      -2.736916557,     -0.2568086378,    -0.02344899355,       2.741195746
          0,           0,         721,       -2.73691653,     -0.2568086024,     -0.0234489599,       2.741195774
          0,           0,         722,      -2.736916502,     -0.2568085669,    -0.02344892622,       2.741195802
          0,           0,         723,      -2.736916474,     -0.2568085314,    -0.02344889253,        2.74119583
          0,           0,         724,      -2.736916445,     -0.2568084958,    -0.02344885883,       2.741195859
          0,           0,         725,      -2.736916415,     -0.2568084602,    -0.02344882513,       2.741195889
          0,           0,         726,      -2.736916385,     -0.2568084245,    -0.02344879145,       2.741195919
          0,           0,         727,      -2.736916354,     -0.2568083889,     -0.0234487578,        2.74119595
          0,           0,         728,      -2.736916323,     -0.2568083532,     -0.0234487242,       2.741195982
          0,           0,         729,      -2.736916291,     -0.2568083176,    -0.02344869068,       2.741196013
          0,           0,         730,      -2.736916259,      -0.256808282,    -0.02344865724,       2.741196045
          0,           0,         731,      -2.736916227,     -0.2568082465,    -0.02344862392,       2.741196078
          0,           0,         732,      -2.736916194,     -0.2568082111,    -0.02344859074,        2.74119611
          0,           0,         733,      -2.736916162,     -0.2568081758,    -0.02344855772,       2.741196143
          0,           0,         734,      -2.736916129,     -0.2568081406,    -0.02344852488,       2.741196176
          0,           0,         735,      -2.736916096,     -0.2568081056,    -0.02344849227,       2.741196209
          0,           0,         736,      -2.736916062,     -0.2568080708,    -0.02344845989,       2.741196242
          0,           0,         737,      -2.736916029,     -0.2568080362,    -0.02344842777,       2.741196276
          0,           0,         738,      -2.736915996,     -0.2568080018,    -0.02344839595,       2.741196309
          0,           0,         739,      -2.736915963,     -0.2568079677,    -0.02344836444,       2.741196342
          0,           0,         740,      -2.736915931,     -0.2568079339,    -0.02344833328,       2.741196374
          0,           0,         741,      -2.736915898,     -0.2568079004,    -0.02344830247,       2.741196407
          0,           0,         742,      -2.736915866,     -0.2568078672,    -0.02344827206,       2.741196439
          0,           0,         743,      -2.736915834,     -0.2568078344,    -0.02344824205,       2.741196471
          0,           0,         744,      -2.736915802,     -0.2568078019,    -0.02344821247,       2.741196503
          0,           0,         745,      -2.736915771,     -0.2568077699,    -0.02344818335,       2.741196534
          0,           0,         746,       -2.73691574,     -0.2568077383,    -0.02344815469,       2.741196565
          0,           0,         747,      -2.736915709,     -0.2568077072,    -0.02344812651,       2.741196596
          0,           0,         748,      -2.736915679,     -0.2568076765,    -0.02344809884,       2.741196626
          0,           0,         749,       -2.73691565,     -0.2568076463,    -0.02344807168,       2.741196655
          0,           0,         750,      -2.736915621,     -0.2568076165,    -0.02344804504,       2.741196684
          0,           0,         751,      -2.736915593,     -0.2568075873,    -0.02344801895,       2.741196712
          0,           0,         752,      -2.736915566,     -0.2568075587,     -0.0234479934,       2.741196739
          0,           0,         753,      -2.736915539,     -0.2568075305,     -0.0234479684,       2.741196766
          0,           0,         754,      -2.736915513,      -0.256807503,    -0.02344794397,       2.741196793
          0,           0,         755,      -2.736915487,     -0.2568074759,    -0.02344792011,       2.741196818
          0,           0,         756,      -2.736915462,     -0.2568074495,    -0.02344789681,       2.741196843
          0,           0,         757,      -2.736915438,     -0.2568074236,    -0.02344787409,       2.741196867
          0,           0,         758,      -2.736915415,     -0.2568073983,    -0.02344785194,       2.741196891
          0,           0,         759,      -2.736915392,     -0.2568073737,    -0.02344783036,       2.741196913
          0,           0,         760,       -2.73691537,     -0.2568073496,    -0.02344780936,       2.741196935
          0,           0,         761,      -2.736915349,     -0.2568073261,    -0.02344778892,       2.741196957
          0,           0,         762,      -2.736915328,     -0.2568073032,    -0.02344776904,       2.741196977
          0,           0,         763,      -2.736915308,     -0.2568072809,    -0.02344774973,       2.741196997
          0,           0,         764,      -2.736915289,     -0.2568072591,    -0.02344773097,       2.741197016
          0,           0,         765,      -2.736915271,      -0.256807238,    -0.02344771275,       2.741197034
          0,           0,         766,      -2.736915253,     -0.2568072175,    -0.02344769507,       2.741197052
          0,           0,         767,      -2.736915236,     -0.2568071976,    -0.02344767792,       2.741197069
          0,           0,         768,       -2.73691522,     -0.2568071783,    -0.02344766128,       2.741197085
          0,           0,         769,      -2.736915204,     -0.2568071595,    -0.02344764516,       2.741197101
          0,           0,         770,      -2.736915189,     -0.2568071414,    -0.02344762954,       2.741197116
          0,           0,         771,      -2.736915175,     -0.2568071238,    -0.02344761441,        2.74119713
          0,           0,         772,      -2.736915161,     -0.2568071067,    -0.02344759975,       2.741197144
          0,           0,         773,      -2.736915148,     -0.2568070902,    -0.02344758556,       2.741197157
          0,           0,         774,      -2.736915136,     -0.2568070743,    -0.02344757182,       2.741197169
          0,           0,         775,      -2.736915124,     -0.2568070589,    -0.02344755852,       2.741197181
          0,           0,         776,      -2.736915113,      -0.256807044,    -0.02344754566,       2.741197193
          0,           0,         777,      -2.736915102,     -0.2568070297,    -0.02344753321,       2.741197203
          0,           0,         778,      -2.736915091,     -0.2568070158,    -0.02344752116,       2.741197214
          0,           0,         779,      -2.736915082,     -0.2568070024,    -0.02344750951,       2.741197224
          0,           0,         780,      -2.736915072,     -0.2568069896,    -0.02344749824,       2.741197233
          0,           0,         781,      -2.736915063,     -0.2568069772,    -0.02344748734,       2.741197242
          0,           0,         782,      -2.736915055,     -0.2568069652,     -0.0234474768,        2.74119725
          0,           0,         783,      -2.736915047,     -0.2568069537,     -0.0234474666,       2.741197258
          0,           0,         784,      -2.736915039,     -0.2568069427,    -0.02344745674,       2.741197266
          0,           0,         785,      -2.736915032,      -0.256806932,     -0.0234474472,       2.741197273
          0,           0,         786,      -2.736915025,     -0.2568069218,    -0.02344743798,        2.74119728
          0,           0,         787,      -2.736915018,      -0.256806912,    -0.02344742905,       2.741197287
          0,           0,         788,      -2.736915012,     -0.2568069025,    -0.02344742042,       2.741197293
          0,           0,         789,      -2.736915006,     -0.2568068935,    -0.02344741207,       2.741197299
          0,           0,         790,      -2.736915001,     -0.2568068847,    -0.02344740399,       2.741197305
          0,           0,         791,      -2.736914995,     -0.2568068764,    -0.02344739618,        2.74119731
          0,           0,         792,       -2.73691499,     -0.2568068684,    -0.02344738861,       2.741197315
          0,           0,         793,      -2.736914985,     -0.2568068607,     -0.0234473813,        2.74119732
          0,           0,         794,      -2.736914981,     -0.2568068533,    -0.02344737422,       2.741197325
          0,           0,         795,      -2.736914976,     -0.2568068462,    -0.02344736737,       2.741197329
          0,           0,         796,      -2.736914972,     -0.2568068394,    -0.02344736074,       2.741197333
          0,           0,         797,      -2.736914968,     -0.2568068328,    -0.02344735432,       2.741197338
          0,           0,         798,      -2.736914964,     -0.2568068265,    -0.02344734811,       2.741197341
          0,           0,         799,       -2.73691496,     -0.2568068205,     -0.0234473421,       2.741197345
          0,           0,         800,      -2.736914957,     -0.2568068147,    -0.02344733627,       2.741197349
          0,           0,         801,      -2.736914953,     -0.2568068092,    -0.02344733064,       2.741197352
          0,           0,         802,       -2.73691495,     -0.2568068038,    -0.02344732518,       2.741197355
          0,           0,         803,      -2.736914947,     -0.2568067987,     -0.0234473199,       2.741197359
          0,           0,         804,      -2.736914944,     -0.2568067938,    -0.02344731478,       2.741197362
          0,           0,         805,      -2.736914941,      -0.256806789,    -0.02344730983,       2.741197365
          0,           0,         806,      -2.736914938,     -0.2568067844,    -0.02344730503,       2.741197367
          0,           0,         807,      -2.736914936,       -0.25680678,    -0.02344730038,        2.74119737
          0,           0,         808,      -2.736914933,     -0.2568067757,    -0.02344729587,       2.741197373
          0,           0,         809,       -2.73691493,     -0.2568067716,    -0.02344729151,       2.741197375
          0,           0,         810,      -2.736914928,     -0.2568067677,    -0.02344728727,       2.741197378
          0,           0,         811,      -2.736914925,     -0.2568067638,    -0.02344728317,        2.74119738
          0,           0,         812,      -2.736914923,     -0.2568067601,    -0.02344727919,       2.741197383
          0,           0,         813,      -2.736914921,     -0.2568067564,    -0.02344727533,       2.741197385
          0,           0,         814,      -2.736914919,     -0.2568067529,    -0.02344727158,       2.741197387
          0,           0,         815,      -2.736914916,     -0.2568067495,    -0.02344726795,        2.74119739
          0,           0,         816,      -2.736914914,     -0.2568067462,    -0.02344726442,       2.741197392
          0,           0,         817,      -2.736914912,     -0.2568067429,    -0.02344726098,       2.741197394
          0,           0,         818,       -2.73691491,     -0.2568067398,    -0.02344725765,       2.741197396
          0,           0,         819,      -2.736914908,     -0.2568067366,     -0.0234472544,       2.741197398
          0,           0,         820,      -2.736914906,     -0.2568067336,    -0.02344725124,         2.7411974
          0,           0,         821,      -2.736914904,     -0.2568067306,    -0.02344724817,       2.741197402
          0,           0,         822,      -2.736914902,     -0.2568067277,    -0.02344724517,       2.741197404
          0,           0,         823,        -2.7369149,     -0.2568067248,    -0.02344724224,       2.741197406
          0,           0,         824,      -2.736914898,     -0.2568067219,    -0.02344723938,       2.741197408
          0,           0,         825,      -2.736914896,     -0.2568067191,    -0.02344723659,        2.74119741
          0,           0,         826,      -2.736914894,     -0.2568067164,    -0.02344723386,       2.741197412
          0,           0,         827,      -2.736914892,     -0.2568067136,    -0.02344723119,       2.741197414
          0,           0,         828,       -2.73691489,     -0.2568067109,    -0.02344722857,       2.741197416
          0,           0,         829,      -2.736914888,     -0.2568067082,      -0.023447226,       2.741197418
          0,           0,         830,      -2.736914886,     -0.2568067055,    -0.02344722348,        2.74119742
          0,           0,         831,      -2.736914884,     -0.2568067028,      -0.023447221,       2.741197422
          0,           0,         832,      -2.736914882,     -0.2568067002,    -0.02344721856,       2.741197424
          0,           0,         833,       -2.73691488,     -0.2568066976,    -0.02344721615,       2.741197426
          0,           0,         834,      -2.736914878,     -0.2568066949,    -0.02344721378,       2.741197428
          0,           0,         835,      -2.736914876,     -0.2568066923,    -0.02344721144,        2.74119743
          0,           0,         836,      -2.736914874,     -0.2568066897,    -0.02344720912,       2.741197432
          0,           0,         837,      -2.736914872,     -0.2568066871,    -0.02344720683,       2.741197434
          0,           0,         838,       -2.73691487,     -0.2568066845,    -0.02344720456,       2.741197436
          0,           0,         839,      -2.736914868,     -0.2568066819,    -0.02344720231,       2.741197438
          0,           0,         840,      -2.736914866,     -0.2568066793,    -0.02344720008,        2.74119744
          0,           0,         841,      -2.736914864,     -0.2568066767,    -0.02344719787,       2.741197442
          0,           0,         842,      -2.736914862,     -0.2568066742,    -0.02344719567,       2.741197444
          0,           0,         843,       -2.73691486,     -0.2568066716,    -0.02344719348,       2.741197446
          0,           0,         844,      -2.736914858,      -0.256806669,     -0.0234471913,       2.741197448
          0,           0,         845,      -2.736914856,     -0.2568066664,    -0.02344718913,        2.74119745
          0,           0,         846,      -2.736914854,     -0.2568066639,    -0.02344718698,       2.741197452
          0,           0,         847,      -2.736914852,     -0.2568066613,    -0.02344718483,       2.741197454
          0,           0,         848,       -2.73691485,     -0.2568066588,    -0.02344718268,       2.741197456
          0,           0,         849,      -2.736914848,     -0.2568066563,    -0.02344718055,       2.741197458
          0,           0,         850,      -2.736914846,     -0.2568066537,    -0.02344717842,       2.741197461
          0,           0,         851,      -2.736914843,     -0.2568066512,     -0.0234471763,       2.741197463
          0,           0,         852,      -2.736914841,     -0.2568066487,    -0.02344717418,       2.741197465
          0,           0,         853,      -2.736914839,     -0.2568066462,    -0.02344717207,       2.741197467
          0,           0,         854,      -2.736914837,     -0.2568066438,    -0.02344716997,       2.741197469
          0,           0,         855,      -2.736914835,     -0.2568066413,    -0.02344716788,       2.741197471
          0,           0,         856,      -2.736914833,     -0.2568066389,    -0.02344716579,       2.741197473
          0,           0,         857,      -2.736914831,     -0.2568066365,    -0.02344716371,       2.741197476
          0,           0,         858,      -2.736914829,     -0.2568066341,    -0.02344716165,       2.741197478
          0,           0,         859,      -2.736914826,     -0.2568066317,    -0.02344715959,        2.74119748
          0,           0,         860,      -2.736914824,     -0.2568066294,    -0.02344715755,       2.741197482
          0,           0,         861,      -2.736914822,     -0.2568066271,    -0.02344715552,       2.741197484
          0,           0,         862,       -2.73691482,     -0.2568066248,     -0.0234471535,       2.741197486
          0,           0,         863,      -2.736914818,     -0.2568066225,    -0.02344715151,       2.741197488
          0,           0,         864,      -2.736914816,     -0.2568066203,    -0.02344714952,        2.74119749
          0,           0,         865,      -2.736914814,     -0.2568066181,    -0.02344714756,       2.741197492
          0,           0,         866,      -2.736914812,      -0.256806616,    -0.02344714561,       2.741197494
          0,           0,         867,       -2.73691481,     -0.2568066139,    -0.02344714369,       2.741197496
          0,           0,         868,      -2.736914808,     -0.2568066118,    -0.02344714179,       2.741197498
          0,           0,         869,      -2.736914806,     -0.2568066098,    -0.02344713992,         2.7411975
          0,           0,         870,      -2.736914804,     -0.2568066077,    -0.02344713807,       2.741197502
          0,           0,         871,      -2.736914803,     -0.2568066058,    -0.02344713624,       2.741197504
          0,           0,         872,      -2.736914801,     -0.2568066039,    -0.02344713445,       2.741197505
          0,           0,         873,      -2.736914799,      -0.256806602,    -0.02344713268,       2.741197507
          0,           0,         874,      -2.736914797,     -0.2568066002,    -0.02344713095,       2.741197509
          0,           0,         875,      -2.736914796,     -0.2568065984,    -0.02344712924,       2.741197511
          0,           0,         876,      -2.736914794,     -0.2568065966,    -0.02344712757,       2.741197512
          0,           0,         877,      -2.736914792,     -0.2568065949,    -0.02344712594,       2.741197514
          0,           0,         878,      -2.736914791,     -0.2568065933,    -0.02344712434,       2.741197515
          0,           0,         879,      -2.736914789,     -0.2568065917,    -0.02344712278,       2.741197517
          0,           0,         880,      -2.736914788,     -0.2568065901,    -0.02344712125,       2.741197518
          0,           0,         881,      -2.736914786,     -0.2568065886,    -0.02344711976,        2.74119752
          0,           0,         882,      -2.736914785,     -0.2568065871,    -0.02344711831,       2.741197521
          0,           0,         883,      -2.736914784,     -0.2568065857,     -0.0234471169,       2.741197522
          0,           0,         884,      -2.736914782,     -0.2568065843,    -0.02344711552,       2.741197524
          0,           0,         885,      -2.736914781,     -0.2568065829,    -0.02344711419,       2.741197525
          0,           0,         886,       -2.73691478,     -0.2568065816,     -0.0234471129,       2.741197526
          0,           0,         887,      -2.736914779,     -0.2568065804,    -0.02344711164,       2.741197527
          0,           0,         888,      -2.736914778,     -0.2568065791,    -0.02344711043,       2.741197528
          0,           0,         889,      -2.736914777,      -0.256806578,    -0.02344710925,       2.741197529
          0,           0,         890,      -2.736914776,     -0.2568065768,    -0.02344710812,        2.74119753
          0,           0,         891,      -2.736914775,     -0.2568065757,    -0.02344710702,       2.741197531
          0,           0,         892,      -2.736914774,     -0.2568065747,    -0.02344710596,       2.741197532
          0,           0,         893,      -2.736914773,     -0.2568065737,    -0.02344710494,       2.741197533
          0,           0,         894,      -2.736914772,     -0.2568065727,    -0.02344710396,       2.741197534
          0,           0,         895,      -2.736914771,     -0.2568065717,    -0.02344710301,       2.741197535
          0,           0,         896,      -2.736914771,     -0.2568065708,     -0.0234471021,       2.741197536
          0,           0,         897,       -2.73691477,       -0.25680657,    -0.02344710123,       2.741197536
          0,           0,         898,      -2.736914769,     -0.2568065691,    -0.02344710039,       2.741197537
          0,           0,         899,      -2.736914769,     -0.2568065683,    -0.02344709958,       2.741197538
          0,           0,         900,      -2.736914768,     -0.2568065675,     -0.0234470988,       2.741197538
          0,           0,         901,      -2.736914767,     -0.2568065668,    -0.02344709806,       2.741197539
          0,           0,         902,      -2.736914767,      -0.256806566,    -0.02344709735,       2.741197539
          0,           0,         903,      -2.736914766,     -0.2568065653,    -0.02344709666,        2.74119754
          0,           0,         904,      -2.736914766,     -0.2568065647,    -0.02344709601,        2.74119754
          0,           0,         905,      -2.736914765,      -0.256806564,    -0.02344709538,       2.741197541
          0,           0,         906,      -2.736914765,     -0.2568065634,    -0.02344709477,       2.741197541
          0,           0,         907,      -2.736914765,     -0.2568065628,    -0.02344709419,       2.741197542
          0,           0,         908,      -2.736914764,     -0.2568065622,    -0.02344709363,       2.741197542
          0,           0,         909,      -2.736914764,     -0.2568065616,     -0.0234470931,       2.741197542
          0,           0,         910,      -2.736914764,      -0.256806561,    -0.02344709258,       2.741197543
          0,           0,         911,      -2.736914763,     -0.2568065605,    -0.02344709208,       2.741197543
          0,           0,         912,      -2.736914763,       -0.25680656,     -0.0234470916,       2.741197543
          0,           0,         913,      -2.736914763,     -0.2568065595,    -0.02344709114,       2.741197544
          0,           0,         914,      -2.736914762,      -0.256806559,     -0.0234470907,       2.741197544
          0,           0,         915,      -2.736914762,     -0.2568065585,    -0.02344709026,       2.741197544
          0,           0,         916,      -2.736914762,      -0.256806558,    -0.02344708985,       2.741197544
          0,           0,         917,      -2.736914762,     -0.2568065575,    -0.02344708944,       2.741197545
          0,           0,         918,      -2.736914761,     -0.2568065571,    -0.02344708904,       2.741197545
          0,           0,         919,      -2.736914761,     -0.2568065567,    -0.02344708866,       2.741197545
          0,           0,         920,      -2.736914761,     -0.2568065562,    -0.02344708828,       2.741197545
          0,           0,         921,      -2.736914761,     -0.2568065558,    -0.02344708792,       2.741197546
          0,           0,         922,       -2.73691476,     -0.2568065554,    -0.02344708756,       2.741197546
          0,           0,         923,       -2.73691476,      -0.256806555,     -0.0234470872,       2.741197546
          0,           0,         924,       -2.73691476,     -0.2568065545,    -0.02344708686,       2.741197546
          0,           0,         925,       -2.73691476,     -0.2568065541,    -0.02344708652,       2.741197547
          0,           0,         926,      -2.736914759,     -0.2568065537,    -0.02344708618,       2.741197547
          0,           0,         927,      -2.736914759,     -0.2568065533,    -0.02344708585,       2.741197547
          0,           0,         928,      -2.736914759,      -0.256806553,    -0.02344708552,       2.741197547
          0,           0,         929,      -2.736914759,     -0.2568065526,    -0.02344708519,       2.741197548
          0,           0,         930,      -2.736914758,     -0.2568065522,    -0.02344708487,       2.741197548
          0,           0,         931,      -2.736914758,     -0.2568065518,    -0.02344708455,       2.741197548
          0,           0,         932,      -2.736914758,     -0.2568065514,    -0.02344708423,       2.741197548
          0,           0,         933,      -2.736914758,     -0.2568065511,    -0.02344708391,       2.741197549
          0,           0,         934,      -2.736914757,     -0.2568065507,     -0.0234470836,       2.741197549
          0,           0,         935,      -2.736914757,     -0.2568065503,    -0.02344708328,       2.741197549
          0,           0,         936,      -2.736914757,       -0.25680655,    -0.02344708297,       2.741197549
          0,           0,         937,      -2.736914757,     -0.2568065496,    -0.02344708266,        2.74119755
          0,           0,         938,      -2.736914756,     -0.2568065492,    -0.02344708235,        2.74119755
          0,           0,         939,      -2.736914756,     -0.2568065489,    -0.02344708204,        2.74119755
          0,           0,         940,      -2.736914756,     -0.2568065485,    -0.02344708173,        2.74119755
          0,           0,         941,      -2.736914756,     -0.2568065482,    -0.02344708143,       2.741197551
          0,           0,         942,      -2.736914755,     -0.2568065478,    -0.02344708112,       2.741197551
          0,           0,         943,      -2.736914755,     -0.2568065475,    -0.02344708082,       2.741197551
          0,           0,         944,      -2.736914755,     -0.2568065471,    -0.02344708051,       2.741197552
          0,           0,         945,      -2.736914754,     -0.2568065468,    -0.02344708021,       2.741197552
          0,           0,         946,      -2.736914754,     -0.2568065465,    -0.02344707992,       2.741197552
          0,           0,         947,      -2.736914754,     -0.2568065461,    -0.02344707962,       2.741197553
          0,           0,         948,      -2.736914753,     -0.2568065458,    -0.02344707932,       2.741197553
          0,           0,         949,      -2.736914753,     -0.2568065455,    -0.02344707903,       2.741197553
          0,           0,         950,      -2.736914753,     -0.2568065452,    -0.02344707874,       2.741197553
          0,           0,         951,      -2.736914753,     -0.2568065448,    -0.02344707846,       2.741197554
          0,           0,         952,      -2.736914752,     -0.2568065445,    -0.02344707817,       2.741197554
          0,           0,         953,      -2.736914752,     -0.2568065442,    -0.02344707789,       2.741197554
          0,           0,         954,      -2.736914752,     -0.2568065439,    -0.02344707762,       2.741197555
          0,           0,         955,      -2.736914751,     -0.2568065436,    -0.02344707734,       2.741197555
          0,           0,         956,      -2.736914751,     -0.2568065433,    -0.02344707707,       2.741197555
          0,           0,         957,      -2.736914751,      -0.256806543,    -0.02344707681,       2.741197555
          0,           0,         958,      -2.736914751,     -0.2568065428,    -0.02344707655,       2.741197556
          0,           0,         959,       -2.73691475,     -0.2568065425,    -0.02344707629,       2.741197556
          0,           0,         960,       -2.73691475,     -0.2568065422,    -0.02344707604,       2.741197556
          0,           0,         961,       -2.73691475,     -0.2568065419,    -0.02344707579,       2.741197556
          0,           0,         962,       -2.73691475,     -0.2568065417,    -0.02344707555,       2.741197557
          0,           0,         963,      -2.736914749,     -0.2568065414,    -0.02344707531,       2.741197557
          0,           0,         964,      -2.736914749,     -0.2568065412,    -0.02344707508,       2.741197557
          0,           0,         965,      -2.736914749,     -0.2568065409,    -0.02344707485,       2.741197557
          0,           0,         966,      -2.736914749,     -0.2568065407,    -0.02344707463,       2.741197558
          0,           0,         967,      -2.736914748,     -0.2568065405,    -0.02344707442,       2.741197558
          0,           0,         968,      -2.736914748,     -0.2568065402,    -0.02344707421,       2.741197558
          0,           0,         969,      -2.736914748,       -0.25680654,      -0.023447074,       2.741197558
          0,           0,         970,      -2.736914748,     -0.2568065398,     -0.0234470738,       2.741197559
          0,           0,         971,      -2.736914748,     -0.2568065396,    -0.02344707361,       2.741197559
          0,           0,         972,      -2.736914747,     -0.2568065394,    -0.02344707342,       2.741197559
          0,           0,         973,      -2.736914747,     -0.2568065392,    -0.02344707323,       2.741197559
          0,           0,         974,      -2.736914747,      -0.256806539,    -0.02344707305,       2.741197559
          0,           0,         975,      -2.736914747,     -0.2568065388,    -0.02344707288,       2.741197559
          0,           0,         976,      -2.736914747,     -0.2568065386,    -0.02344707271,        2.74119756
          0,           0,         977,      -2.736914747,     -0.2568065384,    -0.02344707255,        2.74119756
          0,           0,         978,      -2.736914746,     -0.2568065383,    -0.02344707239,        2.74119756
          0,           0,         979,      -2.736914746,     -0.2568065381,    -0.02344707224,        2.74119756
          0,           0,         980,      -2.736914746,     -0.2568065379,    -0.02344707209,        2.74119756
          0,           0,         981,      -2.736914746,     -0.2568065378,    -0.02344707195,        2.74119756
          0,           0,         982,      -2.736914746,     -0.2568065376,    -0.02344707181,        2.74119756
          0,           0,         983,      -2.736914746,     -0.2568065375,    -0.02344707168,       2.741197561
          0,           0,         984,      -2.736914746,     -0.2568065373,    -0.02344707155,       2.741197561
          0,           0,         985,      -2.736914746,     -0.2568065372,    -0.02344707143,       2.741197561
          0,           0,         986,      -2.736914745,     -0.2568065371,    -0.02344707131,       2.741197561
          0,           0,         987,      -2.736914745,     -0.2568065369,    -0.02344707119,       2.741197561
          0,           0,         988,      -2.736914745,     -0.2568065368,    -0.02344707108,       2.741197561
          0,           0,         989,      -2.736914745,     -0.2568065367,    -0.02344707097,       2.741197561
          0,           0,         990,      -2.736914745,     -0.2568065366,    -0.02344707086,       2.741197561
          0,           0,         991,      -2.736914745,     -0.2568065364,    -0.02344707076,       2.741197561
          0,           0,         992,      -2.736914745,     -0.2568065363,    -0.02344707066,       2.741197561
          0,           0,         993,      -2.736914745,     -0.2568065362,    -0.02344707057,       2.741197561
          0,           0,         994,      -2.736914745,     -0.2568065361,    -0.02344707047,       2.741197562
          0,           0,         995,      -2.736914745,      -0.256806536,    -0.02344707039,       2.741197562
          0,           0,         996,      -2.736914745,     -0.2568065359,     -0.0234470703,       2.741197562
          0,           0,         997,      -2.736914745,     -0.2568065358,    -0.02344707022,       2.741197562
          0,           0,         998,      -2.736914744,     -0.2568065357,    -0.02344707014,       2.741197562
          0,           0,         999,      -2.736914744,     -0.2568065357,    -0.02344707006,       2.741197562
          0,           0,        1000,      -2.736914744,     -0.2568065356,    -0.02344706998,       2.741197562
          0,           0,        1001,      -2.736914744,     -0.2568065355,    -0.02344706991,       2.741197562
          0,           0,        1002,      -2.736914744,     -0.2568065354,    -0.02344706983,       2.741197562
          0,           0,        1003,      -2.736914744,     -0.2568065353,    -0.02344706977,       2.741197562
          0,           0,        1004,      -2.736914744,     -0.2568065353,     -0.0234470697,       2.741197562
          0,           0,        1005,      -2.736914744,     -0.2568065352,    -0.02344706963,       2.741197562
          0,           0,        1006,      -2.736914744,     -0.2568065351,    -0.02344706957,       2.741197562
          0,           0,        1007,      -2.736914744,     -0.2568065351,    -0.02344706951,       2.741197562
          0,           0,        1008,      -2.736914744,      -0.256806535,    -0.02344706944,       2.741197562
          0,           0,        1009,      -2.736914744,     -0.2568065349,    -0.02344706939,       2.741197562
          0,           0,        1010,      -2.736914744,     -0.2568065349,    -0.02344706933,       2.741197562
          0,           0,        1011,      -2.736914744,     -0.2568065348,    -0.02344706927,       2.741197562
          0,           0,        1012,      -2.736914744,     -0.2568065348,    -0.02344706922,       2.741197562
          0,           0,        1013,      -2.736914744,     -0.2568065347,    -0.02344706916,       2.741197562
          0,           0,        1014,      -2.736914744,     -0.2568065346,    -0.02344706911,       2.741197563
          0,           0,        1015,      -2.736914744,     -0.2568065346,    -0.02344706906,       2.741197563
          0,           0,        1016,      -2.736914744,     -0.2568065345,    -0.02344706901,       2.741197563
          0,           0,        1017,      -2.736914744,     -0.2568065345,    -0.02344706896,       2.741197563
          0,           0,        1018,      -2.736914744,     -0.2568065344,    -0.02344706892,       2.741197563
          0,           0,        1019,      -2.736914744,     -0.2568065344,    -0.02344706887,       2.741197563
          0,           0,        1020,      -2.736914744,     -0.2568065343,    -0.02344706883,       2.741197563
          0,           0,        1021,      -2.736914744,     -0.2568065343,    -0.02344706878,       2.741197563
          0,           0,        1022,      -2.736914744,     -0.2568065343,    -0.02344706874,       2.741197563
          0,           0,        1023,      -2.736914743,     -0.2568065342,     -0.0234470687,       2.741197563
          0,           0,        1024,      -2.736914743,     -0.2568065342,    -0.02344706866,       2.741197563
          0,           0,        1025,      -2.736914743,     -0.2568065341,    -0.02344706862,       2.741197563
          0,           0,        1026,      -2.736914743,     -0.2568065341,    -0.02344706858,       2.741197563
          0,           0,        1027,      -2.736914743,     -0.2568065341,    -0.02344706854,       2.741197563
          0,           0,        1028,      -2.736914743,      -0.256806534,    -0.02344706851,       2.741197563
          0,           0,        1029,      -2.736914743,      -0.256806534,    -0.02344706847,       2.741197563
          0,           0,        1030,      -2.736914743,      -0.256806534,    -0.02344706844,       2.741197563
          0,           0,        1031,      -2.736914743,     -0.2568065339,     -0.0234470684,       2.741197563
          0,           0,        1032,      -2.736914743,     -0.2568065339,    -0.02344706837,       2.741197563
          0,           0,        1033,      -2.736914743,     -0.2568065339,    -0.02344706834,       2.741197563
          0,           0,        1034,      -2.736914743,     -0.2568065338,    -0.02344706831,       2.741197563
          0,           0,        1035,      -2.736914743,     -0.2568065338,    -0.02344706828,       2.741197563
          0,           0,        1036,      -2.736914743,     -0.2568065338,    -0.02344706825,       2.741197563
          0,           0,        1037,      -2.736914743,     -0.2568065337,    -0.02344706822,       2.741197563
          0,           0,        1038,      -2.736914743,     -0.2568065337,    -0.02344706819,       2.741197563
          0,           0,        1039,      -2.736914743,     -0.2568065337,    -0.02344706816,       2.741197563
          0,           0,        1040,      -2.736914743,     -0.2568065336,    -0.02344706813,       2.741197563
          0,           0,        1041,      -2.736914743,     -0.2568065336,    -0.02344706811,       2.741197563
          0,           0,        1042,      -2.736914743,     -0.2568065336,    -0.02344706808,       2.741197563
          0,           0,        1043,      -2.736914743,     -0.2568065336,    -0.02344706806,       2.741197563
          0,           0,        1044,      -2.736914743,     -0.2568065335,    -0.02344706803,       2.741197563
          0,           0,        1045,      -2.736914743,     -0.2568065335,    -0.02344706801,       2.741197563
          0,           0,        1046,      -2.736914743,     -0.2568065335,    -0.02344706799,       2.741197563
          0,           0,        1047,      -2.736914743,     -0.2568065335,    -0.02344706796,       2.741197563
          0,           0,        1048,      -2.736914743,     -0.2568065334,    -0.02344706794,       2.741197563
          0,           0,        1049,      -2.736914743,     -0.2568065334,    -0.02344706792,       2.741197563
          0,           0,        1050,      -2.736914743,     -0.2568065334,     -0.0234470679,       2.741197563
          0,           0,        1051,      -2.736914743,     -0.2568065334,    -0.02344706788,       2.741197563
          0,           0,        1052,      -2.736914743,     -0.2568065333,    -0.02344706786,       2.741197564
          0,           0,        1053,      -2.736914743,     -0.2568065333,    -0.02344706784,       2.741197564
          0,           0,        1054,      -2.736914743,     -0.2568065333,    -0.02344706782,       2.741197564
          0,           0,        1055,      -2.736914743,     -0.2568065333,     -0.0234470678,       2.741197564
          0,           0,        1056,      -2.736914743,     -0.2568065333,    -0.02344706778,       2.741197564
          0,           0,        1057,      -2.736914743,     -0.2568065332,    -0.02344706776,       2.741197564
          0,           0,        1058,      -2.736914743,     -0.2568065332,    -0.02344706774,       2.741197564
          0,           0,        1059,      -2.736914743,     -0.2568065332,    -0.02344706772,       2.741197564
          0,           0,        1060,      -2.736914743,     -0.2568065332,     -0.0234470677,       2.741197564
          0,           0,        1061,      -2.736914743,     -0.2568065331,    -0.02344706768,       2.741197564
          0,           0,        1062,      -2.736914743,     -0.2568065331,    -0.02344706767,       2.741197564
          0,           0,        1063,      -2.736914743,     -0.2568065331,    -0.02344706765,       2.741197564
          0,           0,        1064,      -2.736914743,     -0.2568065331,    -0.02344706763,       2.741197564
          0,           0,        1065,      -2.736914743,     -0.2568065331,    -0.02344706761,       2.741197564
          0,           0,        1066,      -2.736914743,      -0.256806533,    -0.02344706759,       2.741197564
          0,           0,        1067,      -2.736914743,      -0.256806533,    -0.02344706758,       2.741197564
          0,           0,        1068,      -2.736914743,      -0.256806533,    -0.02344706756,       2.741197564
          0,           0,        1069,      -2.736914743,      -0.256806533,    -0.02344706754,       2.741197564
          0,           0,        1070,      -2.736914742,      -0.256806533,    -0.02344706752,       2.741197564
          0,           0,        1071,      -2.736914742,     -0.2568065329,    -0.02344706751,       2.741197564
          0,           0,        1072,      -2.736914742,     -0.2568065329,    -0.02344706749,       2.741197564
          0,           0,        1073,      -2.736914742,     -0.2568065329,    -0.02344706747,       2.741197564
          0,           0,        1074,      -2.736914742,     -0.2568065329,    -0.02344706746,       2.741197564
          0,           0,        1075,      -2.736914742,     -0.2568065329,    -0.02344706744,       2.741197564
          0,           0,        1076,      -2.736914742,     -0.2568065328,    -0.02344706742,       2.741197564
          0,           0,        1077,      -2.736914742,     -0.2568065328,    -0.02344706741,       2.741197564
          0,           0,        1078,      -2.736914742,     -0.2568065328,    -0.02344706739,       2.741197564
          0,           0,        1079,      -2.736914742,     -0.2568065328,    -0.02344706737,       2.741197564
          0,           0,        1080,      -2.736914742,     -0.2568065328,    -0.02344706736,       2.741197564
          0,           0,        1081,      -2.736914742,     -0.2568065328,    -0.02344706734,       2.741197564
          0,           0,        1082,      -2.736914742,     -0.2568065327,    -0.02344706732,       2.741197564
          0,           0,        1083,      -2.736914742,     -0.2568065327,    -0.02344706731,       2.741197564
          0,           0,        1084,      -2.736914742,     -0.2568065327,    -0.02344706729,       2.741197564
          0,           0,        1085,      -2.736914742,     -0.2568065327,    -0.02344706727,       2.741197564
          0,           0,        1086,      -2.736914742,     -0.2568065327,    -0.02344706726,       2.741197564
          0,           0,        1087,      -2.736914742,     -0.2568065326,    -0.02344706724,       2.741197564
          0,           0,        1088,      -2.736914742,     -0.2568065326,    -0.02344706723,       2.741197564
          0,           0,        1089,      -2.736914742,     -0.2568065326,    -0.02344706721,       2.741197564
          0,           0,        1090,      -2.736914742,     -0.2568065326,     -0.0234470672,       2.741197564
          0,           0,        1091,      -2.736914742,     -0.2568065326,    -0.02344706718,       2.741197564
          0,           0,        1092,      -2.736914742,     -0.2568065326,    -0.02344706717,       2.741197564
          0,           0,        1093,      -2.736914742,     -0.2568065326,    -0.02344706716,       2.741197564
          0,           0,        1094,      -2.736914742,     -0.2568065325,    -0.02344706714,       2.741197564
          0,           0,        1095,      -2.736914742,     -0.2568065325,    -0.02344706713,       2.741197564
          0,           0,        1096,      -2.736914742,     -0.2568065325,    -0.02344706711,       2.741197564
          0,           0,        1097,      -2.736914742,     -0.2568065325,     -0.0234470671,       2.741197564
          0,           0,        1098,      -2.736914742,     -0.2568065325,    -0.02344706709,       2.741197564
          0,           0,        1099,      -2.736914742,     -0.2568065325,    -0.02344706708,       2.741197564
          0,           0,        1100,      -2.736914742,     -0.2568065325,    -0.02344706706,       2.741197564
          0,           0,        1101,      -2.736914742,     -0.2568065325,    -0.02344706705,       2.741197564
          0,           0,        1102,      -2.736914742,     -0.2568065324,    -0.02344706704,       2.741197564
          0,           0,        1103,      -2.736914742,     -0.2568065324,    -0.02344706703,       2.741197564
          0,           0,        1104,      -2.736914742,     -0.2568065324,    -0.02344706702,       2.741197564
          0,           0,        1105,      -2.736914742,     -0.2568065324,    -0.02344706701,       2.741197564
          0,           0,        1106,      -2.736914742,     -0.2568065324,      -0.023447067,       2.741197564
          0,           0,        1107,      -2.736914742,     -0.2568065324,    -0.02344706699,       2.741197564
          0,           0,        1108,      -2.736914742,     -0.2568065324,    -0.02344706698,       2.741197564
          0,           0,        1109,      -2.736914742,     -0.2568065324,    -0.02344706697,       2.741197564
          0,           0,        1110,      -2.736914742,     -0.2568065324,    -0.02344706696,       2.741197564
          0,           0,        1111,      -2.736914742,     -0.2568065323,    -0.02344706695,       2.741197564
          0,           0,        1112,      -2.736914742,     -0.2568065323,    -0.02344706694,       2.741197564
          0,           0,        1113,      -2.736914742,     -0.2568065323,    -0.02344706693,       2.741197564
          0,           0,        1114,      -2.736914742,     -0.2568065323,    -0.02344706693,       2.741197564
          0,           0,        1115,      -2.736914742,     -0.2568065323,    -0.02344706692,       2.741197564
          0,           0,        1116,      -2.736914742,     -0.2568065323,    -0.02344706691,       2.741197564
          0,           0,        1117,      -2.736914742,     -0.2568065323,     -0.0234470669,       2.741197564
          0,           0,        1118,      -2.736914742,     -0.2568065323,     -0.0234470669,       2.741197564
          0,           0,        1119,      -2.736914742,     -0.2568065323,    -0.02344706689,       2.741197564
          0,           0,        1120,      -2.736914742,     -0.2568065323,    -0.02344706689,       2.741197564
          0,           0,        1121,      -2.736914742,     -0.2568065323,    -0.02344706688,       2.741197564
          0,           0,        1122,      -2.736914742,     -0.2568065323,    -0.02344706687,       2.741197564
          0,           0,        1123,      -2.736914742,     -0.2568065323,    -0.02344706687,       2.741197564
          0,           0,        1124,      -2.736914742,     -0.2568065322,    -0.02344706686,       2.741197564
          0,           0,        1125,      -2.736914742,     -0.2568065322,    -0.02344706686,       2.741197564
          0,           0,        1126,      -2.736914742,     -0.2568065322,    -0.02344706685,       2.741197564
          0,           0,        1127,      -2.736914742,     -0.2568065322,    -0.02344706685,       2.741197564
          0,           0,        1128,      -2.736914742,     -0.2568065322,    -0.02344706684,       2.741197564
          0,           0,        1129,      -2.736914742,     -0.2568065322,    -0.02344706684,       2.741197564
          0,           0,        1130,      -2.736914742,     -0.2568065322,    -0.02344706684,       2.741197564
          0,           0,        1131,      -2.736914742,     -0.2568065322,    -0.02344706683,       2.741197564
          0,           0,        1132,      -2.736914742,     -0.2568065322,    -0.02344706683,       2.741197564
          0,           0,        1133,      -2.736914742,     -0.2568065322,    -0.02344706682,       2.741197564
          0,           0,        1134,      -2.736914742,     -0.2568065322,    -0.02344706682,       2.741197564
          0,           0,        1135,      -2.736914742,     -0.2568065322,    -0.02344706682,       2.741197564
          0,           0,        1136,      -2.736914742,     -0.2568065322,    -0.02344706681,       2.741197564
          0,           0,        1137,      -2.736914742,     -0.2568065322,    -0.02344706681,       2.741197564
          0,           0,        1138,      -2.736914742,     -0.2568065322,    -0.02344706681,       2.741197564
          0,           0,        1139,      -2.736914742,     -0.2568065322,     -0.0234470668,       2.741197564
          0,           0,        1140,      -2.736914742,     -0.2568065322,     -0.0234470668,       2.741197564
          0,           0,        1141,      -2.736914742,     -0.2568065322,     -0.0234470668,       2.741197564
          0,           0,        1142,      -2.736914742,     -0.2568065322,     -0.0234470668,       2.741197564
          0,           0,        1143,      -2.736914742,     -0.2568065322,    -0.02344706679,       2.741197564
          0,           0,        1144,      -2.736914742,     -0.2568065322,    -0.02344706679,       2.741197565
          0,           0,        1145,      -2.736914742,     -0.2568065322,    -0.02344706679,       2.741197565
          0,           0,        1146,      -2.736914742,     -0.2568065322,    -0.02344706679,       2.741197565
          0,           0,        1147,      -2.736914742,     -0.2568065321,    -0.02344706678,       2.741197565
          0,           0,        1148,      -2.736914742,     -0.2568065321,    -0.02344706678,       2.741197565
          0,           0,        1149,      -2.736914742,     -0.2568065321,    -0.02344706678,       2.741197565
          0,           0,        1150,      -2.736914742,     -0.2568065321,    -0.02344706678,       2.741197565
          0,           0,        1151,      -2.736914742,     -0.2568065321,    -0.02344706677,       2.741197565
          0,           0,        1152,      -2.736914742,     -0.2568065321,    -0.02344706677,       2.741197565
          0,           0,        1153,      -2.736914742,     -0.2568065321,    -0.02344706677,       2.741197565
          0,           0,        1154,      -2.736914742,     -0.2568065321,    -0.02344706677,       2.741197565
          0,           0,        1155,      -2.736914742,     -0.2568065321,    -0.02344706676,       2.741197565
          0,           0,        1156,      -2.736914742,     -0.2568065321,    -0.02344706676,       2.741197565
          0,           0,        1157,      -2.736914742,     -0.2568065321,    -0.02344706676,       2.741197565
          0,           0,        1158,      -2.736914742,     -0.2568065321,    -0.02344706676,       2.741197565
          0,           0,        1159,      -2.736914742,     -0.2568065321,    -0.02344706675,       2.741197565
          0,           0,        1160,      -2.736914742,     -0.2568065321,    -0.02344706675,       2.741197565
          0,           0,        1161,      -2.736914742,     -0.2568065321,    -0.02344706675,       2.741197565
          0,           0,        1162,      -2.736914742,     -0.2568065321,    -0.02344706675,       2.741197565
          0,           0,        1163,      -2.736914742,     -0.2568065321,    -0.02344706675,       2.741197565
          0,           0,        1164,      -2.736914742,     -0.2568065321,    -0.02344706674,       2.741197565
          0,           0,        1165,      -2.736914742,     -0.2568065321,    -0.02344706674,       2.741197565
          0,           0,        1166,      -2.736914742,     -0.2568065321,    -0.02344706674,       2.741197565
          0,           0,        1167,      -2.736914742,     -0.2568065321,    -0.02344706674,       2.741197565
          0,           0,        1168,      -2.736914742,     -0.2568065321,    -0.02344706674,       2.741197565
          0,           0,        1169,      -2.736914742,     -0.2568065321,    -0.02344706674,       2.741197565
          0,           0,        1170,      -2.736914742,     -0.2568065321,    -0.02344706673,       2.741197565
          0,           0,        1171,      -2.736914742,     -0.2568065321,    -0.02344706673,       2.741197565
          0,           0,        1172,      -2.736914742,     -0.2568065321,    -0.02344706673,       2.741197565
          0,           0,        1173,      -2.736914742,     -0.2568065321,    -0.02344706673,       2.741197565
          0,           0,        1174,      -2.736914742,     -0.2568065321,    -0.02344706673,       2.741197565
          0,           0,        1175,      -2.736914742,     -0.2568065321,    -0.02344706672,       2.741197565
          0,           0,        1176,      -2.736914742,     -0.2568065321,    -0.02344706672,       2.741197565
          0,           0,        1177,      -2.736914742,     -0.2568065321,    -0.02344706672,       2.741197565
          0,           0,        1178,      -2.736914742,     -0.2568065321,    -0.02344706672,       2.741197565
          0,           0,        1179,      -2.736914742,     -0.2568065321,    -0.02344706672,       2.741197565
          0,           0,        1180,      -2.736914742,     -0.2568065321,    -0.02344706672,       2.741197565
          0,           0,        1181,      -2.736914742,     -0.2568065321,    -0.02344706672,       2.741197565
          0,           0,        1182,      -2.736914742,     -0.2568065321,    -0.02344706671,       2.741197565
          0,           0,        1183,      -2.736914742,     -0.2568065321,    -0.02344706671,       2.741197565
          0,           0,        1184,      -2.736914742,     -0.2568065321,    -0.02344706671,       2.741197565
          0,           0,        1185,      -2.736914742,     -0.2568065321,    -0.02344706671,       2.741197565
          0,           0,        1186,      -2.736914742,     -0.2568065321,    -0.02344706671,       2.741197565
          0,           0,        1187,      -2.736914742,     -0.2568065321,    -0.02344706671,       2.741197565
          0,           0,        1188,      -2.736914742,     -0.2568065321,    -0.02344706671,       2.741197565
          0,           0,        1189,      -2.736914742,     -0.2568065321,    -0.02344706671,       2.741197565
          0,           0,        1190,      -2.736914742,     -0.2568065321,    -0.02344706671,       2.741197565
          0,           0,        1191,      -2.736914742,     -0.2568065321,     -0.0234470667,       2.741197565
          0,           0,        1192,      -2.736914742,     -0.2568065321,     -0.0234470667,       2.741197565
          0,           0,        1193,      -2.736914742,     -0.2568065321,     -0.0234470667,       2.741197565
          0,           0,        1194,      -2.736914742,     -0.2568065321,     -0.0234470667,       2.741197565
          0,           0,        1195,      -2.736914742,     -0.2568065321,     -0.0234470667,       2.741197565
          0,           0,        1196,      -2.736914742,     -0.2568065321,     -0.0234470667,       2.741197565
          0,           0,        1197,      -2.736914742,     -0.2568065321,     -0.0234470667,       2.741197565
          0,           0,        1198,      -2.736914742,     -0.2568065321,     -0.0234470667,       2.741197565
          0,           0,        1199,      -2.736914742,     -0.2568065321,     -0.0234470667,       2.741197565
          0,           0,        1200,      -2.736914742,     -0.2568065321,     -0.0234470667,       2.741197565
          0,           0,        1201,      -2.736914742,     -0.2568065321,     -0.0234470667,       2.741197565
          0,           0,        1202,      -2.736914742,     -0.2568065321,    -0.02344706669,       2.741197565
          0,           0,        1203,      -2.736914742,     -0.2568065321,    -0.02344706669,       2.741197565
          0,           0,        1204,      -2.736914742,     -0.2568065321,    -0.02344706669,       2.741197565
          0,           0,        1205,      -2.736914742,     -0.2568065321,    -0.02344706669,       2.741197565
          0,           0,        1206,      -2.736914742,     -0.2568065321,    -0.02344706669,       2.741197565
          0,           0,        1207,      -2.736914742,     -0.2568065321,    -0.02344706669,       2.741197565
          0,           0,        1208,      -2.736914742,     -0.2568065321,    -0.02344706669,       2.741197565
          0,           0,        1209,      -2.736914742,     -0.2568065321,    -0.02344706669,       2.741197565
          0,           0,        1210,      -2.736914742,      -0.256806532,    -0.02344706669,       2.741197565
          0,           0,        1211,      -2.736914742,      -0.256806532,    -0.02344706669,       2.741197565
          0,           0,        1212,      -2.736914742,      -0.256806532,    -0.02344706669,       2.741197565
          0,           0,        1213,      -2.736914742,      -0.256806532,    -0.02344706669,       2.741197565
          0,           0,        1214,      -2.736914742,      -0.256806532,    -0.02344706669,       2.741197565
          0,           0,        1215,      -2.736914742,      -0.256806532,    -0.02344706669,       2.741197565
          0,           0,        1216,      -2.736914742,      -0.256806532,    -0.02344706669,       2.741197565
          0,           0,        1217,      -2.736914742,      -0.256806532,    -0.02344706669,       2.741197565
          0,           0,        1218,      -2.736914742,      -0.256806532,    -0.02344706669,       2.741197565
          0,           0,        1219,      -2.736914742,      -0.256806532,    -0.02344706668,       2.741197565
          0,           0,        1220,      -2.736914742,      -0.256806532,    -0.02344706668,       2.741197565
          0,           0,        1221,      -2.736914742,      -0.256806532,    -0.02344706668,       2.741197565
          0,           0,        1222,      -2.736914742,      -0.256806532,    -0.02344706668,       2.741197565
          0,           0,        1223,      -2.736914742,      -0.256806532,    -0.02344706668,       2.741197565
          0,           0,        1224,      -2.736914742,      -0.256806532,    -0.02344706668,       2.741197565
          0,           0,        1225,      -2.736914742,      -0.256806532,    -0.02344706668,       2.741197565
          0,           0,        1226,      -2.736914742,      -0.256806532,    -0.02344706668,       2.741197565
          0,           0,        1227,      -2.736914742,      -0.256806532,    -0.02344706668,       2.741197565
          0,           0,        1228,      -2.736914742,      -0.256806532,    -0.02344706668,       2.741197565
          0,           0,        1229,      -2.736914742,      -0.256806532,    -0.02344706668,       2.741197565
          0,           0,        1230,      -2.736914742,      -0.256806532,    -0.02344706668,       2.741197565
          0,           0,        1231,      -2.736914742,      -0.256806532,    -0.02344706668,       2.741197565
          0,           0,        1232,      -2.736914742,      -0.256806532,    -0.02344706668,       2.741197565
          0,           0,        1233,      -2.736914742,      -0.256806532,    -0.02344706668,       2.741197565
          0,           0,        1234,      -2.736914742,      -0.256806532,    -0.02344706668,       2.741197565
          0,           0,        1235,      -2.736914742,      -0.256806532,    -0.02344706668,       2.741197565
          0,           0,        1236,      -2.736914742,      -0.256806532,    -0.02344706668,       2.741197565
          0,           0,        1237,      -2.736914742,      -0.256806532,    -0.02344706668,       2.741197565
          0,           0,        1238,      -2.736914742,      -0.256806532,    -0.02344706668,       2.741197565
          0,           0,        1239,      -2.736914742,      -0.256806532,    -0.02344706667,       2.741197565
          0,           0,        1240,      -2.736914742,      -0.256806532,    -0.02344706667,       2.741197565
          0,           0,        1241,      -2.736914742,      -0.256806532,    -0.02344706667,       2.741197565
          0,           0,        1242,      -2.736914742,      -0.256806532,    -0.02344706667,       2.741197565
          0,           0,        1243,      -2.736914742,      -0.256806532,    -0.02344706667,       2.741197565
          0,           0,        1244,      -2.736914742,      -0.256806532,    -0.02344706667,       2.741197565
          0,           0,        1245,      -2.736914742,      -0.256806532,    -0.02344706667,       2.741197565
          0,           0,        1246,      -2.736914742,      -0.256806532,    -0.02344706667,       2.741197565
          0,           0,        1247,      -2.736914742,      -0.256806532,    -0.02344706667,       2.741197565
          0,           0,        1248,      -2.736914742,      -0.256806532,    -0.02344706667,       2.741197565
          0,           0,        1249,      -2.736914742,      -0.256806532,    -0.02344706667,       2.741197565
          0,           0,        1250,      -2.736914742,      -0.256806532,    -0.02344706667,       2.741197565
          0,           0,        1251,      -2.736914742,      -0.256806532,    -0.02344706667,       2.741197565
          0,           0,        1252,      -2.736914742,      -0.256806532,    -0.02344706667,       2.741197565
          0,           0,        1253,      -2.736914742,      -0.256806532,    -0.02344706667,       2.741197565
          0,           0,        1254,      -2.736914742,      -0.256806532,    -0.02344706667,       2.741197565
          0,           0,        1255,      -2.736914742,      -0.256806532,    -0.02344706667,       2.741197565
          0,           0,        1256,      -2.736914742,      -0.256806532,    -0.02344706667,       2.741197565
          0,           0,        1257,      -2.736914742,      -0.256806532,    -0.02344706667,       2.741197565
          0,           0,        1258,      -2.736914742,      -0.256806532,    -0.02344706667,       2.741197565
          0,           0,        1259,      -2.736914742,      -0.256806532,    -0.02344706667,       2.741197565
          0,           0,        1260,      -2.736914742,      -0.256806532,    -0.02344706667,       2.741197565
          0,           0,        1261,      -2.736914742,      -0.256806532,    -0.02344706667,       2.741197565
          0,           0,        1262,      -2.736914742,      -0.256806532,    -0.02344706667,       2.741197565
          0,           0,        1263,      -2.736914742,      -0.256806532,    -0.02344706667,       2.741197565
          0,           0,        1264,      -2.736914742,      -0.256806532,    -0.02344706667,       2.741197565
          0,           0,        1265,      -2.736914742,      -0.256806532,    -0.02344706667,       2.741197565
          0,           0,        1266,      -2.736914742,      -0.256806532,    -0.02344706667,       2.741197565
          0,           0,        1267,      -2.736914742,      -0.256806532,    -0.02344706667,       2.741197565
          0,           0,        1268,      -2.736914742,      -0.256806532,    -0.02344706667,       2.741197565
          0,           0,        1269,      -2.736914742,      -0.256806532,    -0.02344706667,       2.741197565
          0,           0,        1270,      -2.736914742,      -0.256806532,    -0.02344706667,       2.741197565
          0,           0,        1271,      -2.736914742,      -0.256806532,    -0.02344706667,       2.741197565
          0,           0,        1272,      -2.736914742,      -0.256806532,    -0.02344706667,       2.741197565
          0,           0,        1273,      -2.736914742,      -0.256806532,    -0.02344706667,       2.741197565
          0,           0,        1274,      -2.736914742,      -0.256806532,    -0.02344706667,       2.741197565
          0,           0,        1275,      -2.736914742,      -0.256806532,    -0.02344706666,       2.741197565
          0,           0,        1276,      -2.736914742,      -0.256806532,    -0.02344706666,       2.741197565
          0,           0,        1277,      -2.736914742,      -0.256806532,    -0.02344706666,       2.741197565
          0,           0,        1278,      -2.736914742,      -0.256806532,    -0.02344706666,       2.741197565
          0,           0,        1279,      -2.736914742,      -0.256806532,    -0.02344706666,       2.741197565
          0,           0,        1280,      -2.736914742,      -0.256806532,    -0.02344706666,       2.741197565
          0,           0,        1281,      -2.736914742,      -0.256806532,    -0.02344706666,       2.741197565
          0,           0,        1282,      -2.736914742,      -0.256806532,    -0.02344706666,       2.741197565
          0,           0,        1283,      -2.736914742,      -0.256806532,    -0.02344706666,       2.741197565
          0,           0,        1284,      -2.736914742,      -0.256806532,    -0.02344706666,       2.741197565
          0,           0,        1285,      -2.736914742,      -0.256806532,    -0.02344706666,       2.741197565
          0,           0,        1286,      -2.736914742,      -0.256806532,    -0.02344706666,       2.741197565
          0,           0,        1287,      -2.736914742,      -0.256806532,    -0.02344706666,       2.741197565
          0,           0,        1288,      -2.736914742,      -0.256806532,    -0.02344706666,       2.741197565
          0,           0,        1289,      -2.736914742,      -0.256806532,    -0.02344706666,       2.741197565
          0,           0,        1290,      -2.736914742,      -0.256806532,    -0.02344706666,       2.741197565
          0,           0,        1291,      -2.736914742,      -0.256806532,    -0.02344706666,       2.741197565
          0,           0,        1292,      -2.736914742,      -0.256806532,    -0.02344706666,       2.741197565
          0,           0,        1293,      -2.736914742,      -0.256806532,    -0.02344706666,       2.741197565
          0,           0,        1294,      -2.736914742,      -0.256806532,    -0.02344706666,       2.741197565
          0,           0,        1295,      -2.736914742,      -0.256806532,    -0.02344706666,       2.741197565
          0,           0,        1296,      -2.736914742,      -0.256806532,    -0.02344706666,       2.741197565
          0,           0,        1297,      -2.736914742,      -0.256806532,    -0.02344706666,       2.741197565
          0,           0,        1298,      -2.736914742,      -0.256806532,    -0.02344706666,       2.741197565
          0,           0,        1299,      -2.736914742,      -0.256806532,    -0.02344706666,       2.741197565
          0,           0,        1300,      -2.736914742,      -0.256806532,    -0.02344706666,       2.741197565
          0,           0,        1301,      -2.736914742,      -0.256806532,    -0.02344706666,       2.741197565
          0,           0,        1302,      -2.736914742,      -0.256806532,    -0.02344706666,       2.741197565
          0,           0,        1303,      -2.736914742,      -0.256806532,    -0.02344706666,       2.741197565
          0,           0,        1304,      -2.736914742,      -0.256806532,    -0.02344706666,       2.741197565
          0,           0,        1305,      -2.736914742,      -0.256806532,    -0.02344706666,       2.741197565
          0,           0,        1306,      -2.736914742,      -0.256806532,    -0.02344706666,       2.741197565
          0,           0,        1307,      -2.736914742,      -0.256806532,    -0.02344706666,       2.741197565
          0,           0,        1308,      -2.736914742,      -0.256806532,    -0.02344706666,       2.741197565
          0,           0,        1309,      -2.736914742,      -0.256806532,    -0.02344706666,       2.741197565
          0,           0,        1310,      -2.736914742,      -0.256806532,    -0.02344706666,       2.741197565
          0,           0,        1311,      -2.736914742,      -0.256806532,    -0.02344706666,       2.741197565
          0,           0,        1312,      -2.736914742,      -0.256806532,    -0.02344706666,       2.741197565
          0,           0,        1313,      -2.736914742,      -0.256806532,    -0.02344706666,       2.741197565
          0,           0,        1314,      -2.736914742,      -0.256806532,    -0.02344706666,       2.741197565
          0,           0,        1315,      -2.736914742,      -0.256806532,    -0.02344706666,       2.741197565
          0,           0,        1316,      -2.736914742,      -0.256806532,    -0.02344706666,       2.741197565
          0,           0,        1317,      -2.736914742,      -0.256806532,    -0.02344706666,       2.741197565
          0,           0,        1318,      -2.736914742,      -0.256806532,    -0.02344706666,       2.741197565
          0,           0,        1319,      -2.736914742,      -0.256806532,    -0.02344706666,       2.741197565
          0,           0,        1320,      -2.736914742,      -0.256806532,    -0.02344706666,       2.741197565
          0,           0,        1321,      -2.736914742,      -0.256806532,    -0.02344706666,       2.741197565
          0,           0,        1322,      -2.736914742,      -0.256806532,    -0.02344706666,       2.741197565
          0,           0,        1323,      -2.736914742,      -0.256806532,    -0.02344706666,       2.741197565
          0,           0,        1324,      -2.736914742,      -0.256806532,    -0.02344706666,       2.741197565
          0,           0,        1325,      -2.736914742,      -0.256806532,    -0.02344706666,       2.741197565
          0,           0,        1326,      -2.736914742,      -0.256806532,    -0.02344706666,       2.741197565
          0,           0,        1327,      -2.736914742,      -0.256806532,    -0.02344706666,       2.741197565
          0,           0,        1328,      -2.736914742,      -0.256806532,    -0.02344706666,       2.741197565
          0,           0,        1329,      -2.736914742,      -0.256806532,    -0.02344706666,       2.741197565
          0,           0,        1330,      -2.736914742,      -0.256806532,    -0.02344706666,       2.741197565
          0,           0,        1331,      -2.736914742,      -0.256806532,    -0.02344706666,       2.741197565
          0,           0,        1332,      -2.736914742,      -0.256806532,    -0.02344706666,       2.741197565
          0,           0,        1333,      -2.736914742,      -0.256806532,    -0.02344706666,       2.741197565
          0,           0,        1334,      -2.736914742,      -0.256806532,    -0.02344706666,       2.741197565
          0,           0,        1335,      -2.736914742,      -0.256806532,    -0.02344706666,       2.741197565
          0,           0,        1336,      -2.736914742,      -0.256806532,    -0.02344706666,       2.741197565
          0,           0,        1337,      -2.736914742,      -0.256806532,    -0.02344706666,       2.741197565
          0,           0,        1338,      -2.736914742,      -0.256806532,    -0.02344706666,       2.741197565
          0,           0,        1339,      -2.736914742,      -0.256806532,    -0.02344706666,       2.741197565
          0,           0,        1340,      -2.736914742,      -0.256806532,    -0.02344706666,       2.741197565
          0,           0,        1341,      -2.736914742,      -0.256806532,    -0.02344706666,       2.741197565
          0,           0,        1342,      -2.736914742,      -0.256806532,    -0.02344706666,       2.741197565
          0,           0,        1343,      -2.736914742,      -0.256806532,    -0.02344706666,       2.741197565
          0,           0,        1344,      -2.736914742,      -0.256806532,    -0.02344706666,       2.741197565
          0,           0,        1345,      -2.736914742,      -0.256806532,    -0.02344706666,       2.741197565
          0,           0,        1346,      -2.736914742,      -0.256806532,    -0.02344706666,       2.741197565
          0,           0,        1347,      -2.736914742,      -0.256806532,    -0.02344706666,       2.741197565
          0,           0,        1348,      -2.736914742,      -0.256806532,    -0.02344706666,       2.741197565
          0,           0,        1349,      -2.736914742,      -0.256806532,    -0.02344706666,       2.741197565
          0,           0,        1350,      -2.736914742,      -0.256806532,    -0.02344706666,       2.741197565
          0,           0,        1351,      -2.736914742,      -0.256806532,    -0.02344706666,       2.741197565
          0,           0,        1352,      -2.736914742,      -0.256806532,    -0.02344706666,       2.741197565
          0,           0,        1353,      -2.736914742,      -0.256806532,    -0.02344706666,       2.741197565
          0,           0,        1354,      -2.736914742,      -0.256806532,    -0.02344706666,       2.741197565
          0,           0,        1355,      -2.736914742,      -0.256806532,    -0.02344706666,       2.741197565
          0,           0,        1356,      -2.736914742,      -0.256806532,    -0.02344706666,       2.741197565
          0,           0,        1357,      -2.736914742,      -0.256806532,    -0.02344706666,       2.741197565
          0,           0,        1358,      -2.736914742,      -0.256806532,    -0.02344706666,       2.741197565
          0,           0,        1359,      -2.736914742,      -0.256806532,    -0.02344706666,       2.741197565
          0,           0,        1360,      -2.736914742,      -0.256806532,    -0.02344706666,       2.741197565
          0,           0,        1361,      -2.736914742,      -0.256806532,    -0.02344706666,       2.741197565
          0,           0,        1362,      -2.736914742,      -0.256806532,    -0.02344706666,       2.741197565
          0,           0,        1363,      -2.736914742,      -0.256806532,    -0.02344706666,       2.741197565
          0,           0,        1364,      -2.736914742,      -0.256806532,    -0.02344706666,       2.741197565
          0,           0,        1365,      -2.736914742,      -0.256806532,    -0.02344706666,       2.741197565
          0,           0,        1366,      -2.736914742,      -0.256806532,    -0.02344706666,       2.741197565
          0,           0,        1367,      -2.736914742,      -0.256806532,    -0.02344706666,       2.741197565
          0,           0,        1368,      -2.736914742,      -0.256806532,    -0.02344706666,       2.741197565
          0,           0,        1369,      -2.736914742,      -0.256806532,    -0.02344706666,       2.741197565
          0,           0,        1370,      -2.736914742,      -0.256806532,    -0.02344706666,       2.741197565
          0,           0,        1371,      -2.736914742,      -0.256806532,    -0.02344706666,       2.741197565
          0,           0,        1372,      -2.736914742,      -0.256806532,    -0.02344706666,       2.741197565
          0,           0,        1373,      -2.736914742,      -0.256806532,    -0.02344706666,       2.741197565
          0,           0,        1374,      -2.736914742,      -0.256806532,    -0.02344706666,       2.741197565
          0,           0,        1375,      -2.736914742,      -0.256806532,    -0.02344706666,       2.741197565
          0,           0,        1376,      -2.736914742,      -0.256806532,    -0.02344706666,       2.741197565
          0,           0,        1377,      -2.736914742,      -0.256806532,    -0.02344706666,       2.741197565
          0,           0,        1378,      -2.736914742,      -0.256806532,    -0.02344706666,       2.741197565
          0,           0,        1379,      -2.736914742,      -0.256806532,    -0.02344706666,       2.741197565
          0,           0,        1380,      -2.736914742,      -0.256806532,    -0.02344706666,       2.741197565
          0,           0,        1381,      -2.736914742,      -0.256806532,    -0.02344706666,       2.741197565
          0,           0,        1382,      -2.736914742,      -0.256806532,    -0.02344706666,       2.741197565
          0,           0,        1383,      -2.736914742,      -0.256806532,    -0.02344706666,       2.741197565
          0,           0,        1384,      -2.736914742,      -0.256806532,    -0.02344706666,       2.741197565
          0,           0,        1385,      -2.736914742,      -0.256806532,    -0.02344706666,       2.741197565
          0,           0,        1386,      -2.736914742,      -0.256806532,    -0.02344706666,       2.741197565
          0,           0,        1387,      -2.736914742,      -0.256806532,    -0.02344706666,       2.741197565
          0,           0,        1388,      -2.736914742,      -0.256806532,    -0.02344706666,       2.741197565
          0,           0,        1389,      -2.736914742,      -0.256806532,    -0.02344706666,       2.741197565
          0,           0,        1390,      -2.736914742,      -0.256806532,    -0.02344706666,       2.741197565
          0,           0,        1391,      -2.736914742,      -0.256806532,    -0.02344706666,       2.741197565
          0,           0,        1392,      -2.736914742,      -0.256806532,    -0.02344706666,       2.741197565
          0,           0,        1393,      -2.736914742,      -0.256806532,    -0.02344706666,       2.741197565
          0,           0,        1394,      -2.736914742,      -0.256806532,    -0.02344706666,       2.741197565
          0,           0,        1395,      -2.736914742,      -0.256806532,    -0.02344706666,       2.741197565
          0,           0,        1396,      -2.736914742,      -0.256806532,    -0.02344706666,       2.741197565
          0,           0,        1397,      -2.736914742,      -0.256806532,    -0.02344706666,       2.741197565
          0,           0,        1398,      -2.736914742,      -0.256806532,    -0.02344706666,       2.741197565
          0,           0,        1399,      -2.736914742,      -0.256806532,    -0.02344706666,       2.741197565
          0,           0,        1400,      -2.736914742,      -0.256806532,    -0.02344706666,       2.741197565
          0,           0,        1401,      -2.736914742,      -0.256806532,    -0.02344706666,       2.741197565
          0,           0,        1402,      -2.736914742,      -0.256806532,    -0.02344706666,       2.741197565
          0,           0,        1403,      -2.736914742,      -0.256806532,    -0.02344706666,       2.741197565
          0,           0,        1404,      -2.736914742,      -0.256806532,    -0.02344706666,       2.741197565
          0,           0,        1405,      -2.736914742,      -0.256806532,    -0.02344706666,       2.741197565
          0,           0,        1406,      -2.736914742,      -0.256806532,    -0.02344706666,       2.741197565
          0,           0,        1407,      -2.736914742,      -0.256806532,    -0.02344706666,       2.741197565
          0,           0,        1408,      -2.736914742,      -0.256806532,    -0.02344706666,       2.741197565
          0,           0,        1409,      -2.736914742,      -0.256806532,    -0.02344706666,       2.741197565
          0,           0,        1410,      -2.736914742,      -0.256806532,    -0.02344706666,       2.741197565
          0,           0,        1411,      -2.736914742,      -0.256806532,    -0.02344706666,       2.741197565
          0,           0,        1412,      -2.736914742,      -0.256806532,    -0.02344706666,       2.741197565
          0,           0,        1413,      -2.736914742,      -0.256806532,    -0.02344706666,       2.741197565
          0,           0,        1414,      -2.736914742,      -0.256806532,    -0.02344706666,       2.741197565
          0,           0,        1415,      -2.736914742,      -0.256806532,    -0.02344706666,       2.741197565
          0,           0,        1416,      -2.736914742,      -0.256806532,    -0.02344706666,       2.741197565
          0,           0,        1417,      -2.736914742,      -0.256806532,    -0.02344706666,       2.741197565
          0,           0,        1418,      -2.736914742,      -0.256806532,    -0.02344706666,       2.741197565
          0,           0,        1419,      -2.736914742,      -0.256806532,    -0.02344706666,       2.741197565
          0,           0,        1420,      -2.736914742,      -0.256806532,    -0.02344706666,       2.741197565
          0,           0,        1421,      -2.736914742,      -0.256806532,    -0.02344706666,       2.741197565
          0,           0,        1422,      -2.736914742,      -0.256806532,    -0.02344706666,       2.741197565
          0,           0,        1423,      -2.736914742,      -0.256806532,    -0.02344706666,       2.741197565
          0,           0,        1424,      -2.736914742,      -0.256806532,    -0.02344706666,       2.741197565
          0,           0,        1425,      -2.736914742,      -0.256806532,    -0.02344706666,       2.741197565
          0,           0,        1426,      -2.736914742,      -0.256806532,    -0.02344706666,       2.741197565
          0,           0,        1427,      -2.736914742,      -0.256806532,    -0.02344706666,       2.741197565
          0,           0,        1428,      -2.736914742,      -0.256806532,    -0.02344706666,       2.741197565
          0,           0,        1429,      -2.736914742,      -0.256806532,    -0.02344706666,       2.741197565
          0,           0,        1430,      -2.736914742,      -0.256806532,    -0.02344706666,       2.741197565
          0,           0,        1431,      -2.736914742,      -0.256806532,    -0.02344706666,       2.741197565
          0,           0,        1432,      -2.736914742,      -0.256806532,    -0.02344706666,       2.741197565
          0,           0,        1433,      -2.736914742,      -0.256806532,    -0.02344706666,       2.741197565
          0,           0,        1434,      -2.736914742,      -0.256806532,    -0.02344706666,       2.741197565
          0,           0,        1435,      -2.736914742,      -0.256806532,    -0.02344706666,       2.741197565
          0,           0,        1436,      -2.736914742,      -0.256806532,    -0.02344706666,       2.741197565
          0,           0,        1437,      -2.736914742,      -0.256806532,    -0.02344706666,       2.741197565
          0,           0,        1438,      -2.736914742,      -0.256806532,    -0.02344706666,       2.741197565
          0,           0,        1439,      -2.736914742,      -0.256806532,    -0.02344706666,       2.741197565
          0,           0,        1440,      -2.736914742,      -0.256806532,    -0.02344706666,       2.741197565
          0,           0,        1441,      -2.736914742,      -0.256806532,    -0.02344706666,       2.741197565
          0,           0,        1442,      -2.736914742,      -0.256806532,    -0.02344706666,       2.741197565
          0,           0,        1443,      -2.736914742,      -0.256806532,    -0.02344706666,       2.741197565
          0,           0,        1444,      -2.736914742,      -0.256806532,    -0.02344706666,       2.741197565
          0,           0,        1445,      -2.736914742,      -0.256806532,    -0.02344706666,       2.741197565
          0,           0,        1446,      -2.736914742,      -0.256806532,    -0.02344706666,       2.741197565
          0,           0,        1447,      -2.736914742,      -0.256806532,    -0.02344706666,       2.741197565
          0,           0,        1448,      -2.736914742,      -0.256806532,    -0.02344706666,       2.741197565
          0,           0,        1449,      -2.736914742,      -0.256806532,    -0.02344706666,       2.741197565
          0,           0,        1450,      -2.736914742,      -0.256806532,    -0.02344706666,       2.741197565
          0,           0,        1451,      -2.736914742,      -0.256806532,    -0.02344706666,       2.741197565
          0,           0,        1452,      -2.736914742,      -0.256806532,    -0.02344706666,       2.741197565
          0,           0,        1453,      -2.736914742,      -0.256806532,    -0.02344706666,       2.741197565
          0,           0,        1454,      -2.736914742,      -0.256806532,    -0.02344706666,       2.741197565
          0,           0,        1455,      -2.736914742,      -0.256806532,    -0.02344706666,       2.741197565
          0,           0,        1456,      -2.736914742,      -0.256806532,    -0.02344706666,       2.741197565
          0,           0,        1457,      -2.736914742,      -0.256806532,    -0.02344706666,       2.741197565
          0,           0,        1458,      -2.736914742,      -0.256806532,    -0.02344706666,       2.741197565
          0,           0,        1459,      -2.736914742,      -0.256806532,    -0.02344706666,       2.741197565
          0,           0,        1460,      -2.736914742,      -0.256806532,    -0.02344706666,       2.741197565
          0,           0,        1461,      -2.736914742,      -0.256806532,    -0.02344706666,       2.741197565
          0,           0,        1462,      -2.736914742,      -0.256806532,    -0.02344706666,       2.741197565
          0,           0,        1463,      -2.736914742,      -0.256806532,    -0.02344706666,       2.741197565
          0,           0,        1464,      -2.736914742,      -0.256806532,    -0.02344706666,       2.741197565
          0,           0,        1465,      -2.736914742,      -0.256806532,    -0.02344706666,       2.741197565
          0,           0,        1466,      -2.736914742,      -0.256806532,    -0.02344706666,       2.741197565
          0,           0,        1467,      -2.736914742,      -0.256806532,    -0.02344706666,       2.741197565
          0,           0,        1468,      -2.736914742,      -0.256806532,    -0.02344706666,       2.741197565
          0,           0,        1469,      -2.736914742,      -0.256806532,    -0.02344706666,       2.741197565
          0,           0,        1470,      -2.736914742,      -0.256806532,    -0.02344706666,       2.741197565
          0,           0,        1471,      -2.736914742,      -0.256806532,    -0.02344706666,       2.741197565
          0,           0,        1472,      -2.736914742,      -0.256806532,    -0.02344706666,       2.741197565
          0,           0,        1473,      -2.736914742,      -0.256806532,    -0.02344706666,       2.741197565
          0,           0,        1474,      -2.736914742,      -0.256806532,    -0.02344706666,       2.741197565
          0,           0,        1475,      -2.736914742,      -0.256806532,    -0.02344706666,       2.741197565
          0,           0,        1476,      -2.736914742,      -0.256806532,    -0.02344706666,       2.741197565
          0,           0,        1477,      -2.736914742,      -0.256806532,    -0.02344706666,       2.741197565
          0,           0,        1478,      -2.736914742,      -0.256806532,    -0.02344706666,       2.741197565
          0,           0,        1479,      -2.736914742,      -0.256806532,    -0.02344706666,       2.741197565
          0,           0,        1480,      -2.736914742,      -0.256806532,    -0.02344706666,       2.741197565
          0,           0,        1481,      -2.736914742,      -0.256806532,    -0.02344706666,       2.741197565
          0,           0,        1482,      -2.736914742,      -0.256806532,    -0.02344706666,       2.741197565
          0,           0,        1483,      -2.736914742,      -0.256806532,    -0.02344706666,       2.741197565
          0,           0,        1484,      -2.736914742,      -0.256806532,    -0.02344706666,       2.741197565
          0,           0,        1485,      -2.736914742,      -0.256806532,    -0.02344706666,       2.741197565
          0,           0,        1486,      -2.736914742,      -0.256806532,    -0.02344706666,       2.741197565
          0,           0,        1487,      -2.736914742,      -0.256806532,    -0.02344706666,       2.741197565
          0,           0,        1488,      -2.736914742,      -0.256806532,    -0.02344706666,       2.741197565
          0,           0,        1489,      -2.736914742,      -0.256806532,    -0.02344706666,       2.741197565
          0,           0,        1490,      -2.736914742,      -0.256806532,    -0.02344706666,       2.741197565
          0,           0,        1491,      -2.736914742,      -0.256806532,    -0.02344706666,       2.741197565
          0,           0,        1492,      -2.736914742,      -0.256806532,    -0.02344706666,       2.741197565
          0,           0,        1493,      -2.736914742,      -0.256806532,    -0.02344706666,       2.741197565
          0,           0,        1494,      -2.736914742,      -0.256806532,    -0.02344706666,       2.741197565
          0,           0,        1495,      -2.736914742,      -0.256806532,    -0.02344706666,       2.741197565
          0,           0,        1496,      -2.736914742,      -0.256806532,    -0.02344706666,       2.741197565
          0,           0,        1497,      -2.736914742,      -0.256806532,    -0.02344706666,       2.741197565
          0,           0,        1498,      -2.736914742,      -0.256806532,    -0.02344706666,       2.741197565
          0,           0,        1499,      -2.736914742,      -0.256806532,    -0.02344706666,       2.741197565
          0,           0,        1500,      -2.736914742,      -0.256806532,    -0.02344706666,       2.741197565
          0,           0,        1501,      -2.736914742,      -0.256806532,    -0.02344706666,       2.741197565
          0,           0,        1502,      -2.736914742,      -0.256806532,    -0.02344706666,       2.741197565
          0,           0,        1503,      -2.736914742,      -0.256806532,    -0.02344706666,       2.741197565
          0,           0,        1504,      -2.736914742,      -0.256806532,    -0.02344706666,       2.741197565
          0,           0,        1505,      -2.736914742,      -0.256806532,    -0.02344706666,       2.741197565
          0,           0,        1506,      -2.736914742,      -0.256806532,    -0.02344706666,       2.741197565
          0,           0,        1507,      -2.736914742,      -0.256806532,    -0.02344706666,       2.741197565
          0,           0,        1508,      -2.736914742,      -0.256806532,    -0.02344706666,       2.741197565
          0,           0,        1509,      -2.736914742,      -0.256806532,    -0.02344706666,       2.741197565
          0,           0,        1510,      -2.736914742,      -0.256806532,    -0.02344706666,       2.741197565
          0,           0,        1511,      -2.736914742,      -0.256806532,    -0.02344706666,       2.741197565
          0,           0,        1512,      -2.736914742,      -0.256806532,    -0.02344706666,       2.741197565
          0,           0,        1513,      -2.736914742,      -0.256806532,    -0.02344706666,       2.741197565
          0,           0,        1514,      -2.736914742,      -0.256806532,    -0.02344706666,       2.741197565
          0,           0,        1515,      -2.736914742,      -0.256806532,    -0.02344706666,       2.741197565
          0,           0,        1516,      -2.736914742,      -0.256806532,    -0.02344706666,       2.741197565
          0,           0,        1517,      -2.736914742,      -0.256806532,    -0.02344706666,       2.741197565
          0,           0,        1518,      -2.736914742,      -0.256806532,    -0.02344706666,       2.741197565
          0,           0,        1519,      -2.736914742,      -0.256806532,    -0.02344706666,       2.741197565
          0,           0,        1520,      -2.736914742,      -0.256806532,    -0.02344706666,       2.741197565
          0,           0,        1521,      -2.736914742,      -0.256806532,    -0.02344706666,       2.741197565
          0,           0,        1522,      -2.736914742,      -0.256806532,    -0.02344706666,       2.741197565
          0,           0,        1523,      -2.736914742,      -0.256806532,    -0.02344706666,       2.741197565
          0,           0,        1524,      -2.736914742,      -0.256806532,    -0.02344706666,       2.741197565
          0,           0,        1525,      -2.736914742,      -0.256806532,    -0.02344706666,       2.741197565
          0,           0,        1526,      -2.736914742,      -0.256806532,    -0.02344706666,       2.741197565
          0,           0,        1527,      -2.736914742,      -0.256806532,    -0.02344706666,       2.741197565
          0,           0,        1528,      -2.736914742,      -0.256806532,    -0.02344706666,       2.741197565
          0,           0,        1529,      -2.736914742,      -0.256806532,    -0.02344706666,       2.741197565
          0,           0,        1530,      -2.736914742,      -0.256806532,    -0.02344706666,       2.741197565
          0,           0,        1531,      -2.736914742,      -0.256806532,    -0.02344706666,       2.741197565
          0,           0,        1532,      -2.736914742,      -0.256806532,    -0.02344706666,       2.741197565
          0,           0,        1533,      -2.736914742,      -0.256806532,    -0.02344706666,       2.741197565
          0,           0,        1534,      -2.736914742,      -0.256806532,    -0.02344706666,       2.741197565
          0,           0,        1535,      -2.736914742,      -0.256806532,    -0.02344706666,       2.741197565
          0,           0,        1536,      -2.736914742,      -0.256806532,    -0.02344706666,       2.741197565
          0,           0,        1537,      -2.736914742,      -0.256806532,    -0.02344706666,       2.741197565
          0,           0,        1538,      -2.736914742,      -0.256806532,    -0.02344706666,       2.741197565
          0,           0,        1539,      -2.736914742,      -0.256806532,    -0.02344706666,       2.741197565
          0,           0,        1540,      -2.736914742,      -0.256806532,    -0.02344706666,       2.741197565
          0,           0,        1541,      -2.736914742,      -0.256806532,    -0.02344706666,       2.741197565
          0,           0,        1542,      -2.736914742,      -0.256806532,    -0.02344706666,       2.741197565
          0,           0,        1543,      -2.736914742,      -0.256806532,    -0.02344706666,       2.741197565
          0,           0,        1544,      -2.736914742,      -0.256806532,    -0.02344706666,       2.741197565
          0,           0,        1545,      -2.736914742,      -0.256806532,    -0.02344706666,       2.741197565
          0,           0,        1546,      -2.736914742,      -0.256806532,    -0.02344706666,       2.741197565
          0,           0,        1547,      -2.736914742,      -0.256806532,    -0.02344706666,       2.741197565
          0,           0,        1548,      -2.736914742,      -0.256806532,    -0.02344706666,       2.741197565
          0,           0,        1549,      -2.736914742,      -0.256806532,    -0.02344706666,       2.741197565
          0,           0,        1550,      -2.736914742,      -0.256806532,    -0.02344706666,       2.741197565
          0,           0,        1551,      -2.736914742,      -0.256806532,    -0.02344706666,       2.741197565
          0,           0,        1552,      -2.736914742,      -0.256806532,    -0.02344706666,       2.741197565
          0,           0,        1553,      -2.736914742,      -0.256806532,    -0.02344706666,       2.741197565
          0,           0,        1554,      -2.736914742,      -0.256806532,    -0.02344706666,       2.741197565
          0,           0,        1555,      -2.736914742,      -0.256806532,    -0.02344706666,       2.741197565
          0,           0,        1556,      -2.736914742,      -0.256806532,    -0.02344706666,       2.741197565
          0,           0,        1557,      -2.736914742,      -0.256806532,    -0.02344706666,       2.741197565
          0,           0,        1558,      -2.736914742,      -0.256806532,    -0.02344706666,       2.741197565
          0,           0,        1559,      -2.736914742,      -0.256806532,    -0.02344706666,       2.741197565
          0,           0,        1560,      -2.736914742,      -0.256806532,    -0.02344706666,       2.741197565
          0,           0,        1561,      -2.736914742,      -0.256806532,    -0.02344706666,       2.741197565
          0,           0,        1562,      -2.736914742,      -0.256806532,    -0.02344706666,       2.741197565
          0,           0,        1563,      -2.736914742,      -0.256806532,    -0.02344706666,       2.741197565
          0,           0,        1564,      -2.736914742,      -0.256806532,    -0.02344706666,       2.741197565
          0,           0,        1565,      -2.736914742,      -0.256806532,    -0.02344706666,       2.741197565
          0,           0,        1566,      -2.736914742,      -0.256806532,    -0.02344706666,       2.741197565
          0,           0,        1567,      -2.736914742,      -0.256806532,    -0.02344706666,       2.741197565
          0,           0,        1568,      -2.736914742,      -0.256806532,    -0.02344706666,       2.741197565
          0,           0,        1569,      -2.736914742,      -0.256806532,    -0.02344706666,       2.741197565
          0,           0,        1570,      -2.736914742,      -0.256806532,    -0.02344706666,       2.741197565
          0,           0,        1571,      -2.736914742,      -0.256806532,    -0.02344706666,       2.741197565
          0,           0,        1572,      -2.736914742,      -0.256806532,    -0.02344706666,       2.741197565
          0,           0,        1573,      -2.736914742,      -0.256806532,    -0.02344706666,       2.741197565
          0,           0,        1574,      -2.736914742,      -0.256806532,    -0.02344706666,       2.741197565
          0,           0,        1575,      -2.736914742,      -0.256806532,    -0.02344706666,       2.741197565
          0,           0,        1576,      -2.736914742,      -0.256806532,    -0.02344706666,       2.741197565
          0,           0,        1577,      -2.736914742,      -0.256806532,    -0.02344706666,       2.741197565
          0,           0,        1578,      -2.736914742,      -0.256806532,    -0.02344706666,       2.741197565
          0,           0,        1579,      -2.736914742,      -0.256806532,    -0.02344706666,       2.741197565
          0,           0,        1580,      -2.736914742,      -0.256806532,    -0.02344706666,       2.741197565
          0,           0,        1581,      -2.736914742,      -0.256806532,    -0.02344706666,       2.741197565
          0,           0,        1582,      -2.736914742,      -0.256806532,    -0.02344706666,       2.741197565
          0,           0,        1583,      -2.736914742,      -0.256806532,    -0.02344706666,       2.741197565
          0,           0,        1584,      -2.736914742,      -0.256806532,    -0.02344706666,       2.741197565
          0,           0,        1585,      -2.736914742,      -0.256806532,    -0.02344706666,       2.741197565
          0,           0,        1586,      -2.736914742,      -0.256806532,    -0.02344706666,       2.741197565
          0,           0,        1587,      -2.736914742,      -0.256806532,    -0.02344706666,       2.741197565
          0,           0,        1588,      -2.736914742,      -0.256806532,    -0.02344706666,       2.741197565
          0,           0,        1589,      -2.736914742,      -0.256806532,    -0.02344706666,       2.741197565
          0,           0,        1590,      -2.736914742,      -0.256806532,    -0.02344706666,       2.741197565
          0,           0,        1591,      -2.736914742,      -0.256806532,    -0.02344706666,       2.741197565
          0,           0,        1592,      -2.736914742,      -0.256806532,    -0.02344706666,       2.741197565
          0,           0,        1593,      -2.736914742,      -0.256806532,    -0.02344706666,       2.741197565
          0,           0,        1594,      -2.736914742,      -0.256806532,    -0.02344706666,       2.741197565
          0,           0,        1595,      -2.736914742,      -0.256806532,    -0.02344706666,       2.741197565
          0,           0,        1596,      -2.736914742,      -0.256806532,    -0.02344706666,       2.741197565
          0,           0,        1597,      -2.736914742,      -0.256806532,    -0.02344706666,       2.741197565
          0,           0,        1598,      -2.736914742,      -0.256806532,    -0.02344706666,       2.741197565
          0,           0,        1599,      -2.736914742,      -0.256806532,    -0.02344706666,       2.741197565
          0,           0,        1600,      -2.736914742,      -0.256806532,    -0.02344706666,       2.741197565
          0,           0,        1601,      -2.736914742,      -0.256806532,    -0.02344706666,       2.741197565
          0,           0,        1602,      -2.736914742,      -0.256806532,    -0.02344706666,       2.741197565
          0,           0,        1603,      -2.736914742,      -0.256806532,    -0.02344706666,       2.741197565
          0,           0,        1604,      -2.736914742,      -0.256806532,    -0.02344706666,       2.741197565
          0,           0,        1605,      -2.736914742,      -0.256806532,    -0.02344706666,       2.741197565
          0,           0,        1606,      -2.736914742,      -0.256806532,    -0.02344706666,       2.741197565
          0,           0,        1607,      -2.736914742,      -0.256806532,    -0.02344706666,       2.741197565
          0,           0,        1608,      -2.736914742,      -0.256806532,    -0.02344706666,       2.741197565
          0,           0,        1609,      -2.736914742,      -0.256806532,    -0.02344706666,       2.741197565
          0,           0,        1610,      -2.736914742,      -0.256806532,    -0.02344706666,       2.741197565
          0,           0,        1611,      -2.736914742,      -0.256806532,    -0.02344706666,       2.741197565
          0,           0,        1612,      -2.736914742,      -0.256806532,    -0.02344706666,       2.741197565
          0,           0,        1613,      -2.736914742,      -0.256806532,    -0.02344706666,       2.741197565
          0,           0,        1614,      -2.736914742,      -0.256806532,    -0.02344706666,       2.741197565
          0,           0,        1615,      -2.736914742,      -0.256806532,    -0.02344706666,       2.741197565
          0,           0,        1616,      -2.736914742,      -0.256806532,    -0.02344706666,       2.741197565
          0,           0,        1617,      -2.736914742,      -0.256806532,    -0.02344706666,       2.741197565
          0,           0,        1618,      -2.736914742,      -0.256806532,    -0.02344706666,       2.741197565
          0,           0,        1619,      -2.736914742,      -0.256806532,    -0.02344706666,       2.741197565
          0,           0,        1620,      -2.736914742,      -0.256806532,    -0.02344706666,       2.741197565
          0,           0,        1621,      -2.736914742,      -0.256806532,    -0.02344706666,       2.741197565
          0,           0,        1622,      -2.736914742,      -0.256806532,    -0.02344706666,       2.741197565
          0,           0,        1623,      -2.736914742,      -0.256806532,    -0.02344706666,       2.741197565
          0,           0,        1624,      -2.736914742,      -0.256806532,    -0.02344706666,       2.741197565
          0,           0,        1625,      -2.736914742,      -0.256806532,    -0.02344706666,       2.741197565
          0,           0,        1626,      -2.736914742,      -0.256806532,    -0.02344706666,       2.741197565
          0,           0,        1627,      -2.736914742,      -0.256806532,    -0.02344706666,       2.741197565
          0,           0,        1628,      -2.736914742,      -0.256806532,    -0.02344706666,       2.741197565
          0,           0,        1629,      -2.736914742,      -0.256806532,    -0.02344706666,       2.741197565
          0,           0,        1630,      -2.736914742,      -0.256806532,    -0.02344706666,       2.741197565
          0,           0,        1631,      -2.736914742,      -0.256806532,    -0.02344706666,       2.741197565
          0,           0,        1632,      -2.736914742,      -0.256806532,    -0.02344706666,       2.741197565
          0,           0,        1633,      -2.736914742,      -0.256806532,    -0.02344706666,       2.741197565
          0,           0,        1634,      -2.736914742,      -0.256806532,    -0.02344706666,       2.741197565
          0,           0,        1635,      -2.736914742,      -0.256806532,    -0.02344706666,       2.741197565
          0,           0,        1636,      -2.736914742,      -0.256806532,    -0.02344706666,       2.741197565
          0,           0,        1637,      -2.736914742,      -0.256806532,    -0.02344706666,       2.741197565
          0,           0,        1638,      -2.736914742,      -0.256806532,    -0.02344706666,       2.741197565
          0,           0,        1639,      -2.736914742,      -0.256806532,    -0.02344706666,       2.741197565
          0,           0,        1640,      -2.736914742,      -0.256806532,    -0.02344706666,       2.741197565
          0,           0,        1641,      -2.736914742,      -0.256806532,    -0.02344706666,       2.741197565
          0,           0,        1642,      -2.736914742,      -0.256806532,    -0.02344706666,       2.741197565
          0,           0,        1643,      -2.736914742,      -0.256806532,    -0.02344706666,       2.741197565
          0,           0,        1644,      -2.736914742,      -0.256806532,    -0.02344706666,       2.741197565
          0,           0,        1645,      -2.736914742,      -0.256806532,    -0.02344706666,       2.741197565
          0,           0,        1646,      -2.736914742,      -0.256806532,    -0.02344706666,       2.741197565
          0,           0,        1647,      -2.736914742,      -0.256806532,    -0.02344706666,       2.741197565
          0,           0,        1648,      -2.736914742,      -0.256806532,    -0.02344706666,       2.741197565
          0,           0,        1649,      -2.736914742,      -0.256806532,    -0.02344706666,       2.741197565
          0,           0,        1650,      -2.736914742,      -0.256806532,    -0.02344706666,       2.741197565
          0,           0,        1651,      -2.736914742,      -0.256806532,    -0.02344706666,       2.741197565
          0,           0,        1652,      -2.736914742,      -0.256806532,    -0.02344706666,       2.741197565
          0,           0,        1653,      -2.736914742,      -0.256806532,    -0.02344706666,       2.741197565
          0,           0,        1654,      -2.736914742,      -0.256806532,    -0.02344706666,       2.741197565
          0,           0,        1655,      -2.736914742,      -0.256806532,    -0.02344706666,       2.741197565
          0,           0,        1656,      -2.736914742,      -0.256806532,    -0.02344706666,       2.741197565
          0,           0,        1657,      -2.736914742,      -0.256806532,    -0.02344706666,       2.741197565
          0,           0,        1658,      -2.736914742,      -0.256806532,    -0.02344706666,       2.741197565
          0,           0,        1659,      -2.736914742,      -0.256806532,    -0.02344706666,       2.741197565
          0,           0,        1660,      -2.736914742,      -0.256806532,    -0.02344706666,       2.741197565
          0,           0,        1661,      -2.736914742,      -0.256806532,    -0.02344706666,       2.741197565
          0,           0,        1662,      -2.736914742,      -0.256806532,    -0.02344706666,       2.741197565
          0,           0,        1663,      -2.736914742,      -0.256806532,    -0.02344706666,       2.741197565
          0,           0,        1664,      -2.736914742,      -0.256806532,    -0.02344706666,       2.741197565
          0,           0,        1665,      -2.736914742,      -0.256806532,    -0.02344706666,       2.741197565
          0,           0,        1666,      -2.736914742,      -0.256806532,    -0.02344706666,       2.741197565
          0,           0,        1667,      -2.736914742,      -0.256806532,    -0.02344706666,       2.741197565
          0,           0,        1668,      -2.736914742,      -0.256806532,    -0.02344706666,       2.741197565
          0,           0,        1669,      -2.736914742,      -0.256806532,    -0.02344706666,       2.741197565
          0,           0,        1670,      -2.736914742,      -0.256806532,    -0.02344706666,       2.741197565
          0,           0,        1671,      -2.736914742,      -0.256806532,    -0.02344706666,       2.741197565
          0,           0,        1672,      -2.736914742,      -0.256806532,    -0.02344706666,       2.741197565
          0,           0,        1673,      -2.736914742,      -0.256806532,    -0.02344706666,       2.741197565
          0,           0,        1674,      -2.736914742,      -0.256806532,    -0.02344706666,       2.741197565
          0,           0,        1675,      -2.736914742,      -0.256806532,    -0.02344706666,       2.741197565
          0,           0,        1676,      -2.736914742,      -0.256806532,    -0.02344706666,       2.741197565
          0,           0,        1677,      -2.736914742,      -0.256806532,    -0.02344706666,       2.741197565
          0,           0,        1678,      -2.736914742,      -0.256806532,    -0.02344706666,       2.741197565
          0,           0,        1679,      -2.736914742,      -0.256806532,    -0.02344706666,       2.741197565
          0,           0,        1680,      -2.736914742,      -0.256806532,    -0.02344706666,       2.741197565
          0,           0,        1681,      -2.736914742,      -0.256806532,    -0.02344706666,       2.741197565
          0,           0,        1682,      -2.736914742,      -0.256806532,    -0.02344706666,       2.741197565
          0,           0,        1683,      -2.736914742,      -0.256806532,    -0.02344706666,       2.741197565
          0,           0,        1684,      -2.736914742,      -0.256806532,    -0.02344706666,       2.741197565
          0,           0,        1685,      -2.736914742,      -0.256806532,    -0.02344706666,       2.741197565
          0,           0,        1686,      -2.736914742,      -0.256806532,    -0.02344706666,       2.741197565
          0,           0,        1687,      -2.736914742,      -0.256806532,    -0.02344706666,       2.741197565
          0,           0,        1688,      -2.736914742,      -0.256806532,    -0.02344706666,       2.741197565
          0,           0,        1689,      -2.736914742,      -0.256806532,    -0.02344706666,       2.741197565
          0,           0,        1690,      -2.736914742,      -0.256806532,    -0.02344706666,       2.741197565
          0,           0,        1691,      -2.736914742,      -0.256806532,    -0.02344706666,       2.741197565
          0,           0,        1692,      -2.736914742,      -0.256806532,    -0.02344706666,       2.741197565
          0,           0,        1693,      -2.736914742,      -0.256806532,    -0.02344706666,       2.741197565
          0,           0,        1694,      -2.736914742,      -0.256806532,    -0.02344706666,       2.741197565
          0,           0,        1695,      -2.736914742,      -0.256806532,    -0.02344706666,       2.741197565
          0,           0,        1696,      -2.736914742,      -0.256806532,    -0.02344706666,       2.741197565
          0,           0,        1697,      -2.736914742,      -0.256806532,    -0.02344706666,       2.741197565
          0,           0,        1698,      -2.736914742,      -0.256806532,    -0.02344706666,       2.741197565
          0,           0,        1699,      -2.736914742,      -0.256806532,    -0.02344706666,       2.741197565
          0,           0,        1700,      -2.736914742,      -0.256806532,    -0.02344706666,       2.741197565
          0,           0,        1701,      -2.736914742,      -0.256806532,    -0.02344706666,       2.741197565
          0,           0,        1702,      -2.736914742,      -0.256806532,    -0.02344706666,       2.741197565
          0,           0,        1703,      -2.736914742,      -0.256806532,    -0.02344706666,       2.741197565
          0,           0,        1704,      -2.736914742,      -0.256806532,    -0.02344706666,       2.741197565
          0,           0,        1705,      -2.736914742,      -0.256806532,    -0.02344706666,       2.741197565
          0,           0,        1706,      -2.736914742,      -0.256806532,    -0.02344706666,       2.741197565
          0,           0,        1707,      -2.736914742,      -0.256806532,    -0.02344706666,       2.741197565
          0,           0,        1708,      -2.736914742,      -0.256806532,    -0.02344706666,       2.741197565
          0,           0,        1709,      -2.736914742,      -0.256806532,    -0.02344706666,       2.741197565
          0,           0,        1710,      -2.736914742,      -0.256806532,    -0.02344706666,       2.741197565
          0,           0,        1711,      -2.736914742,      -0.256806532,    -0.02344706666,       2.741197565
          0,           0,        1712,      -2.736914742,      -0.256806532,    -0.02344706666,       2.741197565
          0,           0,        1713,      -2.736914742,      -0.256806532,    -0.02344706666,       2.741197565
          0,           0,        1714,      -2.736914742,      -0.256806532,    -0.02344706666,       2.741197565
          0,           0,        1715,      -2.736914742,      -0.256806532,    -0.02344706666,       2.741197565
          0,           0,        1716,      -2.736914742,      -0.256806532,    -0.02344706666,       2.741197565
          0,           0,        1717,      -2.736914742,      -0.256806532,    -0.02344706666,       2.741197565
          0,           0,        1718,      -2.736914742,      -0.256806532,    -0.02344706666,       2.741197565
          0,           0,        1719,      -2.736914742,      -0.256806532,    -0.02344706666,       2.741197565
          0,           0,        1720,      -2.736914742,      -0.256806532,    -0.02344706666,       2.741197565
          0,           0,        1721,      -2.736914742,      -0.256806532,    -0.02344706666,       2.741197565
          0,           0,        1722,      -2.736914742,      -0.256806532,    -0.02344706666,       2.741197565
          0,           0,        1723,      -2.736914742,      -0.256806532,    -0.02344706666,       2.741197565
          0,           0,        1724,      -2.736914742,      -0.256806532,    -0.02344706666,       2.741197565
          0,           0,        1725,      -2.736914742,      -0.256806532,    -0.02344706666,       2.741197565
          0,           0,        1726,      -2.736914742,      -0.256806532,    -0.02344706666,       2.741197565
          0,           0,        1727,      -2.736914742,      -0.256806532,    -0.02344706666,       2.741197565
          0,           0,        1728,      -2.736914742,      -0.256806532,    -0.02344706666,       2.741197565
          0,           0,        1729,      -2.736914742,      -0.256806532,    -0.02344706666,       2.741197565
          0,           0,        1730,      -2.736914742,      -0.256806532,    -0.02344706666,       2.741197565
          0,           0,        1731,      -2.736914742,      -0.256806532,    -0.02344706666,       2.741197565
          0,           0,        1732,      -2.736914742,      -0.256806532,    -0.02344706666,       2.741197565
          0,           0,        1733,      -2.736914742,      -0.256806532,    -0.02344706666,       2.741197565
          0,           0,        1734,      -2.736914742,      -0.256806532,    -0.02344706666,       2.741197565
          0,           0,        1735,      -2.736914742,      -0.256806532,    -0.02344706666,       2.741197565
          0,           0,        1736,      -2.736914742,      -0.256806532,    -0.02344706666,       2.741197565
          0,           0,        1737,      -2.736914742,      -0.256806532,    -0.02344706666,       2.741197565
          0,           0,        1738,      -2.736914742,      -0.256806532,    -0.02344706666,       2.741197565
          0,           0,        1739,      -2.736914742,      -0.256806532,    -0.02344706666,       2.741197565
          0,           0,        1740,      -2.736914742,      -0.256806532,    -0.02344706666,       2.741197565
          0,           0,        1741,      -2.736914742,      -0.256806532,    -0.02344706666,       2.741197565
          0,           0,        1742,      -2.736914742,      -0.256806532,    -0.02344706666,       2.741197565
          0,           0,        1743,      -2.736914742,      -0.256806532,    -0.02344706666,       2.741197565
          0,           0,        1744,      -2.736914742,      -0.256806532,    -0.02344706666,       2.741197565
          0,           0,        1745,      -2.736914742,      -0.256806532,    -0.02344706666,       2.741197565
          0,           0,        1746,      -2.736914742,      -0.256806532,    -0.02344706666,       2.741197565
          0,           0,        1747,      -2.736914742,      -0.256806532,    -0.02344706666,       2.741197565
          0,           0,        1748,      -2.736914742,      -0.256806532,    -0.02344706666,       2.741197565
          0,           0,        1749,      -2.736914742,      -0.256806532,    -0.02344706666,       2.741197565
          0,           0,        1750,      -2.736914742,      -0.256806532,    -0.02344706666,       2.741197565
          0,           0,        1751,      -2.736914742,      -0.256806532,    -0.02344706666,       2.741197565
          0,           0,        1752,      -2.736914742,      -0.256806532,    -0.02344706666,       2.741197565
          0,           0,        1753,      -2.736914742,      -0.256806532,    -0.02344706666,       2.741197565
          0,           0,        1754,      -2.736914742,      -0.256806532,    -0.02344706666,       2.741197565
          0,           0,        1755,      -2.736914742,      -0.256806532,    -0.02344706666,       2.741197565
          0,           0,        1756,      -2.736914742,      -0.256806532,    -0.02344706666,       2.741197565
          0,           0,        1757,      -2.736914742,      -0.256806532,    -0.02344706666,       2.741197565
          0,           0,        1758,      -2.736914742,      -0.256806532,    -0.02344706666,       2.741197565
          0,           0,        1759,      -2.736914742,      -0.256806532,    -0.02344706666,       2.741197565
          0,           0,        1760,      -2.736914742,      -0.256806532,    -0.02344706666,       2.741197565
          0,           0,        1761,      -2.736914742,      -0.256806532,    -0.02344706666,       2.741197565
          0,           0,        1762,      -2.736914742,      -0.256806532,    -0.02344706666,       2.741197565
          0,           0,        1763,      -2.736914742,      -0.256806532,    -0.02344706666,       2.741197565
          0,           0,        1764,      -2.736914742,      -0.256806532,    -0.02344706666,       2.741197565
          0,           0,        1765,      -2.736914742,      -0.256806532,    -0.02344706666,       2.741197565
          0,           0,        1766,      -2.736914742,      -0.256806532,    -0.02344706666,       2.741197565
          0,           0,        1767,      -2.736914742,      -0.256806532,    -0.02344706666,       2.741197565
          0,           0,        1768,      -2.736914742,      -0.256806532,    -0.02344706666,       2.741197565
          0,           0,        1769,      -2.736914742,      -0.256806532,    -0.02344706666,       2.741197565
          0,           0,        1770,      -2.736914742,      -0.256806532,    -0.02344706666,       2.741197565
          0,           0,        1771,      -2.736914742,      -0.256806532,    -0.02344706666,       2.741197565
          0,           0,        1772,      -2.736914742,      -0.256806532,    -0.02344706666,       2.741197565
          0,           0,        1773,      -2.736914742,      -0.256806532,    -0.02344706666,       2.741197565
          0,           0,        1774,      -2.736914742,      -0.256806532,    -0.02344706666,       2.741197565
          0,           0,        1775,      -2.736914742,      -0.256806532,    -0.02344706666,       2.741197565
          0,           0,        1776,      -2.736914742,      -0.256806532,    -0.02344706666,       2.741197565
          0,           0,        1777,      -2.736914742,      -0.256806532,    -0.02344706666,       2.741197565
          0,           0,        1778,      -2.736914742,      -0.256806532,    -0.02344706666,       2.741197565
          0,           0,        1779,      -2.736914742,      -0.256806532,    -0.02344706666,       2.741197565
          0,           0,        1780,      -2.736914742,      -0.256806532,    -0.02344706666,       2.741197565
          0,           0,        1781,      -2.736914742,      -0.256806532,    -0.02344706666,       2.741197565
          0,           0,        1782,      -2.736914742,      -0.256806532,    -0.02344706666,       2.741197565
          0,           0,        1783,      -2.736914742,      -0.256806532,    -0.02344706666,       2.741197565
          0,           0,        1784,      -2.736914742,      -0.256806532,    -0.02344706666,       2.741197565
          0,           0,        1785,      -2.736914742,      -0.256806532,    -0.02344706666,       2.741197565
          0,           0,        1786,      -2.736914742,      -0.256806532,    -0.02344706666,       2.741197565
          0,           0,        1787,      -2.736914742,      -0.256806532,    -0.02344706666,       2.741197565
          0,           0,        1788,      -2.736914742,      -0.256806532,    -0.02344706666,       2.741197565
          0,           0,        1789,      -2.736914742,      -0.256806532,    -0.02344706666,       2.741197565
          0,           0,        1790,      -2.736914742,      -0.256806532,    -0.02344706666,       2.741197565
          0,           0,        1791,      -2.736914742,      -0.256806532,    -0.02344706666,       2.741197565
          0,           0,        1792,      -2.736914742,      -0.256806532,    -0.02344706666,       2.741197565
          0,           0,        1793,      -2.736914742,      -0.256806532,    -0.02344706666,       2.741197565
          0,           0,        1794,      -2.736914742,      -0.256806532,    -0.02344706666,       2.741197565
          0,           0,        1795,      -2.736914742,      -0.256806532,    -0.02344706666,       2.741197565
          0,           0,        1796,      -2.736914742,      -0.256806532,    -0.02344706666,       2.741197565
          0,           0,        1797,      -2.736914742,      -0.256806532,    -0.02344706666,       2.741197565
          0,           0,        1798,      -2.736914742,      -0.256806532,    -0.02344706666,       2.741197565
          0,           0,        1799,      -2.736914742,      -0.256806532,    -0.02344706666,       2.741197565
          0,           0,        1800,      -2.736914742,      -0.256806532,    -0.02344706666,       2.741197565
          0,           0,        1801,      -2.736914742,      -0.256806532,    -0.02344706666,       2.741197565
          0,           0,        1802,      -2.736914742,      -0.256806532,    -0.02344706666,       2.741197565
          0,           0,        1803,      -2.736914742,      -0.256806532,    -0.02344706666,       2.741197565
          0,           0,        1804,      -2.736914742,      -0.256806532,    -0.02344706666,       2.741197565
          0,           0,        1805,      -2.736914742,      -0.256806532,    -0.02344706666,       2.741197565
          0,           0,        1806,      -2.736914742,      -0.256806532,    -0.02344706666,       2.741197565
          0,           0,        1807,      -2.736914742,      -0.256806532,    -0.02344706666,       2.741197565
          0,           0,        1808,      -2.736914742,      -0.256806532,    -0.02344706666,       2.741197565
          0,           0,        1809,      -2.736914742,      -0.256806532,    -0.02344706666,       2.741197565
          0,           0,        1810,      -2.736914742,      -0.256806532,    -0.02344706666,       2.741197565
          0,           0,        1811,      -2.736914742,      -0.256806532,    -0.02344706666,       2.741197565
          0,           0,        1812,      -2.736914742,      -0.256806532,    -0.02344706666,       2.741197565
          0,           0,        1813,      -2.736914742,      -0.256806532,    -0.02344706666,       2.741197565
          0,           0,        1814,      -2.736914742,      -0.256806532,    -0.02344706666,       2.741197565
          0,           0,        1815,      -2.736914742,      -0.256806532,    -0.02344706666,       2.741197565
          0,           0,        1816,      -2.736914742,      -0.256806532,    -0.02344706666,       2.741197565
          0,           0,        1817,      -2.736914742,      -0.256806532,    -0.02344706666,       2.741197565
          0,           0,        1818,      -2.736914742,      -0.256806532,    -0.02344706666,       2.741197565
          0,           0,        1819,      -2.736914742,      -0.256806532,    -0.02344706666,       2.741197565
          0,           0,        1820,      -2.736914742,      -0.256806532,    -0.02344706666,       2.741197565
          0,           0,        1821,      -2.736914742,      -0.256806532,    -0.02344706666,       2.741197565
          0,           0,        1822,      -2.736914742,      -0.256806532,    -0.02344706666,       2.741197565
          0,           0,        1823,      -2.736914742,      -0.256806532,    -0.02344706666,       2.741197565
          0,           0,        1824,      -2.736914742,      -0.256806532,    -0.02344706666,       2.741197565
          0,           0,        1825,      -2.736914742,      -0.256806532,    -0.02344706666,       2.741197565
          0,           0,        1826,      -2.736914742,      -0.256806532,    -0.02344706666,       2.741197565
          0,           0,        1827,      -2.736914742,      -0.256806532,    -0.02344706666,       2.741197565
          0,           0,        1828,      -2.736914742,      -0.256806532,    -0.02344706666,       2.741197565
          0,           0,        1829,      -2.736914742,      -0.256806532,    -0.02344706666,       2.741197565
          0,           0,        1830,      -2.736914742,      -0.256806532,    -0.02344706666,       2.741197565
          0,           0,        1831,      -2.736914742,      -0.256806532,    -0.02344706666,       2.741197565
          0,           0,        1832,      -2.736914742,      -0.256806532,    -0.02344706666,       2.741197565
          0,           0,        1833,      -2.736914742,      -0.256806532,    -0.02344706666,       2.741197565
          0,           0,        1834,      -2.736914742,      -0.256806532,    -0.02344706666,       2.741197565
          0,           0,        1835,      -2.736914742,      -0.256806532,    -0.02344706666,       2.741197565
          0,           0,        1836,      -2.736914742,      -0.256806532,    -0.02344706666,       2.741197565
          0,           0,        1837,      -2.736914742,      -0.256806532,    -0.02344706666,       2.741197565
          0,           0,        1838,      -2.736914742,      -0.256806532,    -0.02344706666,       2.741197565
          0,           0,        1839,      -2.736914742,      -0.256806532,    -0.02344706666,       2.741197565
          0,           0,        1840,      -2.736914742,      -0.256806532,    -0.02344706666,       2.741197565
          0,           0,        1841,      -2.736914742,      -0.256806532,    -0.02344706666,       2.741197565
          0,           0,        1842,      -2.736914742,      -0.256806532,    -0.02344706666,       2.741197565
          0,           0,        1843,      -2.736914742,      -0.256806532,    -0.02344706666,       2.741197565
          0,           0,        1844,      -2.736914742,      -0.256806532,    -0.02344706666,       2.741197565
          0,           0,        1845,      -2.736914742,      -0.256806532,    -0.02344706666,       2.741197565
          0,           0,        1846,      -2.736914742,      -0.256806532,    -0.02344706666,       2.741197565
          0,           0,        1847,      -2.736914742,      -0.256806532,    -0.02344706666,       2.741197565
          0,           0,        1848,      -2.736914742,      -0.256806532,    -0.02344706666,       2.741197565
          0,           0,        1849,      -2.736914742,      -0.256806532,    -0.02344706666,       2.741197565
          0,           0,        1850,      -2.736914742,      -0.256806532,    -0.02344706666,       2.741197565
          0,           0,        1851,      -2.736914742,      -0.256806532,    -0.02344706666,       2.741197565
          0,           0,        1852,      -2.736914742,      -0.256806532,    -0.02344706666,       2.741197565
          0,           0,        1853,      -2.736914742,      -0.256806532,    -0.02344706666,       2.741197565
          0,           0,        1854,      -2.736914742,      -0.256806532,    -0.02344706666,       2.741197565
          0,           0,        1855,      -2.736914742,      -0.256806532,    -0.02344706666,       2.741197565
          0,           0,        1856,      -2.736914742,      -0.256806532,    -0.02344706666,       2.741197565
          0,           0,        1857,      -2.736914742,      -0.256806532,    -0.02344706666,       2.741197565
          0,           0,        1858,      -2.736914742,      -0.256806532,    -0.02344706666,       2.741197565
          0,           0,        1859,      -2.736914742,      -0.256806532,    -0.02344706666,       2.741197565
          0,           0,        1860,      -2.736914742,      -0.256806532,    -0.02344706666,       2.741197565
          0,           0,        1861,      -2.736914742,      -0.256806532,    -0.02344706666,       2.741197565
          0,           0,        1862,      -2.736914742,      -0.256806532,    -0.02344706666,       2.741197565
          0,           0,        1863,      -2.736914742,      -0.256806532,    -0.02344706666,       2.741197565
          0,           0,        1864,      -2.736914742,      -0.256806532,    -0.02344706666,       2.741197565
          0,           0,        1865,      -2.736914742,      -0.256806532,    -0.02344706666,       2.741197565
          0,           0,        1866,      -2.736914742,      -0.256806532,    -0.02344706666,       2.741197565
          0,           0,        1867,      -2.736914742,      -0.256806532,    -0.02344706666,       2.741197565
          0,           0,        1868,      -2.736914742,      -0.256806532,    -0.02344706666,       2.741197565
          0,           0,        1869,      -2.736914742,      -0.256806532,    -0.02344706666,       2.741197565
          0,           0,        1870,      -2.736914742,      -0.256806532,    -0.02344706666,       2.741197565
          0,           0,        1871,      -2.736914742,      -0.256806532,    -0.02344706666,       2.741197565
          0,           0,        1872,      -2.736914742,      -0.256806532,    -0.02344706666,       2.741197565
          0,           0,        1873,      -2.736914742,      -0.256806532,    -0.02344706666,       2.741197565
          0,           0,        1874,      -2.736914742,      -0.256806532,    -0.02344706666,       2.741197565
          0,           0,        1875,      -2.736914742,      -0.256806532,    -0.02344706666,       2.741197565
          0,           0,        1876,      -2.736914742,      -0.256806532,    -0.02344706666,       2.741197565
          0,           0,        1877,      -2.736914742,      -0.256806532,    -0.02344706666,       2.741197565
          0,           0,        1878,      -2.736914742,      -0.256806532,    -0.02344706666,       2.741197565
          0,           0,        1879,      -2.736914742,      -0.256806532,    -0.02344706666,       2.741197565
          0,           0,        1880,      -2.736914742,      -0.256806532,    -0.02344706666,       2.741197565
          0,           0,        1881,      -2.736914742,      -0.256806532,    -0.02344706666,       2.741197565
          0,           0,        1882,      -2.736914742,      -0.256806532,    -0.02344706666,       2.741197565
          0,           0,        1883,      -2.736914742,      -0.256806532,    -0.02344706666,       2.741197565
          0,           0,        1884,      -2.736914742,      -0.256806532,    -0.02344706666,       2.741197565
          0,           0,        1885,      -2.736914742,      -0.256806532,    -0.02344706666,       2.741197565
          0,           0,        1886,      -2.736914742,      -0.256806532,    -0.02344706666,       2.741197565
          0,           0,        1887,      -2.736914742,      -0.256806532,    -0.02344706666,       2.741197565
          0,           0,        1888,      -2.736914742,      -0.256806532,    -0.02344706666,       2.741197565
          0,           0,        1889,      -2.736914742,      -0.256806532,    -0.02344706666,       2.741197565
          0,           0,        1890,      -2.736914742,      -0.256806532,    -0.02344706666,       2.741197565
          0,           0,        1891,      -2.736914742,      -0.256806532,    -0.02344706666,       2.741197565
          0,           0,        1892,      -2.736914742,      -0.256806532,    -0.02344706666,       2.741197565
          0,           0,        1893,      -2.736914742,      -0.256806532,    -0.02344706666,       2.741197565
          0,           0,        1894,      -2.736914742,      -0.256806532,    -0.02344706666,       2.741197565
          0,           0,        1895,      -2.736914742,      -0.256806532,    -0.02344706666,       2.741197565
          0,           0,        1896,      -2.736914742,      -0.256806532,    -0.02344706666,       2.741197565
          0,           0,        1897,      -2.736914742,      -0.256806532,    -0.02344706666,       2.741197565
          0,           0,        1898,      -2.736914742,      -0.256806532,    -0.02344706666,       2.741197565
          0,           0,        1899,      -2.736914742,      -0.256806532,    -0.02344706666,       2.741197565
          0,           0,        1900,      -2.736914742,      -0.256806532,    -0.02344706666,       2.741197565
          0,           0,        1901,      -2.736914742,      -0.256806532,    -0.02344706666,       2.741197565
          0,           0,        1902,      -2.736914742,      -0.256806532,    -0.02344706666,       2.741197565
          0,           0,        1903,      -2.736914742,      -0.256806532,    -0.02344706666,       2.741197565
          0,           0,        1904,      -2.736914742,      -0.256806532,    -0.02344706666,       2.741197565
          0,           0,        1905,      -2.736914742,      -0.256806532,    -0.02344706666,       2.741197565
          0,           0,        1906,      -2.736914742,      -0.256806532,    -0.02344706666,       2.741197565
          0,           0,        1907,      -2.736914742,      -0.256806532,    -0.02344706666,       2.741197565
          0,           0,        1908,      -2.736914742,      -0.256806532,    -0.02344706666,       2.741197565
          0,           0,        1909,      -2.736914742,      -0.256806532,    -0.02344706666,       2.741197565
          0,           0,        1910,      -2.736914742,      -0.256806532,    -0.02344706666,       2.741197565
          0,           0,        1911,      -2.736914742,      -0.256806532,    -0.02344706666,       2.741197565
          0,           0,        1912,      -2.736914742,      -0.256806532,    -0.02344706666,       2.741197565
          0,           0,        1913,      -2.736914742,      -0.256806532,    -0.02344706666,       2.741197565
          0,           0,        1914,      -2.736914742,      -0.256806532,    -0.02344706666,       2.741197565
          0,           0,        1915,      -2.736914742,      -0.256806532,    -0.02344706666,       2.741197565
          0,           0,        1916,      -2.736914742,      -0.256806532,    -0.02344706666,       2.741197565
          0,           0,        1917,      -2.736914742,      -0.256806532,    -0.02344706666,       2.741197565
          0,           0,        1918,      -2.736914742,      -0.256806532,    -0.02344706666,       2.741197565
          0,           0,        1919,      -2.736914742,      -0.256806532,    -0.02344706666,       2.741197565
          0,           0,        1920,      -2.736914742,      -0.256806532,    -0.02344706666,       2.741197565
          0,           0,        1921,      -2.736914742,      -0.256806532,    -0.02344706666,       2.741197565
          0,           0,        1922,      -2.736914742,      -0.256806532,    -0.02344706666,       2.741197565
          0,           0,        1923,      -2.736914742,      -0.256806532,    -0.02344706666,       2.741197565
          0,           0,        1924,      -2.736914742,      -0.256806532,    -0.02344706666,       2.741197565
          0,           0,        1925,      -2.736914742,      -0.256806532,    -0.02344706666,       2.741197565
          0,           0,        1926,      -2.736914742,      -0.256806532,    -0.02344706666,       2.741197565
          0,           0,        1927,      -2.736914742,      -0.256806532,    -0.02344706666,       2.741197565
          0,           0,        1928,      -2.736914742,      -0.256806532,    -0.02344706666,       2.741197565
          0,           0,        1929,      -2.736914742,      -0.256806532,    -0.02344706666,       2.741197565
          0,           0,        1930,      -2.736914742,      -0.256806532,    -0.02344706666,       2.741197565
          0,           0,        1931,      -2.736914742,      -0.256806532,    -0.02344706666,       2.741197565
          0,           0,        1932,      -2.736914742,      -0.256806532,    -0.02344706666,       2.741197565
          0,           0,        1933,      -2.736914742,      -0.256806532,    -0.02344706666,       2.741197565
          0,           0,        1934,      -2.736914742,      -0.256806532,    -0.02344706666,       2.741197565
          0,           0,        1935,      -2.736914742,      -0.256806532,    -0.02344706666,       2.741197565
          0,           0,        1936,      -2.736914742,      -0.256806532,    -0.02344706666,       2.741197565
          0,           0,        1937,      -2.736914742,      -0.256806532,    -0.02344706666,       2.741197565
          0,           0,        1938,      -2.736914742,      -0.256806532,    -0.02344706666,       2.741197565
          0,           0,        1939,      -2.736914742,      -0.256806532,    -0.02344706666,       2.741197565
          0,           0,        1940,      -2.736914742,      -0.256806532,    -0.02344706666,       2.741197565
          0,           0,        1941,      -2.736914742,      -0.256806532,    -0.02344706666,       2.741197565
          0,           0,        1942,      -2.736914742,      -0.256806532,    -0.02344706666,       2.741197565
          0,           0,        1943,      -2.736914742,      -0.256806532,    -0.02344706666,       2.741197565
          0,           0,        1944,      -2.736914742,      -0.256806532,    -0.02344706666,       2.741197565
          0,           0,        1945,      -2.736914742,      -0.256806532,    -0.02344706666,       2.741197565
          0,           0,        1946,      -2.736914742,      -0.256806532,    -0.02344706666,       2.741197565
          0,           0,        1947,      -2.736914742,      -0.256806532,    -0.02344706666,       2.741197565
          0,           0,        1948,      -2.736914742,      -0.256806532,    -0.02344706666,       2.741197565
          0,           0,        1949,      -2.736914742,      -0.256806532,    -0.02344706666,       2.741197565
          0,           0,        1950,      -2.736914742,      -0.256806532,    -0.02344706666,       2.741197565
          0,           0,        1951,      -2.736914742,      -0.256806532,    -0.02344706666,       2.741197565
          0,           0,        1952,      -2.736914742,      -0.256806532,    -0.02344706666,       2.741197565
          0,           0,        1953,      -2.736914742,      -0.256806532,    -0.02344706666,       2.741197565
          0,           0,        1954,      -2.736914742,      -0.256806532,    -0.02344706666,       2.741197565
          0,           0,        1955,      -2.736914742,      -0.256806532,    -0.02344706666,       2.741197565
          0,           0,        1956,      -2.736914742,      -0.256806532,    -0.02344706666,       2.741197565
          0,           0,        1957,      -2.736914742,      -0.256806532,    -0.02344706666,       2.741197565
          0,           0,        1958,      -2.736914742,      -0.256806532,    -0.02344706666,       2.741197565
          0,           0,        1959,      -2.736914742,      -0.256806532,    -0.02344706666,       2.741197565
          0,           0,        1960,      -2.736914742,      -0.256806532,    -0.02344706666,       2.741197565
          0,           0,        1961,      -2.736914742,      -0.256806532,    -0.02344706666,       2.741197565
          0,           0,        1962,      -2.736914742,      -0.256806532,    -0.02344706666,       2.741197565
          0,           0,        1963,      -2.736914742,      -0.256806532,    -0.02344706666,       2.741197565
          0,           0,        1964,      -2.736914742,      -0.256806532,    -0.02344706666,       2.741197565
          0,           0,        1965,      -2.736914742,      -0.256806532,    -0.02344706666,       2.741197565
          0,           0,        1966,      -2.736914742,      -0.256806532,    -0.02344706666,       2.741197565
          0,           0,        1967,      -2.736914742,      -0.256806532,    -0.02344706666,       2.741197565
          0,           0,        1968,      -2.736914742,      -0.256806532,    -0.02344706666,       2.741197565
          0,           0,        1969,      -2.736914742,      -0.256806532,    -0.02344706666,       2.741197565
          0,           0,        1970,      -2.736914742,      -0.256806532,    -0.02344706666,       2.741197565
          0,           0,        1971,      -2.736914742,      -0.256806532,    -0.02344706666,       2.741197565
          0,           0,        1972,      -2.736914742,      -0.256806532,    -0.02344706666,       2.741197565
          0,           0,        1973,      -2.736914742,      -0.256806532,    -0.02344706666,       2.741197565
          0,           0,        1974,      -2.736914742,      -0.256806532,    -0.02344706666,       2.741197565
          0,           0,        1975,      -2.736914742,      -0.256806532,    -0.02344706666,       2.741197565
          0,           0,        1976,      -2.736914742,      -0.256806532,    -0.02344706666,       2.741197565
          0,           0,        1977,      -2.736914742,      -0.256806532,    -0.02344706666,       2.741197565
          0,           0,        1978,      -2.736914742,      -0.256806532,    -0.02344706666,       2.741197565
          0,           0,        1979,      -2.736914742,      -0.256806532,    -0.02344706666,       2.741197565
          0,           0,        1980,      -2.736914742,      -0.256806532,    -0.02344706666,       2.741197565
          0,           0,        1981,      -2.736914742,      -0.256806532,    -0.02344706666,       2.741197565
          0,           0,        1982,      -2.736914742,      -0.256806532,    -0.02344706666,       2.741197565
          0,           0,        1983,      -2.736914742,      -0.256806532,    -0.02344706666,       2.741197565
          0,           0,        1984,      -2.736914742,      -0.256806532,    -0.02344706666,       2.741197565
          0,           0,        1985,      -2.736914742,      -0.256806532,    -0.02344706666,       2.741197565
          0,           0,        1986,      -2.736914742,      -0.256806532,    -0.02344706666,       2.741197565
          0,           0,        1987,      -2.736914742,      -0.256806532,    -0.02344706666,       2.741197565
          0,           0,        1988,      -2.736914742,      -0.256806532,    -0.02344706666,       2.741197565
          0,           0,        1989,      -2.736914742,      -0.256806532,    -0.02344706666,       2.741197565
          0,           0,        1990,      -2.736914742,      -0.256806532,    -0.02344706666,       2.741197565
          0,           0,        1991,      -2.736914742,      -0.256806532,    -0.02344706666,       2.741197565
          0,           0,        1992,      -2.736914742,      -0.256806532,    -0.02344706666,       2.741197565
          0,           0,        1993,      -2.736914742,      -0.256806532,    -0.02344706666,       2.741197565
          0,           0,        1994,      -2.736914742,      -0.256806532,    -0.02344706666,       2.741197565
          0,           0,        1995,      -2.736914742,      -0.256806532,    -0.02344706666,       2.741197565
          0,           0,        1996,      -2.736914742,      -0.256806532,    -0.02344706666,       2.741197565
          0,           0,        1997,      -2.736914742,      -0.256806532,    -0.02344706666,       2.741197565
          0,           0,        1998,      -2.736914742,      -0.256806532,    -0.02344706666,       2.741197565
          0,           0,        1999,      -2.736914742,      -0.256806532,    -0.02344706666,       2.741197565
          0,           0,        2000,      -2.736914742,      -0.256806532,    -0.02344706666,       2.741197565
          0,           0,        2001,      -2.736914742,      -0.256806532,    -0.02344706666,       2.741197565
          0,           0,        2002,      -2.736914742,      -0.256806532,    -0.02344706666,       2.741197565
          0,           0,        2003,      -2.736914742,      -0.256806532,    -0.02344706666,       2.741197565
          0,           0,        2004,      -2.736914742,      -0.256806532,    -0.02344706666,       2.741197565
          0,           0,        2005,      -2.736914742,      -0.256806532,    -0.02344706666,       2.741197565
          0,           0,        2006,      -2.736914742,      -0.256806532,    -0.02344706666,       2.741197565
          0,           0,        2007,      -2.736914742,      -0.256806532,    -0.02344706666,       2.741197565
          0,           0,        2008,      -2.736914742,      -0.256806532,    -0.02344706666,       2.741197565
          0,           0,        2009,      -2.736914742,      -0.256806532,    -0.02344706666,       2.741197565
          0,           0,        2010,      -2.736914742,      -0.256806532,    -0.02344706666,       2.741197565
          0,           0,        2011,      -2.736914742,      -0.256806532,    -0.02344706666,       2.741197565
          0,           0,        2012,      -2.736914742,      -0.256806532,    -0.02344706666,       2.741197565
          0,           0,        2013,      -2.736914742,      -0.256806532,    -0.02344706666,       2.741197565
          0,           0,        2014,      -2.736914742,      -0.256806532,    -0.02344706666,       2.741197565
          0,           0,        2015,      -2.736914742,      -0.256806532,    -0.02344706666,       2.741197565
          0,           0,        2016,      -2.736914742,      -0.256806532,    -0.02344706666,       2.741197565
          0,           0,        2017,      -2.736914742,      -0.256806532,    -0.02344706666,       2.741197565
          0,           0,        2018,      -2.736914742,      -0.256806532,    -0.02344706666,       2.741197565
          0,           0,        2019,      -2.736914742,      -0.256806532,    -0.02344706666,       2.741197565
          0,           0,        2020,      -2.736914742,      -0.256806532,    -0.02344706666,       2.741197565
          0,           0,        2021,      -2.736914742,      -0.256806532,    -0.02344706666,       2.741197565
          0,           0,        2022,      -2.736914742,      -0.256806532,    -0.02344706666,       2.741197565
          0,           0,        2023,      -2.736914742,      -0.256806532,    -0.02344706666,       2.741197565
          0,           0,        2024,      -2.736914742,      -0.256806532,    -0.02344706666,       2.741197565
          0,           0,        2025,      -2.736914742,      -0.256806532,    -0.02344706666,       2.741197565
          0,           0,        2026,      -2.736914742,      -0.256806532,    -0.02344706666,       2.741197565
          0,           0,        2027,      -2.736914742,      -0.256806532,    -0.02344706666,       2.741197565
          0,           0,        2028,      -2.736914742,      -0.256806532,    -0.02344706666,       2.741197565
          0,           0,        2029,      -2.736914742,      -0.256806532,    -0.02344706666,       2.741197565
          0,           0,        2030,      -2.736914742,      -0.256806532,    -0.02344706666,       2.741197565
          0,           0,        2031,      -2.736914742,      -0.256806532,    -0.02344706666,       2.741197565
          0,           0,        2032,      -2.736914742,      -0.256806532,    -0.02344706666,       2.741197565
          0,           0,        2033,      -2.736914742,      -0.256806532,    -0.02344706666,       2.741197565
          0,           0,        2034,      -2.736914742,      -0.256806532,    -0.02344706666,       2.741197565
          0,           0,        2035,      -2.736914742,      -0.256806532,    -0.02344706666,       2.741197565
          0,           0,        2036,      -2.736914742,      -0.256806532,    -0.02344706666,       2.741197565
          0,           0,        2037,      -2.736914742,      -0.256806532,    -0.02344706666,       2.741197565
          0,           0,        2038,      -2.736914742,      -0.256806532,    -0.02344706666,       2.741197565
          0,           0,        2039,      -2.736914742,      -0.256806532,    -0.02344706666,       2.741197565
          0,           0,        2040,      -2.736914742,      -0.256806532,    -0.02344706666,       2.741197565
          0,           0,        2041,      -2.736914742,      -0.256806532,    -0.02344706666,       2.741197565
          0,           0,        2042,      -2.736914742,      -0.256806532,    -0.02344706666,       2.741197565
          0,           0,        2043,      -2.736914742,      -0.256806532,    -0.02344706666,       2.741197565
          0,           0,        2044,      -2.736914742,      -0.256806532,    -0.02344706666,       2.741197565
          0,           0,        2045,      -2.736914742,      -0.256806532,    -0.02344706666,       2.741197565
          0,           0,        2046,      -2.736914742,      -0.256806532,    -0.02344706666,       2.741197565
          0,           0,        2047,      -2.736914742,      -0.256806532,    -0.02344706666,       2.741197565
          0,           0,        2048,      -2.736914742,      -0.256806532,    -0.02344706666,       2.741197565
          0,           0,        2049,      -2.736914742,      -0.256806532,    -0.02344706666,       2.741197565
          0,           0,        2050,      -2.736914742,      -0.256806532,    -0.02344706666,       2.741197565
          0,           0,        2051,      -2.736914742,      -0.256806532,    -0.02344706666,       2.741197565
          0,           0,        2052,      -2.736914742,      -0.256806532,    -0.02344706666,       2.741197565
          0,           0,        2053,      -2.736914742,      -0.256806532,    -0.02344706666,       2.741197565
          0,           0,        2054,      -2.736914742,      -0.256806532,    -0.02344706666,       2.741197565
          0,           0,        2055,      -2.736914742,      -0.256806532,    -0.02344706666,       2.741197565
          0,           0,        2056,      -2.736914742,      -0.256806532,    -0.02344706666,       2.741197565
          0,           0,        2057,      -2.736914742,      -0.256806532,    -0.02344706666,       2.741197565
          0,           0,        2058,      -2.736914742,      -0.256806532,    -0.02344706666,       2.741197565
          0,           0,        2059,      -2.736914742,      -0.256806532,    -0.02344706666,       2.741197565
          0,           0,        2060,      -2.736914742,      -0.256806532,    -0.02344706666,       2.741197565
          0,           0,        2061,      -2.736914742,      -0.256806532,    -0.02344706666,       2.741197565
          0,           0,        2062,      -2.736914742,      -0.256806532,    -0.02344706666,       2.741197565
          0,           0,        2063,      -2.736914742,      -0.256806532,    -0.02344706666,       2.741197565
          0,           0,        2064,      -2.736914742,      -0.256806532,    -0.02344706666,       2.741197565
          0,           0,        2065,      -2.736914742,      -0.256806532,    -0.02344706666,       2.741197565
          0,           0,        2066,      -2.736914742,      -0.256806532,    -0.02344706666,       2.741197565
          0,           0,        2067,      -2.736914742,      -0.256806532,    -0.02344706666,       2.741197565
          0,           0,        2068,      -2.736914742,      -0.256806532,    -0.02344706666,       2.741197565
          0,           0,        2069,      -2.736914742,      -0.256806532,    -0.02344706666,       2.741197565
          0,           0,        2070,      -2.736914742,      -0.256806532,    -0.02344706666,       2.741197565
          0,           0,        2071,      -2.736914742,      -0.256806532,    -0.02344706666,       2.741197565
          0,           0,        2072,      -2.736914742,      -0.256806532,    -0.02344706666,       2.741197565
          0,           0,        2073,      -2.736914742,      -0.256806532,    -0.02344706666,       2.741197565
          0,           0,        2074,      -2.736914742,      -0.256806532,    -0.02344706666,       2.741197565
          0,           0,        2075,      -2.736914742,      -0.256806532,    -0.02344706666,       2.741197565
          0,           0,        2076,      -2.736914742,      -0.256806532,    -0.02344706666,       2.741197565
          0,           0,        2077,      -2.736914742,      -0.256806532,    -0.02344706666,       2.741197565
          0,           0,        2078,      -2.736914742,      -0.256806532,    -0.02344706666,       2.741197565
          0,           0,        2079,      -2.736914742,      -0.256806532,    -0.02344706666,       2.741197565
          0,           0,        2080,      -2.736914742,      -0.256806532,    -0.02344706666,       2.741197565
          0,           0,        2081,      -2.736914742,      -0.256806532,    -0.02344706666,       2.741197565
          0,           0,        2082,      -2.736914742,      -0.256806532,    -0.02344706666,       2.741197565
          0,           0,        2083,      -2.736914742,      -0.256806532,    -0.02344706666,       2.741197565
          0,           0,        2084,      -2.736914742,      -0.256806532,    -0.02344706666,       2.741197565
          0,           0,        2085,      -2.736914742,      -0.256806532,    -0.02344706666,       2.741197565
          0,           0,        2086,      -2.736914742,      -0.256806532,    -0.02344706666,       2.741197565
          0,           0,        2087,      -2.736914742,      -0.256806532,    -0.02344706666,       2.741197565
          0,           0,        2088,      -2.736914742,      -0.256806532,    -0.02344706666,       2.741197565
          0,           0,        2089,      -2.736914742,      -0.256806532,    -0.02344706666,       2.741197565
          0,           0,        2090,      -2.736914742,      -0.256806532,    -0.02344706666,       2.741197565
          0,           0,        2091,      -2.736914742,      -0.256806532,    -0.02344706666,       2.741197565
          0,           0,        2092,      -2.736914742,      -0.256806532,    -0.02344706666,       2.741197565
          0,           0,        2093,      -2.736914742,      -0.256806532,    -0.02344706666,       2.741197565
          0,           0,        2094,      -2.736914742,      -0.256806532,    -0.02344706666,       2.741197565
          0,           0,        2095,      -2.736914742,      -0.256806532,    -0.02344706666,       2.741197565
          0,           0,        2096,      -2.736914742,      -0.256806532,    -0.02344706666,       2.741197565
          0,           0,        2097,      -2.736914742,      -0.256806532,    -0.02344706666,       2.741197565
          0,           0,        2098,      -2.736914742,      -0.256806532,    -0.02344706666,       2.741197565
          0,           0,        2099,      -2.736914742,      -0.256806532,    -0.02344706666,       2.741197565
          0,           0,        2100,      -2.736914742,      -0.256806532,    -0.02344706666,       2.741197565
          0,           0,        2101,      -2.736914742,      -0.256806532,    -0.02344706666,       2.741197565
          0,           0,        2102,      -2.736914742,      -0.256806532,    -0.02344706666,       2.741197565
          0,           0,        2103,      -2.736914742,      -0.256806532,    -0.02344706666,       2.741197565
          0,           0,        2104,      -2.736914742,      -0.256806532,    -0.02344706666,       2.741197565
          0,           0,        2105,      -2.736914742,      -0.256806532,    -0.02344706666,       2.741197565
          0,           0,        2106,      -2.736914742,      -0.256806532,    -0.02344706666,       2.741197565
          0,           0,        2107,      -2.736914742,      -0.256806532,    -0.02344706666,       2.741197565
          0,           0,        2108,      -2.736914742,      -0.256806532,    -0.02344706666,       2.741197565
          0,           0,        2109,      -2.736914742,      -0.256806532,    -0.02344706666,       2.741197565
          0,           0,        2110,      -2.736914742,      -0.256806532,    -0.02344706666,       2.741197565
          0,           0,        2111,      -2.736914742,      -0.256806532,    -0.02344706666,       2.741197565
          0,           0,        2112,      -2.736914742,      -0.256806532,    -0.02344706666,       2.741197565
          0,           0,        2113,      -2.736914742,      -0.256806532,    -0.02344706666,       2.741197565
          0,           0,        2114,      -2.736914742,      -0.256806532,    -0.02344706666,       2.741197565
          0,           0,        2115,      -2.736914742,      -0.256806532,    -0.02344706666,       2.741197565
          0,           0,        2116,      -2.736914742,      -0.256806532,    -0.02344706666,       2.741197565
          0,           0,        2117,      -2.736914742,      -0.256806532,    -0.02344706666,       2.741197565
          0,           0,        2118,      -2.736914742,      -0.256806532,    -0.02344706666,       2.741197565
          0,           0,        2119,      -2.736914742,      -0.256806532,    -0.02344706666,       2.741197565
          0,           0,        2120,      -2.736914742,      -0.256806532,    -0.02344706666,       2.741197565
          0,           0,        2121,      -2.736914742,      -0.256806532,    -0.02344706666,       2.741197565
          0,           0,        2122,      -2.736914742,      -0.256806532,    -0.02344706666,       2.741197565
          0,           0,        2123,      -2.736914742,      -0.256806532,    -0.02344706666,       2.741197565
          0,           0,        2124,      -2.736914742,      -0.256806532,    -0.02344706666,       2.741197565
          0,           0,        2125,      -2.736914742,      -0.256806532,    -0.02344706666,       2.741197565
          0,           0,        2126,      -2.736914742,      -0.256806532,    -0.02344706666,       2.741197565
          0,           0,        2127,      -2.736914742,      -0.256806532,    -0.02344706666,       2.741197565
          0,           0,        2128,      -2.736914742,      -0.256806532,    -0.02344706666,       2.741197565
          0,           0,        2129,      -2.736914742,      -0.256806532,    -0.02344706666,       2.741197565
          0,           0,        2130,      -2.736914742,      -0.256806532,    -0.02344706666,       2.741197565
          0,           0,        2131,      -2.736914742,      -0.256806532,    -0.02344706666,       2.741197565
          0,           0,        2132,      -2.736914742,      -0.256806532,    -0.02344706666,       2.741197565
          0,           0,        2133,      -2.736914742,      -0.256806532,    -0.02344706666,       2.741197565
          0,           0,        2134,      -2.736914742,      -0.256806532,    -0.02344706666,       2.741197565
          0,           0,        2135,      -2.736914742,      -0.256806532,    -0.02344706666,       2.741197565
          0,           0,        2136,      -2.736914742,      -0.256806532,    -0.02344706666,       2.741197565
          0,           0,        2137,      -2.736914742,      -0.256806532,    -0.02344706666,       2.741197565
          0,           0,        2138,      -2.736914742,      -0.256806532,    -0.02344706666,       2.741197565
          0,           0,        2139,      -2.736914742,      -0.256806532,    -0.02344706666,       2.741197565
          0,           0,        2140,      -2.736914742,      -0.256806532,    -0.02344706666,       2.741197565
          0,           0,        2141,      -2.736914742,      -0.256806532,    -0.02344706666,       2.741197565
          0,           0,        2142,      -2.736914742,      -0.256806532,    -0.02344706666,       2.741197565
          0,           0,        2143,      -2.736914742,      -0.256806532,    -0.02344706666,       2.741197565
          0,           0,        2144,      -2.736914742,      -0.256806532,    -0.02344706666,       2.741197565
          0,           0,        2145,      -2.736914742,      -0.256806532,    -0.02344706666,       2.741197565
          0,           0,        2146,      -2.736914742,      -0.256806532,    -0.02344706666,       2.741197565
          0,           0,        2147,      -2.736914742,      -0.256806532,    -0.02344706666,       2.741197565
          0,           0,        2148,      -2.736914742,      -0.256806532,    -0.02344706666,       2.741197565
          0,           0,        2149,      -2.736914742,      -0.256806532,    -0.02344706666,       2.741197565
          0,           0,        2150,      -2.736914742,      -0.256806532,    -0.02344706666,       2.741197565
          0,           0,        2151,      -2.736914742,      -0.256806532,    -0.02344706666,       2.741197565
          0,           0,        2152,      -2.736914742,      -0.256806532,    -0.02344706666,       2.741197565
          0,           0,        2153,      -2.736914742,      -0.256806532,    -0.02344706666,       2.741197565
          0,           0,        2154,      -2.736914742,      -0.256806532,    -0.02344706666,       2.741197565
          0,           0,        2155,      -2.736914742,      -0.256806532,    -0.02344706666,       2.741197565
          0,           0,        2156,      -2.736914742,      -0.256806532,    -0.02344706666,       2.741197565
          0,           0,        2157,      -2.736914742,      -0.256806532,    -0.02344706666,       2.741197565
          0,           0,        2158,      -2.736914742,      -0.256806532,    -0.02344706666,       2.741197565
          0,           0,        2159,      -2.736914742,      -0.256806532,    -0.02344706666,       2.741197565
          0,           0,        2160,      -2.736914742,      -0.256806532,    -0.02344706666,       2.741197565
          0,           0,        2161,      -2.736914742,      -0.256806532,    -0.02344706666,       2.741197565
          0,           0,        2162,      -2.736914742,      -0.256806532,    -0.02344706666,       2.741197565
          0,           0,        2163,      -2.736914742,      -0.256806532,    -0.02344706666,       2.741197565
          0,           0,        2164,      -2.736914742,      -0.256806532,    -0.02344706666,       2.741197565
          0,           0,        2165,      -2.736914742,      -0.256806532,    -0.02344706666,       2.741197565
          0,           0,        2166,      -2.736914742,      -0.256806532,    -0.02344706666,       2.741197565
          0,           0,        2167,      -2.736914742,      -0.256806532,    -0.02344706666,       2.741197565
          0,           0,        2168,      -2.736914742,      -0.256806532,    -0.02344706666,       2.741197565
          0,           0,        2169,      -2.736914742,      -0.256806532,    -0.02344706666,       2.741197565
          0,           0,        2170,      -2.736914742,      -0.256806532,    -0.02344706666,       2.741197565
          0,           0,        2171,      -2.736914742,      -0.256806532,    -0.02344706666,       2.741197565
          0,           0,        2172,      -2.736914742,      -0.256806532,    -0.02344706666,       2.741197565
          0,           0,        2173,      -2.736914742,      -0.256806532,    -0.02344706666,       2.741197565
          0,           0,        2174,      -2.736914742,      -0.256806532,    -0.02344706666,       2.741197565
          0,           0,        2175,      -2.736914742,      -0.256806532,    -0.02344706666,       2.741197565
          0,           0,        2176,      -2.736914742,      -0.256806532,    -0.02344706666,       2.741197565
          0,           0,        2177,      -2.736914742,      -0.256806532,    -0.02344706666,       2.741197565
          0,           0,        2178,      -2.736914742,      -0.256806532,    -0.02344706666,       2.741197565
          0,           0,        2179,      -2.736914742,      -0.256806532,    -0.02344706666,       2.741197565
          0,           0,        2180,      -2.736914742,      -0.256806532,    -0.02344706666,       2.741197565
          0,           0,        2181,      -2.736914742,      -0.256806532,    -0.02344706666,       2.741197565
          0,           0,        2182,      -2.736914742,      -0.256806532,    -0.02344706666,       2.741197565
          0,           0,        2183,      -2.736914742,      -0.256806532,    -0.02344706666,       2.741197565
          0,           0,        2184,      -2.736914742,      -0.256806532,    -0.02344706666,       2.741197565
          0,           0,        2185,      -2.736914742,      -0.256806532,    -0.02344706666,       2.741197565
          0,           0,        2186,      -2.736914742,      -0.256806532,    -0.02344706666,       2.741197565
          0,           0,        2187,      -2.736914742,      -0.256806532,    -0.02344706666,       2.741197565
          0,           0,        2188,      -2.736914742,      -0.256806532,    -0.02344706666,       2.741197565
          0,           0,        2189,      -2.736914742,      -0.256806532,    -0.02344706666,       2.741197565
          0,           0,        2190,      -2.736914742,      -0.256806532,    -0.02344706666,       2.741197565
          0,           0,        2191,      -2.736914742,      -0.256806532,    -0.02344706666,       2.741197565
          0,           0,        2192,      -2.736914742,      -0.256806532,    -0.02344706666,       2.741197565
          0,           0,        2193,      -2.736914742,      -0.256806532,    -0.02344706666,       2.741197565
          0,           0,        2194,      -2.736914742,      -0.256806532,    -0.02344706666,       2.741197565
          0,           0,        2195,      -2.736914742,      -0.256806532,    -0.02344706666,       2.741197565
          0,           0,        2196,      -2.736914742,      -0.256806532,    -0.02344706666,       2.741197565
          0,           0,        2197,      -2.736914742,      -0.256806532,    -0.02344706666,       2.741197565
          0,           0,        2198,      -2.736914742,      -0.256806532,    -0.02344706666,       2.741197565
          0,           0,        2199,      -2.736914742,      -0.256806532,    -0.02344706666,       2.741197565
          0,           0,        2200,      -2.736914742,      -0.256806532,    -0.02344706666,       2.741197565
          0,           0,        2201,      -2.736914742,      -0.256806532,    -0.02344706666,       2.741197565
          0,           0,        2202,      -2.736914742,      -0.256806532,    -0.02344706666,       2.741197565
          0,           0,        2203,      -2.736914742,      -0.256806532,    -0.02344706666,       2.741197565
          0,           0,        2204,      -2.736914742,      -0.256806532,    -0.02344706666,       2.741197565
          0,           0,        2205,      -2.736914742,      -0.256806532,    -0.02344706666,       2.741197565
          0,           0,        2206,      -2.736914742,      -0.256806532,    -0.02344706666,       2.741197565
          0,           0,        2207,      -2.736914742,      -0.256806532,    -0.02344706666,       2.741197565
          0,           0,        2208,      -2.736914742,      -0.256806532,    -0.02344706666,       2.741197565
          0,           0,        2209,      -2.736914742,      -0.256806532,    -0.02344706666,       2.741197565
          0,           0,        2210,      -2.736914742,      -0.256806532,    -0.02344706666,       2.741197565
          0,           0,        2211,      -2.736914742,      -0.256806532,    -0.02344706666,       2.741197565
          0,           0,        2212,      -2.736914742,      -0.256806532,    -0.02344706666,       2.741197565
          0,           0,        2213,      -2.736914742,      -0.256806532,    -0.02344706666,       2.741197565
          0,           0,        2214,      -2.736914742,      -0.256806532,    -0.02344706666,       2.741197565
          0,           0,        2215,      -2.736914742,      -0.256806532,    -0.02344706666,       2.741197565
          0,           0,        2216,      -2.736914742,      -0.256806532,    -0.02344706666,       2.741197565
          0,           0,        2217,      -2.736914742,      -0.256806532,    -0.02344706666,       2.741197565
          0,           0,        2218,      -2.736914742,      -0.256806532,    -0.02344706666,       2.741197565
          0,           0,        2219,      -2.736914742,      -0.256806532,    -0.02344706666,       2.741197565
          0,           0,        2220,      -2.736914742,      -0.256806532,    -0.02344706666,       2.741197565
          0,           0,        2221,      -2.736914742,      -0.256806532,    -0.02344706666,       2.741197565
          0,           0,        2222,      -2.736914742,      -0.256806532,    -0.02344706666,       2.741197565
          0,           0,        2223,      -2.736914742,      -0.256806532,    -0.02344706666,       2.741197565
          0,           0,        2224,      -2.736914742,      -0.256806532,    -0.02344706666,       2.741197565
          0,           0,        2225,      -2.736914742,      -0.256806532,    -0.02344706666,       2.741197565
          0,           0,        2226,      -2.736914742,      -0.256806532,    -0.02344706666,       2.741197565
          0,           0,        2227,      -2.736914742,      -0.256806532,    -0.02344706666,       2.741197565
          0,           0,        2228,      -2.736914742,      -0.256806532,    -0.02344706666,       2.741197565
          0,           0,        2229,      -2.736914742,      -0.256806532,    -0.02344706666,       2.741197565
          0,           0,        2230,      -2.736914742,      -0.256806532,    -0.02344706666,       2.741197565
          0,           0,        2231,      -2.736914742,      -0.256806532,    -0.02344706666,       2.741197565
          0,           0,        2232,      -2.736914742,      -0.256806532,    -0.02344706666,       2.741197565
          0,           0,        2233,      -2.736914742,      -0.256806532,    -0.02344706666,       2.741197565
          0,           0,        2234,      -2.736914742,      -0.256806532,    -0.02344706666,       2.741197565
          0,           0,        2235,      -2.736914742,      -0.256806532,    -0.02344706666,       2.741197565
          0,           0,        2236,      -2.736914742,      -0.256806532,    -0.02344706666,       2.741197565
          0,           0,        2237,      -2.736914742,      -0.256806532,    -0.02344706666,       2.741197565
          0,           0,        2238,      -2.736914742,      -0.256806532,    -0.02344706666,       2.741197565
          0,           0,        2239,      -2.736914742,      -0.256806532,    -0.02344706666,       2.741197565
          0,           0,        2240,      -2.736914742,      -0.256806532,    -0.02344706666,       2.741197565
          0,           0,        2241,      -2.736914742,      -0.256806532,    -0.02344706666,       2.741197565
          0,           0,        2242,      -2.736914742,      -0.256806532,    -0.02344706666,       2.741197565
          0,           0,        2243,      -2.736914742,      -0.256806532,    -0.02344706666,       2.741197565
          0,           0,        2244,      -2.736914742,      -0.256806532,    -0.02344706666,       2.741197565
          0,           0,        2245,      -2.736914742,      -0.256806532,    -0.02344706666,       2.741197565
          0,           0,        2246,      -2.736914742,      -0.256806532,    -0.02344706666,       2.741197565
          0,           0,        2247,      -2.736914742,      -0.256806532,    -0.02344706666,       2.741197565
          0,           0,        2248,      -2.736914742,      -0.256806532,    -0.02344706666,       2.741197565
          0,           0,        2249,      -2.736914742,      -0.256806532,    -0.02344706666,       2.741197565
          0,           0,        2250,      -2.736914742,      -0.256806532,    -0.02344706666,       2.741197565
          0,           0,        2251,      -2.736914742,      -0.256806532,    -0.02344706666,       2.741197565
          0,           0,        2252,      -2.736914742,      -0.256806532,    -0.02344706666,       2.741197565
          0,           0,        2253,      -2.736914742,      -0.256806532,    -0.02344706666,       2.741197565
          0,           0,        2254,      -2.736914742,      -0.256806532,    -0.02344706666,       2.741197565
          0,           0,        2255,      -2.736914742,      -0.256806532,    -0.02344706666,       2.741197565
          0,           0,        2256,      -2.736914742,      -0.256806532,    -0.02344706666,       2.741197565
          0,           0,        2257,      -2.736914742,      -0.256806532,    -0.02344706666,       2.741197565
          0,           0,        2258,      -2.736914742,      -0.256806532,    -0.02344706666,       2.741197565
          0,           0,        2259,      -2.736914742,      -0.256806532,    -0.02344706666,       2.741197565
          0,           0,        2260,      -2.736914742,      -0.256806532,    -0.02344706666,       2.741197565
          0,           0,        2261,      -2.736914742,      -0.256806532,    -0.02344706666,       2.741197565
          0,           0,        2262,      -2.736914742,      -0.256806532,    -0.02344706666,       2.741197565
          0,           0,        2263,      -2.736914742,      -0.256806532,    -0.02344706666,       2.741197565
          0,           0,        2264,      -2.736914742,      -0.256806532,    -0.02344706666,       2.741197565
          0,           0,        2265,      -2.736914742,      -0.256806532,    -0.02344706666,       2.741197565
          0,           0,        2266,      -2.736914742,      -0.256806532,    -0.02344706666,       2.741197565
          0,           0,        2267,      -2.736914742,      -0.256806532,    -0.02344706666,       2.741197565
          0,           0,        2268,      -2.736914742,      -0.256806532,    -0.02344706666,       2.741197565
          0,           0,        2269,      -2.736914742,      -0.256806532,    -0.02344706666,       2.741197565
          0,           0,        2270,      -2.736914742,      -0.256806532,    -0.02344706666,       2.741197565
          0,           0,        2271,      -2.736914742,      -0.256806532,    -0.02344706666,       2.741197565
          0,           0,        2272,      -2.736914742,      -0.256806532,    -0.02344706666,       2.741197565
          0,           0,        2273,      -2.736914742,      -0.256806532,    -0.02344706666,       2.741197565
          0,           0,        2274,      -2.736914742,      -0.256806532,    -0.02344706666,       2.741197565
          0,           0,        2275,      -2.736914742,      -0.256806532,    -0.02344706666,       2.741197565
          0,           0,        2276,      -2.736914742,      -0.256806532,    -0.02344706666,       2.741197565
          0,           0,        2277,      -2.736914742,      -0.256806532,    -0.02344706666,       2.741197565
          0,           0,        2278,      -2.736914742,      -0.256806532,    -0.02344706666,       2.741197565
          0,           0,        2279,      -2.736914742,      -0.256806532,    -0.02344706666,       2.741197565
          0,           0,        2280,      -2.736914742,      -0.256806532,    -0.02344706666,       2.741197565
          0,           0,        2281,      -2.736914742,      -0.256806532,    -0.02344706666,       2.741197565
          0,           0,        2282,      -2.736914742,      -0.256806532,    -0.02344706666,       2.741197565
          0,           0,        2283,      -2.736914742,      -0.256806532,    -0.02344706666,       2.741197565
          0,           0,        2284,      -2.736914742,      -0.256806532,    -0.02344706666,       2.741197565
          0,           0,        2285,      -2.736914742,      -0.256806532,    -0.02344706666,       2.741197565
          0,           0,        2286,      -2.736914742,      -0.256806532,    -0.02344706666,       2.741197565
          0,           0,        2287,      -2.736914742,      -0.256806532,    -0.02344706666,       2.741197565
          0,           0,        2288,      -2.736914742,      -0.256806532,    -0.02344706666,       2.741197565
          0,           0,        2289,      -2.736914742,      -0.256806532,    -0.02344706666,       2.741197565
          0,           0,        2290,      -2.736914742,      -0.256806532,    -0.02344706666,       2.741197565
          0,           0,        2291,      -2.736914742,      -0.256806532,    -0.02344706666,       2.741197565
          0,           0,        2292,      -2.736914742,      -0.256806532,    -0.02344706666,       2.741197565
          0,           0,        2293,      -2.736914742,      -0.256806532,    -0.02344706666,       2.741197565
          0,           0,        2294,      -2.736914742,      -0.256806532,    -0.02344706666,       2.741197565
          0,           0,        2295,      -2.736914742,      -0.256806532,    -0.02344706666,       2.741197565
          0,           0,        2296,      -2.736914742,      -0.256806532,    -0.02344706666,       2.741197565
          0,           0,        2297,      -2.736914742,      -0.256806532,    -0.02344706666,       2.741197565
          0,           0,        2298,      -2.736914742,      -0.256806532,    -0.02344706666,       2.741197565
          0,           0,        2299,      -2.736914742,      -0.256806532,    -0.02344706666,       2.741197565
          0,           0,        2300,      -2.736914742,      -0.256806532,    -0.02344706666,       2.741197565
          0,           0,        2301,      -2.736914742,      -0.256806532,    -0.02344706666,       2.741197565
          0,           0,        2302,      -2.736914742,      -0.256806532,    -0.02344706666,       2.741197565
          0,           0,        2303,      -2.736914742,      -0.256806532,    -0.02344706666,       2.741197565
          0,           0,        2304,      -2.736914742,      -0.256806532,    -0.02344706666,       2.741197565
          0,           0,        2305,      -2.736914742,      -0.256806532,    -0.02344706666,       2.741197565
          0,           0,        2306,      -2.736914742,      -0.256806532,    -0.02344706666,       2.741197565
          0,           0,        2307,      -2.736914742,      -0.256806532,    -0.02344706666,       2.741197565
          0,           0,        2308,      -2.736914742,      -0.256806532,    -0.02344706666,       2.741197565
          0,           0,        2309,      -2.736914742,      -0.256806532,    -0.02344706666,       2.741197565
          0,           0,        2310,      -2.736914742,      -0.256806532,    -0.02344706666,       2.741197565
          0,           0,        2311,      -2.736914742,      -0.256806532,    -0.02344706666,       2.741197565
          0,           0,        2312,      -2.736914742,      -0.256806532,    -0.02344706666,       2.741197565
          0,           0,        2313,      -2.736914742,      -0.256806532,    -0.02344706666,       2.741197565
          0,           0,        2314,      -2.736914742,      -0.256806532,    -0.02344706666,       2.741197565
          0,           0,        2315,      -2.736914742,      -0.256806532,    -0.02344706666,       2.741197565
          0,           0,        2316,      -2.736914742,      -0.256806532,    -0.02344706666,       2.741197565
          0,           0,        2317,      -2.736914742,      -0.256806532,    -0.02344706666,       2.741197565
          0,           0,        2318,      -2.736914742,      -0.256806532,    -0.02344706666,       2.741197565
          0,           0,        2319,      -2.736914742,      -0.256806532,    -0.02344706666,       2.741197565
          0,           0,        2320,      -2.736914742,      -0.256806532,    -0.02344706666,       2.741197565
          0,           0,        2321,      -2.736914742,      -0.256806532,    -0.02344706666,       2.741197565
          0,           0,        2322,      -2.736914742,      -0.256806532,    -0.02344706666,       2.741197565
          0,           0,        2323,      -2.736914742,      -0.256806532,    -0.02344706666,       2.741197565
          0,           0,        2324,      -2.736914742,      -0.256806532,    -0.02344706666,       2.741197565
          0,           0,        2325,      -2.736914742,      -0.256806532,    -0.02344706666,       2.741197565
          0,           0,        2326,      -2.736914742,      -0.256806532,    -0.02344706666,       2.741197565
          0,           0,        2327,      -2.736914742,      -0.256806532,    -0.02344706666,       2.741197565
          0,           0,        2328,      -2.736914742,      -0.256806532,    -0.02344706666,       2.741197565
          0,           0,        2329,      -2.736914742,      -0.256806532,    -0.02344706666,       2.741197565
          0,           0,        2330,      -2.736914742,      -0.256806532,    -0.02344706666,       2.741197565
          0,           0,        2331,      -2.736914742,      -0.256806532,    -0.02344706666,       2.741197565
          0,           0,        2332,      -2.736914742,      -0.256806532,    -0.02344706666,       2.741197565
          0,           0,        2333,      -2.736914742,      -0.256806532,    -0.02344706666,       2.741197565
          0,           0,        2334,      -2.736914742,      -0.256806532,    -0.02344706666,       2.741197565
          0,           0,        2335,      -2.736914742,      -0.256806532,    -0.02344706666,       2.741197565
          0,           0,        2336,      -2.736914742,      -0.256806532,    -0.02344706666,       2.741197565
          0,           0,        2337,      -2.736914742,      -0.256806532,    -0.02344706666,       2.741197565
          0,           0,        2338,      -2.736914742,      -0.256806532,    -0.02344706666,       2.741197565
          0,           0,        2339,      -2.736914742,      -0.256806532,    -0.02344706666,       2.741197565
          0,           0,        2340,      -2.736914742,      -0.256806532,    -0.02344706666,       2.741197565
          0,           0,        2341,      -2.736914742,      -0.256806532,    -0.02344706666,       2.741197565
          0,           0,        2342,      -2.736914742,      -0.256806532,    -0.02344706666,       2.741197565
          0,           0,        2343,      -2.736914742,      -0.256806532,    -0.02344706666,       2.741197565
          0,           0,        2344,      -2.736914742,      -0.256806532,    -0.02344706666,       2.741197565
          0,           0,        2345,      -2.736914742,      -0.256806532,    -0.02344706666,       2.741197565
          0,           0,        2346,      -2.736914742,      -0.256806532,    -0.02344706666,       2.741197565
          0,           0,        2347,      -2.736914742,      -0.256806532,    -0.02344706666,       2.741197565
          0,           0,        2348,      -2.736914742,      -0.256806532,    -0.02344706666,       2.741197565
          0,           0,        2349,      -2.736914742,      -0.256806532,    -0.02344706666,       2.741197565
          0,           0,        2350,      -2.736914742,      -0.256806532,    -0.02344706666,       2.741197565
          0,           0,        2351,      -2.736914742,      -0.256806532,    -0.02344706666,       2.741197565
          0,           0,        2352,      -2.736914742,      -0.256806532,    -0.02344706666,       2.741197565
          0,           0,        2353,      -2.736914742,      -0.256806532,    -0.02344706666,       2.741197565
          0,           0,        2354,      -2.736914742,      -0.256806532,    -0.02344706666,       2.741197565
          0,           0,        2355,      -2.736914742,      -0.256806532,    -0.02344706666,       2.741197565
          0,           0,        2356,      -2.736914742,      -0.256806532,    -0.02344706666,       2.741197565
          0,           0,        2357,      -2.736914742,      -0.256806532,    -0.02344706666,       2.741197565
          0,           0,        2358,      -2.736914742,      -0.256806532,    -0.02344706666,       2.741197565
          0,           0,        2359,      -2.736914742,      -0.256806532,    -0.02344706666,       2.741197565
          0,           0,        2360,      -2.736914742,      -0.256806532,    -0.02344706666,       2.741197565
          0,           0,        2361,      -2.736914742,      -0.256806532,    -0.02344706666,       2.741197565
          0,           0,        2362,      -2.736914742,      -0.256806532,    -0.02344706666,       2.741197565
          0,           0,        2363,      -2.736914742,      -0.256806532,    -0.02344706666,       2.741197565
          0,           0,        2364,      -2.736914742,      -0.256806532,    -0.02344706666,       2.741197565
          0,           0,        2365,      -2.736914742,      -0.256806532,    -0.02344706666,       2.741197565
          0,           0,        2366,      -2.736914742,      -0.256806532,    -0.02344706666,       2.741197565
          0,           0,        2367,      -2.736914742,      -0.256806532,    -0.02344706666,       2.741197565
          0,           0,        2368,      -2.736914742,      -0.256806532,    -0.02344706666,       2.741197565
          0,           0,        2369,      -2.736914742,      -0.256806532,    -0.02344706666,       2.741197565
          0,           0,        2370,      -2.736914742,      -0.256806532,    -0.02344706666,       2.741197565
          0,           0,        2371,      -2.736914742,      -0.256806532,    -0.02344706666,       2.741197565
          0,           0,        2372,      -2.736914742,      -0.256806532,    -0.02344706666,       2.741197565
          0,           0,        2373,      -2.736914742,      -0.256806532,    -0.02344706666,       2.741197565
          0,           0,        2374,      -2.736914742,      -0.256806532,    -0.02344706666,       2.741197565
          0,           0,        2375,      -2.736914742,      -0.256806532,    -0.02344706666,       2.741197565
          0,           0,        2376,      -2.736914742,      -0.256806532,    -0.02344706666,       2.741197565
          0,           0,        2377,      -2.736914742,      -0.256806532,    -0.02344706666,       2.741197565
          0,           0,        2378,      -2.736914742,      -0.256806532,    -0.02344706666,       2.741197565
          0,           0,        2379,      -2.736914742,      -0.256806532,    -0.02344706666,       2.741197565
          0,           0,        2380,      -2.736914742,      -0.256806532,    -0.02344706666,       2.741197565
          0,           0,        2381,      -2.736914742,      -0.256806532,    -0.02344706666,       2.741197565
          0,           0,        2382,      -2.736914742,      -0.256806532,    -0.02344706666,       2.741197565
          0,           0,        2383,      -2.736914742,      -0.256806532,    -0.02344706666,       2.741197565
          0,           0,        2384,      -2.736914742,      -0.256806532,    -0.02344706666,       2.741197565
          0,           0,        2385,      -2.736914742,      -0.256806532,    -0.02344706666,       2.741197565
          0,           0,        2386,      -2.736914742,      -0.256806532,    -0.02344706666,       2.741197565
          0,           0,        2387,      -2.736914742,      -0.256806532,    -0.02344706666,       2.741197565
          0,           0,        2388,      -2.736914742,      -0.256806532,    -0.02344706666,       2.741197565
          0,           0,        2389,      -2.736914742,      -0.256806532,    -0.02344706666,       2.741197565
          0,           0,        2390,      -2.736914742,      -0.256806532,    -0.02344706666,       2.741197565
          0,           0,        2391,      -2.736914742,      -0.256806532,    -0.02344706666,       2.741197565
          0,           0,        2392,      -2.736914742,      -0.256806532,    -0.02344706666,       2.741197565
          0,           0,        2393,      -2.736914742,      -0.256806532,    -0.02344706666,       2.741197565
          0,           0,        2394,      -2.736914742,      -0.256806532,    -0.02344706666,       2.741197565
          0,           0,        2395,      -2.736914742,      -0.256806532,    -0.02344706666,       2.741197565
          0,           0,        2396,      -2.736914742,      -0.256806532,    -0.02344706666,       2.741197565
          0,           0,        2397,      -2.736914742,      -0.256806532,    -0.02344706666,       2.741197565
          0,           0,        2398,      -2.736914742,      -0.256806532,    -0.02344706666,       2.741197565
          0,           0,        2399,      -2.736914742,      -0.256806532,    -0.02344706666,       2.741197565
          0,           0,        2400,      -2.736914742,      -0.256806532,    -0.02344706666,       2.741197565
          0,           0,        2401,      -2.736914742,      -0.256806532,    -0.02344706666,       2.741197565
          0,           0,        2402,      -2.736914742,      -0.256806532,    -0.02344706666,       2.741197565
          0,           0,        2403,      -2.736914742,      -0.256806532,    -0.02344706666,       2.741197565
          0,           0,        2404,      -2.736914742,      -0.256806532,    -0.02344706666,       2.741197565
          0,           0,        2405,      -2.736914742,      -0.256806532,    -0.02344706666,       2.741197565
          0,           0,        2406,      -2.736914742,      -0.256806532,    -0.02344706666,       2.741197565
          0,           0,        2407,      -2.736914742,      -0.256806532,    -0.02344706666,       2.741197565
          0,           0,        2408,      -2.736914742,      -0.256806532,    -0.02344706666,       2.741197565
          0,           0,        2409,      -2.736914742,      -0.256806532,    -0.02344706666,       2.741197565
          0,           0,        2410,      -2.736914742,      -0.256806532,    -0.02344706666,       2.741197565
          0,           0,        2411,      -2.736914742,      -0.256806532,    -0.02344706666,       2.741197565
          0,           0,        2412,      -2.736914742,      -0.256806532,    -0.02344706666,       2.741197565
          0,           0,        2413,      -2.736914742,      -0.256806532,    -0.02344706666,       2.741197565
          0,           0,        2414,      -2.736914742,      -0.256806532,    -0.02344706666,       2.741197565
          0,           0,        2415,      -2.736914742,      -0.256806532,    -0.02344706666,       2.741197565
          0,           0,        2416,      -2.736914742,      -0.256806532,    -0.02344706666,       2.741197565
          0,           0,        2417,      -2.736914742,      -0.256806532,    -0.02344706666,       2.741197565
          0,           0,        2418,      -2.736914742,      -0.256806532,    -0.02344706666,       2.741197565
          0,           0,        2419,      -2.736914742,      -0.256806532,    -0.02344706666,       2.741197565
          0,           0,        2420,      -2.736914742,      -0.256806532,    -0.02344706666,       2.741197565
          0,           0,        2421,      -2.736914742,      -0.256806532,    -0.02344706666,       2.741197565
          0,           0,        2422,      -2.736914742,      -0.256806532,    -0.02344706666,       2.741197565
          0,           0,        2423,      -2.736914742,      -0.256806532,    -0.02344706666,       2.741197565
          0,           0,        2424,      -2.736914742,      -0.256806532,    -0.02344706666,       2.741197565
          0,           0,        2425,      -2.736914742,      -0.256806532,    -0.02344706666,       2.741197565
          0,           0,        2426,      -2.736914742,      -0.256806532,    -0.02344706666,       2.741197565
          0,           0,        2427,      -2.736914742,      -0.256806532,    -0.02344706666,       2.741197565
          0,           0,        2428,      -2.736914742,      -0.256806532,    -0.02344706666,       2.741197565
          0,           0,        2429,      -2.736914742,      -0.256806532,    -0.02344706666,       2.741197565
          0,           0,        2430,      -2.736914742,      -0.256806532,    -0.02344706666,       2.741197565
          0,           0,        2431,      -2.736914742,      -0.256806532,    -0.02344706666,       2.741197565
          0,           0,        2432,      -2.736914742,      -0.256806532,    -0.02344706666,       2.741197565
          0,           0,        2433,      -2.736914742,      -0.256806532,    -0.02344706666,       2.741197565
          0,           0,        2434,      -2.736914742,      -0.256806532,    -0.02344706666,       2.741197565
          0,           0,        2435,      -2.736914742,      -0.256806532,    -0.02344706666,       2.741197565
          0,           0,        2436,      -2.736914742,      -0.256806532,    -0.02344706666,       2.741197565
          0,           0,        2437,      -2.736914742,      -0.256806532,    -0.02344706666,       2.741197565
          0,           0,        2438,      -2.736914742,      -0.256806532,    -0.02344706666,       2.741197565
          0,           0,        2439,      -2.736914742,      -0.256806532,    -0.02344706666,       2.741197565
          0,           0,        2440,      -2.736914742,      -0.256806532,    -0.02344706666,       2.741197565
          0,           0,        2441,      -2.736914742,      -0.256806532,    -0.02344706666,       2.741197565
          0,           0,        2442,      -2.736914742,      -0.256806532,    -0.02344706666,       2.741197565
          0,           0,        2443,      -2.736914742,      -0.256806532,    -0.02344706666,       2.741197565
          0,           0,        2444,      -2.736914742,      -0.256806532,    -0.02344706666,       2.741197565
          0,           0,        2445,      -2.736914742,      -0.256806532,    -0.02344706666,       2.741197565
          0,           0,        2446,      -2.736914742,      -0.256806532,    -0.02344706666,       2.741197565
          0,           0,        2447,      -2.736914742,      -0.256806532,    -0.02344706666,       2.741197565
          0,           0,        2448,      -2.736914742,      -0.256806532,    -0.02344706666,       2.741197565
          0,           0,        2449,      -2.736914742,      -0.256806532,    -0.02344706666,       2.741197565
          0,           0,        2450,      -2.736914742,      -0.256806532,    -0.02344706666,       2.741197565
          0,           0,        2451,      -2.736914742,      -0.256806532,    -0.02344706666,       2.741197565
          0,           0,        2452,      -2.736914742,      -0.256806532,    -0.02344706666,       2.741197565
          0,           0,        2453,      -2.736914742,      -0.256806532,    -0.02344706666,       2.741197565
          0,           0,        2454,      -2.736914742,      -0.256806532,    -0.02344706666,       2.741197565
          0,           0,        2455,      -2.736914742,      -0.256806532,    -0.02344706666,       2.741197565
          0,           0,        2456,      -2.736914742,      -0.256806532,    -0.02344706666,       2.741197565
          0,           0,        2457,      -2.736914742,      -0.256806532,    -0.02344706666,       2.741197565
          0,           0,        2458,      -2.736914742,      -0.256806532,    -0.02344706666,       2.741197565
          0,           0,        2459,      -2.736914742,      -0.256806532,    -0.02344706666,       2.741197565
          0,           0,        2460,      -2.736914742,      -0.256806532,    -0.02344706666,       2.741197565
          0,           0,        2461,      -2.736914742,      -0.256806532,    -0.02344706666,       2.741197565
          0,           0,        2462,      -2.736914742,      -0.256806532,    -0.02344706666,       2.741197565
          0,           0,        2463,      -2.736914742,      -0.256806532,    -0.02344706666,       2.741197565
          0,           0,        2464,      -2.736914742,      -0.256806532,    -0.02344706666,       2.741197565
          0,           0,        2465,      -2.736914742,      -0.256806532,    -0.02344706666,       2.741197565
          0,           0,        2466,      -2.736914742,      -0.256806532,    -0.02344706666,       2.741197565
          0,           0,        2467,      -2.736914742,      -0.256806532,    -0.02344706666,       2.741197565
          0,           0,        2468,      -2.736914742,      -0.256806532,    -0.02344706666,       2.741197565
          0,           0,        2469,      -2.736914742,      -0.256806532,    -0.02344706666,       2.741197565
          0,           0,        2470,      -2.736914742,      -0.256806532,    -0.02344706666,       2.741197565
          0,           0,        2471,      -2.736914742,      -0.256806532,    -0.02344706666,       2.741197565
          0,           0,        2472,      -2.736914742,      -0.256806532,    -0.02344706666,       2.741197565
          0,           0,        2473,      -2.736914742,      -0.256806532,    -0.02344706666,       2.741197565
          0,           0,        2474,      -2.736914742,      -0.256806532,    -0.02344706666,       2.741197565
          0,           0,        2475,      -2.736914742,      -0.256806532,    -0.02344706666,       2.741197565
          0,           0,        2476,      -2.736914742,      -0.256806532,    -0.02344706666,       2.741197565
          0,           0,        2477,      -2.736914742,      -0.256806532,    -0.02344706666,       2.741197565
          0,           0,        2478,      -2.736914742,      -0.256806532,    -0.02344706666,       2.741197565
          0,           0,        2479,      -2.736914742,      -0.256806532,    -0.02344706666,       2.741197565
          0,           0,        2480,      -2.736914742,      -0.256806532,    -0.02344706666,       2.741197565
          0,           0,        2481,      -2.736914742,      -0.256806532,    -0.02344706666,       2.741197565
          0,           0,        2482,      -2.736914742,      -0.256806532,    -0.02344706666,       2.741197565
          0,           0,        2483,      -2.736914742,      -0.256806532,    -0.02344706666,       2.741197565
          0,           0,        2484,      -2.736914742,      -0.256806532,    -0.02344706666,       2.741197565
          0,           0,        2485,      -2.736914742,      -0.256806532,    -0.02344706666,       2.741197565
          0,           0,        2486,      -2.736914742,      -0.256806532,    -0.02344706666,       2.741197565
          0,           0,        2487,      -2.736914742,      -0.256806532,    -0.02344706666,       2.741197565
          0,           0,        2488,      -2.736914742,      -0.256806532,    -0.02344706666,       2.741197565
          0,           0,        2489,      -2.736914742,      -0.256806532,    -0.02344706666,       2.741197565
          0,           0,        2490,      -2.736914742,      -0.256806532,    -0.02344706666,       2.741197565
          0,           0,        2491,      -2.736914742,      -0.256806532,    -0.02344706666,       2.741197565
          0,           0,        2492,      -2.736914742,      -0.256806532,    -0.02344706666,       2.741197565
          0,           0,        2493,      -2.736914742,      -0.256806532,    -0.02344706666,       2.741197565
          0,           0,        2494,      -2.736914742,      -0.256806532,    -0.02344706666,       2.741197565
          0,           0,        2495,      -2.736914742,      -0.256806532,    -0.02344706666,       2.741197565
          0,           0,        2496,      -2.736914742,      -0.256806532,    -0.02344706666,       2.741197565
          0,           0,        2497,      -2.736914742,      -0.256806532,    -0.02344706666,       2.741197565
          0,           0,        2498,      -2.736914742,      -0.256806532,    -0.02344706666,       2.741197565
          0,           0,        2499,      -2.736914742,      -0.256806532,    -0.02344706666,       2.741197565
          0,           0,        2500,      -2.736914742,      -0.256806532,    -0.02344706666,       2.741197565
          0,           0,        2501,      -2.736914742,      -0.256806532,    -0.02344706666,       2.741197565
          0,           0,        2502,      -2.736914742,      -0.256806532,    -0.02344706666,       2.741197565
          0,           0,        2503,      -2.736914742,      -0.256806532,    -0.02344706666,       2.741197565
          0,           0,        2504,      -2.736914742,      -0.256806532,    -0.02344706666,       2.741197565
          0,           0,        2505,      -2.736914742,      -0.256806532,    -0.02344706666,       2.741197565
          0,           0,        2506,      -2.736914742,      -0.256806532,    -0.02344706666,       2.741197565
          0,           0,        2507,      -2.736914742,      -0.256806532,    -0.02344706666,       2.741197565
          0,           0,        2508,      -2.736914742,      -0.256806532,    -0.02344706666,       2.741197565
          0,           0,        2509,      -2.736914742,      -0.256806532,    -0.02344706666,       2.741197565
          0,           0,        2510,      -2.736914742,      -0.256806532,    -0.02344706666,       2.741197565
          0,           0,        2511,      -2.736914742,      -0.256806532,    -0.02344706666,       2.741197565
          0,           0,        2512,      -2.736914742,      -0.256806532,    -0.02344706666,       2.741197565
          0,           0,        2513,      -2.736914742,      -0.256806532,    -0.02344706666,       2.741197565
          0,           0,        2514,      -2.736914742,      -0.256806532,    -0.02344706666,       2.741197565
          0,           0,        2515,      -2.736914742,      -0.256806532,    -0.02344706666,       2.741197565
          0,           0,        2516,      -2.736914742,      -0.256806532,    -0.02344706666,       2.741197565
          0,           0,        2517,      -2.736914742,      -0.256806532,    -0.02344706666,       2.741197565
          0,           0,        2518,      -2.736914742,      -0.256806532,    -0.02344706666,       2.741197565
          0,           0,        2519,      -2.736914742,      -0.256806532,    -0.02344706666,       2.741197565
          0,           0,        2520,      -2.736914742,      -0.256806532,    -0.02344706666,       2.741197565
          0,           0,        2521,      -2.736914742,      -0.256806532,    -0.02344706666,       2.741197565
          0,           0,        2522,      -2.736914742,      -0.256806532,    -0.02344706666,       2.741197565
          0,           0,        2523,      -2.736914742,      -0.256806532,    -0.02344706666,       2.741197565
          0,           0,        2524,      -2.736914742,      -0.256806532,    -0.02344706666,       2.741197565
          0,           0,        2525,      -2.736914742,      -0.256806532,    -0.02344706666,       2.741197565
          0,           0,        2526,      -2.736914742,      -0.256806532,    -0.02344706666,       2.741197565
          0,           0,        2527,      -2.736914742,      -0.256806532,    -0.02344706666,       2.741197565
          0,           0,        2528,      -2.736914742,      -0.256806532,    -0.02344706666,       2.741197565
          0,           0,        2529,      -2.736914742,      -0.256806532,    -0.02344706666,       2.741197565
          0,           0,        2530,      -2.736914742,      -0.256806532,    -0.02344706666,       2.741197565
          0,           0,        2531,      -2.736914742,      -0.256806532,    -0.02344706666,       2.741197565
          0,           0,        2532,      -2.736914742,      -0.256806532,    -0.02344706666,       2.741197565
          0,           0,        2533,      -2.736914742,      -0.256806532,    -0.02344706666,       2.741197565
          0,           0,        2534,      -2.736914742,      -0.256806532,    -0.02344706666,       2.741197565
          0,           0,        2535,      -2.736914742,      -0.256806532,    -0.02344706666,       2.741197565
          0,           0,        2536,      -2.736914742,      -0.256806532,    -0.02344706666,       2.741197565
          0,           0,        2537,      -2.736914742,      -0.256806532,    -0.02344706666,       2.741197565
          0,           0,        2538,      -2.736914742,      -0.256806532,    -0.02344706666,       2.741197565
          0,           0,        2539,      -2.736914742,      -0.256806532,    -0.02344706666,       2.741197565
          0,           0,        2540,      -2.736914742,      -0.256806532,    -0.02344706666,       2.741197565
          0,           0,        2541,      -2.736914742,      -0.256806532,    -0.02344706666,       2.741197565
          0,           0,        2542,      -2.736914742,      -0.256806532,    -0.02344706666,       2.741197565
          0,           0,        2543,      -2.736914742,      -0.256806532,    -0.02344706666,       2.741197565
          0,           0,        2544,      -2.736914742,      -0.256806532,    -0.02344706666,       2.741197565
          0,           0,        2545,      -2.736914742,      -0.256806532,    -0.02344706666,       2.741197565
          0,           0,        2546,      -2.736914742,      -0.256806532,    -0.02344706666,       2.741197565
          0,           0,        2547,      -2.736914742,      -0.256806532,    -0.02344706666,       2.741197565
          0,           0,        2548,      -2.736914742,      -0.256806532,    -0.02344706666,       2.741197565
          0,           0,        2549,      -2.736914742,      -0.256806532,    -0.02344706666,       2.741197565
          0,           0,        2550,      -2.736914742,      -0.256806532,    -0.02344706666,       2.741197565
          0,           0,        2551,      -2.736914742,      -0.256806532,    -0.02344706666,       2.741197565
          0,           0,        2552,      -2.736914742,      -0.256806532,    -0.02344706666,       2.741197565
          0,           0,        2553,      -2.736914742,      -0.256806532,    -0.02344706666,       2.741197565
          0,           0,        2554,      -2.736914742,      -0.256806532,    -0.02344706666,       2.741197565
          0,           0,        2555,      -2.736914742,      -0.256806532,    -0.02344706666,       2.741197565
          0,           0,        2556,      -2.736914742,      -0.256806532,    -0.02344706666,       2.741197565
          0,           0,        2557,      -2.736914742,      -0.256806532,    -0.02344706666,       2.741197565
          0,           0,        2558,      -2.736914742,      -0.256806532,    -0.02344706666,       2.741197565
          0,           0,        2559,      -2.736914742,      -0.256806532,    -0.02344706666,       2.741197565
          0,           0,        2560,      -2.736914742,      -0.256806532,    -0.02344706666,       2.741197565
          0,           0,        2561,      -2.736914742,      -0.256806532,    -0.02344706666,       2.741197565
          0,           0,        2562,      -2.736914742,      -0.256806532,    -0.02344706666,       2.741197565
          0,           0,        2563,      -2.736914742,      -0.256806532,    -0.02344706666,       2.741197565
          0,           0,        2564,      -2.736914742,      -0.256806532,    -0.02344706666,       2.741197565
          0,           0,        2565,      -2.736914742,      -0.256806532,    -0.02344706666,       2.741197565
          0,           0,        2566,      -2.736914742,      -0.256806532,    -0.02344706666,       2.741197565
          0,           0,        2567,      -2.736914742,      -0.256806532,    -0.02344706666,       2.741197565
          0,           0,        2568,      -2.736914742,      -0.256806532,    -0.02344706666,       2.741197565
          0,           0,        2569,      -2.736914742,      -0.256806532,    -0.02344706666,       2.741197565
          0,           0,        2570,      -2.736914742,      -0.256806532,    -0.02344706666,       2.741197565
          0,           0,        2571,      -2.736914742,      -0.256806532,    -0.02344706666,       2.741197565
          0,           0,        2572,      -2.736914742,      -0.256806532,    -0.02344706666,       2.741197565
          0,           0,        2573,      -2.736914742,      -0.256806532,    -0.02344706666,       2.741197565
          0,           0,        2574,      -2.736914742,      -0.256806532,    -0.02344706666,       2.741197565
          0,           0,        2575,      -2.736914742,      -0.256806532,    -0.02344706666,       2.741197565
          0,           0,        2576,      -2.736914742,      -0.256806532,    -0.02344706666,       2.741197565
          0,           0,        2577,      -2.736914742,      -0.256806532,    -0.02344706666,       2.741197565
          0,           0,        2578,      -2.736914742,      -0.256806532,    -0.02344706666,       2.741197565
          0,           0,        2579,      -2.736914742,      -0.256806532,    -0.02344706666,       2.741197565
          0,           0,        2580,      -2.736914742,      -0.256806532,    -0.02344706666,       2.741197565
          0,           0,        2581,      -2.736914742,      -0.256806532,    -0.02344706666,       2.741197565
          0,           0,        2582,      -2.736914742,      -0.256806532,    -0.02344706666,       2.741197565
          0,           0,        2583,      -2.736914742,      -0.256806532,    -0.02344706666,       2.741197565
          0,           0,        2584,      -2.736914742,      -0.256806532,    -0.02344706666,       2.741197565
          0,           0,        2585,      -2.736914742,      -0.256806532,    -0.02344706666,       2.741197565
          0,           0,        2586,      -2.736914742,      -0.256806532,    -0.02344706666,       2.741197565
          0,           0,        2587,      -2.736914742,      -0.256806532,    -0.02344706666,       2.741197565
          0,           0,        2588,      -2.736914742,      -0.256806532,    -0.02344706666,       2.741197565
          0,           0,        2589,      -2.736914742,      -0.256806532,    -0.02344706666,       2.741197565
          0,           0,        2590,      -2.736914742,      -0.256806532,    -0.02344706666,       2.741197565
          0,           0,        2591,      -2.736914742,      -0.256806532,    -0.02344706666,       2.741197565
          0,           0,        2592,      -2.736914742,      -0.256806532,    -0.02344706666,       2.741197565
          0,           0,        2593,      -2.736914742,      -0.256806532,    -0.02344706666,       2.741197565
          0,           0,        2594,      -2.736914742,      -0.256806532,    -0.02344706666,       2.741197565
          0,           0,        2595,      -2.736914742,      -0.256806532,    -0.02344706666,       2.741197565
          0,           0,        2596,      -2.736914742,      -0.256806532,    -0.02344706666,       2.741197565
          0,           0,        2597,      -2.736914742,      -0.256806532,    -0.02344706666,       2.741197565
          0,           0,        2598,      -2.736914742,      -0.256806532,    -0.02344706666,       2.741197565
          0,           0,        2599,      -2.736914742,      -0.256806532,    -0.02344706666,       2.741197565
          0,           0,        2600,      -2.736914742,      -0.256806532,    -0.02344706666,       2.741197565
          0,           0,        2601,      -2.736914742,      -0.256806532,    -0.02344706666,       2.741197565
          0,           0,        2602,      -2.736914742,      -0.256806532,    -0.02344706666,       2.741197565
          0,           0,        2603,      -2.736914742,      -0.256806532,    -0.02344706666,       2.741197565
          0,           0,        2604,      -2.736914742,      -0.256806532,    -0.02344706666,       2.741197565
          0,           0,        2605,      -2.736914742,      -0.256806532,    -0.02344706666,       2.741197565
          0,           0,        2606,      -2.736914742,      -0.256806532,    -0.02344706666,       2.741197565
          0,           0,        2607,      -2.736914742,      -0.256806532,    -0.02344706666,       2.741197565
          0,           0,        2608,      -2.736914742,      -0.256806532,    -0.02344706666,       2.741197565
          0,           0,        2609,      -2.736914742,      -0.256806532,    -0.02344706666,       2.741197565
          0,           0,        2610,      -2.736914742,      -0.256806532,    -0.02344706666,       2.741197565
          0,           0,        2611,      -2.736914742,      -0.256806532,    -0.02344706666,       2.741197565
          0,           0,        2612,      -2.736914742,      -0.256806532,    -0.02344706666,       2.741197565
          0,           0,        2613,      -2.736914742,      -0.256806532,    -0.02344706666,       2.741197565
          0,           0,        2614,      -2.736914742,      -0.256806532,    -0.02344706666,       2.741197565
          0,           0,        2615,      -2.736914742,      -0.256806532,    -0.02344706666,       2.741197565
          0,           0,        2616,      -2.736914742,      -0.256806532,    -0.02344706666,       2.741197565
          0,           0,        2617,      -2.736914742,      -0.256806532,    -0.02344706666,       2.741197565
          0,           0,        2618,      -2.736914742,      -0.256806532,    -0.02344706666,       2.741197565
          0,           0,        2619,      -2.736914742,      -0.256806532,    -0.02344706666,       2.741197565
          0,           0,        2620,      -2.736914742,      -0.256806532,    -0.02344706666,       2.741197565
          0,           0,        2621,      -2.736914742,      -0.256806532,    -0.02344706666,       2.741197565
          0,           0,        2622,      -2.736914742,      -0.256806532,    -0.02344706666,       2.741197565
          0,           0,        2623,      -2.736914742,      -0.256806532,    -0.02344706666,       2.741197565
          0,           0,        2624,      -2.736914742,      -0.256806532,    -0.02344706666,       2.741197565
          0,           0,        2625,      -2.736914742,      -0.256806532,    -0.02344706666,       2.741197565
          0,           0,        2626,      -2.736914742,      -0.256806532,    -0.02344706666,       2.741197565
          0,           0,        2627,      -2.736914742,      -0.256806532,    -0.02344706666,       2.741197565
          0,           0,        2628,      -2.736914742,      -0.256806532,    -0.02344706666,       2.741197565
          0,           0,        2629,      -2.736914742,      -0.256806532,    -0.02344706666,       2.741197565
          0,           0,        2630,      -2.736914742,      -0.256806532,    -0.02344706666,       2.741197565
          0,           0,        2631,      -2.736914742,      -0.256806532,    -0.02344706666,       2.741197565
          0,           0,        2632,      -2.736914742,      -0.256806532,    -0.02344706666,       2.741197565
          0,           0,        2633,      -2.736914742,      -0.256806532,    -0.02344706666,       2.741197565
          0,           0,        2634,      -2.736914742,      -0.256806532,    -0.02344706666,       2.741197565
          0,           0,        2635,      -2.736914742,      -0.256806532,    -0.02344706666,       2.741197565
          0,           0,        2636,      -2.736914742,      -0.256806532,    -0.02344706666,       2.741197565
          0,           0,        2637,      -2.736914742,      -0.256806532,    -0.02344706666,       2.741197565
          0,           0,        2638,      -2.736914742,      -0.256806532,    -0.02344706666,       2.741197565
          0,           0,        2639,      -2.736914742,      -0.256806532,    -0.02344706666,       2.741197565
          0,           0,        2640,      -2.736914742,      -0.256806532,    -0.02344706666,       2.741197565
          0,           0,        2641,      -2.736914742,      -0.256806532,    -0.02344706666,       2.741197565
          0,           0,        2642,      -2.736914742,      -0.256806532,    -0.02344706666,       2.741197565
          0,           0,        2643,      -2.736914742,      -0.256806532,    -0.02344706666,       2.741197565
          0,           0,        2644,      -2.736914742,      -0.256806532,    -0.02344706666,       2.741197565
          0,           0,        2645,      -2.736914742,      -0.256806532,    -0.02344706666,       2.741197565
          0,           0,        2646,      -2.736914742,      -0.256806532,    -0.02344706666,       2.741197565
          0,           0,        2647,      -2.736914742,      -0.256806532,    -0.02344706666,       2.741197565
          0,           0,        2648,      -2.736914742,      -0.256806532,    -0.02344706666,       2.741197565
          0,           0,        2649,      -2.736914742,      -0.256806532,    -0.02344706666,       2.741197565
          0,           0,        2650,      -2.736914742,      -0.256806532,    -0.02344706666,       2.741197565
          0,           0,        2651,      -2.736914742,      -0.256806532,    -0.02344706666,       2.741197565
          0,           0,        2652,      -2.736914742,      -0.256806532,    -0.02344706666,       2.741197565
          0,           0,        2653,      -2.736914742,      -0.256806532,    -0.02344706666,       2.741197565
          0,           0,        2654,      -2.736914742,      -0.256806532,    -0.02344706666,       2.741197565
          0,           0,        2655,      -2.736914742,      -0.256806532,    -0.02344706666,       2.741197565
          0,           0,        2656,      -2.736914742,      -0.256806532,    -0.02344706666,       2.741197565
          0,           0,        2657,      -2.736914742,      -0.256806532,    -0.02344706666,       2.741197565
          0,           0,        2658,      -2.736914742,      -0.256806532,    -0.02344706666,       2.741197565
          0,           0,        2659,      -2.736914742,      -0.256806532,    -0.02344706666,       2.741197565
          0,           0,        2660,      -2.736914742,      -0.256806532,    -0.02344706666,       2.741197565
          0,           0,        2661,      -2.736914742,      -0.256806532,    -0.02344706666,       2.741197565
          0,           0,        2662,      -2.736914742,      -0.256806532,    -0.02344706666,       2.741197565
          0,           0,        2663,      -2.736914742,      -0.256806532,    -0.02344706666,       2.741197565
          0,           0,        2664,      -2.736914742,      -0.256806532,    -0.02344706666,       2.741197565
          0,           0,        2665,      -2.736914742,      -0.256806532,    -0.02344706666,       2.741197565
          0,           0,        2666,      -2.736914742,      -0.256806532,    -0.02344706666,       2.741197565
          0,           0,        2667,      -2.736914742,      -0.256806532,    -0.02344706666,       2.741197565
          0,           0,        2668,      -2.736914742,      -0.256806532,    -0.02344706666,       2.741197565
          0,           0,        2669,      -2.736914742,      -0.256806532,    -0.02344706666,       2.741197565
          0,           0,        2670,      -2.736914742,      -0.256806532,    -0.02344706666,       2.741197565
          0,           0,        2671,      -2.736914742,      -0.256806532,    -0.02344706666,       2.741197565
          0,           0,        2672,      -2.736914742,      -0.256806532,    -0.02344706666,       2.741197565
          0,           0,        2673,      -2.736914742,      -0.256806532,    -0.02344706666,       2.741197565
          0,           0,        2674,      -2.736914742,      -0.256806532,    -0.02344706666,       2.741197565
          0,           0,        2675,      -2.736914742,      -0.256806532,    -0.02344706666,       2.741197565
          0,           0,        2676,      -2.736914742,      -0.256806532,    -0.02344706666,       2.741197565
          0,           0,        2677,      -2.736914742,      -0.256806532,    -0.02344706666,       2.741197565
          0,           0,        2678,      -2.736914742,      -0.256806532,    -0.02344706666,       2.741197565
          0,           0,        2679,      -2.736914742,      -0.256806532,    -0.02344706666,       2.741197565
          0,           0,        2680,      -2.736914742,      -0.256806532,    -0.02344706666,       2.741197565
          0,           0,        2681,      -2.736914742,      -0.256806532,    -0.02344706666,       2.741197565
          0,           0,        2682,      -2.736914742,      -0.256806532,    -0.02344706666,       2.741197565
          0,           0,        2683,      -2.736914742,      -0.256806532,    -0.02344706666,       2.741197565
          0,           0,        2684,      -2.736914742,      -0.256806532,    -0.02344706666,       2.741197565
          0,           0,        2685,      -2.736914742,      -0.256806532,    -0.02344706666,       2.741197565
          0,           0,        2686,      -2.736914742,      -0.256806532,    -0.02344706666,       2.741197565
          0,           0,        2687,      -2.736914742,      -0.256806532,    -0.02344706666,       2.741197565
          0,           0,        2688,      -2.736914742,      -0.256806532,    -0.02344706666,       2.741197565
          0,           0,        2689,      -2.736914742,      -0.256806532,    -0.02344706666,       2.741197565
          0,           0,        2690,      -2.736914742,      -0.256806532,    -0.02344706666,       2.741197565
          0,           0,        2691,      -2.736914742,      -0.256806532,    -0.02344706666,       2.741197565
          0,           0,        2692,      -2.736914742,      -0.256806532,    -0.02344706666,       2.741197565
          0,           0,        2693,      -2.736914742,      -0.256806532,    -0.02344706666,       2.741197565
          0,           0,        2694,      -2.736914742,      -0.256806532,    -0.02344706666,       2.741197565
          0,           0,        2695,      -2.736914742,      -0.256806532,    -0.02344706666,       2.741197565
          0,           0,        2696,      -2.736914742,      -0.256806532,    -0.02344706666,       2.741197565
          0,           0,        2697,      -2.736914742,      -0.256806532,    -0.02344706666,       2.741197565
          0,           0,        2698,      -2.736914742,      -0.256806532,    -0.02344706666,       2.741197565
          0,           0,        2699,      -2.736914742,      -0.256806532,    -0.02344706666,       2.741197565
          0,           0,        2700,      -2.736914742,      -0.256806532,    -0.02344706666,       2.741197565
          0,           0,        2701,      -2.736914742,      -0.256806532,    -0.02344706666,       2.741197565
          0,           0,        2702,      -2.736914742,      -0.256806532,    -0.02344706666,       2.741197565
          0,           0,        2703,      -2.736914742,      -0.256806532,    -0.02344706666,       2.741197565
          0,           0,        2704,      -2.736914742,      -0.256806532,    -0.02344706666,       2.741197565
          0,           0,        2705,      -2.736914742,      -0.256806532,    -0.02344706666,       2.741197565
          0,           0,        2706,      -2.736914742,      -0.256806532,    -0.02344706666,       2.741197565
          0,           0,        2707,      -2.736914742,      -0.256806532,    -0.02344706666,       2.741197565
          0,           0,        2708,      -2.736914742,      -0.256806532,    -0.02344706666,       2.741197565
          0,           0,        2709,      -2.736914742,      -0.256806532,    -0.02344706666,       2.741197565
          0,           0,        2710,      -2.736914742,      -0.256806532,    -0.02344706666,       2.741197565
          0,           0,        2711,      -2.736914742,      -0.256806532,    -0.02344706666,       2.741197565
          0,           0,        2712,      -2.736914742,      -0.256806532,    -0.02344706666,       2.741197565
          0,           0,        2713,      -2.736914742,      -0.256806532,    -0.02344706666,       2.741197565
          0,           0,        2714,      -2.736914742,      -0.256806532,    -0.02344706666,       2.741197565
          0,           0,        2715,      -2.736914742,      -0.256806532,    -0.02344706666,       2.741197565
          0,           0,        2716,      -2.736914742,      -0.256806532,    -0.02344706666,       2.741197565
          0,           0,        2717,      -2.736914742,      -0.256806532,    -0.02344706666,       2.741197565
          0,           0,        2718,      -2.736914742,      -0.256806532,    -0.02344706666,       2.741197565
          0,           0,        2719,      -2.736914742,      -0.256806532,    -0.02344706666,       2.741197565
          0,           0,        2720,      -2.736914742,      -0.256806532,    -0.02344706666,       2.741197565
          0,           0,        2721,      -2.736914742,      -0.256806532,    -0.02344706666,       2.741197565
          0,           0,        2722,      -2.736914742,      -0.256806532,    -0.02344706666,       2.741197565
          0,           0,        2723,      -2.736914742,      -0.256806532,    -0.02344706666,       2.741197565
          0,           0,        2724,      -2.736914742,      -0.256806532,    -0.02344706666,       2.741197565
          0,           0,        2725,      -2.736914742,      -0.256806532,    -0.02344706666,       2.741197565
          0,           0,        2726,      -2.736914742,      -0.256806532,    -0.02344706666,       2.741197565
          0,           0,        2727,      -2.736914742,      -0.256806532,    -0.02344706666,       2.741197565
          0,           0,        2728,      -2.736914742,      -0.256806532,    -0.02344706666,       2.741197565
          0,           0,        2729,      -2.736914742,      -0.256806532,    -0.02344706666,       2.741197565
          0,           0,        2730,      -2.736914742,      -0.256806532,    -0.02344706666,       2.741197565
          0,           0,        2731,      -2.736914742,      -0.256806532,    -0.02344706666,       2.741197565
          0,           0,        2732,      -2.736914742,      -0.256806532,    -0.02344706666,       2.741197565
          0,           0,        2733,      -2.736914742,      -0.256806532,    -0.02344706666,       2.741197565
          0,           0,        2734,      -2.736914742,      -0.256806532,    -0.02344706666,       2.741197565
          0,           0,        2735,      -2.736914742,      -0.256806532,    -0.02344706666,       2.741197565
          0,           0,        2736,      -2.736914742,      -0.256806532,    -0.02344706666,       2.741197565
          0,           0,        2737,      -2.736914742,      -0.256806532,    -0.02344706666,       2.741197565
          0,           0,        2738,      -2.736914742,      -0.256806532,    -0.02344706666,       2.741197565
          0,           0,        2739,      -2.736914742,      -0.256806532,    -0.02344706666,       2.741197565
          0,           0,        2740,      -2.736914742,      -0.256806532,    -0.02344706666,       2.741197565
          0,           0,        2741,      -2.736914742,      -0.256806532,    -0.02344706666,       2.741197565
          0,           0,        2742,      -2.736914742,      -0.256806532,    -0.02344706666,       2.741197565
          0,           0,        2743,      -2.736914742,      -0.256806532,    -0.02344706666,       2.741197565
          0,           0,        2744,      -2.736914742,      -0.256806532,    -0.02344706666,       2.741197565
          0,           0,        2745,      -2.736914742,      -0.256806532,    -0.02344706666,       2.741197565
          0,           0,        2746,      -2.736914742,      -0.256806532,    -0.02344706666,       2.741197565
          0,           0,        2747,      -2.736914742,      -0.256806532,    -0.02344706666,       2.741197565
          0,           0,        2748,      -2.736914742,      -0.256806532,    -0.02344706666,       2.741197565
          0,           0,        2749,      -2.736914742,      -0.256806532,    -0.02344706666,       2.741197565
          0,           0,        2750,      -2.736914742,      -0.256806532,    -0.02344706666,       2.741197565
          0,           0,        2751,      -2.736914742,      -0.256806532,    -0.02344706666,       2.741197565
          0,           0,        2752,      -2.736914742,      -0.256806532,    -0.02344706666,       2.741197565
          0,           0,        2753,      -2.736914742,      -0.256806532,    -0.02344706666,       2.741197565
          0,           0,        2754,      -2.736914742,      -0.256806532,    -0.02344706666,       2.741197565
          0,           0,        2755,      -2.736914742,      -0.256806532,    -0.02344706666,       2.741197565
          0,           0,        2756,      -2.736914742,      -0.256806532,    -0.02344706666,       2.741197565
          0,           0,        2757,      -2.736914742,      -0.256806532,    -0.02344706666,       2.741197565
          0,           0,        2758,      -2.736914742,      -0.256806532,    -0.02344706666,       2.741197565
          0,           0,        2759,      -2.736914742,      -0.256806532,    -0.02344706666,       2.741197565
          0,           0,        2760,      -2.736914742,      -0.256806532,    -0.02344706666,       2.741197565
          0,           0,        2761,      -2.736914742,      -0.256806532,    -0.02344706666,       2.741197565
          0,           0,        2762,      -2.736914742,      -0.256806532,    -0.02344706666,       2.741197565
          0,           0,        2763,      -2.736914742,      -0.256806532,    -0.02344706666,       2.741197565
          0,           0,        2764,      -2.736914742,      -0.256806532,    -0.02344706666,       2.741197565
          0,           0,        2765,      -2.736914742,      -0.256806532,    -0.02344706666,       2.741197565
          0,           0,        2766,      -2.736914742,      -0.256806532,    -0.02344706666,       2.741197565
          0,           0,        2767,      -2.736914742,      -0.256806532,    -0.02344706666,       2.741197565
          0,           0,        2768,      -2.736914742,      -0.256806532,    -0.02344706666,       2.741197565
          0,           0,        2769,      -2.736914742,      -0.256806532,    -0.02344706666,       2.741197565
          0,           0,        2770,      -2.736914742,      -0.256806532,    -0.02344706666,       2.741197565
          0,           0,        2771,      -2.736914742,      -0.256806532,    -0.02344706666,       2.741197565
          0,           0,        2772,      -2.736914742,      -0.256806532,    -0.02344706666,       2.741197565
          0,           0,        2773,      -2.736914742,      -0.256806532,    -0.02344706666,       2.741197565
          0,           0,        2774,      -2.736914742,      -0.256806532,    -0.02344706666,       2.741197565
          0,           0,        2775,      -2.736914742,      -0.256806532,    -0.02344706666,       2.741197565
          0,           0,        2776,      -2.736914742,      -0.256806532,    -0.02344706666,       2.741197565
          0,           0,        2777,      -2.736914742,      -0.256806532,    -0.02344706666,       2.741197565
          0,           0,        2778,      -2.736914742,      -0.256806532,    -0.02344706666,       2.741197565
          0,           0,        2779,      -2.736914742,      -0.256806532,    -0.02344706666,       2.741197565
          0,           0,        2780,      -2.736914742,      -0.256806532,    -0.02344706666,       2.741197565
          0,           0,        2781,      -2.736914742,      -0.256806532,    -0.02344706666,       2.741197565
          0,           0,        2782,      -2.736914742,      -0.256806532,    -0.02344706666,       2.741197565
          0,           0,        2783,      -2.736914742,      -0.256806532,    -0.02344706666,       2.741197565
          0,           0,        2784,      -2.736914742,      -0.256806532,    -0.02344706666,       2.741197565
          0,           0,        2785,      -2.736914742,      -0.256806532,    -0.02344706666,       2.741197565
          0,           0,        2786,      -2.736914742,      -0.256806532,    -0.02344706666,       2.741197565
          0,           0,        2787,      -2.736914742,      -0.256806532,    -0.02344706666,       2.741197565
          0,           0,        2788,      -2.736914742,      -0.256806532,    -0.02344706666,       2.741197565
          0,           0,        2789,      -2.736914742,      -0.256806532,    -0.02344706666,       2.741197565
          0,           0,        2790,      -2.736914742,      -0.256806532,    -0.02344706666,       2.741197565
          0,           0,        2791,      -2.736914742,      -0.256806532,    -0.02344706666,       2.741197565
          0,           0,        2792,      -2.736914742,      -0.256806532,    -0.02344706666,       2.741197565
          0,           0,        2793,      -2.736914742,      -0.256806532,    -0.02344706666,       2.741197565
          0,           0,        2794,      -2.736914742,      -0.256806532,    -0.02344706666,       2.741197565
          0,           0,        2795,      -2.736914742,      -0.256806532,    -0.02344706666,       2.741197565
          0,           0,        2796,      -2.736914742,      -0.256806532,    -0.02344706666,       2.741197565
          0,           0,        2797,      -2.736914742,      -0.256806532,    -0.02344706666,       2.741197565
          0,           0,        2798,      -2.736914742,      -0.256806532,    -0.02344706666,       2.741197565
          0,           0,        2799,      -2.736914742,      -0.256806532,    -0.02344706666,       2.741197565
          0,           0,        2800,      -2.736914742,      -0.256806532,    -0.02344706666,       2.741197565
          0,           0,        2801,      -2.736914742,      -0.256806532,    -0.02344706666,       2.741197565
          0,           0,        2802,      -2.736914742,      -0.256806532,    -0.02344706666,       2.741197565
          0,           0,        2803,      -2.736914742,      -0.256806532,    -0.02344706666,       2.741197565
          0,           0,        2804,      -2.736914742,      -0.256806532,    -0.02344706666,       2.741197565
          0,           0,        2805,      -2.736914742,      -0.256806532,    -0.02344706666,       2.741197565
          0,           0,        2806,      -2.736914742,      -0.256806532,    -0.02344706666,       2.741197565
          0,           0,        2807,      -2.736914742,      -0.256806532,    -0.02344706666,       2.741197565
          0,           0,        2808,      -2.736914742,      -0.256806532,    -0.02344706666,       2.741197565
          0,           0,        2809,      -2.736914742,      -0.256806532,    -0.02344706666,       2.741197565
          0,           0,        2810,      -2.736914742,      -0.256806532,    -0.02344706666,       2.741197565
          0,           0,        2811,      -2.736914742,      -0.256806532,    -0.02344706666,       2.741197565
          0,           0,        2812,      -2.736914742,      -0.256806532,    -0.02344706666,       2.741197565
          0,           0,        2813,      -2.736914742,      -0.256806532,    -0.02344706666,       2.741197565
          0,           0,        2814,      -2.736914742,      -0.256806532,    -0.02344706666,       2.741197565
          0,           0,        2815,      -2.736914742,      -0.256806532,    -0.02344706666,       2.741197565
          0,           0,        2816,      -2.736914742,      -0.256806532,    -0.02344706666,       2.741197565
          0,           0,        2817,      -2.736914742,      -0.256806532,    -0.02344706666,       2.741197565
          0,           0,        2818,      -2.736914742,      -0.256806532,    -0.02344706666,       2.741197565
          0,           0,        2819,      -2.736914742,      -0.256806532,    -0.02344706666,       2.741197565
          0,           0,        2820,      -2.736914742,      -0.256806532,    -0.02344706666,       2.741197565
          0,           0,        2821,      -2.736914742,      -0.256806532,    -0.02344706666,       2.741197565
          0,           0,        2822,      -2.736914742,      -0.256806532,    -0.02344706666,       2.741197565
          0,           0,        2823,      -2.736914742,      -0.256806532,    -0.02344706666,       2.741197565
          0,           0,        2824,      -2.736914742,      -0.256806532,    -0.02344706666,       2.741197565
          0,           0,        2825,      -2.736914742,      -0.256806532,    -0.02344706666,       2.741197565
          0,           0,        2826,      -2.736914742,      -0.256806532,    -0.02344706666,       2.741197565
          0,           0,        2827,      -2.736914742,      -0.256806532,    -0.02344706666,       2.741197565
          0,           0,        2828,      -2.736914742,      -0.256806532,    -0.02344706666,       2.741197565
          0,           0,        2829,      -2.736914742,      -0.256806532,    -0.02344706666,       2.741197565
          0,           0,        2830,      -2.736914742,      -0.256806532,    -0.02344706666,       2.741197565
          0,           0,        2831,      -2.736914742,      -0.256806532,    -0.02344706666,       2.741197565
          0,           0,        2832,      -2.736914742,      -0.256806532,    -0.02344706666,       2.741197565
          0,           0,        2833,      -2.736914742,      -0.256806532,    -0.02344706666,       2.741197565
          0,           0,        2834,      -2.736914742,      -0.256806532,    -0.02344706666,       2.741197565
          0,           0,        2835,      -2.736914742,      -0.256806532,    -0.02344706666,       2.741197565
          0,           0,        2836,      -2.736914742,      -0.256806532,    -0.02344706666,       2.741197565
          0,           0,        2837,      -2.736914742,      -0.256806532,    -0.02344706666,       2.741197565
          0,           0,        2838,      -2.736914742,      -0.256806532,    -0.02344706666,       2.741197565
          0,           0,        2839,      -2.736914742,      -0.256806532,    -0.02344706666,       2.741197565
          0,           0,        2840,      -2.736914742,      -0.256806532,    -0.02344706666,       2.741197565
          0,           0,        2841,      -2.736914742,      -0.256806532,    -0.02344706666,       2.741197565
          0,           0,        2842,      -2.736914742,      -0.256806532,    -0.02344706666,       2.741197565
          0,           0,        2843,      -2.736914742,      -0.256806532,    -0.02344706666,       2.741197565
          0,           0,        2844,      -2.736914742,      -0.256806532,    -0.02344706666,       2.741197565
          0,           0,        2845,      -2.736914742,      -0.256806532,    -0.02344706666,       2.741197565
          0,           0,        2846,      -2.736914742,      -0.256806532,    -0.02344706666,       2.741197565
          0,           0,        2847,      -2.736914742,      -0.256806532,    -0.02344706666,       2.741197565
          0,           0,        2848,      -2.736914742,      -0.256806532,    -0.02344706666,       2.741197565
          0,           0,        2849,      -2.736914742,      -0.256806532,    -0.02344706666,       2.741197565
          0,           0,        2850,      -2.736914742,      -0.256806532,    -0.02344706666,       2.741197565
          0,           0,        2851,      -2.736914742,      -0.256806532,    -0.02344706666,       2.741197565
          0,           0,        2852,      -2.736914742,      -0.256806532,    -0.02344706666,       2.741197565
          0,           0,        2853,      -2.736914742,      -0.256806532,    -0.02344706666,       2.741197565
          0,           0,        2854,      -2.736914742,      -0.256806532,    -0.02344706666,       2.741197565
          0,           0,        2855,      -2.736914742,      -0.256806532,    -0.02344706666,       2.741197565
          0,           0,        2856,      -2.736914742,      -0.256806532,    -0.02344706666,       2.741197565
          0,           0,        2857,      -2.736914742,      -0.256806532,    -0.02344706666,       2.741197565
          0,           0,        2858,      -2.736914742,      -0.256806532,    -0.02344706666,       2.741197565
          0,           0,        2859,      -2.736914742,      -0.256806532,    -0.02344706666,       2.741197565
          0,           0,        2860,      -2.736914742,      -0.256806532,    -0.02344706666,       2.741197565
          0,           0,        2861,      -2.736914742,      -0.256806532,    -0.02344706666,       2.741197565
          0,           0,        2862,      -2.736914742,      -0.256806532,    -0.02344706666,       2.741197565
          0,           0,        2863,      -2.736914742,      -0.256806532,    -0.02344706666,       2.741197565
          0,           0,        2864,      -2.736914742,      -0.256806532,    -0.02344706666,       2.741197565
          0,           0,        2865,      -2.736914742,      -0.256806532,    -0.02344706666,       2.741197565
          0,           0,        2866,      -2.736914742,      -0.256806532,    -0.02344706666,       2.741197565
          0,           0,        2867,      -2.736914742,      -0.256806532,    -0.02344706666,       2.741197565
          0,           0,        2868,      -2.736914742,      -0.256806532,    -0.02344706666,       2.741197565
          0,           0,        2869,      -2.736914742,      -0.256806532,    -0.02344706666,       2.741197565
          0,           0,        2870,      -2.736914742,      -0.256806532,    -0.02344706666,       2.741197565
          0,           0,        2871,      -2.736914742,      -0.256806532,    -0.02344706666,       2.741197565
          0,           0,        2872,      -2.736914742,      -0.256806532,    -0.02344706666,       2.741197565
          0,           0,        2873,      -2.736914742,      -0.256806532,    -0.02344706666,       2.741197565
          0,           0,        2874,      -2.736914742,      -0.256806532,    -0.02344706666,       2.741197565
          0,           0,        2875,      -2.736914742,      -0.256806532,    -0.02344706666,       2.741197565
          0,           0,        2876,      -2.736914742,      -0.256806532,    -0.02344706666,       2.741197565
          0,           0,        2877,      -2.736914742,      -0.256806532,    -0.02344706666,       2.741197565
          0,           0,        2878,      -2.736914742,      -0.256806532,    -0.02344706666,       2.741197565
          0,           0,        2879,      -2.736914742,      -0.256806532,    -0.02344706666,       2.741197565
          0,           0,        2880,      -2.736914742,      -0.256806532,    -0.02344706666,       2.741197565
          0,           0,        2881,      -2.736914742,      -0.256806532,    -0.02344706666,       2.741197565
          0,           0,        2882,      -2.736914742,      -0.256806532,    -0.02344706666,       2.741197565
          0,           0,        2883,      -2.736914742,      -0.256806532,    -0.02344706666,       2.741197565
          0,           0,        2884,      -2.736914742,      -0.256806532,    -0.02344706666,       2.741197565
          0,           0,        2885,      -2.736914742,      -0.256806532,    -0.02344706666,       2.741197565
          0,           0,        2886,      -2.736914742,      -0.256806532,    -0.02344706666,       2.741197565
          0,           0,        2887,      -2.736914742,      -0.256806532,    -0.02344706666,       2.741197565
          0,           0,        2888,      -2.736914742,      -0.256806532,    -0.02344706666,       2.741197565
          0,           0,        2889,      -2.736914742,      -0.256806532,    -0.02344706666,       2.741197565
          0,           0,        2890,      -2.736914742,      -0.256806532,    -0.02344706666,       2.741197565
          0,           0,        2891,      -2.736914742,      -0.256806532,    -0.02344706666,       2.741197565
          0,           0,        2892,      -2.736914742,      -0.256806532,    -0.02344706666,       2.741197565
          0,           0,        2893,      -2.736914742,      -0.256806532,    -0.02344706666,       2.741197565
          0,           0,        2894,      -2.736914742,      -0.256806532,    -0.02344706666,       2.741197565
          0,           0,        2895,      -2.736914742,      -0.256806532,    -0.02344706666,       2.741197565
          0,           0,        2896,      -2.736914742,      -0.256806532,    -0.02344706666,       2.741197565
          0,           0,        2897,      -2.736914742,      -0.256806532,    -0.02344706666,       2.741197565
          0,           0,        2898,      -2.736914742,      -0.256806532,    -0.02344706666,       2.741197565
          0,           0,        2899,      -2.736914742,      -0.256806532,    -0.02344706666,       2.741197565
          0,           0,        2900,      -2.736914742,      -0.256806532,    -0.02344706666,       2.741197565
          0,           0,        2901,      -2.736914742,      -0.256806532,    -0.02344706666,       2.741197565
          0,           0,        2902,      -2.736914742,      -0.256806532,    -0.02344706666,       2.741197565
          0,           0,        2903,      -2.736914742,      -0.256806532,    -0.02344706666,       2.741197565
          0,           0,        2904,      -2.736914742,      -0.256806532,    -0.02344706666,       2.741197565
          0,           0,        2905,      -2.736914742,      -0.256806532,    -0.02344706666,       2.741197565
          0,           0,        2906,      -2.736914742,      -0.256806532,    -0.02344706666,       2.741197565
          0,           0,        2907,      -2.736914742,      -0.256806532,    -0.02344706666,       2.741197565
          0,           0,        2908,      -2.736914742,      -0.256806532,    -0.02344706666,       2.741197565
          0,           0,        2909,      -2.736914742,      -0.256806532,    -0.02344706666,       2.741197565
          0,           0,        2910,      -2.736914742,      -0.256806532,    -0.02344706666,       2.741197565
          0,           0,        2911,      -2.736914742,      -0.256806532,    -0.02344706666,       2.741197565
          0,           0,        2912,      -2.736914742,      -0.256806532,    -0.02344706666,       2.741197565
          0,           0,        2913,      -2.736914742,      -0.256806532,    -0.02344706666,       2.741197565
          0,           0,        2914,      -2.736914742,      -0.256806532,    -0.02344706666,       2.741197565
          0,           0,        2915,      -2.736914742,      -0.256806532,    -0.02344706666,       2.741197565
          0,           0,        2916,      -2.736914742,      -0.256806532,    -0.02344706666,       2.741197565
          0,           0,        2917,      -2.736914742,      -0.256806532,    -0.02344706666,       2.741197565
          0,           0,        2918,      -2.736914742,      -0.256806532,    -0.02344706666,       2.741197565
          0,           0,        2919,      -2.736914742,      -0.256806532,    -0.02344706666,       2.741197565
          0,           0,        2920,      -2.736914742,      -0.256806532,    -0.02344706666,       2.741197565
          0,           0,        2921,      -2.736914742,      -0.256806532,    -0.02344706666,       2.741197565
          0,           0,        2922,      -2.736914742,      -0.256806532,    -0.02344706666,       2.741197565
          0,           0,        2923,      -2.736914742,      -0.256806532,    -0.02344706666,       2.741197565
          0,           0,        2924,      -2.736914742,      -0.256806532,    -0.02344706666,       2.741197565
          0,           0,        2925,      -2.736914742,      -0.256806532,    -0.02344706666,       2.741197565
          0,           0,        2926,      -2.736914742,      -0.256806532,    -0.02344706666,       2.741197565
          0,           0,        2927,      -2.736914742,      -0.256806532,    -0.02344706666,       2.741197565
          0,           0,        2928,      -2.736914742,      -0.256806532,    -0.02344706666,       2.741197565
          0,           0,        2929,      -2.736914742,      -0.256806532,    -0.02344706666,       2.741197565
          0,           0,        2930,      -2.736914742,      -0.256806532,    -0.02344706666,       2.741197565
          0,           0,        2931,      -2.736914742,      -0.256806532,    -0.02344706666,       2.741197565
          0,           0,        2932,      -2.736914742,      -0.256806532,    -0.02344706666,       2.741197565
          0,           0,        2933,      -2.736914742,      -0.256806532,    -0.02344706666,       2.741197565
          0,           0,        2934,      -2.736914742,      -0.256806532,    -0.02344706666,       2.741197565
          0,           0,        2935,      -2.736914742,      -0.256806532,    -0.02344706666,       2.741197565
          0,           0,        2936,      -2.736914742,      -0.256806532,    -0.02344706666,       2.741197565
          0,           0,        2937,      -2.736914742,      -0.256806532,    -0.02344706666,       2.741197565
          0,           0,        2938,      -2.736914742,      -0.256806532,    -0.02344706666,       2.741197565
          0,           0,        2939,      -2.736914742,      -0.256806532,    -0.02344706666,       2.741197565
          0,           0,        2940,      -2.736914742,      -0.256806532,    -0.02344706666,       2.741197565
          0,           0,        2941,      -2.736914742,      -0.256806532,    -0.02344706666,       2.741197565
          0,           0,        2942,      -2.736914742,      -0.256806532,    -0.02344706666,       2.741197565
          0,           0,        2943,      -2.736914742,      -0.256806532,    -0.02344706666,       2.741197565
          0,           0,        2944,      -2.736914742,      -0.256806532,    -0.02344706666,       2.741197565
          0,           0,        2945,      -2.736914742,      -0.256806532,    -0.02344706666,       2.741197565
          0,           0,        2946,      -2.736914742,      -0.256806532,    -0.02344706666,       2.741197565
          0,           0,        2947,      -2.736914742,      -0.256806532,    -0.02344706666,       2.741197565
          0,           0,        2948,      -2.736914742,      -0.256806532,    -0.02344706666,       2.741197565
          0,           0,        2949,      -2.736914742,      -0.256806532,    -0.02344706666,       2.741197565
          0,           0,        2950,      -2.736914742,      -0.256806532,    -0.02344706666,       2.741197565
          0,           0,        2951,      -2.736914742,      -0.256806532,    -0.02344706666,       2.741197565
          0,           0,        2952,      -2.736914742,      -0.256806532,    -0.02344706666,       2.741197565
          0,           0,        2953,      -2.736914742,      -0.256806532,    -0.02344706666,       2.741197565
          0,           0,        2954,      -2.736914742,      -0.256806532,    -0.02344706666,       2.741197565
          0,           0,        2955,      -2.736914742,      -0.256806532,    -0.02344706666,       2.741197565
          0,           0,        2956,      -2.736914742,      -0.256806532,    -0.02344706666,       2.741197565
          0,           0,        2957,      -2.736914742,      -0.256806532,    -0.02344706666,       2.741197565
          0,           0,        2958,      -2.736914742,      -0.256806532,    -0.02344706666,       2.741197565
          0,           0,        2959,      -2.736914742,      -0.256806532,    -0.02344706666,       2.741197565
          0,           0,        2960,      -2.736914742,      -0.256806532,    -0.02344706666,       2.741197565
          0,           0,        2961,      -2.736914742,      -0.256806532,    -0.02344706666,       2.741197565
          0,           0,        2962,      -2.736914742,      -0.256806532,    -0.02344706666,       2.741197565
          0,           0,        2963,      -2.736914742,      -0.256806532,    -0.02344706666,       2.741197565
          0,           0,        2964,      -2.736914742,      -0.256806532,    -0.02344706666,       2.741197565
          0,           0,        2965,      -2.736914742,      -0.256806532,    -0.02344706666,       2.741197565
          0,           0,        2966,      -2.736914742,      -0.256806532,    -0.02344706666,       2.741197565
          0,           0,        2967,      -2.736914742,      -0.256806532,    -0.02344706666,       2.741197565
          0,           0,        2968,      -2.736914742,      -0.256806532,    -0.02344706666,       2.741197565
          0,           0,        2969,      -2.736914742,      -0.256806532,    -0.02344706666,       2.741197565
          0,           0,        2970,      -2.736914742,      -0.256806532,    -0.02344706666,       2.741197565
          0,           0,        2971,      -2.736914742,      -0.256806532,    -0.02344706666,       2.741197565
          0,           0,        2972,      -2.736914742,      -0.256806532,    -0.02344706666,       2.741197565
          0,           0,        2973,      -2.736914742,      -0.256806532,    -0.02344706666,       2.741197565
          0,           0,        2974,      -2.736914742,      -0.256806532,    -0.02344706666,       2.741197565
          0,           0,        2975,      -2.736914742,      -0.256806532,    -0.02344706666,       2.741197565
          0,           0,        2976,      -2.736914742,      -0.256806532,    -0.02344706666,       2.741197565
          0,           0,        2977,      -2.736914742,      -0.256806532,    -0.02344706666,       2.741197565
          0,           0,        2978,      -2.736914742,      -0.256806532,    -0.02344706666,       2.741197565
          0,           0,        2979,      -2.736914742,      -0.256806532,    -0.02344706666,       2.741197565
          0,           0,        2980,      -2.736914742,      -0.256806532,    -0.02344706666,       2.741197565
          0,           0,        2981,      -2.736914742,      -0.256806532,    -0.02344706666,       2.741197565
          0,           0,        2982,      -2.736914742,      -0.256806532,    -0.02344706666,       2.741197565
          0,           0,        2983,      -2.736914742,      -0.256806532,    -0.02344706666,       2.741197565
          0,           0,        2984,      -2.736914742,      -0.256806532,    -0.02344706666,       2.741197565
          0,           0,        2985,      -2.736914742,      -0.256806532,    -0.02344706666,       2.741197565
          0,           0,        2986,      -2.736914742,      -0.256806532,    -0.02344706666,       2.741197565
          0,           0,        2987,      -2.736914742,      -0.256806532,    -0.02344706666,       2.741197565
          0,           0,        2988,      -2.736914742,      -0.256806532,    -0.02344706666,       2.741197565
          0,           0,        2989,      -2.736914742,      -0.256806532,    -0.02344706666,       2.741197565
          0,           0,        2990,      -2.736914742,      -0.256806532,    -0.02344706666,       2.741197565
          0,           0,        2991,      -2.736914742,      -0.256806532,    -0.02344706666,       2.741197565
          0,           0,        2992,      -2.736914742,      -0.256806532,    -0.02344706666,       2.741197565
          0,           0,        2993,      -2.736914742,      -0.256806532,    -0.02344706666,       2.741197565
          0,           0,        2994,      -2.736914742,      -0.256806532,    -0.02344706666,       2.741197565
          0,           0,        2995,      -2.736914742,      -0.256806532,    -0.02344706666,       2.741197565
          0,           0,        2996,      -2.736914742,      -0.256806532,    -0.02344706666,       2.741197565
          0,           0,        2997,      -2.736914742,      -0.256806532,    -0.02344706666,       2.741197565
          0,           0,        2998,      -2.736914742,      -0.256806532,    -0.02344706666,       2.741197565
          0,           0,        2999,      -2.736914742,      -0.256806532,    -0.02344706666,       2.741197565
          0,           0,        3000,      -2.736914742,      -0.256806532,    -0.02344706666,       2.741197565
          0,           0,        3001,      -2.736914742,      -0.256806532,    -0.02344706666,       2.741197565
          0,           0,        3002,      -2.736914742,      -0.256806532,    -0.02344706666,       2.741197565
          0,           0,        3003,      -2.736914742,      -0.256806532,    -0.02344706666,       2.741197565
          0,           0,        3004,      -2.736914742,      -0.256806532,    -0.02344706666,       2.741197565
          0,           0,        3005,      -2.736914742,      -0.256806532,    -0.02344706666,       2.741197565
          0,           0,        3006,      -2.736914742,      -0.256806532,    -0.02344706666,       2.741197565
          0,           0,        3007,      -2.736914742,      -0.256806532,    -0.02344706666,       2.741197565
          0,           0,        3008,      -2.736914742,      -0.256806532,    -0.02344706666,       2.741197565
          0,           0,        3009,      -2.736914742,      -0.256806532,    -0.02344706666,       2.741197565
          0,           0,        3010,      -2.736914742,      -0.256806532,    -0.02344706666,       2.741197565
          0,           0,        3011,      -2.736914742,      -0.256806532,    -0.02344706666,       2.741197565
          0,           0,        3012,      -2.736914742,      -0.256806532,    -0.02344706666,       2.741197565
          0,           0,        3013,      -2.736914742,      -0.256806532,    -0.02344706666,       2.741197565
          0,           0,        3014,      -2.736914742,      -0.256806532,    -0.02344706666,       2.741197565
          0,           0,        3015,      -2.736914742,      -0.256806532,    -0.02344706666,       2.741197565
          0,           0,        3016,      -2.736914742,      -0.256806532,    -0.02344706666,       2.741197565
          0,           0,        3017,      -2.736914742,      -0.256806532,    -0.02344706666,       2.741197565
          0,           0,        3018,      -2.736914742,      -0.256806532,    -0.02344706666,       2.741197565
          0,           0,        3019,      -2.736914742,      -0.256806532,    -0.02344706666,       2.741197565
          0,           0,        3020,      -2.736914742,      -0.256806532,    -0.02344706666,       2.741197565
          0,           0,        3021,      -2.736914742,      -0.256806532,    -0.02344706666,       2.741197565
          0,           0,        3022,      -2.736914742,      -0.256806532,    -0.02344706666,       2.741197565
          0,           0,        3023,      -2.736914742,      -0.256806532,    -0.02344706666,       2.741197565
          0,           0,        3024,      -2.736914742,      -0.256806532,    -0.02344706666,       2.741197565
          0,           0,        3025,      -2.736914742,      -0.256806532,    -0.02344706666,       2.741197565
          0,           0,        3026,      -2.736914742,      -0.256806532,    -0.02344706666,       2.741197565
          0,           0,        3027,      -2.736914742,      -0.256806532,    -0.02344706666,       2.741197565
          0,           0,        3028,      -2.736914742,      -0.256806532,    -0.02344706666,       2.741197565
          0,           0,        3029,      -2.736914742,      -0.256806532,    -0.02344706666,       2.741197565
          0,           0,        3030,      -2.736914742,      -0.256806532,    -0.02344706666,       2.741197565
          0,           0,        3031,      -2.736914742,      -0.256806532,    -0.02344706666,       2.741197565
          0,           0,        3032,      -2.736914742,      -0.256806532,    -0.02344706666,       2.741197565
          0,           0,        3033,      -2.736914742,      -0.256806532,    -0.02344706666,       2.741197565
          0,           0,        3034,      -2.736914742,      -0.256806532,    -0.02344706666,       2.741197565
          0,           0,        3035,      -2.736914742,      -0.256806532,    -0.02344706666,       2.741197565
          0,           0,        3036,      -2.736914742,      -0.256806532,    -0.02344706666,       2.741197565
          0,           0,        3037,      -2.736914742,      -0.256806532,    -0.02344706666,       2.741197565
          0,           0,        3038,      -2.736914742,      -0.256806532,    -0.02344706666,       2.741197565
          0,           0,        3039,      -2.736914742,      -0.256806532,    -0.02344706666,       2.741197565
          0,           0,        3040,      -2.736914742,      -0.256806532,    -0.02344706666,       2.741197565
          0,           0,        3041,      -2.736914742,      -0.256806532,    -0.02344706666,       2.741197565
          0,           0,        3042,      -2.736914742,      -0.256806532,    -0.02344706666,       2.741197565
          0,           0,        3043,      -2.736914742,      -0.256806532,    -0.02344706666,       2.741197565
          0,           0,        3044,      -2.736914742,      -0.256806532,    -0.02344706666,       2.741197565
          0,           0,        3045,      -2.736914742,      -0.256806532,    -0.02344706666,       2.741197565
          0,           0,        3046,      -2.736914742,      -0.256806532,    -0.02344706666,       2.741197565
          0,           0,        3047,      -2.736914742,      -0.256806532,    -0.02344706666,       2.741197565
          0,           0,        3048,      -2.736914742,      -0.256806532,    -0.02344706666,       2.741197565
          0,           0,        3049,      -2.736914742,      -0.256806532,    -0.02344706666,       2.741197565
          0,           0,        3050,      -2.736914742,      -0.256806532,    -0.02344706666,       2.741197565
          0,           0,        3051,      -2.736914742,      -0.256806532,    -0.02344706666,       2.741197565
          0,           0,        3052,      -2.736914742,      -0.256806532,    -0.02344706666,       2.741197565
          0,           0,        3053,      -2.736914742,      -0.256806532,    -0.02344706666,       2.741197565
          0,           0,        3054,      -2.736914742,      -0.256806532,    -0.02344706666,       2.741197565
          0,           0,        3055,      -2.736914742,      -0.256806532,    -0.02344706666,       2.741197565
          0,           0,        3056,      -2.736914742,      -0.256806532,    -0.02344706666,       2.741197565
          0,           0,        3057,      -2.736914742,      -0.256806532,    -0.02344706666,       2.741197565
          0,           0,        3058,      -2.736914742,      -0.256806532,    -0.02344706666,       2.741197565
          0,           0,        3059,      -2.736914742,      -0.256806532,    -0.02344706666,       2.741197565
          0,           0,        3060,      -2.736914742,      -0.256806532,    -0.02344706666,       2.741197565
          0,           0,        3061,      -2.736914742,      -0.256806532,    -0.02344706666,       2.741197565
          0,           0,        3062,      -2.736914742,      -0.256806532,    -0.02344706666,       2.741197565
          0,           0,        3063,      -2.736914742,      -0.256806532,    -0.02344706666,       2.741197565
          0,           0,        3064,      -2.736914742,      -0.256806532,    -0.02344706666,       2.741197565
          0,           0,        3065,      -2.736914742,      -0.256806532,    -0.02344706666,       2.741197565
          0,           0,        3066,      -2.736914742,      -0.256806532,    -0.02344706666,       2.741197565
          0,           0,        3067,      -2.736914742,      -0.256806532,    -0.02344706666,       2.741197565
          0,           0,        3068,      -2.736914742,      -0.256806532,    -0.02344706666,       2.741197565
          0,           0,        3069,      -2.736914742,      -0.256806532,    -0.02344706666,       2.741197565
          0,           0,        3070,      -2.736914742,      -0.256806532,    -0.02344706666,       2.741197565
          0,           0,        3071,      -2.736914742,      -0.256806532,    -0.02344706666,       2.741197565
          0,           0,        3072,      -2.736914742,      -0.256806532,    -0.02344706666,       2.741197565
          0,           0,        3073,      -2.736914742,      -0.256806532,    -0.02344706666,       2.741197565
          0,           0,        3074,      -2.736914742,      -0.256806532,    -0.02344706666,       2.741197565
          0,           0,        3075,      -2.736914742,      -0.256806532,    -0.02344706666,       2.741197565
          0,           0,        3076,      -2.736914742,      -0.256806532,    -0.02344706666,       2.741197565
          0,           0,        3077,      -2.736914742,      -0.256806532,    -0.02344706666,       2.741197565
          0,           0,        3078,      -2.736914742,      -0.256806532,    -0.02344706666,       2.741197565
          0,           0,        3079,      -2.736914742,      -0.256806532,    -0.02344706666,       2.741197565
          0,           0,        3080,      -2.736914742,      -0.256806532,    -0.02344706666,       2.741197565
          0,           0,        3081,      -2.736914742,      -0.256806532,    -0.02344706666,       2.741197565
          0,           0,        3082,      -2.736914742,      -0.256806532,    -0.02344706666,       2.741197565
          0,           0,        3083,      -2.736914742,      -0.256806532,    -0.02344706666,       2.741197565
          0,           0,        3084,      -2.736914742,      -0.256806532,    -0.02344706666,       2.741197565
          0,           0,        3085,      -2.736914742,      -0.256806532,    -0.02344706666,       2.741197565
          0,           0,        3086,      -2.736914742,      -0.256806532,    -0.02344706666,       2.741197565
          0,           0,        3087,      -2.736914742,      -0.256806532,    -0.02344706666,       2.741197565
          0,           0,        3088,      -2.736914742,      -0.256806532,    -0.02344706666,       2.741197565
          0,           0,        3089,      -2.736914742,      -0.256806532,    -0.02344706666,       2.741197565
          0,           0,        3090,      -2.736914742,      -0.256806532,    -0.02344706666,       2.741197565
          0,           0,        3091,      -2.736914742,      -0.256806532,    -0.02344706666,       2.741197565
          0,           0,        3092,      -2.736914742,      -0.256806532,    -0.02344706666,       2.741197565
          0,           0,        3093,      -2.736914742,      -0.256806532,    -0.02344706666,       2.741197565
          0,           0,        3094,      -2.736914742,      -0.256806532,    -0.02344706666,       2.741197565
          0,           0,        3095,      -2.736914742,      -0.256806532,    -0.02344706666,       2.741197565
          0,           0,        3096,      -2.736914742,      -0.256806532,    -0.02344706666,       2.741197565
          0,           0,        3097,      -2.736914742,      -0.256806532,    -0.02344706666,       2.741197565
          0,           0,        3098,      -2.736914742,      -0.256806532,    -0.02344706666,       2.741197565
          0,           0,        3099,      -2.736914742,      -0.256806532,    -0.02344706666,       2.741197565
          0,           0,        3100,      -2.736914742,      -0.256806532,    -0.02344706666,       2.741197565
          0,           0,        3101,      -2.736914742,      -0.256806532,    -0.02344706666,       2.741197565
          0,           0,        3102,      -2.736914742,      -0.256806532,    -0.02344706666,       2.741197565
          0,           0,        3103,      -2.736914742,      -0.256806532,    -0.02344706666,       2.741197565
          0,           0,        3104,      -2.736914742,      -0.256806532,    -0.02344706666,       2.741197565
          0,           0,        3105,      -2.736914742,      -0.256806532,    -0.02344706666,       2.741197565
          0,           0,        3106,      -2.736914742,      -0.256806532,    -0.02344706666,       2.741197565
          0,           0,        3107,      -2.736914742,      -0.256806532,    -0.02344706666,       2.741197565
          0,           0,        3108,      -2.736914742,      -0.256806532,    -0.02344706666,       2.741197565
          0,           0,        3109,      -2.736914742,      -0.256806532,    -0.02344706666,       2.741197565
          0,           0,        3110,      -2.736914742,      -0.256806532,    -0.02344706666,       2.741197565
          0,           0,        3111,      -2.736914742,      -0.256806532,    -0.02344706666,       2.741197565
          0,           0,        3112,      -2.736914742,      -0.256806532,    -0.02344706666,       2.741197565
          0,           0,        3113,      -2.736914742,      -0.256806532,    -0.02344706666,       2.741197565
          0,           0,        3114,      -2.736914742,      -0.256806532,    -0.02344706666,       2.741197565
          0,           0,        3115,      -2.736914742,      -0.256806532,    -0.02344706666,       2.741197565
          0,           0,        3116,      -2.736914742,      -0.256806532,    -0.02344706666,       2.741197565
          0,           0,        3117,      -2.736914742,      -0.256806532,    -0.02344706666,       2.741197565
          0,           0,        3118,      -2.736914742,      -0.256806532,    -0.02344706666,       2.741197565
          0,           0,        3119,      -2.736914742,      -0.256806532,    -0.02344706666,       2.741197565
          0,           0,        3120,      -2.736914742,      -0.256806532,    -0.02344706666,       2.741197565
          0,           0,        3121,      -2.736914742,      -0.256806532,    -0.02344706666,       2.741197565
          0,           0,        3122,      -2.736914742,      -0.256806532,    -0.02344706666,       2.741197565
          0,           0,        3123,      -2.736914742,      -0.256806532,    -0.02344706666,       2.741197565
          0,           0,        3124,      -2.736914742,      -0.256806532,    -0.02344706666,       2.741197565
          0,           0,        3125,      -2.736914742,      -0.256806532,    -0.02344706666,       2.741197565
          0,           0,        3126,      -2.736914742,      -0.256806532,    -0.02344706666,       2.741197565
          0,           0,        3127,      -2.736914742,      -0.256806532,    -0.02344706666,       2.741197565
          0,           0,        3128,      -2.736914742,      -0.256806532,    -0.02344706666,       2.741197565
          0,           0,        3129,      -2.736914742,      -0.256806532,    -0.02344706666,       2.741197565
          0,           0,        3130,      -2.736914742,      -0.256806532,    -0.02344706666,       2.741197565
          0,           0,        3131,      -2.736914742,      -0.256806532,    -0.02344706666,       2.741197565
          0,           0,        3132,      -2.736914742,      -0.256806532,    -0.02344706666,       2.741197565
          0,           0,        3133,      -2.736914742,      -0.256806532,    -0.02344706666,       2.741197565
          0,           0,        3134,      -2.736914742,      -0.256806532,    -0.02344706666,       2.741197565
          0,           0,        3135,      -2.736914742,      -0.256806532,    -0.02344706666,       2.741197565
          0,           0,        3136,      -2.736914742,      -0.256806532,    -0.02344706666,       2.741197565
          0,           0,        3137,      -2.736914742,      -0.256806532,    -0.02344706666,       2.741197565
          0,           0,        3138,      -2.736914742,      -0.256806532,    -0.02344706666,       2.741197565
          0,           0,        3139,      -2.736914742,      -0.256806532,    -0.02344706666,       2.741197565
          0,           0,        3140,      -2.736914742,      -0.256806532,    -0.02344706666,       2.741197565
          0,           0,        3141,      -2.736914742,      -0.256806532,    -0.02344706666,       2.741197565
          0,           0,        3142,      -2.736914742,      -0.256806532,    -0.02344706666,       2.741197565
          0,           0,        3143,      -2.736914742,      -0.256806532,    -0.02344706666,       2.741197565
          0,           0,        3144,      -2.736914742,      -0.256806532,    -0.02344706666,       2.741197565
          0,           0,        3145,      -2.736914742,      -0.256806532,    -0.02344706666,       2.741197565
          0,           0,        3146,      -2.736914742,      -0.256806532,    -0.02344706666,       2.741197565
          0,           0,        3147,      -2.736914742,      -0.256806532,    -0.02344706666,       2.741197565
          0,           0,        3148,      -2.736914742,      -0.256806532,    -0.02344706666,       2.741197565
          0,           0,        3149,      -2.736914742,      -0.256806532,    -0.02344706666,       2.741197565
          0,           0,        3150,      -2.736914742,      -0.256806532,    -0.02344706666,       2.741197565
          0,           0,        3151,      -2.736914742,      -0.256806532,    -0.02344706666,       2.741197565
          0,           0,        3152,      -2.736914742,      -0.256806532,    -0.02344706666,       2.741197565
          0,           0,        3153,      -2.736914742,      -0.256806532,    -0.02344706666,       2.741197565
          0,           0,        3154,      -2.736914742,      -0.256806532,    -0.02344706666,       2.741197565
          0,           0,        3155,      -2.736914742,      -0.256806532,    -0.02344706666,       2.741197565
          0,           0,        3156,      -2.736914742,      -0.256806532,    -0.02344706666,       2.741197565
          0,           0,        3157,      -2.736914742,      -0.256806532,    -0.02344706666,       2.741197565
          0,           0,        3158,      -2.736914742,      -0.256806532,    -0.02344706666,       2.741197565
          0,           0,        3159,      -2.736914742,      -0.256806532,    -0.02344706666,       2.741197565
          0,           0,        3160,      -2.736914742,      -0.256806532,    -0.02344706666,       2.741197565
          0,           0,        3161,      -2.736914742,      -0.256806532,    -0.02344706666,       2.741197565
          0,           0,        3162,      -2.736914742,      -0.256806532,    -0.02344706666,       2.741197565
          0,           0,        3163,      -2.736914742,      -0.256806532,    -0.02344706666,       2.741197565
          0,           0,        3164,      -2.736914742,      -0.256806532,    -0.02344706666,       2.741197565
          0,           0,        3165,      -2.736914742,      -0.256806532,    -0.02344706666,       2.741197565
          0,           0,        3166,      -2.736914742,      -0.256806532,    -0.02344706666,       2.741197565
          0,           0,        3167,      -2.736914742,      -0.256806532,    -0.02344706666,       2.741197565
          0,           0,        3168,      -2.736914742,      -0.256806532,    -0.02344706666,       2.741197565
          0,           0,        3169,      -2.736914742,      -0.256806532,    -0.02344706666,       2.741197565
          0,           0,        3170,      -2.736914742,      -0.256806532,    -0.02344706666,       2.741197565
          0,           0,        3171,      -2.736914742,      -0.256806532,    -0.02344706666,       2.741197565
          0,           0,        3172,      -2.736914742,      -0.256806532,    -0.02344706666,       2.741197565
          0,           0,        3173,      -2.736914742,      -0.256806532,    -0.02344706666,       2.741197565
          0,           0,        3174,      -2.736914742,      -0.256806532,    -0.02344706666,       2.741197565
          0,           0,        3175,      -2.736914742,      -0.256806532,    -0.02344706666,       2.741197565
          0,           0,        3176,      -2.736914742,      -0.256806532,    -0.02344706666,       2.741197565
          0,           0,        3177,      -2.736914742,      -0.256806532,    -0.02344706666,       2.741197565
          0,           0,        3178,      -2.736914742,      -0.256806532,    -0.02344706666,       2.741197565
          0,           0,        3179,      -2.736914742,      -0.256806532,    -0.02344706666,       2.741197565
          0,           0,        3180,      -2.736914742,      -0.256806532,    -0.02344706666,       2.741197565
          0,           0,        3181,      -2.736914742,      -0.256806532,    -0.02344706666,       2.741197565
          0,           0,        3182,      -2.736914742,      -0.256806532,    -0.02344706666,       2.741197565
          0,           0,        3183,      -2.736914742,      -0.256806532,    -0.02344706666,       2.741197565
          0,           0,        3184,      -2.736914742,      -0.256806532,    -0.02344706666,       2.741197565
          0,           0,        3185,      -2.736914742,      -0.256806532,    -0.02344706666,       2.741197565
          0,           0,        3186,      -2.736914742,      -0.256806532,    -0.02344706666,       2.741197565
          0,           0,        3187,      -2.736914742,      -0.256806532,    -0.02344706666,       2.741197565
          0,           0,        3188,      -2.736914742,      -0.256806532,    -0.02344706666,       2.741197565
          0,           0,        3189,      -2.736914742,      -0.256806532,    -0.02344706666,       2.741197565
          0,           0,        3190,      -2.736914742,      -0.256806532,    -0.02344706666,       2.741197565
          0,           0,        3191,      -2.736914742,      -0.256806532,    -0.02344706666,       2.741197565
          0,           0,        3192,      -2.736914742,      -0.256806532,    -0.02344706666,       2.741197565
          0,           0,        3193,      -2.736914742,      -0.256806532,    -0.02344706666,       2.741197565
          0,           0,        3194,      -2.736914742,      -0.256806532,    -0.02344706666,       2.741197565
          0,           0,        3195,      -2.736914742,      -0.256806532,    -0.02344706666,       2.741197565
          0,           0,        3196,      -2.736914742,      -0.256806532,    -0.02344706666,       2.741197565
          0,           0,        3197,      -2.736914742,      -0.256806532,    -0.02344706666,       2.741197565
          0,           0,        3198,      -2.736914742,      -0.256806532,    -0.02344706666,       2.741197565
          0,           0,        3199,      -2.736914742,      -0.256806532,    -0.02344706666,       2.741197565
          0,           0,        3200,      -2.736914742,      -0.256806532,    -0.02344706666,       2.741197565
          0,           0,        3201,      -2.736914742,      -0.256806532,    -0.02344706666,       2.741197565
          0,           0,        3202,      -2.736914742,      -0.256806532,    -0.02344706666,       2.741197565
          0,           0,        3203,      -2.736914742,      -0.256806532,    -0.02344706666,       2.741197565
          0,           0,        3204,      -2.736914742,      -0.256806532,    -0.02344706666,       2.741197565
          0,           0,        3205,      -2.736914742,      -0.256806532,    -0.02344706666,       2.741197565
          0,           0,        3206,      -2.736914742,      -0.256806532,    -0.02344706666,       2.741197565
          0,           0,        3207,      -2.736914742,      -0.256806532,    -0.02344706666,       2.741197565
          0,           0,        3208,      -2.736914742,      -0.256806532,    -0.02344706666,       2.741197565
          0,           0,        3209,      -2.736914742,      -0.256806532,    -0.02344706666,       2.741197565
          0,           0,        3210,      -2.736914742,      -0.256806532,    -0.02344706666,       2.741197565
          0,           0,        3211,      -2.736914742,      -0.256806532,    -0.02344706666,       2.741197565
          0,           0,        3212,      -2.736914742,      -0.256806532,    -0.02344706666,       2.741197565
          0,           0,        3213,      -2.736914742,      -0.256806532,    -0.02344706666,       2.741197565
          0,           0,        3214,      -2.736914742,      -0.256806532,    -0.02344706666,       2.741197565
          0,           0,        3215,      -2.736914742,      -0.256806532,    -0.02344706666,       2.741197565
          0,           0,        3216,      -2.736914742,      -0.256806532,    -0.02344706666,       2.741197565
          0,           0,        3217,      -2.736914742,      -0.256806532,    -0.02344706666,       2.741197565
          0,           0,        3218,      -2.736914742,      -0.256806532,    -0.02344706666,       2.741197565
          0,           0,        3219,      -2.736914742,      -0.256806532,    -0.02344706666,       2.741197565
          0,           0,        3220,      -2.736914742,      -0.256806532,    -0.02344706666,       2.741197565
          0,           0,        3221,      -2.736914742,      -0.256806532,    -0.02344706666,       2.741197565
          0,           0,        3222,      -2.736914742,      -0.256806532,    -0.02344706666,       2.741197565
          0,           0,        3223,      -2.736914742,      -0.256806532,    -0.02344706666,       2.741197565
          0,           0,        3224,      -2.736914742,      -0.256806532,    -0.02344706666,       2.741197565
          0,           0,        3225,      -2.736914742,      -0.256806532,    -0.02344706666,       2.741197565
          0,           0,        3226,      -2.736914742,      -0.256806532,    -0.02344706666,       2.741197565
          0,           0,        3227,      -2.736914742,      -0.256806532,    -0.02344706666,       2.741197565
          0,           0,        3228,      -2.736914742,      -0.256806532,    -0.02344706666,       2.741197565
          0,           0,        3229,      -2.736914742,      -0.256806532,    -0.02344706666,       2.741197565
          0,           0,        3230,      -2.736914742,      -0.256806532,    -0.02344706666,       2.741197565
          0,           0,        3231,      -2.736914742,      -0.256806532,    -0.02344706666,       2.741197565
          0,           0,        3232,      -2.736914742,      -0.256806532,    -0.02344706666,       2.741197565
          0,           0,        3233,      -2.736914742,      -0.256806532,    -0.02344706666,       2.741197565
          0,           0,        3234,      -2.736914742,      -0.256806532,    -0.02344706666,       2.741197565
          0,           0,        3235,      -2.736914742,      -0.256806532,    -0.02344706666,       2.741197565
          0,           0,        3236,      -2.736914742,      -0.256806532,    -0.02344706666,       2.741197565
          0,           0,        3237,      -2.736914742,      -0.256806532,    -0.02344706666,       2.741197565
          0,           0,        3238,      -2.736914742,      -0.256806532,    -0.02344706666,       2.741197565
          0,           0,        3239,      -2.736914742,      -0.256806532,    -0.02344706666,       2.741197565
          0,           0,        3240,      -2.736914742,      -0.256806532,    -0.02344706666,       2.741197565
          0,           0,        3241,      -2.736914742,      -0.256806532,    -0.02344706666,       2.741197565
          0,           0,        3242,      -2.736914742,      -0.256806532,    -0.02344706666,       2.741197565
          0,           0,        3243,      -2.736914742,      -0.256806532,    -0.02344706666,       2.741197565
          0,           0,        3244,      -2.736914742,      -0.256806532,    -0.02344706666,       2.741197565
          0,           0,        3245,      -2.736914742,      -0.256806532,    -0.02344706666,       2.741197565
          0,           0,        3246,      -2.736914742,      -0.256806532,    -0.02344706666,       2.741197565
          0,           0,        3247,      -2.736914742,      -0.256806532,    -0.02344706666,       2.741197565
          0,           0,        3248,      -2.736914742,      -0.256806532,    -0.02344706666,       2.741197565
          0,           0,        3249,      -2.736914742,      -0.256806532,    -0.02344706666,       2.741197565
          0,           0,        3250,      -2.736914742,      -0.256806532,    -0.02344706666,       2.741197565
          0,           0,        3251,      -2.736914742,      -0.256806532,    -0.02344706666,       2.741197565
          0,           0,        3252,      -2.736914742,      -0.256806532,    -0.02344706666,       2.741197565
          0,           0,        3253,      -2.736914742,      -0.256806532,    -0.02344706666,       2.741197565
          0,           0,        3254,      -2.736914742,      -0.256806532,    -0.02344706666,       2.741197565
          0,           0,        3255,      -2.736914742,      -0.256806532,    -0.02344706666,       2.741197565
          0,           0,        3256,      -2.736914742,      -0.256806532,    -0.02344706666,       2.741197565
          0,           0,        3257,      -2.736914742,      -0.256806532,    -0.02344706666,       2.741197565
          0,           0,        3258,      -2.736914742,      -0.256806532,    -0.02344706666,       2.741197565
          0,           0,        3259,      -2.736914742,      -0.256806532,    -0.02344706666,       2.741197565
          0,           0,        3260,      -2.736914742,      -0.256806532,    -0.02344706666,       2.741197565
          0,           0,        3261,      -2.736914742,      -0.256806532,    -0.02344706666,       2.741197565
          0,           0,        3262,      -2.736914742,      -0.256806532,    -0.02344706666,       2.741197565
          0,           0,        3263,      -2.736914742,      -0.256806532,    -0.02344706666,       2.741197565
          0,           0,        3264,      -2.736914742,      -0.256806532,    -0.02344706666,       2.741197565
          0,           0,        3265,      -2.736914742,      -0.256806532,    -0.02344706666,       2.741197565
          0,           0,        3266,      -2.736914742,      -0.256806532,    -0.02344706666,       2.741197565
          0,           0,        3267,      -2.736914742,      -0.256806532,    -0.02344706666,       2.741197565
          0,           0,        3268,      -2.736914742,      -0.256806532,    -0.02344706666,       2.741197565
          0,           0,        3269,      -2.736914742,      -0.256806532,    -0.02344706666,       2.741197565
          0,           0,        3270,      -2.736914742,      -0.256806532,    -0.02344706666,       2.741197565
          0,           0,        3271,      -2.736914742,      -0.256806532,    -0.02344706666,       2.741197565
          0,           0,        3272,      -2.736914742,      -0.256806532,    -0.02344706666,       2.741197565
          0,           0,        3273,      -2.736914742,      -0.256806532,    -0.02344706666,       2.741197565
          0,           0,        3274,      -2.736914742,      -0.256806532,    -0.02344706666,       2.741197565
          0,           0,        3275,      -2.736914742,      -0.256806532,    -0.02344706666,       2.741197565
          0,           0,        3276,      -2.736914742,      -0.256806532,    -0.02344706666,       2.741197565
          0,           0,        3277,      -2.736914742,      -0.256806532,    -0.02344706666,       2.741197565
          0,           0,        3278,      -2.736914742,      -0.256806532,    -0.02344706666,       2.741197565
          0,           0,        3279,      -2.736914742,      -0.256806532,    -0.02344706666,       2.741197565
          0,           0,        3280,      -2.736914742,      -0.256806532,    -0.02344706666,       2.741197565
          0,           0,        3281,      -2.736914742,      -0.256806532,    -0.02344706666,       2.741197565
          0,           0,        3282,      -2.736914742,      -0.256806532,    -0.02344706666,       2.741197565
          0,           0,        3283,      -2.736914742,      -0.256806532,    -0.02344706666,       2.741197565
          0,           0,        3284,      -2.736914742,      -0.256806532,    -0.02344706666,       2.741197565
          0,           0,        3285,      -2.736914742,      -0.256806532,    -0.02344706666,       2.741197565
          0,           0,        3286,      -2.736914742,      -0.256806532,    -0.02344706666,       2.741197565
          0,           0,        3287,      -2.736914742,      -0.256806532,    -0.02344706666,       2.741197565
          0,           0,        3288,      -2.736914742,      -0.256806532,    -0.02344706666,       2.741197565
          0,           0,        3289,      -2.736914742,      -0.256806532,    -0.02344706666,       2.741197565
          0,           0,        3290,      -2.736914742,      -0.256806532,    -0.02344706666,       2.741197565
          0,           0,        3291,      -2.736914742,      -0.256806532,    -0.02344706666,       2.741197565
          0,           0,        3292,      -2.736914742,      -0.256806532,    -0.02344706666,       2.741197565
          0,           0,        3293,      -2.736914742,      -0.256806532,    -0.02344706666,       2.741197565
          0,           0,        3294,      -2.736914742,      -0.256806532,    -0.02344706666,       2.741197565
          0,           0,        3295,      -2.736914742,      -0.256806532,    -0.02344706666,       2.741197565
          0,           0,        3296,      -2.736914742,      -0.256806532,    -0.02344706666,       2.741197565
          0,           0,        3297,      -2.736914742,      -0.256806532,    -0.02344706666,       2.741197565
          0,           0,        3298,      -2.736914742,      -0.256806532,    -0.02344706666,       2.741197565
          0,           0,        3299,      -2.736914742,      -0.256806532,    -0.02344706666,       2.741197565
          0,           0,        3300,      -2.736914742,      -0.256806532,    -0.02344706666,       2.741197565
          0,           0,        3301,      -2.736914742,      -0.256806532,    -0.02344706666,       2.741197565
          0,           0,        3302,      -2.736914742,      -0.256806532,    -0.02344706666,       2.741197565
          0,           0,        3303,      -2.736914742,      -0.256806532,    -0.02344706666,       2.741197565
          0,           0,        3304,      -2.736914742,      -0.256806532,    -0.02344706666,       2.741197565
          0,           0,        3305,      -2.736914742,      -0.256806532,    -0.02344706666,       2.741197565
          0,           0,        3306,      -2.736914742,      -0.256806532,    -0.02344706666,       2.741197565
          0,           0,        3307,      -2.736914742,      -0.256806532,    -0.02344706666,       2.741197565
          0,           0,        3308,      -2.736914742,      -0.256806532,    -0.02344706666,       2.741197565
          0,           0,        3309,      -2.736914742,      -0.256806532,    -0.02344706666,       2.741197565
          0,           0,        3310,      -2.736914742,      -0.256806532,    -0.02344706666,       2.741197565
          0,           0,        3311,      -2.736914742,      -0.256806532,    -0.02344706666,       2.741197565
          0,           0,        3312,      -2.736914742,      -0.256806532,    -0.02344706666,       2.741197565
          0,           0,        3313,      -2.736914742,      -0.256806532,    -0.02344706666,       2.741197565
          0,           0,        3314,      -2.736914742,      -0.256806532,    -0.02344706666,       2.741197565
          0,           0,        3315,      -2.736914742,      -0.256806532,    -0.02344706666,       2.741197565
          0,           0,        3316,      -2.736914742,      -0.256806532,    -0.02344706666,       2.741197565
          0,           0,        3317,      -2.736914742,      -0.256806532,    -0.02344706666,       2.741197565
          0,           0,        3318,      -2.736914742,      -0.256806532,    -0.02344706666,       2.741197565
          0,           0,        3319,      -2.736914742,      -0.256806532,    -0.02344706666,       2.741197565
          0,           0,        3320,      -2.736914742,      -0.256806532,    -0.02344706666,       2.741197565
          0,           0,        3321,      -2.736914742,      -0.256806532,    -0.02344706666,       2.741197565
          0,           0,        3322,      -2.736914742,      -0.256806532,    -0.02344706666,       2.741197565
          0,           0,        3323,      -2.736914742,      -0.256806532,    -0.02344706666,       2.741197565
          0,           0,        3324,      -2.736914742,      -0.256806532,    -0.02344706666,       2.741197565
          0,           0,        3325,      -2.736914742,      -0.256806532,    -0.02344706666,       2.741197565
          0,           0,        3326,      -2.736914742,      -0.256806532,    -0.02344706666,       2.741197565
          0,           0,        3327,      -2.736914742,      -0.256806532,    -0.02344706666,       2.741197565
          0,           0,        3328,      -2.736914742,      -0.256806532,    -0.02344706666,       2.741197565
          0,           0,        3329,      -2.736914742,      -0.256806532,    -0.02344706666,       2.741197565
          0,           0,        3330,      -2.736914742,      -0.256806532,    -0.02344706666,       2.741197565
          0,           0,        3331,      -2.736914742,      -0.256806532,    -0.02344706666,       2.741197565
          0,           0,        3332,      -2.736914742,      -0.256806532,    -0.02344706666,       2.741197565
          0,           0,        3333,      -2.736914742,      -0.256806532,    -0.02344706666,       2.741197565
          0,           0,        3334,      -2.736914742,      -0.256806532,    -0.02344706666,       2.741197565
          0,           0,        3335,      -2.736914742,      -0.256806532,    -0.02344706666,       2.741197565
          0,           0,        3336,      -2.736914742,      -0.256806532,    -0.02344706666,       2.741197565
          0,           0,        3337,      -2.736914742,      -0.256806532,    -0.02344706666,       2.741197565
          0,           0,        3338,      -2.736914742,      -0.256806532,    -0.02344706666,       2.741197565
          0,           0,        3339,      -2.736914742,      -0.256806532,    -0.02344706666,       2.741197565
          0,           0,        3340,      -2.736914742,      -0.256806532,    -0.02344706666,       2.741197565
          0,           0,        3341,      -2.736914742,      -0.256806532,    -0.02344706666,       2.741197565
          0,           0,        3342,      -2.736914742,      -0.256806532,    -0.02344706666,       2.741197565
          0,           0,        3343,      -2.736914742,      -0.256806532,    -0.02344706666,       2.741197565
          0,           0,        3344,      -2.736914742,      -0.256806532,    -0.02344706666,       2.741197565
          0,           0,        3345,      -2.736914742,      -0.256806532,    -0.02344706666,       2.741197565
          0,           0,        3346,      -2.736914742,      -0.256806532,    -0.02344706666,       2.741197565
          0,           0,        3347,      -2.736914742,      -0.256806532,    -0.02344706666,       2.741197565
          0,           0,        3348,      -2.736914742,      -0.256806532,    -0.02344706666,       2.741197565
          0,           0,        3349,      -2.736914742,      -0.256806532,    -0.02344706666,       2.741197565
          0,           0,        3350,      -2.736914742,      -0.256806532,    -0.02344706666,       2.741197565
          0,           0,        3351,      -2.736914742,      -0.256806532,    -0.02344706666,       2.741197565
          0,           0,        3352,      -2.736914742,      -0.256806532,    -0.02344706666,       2.741197565
          0,           0,        3353,      -2.736914742,      -0.256806532,    -0.02344706666,       2.741197565
          0,           0,        3354,      -2.736914742,      -0.256806532,    -0.02344706666,       2.741197565
          0,           0,        3355,      -2.736914742,      -0.256806532,    -0.02344706666,       2.741197565
          0,           0,        3356,      -2.736914742,      -0.256806532,    -0.02344706666,       2.741197565
          0,           0,        3357,      -2.736914742,      -0.256806532,    -0.02344706666,       2.741197565
          0,           0,        3358,      -2.736914742,      -0.256806532,    -0.02344706666,       2.741197565
          0,           0,        3359,      -2.736914742,      -0.256806532,    -0.02344706666,       2.741197565
          0,           0,        3360,      -2.736914742,      -0.256806532,    -0.02344706666,       2.741197565
          0,           0,        3361,      -2.736914742,      -0.256806532,    -0.02344706666,       2.741197565
          0,           0,        3362,      -2.736914742,      -0.256806532,    -0.02344706666,       2.741197565
          0,           0,        3363,      -2.736914742,      -0.256806532,    -0.02344706666,       2.741197565
          0,           0,        3364,      -2.736914742,      -0.256806532,    -0.02344706666,       2.741197565
          0,           0,        3365,      -2.736914742,      -0.256806532,    -0.02344706666,       2.741197565
          0,           0,        3366,      -2.736914742,      -0.256806532,    -0.02344706666,       2.741197565
          0,           0,        3367,      -2.736914742,      -0.256806532,    -0.02344706666,       2.741197565
          0,           0,        3368,      -2.736914742,      -0.256806532,    -0.02344706666,       2.741197565
          0,           0,        3369,      -2.736914742,      -0.256806532,    -0.02344706666,       2.741197565
          0,           0,        3370,      -2.736914742,      -0.256806532,    -0.02344706666,       2.741197565
          0,           0,        3371,      -2.736914742,      -0.256806532,    -0.02344706666,       2.741197565
          0,           0,        3372,      -2.736914742,      -0.256806532,    -0.02344706666,       2.741197565
          0,           0,        3373,      -2.736914742,      -0.256806532,    -0.02344706666,       2.741197565
          0,           0,        3374,      -2.736914742,      -0.256806532,    -0.02344706666,       2.741197565
          0,           0,        3375,      -2.736914742,      -0.256806532,    -0.02344706666,       2.741197565
          0,           0,        3376,      -2.736914742,      -0.256806532,    -0.02344706666,       2.741197565
          0,           0,        3377,      -2.736914742,      -0.256806532,    -0.02344706666,       2.741197565
          0,           0,        3378,      -2.736914742,      -0.256806532,    -0.02344706666,       2.741197565
          0,           0,        3379,      -2.736914742,      -0.256806532,    -0.02344706666,       2.741197565
          0,           0,        3380,      -2.736914742,      -0.256806532,    -0.02344706666,       2.741197565
          0,           0,        3381,      -2.736914742,      -0.256806532,    -0.02344706666,       2.741197565
          0,           0,        3382,      -2.736914742,      -0.256806532,    -0.02344706666,       2.741197565
          0,           0,        3383,      -2.736914742,      -0.256806532,    -0.02344706666,       2.741197565
          0,           0,        3384,      -2.736914742,      -0.256806532,    -0.02344706666,       2.741197565
          0,           0,        3385,      -2.736914742,      -0.256806532,    -0.02344706666,       2.741197565
          0,           0,        3386,      -2.736914742,      -0.256806532,    -0.02344706666,       2.741197565
          0,           0,        3387,      -2.736914742,      -0.256806532,    -0.02344706666,       2.741197565
          0,           0,        3388,      -2.736914742,      -0.256806532,    -0.02344706666,       2.741197565
          0,           0,        3389,      -2.736914742,      -0.256806532,    -0.02344706666,       2.741197565
          0,           0,        3390,      -2.736914742,      -0.256806532,    -0.02344706666,       2.741197565
          0,           0,        3391,      -2.736914742,      -0.256806532,    -0.02344706666,       2.741197565
          0,           0,        3392,      -2.736914742,      -0.256806532,    -0.02344706666,       2.741197565
          0,           0,        3393,      -2.736914742,      -0.256806532,    -0.02344706666,       2.741197565
          0,           0,        3394,      -2.736914742,      -0.256806532,    -0.02344706666,       2.741197565
          0,           0,        3395,      -2.736914742,      -0.256806532,    -0.02344706666,       2.741197565
          0,           0,        3396,      -2.736914742,      -0.256806532,    -0.02344706666,       2.741197565
          0,           0,        3397,      -2.736914742,      -0.256806532,    -0.02344706666,       2.741197565
          0,           0,        3398,      -2.736914742,      -0.256806532,    -0.02344706666,       2.741197565
          0,           0,        3399,      -2.736914742,      -0.256806532,    -0.02344706666,       2.741197565
          0,           0,        3400,      -2.736914742,      -0.256806532,    -0.02344706666,       2.741197565
          0,           0,        3401,      -2.736914742,      -0.256806532,    -0.02344706666,       2.741197565
          0,           0,        3402,      -2.736914742,      -0.256806532,    -0.02344706666,       2.741197565
          0,           0,        3403,      -2.736914742,      -0.256806532,    -0.02344706666,       2.741197565
          0,           0,        3404,      -2.736914742,      -0.256806532,    -0.02344706666,       2.741197565
          0,           0,        3405,      -2.736914742,      -0.256806532,    -0.02344706666,       2.741197565
          0,           0,        3406,      -2.736914742,      -0.256806532,    -0.02344706666,       2.741197565
          0,           0,        3407,      -2.736914742,      -0.256806532,    -0.02344706666,       2.741197565
          0,           0,        3408,      -2.736914742,      -0.256806532,    -0.02344706666,       2.741197565
          0,           0,        3409,      -2.736914742,      -0.256806532,    -0.02344706666,       2.741197565
          0,           0,        3410,      -2.736914742,      -0.256806532,    -0.02344706666,       2.741197565
          0,           0,        3411,      -2.736914742,      -0.256806532,    -0.02344706666,       2.741197565
          0,           0,        3412,      -2.736914742,      -0.256806532,    -0.02344706666,       2.741197565
          0,           0,        3413,      -2.736914742,      -0.256806532,    -0.02344706666,       2.741197565
          0,           0,        3414,      -2.736914742,      -0.256806532,    -0.02344706666,       2.741197565
          0,           0,        3415,      -2.736914742,      -0.256806532,    -0.02344706666,       2.741197565
          0,           0,        3416,      -2.736914742,      -0.256806532,    -0.02344706666,       2.741197565
          0,           0,        3417,      -2.736914742,      -0.256806532,    -0.02344706666,       2.741197565
          0,           0,        3418,      -2.736914742,      -0.256806532,    -0.02344706666,       2.741197565
          0,           0,        3419,      -2.736914742,      -0.256806532,    -0.02344706666,       2.741197565
          0,           0,        3420,      -2.736914742,      -0.256806532,    -0.02344706666,       2.741197565
          0,           0,        3421,      -2.736914742,      -0.256806532,    -0.02344706666,       2.741197565
          0,           0,        3422,      -2.736914742,      -0.256806532,    -0.02344706666,       2.741197565
          0,           0,        3423,      -2.736914742,      -0.256806532,    -0.02344706666,       2.741197565
          0,           0,        3424,      -2.736914742,      -0.256806532,    -0.02344706666,       2.741197565
          0,           0,        3425,      -2.736914742,      -0.256806532,    -0.02344706666,       2.741197565
          0,           0,        3426,      -2.736914742,      -0.256806532,    -0.02344706666,       2.741197565
          0,           0,        3427,      -2.736914742,      -0.256806532,    -0.02344706666,       2.741197565
          0,           0,        3428,      -2.736914742,      -0.256806532,    -0.02344706666,       2.741197565
          0,           0,        3429,      -2.736914742,      -0.256806532,    -0.02344706666,       2.741197565
          0,           0,        3430,      -2.736914742,      -0.256806532,    -0.02344706666,       2.741197565
          0,           0,        3431,      -2.736914742,      -0.256806532,    -0.02344706666,       2.741197565
          0,           0,        3432,      -2.736914742,      -0.256806532,    -0.02344706666,       2.741197565
          0,           0,        3433,      -2.736914742,      -0.256806532,    -0.02344706666,       2.741197565
          0,           0,        3434,      -2.736914742,      -0.256806532,    -0.02344706666,       2.741197565
          0,           0,        3435,      -2.736914742,      -0.256806532,    -0.02344706666,       2.741197565
          0,           0,        3436,      -2.736914742,      -0.256806532,    -0.02344706666,       2.741197565
          0,           0,        3437,      -2.736914742,      -0.256806532,    -0.02344706666,       2.741197565
          0,           0,        3438,      -2.736914742,      -0.256806532,    -0.02344706666,       2.741197565
          0,           0,        3439,      -2.736914742,      -0.256806532,    -0.02344706666,       2.741197565
          0,           0,        3440,      -2.736914742,      -0.256806532,    -0.02344706666,       2.741197565
          0,           0,        3441,      -2.736914742,      -0.256806532,    -0.02344706666,       2.741197565
          0,           0,        3442,      -2.736914742,      -0.256806532,    -0.02344706666,       2.741197565
          0,           0,        3443,      -2.736914742,      -0.256806532,    -0.02344706666,       2.741197565
          0,           0,        3444,      -2.736914742,      -0.256806532,    -0.02344706666,       2.741197565
          0,           0,        3445,      -2.736914742,      -0.256806532,    -0.02344706666,       2.741197565
          0,           0,        3446,      -2.736914742,      -0.256806532,    -0.02344706666,       2.741197565
          0,           0,        3447,      -2.736914742,      -0.256806532,    -0.02344706666,       2.741197565
          0,           0,        3448,      -2.736914742,      -0.256806532,    -0.02344706666,       2.741197565
          0,           0,        3449,      -2.736914742,      -0.256806532,    -0.02344706666,       2.741197565
          0,           0,        3450,      -2.736914742,      -0.256806532,    -0.02344706666,       2.741197565
          0,           0,        3451,      -2.736914742,      -0.256806532,    -0.02344706666,       2.741197565
          0,           0,        3452,      -2.736914742,      -0.256806532,    -0.02344706666,       2.741197565
          0,           0,        3453,      -2.736914742,      -0.256806532,    -0.02344706666,       2.741197565
          0,           0,        3454,      -2.736914742,      -0.256806532,    -0.02344706666,       2.741197565
          0,           0,        3455,      -2.736914742,      -0.256806532,    -0.02344706666,       2.741197565
          0,           0,        3456,      -2.736914742,      -0.256806532,    -0.02344706666,       2.741197565
          0,           0,        3457,      -2.736914742,      -0.256806532,    -0.02344706666,       2.741197565
          0,           0,        3458,      -2.736914742,      -0.256806532,    -0.02344706666,       2.741197565
          0,           0,        3459,      -2.736914742,      -0.256806532,    -0.02344706666,       2.741197565
          0,           0,        3460,      -2.736914742,      -0.256806532,    -0.02344706666,       2.741197565
          0,           0,        3461,      -2.736914742,      -0.256806532,    -0.02344706666,       2.741197565
          0,           0,        3462,      -2.736914742,      -0.256806532,    -0.02344706666,       2.741197565
          0,           0,        3463,      -2.736914742,      -0.256806532,    -0.02344706666,       2.741197565
          0,           0,        3464,      -2.736914742,      -0.256806532,    -0.02344706666,       2.741197565
          0,           0,        3465,      -2.736914742,      -0.256806532,    -0.02344706666,       2.741197565
          0,           0,        3466,      -2.736914742,      -0.256806532,    -0.02344706666,       2.741197565
          0,           0,        3467,      -2.736914742,      -0.256806532,    -0.02344706666,       2.741197565
          0,           0,        3468,      -2.736914742,      -0.256806532,    -0.02344706666,       2.741197565
          0,           0,        3469,      -2.736914742,      -0.256806532,    -0.02344706666,       2.741197565
          0,           0,        3470,      -2.736914742,      -0.256806532,    -0.02344706666,       2.741197565
          0,           0,        3471,      -2.736914742,      -0.256806532,    -0.02344706666,       2.741197565
          0,           0,        3472,      -2.736914742,      -0.256806532,    -0.02344706666,       2.741197565
          0,           0,        3473,      -2.736914742,      -0.256806532,    -0.02344706666,       2.741197565
          0,           0,        3474,      -2.736914742,      -0.256806532,    -0.02344706666,       2.741197565
          0,           0,        3475,      -2.736914742,      -0.256806532,    -0.02344706666,       2.741197565
          0,           0,        3476,      -2.736914742,      -0.256806532,    -0.02344706666,       2.741197565
          0,           0,        3477,      -2.736914742,      -0.256806532,    -0.02344706666,       2.741197565
          0,           0,        3478,      -2.736914742,      -0.256806532,    -0.02344706666,       2.741197565
          0,           0,        3479,      -2.736914742,      -0.256806532,    -0.02344706666,       2.741197565
          0,           0,        3480,      -2.736914742,      -0.256806532,    -0.02344706666,       2.741197565
          0,           0,        3481,      -2.736914742,      -0.256806532,    -0.02344706666,       2.741197565
          0,           0,        3482,      -2.736914742,      -0.256806532,    -0.02344706666,       2.741197565
          0,           0,        3483,      -2.736914742,      -0.256806532,    -0.02344706666,       2.741197565
          0,           0,        3484,      -2.736914742,      -0.256806532,    -0.02344706666,       2.741197565
          0,           0,        3485,      -2.736914742,      -0.256806532,    -0.02344706666,       2.741197565
          0,           0,        3486,      -2.736914742,      -0.256806532,    -0.02344706666,       2.741197565
          0,           0,        3487,      -2.736914742,      -0.256806532,    -0.02344706666,       2.741197565
          0,           0,        3488,      -2.736914742,      -0.256806532,    -0.02344706666,       2.741197565
          0,           0,        3489,      -2.736914742,      -0.256806532,    -0.02344706666,       2.741197565
          0,           0,        3490,      -2.736914742,      -0.256806532,    -0.02344706666,       2.741197565
          0,           0,        3491,      -2.736914742,      -0.256806532,    -0.02344706666,       2.741197565
          0,           0,        3492,      -2.736914742,      -0.256806532,    -0.02344706666,       2.741197565
          0,           0,        3493,      -2.736914742,      -0.256806532,    -0.02344706666,       2.741197565
          0,           0,        3494,      -2.736914742,      -0.256806532,    -0.02344706666,       2.741197565
          0,           0,        3495,      -2.736914742,      -0.256806532,    -0.02344706666,       2.741197565
          0,           0,        3496,      -2.736914742,      -0.256806532,    -0.02344706666,       2.741197565
          0,           0,        3497,      -2.736914742,      -0.256806532,    -0.02344706666,       2.741197565
          0,           0,        3498,      -2.736914742,      -0.256806532,    -0.02344706666,       2.741197565
          0,           0,        3499,      -2.736914742,      -0.256806532,    -0.02344706666,       2.741197565
          0,           0,        3500,      -2.736914742,      -0.256806532,    -0.02344706666,       2.741197565
          0,           0,        3501,      -2.736914742,      -0.256806532,    -0.02344706666,       2.741197565
          0,           0,        3502,      -2.736914742,      -0.256806532,    -0.02344706666,       2.741197565
          0,           0,        3503,      -2.736914742,      -0.256806532,    -0.02344706666,       2.741197565
          0,           0,        3504,      -2.736914742,      -0.256806532,    -0.02344706666,       2.741197565
          0,           0,        3505,      -2.736914742,      -0.256806532,    -0.02344706666,       2.741197565
          0,           0,        3506,      -2.736914742,      -0.256806532,    -0.02344706666,       2.741197565
          0,           0,        3507,      -2.736914742,      -0.256806532,    -0.02344706666,       2.741197565
          0,           0,        3508,      -2.736914742,      -0.256806532,    -0.02344706666,       2.741197565
          0,           0,        3509,      -2.736914742,      -0.256806532,    -0.02344706666,       2.741197565
          0,           0,        3510,      -2.736914742,      -0.256806532,    -0.02344706666,       2.741197565
          0,           0,        3511,      -2.736914742,      -0.256806532,    -0.02344706666,       2.741197565
          0,           0,        3512,      -2.736914742,      -0.256806532,    -0.02344706666,       2.741197565
          0,           0,        3513,      -2.736914742,      -0.256806532,    -0.02344706666,       2.741197565
          0,           0,        3514,      -2.736914742,      -0.256806532,    -0.02344706666,       2.741197565
          0,           0,        3515,      -2.736914742,      -0.256806532,    -0.02344706666,       2.741197565
          0,           0,        3516,      -2.736914742,      -0.256806532,    -0.02344706666,       2.741197565
          0,           0,        3517,      -2.736914742,      -0.256806532,    -0.02344706666,       2.741197565
          0,           0,        3518,      -2.736914742,      -0.256806532,    -0.02344706666,       2.741197565
          0,           0,        3519,      -2.736914742,      -0.256806532,    -0.02344706666,       2.741197565
          0,           0,        3520,      -2.736914742,      -0.256806532,    -0.02344706666,       2.741197565
          0,           0,        3521,      -2.736914742,      -0.256806532,    -0.02344706666,       2.741197565
          0,           0,        3522,      -2.736914742,      -0.256806532,    -0.02344706666,       2.741197565
          0,           0,        3523,      -2.736914742,      -0.256806532,    -0.02344706666,       2.741197565
          0,           0,        3524,      -2.736914742,      -0.256806532,    -0.02344706666,       2.741197565
          0,           0,        3525,      -2.736914742,      -0.256806532,    -0.02344706666,       2.741197565
          0,           0,        3526,      -2.736914742,      -0.256806532,    -0.02344706666,       2.741197565
          0,           0,        3527,      -2.736914742,      -0.256806532,    -0.02344706666,       2.741197565
          0,           0,        3528,      -2.736914742,      -0.256806532,    -0.02344706666,       2.741197565
          0,           0,        3529,      -2.736914742,      -0.256806532,    -0.02344706666,       2.741197565
          0,           0,        3530,      -2.736914742,      -0.256806532,    -0.02344706666,       2.741197565
          0,           0,        3531,      -2.736914742,      -0.256806532,    -0.02344706666,       2.741197565
          0,           0,        3532,      -2.736914742,      -0.256806532,    -0.02344706666,       2.741197565
          0,           0,        3533,      -2.736914742,      -0.256806532,    -0.02344706666,       2.741197565
          0,           0,        3534,      -2.736914742,      -0.256806532,    -0.02344706666,       2.741197565
          0,           0,        3535,      -2.736914742,      -0.256806532,    -0.02344706666,       2.741197565
          0,           0,        3536,      -2.736914742,      -0.256806532,    -0.02344706666,       2.741197565
          0,           0,        3537,      -2.736914742,      -0.256806532,    -0.02344706666,       2.741197565
          0,           0,        3538,      -2.736914742,      -0.256806532,    -0.02344706666,       2.741197565
          0,           0,        3539,      -2.736914742,      -0.256806532,    -0.02344706666,       2.741197565
          0,           0,        3540,      -2.736914742,      -0.256806532,    -0.02344706666,       2.741197565
          0,           0,        3541,      -2.736914742,      -0.256806532,    -0.02344706666,       2.741197565
          0,           0,        3542,      -2.736914742,      -0.256806532,    -0.02344706666,       2.741197565
          0,           0,        3543,      -2.736914742,      -0.256806532,    -0.02344706666,       2.741197565
          0,           0,        3544,      -2.736914742,      -0.256806532,    -0.02344706666,       2.741197565
          0,           0,        3545,      -2.736914742,      -0.256806532,    -0.02344706666,       2.741197565
          0,           0,        3546,      -2.736914742,      -0.256806532,    -0.02344706666,       2.741197565
          0,           0,        3547,      -2.736914742,      -0.256806532,    -0.02344706666,       2.741197565
          0,           0,        3548,      -2.736914742,      -0.256806532,    -0.02344706666,       2.741197565
          0,           0,        3549,      -2.736914742,      -0.256806532,    -0.02344706666,       2.741197565
          0,           0,        3550,      -2.736914742,      -0.256806532,    -0.02344706666,       2.741197565
          0,           0,        3551,      -2.736914742,      -0.256806532,    -0.02344706666,       2.741197565
          0,           0,        3552,      -2.736914742,      -0.256806532,    -0.02344706666,       2.741197565
          0,           0,        3553,      -2.736914742,      -0.256806532,    -0.02344706666,       2.741197565
          0,           0,        3554,      -2.736914742,      -0.256806532,    -0.02344706666,       2.741197565
          0,           0,        3555,      -2.736914742,      -0.256806532,    -0.02344706666,       2.741197565
          0,           0,        3556,      -2.736914742,      -0.256806532,    -0.02344706666,       2.741197565
          0,           0,        3557,      -2.736914742,      -0.256806532,    -0.02344706666,       2.741197565
          0,           0,        3558,      -2.736914742,      -0.256806532,    -0.02344706666,       2.741197565
          0,           0,        3559,      -2.736914742,      -0.256806532,    -0.02344706666,       2.741197565
          0,           0,        3560,      -2.736914742,      -0.256806532,    -0.02344706666,       2.741197565
          0,           0,        3561,      -2.736914742,      -0.256806532,    -0.02344706666,       2.741197565
          0,           0,        3562,      -2.736914742,      -0.256806532,    -0.02344706666,       2.741197565
          0,           0,        3563,      -2.736914742,      -0.256806532,    -0.02344706666,       2.741197565
          0,           0,        3564,      -2.736914742,      -0.256806532,    -0.02344706666,       2.741197565
          0,           0,        3565,      -2.736914742,      -0.256806532,    -0.02344706666,       2.741197565
          0,           0,        3566,      -2.736914742,      -0.256806532,    -0.02344706666,       2.741197565
          0,           0,        3567,      -2.736914742,      -0.256806532,    -0.02344706666,       2.741197565
          0,           0,        3568,      -2.736914742,      -0.256806532,    -0.02344706666,       2.741197565
          0,           0,        3569,      -2.736914742,      -0.256806532,    -0.02344706666,       2.741197565
          0,           0,        3570,      -2.736914742,      -0.256806532,    -0.02344706666,       2.741197565
          0,           0,        3571,      -2.736914742,      -0.256806532,    -0.02344706666,       2.741197565
          0,           0,        3572,      -2.736914742,      -0.256806532,    -0.02344706666,       2.741197565
          0,           0,        3573,      -2.736914742,      -0.256806532,    -0.02344706666,       2.741197565
          0,           0,        3574,      -2.736914742,      -0.256806532,    -0.02344706666,       2.741197565
          0,           0,        3575,      -2.736914742,      -0.256806532,    -0.02344706666,       2.741197565
          0,           0,        3576,      -2.736914742,      -0.256806532,    -0.02344706666,       2.741197565
          0,           0,        3577,      -2.736914742,      -0.256806532,    -0.02344706666,       2.741197565
          0,           0,        3578,      -2.736914742,      -0.256806532,    -0.02344706666,       2.741197565
          0,           0,        3579,      -2.736914742,      -0.256806532,    -0.02344706666,       2.741197565
          0,           0,        3580,      -2.736914742,      -0.256806532,    -0.02344706666,       2.741197565
          0,           0,        3581,      -2.736914742,      -0.256806532,    -0.02344706666,       2.741197565
          0,           0,        3582,      -2.736914742,      -0.256806532,    -0.02344706666,       2.741197565
          0,           0,        3583,      -2.736914742,      -0.256806532,    -0.02344706666,       2.741197565
          0,           0,        3584,      -2.736914742,      -0.256806532,    -0.02344706666,       2.741197565
          0,           0,        3585,      -2.736914742,      -0.256806532,    -0.02344706666,       2.741197565
          0,           0,        3586,      -2.736914742,      -0.256806532,    -0.02344706666,       2.741197565
          0,           0,        3587,      -2.736914742,      -0.256806532,    -0.02344706666,       2.741197565
          0,           0,        3588,      -2.736914742,      -0.256806532,    -0.02344706666,       2.741197565
          0,           0,        3589,      -2.736914742,      -0.256806532,    -0.02344706666,       2.741197565
          0,           0,        3590,      -2.736914742,      -0.256806532,    -0.02344706666,       2.741197565
          0,           0,        3591,      -2.736914742,      -0.256806532,    -0.02344706666,       2.741197565
          0,           0,        3592,      -2.736914742,      -0.256806532,    -0.02344706666,       2.741197565
          0,           0,        3593,      -2.736914742,      -0.256806532,    -0.02344706666,       2.741197565
          0,           0,        3594,      -2.736914742,      -0.256806532,    -0.02344706666,       2.741197565
          0,           0,        3595,      -2.736914742,      -0.256806532,    -0.02344706666,       2.741197565
          0,           0,        3596,      -2.736914742,      -0.256806532,    -0.02344706666,       2.741197565
          0,           0,        3597,      -2.736914742,      -0.256806532,    -0.02344706666,       2.741197565
          0,           0,        3598,      -2.736914742,      -0.256806532,    -0.02344706666,       2.741197565
          0,           0,        3599,      -2.736914742,      -0.256806532,    -0.02344706666,       2.741197565
          0,           0,        3600,      -2.736914742,      -0.256806532,    -0.02344706666,       2.741197565
          0,           0,        3601,      -2.736914742,      -0.256806532,    -0.02344706666,       2.741197565
          0,           0,        3602,      -2.736914742,      -0.256806532,    -0.02344706666,       2.741197565
          0,           0,        3603,      -2.736914742,      -0.256806532,    -0.02344706666,       2.741197565
          0,           0,        3604,      -2.736914742,      -0.256806532,    -0.02344706666,       2.741197565
          0,           0,        3605,      -2.736914742,      -0.256806532,    -0.02344706666,       2.741197565
          0,           0,        3606,      -2.736914742,      -0.256806532,    -0.02344706666,       2.741197565
          0,           0,        3607,      -2.736914742,      -0.256806532,    -0.02344706666,       2.741197565
          0,           0,        3608,      -2.736914742,      -0.256806532,    -0.02344706666,       2.741197565
          0,           0,        3609,      -2.736914742,      -0.256806532,    -0.02344706666,       2.741197565
          0,           0,        3610,      -2.736914742,      -0.256806532,    -0.02344706666,       2.741197565
          0,           0,        3611,      -2.736914742,      -0.256806532,    -0.02344706666,       2.741197565
          0,           0,        3612,      -2.736914742,      -0.256806532,    -0.02344706666,       2.741197565
          0,           0,        3613,      -2.736914742,      -0.256806532,    -0.02344706666,       2.741197565
          0,           0,        3614,      -2.736914742,      -0.256806532,    -0.02344706666,       2.741197565
          0,           0,        3615,      -2.736914742,      -0.256806532,    -0.02344706666,       2.741197565
          0,           0,        3616,      -2.736914742,      -0.256806532,    -0.02344706666,       2.741197565
          0,           0,        3617,      -2.736914742,      -0.256806532,    -0.02344706666,       2.741197565
          0,           0,        3618,      -2.736914742,      -0.256806532,    -0.02344706666,       2.741197565
          0,           0,        3619,      -2.736914742,      -0.256806532,    -0.02344706666,       2.741197565
          0,           0,        3620,      -2.736914742,      -0.256806532,    -0.02344706666,       2.741197565
          0,           0,        3621,      -2.736914742,      -0.256806532,    -0.02344706666,       2.741197565
          0,           0,        3622,      -2.736914742,      -0.256806532,    -0.02344706666,       2.741197565
          0,           0,        3623,      -2.736914742,      -0.256806532,    -0.02344706666,       2.741197565
          0,           0,        3624,      -2.736914742,      -0.256806532,    -0.02344706666,       2.741197565
          0,           0,        3625,      -2.736914742,      -0.256806532,    -0.02344706666,       2.741197565
          0,           0,        3626,      -2.736914742,      -0.256806532,    -0.02344706666,       2.741197565
          0,           0,        3627,      -2.736914742,      -0.256806532,    -0.02344706666,       2.741197565
          0,           0,        3628,      -2.736914742,      -0.256806532,    -0.02344706666,       2.741197565
          0,           0,        3629,      -2.736914742,      -0.256806532,    -0.02344706666,       2.741197565
          0,           0,        3630,      -2.736914742,      -0.256806532,    -0.02344706666,       2.741197565
          0,           0,        3631,      -2.736914742,      -0.256806532,    -0.02344706666,       2.741197565
          0,           0,        3632,      -2.736914742,      -0.256806532,    -0.02344706666,       2.741197565
          0,           0,        3633,      -2.736914742,      -0.256806532,    -0.02344706666,       2.741197565
          0,           0,        3634,      -2.736914742,      -0.256806532,    -0.02344706666,       2.741197565
          0,           0,        3635,      -2.736914742,      -0.256806532,    -0.02344706666,       2.741197565
          0,           0,        3636,      -2.736914742,      -0.256806532,    -0.02344706666,       2.741197565
          0,           0,        3637,      -2.736914742,      -0.256806532,    -0.02344706666,       2.741197565
          0,           0,        3638,      -2.736914742,      -0.256806532,    -0.02344706666,       2.741197565
          0,           0,        3639,      -2.736914742,      -0.256806532,    -0.02344706666,       2.741197565
          0,           0,        3640,      -2.736914742,      -0.256806532,    -0.02344706666,       2.741197565
          0,           0,        3641,      -2.736914742,      -0.256806532,    -0.02344706666,       2.741197565
          0,           0,        3642,      -2.736914742,      -0.256806532,    -0.02344706666,       2.741197565
          0,           0,        3643,      -2.736914742,      -0.256806532,    -0.02344706666,       2.741197565
          0,           0,        3644,      -2.736914742,      -0.256806532,    -0.02344706666,       2.741197565
          0,           0,        3645,      -2.736914742,      -0.256806532,    -0.02344706666,       2.741197565
          0,           0,        3646,      -2.736914742,      -0.256806532,    -0.02344706666,       2.741197565
          0,           0,        3647,      -2.736914742,      -0.256806532,    -0.02344706666,       2.741197565
          0,           0,        3648,      -2.736914742,      -0.256806532,    -0.02344706666,       2.741197565
          0,           0,        3649,      -2.736914742,      -0.256806532,    -0.02344706666,       2.741197565
          0,           0,        3650,      -2.736914742,      -0.256806532,    -0.02344706666,       2.741197565
          0,           0,        3651,      -2.736914742,      -0.256806532,    -0.02344706666,       2.741197565
          0,           0,        3652,      -2.736914742,      -0.256806532,    -0.02344706666,       2.741197565
          0,           0,        3653,      -2.736914742,      -0.256806532,    -0.02344706666,       2.741197565
          0,           0,        3654,      -2.736914742,      -0.256806532,    -0.02344706666,       2.741197565
          0,           0,        3655,      -2.736914742,      -0.256806532,    -0.02344706666,       2.741197565
          0,           0,        3656,      -2.736914742,      -0.256806532,    -0.02344706666,       2.741197565
          0,           0,        3657,      -2.736914742,      -0.256806532,    -0.02344706666,       2.741197565
          0,           0,        3658,      -2.736914742,      -0.256806532,    -0.02344706666,       2.741197565
          0,           0,        3659,      -2.736914742,      -0.256806532,    -0.02344706666,       2.741197565
          0,           0,        3660,      -2.736914742,      -0.256806532,    -0.02344706666,       2.741197565
          0,           0,        3661,      -2.736914742,      -0.256806532,    -0.02344706666,       2.741197565
          0,           0,        3662,      -2.736914742,      -0.256806532,    -0.02344706666,       2.741197565
          0,           0,        3663,      -2.736914742,      -0.256806532,    -0.02344706666,       2.741197565
          0,           0,        3664,      -2.736914742,      -0.256806532,    -0.02344706666,       2.741197565
          0,           0,        3665,      -2.736914742,      -0.256806532,    -0.02344706666,       2.741197565
          0,           0,        3666,      -2.736914742,      -0.256806532,    -0.02344706666,       2.741197565
          0,           0,        3667,      -2.736914742,      -0.256806532,    -0.02344706666,       2.741197565
          0,           0,        3668,      -2.736914742,      -0.256806532,    -0.02344706666,       2.741197565
          0,           0,        3669,      -2.736914742,      -0.256806532,    -0.02344706666,       2.741197565
          0,           0,        3670,      -2.736914742,      -0.256806532,    -0.02344706666,       2.741197565
          0,           0,        3671,      -2.736914742,      -0.256806532,    -0.02344706666,       2.741197565
          0,           0,        3672,      -2.736914742,      -0.256806532,    -0.02344706666,       2.741197565
          0,           0,        3673,      -2.736914742,      -0.256806532,    -0.02344706666,       2.741197565
          0,           0,        3674,      -2.736914742,      -0.256806532,    -0.02344706666,       2.741197565
          0,           0,        3675,      -2.736914742,      -0.256806532,    -0.02344706666,       2.741197565
          0,           0,        3676,      -2.736914742,      -0.256806532,    -0.02344706666,       2.741197565
          0,           0,        3677,      -2.736914742,      -0.256806532,    -0.02344706666,       2.741197565
          0,           0,        3678,      -2.736914742,      -0.256806532,    -0.02344706666,       2.741197565
          0,           0,        3679,      -2.736914742,      -0.256806532,    -0.02344706666,       2.741197565
          0,           0,        3680,      -2.736914742,      -0.256806532,    -0.02344706666,       2.741197565
          0,           0,        3681,      -2.736914742,      -0.256806532,    -0.02344706666,       2.741197565
          0,           0,        3682,      -2.736914742,      -0.256806532,    -0.02344706666,       2.741197565
          0,           0,        3683,      -2.736914742,      -0.256806532,    -0.02344706666,       2.741197565
          0,           0,        3684,      -2.736914742,      -0.256806532,    -0.02344706666,       2.741197565
          0,           0,        3685,      -2.736914742,      -0.256806532,    -0.02344706666,       2.741197565
          0,           0,        3686,      -2.736914742,      -0.256806532,    -0.02344706666,       2.741197565
          0,           0,        3687,      -2.736914742,      -0.256806532,    -0.02344706666,       2.741197565
          0,           0,        3688,      -2.736914742,      -0.256806532,    -0.02344706666,       2.741197565
          0,           0,        3689,      -2.736914742,      -0.256806532,    -0.02344706666,       2.741197565
          0,           0,        3690,      -2.736914742,      -0.256806532,    -0.02344706666,       2.741197565
          0,           0,        3691,      -2.736914742,      -0.256806532,    -0.02344706666,       2.741197565
          0,           0,        3692,      -2.736914742,      -0.256806532,    -0.02344706666,       2.741197565
          0,           0,        3693,      -2.736914742,      -0.256806532,    -0.02344706666,       2.741197565
          0,           0,        3694,      -2.736914742,      -0.256806532,    -0.02344706666,       2.741197565
          0,           0,        3695,      -2.736914742,      -0.256806532,    -0.02344706666,       2.741197565
          0,           0,        3696,      -2.736914742,      -0.256806532,    -0.02344706666,       2.741197565
          0,           0,        3697,      -2.736914742,      -0.256806532,    -0.02344706666,       2.741197565
          0,           0,        3698,      -2.736914742,      -0.256806532,    -0.02344706666,       2.741197565
          0,           0,        3699,      -2.736914742,      -0.256806532,    -0.02344706666,       2.741197565
          0,           0,        3700,      -2.736914742,      -0.256806532,    -0.02344706666,       2.741197565
          0,           0,        3701,      -2.736914742,      -0.256806532,    -0.02344706666,       2.741197565
          0,           0,        3702,      -2.736914742,      -0.256806532,    -0.02344706666,       2.741197565
          0,           0,        3703,      -2.736914742,      -0.256806532,    -0.02344706666,       2.741197565
          0,           0,        3704,      -2.736914742,      -0.256806532,    -0.02344706666,       2.741197565
          0,           0,        3705,      -2.736914742,      -0.256806532,    -0.02344706666,       2.741197565
          0,           0,        3706,      -2.736914742,      -0.256806532,    -0.02344706666,       2.741197565
          0,           0,        3707,      -2.736914742,      -0.256806532,    -0.02344706666,       2.741197565
          0,           0,        3708,      -2.736914742,      -0.256806532,    -0.02344706666,       2.741197565
          0,           0,        3709,      -2.736914742,      -0.256806532,    -0.02344706666,       2.741197565
          0,           0,        3710,      -2.736914742,      -0.256806532,    -0.02344706666,       2.741197565
          0,           0,        3711,      -2.736914742,      -0.256806532,    -0.02344706666,       2.741197565
          0,           0,        3712,      -2.736914742,      -0.256806532,    -0.02344706666,       2.741197565
          0,           0,        3713,      -2.736914742,      -0.256806532,    -0.02344706666,       2.741197565
          0,           0,        3714,      -2.736914742,      -0.256806532,    -0.02344706666,       2.741197565
          0,           0,        3715,      -2.736914742,      -0.256806532,    -0.02344706666,       2.741197565
          0,           0,        3716,      -2.736914742,      -0.256806532,    -0.02344706666,       2.741197565
          0,           0,        3717,      -2.736914742,      -0.256806532,    -0.02344706666,       2.741197565
          0,           0,        3718,      -2.736914742,      -0.256806532,    -0.02344706666,       2.741197565
          0,           0,        3719,      -2.736914742,      -0.256806532,    -0.02344706666,       2.741197565
          0,           0,        3720,      -2.736914742,      -0.256806532,    -0.02344706666,       2.741197565
          0,           0,        3721,      -2.736914742,      -0.256806532,    -0.02344706666,       2.741197565
          0,           0,        3722,      -2.736914742,      -0.256806532,    -0.02344706666,       2.741197565
          0,           0,        3723,      -2.736914742,      -0.256806532,    -0.02344706666,       2.741197565
          0,           0,        3724,      -2.736914742,      -0.256806532,    -0.02344706666,       2.741197565
          0,           0,        3725,      -2.736914742,      -0.256806532,    -0.02344706666,       2.741197565
          0,           0,        3726,      -2.736914742,      -0.256806532,    -0.02344706666,       2.741197565
          0,           0,        3727,      -2.736914742,      -0.256806532,    -0.02344706666,       2.741197565
          0,           0,        3728,      -2.736914742,      -0.256806532,    -0.02344706666,       2.741197565
          0,           0,        3729,      -2.736914742,      -0.256806532,    -0.02344706666,       2.741197565
          0,           0,        3730,      -2.736914742,      -0.256806532,    -0.02344706666,       2.741197565
          0,           0,        3731,      -2.736914742,      -0.256806532,    -0.02344706666,       2.741197565
          0,           0,        3732,      -2.736914742,      -0.256806532,    -0.02344706666,       2.741197565
          0,           0,        3733,      -2.736914742,      -0.256806532,    -0.02344706666,       2.741197565
          0,           0,        3734,      -2.736914742,      -0.256806532,    -0.02344706666,       2.741197565
          0,           0,        3735,      -2.736914742,      -0.256806532,    -0.02344706666,       2.741197565
          0,           0,        3736,      -2.736914742,      -0.256806532,    -0.02344706666,       2.741197565
          0,           0,        3737,      -2.736914742,      -0.256806532,    -0.02344706666,       2.741197565
          0,           0,        3738,      -2.736914742,      -0.256806532,    -0.02344706666,       2.741197565
          0,           0,        3739,      -2.736914742,      -0.256806532,    -0.02344706666,       2.741197565
          0,           0,        3740,      -2.736914742,      -0.256806532,    -0.02344706666,       2.741197565
          0,           0,        3741,      -2.736914742,      -0.256806532,    -0.02344706666,       2.741197565
          0,           0,        3742,      -2.736914742,      -0.256806532,    -0.02344706666,       2.741197565
          0,           0,        3743,      -2.736914742,      -0.256806532,    -0.02344706666,       2.741197565
          0,           0,        3744,      -2.736914742,      -0.256806532,    -0.02344706666,       2.741197565
          0,           0,        3745,      -2.736914742,      -0.256806532,    -0.02344706666,       2.741197565
          0,           0,        3746,      -2.736914742,      -0.256806532,    -0.02344706666,       2.741197565
          0,           0,        3747,      -2.736914742,      -0.256806532,    -0.02344706666,       2.741197565
          0,           0,        3748,      -2.736914742,      -0.256806532,    -0.02344706666,       2.741197565
          0,           0,        3749,      -2.736914742,      -0.256806532,    -0.02344706666,       2.741197565
          0,           0,        3750,      -2.736914742,      -0.256806532,    -0.02344706666,       2.741197565
          0,           0,        3751,      -2.736914742,      -0.256806532,    -0.02344706666,       2.741197565
          0,           0,        3752,      -2.736914742,      -0.256806532,    -0.02344706666,       2.741197565
          0,           0,        3753,      -2.736914742,      -0.256806532,    -0.02344706666,       2.741197565
          0,           0,        3754,      -2.736914742,      -0.256806532,    -0.02344706666,       2.741197565
          0,           0,        3755,      -2.736914742,      -0.256806532,    -0.02344706666,       2.741197565
          0,           0,        3756,      -2.736914742,      -0.256806532,    -0.02344706666,       2.741197565
          0,           0,        3757,      -2.736914742,      -0.256806532,    -0.02344706666,       2.741197565
          0,           0,        3758,      -2.736914742,      -0.256806532,    -0.02344706666,       2.741197565
          0,           0,        3759,      -2.736914742,      -0.256806532,    -0.02344706666,       2.741197565
          0,           0,        3760,      -2.736914742,      -0.256806532,    -0.02344706666,       2.741197565
          0,           0,        3761,      -2.736914742,      -0.256806532,    -0.02344706666,       2.741197565
          0,           0,        3762,      -2.736914742,      -0.256806532,    -0.02344706666,       2.741197565
          0,           0,        3763,      -2.736914742,      -0.256806532,    -0.02344706666,       2.741197565
          0,           0,        3764,      -2.736914742,      -0.256806532,    -0.02344706666,       2.741197565
          0,           0,        3765,      -2.736914742,      -0.256806532,    -0.02344706666,       2.741197565
          0,           0,        3766,      -2.736914742,      -0.256806532,    -0.02344706666,       2.741197565
          0,           0,        3767,      -2.736914742,      -0.256806532,    -0.02344706666,       2.741197565
          0,           0,        3768,      -2.736914742,      -0.256806532,    -0.02344706666,       2.741197565
          0,           0,        3769,      -2.736914742,      -0.256806532,    -0.02344706666,       2.741197565
          0,           0,        3770,      -2.736914742,      -0.256806532,    -0.02344706666,       2.741197565
          0,           0,        3771,      -2.736914742,      -0.256806532,    -0.02344706666,       2.741197565
          0,           0,        3772,      -2.736914742,      -0.256806532,    -0.02344706666,       2.741197565
          0,           0,        3773,      -2.736914742,      -0.256806532,    -0.02344706666,       2.741197565
          0,           0,        3774,      -2.736914742,      -0.256806532,    -0.02344706666,       2.741197565
          0,           0,        3775,      -2.736914742,      -0.256806532,    -0.02344706666,       2.741197565
          0,           0,        3776,      -2.736914742,      -0.256806532,    -0.02344706666,       2.741197565
          0,           0,        3777,      -2.736914742,      -0.256806532,    -0.02344706666,       2.741197565
          0,           0,        3778,      -2.736914742,      -0.256806532,    -0.02344706666,       2.741197565
          0,           0,        3779,      -2.736914742,      -0.256806532,    -0.02344706666,       2.741197565
          0,           0,        3780,      -2.736914742,      -0.256806532,    -0.02344706666,       2.741197565
          0,           0,        3781,      -2.736914742,      -0.256806532,    -0.02344706666,       2.741197565
          0,           0,        3782,      -2.736914742,      -0.256806532,    -0.02344706666,       2.741197565
          0,           0,        3783,      -2.736914742,      -0.256806532,    -0.02344706666,       2.741197565
          0,           0,        3784,      -2.736914742,      -0.256806532,    -0.02344706666,       2.741197565
          0,           0,        3785,      -2.736914742,      -0.256806532,    -0.02344706666,       2.741197565
          0,           0,        3786,      -2.736914742,      -0.256806532,    -0.02344706666,       2.741197565
          0,           0,        3787,      -2.736914742,      -0.256806532,    -0.02344706666,       2.741197565
          0,           0,        3788,      -2.736914742,      -0.256806532,    -0.02344706666,       2.741197565
          0,           0,        3789,      -2.736914742,      -0.256806532,    -0.02344706666,       2.741197565
          0,           0,        3790,      -2.736914742,      -0.256806532,    -0.02344706666,       2.741197565
          0,           0,        3791,      -2.736914742,      -0.256806532,    -0.02344706666,       2.741197565
          0,           0,        3792,      -2.736914742,      -0.256806532,    -0.02344706666,       2.741197565
          0,           0,        3793,      -2.736914742,      -0.256806532,    -0.02344706666,       2.741197565
          0,           0,        3794,      -2.736914742,      -0.256806532,    -0.02344706666,       2.741197565
          0,           0,        3795,      -2.736914742,      -0.256806532,    -0.02344706666,       2.741197565
          0,           0,        3796,      -2.736914742,      -0.256806532,    -0.02344706666,       2.741197565
          0,           0,        3797,      -2.736914742,      -0.256806532,    -0.02344706666,       2.741197565
          0,           0,        3798,      -2.736914742,      -0.256806532,    -0.02344706666,       2.741197565
          0,           0,        3799,      -2.736914742,      -0.256806532,    -0.02344706666,       2.741197565
          0,           0,        3800,      -2.736914742,      -0.256806532,    -0.02344706666,       2.741197565
          0,           0,        3801,      -2.736914742,      -0.256806532,    -0.02344706666,       2.741197565
          0,           0,        3802,      -2.736914742,      -0.256806532,    -0.02344706666,       2.741197565
          0,           0,        3803,      -2.736914742,      -0.256806532,    -0.02344706666,       2.741197565
          0,           0,        3804,      -2.736914742,      -0.256806532,    -0.02344706666,       2.741197565
          0,           0,        3805,      -2.736914742,      -0.256806532,    -0.02344706666,       2.741197565
          0,           0,        3806,      -2.736914742,      -0.256806532,    -0.02344706666,       2.741197565
          0,           0,        3807,      -2.736914742,      -0.256806532,    -0.02344706666,       2.741197565
          0,           0,        3808,      -2.736914742,      -0.256806532,    -0.02344706666,       2.741197565
          0,           0,        3809,      -2.736914742,      -0.256806532,    -0.02344706666,       2.741197565
          0,           0,        3810,      -2.736914742,      -0.256806532,    -0.02344706666,       2.741197565
          0,           0,        3811,      -2.736914742,      -0.256806532,    -0.02344706666,       2.741197565
          0,           0,        3812,      -2.736914742,      -0.256806532,    -0.02344706666,       2.741197565
          0,           0,        3813,      -2.736914742,      -0.256806532,    -0.02344706666,       2.741197565
          0,           0,        3814,      -2.736914742,      -0.256806532,    -0.02344706666,       2.741197565
          0,           0,        3815,      -2.736914742,      -0.256806532,    -0.02344706666,       2.741197565
          0,           0,        3816,      -2.736914742,      -0.256806532,    -0.02344706666,       2.741197565
          0,           0,        3817,      -2.736914742,      -0.256806532,    -0.02344706666,       2.741197565
          0,           0,        3818,      -2.736914742,      -0.256806532,    -0.02344706666,       2.741197565
          0,           0,        3819,      -2.736914742,      -0.256806532,    -0.02344706666,       2.741197565
          0,           0,        3820,      -2.736914742,      -0.256806532,    -0.02344706666,       2.741197565
          0,           0,        3821,      -2.736914742,      -0.256806532,    -0.02344706666,       2.741197565
          0,           0,        3822,      -2.736914742,      -0.256806532,    -0.02344706666,       2.741197565
          0,           0,        3823,      -2.736914742,      -0.256806532,    -0.02344706666,       2.741197565
          0,           0,        3824,      -2.736914742,      -0.256806532,    -0.02344706666,       2.741197565
          0,           0,        3825,      -2.736914742,      -0.256806532,    -0.02344706666,       2.741197565
          0,           0,        3826,      -2.736914742,      -0.256806532,    -0.02344706666,       2.741197565
          0,           0,        3827,      -2.736914742,      -0.256806532,    -0.02344706666,       2.741197565
          0,           0,        3828,      -2.736914742,      -0.256806532,    -0.02344706666,       2.741197565
          0,           0,        3829,      -2.736914742,      -0.256806532,    -0.02344706666,       2.741197565
          0,           0,        3830,      -2.736914742,      -0.256806532,    -0.02344706666,       2.741197565
          0,           0,        3831,      -2.736914742,      -0.256806532,    -0.02344706666,       2.741197565
          0,           0,        3832,      -2.736914742,      -0.256806532,    -0.02344706666,       2.741197565
          0,           0,        3833,      -2.736914742,      -0.256806532,    -0.02344706666,       2.741197565
          0,           0,        3834,      -2.736914742,      -0.256806532,    -0.02344706666,       2.741197565
          0,           0,        3835,      -2.736914742,      -0.256806532,    -0.02344706666,       2.741197565
          0,           0,        3836,      -2.736914742,      -0.256806532,    -0.02344706666,       2.741197565
          0,           0,        3837,      -2.736914742,      -0.256806532,    -0.02344706666,       2.741197565
          0,           0,        3838,      -2.736914742,      -0.256806532,    -0.02344706666,       2.741197565
          0,           0,        3839,      -2.736914742,      -0.256806532,    -0.02344706666,       2.741197565
          0,           0,        3840,      -2.736914742,      -0.256806532,    -0.02344706666,       2.741197565
          0,           0,        3841,      -2.736914742,      -0.256806532,    -0.02344706666,       2.741197565
          0,           0,        3842,      -2.736914742,      -0.256806532,    -0.02344706666,       2.741197565
          0,           0,        3843,      -2.736914742,      -0.256806532,    -0.02344706666,       2.741197565
          0,           0,        3844,      -2.736914742,      -0.256806532,    -0.02344706666,       2.741197565
          0,           0,        3845,      -2.736914742,      -0.256806532,    -0.02344706666,       2.741197565
          0,           0,        3846,      -2.736914742,      -0.256806532,    -0.02344706666,       2.741197565
          0,           0,        3847,      -2.736914742,      -0.256806532,    -0.02344706666,       2.741197565
          0,           0,        3848,      -2.736914742,      -0.256806532,    -0.02344706666,       2.741197565
          0,           0,        3849,      -2.736914742,      -0.256806532,    -0.02344706666,       2.741197565
          0,           0,        3850,      -2.736914742,      -0.256806532,    -0.02344706666,       2.741197565
          0,           0,        3851,      -2.736914742,      -0.256806532,    -0.02344706666,       2.741197565
          0,           0,        3852,      -2.736914742,      -0.256806532,    -0.02344706666,       2.741197565
          0,           0,        3853,      -2.736914742,      -0.256806532,    -0.02344706666,       2.741197565
          0,           0,        3854,      -2.736914742,      -0.256806532,    -0.02344706666,       2.741197565
          0,           0,        3855,      -2.736914742,      -0.256806532,    -0.02344706666,       2.741197565
          0,           0,        3856,      -2.736914742,      -0.256806532,    -0.02344706666,       2.741197565
          0,           0,        3857,      -2.736914742,      -0.256806532,    -0.02344706666,       2.741197565
          0,           0,        3858,      -2.736914742,      -0.256806532,    -0.02344706666,       2.741197565
          0,           0,        3859,      -2.736914742,      -0.256806532,    -0.02344706666,       2.741197565
          0,           0,        3860,      -2.736914742,      -0.256806532,    -0.02344706666,       2.741197565
          0,           0,        3861,      -2.736914742,      -0.256806532,    -0.02344706666,       2.741197565
          0,           0,        3862,      -2.736914742,      -0.256806532,    -0.02344706666,       2.741197565
          0,           0,        3863,      -2.736914742,      -0.256806532,    -0.02344706666,       2.741197565
          0,           0,        3864,      -2.736914742,      -0.256806532,    -0.02344706666,       2.741197565
          0,           0,        3865,      -2.736914742,      -0.256806532,    -0.02344706666,       2.741197565
          0,           0,        3866,      -2.736914742,      -0.256806532,    -0.02344706666,       2.741197565
          0,           0,        3867,      -2.736914742,      -0.256806532,    -0.02344706666,       2.741197565
          0,           0,        3868,      -2.736914742,      -0.256806532,    -0.02344706666,       2.741197565
          0,           0,        3869,      -2.736914742,      -0.256806532,    -0.02344706666,       2.741197565
          0,           0,        3870,      -2.736914742,      -0.256806532,    -0.02344706666,       2.741197565
          0,           0,        3871,      -2.736914742,      -0.256806532,    -0.02344706666,       2.741197565
          0,           0,        3872,      -2.736914742,      -0.256806532,    -0.02344706666,       2.741197565
          0,           0,        3873,      -2.736914742,      -0.256806532,    -0.02344706666,       2.741197565
          0,           0,        3874,      -2.736914742,      -0.256806532,    -0.02344706666,       2.741197565
          0,           0,        3875,      -2.736914742,      -0.256806532,    -0.02344706666,       2.741197565
          0,           0,        3876,      -2.736914742,      -0.256806532,    -0.02344706666,       2.741197565
          0,           0,        3877,      -2.736914742,      -0.256806532,    -0.02344706666,       2.741197565
          0,           0,        3878,      -2.736914742,      -0.256806532,    -0.02344706666,       2.741197565
          0,           0,        3879,      -2.736914742,      -0.256806532,    -0.02344706666,       2.741197565
          0,           0,        3880,      -2.736914742,      -0.256806532,    -0.02344706666,       2.741197565
          0,           0,        3881,      -2.736914742,      -0.256806532,    -0.02344706666,       2.741197565
          0,           0,        3882,      -2.736914742,      -0.256806532,    -0.02344706666,       2.741197565
          0,           0,        3883,      -2.736914742,      -0.256806532,    -0.02344706666,       2.741197565
          0,           0,        3884,      -2.736914742,      -0.256806532,    -0.02344706666,       2.741197565
          0,           0,        3885,      -2.736914742,      -0.256806532,    -0.02344706666,       2.741197565
          0,           0,        3886,      -2.736914742,      -0.256806532,    -0.02344706666,       2.741197565
          0,           0,        3887,      -2.736914742,      -0.256806532,    -0.02344706666,       2.741197565
          0,           0,        3888,      -2.736914742,      -0.256806532,    -0.02344706666,       2.741197565
          0,           0,        3889,      -2.736914742,      -0.256806532,    -0.02344706666,       2.741197565
          0,           0,        3890,      -2.736914742,      -0.256806532,    -0.02344706666,       2.741197565
          0,           0,        3891,      -2.736914742,      -0.256806532,    -0.02344706666,       2.741197565
          0,           0,        3892,      -2.736914742,      -0.256806532,    -0.02344706666,       2.741197565
          0,           0,        3893,      -2.736914742,      -0.256806532,    -0.02344706666,       2.741197565
          0,           0,        3894,      -2.736914742,      -0.256806532,    -0.02344706666,       2.741197565
          0,           0,        3895,      -2.736914742,      -0.256806532,    -0.02344706666,       2.741197565
          0,           0,        3896,      -2.736914742,      -0.256806532,    -0.02344706666,       2.741197565
          0,           0,        3897,      -2.736914742,      -0.256806532,    -0.02344706666,       2.741197565
          0,           0,        3898,      -2.736914742,      -0.256806532,    -0.02344706666,       2.741197565
          0,           0,        3899,      -2.736914742,      -0.256806532,    -0.02344706666,       2.741197565
          0,           0,        3900,      -2.736914742,      -0.256806532,    -0.02344706666,       2.741197565
          0,           0,        3901,      -2.736914742,      -0.256806532,    -0.02344706666,       2.741197565
          0,           0,        3902,      -2.736914742,      -0.256806532,    -0.02344706666,       2.741197565
          0,           0,        3903,      -2.736914742,      -0.256806532,    -0.02344706666,       2.741197565
          0,           0,        3904,      -2.736914742,      -0.256806532,    -0.02344706666,       2.741197565
          0,           0,        3905,      -2.736914742,      -0.256806532,    -0.02344706666,       2.741197565
          0,           0,        3906,      -2.736914742,      -0.256806532,    -0.02344706666,       2.741197565
          0,           0,        3907,      -2.736914742,      -0.256806532,    -0.02344706666,       2.741197565
          0,           0,        3908,      -2.736914742,      -0.256806532,    -0.02344706666,       2.741197565
          0,           0,        3909,      -2.736914742,      -0.256806532,    -0.02344706666,       2.741197565
          0,           0,        3910,      -2.736914742,      -0.256806532,    -0.02344706666,       2.741197565
          0,           0,        3911,      -2.736914742,      -0.256806532,    -0.02344706666,       2.741197565
          0,           0,        3912,      -2.736914742,      -0.256806532,    -0.02344706666,       2.741197565
          0,           0,        3913,      -2.736914742,      -0.256806532,    -0.02344706666,       2.741197565
          0,           0,        3914,      -2.736914742,      -0.256806532,    -0.02344706666,       2.741197565
          0,           0,        3915,      -2.736914742,      -0.256806532,    -0.02344706666,       2.741197565
          0,           0,        3916,      -2.736914742,      -0.256806532,    -0.02344706666,       2.741197565
          0,           0,        3917,      -2.736914742,      -0.256806532,    -0.02344706666,       2.741197565
          0,           0,        3918,      -2.736914742,      -0.256806532,    -0.02344706666,       2.741197565
          0,           0,        3919,      -2.736914742,      -0.256806532,    -0.02344706666,       2.741197565
          0,           0,        3920,      -2.736914742,      -0.256806532,    -0.02344706666,       2.741197565
          0,           0,        3921,      -2.736914742,      -0.256806532,    -0.02344706666,       2.741197565
          0,           0,        3922,      -2.736914742,      -0.256806532,    -0.02344706666,       2.741197565
          0,           0,        3923,      -2.736914742,      -0.256806532,    -0.02344706666,       2.741197565
          0,           0,        3924,      -2.736914742,      -0.256806532,    -0.02344706666,       2.741197565
          0,           0,        3925,      -2.736914742,      -0.256806532,    -0.02344706666,       2.741197565
          0,           0,        3926,      -2.736914742,      -0.256806532,    -0.02344706666,       2.741197565
          0,           0,        3927,      -2.736914742,      -0.256806532,    -0.02344706666,       2.741197565
          0,           0,        3928,      -2.736914742,      -0.256806532,    -0.02344706666,       2.741197565
          0,           0,        3929,      -2.736914742,      -0.256806532,    -0.02344706666,       2.741197565
          0,           0,        3930,      -2.736914742,      -0.256806532,    -0.02344706666,       2.741197565
          0,           0,        3931,      -2.736914742,      -0.256806532,    -0.02344706666,       2.741197565
          0,           0,        3932,      -2.736914742,      -0.256806532,    -0.02344706666,       2.741197565
          0,           0,        3933,      -2.736914742,      -0.256806532,    -0.02344706666,       2.741197565
          0,           0,        3934,      -2.736914742,      -0.256806532,    -0.02344706666,       2.741197565
          0,           0,        3935,      -2.736914742,      -0.256806532,    -0.02344706666,       2.741197565
          0,           0,        3936,      -2.736914742,      -0.256806532,    -0.02344706666,       2.741197565
          0,           0,        3937,      -2.736914742,      -0.256806532,    -0.02344706666,       2.741197565
          0,           0,        3938,      -2.736914742,      -0.256806532,    -0.02344706666,       2.741197565
          0,           0,        3939,      -2.736914742,      -0.256806532,    -0.02344706666,       2.741197565
          0,           0,        3940,      -2.736914742,      -0.256806532,    -0.02344706666,       2.741197565
          0,           0,        3941,      -2.736914742,      -0.256806532,    -0.02344706666,       2.741197565
          0,           0,        3942,      -2.736914742,      -0.256806532,    -0.02344706666,       2.741197565
          0,           0,        3943,      -2.736914742,      -0.256806532,    -0.02344706666,       2.741197565
          0,           0,        3944,      -2.736914742,      -0.256806532,    -0.02344706666,       2.741197565
          0,           0,        3945,      -2.736914742,      -0.256806532,    -0.02344706666,       2.741197565
          0,           0,        3946,      -2.736914742,      -0.256806532,    -0.02344706666,       2.741197565
          0,           0,        3947,      -2.736914742,      -0.256806532,    -0.02344706666,       2.741197565
          0,           0,        3948,      -2.736914742,      -0.256806532,    -0.02344706666,       2.741197565
          0,           0,        3949,      -2.736914742,      -0.256806532,    -0.02344706666,       2.741197565
          0,           0,        3950,      -2.736914742,      -0.256806532,    -0.02344706666,       2.741197565
          0,           0,        3951,      -2.736914742,      -0.256806532,    -0.02344706666,       2.741197565
          0,           0,        3952,      -2.736914742,      -0.256806532,    -0.02344706666,       2.741197565
          0,           0,        3953,      -2.736914742,      -0.256806532,    -0.02344706666,       2.741197565
          0,           0,        3954,      -2.736914742,      -0.256806532,    -0.02344706666,       2.741197565
          0,           0,        3955,      -2.736914742,      -0.256806532,    -0.02344706666,       2.741197565
          0,           0,        3956,      -2.736914742,      -0.256806532,    -0.02344706666,       2.741197565
          0,           0,        3957,      -2.736914742,      -0.256806532,    -0.02344706666,       2.741197565
          0,           0,        3958,      -2.736914742,      -0.256806532,    -0.02344706666,       2.741197565
          0,           0,        3959,      -2.736914742,      -0.256806532,    -0.02344706666,       2.741197565
          0,           0,        3960,      -2.736914742,      -0.256806532,    -0.02344706666,       2.741197565
          0,           0,        3961,      -2.736914742,      -0.256806532,    -0.02344706666,       2.741197565
          0,           0,        3962,      -2.736914742,      -0.256806532,    -0.02344706666,       2.741197565
          0,           0,        3963,      -2.736914742,      -0.256806532,    -0.02344706666,       2.741197565
          0,           0,        3964,      -2.736914742,      -0.256806532,    -0.02344706666,       2.741197565
          0,           0,        3965,      -2.736914742,      -0.256806532,    -0.02344706666,       2.741197565
          0,           0,        3966,      -2.736914742,      -0.256806532,    -0.02344706666,       2.741197565
          0,           0,        3967,      -2.736914742,      -0.256806532,    -0.02344706666,       2.741197565
          0,           0,        3968,      -2.736914742,      -0.256806532,    -0.02344706666,       2.741197565
          0,           0,        3969,      -2.736914742,      -0.256806532,    -0.02344706666,       2.741197565
          0,           0,        3970,      -2.736914742,      -0.256806532,    -0.02344706666,       2.741197565
          0,           0,        3971,      -2.736914742,      -0.256806532,    -0.02344706666,       2.741197565
          0,           0,        3972,      -2.736914742,      -0.256806532,    -0.02344706666,       2.741197565
          0,           0,        3973,      -2.736914742,      -0.256806532,    -0.02344706666,       2.741197565
          0,           0,        3974,      -2.736914742,      -0.256806532,    -0.02344706666,       2.741197565
          0,           0,        3975,      -2.736914742,      -0.256806532,    -0.02344706666,       2.741197565
          0,           0,        3976,      -2.736914742,      -0.256806532,    -0.02344706666,       2.741197565
          0,           0,        3977,      -2.736914742,      -0.256806532,    -0.02344706666,       2.741197565
          0,           0,        3978,      -2.736914742,      -0.256806532,    -0.02344706666,       2.741197565
          0,           0,        3979,      -2.736914742,      -0.256806532,    -0.02344706666,       2.741197565
          0,           0,        3980,      -2.736914742,      -0.256806532,    -0.02344706666,       2.741197565
          0,           0,        3981,      -2.736914742,      -0.256806532,    -0.02344706666,       2.741197565
          0,           0,        3982,      -2.736914742,      -0.256806532,    -0.02344706666,       2.741197565
          0,           0,        3983,      -2.736914742,      -0.256806532,    -0.02344706666,       2.741197565
          0,           0,        3984,      -2.736914742,      -0.256806532,    -0.02344706666,       2.741197565
          0,           0,        3985,      -2.736914742,      -0.256806532,    -0.02344706666,       2.741197565
          0,           0,        3986,      -2.736914742,      -0.256806532,    -0.02344706666,       2.741197565
          0,           0,        3987,      -2.736914742,      -0.256806532,    -0.02344706666,       2.741197565
          0,           0,        3988,      -2.736914742,      -0.256806532,    -0.02344706666,       2.741197565
          0,           0,        3989,      -2.736914742,      -0.256806532,    -0.02344706666,       2.741197565
          0,           0,        3990,      -2.736914742,      -0.256806532,    -0.02344706666,       2.741197565
          0,           0,        3991,      -2.736914742,      -0.256806532,    -0.02344706666,       2.741197565
          0,           0,        3992,      -2.736914742,      -0.256806532,    -0.02344706666,       2.741197565
          0,           0,        3993,      -2.736914742,      -0.256806532,    -0.02344706666,       2.741197565
          0,           0,        3994,      -2.736914742,      -0.256806532,    -0.02344706666,       2.741197565
          0,           0,        3995,      -2.736914742,      -0.256806532,    -0.02344706666,       2.741197565
          0,           0,        3996,      -2.736914742,      -0.256806532,    -0.02344706666,       2.741197565
          0,           0,        3997,      -2.736914742,      -0.256806532,    -0.02344706666,       2.741197565
          0,           0,        3998,      -2.736914742,      -0.256806532,    -0.02344706666,       2.741197565
          0,           0,        3999,      -2.736914742,      -0.256806532,    -0.02344706666,       2.741197565
          0,           0,        4000,      -2.736914742,      -0.256806532,    -0.02344706666,       2.741197565
          0,           0,        4001,      -2.736914742,      -0.256806532,    -0.02344706666,       2.741197565
          0,           0,        4002,      -2.736914742,      -0.256806532,    -0.02344706666,       2.741197565
          0,           0,        4003,      -2.736914742,      -0.256806532,    -0.02344706666,       2.741197565
          0,           0,        4004,      -2.736914742,      -0.256806532,    -0.02344706666,       2.741197565
          0,           0,        4005,      -2.736914742,      -0.256806532,    -0.02344706666,       2.741197565
          0,           0,        4006,      -2.736914742,      -0.256806532,    -0.02344706666,       2.741197565
          0,           0,        4007,      -2.736914742,      -0.256806532,    -0.02344706666,       2.741197565
          0,           0,        4008,      -2.736914742,      -0.256806532,    -0.02344706666,       2.741197565
          0,           0,        4009,      -2.736914742,      -0.256806532,    -0.02344706666,       2.741197565
          0,           0,        4010,      -2.736914742,      -0.256806532,    -0.02344706666,       2.741197565
          0,           0,        4011,      -2.736914742,      -0.256806532,    -0.02344706666,       2.741197565
          0,           0,        4012,      -2.736914742,      -0.256806532,    -0.02344706666,       2.741197565
          0,           0,        4013,      -2.736914742,      -0.256806532,    -0.02344706666,       2.741197565
          0,           0,        4014,      -2.736914742,      -0.256806532,    -0.02344706666,       2.741197565
          0,           0,        4015,      -2.736914742,      -0.256806532,    -0.02344706666,       2.741197565
          0,           0,        4016,      -2.736914742,      -0.256806532,    -0.02344706666,       2.741197565
          0,           0,        4017,      -2.736914742,      -0.256806532,    -0.02344706666,       2.741197565
          0,           0,        4018,      -2.736914742,      -0.256806532,    -0.02344706666,       2.741197565
          0,           0,        4019,      -2.736914742,      -0.256806532,    -0.02344706666,       2.741197565
          0,           0,        4020,      -2.736914742,      -0.256806532,    -0.02344706666,       2.741197565
          0,           0,        4021,      -2.736914742,      -0.256806532,    -0.02344706666,       2.741197565
          0,           0,        4022,      -2.736914742,      -0.256806532,    -0.02344706666,       2.741197565
          0,           0,        4023,      -2.736914742,      -0.256806532,    -0.02344706666,       2.741197565
          0,           0,        4024,      -2.736914742,      -0.256806532,    -0.02344706666,       2.741197565
          0,           0,        4025,      -2.736914742,      -0.256806532,    -0.02344706666,       2.741197565
          0,           0,        4026,      -2.736914742,      -0.256806532,    -0.02344706666,       2.741197565
          0,           0,        4027,      -2.736914742,      -0.256806532,    -0.02344706666,       2.741197565
          0,           0,        4028,      -2.736914742,      -0.256806532,    -0.02344706666,       2.741197565
          0,           0,        4029,      -2.736914742,      -0.256806532,    -0.02344706666,       2.741197565
          0,           0,        4030,      -2.736914742,      -0.256806532,    -0.02344706666,       2.741197565
          0,           0,        4031,      -2.736914742,      -0.256806532,    -0.02344706666,       2.741197565
          0,           0,        4032,      -2.736914742,      -0.256806532,    -0.02344706666,       2.741197565
          0,           0,        4033,      -2.736914742,      -0.256806532,    -0.02344706666,       2.741197565
          0,           0,        4034,      -2.736914742,      -0.256806532,    -0.02344706666,       2.741197565
          0,           0,        4035,      -2.736914742,      -0.256806532,    -0.02344706666,       2.741197565
          0,           0,        4036,      -2.736914742,      -0.256806532,    -0.02344706666,       2.741197565
          0,           0,        4037,      -2.736914742,      -0.256806532,    -0.02344706666,       2.741197565
          0,           0,        4038,      -2.736914742,      -0.256806532,    -0.02344706666,       2.741197565
          0,           0,        4039,      -2.736914742,      -0.256806532,    -0.02344706666,       2.741197565
          0,           0,        4040,      -2.736914742,      -0.256806532,    -0.02344706666,       2.741197565
          0,           0,        4041,      -2.736914742,      -0.256806532,    -0.02344706666,       2.741197565
          0,           0,        4042,      -2.736914742,      -0.256806532,    -0.02344706666,       2.741197565
          0,           0,        4043,      -2.736914742,      -0.256806532,    -0.02344706666,       2.741197565
          0,           0,        4044,      -2.736914742,      -0.256806532,    -0.02344706666,       2.741197565
          0,           0,        4045,      -2.736914742,      -0.256806532,    -0.02344706666,       2.741197565
          0,           0,        4046,      -2.736914742,      -0.256806532,    -0.02344706666,       2.741197565
          0,           0,        4047,      -2.736914742,      -0.256806532,    -0.02344706666,       2.741197565
          0,           0,        4048,      -2.736914742,      -0.256806532,    -0.02344706666,       2.741197565
          0,           0,        4049,      -2.736914742,      -0.256806532,    -0.02344706666,       2.741197565
          0,           0,        4050,      -2.736914742,      -0.256806532,    -0.02344706666,       2.741197565
          0,           0,        4051,      -2.736914742,      -0.256806532,    -0.02344706666,       2.741197565
          0,           0,        4052,      -2.736914742,      -0.256806532,    -0.02344706666,       2.741197565
          0,           0,        4053,      -2.736914742,      -0.256806532,    -0.02344706666,       2.741197565
          0,           0,        4054,      -2.736914742,      -0.256806532,    -0.02344706666,       2.741197565
          0,           0,        4055,      -2.736914742,      -0.256806532,    -0.02344706666,       2.741197565
          0,           0,        4056,      -2.736914742,      -0.256806532,    -0.02344706666,       2.741197565
          0,           0,        4057,      -2.736914742,      -0.256806532,    -0.02344706666,       2.741197565
          0,           0,        4058,      -2.736914742,      -0.256806532,    -0.02344706666,       2.741197565
          0,           0,        4059,      -2.736914742,      -0.256806532,    -0.02344706666,       2.741197565
          0,           0,        4060,      -2.736914742,      -0.256806532,    -0.02344706666,       2.741197565
          0,           0,        4061,      -2.736914742,      -0.256806532,    -0.02344706666,       2.741197565
          0,           0,        4062,      -2.736914742,      -0.256806532,    -0.02344706666,       2.741197565
          0,           0,        4063,      -2.736914742,      -0.256806532,    -0.02344706666,       2.741197565
          0,           0,        4064,      -2.736914742,      -0.256806532,    -0.02344706666,       2.741197565
          0,           0,        4065,      -2.736914742,      -0.256806532,    -0.02344706666,       2.741197565
          0,           0,        4066,      -2.736914742,      -0.256806532,    -0.02344706666,       2.741197565
          0,           0,        4067,      -2.736914742,      -0.256806532,    -0.02344706666,       2.741197565
          0,           0,        4068,      -2.736914742,      -0.256806532,    -0.02344706666,       2.741197565
          0,           0,        4069,      -2.736914742,      -0.256806532,    -0.02344706666,       2.741197565
          0,           0,        4070,      -2.736914742,      -0.256806532,    -0.02344706666,       2.741197565
          0,           0,        4071,      -2.736914742,      -0.256806532,    -0.02344706666,       2.741197565
          0,           0,        4072,      -2.736914742,      -0.256806532,    -0.02344706666,       2.741197565
          0,           0,        4073,      -2.736914742,      -0.256806532,    -0.02344706666,       2.741197565
          0,           0,        4074,      -2.736914742,      -0.256806532,    -0.02344706666,       2.741197565
          0,           0,        4075,      -2.736914742,      -0.256806532,    -0.02344706666,       2.741197565
          0,           0,        4076,      -2.736914742,      -0.256806532,    -0.02344706666,       2.741197565
          0,           0,        4077,      -2.736914742,      -0.256806532,    -0.02344706666,       2.741197565
          0,           0,        4078,      -2.736914742,      -0.256806532,    -0.02344706666,       2.741197565
          0,           0,        4079,      -2.736914742,      -0.256806532,    -0.02344706666,       2.741197565
          0,           0,        4080,      -2.736914742,      -0.256806532,    -0.02344706666,       2.741197565
          0,           0,        4081,      -2.736914742,      -0.256806532,    -0.02344706666,       2.741197565
          0,           0,        4082,      -2.736914742,      -0.256806532,    -0.02344706666,       2.741197565
          0,           0,        4083,      -2.736914742,      -0.256806532,    -0.02344706666,       2.741197565
          0,           0,        4084,      -2.736914742,      -0.256806532,    -0.02344706666,       2.741197565
          0,           0,        4085,      -2.736914742,      -0.256806532,    -0.02344706666,       2.741197565
          0,           0,        4086,      -2.736914742,      -0.256806532,    -0.02344706666,       2.741197565
          0,           0,        4087,      -2.736914742,      -0.256806532,    -0.02344706666,       2.741197565
          0,           0,        4088,      -2.736914742,      -0.256806532,    -0.02344706666,       2.741197565
          0,           0,        4089,      -2.736914742,      -0.256806532,    -0.02344706666,       2.741197565
          0,           0,        4090,      -2.736914742,      -0.256806532,    -0.02344706666,       2.741197565
          0,           0,        4091,      -2.736914742,      -0.256806532,    -0.02344706666,       2.741197565
          0,           0,        4092,      -2.736914742,      -0.256806532,    -0.02344706666,       2.741197565
          0,           0,        4093,      -2.736914742,      -0.256806532,    -0.02344706666,       2.741197565
          0,           0,        4094,      -2.736914742,      -0.256806532,    -0.02344706666,       2.741197565
          0,           0,        4095,      -2.736914742,      -0.256806532,    -0.02344706666,       2.741197565
          0,           0,        4096,      -2.736914742,      -0.256806532,    -0.02344706666,       2.741197565
          0,           0,        4097,      -2.736914742,      -0.256806532,    -0.02344706666,       2.741197565
          0,           0,        4098,      -2.736914742,      -0.256806532,    -0.02344706666,       2.741197565
          0,           0,        4099,      -2.736914742,      -0.256806532,    -0.02344706666,       2.741197565
          0,           0,        4100,      -2.736914742,      -0.256806532,    -0.02344706666,       2.741197565
          0,           0,        4101,      -2.736914742,      -0.256806532,    -0.02344706666,       2.741197565
          0,           0,        4102,      -2.736914742,      -0.256806532,    -0.02344706666,       2.741197565
          0,           0,        4103,      -2.736914742,      -0.256806532,    -0.02344706666,       2.741197565
          0,           0,        4104,      -2.736914742,      -0.256806532,    -0.02344706666,       2.741197565
          0,           0,        4105,      -2.736914742,      -0.256806532,    -0.02344706666,       2.741197565
          0,           0,        4106,      -2.736914742,      -0.256806532,    -0.02344706666,       2.741197565
          0,           0,        4107,      -2.736914742,      -0.256806532,    -0.02344706666,       2.741197565
          0,           0,        4108,      -2.736914742,      -0.256806532,    -0.02344706666,       2.741197565
          0,           0,        4109,      -2.736914742,      -0.256806532,    -0.02344706666,       2.741197565
          0,           0,        4110,      -2.736914742,      -0.256806532,    -0.02344706666,       2.741197565
          0,           0,        4111,      -2.736914742,      -0.256806532,    -0.02344706666,       2.741197565
          0,           0,        4112,      -2.736914742,      -0.256806532,    -0.02344706666,       2.741197565
          0,           0,        4113,      -2.736914742,      -0.256806532,    -0.02344706666,       2.741197565
          0,           0,        4114,      -2.736914742,      -0.256806532,    -0.02344706666,       2.741197565
          0,           0,        4115,      -2.736914742,      -0.256806532,    -0.02344706666,       2.741197565
          0,           0,        4116,      -2.736914742,      -0.256806532,    -0.02344706666,       2.741197565
          0,           0,        4117,      -2.736914742,      -0.256806532,    -0.02344706666,       2.741197565
          0,           0,        4118,      -2.736914742,      -0.256806532,    -0.02344706666,       2.741197565
          0,           0,        4119,      -2.736914742,      -0.256806532,    -0.02344706666,       2.741197565
          0,           0,        4120,      -2.736914742,      -0.256806532,    -0.02344706666,       2.741197565
          0,           0,        4121,      -2.736914742,      -0.256806532,    -0.02344706666,       2.741197565
          0,           0,        4122,      -2.736914742,      -0.256806532,    -0.02344706666,       2.741197565
          0,           0,        4123,      -2.736914742,      -0.256806532,    -0.02344706666,       2.741197565
          0,           0,        4124,      -2.736914742,      -0.256806532,    -0.02344706666,       2.741197565
          0,           0,        4125,      -2.736914742,      -0.256806532,    -0.02344706666,       2.741197565
          0,           0,        4126,      -2.736914742,      -0.256806532,    -0.02344706666,       2.741197565
          0,           0,        4127,      -2.736914742,      -0.256806532,    -0.02344706666,       2.741197565
          0,           0,        4128,      -2.736914742,      -0.256806532,    -0.02344706666,       2.741197565
          0,           0,        4129,      -2.736914742,      -0.256806532,    -0.02344706666,       2.741197565
          0,           0,        4130,      -2.736914742,      -0.256806532,    -0.02344706666,       2.741197565
          0,           0,        4131,      -2.736914742,      -0.256806532,    -0.02344706666,       2.741197565
          0,           0,        4132,      -2.736914742,      -0.256806532,    -0.02344706666,       2.741197565
          0,           0,        4133,      -2.736914742,      -0.256806532,    -0.02344706666,       2.741197565
          0,           0,        4134,      -2.736914742,      -0.256806532,    -0.02344706666,       2.741197565
          0,           0,        4135,      -2.736914742,      -0.256806532,    -0.02344706666,       2.741197565
          0,           0,        4136,      -2.736914742,      -0.256806532,    -0.02344706666,       2.741197565
          0,           0,        4137,      -2.736914742,      -0.256806532,    -0.02344706666,       2.741197565
          0,           0,        4138,      -2.736914742,      -0.256806532,    -0.02344706666,       2.741197565
          0,           0,        4139,      -2.736914742,      -0.256806532,    -0.02344706666,       2.741197565
          0,           0,        4140,      -2.736914742,      -0.256806532,    -0.02344706666,       2.741197565
          0,           0,        4141,      -2.736914742,      -0.256806532,    -0.02344706666,       2.741197565
          0,           0,        4142,      -2.736914742,      -0.256806532,    -0.02344706666,       2.741197565
          0,           0,        4143,      -2.736914742,      -0.256806532,    -0.02344706666,       2.741197565
          0,           0,        4144,      -2.736914742,      -0.256806532,    -0.02344706666,       2.741197565
          0,           0,        4145,      -2.736914742,      -0.256806532,    -0.02344706666,       2.741197565
          0,           0,        4146,      -2.736914742,      -0.256806532,    -0.02344706666,       2.741197565
          0,           0,        4147,      -2.736914742,      -0.256806532,    -0.02344706666,       2.741197565
          0,           0,        4148,      -2.736914742,      -0.256806532,    -0.02344706666,       2.741197565
          0,           0,        4149,      -2.736914742,      -0.256806532,    -0.02344706666,       2.741197565
          0,           0,        4150,      -2.736914742,      -0.256806532,    -0.02344706666,       2.741197565
          0,           0,        4151,      -2.736914742,      -0.256806532,    -0.02344706666,       2.741197565
          0,           0,        4152,      -2.736914742,      -0.256806532,    -0.02344706666,       2.741197565
          0,           0,        4153,      -2.736914742,      -0.256806532,    -0.02344706666,       2.741197565
          0,           0,        4154,      -2.736914742,      -0.256806532,    -0.02344706666,       2.741197565
          0,           0,        4155,      -2.736914742,      -0.256806532,    -0.02344706666,       2.741197565
          0,           0,        4156,      -2.736914742,      -0.256806532,    -0.02344706666,       2.741197565
          0,           0,        4157,      -2.736914742,      -0.256806532,    -0.02344706666,       2.741197565
          0,           0,        4158,      -2.736914742,      -0.256806532,    -0.02344706666,       2.741197565
          0,           0,        4159,      -2.736914742,      -0.256806532,    -0.02344706666,       2.741197565
          0,           0,        4160,      -2.736914742,      -0.256806532,    -0.02344706666,       2.741197565
          0,           0,        4161,      -2.736914742,      -0.256806532,    -0.02344706666,       2.741197565
          0,           0,        4162,      -2.736914742,      -0.256806532,    -0.02344706666,       2.741197565
          0,           0,        4163,      -2.736914742,      -0.256806532,    -0.02344706666,       2.741197565
          0,           0,        4164,      -2.736914742,      -0.256806532,    -0.02344706666,       2.741197565
          0,           0,        4165,      -2.736914742,      -0.256806532,    -0.02344706666,       2.741197565
          0,           0,        4166,      -2.736914742,      -0.256806532,    -0.02344706666,       2.741197565
          0,           0,        4167,      -2.736914742,      -0.256806532,    -0.02344706666,       2.741197565
          0,           0,        4168,      -2.736914742,      -0.256806532,    -0.02344706666,       2.741197565
          0,           0,        4169,      -2.736914742,      -0.256806532,    -0.02344706666,       2.741197565
          0,           0,        4170,      -2.736914742,      -0.256806532,    -0.02344706666,       2.741197565
          0,           0,        4171,      -2.736914742,      -0.256806532,    -0.02344706666,       2.741197565
          0,           0,        4172,      -2.736914742,      -0.256806532,    -0.02344706666,       2.741197565
          0,           0,        4173,      -2.736914742,      -0.256806532,    -0.02344706666,       2.741197565
          0,           0,        4174,      -2.736914742,      -0.256806532,    -0.02344706666,       2.741197565
          0,           0,        4175,      -2.736914742,      -0.256806532,    -0.02344706666,       2.741197565
          0,           0,        4176,      -2.736914742,      -0.256806532,    -0.02344706666,       2.741197565
          0,           0,        4177,      -2.736914742,      -0.256806532,    -0.02344706666,       2.741197565
          0,           0,        4178,      -2.736914742,      -0.256806532,    -0.02344706666,       2.741197565
          0,           0,        4179,      -2.736914742,      -0.256806532,    -0.02344706666,       2.741197565
          0,           0,        4180,      -2.736914742,      -0.256806532,    -0.02344706666,       2.741197565
          0,           0,        4181,      -2.736914742,      -0.256806532,    -0.02344706666,       2.741197565
          0,           0,        4182,      -2.736914742,      -0.256806532,    -0.02344706666,       2.741197565
          0,           0,        4183,      -2.736914742,      -0.256806532,    -0.02344706666,       2.741197565
          0,           0,        4184,      -2.736914742,      -0.256806532,    -0.02344706666,       2.741197565
          0,           0,        4185,      -2.736914742,      -0.256806532,    -0.02344706666,       2.741197565
          0,           0,        4186,      -2.736914742,      -0.256806532,    -0.02344706666,       2.741197565
          0,           0,        4187,      -2.736914742,      -0.256806532,    -0.02344706666,       2.741197565
          0,           0,        4188,      -2.736914742,      -0.256806532,    -0.02344706666,       2.741197565
          0,           0,        4189,      -2.736914742,      -0.256806532,    -0.02344706666,       2.741197565
          0,           0,        4190,      -2.736914742,      -0.256806532,    -0.02344706666,       2.741197565
          0,           0,        4191,      -2.736914742,      -0.256806532,    -0.02344706666,       2.741197565
          0,           0,        4192,      -2.736914742,      -0.256806532,    -0.02344706666,       2.741197565
          0,           0,        4193,      -2.736914742,      -0.256806532,    -0.02344706666,       2.741197565
          0,           0,        4194,      -2.736914742,      -0.256806532,    -0.02344706666,       2.741197565
          0,           0,        4195,      -2.736914742,      -0.256806532,    -0.02344706666,       2.741197565
          0,           0,        4196,      -2.736914742,      -0.256806532,    -0.02344706666,       2.741197565
          0,           0,        4197,      -2.736914742,      -0.256806532,    -0.02344706666,       2.741197565
          0,           0,        4198,      -2.736914742,      -0.256806532,    -0.02344706666,       2.741197565
          0,           0,        4199,      -2.736914742,      -0.256806532,    -0.02344706666,       2.741197565
          0,           0,        4200,      -2.736914742,      -0.256806532,    -0.02344706666,       2.741197565
          0,           0,        4201,      -2.736914742,      -0.256806532,    -0.02344706666,       2.741197565
          0,           0,        4202,      -2.736914742,      -0.256806532,    -0.02344706666,       2.741197565
          0,           0,        4203,      -2.736914742,      -0.256806532,    -0.02344706666,       2.741197565
          0,           0,        4204,      -2.736914742,      -0.256806532,    -0.02344706666,       2.741197565
          0,           0,        4205,      -2.736914742,      -0.256806532,    -0.02344706666,       2.741197565
          0,           0,        4206,      -2.736914742,      -0.256806532,    -0.02344706666,       2.741197565
          0,           0,        4207,      -2.736914742,      -0.256806532,    -0.02344706666,       2.741197565
          0,           0,        4208,      -2.736914742,      -0.256806532,    -0.02344706666,       2.741197565
          0,           0,        4209,      -2.736914742,      -0.256806532,    -0.02344706666,       2.741197565
          0,           0,        4210,      -2.736914742,      -0.256806532,    -0.02344706666,       2.741197565
          0,           0,        4211,      -2.736914742,      -0.256806532,    -0.02344706666,       2.741197565
          0,           0,        4212,      -2.736914742,      -0.256806532,    -0.02344706666,       2.741197565
          0,           0,        4213,      -2.736914742,      -0.256806532,    -0.02344706666,       2.741197565
          0,           0,        4214,      -2.736914742,      -0.256806532,    -0.02344706666,       2.741197565
          0,           0,        4215,      -2.736914742,      -0.256806532,    -0.02344706666,       2.741197565
          0,           0,        4216,      -2.736914742,      -0.256806532,    -0.02344706666,       2.741197565
          0,           0,        4217,      -2.736914742,      -0.256806532,    -0.02344706666,       2.741197565
          0,           0,        4218,      -2.736914742,      -0.256806532,    -0.02344706666,       2.741197565
          0,           0,        4219,      -2.736914742,      -0.256806532,    -0.02344706666,       2.741197565
          0,           0,        4220,      -2.736914742,      -0.256806532,    -0.02344706666,       2.741197565
          0,           0,        4221,      -2.736914742,      -0.256806532,    -0.02344706666,       2.741197565
          0,           0,        4222,      -2.736914742,      -0.256806532,    -0.02344706666,       2.741197565
          0,           0,        4223,      -2.736914742,      -0.256806532,    -0.02344706666,       2.741197565
          0,           0,        4224,      -2.736914742,      -0.256806532,    -0.02344706666,       2.741197565
          0,           0,        4225,      -2.736914742,      -0.256806532,    -0.02344706666,       2.741197565
          0,           0,        4226,      -2.736914742,      -0.256806532,    -0.02344706666,       2.741197565
          0,           0,        4227,      -2.736914742,      -0.256806532,    -0.02344706666,       2.741197565
          0,           0,        4228,      -2.736914742,      -0.256806532,    -0.02344706666,       2.741197565
          0,           0,        4229,      -2.736914742,      -0.256806532,    -0.02344706666,       2.741197565
          0,           0,        4230,      -2.736914742,      -0.256806532,    -0.02344706666,       2.741197565
          0,           0,        4231,      -2.736914742,      -0.256806532,    -0.02344706666,       2.741197565
          0,           0,        4232,      -2.736914742,      -0.256806532,    -0.02344706666,       2.741197565
          0,           0,        4233,      -2.736914742,      -0.256806532,    -0.02344706666,       2.741197565
          0,           0,        4234,      -2.736914742,      -0.256806532,    -0.02344706666,       2.741197565
          0,           0,        4235,      -2.736914742,      -0.256806532,    -0.02344706666,       2.741197565
          0,           0,        4236,      -2.736914742,      -0.256806532,    -0.02344706666,       2.741197565
          0,           0,        4237,      -2.736914742,      -0.256806532,    -0.02344706666,       2.741197565
          0,           0,        4238,      -2.736914742,      -0.256806532,    -0.02344706666,       2.741197565
          0,           0,        4239,      -2.736914742,      -0.256806532,    -0.02344706666,       2.741197565
          0,           0,        4240,      -2.736914742,      -0.256806532,    -0.02344706666,       2.741197565
          0,           0,        4241,      -2.736914742,      -0.256806532,    -0.02344706666,       2.741197565
          0,           0,        4242,      -2.736914742,      -0.256806532,    -0.02344706666,       2.741197565
          0,           0,        4243,      -2.736914742,      -0.256806532,    -0.02344706666,       2.741197565
          0,           0,        4244,      -2.736914742,      -0.256806532,    -0.02344706666,       2.741197565
          0,           0,        4245,      -2.736914742,      -0.256806532,    -0.02344706666,       2.741197565
          0,           0,        4246,      -2.736914742,      -0.256806532,    -0.02344706666,       2.741197565
          0,           0,        4247,      -2.736914742,      -0.256806532,    -0.02344706666,       2.741197565
          0,           0,        4248,      -2.736914742,      -0.256806532,    -0.02344706666,       2.741197565
          0,           0,        4249,      -2.736914742,      -0.256806532,    -0.02344706666,       2.741197565
          0,           0,        4250,      -2.736914742,      -0.256806532,    -0.02344706666,       2.741197565
          0,           0,        4251,      -2.736914742,      -0.256806532,    -0.02344706666,       2.741197565
          0,           0,        4252,      -2.736914742,      -0.256806532,    -0.02344706666,       2.741197565
          0,           0,        4253,      -2.736914742,      -0.256806532,    -0.02344706666,       2.741197565
          0,           0,        4254,      -2.736914742,      -0.256806532,    -0.02344706666,       2.741197565
          0,           0,        4255,      -2.736914742,      -0.256806532,    -0.02344706666,       2.741197565
          0,           0,        4256,      -2.736914742,      -0.256806532,    -0.02344706666,       2.741197565
          0,           0,        4257,      -2.736914742,      -0.256806532,    -0.02344706666,       2.741197565
          0,           0,        4258,      -2.736914742,      -0.256806532,    -0.02344706666,       2.741197565
          0,           0,        4259,      -2.736914742,      -0.256806532,    -0.02344706666,       2.741197565
          0,           0,        4260,      -2.736914742,      -0.256806532,    -0.02344706666,       2.741197565
          0,           0,        4261,      -2.736914742,      -0.256806532,    -0.02344706666,       2.741197565
          0,           0,        4262,      -2.736914742,      -0.256806532,    -0.02344706666,       2.741197565
          0,           0,        4263,      -2.736914742,      -0.256806532,    -0.02344706666,       2.741197565
          0,           0,        4264,      -2.736914742,      -0.256806532,    -0.02344706666,       2.741197565
          0,           0,        4265,      -2.736914742,      -0.256806532,    -0.02344706666,       2.741197565
          0,           0,        4266,      -2.736914742,      -0.256806532,    -0.02344706666,       2.741197565
          0,           0,        4267,      -2.736914742,      -0.256806532,    -0.02344706666,       2.741197565
          0,           0,        4268,      -2.736914742,      -0.256806532,    -0.02344706666,       2.741197565
          0,           0,        4269,      -2.736914742,      -0.256806532,    -0.02344706666,       2.741197565
          0,           0,        4270,      -2.736914742,      -0.256806532,    -0.02344706666,       2.741197565
          0,           0,        4271,      -2.736914742,      -0.256806532,    -0.02344706666,       2.741197565
          0,           0,        4272,      -2.736914742,      -0.256806532,    -0.02344706666,       2.741197565
          0,           0,        4273,      -2.736914742,      -0.256806532,    -0.02344706666,       2.741197565
          0,           0,        4274,      -2.736914742,      -0.256806532,    -0.02344706666,       2.741197565
          0,           0,        4275,      -2.736914742,      -0.256806532,    -0.02344706666,       2.741197565
          0,           0,        4276,      -2.736914742,      -0.256806532,    -0.02344706666,       2.741197565
          0,           0,        4277,      -2.736914742,      -0.256806532,    -0.02344706666,       2.741197565
          0,           0,        4278,      -2.736914742,      -0.256806532,    -0.02344706666,       2.741197565
          0,           0,        4279,      -2.736914742,      -0.256806532,    -0.02344706666,       2.741197565
          0,           0,        4280,      -2.736914742,      -0.256806532,    -0.02344706666,       2.741197565
          0,           0,        4281,      -2.736914742,      -0.256806532,    -0.02344706666,       2.741197565
          0,           0,        4282,      -2.736914742,      -0.256806532,    -0.02344706666,       2.741197565
          0,           0,        4283,      -2.736914742,      -0.256806532,    -0.02344706666,       2.741197565
          0,           0,        4284,      -2.736914742,      -0.256806532,    -0.02344706666,       2.741197565
          0,           0,        4285,      -2.736914742,      -0.256806532,    -0.02344706666,       2.741197565
          0,           0,        4286,      -2.736914742,      -0.256806532,    -0.02344706666,       2.741197565
          0,           0,        4287,      -2.736914742,      -0.256806532,    -0.02344706666,       2.741197565
          0,           0,        4288,      -2.736914742,      -0.256806532,    -0.02344706666,       2.741197565
          0,           0,        4289,      -2.736914742,      -0.256806532,    -0.02344706666,       2.741197565
          0,           0,        4290,      -2.736914742,      -0.256806532,    -0.02344706666,       2.741197565
          0,           0,        4291,      -2.736914742,      -0.256806532,    -0.02344706666,       2.741197565
          0,           0,        4292,      -2.736914742,      -0.256806532,    -0.02344706666,       2.741197565
          0,           0,        4293,      -2.736914742,      -0.256806532,    -0.02344706666,       2.741197565
          0,           0,        4294,      -2.736914742,      -0.256806532,    -0.02344706666,       2.741197565
          0,           0,        4295,      -2.736914742,      -0.256806532,    -0.02344706666,       2.741197565
          0,           0,        4296,      -2.736914742,      -0.256806532,    -0.02344706666,       2.741197565
          0,           0,        4297,      -2.736914742,      -0.256806532,    -0.02344706666,       2.741197565
          0,           0,        4298,      -2.736914742,      -0.256806532,    -0.02344706666,       2.741197565
          0,           0,        4299,      -2.736914742,      -0.256806532,    -0.02344706666,       2.741197565
          0,           0,        4300,      -2.736914742,      -0.256806532,    -0.02344706666,       2.741197565
          0,           0,        4301,      -2.736914742,      -0.256806532,    -0.02344706666,       2.741197565
          0,           0,        4302,      -2.736914742,      -0.256806532,    -0.02344706666,       2.741197565
          0,           0,        4303,      -2.736914742,      -0.256806532,    -0.02344706666,       2.741197565
          0,           0,        4304,      -2.736914742,      -0.256806532,    -0.02344706666,       2.741197565
          0,           0,        4305,      -2.736914742,      -0.256806532,    -0.02344706666,       2.741197565
          0,           0,        4306,      -2.736914742,      -0.256806532,    -0.02344706666,       2.741197565
          0,           0,        4307,      -2.736914742,      -0.256806532,    -0.02344706666,       2.741197565
          0,           0,        4308,      -2.736914742,      -0.256806532,    -0.02344706666,       2.741197565
          0,           0,        4309,      -2.736914742,      -0.256806532,    -0.02344706666,       2.741197565
          0,           0,        4310,      -2.736914742,      -0.256806532,    -0.02344706666,       2.741197565
          0,           0,        4311,      -2.736914742,      -0.256806532,    -0.02344706666,       2.741197565
          0,           0,        4312,      -2.736914742,      -0.256806532,    -0.02344706666,       2.741197565
          0,           0,        4313,      -2.736914742,      -0.256806532,    -0.02344706666,       2.741197565
          0,           0,        4314,      -2.736914742,      -0.256806532,    -0.02344706666,       2.741197565
          0,           0,        4315,      -2.736914742,      -0.256806532,    -0.02344706666,       2.741197565
          0,           0,        4316,      -2.736914742,      -0.256806532,    -0.02344706666,       2.741197565
          0,           0,        4317,      -2.736914742,      -0.256806532,    -0.02344706666,       2.741197565
          0,           0,        4318,      -2.736914742,      -0.256806532,    -0.02344706666,       2.741197565
          0,           0,        4319,      -2.736914742,      -0.256806532,    -0.02344706666,       2.741197565
          0,           0,        4320,      -2.736914742,      -0.256806532,    -0.02344706666,       2.741197565
          0,           0,        4321,      -2.736914742,      -0.256806532,    -0.02344706666,       2.741197565
          0,           0,        4322,      -2.736914742,      -0.256806532,    -0.02344706666,       2.741197565
          0,           0,        4323,      -2.736914742,      -0.256806532,    -0.02344706666,       2.741197565
          0,           0,        4324,      -2.736914742,      -0.256806532,    -0.02344706666,       2.741197565
          0,           0,        4325,      -2.736914742,      -0.256806532,    -0.02344706666,       2.741197565
          0,           0,        4326,      -2.736914742,      -0.256806532,    -0.02344706666,       2.741197565
          0,           0,        4327,      -2.736914742,      -0.256806532,    -0.02344706666,       2.741197565
          0,           0,        4328,      -2.736914742,      -0.256806532,    -0.02344706666,       2.741197565
          0,           0,        4329,      -2.736914742,      -0.256806532,    -0.02344706666,       2.741197565
          0,           0,        4330,      -2.736914742,      -0.256806532,    -0.02344706666,       2.741197565
          0,           0,        4331,      -2.736914742,      -0.256806532,    -0.02344706666,       2.741197565
          0,           0,        4332,      -2.736914742,      -0.256806532,    -0.02344706666,       2.741197565
          0,           0,        4333,      -2.736914742,      -0.256806532,    -0.02344706666,       2.741197565
          0,           0,        4334,      -2.736914742,      -0.256806532,    -0.02344706666,       2.741197565
          0,           0,        4335,      -2.736914742,      -0.256806532,    -0.02344706666,       2.741197565
          0,           0,        4336,      -2.736914742,      -0.256806532,    -0.02344706666,       2.741197565
          0,           0,        4337,      -2.736914742,      -0.256806532,    -0.02344706666,       2.741197565
          0,           0,        4338,      -2.736914742,      -0.256806532,    -0.02344706666,       2.741197565
          0,           0,        4339,      -2.736914742,      -0.256806532,    -0.02344706666,       2.741197565
          0,           0,        4340,      -2.736914742,      -0.256806532,    -0.02344706666,       2.741197565
          0,           0,        4341,      -2.736914742,      -0.256806532,    -0.02344706666,       2.741197565
          0,           0,        4342,      -2.736914742,      -0.256806532,    -0.02344706666,       2.741197565
          0,           0,        4343,      -2.736914742,      -0.256806532,    -0.02344706666,       2.741197565
          0,           0,        4344,      -2.736914742,      -0.256806532,    -0.02344706666,       2.741197565
          0,           0,        4345,      -2.736914742,      -0.256806532,    -0.02344706666,       2.741197565
          0,           0,        4346,      -2.736914742,      -0.256806532,    -0.02344706666,       2.741197565
          0,           0,        4347,      -2.736914742,      -0.256806532,    -0.02344706666,       2.741197565
          0,           0,        4348,      -2.736914742,      -0.256806532,    -0.02344706666,       2.741197565
          0,           0,        4349,      -2.736914742,      -0.256806532,    -0.02344706666,       2.741197565
          0,           0,        4350,      -2.736914742,      -0.256806532,    -0.02344706666,       2.741197565
          0,           0,        4351,      -2.736914742,      -0.256806532,    -0.02344706666,       2.741197565
          0,           0,        4352,      -2.736914742,      -0.256806532,    -0.02344706666,       2.741197565
          0,           0,        4353,      -2.736914742,      -0.256806532,    -0.02344706666,       2.741197565
          0,           0,        4354,      -2.736914742,      -0.256806532,    -0.02344706666,       2.741197565
          0,           0,        4355,      -2.736914742,      -0.256806532,    -0.02344706666,       2.741197565
          0,           0,        4356,      -2.736914742,      -0.256806532,    -0.02344706666,       2.741197565
          0,           0,        4357,      -2.736914742,      -0.256806532,    -0.02344706666,       2.741197565
          0,           0,        4358,      -2.736914742,      -0.256806532,    -0.02344706666,       2.741197565
          0,           0,        4359,      -2.736914742,      -0.256806532,    -0.02344706666,       2.741197565
          0,           0,        4360,      -2.736914742,      -0.256806532,    -0.02344706666,       2.741197565
          0,           0,        4361,      -2.736914742,      -0.256806532,    -0.02344706666,       2.741197565
          0,           0,        4362,      -2.736914742,      -0.256806532,    -0.02344706666,       2.741197565
          0,           0,        4363,      -2.736914742,      -0.256806532,    -0.02344706666,       2.741197565
          0,           0,        4364,      -2.736914742,      -0.256806532,    -0.02344706666,       2.741197565
          0,           0,        4365,      -2.736914742,      -0.256806532,    -0.02344706666,       2.741197565
          0,           0,        4366,      -2.736914742,      -0.256806532,    -0.02344706666,       2.741197565
          0,           0,        4367,      -2.736914742,      -0.256806532,    -0.02344706666,       2.741197565
          0,           0,        4368,      -2.736914742,      -0.256806532,    -0.02344706666,       2.741197565
          0,           0,        4369,      -2.736914742,      -0.256806532,    -0.02344706666,       2.741197565
          0,           0,        4370,      -2.736914742,      -0.256806532,    -0.02344706666,       2.741197565
          0,           0,        4371,      -2.736914742,      -0.256806532,    -0.02344706666,       2.741197565
          0,           0,        4372,      -2.736914742,      -0.256806532,    -0.02344706666,       2.741197565
          0,           0,        4373,      -2.736914742,      -0.256806532,    -0.02344706666,       2.741197565
          0,           0,        4374,      -2.736914742,      -0.256806532,    -0.02344706666,       2.741197565
          0,           0,        4375,      -2.736914742,      -0.256806532,    -0.02344706666,       2.741197565
          0,           0,        4376,      -2.736914742,      -0.256806532,    -0.02344706666,       2.741197565
          0,           0,        4377,      -2.736914742,      -0.256806532,    -0.02344706666,       2.741197565
          0,           0,        4378,      -2.736914742,      -0.256806532,    -0.02344706666,       2.741197565
          0,           0,        4379,      -2.736914742,      -0.256806532,    -0.02344706666,       2.741197565
          0,           0,        4380,      -2.736914742,      -0.256806532,    -0.02344706666,       2.741197565
          0,           0,        4381,      -2.736914742,      -0.256806532,    -0.02344706666,       2.741197565
          0,           0,        4382,      -2.736914742,      -0.256806532,    -0.02344706666,       2.741197565
          0,           0,        4383,      -2.736914742,      -0.256806532,    -0.02344706666,       2.741197565
          0,           0,        4384,      -2.736914742,      -0.256806532,    -0.02344706666,       2.741197565
          0,           0,        4385,      -2.736914742,      -0.256806532,    -0.02344706666,       2.741197565
          0,           0,        4386,      -2.736914742,      -0.256806532,    -0.02344706666,       2.741197565
          0,           0,        4387,      -2.736914742,      -0.256806532,    -0.02344706666,       2.741197565
          0,           0,        4388,      -2.736914742,      -0.256806532,    -0.02344706666,       2.741197565
          0,           0,        4389,      -2.736914742,      -0.256806532,    -0.02344706666,       2.741197565
          0,           0,        4390,      -2.736914742,      -0.256806532,    -0.02344706666,       2.741197565
          0,           0,        4391,      -2.736914742,      -0.256806532,    -0.02344706666,       2.741197565
          0,           0,        4392,      -2.736914742,      -0.256806532,    -0.02344706666,       2.741197565
          0,           0,        4393,      -2.736914742,      -0.256806532,    -0.02344706666,       2.741197565
          0,           0,        4394,      -2.736914742,      -0.256806532,    -0.02344706666,       2.741197565
          0,           0,        4395,      -2.736914742,      -0.256806532,    -0.02344706666,       2.741197565
          0,           0,        4396,      -2.736914742,      -0.256806532,    -0.02344706666,       2.741197565
          0,           0,        4397,      -2.736914742,      -0.256806532,    -0.02344706666,       2.741197565
          0,           0,        4398,      -2.736914742,      -0.256806532,    -0.02344706666,       2.741197565
          0,           0,        4399,      -2.736914742,      -0.256806532,    -0.02344706666,       2.741197565
          0,           0,        4400,      -2.736914742,      -0.256806532,    -0.02344706666,       2.741197565
          0,           0,        4401,      -2.736914742,      -0.256806532,    -0.02344706666,       2.741197565
          0,           0,        4402,      -2.736914742,      -0.256806532,    -0.02344706666,       2.741197565
          0,           0,        4403,      -2.736914742,      -0.256806532,    -0.02344706666,       2.741197565
          0,           0,        4404,      -2.736914742,      -0.256806532,    -0.02344706666,       2.741197565
          0,           0,        4405,      -2.736914742,      -0.256806532,    -0.02344706666,       2.741197565
          0,           0,        4406,      -2.736914742,      -0.256806532,    -0.02344706666,       2.741197565
          0,           0,        4407,      -2.736914742,      -0.256806532,    -0.02344706666,       2.741197565
          0,           0,        4408,      -2.736914742,      -0.256806532,    -0.02344706666,       2.741197565
          0,           0,        4409,      -2.736914742,      -0.256806532,    -0.02344706666,       2.741197565
          0,           0,        4410,      -2.736914742,      -0.256806532,    -0.02344706666,       2.741197565
          0,           0,        4411,      -2.736914742,      -0.256806532,    -0.02344706666,       2.741197565
          0,           0,        4412,      -2.736914742,      -0.256806532,    -0.02344706666,       2.741197565
          0,           0,        4413,      -2.736914742,      -0.256806532,    -0.02344706666,       2.741197565
          0,           0,        4414,      -2.736914742,      -0.256806532,    -0.02344706666,       2.741197565
          0,           0,        4415,      -2.736914742,      -0.256806532,    -0.02344706666,       2.741197565
          0,           0,        4416,      -2.736914742,      -0.256806532,    -0.02344706666,       2.741197565
          0,           0,        4417,      -2.736914742,      -0.256806532,    -0.02344706666,       2.741197565
          0,           0,        4418,      -2.736914742,      -0.256806532,    -0.02344706666,       2.741197565
          0,           0,        4419,      -2.736914742,      -0.256806532,    -0.02344706666,       2.741197565
          0,           0,        4420,      -2.736914742,      -0.256806532,    -0.02344706666,       2.741197565
          0,           0,        4421,      -2.736914742,      -0.256806532,    -0.02344706666,       2.741197565
          0,           0,        4422,      -2.736914742,      -0.256806532,    -0.02344706666,       2.741197565
          0,           0,        4423,      -2.736914742,      -0.256806532,    -0.02344706666,       2.741197565
          0,           0,        4424,      -2.736914742,      -0.256806532,    -0.02344706666,       2.741197565
          0,           0,        4425,      -2.736914742,      -0.256806532,    -0.02344706666,       2.741197565
          0,           0,        4426,      -2.736914742,      -0.256806532,    -0.02344706666,       2.741197565
          0,           0,        4427,      -2.736914742,      -0.256806532,    -0.02344706666,       2.741197565
          0,           0,        4428,      -2.736914742,      -0.256806532,    -0.02344706666,       2.741197565
          0,           0,        4429,      -2.736914742,      -0.256806532,    -0.02344706666,       2.741197565
          0,           0,        4430,      -2.736914742,      -0.256806532,    -0.02344706666,       2.741197565
          0,           0,        4431,      -2.736914742,      -0.256806532,    -0.02344706666,       2.741197565
          0,           0,        4432,      -2.736914742,      -0.256806532,    -0.02344706666,       2.741197565
          0,           0,        4433,      -2.736914742,      -0.256806532,    -0.02344706666,       2.741197565
          0,           0,        4434,      -2.736914742,      -0.256806532,    -0.02344706666,       2.741197565
          0,           0,        4435,      -2.736914742,      -0.256806532,    -0.02344706666,       2.741197565
          0,           0,        4436,      -2.736914742,      -0.256806532,    -0.02344706666,       2.741197565
          0,           0,        4437,      -2.736914742,      -0.256806532,    -0.02344706666,       2.741197565
          0,           0,        4438,      -2.736914742,      -0.256806532,    -0.02344706666,       2.741197565
          0,           0,        4439,      -2.736914742,      -0.256806532,    -0.02344706666,       2.741197565
          0,           0,        4440,      -2.736914742,      -0.256806532,    -0.02344706666,       2.741197565
          0,           0,        4441,      -2.736914742,      -0.256806532,    -0.02344706666,       2.741197565
          0,           0,        4442,      -2.736914742,      -0.256806532,    -0.02344706666,       2.741197565
          0,           0,        4443,      -2.736914742,      -0.256806532,    -0.02344706666,       2.741197565
          0,           0,        4444,      -2.736914742,      -0.256806532,    -0.02344706666,       2.741197565
          0,           0,        4445,      -2.736914742,      -0.256806532,    -0.02344706666,       2.741197565
          0,           0,        4446,      -2.736914742,      -0.256806532,    -0.02344706666,       2.741197565
          0,           0,        4447,      -2.736914742,      -0.256806532,    -0.02344706666,       2.741197565
          0,           0,        4448,      -2.736914742,      -0.256806532,    -0.02344706666,       2.741197565
          0,           0,        4449,      -2.736914742,      -0.256806532,    -0.02344706666,       2.741197565
          0,           0,        4450,      -2.736914742,      -0.256806532,    -0.02344706666,       2.741197565
          0,           0,        4451,      -2.736914742,      -0.256806532,    -0.02344706666,       2.741197565
          0,           0,        4452,      -2.736914742,      -0.256806532,    -0.02344706666,       2.741197565
          0,           0,        4453,      -2.736914742,      -0.256806532,    -0.02344706666,       2.741197565
          0,           0,        4454,      -2.736914742,      -0.256806532,    -0.02344706666,       2.741197565
          0,           0,        4455,      -2.736914742,      -0.256806532,    -0.02344706666,       2.741197565
          0,           0,        4456,      -2.736914742,      -0.256806532,    -0.02344706666,       2.741197565
          0,           0,        4457,      -2.736914742,      -0.256806532,    -0.02344706666,       2.741197565
          0,           0,        4458,      -2.736914742,      -0.256806532,    -0.02344706666,       2.741197565
          0,           0,        4459,      -2.736914742,      -0.256806532,    -0.02344706666,       2.741197565
          0,           0,        4460,      -2.736914742,      -0.256806532,    -0.02344706666,       2.741197565
          0,           0,        4461,      -2.736914742,      -0.256806532,    -0.02344706666,       2.741197565
          0,           0,        4462,      -2.736914742,      -0.256806532,    -0.02344706666,       2.741197565
          0,           0,        4463,      -2.736914742,      -0.256806532,    -0.02344706666,       2.741197565
          0,           0,        4464,      -2.736914742,      -0.256806532,    -0.02344706666,       2.741197565
          0,           0,        4465,      -2.736914742,      -0.256806532,    -0.02344706666,       2.741197565
          0,           0,        4466,      -2.736914742,      -0.256806532,    -0.02344706666,       2.741197565
          0,           0,        4467,      -2.736914742,      -0.256806532,    -0.02344706666,       2.741197565
          0,           0,        4468,      -2.736914742,      -0.256806532,    -0.02344706666,       2.741197565
          0,           0,        4469,      -2.736914742,      -0.256806532,    -0.02344706666,       2.741197565
          0,           0,        4470,      -2.736914742,      -0.256806532,    -0.02344706666,       2.741197565
          0,           0,        4471,      -2.736914742,      -0.256806532,    -0.02344706666,       2.741197565
          0,           0,        4472,      -2.736914742,      -0.256806532,    -0.02344706666,       2.741197565
          0,           0,        4473,      -2.736914742,      -0.256806532,    -0.02344706666,       2.741197565
          0,           0,        4474,      -2.736914742,      -0.256806532,    -0.02344706666,       2.741197565
          0,           0,        4475,      -2.736914742,      -0.256806532,    -0.02344706666,       2.741197565
          0,           0,        4476,      -2.736914742,      -0.256806532,    -0.02344706666,       2.741197565
          0,           0,        4477,      -2.736914742,      -0.256806532,    -0.02344706666,       2.741197565
          0,           0,        4478,      -2.736914742,      -0.256806532,    -0.02344706666,       2.741197565
          0,           0,        4479,      -2.736914742,      -0.256806532,    -0.02344706666,       2.741197565
          0,           0,        4480,      -2.736914742,      -0.256806532,    -0.02344706666,       2.741197565
          0,           0,        4481,      -2.736914742,      -0.256806532,    -0.02344706666,       2.741197565
          0,           0,        4482,      -2.736914742,      -0.256806532,    -0.02344706666,       2.741197565
          0,           0,        4483,      -2.736914742,      -0.256806532,    -0.02344706666,       2.741197565
          0,           0,        4484,      -2.736914742,      -0.256806532,    -0.02344706666,       2.741197565
          0,           0,        4485,      -2.736914742,      -0.256806532,    -0.02344706666,       2.741197565
          0,           0,        4486,      -2.736914742,      -0.256806532,    -0.02344706666,       2.741197565
          0,           0,        4487,      -2.736914742,      -0.256806532,    -0.02344706666,       2.741197565
          0,           0,        4488,      -2.736914742,      -0.256806532,    -0.02344706666,       2.741197565
          0,           0,        4489,      -2.736914742,      -0.256806532,    -0.02344706666,       2.741197565
          0,           0,        4490,      -2.736914742,      -0.256806532,    -0.02344706666,       2.741197565
          0,           0,        4491,      -2.736914742,      -0.256806532,    -0.02344706666,       2.741197565
          0,           0,        4492,      -2.736914742,      -0.256806532,    -0.02344706666,       2.741197565
          0,           0,        4493,      -2.736914742,      -0.256806532,    -0.02344706666,       2.741197565
          0,           0,        4494,      -2.736914742,      -0.256806532,    -0.02344706666,       2.741197565
          0,           0,        4495,      -2.736914742,      -0.256806532,    -0.02344706666,       2.741197565
          0,           0,        4496,      -2.736914742,      -0.256806532,    -0.02344706666,       2.741197565
          0,           0,        4497,      -2.736914742,      -0.256806532,    -0.02344706666,       2.741197565
          0,           0,        4498,      -2.736914742,      -0.256806532,    -0.02344706666,       2.741197565
          0,           0,        4499,      -2.736914742,      -0.256806532,    -0.02344706666,       2.741197565
          0,           0,        4500,      -2.736914742,      -0.256806532,    -0.02344706666,       2.741197565
          0,           0,        4501,      -2.736914742,      -0.256806532,    -0.02344706666,       2.741197565
          0,           0,        4502,      -2.736914742,      -0.256806532,    -0.02344706666,       2.741197565
          0,           0,        4503,      -2.736914742,      -0.256806532,    -0.02344706666,       2.741197565
          0,           0,        4504,      -2.736914742,      -0.256806532,    -0.02344706666,       2.741197565
          0,           0,        4505,      -2.736914742,      -0.256806532,    -0.02344706666,       2.741197565
          0,           0,        4506,      -2.736914742,      -0.256806532,    -0.02344706666,       2.741197565
          0,           0,        4507,      -2.736914742,      -0.256806532,    -0.02344706666,       2.741197565
          0,           0,        4508,      -2.736914742,      -0.256806532,    -0.02344706666,       2.741197565
          0,           0,        4509,      -2.736914742,      -0.256806532,    -0.02344706666,       2.741197565
          0,           0,        4510,      -2.736914742,      -0.256806532,    -0.02344706666,       2.741197565
          0,           0,        4511,      -2.736914742,      -0.256806532,    -0.02344706666,       2.741197565
          0,           0,        4512,      -2.736914742,      -0.256806532,    -0.02344706666,       2.741197565
          0,           0,        4513,      -2.736914742,      -0.256806532,    -0.02344706666,       2.741197565
          0,           0,        4514,      -2.736914742,      -0.256806532,    -0.02344706666,       2.741197565
          0,           0,        4515,      -2.736914742,      -0.256806532,    -0.02344706666,       2.741197565
          0,           0,        4516,      -2.736914742,      -0.256806532,    -0.02344706666,       2.741197565
          0,           0,        4517,      -2.736914742,      -0.256806532,    -0.02344706666,       2.741197565
          0,           0,        4518,      -2.736914742,      -0.256806532,    -0.02344706666,       2.741197565
          0,           0,        4519,      -2.736914742,      -0.256806532,    -0.02344706666,       2.741197565
          0,           0,        4520,      -2.736914742,      -0.256806532,    -0.02344706666,       2.741197565
          0,           0,        4521,      -2.736914742,      -0.256806532,    -0.02344706666,       2.741197565
          0,           0,        4522,      -2.736914742,      -0.256806532,    -0.02344706666,       2.741197565
          0,           0,        4523,      -2.736914742,      -0.256806532,    -0.02344706666,       2.741197565
          0,           0,        4524,      -2.736914742,      -0.256806532,    -0.02344706666,       2.741197565
          0,           0,        4525,      -2.736914742,      -0.256806532,    -0.02344706666,       2.741197565
          0,           0,        4526,      -2.736914742,      -0.256806532,    -0.02344706666,       2.741197565
          0,           0,        4527,      -2.736914742,      -0.256806532,    -0.02344706666,       2.741197565
          0,           0,        4528,      -2.736914742,      -0.256806532,    -0.02344706666,       2.741197565
          0,           0,        4529,      -2.736914742,      -0.256806532,    -0.02344706666,       2.741197565
          0,           0,        4530,      -2.736914742,      -0.256806532,    -0.02344706666,       2.741197565
          0,           0,        4531,      -2.736914742,      -0.256806532,    -0.02344706666,       2.741197565
          0,           0,        4532,      -2.736914742,      -0.256806532,    -0.02344706666,       2.741197565
          0,           0,        4533,      -2.736914742,      -0.256806532,    -0.02344706666,       2.741197565
          0,           0,        4534,      -2.736914742,      -0.256806532,    -0.02344706666,       2.741197565
          0,           0,        4535,      -2.736914742,      -0.256806532,    -0.02344706666,       2.741197565
          0,           0,        4536,      -2.736914742,      -0.256806532,    -0.02344706666,       2.741197565
          0,           0,        4537,      -2.736914742,      -0.256806532,    -0.02344706666,       2.741197565
          0,           0,        4538,      -2.736914742,      -0.256806532,    -0.02344706666,       2.741197565
          0,           0,        4539,      -2.736914742,      -0.256806532,    -0.02344706666,       2.741197565
          0,           0,        4540,      -2.736914742,      -0.256806532,    -0.02344706666,       2.741197565
          0,           0,        4541,      -2.736914742,      -0.256806532,    -0.02344706666,       2.741197565
          0,           0,        4542,      -2.736914742,      -0.256806532,    -0.02344706666,       2.741197565
          0,           0,        4543,      -2.736914742,      -0.256806532,    -0.02344706666,       2.741197565
          0,           0,        4544,      -2.736914742,      -0.256806532,    -0.02344706666,       2.741197565
          0,           0,        4545,      -2.736914742,      -0.256806532,    -0.02344706666,       2.741197565
          0,           0,        4546,      -2.736914742,      -0.256806532,    -0.02344706666,       2.741197565
          0,           0,        4547,      -2.736914742,      -0.256806532,    -0.02344706666,       2.741197565
          0,           0,        4548,      -2.736914742,      -0.256806532,    -0.02344706666,       2.741197565
          0,           0,        4549,      -2.736914742,      -0.256806532,    -0.02344706666,       2.741197565
          0,           0,        4550,      -2.736914742,      -0.256806532,    -0.02344706666,       2.741197565
          0,           0,        4551,      -2.736914742,      -0.256806532,    -0.02344706666,       2.741197565
          0,           0,        4552,      -2.736914742,      -0.256806532,    -0.02344706666,       2.741197565
          0,           0,        4553,      -2.736914742,      -0.256806532,    -0.02344706666,       2.741197565
          0,           0,        4554,      -2.736914742,      -0.256806532,    -0.02344706666,       2.741197565
          0,           0,        4555,      -2.736914742,      -0.256806532,    -0.02344706666,       2.741197565
          0,           0,        4556,      -2.736914742,      -0.256806532,    -0.02344706666,       2.741197565
          0,           0,        4557,      -2.736914742,      -0.256806532,    -0.02344706666,       2.741197565
          0,           0,        4558,      -2.736914742,      -0.256806532,    -0.02344706666,       2.741197565
          0,           0,        4559,      -2.736914742,      -0.256806532,    -0.02344706666,       2.741197565
          0,           0,        4560,      -2.736914742,      -0.256806532,    -0.02344706666,       2.741197565
          0,           0,        4561,      -2.736914742,      -0.256806532,    -0.02344706666,       2.741197565
          0,           0,        4562,      -2.736914742,      -0.256806532,    -0.02344706666,       2.741197565
          0,           0,        4563,      -2.736914742,      -0.256806532,    -0.02344706666,       2.741197565
          0,           0,        4564,      -2.736914742,      -0.256806532,    -0.02344706666,       2.741197565
          0,           0,        4565,      -2.736914742,      -0.256806532,    -0.02344706666,       2.741197565
          0,           0,        4566,      -2.736914742,      -0.256806532,    -0.02344706666,       2.741197565
          0,           0,        4567,      -2.736914742,      -0.256806532,    -0.02344706666,       2.741197565
          0,           0,        4568,      -2.736914742,      -0.256806532,    -0.02344706666,       2.741197565
          0,           0,        4569,      -2.736914742,      -0.256806532,    -0.02344706666,       2.741197565
          0,           0,        4570,      -2.736914742,      -0.256806532,    -0.02344706666,       2.741197565
          0,           0,        4571,      -2.736914742,      -0.256806532,    -0.02344706666,       2.741197565
          0,           0,        4572,      -2.736914742,      -0.256806532,    -0.02344706666,       2.741197565
          0,           0,        4573,      -2.736914742,      -0.256806532,    -0.02344706666,       2.741197565
          0,           0,        4574,      -2.736914742,      -0.256806532,    -0.02344706666,       2.741197565
          0,           0,        4575,      -2.736914742,      -0.256806532,    -0.02344706666,       2.741197565
          0,           0,        4576,      -2.736914742,      -0.256806532,    -0.02344706666,       2.741197565
          0,           0,        4577,      -2.736914742,      -0.256806532,    -0.02344706666,       2.741197565
          0,           0,        4578,      -2.736914742,      -0.256806532,    -0.02344706666,       2.741197565
          0,           0,        4579,      -2.736914742,      -0.256806532,    -0.02344706666,       2.741197565
          0,           0,        4580,      -2.736914742,      -0.256806532,    -0.02344706666,       2.741197565
          0,           0,        4581,      -2.736914742,      -0.256806532,    -0.02344706666,       2.741197565
          0,           0,        4582,      -2.736914742,      -0.256806532,    -0.02344706666,       2.741197565
          0,           0,        4583,      -2.736914742,      -0.256806532,    -0.02344706666,       2.741197565
          0,           0,        4584,      -2.736914742,      -0.256806532,    -0.02344706666,       2.741197565
          0,           0,        4585,      -2.736914742,      -0.256806532,    -0.02344706666,       2.741197565
          0,           0,        4586,      -2.736914742,      -0.256806532,    -0.02344706666,       2.741197565
          0,           0,        4587,      -2.736914742,      -0.256806532,    -0.02344706666,       2.741197565
          0,           0,        4588,      -2.736914742,      -0.256806532,    -0.02344706666,       2.741197565
          0,           0,        4589,      -2.736914742,      -0.256806532,    -0.02344706666,       2.741197565
          0,           0,        4590,      -2.736914742,      -0.256806532,    -0.02344706666,       2.741197565
          0,           0,        4591,      -2.736914742,      -0.256806532,    -0.02344706666,       2.741197565
          0,           0,        4592,      -2.736914742,      -0.256806532,    -0.02344706666,       2.741197565
          0,           0,        4593,      -2.736914742,      -0.256806532,    -0.02344706666,       2.741197565
          0,           0,        4594,      -2.736914742,      -0.256806532,    -0.02344706666,       2.741197565
          0,           0,        4595,      -2.736914742,      -0.256806532,    -0.02344706666,       2.741197565
          0,           0,        4596,      -2.736914742,      -0.256806532,    -0.02344706666,       2.741197565
          0,           0,        4597,      -2.736914742,      -0.256806532,    -0.02344706666,       2.741197565
          0,           0,        4598,      -2.736914742,      -0.256806532,    -0.02344706666,       2.741197565
          0,           0,        4599,      -2.736914742,      -0.256806532,    -0.02344706666,       2.741197565
          0,           0,        4600,      -2.736914742,      -0.256806532,    -0.02344706666,       2.741197565
          0,           0,        4601,      -2.736914742,      -0.256806532,    -0.02344706666,       2.741197565
          0,           0,        4602,      -2.736914742,      -0.256806532,    -0.02344706666,       2.741197565
          0,           0,        4603,      -2.736914742,      -0.256806532,    -0.02344706666,       2.741197565
          0,           0,        4604,      -2.736914742,      -0.256806532,    -0.02344706666,       2.741197565
          0,           0,        4605,      -2.736914742,      -0.256806532,    -0.02344706666,       2.741197565
          0,           0,        4606,      -2.736914742,      -0.256806532,    -0.02344706666,       2.741197565
          0,           0,        4607,      -2.736914742,      -0.256806532,    -0.02344706666,       2.741197565
          0,           0,        4608,      -2.736914742,      -0.256806532,    -0.02344706666,       2.741197565
          0,           0,        4609,      -2.736914742,      -0.256806532,    -0.02344706666,       2.741197565
          0,           0,        4610,      -2.736914742,      -0.256806532,    -0.02344706666,       2.741197565
          0,           0,        4611,      -2.736914742,      -0.256806532,    -0.02344706666,       2.741197565
          0,           0,        4612,      -2.736914742,      -0.256806532,    -0.02344706666,       2.741197565
          0,           0,        4613,      -2.736914742,      -0.256806532,    -0.02344706666,       2.741197565
          0,           0,        4614,      -2.736914742,      -0.256806532,    -0.02344706666,       2.741197565
          0,           0,        4615,      -2.736914742,      -0.256806532,    -0.02344706666,       2.741197565
          0,           0,        4616,      -2.736914742,      -0.256806532,    -0.02344706666,       2.741197565
          0,           0,        4617,      -2.736914742,      -0.256806532,    -0.02344706666,       2.741197565
          0,           0,        4618,      -2.736914742,      -0.256806532,    -0.02344706666,       2.741197565
          0,           0,        4619,      -2.736914742,      -0.256806532,    -0.02344706666,       2.741197565
          0,           0,        4620,      -2.736914742,      -0.256806532,    -0.02344706666,       2.741197565
          0,           0,        4621,      -2.736914742,      -0.256806532,    -0.02344706666,       2.741197565
          0,           0,        4622,      -2.736914742,      -0.256806532,    -0.02344706666,       2.741197565
          0,           0,        4623,      -2.736914742,      -0.256806532,    -0.02344706666,       2.741197565
          0,           0,        4624,      -2.736914742,      -0.256806532,    -0.02344706666,       2.741197565
          0,           0,        4625,      -2.736914742,      -0.256806532,    -0.02344706666,       2.741197565
          0,           0,        4626,      -2.736914742,      -0.256806532,    -0.02344706666,       2.741197565
          0,           0,        4627,      -2.736914742,      -0.256806532,    -0.02344706666,       2.741197565
          0,           0,        4628,      -2.736914742,      -0.256806532,    -0.02344706666,       2.741197565
          0,           0,        4629,      -2.736914742,      -0.256806532,    -0.02344706666,       2.741197565
          0,           0,        4630,      -2.736914742,      -0.256806532,    -0.02344706666,       2.741197565
          0,           0,        4631,      -2.736914742,      -0.256806532,    -0.02344706666,       2.741197565
          0,           0,        4632,      -2.736914742,      -0.256806532,    -0.02344706666,       2.741197565
          0,           0,        4633,      -2.736914742,      -0.256806532,    -0.02344706666,       2.741197565
          0,           0,        4634,      -2.736914742,      -0.256806532,    -0.02344706666,       2.741197565
          0,           0,        4635,      -2.736914742,      -0.256806532,    -0.02344706666,       2.741197565
          0,           0,        4636,      -2.736914742,      -0.256806532,    -0.02344706666,       2.741197565
          0,           0,        4637,      -2.736914742,      -0.256806532,    -0.02344706666,       2.741197565
          0,           0,        4638,      -2.736914742,      -0.256806532,    -0.02344706666,       2.741197565
          0,           0,        4639,      -2.736914742,      -0.256806532,    -0.02344706666,       2.741197565
          0,           0,        4640,      -2.736914742,      -0.256806532,    -0.02344706666,       2.741197565
          0,           0,        4641,      -2.736914742,      -0.256806532,    -0.02344706666,       2.741197565
          0,           0,        4642,      -2.736914742,      -0.256806532,    -0.02344706666,       2.741197565
          0,           0,        4643,      -2.736914742,      -0.256806532,    -0.02344706666,       2.741197565
          0,           0,        4644,      -2.736914742,      -0.256806532,    -0.02344706666,       2.741197565
          0,           0,        4645,      -2.736914742,      -0.256806532,    -0.02344706666,       2.741197565
          0,           0,        4646,      -2.736914742,      -0.256806532,    -0.02344706666,       2.741197565
          0,           0,        4647,      -2.736914742,      -0.256806532,    -0.02344706666,       2.741197565
          0,           0,        4648,      -2.736914742,      -0.256806532,    -0.02344706666,       2.741197565
          0,           0,        4649,      -2.736914742,      -0.256806532,    -0.02344706666,       2.741197565
          0,           0,        4650,      -2.736914742,      -0.256806532,    -0.02344706666,       2.741197565
          0,           0,        4651,      -2.736914742,      -0.256806532,    -0.02344706666,       2.741197565
          0,           0,        4652,      -2.736914742,      -0.256806532,    -0.02344706666,       2.741197565
          0,           0,        4653,      -2.736914742,      -0.256806532,    -0.02344706666,       2.741197565
          0,           0,        4654,      -2.736914742,      -0.256806532,    -0.02344706666,       2.741197565
          0,           0,        4655,      -2.736914742,      -0.256806532,    -0.02344706666,       2.741197565
          0,           0,        4656,      -2.736914742,      -0.256806532,    -0.02344706666,       2.741197565
          0,           0,        4657,      -2.736914742,      -0.256806532,    -0.02344706666,       2.741197565
          0,           0,        4658,      -2.736914742,      -0.256806532,    -0.02344706666,       2.741197565
          0,           0,        4659,      -2.736914742,      -0.256806532,    -0.02344706666,       2.741197565
          0,           0,        4660,      -2.736914742,      -0.256806532,    -0.02344706666,       2.741197565
          0,           0,        4661,      -2.736914742,      -0.256806532,    -0.02344706666,       2.741197565
          0,           0,        4662,      -2.736914742,      -0.256806532,    -0.02344706666,       2.741197565
          0,           0,        4663,      -2.736914742,      -0.256806532,    -0.02344706666,       2.741197565
          0,           0,        4664,      -2.736914742,      -0.256806532,    -0.02344706666,       2.741197565
          0,           0,        4665,      -2.736914742,      -0.256806532,    -0.02344706666,       2.741197565
          0,           0,        4666,      -2.736914742,      -0.256806532,    -0.02344706666,       2.741197565
          0,           0,        4667,      -2.736914742,      -0.256806532,    -0.02344706666,       2.741197565
          0,           0,        4668,      -2.736914742,      -0.256806532,    -0.02344706666,       2.741197565
          0,           0,        4669,      -2.736914742,      -0.256806532,    -0.02344706666,       2.741197565
          0,           0,        4670,      -2.736914742,      -0.256806532,    -0.02344706666,       2.741197565
          0,           0,        4671,      -2.736914742,      -0.256806532,    -0.02344706666,       2.741197565
          0,           0,        4672,      -2.736914742,      -0.256806532,    -0.02344706666,       2.741197565
          0,           0,        4673,      -2.736914742,      -0.256806532,    -0.02344706666,       2.741197565
          0,           0,        4674,      -2.736914742,      -0.256806532,    -0.02344706666,       2.741197565
          0,           0,        4675,      -2.736914742,      -0.256806532,    -0.02344706666,       2.741197565
          0,           0,        4676,      -2.736914742,      -0.256806532,    -0.02344706666,       2.741197565
          0,           0,        4677,      -2.736914742,      -0.256806532,    -0.02344706666,       2.741197565
          0,           0,        4678,      -2.736914742,      -0.256806532,    -0.02344706666,       2.741197565
          0,           0,        4679,      -2.736914742,      -0.256806532,    -0.02344706666,       2.741197565
          0,           0,        4680,      -2.736914742,      -0.256806532,    -0.02344706666,       2.741197565
          0,           0,        4681,      -2.736914742,      -0.256806532,    -0.02344706666,       2.741197565
          0,           0,        4682,      -2.736914742,      -0.256806532,    -0.02344706666,       2.741197565
          0,           0,        4683,      -2.736914742,      -0.256806532,    -0.02344706666,       2.741197565
          0,           0,        4684,      -2.736914742,      -0.256806532,    -0.02344706666,       2.741197565
          0,           0,        4685,      -2.736914742,      -0.256806532,    -0.02344706666,       2.741197565
          0,           0,        4686,      -2.736914742,      -0.256806532,    -0.02344706666,       2.741197565
          0,           0,        4687,      -2.736914742,      -0.256806532,    -0.02344706666,       2.741197565
          0,           0,        4688,      -2.736914742,      -0.256806532,    -0.02344706666,       2.741197565
          0,           0,        4689,      -2.736914742,      -0.256806532,    -0.02344706666,       2.741197565
          0,           0,        4690,      -2.736914742,      -0.256806532,    -0.02344706666,       2.741197565
          0,           0,        4691,      -2.736914742,      -0.256806532,    -0.02344706666,       2.741197565
          0,           0,        4692,      -2.736914742,      -0.256806532,    -0.02344706666,       2.741197565
          0,           0,        4693,      -2.736914742,      -0.256806532,    -0.02344706666,       2.741197565
          0,           0,        4694,      -2.736914742,      -0.256806532,    -0.02344706666,       2.741197565
          0,           0,        4695,      -2.736914742,      -0.256806532,    -0.02344706666,       2.741197565
          0,           0,        4696,      -2.736914742,      -0.256806532,    -0.02344706666,       2.741197565
          0,           0,        4697,      -2.736914742,      -0.256806532,    -0.02344706666,       2.741197565
          0,           0,        4698,      -2.736914742,      -0.256806532,    -0.02344706666,       2.741197565
          0,           0,        4699,      -2.736914742,      -0.256806532,    -0.02344706666,       2.741197565
          0,           0,        4700,      -2.736914742,      -0.256806532,    -0.02344706666,       2.741197565
          0,           0,        4701,      -2.736914742,      -0.256806532,    -0.02344706666,       2.741197565
          0,           0,        4702,      -2.736914742,      -0.256806532,    -0.02344706666,       2.741197565
          0,           0,        4703,      -2.736914742,      -0.256806532,    -0.02344706666,       2.741197565
          0,           0,        4704,      -2.736914742,      -0.256806532,    -0.02344706666,       2.741197565
          0,           0,        4705,      -2.736914742,      -0.256806532,    -0.02344706666,       2.741197565
          0,           0,        4706,      -2.736914742,      -0.256806532,    -0.02344706666,       2.741197565
          0,           0,        4707,      -2.736914742,      -0.256806532,    -0.02344706666,       2.741197565
          0,           0,        4708,      -2.736914742,      -0.256806532,    -0.02344706666,       2.741197565
          0,           0,        4709,      -2.736914742,      -0.256806532,    -0.02344706666,       2.741197565
          0,           0,        4710,      -2.736914742,      -0.256806532,    -0.02344706666,       2.741197565
          0,           0,        4711,      -2.736914742,      -0.256806532,    -0.02344706666,       2.741197565
          0,           0,        4712,      -2.736914742,      -0.256806532,    -0.02344706666,       2.741197565
          0,           0,        4713,      -2.736914742,      -0.256806532,    -0.02344706666,       2.741197565
          0,           0,        4714,      -2.736914742,      -0.256806532,    -0.02344706666,       2.741197565
          0,           0,        4715,      -2.736914742,      -0.256806532,    -0.02344706666,       2.741197565
          0,           0,        4716,      -2.736914742,      -0.256806532,    -0.02344706666,       2.741197565
          0,           0,        4717,      -2.736914742,      -0.256806532,    -0.02344706666,       2.741197565
          0,           0,        4718,      -2.736914742,      -0.256806532,    -0.02344706666,       2.741197565
          0,           0,        4719,      -2.736914742,      -0.256806532,    -0.02344706666,       2.741197565
          0,           0,        4720,      -2.736914742,      -0.256806532,    -0.02344706666,       2.741197565
          0,           0,        4721,      -2.736914742,      -0.256806532,    -0.02344706666,       2.741197565
          0,           0,        4722,      -2.736914742,      -0.256806532,    -0.02344706666,       2.741197565
          0,           0,        4723,      -2.736914742,      -0.256806532,    -0.02344706666,       2.741197565
          0,           0,        4724,      -2.736914742,      -0.256806532,    -0.02344706666,       2.741197565
          0,           0,        4725,      -2.736914742,      -0.256806532,    -0.02344706666,       2.741197565
          0,           0,        4726,      -2.736914742,      -0.256806532,    -0.02344706666,       2.741197565
          0,           0,        4727,      -2.736914742,      -0.256806532,    -0.02344706666,       2.741197565
          0,           0,        4728,      -2.736914742,      -0.256806532,    -0.02344706666,       2.741197565
          0,           0,        4729,      -2.736914742,      -0.256806532,    -0.02344706666,       2.741197565
          0,           0,        4730,      -2.736914742,      -0.256806532,    -0.02344706666,       2.741197565
          0,           0,        4731,      -2.736914742,      -0.256806532,    -0.02344706666,       2.741197565
          0,           0,        4732,      -2.736914742,      -0.256806532,    -0.02344706666,       2.741197565
          0,           0,        4733,      -2.736914742,      -0.256806532,    -0.02344706666,       2.741197565
          0,           0,        4734,      -2.736914742,      -0.256806532,    -0.02344706666,       2.741197565
          0,           0,        4735,      -2.736914742,      -0.256806532,    -0.02344706666,       2.741197565
          0,           0,        4736,      -2.736914742,      -0.256806532,    -0.02344706666,       2.741197565
          0,           0,        4737,      -2.736914742,      -0.256806532,    -0.02344706666,       2.741197565
          0,           0,        4738,      -2.736914742,      -0.256806532,    -0.02344706666,       2.741197565
          0,           0,        4739,      -2.736914742,      -0.256806532,    -0.02344706666,       2.741197565
          0,           0,        4740,      -2.736914742,      -0.256806532,    -0.02344706666,       2.741197565
          0,           0,        4741,      -2.736914742,      -0.256806532,    -0.02344706666,       2.741197565
          0,           0,        4742,      -2.736914742,      -0.256806532,    -0.02344706666,       2.741197565
          0,           0,        4743,      -2.736914742,      -0.256806532,    -0.02344706666,       2.741197565
          0,           0,        4744,      -2.736914742,      -0.256806532,    -0.02344706666,       2.741197565
          0,           0,        4745,      -2.736914742,      -0.256806532,    -0.02344706666,       2.741197565
          0,           0,        4746,      -2.736914742,      -0.256806532,    -0.02344706666,       2.741197565
          0,           0,        4747,      -2.736914742,      -0.256806532,    -0.02344706666,       2.741197565
          0,           0,        4748,      -2.736914742,      -0.256806532,    -0.02344706666,       2.741197565
          0,           0,        4749,      -2.736914742,      -0.256806532,    -0.02344706666,       2.741197565
          0,           0,        4750,      -2.736914742,      -0.256806532,    -0.02344706666,       2.741197565
          0,           0,        4751,      -2.736914742,      -0.256806532,    -0.02344706666,       2.741197565
          0,           0,        4752,      -2.736914742,      -0.256806532,    -0.02344706666,       2.741197565
          0,           0,        4753,      -2.736914742,      -0.256806532,    -0.02344706666,       2.741197565
          0,           0,        4754,      -2.736914742,      -0.256806532,    -0.02344706666,       2.741197565
          0,           0,        4755,      -2.736914742,      -0.256806532,    -0.02344706666,       2.741197565
          0,           0,        4756,      -2.736914742,      -0.256806532,    -0.02344706666,       2.741197565
          0,           0,        4757,      -2.736914742,      -0.256806532,    -0.02344706666,       2.741197565
          0,           0,        4758,      -2.736914742,      -0.256806532,    -0.02344706666,       2.741197565
          0,           0,        4759,      -2.736914742,      -0.256806532,    -0.02344706666,       2.741197565
          0,           0,        4760,      -2.736914742,      -0.256806532,    -0.02344706666,       2.741197565
          0,           0,        4761,      -2.736914742,      -0.256806532,    -0.02344706666,       2.741197565
          0,           0,        4762,      -2.736914742,      -0.256806532,    -0.02344706666,       2.741197565
          0,           0,        4763,      -2.736914742,      -0.256806532,    -0.02344706666,       2.741197565
          0,           0,        4764,      -2.736914742,      -0.256806532,    -0.02344706666,       2.741197565
          0,           0,        4765,      -2.736914742,      -0.256806532,    -0.02344706666,       2.741197565
          0,           0,        4766,      -2.736914742,      -0.256806532,    -0.02344706666,       2.741197565
          0,           0,        4767,      -2.736914742,      -0.256806532,    -0.02344706666,       2.741197565
          0,           0,        4768,      -2.736914742,      -0.256806532,    -0.02344706666,       2.741197565
          0,           0,        4769,      -2.736914742,      -0.256806532,    -0.02344706666,       2.741197565
          0,           0,        4770,      -2.736914742,      -0.256806532,    -0.02344706666,       2.741197565
          0,           0,        4771,      -2.736914742,      -0.256806532,    -0.02344706666,       2.741197565
          0,           0,        4772,      -2.736914742,      -0.256806532,    -0.02344706666,       2.741197565
          0,           0,        4773,      -2.736914742,      -0.256806532,    -0.02344706666,       2.741197565
          0,           0,        4774,      -2.736914742,      -0.256806532,    -0.02344706666,       2.741197565
          0,           0,        4775,      -2.736914742,      -0.256806532,    -0.02344706666,       2.741197565
          0,           0,        4776,      -2.736914742,      -0.256806532,    -0.02344706666,       2.741197565
          0,           0,        4777,      -2.736914742,      -0.256806532,    -0.02344706666,       2.741197565
          0,           0,        4778,      -2.736914742,      -0.256806532,    -0.02344706666,       2.741197565
          0,           0,        4779,      -2.736914742,      -0.256806532,    -0.02344706666,       2.741197565
          0,           0,        4780,      -2.736914742,      -0.256806532,    -0.02344706666,       2.741197565
          0,           0,        4781,      -2.736914742,      -0.256806532,    -0.02344706666,       2.741197565
          0,           0,        4782,      -2.736914742,      -0.256806532,    -0.02344706666,       2.741197565
          0,           0,        4783,      -2.736914742,      -0.256806532,    -0.02344706666,       2.741197565
          0,           0,        4784,      -2.736914742,      -0.256806532,    -0.02344706666,       2.741197565
          0,           0,        4785,      -2.736914742,      -0.256806532,    -0.02344706666,       2.741197565
          0,           0,        4786,      -2.736914742,      -0.256806532,    -0.02344706666,       2.741197565
          0,           0,        4787,      -2.736914742,      -0.256806532,    -0.02344706666,       2.741197565
          0,           0,        4788,      -2.736914742,      -0.256806532,    -0.02344706666,       2.741197565
          0,           0,        4789,      -2.736914742,      -0.256806532,    -0.02344706666,       2.741197565
          0,           0,        4790,      -2.736914742,      -0.256806532,    -0.02344706666,       2.741197565
          0,           0,        4791,      -2.736914742,      -0.256806532,    -0.02344706666,       2.741197565
          0,           0,        4792,      -2.736914742,      -0.256806532,    -0.02344706666,       2.741197565
          0,           0,        4793,      -2.736914742,      -0.256806532,    -0.02344706666,       2.741197565
          0,           0,        4794,      -2.736914742,      -0.256806532,    -0.02344706666,       2.741197565
          0,           0,        4795,      -2.736914742,      -0.256806532,    -0.02344706666,       2.741197565
          0,           0,        4796,      -2.736914742,      -0.256806532,    -0.02344706666,       2.741197565
          0,           0,        4797,      -2.736914742,      -0.256806532,    -0.02344706666,       2.741197565
          0,           0,        4798,      -2.736914742,      -0.256806532,    -0.02344706666,       2.741197565
          0,           0,        4799,      -2.736914742,      -0.256806532,    -0.02344706666,       2.741197565
          0,           0,        4800,      -2.736914742,      -0.256806532,    -0.02344706666,       2.741197565
          0,           0,        4801,      -2.736914742,      -0.256806532,    -0.02344706666,       2.741197565
          0,           0,        4802,      -2.736914742,      -0.256806532,    -0.02344706666,       2.741197565
          0,           0,        4803,      -2.736914742,      -0.256806532,    -0.02344706666,       2.741197565
          0,           0,        4804,      -2.736914742,      -0.256806532,    -0.02344706666,       2.741197565
          0,           0,        4805,      -2.736914742,      -0.256806532,    -0.02344706666,       2.741197565
          0,           0,        4806,      -2.736914742,      -0.256806532,    -0.02344706666,       2.741197565
          0,           0,        4807,      -2.736914742,      -0.256806532,    -0.02344706666,       2.741197565
          0,           0,        4808,      -2.736914742,      -0.256806532,    -0.02344706666,       2.741197565
          0,           0,        4809,      -2.736914742,      -0.256806532,    -0.02344706666,       2.741197565
          0,           0,        4810,      -2.736914742,      -0.256806532,    -0.02344706666,       2.741197565
          0,           0,        4811,      -2.736914742,      -0.256806532,    -0.02344706666,       2.741197565
          0,           0,        4812,      -2.736914742,      -0.256806532,    -0.02344706666,       2.741197565
          0,           0,        4813,      -2.736914742,      -0.256806532,    -0.02344706666,       2.741197565
          0,           0,        4814,      -2.736914742,      -0.256806532,    -0.02344706666,       2.741197565
          0,           0,        4815,      -2.736914742,      -0.256806532,    -0.02344706666,       2.741197565
          0,           0,        4816,      -2.736914742,      -0.256806532,    -0.02344706666,       2.741197565
          0,           0,        4817,      -2.736914742,      -0.256806532,    -0.02344706666,       2.741197565
          0,           0,        4818,      -2.736914742,      -0.256806532,    -0.02344706666,       2.741197565
          0,           0,        4819,      -2.736914742,      -0.256806532,    -0.02344706666,       2.741197565
          0,           0,        4820,      -2.736914742,      -0.256806532,    -0.02344706666,       2.741197565
          0,           0,        4821,      -2.736914742,      -0.256806532,    -0.02344706666,       2.741197565
          0,           0,        4822,      -2.736914742,      -0.256806532,    -0.02344706666,       2.741197565
          0,           0,        4823,      -2.736914742,      -0.256806532,    -0.02344706666,       2.741197565
          0,           0,        4824,      -2.736914742,      -0.256806532,    -0.02344706666,       2.741197565
          0,           0,        4825,      -2.736914742,      -0.256806532,    -0.02344706666,       2.741197565
          0,           0,        4826,      -2.736914742,      -0.256806532,    -0.02344706666,       2.741197565
          0,           0,        4827,      -2.736914742,      -0.256806532,    -0.02344706666,       2.741197565
          0,           0,        4828,      -2.736914742,      -0.256806532,    -0.02344706666,       2.741197565
          0,           0,        4829,      -2.736914742,      -0.256806532,    -0.02344706666,       2.741197565
          0,           0,        4830,      -2.736914742,      -0.256806532,    -0.02344706666,       2.741197565
          0,           0,        4831,      -2.736914742,      -0.256806532,    -0.02344706666,       2.741197565
          0,           0,        4832,      -2.736914742,      -0.256806532,    -0.02344706666,       2.741197565
          0,           0,        4833,      -2.736914742,      -0.256806532,    -0.02344706666,       2.741197565
          0,           0,        4834,      -2.736914742,      -0.256806532,    -0.02344706666,       2.741197565
          0,           0,        4835,      -2.736914742,      -0.256806532,    -0.02344706666,       2.741197565
          0,           0,        4836,      -2.736914742,      -0.256806532,    -0.02344706666,       2.741197565
          0,           0,        4837,      -2.736914742,      -0.256806532,    -0.02344706666,       2.741197565
          0,           0,        4838,      -2.736914742,      -0.256806532,    -0.02344706666,       2.741197565
          0,           0,        4839,      -2.736914742,      -0.256806532,    -0.02344706666,       2.741197565
          0,           0,        4840,      -2.736914742,      -0.256806532,    -0.02344706666,       2.741197565
          0,           0,        4841,      -2.736914742,      -0.256806532,    -0.02344706666,       2.741197565
          0,           0,        4842,      -2.736914742,      -0.256806532,    -0.02344706666,       2.741197565
          0,           0,        4843,      -2.736914742,      -0.256806532,    -0.02344706666,       2.741197565
          0,           0,        4844,      -2.736914742,      -0.256806532,    -0.02344706666,       2.741197565
          0,           0,        4845,      -2.736914742,      -0.256806532,    -0.02344706666,       2.741197565
          0,           0,        4846,      -2.736914742,      -0.256806532,    -0.02344706666,       2.741197565
          0,           0,        4847,      -2.736914742,      -0.256806532,    -0.02344706666,       2.741197565
          0,           0,        4848,      -2.736914742,      -0.256806532,    -0.02344706666,       2.741197565
          0,           0,        4849,      -2.736914742,      -0.256806532,    -0.02344706666,       2.741197565
          0,           0,        4850,      -2.736914742,      -0.256806532,    -0.02344706666,       2.741197565
          0,           0,        4851,      -2.736914742,      -0.256806532,    -0.02344706666,       2.741197565
          0,           0,        4852,      -2.736914742,      -0.256806532,    -0.02344706666,       2.741197565
          0,           0,        4853,      -2.736914742,      -0.256806532,    -0.02344706666,       2.741197565
          0,           0,        4854,      -2.736914742,      -0.256806532,    -0.02344706666,       2.741197565
          0,           0,        4855,      -2.736914742,      -0.256806532,    -0.02344706666,       2.741197565
          0,           0,        4856,      -2.736914742,      -0.256806532,    -0.02344706666,       2.741197565
          0,           0,        4857,      -2.736914742,      -0.256806532,    -0.02344706666,       2.741197565
          0,           0,        4858,      -2.736914742,      -0.256806532,    -0.02344706666,       2.741197565
          0,           0,        4859,      -2.736914742,      -0.256806532,    -0.02344706666,       2.741197565
          0,           0,        4860,      -2.736914742,      -0.256806532,    -0.02344706666,       2.741197565
          0,           0,        4861,      -2.736914742,      -0.256806532,    -0.02344706666,       2.741197565
          0,           0,        4862,      -2.736914742,      -0.256806532,    -0.02344706666,       2.741197565
          0,           0,        4863,      -2.736914742,      -0.256806532,    -0.02344706666,       2.741197565
          0,           0,        4864,      -2.736914742,      -0.256806532,    -0.02344706666,       2.741197565
          0,           0,        4865,      -2.736914742,      -0.256806532,    -0.02344706666,       2.741197565
          0,           0,        4866,      -2.736914742,      -0.256806532,    -0.02344706666,       2.741197565
          0,           0,        4867,      -2.736914742,      -0.256806532,    -0.02344706666,       2.741197565
          0,           0,        4868,      -2.736914742,      -0.256806532,    -0.02344706666,       2.741197565
          0,           0,        4869,      -2.736914742,      -0.256806532,    -0.02344706666,       2.741197565
          0,           0,        4870,      -2.736914742,      -0.256806532,    -0.02344706666,       2.741197565
          0,           0,        4871,      -2.736914742,      -0.256806532,    -0.02344706666,       2.741197565
          0,           0,        4872,      -2.736914742,      -0.256806532,    -0.02344706666,       2.741197565
          0,           0,        4873,      -2.736914742,      -0.256806532,    -0.02344706666,       2.741197565
          0,           0,        4874,      -2.736914742,      -0.256806532,    -0.02344706666,       2.741197565
          0,           0,        4875,      -2.736914742,      -0.256806532,    -0.02344706666,       2.741197565
          0,           0,        4876,      -2.736914742,      -0.256806532,    -0.02344706666,       2.741197565
          0,           0,        4877,      -2.736914742,      -0.256806532,    -0.02344706666,       2.741197565
          0,           0,        4878,      -2.736914742,      -0.256806532,    -0.02344706666,       2.741197565
          0,           0,        4879,      -2.736914742,      -0.256806532,    -0.02344706666,       2.741197565
          0,           0,        4880,      -2.736914742,      -0.256806532,    -0.02344706666,       2.741197565
          0,           0,        4881,      -2.736914742,      -0.256806532,    -0.02344706666,       2.741197565
          0,           0,        4882,      -2.736914742,      -0.256806532,    -0.02344706666,       2.741197565
          0,           0,        4883,      -2.736914742,      -0.256806532,    -0.02344706666,       2.741197565
          0,           0,        4884,      -2.736914742,      -0.256806532,    -0.02344706666,       2.741197565
          0,           0,        4885,      -2.736914742,      -0.256806532,    -0.02344706666,       2.741197565
          0,           0,        4886,      -2.736914742,      -0.256806532,    -0.02344706666,       2.741197565
          0,           0,        4887,      -2.736914742,      -0.256806532,    -0.02344706666,       2.741197565
          0,           0,        4888,      -2.736914742,      -0.256806532,    -0.02344706666,       2.741197565
          0,           0,        4889,      -2.736914742,      -0.256806532,    -0.02344706666,       2.741197565
          0,           0,        4890,      -2.736914742,      -0.256806532,    -0.02344706666,       2.741197565
          0,           0,        4891,      -2.736914742,      -0.256806532,    -0.02344706666,       2.741197565
          0,           0,        4892,      -2.736914742,      -0.256806532,    -0.02344706666,       2.741197565
          0,           0,        4893,      -2.736914742,      -0.256806532,    -0.02344706666,       2.741197565
          0,           0,        4894,      -2.736914742,      -0.256806532,    -0.02344706666,       2.741197565
          0,           0,        4895,      -2.736914742,      -0.256806532,    -0.02344706666,       2.741197565
          0,           0,        4896,      -2.736914742,      -0.256806532,    -0.02344706666,       2.741197565
          0,           0,        4897,      -2.736914742,      -0.256806532,    -0.02344706666,       2.741197565
          0,           0,        4898,      -2.736914742,      -0.256806532,    -0.02344706666,       2.741197565
          0,           0,        4899,      -2.736914742,      -0.256806532,    -0.02344706666,       2.741197565
          0,           0,        4900,      -2.736914742,      -0.256806532,    -0.02344706666,       2.741197565
          0,           0,        4901,      -2.736914742,      -0.256806532,    -0.02344706666,       2.741197565
          0,           0,        4902,      -2.736914742,      -0.256806532,    -0.02344706666,       2.741197565
          0,           0,        4903,      -2.736914742,      -0.256806532,    -0.02344706666,       2.741197565
          0,           0,        4904,      -2.736914742,      -0.256806532,    -0.02344706666,       2.741197565
          0,           0,        4905,      -2.736914742,      -0.256806532,    -0.02344706666,       2.741197565
          0,           0,        4906,      -2.736914742,      -0.256806532,    -0.02344706666,       2.741197565
          0,           0,        4907,      -2.736914742,      -0.256806532,    -0.02344706666,       2.741197565
          0,           0,        4908,      -2.736914742,      -0.256806532,    -0.02344706666,       2.741197565
          0,           0,        4909,      -2.736914742,      -0.256806532,    -0.02344706666,       2.741197565
          0,           0,        4910,      -2.736914742,      -0.256806532,    -0.02344706666,       2.741197565
          0,           0,        4911,      -2.736914742,      -0.256806532,    -0.02344706666,       2.741197565
          0,           0,        4912,      -2.736914742,      -0.256806532,    -0.02344706666,       2.741197565
          0,           0,        4913,      -2.736914742,      -0.256806532,    -0.02344706666,       2.741197565
          0,           0,        4914,      -2.736914742,      -0.256806532,    -0.02344706666,       2.741197565
          0,           0,        4915,      -2.736914742,      -0.256806532,    -0.02344706666,       2.741197565
          0,           0,        4916,      -2.736914742,      -0.256806532,    -0.02344706666,       2.741197565
          0,           0,        4917,      -2.736914742,      -0.256806532,    -0.02344706666,       2.741197565
          0,           0,        4918,      -2.736914742,      -0.256806532,    -0.02344706666,       2.741197565
          0,           0,        4919,      -2.736914742,      -0.256806532,    -0.02344706666,       2.741197565
          0,           0,        4920,      -2.736914742,      -0.256806532,    -0.02344706666,       2.741197565
          0,           0,        4921,      -2.736914742,      -0.256806532,    -0.02344706666,       2.741197565
          0,           0,        4922,      -2.736914742,      -0.256806532,    -0.02344706666,       2.741197565
          0,           0,        4923,      -2.736914742,      -0.256806532,    -0.02344706666,       2.741197565
          0,           0,        4924,      -2.736914742,      -0.256806532,    -0.02344706666,       2.741197565
          0,           0,        4925,      -2.736914742,      -0.256806532,    -0.02344706666,       2.741197565
          0,           0,        4926,      -2.736914742,      -0.256806532,    -0.02344706666,       2.741197565
          0,           0,        4927,      -2.736914742,      -0.256806532,    -0.02344706666,       2.741197565
          0,           0,        4928,      -2.736914742,      -0.256806532,    -0.02344706666,       2.741197565
          0,           0,        4929,      -2.736914742,      -0.256806532,    -0.02344706666,       2.741197565
          0,           0,        4930,      -2.736914742,      -0.256806532,    -0.02344706666,       2.741197565
          0,           0,        4931,      -2.736914742,      -0.256806532,    -0.02344706666,       2.741197565
          0,           0,        4932,      -2.736914742,      -0.256806532,    -0.02344706666,       2.741197565
          0,           0,        4933,      -2.736914742,      -0.256806532,    -0.02344706666,       2.741197565
          0,           0,        4934,      -2.736914742,      -0.256806532,    -0.02344706666,       2.741197565
          0,           0,        4935,      -2.736914742,      -0.256806532,    -0.02344706666,       2.741197565
          0,           0,        4936,      -2.736914742,      -0.256806532,    -0.02344706666,       2.741197565
          0,           0,        4937,      -2.736914742,      -0.256806532,    -0.02344706666,       2.741197565
          0,           0,        4938,      -2.736914742,      -0.256806532,    -0.02344706666,       2.741197565
          0,           0,        4939,      -2.736914742,      -0.256806532,    -0.02344706666,       2.741197565
          0,           0,        4940,      -2.736914742,      -0.256806532,    -0.02344706666,       2.741197565
          0,           0,        4941,      -2.736914742,      -0.256806532,    -0.02344706666,       2.741197565
          0,           0,        4942,      -2.736914742,      -0.256806532,    -0.02344706666,       2.741197565
          0,           0,        4943,      -2.736914742,      -0.256806532,    -0.02344706666,       2.741197565
          0,           0,        4944,      -2.736914742,      -0.256806532,    -0.02344706666,       2.741197565
          0,           0,        4945,      -2.736914742,      -0.256806532,    -0.02344706666,       2.741197565
          0,           0,        4946,      -2.736914742,      -0.256806532,    -0.02344706666,       2.741197565
          0,           0,        4947,      -2.736914742,      -0.256806532,    -0.02344706666,       2.741197565
          0,           0,        4948,      -2.736914742,      -0.256806532,    -0.02344706666,       2.741197565
          0,           0,        4949,      -2.736914742,      -0.256806532,    -0.02344706666,       2.741197565
          0,           0,        4950,      -2.736914742,      -0.256806532,    -0.02344706666,       2.741197565
          0,           0,        4951,      -2.736914742,      -0.256806532,    -0.02344706666,       2.741197565
          0,           0,        4952,      -2.736914742,      -0.256806532,    -0.02344706666,       2.741197565
          0,           0,        4953,      -2.736914742,      -0.256806532,    -0.02344706666,       2.741197565
          0,           0,        4954,      -2.736914742,      -0.256806532,    -0.02344706666,       2.741197565
          0,           0,        4955,      -2.736914742,      -0.256806532,    -0.02344706666,       2.741197565
          0,           0,        4956,      -2.736914742,      -0.256806532,    -0.02344706666,       2.741197565
          0,           0,        4957,      -2.736914742,      -0.256806532,    -0.02344706666,       2.741197565
          0,           0,        4958,      -2.736914742,      -0.256806532,    -0.02344706666,       2.741197565
          0,           0,        4959,      -2.736914742,      -0.256806532,    -0.02344706666,       2.741197565
          0,           0,        4960,      -2.736914742,      -0.256806532,    -0.02344706666,       2.741197565
          0,           0,        4961,      -2.736914742,      -0.256806532,    -0.02344706666,       2.741197565
          0,           0,        4962,      -2.736914742,      -0.256806532,    -0.02344706666,       2.741197565
          0,           0,        4963,      -2.736914742,      -0.256806532,    -0.02344706666,       2.741197565
          0,           0,        4964,      -2.736914742,      -0.256806532,    -0.02344706666,       2.741197565
          0,           0,        4965,      -2.736914742,      -0.256806532,    -0.02344706666,       2.741197565
          0,           0,        4966,      -2.736914742,      -0.256806532,    -0.02344706666,       2.741197565
          0,           0,        4967,      -2.736914742,      -0.256806532,    -0.02344706666,       2.741197565
          0,           0,        4968,      -2.736914742,      -0.256806532,    -0.02344706666,       2.741197565
          0,           0,        4969,      -2.736914742,      -0.256806532,    -0.02344706666,       2.741197565
          0,           0,        4970,      -2.736914742,      -0.256806532,    -0.02344706666,       2.741197565
          0,           0,        4971,      -2.736914742,      -0.256806532,    -0.02344706666,       2.741197565
          0,           0,        4972,      -2.736914742,      -0.256806532,    -0.02344706666,       2.741197565
          0,           0,        4973,      -2.736914742,      -0.256806532,    -0.02344706666,       2.741197565
          0,           0,        4974,      -2.736914742,      -0.256806532,    -0.02344706666,       2.741197565
          0,           0,        4975,      -2.736914742,      -0.256806532,    -0.02344706666,       2.741197565
          0,           0,        4976,      -2.736914742,      -0.256806532,    -0.02344706666,       2.741197565
          0,           0,        4977,      -2.736914742,      -0.256806532,    -0.02344706666,       2.741197565
          0,           0,        4978,      -2.736914742,      -0.256806532,    -0.02344706666,       2.741197565
          0,           0,        4979,      -2.736914742,      -0.256806532,    -0.02344706666,       2.741197565
          0,           0,        4980,      -2.736914742,      -0.256806532,    -0.02344706666,       2.741197565
          0,           0,        4981,      -2.736914742,      -0.256806532,    -0.02344706666,       2.741197565
          0,           0,        4982,      -2.736914742,      -0.256806532,    -0.02344706666,       2.741197565
          0,           0,        4983,      -2.736914742,      -0.256806532,    -0.02344706666,       2.741197565
          0,           0,        4984,      -2.736914742,      -0.256806532,    -0.02344706666,       2.741197565
          0,           0,        4985,      -2.736914742,      -0.256806532,    -0.02344706666,       2.741197565
          0,           0,        4986,      -2.736914742,      -0.256806532,    -0.02344706666,       2.741197565
          0,           0,        4987,      -2.736914742,      -0.256806532,    -0.02344706666,       2.741197565
          0,           0,        4988,      -2.736914742,      -0.256806532,    -0.02344706666,       2.741197565
          0,           0,        4989,      -2.736914742,      -0.256806532,    -0.02344706666,       2.741197565
          0,           0,        4990,      -2.736914742,      -0.256806532,    -0.02344706666,       2.741197565
          0,           0,        4991,      -2.736914742,      -0.256806532,    -0.02344706666,       2.741197565
          0,           0,        4992,      -2.736914742,      -0.256806532,    -0.02344706666,       2.741197565
          0,           0,        4993,      -2.736914742,      -0.256806532,    -0.02344706666,       2.741197565
          0,           0,        4994,      -2.736914742,      -0.256806532,    -0.02344706666,       2.741197565
          0,           0,        4995,      -2.736914742,      -0.256806532,    -0.02344706666,       2.741197565
          0,           0,        4996,      -2.736914742,      -0.256806532,    -0.02344706666,       2.741197565
          0,           0,        4997,      -2.736914742,      -0.256806532,    -0.02344706666,       2.741197565
          0,           0,        4998,      -2.736914742,      -0.256806532,    -0.02344706666,       2.741197565
          0,           0,        4999,      -2.736914742,      -0.256806532,    -0.02344706666,       2.741197565
          0,           0,        5000,      -2.736914742,      -0.256806532,    -0.02344706666,       2.741197565
          0,           0,        5001,      -2.736914742,      -0.256806532,    -0.02344706666,       2.741197565
          0,           0,        5002,      -2.736914742,      -0.256806532,    -0.02344706666,       2.741197565
          0,           0,        5003,      -2.736914742,      -0.256806532,    -0.02344706666,       2.741197565
          0,           0,        5004,      -2.736914742,      -0.256806532,    -0.02344706666,       2.741197565
          0,           0,        5005,      -2.736914742,      -0.256806532,    -0.02344706666,       2.741197565
          0,           0,        5006,      -2.736914742,      -0.256806532,    -0.02344706666,       2.741197565
          0,           0,        5007,      -2.736914742,      -0.256806532,    -0.02344706666,       2.741197565
          0,           0,        5008,      -2.736914742,      -0.256806532,    -0.02344706666,       2.741197565
          0,           0,        5009,      -2.736914742,      -0.256806532,    -0.02344706666,       2.741197565
          0,           0,        5010,      -2.736914742,      -0.256806532,    -0.02344706666,       2.741197565
          0,           0,        5011,      -2.736914742,      -0.256806532,    -0.02344706666,       2.741197565
          0,           0,        5012,      -2.736914742,      -0.256806532,    -0.02344706666,       2.741197565
          0,           0,        5013,      -2.736914742,      -0.256806532,    -0.02344706666,       2.741197565
          0,           0,        5014,      -2.736914742,      -0.256806532,    -0.02344706666,       2.741197565
          0,           0,        5015,      -2.736914742,      -0.256806532,    -0.02344706666,       2.741197565
          0,           0,        5016,      -2.736914742,      -0.256806532,    -0.02344706666,       2.741197565
          0,           0,        5017,      -2.736914742,      -0.256806532,    -0.02344706666,       2.741197565
          0,           0,        5018,      -2.736914742,      -0.256806532,    -0.02344706666,       2.741197565
          0,           0,        5019,      -2.736914742,      -0.256806532,    -0.02344706666,       2.741197565
          0,           0,        5020,      -2.736914742,      -0.256806532,    -0.02344706666,       2.741197565
          0,           0,        5021,      -2.736914742,      -0.256806532,    -0.02344706666,       2.741197565
          0,           0,        5022,      -2.736914742,      -0.256806532,    -0.02344706666,       2.741197565
          0,           0,        5023,      -2.736914742,      -0.256806532,    -0.02344706666,       2.741197565
          0,           0,        5024,      -2.736914742,      -0.256806532,    -0.02344706666,       2.741197565
          0,           0,        5025,      -2.736914742,      -0.256806532,    -0.02344706666,       2.741197565
          0,           0,        5026,      -2.736914742,      -0.256806532,    -0.02344706666,       2.741197565
          0,           0,        5027,      -2.736914742,      -0.256806532,    -0.02344706666,       2.741197565
          0,           0,        5028,      -2.736914742,      -0.256806532,    -0.02344706666,       2.741197565
          0,           0,        5029,      -2.736914742,      -0.256806532,    -0.02344706666,       2.741197565
          0,           0,        5030,      -2.736914742,      -0.256806532,    -0.02344706666,       2.741197565
          0,           0,        5031,      -2.736914742,      -0.256806532,    -0.02344706666,       2.741197565
          0,           0,        5032,      -2.736914742,      -0.256806532,    -0.02344706666,       2.741197565
          0,           0,        5033,      -2.736914742,      -0.256806532,    -0.02344706666,       2.741197565
          0,           0,        5034,      -2.736914742,      -0.256806532,    -0.02344706666,       2.741197565
          0,           0,        5035,      -2.736914742,      -0.256806532,    -0.02344706666,       2.741197565
          0,           0,        5036,      -2.736914742,      -0.256806532,    -0.02344706666,       2.741197565
          0,           0,        5037,      -2.736914742,      -0.256806532,    -0.02344706666,       2.741197565
          0,           0,        5038,      -2.736914742,      -0.256806532,    -0.02344706666,       2.741197565
          0,           0,        5039,      -2.736914742,      -0.256806532,    -0.02344706666,       2.741197565
          0,           0,        5040,      -2.736914742,      -0.256806532,    -0.02344706666,       2.741197565
          0,           0,        5041,      -2.736914742,      -0.256806532,    -0.02344706666,       2.741197565
          0,           0,        5042,      -2.736914742,      -0.256806532,    -0.02344706666,       2.741197565
          0,           0,        5043,      -2.736914742,      -0.256806532,    -0.02344706666,       2.741197565
          0,           0,        5044,      -2.736914742,      -0.256806532,    -0.02344706666,       2.741197565
          0,           0,        5045,      -2.736914742,      -0.256806532,    -0.02344706666,       2.741197565
          0,           0,        5046,      -2.736914742,      -0.256806532,    -0.02344706666,       2.741197565
          0,           0,        5047,      -2.736914742,      -0.256806532,    -0.02344706666,       2.741197565
          0,           0,        5048,      -2.736914742,      -0.256806532,    -0.02344706666,       2.741197565
          0,           0,        5049,      -2.736914742,      -0.256806532,    -0.02344706666,       2.741197565
          0,           0,        5050,      -2.736914742,      -0.256806532,    -0.02344706666,       2.741197565
          0,           0,        5051,      -2.736914742,      -0.256806532,    -0.02344706666,       2.741197565
          0,           0,        5052,      -2.736914742,      -0.256806532,    -0.02344706666,       2.741197565
          0,           0,        5053,      -2.736914742,      -0.256806532,    -0.02344706666,       2.741197565
          0,           0,        5054,      -2.736914742,      -0.256806532,    -0.02344706666,       2.741197565
          0,           0,        5055,      -2.736914742,      -0.256806532,    -0.02344706666,       2.741197565
          0,           0,        5056,      -2.736914742,      -0.256806532,    -0.02344706666,       2.741197565
          0,           0,        5057,      -2.736914742,      -0.256806532,    -0.02344706666,       2.741197565
          0,           0,        5058,      -2.736914742,      -0.256806532,    -0.02344706666,       2.741197565
          0,           0,        5059,      -2.736914742,      -0.256806532,    -0.02344706666,       2.741197565
          0,           0,        5060,      -2.736914742,      -0.256806532,    -0.02344706666,       2.741197565
          0,           0,        5061,      -2.736914742,      -0.256806532,    -0.02344706666,       2.741197565
          0,           0,        5062,      -2.736914742,      -0.256806532,    -0.02344706666,       2.741197565
          0,           0,        5063,      -2.736914742,      -0.256806532,    -0.02344706666,       2.741197565
          0,           0,        5064,      -2.736914742,      -0.256806532,    -0.02344706666,       2.741197565
          0,           0,        5065,      -2.736914742,      -0.256806532,    -0.02344706666,       2.741197565
          0,           0,        5066,      -2.736914742,      -0.256806532,    -0.02344706666,       2.741197565
          0,           0,        5067,      -2.736914742,      -0.256806532,    -0.02344706666,       2.741197565
          0,           0,        5068,      -2.736914742,      -0.256806532,    -0.02344706666,       2.741197565
          0,           0,        5069,      -2.736914742,      -0.256806532,    -0.02344706666,       2.741197565
          0,           0,        5070,      -2.736914742,      -0.256806532,    -0.02344706666,       2.741197565
          0,           0,        5071,      -2.736914742,      -0.256806532,    -0.02344706666,       2.741197565
          0,           0,        5072,      -2.736914742,      -0.256806532,    -0.02344706666,       2.741197565
          0,           0,        5073,      -2.736914742,      -0.256806532,    -0.02344706666,       2.741197565
          0,           0,        5074,      -2.736914742,      -0.256806532,    -0.02344706666,       2.741197565
          0,           0,        5075,      -2.736914742,      -0.256806532,    -0.02344706666,       2.741197565
          0,           0,        5076,      -2.736914742,      -0.256806532,    -0.02344706666,       2.741197565
          0,           0,        5077,      -2.736914742,      -0.256806532,    -0.02344706666,       2.741197565
          0,           0,        5078,      -2.736914742,      -0.256806532,    -0.02344706666,       2.741197565
          0,           0,        5079,      -2.736914742,      -0.256806532,    -0.02344706666,       2.741197565
          0,           0,        5080,      -2.736914742,      -0.256806532,    -0.02344706666,       2.741197565
          0,           0,        5081,      -2.736914742,      -0.256806532,    -0.02344706666,       2.741197565
          0,           0,        5082,      -2.736914742,      -0.256806532,    -0.02344706666,       2.741197565
          0,           0,        5083,      -2.736914742,      -0.256806532,    -0.02344706666,       2.741197565
          0,           0,        5084,      -2.736914742,      -0.256806532,    -0.02344706666,       2.741197565
          0,           0,        5085,      -2.736914742,      -0.256806532,    -0.02344706666,       2.741197565
          0,           0,        5086,      -2.736914742,      -0.256806532,    -0.02344706666,       2.741197565
          0,           0,        5087,      -2.736914742,      -0.256806532,    -0.02344706666,       2.741197565
          0,           0,        5088,      -2.736914742,      -0.256806532,    -0.02344706666,       2.741197565
          0,           0,        5089,      -2.736914742,      -0.256806532,    -0.02344706666,       2.741197565
          0,           0,        5090,      -2.736914742,      -0.256806532,    -0.02344706666,       2.741197565
          0,           0,        5091,      -2.736914742,      -0.256806532,    -0.02344706666,       2.741197565
          0,           0,        5092,      -2.736914742,      -0.256806532,    -0.02344706666,       2.741197565
          0,           0,        5093,      -2.736914742,      -0.256806532,    -0.02344706666,       2.741197565
          0,           0,        5094,      -2.736914742,      -0.256806532,    -0.02344706666,       2.741197565
          0,           0,        5095,      -2.736914742,      -0.256806532,    -0.02344706666,       2.741197565
          0,           0,        5096,      -2.736914742,      -0.256806532,    -0.02344706666,       2.741197565
          0,           0,        5097,      -2.736914742,      -0.256806532,    -0.02344706666,       2.741197565
          0,           0,        5098,      -2.736914742,      -0.256806532,    -0.02344706666,       2.741197565
          0,           0,        5099,      -2.736914742,      -0.256806532,    -0.02344706666,       2.741197565
          0,           0,        5100,      -2.736914742,      -0.256806532,    -0.02344706666,       2.741197565
          0,           0,        5101,      -2.736914742,      -0.256806532,    -0.02344706666,       2.741197565
          0,           0,        5102,      -2.736914742,      -0.256806532,    -0.02344706666,       2.741197565
          0,           0,        5103,      -2.736914742,      -0.256806532,    -0.02344706666,       2.741197565
          0,           0,        5104,      -2.736914742,      -0.256806532,    -0.02344706666,       2.741197565
          0,           0,        5105,      -2.736914742,      -0.256806532,    -0.02344706666,       2.741197565
          0,           0,        5106,      -2.736914742,      -0.256806532,    -0.02344706666,       2.741197565
          0,           0,        5107,      -2.736914742,      -0.256806532,    -0.02344706666,       2.741197565
          0,           0,        5108,      -2.736914742,      -0.256806532,    -0.02344706666,       2.741197565
          0,           0,        5109,      -2.736914742,      -0.256806532,    -0.02344706666,       2.741197565
          0,           0,        5110,      -2.736914742,      -0.256806532,    -0.02344706666,       2.741197565
          0,           0,        5111,      -2.736914742,      -0.256806532,    -0.02344706666,       2.741197565
          0,           0,        5112,      -2.736914742,      -0.256806532,    -0.02344706666,       2.741197565
          0,           0,        5113,      -2.736914742,      -0.256806532,    -0.02344706666,       2.741197565
          0,           0,        5114,      -2.736914742,      -0.256806532,    -0.02344706666,       2.741197565
          0,           0,        5115,      -2.736914742,      -0.256806532,    -0.02344706666,       2.741197565
          0,           0,        5116,      -2.736914742,      -0.256806532,    -0.02344706666,       2.741197565
          0,           0,        5117,      -2.736914742,      -0.256806532,    -0.02344706666,       2.741197565
          0,           0,        5118,      -2.736914742,      -0.256806532,    -0.02344706666,       2.741197565
          0,           0,        5119,      -2.736914742,      -0.256806532,    -0.02344706666,       2.741197565
          0,           0,        5120,      -2.736914742,      -0.256806532,    -0.02344706666,       2.741197565
          0,           0,        5121,      -2.736914742,      -0.256806532,    -0.02344706666,       2.741197565
          0,           0,        5122,      -2.736914742,      -0.256806532,    -0.02344706666,       2.741197565
          0,           0,        5123,      -2.736914742,      -0.256806532,    -0.02344706666,       2.741197565
          0,           0,        5124,      -2.736914742,      -0.256806532,    -0.02344706666,       2.741197565
          0,           0,        5125,      -2.736914742,      -0.256806532,    -0.02344706666,       2.741197565
          0,           0,        5126,      -2.736914742,      -0.256806532,    -0.02344706666,       2.741197565
          0,           0,        5127,      -2.736914742,      -0.256806532,    -0.02344706666,       2.741197565
          0,           0,        5128,      -2.736914742,      -0.256806532,    -0.02344706666,       2.741197565
          0,           0,        5129,      -2.736914742,      -0.256806532,    -0.02344706666,       2.741197565
          0,           0,        5130,      -2.736914742,      -0.256806532,    -0.02344706666,       2.741197565
          0,           0,        5131,      -2.736914742,      -0.256806532,    -0.02344706666,       2.741197565
          0,           0,        5132,      -2.736914742,      -0.256806532,    -0.02344706666,       2.741197565
          0,           0,        5133,      -2.736914742,      -0.256806532,    -0.02344706666,       2.741197565
          0,           0,        5134,      -2.736914742,      -0.256806532,    -0.02344706666,       2.741197565
          0,           0,        5135,      -2.736914742,      -0.256806532,    -0.02344706666,       2.741197565
          0,           0,        5136,      -2.736914742,      -0.256806532,    -0.02344706666,       2.741197565
          0,           0,        5137,      -2.736914742,      -0.256806532,    -0.02344706666,       2.741197565
          0,           0,        5138,      -2.736914742,      -0.256806532,    -0.02344706666,       2.741197565
          0,           0,        5139,      -2.736914742,      -0.256806532,    -0.02344706666,       2.741197565
          0,           0,        5140,      -2.736914742,      -0.256806532,    -0.02344706666,       2.741197565
          0,           0,        5141,      -2.736914742,      -0.256806532,    -0.02344706666,       2.741197565
          0,           0,        5142,      -2.736914742,      -0.256806532,    -0.02344706666,       2.741197565
          0,           0,        5143,      -2.736914742,      -0.256806532,    -0.02344706666,       2.741197565
          0,           0,        5144,      -2.736914742,      -0.256806532,    -0.02344706666,       2.741197565
          0,           0,        5145,      -2.736914742,      -0.256806532,    -0.02344706666,       2.741197565
          0,           0,        5146,      -2.736914742,      -0.256806532,    -0.02344706666,       2.741197565
          0,           0,        5147,      -2.736914742,      -0.256806532,    -0.02344706666,       2.741197565
          0,           0,        5148,      -2.736914742,      -0.256806532,    -0.02344706666,       2.741197565
          0,           0,        5149,      -2.736914742,      -0.256806532,    -0.02344706666,       2.741197565
          0,           0,        5150,      -2.736914742,      -0.256806532,    -0.02344706666,       2.741197565
          0,           0,        5151,      -2.736914742,      -0.256806532,    -0.02344706666,       2.741197565
          0,           0,        5152,      -2.736914742,      -0.256806532,    -0.02344706666,       2.741197565
          0,           0,        5153,      -2.736914742,      -0.256806532,    -0.02344706666,       2.741197565
          0,           0,        5154,      -2.736914742,      -0.256806532,    -0.02344706666,       2.741197565
          0,           0,        5155,      -2.736914742,      -0.256806532,    -0.02344706666,       2.741197565
          0,           0,        5156,      -2.736914742,      -0.256806532,    -0.02344706666,       2.741197565
          0,           0,        5157,      -2.736914742,      -0.256806532,    -0.02344706666,       2.741197565
          0,           0,        5158,      -2.736914742,      -0.256806532,    -0.02344706666,       2.741197565
          0,           0,        5159,      -2.736914742,      -0.256806532,    -0.02344706666,       2.741197565
          0,           0,        5160,      -2.736914742,      -0.256806532,    -0.02344706666,       2.741197565
          0,           0,        5161,      -2.736914742,      -0.256806532,    -0.02344706666,       2.741197565
          0,           0,        5162,      -2.736914742,      -0.256806532,    -0.02344706666,       2.741197565
          0,           0,        5163,      -2.736914742,      -0.256806532,    -0.02344706666,       2.741197565
          0,           0,        5164,      -2.736914742,      -0.256806532,    -0.02344706666,       2.741197565
          0,           0,        5165,      -2.736914742,      -0.256806532,    -0.02344706666,       2.741197565
          0,           0,        5166,      -2.736914742,      -0.256806532,    -0.02344706666,       2.741197565
          0,           0,        5167,      -2.736914742,      -0.256806532,    -0.02344706666,       2.741197565
          0,           0,        5168,      -2.736914742,      -0.256806532,    -0.02344706666,       2.741197565
          0,           0,        5169,      -2.736914742,      -0.256806532,    -0.02344706666,       2.741197565
          0,           0,        5170,      -2.736914742,      -0.256806532,    -0.02344706666,       2.741197565
          0,           0,        5171,      -2.736914742,      -0.256806532,    -0.02344706666,       2.741197565
          0,           0,        5172,      -2.736914742,      -0.256806532,    -0.02344706666,       2.741197565
          0,           0,        5173,      -2.736914742,      -0.256806532,    -0.02344706666,       2.741197565
          0,           0,        5174,      -2.736914742,      -0.256806532,    -0.02344706666,       2.741197565
          0,           0,        5175,      -2.736914742,      -0.256806532,    -0.02344706666,       2.741197565
          0,           0,        5176,      -2.736914742,      -0.256806532,    -0.02344706666,       2.741197565
          0,           0,        5177,      -2.736914742,      -0.256806532,    -0.02344706666,       2.741197565
          0,           0,        5178,      -2.736914742,      -0.256806532,    -0.02344706666,       2.741197565
          0,           0,        5179,      -2.736914742,      -0.256806532,    -0.02344706666,       2.741197565
          0,           0,        5180,      -2.736914742,      -0.256806532,    -0.02344706666,       2.741197565
          0,           0,        5181,      -2.736914742,      -0.256806532,    -0.02344706666,       2.741197565
          0,           0,        5182,      -2.736914742,      -0.256806532,    -0.02344706666,       2.741197565
          0,           0,        5183,      -2.736914742,      -0.256806532,    -0.02344706666,       2.741197565
          0,           0,        5184,      -2.736914742,      -0.256806532,    -0.02344706666,       2.741197565
          0,           0,        5185,      -2.736914742,      -0.256806532,    -0.02344706666,       2.741197565
          0,           0,        5186,      -2.736914742,      -0.256806532,    -0.02344706666,       2.741197565
          0,           0,        5187,      -2.736914742,      -0.256806532,    -0.02344706666,       2.741197565
          0,           0,        5188,      -2.736914742,      -0.256806532,    -0.02344706666,       2.741197565
          0,           0,        5189,      -2.736914742,      -0.256806532,    -0.02344706666,       2.741197565
          0,           0,        5190,      -2.736914742,      -0.256806532,    -0.02344706666,       2.741197565
          0,           0,        5191,      -2.736914742,      -0.256806532,    -0.02344706666,       2.741197565
          0,           0,        5192,      -2.736914742,      -0.256806532,    -0.02344706666,       2.741197565
          0,           0,        5193,      -2.736914742,      -0.256806532,    -0.02344706666,       2.741197565
          0,           0,        5194,      -2.736914742,      -0.256806532,    -0.02344706666,       2.741197565
          0,           0,        5195,      -2.736914742,      -0.256806532,    -0.02344706666,       2.741197565
          0,           0,        5196,      -2.736914742,      -0.256806532,    -0.02344706666,       2.741197565
          0,           0,        5197,      -2.736914742,      -0.256806532,    -0.02344706666,       2.741197565
          0,           0,        5198,      -2.736914742,      -0.256806532,    -0.02344706666,       2.741197565
          0,           0,        5199,      -2.736914742,      -0.256806532,    -0.02344706666,       2.741197565
          0,           0,        5200,      -2.736914742,      -0.256806532,    -0.02344706666,       2.741197565
          0,           0,        5201,      -2.736914742,      -0.256806532,    -0.02344706666,       2.741197565
          0,           0,        5202,      -2.736914742,      -0.256806532,    -0.02344706666,       2.741197565
          0,           0,        5203,      -2.736914742,      -0.256806532,    -0.02344706666,       2.741197565
          0,           0,        5204,      -2.736914742,      -0.256806532,    -0.02344706666,       2.741197565
          0,           0,        5205,      -2.736914742,      -0.256806532,    -0.02344706666,       2.741197565
          0,           0,        5206,      -2.736914742,      -0.256806532,    -0.02344706666,       2.741197565
          0,           0,        5207,      -2.736914742,      -0.256806532,    -0.02344706666,       2.741197565
          0,           0,        5208,      -2.736914742,      -0.256806532,    -0.02344706666,       2.741197565
          0,           0,        5209,      -2.736914742,      -0.256806532,    -0.02344706666,       2.741197565
          0,           0,        5210,      -2.736914742,      -0.256806532,    -0.02344706666,       2.741197565
          0,           0,        5211,      -2.736914742,      -0.256806532,    -0.02344706666,       2.741197565
          0,           0,        5212,      -2.736914742,      -0.256806532,    -0.02344706666,       2.741197565
          0,           0,        5213,      -2.736914742,      -0.256806532,    -0.02344706666,       2.741197565
          0,           0,        5214,      -2.736914742,      -0.256806532,    -0.02344706666,       2.741197565
          0,           0,        5215,      -2.736914742,      -0.256806532,    -0.02344706666,       2.741197565
          0,           0,        5216,      -2.736914742,      -0.256806532,    -0.02344706666,       2.741197565
          0,           0,        5217,      -2.736914742,      -0.256806532,    -0.02344706666,       2.741197565
          0,           0,        5218,      -2.736914742,      -0.256806532,    -0.02344706666,       2.741197565
          0,           0,        5219,      -2.736914742,      -0.256806532,    -0.02344706666,       2.741197565
          0,           0,        5220,      -2.736914742,      -0.256806532,    -0.02344706666,       2.741197565
          0,           0,        5221,      -2.736914742,      -0.256806532,    -0.02344706666,       2.741197565
          0,           0,        5222,      -2.736914742,      -0.256806532,    -0.02344706666,       2.741197565
          0,           0,        5223,      -2.736914742,      -0.256806532,    -0.02344706666,       2.741197565
          0,           0,        5224,      -2.736914742,      -0.256806532,    -0.02344706666,       2.741197565
          0,           0,        5225,      -2.736914742,      -0.256806532,    -0.02344706666,       2.741197565
          0,           0,        5226,      -2.736914742,      -0.256806532,    -0.02344706666,       2.741197565
          0,           0,        5227,      -2.736914742,      -0.256806532,    -0.02344706666,       2.741197565
          0,           0,        5228,      -2.736914742,      -0.256806532,    -0.02344706666,       2.741197565
          0,           0,        5229,      -2.736914742,      -0.256806532,    -0.02344706666,       2.741197565
          0,           0,        5230,      -2.736914742,      -0.256806532,    -0.02344706666,       2.741197565
          0,           0,        5231,      -2.736914742,      -0.256806532,    -0.02344706666,       2.741197565
          0,           0,        5232,      -2.736914742,      -0.256806532,    -0.02344706666,       2.741197565
          0,           0,        5233,      -2.736914742,      -0.256806532,    -0.02344706666,       2.741197565
          0,           0,        5234,      -2.736914742,      -0.256806532,    -0.02344706666,       2.741197565
          0,           0,        5235,      -2.736914742,      -0.256806532,    -0.02344706666,       2.741197565
          0,           0,        5236,      -2.736914742,      -0.256806532,    -0.02344706666,       2.741197565
          0,           0,        5237,      -2.736914742,      -0.256806532,    -0.02344706666,       2.741197565
          0,           0,        5238,      -2.736914742,      -0.256806532,    -0.02344706666,       2.741197565
          0,           0,        5239,      -2.736914742,      -0.256806532,    -0.02344706666,       2.741197565
          0,           0,        5240,      -2.736914742,      -0.256806532,    -0.02344706666,       2.741197565
          0,           0,        5241,      -2.736914742,      -0.256806532,    -0.02344706666,       2.741197565
          0,           0,        5242,      -2.736914742,      -0.256806532,    -0.02344706666,       2.741197565
          0,           0,        5243,      -2.736914742,      -0.256806532,    -0.02344706666,       2.741197565
          0,           0,        5244,      -2.736914742,      -0.256806532,    -0.02344706666,       2.741197565
          0,           0,        5245,      -2.736914742,      -0.256806532,    -0.02344706666,       2.741197565
          0,           0,        5246,      -2.736914742,      -0.256806532,    -0.02344706666,       2.741197565
          0,           0,        5247,      -2.736914742,      -0.256806532,    -0.02344706666,       2.741197565
          0,           0,        5248,      -2.736914742,      -0.256806532,    -0.02344706666,       2.741197565
          0,           0,        5249,      -2.736914742,      -0.256806532,    -0.02344706666,       2.741197565
          0,           0,        5250,      -2.736914742,      -0.256806532,    -0.02344706666,       2.741197565
          0,           0,        5251,      -2.736914742,      -0.256806532,    -0.02344706666,       2.741197565
          0,           0,        5252,      -2.736914742,      -0.256806532,    -0.02344706666,       2.741197565
          0,           0,        5253,      -2.736914742,      -0.256806532,    -0.02344706666,       2.741197565
          0,           0,        5254,      -2.736914742,      -0.256806532,    -0.02344706666,       2.741197565
          0,           0,        5255,      -2.736914742,      -0.256806532,    -0.02344706666,       2.741197565
          0,           0,        5256,      -2.736914742,      -0.256806532,    -0.02344706666,       2.741197565
          0,           0,        5257,      -2.736914742,      -0.256806532,    -0.02344706666,       2.741197565
          0,           0,        5258,      -2.736914742,      -0.256806532,    -0.02344706666,       2.741197565
          0,           0,        5259,      -2.736914742,      -0.256806532,    -0.02344706666,       2.741197565
          0,           0,        5260,      -2.736914742,      -0.256806532,    -0.02344706666,       2.741197565
          0,           0,        5261,      -2.736914742,      -0.256806532,    -0.02344706666,       2.741197565
          0,           0,        5262,      -2.736914742,      -0.256806532,    -0.02344706666,       2.741197565
          0,           0,        5263,      -2.736914742,      -0.256806532,    -0.02344706666,       2.741197565
          0,           0,        5264,      -2.736914742,      -0.256806532,    -0.02344706666,       2.741197565
          0,           0,        5265,      -2.736914742,      -0.256806532,    -0.02344706666,       2.741197565
          0,           0,        5266,      -2.736914742,      -0.256806532,    -0.02344706666,       2.741197565
          0,           0,        5267,      -2.736914742,      -0.256806532,    -0.02344706666,       2.741197565
          0,           0,        5268,      -2.736914742,      -0.256806532,    -0.02344706666,       2.741197565
          0,           0,        5269,      -2.736914742,      -0.256806532,    -0.02344706666,       2.741197565
          0,           0,        5270,      -2.736914742,      -0.256806532,    -0.02344706666,       2.741197565
          0,           0,        5271,      -2.736914742,      -0.256806532,    -0.02344706666,       2.741197565
          0,           0,        5272,      -2.736914742,      -0.256806532,    -0.02344706666,       2.741197565
          0,           0,        5273,      -2.736914742,      -0.256806532,    -0.02344706666,       2.741197565
          0,           0,        5274,      -2.736914742,      -0.256806532,    -0.02344706666,       2.741197565
          0,           0,        5275,      -2.736914742,      -0.256806532,    -0.02344706666,       2.741197565
          0,           0,        5276,      -2.736914742,      -0.256806532,    -0.02344706666,       2.741197565
          0,           0,        5277,      -2.736914742,      -0.256806532,    -0.02344706666,       2.741197565
          0,           0,        5278,      -2.736914742,      -0.256806532,    -0.02344706666,       2.741197565
          0,           0,        5279,      -2.736914742,      -0.256806532,    -0.02344706666,       2.741197565
          0,           0,        5280,      -2.736914742,      -0.256806532,    -0.02344706666,       2.741197565
          0,           0,        5281,      -2.736914742,      -0.256806532,    -0.02344706666,       2.741197565
          0,           0,        5282,      -2.736914742,      -0.256806532,    -0.02344706666,       2.741197565
          0,           0,        5283,      -2.736914742,      -0.256806532,    -0.02344706666,       2.741197565
          0,           0,        5284,      -2.736914742,      -0.256806532,    -0.02344706666,       2.741197565
          0,           0,        5285,      -2.736914742,      -0.256806532,    -0.02344706666,       2.741197565
          0,           0,        5286,      -2.736914742,      -0.256806532,    -0.02344706666,       2.741197565
          0,           0,        5287,      -2.736914742,      -0.256806532,    -0.02344706666,       2.741197565
          0,           0,        5288,      -2.736914742,      -0.256806532,    -0.02344706666,       2.741197565
          0,           0,        5289,      -2.736914742,      -0.256806532,    -0.02344706666,       2.741197565
          0,           0,        5290,      -2.736914742,      -0.256806532,    -0.02344706666,       2.741197565
          0,           0,        5291,      -2.736914742,      -0.256806532,    -0.02344706666,       2.741197565
          0,           0,        5292,      -2.736914742,      -0.256806532,    -0.02344706666,       2.741197565
          0,           0,        5293,      -2.736914742,      -0.256806532,    -0.02344706666,       2.741197565
          0,           0,        5294,      -2.736914742,      -0.256806532,    -0.02344706666,       2.741197565
          0,           0,        5295,      -2.736914742,      -0.256806532,    -0.02344706666,       2.741197565
          0,           0,        5296,      -2.736914742,      -0.256806532,    -0.02344706666,       2.741197565
          0,           0,        5297,      -2.736914742,      -0.256806532,    -0.02344706666,       2.741197565
          0,           0,        5298,      -2.736914742,      -0.256806532,    -0.02344706666,       2.741197565
          0,           0,        5299,      -2.736914742,      -0.256806532,    -0.02344706666,       2.741197565
          0,           0,        5300,      -2.736914742,      -0.256806532,    -0.02344706666,       2.741197565
          0,           0,        5301,      -2.736914742,      -0.256806532,    -0.02344706666,       2.741197565
          0,           0,        5302,      -2.736914742,      -0.256806532,    -0.02344706666,       2.741197565
          0,           0,        5303,      -2.736914742,      -0.256806532,    -0.02344706666,       2.741197565
          0,           0,        5304,      -2.736914742,      -0.256806532,    -0.02344706666,       2.741197565
          0,           0,        5305,      -2.736914742,      -0.256806532,    -0.02344706666,       2.741197565
          0,           0,        5306,      -2.736914742,      -0.256806532,    -0.02344706666,       2.741197565
          0,           0,        5307,      -2.736914742,      -0.256806532,    -0.02344706666,       2.741197565
          0,           0,        5308,      -2.736914742,      -0.256806532,    -0.02344706666,       2.741197565
          0,           0,        5309,      -2.736914742,      -0.256806532,    -0.02344706666,       2.741197565
          0,           0,        5310,      -2.736914742,      -0.256806532,    -0.02344706666,       2.741197565
          0,           0,        5311,      -2.736914742,      -0.256806532,    -0.02344706666,       2.741197565
          0,           0,        5312,      -2.736914742,      -0.256806532,    -0.02344706666,       2.741197565
          0,           0,        5313,      -2.736914742,      -0.256806532,    -0.02344706666,       2.741197565
          0,           0,        5314,      -2.736914742,      -0.256806532,    -0.02344706666,       2.741197565
          0,           0,        5315,      -2.736914742,      -0.256806532,    -0.02344706666,       2.741197565
          0,           0,        5316,      -2.736914742,      -0.256806532,    -0.02344706666,       2.741197565
          0,           0,        5317,      -2.736914742,      -0.256806532,    -0.02344706666,       2.741197565
          0,           0,        5318,      -2.736914742,      -0.256806532,    -0.02344706666,       2.741197565
          0,           0,        5319,      -2.736914742,      -0.256806532,    -0.02344706666,       2.741197565
          0,           0,        5320,      -2.736914742,      -0.256806532,    -0.02344706666,       2.741197565
          0,           0,        5321,      -2.736914742,      -0.256806532,    -0.02344706666,       2.741197565
          0,           0,        5322,      -2.736914742,      -0.256806532,    -0.02344706666,       2.741197565
          0,           0,        5323,      -2.736914742,      -0.256806532,    -0.02344706666,       2.741197565
          0,           0,        5324,      -2.736914742,      -0.256806532,    -0.02344706666,       2.741197565
          0,           0,        5325,      -2.736914742,      -0.256806532,    -0.02344706666,       2.741197565
          0,           0,        5326,      -2.736914742,      -0.256806532,    -0.02344706666,       2.741197565
          0,           0,        5327,      -2.736914742,      -0.256806532,    -0.02344706666,       2.741197565
          0,           0,        5328,      -2.736914742,      -0.256806532,    -0.02344706666,       2.741197565
          0,           0,        5329,      -2.736914742,      -0.256806532,    -0.02344706666,       2.741197565
          0,           0,        5330,      -2.736914742,      -0.256806532,    -0.02344706666,       2.741197565
          0,           0,        5331,      -2.736914742,      -0.256806532,    -0.02344706666,       2.741197565
          0,           0,        5332,      -2.736914742,      -0.256806532,    -0.02344706666,       2.741197565
          0,           0,        5333,      -2.736914742,      -0.256806532,    -0.02344706666,       2.741197565
          0,           0,        5334,      -2.736914742,      -0.256806532,    -0.02344706666,       2.741197565
          0,           0,        5335,      -2.736914742,      -0.256806532,    -0.02344706666,       2.741197565
          0,           0,        5336,      -2.736914742,      -0.256806532,    -0.02344706666,       2.741197565
          0,           0,        5337,      -2.736914742,      -0.256806532,    -0.02344706666,       2.741197565
          0,           0,        5338,      -2.736914742,      -0.256806532,    -0.02344706666,       2.741197565
          0,           0,        5339,      -2.736914742,      -0.256806532,    -0.02344706666,       2.741197565
          0,           0,        5340,      -2.736914742,      -0.256806532,    -0.02344706666,       2.741197565
          0,           0,        5341,      -2.736914742,      -0.256806532,    -0.02344706666,       2.741197565
          0,           0,        5342,      -2.736914742,      -0.256806532,    -0.02344706666,       2.741197565
          0,           0,        5343,      -2.736914742,      -0.256806532,    -0.02344706666,       2.741197565
          0,           0,        5344,      -2.736914742,      -0.256806532,    -0.02344706666,       2.741197565
          0,           0,        5345,      -2.736914742,      -0.256806532,    -0.02344706666,       2.741197565
          0,           0,        5346,      -2.736914742,      -0.256806532,    -0.02344706666,       2.741197565
          0,           0,        5347,      -2.736914742,      -0.256806532,    -0.02344706666,       2.741197565
          0,           0,        5348,      -2.736914742,      -0.256806532,    -0.02344706666,       2.741197565
          0,           0,        5349,      -2.736914742,      -0.256806532,    -0.02344706666,       2.741197565
          0,           0,        5350,      -2.736914742,      -0.256806532,    -0.02344706666,       2.741197565
          0,           0,        5351,      -2.736914742,      -0.256806532,    -0.02344706666,       2.741197565
          0,           0,        5352,      -2.736914742,      -0.256806532,    -0.02344706666,       2.741197565
          0,           0,        5353,      -2.736914742,      -0.256806532,    -0.02344706666,       2.741197565
          0,           0,        5354,      -2.736914742,      -0.256806532,    -0.02344706666,       2.741197565
          0,           0,        5355,      -2.736914742,      -0.256806532,    -0.02344706666,       2.741197565
          0,           0,        5356,      -2.736914742,      -0.256806532,    -0.02344706666,       2.741197565
          0,           0,        5357,      -2.736914742,      -0.256806532,    -0.02344706666,       2.741197565
          0,           0,        5358,      -2.736914742,      -0.256806532,    -0.02344706666,       2.741197565
          0,           0,        5359,      -2.736914742,      -0.256806532,    -0.02344706666,       2.741197565
          0,           0,        5360,      -2.736914742,      -0.256806532,    -0.02344706666,       2.741197565
          0,           0,        5361,      -2.736914742,      -0.256806532,    -0.02344706666,       2.741197565
          0,           0,        5362,      -2.736914742,      -0.256806532,    -0.02344706666,       2.741197565
          0,           0,        5363,      -2.736914742,      -0.256806532,    -0.02344706666,       2.741197565
          0,           0,        5364,      -2.736914742,      -0.256806532,    -0.02344706666,       2.741197565
          0,           0,        5365,      -2.736914742,      -0.256806532,    -0.02344706666,       2.741197565
          0,           0,        5366,      -2.736914742,      -0.256806532,    -0.02344706666,       2.741197565
          0,           0,        5367,      -2.736914742,      -0.256806532,    -0.02344706666,       2.741197565
          0,           0,        5368,      -2.736914742,      -0.256806532,    -0.02344706666,       2.741197565
          0,           0,        5369,      -2.736914742,      -0.256806532,    -0.02344706666,       2.741197565
          0,           0,        5370,      -2.736914742,      -0.256806532,    -0.02344706666,       2.741197565
          0,           0,        5371,      -2.736914742,      -0.256806532,    -0.02344706666,       2.741197565
          0,           0,        5372,      -2.736914742,      -0.256806532,    -0.02344706666,       2.741197565
          0,           0,        5373,      -2.736914742,      -0.256806532,    -0.02344706666,       2.741197565
          0,           0,        5374,      -2.736914742,      -0.256806532,    -0.02344706666,       2.741197565
          0,           0,        5375,      -2.736914742,      -0.256806532,    -0.02344706666,       2.741197565
          0,           0,        5376,      -2.736914742,      -0.256806532,    -0.02344706666,       2.741197565
          0,           0,        5377,      -2.736914742,      -0.256806532,    -0.02344706666,       2.741197565
          0,           0,        5378,      -2.736914742,      -0.256806532,    -0.02344706666,       2.741197565
          0,           0,        5379,      -2.736914742,      -0.256806532,    -0.02344706666,       2.741197565
          0,           0,        5380,      -2.736914742,      -0.256806532,    -0.02344706666,       2.741197565
          0,           0,        5381,      -2.736914742,      -0.256806532,    -0.02344706666,       2.741197565
          0,           0,        5382,      -2.736914742,      -0.256806532,    -0.02344706666,       2.741197565
          0,           0,        5383,      -2.736914742,      -0.256806532,    -0.02344706666,       2.741197565
          0,           0,        5384,      -2.736914742,      -0.256806532,    -0.02344706666,       2.741197565
          0,           0,        5385,      -2.736914742,      -0.256806532,    -0.02344706666,       2.741197565
          0,           0,        5386,      -2.736914742,      -0.256806532,    -0.02344706666,       2.741197565
          0,           0,        5387,      -2.736914742,      -0.256806532,    -0.02344706666,       2.741197565
          0,           0,        5388,      -2.736914742,      -0.256806532,    -0.02344706666,       2.741197565
          0,           0,        5389,      -2.736914742,      -0.256806532,    -0.02344706666,       2.741197565
          0,           0,        5390,      -2.736914742,      -0.256806532,    -0.02344706666,       2.741197565
          0,           0,        5391,      -2.736914742,      -0.256806532,    -0.02344706666,       2.741197565
          0,           0,        5392,      -2.736914742,      -0.256806532,    -0.02344706666,       2.741197565
          0,           0,        5393,      -2.736914742,      -0.256806532,    -0.02344706666,       2.741197565
          0,           0,        5394,      -2.736914742,      -0.256806532,    -0.02344706666,       2.741197565
          0,           0,        5395,      -2.736914742,      -0.256806532,    -0.02344706666,       2.741197565
          0,           0,        5396,      -2.736914742,      -0.256806532,    -0.02344706666,       2.741197565
          0,           0,        5397,      -2.736914742,      -0.256806532,    -0.02344706666,       2.741197565
          0,           0,        5398,      -2.736914742,      -0.256806532,    -0.02344706666,       2.741197565
          0,           0,        5399,      -2.736914742,      -0.256806532,    -0.02344706666,       2.741197565
          0,           0,        5400,      -2.736914742,      -0.256806532,    -0.02344706666,       2.741197565
          0,           0,        5401,      -2.736914742,      -0.256806532,    -0.02344706666,       2.741197565
          0,           0,        5402,      -2.736914742,      -0.256806532,    -0.02344706666,       2.741197565
          0,           0,        5403,      -2.736914742,      -0.256806532,    -0.02344706666,       2.741197565
          0,           0,        5404,      -2.736914742,      -0.256806532,    -0.02344706666,       2.741197565
          0,           0,        5405,      -2.736914742,      -0.256806532,    -0.02344706666,       2.741197565
          0,           0,        5406,      -2.736914742,      -0.256806532,    -0.02344706666,       2.741197565
          0,           0,        5407,      -2.736914742,      -0.256806532,    -0.02344706666,       2.741197565
          0,           0,        5408,      -2.736914742,      -0.256806532,    -0.02344706666,       2.741197565
          0,           0,        5409,      -2.736914742,      -0.256806532,    -0.02344706666,       2.741197565
          0,           0,        5410,      -2.736914742,      -0.256806532,    -0.02344706666,       2.741197565
          0,           0,        5411,      -2.736914742,      -0.256806532,    -0.02344706666,       2.741197565
          0,           0,        5412,      -2.736914742,      -0.256806532,    -0.02344706666,       2.741197565
          0,           0,        5413,      -2.736914742,      -0.256806532,    -0.02344706666,       2.741197565
          0,           0,        5414,      -2.736914742,      -0.256806532,    -0.02344706666,       2.741197565
          0,           0,        5415,      -2.736914742,      -0.256806532,    -0.02344706666,       2.741197565
          0,           0,        5416,      -2.736914742,      -0.256806532,    -0.02344706666,       2.741197565
          0,           0,        5417,      -2.736914742,      -0.256806532,    -0.02344706666,       2.741197565
          0,           0,        5418,      -2.736914742,      -0.256806532,    -0.02344706666,       2.741197565
          0,           0,        5419,      -2.736914742,      -0.256806532,    -0.02344706666,       2.741197565
          0,           0,        5420,      -2.736914742,      -0.256806532,    -0.02344706666,       2.741197565
          0,           0,        5421,      -2.736914742,      -0.256806532,    -0.02344706666,       2.741197565
          0,           0,        5422,      -2.736914742,      -0.256806532,    -0.02344706666,       2.741197565
          0,           0,        5423,      -2.736914742,      -0.256806532,    -0.02344706666,       2.741197565
          0,           0,        5424,      -2.736914742,      -0.256806532,    -0.02344706666,       2.741197565
          0,           0,        5425,      -2.736914742,      -0.256806532,    -0.02344706666,       2.741197565
          0,           0,        5426,      -2.736914742,      -0.256806532,    -0.02344706666,       2.741197565
          0,           0,        5427,      -2.736914742,      -0.256806532,    -0.02344706666,       2.741197565
          0,           0,        5428,      -2.736914742,      -0.256806532,    -0.02344706666,       2.741197565
          0,           0,        5429,      -2.736914742,      -0.256806532,    -0.02344706666,       2.741197565
          0,           0,        5430,      -2.736914742,      -0.256806532,    -0.02344706666,       2.741197565
          0,           0,        5431,      -2.736914742,      -0.256806532,    -0.02344706666,       2.741197565
          0,           0,        5432,      -2.736914742,      -0.256806532,    -0.02344706666,       2.741197565
          0,           0,        5433,      -2.736914742,      -0.256806532,    -0.02344706666,       2.741197565
          0,           0,        5434,      -2.736914742,      -0.256806532,    -0.02344706666,       2.741197565
          0,           0,        5435,      -2.736914742,      -0.256806532,    -0.02344706666,       2.741197565
          0,           0,        5436,      -2.736914742,      -0.256806532,    -0.02344706666,       2.741197565
          0,           0,        5437,      -2.736914742,      -0.256806532,    -0.02344706666,       2.741197565
          0,           0,        5438,      -2.736914742,      -0.256806532,    -0.02344706666,       2.741197565
          0,           0,        5439,      -2.736914742,      -0.256806532,    -0.02344706666,       2.741197565
          0,           0,        5440,      -2.736914742,      -0.256806532,    -0.02344706666,       2.741197565
          0,           0,        5441,      -2.736914742,      -0.256806532,    -0.02344706666,       2.741197565
          0,           0,        5442,      -2.736914742,      -0.256806532,    -0.02344706666,       2.741197565
          0,           0,        5443,      -2.736914742,      -0.256806532,    -0.02344706666,       2.741197565
          0,           0,        5444,      -2.736914742,      -0.256806532,    -0.02344706666,       2.741197565
          0,           0,        5445,      -2.736914742,      -0.256806532,    -0.02344706666,       2.741197565
          0,           0,        5446,      -2.736914742,      -0.256806532,    -0.02344706666,       2.741197565
          0,           0,        5447,      -2.736914742,      -0.256806532,    -0.02344706666,       2.741197565
          0,           0,        5448,      -2.736914742,      -0.256806532,    -0.02344706666,       2.741197565
          0,           0,        5449,      -2.736914742,      -0.256806532,    -0.02344706666,       2.741197565
          0,           0,        5450,      -2.736914742,      -0.256806532,    -0.02344706666,       2.741197565
          0,           0,        5451,      -2.736914742,      -0.256806532,    -0.02344706666,       2.741197565
          0,           0,        5452,      -2.736914742,      -0.256806532,    -0.02344706666,       2.741197565
          0,           0,        5453,      -2.736914742,      -0.256806532,    -0.02344706666,       2.741197565
          0,           0,        5454,      -2.736914742,      -0.256806532,    -0.02344706666,       2.741197565
          0,           0,        5455,      -2.736914742,      -0.256806532,    -0.02344706666,       2.741197565
          0,           0,        5456,      -2.736914742,      -0.256806532,    -0.02344706666,       2.741197565
          0,           0,        5457,      -2.736914742,      -0.256806532,    -0.02344706666,       2.741197565
          0,           0,        5458,      -2.736914742,      -0.256806532,    -0.02344706666,       2.741197565
          0,           0,        5459,      -2.736914742,      -0.256806532,    -0.02344706666,       2.741197565
          0,           0,        5460,      -2.736914742,      -0.256806532,    -0.02344706666,       2.741197565
          0,           0,        5461,      -2.736914742,      -0.256806532,    -0.02344706666,       2.741197565
          0,           0,        5462,      -2.736914742,      -0.256806532,    -0.02344706666,       2.741197565
          0,           0,        5463,      -2.736914742,      -0.256806532,    -0.02344706666,       2.741197565
          0,           0,        5464,      -2.736914742,      -0.256806532,    -0.02344706666,       2.741197565
          0,           0,        5465,      -2.736914742,      -0.256806532,    -0.02344706666,       2.741197565
          0,           0,        5466,      -2.736914742,      -0.256806532,    -0.02344706666,       2.741197565
          0,           0,        5467,      -2.736914742,      -0.256806532,    -0.02344706666,       2.741197565
          0,           0,        5468,      -2.736914742,      -0.256806532,    -0.02344706666,       2.741197565
          0,           0,        5469,      -2.736914742,      -0.256806532,    -0.02344706666,       2.741197565
          0,           0,        5470,      -2.736914742,      -0.256806532,    -0.02344706666,       2.741197565
          0,           0,        5471,      -2.736914742,      -0.256806532,    -0.02344706666,       2.741197565
          0,           0,        5472,      -2.736914742,      -0.256806532,    -0.02344706666,       2.741197565
          0,           0,        5473,      -2.736914742,      -0.256806532,    -0.02344706666,       2.741197565
          0,           0,        5474,      -2.736914742,      -0.256806532,    -0.02344706666,       2.741197565
          0,           0,        5475,      -2.736914742,      -0.256806532,    -0.02344706666,       2.741197565
          0,           0,        5476,      -2.736914742,      -0.256806532,    -0.02344706666,       2.741197565
          0,           0,        5477,      -2.736914742,      -0.256806532,    -0.02344706666,       2.741197565
          0,           0,        5478,      -2.736914742,      -0.256806532,    -0.02344706666,       2.741197565
          0,           0,        5479,      -2.736914742,      -0.256806532,    -0.02344706666,       2.741197565
          0,           0,        5480,      -2.736914742,      -0.256806532,    -0.02344706666,       2.741197565
          0,           0,        5481,      -2.736914742,      -0.256806532,    -0.02344706666,       2.741197565
          0,           0,        5482,      -2.736914742,      -0.256806532,    -0.02344706666,       2.741197565
          0,           0,        5483,      -2.736914742,      -0.256806532,    -0.02344706666,       2.741197565
          0,           0,        5484,      -2.736914742,      -0.256806532,    -0.02344706666,       2.741197565
          0,           0,        5485,      -2.736914742,      -0.256806532,    -0.02344706666,       2.741197565
          0,           0,        5486,      -2.736914742,      -0.256806532,    -0.02344706666,       2.741197565
          0,           0,        5487,      -2.736914742,      -0.256806532,    -0.02344706666,       2.741197565
          0,           0,        5488,      -2.736914742,      -0.256806532,    -0.02344706666,       2.741197565
          0,           0,        5489,      -2.736914742,      -0.256806532,    -0.02344706666,       2.741197565
          0,           0,        5490,      -2.736914742,      -0.256806532,    -0.02344706666,       2.741197565
          0,           0,        5491,      -2.736914742,      -0.256806532,    -0.02344706666,       2.741197565
          0,           0,        5492,      -2.736914742,      -0.256806532,    -0.02344706666,       2.741197565
          0,           0,        5493,      -2.736914742,      -0.256806532,    -0.02344706666,       2.741197565
          0,           0,        5494,      -2.736914742,      -0.256806532,    -0.02344706666,       2.741197565
          0,           0,        5495,      -2.736914742,      -0.256806532,    -0.02344706666,       2.741197565
          0,           0,        5496,      -2.736914742,      -0.256806532,    -0.02344706666,       2.741197565
          0,           0,        5497,      -2.736914742,      -0.256806532,    -0.02344706666,       2.741197565
          0,           0,        5498,      -2.736914742,      -0.256806532,    -0.02344706666,       2.741197565
          0,           0,        5499,      -2.736914742,      -0.256806532,    -0.02344706666,       2.741197565
          0,           0,        5500,      -2.736914742,      -0.256806532,    -0.02344706666,       2.741197565
          0,           0,        5501,      -2.736914742,      -0.256806532,    -0.02344706666,       2.741197565
          0,           0,        5502,      -2.736914742,      -0.256806532,    -0.02344706666,       2.741197565
          0,           0,        5503,      -2.736914742,      -0.256806532,    -0.02344706666,       2.741197565
          0,           0,        5504,      -2.736914742,      -0.256806532,    -0.02344706666,       2.741197565
          0,           0,        5505,      -2.736914742,      -0.256806532,    -0.02344706666,       2.741197565
          0,           0,        5506,      -2.736914742,      -0.256806532,    -0.02344706666,       2.741197565
          0,           0,        5507,      -2.736914742,      -0.256806532,    -0.02344706666,       2.741197565
          0,           0,        5508,      -2.736914742,      -0.256806532,    -0.02344706666,       2.741197565
          0,           0,        5509,      -2.736914742,      -0.256806532,    -0.02344706666,       2.741197565
          0,           0,        5510,      -2.736914742,      -0.256806532,    -0.02344706666,       2.741197565
          0,           0,        5511,      -2.736914742,      -0.256806532,    -0.02344706666,       2.741197565
          0,           0,        5512,      -2.736914742,      -0.256806532,    -0.02344706666,       2.741197565
          0,           0,        5513,      -2.736914742,      -0.256806532,    -0.02344706666,       2.741197565
          0,           0,        5514,      -2.736914742,      -0.256806532,    -0.02344706666,       2.741197565
          0,           0,        5515,      -2.736914742,      -0.256806532,    -0.02344706666,       2.741197565
          0,           0,        5516,      -2.736914742,      -0.256806532,    -0.02344706666,       2.741197565
          0,           0,        5517,      -2.736914742,      -0.256806532,    -0.02344706666,       2.741197565
          0,           0,        5518,      -2.736914742,      -0.256806532,    -0.02344706666,       2.741197565
          0,           0,        5519,      -2.736914742,      -0.256806532,    -0.02344706666,       2.741197565
          0,           0,        5520,      -2.736914742,      -0.256806532,    -0.02344706666,       2.741197565
          0,           0,        5521,      -2.736914742,      -0.256806532,    -0.02344706666,       2.741197565
          0,           0,        5522,      -2.736914742,      -0.256806532,    -0.02344706666,       2.741197565
          0,           0,        5523,      -2.736914742,      -0.256806532,    -0.02344706666,       2.741197565
          0,           0,        5524,      -2.736914742,      -0.256806532,    -0.02344706666,       2.741197565
          0,           0,        5525,      -2.736914742,      -0.256806532,    -0.02344706666,       2.741197565
          0,           0,        5526,      -2.736914742,      -0.256806532,    -0.02344706666,       2.741197565
          0,           0,        5527,      -2.736914742,      -0.256806532,    -0.02344706666,       2.741197565
          0,           0,        5528,      -2.736914742,      -0.256806532,    -0.02344706666,       2.741197565
          0,           0,        5529,      -2.736914742,      -0.256806532,    -0.02344706666,       2.741197565
          0,           0,        5530,      -2.736914742,      -0.256806532,    -0.02344706666,       2.741197565
          0,           0,        5531,      -2.736914742,      -0.256806532,    -0.02344706666,       2.741197565
          0,           0,        5532,      -2.736914742,      -0.256806532,    -0.02344706666,       2.741197565
          0,           0,        5533,      -2.736914742,      -0.256806532,    -0.02344706666,       2.741197565
          0,           0,        5534,      -2.736914742,      -0.256806532,    -0.02344706666,       2.741197565
          0,           0,        5535,      -2.736914742,      -0.256806532,    -0.02344706666,       2.741197565
          0,           0,        5536,      -2.736914742,      -0.256806532,    -0.02344706666,       2.741197565
          0,           0,        5537,      -2.736914742,      -0.256806532,    -0.02344706666,       2.741197565
          0,           0,        5538,      -2.736914742,      -0.256806532,    -0.02344706666,       2.741197565
          0,           0,        5539,      -2.736914742,      -0.256806532,    -0.02344706666,       2.741197565
          0,           0,        5540,      -2.736914742,      -0.256806532,    -0.02344706666,       2.741197565
          0,           0,        5541,      -2.736914742,      -0.256806532,    -0.02344706666,       2.741197565
          0,           0,        5542,      -2.736914742,      -0.256806532,    -0.02344706666,       2.741197565
          0,           0,        5543,      -2.736914742,      -0.256806532,    -0.02344706666,       2.741197565
          0,           0,        5544,      -2.736914742,      -0.256806532,    -0.02344706666,       2.741197565
          0,           0,        5545,      -2.736914742,      -0.256806532,    -0.02344706666,       2.741197565
          0,           0,        5546,      -2.736914742,      -0.256806532,    -0.02344706666,       2.741197565
          0,           0,        5547,      -2.736914742,      -0.256806532,    -0.02344706666,       2.741197565
          0,           0,        5548,      -2.736914742,      -0.256806532,    -0.02344706666,       2.741197565
          0,           0,        5549,      -2.736914742,      -0.256806532,    -0.02344706666,       2.741197565
          0,           0,        5550,      -2.736914742,      -0.256806532,    -0.02344706666,       2.741197565
          0,           0,        5551,      -2.736914742,      -0.256806532,    -0.02344706666,       2.741197565
          0,           0,        5552,      -2.736914742,      -0.256806532,    -0.02344706666,       2.741197565
          0,           0,        5553,      -2.736914742,      -0.256806532,    -0.02344706666,       2.741197565
          0,           0,        5554,      -2.736914742,      -0.256806532,    -0.02344706666,       2.741197565
          0,           0,        5555,      -2.736914742,      -0.256806532,    -0.02344706666,       2.741197565
          0,           0,        5556,      -2.736914742,      -0.256806532,    -0.02344706666,       2.741197565
          0,           0,        5557,      -2.736914742,      -0.256806532,    -0.02344706666,       2.741197565
          0,           0,        5558,      -2.736914742,      -0.256806532,    -0.02344706666,       2.741197565
          0,           0,        5559,      -2.736914742,      -0.256806532,    -0.02344706666,       2.741197565
          0,           0,        5560,      -2.736914742,      -0.256806532,    -0.02344706666,       2.741197565
          0,           0,        5561,      -2.736914742,      -0.256806532,    -0.02344706666,       2.741197565
          0,           0,        5562,      -2.736914742,      -0.256806532,    -0.02344706666,       2.741197565
          0,           0,        5563,      -2.736914742,      -0.256806532,    -0.02344706666,       2.741197565
          0,           0,        5564,      -2.736914742,      -0.256806532,    -0.02344706666,       2.741197565
          0,           0,        5565,      -2.736914742,      -0.256806532,    -0.02344706666,       2.741197565
          0,           0,        5566,      -2.736914742,      -0.256806532,    -0.02344706666,       2.741197565
          0,           0,        5567,      -2.736914742,      -0.256806532,    -0.02344706666,       2.741197565
          0,           0,        5568,      -2.736914742,      -0.256806532,    -0.02344706666,       2.741197565
          0,           0,        5569,      -2.736914742,      -0.256806532,    -0.02344706666,       2.741197565
          0,           0,        5570,      -2.736914742,      -0.256806532,    -0.02344706666,       2.741197565
          0,           0,        5571,      -2.736914742,      -0.256806532,    -0.02344706666,       2.741197565
          0,           0,        5572,      -2.736914742,      -0.256806532,    -0.02344706666,       2.741197565
          0,           0,        5573,      -2.736914742,      -0.256806532,    -0.02344706666,       2.741197565
          0,           0,        5574,      -2.736914742,      -0.256806532,    -0.02344706666,       2.741197565
          0,           0,        5575,      -2.736914742,      -0.256806532,    -0.02344706666,       2.741197565
          0,           0,        5576,      -2.736914742,      -0.256806532,    -0.02344706666,       2.741197565
          0,           0,        5577,      -2.736914742,      -0.256806532,    -0.02344706666,       2.741197565
          0,           0,        5578,      -2.736914742,      -0.256806532,    -0.02344706666,       2.741197565
          0,           0,        5579,      -2.736914742,      -0.256806532,    -0.02344706666,       2.741197565
          0,           0,        5580,      -2.736914742,      -0.256806532,    -0.02344706666,       2.741197565
          0,           0,        5581,      -2.736914742,      -0.256806532,    -0.02344706666,       2.741197565
          0,           0,        5582,      -2.736914742,      -0.256806532,    -0.02344706666,       2.741197565
          0,           0,        5583,      -2.736914742,      -0.256806532,    -0.02344706666,       2.741197565
          0,           0,        5584,      -2.736914742,      -0.256806532,    -0.02344706666,       2.741197565
          0,           0,        5585,      -2.736914742,      -0.256806532,    -0.02344706666,       2.741197565
          0,           0,        5586,      -2.736914742,      -0.256806532,    -0.02344706666,       2.741197565
          0,           0,        5587,      -2.736914742,      -0.256806532,    -0.02344706666,       2.741197565
          0,           0,        5588,      -2.736914742,      -0.256806532,    -0.02344706666,       2.741197565
          0,           0,        5589,      -2.736914742,      -0.256806532,    -0.02344706666,       2.741197565
          0,           0,        5590,      -2.736914742,      -0.256806532,    -0.02344706666,       2.741197565
          0,           0,        5591,      -2.736914742,      -0.256806532,    -0.02344706666,       2.741197565
          0,           0,        5592,      -2.736914742,      -0.256806532,    -0.02344706666,       2.741197565
          0,           0,        5593,      -2.736914742,      -0.256806532,    -0.02344706666,       2.741197565
          0,           0,        5594,      -2.736914742,      -0.256806532,    -0.02344706666,       2.741197565
          0,           0,        5595,      -2.736914742,      -0.256806532,    -0.02344706666,       2.741197565
          0,           0,        5596,      -2.736914742,      -0.256806532,    -0.02344706666,       2.741197565
          0,           0,        5597,      -2.736914742,      -0.256806532,    -0.02344706666,       2.741197565
          0,           0,        5598,      -2.736914742,      -0.256806532,    -0.02344706666,       2.741197565
          0,           0,        5599,      -2.736914742,      -0.256806532,    -0.02344706666,       2.741197565
          0,           0,        5600,      -2.736914742,      -0.256806532,    -0.02344706666,       2.741197565
          0,           0,        5601,      -2.736914742,      -0.256806532,    -0.02344706666,       2.741197565
          0,           0,        5602,      -2.736914742,      -0.256806532,    -0.02344706666,       2.741197565
          0,           0,        5603,      -2.736914742,      -0.256806532,    -0.02344706666,       2.741197565
          0,           0,        5604,      -2.736914742,      -0.256806532,    -0.02344706666,       2.741197565
          0,           0,        5605,      -2.736914742,      -0.256806532,    -0.02344706666,       2.741197565
          0,           0,        5606,      -2.736914742,      -0.256806532,    -0.02344706666,       2.741197565
          0,           0,        5607,      -2.736914742,      -0.256806532,    -0.02344706666,       2.741197565
          0,           0,        5608,      -2.736914742,      -0.256806532,    -0.02344706666,       2.741197565
          0,           0,        5609,      -2.736914742,      -0.256806532,    -0.02344706666,       2.741197565
          0,           0,        5610,      -2.736914742,      -0.256806532,    -0.02344706666,       2.741197565
          0,           0,        5611,      -2.736914742,      -0.256806532,    -0.02344706666,       2.741197565
          0,           0,        5612,      -2.736914742,      -0.256806532,    -0.02344706666,       2.741197565
          0,           0,        5613,      -2.736914742,      -0.256806532,    -0.02344706666,       2.741197565
          0,           0,        5614,      -2.736914742,      -0.256806532,    -0.02344706666,       2.741197565
          0,           0,        5615,      -2.736914742,      -0.256806532,    -0.02344706666,       2.741197565
          0,           0,        5616,      -2.736914742,      -0.256806532,    -0.02344706666,       2.741197565
          0,           0,        5617,      -2.736914742,      -0.256806532,    -0.02344706666,       2.741197565
          0,           0,        5618,      -2.736914742,      -0.256806532,    -0.02344706666,       2.741197565
          0,           0,        5619,      -2.736914742,      -0.256806532,    -0.02344706666,       2.741197565
          0,           0,        5620,      -2.736914742,      -0.256806532,    -0.02344706666,       2.741197565
          0,           0,        5621,      -2.736914742,      -0.256806532,    -0.02344706666,       2.741197565
          0,           0,        5622,      -2.736914742,      -0.256806532,    -0.02344706666,       2.741197565
          0,           0,        5623,      -2.736914742,      -0.256806532,    -0.02344706666,       2.741197565
          0,           0,        5624,      -2.736914742,      -0.256806532,    -0.02344706666,       2.741197565
          0,           0,        5625,      -2.736914742,      -0.256806532,    -0.02344706666,       2.741197565
          0,           0,        5626,      -2.736914742,      -0.256806532,    -0.02344706666,       2.741197565
          0,           0,        5627,      -2.736914742,      -0.256806532,    -0.02344706666,       2.741197565
          0,           0,        5628,      -2.736914742,      -0.256806532,    -0.02344706666,       2.741197565
          0,           0,        5629,      -2.736914742,      -0.256806532,    -0.02344706666,       2.741197565
          0,           0,        5630,      -2.736914742,      -0.256806532,    -0.02344706666,       2.741197565
          0,           0,        5631,      -2.736914742,      -0.256806532,    -0.02344706666,       2.741197565
          0,           0,        5632,      -2.736914742,      -0.256806532,    -0.02344706666,       2.741197565
          0,           0,        5633,      -2.736914742,      -0.256806532,    -0.02344706666,       2.741197565
          0,           0,        5634,      -2.736914742,      -0.256806532,    -0.02344706666,       2.741197565
          0,           0,        5635,      -2.736914742,      -0.256806532,    -0.02344706666,       2.741197565
          0,           0,        5636,      -2.736914742,      -0.256806532,    -0.02344706666,       2.741197565
          0,           0,        5637,      -2.736914742,      -0.256806532,    -0.02344706666,       2.741197565
          0,           0,        5638,      -2.736914742,      -0.256806532,    -0.02344706666,       2.741197565
          0,           0,        5639,      -2.736914742,      -0.256806532,    -0.02344706666,       2.741197565
          0,           0,        5640,      -2.736914742,      -0.256806532,    -0.02344706666,       2.741197565
          0,           0,        5641,      -2.736914742,      -0.256806532,    -0.02344706666,       2.741197565
          0,           0,        5642,      -2.736914742,      -0.256806532,    -0.02344706666,       2.741197565
          0,           0,        5643,      -2.736914742,      -0.256806532,    -0.02344706666,       2.741197565
          0,           0,        5644,      -2.736914742,      -0.256806532,    -0.02344706666,       2.741197565
          0,           0,        5645,      -2.736914742,      -0.256806532,    -0.02344706666,       2.741197565
          0,           0,        5646,      -2.736914742,      -0.256806532,    -0.02344706666,       2.741197565
          0,           0,        5647,      -2.736914742,      -0.256806532,    -0.02344706666,       2.741197565
          0,           0,        5648,      -2.736914742,      -0.256806532,    -0.02344706666,       2.741197565
          0,           0,        5649,      -2.736914742,      -0.256806532,    -0.02344706666,       2.741197565
          0,           0,        5650,      -2.736914742,      -0.256806532,    -0.02344706666,       2.741197565
          0,           0,        5651,      -2.736914742,      -0.256806532,    -0.02344706666,       2.741197565
          0,           0,        5652,      -2.736914742,      -0.256806532,    -0.02344706666,       2.741197565
          0,           0,        5653,      -2.736914742,      -0.256806532,    -0.02344706666,       2.741197565
          0,           0,        5654,      -2.736914742,      -0.256806532,    -0.02344706666,       2.741197565
          0,           0,        5655,      -2.736914742,      -0.256806532,    -0.02344706666,       2.741197565
          0,           0,        5656,      -2.736914742,      -0.256806532,    -0.02344706666,       2.741197565
          0,           0,        5657,      -2.736914742,      -0.256806532,    -0.02344706666,       2.741197565
          0,           0,        5658,      -2.736914742,      -0.256806532,    -0.02344706666,       2.741197565
          0,           0,        5659,      -2.736914742,      -0.256806532,    -0.02344706666,       2.741197565
          0,           0,        5660,      -2.736914742,      -0.256806532,    -0.02344706666,       2.741197565
          0,           0,        5661,      -2.736914742,      -0.256806532,    -0.02344706666,       2.741197565
          0,           0,        5662,      -2.736914742,      -0.256806532,    -0.02344706666,       2.741197565
          0,           0,        5663,      -2.736914742,      -0.256806532,    -0.02344706666,       2.741197565
          0,           0,        5664,      -2.736914742,      -0.256806532,    -0.02344706666,       2.741197565
          0,           0,        5665,      -2.736914742,      -0.256806532,    -0.02344706666,       2.741197565
          0,           0,        5666,      -2.736914742,      -0.256806532,    -0.02344706666,       2.741197565
          0,           0,        5667,      -2.736914742,      -0.256806532,    -0.02344706666,       2.741197565
          0,           0,        5668,      -2.736914742,      -0.256806532,    -0.02344706666,       2.741197565
          0,           0,        5669,      -2.736914742,      -0.256806532,    -0.02344706666,       2.741197565
          0,           0,        5670,      -2.736914742,      -0.256806532,    -0.02344706666,       2.741197565
          0,           0,        5671,      -2.736914742,      -0.256806532,    -0.02344706666,       2.741197565
          0,           0,        5672,      -2.736914742,      -0.256806532,    -0.02344706666,       2.741197565
          0,           0,        5673,      -2.736914742,      -0.256806532,    -0.02344706666,       2.741197565
          0,           0,        5674,      -2.736914742,      -0.256806532,    -0.02344706666,       2.741197565
          0,           0,        5675,      -2.736914742,      -0.256806532,    -0.02344706666,       2.741197565
          0,           0,        5676,      -2.736914742,      -0.256806532,    -0.02344706666,       2.741197565
          0,           0,        5677,      -2.736914742,      -0.256806532,    -0.02344706666,       2.741197565
          0,           0,        5678,      -2.736914742,      -0.256806532,    -0.02344706666,       2.741197565
          0,           0,        5679,      -2.736914742,      -0.256806532,    -0.02344706666,       2.741197565
          0,           0,        5680,      -2.736914742,      -0.256806532,    -0.02344706666,       2.741197565
          0,           0,        5681,      -2.736914742,      -0.256806532,    -0.02344706666,       2.741197565
          0,           0,        5682,      -2.736914742,      -0.256806532,    -0.02344706666,       2.741197565
          0,           0,        5683,      -2.736914742,      -0.256806532,    -0.02344706666,       2.741197565
          0,           0,        5684,      -2.736914742,      -0.256806532,    -0.02344706666,       2.741197565
          0,           0,        5685,      -2.736914742,      -0.256806532,    -0.02344706666,       2.741197565
          0,           0,        5686,      -2.736914742,      -0.256806532,    -0.02344706666,       2.741197565
          0,           0,        5687,      -2.736914742,      -0.256806532,    -0.02344706666,       2.741197565
          0,           0,        5688,      -2.736914742,      -0.256806532,    -0.02344706666,       2.741197565
          0,           0,        5689,      -2.736914742,      -0.256806532,    -0.02344706666,       2.741197565
          0,           0,        5690,      -2.736914742,      -0.256806532,    -0.02344706666,       2.741197565
          0,           0,        5691,      -2.736914742,      -0.256806532,    -0.02344706666,       2.741197565
          0,           0,        5692,      -2.736914742,      -0.256806532,    -0.02344706666,       2.741197565
          0,           0,        5693,      -2.736914742,      -0.256806532,    -0.02344706666,       2.741197565
          0,           0,        5694,      -2.736914742,      -0.256806532,    -0.02344706666,       2.741197565
          0,           0,        5695,      -2.736914742,      -0.256806532,    -0.02344706666,       2.741197565
          0,           0,        5696,      -2.736914742,      -0.256806532,    -0.02344706666,       2.741197565
          0,           0,        5697,      -2.736914742,      -0.256806532,    -0.02344706666,       2.741197565
          0,           0,        5698,      -2.736914742,      -0.256806532,    -0.02344706666,       2.741197565
          0,           0,        5699,      -2.736914742,      -0.256806532,    -0.02344706666,       2.741197565
          0,           0,        5700,      -2.736914742,      -0.256806532,    -0.02344706666,       2.741197565
          0,           0,        5701,      -2.736914742,      -0.256806532,    -0.02344706666,       2.741197565
          0,           0,        5702,      -2.736914742,      -0.256806532,    -0.02344706666,       2.741197565
          0,           0,        5703,      -2.736914742,      -0.256806532,    -0.02344706666,       2.741197565
          0,           0,        5704,      -2.736914742,      -0.256806532,    -0.02344706666,       2.741197565
          0,           0,        5705,      -2.736914742,      -0.256806532,    -0.02344706666,       2.741197565
          0,           0,        5706,      -2.736914742,      -0.256806532,    -0.02344706666,       2.741197565
          0,           0,        5707,      -2.736914742,      -0.256806532,    -0.02344706666,       2.741197565
          0,           0,        5708,      -2.736914742,      -0.256806532,    -0.02344706666,       2.741197565
          0,           0,        5709,      -2.736914742,      -0.256806532,    -0.02344706666,       2.741197565
          0,           0,        5710,      -2.736914742,      -0.256806532,    -0.02344706666,       2.741197565
          0,           0,        5711,      -2.736914742,      -0.256806532,    -0.02344706666,       2.741197565
          0,           0,        5712,      -2.736914742,      -0.256806532,    -0.02344706666,       2.741197565
          0,           0,        5713,      -2.736914742,      -0.256806532,    -0.02344706666,       2.741197565
          0,           0,        5714,      -2.736914742,      -0.256806532,    -0.02344706666,       2.741197565
          0,           0,        5715,      -2.736914742,      -0.256806532,    -0.02344706666,       2.741197565
          0,           0,        5716,      -2.736914742,      -0.256806532,    -0.02344706666,       2.741197565
          0,           0,        5717,      -2.736914742,      -0.256806532,    -0.02344706666,       2.741197565
          0,           0,        5718,      -2.736914742,      -0.256806532,    -0.02344706666,       2.741197565
          0,           0,        5719,      -2.736914742,      -0.256806532,    -0.02344706666,       2.741197565
          0,           0,        5720,      -2.736914742,      -0.256806532,    -0.02344706666,       2.741197565
          0,           0,        5721,      -2.736914742,      -0.256806532,    -0.02344706666,       2.741197565
          0,           0,        5722,      -2.736914742,      -0.256806532,    -0.02344706666,       2.741197565
          0,           0,        5723,      -2.736914742,      -0.256806532,    -0.02344706666,       2.741197565
          0,           0,        5724,      -2.736914742,      -0.256806532,    -0.02344706666,       2.741197565
          0,           0,        5725,      -2.736914742,      -0.256806532,    -0.02344706666,       2.741197565
          0,           0,        5726,      -2.736914742,      -0.256806532,    -0.02344706666,       2.741197565
          0,           0,        5727,      -2.736914742,      -0.256806532,    -0.02344706666,       2.741197565
          0,           0,        5728,      -2.736914742,      -0.256806532,    -0.02344706666,       2.741197565
          0,           0,        5729,      -2.736914742,      -0.256806532,    -0.02344706666,       2.741197565
          0,           0,        5730,      -2.736914742,      -0.256806532,    -0.02344706666,       2.741197565
          0,           0,        5731,      -2.736914742,      -0.256806532,    -0.02344706666,       2.741197565
          0,           0,        5732,      -2.736914742,      -0.256806532,    -0.02344706666,       2.741197565
          0,           0,        5733,      -2.736914742,      -0.256806532,    -0.02344706666,       2.741197565
          0,           0,        5734,      -2.736914742,      -0.256806532,    -0.02344706666,       2.741197565
          0,           0,        5735,      -2.736914742,      -0.256806532,    -0.02344706666,       2.741197565
          0,           0,        5736,      -2.736914742,      -0.256806532,    -0.02344706666,       2.741197565
          0,           0,        5737,      -2.736914742,      -0.256806532,    -0.02344706666,       2.741197565
          0,           0,        5738,      -2.736914742,      -0.256806532,    -0.02344706666,       2.741197565
          0,           0,        5739,      -2.736914742,      -0.256806532,    -0.02344706666,       2.741197565
          0,           0,        5740,      -2.736914742,      -0.256806532,    -0.02344706666,       2.741197565
          0,           0,        5741,      -2.736914742,      -0.256806532,    -0.02344706666,       2.741197565
          0,           0,        5742,      -2.736914742,      -0.256806532,    -0.02344706666,       2.741197565
          0,           0,        5743,      -2.736914742,      -0.256806532,    -0.02344706666,       2.741197565
          0,           0,        5744,      -2.736914742,      -0.256806532,    -0.02344706666,       2.741197565
          0,           0,        5745,      -2.736914742,      -0.256806532,    -0.02344706666,       2.741197565
          0,           0,        5746,      -2.736914742,      -0.256806532,    -0.02344706666,       2.741197565
          0,           0,        5747,      -2.736914742,      -0.256806532,    -0.02344706666,       2.741197565
          0,           0,        5748,      -2.736914742,      -0.256806532,    -0.02344706666,       2.741197565
          0,           0,        5749,      -2.736914742,      -0.256806532,    -0.02344706666,       2.741197565
          0,           0,        5750,      -2.736914742,      -0.256806532,    -0.02344706666,       2.741197565
          0,           0,        5751,      -2.736914742,      -0.256806532,    -0.02344706666,       2.741197565
          0,           0,        5752,      -2.736914742,      -0.256806532,    -0.02344706666,       2.741197565
          0,           0,        5753,      -2.736914742,      -0.256806532,    -0.02344706666,       2.741197565
          0,           0,        5754,      -2.736914742,      -0.256806532,    -0.02344706666,       2.741197565
          0,           0,        5755,      -2.736914742,      -0.256806532,    -0.02344706666,       2.741197565
          0,           0,        5756,      -2.736914742,      -0.256806532,    -0.02344706666,       2.741197565
          0,           0,        5757,      -2.736914742,      -0.256806532,    -0.02344706666,       2.741197565
          0,           0,        5758,      -2.736914742,      -0.256806532,    -0.02344706666,       2.741197565
          0,           0,        5759,      -2.736914742,      -0.256806532,    -0.02344706666,       2.741197565
          0,           0,        5760,      -2.736914742,      -0.256806532,    -0.02344706666,       2.741197565
          0,           0,        5761,      -2.736914742,      -0.256806532,    -0.02344706666,       2.741197565
          0,           0,        5762,      -2.736914742,      -0.256806532,    -0.02344706666,       2.741197565
          0,           0,        5763,      -2.736914742,      -0.256806532,    -0.02344706666,       2.741197565
          0,           0,        5764,      -2.736914742,      -0.256806532,    -0.02344706666,       2.741197565
          0,           0,        5765,      -2.736914742,      -0.256806532,    -0.02344706666,       2.741197565
          0,           0,        5766,      -2.736914742,      -0.256806532,    -0.02344706666,       2.741197565
          0,           0,        5767,      -2.736914742,      -0.256806532,    -0.02344706666,       2.741197565
          0,           0,        5768,      -2.736914742,      -0.256806532,    -0.02344706666,       2.741197565
          0,           0,        5769,      -2.736914742,      -0.256806532,    -0.02344706666,       2.741197565
          0,           0,        5770,      -2.736914742,      -0.256806532,    -0.02344706666,       2.741197565
          0,           0,        5771,      -2.736914742,      -0.256806532,    -0.02344706666,       2.741197565
          0,           0,        5772,      -2.736914742,      -0.256806532,    -0.02344706666,       2.741197565
          0,           0,        5773,      -2.736914742,      -0.256806532,    -0.02344706666,       2.741197565
          0,           0,        5774,      -2.736914742,      -0.256806532,    -0.02344706666,       2.741197565
          0,           0,        5775,      -2.736914742,      -0.256806532,    -0.02344706666,       2.741197565
          0,           0,        5776,      -2.736914742,      -0.256806532,    -0.02344706666,       2.741197565
          0,           0,        5777,      -2.736914742,      -0.256806532,    -0.02344706666,       2.741197565
          0,           0,        5778,      -2.736914742,      -0.256806532,    -0.02344706666,       2.741197565
          0,           0,        5779,      -2.736914742,      -0.256806532,    -0.02344706666,       2.741197565
          0,           0,        5780,      -2.736914742,      -0.256806532,    -0.02344706666,       2.741197565
          0,           0,        5781,      -2.736914742,      -0.256806532,    -0.02344706666,       2.741197565
          0,           0,        5782,      -2.736914742,      -0.256806532,    -0.02344706666,       2.741197565
          0,           0,        5783,      -2.736914742,      -0.256806532,    -0.02344706666,       2.741197565
          0,           0,        5784,      -2.736914742,      -0.256806532,    -0.02344706666,       2.741197565
          0,           0,        5785,      -2.736914742,      -0.256806532,    -0.02344706666,       2.741197565
          0,           0,        5786,      -2.736914742,      -0.256806532,    -0.02344706666,       2.741197565
          0,           0,        5787,      -2.736914742,      -0.256806532,    -0.02344706666,       2.741197565
          0,           0,        5788,      -2.736914742,      -0.256806532,    -0.02344706666,       2.741197565
          0,           0,        5789,      -2.736914742,      -0.256806532,    -0.02344706666,       2.741197565
          0,           0,        5790,      -2.736914742,      -0.256806532,    -0.02344706666,       2.741197565
          0,           0,        5791,      -2.736914742,      -0.256806532,    -0.02344706666,       2.741197565
          0,           0,        5792,      -2.736914742,      -0.256806532,    -0.02344706666,       2.741197565
          0,           0,        5793,      -2.736914742,      -0.256806532,    -0.02344706666,       2.741197565
          0,           0,        5794,      -2.736914742,      -0.256806532,    -0.02344706666,       2.741197565
          0,           0,        5795,      -2.736914742,      -0.256806532,    -0.02344706666,       2.741197565
          0,           0,        5796,      -2.736914742,      -0.256806532,    -0.02344706666,       2.741197565
          0,           0,        5797,      -2.736914742,      -0.256806532,    -0.02344706666,       2.741197565
          0,           0,        5798,      -2.736914742,      -0.256806532,    -0.02344706666,       2.741197565
          0,           0,        5799,      -2.736914742,      -0.256806532,    -0.02344706666,       2.741197565
          0,           0,        5800,      -2.736914742,      -0.256806532,    -0.02344706666,       2.741197565
          0,           0,        5801,      -2.736914742,      -0.256806532,    -0.02344706666,       2.741197565
          0,           0,        5802,      -2.736914742,      -0.256806532,    -0.02344706666,       2.741197565
          0,           0,        5803,      -2.736914742,      -0.256806532,    -0.02344706666,       2.741197565
          0,           0,        5804,      -2.736914742,      -0.256806532,    -0.02344706666,       2.741197565
          0,           0,        5805,      -2.736914742,      -0.256806532,    -0.02344706666,       2.741197565
          0,           0,        5806,      -2.736914742,      -0.256806532,    -0.02344706666,       2.741197565
          0,           0,        5807,      -2.736914742,      -0.256806532,    -0.02344706666,       2.741197565
          0,           0,        5808,      -2.736914742,      -0.256806532,    -0.02344706666,       2.741197565
          0,           0,        5809,      -2.736914742,      -0.256806532,    -0.02344706666,       2.741197565
          0,           0,        5810,      -2.736914742,      -0.256806532,    -0.02344706666,       2.741197565
          0,           0,        5811,      -2.736914742,      -0.256806532,    -0.02344706666,       2.741197565
          0,           0,        5812,      -2.736914742,      -0.256806532,    -0.02344706666,       2.741197565
          0,           0,        5813,      -2.736914742,      -0.256806532,    -0.02344706666,       2.741197565
          0,           0,        5814,      -2.736914742,      -0.256806532,    -0.02344706666,       2.741197565
          0,           0,        5815,      -2.736914742,      -0.256806532,    -0.02344706666,       2.741197565
          0,           0,        5816,      -2.736914742,      -0.256806532,    -0.02344706666,       2.741197565
          0,           0,        5817,      -2.736914742,      -0.256806532,    -0.02344706666,       2.741197565
          0,           0,        5818,      -2.736914742,      -0.256806532,    -0.02344706666,       2.741197565
          0,           0,        5819,      -2.736914742,      -0.256806532,    -0.02344706666,       2.741197565
          0,           0,        5820,      -2.736914742,      -0.256806532,    -0.02344706666,       2.741197565
          0,           0,        5821,      -2.736914742,      -0.256806532,    -0.02344706666,       2.741197565
          0,           0,        5822,      -2.736914742,      -0.256806532,    -0.02344706666,       2.741197565
          0,           0,        5823,      -2.736914742,      -0.256806532,    -0.02344706666,       2.741197565
          0,           0,        5824,      -2.736914742,      -0.256806532,    -0.02344706666,       2.741197565
          0,           0,        5825,      -2.736914742,      -0.256806532,    -0.02344706666,       2.741197565
          0,           0,        5826,      -2.736914742,      -0.256806532,    -0.02344706666,       2.741197565
          0,           0,        5827,      -2.736914742,      -0.256806532,    -0.02344706666,       2.741197565
          0,           0,        5828,      -2.736914742,      -0.256806532,    -0.02344706666,       2.741197565
          0,           0,        5829,      -2.736914742,      -0.256806532,    -0.02344706666,       2.741197565
          0,           0,        5830,      -2.736914742,      -0.256806532,    -0.02344706666,       2.741197565
          0,           0,        5831,      -2.736914742,      -0.256806532,    -0.02344706666,       2.741197565
          0,           0,        5832,      -2.736914742,      -0.256806532,    -0.02344706666,       2.741197565
          0,           0,        5833,      -2.736914742,      -0.256806532,    -0.02344706666,       2.741197565
          0,           0,        5834,      -2.736914742,      -0.256806532,    -0.02344706666,       2.741197565
          0,           0,        5835,      -2.736914742,      -0.256806532,    -0.02344706666,       2.741197565
          0,           0,        5836,      -2.736914742,      -0.256806532,    -0.02344706666,       2.741197565
          0,           0,        5837,      -2.736914742,      -0.256806532,    -0.02344706666,       2.741197565
          0,           0,        5838,      -2.736914742,      -0.256806532,    -0.02344706666,       2.741197565
          0,           0,        5839,      -2.736914742,      -0.256806532,    -0.02344706666,       2.741197565
          0,           0,        5840,      -2.736914742,      -0.256806532,    -0.02344706666,       2.741197565
          0,           0,        5841,      -2.736914742,      -0.256806532,    -0.02344706666,       2.741197565
          0,           0,        5842,      -2.736914742,      -0.256806532,    -0.02344706666,       2.741197565
          0,           0,        5843,      -2.736914742,      -0.256806532,    -0.02344706666,       2.741197565
          0,           0,        5844,      -2.736914742,      -0.256806532,    -0.02344706666,       2.741197565
          0,           0,        5845,      -2.736914742,      -0.256806532,    -0.02344706666,       2.741197565
          0,           0,        5846,      -2.736914742,      -0.256806532,    -0.02344706666,       2.741197565
          0,           0,        5847,      -2.736914742,      -0.256806532,    -0.02344706666,       2.741197565
          0,           0,        5848,      -2.736914742,      -0.256806532,    -0.02344706666,       2.741197565
          0,           0,        5849,      -2.736914742,      -0.256806532,    -0.02344706666,       2.741197565
          0,           0,        5850,      -2.736914742,      -0.256806532,    -0.02344706666,       2.741197565
          0,           0,        5851,      -2.736914742,      -0.256806532,    -0.02344706666,       2.741197565
          0,           0,        5852,      -2.736914742,      -0.256806532,    -0.02344706666,       2.741197565
          0,           0,        5853,      -2.736914742,      -0.256806532,    -0.02344706666,       2.741197565
          0,           0,        5854,      -2.736914742,      -0.256806532,    -0.02344706666,       2.741197565
          0,           0,        5855,      -2.736914742,      -0.256806532,    -0.02344706666,       2.741197565
          0,           0,        5856,      -2.736914742,      -0.256806532,    -0.02344706666,       2.741197565
          0,           0,        5857,      -2.736914742,      -0.256806532,    -0.02344706666,       2.741197565
          0,           0,        5858,      -2.736914742,      -0.256806532,    -0.02344706666,       2.741197565
          0,           0,        5859,      -2.736914742,      -0.256806532,    -0.02344706666,       2.741197565
          0,           0,        5860,      -2.736914742,      -0.256806532,    -0.02344706666,       2.741197565
          0,           0,        5861,      -2.736914742,      -0.256806532,    -0.02344706666,       2.741197565
          0,           0,        5862,      -2.736914742,      -0.256806532,    -0.02344706666,       2.741197565
          0,           0,        5863,      -2.736914742,      -0.256806532,    -0.02344706666,       2.741197565
          0,           0,        5864,      -2.736914742,      -0.256806532,    -0.02344706666,       2.741197565
          0,           0,        5865,      -2.736914742,      -0.256806532,    -0.02344706666,       2.741197565
          0,           0,        5866,      -2.736914742,      -0.256806532,    -0.02344706666,       2.741197565
          0,           0,        5867,      -2.736914742,      -0.256806532,    -0.02344706666,       2.741197565
          0,           0,        5868,      -2.736914742,      -0.256806532,    -0.02344706666,       2.741197565
          0,           0,        5869,      -2.736914742,      -0.256806532,    -0.02344706666,       2.741197565
          0,           0,        5870,      -2.736914742,      -0.256806532,    -0.02344706666,       2.741197565
          0,           0,        5871,      -2.736914742,      -0.256806532,    -0.02344706666,       2.741197565
          0,           0,        5872,      -2.736914742,      -0.256806532,    -0.02344706666,       2.741197565
          0,           0,        5873,      -2.736914742,      -0.256806532,    -0.02344706666,       2.741197565
          0,           0,        5874,      -2.736914742,      -0.256806532,    -0.02344706666,       2.741197565
          0,           0,        5875,      -2.736914742,      -0.256806532,    -0.02344706666,       2.741197565
          0,           0,        5876,      -2.736914742,      -0.256806532,    -0.02344706666,       2.741197565
          0,           0,        5877,      -2.736914742,      -0.256806532,    -0.02344706666,       2.741197565
          0,           0,        5878,      -2.736914742,      -0.256806532,    -0.02344706666,       2.741197565
          0,           0,        5879,      -2.736914742,      -0.256806532,    -0.02344706666,       2.741197565
          0,           0,        5880,      -2.736914742,      -0.256806532,    -0.02344706666,       2.741197565
          0,           0,        5881,      -2.736914742,      -0.256806532,    -0.02344706666,       2.741197565
          0,           0,        5882,      -2.736914742,      -0.256806532,    -0.02344706666,       2.741197565
          0,           0,        5883,      -2.736914742,      -0.256806532,    -0.02344706666,       2.741197565
          0,           0,        5884,      -2.736914742,      -0.256806532,    -0.02344706666,       2.741197565
          0,           0,        5885,      -2.736914742,      -0.256806532,    -0.02344706666,       2.741197565
          0,           0,        5886,      -2.736914742,      -0.256806532,    -0.02344706666,       2.741197565
          0,           0,        5887,      -2.736914742,      -0.256806532,    -0.02344706666,       2.741197565
          0,           0,        5888,      -2.736914742,      -0.256806532,    -0.02344706666,       2.741197565
          0,           0,        5889,      -2.736914742,      -0.256806532,    -0.02344706666,       2.741197565
          0,           0,        5890,      -2.736914742,      -0.256806532,    -0.02344706666,       2.741197565
          0,           0,        5891,      -2.736914742,      -0.256806532,    -0.02344706666,       2.741197565
          0,           0,        5892,      -2.736914742,      -0.256806532,    -0.02344706666,       2.741197565
          0,           0,        5893,      -2.736914742,      -0.256806532,    -0.02344706666,       2.741197565
          0,           0,        5894,      -2.736914742,      -0.256806532,    -0.02344706666,       2.741197565
          0,           0,        5895,      -2.736914742,      -0.256806532,    -0.02344706666,       2.741197565
          0,           0,        5896,      -2.736914742,      -0.256806532,    -0.02344706666,       2.741197565
          0,           0,        5897,      -2.736914742,      -0.256806532,    -0.02344706666,       2.741197565
          0,           0,        5898,      -2.736914742,      -0.256806532,    -0.02344706666,       2.741197565
          0,           0,        5899,      -2.736914742,      -0.256806532,    -0.02344706666,       2.741197565
          0,           0,        5900,      -2.736914742,      -0.256806532,    -0.02344706666,       2.741197565
          0,           0,        5901,      -2.736914742,      -0.256806532,    -0.02344706666,       2.741197565
          0,           0,        5902,      -2.736914742,      -0.256806532,    -0.02344706666,       2.741197565
          0,           0,        5903,      -2.736914742,      -0.256806532,    -0.02344706666,       2.741197565
          0,           0,        5904,      -2.736914742,      -0.256806532,    -0.02344706666,       2.741197565
          0,           0,        5905,      -2.736914742,      -0.256806532,    -0.02344706666,       2.741197565
          0,           0,        5906,      -2.736914742,      -0.256806532,    -0.02344706666,       2.741197565
          0,           0,        5907,      -2.736914742,      -0.256806532,    -0.02344706666,       2.741197565
          0,           0,        5908,      -2.736914742,      -0.256806532,    -0.02344706666,       2.741197565
          0,           0,        5909,      -2.736914742,      -0.256806532,    -0.02344706666,       2.741197565
          0,           0,        5910,      -2.736914742,      -0.256806532,    -0.02344706666,       2.741197565
          0,           0,        5911,      -2.736914742,      -0.256806532,    -0.02344706666,       2.741197565
          0,           0,        5912,      -2.736914742,      -0.256806532,    -0.02344706666,       2.741197565
          0,           0,        5913,      -2.736914742,      -0.256806532,    -0.02344706666,       2.741197565
          0,           0,        5914,      -2.736914742,      -0.256806532,    -0.02344706666,       2.741197565
          0,           0,        5915,      -2.736914742,      -0.256806532,    -0.02344706666,       2.741197565
          0,           0,        5916,      -2.736914742,      -0.256806532,    -0.02344706666,       2.741197565
          0,           0,        5917,      -2.736914742,      -0.256806532,    -0.02344706666,       2.741197565
          0,           0,        5918,      -2.736914742,      -0.256806532,    -0.02344706666,       2.741197565
          0,           0,        5919,      -2.736914742,      -0.256806532,    -0.02344706666,       2.741197565
          0,           0,        5920,      -2.736914742,      -0.256806532,    -0.02344706666,       2.741197565
          0,           0,        5921,      -2.736914742,      -0.256806532,    -0.02344706666,       2.741197565
          0,           0,        5922,      -2.736914742,      -0.256806532,    -0.02344706666,       2.741197565
          0,           0,        5923,      -2.736914742,      -0.256806532,    -0.02344706666,       2.741197565
          0,           0,        5924,      -2.736914742,      -0.256806532,    -0.02344706666,       2.741197565
          0,           0,        5925,      -2.736914742,      -0.256806532,    -0.02344706666,       2.741197565
          0,           0,        5926,      -2.736914742,      -0.256806532,    -0.02344706666,       2.741197565
          0,           0,        5927,      -2.736914742,      -0.256806532,    -0.02344706666,       2.741197565
          0,           0,        5928,      -2.736914742,      -0.256806532,    -0.02344706666,       2.741197565
          0,           0,        5929,      -2.736914742,      -0.256806532,    -0.02344706666,       2.741197565
          0,           0,        5930,      -2.736914742,      -0.256806532,    -0.02344706666,       2.741197565
          0,           0,        5931,      -2.736914742,      -0.256806532,    -0.02344706666,       2.741197565
          0,           0,        5932,      -2.736914742,      -0.256806532,    -0.02344706666,       2.741197565
          0,           0,        5933,      -2.736914742,      -0.256806532,    -0.02344706666,       2.741197565
          0,           0,        5934,      -2.736914742,      -0.256806532,    -0.02344706666,       2.741197565
          0,           0,        5935,      -2.736914742,      -0.256806532,    -0.02344706666,       2.741197565
          0,           0,        5936,      -2.736914742,      -0.256806532,    -0.02344706666,       2.741197565
          0,           0,        5937,      -2.736914742,      -0.256806532,    -0.02344706666,       2.741197565
          0,           0,        5938,      -2.736914742,      -0.256806532,    -0.02344706666,       2.741197565
          0,           0,        5939,      -2.736914742,      -0.256806532,    -0.02344706666,       2.741197565
          0,           0,        5940,      -2.736914742,      -0.256806532,    -0.02344706666,       2.741197565
          0,           0,        5941,      -2.736914742,      -0.256806532,    -0.02344706666,       2.741197565
          0,           0,        5942,      -2.736914742,      -0.256806532,    -0.02344706666,       2.741197565
          0,           0,        5943,      -2.736914742,      -0.256806532,    -0.02344706666,       2.741197565
          0,           0,        5944,      -2.736914742,      -0.256806532,    -0.02344706666,       2.741197565
          0,           0,        5945,      -2.736914742,      -0.256806532,    -0.02344706666,       2.741197565
          0,           0,        5946,      -2.736914742,      -0.256806532,    -0.02344706666,       2.741197565
          0,           0,        5947,      -2.736914742,      -0.256806532,    -0.02344706666,       2.741197565
          0,           0,        5948,      -2.736914742,      -0.256806532,    -0.02344706666,       2.741197565
          0,           0,        5949,      -2.736914742,      -0.256806532,    -0.02344706666,       2.741197565
          0,           0,        5950,      -2.736914742,      -0.256806532,    -0.02344706666,       2.741197565
          0,           0,        5951,      -2.736914742,      -0.256806532,    -0.02344706666,       2.741197565
          0,           0,        5952,      -2.736914742,      -0.256806532,    -0.02344706666,       2.741197565
          0,           0,        5953,      -2.736914742,      -0.256806532,    -0.02344706666,       2.741197565
          0,           0,        5954,      -2.736914742,      -0.256806532,    -0.02344706666,       2.741197565
          0,           0,        5955,      -2.736914742,      -0.256806532,    -0.02344706666,       2.741197565
          0,           0,        5956,      -2.736914742,      -0.256806532,    -0.02344706666,       2.741197565
          0,           0,        5957,      -2.736914742,      -0.256806532,    -0.02344706666,       2.741197565
          0,           0,        5958,      -2.736914742,      -0.256806532,    -0.02344706666,       2.741197565
          0,           0,        5959,      -2.736914742,      -0.256806532,    -0.02344706666,       2.741197565
          0,           0,        5960,      -2.736914742,      -0.256806532,    -0.02344706666,       2.741197565
          0,           0,        5961,      -2.736914742,      -0.256806532,    -0.02344706666,       2.741197565
          0,           0,        5962,      -2.736914742,      -0.256806532,    -0.02344706666,       2.741197565
          0,           0,        5963,      -2.736914742,      -0.256806532,    -0.02344706666,       2.741197565
          0,           0,        5964,      -2.736914742,      -0.256806532,    -0.02344706666,       2.741197565
          0,           0,        5965,      -2.736914742,      -0.256806532,    -0.02344706666,       2.741197565
          0,           0,        5966,      -2.736914742,      -0.256806532,    -0.02344706666,       2.741197565
          0,           0,        5967,      -2.736914742,      -0.256806532,    -0.02344706666,       2.741197565
          0,           0,        5968,      -2.736914742,      -0.256806532,    -0.02344706666,       2.741197565
          0,           0,        5969,      -2.736914742,      -0.256806532,    -0.02344706666,       2.741197565
          0,           0,        5970,      -2.736914742,      -0.256806532,    -0.02344706666,       2.741197565
          0,           0,        5971,      -2.736914742,      -0.256806532,    -0.02344706666,       2.741197565
          0,           0,        5972,      -2.736914742,      -0.256806532,    -0.02344706666,       2.741197565
          0,           0,        5973,      -2.736914742,      -0.256806532,    -0.02344706666,       2.741197565
          0,           0,        5974,      -2.736914742,      -0.256806532,    -0.02344706666,       2.741197565
          0,           0,        5975,      -2.736914742,      -0.256806532,    -0.02344706666,       2.741197565
          0,           0,        5976,      -2.736914742,      -0.256806532,    -0.02344706666,       2.741197565
          0,           0,        5977,      -2.736914742,      -0.256806532,    -0.02344706666,       2.741197565
          0,           0,        5978,      -2.736914742,      -0.256806532,    -0.02344706666,       2.741197565
          0,           0,        5979,      -2.736914742,      -0.256806532,    -0.02344706666,       2.741197565
          0,           0,        5980,      -2.736914742,      -0.256806532,    -0.02344706666,       2.741197565
          0,           0,        5981,      -2.736914742,      -0.256806532,    -0.02344706666,       2.741197565
          0,           0,        5982,      -2.736914742,      -0.256806532,    -0.02344706666,       2.741197565
          0,           0,        5983,      -2.736914742,      -0.256806532,    -0.02344706666,       2.741197565
          0,           0,        5984,      -2.736914742,      -0.256806532,    -0.02344706666,       2.741197565
          0,           0,        5985,      -2.736914742,      -0.256806532,    -0.02344706666,       2.741197565
          0,           0,        5986,      -2.736914742,      -0.256806532,    -0.02344706666,       2.741197565
          0,           0,        5987,      -2.736914742,      -0.256806532,    -0.02344706666,       2.741197565
          0,           0,        5988,      -2.736914742,      -0.256806532,    -0.02344706666,       2.741197565
          0,           0,        5989,      -2.736914742,      -0.256806532,    -0.02344706666,       2.741197565
          0,           0,        5990,      -2.736914742,      -0.256806532,    -0.02344706666,       2.741197565
          0,           0,        5991,      -2.736914742,      -0.256806532,    -0.02344706666,       2.741197565
          0,           0,        5992,      -2.736914742,      -0.256806532,    -0.02344706666,       2.741197565
          0,           0,        5993,      -2.736914742,      -0.256806532,    -0.02344706666,       2.741197565
          0,           0,        5994,      -2.736914742,      -0.256806532,    -0.02344706666,       2.741197565
          0,           0,        5995,      -2.736914742,      -0.256806532,    -0.02344706666,       2.741197565
          0,           0,        5996,      -2.736914742,      -0.256806532,    -0.02344706666,       2.741197565
          0,           0,        5997,      -2.736914742,      -0.256806532,    -0.02344706666,       2.741197565
          0,           0,        5998,      -2.736914742,      -0.256806532,    -0.02344706666,       2.741197565
          0,           0,        5999,      -2.736914742,      -0.256806532,    -0.02344706666,       2.741197565
          0,           0,        6000,      -2.736914742,      -0.256806532,    -0.02344706666,       2.741197565
          0,           0,        6001,      -2.736914742,      -0.256806532,    -0.02344706666,       2.741197565
          0,           0,        6002,      -2.736914742,      -0.256806532,    -0.02344706666,       2.741197565
          0,           0,        6003,      -2.736914742,      -0.256806532,    -0.02344706666,       2.741197565
          0,           0,        6004,      -2.736914742,      -0.256806532,    -0.02344706666,       2.741197565
          0,           0,        6005,      -2.736914742,      -0.256806532,    -0.02344706666,       2.741197565
          0,           0,        6006,      -2.736914742,      -0.256806532,    -0.02344706666,       2.741197565
          0,           0,        6007,      -2.736914742,      -0.256806532,    -0.02344706666,       2.741197565
          0,           0,        6008,      -2.736914742,      -0.256806532,    -0.02344706666,       2.741197565
          0,           0,        6009,      -2.736914742,      -0.256806532,    -0.02344706666,       2.741197565
          0,           0,        6010,      -2.736914742,      -0.256806532,    -0.02344706666,       2.741197565
          0,           0,        6011,      -2.736914742,      -0.256806532,    -0.02344706666,       2.741197565
          0,           0,        6012,      -2.736914742,      -0.256806532,    -0.02344706666,       2.741197565
          0,           0,        6013,      -2.736914742,      -0.256806532,    -0.02344706666,       2.741197565
          0,           0,        6014,      -2.736914742,      -0.256806532,    -0.02344706666,       2.741197565
          0,           0,        6015,      -2.736914742,      -0.256806532,    -0.02344706666,       2.741197565
          0,           0,        6016,      -2.736914742,      -0.256806532,    -0.02344706666,       2.741197565
          0,           0,        6017,      -2.736914742,      -0.256806532,    -0.02344706666,       2.741197565
          0,           0,        6018,      -2.736914742,      -0.256806532,    -0.02344706666,       2.741197565
          0,           0,        6019,      -2.736914742,      -0.256806532,    -0.02344706666,       2.741197565
          0,           0,        6020,      -2.736914742,      -0.256806532,    -0.02344706666,       2.741197565
          0,           0,        6021,      -2.736914742,      -0.256806532,    -0.02344706666,       2.741197565
          0,           0,        6022,      -2.736914742,      -0.256806532,    -0.02344706666,       2.741197565
          0,           0,        6023,      -2.736914742,      -0.256806532,    -0.02344706666,       2.741197565
          0,           0,        6024,      -2.736914742,      -0.256806532,    -0.02344706666,       2.741197565
          0,           0,        6025,      -2.736914742,      -0.256806532,    -0.02344706666,       2.741197565
          0,           0,        6026,      -2.736914742,      -0.256806532,    -0.02344706666,       2.741197565
          0,           0,        6027,      -2.736914742,      -0.256806532,    -0.02344706666,       2.741197565
          0,           0,        6028,      -2.736914742,      -0.256806532,    -0.02344706666,       2.741197565
          0,           0,        6029,      -2.736914742,      -0.256806532,    -0.02344706666,       2.741197565
          0,           0,        6030,      -2.736914742,      -0.256806532,    -0.02344706666,       2.741197565
          0,           0,        6031,      -2.736914742,      -0.256806532,    -0.02344706666,       2.741197565
          0,           0,        6032,      -2.736914742,      -0.256806532,    -0.02344706666,       2.741197565
          0,           0,        6033,      -2.736914742,      -0.256806532,    -0.02344706666,       2.741197565
          0,           0,        6034,      -2.736914742,      -0.256806532,    -0.02344706666,       2.741197565
          0,           0,        6035,      -2.736914742,      -0.256806532,    -0.02344706666,       2.741197565
          0,           0,        6036,      -2.736914742,      -0.256806532,    -0.02344706666,       2.741197565
          0,           0,        6037,      -2.736914742,      -0.256806532,    -0.02344706666,       2.741197565
          0,           0,        6038,      -2.736914742,      -0.256806532,    -0.02344706666,       2.741197565
          0,           0,        6039,      -2.736914742,      -0.256806532,    -0.02344706666,       2.741197565
          0,           0,        6040,      -2.736914742,      -0.256806532,    -0.02344706666,       2.741197565
          0,           0,        6041,      -2.736914742,      -0.256806532,    -0.02344706666,       2.741197565
          0,           0,        6042,      -2.736914742,      -0.256806532,    -0.02344706666,       2.741197565
          0,           0,        6043,      -2.736914742,      -0.256806532,    -0.02344706666,       2.741197565
          0,           0,        6044,      -2.736914742,      -0.256806532,    -0.02344706666,       2.741197565
          0,           0,        6045,      -2.736914742,      -0.256806532,    -0.02344706666,       2.741197565
          0,           0,        6046,      -2.736914742,      -0.256806532,    -0.02344706666,       2.741197565
          0,           0,        6047,      -2.736914742,      -0.256806532,    -0.02344706666,       2.741197565
          0,           0,        6048,      -2.736914742,      -0.256806532,    -0.02344706666,       2.741197565
          0,           0,        6049,      -2.736914742,      -0.256806532,    -0.02344706666,       2.741197565
          0,           0,        6050,      -2.736914742,      -0.256806532,    -0.02344706666,       2.741197565
          0,           0,        6051,      -2.736914742,      -0.256806532,    -0.02344706666,       2.741197565
          0,           0,        6052,      -2.736914742,      -0.256806532,    -0.02344706666,       2.741197565
          0,           0,        6053,      -2.736914742,      -0.256806532,    -0.02344706666,       2.741197565
          0,           0,        6054,      -2.736914742,      -0.256806532,    -0.02344706666,       2.741197565
          0,           0,        6055,      -2.736914742,      -0.256806532,    -0.02344706666,       2.741197565
          0,           0,        6056,      -2.736914742,      -0.256806532,    -0.02344706666,       2.741197565
          0,           0,        6057,      -2.736914742,      -0.256806532,    -0.02344706666,       2.741197565
          0,           0,        6058,      -2.736914742,      -0.256806532,    -0.02344706666,       2.741197565
          0,           0,        6059,      -2.736914742,      -0.256806532,    -0.02344706666,       2.741197565
          0,           0,        6060,      -2.736914742,      -0.256806532,    -0.02344706666,       2.741197565
          0,           0,        6061,      -2.736914742,      -0.256806532,    -0.02344706666,       2.741197565
          0,           0,        6062,      -2.736914742,      -0.256806532,    -0.02344706666,       2.741197565
          0,           0,        6063,      -2.736914742,      -0.256806532,    -0.02344706666,       2.741197565
          0,           0,        6064,      -2.736914742,      -0.256806532,    -0.02344706666,       2.741197565
          0,           0,        6065,      -2.736914742,      -0.256806532,    -0.02344706666,       2.741197565
          0,           0,        6066,      -2.736914742,      -0.256806532,    -0.02344706666,       2.741197565
          0,           0,        6067,      -2.736914742,      -0.256806532,    -0.02344706666,       2.741197565
          0,           0,        6068,      -2.736914742,      -0.256806532,    -0.02344706666,       2.741197565
          0,           0,        6069,      -2.736914742,      -0.256806532,    -0.02344706666,       2.741197565
          0,           0,        6070,      -2.736914742,      -0.256806532,    -0.02344706666,       2.741197565
          0,           0,        6071,      -2.736914742,      -0.256806532,    -0.02344706666,       2.741197565
          0,           0,        6072,      -2.736914742,      -0.256806532,    -0.02344706666,       2.741197565
          0,           0,        6073,      -2.736914742,      -0.256806532,    -0.02344706666,       2.741197565
          0,           0,        6074,      -2.736914742,      -0.256806532,    -0.02344706666,       2.741197565
          0,           0,        6075,      -2.736914742,      -0.256806532,    -0.02344706666,       2.741197565
          0,           0,        6076,      -2.736914742,      -0.256806532,    -0.02344706666,       2.741197565
          0,           0,        6077,      -2.736914742,      -0.256806532,    -0.02344706666,       2.741197565
          0,           0,        6078,      -2.736914742,      -0.256806532,    -0.02344706666,       2.741197565
          0,           0,        6079,      -2.736914742,      -0.256806532,    -0.02344706666,       2.741197565
          0,           0,        6080,      -2.736914742,      -0.256806532,    -0.02344706666,       2.741197565
          0,           0,        6081,      -2.736914742,      -0.256806532,    -0.02344706666,       2.741197565
          0,           0,        6082,      -2.736914742,      -0.256806532,    -0.02344706666,       2.741197565
          0,           0,        6083,      -2.736914742,      -0.256806532,    -0.02344706666,       2.741197565
          0,           0,        6084,      -2.736914742,      -0.256806532,    -0.02344706666,       2.741197565
          0,           0,        6085,      -2.736914742,      -0.256806532,    -0.02344706666,       2.741197565
          0,           0,        6086,      -2.736914742,      -0.256806532,    -0.02344706666,       2.741197565
          0,           0,        6087,      -2.736914742,      -0.256806532,    -0.02344706666,       2.741197565
          0,           0,        6088,      -2.736914742,      -0.256806532,    -0.02344706666,       2.741197565
          0,           0,        6089,      -2.736914742,      -0.256806532,    -0.02344706666,       2.741197565
          0,           0,        6090,      -2.736914742,      -0.256806532,    -0.02344706666,       2.741197565
          0,           0,        6091,      -2.736914742,      -0.256806532,    -0.02344706666,       2.741197565
          0,           0,        6092,      -2.736914742,      -0.256806532,    -0.02344706666,       2.741197565
          0,           0,        6093,      -2.736914742,      -0.256806532,    -0.02344706666,       2.741197565
          0,           0,        6094,      -2.736914742,      -0.256806532,    -0.02344706666,       2.741197565
          0,           0,        6095,      -2.736914742,      -0.256806532,    -0.02344706666,       2.741197565
          0,           0,        6096,      -2.736914742,      -0.256806532,    -0.02344706666,       2.741197565
          0,           0,        6097,      -2.736914742,      -0.256806532,    -0.02344706666,       2.741197565
          0,           0,        6098,      -2.736914742,      -0.256806532,    -0.02344706666,       2.741197565
          0,           0,        6099,      -2.736914742,      -0.256806532,    -0.02344706666,       2.741197565
          0,           0,        6100,      -2.736914742,      -0.256806532,    -0.02344706666,       2.741197565
          0,           0,        6101,      -2.736914742,      -0.256806532,    -0.02344706666,       2.741197565
          0,           0,        6102,      -2.736914742,      -0.256806532,    -0.02344706666,       2.741197565
          0,           0,        6103,      -2.736914742,      -0.256806532,    -0.02344706666,       2.741197565
          0,           0,        6104,      -2.736914742,      -0.256806532,    -0.02344706666,       2.741197565
          0,           0,        6105,      -2.736914742,      -0.256806532,    -0.02344706666,       2.741197565
          0,           0,        6106,      -2.736914742,      -0.256806532,    -0.02344706666,       2.741197565
          0,           0,        6107,      -2.736914742,      -0.256806532,    -0.02344706666,       2.741197565
          0,           0,        6108,      -2.736914742,      -0.256806532,    -0.02344706666,       2.741197565
          0,           0,        6109,      -2.736914742,      -0.256806532,    -0.02344706666,       2.741197565
          0,           0,        6110,      -2.736914742,      -0.256806532,    -0.02344706666,       2.741197565
          0,           0,        6111,      -2.736914742,      -0.256806532,    -0.02344706666,       2.741197565
          0,           0,        6112,      -2.736914742,      -0.256806532,    -0.02344706666,       2.741197565
          0,           0,        6113,      -2.736914742,      -0.256806532,    -0.02344706666,       2.741197565
          0,           0,        6114,      -2.736914742,      -0.256806532,    -0.02344706666,       2.741197565
          0,           0,        6115,      -2.736914742,      -0.256806532,    -0.02344706666,       2.741197565
          0,           0,        6116,      -2.736914742,      -0.256806532,    -0.02344706666,       2.741197565
          0,           0,        6117,      -2.736914742,      -0.256806532,    -0.02344706666,       2.741197565
          0,           0,        6118,      -2.736914742,      -0.256806532,    -0.02344706666,       2.741197565
          0,           0,        6119,      -2.736914742,      -0.256806532,    -0.02344706666,       2.741197565
          0,           0,        6120,      -2.736914742,      -0.256806532,    -0.02344706666,       2.741197565
          0,           0,        6121,      -2.736914742,      -0.256806532,    -0.02344706666,       2.741197565
          0,           0,        6122,      -2.736914742,      -0.256806532,    -0.02344706666,       2.741197565
          0,           0,        6123,      -2.736914742,      -0.256806532,    -0.02344706666,       2.741197565
          0,           0,        6124,      -2.736914742,      -0.256806532,    -0.02344706666,       2.741197565
          0,           0,        6125,      -2.736914742,      -0.256806532,    -0.02344706666,       2.741197565
          0,           0,        6126,      -2.736914742,      -0.256806532,    -0.02344706666,       2.741197565
          0,           0,        6127,      -2.736914742,      -0.256806532,    -0.02344706666,       2.741197565
          0,           0,        6128,      -2.736914742,      -0.256806532,    -0.02344706666,       2.741197565
          0,           0,        6129,      -2.736914742,      -0.256806532,    -0.02344706666,       2.741197565
          0,           0,        6130,      -2.736914742,      -0.256806532,    -0.02344706666,       2.741197565
          0,           0,        6131,      -2.736914742,      -0.256806532,    -0.02344706666,       2.741197565
          0,           0,        6132,      -2.736914742,      -0.256806532,    -0.02344706666,       2.741197565
          0,           0,        6133,      -2.736914742,      -0.256806532,    -0.02344706666,       2.741197565
          0,           0,        6134,      -2.736914742,      -0.256806532,    -0.02344706666,       2.741197565
          0,           0,        6135,      -2.736914742,      -0.256806532,    -0.02344706666,       2.741197565
          0,           0,        6136,      -2.736914742,      -0.256806532,    -0.02344706666,       2.741197565
          0,           0,        6137,      -2.736914742,      -0.256806532,    -0.02344706666,       2.741197565
          0,           0,        6138,      -2.736914742,      -0.256806532,    -0.02344706666,       2.741197565
          0,           0,        6139,      -2.736914742,      -0.256806532,    -0.02344706666,       2.741197565
          0,           0,        6140,      -2.736914742,      -0.256806532,    -0.02344706666,       2.741197565
          0,           0,        6141,      -2.736914742,      -0.256806532,    -0.02344706666,       2.741197565
          0,           0,        6142,      -2.736914742,      -0.256806532,    -0.02344706666,       2.741197565
          0,           0,        6143,      -2.736914742,      -0.256806532,    -0.02344706666,       2.741197565
          0,           0,        6144,      -2.736914742,      -0.256806532,    -0.02344706666,       2.741197565
          0,           0,        6145,      -2.736914742,      -0.256806532,    -0.02344706666,       2.741197565
          0,           0,        6146,      -2.736914742,      -0.256806532,    -0.02344706666,       2.741197565
          0,           0,        6147,      -2.736914742,      -0.256806532,    -0.02344706666,       2.741197565
          0,           0,        6148,      -2.736914742,      -0.256806532,    -0.02344706666,       2.741197565
          0,           0,        6149,      -2.736914742,      -0.256806532,    -0.02344706666,       2.741197565
          0,           0,        6150,      -2.736914742,      -0.256806532,    -0.02344706666,       2.741197565
          0,           0,        6151,      -2.736914742,      -0.256806532,    -0.02344706666,       2.741197565
          0,           0,        6152,      -2.736914742,      -0.256806532,    -0.02344706666,       2.741197565
          0,           0,        6153,      -2.736914742,      -0.256806532,    -0.02344706666,       2.741197565
          0,           0,        6154,      -2.736914742,      -0.256806532,    -0.02344706666,       2.741197565
          0,           0,        6155,      -2.736914742,      -0.256806532,    -0.02344706666,       2.741197565
          0,           0,        6156,      -2.736914742,      -0.256806532,    -0.02344706666,       2.741197565
          0,           0,        6157,      -2.736914742,      -0.256806532,    -0.02344706666,       2.741197565
          0,           0,        6158,      -2.736914742,      -0.256806532,    -0.02344706666,       2.741197565
          0,           0,        6159,      -2.736914742,      -0.256806532,    -0.02344706666,       2.741197565
          0,           0,        6160,      -2.736914742,      -0.256806532,    -0.02344706666,       2.741197565
          0,           0,        6161,      -2.736914742,      -0.256806532,    -0.02344706666,       2.741197565
          0,           0,        6162,      -2.736914742,      -0.256806532,    -0.02344706666,       2.741197565
          0,           0,        6163,      -2.736914742,      -0.256806532,    -0.02344706666,       2.741197565
          0,           0,        6164,      -2.736914742,      -0.256806532,    -0.02344706666,       2.741197565
          0,           0,        6165,      -2.736914742,      -0.256806532,    -0.02344706666,       2.741197565
          0,           0,        6166,      -2.736914742,      -0.256806532,    -0.02344706666,       2.741197565
          0,           0,        6167,      -2.736914742,      -0.256806532,    -0.02344706666,       2.741197565
          0,           0,        6168,      -2.736914742,      -0.256806532,    -0.02344706666,       2.741197565
          0,           0,        6169,      -2.736914742,      -0.256806532,    -0.02344706666,       2.741197565
          0,           0,        6170,      -2.736914742,      -0.256806532,    -0.02344706666,       2.741197565
          0,           0,        6171,      -2.736914742,      -0.256806532,    -0.02344706666,       2.741197565
          0,           0,        6172,      -2.736914742,      -0.256806532,    -0.02344706666,       2.741197565
          0,           0,        6173,      -2.736914742,      -0.256806532,    -0.02344706666,       2.741197565
          0,           0,        6174,      -2.736914742,      -0.256806532,    -0.02344706666,       2.741197565
          0,           0,        6175,      -2.736914742,      -0.256806532,    -0.02344706666,       2.741197565
          0,           0,        6176,      -2.736914742,      -0.256806532,    -0.02344706666,       2.741197565
          0,           0,        6177,      -2.736914742,      -0.256806532,    -0.02344706666,       2.741197565
          0,           0,        6178,      -2.736914742,      -0.256806532,    -0.02344706666,       2.741197565
          0,           0,        6179,      -2.736914742,      -0.256806532,    -0.02344706666,       2.741197565
          0,           0,        6180,      -2.736914742,      -0.256806532,    -0.02344706666,       2.741197565
          0,           0,        6181,      -2.736914742,      -0.256806532,    -0.02344706666,       2.741197565
          0,           0,        6182,      -2.736914742,      -0.256806532,    -0.02344706666,       2.741197565
          0,           0,        6183,      -2.736914742,      -0.256806532,    -0.02344706666,       2.741197565
          0,           0,        6184,      -2.736914742,      -0.256806532,    -0.02344706666,       2.741197565
          0,           0,        6185,      -2.736914742,      -0.256806532,    -0.02344706666,       2.741197565
          0,           0,        6186,      -2.736914742,      -0.256806532,    -0.02344706666,       2.741197565
          0,           0,        6187,      -2.736914742,      -0.256806532,    -0.02344706666,       2.741197565
          0,           0,        6188,      -2.736914742,      -0.256806532,    -0.02344706666,       2.741197565
          0,           0,        6189,      -2.736914742,      -0.256806532,    -0.02344706666,       2.741197565
          0,           0,        6190,      -2.736914742,      -0.256806532,    -0.02344706666,       2.741197565
          0,           0,        6191,      -2.736914742,      -0.256806532,    -0.02344706666,       2.741197565
          0,           0,        6192,      -2.736914742,      -0.256806532,    -0.02344706666,       2.741197565
          0,           0,        6193,      -2.736914742,      -0.256806532,    -0.02344706666,       2.741197565
          0,           0,        6194,      -2.736914742,      -0.256806532,    -0.02344706666,       2.741197565
          0,           0,        6195,      -2.736914742,      -0.256806532,    -0.02344706666,       2.741197565
          0,           0,        6196,      -2.736914742,      -0.256806532,    -0.02344706666,       2.741197565
          0,           0,        6197,      -2.736914742,      -0.256806532,    -0.02344706666,       2.741197565
          0,           0,        6198,      -2.736914742,      -0.256806532,    -0.02344706666,       2.741197565
          0,           0,        6199,      -2.736914742,      -0.256806532,    -0.02344706666,       2.741197565
          0,           0,        6200,      -2.736914742,      -0.256806532,    -0.02344706666,       2.741197565
          0,           0,        6201,      -2.736914742,      -0.256806532,    -0.02344706666,       2.741197565
          0,           0,        6202,      -2.736914742,      -0.256806532,    -0.02344706666,       2.741197565
          0,           0,        6203,      -2.736914742,      -0.256806532,    -0.02344706666,       2.741197565
          0,           0,        6204,      -2.736914742,      -0.256806532,    -0.02344706666,       2.741197565
          0,           0,        6205,      -2.736914742,      -0.256806532,    -0.02344706666,       2.741197565
          0,           0,        6206,      -2.736914742,      -0.256806532,    -0.02344706666,       2.741197565
          0,           0,        6207,      -2.736914742,      -0.256806532,    -0.02344706666,       2.741197565
          0,           0,        6208,      -2.736914742,      -0.256806532,    -0.02344706666,       2.741197565
          0,           0,        6209,      -2.736914742,      -0.256806532,    -0.02344706666,       2.741197565
          0,           0,        6210,      -2.736914742,      -0.256806532,    -0.02344706666,       2.741197565
          0,           0,        6211,      -2.736914742,      -0.256806532,    -0.02344706666,       2.741197565
          0,           0,        6212,      -2.736914742,      -0.256806532,    -0.02344706666,       2.741197565
          0,           0,        6213,      -2.736914742,      -0.256806532,    -0.02344706666,       2.741197565
          0,           0,        6214,      -2.736914742,      -0.256806532,    -0.02344706666,       2.741197565
          0,           0,        6215,      -2.736914742,      -0.256806532,    -0.02344706666,       2.741197565
          0,           0,        6216,      -2.736914742,      -0.256806532,    -0.02344706666,       2.741197565
          0,           0,        6217,      -2.736914742,      -0.256806532,    -0.02344706666,       2.741197565
          0,           0,        6218,      -2.736914742,      -0.256806532,    -0.02344706666,       2.741197565
          0,           0,        6219,      -2.736914742,      -0.256806532,    -0.02344706666,       2.741197565
          0,           0,        6220,      -2.736914742,      -0.256806532,    -0.02344706666,       2.741197565
          0,           0,        6221,      -2.736914742,      -0.256806532,    -0.02344706666,       2.741197565
          0,           0,        6222,      -2.736914742,      -0.256806532,    -0.02344706666,       2.741197565
          0,           0,        6223,      -2.736914742,      -0.256806532,    -0.02344706666,       2.741197565
          0,           0,        6224,      -2.736914742,      -0.256806532,    -0.02344706666,       2.741197565
          0,           0,        6225,      -2.736914742,      -0.256806532,    -0.02344706666,       2.741197565
          0,           0,        6226,      -2.736914742,      -0.256806532,    -0.02344706666,       2.741197565
          0,           0,        6227,      -2.736914742,      -0.256806532,    -0.02344706666,       2.741197565
          0,           0,        6228,      -2.736914742,      -0.256806532,    -0.02344706666,       2.741197565
          0,           0,        6229,      -2.736914742,      -0.256806532,    -0.02344706666,       2.741197565
          0,           0,        6230,      -2.736914742,      -0.256806532,    -0.02344706666,       2.741197565
          0,           0,        6231,      -2.736914742,      -0.256806532,    -0.02344706666,       2.741197565
          0,           0,        6232,      -2.736914742,      -0.256806532,    -0.02344706666,       2.741197565
          0,           0,        6233,      -2.736914742,      -0.256806532,    -0.02344706666,       2.741197565
          0,           0,        6234,      -2.736914742,      -0.256806532,    -0.02344706666,       2.741197565
          0,           0,        6235,      -2.736914742,      -0.256806532,    -0.02344706666,       2.741197565
          0,           0,        6236,      -2.736914742,      -0.256806532,    -0.02344706666,       2.741197565
          0,           0,        6237,      -2.736914742,      -0.256806532,    -0.02344706666,       2.741197565
          0,           0,        6238,      -2.736914742,      -0.256806532,    -0.02344706666,       2.741197565
          0,           0,        6239,      -2.736914742,      -0.256806532,    -0.02344706666,       2.741197565
          0,           0,        6240,      -2.736914742,      -0.256806532,    -0.02344706666,       2.741197565
          0,           0,        6241,      -2.736914742,      -0.256806532,    -0.02344706666,       2.741197565
          0,           0,        6242,      -2.736914742,      -0.256806532,    -0.02344706666,       2.741197565
          0,           0,        6243,      -2.736914742,      -0.256806532,    -0.02344706666,       2.741197565
          0,           0,        6244,      -2.736914742,      -0.256806532,    -0.02344706666,       2.741197565
          0,           0,        6245,      -2.736914742,      -0.256806532,    -0.02344706666,       2.741197565
          0,           0,        6246,      -2.736914742,      -0.256806532,    -0.02344706666,       2.741197565
          0,           0,        6247,      -2.736914742,      -0.256806532,    -0.02344706666,       2.741197565
          0,           0,        6248,      -2.736914742,      -0.256806532,    -0.02344706666,       2.741197565
          0,           0,        6249,      -2.736914742,      -0.256806532,    -0.02344706666,       2.741197565
          0,           0,        6250,      -2.736914742,      -0.256806532,    -0.02344706666,       2.741197565
          0,           0,        6251,      -2.736914742,      -0.256806532,    -0.02344706666,       2.741197565
          0,           0,        6252,      -2.736914742,      -0.256806532,    -0.02344706666,       2.741197565
          0,           0,        6253,      -2.736914742,      -0.256806532,    -0.02344706666,       2.741197565
          0,           0,        6254,      -2.736914742,      -0.256806532,    -0.02344706666,       2.741197565
          0,           0,        6255,      -2.736914742,      -0.256806532,    -0.02344706666,       2.741197565
          0,           0,        6256,      -2.736914742,      -0.256806532,    -0.02344706666,       2.741197565
          0,           0,        6257,      -2.736914742,      -0.256806532,    -0.02344706666,       2.741197565
          0,           0,        6258,      -2.736914742,      -0.256806532,    -0.02344706666,       2.741197565
          0,           0,        6259,      -2.736914742,      -0.256806532,    -0.02344706666,       2.741197565
          0,           0,        6260,      -2.736914742,      -0.256806532,    -0.02344706666,       2.741197565
          0,           0,        6261,      -2.736914742,      -0.256806532,    -0.02344706666,       2.741197565
          0,           0,        6262,      -2.736914742,      -0.256806532,    -0.02344706666,       2.741197565
          0,           0,        6263,      -2.736914742,      -0.256806532,    -0.02344706666,       2.741197565
          0,           0,        6264,      -2.736914742,      -0.256806532,    -0.02344706666,       2.741197565
          0,           0,        6265,      -2.736914742,      -0.256806532,    -0.02344706666,       2.741197565
          0,           0,        6266,      -2.736914742,      -0.256806532,    -0.02344706666,       2.741197565
          0,           0,        6267,      -2.736914742,      -0.256806532,    -0.02344706666,       2.741197565
          0,           0,        6268,      -2.736914742,      -0.256806532,    -0.02344706666,       2.741197565
          0,           0,        6269,      -2.736914742,      -0.256806532,    -0.02344706666,       2.741197565
          0,           0,        6270,      -2.736914742,      -0.256806532,    -0.02344706666,       2.741197565
          0,           0,        6271,      -2.736914742,      -0.256806532,    -0.02344706666,       2.741197565
          0,           0,        6272,      -2.736914742,      -0.256806532,    -0.02344706666,       2.741197565
          0,           0,        6273,      -2.736914742,      -0.256806532,    -0.02344706666,       2.741197565
          0,           0,        6274,      -2.736914742,      -0.256806532,    -0.02344706666,       2.741197565
          0,           0,        6275,      -2.736914742,      -0.256806532,    -0.02344706666,       2.741197565
          0,           0,        6276,      -2.736914742,      -0.256806532,    -0.02344706666,       2.741197565
          0,           0,        6277,      -2.736914742,      -0.256806532,    -0.02344706666,       2.741197565
          0,           0,        6278,      -2.736914742,      -0.256806532,    -0.02344706666,       2.741197565
          0,           0,        6279,      -2.736914742,      -0.256806532,    -0.02344706666,       2.741197565
          0,           0,        6280,      -2.736914742,      -0.256806532,    -0.02344706666,       2.741197565
          0,           0,        6281,      -2.736914742,      -0.256806532,    -0.02344706666,       2.741197565
          0,           0,        6282,      -2.736914742,      -0.256806532,    -0.02344706666,       2.741197565
          0,           0,        6283,      -2.736914742,      -0.256806532,    -0.02344706666,       2.741197565
          0,           0,        6284,      -2.736914742,      -0.256806532,    -0.02344706666,       2.741197565
          0,           0,        6285,      -2.736914742,      -0.256806532,    -0.02344706666,       2.741197565
          0,           0,        6286,      -2.736914742,      -0.256806532,    -0.02344706666,       2.741197565
          0,           0,        6287,      -2.736914742,      -0.256806532,    -0.02344706666,       2.741197565
          0,           0,        6288,      -2.736914742,      -0.256806532,    -0.02344706666,       2.741197565
          0,           0,        6289,      -2.736914742,      -0.256806532,    -0.02344706666,       2.741197565
          0,           0,        6290,      -2.736914742,      -0.256806532,    -0.02344706666,       2.741197565
          0,           0,        6291,      -2.736914742,      -0.256806532,    -0.02344706666,       2.741197565
          0,           0,        6292,      -2.736914742,      -0.256806532,    -0.02344706666,       2.741197565
          0,           0,        6293,      -2.736914742,      -0.256806532,    -0.02344706666,       2.741197565
          0,           0,        6294,      -2.736914742,      -0.256806532,    -0.02344706666,       2.741197565
          0,           0,        6295,      -2.736914742,      -0.256806532,    -0.02344706666,       2.741197565
          0,           0,        6296,      -2.736914742,      -0.256806532,    -0.02344706666,       2.741197565
          0,           0,        6297,      -2.736914742,      -0.256806532,    -0.02344706666,       2.741197565
          0,           0,        6298,      -2.736914742,      -0.256806532,    -0.02344706666,       2.741197565
          0,           0,        6299,      -2.736914742,      -0.256806532,    -0.02344706666,       2.741197565
          0,           0,        6300,      -2.736914742,      -0.256806532,    -0.02344706666,       2.741197565
          0,           0,        6301,      -2.736914742,      -0.256806532,    -0.02344706666,       2.741197565
          0,           0,        6302,      -2.736914742,      -0.256806532,    -0.02344706666,       2.741197565
          0,           0,        6303,      -2.736914742,      -0.256806532,    -0.02344706666,       2.741197565
          0,           0,        6304,      -2.736914742,      -0.256806532,    -0.02344706666,       2.741197565
          0,           0,        6305,      -2.736914742,      -0.256806532,    -0.02344706666,       2.741197565
          0,           0,        6306,      -2.736914742,      -0.256806532,    -0.02344706666,       2.741197565
          0,           0,        6307,      -2.736914742,      -0.256806532,    -0.02344706666,       2.741197565
          0,           0,        6308,      -2.736914742,      -0.256806532,    -0.02344706666,       2.741197565
          0,           0,        6309,      -2.736914742,      -0.256806532,    -0.02344706666,       2.741197565
          0,           0,        6310,      -2.736914742,      -0.256806532,    -0.02344706666,       2.741197565
          0,           0,        6311,      -2.736914742,      -0.256806532,    -0.02344706666,       2.741197565
          0,           0,        6312,      -2.736914742,      -0.256806532,    -0.02344706666,       2.741197565
          0,           0,        6313,      -2.736914742,      -0.256806532,    -0.02344706666,       2.741197565
          0,           0,        6314,      -2.736914742,      -0.256806532,    -0.02344706666,       2.741197565
          0,           0,        6315,      -2.736914742,      -0.256806532,    -0.02344706666,       2.741197565
          0,           0,        6316,      -2.736914742,      -0.256806532,    -0.02344706666,       2.741197565
          0,           0,        6317,      -2.736914742,      -0.256806532,    -0.02344706666,       2.741197565
          0,           0,        6318,      -2.736914742,      -0.256806532,    -0.02344706666,       2.741197565
          0,           0,        6319,      -2.736914742,      -0.256806532,    -0.02344706666,       2.741197565
          0,           0,        6320,      -2.736914742,      -0.256806532,    -0.02344706666,       2.741197565
          0,           0,        6321,      -2.736914742,      -0.256806532,    -0.02344706666,       2.741197565
          0,           0,        6322,      -2.736914742,      -0.256806532,    -0.02344706666,       2.741197565
          0,           0,        6323,      -2.736914742,      -0.256806532,    -0.02344706666,       2.741197565
          0,           0,        6324,      -2.736914742,      -0.256806532,    -0.02344706666,       2.741197565
          0,           0,        6325,      -2.736914742,      -0.256806532,    -0.02344706666,       2.741197565
          0,           0,        6326,      -2.736914742,      -0.256806532,    -0.02344706666,       2.741197565
          0,           0,        6327,      -2.736914742,      -0.256806532,    -0.02344706666,       2.741197565
          0,           0,        6328,      -2.736914742,      -0.256806532,    -0.02344706666,       2.741197565
          0,           0,        6329,      -2.736914742,      -0.256806532,    -0.02344706666,       2.741197565
          0,           0,        6330,      -2.736914742,      -0.256806532,    -0.02344706666,       2.741197565
          0,           0,        6331,      -2.736914742,      -0.256806532,    -0.02344706666,       2.741197565
          0,           0,        6332,      -2.736914742,      -0.256806532,    -0.02344706666,       2.741197565
          0,           0,        6333,      -2.736914742,      -0.256806532,    -0.02344706666,       2.741197565
          0,           0,        6334,      -2.736914742,      -0.256806532,    -0.02344706666,       2.741197565
          0,           0,        6335,      -2.736914742,      -0.256806532,    -0.02344706666,       2.741197565
          0,           0,        6336,      -2.736914742,      -0.256806532,    -0.02344706666,       2.741197565
          0,           0,        6337,      -2.736914742,      -0.256806532,    -0.02344706666,       2.741197565
          0,           0,        6338,      -2.736914742,      -0.256806532,    -0.02344706666,       2.741197565
          0,           0,        6339,      -2.736914742,      -0.256806532,    -0.02344706666,       2.741197565
          0,           0,        6340,      -2.736914742,      -0.256806532,    -0.02344706666,       2.741197565
          0,           0,        6341,      -2.736914742,      -0.256806532,    -0.02344706666,       2.741197565
          0,           0,        6342,      -2.736914742,      -0.256806532,    -0.02344706666,       2.741197565
          0,           0,        6343,      -2.736914742,      -0.256806532,    -0.02344706666,       2.741197565
          0,           0,        6344,      -2.736914742,      -0.256806532,    -0.02344706666,       2.741197565
          0,           0,        6345,      -2.736914742,      -0.256806532,    -0.02344706666,       2.741197565
          0,           0,        6346,      -2.736914742,      -0.256806532,    -0.02344706666,       2.741197565
          0,           0,        6347,      -2.736914742,      -0.256806532,    -0.02344706666,       2.741197565
          0,           0,        6348,      -2.736914742,      -0.256806532,    -0.02344706666,       2.741197565
          0,           0,        6349,      -2.736914742,      -0.256806532,    -0.02344706666,       2.741197565
          0,           0,        6350,      -2.736914742,      -0.256806532,    -0.02344706666,       2.741197565
          0,           0,        6351,      -2.736914742,      -0.256806532,    -0.02344706666,       2.741197565
          0,           0,        6352,      -2.736914742,      -0.256806532,    -0.02344706666,       2.741197565
          0,           0,        6353,      -2.736914742,      -0.256806532,    -0.02344706666,       2.741197565
          0,           0,        6354,      -2.736914742,      -0.256806532,    -0.02344706666,       2.741197565
          0,           0,        6355,      -2.736914742,      -0.256806532,    -0.02344706666,       2.741197565
          0,           0,        6356,      -2.736914742,      -0.256806532,    -0.02344706666,       2.741197565
          0,           0,        6357,      -2.736914742,      -0.256806532,    -0.02344706666,       2.741197565
          0,           0,        6358,      -2.736914742,      -0.256806532,    -0.02344706666,       2.741197565
          0,           0,        6359,      -2.736914742,      -0.256806532,    -0.02344706666,       2.741197565
          0,           0,        6360,      -2.736914742,      -0.256806532,    -0.02344706666,       2.741197565
          0,           0,        6361,      -2.736914742,      -0.256806532,    -0.02344706666,       2.741197565
          0,           0,        6362,      -2.736914742,      -0.256806532,    -0.02344706666,       2.741197565
          0,           0,        6363,      -2.736914742,      -0.256806532,    -0.02344706666,       2.741197565
          0,           0,        6364,      -2.736914742,      -0.256806532,    -0.02344706666,       2.741197565
          0,           0,        6365,      -2.736914742,      -0.256806532,    -0.02344706666,       2.741197565
          0,           0,        6366,      -2.736914742,      -0.256806532,    -0.02344706666,       2.741197565
          0,           0,        6367,      -2.736914742,      -0.256806532,    -0.02344706666,       2.741197565
          0,           0,        6368,      -2.736914742,      -0.256806532,    -0.02344706666,       2.741197565
          0,           0,        6369,      -2.736914742,      -0.256806532,    -0.02344706666,       2.741197565
          0,           0,        6370,      -2.736914742,      -0.256806532,    -0.02344706666,       2.741197565
          0,           0,        6371,      -2.736914742,      -0.256806532,    -0.02344706666,       2.741197565
          0,           0,        6372,      -2.736914742,      -0.256806532,    -0.02344706666,       2.741197565
          0,           0,        6373,      -2.736914742,      -0.256806532,    -0.02344706666,       2.741197565
          0,           0,        6374,      -2.736914742,      -0.256806532,    -0.02344706666,       2.741197565
          0,           0,        6375,      -2.736914742,      -0.256806532,    -0.02344706666,       2.741197565
          0,           0,        6376,      -2.736914742,      -0.256806532,    -0.02344706666,       2.741197565
          0,           0,        6377,      -2.736914742,      -0.256806532,    -0.02344706666,       2.741197565
          0,           0,        6378,      -2.736914742,      -0.256806532,    -0.02344706666,       2.741197565
          0,           0,        6379,      -2.736914742,      -0.256806532,    -0.02344706666,       2.741197565
          0,           0,        6380,      -2.736914742,      -0.256806532,    -0.02344706666,       2.741197565
          0,           0,        6381,      -2.736914742,      -0.256806532,    -0.02344706666,       2.741197565
          0,           0,        6382,      -2.736914742,      -0.256806532,    -0.02344706666,       2.741197565
          0,           0,        6383,      -2.736914742,      -0.256806532,    -0.02344706666,       2.741197565
          0,           0,        6384,      -2.736914742,      -0.256806532,    -0.02344706666,       2.741197565
          0,           0,        6385,      -2.736914742,      -0.256806532,    -0.02344706666,       2.741197565
          0,           0,        6386,      -2.736914742,      -0.256806532,    -0.02344706666,       2.741197565
          0,           0,        6387,      -2.736914742,      -0.256806532,    -0.02344706666,       2.741197565
          0,           0,        6388,      -2.736914742,      -0.256806532,    -0.02344706666,       2.741197565
          0,           0,        6389,      -2.736914742,      -0.256806532,    -0.02344706666,       2.741197565
          0,           0,        6390,      -2.736914742,      -0.256806532,    -0.02344706666,       2.741197565
          0,           0,        6391,      -2.736914742,      -0.256806532,    -0.02344706666,       2.741197565
          0,           0,        6392,      -2.736914742,      -0.256806532,    -0.02344706666,       2.741197565
          0,           0,        6393,      -2.736914742,      -0.256806532,    -0.02344706666,       2.741197565
          0,           0,        6394,      -2.736914742,      -0.256806532,    -0.02344706666,       2.741197565
          0,           0,        6395,      -2.736914742,      -0.256806532,    -0.02344706666,       2.741197565
          0,           0,        6396,      -2.736914742,      -0.256806532,    -0.02344706666,       2.741197565
          0,           0,        6397,      -2.736914742,      -0.256806532,    -0.02344706666,       2.741197565
          0,           0,        6398,      -2.736914742,      -0.256806532,    -0.02344706666,       2.741197565
          0,           0,        6399,      -2.736914742,      -0.256806532,    -0.02344706666,       2.741197565
          0,           0,        6400,      -2.736914742,      -0.256806532,    -0.02344706666,       2.741197565
          0,           0,        6401,      -2.736914742,      -0.256806532,    -0.02344706666,       2.741197565
          0,           0,        6402,      -2.736914742,      -0.256806532,    -0.02344706666,       2.741197565
          0,           0,        6403,      -2.736914742,      -0.256806532,    -0.02344706666,       2.741197565
          0,           0,        6404,      -2.736914742,      -0.256806532,    -0.02344706666,       2.741197565
          0,           0,        6405,      -2.736914742,      -0.256806532,    -0.02344706666,       2.741197565
          0,           0,        6406,      -2.736914742,      -0.256806532,    -0.02344706666,       2.741197565
          0,           0,        6407,      -2.736914742,      -0.256806532,    -0.02344706666,       2.741197565
          0,           0,        6408,      -2.736914742,      -0.256806532,    -0.02344706666,       2.741197565
          0,           0,        6409,      -2.736914742,      -0.256806532,    -0.02344706666,       2.741197565
          0,           0,        6410,      -2.736914742,      -0.256806532,    -0.02344706666,       2.741197565
          0,           0,        6411,      -2.736914742,      -0.256806532,    -0.02344706666,       2.741197565
          0,           0,        6412,      -2.736914742,      -0.256806532,    -0.02344706666,       2.741197565
          0,           0,        6413,      -2.736914742,      -0.256806532,    -0.02344706666,       2.741197565
          0,           0,        6414,      -2.736914742,      -0.256806532,    -0.02344706666,       2.741197565
          0,           0,        6415,      -2.736914742,      -0.256806532,    -0.02344706666,       2.741197565
          0,           0,        6416,      -2.736914742,      -0.256806532,    -0.02344706666,       2.741197565
          0,           0,        6417,      -2.736914742,      -0.256806532,    -0.02344706666,       2.741197565
          0,           0,        6418,      -2.736914742,      -0.256806532,    -0.02344706666,       2.741197565
          0,           0,        6419,      -2.736914742,      -0.256806532,    -0.02344706666,       2.741197565
          0,           0,        6420,      -2.736914742,      -0.256806532,    -0.02344706666,       2.741197565
          0,           0,        6421,      -2.736914742,      -0.256806532,    -0.02344706666,       2.741197565
          0,           0,        6422,      -2.736914742,      -0.256806532,    -0.02344706666,       2.741197565
          0,           0,        6423,      -2.736914742,      -0.256806532,    -0.02344706666,       2.741197565
          0,           0,        6424,      -2.736914742,      -0.256806532,    -0.02344706666,       2.741197565
          0,           0,        6425,      -2.736914742,      -0.256806532,    -0.02344706666,       2.741197565
          0,           0,        6426,      -2.736914742,      -0.256806532,    -0.02344706666,       2.741197565
          0,           0,        6427,      -2.736914742,      -0.256806532,    -0.02344706666,       2.741197565
          0,           0,        6428,      -2.736914742,      -0.256806532,    -0.02344706666,       2.741197565
          0,           0,        6429,      -2.736914742,      -0.256806532,    -0.02344706666,       2.741197565
          0,           0,        6430,      -2.736914742,      -0.256806532,    -0.02344706666,       2.741197565
          0,           0,        6431,      -2.736914742,      -0.256806532,    -0.02344706666,       2.741197565
          0,           0,        6432,      -2.736914742,      -0.256806532,    -0.02344706666,       2.741197565
          0,           0,        6433,      -2.736914742,      -0.256806532,    -0.02344706666,       2.741197565
          0,           0,        6434,      -2.736914742,      -0.256806532,    -0.02344706666,       2.741197565
          0,           0,        6435,      -2.736914742,      -0.256806532,    -0.02344706666,       2.741197565
          0,           0,        6436,      -2.736914742,      -0.256806532,    -0.02344706666,       2.741197565
          0,           0,        6437,      -2.736914742,      -0.256806532,    -0.02344706666,       2.741197565
          0,           0,        6438,      -2.736914742,      -0.256806532,    -0.02344706666,       2.741197565
          0,           0,        6439,      -2.736914742,      -0.256806532,    -0.02344706666,       2.741197565
          0,           0,        6440,      -2.736914742,      -0.256806532,    -0.02344706666,       2.741197565
          0,           0,        6441,      -2.736914742,      -0.256806532,    -0.02344706666,       2.741197565
          0,           0,        6442,      -2.736914742,      -0.256806532,    -0.02344706666,       2.741197565
          0,           0,        6443,      -2.736914742,      -0.256806532,    -0.02344706666,       2.741197565
          0,           0,        6444,      -2.736914742,      -0.256806532,    -0.02344706666,       2.741197565
          0,           0,        6445,      -2.736914742,      -0.256806532,    -0.02344706666,       2.741197565
          0,           0,        6446,      -2.736914742,      -0.256806532,    -0.02344706666,       2.741197565
          0,           0,        6447,      -2.736914742,      -0.256806532,    -0.02344706666,       2.741197565
          0,           0,        6448,      -2.736914742,      -0.256806532,    -0.02344706666,       2.741197565
          0,           0,        6449,      -2.736914742,      -0.256806532,    -0.02344706666,       2.741197565
          0,           0,        6450,      -2.736914742,      -0.256806532,    -0.02344706666,       2.741197565
          0,           0,        6451,      -2.736914742,      -0.256806532,    -0.02344706666,       2.741197565
          0,           0,        6452,      -2.736914742,      -0.256806532,    -0.02344706666,       2.741197565
          0,           0,        6453,      -2.736914742,      -0.256806532,    -0.02344706666,       2.741197565
          0,           0,        6454,      -2.736914742,      -0.256806532,    -0.02344706666,       2.741197565
          0,           0,        6455,      -2.736914742,      -0.256806532,    -0.02344706666,       2.741197565
          0,           0,        6456,      -2.736914742,      -0.256806532,    -0.02344706666,       2.741197565
          0,           0,        6457,      -2.736914742,      -0.256806532,    -0.02344706666,       2.741197565
          0,           0,        6458,      -2.736914742,      -0.256806532,    -0.02344706666,       2.741197565
          0,           0,        6459,      -2.736914742,      -0.256806532,    -0.02344706666,       2.741197565
          0,           0,        6460,      -2.736914742,      -0.256806532,    -0.02344706666,       2.741197565
          0,           0,        6461,      -2.736914742,      -0.256806532,    -0.02344706666,       2.741197565
          0,           0,        6462,      -2.736914742,      -0.256806532,    -0.02344706666,       2.741197565
          0,           0,        6463,      -2.736914742,      -0.256806532,    -0.02344706666,       2.741197565
          0,           0,        6464,      -2.736914742,      -0.256806532,    -0.02344706666,       2.741197565
          0,           0,        6465,      -2.736914742,      -0.256806532,    -0.02344706666,       2.741197565
          0,           0,        6466,      -2.736914742,      -0.256806532,    -0.02344706666,       2.741197565
          0,           0,        6467,      -2.736914742,      -0.256806532,    -0.02344706666,       2.741197565
          0,           0,        6468,      -2.736914742,      -0.256806532,    -0.02344706666,       2.741197565
          0,           0,        6469,      -2.736914742,      -0.256806532,    -0.02344706666,       2.741197565
          0,           0,        6470,      -2.736914742,      -0.256806532,    -0.02344706666,       2.741197565
          0,           0,        6471,      -2.736914742,      -0.256806532,    -0.02344706666,       2.741197565
          0,           0,        6472,      -2.736914742,      -0.256806532,    -0.02344706666,       2.741197565
          0,           0,        6473,      -2.736914742,      -0.256806532,    -0.02344706666,       2.741197565
          0,           0,        6474,      -2.736914742,      -0.256806532,    -0.02344706666,       2.741197565
          0,           0,        6475,      -2.736914742,      -0.256806532,    -0.02344706666,       2.741197565
          0,           0,        6476,      -2.736914742,      -0.256806532,    -0.02344706666,       2.741197565
          0,           0,        6477,      -2.736914742,      -0.256806532,    -0.02344706666,       2.741197565
          0,           0,        6478,      -2.736914742,      -0.256806532,    -0.02344706666,       2.741197565
          0,           0,        6479,      -2.736914742,      -0.256806532,    -0.02344706666,       2.741197565
          0,           0,        6480,      -2.736914742,      -0.256806532,    -0.02344706666,       2.741197565
          0,           0,        6481,      -2.736914742,      -0.256806532,    -0.02344706666,       2.741197565
          0,           0,        6482,      -2.736914742,      -0.256806532,    -0.02344706666,       2.741197565
          0,           0,        6483,      -2.736914742,      -0.256806532,    -0.02344706666,       2.741197565
          0,           0,        6484,      -2.736914742,      -0.256806532,    -0.02344706666,       2.741197565
          0,           0,        6485,      -2.736914742,      -0.256806532,    -0.02344706666,       2.741197565
          0,           0,        6486,      -2.736914742,      -0.256806532,    -0.02344706666,       2.741197565
          0,           0,        6487,      -2.736914742,      -0.256806532,    -0.02344706666,       2.741197565
          0,           0,        6488,      -2.736914742,      -0.256806532,    -0.02344706666,       2.741197565
          0,           0,        6489,      -2.736914742,      -0.256806532,    -0.02344706666,       2.741197565
          0,           0,        6490,      -2.736914742,      -0.256806532,    -0.02344706666,       2.741197565
          0,           0,        6491,      -2.736914742,      -0.256806532,    -0.02344706666,       2.741197565
          0,           0,        6492,      -2.736914742,      -0.256806532,    -0.02344706666,       2.741197565
          0,           0,        6493,      -2.736914742,      -0.256806532,    -0.02344706666,       2.741197565
          0,           0,        6494,      -2.736914742,      -0.256806532,    -0.02344706666,       2.741197565
          0,           0,        6495,      -2.736914742,      -0.256806532,    -0.02344706666,       2.741197565
          0,           0,        6496,      -2.736914742,      -0.256806532,    -0.02344706666,       2.741197565
          0,           0,        6497,      -2.736914742,      -0.256806532,    -0.02344706666,       2.741197565
          0,           0,        6498,      -2.736914742,      -0.256806532,    -0.02344706666,       2.741197565
          0,           0,        6499,      -2.736914742,      -0.256806532,    -0.02344706666,       2.741197565
          0,           0,        6500,      -2.736914742,      -0.256806532,    -0.02344706666,       2.741197565
          0,           0,        6501,      -2.736914742,      -0.256806532,    -0.02344706666,       2.741197565
          0,           0,        6502,      -2.736914742,      -0.256806532,    -0.02344706666,       2.741197565
          0,           0,        6503,      -2.736914742,      -0.256806532,    -0.02344706666,       2.741197565
          0,           0,        6504,      -2.736914742,      -0.256806532,    -0.02344706666,       2.741197565
          0,           0,        6505,      -2.736914742,      -0.256806532,    -0.02344706666,       2.741197565
          0,           0,        6506,      -2.736914742,      -0.256806532,    -0.02344706666,       2.741197565
          0,           0,        6507,      -2.736914742,      -0.256806532,    -0.02344706666,       2.741197565
          0,           0,        6508,      -2.736914742,      -0.256806532,    -0.02344706666,       2.741197565
          0,           0,        6509,      -2.736914742,      -0.256806532,    -0.02344706666,       2.741197565
          0,           0,        6510,      -2.736914742,      -0.256806532,    -0.02344706666,       2.741197565
          0,           0,        6511,      -2.736914742,      -0.256806532,    -0.02344706666,       2.741197565
          0,           0,        6512,      -2.736914742,      -0.256806532,    -0.02344706666,       2.741197565
          0,           0,        6513,      -2.736914742,      -0.256806532,    -0.02344706666,       2.741197565
          0,           0,        6514,      -2.736914742,      -0.256806532,    -0.02344706666,       2.741197565
          0,           0,        6515,      -2.736914742,      -0.256806532,    -0.02344706666,       2.741197565
          0,           0,        6516,      -2.736914742,      -0.256806532,    -0.02344706666,       2.741197565
          0,           0,        6517,      -2.736914742,      -0.256806532,    -0.02344706666,       2.741197565
          0,           0,        6518,      -2.736914742,      -0.256806532,    -0.02344706666,       2.741197565
          0,           0,        6519,      -2.736914742,      -0.256806532,    -0.02344706666,       2.741197565
          0,           0,        6520,      -2.736914742,      -0.256806532,    -0.02344706666,       2.741197565
          0,           0,        6521,      -2.736914742,      -0.256806532,    -0.02344706666,       2.741197565
          0,           0,        6522,      -2.736914742,      -0.256806532,    -0.02344706666,       2.741197565
          0,           0,        6523,      -2.736914742,      -0.256806532,    -0.02344706666,       2.741197565
          0,           0,        6524,      -2.736914742,      -0.256806532,    -0.02344706666,       2.741197565
          0,           0,        6525,      -2.736914742,      -0.256806532,    -0.02344706666,       2.741197565
          0,           0,        6526,      -2.736914742,      -0.256806532,    -0.02344706666,       2.741197565
          0,           0,        6527,      -2.736914742,      -0.256806532,    -0.02344706666,       2.741197565
          0,           0,        6528,      -2.736914742,      -0.256806532,    -0.02344706666,       2.741197565
          0,           0,        6529,      -2.736914742,      -0.256806532,    -0.02344706666,       2.741197565
          0,           0,        6530,      -2.736914742,      -0.256806532,    -0.02344706666,       2.741197565
          0,           0,        6531,      -2.736914742,      -0.256806532,    -0.02344706666,       2.741197565
          0,           0,        6532,      -2.736914742,      -0.256806532,    -0.02344706666,       2.741197565
          0,           0,        6533,      -2.736914742,      -0.256806532,    -0.02344706666,       2.741197565
          0,           0,        6534,      -2.736914742,      -0.256806532,    -0.02344706666,       2.741197565
          0,           0,        6535,      -2.736914742,      -0.256806532,    -0.02344706666,       2.741197565
          0,           0,        6536,      -2.736914742,      -0.256806532,    -0.02344706666,       2.741197565
          0,           0,        6537,      -2.736914742,      -0.256806532,    -0.02344706666,       2.741197565
          0,           0,        6538,      -2.736914742,      -0.256806532,    -0.02344706666,       2.741197565
          0,           0,        6539,      -2.736914742,      -0.256806532,    -0.02344706666,       2.741197565
          0,           0,        6540,      -2.736914742,      -0.256806532,    -0.02344706666,       2.741197565
          0,           0,        6541,      -2.736914742,      -0.256806532,    -0.02344706666,       2.741197565
          0,           0,        6542,      -2.736914742,      -0.256806532,    -0.02344706666,       2.741197565
          0,           0,        6543,      -2.736914742,      -0.256806532,    -0.02344706666,       2.741197565
          0,           0,        6544,      -2.736914742,      -0.256806532,    -0.02344706666,       2.741197565
          0,           0,        6545,      -2.736914742,      -0.256806532,    -0.02344706666,       2.741197565
          0,           0,        6546,      -2.736914742,      -0.256806532,    -0.02344706666,       2.741197565
          0,           0,        6547,      -2.736914742,      -0.256806532,    -0.02344706666,       2.741197565
          0,           0,        6548,      -2.736914742,      -0.256806532,    -0.02344706666,       2.741197565
          0,           0,        6549,      -2.736914742,      -0.256806532,    -0.02344706666,       2.741197565
          0,           0,        6550,      -2.736914742,      -0.256806532,    -0.02344706666,       2.741197565
          0,           0,        6551,      -2.736914742,      -0.256806532,    -0.02344706666,       2.741197565
          0,           0,        6552,      -2.736914742,      -0.256806532,    -0.02344706666,       2.741197565
          0,           0,        6553,      -2.736914742,      -0.256806532,    -0.02344706666,       2.741197565
          0,           0,        6554,      -2.736914742,      -0.256806532,    -0.02344706666,       2.741197565
          0,           0,        6555,      -2.736914742,      -0.256806532,    -0.02344706666,       2.741197565
          0,           0,        6556,      -2.736914742,      -0.256806532,    -0.02344706666,       2.741197565
          0,           0,        6557,      -2.736914742,      -0.256806532,    -0.02344706666,       2.741197565
          0,           0,        6558,      -2.736914742,      -0.256806532,    -0.02344706666,       2.741197565
          0,           0,        6559,      -2.736914742,      -0.256806532,    -0.02344706666,       2.741197565
          0,           0,        6560,      -2.736914742,      -0.256806532,    -0.02344706666,       2.741197565
          0,           0,        6561,      -2.736914742,      -0.256806532,    -0.02344706666,       2.741197565
          0,           0,        6562,      -2.736914742,      -0.256806532,    -0.02344706666,       2.741197565
          0,           0,        6563,      -2.736914742,      -0.256806532,    -0.02344706666,       2.741197565
          0,           0,        6564,      -2.736914742,      -0.256806532,    -0.02344706666,       2.741197565
          0,           0,        6565,      -2.736914742,      -0.256806532,    -0.02344706666,       2.741197565
          0,           0,        6566,      -2.736914742,      -0.256806532,    -0.02344706666,       2.741197565
          0,           0,        6567,      -2.736914742,      -0.256806532,    -0.02344706666,       2.741197565
          0,           0,        6568,      -2.736914742,      -0.256806532,    -0.02344706666,       2.741197565
          0,           0,        6569,      -2.736914742,      -0.256806532,    -0.02344706666,       2.741197565
          0,           0,        6570,      -2.736914742,      -0.256806532,    -0.02344706666,       2.741197565
          0,           0,        6571,      -2.736914742,      -0.256806532,    -0.02344706666,       2.741197565
          0,           0,        6572,      -2.736914742,      -0.256806532,    -0.02344706666,       2.741197565
          0,           0,        6573,      -2.736914742,      -0.256806532,    -0.02344706666,       2.741197565
          0,           0,        6574,      -2.736914742,      -0.256806532,    -0.02344706666,       2.741197565
          0,           0,        6575,      -2.736914742,      -0.256806532,    -0.02344706666,       2.741197565
          0,           0,        6576,      -2.736914742,      -0.256806532,    -0.02344706666,       2.741197565
          0,           0,        6577,      -2.736914742,      -0.256806532,    -0.02344706666,       2.741197565
          0,           0,        6578,      -2.736914742,      -0.256806532,    -0.02344706666,       2.741197565
          0,           0,        6579,      -2.736914742,      -0.256806532,    -0.02344706666,       2.741197565
          0,           0,        6580,      -2.736914742,      -0.256806532,    -0.02344706666,       2.741197565
          0,           0,        6581,      -2.736914742,      -0.256806532,    -0.02344706666,       2.741197565
          0,           0,        6582,      -2.736914742,      -0.256806532,    -0.02344706666,       2.741197565
          0,           0,        6583,      -2.736914742,      -0.256806532,    -0.02344706666,       2.741197565
          0,           0,        6584,      -2.736914742,      -0.256806532,    -0.02344706666,       2.741197565
          0,           0,        6585,      -2.736914742,      -0.256806532,    -0.02344706666,       2.741197565
          0,           0,        6586,      -2.736914742,      -0.256806532,    -0.02344706666,       2.741197565
          0,           0,        6587,      -2.736914742,      -0.256806532,    -0.02344706666,       2.741197565
          0,           0,        6588,      -2.736914742,      -0.256806532,    -0.02344706666,       2.741197565
          0,           0,        6589,      -2.736914742,      -0.256806532,    -0.02344706666,       2.741197565
          0,           0,        6590,      -2.736914742,      -0.256806532,    -0.02344706666,       2.741197565
          0,           0,        6591,      -2.736914742,      -0.256806532,    -0.02344706666,       2.741197565
          0,           0,        6592,      -2.736914742,      -0.256806532,    -0.02344706666,       2.741197565
          0,           0,        6593,      -2.736914742,      -0.256806532,    -0.02344706666,       2.741197565
          0,           0,        6594,      -2.736914742,      -0.256806532,    -0.02344706666,       2.741197565
          0,           0,        6595,      -2.736914742,      -0.256806532,    -0.02344706666,       2.741197565
          0,           0,        6596,      -2.736914742,      -0.256806532,    -0.02344706666,       2.741197565
          0,           0,        6597,      -2.736914742,      -0.256806532,    -0.02344706666,       2.741197565
          0,           0,        6598,      -2.736914742,      -0.256806532,    -0.02344706666,       2.741197565
          0,           0,        6599,      -2.736914742,      -0.256806532,    -0.02344706666,       2.741197565
          0,           0,        6600,      -2.736914742,      -0.256806532,    -0.02344706666,       2.741197565
          0,           0,        6601,      -2.736914742,      -0.256806532,    -0.02344706666,       2.741197565
          0,           0,        6602,      -2.736914742,      -0.256806532,    -0.02344706666,       2.741197565
          0,           0,        6603,      -2.736914742,      -0.256806532,    -0.02344706666,       2.741197565
          0,           0,        6604,      -2.736914742,      -0.256806532,    -0.02344706666,       2.741197565
          0,           0,        6605,      -2.736914742,      -0.256806532,    -0.02344706666,       2.741197565
          0,           0,        6606,      -2.736914742,      -0.256806532,    -0.02344706666,       2.741197565
          0,           0,        6607,      -2.736914742,      -0.256806532,    -0.02344706666,       2.741197565
          0,           0,        6608,      -2.736914742,      -0.256806532,    -0.02344706666,       2.741197565
          0,           0,        6609,      -2.736914742,      -0.256806532,    -0.02344706666,       2.741197565
          0,           0,        6610,      -2.736914742,      -0.256806532,    -0.02344706666,       2.741197565
          0,           0,        6611,      -2.736914742,      -0.256806532,    -0.02344706666,       2.741197565
          0,           0,        6612,      -2.736914742,      -0.256806532,    -0.02344706666,       2.741197565
          0,           0,        6613,      -2.736914742,      -0.256806532,    -0.02344706666,       2.741197565
          0,           0,        6614,      -2.736914742,      -0.256806532,    -0.02344706666,       2.741197565
          0,           0,        6615,      -2.736914742,      -0.256806532,    -0.02344706666,       2.741197565
          0,           0,        6616,      -2.736914742,      -0.256806532,    -0.02344706666,       2.741197565
          0,           0,        6617,      -2.736914742,      -0.256806532,    -0.02344706666,       2.741197565
          0,           0,        6618,      -2.736914742,      -0.256806532,    -0.02344706666,       2.741197565
          0,           0,        6619,      -2.736914742,      -0.256806532,    -0.02344706666,       2.741197565
          0,           0,        6620,      -2.736914742,      -0.256806532,    -0.02344706666,       2.741197565
          0,           0,        6621,      -2.736914742,      -0.256806532,    -0.02344706666,       2.741197565
          0,           0,        6622,      -2.736914742,      -0.256806532,    -0.02344706666,       2.741197565
          0,           0,        6623,      -2.736914742,      -0.256806532,    -0.02344706666,       2.741197565
          0,           0,        6624,      -2.736914742,      -0.256806532,    -0.02344706666,       2.741197565
          0,           0,        6625,      -2.736914742,      -0.256806532,    -0.02344706666,       2.741197565
          0,           0,        6626,      -2.736914742,      -0.256806532,    -0.02344706666,       2.741197565
          0,           0,        6627,      -2.736914742,      -0.256806532,    -0.02344706666,       2.741197565
          0,           0,        6628,      -2.736914742,      -0.256806532,    -0.02344706666,       2.741197565
          0,           0,        6629,      -2.736914742,      -0.256806532,    -0.02344706666,       2.741197565
          0,           0,        6630,      -2.736914742,      -0.256806532,    -0.02344706666,       2.741197565
          0,           0,        6631,      -2.736914742,      -0.256806532,    -0.02344706666,       2.741197565
          0,           0,        6632,      -2.736914742,      -0.256806532,    -0.02344706666,       2.741197565
          0,           0,        6633,      -2.736914742,      -0.256806532,    -0.02344706666,       2.741197565
          0,           0,        6634,      -2.736914742,      -0.256806532,    -0.02344706666,       2.741197565
          0,           0,        6635,      -2.736914742,      -0.256806532,    -0.02344706666,       2.741197565
          0,           0,        6636,      -2.736914742,      -0.256806532,    -0.02344706666,       2.741197565
          0,           0,        6637,      -2.736914742,      -0.256806532,    -0.02344706666,       2.741197565
          0,           0,        6638,      -2.736914742,      -0.256806532,    -0.02344706666,       2.741197565
          0,           0,        6639,      -2.736914742,      -0.256806532,    -0.02344706666,       2.741197565
          0,           0,        6640,      -2.736914742,      -0.256806532,    -0.02344706666,       2.741197565
          0,           0,        6641,      -2.736914742,      -0.256806532,    -0.02344706666,       2.741197565
          0,           0,        6642,      -2.736914742,      -0.256806532,    -0.02344706666,       2.741197565
          0,           0,        6643,      -2.736914742,      -0.256806532,    -0.02344706666,       2.741197565
          0,           0,        6644,      -2.736914742,      -0.256806532,    -0.02344706666,       2.741197565
          0,           0,        6645,      -2.736914742,      -0.256806532,    -0.02344706666,       2.741197565
          0,           0,        6646,      -2.736914742,      -0.256806532,    -0.02344706666,       2.741197565
          0,           0,        6647,      -2.736914742,      -0.256806532,    -0.02344706666,       2.741197565
          0,           0,        6648,      -2.736914742,      -0.256806532,    -0.02344706666,       2.741197565
          0,           0,        6649,      -2.736914742,      -0.256806532,    -0.02344706666,       2.741197565
          0,           0,        6650,      -2.736914742,      -0.256806532,    -0.02344706666,       2.741197565
          0,           0,        6651,      -2.736914742,      -0.256806532,    -0.02344706666,       2.741197565
          0,           0,        6652,      -2.736914742,      -0.256806532,    -0.02344706666,       2.741197565
          0,           0,        6653,      -2.736914742,      -0.256806532,    -0.02344706666,       2.741197565
          0,           0,        6654,      -2.736914742,      -0.256806532,    -0.02344706666,       2.741197565
          0,           0,        6655,      -2.736914742,      -0.256806532,    -0.02344706666,       2.741197565
          0,           0,        6656,      -2.736914742,      -0.256806532,    -0.02344706666,       2.741197565
          0,           0,        6657,      -2.736914742,      -0.256806532,    -0.02344706666,       2.741197565
          0,           0,        6658,      -2.736914742,      -0.256806532,    -0.02344706666,       2.741197565
          0,           0,        6659,      -2.736914742,      -0.256806532,    -0.02344706666,       2.741197565
          0,           0,        6660,      -2.736914742,      -0.256806532,    -0.02344706666,       2.741197565
          0,           0,        6661,      -2.736914742,      -0.256806532,    -0.02344706666,       2.741197565
          0,           0,        6662,      -2.736914742,      -0.256806532,    -0.02344706666,       2.741197565
          0,           0,        6663,      -2.736914742,      -0.256806532,    -0.02344706666,       2.741197565
          0,           0,        6664,      -2.736914742,      -0.256806532,    -0.02344706666,       2.741197565
          0,           0,        6665,      -2.736914742,      -0.256806532,    -0.02344706666,       2.741197565
          0,           0,        6666,      -2.736914742,      -0.256806532,    -0.02344706666,       2.741197565
          0,           0,        6667,      -2.736914742,      -0.256806532,    -0.02344706666,       2.741197565
          0,           0,        6668,      -2.736914742,      -0.256806532,    -0.02344706666,       2.741197565
          0,           0,        6669,      -2.736914742,      -0.256806532,    -0.02344706666,       2.741197565
          0,           0,        6670,      -2.736914742,      -0.256806532,    -0.02344706666,       2.741197565
          0,           0,        6671,      -2.736914742,      -0.256806532,    -0.02344706666,       2.741197565
          0,           0,        6672,      -2.736914742,      -0.256806532,    -0.02344706666,       2.741197565
          0,           0,        6673,      -2.736914742,      -0.256806532,    -0.02344706666,       2.741197565
          0,           0,        6674,      -2.736914742,      -0.256806532,    -0.02344706666,       2.741197565
          0,           0,        6675,      -2.736914742,      -0.256806532,    -0.02344706666,       2.741197565
          0,           0,        6676,      -2.736914742,      -0.256806532,    -0.02344706666,       2.741197565
          0,           0,        6677,      -2.736914742,      -0.256806532,    -0.02344706666,       2.741197565
          0,           0,        6678,      -2.736914742,      -0.256806532,    -0.02344706666,       2.741197565
          0,           0,        6679,      -2.736914742,      -0.256806532,    -0.02344706666,       2.741197565
          0,           0,        6680,      -2.736914742,      -0.256806532,    -0.02344706666,       2.741197565
          0,           0,        6681,      -2.736914742,      -0.256806532,    -0.02344706666,       2.741197565
          0,           0,        6682,      -2.736914742,      -0.256806532,    -0.02344706666,       2.741197565
          0,           0,        6683,      -2.736914742,      -0.256806532,    -0.02344706666,       2.741197565
          0,           0,        6684,      -2.736914742,      -0.256806532,    -0.02344706666,       2.741197565
          0,           0,        6685,      -2.736914742,      -0.256806532,    -0.02344706666,       2.741197565
          0,           0,        6686,      -2.736914742,      -0.256806532,    -0.02344706666,       2.741197565
          0,           0,        6687,      -2.736914742,      -0.256806532,    -0.02344706666,       2.741197565
          0,           0,        6688,      -2.736914742,      -0.256806532,    -0.02344706666,       2.741197565
          0,           0,        6689,      -2.736914742,      -0.256806532,    -0.02344706666,       2.741197565
          0,           0,        6690,      -2.736914742,      -0.256806532,    -0.02344706666,       2.741197565
          0,           0,        6691,      -2.736914742,      -0.256806532,    -0.02344706666,       2.741197565
          0,           0,        6692,      -2.736914742,      -0.256806532,    -0.02344706666,       2.741197565
          0,           0,        6693,      -2.736914742,      -0.256806532,    -0.02344706666,       2.741197565
          0,           0,        6694,      -2.736914742,      -0.256806532,    -0.02344706666,       2.741197565
          0,           0,        6695,      -2.736914742,      -0.256806532,    -0.02344706666,       2.741197565
          0,           0,        6696,      -2.736914742,      -0.256806532,    -0.02344706666,       2.741197565
          0,           0,        6697,      -2.736914742,      -0.256806532,    -0.02344706666,       2.741197565
          0,           0,        6698,      -2.736914742,      -0.256806532,    -0.02344706666,       2.741197565
          0,           0,        6699,      -2.736914742,      -0.256806532,    -0.02344706666,       2.741197565
          0,           0,        6700,      -2.736914742,      -0.256806532,    -0.02344706666,       2.741197565
          0,           0,        6701,      -2.736914742,      -0.256806532,    -0.02344706666,       2.741197565
          0,           0,        6702,      -2.736914742,      -0.256806532,    -0.02344706666,       2.741197565
          0,           0,        6703,      -2.736914742,      -0.256806532,    -0.02344706666,       2.741197565
          0,           0,        6704,      -2.736914742,      -0.256806532,    -0.02344706666,       2.741197565
          0,           0,        6705,      -2.736914742,      -0.256806532,    -0.02344706666,       2.741197565
          0,           0,        6706,      -2.736914742,      -0.256806532,    -0.02344706666,       2.741197565
          0,           0,        6707,      -2.736914742,      -0.256806532,    -0.02344706666,       2.741197565
          0,           0,        6708,      -2.736914742,      -0.256806532,    -0.02344706666,       2.741197565
          0,           0,        6709,      -2.736914742,      -0.256806532,    -0.02344706666,       2.741197565
          0,           0,        6710,      -2.736914742,      -0.256806532,    -0.02344706666,       2.741197565
          0,           0,        6711,      -2.736914742,      -0.256806532,    -0.02344706666,       2.741197565
          0,           0,        6712,      -2.736914742,      -0.256806532,    -0.02344706666,       2.741197565
          0,           0,        6713,      -2.736914742,      -0.256806532,    -0.02344706666,       2.741197565
          0,           0,        6714,      -2.736914742,      -0.256806532,    -0.02344706666,       2.741197565
          0,           0,        6715,      -2.736914742,      -0.256806532,    -0.02344706666,       2.741197565
          0,           0,        6716,      -2.736914742,      -0.256806532,    -0.02344706666,       2.741197565
          0,           0,        6717,      -2.736914742,      -0.256806532,    -0.02344706666,       2.741197565
          0,           0,        6718,      -2.736914742,      -0.256806532,    -0.02344706666,       2.741197565
          0,           0,        6719,      -2.736914742,      -0.256806532,    -0.02344706666,       2.741197565
          0,           0,        6720,      -2.736914742,      -0.256806532,    -0.02344706666,       2.741197565
          0,           0,        6721,      -2.736914742,      -0.256806532,    -0.02344706666,       2.741197565
          0,           0,        6722,      -2.736914742,      -0.256806532,    -0.02344706666,       2.741197565
          0,           0,        6723,      -2.736914742,      -0.256806532,    -0.02344706666,       2.741197565
          0,           0,        6724,      -2.736914742,      -0.256806532,    -0.02344706666,       2.741197565
          0,           0,        6725,      -2.736914742,      -0.256806532,    -0.02344706666,       2.741197565
          0,           0,        6726,      -2.736914742,      -0.256806532,    -0.02344706666,       2.741197565
          0,           0,        6727,      -2.736914742,      -0.256806532,    -0.02344706666,       2.741197565
          0,           0,        6728,      -2.736914742,      -0.256806532,    -0.02344706666,       2.741197565
          0,           0,        6729,      -2.736914742,      -0.256806532,    -0.02344706666,       2.741197565
          0,           0,        6730,      -2.736914742,      -0.256806532,    -0.02344706666,       2.741197565
          0,           0,        6731,      -2.736914742,      -0.256806532,    -0.02344706666,       2.741197565
          0,           0,        6732,      -2.736914742,      -0.256806532,    -0.02344706666,       2.741197565
          0,           0,        6733,      -2.736914742,      -0.256806532,    -0.02344706666,       2.741197565
          0,           0,        6734,      -2.736914742,      -0.256806532,    -0.02344706666,       2.741197565
          0,           0,        6735,      -2.736914742,      -0.256806532,    -0.02344706666,       2.741197565
          0,           0,        6736,      -2.736914742,      -0.256806532,    -0.02344706666,       2.741197565
          0,           0,        6737,      -2.736914742,      -0.256806532,    -0.02344706666,       2.741197565
          0,           0,        6738,      -2.736914742,      -0.256806532,    -0.02344706666,       2.741197565
          0,           0,        6739,      -2.736914742,      -0.256806532,    -0.02344706666,       2.741197565
          0,           0,        6740,      -2.736914742,      -0.256806532,    -0.02344706666,       2.741197565
          0,           0,        6741,      -2.736914742,      -0.256806532,    -0.02344706666,       2.741197565
          0,           0,        6742,      -2.736914742,      -0.256806532,    -0.02344706666,       2.741197565
          0,           0,        6743,      -2.736914742,      -0.256806532,    -0.02344706666,       2.741197565
          0,           0,        6744,      -2.736914742,      -0.256806532,    -0.02344706666,       2.741197565
          0,           0,        6745,      -2.736914742,      -0.256806532,    -0.02344706666,       2.741197565
          0,           0,        6746,      -2.736914742,      -0.256806532,    -0.02344706666,       2.741197565
          0,           0,        6747,      -2.736914742,      -0.256806532,    -0.02344706666,       2.741197565
          0,           0,        6748,      -2.736914742,      -0.256806532,    -0.02344706666,       2.741197565
          0,           0,        6749,      -2.736914742,      -0.256806532,    -0.02344706666,       2.741197565
          0,           0,        6750,      -2.736914742,      -0.256806532,    -0.02344706666,       2.741197565
          0,           0,        6751,      -2.736914742,      -0.256806532,    -0.02344706666,       2.741197565
          0,           0,        6752,      -2.736914742,      -0.256806532,    -0.02344706666,       2.741197565
          0,           0,        6753,      -2.736914742,      -0.256806532,    -0.02344706666,       2.741197565
          0,           0,        6754,      -2.736914742,      -0.256806532,    -0.02344706666,       2.741197565
          0,           0,        6755,      -2.736914742,      -0.256806532,    -0.02344706666,       2.741197565
          0,           0,        6756,      -2.736914742,      -0.256806532,    -0.02344706666,       2.741197565
          0,           0,        6757,      -2.736914742,      -0.256806532,    -0.02344706666,       2.741197565
          0,           0,        6758,      -2.736914742,      -0.256806532,    -0.02344706666,       2.741197565
          0,           0,        6759,      -2.736914742,      -0.256806532,    -0.02344706666,       2.741197565
          0,           0,        6760,      -2.736914742,      -0.256806532,    -0.02344706666,       2.741197565
          0,           0,        6761,      -2.736914742,      -0.256806532,    -0.02344706666,       2.741197565
          0,           0,        6762,      -2.736914742,      -0.256806532,    -0.02344706666,       2.741197565
          0,           0,        6763,      -2.736914742,      -0.256806532,    -0.02344706666,       2.741197565
          0,           0,        6764,      -2.736914742,      -0.256806532,    -0.02344706666,       2.741197565
          0,           0,        6765,      -2.736914742,      -0.256806532,    -0.02344706666,       2.741197565
          0,           0,        6766,      -2.736914742,      -0.256806532,    -0.02344706666,       2.741197565
          0,           0,        6767,      -2.736914742,      -0.256806532,    -0.02344706666,       2.741197565
          0,           0,        6768,      -2.736914742,      -0.256806532,    -0.02344706666,       2.741197565
          0,           0,        6769,      -2.736914742,      -0.256806532,    -0.02344706666,       2.741197565
          0,           0,        6770,      -2.736914742,      -0.256806532,    -0.02344706666,       2.741197565
          0,           0,        6771,      -2.736914742,      -0.256806532,    -0.02344706666,       2.741197565
          0,           0,        6772,      -2.736914742,      -0.256806532,    -0.02344706666,       2.741197565
          0,           0,        6773,      -2.736914742,      -0.256806532,    -0.02344706666,       2.741197565
          0,           0,        6774,      -2.736914742,      -0.256806532,    -0.02344706666,       2.741197565
          0,           0,        6775,      -2.736914742,      -0.256806532,    -0.02344706666,       2.741197565
          0,           0,        6776,      -2.736914742,      -0.256806532,    -0.02344706666,       2.741197565
          0,           0,        6777,      -2.736914742,      -0.256806532,    -0.02344706666,       2.741197565
          0,           0,        6778,      -2.736914742,      -0.256806532,    -0.02344706666,       2.741197565
          0,           0,        6779,      -2.736914742,      -0.256806532,    -0.02344706666,       2.741197565
          0,           0,        6780,      -2.736914742,      -0.256806532,    -0.02344706666,       2.741197565
          0,           0,        6781,      -2.736914742,      -0.256806532,    -0.02344706666,       2.741197565
          0,           0,        6782,      -2.736914742,      -0.256806532,    -0.02344706666,       2.741197565
          0,           0,        6783,      -2.736914742,      -0.256806532,    -0.02344706666,       2.741197565
          0,           0,        6784,      -2.736914742,      -0.256806532,    -0.02344706666,       2.741197565
          0,           0,        6785,      -2.736914742,      -0.256806532,    -0.02344706666,       2.741197565
          0,           0,        6786,      -2.736914742,      -0.256806532,    -0.02344706666,       2.741197565
          0,           0,        6787,      -2.736914742,      -0.256806532,    -0.02344706666,       2.741197565
          0,           0,        6788,      -2.736914742,      -0.256806532,    -0.02344706666,       2.741197565
          0,           0,        6789,      -2.736914742,      -0.256806532,    -0.02344706666,       2.741197565
          0,           0,        6790,      -2.736914742,      -0.256806532,    -0.02344706666,       2.741197565
          0,           0,        6791,      -2.736914742,      -0.256806532,    -0.02344706666,       2.741197565
          0,           0,        6792,      -2.736914742,      -0.256806532,    -0.02344706666,       2.741197565
          0,           0,        6793,      -2.736914742,      -0.256806532,    -0.02344706666,       2.741197565
          0,           0,        6794,      -2.736914742,      -0.256806532,    -0.02344706666,       2.741197565
          0,           0,        6795,      -2.736914742,      -0.256806532,    -0.02344706666,       2.741197565
          0,           0,        6796,      -2.736914742,      -0.256806532,    -0.02344706666,       2.741197565
          0,           0,        6797,      -2.736914742,      -0.256806532,    -0.02344706666,       2.741197565
          0,           0,        6798,      -2.736914742,      -0.256806532,    -0.02344706666,       2.741197565
          0,           0,        6799,      -2.736914742,      -0.256806532,    -0.02344706666,       2.741197565
          0,           0,        6800,      -2.736914742,      -0.256806532,    -0.02344706666,       2.741197565
          0,           0,        6801,      -2.736914742,      -0.256806532,    -0.02344706666,       2.741197565
          0,           0,        6802,      -2.736914742,      -0.256806532,    -0.02344706666,       2.741197565
          0,           0,        6803,      -2.736914742,      -0.256806532,    -0.02344706666,       2.741197565
          0,           0,        6804,      -2.736914742,      -0.256806532,    -0.02344706666,       2.741197565
          0,           0,        6805,      -2.736914742,      -0.256806532,    -0.02344706666,       2.741197565
          0,           0,        6806,      -2.736914742,      -0.256806532,    -0.02344706666,       2.741197565
          0,           0,        6807,      -2.736914742,      -0.256806532,    -0.02344706666,       2.741197565
          0,           0,        6808,      -2.736914742,      -0.256806532,    -0.02344706666,       2.741197565
          0,           0,        6809,      -2.736914742,      -0.256806532,    -0.02344706666,       2.741197565
          0,           0,        6810,      -2.736914742,      -0.256806532,    -0.02344706666,       2.741197565
          0,           0,        6811,      -2.736914742,      -0.256806532,    -0.02344706666,       2.741197565
          0,           0,        6812,      -2.736914742,      -0.256806532,    -0.02344706666,       2.741197565
          0,           0,        6813,      -2.736914742,      -0.256806532,    -0.02344706666,       2.741197565
          0,           0,        6814,      -2.736914742,      -0.256806532,    -0.02344706666,       2.741197565
          0,           0,        6815,      -2.736914742,      -0.256806532,    -0.02344706666,       2.741197565
          0,           0,        6816,      -2.736914742,      -0.256806532,    -0.02344706666,       2.741197565
          0,           0,        6817,      -2.736914742,      -0.256806532,    -0.02344706666,       2.741197565
          0,           0,        6818,      -2.736914742,      -0.256806532,    -0.02344706666,       2.741197565
          0,           0,        6819,      -2.736914742,      -0.256806532,    -0.02344706666,       2.741197565
          0,           0,        6820,      -2.736914742,      -0.256806532,    -0.02344706666,       2.741197565
          0,           0,        6821,      -2.736914742,      -0.256806532,    -0.02344706666,       2.741197565
          0,           0,        6822,      -2.736914742,      -0.256806532,    -0.02344706666,       2.741197565
          0,           0,        6823,      -2.736914742,      -0.256806532,    -0.02344706666,       2.741197565
          0,           0,        6824,      -2.736914742,      -0.256806532,    -0.02344706666,       2.741197565
          0,           0,        6825,      -2.736914742,      -0.256806532,    -0.02344706666,       2.741197565
          0,           0,        6826,      -2.736914742,      -0.256806532,    -0.02344706666,       2.741197565
          0,           0,        6827,      -2.736914742,      -0.256806532,    -0.02344706666,       2.741197565
          0,           0,        6828,      -2.736914742,      -0.256806532,    -0.02344706666,       2.741197565
          0,           0,        6829,      -2.736914742,      -0.256806532,    -0.02344706666,       2.741197565
          0,           0,        6830,      -2.736914742,      -0.256806532,    -0.02344706666,       2.741197565
          0,           0,        6831,      -2.736914742,      -0.256806532,    -0.02344706666,       2.741197565
          0,           0,        6832,      -2.736914742,      -0.256806532,    -0.02344706666,       2.741197565
          0,           0,        6833,      -2.736914742,      -0.256806532,    -0.02344706666,       2.741197565
          0,           0,        6834,      -2.736914742,      -0.256806532,    -0.02344706666,       2.741197565
          0,           0,        6835,      -2.736914742,      -0.256806532,    -0.02344706666,       2.741197565
          0,           0,        6836,      -2.736914742,      -0.256806532,    -0.02344706666,       2.741197565
          0,           0,        6837,      -2.736914742,      -0.256806532,    -0.02344706666,       2.741197565
          0,           0,        6838,      -2.736914742,      -0.256806532,    -0.02344706666,       2.741197565
          0,           0,        6839,      -2.736914742,      -0.256806532,    -0.02344706666,       2.741197565
          0,           0,        6840,      -2.736914742,      -0.256806532,    -0.02344706666,       2.741197565
          0,           0,        6841,      -2.736914742,      -0.256806532,    -0.02344706666,       2.741197565
          0,           0,        6842,      -2.736914742,      -0.256806532,    -0.02344706666,       2.741197565
          0,           0,        6843,      -2.736914742,      -0.256806532,    -0.02344706666,       2.741197565
          0,           0,        6844,      -2.736914742,      -0.256806532,    -0.02344706666,       2.741197565
          0,           0,        6845,      -2.736914742,      -0.256806532,    -0.02344706666,       2.741197565
          0,           0,        6846,      -2.736914742,      -0.256806532,    -0.02344706666,       2.741197565
          0,           0,        6847,      -2.736914742,      -0.256806532,    -0.02344706666,       2.741197565
          0,           0,        6848,      -2.736914742,      -0.256806532,    -0.02344706666,       2.741197565
          0,           0,        6849,      -2.736914742,      -0.256806532,    -0.02344706666,       2.741197565
          0,           0,        6850,      -2.736914742,      -0.256806532,    -0.02344706666,       2.741197565
          0,           0,        6851,      -2.736914742,      -0.256806532,    -0.02344706666,       2.741197565
          0,           0,        6852,      -2.736914742,      -0.256806532,    -0.02344706666,       2.741197565
          0,           0,        6853,      -2.736914742,      -0.256806532,    -0.02344706666,       2.741197565
          0,           0,        6854,      -2.736914742,      -0.256806532,    -0.02344706666,       2.741197565
          0,           0,        6855,      -2.736914742,      -0.256806532,    -0.02344706666,       2.741197565
          0,           0,        6856,      -2.736914742,      -0.256806532,    -0.02344706666,       2.741197565
          0,           0,        6857,      -2.736914742,      -0.256806532,    -0.02344706666,       2.741197565
          0,           0,        6858,      -2.736914742,      -0.256806532,    -0.02344706666,       2.741197565
          0,           0,        6859,      -2.736914742,      -0.256806532,    -0.02344706666,       2.741197565
          0,           0,        6860,      -2.736914742,      -0.256806532,    -0.02344706666,       2.741197565
          0,           0,        6861,      -2.736914742,      -0.256806532,    -0.02344706666,       2.741197565
          0,           0,        6862,      -2.736914742,      -0.256806532,    -0.02344706666,       2.741197565
          0,           0,        6863,      -2.736914742,      -0.256806532,    -0.02344706666,       2.741197565
          0,           0,        6864,      -2.736914742,      -0.256806532,    -0.02344706666,       2.741197565
          0,           0,        6865,      -2.736914742,      -0.256806532,    -0.02344706666,       2.741197565
          0,           0,        6866,      -2.736914742,      -0.256806532,    -0.02344706666,       2.741197565
          0,           0,        6867,      -2.736914742,      -0.256806532,    -0.02344706666,       2.741197565
          0,           0,        6868,      -2.736914742,      -0.256806532,    -0.02344706666,       2.741197565
          0,           0,        6869,      -2.736914742,      -0.256806532,    -0.02344706666,       2.741197565
          0,           0,        6870,      -2.736914742,      -0.256806532,    -0.02344706666,       2.741197565
          0,           0,        6871,      -2.736914742,      -0.256806532,    -0.02344706666,       2.741197565
          0,           0,        6872,      -2.736914742,      -0.256806532,    -0.02344706666,       2.741197565
          0,           0,        6873,      -2.736914742,      -0.256806532,    -0.02344706666,       2.741197565
          0,           0,        6874,      -2.736914742,      -0.256806532,    -0.02344706666,       2.741197565
          0,           0,        6875,      -2.736914742,      -0.256806532,    -0.02344706666,       2.741197565
          0,           0,        6876,      -2.736914742,      -0.256806532,    -0.02344706666,       2.741197565
          0,           0,        6877,      -2.736914742,      -0.256806532,    -0.02344706666,       2.741197565
          0,           0,        6878,      -2.736914742,      -0.256806532,    -0.02344706666,       2.741197565
          0,           0,        6879,      -2.736914742,      -0.256806532,    -0.02344706666,       2.741197565
          0,           0,        6880,      -2.736914742,      -0.256806532,    -0.02344706666,       2.741197565
          0,           0,        6881,      -2.736914742,      -0.256806532,    -0.02344706666,       2.741197565
          0,           0,        6882,      -2.736914742,      -0.256806532,    -0.02344706666,       2.741197565
          0,           0,        6883,      -2.736914742,      -0.256806532,    -0.02344706666,       2.741197565
          0,           0,        6884,      -2.736914742,      -0.256806532,    -0.02344706666,       2.741197565
          0,           0,        6885,      -2.736914742,      -0.256806532,    -0.02344706666,       2.741197565
          0,           0,        6886,      -2.736914742,      -0.256806532,    -0.02344706666,       2.741197565
          0,           0,        6887,      -2.736914742,      -0.256806532,    -0.02344706666,       2.741197565
          0,           0,        6888,      -2.736914742,      -0.256806532,    -0.02344706666,       2.741197565
          0,           0,        6889,      -2.736914742,      -0.256806532,    -0.02344706666,       2.741197565
          0,           0,        6890,      -2.736914742,      -0.256806532,    -0.02344706666,       2.741197565
          0,           0,        6891,      -2.736914742,      -0.256806532,    -0.02344706666,       2.741197565
          0,           0,        6892,      -2.736914742,      -0.256806532,    -0.02344706666,       2.741197565
          0,           0,        6893,      -2.736914742,      -0.256806532,    -0.02344706666,       2.741197565
          0,           0,        6894,      -2.736914742,      -0.256806532,    -0.02344706666,       2.741197565
          0,           0,        6895,      -2.736914742,      -0.256806532,    -0.02344706666,       2.741197565
          0,           0,        6896,      -2.736914742,      -0.256806532,    -0.02344706666,       2.741197565
          0,           0,        6897,      -2.736914742,      -0.256806532,    -0.02344706666,       2.741197565
          0,           0,        6898,      -2.736914742,      -0.256806532,    -0.02344706666,       2.741197565
          0,           0,        6899,      -2.736914742,      -0.256806532,    -0.02344706666,       2.741197565
          0,           0,        6900,      -2.736914742,      -0.256806532,    -0.02344706666,       2.741197565
          0,           0,        6901,      -2.736914742,      -0.256806532,    -0.02344706666,       2.741197565
          0,           0,        6902,      -2.736914742,      -0.256806532,    -0.02344706666,       2.741197565
          0,           0,        6903,      -2.736914742,      -0.256806532,    -0.02344706666,       2.741197565
          0,           0,        6904,      -2.736914742,      -0.256806532,    -0.02344706666,       2.741197565
          0,           0,        6905,      -2.736914742,      -0.256806532,    -0.02344706666,       2.741197565
          0,           0,        6906,      -2.736914742,      -0.256806532,    -0.02344706666,       2.741197565
          0,           0,        6907,      -2.736914742,      -0.256806532,    -0.02344706666,       2.741197565
          0,           0,        6908,      -2.736914742,      -0.256806532,    -0.02344706666,       2.741197565
          0,           0,        6909,      -2.736914742,      -0.256806532,    -0.02344706666,       2.741197565
          0,           0,        6910,      -2.736914742,      -0.256806532,    -0.02344706666,       2.741197565
          0,           0,        6911,      -2.736914742,      -0.256806532,    -0.02344706666,       2.741197565
          0,           0,        6912,      -2.736914742,      -0.256806532,    -0.02344706666,       2.741197565
          0,           0,        6913,      -2.736914742,      -0.256806532,    -0.02344706666,       2.741197565
          0,           0,        6914,      -2.736914742,      -0.256806532,    -0.02344706666,       2.741197565
          0,           0,        6915,      -2.736914742,      -0.256806532,    -0.02344706666,       2.741197565
          0,           0,        6916,      -2.736914742,      -0.256806532,    -0.02344706666,       2.741197565
          0,           0,        6917,      -2.736914742,      -0.256806532,    -0.02344706666,       2.741197565
          0,           0,        6918,      -2.736914742,      -0.256806532,    -0.02344706666,       2.741197565
          0,           0,        6919,      -2.736914742,      -0.256806532,    -0.02344706666,       2.741197565
          0,           0,        6920,      -2.736914742,      -0.256806532,    -0.02344706666,       2.741197565
          0,           0,        6921,      -2.736914742,      -0.256806532,    -0.02344706666,       2.741197565
          0,           0,        6922,      -2.736914742,      -0.256806532,    -0.02344706666,       2.741197565
          0,           0,        6923,      -2.736914742,      -0.256806532,    -0.02344706666,       2.741197565
          0,           0,        6924,      -2.736914742,      -0.256806532,    -0.02344706666,       2.741197565
          0,           0,        6925,      -2.736914742,      -0.256806532,    -0.02344706666,       2.741197565
          0,           0,        6926,      -2.736914742,      -0.256806532,    -0.02344706666,       2.741197565
          0,           0,        6927,      -2.736914742,      -0.256806532,    -0.02344706666,       2.741197565
          0,           0,        6928,      -2.736914742,      -0.256806532,    -0.02344706666,       2.741197565
          0,           0,        6929,      -2.736914742,      -0.256806532,    -0.02344706666,       2.741197565
          0,           0,        6930,      -2.736914742,      -0.256806532,    -0.02344706666,       2.741197565
          0,           0,        6931,      -2.736914742,      -0.256806532,    -0.02344706666,       2.741197565
          0,           0,        6932,      -2.736914742,      -0.256806532,    -0.02344706666,       2.741197565
          0,           0,        6933,      -2.736914742,      -0.256806532,    -0.02344706666,       2.741197565
          0,           0,        6934,      -2.736914742,      -0.256806532,    -0.02344706666,       2.741197565
          0,           0,        6935,      -2.736914742,      -0.256806532,    -0.02344706666,       2.741197565
          0,           0,        6936,      -2.736914742,      -0.256806532,    -0.02344706666,       2.741197565
          0,           0,        6937,      -2.736914742,      -0.256806532,    -0.02344706666,       2.741197565
          0,           0,        6938,      -2.736914742,      -0.256806532,    -0.02344706666,       2.741197565
          0,           0,        6939,      -2.736914742,      -0.256806532,    -0.02344706666,       2.741197565
          0,           0,        6940,      -2.736914742,      -0.256806532,    -0.02344706666,       2.741197565
          0,           0,        6941,      -2.736914742,      -0.256806532,    -0.02344706666,       2.741197565
          0,           0,        6942,      -2.736914742,      -0.256806532,    -0.02344706666,       2.741197565
          0,           0,        6943,      -2.736914742,      -0.256806532,    -0.02344706666,       2.741197565
          0,           0,        6944,      -2.736914742,      -0.256806532,    -0.02344706666,       2.741197565
          0,           0,        6945,      -2.736914742,      -0.256806532,    -0.02344706666,       2.741197565
          0,           0,        6946,      -2.736914742,      -0.256806532,    -0.02344706666,       2.741197565
          0,           0,        6947,      -2.736914742,      -0.256806532,    -0.02344706666,       2.741197565
          0,           0,        6948,      -2.736914742,      -0.256806532,    -0.02344706666,       2.741197565
          0,           0,        6949,      -2.736914742,      -0.256806532,    -0.02344706666,       2.741197565
          0,           0,        6950,      -2.736914742,      -0.256806532,    -0.02344706666,       2.741197565
          0,           0,        6951,      -2.736914742,      -0.256806532,    -0.02344706666,       2.741197565
          0,           0,        6952,      -2.736914742,      -0.256806532,    -0.02344706666,       2.741197565
          0,           0,        6953,      -2.736914742,      -0.256806532,    -0.02344706666,       2.741197565
          0,           0,        6954,      -2.736914742,      -0.256806532,    -0.02344706666,       2.741197565
          0,           0,        6955,      -2.736914742,      -0.256806532,    -0.02344706666,       2.741197565
          0,           0,        6956,      -2.736914742,      -0.256806532,    -0.02344706666,       2.741197565
          0,           0,        6957,      -2.736914742,      -0.256806532,    -0.02344706666,       2.741197565
          0,           0,        6958,      -2.736914742,      -0.256806532,    -0.02344706666,       2.741197565
          0,           0,        6959,      -2.736914742,      -0.256806532,    -0.02344706666,       2.741197565
          0,           0,        6960,      -2.736914742,      -0.256806532,    -0.02344706666,       2.741197565
          0,           0,        6961,      -2.736914742,      -0.256806532,    -0.02344706666,       2.741197565
          0,           0,        6962,      -2.736914742,      -0.256806532,    -0.02344706666,       2.741197565
          0,           0,        6963,      -2.736914742,      -0.256806532,    -0.02344706666,       2.741197565
          0,           0,        6964,      -2.736914742,      -0.256806532,    -0.02344706666,       2.741197565
          0,           0,        6965,      -2.736914742,      -0.256806532,    -0.02344706666,       2.741197565
          0,           0,        6966,      -2.736914742,      -0.256806532,    -0.02344706666,       2.741197565
          0,           0,        6967,      -2.736914742,      -0.256806532,    -0.02344706666,       2.741197565
          0,           0,        6968,      -2.736914742,      -0.256806532,    -0.02344706666,       2.741197565
          0,           0,        6969,      -2.736914742,      -0.256806532,    -0.02344706666,       2.741197565
          0,           0,        6970,      -2.736914742,      -0.256806532,    -0.02344706666,       2.741197565
          0,           0,        6971,      -2.736914742,      -0.256806532,    -0.02344706666,       2.741197565
          0,           0,        6972,      -2.736914742,      -0.256806532,    -0.02344706666,       2.741197565
          0,           0,        6973,      -2.736914742,      -0.256806532,    -0.02344706666,       2.741197565
          0,           0,        6974,      -2.736914742,      -0.256806532,    -0.02344706666,       2.741197565
          0,           0,        6975,      -2.736914742,      -0.256806532,    -0.02344706666,       2.741197565
          0,           0,        6976,      -2.736914742,      -0.256806532,    -0.02344706666,       2.741197565
          0,           0,        6977,      -2.736914742,      -0.256806532,    -0.02344706666,       2.741197565
          0,           0,        6978,      -2.736914742,      -0.256806532,    -0.02344706666,       2.741197565
          0,           0,        6979,      -2.736914742,      -0.256806532,    -0.02344706666,       2.741197565
          0,           0,        6980,      -2.736914742,      -0.256806532,    -0.02344706666,       2.741197565
          0,           0,        6981,      -2.736914742,      -0.256806532,    -0.02344706666,       2.741197565
          0,           0,        6982,      -2.736914742,      -0.256806532,    -0.02344706666,       2.741197565
          0,           0,        6983,      -2.736914742,      -0.256806532,    -0.02344706666,       2.741197565
          0,           0,        6984,      -2.736914742,      -0.256806532,    -0.02344706666,       2.741197565
          0,           0,        6985,      -2.736914742,      -0.256806532,    -0.02344706666,       2.741197565
          0,           0,        6986,      -2.736914742,      -0.256806532,    -0.02344706666,       2.741197565
          0,           0,        6987,      -2.736914742,      -0.256806532,    -0.02344706666,       2.741197565
          0,           0,        6988,      -2.736914742,      -0.256806532,    -0.02344706666,       2.741197565
          0,           0,        6989,      -2.736914742,      -0.256806532,    -0.02344706666,       2.741197565
          0,           0,        6990,      -2.736914742,      -0.256806532,    -0.02344706666,       2.741197565
          0,           0,        6991,      -2.736914742,      -0.256806532,    -0.02344706666,       2.741197565
          0,           0,        6992,      -2.736914742,      -0.256806532,    -0.02344706666,       2.741197565
          0,           0,        6993,      -2.736914742,      -0.256806532,    -0.02344706666,       2.741197565
          0,           0,        6994,      -2.736914742,      -0.256806532,    -0.02344706666,       2.741197565
          0,           0,        6995,      -2.736914742,      -0.256806532,    -0.02344706666,       2.741197565
          0,           0,        6996,      -2.736914742,      -0.256806532,    -0.02344706666,       2.741197565
          0,           0,        6997,      -2.736914742,      -0.256806532,    -0.02344706666,       2.741197565
          0,           0,        6998,      -2.736914742,      -0.256806532,    -0.02344706666,       2.741197565
          0,           0,        6999,      -2.736914742,      -0.256806532,    -0.02344706666,       2.741197565
          0,           0,        7000,      -2.736914742,      -0.256806532,    -0.02344706666,       2.741197565
          0,           0,        7001,      -2.736914742,      -0.256806532,    -0.02344706666,       2.741197565
          0,           0,        7002,      -2.736914742,      -0.256806532,    -0.02344706666,       2.741197565
          0,           0,        7003,      -2.736914742,      -0.256806532,    -0.02344706666,       2.741197565
          0,           0,        7004,      -2.736914742,      -0.256806532,    -0.02344706666,       2.741197565
          0,           0,        7005,      -2.736914742,      -0.256806532,    -0.02344706666,       2.741197565
          0,           0,        7006,      -2.736914742,      -0.256806532,    -0.02344706666,       2.741197565
          0,           0,        7007,      -2.736914742,      -0.256806532,    -0.02344706666,       2.741197565
          0,           0,        7008,      -2.736914742,      -0.256806532,    -0.02344706666,       2.741197565
          0,           0,        7009,      -2.736914742,      -0.256806532,    -0.02344706666,       2.741197565
          0,           0,        7010,      -2.736914742,      -0.256806532,    -0.02344706666,       2.741197565
          0,           0,        7011,      -2.736914742,      -0.256806532,    -0.02344706666,       2.741197565
          0,           0,        7012,      -2.736914742,      -0.256806532,    -0.02344706666,       2.741197565
          0,           0,        7013,      -2.736914742,      -0.256806532,    -0.02344706666,       2.741197565
          0,           0,        7014,      -2.736914742,      -0.256806532,    -0.02344706666,       2.741197565
          0,           0,        7015,      -2.736914742,      -0.256806532,    -0.02344706666,       2.741197565
          0,           0,        7016,      -2.736914742,      -0.256806532,    -0.02344706666,       2.741197565
          0,           0,        7017,      -2.736914742,      -0.256806532,    -0.02344706666,       2.741197565
          0,           0,        7018,      -2.736914742,      -0.256806532,    -0.02344706666,       2.741197565
          0,           0,        7019,      -2.736914742,      -0.256806532,    -0.02344706666,       2.741197565
          0,           0,        7020,      -2.736914742,      -0.256806532,    -0.02344706666,       2.741197565
          0,           0,        7021,      -2.736914742,      -0.256806532,    -0.02344706666,       2.741197565
          0,           0,        7022,      -2.736914742,      -0.256806532,    -0.02344706666,       2.741197565
          0,           0,        7023,      -2.736914742,      -0.256806532,    -0.02344706666,       2.741197565
          0,           0,        7024,      -2.736914742,      -0.256806532,    -0.02344706666,       2.741197565
          0,           0,        7025,      -2.736914742,      -0.256806532,    -0.02344706666,       2.741197565
          0,           0,        7026,      -2.736914742,      -0.256806532,    -0.02344706666,       2.741197565
          0,           0,        7027,      -2.736914742,      -0.256806532,    -0.02344706666,       2.741197565
          0,           0,        7028,      -2.736914742,      -0.256806532,    -0.02344706666,       2.741197565
          0,           0,        7029,      -2.736914742,      -0.256806532,    -0.02344706666,       2.741197565
          0,           0,        7030,      -2.736914742,      -0.256806532,    -0.02344706666,       2.741197565
          0,           0,        7031,      -2.736914742,      -0.256806532,    -0.02344706666,       2.741197565
          0,           0,        7032,      -2.736914742,      -0.256806532,    -0.02344706666,       2.741197565
          0,           0,        7033,      -2.736914742,      -0.256806532,    -0.02344706666,       2.741197565
          0,           0,        7034,      -2.736914742,      -0.256806532,    -0.02344706666,       2.741197565
          0,           0,        7035,      -2.736914742,      -0.256806532,    -0.02344706666,       2.741197565
          0,           0,        7036,      -2.736914742,      -0.256806532,    -0.02344706666,       2.741197565
          0,           0,        7037,      -2.736914742,      -0.256806532,    -0.02344706666,       2.741197565
          0,           0,        7038,      -2.736914742,      -0.256806532,    -0.02344706666,       2.741197565
          0,           0,        7039,      -2.736914742,      -0.256806532,    -0.02344706666,       2.741197565
          0,           0,        7040,      -2.736914742,      -0.256806532,    -0.02344706666,       2.741197565
          0,           0,        7041,      -2.736914742,      -0.256806532,    -0.02344706666,       2.741197565
          0,           0,        7042,      -2.736914742,      -0.256806532,    -0.02344706666,       2.741197565
          0,           0,        7043,      -2.736914742,      -0.256806532,    -0.02344706666,       2.741197565
          0,           0,        7044,      -2.736914742,      -0.256806532,    -0.02344706666,       2.741197565
          0,           0,        7045,      -2.736914742,      -0.256806532,    -0.02344706666,       2.741197565
          0,           0,        7046,      -2.736914742,      -0.256806532,    -0.02344706666,       2.741197565
          0,           0,        7047,      -2.736914742,      -0.256806532,    -0.02344706666,       2.741197565
          0,           0,        7048,      -2.736914742,      -0.256806532,    -0.02344706666,       2.741197565
          0,           0,        7049,      -2.736914742,      -0.256806532,    -0.02344706666,       2.741197565
          0,           0,        7050,      -2.736914742,      -0.256806532,    -0.02344706666,       2.741197565
          0,           0,        7051,      -2.736914742,      -0.256806532,    -0.02344706666,       2.741197565
          0,           0,        7052,      -2.736914742,      -0.256806532,    -0.02344706666,       2.741197565
          0,           0,        7053,      -2.736914742,      -0.256806532,    -0.02344706666,       2.741197565
          0,           0,        7054,      -2.736914742,      -0.256806532,    -0.02344706666,       2.741197565
          0,           0,        7055,      -2.736914742,      -0.256806532,    -0.02344706666,       2.741197565
          0,           0,        7056,      -2.736914742,      -0.256806532,    -0.02344706666,       2.741197565
          0,           0,        7057,      -2.736914742,      -0.256806532,    -0.02344706666,       2.741197565
          0,           0,        7058,      -2.736914742,      -0.256806532,    -0.02344706666,       2.741197565
          0,           0,        7059,      -2.736914742,      -0.256806532,    -0.02344706666,       2.741197565
          0,           0,        7060,      -2.736914742,      -0.256806532,    -0.02344706666,       2.741197565
          0,           0,        7061,      -2.736914742,      -0.256806532,    -0.02344706666,       2.741197565
          0,           0,        7062,      -2.736914742,      -0.256806532,    -0.02344706666,       2.741197565
          0,           0,        7063,      -2.736914742,      -0.256806532,    -0.02344706666,       2.741197565
          0,           0,        7064,      -2.736914742,      -0.256806532,    -0.02344706666,       2.741197565
          0,           0,        7065,      -2.736914742,      -0.256806532,    -0.02344706666,       2.741197565
          0,           0,        7066,      -2.736914742,      -0.256806532,    -0.02344706666,       2.741197565
          0,           0,        7067,      -2.736914742,      -0.256806532,    -0.02344706666,       2.741197565
          0,           0,        7068,      -2.736914742,      -0.256806532,    -0.02344706666,       2.741197565
          0,           0,        7069,      -2.736914742,      -0.256806532,    -0.02344706666,       2.741197565
          0,           0,        7070,      -2.736914742,      -0.256806532,    -0.02344706666,       2.741197565
          0,           0,        7071,      -2.736914742,      -0.256806532,    -0.02344706666,       2.741197565
          0,           0,        7072,      -2.736914742,      -0.256806532,    -0.02344706666,       2.741197565
          0,           0,        7073,      -2.736914742,      -0.256806532,    -0.02344706666,       2.741197565
          0,           0,        7074,      -2.736914742,      -0.256806532,    -0.02344706666,       2.741197565
          0,           0,        7075,      -2.736914742,      -0.256806532,    -0.02344706666,       2.741197565
          0,           0,        7076,      -2.736914742,      -0.256806532,    -0.02344706666,       2.741197565
          0,           0,        7077,      -2.736914742,      -0.256806532,    -0.02344706666,       2.741197565
          0,           0,        7078,      -2.736914742,      -0.256806532,    -0.02344706666,       2.741197565
          0,           0,        7079,      -2.736914742,      -0.256806532,    -0.02344706666,       2.741197565
          0,           0,        7080,      -2.736914742,      -0.256806532,    -0.02344706666,       2.741197565
          0,           0,        7081,      -2.736914742,      -0.256806532,    -0.02344706666,       2.741197565
          0,           0,        7082,      -2.736914742,      -0.256806532,    -0.02344706666,       2.741197565
          0,           0,        7083,      -2.736914742,      -0.256806532,    -0.02344706666,       2.741197565
          0,           0,        7084,      -2.736914742,      -0.256806532,    -0.02344706666,       2.741197565
          0,           0,        7085,      -2.736914742,      -0.256806532,    -0.02344706666,       2.741197565
          0,           0,        7086,      -2.736914742,      -0.256806532,    -0.02344706666,       2.741197565
          0,           0,        7087,      -2.736914742,      -0.256806532,    -0.02344706666,       2.741197565
          0,           0,        7088,      -2.736914742,      -0.256806532,    -0.02344706666,       2.741197565
          0,           0,        7089,      -2.736914742,      -0.256806532,    -0.02344706666,       2.741197565
          0,           0,        7090,      -2.736914742,      -0.256806532,    -0.02344706666,       2.741197565
          0,           0,        7091,      -2.736914742,      -0.256806532,    -0.02344706666,       2.741197565
          0,           0,        7092,      -2.736914742,      -0.256806532,    -0.02344706666,       2.741197565
          0,           0,        7093,      -2.736914742,      -0.256806532,    -0.02344706666,       2.741197565
          0,           0,        7094,      -2.736914742,      -0.256806532,    -0.02344706666,       2.741197565
          0,           0,        7095,      -2.736914742,      -0.256806532,    -0.02344706666,       2.741197565
          0,           0,        7096,      -2.736914742,      -0.256806532,    -0.02344706666,       2.741197565
          0,           0,        7097,      -2.736914742,      -0.256806532,    -0.02344706666,       2.741197565
          0,           0,        7098,      -2.736914742,      -0.256806532,    -0.02344706666,       2.741197565
          0,           0,        7099,      -2.736914742,      -0.256806532,    -0.02344706666,       2.741197565
          0,           0,        7100,      -2.736914742,      -0.256806532,    -0.02344706666,       2.741197565
          0,           0,        7101,      -2.736914742,      -0.256806532,    -0.02344706666,       2.741197565
          0,           0,        7102,      -2.736914742,      -0.256806532,    -0.02344706666,       2.741197565
          0,           0,        7103,      -2.736914742,      -0.256806532,    -0.02344706666,       2.741197565
          0,           0,        7104,      -2.736914742,      -0.256806532,    -0.02344706666,       2.741197565
          0,           0,        7105,      -2.736914742,      -0.256806532,    -0.02344706666,       2.741197565
          0,           0,        7106,      -2.736914742,      -0.256806532,    -0.02344706666,       2.741197565
          0,           0,        7107,      -2.736914742,      -0.256806532,    -0.02344706666,       2.741197565
          0,           0,        7108,      -2.736914742,      -0.256806532,    -0.02344706666,       2.741197565
          0,           0,        7109,      -2.736914742,      -0.256806532,    -0.02344706666,       2.741197565
          0,           0,        7110,      -2.736914742,      -0.256806532,    -0.02344706666,       2.741197565
          0,           0,        7111,      -2.736914742,      -0.256806532,    -0.02344706666,       2.741197565
          0,           0,        7112,      -2.736914742,      -0.256806532,    -0.02344706666,       2.741197565
          0,           0,        7113,      -2.736914742,      -0.256806532,    -0.02344706666,       2.741197565
          0,           0,        7114,      -2.736914742,      -0.256806532,    -0.02344706666,       2.741197565
          0,           0,        7115,      -2.736914742,      -0.256806532,    -0.02344706666,       2.741197565
          0,           0,        7116,      -2.736914742,      -0.256806532,    -0.02344706666,       2.741197565
          0,           0,        7117,      -2.736914742,      -0.256806532,    -0.02344706666,       2.741197565
          0,           0,        7118,      -2.736914742,      -0.256806532,    -0.02344706666,       2.741197565
          0,           0,        7119,      -2.736914742,      -0.256806532,    -0.02344706666,       2.741197565
          0,           0,        7120,      -2.736914742,      -0.256806532,    -0.02344706666,       2.741197565
          0,           0,        7121,      -2.736914742,      -0.256806532,    -0.02344706666,       2.741197565
          0,           0,        7122,      -2.736914742,      -0.256806532,    -0.02344706666,       2.741197565
          0,           0,        7123,      -2.736914742,      -0.256806532,    -0.02344706666,       2.741197565
          0,           0,        7124,      -2.736914742,      -0.256806532,    -0.02344706666,       2.741197565
          0,           0,        7125,      -2.736914742,      -0.256806532,    -0.02344706666,       2.741197565
          0,           0,        7126,      -2.736914742,      -0.256806532,    -0.02344706666,       2.741197565
          0,           0,        7127,      -2.736914742,      -0.256806532,    -0.02344706666,       2.741197565
          0,           0,        7128,      -2.736914742,      -0.256806532,    -0.02344706666,       2.741197565
          0,           0,        7129,      -2.736914742,      -0.256806532,    -0.02344706666,       2.741197565
          0,           0,        7130,      -2.736914742,      -0.256806532,    -0.02344706666,       2.741197565
          0,           0,        7131,      -2.736914742,      -0.256806532,    -0.02344706666,       2.741197565
          0,           0,        7132,      -2.736914742,      -0.256806532,    -0.02344706666,       2.741197565
          0,           0,        7133,      -2.736914742,      -0.256806532,    -0.02344706666,       2.741197565
          0,           0,        7134,      -2.736914742,      -0.256806532,    -0.02344706666,       2.741197565
          0,           0,        7135,      -2.736914742,      -0.256806532,    -0.02344706666,       2.741197565
          0,           0,        7136,      -2.736914742,      -0.256806532,    -0.02344706666,       2.741197565
          0,           0,        7137,      -2.736914742,      -0.256806532,    -0.02344706666,       2.741197565
          0,           0,        7138,      -2.736914742,      -0.256806532,    -0.02344706666,       2.741197565
          0,           0,        7139,      -2.736914742,      -0.256806532,    -0.02344706666,       2.741197565
          0,           0,        7140,      -2.736914742,      -0.256806532,    -0.02344706666,       2.741197565
          0,           0,        7141,      -2.736914742,      -0.256806532,    -0.02344706666,       2.741197565
          0,           0,        7142,      -2.736914742,      -0.256806532,    -0.02344706666,       2.741197565
          0,           0,        7143,      -2.736914742,      -0.256806532,    -0.02344706666,       2.741197565
          0,           0,        7144,      -2.736914742,      -0.256806532,    -0.02344706666,       2.741197565
          0,           0,        7145,      -2.736914742,      -0.256806532,    -0.02344706666,       2.741197565
          0,           0,        7146,      -2.736914742,      -0.256806532,    -0.02344706666,       2.741197565
          0,           0,        7147,      -2.736914742,      -0.256806532,    -0.02344706666,       2.741197565
          0,           0,        7148,      -2.736914742,      -0.256806532,    -0.02344706666,       2.741197565
          0,           0,        7149,      -2.736914742,      -0.256806532,    -0.02344706666,       2.741197565
          0,           0,        7150,      -2.736914742,      -0.256806532,    -0.02344706666,       2.741197565
          0,           0,        7151,      -2.736914742,      -0.256806532,    -0.02344706666,       2.741197565
          0,           0,        7152,      -2.736914742,      -0.256806532,    -0.02344706666,       2.741197565
          0,           0,        7153,      -2.736914742,      -0.256806532,    -0.02344706666,       2.741197565
          0,           0,        7154,      -2.736914742,      -0.256806532,    -0.02344706666,       2.741197565
          0,           0,        7155,      -2.736914742,      -0.256806532,    -0.02344706666,       2.741197565
          0,           0,        7156,      -2.736914742,      -0.256806532,    -0.02344706666,       2.741197565
          0,           0,        7157,      -2.736914742,      -0.256806532,    -0.02344706666,       2.741197565
          0,           0,        7158,      -2.736914742,      -0.256806532,    -0.02344706666,       2.741197565
          0,           0,        7159,      -2.736914742,      -0.256806532,    -0.02344706666,       2.741197565
          0,           0,        7160,      -2.736914742,      -0.256806532,    -0.02344706666,       2.741197565
          0,           0,        7161,      -2.736914742,      -0.256806532,    -0.02344706666,       2.741197565
          0,           0,        7162,      -2.736914742,      -0.256806532,    -0.02344706666,       2.741197565
          0,           0,        7163,      -2.736914742,      -0.256806532,    -0.02344706666,       2.741197565
          0,           0,        7164,      -2.736914742,      -0.256806532,    -0.02344706666,       2.741197565
          0,           0,        7165,      -2.736914742,      -0.256806532,    -0.02344706666,       2.741197565
          0,           0,        7166,      -2.736914742,      -0.256806532,    -0.02344706666,       2.741197565
          0,           0,        7167,      -2.736914742,      -0.256806532,    -0.02344706666,       2.741197565
          0,           0,        7168,      -2.736914742,      -0.256806532,    -0.02344706666,       2.741197565
          0,           0,        7169,      -2.736914742,      -0.256806532,    -0.02344706666,       2.741197565
          0,           0,        7170,      -2.736914742,      -0.256806532,    -0.02344706666,       2.741197565
          0,           0,        7171,      -2.736914742,      -0.256806532,    -0.02344706666,       2.741197565
          0,           0,        7172,      -2.736914742,      -0.256806532,    -0.02344706666,       2.741197565
          0,           0,        7173,      -2.736914742,      -0.256806532,    -0.02344706666,       2.741197565
          0,           0,        7174,      -2.736914742,      -0.256806532,    -0.02344706666,       2.741197565
          0,           0,        7175,      -2.736914742,      -0.256806532,    -0.02344706666,       2.741197565
          0,           0,        7176,      -2.736914742,      -0.256806532,    -0.02344706666,       2.741197565
          0,           0,        7177,      -2.736914742,      -0.256806532,    -0.02344706666,       2.741197565
          0,           0,        7178,      -2.736914742,      -0.256806532,    -0.02344706666,       2.741197565
          0,           0,        7179,      -2.736914742,      -0.256806532,    -0.02344706666,       2.741197565
          0,           0,        7180,      -2.736914742,      -0.256806532,    -0.02344706666,       2.741197565
          0,           0,        7181,      -2.736914742,      -0.256806532,    -0.02344706666,       2.741197565
          0,           0,        7182,      -2.736914742,      -0.256806532,    -0.02344706666,       2.741197565
          0,           0,        7183,      -2.736914742,      -0.256806532,    -0.02344706666,       2.741197565
          0,           0,        7184,      -2.736914742,      -0.256806532,    -0.02344706666,       2.741197565
          0,           0,        7185,      -2.736914742,      -0.256806532,    -0.02344706666,       2.741197565
          0,           0,        7186,      -2.736914742,      -0.256806532,    -0.02344706666,       2.741197565
          0,           0,        7187,      -2.736914742,      -0.256806532,    -0.02344706666,       2.741197565
          0,           0,        7188,      -2.736914742,      -0.256806532,    -0.02344706666,       2.741197565
          0,           0,        7189,      -2.736914742,      -0.256806532,    -0.02344706666,       2.741197565
          0,           0,        7190,      -2.736914742,      -0.256806532,    -0.02344706666,       2.741197565
          0,           0,        7191,      -2.736914742,      -0.256806532,    -0.02344706666,       2.741197565
          0,           0,        7192,      -2.736914742,      -0.256806532,    -0.02344706666,       2.741197565
          0,           0,        7193,      -2.736914742,      -0.256806532,    -0.02344706666,       2.741197565
          0,           0,        7194,      -2.736914742,      -0.256806532,    -0.02344706666,       2.741197565
          0,           0,        7195,      -2.736914742,      -0.256806532,    -0.02344706666,       2.741197565
          0,           0,        7196,      -2.736914742,      -0.256806532,    -0.02344706666,       2.741197565
          0,           0,        7197,      -2.736914742,      -0.256806532,    -0.02344706666,       2.741197565
          0,           0,        7198,      -2.736914742,      -0.256806532,    -0.02344706666,       2.741197565
          0,           0,        7199,      -2.736914742,      -0.256806532,    -0.02344706666,       2.741197565
          0,           0,        7200,      -2.736914742,      -0.256806532,    -0.02344706666,       2.741197565
          0,           0,        7201,      -2.736914742,      -0.256806532,    -0.02344706666,       2.741197565
          0,           0,        7202,      -2.736914742,      -0.256806532,    -0.02344706666,       2.741197565
          0,           0,        7203,      -2.736914742,      -0.256806532,    -0.02344706666,       2.741197565
          0,           0,        7204,      -2.736914742,      -0.256806532,    -0.02344706666,       2.741197565
          0,           0,        7205,      -2.736914742,      -0.256806532,    -0.02344706666,       2.741197565
          0,           0,        7206,      -2.736914742,      -0.256806532,    -0.02344706666,       2.741197565
          0,           0,        7207,      -2.736914742,      -0.256806532,    -0.02344706666,       2.741197565
          0,           0,        7208,      -2.736914742,      -0.256806532,    -0.02344706666,       2.741197565
          0,           0,        7209,      -2.736914742,      -0.256806532,    -0.02344706666,       2.741197565
          0,           0,        7210,      -2.736914742,      -0.256806532,    -0.02344706666,       2.741197565
          0,           0,        7211,      -2.736914742,      -0.256806532,    -0.02344706666,       2.741197565
          0,           0,        7212,      -2.736914742,      -0.256806532,    -0.02344706666,       2.741197565
          0,           0,        7213,      -2.736914742,      -0.256806532,    -0.02344706666,       2.741197565
          0,           0,        7214,      -2.736914742,      -0.256806532,    -0.02344706666,       2.741197565
          0,           0,        7215,      -2.736914742,      -0.256806532,    -0.02344706666,       2.741197565
          0,           0,        7216,      -2.736914742,      -0.256806532,    -0.02344706666,       2.741197565
          0,           0,        7217,      -2.736914742,      -0.256806532,    -0.02344706666,       2.741197565
          0,           0,        7218,      -2.736914742,      -0.256806532,    -0.02344706666,       2.741197565
          0,           0,        7219,      -2.736914742,      -0.256806532,    -0.02344706666,       2.741197565
          0,           0,        7220,      -2.736914742,      -0.256806532,    -0.02344706666,       2.741197565
          0,           0,        7221,      -2.736914742,      -0.256806532,    -0.02344706666,       2.741197565
          0,           0,        7222,      -2.736914742,      -0.256806532,    -0.02344706666,       2.741197565
          0,           0,        7223,      -2.736914742,      -0.256806532,    -0.02344706666,       2.741197565
          0,           0,        7224,      -2.736914742,      -0.256806532,    -0.02344706666,       2.741197565
          0,           0,        7225,      -2.736914742,      -0.256806532,    -0.02344706666,       2.741197565
          0,           0,        7226,      -2.736914742,      -0.256806532,    -0.02344706666,       2.741197565
          0,           0,        7227,      -2.736914742,      -0.256806532,    -0.02344706666,       2.741197565
          0,           0,        7228,      -2.736914742,      -0.256806532,    -0.02344706666,       2.741197565
          0,           0,        7229,      -2.736914742,      -0.256806532,    -0.02344706666,       2.741197565
          0,           0,        7230,      -2.736914742,      -0.256806532,    -0.02344706666,       2.741197565
          0,           0,        7231,      -2.736914742,      -0.256806532,    -0.02344706666,       2.741197565
          0,           0,        7232,      -2.736914742,      -0.256806532,    -0.02344706666,       2.741197565
          0,           0,        7233,      -2.736914742,      -0.256806532,    -0.02344706666,       2.741197565
          0,           0,        7234,      -2.736914742,      -0.256806532,    -0.02344706666,       2.741197565
          0,           0,        7235,      -2.736914742,      -0.256806532,    -0.02344706666,       2.741197565
          0,           0,        7236,      -2.736914742,      -0.256806532,    -0.02344706666,       2.741197565
          0,           0,        7237,      -2.736914742,      -0.256806532,    -0.02344706666,       2.741197565
          0,           0,        7238,      -2.736914742,      -0.256806532,    -0.02344706666,       2.741197565
          0,           0,        7239,      -2.736914742,      -0.256806532,    -0.02344706666,       2.741197565
          0,           0,        7240,      -2.736914742,      -0.256806532,    -0.02344706666,       2.741197565
          0,           0,        7241,      -2.736914742,      -0.256806532,    -0.02344706666,       2.741197565
          0,           0,        7242,      -2.736914742,      -0.256806532,    -0.02344706666,       2.741197565
          0,           0,        7243,      -2.736914742,      -0.256806532,    -0.02344706666,       2.741197565
          0,           0,        7244,      -2.736914742,      -0.256806532,    -0.02344706666,       2.741197565
          0,           0,        7245,      -2.736914742,      -0.256806532,    -0.02344706666,       2.741197565
          0,           0,        7246,      -2.736914742,      -0.256806532,    -0.02344706666,       2.741197565
          0,           0,        7247,      -2.736914742,      -0.256806532,    -0.02344706666,       2.741197565
          0,           0,        7248,      -2.736914742,      -0.256806532,    -0.02344706666,       2.741197565
          0,           0,        7249,      -2.736914742,      -0.256806532,    -0.02344706666,       2.741197565
          0,           0,        7250,      -2.736914742,      -0.256806532,    -0.02344706666,       2.741197565
          0,           0,        7251,      -2.736914742,      -0.256806532,    -0.02344706666,       2.741197565
          0,           0,        7252,      -2.736914742,      -0.256806532,    -0.02344706666,       2.741197565
          0,           0,        7253,      -2.736914742,      -0.256806532,    -0.02344706666,       2.741197565
          0,           0,        7254,      -2.736914742,      -0.256806532,    -0.02344706666,       2.741197565
          0,           0,        7255,      -2.736914742,      -0.256806532,    -0.02344706666,       2.741197565
          0,           0,        7256,      -2.736914742,      -0.256806532,    -0.02344706666,       2.741197565
          0,           0,        7257,      -2.736914742,      -0.256806532,    -0.02344706666,       2.741197565
          0,           0,        7258,      -2.736914742,      -0.256806532,    -0.02344706666,       2.741197565
          0,           0,        7259,      -2.736914742,      -0.256806532,    -0.02344706666,       2.741197565
          0,           0,        7260,      -2.736914742,      -0.256806532,    -0.02344706666,       2.741197565
          0,           0,        7261,      -2.736914742,      -0.256806532,    -0.02344706666,       2.741197565
          0,           0,        7262,      -2.736914742,      -0.256806532,    -0.02344706666,       2.741197565
          0,           0,        7263,      -2.736914742,      -0.256806532,    -0.02344706666,       2.741197565
          0,           0,        7264,      -2.736914742,      -0.256806532,    -0.02344706666,       2.741197565
          0,           0,        7265,      -2.736914742,      -0.256806532,    -0.02344706666,       2.741197565
          0,           0,        7266,      -2.736914742,      -0.256806532,    -0.02344706666,       2.741197565
          0,           0,        7267,      -2.736914742,      -0.256806532,    -0.02344706666,       2.741197565
          0,           0,        7268,      -2.736914742,      -0.256806532,    -0.02344706666,       2.741197565
          0,           0,        7269,      -2.736914742,      -0.256806532,    -0.02344706666,       2.741197565
          0,           0,        7270,      -2.736914742,      -0.256806532,    -0.02344706666,       2.741197565
          0,           0,        7271,      -2.736914742,      -0.256806532,    -0.02344706666,       2.741197565
          0,           0,        7272,      -2.736914742,      -0.256806532,    -0.02344706666,       2.741197565
          0,           0,        7273,      -2.736914742,      -0.256806532,    -0.02344706666,       2.741197565
          0,           0,        7274,      -2.736914742,      -0.256806532,    -0.02344706666,       2.741197565
          0,           0,        7275,      -2.736914742,      -0.256806532,    -0.02344706666,       2.741197565
          0,           0,        7276,      -2.736914742,      -0.256806532,    -0.02344706666,       2.741197565
          0,           0,        7277,      -2.736914742,      -0.256806532,    -0.02344706666,       2.741197565
          0,           0,        7278,      -2.736914742,      -0.256806532,    -0.02344706666,       2.741197565
          0,           0,        7279,      -2.736914742,      -0.256806532,    -0.02344706666,       2.741197565
          0,           0,        7280,      -2.736914742,      -0.256806532,    -0.02344706666,       2.741197565
          0,           0,        7281,      -2.736914742,      -0.256806532,    -0.02344706666,       2.741197565
          0,           0,        7282,      -2.736914742,      -0.256806532,    -0.02344706666,       2.741197565
          0,           0,        7283,      -2.736914742,      -0.256806532,    -0.02344706666,       2.741197565
          0,           0,        7284,      -2.736914742,      -0.256806532,    -0.02344706666,       2.741197565
          0,           0,        7285,      -2.736914742,      -0.256806532,    -0.02344706666,       2.741197565
          0,           0,        7286,      -2.736914742,      -0.256806532,    -0.02344706666,       2.741197565
          0,           0,        7287,      -2.736914742,      -0.256806532,    -0.02344706666,       2.741197565
          0,           0,        7288,      -2.736914742,      -0.256806532,    -0.02344706666,       2.741197565
          0,           0,        7289,      -2.736914742,      -0.256806532,    -0.02344706666,       2.741197565
          0,           0,        7290,      -2.736914742,      -0.256806532,    -0.02344706666,       2.741197565
          0,           0,        7291,      -2.736914742,      -0.256806532,    -0.02344706666,       2.741197565
          0,           0,        7292,      -2.736914742,      -0.256806532,    -0.02344706666,       2.741197565
          0,           0,        7293,      -2.736914742,      -0.256806532,    -0.02344706666,       2.741197565
          0,           0,        7294,      -2.736914742,      -0.256806532,    -0.02344706666,       2.741197565
          0,           0,        7295,      -2.736914742,      -0.256806532,    -0.02344706666,       2.741197565
          0,           0,        7296,      -2.736914742,      -0.256806532,    -0.02344706666,       2.741197565
          0,           0,        7297,      -2.736914742,      -0.256806532,    -0.02344706666,       2.741197565
          0,           0,        7298,      -2.736914742,      -0.256806532,    -0.02344706666,       2.741197565
          0,           0,        7299,      -2.736914742,      -0.256806532,    -0.02344706666,       2.741197565
          0,           0,        7300,      -2.736914742,      -0.256806532,    -0.02344706666,       2.741197565
          0,           0,        7301,      -2.736914742,      -0.256806532,    -0.02344706666,       2.741197565
          0,           0,        7302,      -2.736914742,      -0.256806532,    -0.02344706666,       2.741197565
          0,           0,        7303,      -2.736914742,      -0.256806532,    -0.02344706666,       2.741197565
          0,           0,        7304,      -2.736914742,      -0.256806532,    -0.02344706666,       2.741197565
          0,           0,        7305,      -2.736914742,      -0.256806532,    -0.02344706666,       2.741197565
          0,           0,        7306,      -2.736914742,      -0.256806532,    -0.02344706666,       2.741197565
          0,           0,        7307,      -2.736914742,      -0.256806532,    -0.02344706666,       2.741197565
          0,           0,        7308,      -2.736914742,      -0.256806532,    -0.02344706666,       2.741197565
          0,           0,        7309,      -2.736914742,      -0.256806532,    -0.02344706666,       2.741197565
          0,           0,        7310,      -2.736914742,      -0.256806532,    -0.02344706666,       2.741197565
          0,           0,        7311,      -2.736914742,      -0.256806532,    -0.02344706666,       2.741197565
          0,           0,        7312,      -2.736914742,      -0.256806532,    -0.02344706666,       2.741197565
          0,           0,        7313,      -2.736914742,      -0.256806532,    -0.02344706666,       2.741197565
          0,           0,        7314,      -2.736914742,      -0.256806532,    -0.02344706666,       2.741197565
          0,           0,        7315,      -2.736914742,      -0.256806532,    -0.02344706666,       2.741197565
          0,           0,        7316,      -2.736914742,      -0.256806532,    -0.02344706666,       2.741197565
          0,           0,        7317,      -2.736914742,      -0.256806532,    -0.02344706666,       2.741197565
          0,           0,        7318,      -2.736914742,      -0.256806532,    -0.02344706666,       2.741197565
          0,           0,        7319,      -2.736914742,      -0.256806532,    -0.02344706666,       2.741197565
          0,           0,        7320,      -2.736914742,      -0.256806532,    -0.02344706666,       2.741197565
          0,           0,        7321,      -2.736914742,      -0.256806532,    -0.02344706666,       2.741197565
          0,           0,        7322,      -2.736914742,      -0.256806532,    -0.02344706666,       2.741197565
          0,           0,        7323,      -2.736914742,      -0.256806532,    -0.02344706666,       2.741197565
          0,           0,        7324,      -2.736914742,      -0.256806532,    -0.02344706666,       2.741197565
          0,           0,        7325,      -2.736914742,      -0.256806532,    -0.02344706666,       2.741197565
          0,           0,        7326,      -2.736914742,      -0.256806532,    -0.02344706666,       2.741197565
          0,           0,        7327,      -2.736914742,      -0.256806532,    -0.02344706666,       2.741197565
          0,           0,        7328,      -2.736914742,      -0.256806532,    -0.02344706666,       2.741197565
          0,           0,        7329,      -2.736914742,      -0.256806532,    -0.02344706666,       2.741197565
          0,           0,        7330,      -2.736914742,      -0.256806532,    -0.02344706666,       2.741197565
          0,           0,        7331,      -2.736914742,      -0.256806532,    -0.02344706666,       2.741197565
          0,           0,        7332,      -2.736914742,      -0.256806532,    -0.02344706666,       2.741197565
          0,           0,        7333,      -2.736914742,      -0.256806532,    -0.02344706666,       2.741197565
          0,           0,        7334,      -2.736914742,      -0.256806532,    -0.02344706666,       2.741197565
          0,           0,        7335,      -2.736914742,      -0.256806532,    -0.02344706666,       2.741197565
          0,           0,        7336,      -2.736914742,      -0.256806532,    -0.02344706666,       2.741197565
          0,           0,        7337,      -2.736914742,      -0.256806532,    -0.02344706666,       2.741197565
          0,           0,        7338,      -2.736914742,      -0.256806532,    -0.02344706666,       2.741197565
          0,           0,        7339,      -2.736914742,      -0.256806532,    -0.02344706666,       2.741197565
          0,           0,        7340,      -2.736914742,      -0.256806532,    -0.02344706666,       2.741197565
          0,           0,        7341,      -2.736914742,      -0.256806532,    -0.02344706666,       2.741197565
          0,           0,        7342,      -2.736914742,      -0.256806532,    -0.02344706666,       2.741197565
          0,           0,        7343,      -2.736914742,      -0.256806532,    -0.02344706666,       2.741197565
          0,           0,        7344,      -2.736914742,      -0.256806532,    -0.02344706666,       2.741197565
          0,           0,        7345,      -2.736914742,      -0.256806532,    -0.02344706666,       2.741197565
          0,           0,        7346,      -2.736914742,      -0.256806532,    -0.02344706666,       2.741197565
          0,           0,        7347,      -2.736914742,      -0.256806532,    -0.02344706666,       2.741197565
          0,           0,        7348,      -2.736914742,      -0.256806532,    -0.02344706666,       2.741197565
          0,           0,        7349,      -2.736914742,      -0.256806532,    -0.02344706666,       2.741197565
          0,           0,        7350,      -2.736914742,      -0.256806532,    -0.02344706666,       2.741197565
          0,           0,        7351,      -2.736914742,      -0.256806532,    -0.02344706666,       2.741197565
          0,           0,        7352,      -2.736914742,      -0.256806532,    -0.02344706666,       2.741197565
          0,           0,        7353,      -2.736914742,      -0.256806532,    -0.02344706666,       2.741197565
          0,           0,        7354,      -2.736914742,      -0.256806532,    -0.02344706666,       2.741197565
          0,           0,        7355,      -2.736914742,      -0.256806532,    -0.02344706666,       2.741197565
          0,           0,        7356,      -2.736914742,      -0.256806532,    -0.02344706666,       2.741197565
          0,           0,        7357,      -2.736914742,      -0.256806532,    -0.02344706666,       2.741197565
          0,           0,        7358,      -2.736914742,      -0.256806532,    -0.02344706666,       2.741197565
          0,           0,        7359,      -2.736914742,      -0.256806532,    -0.02344706666,       2.741197565
          0,           0,        7360,      -2.736914742,      -0.256806532,    -0.02344706666,       2.741197565
          0,           0,        7361,      -2.736914742,      -0.256806532,    -0.02344706666,       2.741197565
          0,           0,        7362,      -2.736914742,      -0.256806532,    -0.02344706666,       2.741197565
          0,           0,        7363,      -2.736914742,      -0.256806532,    -0.02344706666,       2.741197565
          0,           0,        7364,      -2.736914742,      -0.256806532,    -0.02344706666,       2.741197565
          0,           0,        7365,      -2.736914742,      -0.256806532,    -0.02344706666,       2.741197565
          0,           0,        7366,      -2.736914742,      -0.256806532,    -0.02344706666,       2.741197565
          0,           0,        7367,      -2.736914742,      -0.256806532,    -0.02344706666,       2.741197565
          0,           0,        7368,      -2.736914742,      -0.256806532,    -0.02344706666,       2.741197565
          0,           0,        7369,      -2.736914742,      -0.256806532,    -0.02344706666,       2.741197565
          0,           0,        7370,      -2.736914742,      -0.256806532,    -0.02344706666,       2.741197565
          0,           0,        7371,      -2.736914742,      -0.256806532,    -0.02344706666,       2.741197565
          0,           0,        7372,      -2.736914742,      -0.256806532,    -0.02344706666,       2.741197565
          0,           0,        7373,      -2.736914742,      -0.256806532,    -0.02344706666,       2.741197565
          0,           0,        7374,      -2.736914742,      -0.256806532,    -0.02344706666,       2.741197565
          0,           0,        7375,      -2.736914742,      -0.256806532,    -0.02344706666,       2.741197565
          0,           0,        7376,      -2.736914742,      -0.256806532,    -0.02344706666,       2.741197565
          0,           0,        7377,      -2.736914742,      -0.256806532,    -0.02344706666,       2.741197565
          0,           0,        7378,      -2.736914742,      -0.256806532,    -0.02344706666,       2.741197565
          0,           0,        7379,      -2.736914742,      -0.256806532,    -0.02344706666,       2.741197565
          0,           0,        7380,      -2.736914742,      -0.256806532,    -0.02344706666,       2.741197565
          0,           0,        7381,      -2.736914742,      -0.256806532,    -0.02344706666,       2.741197565
          0,           0,        7382,      -2.736914742,      -0.256806532,    -0.02344706666,       2.741197565
          0,           0,        7383,      -2.736914742,      -0.256806532,    -0.02344706666,       2.741197565
          0,           0,        7384,      -2.736914742,      -0.256806532,    -0.02344706666,       2.741197565
          0,           0,        7385,      -2.736914742,      -0.256806532,    -0.02344706666,       2.741197565
          0,           0,        7386,      -2.736914742,      -0.256806532,    -0.02344706666,       2.741197565
          0,           0,        7387,      -2.736914742,      -0.256806532,    -0.02344706666,       2.741197565
          0,           0,        7388,      -2.736914742,      -0.256806532,    -0.02344706666,       2.741197565
          0,           0,        7389,      -2.736914742,      -0.256806532,    -0.02344706666,       2.741197565
          0,           0,        7390,      -2.736914742,      -0.256806532,    -0.02344706666,       2.741197565
          0,           0,        7391,      -2.736914742,      -0.256806532,    -0.02344706666,       2.741197565
          0,           0,        7392,      -2.736914742,      -0.256806532,    -0.02344706666,       2.741197565
          0,           0,        7393,      -2.736914742,      -0.256806532,    -0.02344706666,       2.741197565
          0,           0,        7394,      -2.736914742,      -0.256806532,    -0.02344706666,       2.741197565
          0,           0,        7395,      -2.736914742,      -0.256806532,    -0.02344706666,       2.741197565
          0,           0,        7396,      -2.736914742,      -0.256806532,    -0.02344706666,       2.741197565
          0,           0,        7397,      -2.736914742,      -0.256806532,    -0.02344706666,       2.741197565
          0,           0,        7398,      -2.736914742,      -0.256806532,    -0.02344706666,       2.741197565
          0,           0,        7399,      -2.736914742,      -0.256806532,    -0.02344706666,       2.741197565
          0,           0,        7400,      -2.736914742,      -0.256806532,    -0.02344706666,       2.741197565
          0,           0,        7401,      -2.736914742,      -0.256806532,    -0.02344706666,       2.741197565
          0,           0,        7402,      -2.736914742,      -0.256806532,    -0.02344706666,       2.741197565
          0,           0,        7403,      -2.736914742,      -0.256806532,    -0.02344706666,       2.741197565
          0,           0,        7404,      -2.736914742,      -0.256806532,    -0.02344706666,       2.741197565
          0,           0,        7405,      -2.736914742,      -0.256806532,    -0.02344706666,       2.741197565
          0,           0,        7406,      -2.736914742,      -0.256806532,    -0.02344706666,       2.741197565
          0,           0,        7407,      -2.736914742,      -0.256806532,    -0.02344706666,       2.741197565
          0,           0,        7408,      -2.736914742,      -0.256806532,    -0.02344706666,       2.741197565
          0,           0,        7409,      -2.736914742,      -0.256806532,    -0.02344706666,       2.741197565
          0,           0,        7410,      -2.736914742,      -0.256806532,    -0.02344706666,       2.741197565
          0,           0,        7411,      -2.736914742,      -0.256806532,    -0.02344706666,       2.741197565
          0,           0,        7412,      -2.736914742,      -0.256806532,    -0.02344706666,       2.741197565
          0,           0,        7413,      -2.736914742,      -0.256806532,    -0.02344706666,       2.741197565
          0,           0,        7414,      -2.736914742,      -0.256806532,    -0.02344706666,       2.741197565
          0,           0,        7415,      -2.736914742,      -0.256806532,    -0.02344706666,       2.741197565
          0,           0,        7416,      -2.736914742,      -0.256806532,    -0.02344706666,       2.741197565
          0,           0,        7417,      -2.736914742,      -0.256806532,    -0.02344706666,       2.741197565
          0,           0,        7418,      -2.736914742,      -0.256806532,    -0.02344706666,       2.741197565
          0,           0,        7419,      -2.736914742,      -0.256806532,    -0.02344706666,       2.741197565
          0,           0,        7420,      -2.736914742,      -0.256806532,    -0.02344706666,       2.741197565
          0,           0,        7421,      -2.736914742,      -0.256806532,    -0.02344706666,       2.741197565
          0,           0,        7422,      -2.736914742,      -0.256806532,    -0.02344706666,       2.741197565
          0,           0,        7423,      -2.736914742,      -0.256806532,    -0.02344706666,       2.741197565
          0,           0,        7424,      -2.736914742,      -0.256806532,    -0.02344706666,       2.741197565
          0,           0,        7425,      -2.736914742,      -0.256806532,    -0.02344706666,       2.741197565
          0,           0,        7426,      -2.736914742,      -0.256806532,    -0.02344706666,       2.741197565
          0,           0,        7427,      -2.736914742,      -0.256806532,    -0.02344706666,       2.741197565
          0,           0,        7428,      -2.736914742,      -0.256806532,    -0.02344706666,       2.741197565
          0,           0,        7429,      -2.736914742,      -0.256806532,    -0.02344706666,       2.741197565
          0,           0,        7430,      -2.736914742,      -0.256806532,    -0.02344706666,       2.741197565
          0,           0,        7431,      -2.736914742,      -0.256806532,    -0.02344706666,       2.741197565
          0,           0,        7432,      -2.736914742,      -0.256806532,    -0.02344706666,       2.741197565
          0,           0,        7433,      -2.736914742,      -0.256806532,    -0.02344706666,       2.741197565
          0,           0,        7434,      -2.736914742,      -0.256806532,    -0.02344706666,       2.741197565
          0,           0,        7435,      -2.736914742,      -0.256806532,    -0.02344706666,       2.741197565
          0,           0,        7436,      -2.736914742,      -0.256806532,    -0.02344706666,       2.741197565
          0,           0,        7437,      -2.736914742,      -0.256806532,    -0.02344706666,       2.741197565
          0,           0,        7438,      -2.736914742,      -0.256806532,    -0.02344706666,       2.741197565
          0,           0,        7439,      -2.736914742,      -0.256806532,    -0.02344706666,       2.741197565
          0,           0,        7440,      -2.736914742,      -0.256806532,    -0.02344706666,       2.741197565
          0,           0,        7441,      -2.736914742,      -0.256806532,    -0.02344706666,       2.741197565
          0,           0,        7442,      -2.736914742,      -0.256806532,    -0.02344706666,       2.741197565
          0,           0,        7443,      -2.736914742,      -0.256806532,    -0.02344706666,       2.741197565
          0,           0,        7444,      -2.736914742,      -0.256806532,    -0.02344706666,       2.741197565
          0,           0,        7445,      -2.736914742,      -0.256806532,    -0.02344706666,       2.741197565
          0,           0,        7446,      -2.736914742,      -0.256806532,    -0.02344706666,       2.741197565
          0,           0,        7447,      -2.736914742,      -0.256806532,    -0.02344706666,       2.741197565
          0,           0,        7448,      -2.736914742,      -0.256806532,    -0.02344706666,       2.741197565
          0,           0,        7449,      -2.736914742,      -0.256806532,    -0.02344706666,       2.741197565
          0,           0,        7450,      -2.736914742,      -0.256806532,    -0.02344706666,       2.741197565
          0,           0,        7451,      -2.736914742,      -0.256806532,    -0.02344706666,       2.741197565
          0,           0,        7452,      -2.736914742,      -0.256806532,    -0.02344706666,       2.741197565
          0,           0,        7453,      -2.736914742,      -0.256806532,    -0.02344706666,       2.741197565
          0,           0,        7454,      -2.736914742,      -0.256806532,    -0.02344706666,       2.741197565
          0,           0,        7455,      -2.736914742,      -0.256806532,    -0.02344706666,       2.741197565
          0,           0,        7456,      -2.736914742,      -0.256806532,    -0.02344706666,       2.741197565
          0,           0,        7457,      -2.736914742,      -0.256806532,    -0.02344706666,       2.741197565
          0,           0,        7458,      -2.736914742,      -0.256806532,    -0.02344706666,       2.741197565
          0,           0,        7459,      -2.736914742,      -0.256806532,    -0.02344706666,       2.741197565
          0,           0,        7460,      -2.736914742,      -0.256806532,    -0.02344706666,       2.741197565
          0,           0,        7461,      -2.736914742,      -0.256806532,    -0.02344706666,       2.741197565
          0,           0,        7462,      -2.736914742,      -0.256806532,    -0.02344706666,       2.741197565
          0,           0,        7463,      -2.736914742,      -0.256806532,    -0.02344706666,       2.741197565
          0,           0,        7464,      -2.736914742,      -0.256806532,    -0.02344706666,       2.741197565
          0,           0,        7465,      -2.736914742,      -0.256806532,    -0.02344706666,       2.741197565
          0,           0,        7466,      -2.736914742,      -0.256806532,    -0.02344706666,       2.741197565
          0,           0,        7467,      -2.736914742,      -0.256806532,    -0.02344706666,       2.741197565
          0,           0,        7468,      -2.736914742,      -0.256806532,    -0.02344706666,       2.741197565
          0,           0,        7469,      -2.736914742,      -0.256806532,    -0.02344706666,       2.741197565
          0,           0,        7470,      -2.736914742,      -0.256806532,    -0.02344706666,       2.741197565
          0,           0,        7471,      -2.736914742,      -0.256806532,    -0.02344706666,       2.741197565
          0,           0,        7472,      -2.736914742,      -0.256806532,    -0.02344706666,       2.741197565
          0,           0,        7473,      -2.736914742,      -0.256806532,    -0.02344706666,       2.741197565
          0,           0,        7474,      -2.736914742,      -0.256806532,    -0.02344706666,       2.741197565
          0,           0,        7475,      -2.736914742,      -0.256806532,    -0.02344706666,       2.741197565
          0,           0,        7476,      -2.736914742,      -0.256806532,    -0.02344706666,       2.741197565
          0,           0,        7477,      -2.736914742,      -0.256806532,    -0.02344706666,       2.741197565
          0,           0,        7478,      -2.736914742,      -0.256806532,    -0.02344706666,       2.741197565
          0,           0,        7479,      -2.736914742,      -0.256806532,    -0.02344706666,       2.741197565
          0,           0,        7480,      -2.736914742,      -0.256806532,    -0.02344706666,       2.741197565
          0,           0,        7481,      -2.736914742,      -0.256806532,    -0.02344706666,       2.741197565
          0,           0,        7482,      -2.736914742,      -0.256806532,    -0.02344706666,       2.741197565
          0,           0,        7483,      -2.736914742,      -0.256806532,    -0.02344706666,       2.741197565
          0,           0,        7484,      -2.736914742,      -0.256806532,    -0.02344706666,       2.741197565
          0,           0,        7485,      -2.736914742,      -0.256806532,    -0.02344706666,       2.741197565
          0,           0,        7486,      -2.736914742,      -0.256806532,    -0.02344706666,       2.741197565
          0,           0,        7487,      -2.736914742,      -0.256806532,    -0.02344706666,       2.741197565
          0,           0,        7488,      -2.736914742,      -0.256806532,    -0.02344706666,       2.741197565
          0,           0,        7489,      -2.736914742,      -0.256806532,    -0.02344706666,       2.741197565
          0,           0,        7490,      -2.736914742,      -0.256806532,    -0.02344706666,       2.741197565
          0,           0,        7491,      -2.736914742,      -0.256806532,    -0.02344706666,       2.741197565
          0,           0,        7492,      -2.736914742,      -0.256806532,    -0.02344706666,       2.741197565
          0,           0,        7493,      -2.736914742,      -0.256806532,    -0.02344706666,       2.741197565
          0,           0,        7494,      -2.736914742,      -0.256806532,    -0.02344706666,       2.741197565
          0,           0,        7495,      -2.736914742,      -0.256806532,    -0.02344706666,       2.741197565
          0,           0,        7496,      -2.736914742,      -0.256806532,    -0.02344706666,       2.741197565
          0,           0,        7497,      -2.736914742,      -0.256806532,    -0.02344706666,       2.741197565
          0,           0,        7498,      -2.736914742,      -0.256806532,    -0.02344706666,       2.741197565
          0,           0,        7499,      -2.736914742,      -0.256806532,    -0.02344706666,       2.741197565
          0,           0,        7500,      -2.736914742,      -0.256806532,    -0.02344706666,       2.741197565
          0,           0,        7501,      -2.736914742,      -0.256806532,    -0.02344706666,       2.741197565
          0,           0,        7502,      -2.736914742,      -0.256806532,    -0.02344706666,       2.741197565
          0,           0,        7503,      -2.736914742,      -0.256806532,    -0.02344706666,       2.741197565
          0,           0,        7504,      -2.736914742,      -0.256806532,    -0.02344706666,       2.741197565
          0,           0,        7505,      -2.736914742,      -0.256806532,    -0.02344706666,       2.741197565
          0,           0,        7506,      -2.736914742,      -0.256806532,    -0.02344706666,       2.741197565
          0,           0,        7507,      -2.736914742,      -0.256806532,    -0.02344706666,       2.741197565
          0,           0,        7508,      -2.736914742,      -0.256806532,    -0.02344706666,       2.741197565
          0,           0,        7509,      -2.736914742,      -0.256806532,    -0.02344706666,       2.741197565
          0,           0,        7510,      -2.736914742,      -0.256806532,    -0.02344706666,       2.741197565
          0,           0,        7511,      -2.736914742,      -0.256806532,    -0.02344706666,       2.741197565
          0,           0,        7512,      -2.736914742,      -0.256806532,    -0.02344706666,       2.741197565
          0,           0,        7513,      -2.736914742,      -0.256806532,    -0.02344706666,       2.741197565
          0,           0,        7514,      -2.736914742,      -0.256806532,    -0.02344706666,       2.741197565
          0,           0,        7515,      -2.736914742,      -0.256806532,    -0.02344706666,       2.741197565
          0,           0,        7516,      -2.736914742,      -0.256806532,    -0.02344706666,       2.741197565
          0,           0,        7517,      -2.736914742,      -0.256806532,    -0.02344706666,       2.741197565
          0,           0,        7518,      -2.736914742,      -0.256806532,    -0.02344706666,       2.741197565
          0,           0,        7519,      -2.736914742,      -0.256806532,    -0.02344706666,       2.741197565
          0,           0,        7520,      -2.736914742,      -0.256806532,    -0.02344706666,       2.741197565
          0,           0,        7521,      -2.736914742,      -0.256806532,    -0.02344706666,       2.741197565
          0,           0,        7522,      -2.736914742,      -0.256806532,    -0.02344706666,       2.741197565
          0,           0,        7523,      -2.736914742,      -0.256806532,    -0.02344706666,       2.741197565
          0,           0,        7524,      -2.736914742,      -0.256806532,    -0.02344706666,       2.741197565
          0,           0,        7525,      -2.736914742,      -0.256806532,    -0.02344706666,       2.741197565
          0,           0,        7526,      -2.736914742,      -0.256806532,    -0.02344706666,       2.741197565
          0,           0,        7527,      -2.736914742,      -0.256806532,    -0.02344706666,       2.741197565
          0,           0,        7528,      -2.736914742,      -0.256806532,    -0.02344706666,       2.741197565
          0,           0,        7529,      -2.736914742,      -0.256806532,    -0.02344706666,       2.741197565
          0,           0,        7530,      -2.736914742,      -0.256806532,    -0.02344706666,       2.741197565
          0,           0,        7531,      -2.736914742,      -0.256806532,    -0.02344706666,       2.741197565
          0,           0,        7532,      -2.736914742,      -0.256806532,    -0.02344706666,       2.741197565
          0,           0,        7533,      -2.736914742,      -0.256806532,    -0.02344706666,       2.741197565
          0,           0,        7534,      -2.736914742,      -0.256806532,    -0.02344706666,       2.741197565
          0,           0,        7535,      -2.736914742,      -0.256806532,    -0.02344706666,       2.741197565
          0,           0,        7536,      -2.736914742,      -0.256806532,    -0.02344706666,       2.741197565
          0,           0,        7537,      -2.736914742,      -0.256806532,    -0.02344706666,       2.741197565
          0,           0,        7538,      -2.736914742,      -0.256806532,    -0.02344706666,       2.741197565
          0,           0,        7539,      -2.736914742,      -0.256806532,    -0.02344706666,       2.741197565
          0,           0,        7540,      -2.736914742,      -0.256806532,    -0.02344706666,       2.741197565
          0,           0,        7541,      -2.736914742,      -0.256806532,    -0.02344706666,       2.741197565
          0,           0,        7542,      -2.736914742,      -0.256806532,    -0.02344706666,       2.741197565
          0,           0,        7543,      -2.736914742,      -0.256806532,    -0.02344706666,       2.741197565
          0,           0,        7544,      -2.736914742,      -0.256806532,    -0.02344706666,       2.741197565
          0,           0,        7545,      -2.736914742,      -0.256806532,    -0.02344706666,       2.741197565
          0,           0,        7546,      -2.736914742,      -0.256806532,    -0.02344706666,       2.741197565
          0,           0,        7547,      -2.736914742,      -0.256806532,    -0.02344706666,       2.741197565
          0,           0,        7548,      -2.736914742,      -0.256806532,    -0.02344706666,       2.741197565
          0,           0,        7549,      -2.736914742,      -0.256806532,    -0.02344706666,       2.741197565
          0,           0,        7550,      -2.736914742,      -0.256806532,    -0.02344706666,       2.741197565
          0,           0,        7551,      -2.736914742,      -0.256806532,    -0.02344706666,       2.741197565
          0,           0,        7552,      -2.736914742,      -0.256806532,    -0.02344706666,       2.741197565
          0,           0,        7553,      -2.736914742,      -0.256806532,    -0.02344706666,       2.741197565
          0,           0,        7554,      -2.736914742,      -0.256806532,    -0.02344706666,       2.741197565
          0,           0,        7555,      -2.736914742,      -0.256806532,    -0.02344706666,       2.741197565
          0,           0,        7556,      -2.736914742,      -0.256806532,    -0.02344706666,       2.741197565
          0,           0,        7557,      -2.736914742,      -0.256806532,    -0.02344706666,       2.741197565
          0,           0,        7558,      -2.736914742,      -0.256806532,    -0.02344706666,       2.741197565
          0,           0,        7559,      -2.736914742,      -0.256806532,    -0.02344706666,       2.741197565
          0,           0,        7560,      -2.736914742,      -0.256806532,    -0.02344706666,       2.741197565
          0,           0,        7561,      -2.736914742,      -0.256806532,    -0.02344706666,       2.741197565
          0,           0,        7562,      -2.736914742,      -0.256806532,    -0.02344706666,       2.741197565
          0,           0,        7563,      -2.736914742,      -0.256806532,    -0.02344706666,       2.741197565
          0,           0,        7564,      -2.736914742,      -0.256806532,    -0.02344706666,       2.741197565
          0,           0,        7565,      -2.736914742,      -0.256806532,    -0.02344706666,       2.741197565
          0,           0,        7566,      -2.736914742,      -0.256806532,    -0.02344706666,       2.741197565
          0,           0,        7567,      -2.736914742,      -0.256806532,    -0.02344706666,       2.741197565
          0,           0,        7568,      -2.736914742,      -0.256806532,    -0.02344706666,       2.741197565
          0,           0,        7569,      -2.736914742,      -0.256806532,    -0.02344706666,       2.741197565
          0,           0,        7570,      -2.736914742,      -0.256806532,    -0.02344706666,       2.741197565
          0,           0,        7571,      -2.736914742,      -0.256806532,    -0.02344706666,       2.741197565
          0,           0,        7572,      -2.736914742,      -0.256806532,    -0.02344706666,       2.741197565
          0,           0,        7573,      -2.736914742,      -0.256806532,    -0.02344706666,       2.741197565
          0,           0,        7574,      -2.736914742,      -0.256806532,    -0.02344706666,       2.741197565
          0,           0,        7575,      -2.736914742,      -0.256806532,    -0.02344706666,       2.741197565
          0,           0,        7576,      -2.736914742,      -0.256806532,    -0.02344706666,       2.741197565
          0,           0,        7577,      -2.736914742,      -0.256806532,    -0.02344706666,       2.741197565
          0,           0,        7578,      -2.736914742,      -0.256806532,    -0.02344706666,       2.741197565
          0,           0,        7579,      -2.736914742,      -0.256806532,    -0.02344706666,       2.741197565
          0,           0,        7580,      -2.736914742,      -0.256806532,    -0.02344706666,       2.741197565
          0,           0,        7581,      -2.736914742,      -0.256806532,    -0.02344706666,       2.741197565
          0,           0,        7582,      -2.736914742,      -0.256806532,    -0.02344706666,       2.741197565
          0,           0,        7583,      -2.736914742,      -0.256806532,    -0.02344706666,       2.741197565
          0,           0,        7584,      -2.736914742,      -0.256806532,    -0.02344706666,       2.741197565
          0,           0,        7585,      -2.736914742,      -0.256806532,    -0.02344706666,       2.741197565
          0,           0,        7586,      -2.736914742,      -0.256806532,    -0.02344706666,       2.741197565
          0,           0,        7587,      -2.736914742,      -0.256806532,    -0.02344706666,       2.741197565
          0,           0,        7588,      -2.736914742,      -0.256806532,    -0.02344706666,       2.741197565
          0,           0,        7589,      -2.736914742,      -0.256806532,    -0.02344706666,       2.741197565
          0,           0,        7590,      -2.736914742,      -0.256806532,    -0.02344706666,       2.741197565
          0,           0,        7591,      -2.736914742,      -0.256806532,    -0.02344706666,       2.741197565
          0,           0,        7592,      -2.736914742,      -0.256806532,    -0.02344706666,       2.741197565
          0,           0,        7593,      -2.736914742,      -0.256806532,    -0.02344706666,       2.741197565
          0,           0,        7594,      -2.736914742,      -0.256806532,    -0.02344706666,       2.741197565
          0,           0,        7595,      -2.736914742,      -0.256806532,    -0.02344706666,       2.741197565
          0,           0,        7596,      -2.736914742,      -0.256806532,    -0.02344706666,       2.741197565
          0,           0,        7597,      -2.736914742,      -0.256806532,    -0.02344706666,       2.741197565
          0,           0,        7598,      -2.736914742,      -0.256806532,    -0.02344706666,       2.741197565
          0,           0,        7599,      -2.736914742,      -0.256806532,    -0.02344706666,       2.741197565
          0,           0,        7600,      -2.736914742,      -0.256806532,    -0.02344706666,       2.741197565
          0,           0,        7601,      -2.736914742,      -0.256806532,    -0.02344706666,       2.741197565
          0,           0,        7602,      -2.736914742,      -0.256806532,    -0.02344706666,       2.741197565
          0,           0,        7603,      -2.736914742,      -0.256806532,    -0.02344706666,       2.741197565
          0,           0,        7604,      -2.736914742,      -0.256806532,    -0.02344706666,       2.741197565
          0,           0,        7605,      -2.736914742,      -0.256806532,    -0.02344706666,       2.741197565
          0,           0,        7606,      -2.736914742,      -0.256806532,    -0.02344706666,       2.741197565
          0,           0,        7607,      -2.736914742,      -0.256806532,    -0.02344706666,       2.741197565
          0,           0,        7608,      -2.736914742,      -0.256806532,    -0.02344706666,       2.741197565
          0,           0,        7609,      -2.736914742,      -0.256806532,    -0.02344706666,       2.741197565
          0,           0,        7610,      -2.736914742,      -0.256806532,    -0.02344706666,       2.741197565
          0,           0,        7611,      -2.736914742,      -0.256806532,    -0.02344706666,       2.741197565
          0,           0,        7612,      -2.736914742,      -0.256806532,    -0.02344706666,       2.741197565
          0,           0,        7613,      -2.736914742,      -0.256806532,    -0.02344706666,       2.741197565
          0,           0,        7614,      -2.736914742,      -0.256806532,    -0.02344706666,       2.741197565
          0,           0,        7615,      -2.736914742,      -0.256806532,    -0.02344706666,       2.741197565
          0,           0,        7616,      -2.736914742,      -0.256806532,    -0.02344706666,       2.741197565
          0,           0,        7617,      -2.736914742,      -0.256806532,    -0.02344706666,       2.741197565
          0,           0,        7618,      -2.736914742,      -0.256806532,    -0.02344706666,       2.741197565
          0,           0,        7619,      -2.736914742,      -0.256806532,    -0.02344706666,       2.741197565
          0,           0,        7620,      -2.736914742,      -0.256806532,    -0.02344706666,       2.741197565
          0,           0,        7621,      -2.736914742,      -0.256806532,    -0.02344706666,       2.741197565
          0,           0,        7622,      -2.736914742,      -0.256806532,    -0.02344706666,       2.741197565
          0,           0,        7623,      -2.736914742,      -0.256806532,    -0.02344706666,       2.741197565
          0,           0,        7624,      -2.736914742,      -0.256806532,    -0.02344706666,       2.741197565
          0,           0,        7625,      -2.736914742,      -0.256806532,    -0.02344706666,       2.741197565
          0,           0,        7626,      -2.736914742,      -0.256806532,    -0.02344706666,       2.741197565
          0,           0,        7627,      -2.736914742,      -0.256806532,    -0.02344706666,       2.741197565
          0,           0,        7628,      -2.736914742,      -0.256806532,    -0.02344706666,       2.741197565
          0,           0,        7629,      -2.736914742,      -0.256806532,    -0.02344706666,       2.741197565
          0,           0,        7630,      -2.736914742,      -0.256806532,    -0.02344706666,       2.741197565
          0,           0,        7631,      -2.736914742,      -0.256806532,    -0.02344706666,       2.741197565
          0,           0,        7632,      -2.736914742,      -0.256806532,    -0.02344706666,       2.741197565
          0,           0,        7633,      -2.736914742,      -0.256806532,    -0.02344706666,       2.741197565
          0,           0,        7634,      -2.736914742,      -0.256806532,    -0.02344706666,       2.741197565
          0,           0,        7635,      -2.736914742,      -0.256806532,    -0.02344706666,       2.741197565
          0,           0,        7636,      -2.736914742,      -0.256806532,    -0.02344706666,       2.741197565
          0,           0,        7637,      -2.736914742,      -0.256806532,    -0.02344706666,       2.741197565
          0,           0,        7638,      -2.736914742,      -0.256806532,    -0.02344706666,       2.741197565
          0,           0,        7639,      -2.736914742,      -0.256806532,    -0.02344706666,       2.741197565
          0,           0,        7640,      -2.736914742,      -0.256806532,    -0.02344706666,       2.741197565
          0,           0,        7641,      -2.736914742,      -0.256806532,    -0.02344706666,       2.741197565
          0,           0,        7642,      -2.736914742,      -0.256806532,    -0.02344706666,       2.741197565
          0,           0,        7643,      -2.736914742,      -0.256806532,    -0.02344706666,       2.741197565
          0,           0,        7644,      -2.736914742,      -0.256806532,    -0.02344706666,       2.741197565
          0,           0,        7645,      -2.736914742,      -0.256806532,    -0.02344706666,       2.741197565
          0,           0,        7646,      -2.736914742,      -0.256806532,    -0.02344706666,       2.741197565
          0,           0,        7647,      -2.736914742,      -0.256806532,    -0.02344706666,       2.741197565
          0,           0,        7648,      -2.736914742,      -0.256806532,    -0.02344706666,       2.741197565
          0,           0,        7649,      -2.736914742,      -0.256806532,    -0.02344706666,       2.741197565
          0,           0,        7650,      -2.736914742,      -0.256806532,    -0.02344706666,       2.741197565
          0,           0,        7651,      -2.736914742,      -0.256806532,    -0.02344706666,       2.741197565
          0,           0,        7652,      -2.736914742,      -0.256806532,    -0.02344706666,       2.741197565
          0,           0,        7653,      -2.736914742,      -0.256806532,    -0.02344706666,       2.741197565
          0,           0,        7654,      -2.736914742,      -0.256806532,    -0.02344706666,       2.741197565
          0,           0,        7655,      -2.736914742,      -0.256806532,    -0.02344706666,       2.741197565
          0,           0,        7656,      -2.736914742,      -0.256806532,    -0.02344706666,       2.741197565
          0,           0,        7657,      -2.736914742,      -0.256806532,    -0.02344706666,       2.741197565
          0,           0,        7658,      -2.736914742,      -0.256806532,    -0.02344706666,       2.741197565
          0,           0,        7659,      -2.736914742,      -0.256806532,    -0.02344706666,       2.741197565
          0,           0,        7660,      -2.736914742,      -0.256806532,    -0.02344706666,       2.741197565
          0,           0,        7661,      -2.736914742,      -0.256806532,    -0.02344706666,       2.741197565
          0,           0,        7662,      -2.736914742,      -0.256806532,    -0.02344706666,       2.741197565
          0,           0,        7663,      -2.736914742,      -0.256806532,    -0.02344706666,       2.741197565
          0,           0,        7664,      -2.736914742,      -0.256806532,    -0.02344706666,       2.741197565
          0,           0,        7665,      -2.736914742,      -0.256806532,    -0.02344706666,       2.741197565
          0,           0,        7666,      -2.736914742,      -0.256806532,    -0.02344706666,       2.741197565
          0,           0,        7667,      -2.736914742,      -0.256806532,    -0.02344706666,       2.741197565
          0,           0,        7668,      -2.736914742,      -0.256806532,    -0.02344706666,       2.741197565
          0,           0,        7669,      -2.736914742,      -0.256806532,    -0.02344706666,       2.741197565
          0,           0,        7670,      -2.736914742,      -0.256806532,    -0.02344706666,       2.741197565
          0,           0,        7671,      -2.736914742,      -0.256806532,    -0.02344706666,       2.741197565
          0,           0,        7672,      -2.736914742,      -0.256806532,    -0.02344706666,       2.741197565
          0,           0,        7673,      -2.736914742,      -0.256806532,    -0.02344706666,       2.741197565
          0,           0,        7674,      -2.736914742,      -0.256806532,    -0.02344706666,       2.741197565
          0,           0,        7675,      -2.736914742,      -0.256806532,    -0.02344706666,       2.741197565
          0,           0,        7676,      -2.736914742,      -0.256806532,    -0.02344706666,       2.741197565
          0,           0,        7677,      -2.736914742,      -0.256806532,    -0.02344706666,       2.741197565
          0,           0,        7678,      -2.736914742,      -0.256806532,    -0.02344706666,       2.741197565
          0,           0,        7679,      -2.736914742,      -0.256806532,    -0.02344706666,       2.741197565
          0,           0,        7680,      -2.736914742,      -0.256806532,    -0.02344706666,       2.741197565
          0,           0,        7681,      -2.736914742,      -0.256806532,    -0.02344706666,       2.741197565
          0,           0,        7682,      -2.736914742,      -0.256806532,    -0.02344706666,       2.741197565
          0,           0,        7683,      -2.736914742,      -0.256806532,    -0.02344706666,       2.741197565
          0,           0,        7684,      -2.736914742,      -0.256806532,    -0.02344706666,       2.741197565
          0,           0,        7685,      -2.736914742,      -0.256806532,    -0.02344706666,       2.741197565
          0,           0,        7686,      -2.736914742,      -0.256806532,    -0.02344706666,       2.741197565
          0,           0,        7687,      -2.736914742,      -0.256806532,    -0.02344706666,       2.741197565
          0,           0,        7688,      -2.736914742,      -0.256806532,    -0.02344706666,       2.741197565
          0,           0,        7689,      -2.736914742,      -0.256806532,    -0.02344706666,       2.741197565
          0,           0,        7690,      -2.736914742,      -0.256806532,    -0.02344706666,       2.741197565
          0,           0,        7691,      -2.736914742,      -0.256806532,    -0.02344706666,       2.741197565
          0,           0,        7692,      -2.736914742,      -0.256806532,    -0.02344706666,       2.741197565
          0,           0,        7693,      -2.736914742,      -0.256806532,    -0.02344706666,       2.741197565
          0,           0,        7694,      -2.736914742,      -0.256806532,    -0.02344706666,       2.741197565
          0,           0,        7695,      -2.736914742,      -0.256806532,    -0.02344706666,       2.741197565
          0,           0,        7696,      -2.736914742,      -0.256806532,    -0.02344706666,       2.741197565
          0,           0,        7697,      -2.736914742,      -0.256806532,    -0.02344706666,       2.741197565
          0,           0,        7698,      -2.736914742,      -0.256806532,    -0.02344706666,       2.741197565
          0,           0,        7699,      -2.736914742,      -0.256806532,    -0.02344706666,       2.741197565
          0,           0,        7700,      -2.736914742,      -0.256806532,    -0.02344706666,       2.741197565
          0,           0,        7701,      -2.736914742,      -0.256806532,    -0.02344706666,       2.741197565
          0,           0,        7702,      -2.736914742,      -0.256806532,    -0.02344706666,       2.741197565
          0,           0,        7703,      -2.736914742,      -0.256806532,    -0.02344706666,       2.741197565
          0,           0,        7704,      -2.736914742,      -0.256806532,    -0.02344706666,       2.741197565
          0,           0,        7705,      -2.736914742,      -0.256806532,    -0.02344706666,       2.741197565
          0,           0,        7706,      -2.736914742,      -0.256806532,    -0.02344706666,       2.741197565
          0,           0,        7707,      -2.736914742,      -0.256806532,    -0.02344706666,       2.741197565
          0,           0,        7708,      -2.736914742,      -0.256806532,    -0.02344706666,       2.741197565
          0,           0,        7709,      -2.736914742,      -0.256806532,    -0.02344706666,       2.741197565
          0,           0,        7710,      -2.736914742,      -0.256806532,    -0.02344706666,       2.741197565
          0,           0,        7711,      -2.736914742,      -0.256806532,    -0.02344706666,       2.741197565
          0,           0,        7712,      -2.736914742,      -0.256806532,    -0.02344706666,       2.741197565
          0,           0,        7713,      -2.736914742,      -0.256806532,    -0.02344706666,       2.741197565
          0,           0,        7714,      -2.736914742,      -0.256806532,    -0.02344706666,       2.741197565
          0,           0,        7715,      -2.736914742,      -0.256806532,    -0.02344706666,       2.741197565
          0,           0,        7716,      -2.736914742,      -0.256806532,    -0.02344706666,       2.741197565
          0,           0,        7717,      -2.736914742,      -0.256806532,    -0.02344706666,       2.741197565
          0,           0,        7718,      -2.736914742,      -0.256806532,    -0.02344706666,       2.741197565
          0,           0,        7719,      -2.736914742,      -0.256806532,    -0.02344706666,       2.741197565
          0,           0,        7720,      -2.736914742,      -0.256806532,    -0.02344706666,       2.741197565
          0,           0,        7721,      -2.736914742,      -0.256806532,    -0.02344706666,       2.741197565
          0,           0,        7722,      -2.736914742,      -0.256806532,    -0.02344706666,       2.741197565
          0,           0,        7723,      -2.736914742,      -0.256806532,    -0.02344706666,       2.741197565
          0,           0,        7724,      -2.736914742,      -0.256806532,    -0.02344706666,       2.741197565
          0,           0,        7725,      -2.736914742,      -0.256806532,    -0.02344706666,       2.741197565
          0,           0,        7726,      -2.736914742,      -0.256806532,    -0.02344706666,       2.741197565
          0,           0,        7727,      -2.736914742,      -0.256806532,    -0.02344706666,       2.741197565
          0,           0,        7728,      -2.736914742,      -0.256806532,    -0.02344706666,       2.741197565
          0,           0,        7729,      -2.736914742,      -0.256806532,    -0.02344706666,       2.741197565
          0,           0,        7730,      -2.736914742,      -0.256806532,    -0.02344706666,       2.741197565
          0,           0,        7731,      -2.736914742,      -0.256806532,    -0.02344706666,       2.741197565
          0,           0,        7732,      -2.736914742,      -0.256806532,    -0.02344706666,       2.741197565
          0,           0,        7733,      -2.736914742,      -0.256806532,    -0.02344706666,       2.741197565
          0,           0,        7734,      -2.736914742,      -0.256806532,    -0.02344706666,       2.741197565
          0,           0,        7735,      -2.736914742,      -0.256806532,    -0.02344706666,       2.741197565
          0,           0,        7736,      -2.736914742,      -0.256806532,    -0.02344706666,       2.741197565
          0,           0,        7737,      -2.736914742,      -0.256806532,    -0.02344706666,       2.741197565
          0,           0,        7738,      -2.736914742,      -0.256806532,    -0.02344706666,       2.741197565
          0,           0,        7739,      -2.736914742,      -0.256806532,    -0.02344706666,       2.741197565
          0,           0,        7740,      -2.736914742,      -0.256806532,    -0.02344706666,       2.741197565
          0,           0,        7741,      -2.736914742,      -0.256806532,    -0.02344706666,       2.741197565
          0,           0,        7742,      -2.736914742,      -0.256806532,    -0.02344706666,       2.741197565
          0,           0,        7743,      -2.736914742,      -0.256806532,    -0.02344706666,       2.741197565
          0,           0,        7744,      -2.736914742,      -0.256806532,    -0.02344706666,       2.741197565
          0,           0,        7745,      -2.736914742,      -0.256806532,    -0.02344706666,       2.741197565
          0,           0,        7746,      -2.736914742,      -0.256806532,    -0.02344706666,       2.741197565
          0,           0,        7747,      -2.736914742,      -0.256806532,    -0.02344706666,       2.741197565
          0,           0,        7748,      -2.736914742,      -0.256806532,    -0.02344706666,       2.741197565
          0,           0,        7749,      -2.736914742,      -0.256806532,    -0.02344706666,       2.741197565
          0,           0,        7750,      -2.736914742,      -0.256806532,    -0.02344706666,       2.741197565
          0,           0,        7751,      -2.736914742,      -0.256806532,    -0.02344706666,       2.741197565
          0,           0,        7752,      -2.736914742,      -0.256806532,    -0.02344706666,       2.741197565
          0,           0,        7753,      -2.736914742,      -0.256806532,    -0.02344706666,       2.741197565
          0,           0,        7754,      -2.736914742,      -0.256806532,    -0.02344706666,       2.741197565
          0,           0,        7755,      -2.736914742,      -0.256806532,    -0.02344706666,       2.741197565
          0,           0,        7756,      -2.736914742,      -0.256806532,    -0.02344706666,       2.741197565
          0,           0,        7757,      -2.736914742,      -0.256806532,    -0.02344706666,       2.741197565
          0,           0,        7758,      -2.736914742,      -0.256806532,    -0.02344706666,       2.741197565
          0,           0,        7759,      -2.736914742,      -0.256806532,    -0.02344706666,       2.741197565
          0,           0,        7760,      -2.736914742,      -0.256806532,    -0.02344706666,       2.741197565
          0,           0,        7761,      -2.736914742,      -0.256806532,    -0.02344706666,       2.741197565
          0,           0,        7762,      -2.736914742,      -0.256806532,    -0.02344706666,       2.741197565
          0,           0,        7763,      -2.736914742,      -0.256806532,    -0.02344706666,       2.741197565
          0,           0,        7764,      -2.736914742,      -0.256806532,    -0.02344706666,       2.741197565
          0,           0,        7765,      -2.736914742,      -0.256806532,    -0.02344706666,       2.741197565
          0,           0,        7766,      -2.736914742,      -0.256806532,    -0.02344706666,       2.741197565
          0,           0,        7767,      -2.736914742,      -0.256806532,    -0.02344706666,       2.741197565
          0,           0,        7768,      -2.736914742,      -0.256806532,    -0.02344706666,       2.741197565
          0,           0,        7769,      -2.736914742,      -0.256806532,    -0.02344706666,       2.741197565
          0,           0,        7770,      -2.736914742,      -0.256806532,    -0.02344706666,       2.741197565
          0,           0,        7771,      -2.736914742,      -0.256806532,    -0.02344706666,       2.741197565
          0,           0,        7772,      -2.736914742,      -0.256806532,    -0.02344706666,       2.741197565
          0,           0,        7773,      -2.736914742,      -0.256806532,    -0.02344706666,       2.741197565
          0,           0,        7774,      -2.736914742,      -0.256806532,    -0.02344706666,       2.741197565
          0,           0,        7775,      -2.736914742,      -0.256806532,    -0.02344706666,       2.741197565
          0,           0,        7776,      -2.736914742,      -0.256806532,    -0.02344706666,       2.741197565
          0,           0,        7777,      -2.736914742,      -0.256806532,    -0.02344706666,       2.741197565
          0,           0,        7778,      -2.736914742,      -0.256806532,    -0.02344706666,       2.741197565
          0,           0,        7779,      -2.736914742,      -0.256806532,    -0.02344706666,       2.741197565
          0,           0,        7780,      -2.736914742,      -0.256806532,    -0.02344706666,       2.741197565
          0,           0,        7781,      -2.736914742,      -0.256806532,    -0.02344706666,       2.741197565
          0,           0,        7782,      -2.736914742,      -0.256806532,    -0.02344706666,       2.741197565
          0,           0,        7783,      -2.736914742,      -0.256806532,    -0.02344706666,       2.741197565
          0,           0,        7784,      -2.736914742,      -0.256806532,    -0.02344706666,       2.741197565
          0,           0,        7785,      -2.736914742,      -0.256806532,    -0.02344706666,       2.741197565
          0,           0,        7786,      -2.736914742,      -0.256806532,    -0.02344706666,       2.741197565
          0,           0,        7787,      -2.736914742,      -0.256806532,    -0.02344706666,       2.741197565
          0,           0,        7788,      -2.736914742,      -0.256806532,    -0.02344706666,       2.741197565
          0,           0,        7789,      -2.736914742,      -0.256806532,    -0.02344706666,       2.741197565
          0,           0,        7790,      -2.736914742,      -0.256806532,    -0.02344706666,       2.741197565
          0,           0,        7791,      -2.736914742,      -0.256806532,    -0.02344706666,       2.741197565
          0,           0,        7792,      -2.736914742,      -0.256806532,    -0.02344706666,       2.741197565
          0,           0,        7793,      -2.736914742,      -0.256806532,    -0.02344706666,       2.741197565
          0,           0,        7794,      -2.736914742,      -0.256806532,    -0.02344706666,       2.741197565
          0,           0,        7795,      -2.736914742,      -0.256806532,    -0.02344706666,       2.741197565
          0,           0,        7796,      -2.736914742,      -0.256806532,    -0.02344706666,       2.741197565
          0,           0,        7797,      -2.736914742,      -0.256806532,    -0.02344706666,       2.741197565
          0,           0,        7798,      -2.736914742,      -0.256806532,    -0.02344706666,       2.741197565
          0,           0,        7799,      -2.736914742,      -0.256806532,    -0.02344706666,       2.741197565
          0,           0,        7800,      -2.736914742,      -0.256806532,    -0.02344706666,       2.741197565
          0,           0,        7801,      -2.736914742,      -0.256806532,    -0.02344706666,       2.741197565
          0,           0,        7802,      -2.736914742,      -0.256806532,    -0.02344706666,       2.741197565
          0,           0,        7803,      -2.736914742,      -0.256806532,    -0.02344706666,       2.741197565
          0,           0,        7804,      -2.736914742,      -0.256806532,    -0.02344706666,       2.741197565
          0,           0,        7805,      -2.736914742,      -0.256806532,    -0.02344706666,       2.741197565
          0,           0,        7806,      -2.736914742,      -0.256806532,    -0.02344706666,       2.741197565
          0,           0,        7807,      -2.736914742,      -0.256806532,    -0.02344706666,       2.741197565
          0,           0,        7808,      -2.736914742,      -0.256806532,    -0.02344706666,       2.741197565
          0,           0,        7809,      -2.736914742,      -0.256806532,    -0.02344706666,       2.741197565
          0,           0,        7810,      -2.736914742,      -0.256806532,    -0.02344706666,       2.741197565
          0,           0,        7811,      -2.736914742,      -0.256806532,    -0.02344706666,       2.741197565
          0,           0,        7812,      -2.736914742,      -0.256806532,    -0.02344706666,       2.741197565
          0,           0,        7813,      -2.736914742,      -0.256806532,    -0.02344706666,       2.741197565
          0,           0,        7814,      -2.736914742,      -0.256806532,    -0.02344706666,       2.741197565
          0,           0,        7815,      -2.736914742,      -0.256806532,    -0.02344706666,       2.741197565
          0,           0,        7816,      -2.736914742,      -0.256806532,    -0.02344706666,       2.741197565
          0,           0,        7817,      -2.736914742,      -0.256806532,    -0.02344706666,       2.741197565
          0,           0,        7818,      -2.736914742,      -0.256806532,    -0.02344706666,       2.741197565
          0,           0,        7819,      -2.736914742,      -0.256806532,    -0.02344706666,       2.741197565
          0,           0,        7820,      -2.736914742,      -0.256806532,    -0.02344706666,       2.741197565
          0,           0,        7821,      -2.736914742,      -0.256806532,    -0.02344706666,       2.741197565
          0,           0,        7822,      -2.736914742,      -0.256806532,    -0.02344706666,       2.741197565
          0,           0,        7823,      -2.736914742,      -0.256806532,    -0.02344706666,       2.741197565
          0,           0,        7824,      -2.736914742,      -0.256806532,    -0.02344706666,       2.741197565
          0,           0,        7825,      -2.736914742,      -0.256806532,    -0.02344706666,       2.741197565
          0,           0,        7826,      -2.736914742,      -0.256806532,    -0.02344706666,       2.741197565
          0,           0,        7827,      -2.736914742,      -0.256806532,    -0.02344706666,       2.741197565
          0,           0,        7828,      -2.736914742,      -0.256806532,    -0.02344706666,       2.741197565
          0,           0,        7829,      -2.736914742,      -0.256806532,    -0.02344706666,       2.741197565
          0,           0,        7830,      -2.736914742,      -0.256806532,    -0.02344706666,       2.741197565
          0,           0,        7831,      -2.736914742,      -0.256806532,    -0.02344706666,       2.741197565
          0,           0,        7832,      -2.736914742,      -0.256806532,    -0.02344706666,       2.741197565
          0,           0,        7833,      -2.736914742,      -0.256806532,    -0.02344706666,       2.741197565
          0,           0,        7834,      -2.736914742,      -0.256806532,    -0.02344706666,       2.741197565
          0,           0,        7835,      -2.736914742,      -0.256806532,    -0.02344706666,       2.741197565
          0,           0,        7836,      -2.736914742,      -0.256806532,    -0.02344706666,       2.741197565
          0,           0,        7837,      -2.736914742,      -0.256806532,    -0.02344706666,       2.741197565
          0,           0,        7838,      -2.736914742,      -0.256806532,    -0.02344706666,       2.741197565
          0,           0,        7839,      -2.736914742,      -0.256806532,    -0.02344706666,       2.741197565
          0,           0,        7840,      -2.736914742,      -0.256806532,    -0.02344706666,       2.741197565
          0,           0,        7841,      -2.736914742,      -0.256806532,    -0.02344706666,       2.741197565
          0,           0,        7842,      -2.736914742,      -0.256806532,    -0.02344706666,       2.741197565
          0,           0,        7843,      -2.736914742,      -0.256806532,    -0.02344706666,       2.741197565
          0,           0,        7844,      -2.736914742,      -0.256806532,    -0.02344706666,       2.741197565
          0,           0,        7845,      -2.736914742,      -0.256806532,    -0.02344706666,       2.741197565
          0,           0,        7846,      -2.736914742,      -0.256806532,    -0.02344706666,       2.741197565
          0,           0,        7847,      -2.736914742,      -0.256806532,    -0.02344706666,       2.741197565
          0,           0,        7848,      -2.736914742,      -0.256806532,    -0.02344706666,       2.741197565
          0,           0,        7849,      -2.736914742,      -0.256806532,    -0.02344706666,       2.741197565
          0,           0,        7850,      -2.736914742,      -0.256806532,    -0.02344706666,       2.741197565
          0,           0,        7851,      -2.736914742,      -0.256806532,    -0.02344706666,       2.741197565
          0,           0,        7852,      -2.736914742,      -0.256806532,    -0.02344706666,       2.741197565
          0,           0,        7853,      -2.736914742,      -0.256806532,    -0.02344706666,       2.741197565
          0,           0,        7854,      -2.736914742,      -0.256806532,    -0.02344706666,       2.741197565
          0,           0,        7855,      -2.736914742,      -0.256806532,    -0.02344706666,       2.741197565
          0,           0,        7856,      -2.736914742,      -0.256806532,    -0.02344706666,       2.741197565
          0,           0,        7857,      -2.736914742,      -0.256806532,    -0.02344706666,       2.741197565
          0,           0,        7858,      -2.736914742,      -0.256806532,    -0.02344706666,       2.741197565
          0,           0,        7859,      -2.736914742,      -0.256806532,    -0.02344706666,       2.741197565
          0,           0,        7860,      -2.736914742,      -0.256806532,    -0.02344706666,       2.741197565
          0,           0,        7861,      -2.736914742,      -0.256806532,    -0.02344706666,       2.741197565
          0,           0,        7862,      -2.736914742,      -0.256806532,    -0.02344706666,       2.741197565
          0,           0,        7863,      -2.736914742,      -0.256806532,    -0.02344706666,       2.741197565
          0,           0,        7864,      -2.736914742,      -0.256806532,    -0.02344706666,       2.741197565
          0,           0,        7865,      -2.736914742,      -0.256806532,    -0.02344706666,       2.741197565
          0,           0,        7866,      -2.736914742,      -0.256806532,    -0.02344706666,       2.741197565
          0,           0,        7867,      -2.736914742,      -0.256806532,    -0.02344706666,       2.741197565
          0,           0,        7868,      -2.736914742,      -0.256806532,    -0.02344706666,       2.741197565
          0,           0,        7869,      -2.736914742,      -0.256806532,    -0.02344706666,       2.741197565
          0,           0,        7870,      -2.736914742,      -0.256806532,    -0.02344706666,       2.741197565
          0,           0,        7871,      -2.736914742,      -0.256806532,    -0.02344706666,       2.741197565
          0,           0,        7872,      -2.736914742,      -0.256806532,    -0.02344706666,       2.741197565
          0,           0,        7873,      -2.736914742,      -0.256806532,    -0.02344706666,       2.741197565
          0,           0,        7874,      -2.736914742,      -0.256806532,    -0.02344706666,       2.741197565
          0,           0,        7875,      -2.736914742,      -0.256806532,    -0.02344706666,       2.741197565
          0,           0,        7876,      -2.736914742,      -0.256806532,    -0.02344706666,       2.741197565
          0,           0,        7877,      -2.736914742,      -0.256806532,    -0.02344706666,       2.741197565
          0,           0,        7878,      -2.736914742,      -0.256806532,    -0.02344706666,       2.741197565
          0,           0,        7879,      -2.736914742,      -0.256806532,    -0.02344706666,       2.741197565
          0,           0,        7880,      -2.736914742,      -0.256806532,    -0.02344706666,       2.741197565
          0,           0,        7881,      -2.736914742,      -0.256806532,    -0.02344706666,       2.741197565
          0,           0,        7882,      -2.736914742,      -0.256806532,    -0.02344706666,       2.741197565
          0,           0,        7883,      -2.736914742,      -0.256806532,    -0.02344706666,       2.741197565
          0,           0,        7884,      -2.736914742,      -0.256806532,    -0.02344706666,       2.741197565
          0,           0,        7885,      -2.736914742,      -0.256806532,    -0.02344706666,       2.741197565
          0,           0,        7886,      -2.736914742,      -0.256806532,    -0.02344706666,       2.741197565
          0,           0,        7887,      -2.736914742,      -0.256806532,    -0.02344706666,       2.741197565
          0,           0,        7888,      -2.736914742,      -0.256806532,    -0.02344706666,       2.741197565
          0,           0,        7889,      -2.736914742,      -0.256806532,    -0.02344706666,       2.741197565
          0,           0,        7890,      -2.736914742,      -0.256806532,    -0.02344706666,       2.741197565
          0,           0,        7891,      -2.736914742,      -0.256806532,    -0.02344706666,       2.741197565
          0,           0,        7892,      -2.736914742,      -0.256806532,    -0.02344706666,       2.741197565
          0,           0,        7893,      -2.736914742,      -0.256806532,    -0.02344706666,       2.741197565
          0,           0,        7894,      -2.736914742,      -0.256806532,    -0.02344706666,       2.741197565
          0,           0,        7895,      -2.736914742,      -0.256806532,    -0.02344706666,       2.741197565
          0,           0,        7896,      -2.736914742,      -0.256806532,    -0.02344706666,       2.741197565
          0,           0,        7897,      -2.736914742,      -0.256806532,    -0.02344706666,       2.741197565
          0,           0,        7898,      -2.736914742,      -0.256806532,    -0.02344706666,       2.741197565
          0,           0,        7899,      -2.736914742,      -0.256806532,    -0.02344706666,       2.741197565
          0,           0,        7900,      -2.736914742,      -0.256806532,    -0.02344706666,       2.741197565
          0,           0,        7901,      -2.736914742,      -0.256806532,    -0.02344706666,       2.741197565
          0,           0,        7902,      -2.736914742,      -0.256806532,    -0.02344706666,       2.741197565
          0,           0,        7903,      -2.736914742,      -0.256806532,    -0.02344706666,       2.741197565
          0,           0,        7904,      -2.736914742,      -0.256806532,    -0.02344706666,       2.741197565
          0,           0,        7905,      -2.736914742,      -0.256806532,    -0.02344706666,       2.741197565
          0,           0,        7906,      -2.736914742,      -0.256806532,    -0.02344706666,       2.741197565
          0,           0,        7907,      -2.736914742,      -0.256806532,    -0.02344706666,       2.741197565
          0,           0,        7908,      -2.736914742,      -0.256806532,    -0.02344706666,       2.741197565
          0,           0,        7909,      -2.736914742,      -0.256806532,    -0.02344706666,       2.741197565
          0,           0,        7910,      -2.736914742,      -0.256806532,    -0.02344706666,       2.741197565
          0,           0,        7911,      -2.736914742,      -0.256806532,    -0.02344706666,       2.741197565
          0,           0,        7912,      -2.736914742,      -0.256806532,    -0.02344706666,       2.741197565
          0,           0,        7913,      -2.736914742,      -0.256806532,    -0.02344706666,       2.741197565
          0,           0,        7914,      -2.736914742,      -0.256806532,    -0.02344706666,       2.741197565
          0,           0,        7915,      -2.736914742,      -0.256806532,    -0.02344706666,       2.741197565
          0,           0,        7916,      -2.736914742,      -0.256806532,    -0.02344706666,       2.741197565
          0,           0,        7917,      -2.736914742,      -0.256806532,    -0.02344706666,       2.741197565
          0,           0,        7918,      -2.736914742,      -0.256806532,    -0.02344706666,       2.741197565
          0,           0,        7919,      -2.736914742,      -0.256806532,    -0.02344706666,       2.741197565
          0,           0,        7920,      -2.736914742,      -0.256806532,    -0.02344706666,       2.741197565
          0,           0,        7921,      -2.736914742,      -0.256806532,    -0.02344706666,       2.741197565
          0,           0,        7922,      -2.736914742,      -0.256806532,    -0.02344706666,       2.741197565
          0,           0,        7923,      -2.736914742,      -0.256806532,    -0.02344706666,       2.741197565
          0,           0,        7924,      -2.736914742,      -0.256806532,    -0.02344706666,       2.741197565
          0,           0,        7925,      -2.736914742,      -0.256806532,    -0.02344706666,       2.741197565
          0,           0,        7926,      -2.736914742,      -0.256806532,    -0.02344706666,       2.741197565
          0,           0,        7927,      -2.736914742,      -0.256806532,    -0.02344706666,       2.741197565
          0,           0,        7928,      -2.736914742,      -0.256806532,    -0.02344706666,       2.741197565
          0,           0,        7929,      -2.736914742,      -0.256806532,    -0.02344706666,       2.741197565
          0,           0,        7930,      -2.736914742,      -0.256806532,    -0.02344706666,       2.741197565
          0,           0,        7931,      -2.736914742,      -0.256806532,    -0.02344706666,       2.741197565
          0,           0,        7932,      -2.736914742,      -0.256806532,    -0.02344706666,       2.741197565
          0,           0,        7933,      -2.736914742,      -0.256806532,    -0.02344706666,       2.741197565
          0,           0,        7934,      -2.736914742,      -0.256806532,    -0.02344706666,       2.741197565
          0,           0,        7935,      -2.736914742,      -0.256806532,    -0.02344706666,       2.741197565
          0,           0,        7936,      -2.736914742,      -0.256806532,    -0.02344706666,       2.741197565
          0,           0,        7937,      -2.736914742,      -0.256806532,    -0.02344706666,       2.741197565
          0,           0,        7938,      -2.736914742,      -0.256806532,    -0.02344706666,       2.741197565
          0,           0,        7939,      -2.736914742,      -0.256806532,    -0.02344706666,       2.741197565
          0,           0,        7940,      -2.736914742,      -0.256806532,    -0.02344706666,       2.741197565
          0,           0,        7941,      -2.736914742,      -0.256806532,    -0.02344706666,       2.741197565
          0,           0,        7942,      -2.736914742,      -0.256806532,    -0.02344706666,       2.741197565
          0,           0,        7943,      -2.736914742,      -0.256806532,    -0.02344706666,       2.741197565
          0,           0,        7944,      -2.736914742,      -0.256806532,    -0.02344706666,       2.741197565
          0,           0,        7945,      -2.736914742,      -0.256806532,    -0.02344706666,       2.741197565
          0,           0,        7946,      -2.736914742,      -0.256806532,    -0.02344706666,       2.741197565
          0,           0,        7947,      -2.736914742,      -0.256806532,    -0.02344706666,       2.741197565
          0,           0,        7948,      -2.736914742,      -0.256806532,    -0.02344706666,       2.741197565
          0,           0,        7949,      -2.736914742,      -0.256806532,    -0.02344706666,       2.741197565
          0,           0,        7950,      -2.736914742,      -0.256806532,    -0.02344706666,       2.741197565
          0,           0,        7951,      -2.736914742,      -0.256806532,    -0.02344706666,       2.741197565
          0,           0,        7952,      -2.736914742,      -0.256806532,    -0.02344706666,       2.741197565
          0,           0,        7953,      -2.736914742,      -0.256806532,    -0.02344706666,       2.741197565
          0,           0,        7954,      -2.736914742,      -0.256806532,    -0.02344706666,       2.741197565
          0,           0,        7955,      -2.736914742,      -0.256806532,    -0.02344706666,       2.741197565
          0,           0,        7956,      -2.736914742,      -0.256806532,    -0.02344706666,       2.741197565
          0,           0,        7957,      -2.736914742,      -0.256806532,    -0.02344706666,       2.741197565
          0,           0,        7958,      -2.736914742,      -0.256806532,    -0.02344706666,       2.741197565
          0,           0,        7959,      -2.736914742,      -0.256806532,    -0.02344706666,       2.741197565
          0,           0,        7960,      -2.736914742,      -0.256806532,    -0.02344706666,       2.741197565
          0,           0,        7961,      -2.736914742,      -0.256806532,    -0.02344706666,       2.741197565
          0,           0,        7962,      -2.736914742,      -0.256806532,    -0.02344706666,       2.741197565
          0,           0,        7963,      -2.736914742,      -0.256806532,    -0.02344706666,       2.741197565
          0,           0,        7964,      -2.736914742,      -0.256806532,    -0.02344706666,       2.741197565
          0,           0,        7965,      -2.736914742,      -0.256806532,    -0.02344706666,       2.741197565
          0,           0,        7966,      -2.736914742,      -0.256806532,    -0.02344706666,       2.741197565
          0,           0,        7967,      -2.736914742,      -0.256806532,    -0.02344706666,       2.741197565
          0,           0,        7968,      -2.736914742,      -0.256806532,    -0.02344706666,       2.741197565
          0,           0,        7969,      -2.736914742,      -0.256806532,    -0.02344706666,       2.741197565
          0,           0,        7970,      -2.736914742,      -0.256806532,    -0.02344706666,       2.741197565
          0,           0,        7971,      -2.736914742,      -0.256806532,    -0.02344706666,       2.741197565
          0,           0,        7972,      -2.736914742,      -0.256806532,    -0.02344706666,       2.741197565
          0,           0,        7973,      -2.736914742,      -0.256806532,    -0.02344706666,       2.741197565
          0,           0,        7974,      -2.736914742,      -0.256806532,    -0.02344706666,       2.741197565
          0,           0,        7975,      -2.736914742,      -0.256806532,    -0.02344706666,       2.741197565
          0,           0,        7976,      -2.736914742,      -0.256806532,    -0.02344706666,       2.741197565
          0,           0,        7977,      -2.736914742,      -0.256806532,    -0.02344706666,       2.741197565
          0,           0,        7978,      -2.736914742,      -0.256806532,    -0.02344706666,       2.741197565
          0,           0,        7979,      -2.736914742,      -0.256806532,    -0.02344706666,       2.741197565
          0,           0,        7980,      -2.736914742,      -0.256806532,    -0.02344706666,       2.741197565
          0,           0,        7981,      -2.736914742,      -0.256806532,    -0.02344706666,       2.741197565
          0,           0,        7982,      -2.736914742,      -0.256806532,    -0.02344706666,       2.741197565
          0,           0,        7983,      -2.736914742,      -0.256806532,    -0.02344706666,       2.741197565
          0,           0,        7984,      -2.736914742,      -0.256806532,    -0.02344706666,       2.741197565
          0,           0,        7985,      -2.736914742,      -0.256806532,    -0.02344706666,       2.741197565
          0,           0,        7986,      -2.736914742,      -0.256806532,    -0.02344706666,       2.741197565
          0,           0,        7987,      -2.736914742,      -0.256806532,    -0.02344706666,       2.741197565
          0,           0,        7988,      -2.736914742,      -0.256806532,    -0.02344706666,       2.741197565
          0,           0,        7989,      -2.736914742,      -0.256806532,    -0.02344706666,       2.741197565
          0,           0,        7990,      -2.736914742,      -0.256806532,    -0.02344706666,       2.741197565
          0,           0,        7991,      -2.736914742,      -0.256806532,    -0.02344706666,       2.741197565
          0,           0,        7992,      -2.736914742,      -0.256806532,    -0.02344706666,       2.741197565
          0,           0,        7993,      -2.736914742,      -0.256806532,    -0.02344706666,       2.741197565
          0,           0,        7994,      -2.736914742,      -0.256806532,    -0.02344706666,       2.741197565
          0,           0,        7995,      -2.736914742,      -0.256806532,    -0.02344706666,       2.741197565
          0,           0,        7996,      -2.736914742,      -0.256806532,    -0.02344706666,       2.741197565
          0,           0,        7997,      -2.736914742,      -0.256806532,    -0.02344706666,       2.741197565
          0,           0,        7998,      -2.736914742,      -0.256806532,    -0.02344706666,       2.741197565
          0,           0,        7999,      -2.736914742,      -0.256806532,    -0.02344706666,       2.741197565
