"Time_Iter","Outer_Iter","Inner_Iter",     "rms[P]"     ,     "rms[U]"     ,     "rms[V]"     ,     "rms[T]"     ,    "RefForce"    ,       "CD"       ,       "CL"       ,       "CSF"      ,       "CMx"      ,       "CMy"      ,       "CMz"      ,       "CFx"      ,       "CFy"      ,       "CFz"      ,      "CEff"      
          0,           0,           0,      -6.125599937,      -5.668979203,      -16.07718014,      -4.193514545,         5.225e-06,       184.5561302,    -0.09223461374,                 0,                 0,                 0,     -0.1959193238,       184.5561302,    -0.09223461374,                 0,  -0.0004997645629
          0,           0,           1,      -3.693500925,      -4.586071637,       -5.87590641,      -4.229469282,         5.225e-06,      -498.3918559,       1311.508387,                 0,                 0,                 0,       7.181091829,      -498.3918559,       1311.508387,                 0,      -2.631480373
          0,           0,           2,      -4.048079863,      -4.447314259,      -5.065328746,      -4.486187946,         5.225e-06,      -1090.304596,       497.0488747,                 0,                 0,                 0,       2.658116506,      -1090.304596,       497.0488747,                 0,     -0.4558807479
          0,           0,           3,      -4.155704461,      -4.857661953,      -5.660839201,      -4.706938584,         5.225e-06,      -183.2825074,      -48.23233005,                 0,                 0,                 0,     -0.4765374458,      -183.2825074,      -48.23233005,                 0,      0.2631583927
          0,           0,           4,      -4.209443489,      -5.092045934,      -5.689250718,      -4.895610875,         5.225e-06,       840.3532004,       47.35304291,                 0,                 0,                 0,     -0.1317162976,       840.3532004,       47.35304291,                 0,      0.0563489767
          0,           0,           5,      -4.413712221,      -5.436724803,      -5.573194049,        -5.0165893,         5.225e-06,       1033.964652,       606.9072866,                 0,                 0,                 0,       2.838586689,       1033.964652,       606.9072866,                 0,      0.5869710202
          0,           0,           6,      -4.487730835,      -5.610443545,      -5.637799262,      -5.251477918,         5.225e-06,       858.1727387,       1043.412295,                 0,                 0,                 0,       5.172395287,       858.1727387,       1043.412295,                 0,       1.215853462
          0,           0,           7,      -4.629159629,      -5.542013065,      -5.873458248,      -5.306645636,         5.225e-06,       615.4277764,        1161.01113,                 0,                 0,                 0,       5.768354548,       615.4277764,        1161.01113,                 0,       1.886510773
          0,           0,           8,      -4.825316405,      -5.466215844,      -6.001129875,      -5.508215382,         5.225e-06,       596.3594503,       1093.111724,                 0,                 0,                 0,       5.336151719,       596.3594503,       1093.111724,                 0,       1.832974599
          0,           0,           9,       -4.78052239,      -5.557542731,      -5.918579495,      -5.575930361,         5.225e-06,       729.8520021,       1051.191417,                 0,                 0,                 0,        5.04884625,       729.8520021,       1051.191417,                 0,       1.440280241
          0,           0,          10,       -4.96555181,      -5.776928899,      -5.925931835,      -5.710262054,         5.225e-06,       835.9962777,       1095.989087,                 0,                 0,                 0,       5.255478074,       835.9962777,       1095.989087,                 0,       1.310997568
          0,           0,          11,      -5.066973463,      -5.840162166,      -6.048570014,      -5.738609387,         5.225e-06,       873.1133751,       1172.867379,                 0,                 0,                 0,       5.653593969,       873.1133751,       1172.867379,                 0,       1.343316244
          0,           0,          12,       -5.21946559,      -5.829074563,      -6.166916758,      -5.818290709,         5.225e-06,       880.7093393,       1234.551057,                 0,                 0,                 0,       5.974118808,       880.7093393,       1234.551057,                 0,       1.401769009
          0,           0,          13,       -5.31138529,      -5.866835876,      -6.279236819,      -5.900934608,         5.225e-06,       884.4726983,        1270.19115,                 0,                 0,                 0,       6.153329983,       884.4726983,        1270.19115,                 0,       1.436099896
          0,           0,          14,      -5.430620875,       -5.90430104,      -6.346732647,       -5.96046294,         5.225e-06,       891.7780024,       1287.759496,                 0,                 0,                 0,       6.235180141,       891.7780024,       1287.759496,                 0,       1.444035952
          0,           0,          15,      -5.456213749,      -5.930783064,      -6.386131309,      -6.024060691,         5.225e-06,       910.0830965,       1297.258444,                 0,                 0,                 0,        6.27480195,       910.0830965,       1297.258444,                 0,       1.425428567
          0,           0,          16,      -5.467076734,      -5.979982637,      -6.439095035,      -6.064719575,         5.225e-06,       934.6945532,       1308.548552,                 0,                 0,                 0,        6.32650156,       934.6945532,       1308.548552,                 0,       1.399974513
          0,           0,          17,      -5.574217392,      -6.045167901,       -6.49931343,      -6.087805925,         5.225e-06,       954.0532143,       1324.030093,                 0,                 0,                 0,       6.403686169,       954.0532143,       1324.030093,                 0,       1.387794803
          0,           0,          18,      -5.661286893,      -6.086812585,      -6.560725766,      -6.111059628,         5.225e-06,       967.4810287,        1338.64512,                 0,                 0,                 0,       6.477816683,       967.4810287,        1338.64512,                 0,       1.383639658
          0,           0,          19,      -5.681500028,      -6.111629096,      -6.633599993,      -6.135464255,         5.225e-06,       980.5718267,       1349.765424,                 0,                 0,                 0,       6.533358097,       980.5718267,       1349.765424,                 0,       1.376508469
          0,           0,          20,        -5.7210835,      -6.147821208,      -6.711572713,      -6.153280428,         5.225e-06,       994.0533961,       1359.010354,                 0,                 0,                 0,       6.578972607,       994.0533961,       1359.010354,                 0,       1.367140196
          0,           0,          21,      -5.796970252,      -6.187575487,      -6.778905482,      -6.170669295,         5.225e-06,       1006.483503,       1367.530124,                 0,                 0,                 0,       6.620977381,       1006.483503,       1367.530124,                 0,       1.358720853
          0,           0,          22,      -5.823037327,       -6.22054629,      -6.836162453,      -6.188894164,         5.225e-06,       1018.410202,        1375.22542,                 0,                 0,                 0,       6.658759677,       1018.410202,        1375.22542,                 0,       1.350364929
          0,           0,          23,      -5.841706322,       -6.25580553,      -6.887547093,      -6.203344247,         5.225e-06,       1029.957033,       1382.632292,                 0,                 0,                 0,       6.695153718,       1029.957033,       1382.632292,                 0,       1.342417448
          0,           0,          24,      -5.895390103,      -6.294328807,      -6.934417314,      -6.215134085,         5.225e-06,       1040.307519,       1389.821608,                 0,                 0,                 0,       6.730634706,       1040.307519,       1389.821608,                 0,       1.335971895
          0,           0,          25,      -5.944449093,      -6.328578919,       -6.97532274,      -6.228352918,         5.225e-06,        1049.51968,       1396.402035,                 0,                 0,                 0,       6.762996534,        1049.51968,       1396.402035,                 0,       1.330515341
          0,           0,          26,      -5.968419544,      -6.359625883,      -7.010833394,       -6.24167119,         5.225e-06,       1058.307874,       1402.156205,                 0,                 0,                 0,       6.791040199,       1058.307874,       1402.156205,                 0,       1.324903877
          0,           0,          27,      -6.003097778,      -6.394430554,      -7.042262214,      -6.253634747,         5.225e-06,       1066.590417,       1407.486396,                 0,                 0,                 0,       6.816975322,       1066.590417,       1407.486396,                 0,       1.319612828
          0,           0,          28,      -6.050023649,      -6.429113847,      -7.067870251,      -6.265803295,         5.225e-06,       1074.140805,       1412.405913,                 0,                 0,                 0,       6.840943469,       1074.140805,       1412.405913,                 0,       1.314916915
          0,           0,          29,      -6.086603729,      -6.461953138,      -7.085827032,      -6.278677643,         5.225e-06,       1081.064726,         1416.9149,                 0,                 0,                 0,       6.862905723,       1081.064726,         1416.9149,                 0,       1.310666111
          0,           0,          30,      -6.118349176,      -6.494252977,       -7.09858166,      -6.290977914,         5.225e-06,       1087.547299,       1420.993608,                 0,                 0,                 0,       6.882758503,       1087.547299,       1420.993608,                 0,       1.306603961
          0,           0,          31,      -6.160372236,      -6.528112673,      -7.106489472,      -6.302947169,         5.225e-06,       1093.496745,       1424.798202,                 0,                 0,                 0,       6.901332501,       1093.496745,       1424.798202,                 0,       1.302974343
          0,           0,          32,      -6.201825654,      -6.560412143,      -7.109352879,      -6.315330906,         5.225e-06,        1098.96467,       1428.280016,                 0,                 0,                 0,       6.918363968,        1098.96467,       1428.280016,                 0,       1.299659629
          0,           0,          33,        -6.2371528,      -6.592373923,      -7.108870072,      -6.327785684,         5.225e-06,       1104.038151,       1431.518651,                 0,                 0,                 0,       6.934244765,       1104.038151,       1431.518651,                 0,       1.296620638
          0,           0,          34,      -6.274397324,      -6.624361304,      -7.107461122,      -6.339858369,         5.225e-06,       1108.763771,       1434.534584,                 0,                 0,                 0,       6.949086085,       1108.763771,       1434.534584,                 0,       1.293814446
          0,           0,          35,      -6.316604723,      -6.656799151,      -7.105622593,      -6.351931054,         5.225e-06,       1113.107657,       1437.400316,                 0,                 0,                 0,       6.963255908,       1113.107657,       1437.400316,                 0,       1.291339888
          0,           0,          36,      -6.355065374,       -6.68804345,      -7.104180573,       -6.36407168,         5.225e-06,       1117.138292,       1440.086581,                 0,                 0,                 0,       6.976588797,       1117.138292,       1440.086581,                 0,       1.289085328
          0,           0,          37,      -6.392111792,      -6.719594857,       -7.10415575,       -6.37602139,         5.225e-06,       1120.884623,       1442.647964,                 0,                 0,                 0,       6.989354765,       1120.884623,       1442.647964,                 0,       1.287061964
          0,           0,          38,      -6.431423359,       -6.75102688,      -7.106124169,      -6.387762876,         5.225e-06,       1124.365696,        1445.08656,                 0,                 0,                 0,       7.001566656,       1124.365696,        1445.08656,                 0,       1.285246041
          0,           0,          39,       -6.47136586,      -6.782489907,      -7.110003723,       -6.39947501,         5.225e-06,       1127.586285,       1447.426434,                 0,                 0,                 0,        7.01333451,       1127.586285,       1447.426434,                 0,       1.283650266
          0,           0,          40,      -6.508123429,      -6.813437701,      -7.116026613,       -6.41107808,         5.225e-06,       1130.584711,        1449.66192,                 0,                 0,                 0,       7.024627184,       1130.584711,        1449.66192,                 0,       1.282223177
          0,           0,          41,      -6.545293604,      -6.844675223,      -7.124353654,      -6.422490767,         5.225e-06,       1133.373705,       1451.811635,                 0,                 0,                 0,        7.03552836,       1133.373705,       1451.811635,                 0,       1.280964635
          0,           0,          42,      -6.582947381,      -6.875836664,      -7.134950283,      -6.433790677,         5.225e-06,       1135.961902,       1453.880056,                 0,                 0,                 0,       7.046065601,       1135.961902,       1453.880056,                 0,       1.279866915
          0,           0,          43,      -6.619114155,      -6.906850981,      -7.147705772,      -6.445011107,         5.225e-06,       1138.367048,       1455.867682,                 0,                 0,                 0,       7.056225406,       1138.367048,       1455.867682,                 0,       1.278908842
          0,           0,          44,       -6.65333429,       -6.93783435,      -7.162667035,      -6.456107359,         5.225e-06,       1140.604682,       1457.779665,                 0,                 0,                 0,       7.066038044,       1140.604682,       1457.779665,                 0,       1.278076171
          0,           0,          45,      -6.687682554,      -6.968921069,      -7.179806811,      -6.467085248,         5.225e-06,        1142.68586,       1459.618566,                 0,                 0,                 0,       7.075504426,        1142.68586,       1459.618566,                 0,       1.277357686
          0,           0,          46,      -6.720910741,      -6.999996556,      -7.199035832,      -6.477991995,         5.225e-06,       1144.618112,       1461.387923,                 0,                 0,                 0,       7.084646257,       1144.618112,       1461.387923,                 0,        1.27674716
          0,           0,          47,      -6.752494054,      -7.031014409,      -7.220292755,      -6.488823209,         5.225e-06,       1146.415503,       1463.086804,                 0,                 0,                 0,       7.093446758,       1146.415503,       1463.086804,                 0,       1.276227337
          0,           0,          48,      -6.782881093,      -7.062117515,      -7.243563793,      -6.499570297,         5.225e-06,       1148.085985,       1464.718736,                 0,                 0,                 0,       7.101927132,       1148.085985,       1464.718736,                 0,       1.275791844
          0,           0,          49,      -6.812929163,      -7.093288192,      -7.268773191,      -6.510253501,         5.225e-06,       1149.638337,       1466.284017,                 0,                 0,                 0,       7.110079518,       1149.638337,       1466.284017,                 0,       1.275430689
          0,           0,          50,      -6.841593208,      -7.124469992,      -7.295849404,      -6.520889496,         5.225e-06,       1151.079525,       1467.784192,                 0,                 0,                 0,       7.117913957,       1151.079525,       1467.784192,                 0,       1.275137086
          0,           0,          51,      -6.869448162,      -7.155707454,      -7.324735303,      -6.531473515,         5.225e-06,       1152.418815,       1469.219611,                 0,                 0,                 0,       7.125424199,       1152.418815,       1469.219611,                 0,        1.27490075
          0,           0,          52,      -6.896742053,      -7.187030756,      -7.355387772,      -6.542011137,         5.225e-06,       1153.661669,       1470.591874,                 0,                 0,                 0,       7.132620467,       1153.661669,       1470.591874,                 0,       1.274716768
          0,           0,          53,      -6.923893665,      -7.218437797,      -7.387719495,      -6.552515002,         5.225e-06,       1154.815096,       1471.901543,                 0,                 0,                 0,       7.139499077,       1154.815096,       1471.901543,                 0,       1.274577678
          0,           0,          54,       -6.95042101,      -7.249886103,      -7.421672066,      -6.562989622,         5.225e-06,       1155.884588,       1473.149451,                 0,                 0,                 0,       7.146065795,       1155.884588,       1473.149451,                 0,       1.274477977
          0,           0,          55,      -6.977113339,      -7.281453495,      -7.457175234,      -6.573435796,         5.225e-06,       1156.876445,       1474.336833,                 0,                 0,                 0,       7.152321709,       1156.876445,       1474.336833,                 0,       1.274411662
          0,           0,          56,       -7.00389151,      -7.313088131,      -7.494166498,      -6.583860086,         5.225e-06,       1157.794964,       1475.464446,                 0,                 0,                 0,       7.158272084,       1157.794964,       1475.464446,                 0,       1.274374558
          0,           0,          57,      -7.031109657,      -7.344836663,      -7.532544934,      -6.594268733,         5.225e-06,       1158.645591,       1476.533618,                 0,                 0,                 0,       7.163919435,       1158.645591,       1476.533618,                 0,       1.274361745
          0,           0,          58,      -7.058547346,      -7.376634742,      -7.572238306,      -6.604663287,         5.225e-06,       1159.432502,       1477.544968,                 0,                 0,                 0,       7.169268103,       1159.432502,       1477.544968,                 0,       1.274369112
          0,           0,          59,      -7.086816819,      -7.408576872,      -7.613134941,      -6.615046726,         5.225e-06,       1160.160338,       1478.500357,                 0,                 0,                 0,       7.174324311,       1160.160338,       1478.500357,                 0,       1.274393124
          0,           0,          60,      -7.115669748,      -7.440559712,      -7.655129622,      -6.625421963,         5.225e-06,       1160.832608,       1479.400375,                 0,                 0,                 0,       7.179092155,       1160.832608,       1479.400375,                 0,       1.274430409
          0,           0,          61,      -7.145462621,      -7.472675059,       -7.69806724,      -6.635791391,         5.225e-06,        1161.45351,       1480.247049,                 0,                 0,                 0,       7.183579403,        1161.45351,       1480.247049,                 0,       1.274478088
          0,           0,          62,      -7.176001576,      -7.504817526,      -7.741811715,      -6.646154715,         5.225e-06,       1162.026265,       1481.041066,                 0,                 0,                 0,        7.18779059,       1162.026265,       1481.041066,                 0,       1.274533211
          0,           0,          63,      -7.207717987,      -7.537098735,      -7.786161915,      -6.656513819,         5.225e-06,        1162.55447,       1481.784768,                 0,                 0,                 0,       7.191735756,        1162.55447,       1481.784768,                 0,       1.274593841
          0,           0,          64,      -7.240304178,      -7.569378274,      -7.830927761,      -6.666867901,         5.225e-06,       1163.040965,       1482.478914,                 0,                 0,                 0,       7.195419762,       1163.040965,       1482.478914,                 0,       1.274657522
          0,           0,          65,      -7.274108396,      -7.601780164,      -7.875856581,      -6.677216784,         5.225e-06,       1163.488986,       1483.126023,                 0,                 0,                 0,       7.198854072,       1163.488986,       1483.126023,                 0,       1.274722873
          0,           0,          66,      -7.308874464,      -7.634155023,      -7.920724308,       -6.68755745,         5.225e-06,       1163.901058,       1483.727007,                 0,                 0,                 0,       7.202044312,       1163.901058,       1483.727007,                 0,       1.274787918
          0,           0,          67,      -7.344936195,      -7.666635851,      -7.965245248,      -6.697889118,         5.225e-06,        1164.27999,       1484.284542,                 0,                 0,                 0,       7.205003201,        1164.27999,       1484.284542,                 0,       1.274851886
          0,           0,          68,      -7.381939524,      -7.699048505,      -8.009190876,      -6.708207563,         5.225e-06,       1164.628039,       1484.799652,                 0,                 0,                 0,       7.207736914,       1164.628039,       1484.799652,                 0,       1.274913193
          0,           0,          69,      -7.420213935,      -7.731542344,      -8.052303037,      -6.718510592,         5.225e-06,       1164.947681,       1485.275118,                 0,                 0,                 0,        7.21025906,       1164.947681,       1485.275118,                 0,       1.274971522
          0,           0,          70,      -7.459393927,      -7.763927702,      -8.094425939,      -6.728792843,         5.225e-06,       1165.240901,       1485.712071,                 0,                 0,                 0,       7.212576349,       1165.240901,       1485.712071,                 0,       1.275025679
          0,           0,          71,      -7.499770388,      -7.796363439,      -8.135404701,      -6.739051026,         5.225e-06,       1165.509854,       1486.113326,                 0,                 0,                 0,       7.214702836,       1165.509854,       1486.113326,                 0,       1.275075728
          0,           0,          72,      -7.540884514,      -7.828642003,       -8.17523376,      -6.749279233,         5.225e-06,       1165.756305,       1486.480077,                 0,                 0,                 0,       7.216645523,       1165.756305,       1486.480077,                 0,        1.27512077
          0,           0,          73,      -7.583037494,      -7.860939286,      -8.213931046,      -6.759473992,         5.225e-06,       1165.982119,       1486.815127,                 0,                 0,                 0,       7.218418625,       1165.982119,       1486.815127,                 0,       1.275161173
          0,           0,          74,      -7.625682776,       -7.89302977,      -8.251677811,       -6.76962915,         5.225e-06,       1166.188847,       1487.119692,                 0,                 0,                 0,       7.220029204,       1166.188847,       1487.119692,                 0,       1.275196291
          0,           0,          75,      -7.669084891,      -7.925103329,      -8.288664092,       -6.77974085,         5.225e-06,       1166.378099,       1487.396498,                 0,                 0,                 0,       7.221491229,       1166.378099,       1487.396498,                 0,       1.275226704
          0,           0,          76,      -7.712576194,      -7.956919196,      -8.325227344,      -6.789802588,         5.225e-06,        1166.55124,       1487.646738,                 0,                 0,                 0,       7.222811599,        1166.55124,       1487.646738,                 0,       1.275251946
          0,           0,          77,      -7.756430442,       -7.98868474,      -8.361674395,      -6.799810436,         5.225e-06,       1166.709646,        1487.87302,                 0,                 0,                 0,       7.224003778,       1166.709646,        1487.87302,                 0,        1.27527275
          0,           0,          78,      -7.799839488,      -8.020142679,      -8.398425852,      -6.809757992,         5.225e-06,        1166.85451,       1488.076475,                 0,                 0,                 0,       7.225074292,        1166.85451,       1488.076475,                 0,       1.275288789
          0,           0,          79,      -7.843085774,      -8.051516799,      -8.435833513,       -6.81964149,         5.225e-06,       1166.987009,       1488.259548,                 0,                 0,                 0,       7.226035824,       1166.987009,       1488.259548,                 0,        1.27530087
          0,           0,          80,      -7.885256331,      -8.082537952,      -8.474343646,      -6.829454775,         5.225e-06,       1167.108175,       1488.423287,                 0,                 0,                 0,       7.226894401,       1167.108175,       1488.423287,                 0,       1.275308767
          0,           0,          81,      -7.926718026,      -8.113444436,      -8.514312767,      -6.839194411,         5.225e-06,       1167.219011,       1488.569938,                 0,                 0,                 0,       7.227661725,       1167.219011,       1488.569938,                 0,       1.275313308
          0,           0,          82,      -7.966511364,      -8.143959336,      -8.556194133,      -6.848854727,         5.225e-06,       1167.320398,       1488.700453,                 0,                 0,                 0,       7.228343258,       1167.320398,       1488.700453,                 0,       1.275314348
          0,           0,          83,      -8.005162907,      -8.174329364,      -8.600351895,      -6.858432668,         5.225e-06,       1167.413201,        1488.81685,                 0,                 0,                 0,       7.228949538,       1167.413201,        1488.81685,                 0,       1.275312673
          0,           0,          84,      -8.041798665,      -8.204281291,      -8.647272071,      -6.867923207,         5.225e-06,       1167.498146,        1488.91999,                 0,                 0,                 0,       7.229485498,       1167.498146,        1488.91999,                 0,       1.275308226
          0,           0,          85,       -8.07715704,       -8.23405636,      -8.697367871,      -6.877323721,         5.225e-06,       1167.575993,       1489.011637,                 0,                 0,                 0,       7.229960348,       1167.575993,       1489.011637,                 0,        1.27530169
          0,           0,          86,      -8.110545625,      -8.263403067,      -8.751220766,      -6.886630007,         5.225e-06,       1167.647316,       1489.092578,                 0,                 0,                 0,       7.230378588,       1167.647316,       1489.092578,                 0,        1.27529311
          0,           0,          87,      -8.142874141,      -8.292538844,       -8.80937283,       -6.89583985,         5.225e-06,       1167.712797,       1489.164304,                 0,                 0,                 0,       7.230747993,       1167.712797,       1489.164304,                 0,       1.275283022
          0,           0,          88,      -8.173679457,      -8.321255026,      -8.872604278,      -6.904949986,         5.225e-06,       1167.772869,        1489.22754,                 0,                 0,                 0,       7.231072696,       1167.772869,        1489.22754,                 0,       1.275271571
          0,           0,          89,      -8.203908406,      -8.349725621,      -8.941703517,      -6.913958645,         5.225e-06,       1167.828143,       1489.283513,                 0,                 0,                 0,       7.231359066,       1167.828143,       1489.283513,                 0,       1.275259139
          0,           0,          90,      -8.233282183,        -8.3777985,      -9.017773303,      -6.922863473,         5.225e-06,       1167.878948,       1489.332868,                 0,                 0,                 0,       7.231610786,       1167.878948,       1489.332868,                 0,       1.275245925
          0,           0,          91,      -8.262680098,      -8.405606802,       -9.10189375,       -6.93166325,         5.225e-06,       1167.925817,       1489.376609,                 0,                 0,                 0,       7.231833039,       1167.925817,       1489.376609,                 0,         1.2752322
          0,           0,          92,      -8.291904859,      -8.433043546,      -9.195240152,      -6.940356431,         5.225e-06,       1167.969006,       1489.415281,                 0,                 0,                 0,       7.232028934,       1167.969006,       1489.415281,                 0,       1.275218155
          0,           0,          93,      -8.321734641,      -8.460221144,      -9.297806276,      -6.948942432,         5.225e-06,       1168.008966,       1489.449707,                 0,                 0,                 0,       7.232202717,       1168.008966,       1489.449707,                 0,       1.275204002
          0,           0,          94,       -8.35195417,      -8.487055343,      -9.406049589,      -6.957420452,         5.225e-06,       1168.045898,        1489.48033,                 0,                 0,                 0,         7.2323569,       1168.045898,        1489.48033,                 0,       1.275189899
          0,           0,          95,      -8.383241697,      -8.513650829,      -9.505195373,      -6.965790513,         5.225e-06,       1168.080172,       1489.507821,                 0,                 0,                 0,       7.232494931,       1168.080172,       1489.507821,                 0,       1.275176017
          0,           0,          96,      -8.415322272,      -8.539935786,       -9.56406295,       -6.97405249,         5.225e-06,       1168.111948,       1489.532523,                 0,                 0,                 0,       7.232618763,       1168.111948,       1489.532523,                 0,       1.275162475
          0,           0,          97,      -8.448777174,      -8.566010954,      -9.559184882,      -6.982206942,         5.225e-06,       1168.141528,       1489.554972,                 0,                 0,                 0,       7.232731143,       1168.141528,       1489.554972,                 0,       1.275149403
          0,           0,          98,      -8.483258994,      -8.591814601,      -9.510687548,      -6.990254314,         5.225e-06,       1168.169039,       1489.575424,                 0,                 0,                 0,       7.232833515,       1168.169039,       1489.575424,                 0,        1.27513688
          0,           0,          99,       -8.51927108,      -8.617446659,      -9.450840629,      -6.998195631,         5.225e-06,       1168.194726,       1489.594301,                 0,                 0,                 0,       7.232928034,       1168.194726,       1489.594301,                 0,       1.275125001
          0,           0,         100,      -8.556369293,      -8.642851888,       -9.39586896,      -7.006031804,         5.225e-06,       1168.218693,        1489.61178,                 0,                 0,                 0,         7.2330157,       1168.218693,        1489.61178,                 0,       1.275113803
          0,           0,         101,      -8.594989917,       -8.66813081,      -9.350035409,      -7.013764229,         5.225e-06,       1168.241135,       1489.628191,                 0,                 0,                 0,       7.233098182,       1168.241135,       1489.628191,                 0,       1.275103355
          0,           0,         102,      -8.634551544,      -8.693231076,      -9.313472313,      -7.021394179,         5.225e-06,       1168.262135,       1489.643644,                 0,                 0,                 0,       7.233176109,       1168.262135,       1489.643644,                 0,       1.275093662
          0,           0,         103,      -8.675407115,      -8.718252657,      -9.285119667,      -7.028923315,         5.225e-06,        1168.28185,       1489.658393,                 0,                 0,                 0,       7.233250745,        1168.28185,       1489.658393,                 0,       1.275084769
          0,           0,         104,      -8.716778171,      -8.743144757,      -9.263847566,      -7.036353169,         5.225e-06,       1168.300345,       1489.672493,                 0,                 0,                 0,       7.233322425,       1168.300345,       1489.672493,                 0,       1.275076652
          0,           0,         105,      -8.758894249,      -8.768005147,      -9.248627103,      -7.043685568,         5.225e-06,       1168.317746,       1489.686137,                 0,                 0,                 0,       7.233392077,       1168.317746,       1489.686137,                 0,       1.275069339
          0,           0,         106,      -8.800713446,      -8.792784429,      -9.238636046,      -7.050922199,         5.225e-06,       1168.334106,       1489.699339,                 0,                 0,                 0,       7.233459813,       1168.334106,       1489.699339,                 0,       1.275062785
          0,           0,         107,      -8.842306289,      -8.817576411,      -9.233192712,      -7.058064963,         5.225e-06,       1168.349523,       1489.712238,                 0,                 0,                 0,       7.233526294,       1168.349523,       1489.712238,                 0,          1.275057
          0,           0,         108,      -8.882353569,      -8.842333076,      -9.231762376,      -7.065115618,         5.225e-06,       1168.364042,       1489.724823,                 0,                 0,                 0,        7.23359147,       1168.364042,       1489.724823,                 0,       1.275051927
          0,           0,         109,      -8.920818031,       -8.86714242,       -9.23390007,       -7.07207606,         5.225e-06,       1168.377741,       1489.737191,                 0,                 0,                 0,       7.233655793,       1168.377741,       1489.737191,                 0,       1.275047563
          0,           0,         110,      -8.956268291,      -8.891958017,      -9.239252169,      -7.078948047,         5.225e-06,       1168.390656,       1489.749312,                 0,                 0,                 0,       7.233719106,       1168.390656,       1489.749312,                 0,       1.275043843
          0,           0,         111,      -8.988802119,      -8.916860442,      -9.247517811,      -7.085733406,         5.225e-06,        1168.40285,       1489.761251,                 0,                 0,                 0,       7.233781702,        1168.40285,       1489.761251,                 0,       1.275040754
          0,           0,         112,      -9.017274171,      -8.941805299,      -9.258453773,      -7.092433843,         5.225e-06,       1168.414353,       1489.772967,                 0,                 0,                 0,       7.233843364,       1168.414353,       1489.772967,                 0,       1.275038229
          0,           0,         113,      -9.042256633,      -8.966864545,      -9.271847192,      -7.099051074,         5.225e-06,       1168.425217,       1489.784504,                 0,                 0,                 0,       7.233904265,       1168.425217,       1489.784504,                 0,       1.275036246
          0,           0,         114,      -9.063237556,      -8.991996284,      -9.287522988,      -7.105586712,         5.225e-06,       1168.435467,       1489.795814,                 0,                 0,                 0,       7.233964165,       1168.435467,       1489.795814,                 0,       1.275034743
          0,           0,         115,       -9.08131445,      -9.017262988,      -9.305322822,      -7.112042338,         5.225e-06,       1168.445145,       1489.806925,                 0,                 0,                 0,        7.23402315,       1168.445145,       1489.806925,                 0,       1.275033691
          0,           0,         116,       -9.09652654,      -9.042625682,      -9.325113904,      -7.118419449,         5.225e-06,       1168.454271,       1489.817791,                 0,                 0,                 0,       7.234080984,       1168.454271,       1489.817791,                 0,       1.275033031
          0,           0,         117,      -9.110150246,      -9.068136837,      -9.346771516,      -7.124719484,         5.225e-06,       1168.462884,       1489.828426,                 0,                 0,                 0,       7.234137696,       1168.462884,       1489.828426,                 0,       1.275032734
          0,           0,         118,      -9.122411481,      -9.093760658,      -9.370188345,      -7.130943818,         5.225e-06,       1168.471001,       1489.838788,                 0,                 0,                 0,       7.234193072,       1168.471001,       1489.838788,                 0,       1.275032746
          0,           0,         119,      -9.134406607,       -9.11953821,      -9.395259274,      -7.137093748,         5.225e-06,       1168.478653,       1489.848885,                 0,                 0,                 0,       7.234247106,       1168.478653,       1489.848885,                 0,       1.275033036
          0,           0,         120,      -9.146293067,      -9.145438071,      -9.421890715,      -7.143170528,         5.225e-06,       1168.485856,        1489.85868,                 0,                 0,                 0,       7.234299615,       1168.485856,        1489.85868,                 0,        1.27503356
          0,           0,         121,      -9.158864645,      -9.171493362,      -9.449987024,       -7.14917533,         5.225e-06,       1168.492639,       1489.868177,                 0,                 0,                 0,       7.234350578,       1168.492639,       1489.868177,                 0,       1.275034285
          0,           0,         122,      -9.172150977,      -9.197674184,      -9.479459386,        -7.1551093,         5.225e-06,       1168.499015,       1489.877347,                 0,                 0,                 0,       7.234399849,       1168.499015,       1489.877347,                 0,       1.275035175
          0,           0,         123,       -9.18668554,      -9.224005044,      -9.510213706,      -7.160973504,         5.225e-06,       1168.505011,       1489.886191,                 0,                 0,                 0,       7.234447405,       1168.505011,       1489.886191,                 0,       1.275036201
          0,           0,         124,      -9.202402359,      -9.250458078,      -9.542159009,      -7.166768998,         5.225e-06,       1168.510639,       1489.894688,                 0,                 0,                 0,       7.234493139,       1168.510639,       1489.894688,                 0,       1.275037333
          0,           0,         125,      -9.219656989,      -9.277050644,      -9.575196625,      -7.172496766,         5.225e-06,       1168.515922,       1489.902838,                 0,                 0,                 0,       7.234537035,       1168.515922,       1489.902838,                 0,       1.275038543
          0,           0,         126,      -9.238329816,      -9.303756155,       -9.60922838,      -7.178157794,         5.225e-06,       1168.520872,        1489.91063,                 0,                 0,                 0,       7.234579021,       1168.520872,        1489.91063,                 0,       1.275039809
          0,           0,         127,      -9.258666866,      -9.330586277,       -9.64414709,      -7.183753008,         5.225e-06,       1168.525511,       1489.918063,                 0,                 0,                 0,       7.234619096,       1168.525511,       1489.918063,                 0,       1.275041109
          0,           0,         128,      -9.280523836,       -9.35751506,       -9.67984506,      -7.189283349,         5.225e-06,       1168.529851,       1489.925133,                 0,                 0,                 0,       7.234657221,       1168.529851,       1489.925133,                 0,       1.275042424
          0,           0,         129,      -9.304082623,      -9.384549836,      -9.716206004,      -7.194749709,         5.225e-06,        1168.53391,       1489.931842,                 0,                 0,                 0,       7.234693412,        1168.53391,       1489.931842,                 0,       1.275043736
          0,           0,         130,      -9.329188541,      -9.411664812,      -9.753114612,      -7.200153001,         5.225e-06,       1168.537701,       1489.938189,                 0,                 0,                 0,       7.234727658,       1168.537701,       1489.938189,                 0,       1.275045031
          0,           0,         131,      -9.355986493,      -9.438864187,      -9.790450036,      -7.205494105,         5.225e-06,       1168.541241,       1489.944183,                 0,                 0,                 0,       7.234759994,       1168.541241,       1489.944183,                 0,       1.275046298
          0,           0,         132,      -9.384315753,      -9.466122057,      -9.828097272,      -7.210773927,         5.225e-06,        1168.54454,       1489.949823,                 0,                 0,                 0,       7.234790431,        1168.54454,       1489.949823,                 0,       1.275047525
          0,           0,         133,      -9.414299494,      -9.493440554,      -9.865941998,      -7.215993351,         5.225e-06,       1168.547617,       1489.955123,                 0,                 0,                 0,       7.234819019,       1168.547617,       1489.955123,                 0,       1.275048703
          0,           0,         134,      -9.445768625,      -9.520793561,      -9.903884102,      -7.221153291,         5.225e-06,       1168.550479,       1489.960086,                 0,                 0,                 0,       7.234845791,       1168.550479,       1489.960086,                 0,       1.275049826
          0,           0,         135,      -9.478832118,      -9.548182102,      -9.941832896,      -7.226254648,         5.225e-06,       1168.553144,       1489.964725,                 0,                 0,                 0,        7.23487081,       1168.553144,       1489.964725,                 0,       1.275050888
          0,           0,         136,      -9.513305118,      -9.575579851,      -9.979722292,      -7.231298354,         5.225e-06,       1168.555621,       1489.969049,                 0,                 0,                 0,       7.234894123,       1168.555621,       1489.969049,                 0,       1.275051887
          0,           0,         137,      -9.549284371,      -9.602987614,      -10.01750442,      -7.236285335,         5.225e-06,       1168.557923,       1489.973071,                 0,                 0,                 0,       7.234915802,       1168.557923,       1489.973071,                 0,       1.275052817
          0,           0,         138,      -9.586557067,      -9.630378914,      -10.05516527,      -7.241216548,         5.225e-06,       1168.560059,       1489.976803,                 0,                 0,                 0,       7.234935905,       1168.560059,       1489.976803,                 0,       1.275053679
          0,           0,         139,      -9.625205232,      -9.657755197,      -10.09271419,       -7.24609295,         5.225e-06,       1168.562042,       1489.980259,                 0,                 0,                 0,       7.234954513,       1168.562042,       1489.980259,                 0,       1.275054472
          0,           0,         140,      -9.664970843,        -9.6850899,      -10.13019909,      -7.250915525,         5.225e-06,       1168.563881,        1489.98345,                 0,                 0,                 0,       7.234971689,       1168.563881,        1489.98345,                 0,       1.275055197
          0,           0,         141,      -9.705915047,      -9.712385942,      -10.16768987,      -7.255685259,         5.225e-06,       1168.565588,       1489.986393,                 0,                 0,                 0,       7.234987517,       1168.565588,       1489.986393,                 0,       1.275055854
          0,           0,         142,      -9.747712608,      -9.739616715,      -10.20529361,      -7.260403163,         5.225e-06,       1168.567168,       1489.989099,                 0,                 0,                 0,       7.235002063,       1168.567168,       1489.989099,                 0,       1.275056445
          0,           0,         143,      -9.790396175,      -9.766787412,      -10.24313148,       -7.26507025,         5.225e-06,       1168.568634,       1489.991585,                 0,                 0,                 0,       7.235015413,       1168.568634,       1489.991585,                 0,       1.275056973
          0,           0,         144,      -9.833549734,      -9.793871386,      -10.28135592,      -7.269687553,         5.225e-06,       1168.569991,       1489.993862,                 0,                 0,                 0,       7.235027633,       1168.569991,       1489.993862,                 0,       1.275057441
          0,           0,         145,      -9.877174667,       -9.82087685,      -10.32012148,      -7.274256107,         5.225e-06,        1168.57125,       1489.995946,                 0,                 0,                 0,       7.235038807,        1168.57125,       1489.995946,                 0,       1.275057851
          0,           0,         146,      -9.920748552,      -9.847777075,      -10.35960662,      -7.278776961,         5.225e-06,       1168.572415,       1489.997849,                 0,                 0,                 0,       7.235048999,       1168.572415,       1489.997849,                 0,       1.275058207
          0,           0,         147,      -9.964256811,      -9.874583946,      -10.39997853,      -7.283251162,         5.225e-06,       1168.573496,       1489.999585,                 0,                 0,                 0,       7.235058288,       1168.573496,       1489.999585,                 0,       1.275058514
          0,           0,         148,      -10.00708078,      -9.901270588,      -10.44142147,      -7.287679768,         5.225e-06,       1168.574497,       1490.001165,                 0,                 0,                 0,       7.235066736,       1168.574497,       1490.001165,                 0,       1.275058773
          0,           0,         149,      -10.04924096,       -9.92785307,      -10.48409366,      -7.292063833,         5.225e-06,       1168.575426,       1490.002604,                 0,                 0,                 0,       7.235074417,       1168.575426,       1490.002604,                 0,        1.27505899
          0,           0,         150,      -10.09007648,        -9.9543043,      -10.52816243,       -7.29640441,         5.225e-06,       1168.576288,        1490.00391,                 0,                 0,                 0,       7.235081386,       1168.576288,        1490.00391,                 0,       1.275059168
          0,           0,         151,      -10.12973449,      -9.980644848,      -10.57374815,      -7.300702551,         5.225e-06,       1168.577089,       1490.005098,                 0,                 0,                 0,       7.235087713,       1168.577089,       1490.005098,                 0,       1.275059311
          0,           0,         152,      -10.16760291,      -10.00684739,      -10.62096338,      -7.304959301,         5.225e-06,       1168.577832,       1490.006175,                 0,                 0,                 0,       7.235093445,       1168.577832,       1490.006175,                 0,       1.275059422
          0,           0,         153,      -10.20405263,      -10.03293706,      -10.66983368,      -7.309175696,         5.225e-06,       1168.578523,       1490.007154,                 0,                 0,                 0,       7.235098647,       1168.578523,       1490.007154,                 0,       1.275059505
          0,           0,         154,      -10.23859704,      -10.05888638,      -10.72033245,      -7.313352761,         5.225e-06,       1168.579166,       1490.008041,                 0,                 0,                 0,       7.235103359,       1168.579166,       1490.008041,                 0,       1.275059563
          0,           0,         155,      -10.27186563,      -10.08472484,      -10.77225951,      -7.317491513,         5.225e-06,       1168.579765,       1490.008848,                 0,                 0,                 0,       7.235107639,       1168.579765,       1490.008848,                 0,         1.2750596
          0,           0,         156,      -10.30349993,      -10.11042503,      -10.82525627,       -7.32159295,         5.225e-06,       1168.580324,       1490.009581,                 0,                 0,                 0,       7.235111521,       1168.580324,       1490.009581,                 0,       1.275059618
          0,           0,         157,      -10.33432647,      -10.13602028,      -10.87861943,      -7.325658057,         5.225e-06,       1168.580845,        1490.01025,                 0,                 0,                 0,       7.235115056,       1168.580845,        1490.01025,                 0,       1.275059621
          0,           0,         158,      -10.36404322,      -10.16148359,      -10.93130038,      -7.329687799,         5.225e-06,       1168.581332,       1490.010858,                 0,                 0,                 0,       7.235118271,       1168.581332,       1490.010858,                 0,        1.27505961
          0,           0,         159,      -10.39355796,      -10.18685134,      -10.98170158,      -7.333683126,         5.225e-06,       1168.581788,       1490.011415,                 0,                 0,                 0,       7.235121211,       1168.581788,       1490.011415,                 0,       1.275059589
          0,           0,         160,       -10.4225362,      -10.21209746,      -11.02782767,      -7.337644961,         5.225e-06,       1168.582215,       1490.011924,                 0,                 0,                 0,       7.235123898,       1168.582215,       1490.011924,                 0,        1.27505956
          0,           0,         161,      -10.45186462,      -10.23726034,      -11.06738056,      -7.341574212,         5.225e-06,       1168.582615,       1490.012393,                 0,                 0,                 0,        7.23512637,       1168.582615,       1490.012393,                 0,       1.275059524
          0,           0,         162,      -10.48111643,      -10.26231536,      -11.09843811,      -7.345471759,         5.225e-06,        1168.58299,       1490.012824,                 0,                 0,                 0,       7.235128643,        1168.58299,       1490.012824,                 0,       1.275059483
          0,           0,         163,      -10.51109798,      -10.28730183,      -11.11994909,      -7.349338463,         5.225e-06,       1168.583343,       1490.013224,                 0,                 0,                 0,       7.235130749,       1168.583343,       1490.013224,                 0,        1.27505944
          0,           0,         164,      -10.54126306,      -10.31219704,      -11.13230407,      -7.353175158,         5.225e-06,       1168.583675,       1490.013594,                 0,                 0,                 0,       7.235132702,       1168.583675,       1490.013594,                 0,       1.275059395
          0,           0,         165,      -10.57231187,      -10.33704012,       -11.1370369,      -7.356982654,         5.225e-06,       1168.583988,        1490.01394,                 0,                 0,                 0,       7.235134526,       1168.583988,        1490.01394,                 0,        1.27505935
          0,           0,         166,      -10.60356693,      -10.36181061,      -11.13638638,      -7.360761736,         5.225e-06,       1168.584283,       1490.014264,                 0,                 0,                 0,       7.235136232,       1168.584283,       1490.014264,                 0,       1.275059305
          0,           0,         167,      -10.63561047,      -10.38654652,      -11.13254117,      -7.364513165,         5.225e-06,       1168.584562,       1490.014568,                 0,                 0,                 0,        7.23513784,       1168.584562,       1490.014568,                 0,       1.275059262
          0,           0,         168,      -10.66762505,      -10.41122972,      -11.12736372,      -7.368237674,         5.225e-06,       1168.584825,       1490.014855,                 0,                 0,                 0,       7.235139356,       1168.584825,       1490.014855,                 0,        1.27505922
          0,           0,         169,       -10.7000688,      -10.43589634,      -11.12218213,      -7.371935973,         5.225e-06,       1168.585073,       1490.015128,                 0,                 0,                 0,       7.235140798,       1168.585073,       1490.015128,                 0,       1.275059182
          0,           0,         170,      -10.73198515,      -10.46053055,      -11.11791195,      -7.375608746,         5.225e-06,       1168.585309,       1490.015387,                 0,                 0,                 0,       7.235142168,       1168.585309,       1490.015387,                 0,       1.275059147
          0,           0,         171,      -10.76371818,      -10.48516599,      -11.11509744,      -7.379256653,         5.225e-06,       1168.585532,       1490.015635,                 0,                 0,                 0,        7.23514348,       1168.585532,       1490.015635,                 0,       1.275059116
          0,           0,         172,      -10.79421081,      -10.50978894,      -11.11406516,      -7.382880329,         5.225e-06,       1168.585743,       1490.015871,                 0,                 0,                 0,       7.235144736,       1168.585743,       1490.015871,                 0,       1.275059088
          0,           0,         173,      -10.82374726,      -10.53443006,      -11.11496356,      -7.386480385,         5.225e-06,       1168.585943,       1490.016099,                 0,                 0,                 0,       7.235145945,       1168.585943,       1490.016099,                 0,       1.275059064
          0,           0,         174,      -10.85128075,       -10.5590776,      -11.11785548,      -7.390057409,         5.225e-06,       1168.586133,       1490.016318,                 0,                 0,                 0,        7.23514711,       1168.586133,       1490.016318,                 0,       1.275059044
          0,           0,         175,      -10.87715079,      -10.58375884,      -11.12272843,      -7.393611965,         5.225e-06,       1168.586313,       1490.016529,                 0,                 0,                 0,       7.235148235,       1168.586313,       1490.016529,                 0,       1.275059029
          0,           0,         176,      -10.90049382,      -10.60846373,      -11.12954407,      -7.397144598,         5.225e-06,       1168.586484,       1490.016733,                 0,                 0,                 0,       7.235149322,       1168.586484,       1490.016733,                 0,       1.275059017
          0,           0,         177,      -10.92183153,      -10.63321598,      -11.13823388,      -7.400655828,         5.225e-06,       1168.586646,        1490.01693,                 0,                 0,                 0,       7.235150376,       1168.586646,        1490.01693,                 0,       1.275059008
          0,           0,         178,       -10.9406206,      -10.65800698,      -11.14872661,      -7.404146156,         5.225e-06,         1168.5868,        1490.01712,                 0,                 0,                 0,       7.235151396,         1168.5868,        1490.01712,                 0,       1.275059004
          0,           0,         179,      -10.95759558,      -10.68285676,      -11.16093943,      -7.407616063,         5.225e-06,       1168.586946,       1490.017305,                 0,                 0,                 0,       7.235152385,       1168.586946,       1490.017305,                 0,       1.275059002
          0,           0,         180,      -10.97252665,      -10.70775781,      -11.17479447,      -7.411066012,         5.225e-06,       1168.587084,       1490.017484,                 0,                 0,                 0,       7.235153344,       1168.587084,       1490.017484,                 0,       1.275059004
          0,           0,         181,      -10.98625625,      -10.73272661,      -11.19020963,      -7.414496444,         5.225e-06,       1168.587216,       1490.017657,                 0,                 0,                 0,       7.235154273,       1168.587216,       1490.017657,                 0,       1.275059009
          0,           0,         182,      -10.99873795,      -10.75775637,      -11.20710944,      -7.417907788,         5.225e-06,        1168.58734,       1490.017824,                 0,                 0,                 0,       7.235155172,        1168.58734,       1490.017824,                 0,       1.275059016
          0,           0,         183,      -11.01077221,      -10.78286023,      -11.22541691,       -7.42130045,         5.225e-06,       1168.587459,       1490.017986,                 0,                 0,                 0,       7.235156043,       1168.587459,       1490.017986,                 0,       1.275059025
          0,           0,         184,      -11.02235842,      -10.80803176,      -11.24506116,      -7.424674826,         5.225e-06,       1168.587571,       1490.018142,                 0,                 0,                 0,       7.235156885,       1168.587571,       1490.018142,                 0,       1.275059037
          0,           0,         185,      -11.03416156,      -10.83328105,       -11.2659706,      -7.428031294,         5.225e-06,       1168.587677,       1490.018293,                 0,                 0,                 0,       7.235157699,       1168.587677,       1490.018293,                 0,        1.27505905
          0,           0,         186,      -11.04615232,      -10.85860168,      -11.28807857,      -7.431370217,         5.225e-06,       1168.587777,       1490.018439,                 0,                 0,                 0,       7.235158483,       1168.587777,       1490.018439,                 0,       1.275059065
          0,           0,         187,      -11.05884136,      -10.88400108,      -11.31131783,      -7.434691945,         5.225e-06,       1168.587872,       1490.018579,                 0,                 0,                 0,       7.235159239,       1168.587872,       1490.018579,                 0,       1.275059081
          0,           0,         188,        -11.072153,      -10.90947257,      -11.33562483,      -7.437996816,         5.225e-06,       1168.587962,       1490.018714,                 0,                 0,                 0,       7.235159967,       1168.587962,       1490.018714,                 0,       1.275059098
          0,           0,         189,      -11.08646678,      -10.93502128,      -11.36093538,      -7.441285156,         5.225e-06,       1168.588048,       1490.018843,                 0,                 0,                 0,       7.235160666,       1168.588048,       1490.018843,                 0,       1.275059116
          0,           0,         190,      -11.10166902,      -10.96064004,      -11.38718804,      -7.444557278,         5.225e-06,       1168.588128,       1490.018967,                 0,                 0,                 0,       7.235161336,       1168.588128,       1490.018967,                 0,       1.275059134
          0,           0,         191,      -11.11804228,      -10.98633206,      -11.41432066,      -7.447813485,         5.225e-06,       1168.588204,       1490.019086,                 0,                 0,                 0,       7.235161977,       1168.588204,       1490.019086,                 0,       1.275059153
          0,           0,         192,      -11.13544838,       -11.0120896,      -11.44227334,      -7.451054069,         5.225e-06,       1168.588276,       1490.019199,                 0,                 0,                 0,       7.235162591,       1168.588276,       1490.019199,                 0,       1.275059172
          0,           0,         193,      -11.15410293,      -11.03791426,      -11.47098563,      -7.454279314,         5.225e-06,       1168.588343,       1490.019307,                 0,                 0,                 0,       7.235163176,       1168.588343,       1490.019307,                 0,       1.275059191
          0,           0,         194,      -11.17385361,      -11.06379771,      -11.50039928,      -7.457489493,         5.225e-06,       1168.588407,        1490.01941,                 0,                 0,                 0,       7.235163734,       1168.588407,        1490.01941,                 0,        1.27505921
          0,           0,         195,       -11.1948714,      -11.08974027,      -11.53045598,      -7.460684871,         5.225e-06,       1168.588467,       1490.019509,                 0,                 0,                 0,       7.235164265,       1168.588467,       1490.019509,                 0,       1.275059228
          0,           0,         196,      -11.21699546,      -11.11573302,      -11.56110004,      -7.463865707,         5.225e-06,       1168.588523,       1490.019602,                 0,                 0,                 0,       7.235164768,       1168.588523,       1490.019602,                 0,       1.275059246
          0,           0,         197,      -11.24036744,      -11.14177534,      -11.59227651,      -7.467032248,         5.225e-06,       1168.588576,        1490.01969,                 0,                 0,                 0,       7.235165246,       1168.588576,        1490.01969,                 0,       1.275059264
          0,           0,         198,      -11.26481976,       -11.1678578,      -11.62393395,      -7.470184739,         5.225e-06,       1168.588626,       1490.019773,                 0,                 0,                 0,       7.235165697,       1168.588626,       1490.019773,                 0,       1.275059281
          0,           0,         199,      -11.29047479,      -11.19397911,       -11.6560227,      -7.473323413,         5.225e-06,       1168.588673,       1490.019852,                 0,                 0,                 0,       7.235166124,       1168.588673,       1490.019852,                 0,       1.275059297
          0,           0,         200,      -11.31715713,      -11.22012944,      -11.68849777,        -7.4764485,         5.225e-06,       1168.588717,       1490.019927,                 0,                 0,                 0,       7.235166527,       1168.588717,       1490.019927,                 0,       1.275059312
          0,           0,         201,       -11.3449764,      -11.24630714,      -11.72131697,      -7.479560224,         5.225e-06,       1168.588759,       1490.019997,                 0,                 0,                 0,       7.235166906,       1168.588759,       1490.019997,                 0,       1.275059327
          0,           0,         202,       -11.3737463,      -11.27250211,      -11.75444399,      -7.482658801,         5.225e-06,       1168.588798,       1490.020063,                 0,                 0,                 0,       7.235167262,       1168.588798,       1490.020063,                 0,       1.275059341
          0,           0,         203,      -11.40356793,      -11.29871263,      -11.78784596,      -7.485744443,         5.225e-06,       1168.588834,       1490.020124,                 0,                 0,                 0,       7.235167596,       1168.588834,       1490.020124,                 0,       1.275059354
          0,           0,         204,      -11.43423977,      -11.32492844,      -11.82149678,      -7.488817356,         5.225e-06,       1168.588868,       1490.020182,                 0,                 0,                 0,       7.235167909,       1168.588868,       1490.020182,                 0,       1.275059367
          0,           0,         205,      -11.46585723,      -11.35114804,      -11.85537368,      -7.491877743,         5.225e-06,         1168.5889,       1490.020237,                 0,                 0,                 0,       7.235168203,         1168.5889,       1490.020237,                 0,       1.275059378
          0,           0,         206,      -11.49819846,      -11.37736114,      -11.88946076,      -7.494925801,         5.225e-06,        1168.58893,       1490.020287,                 0,                 0,                 0,       7.235168477,        1168.58893,       1490.020287,                 0,       1.275059389
          0,           0,         207,      -11.53135571,      -11.40356672,      -11.92374423,      -7.497961721,         5.225e-06,       1168.588958,       1490.020335,                 0,                 0,                 0,       7.235168733,       1168.588958,       1490.020335,                 0,       1.275059399
          0,           0,         208,      -11.56508163,      -11.42975458,      -11.95821632,      -7.500985693,         5.225e-06,       1168.588985,       1490.020379,                 0,                 0,                 0,       7.235168971,       1168.588985,       1490.020379,                 0,       1.275059408
          0,           0,         209,      -11.59946832,      -11.45592447,      -11.99286864,        -7.5039979,         5.225e-06,       1168.589009,        1490.02042,                 0,                 0,                 0,       7.235169194,       1168.589009,        1490.02042,                 0,       1.275059416
          0,           0,         210,      -11.63423871,      -11.48206632,      -12.02769686,      -7.506998522,         5.225e-06,       1168.589032,       1490.020458,                 0,                 0,                 0,         7.2351694,       1168.589032,       1490.020458,                 0,       1.275059424
          0,           0,         211,      -11.66948962,      -11.50818092,      -12.06269182,      -7.509987737,         5.225e-06,       1168.589054,       1490.020494,                 0,                 0,                 0,       7.235169592,       1168.589054,       1490.020494,                 0,       1.275059431
          0,           0,         212,      -11.70491222,       -11.5342584,      -12.09784531,      -7.512965717,         5.225e-06,       1168.589074,       1490.020527,                 0,                 0,                 0,       7.235169771,       1168.589074,       1490.020527,                 0,       1.275059437
          0,           0,         213,      -11.74061577,       -11.5603008,      -12.13313869,      -7.515932631,         5.225e-06,       1168.589093,       1490.020558,                 0,                 0,                 0,       7.235169936,       1168.589093,       1490.020558,                 0,       1.275059443
          0,           0,         214,      -11.77626135,      -11.58629848,      -12.16855029,      -7.518888646,         5.225e-06,       1168.589111,       1490.020586,                 0,                 0,                 0,        7.23517009,       1168.589111,       1490.020586,                 0,       1.275059448
          0,           0,         215,      -11.81198206,      -11.61225492,      -12.20404128,      -7.521833924,         5.225e-06,       1168.589127,       1490.020613,                 0,                 0,                 0,       7.235170232,       1168.589127,       1490.020613,                 0,       1.275059453
          0,           0,         216,      -11.84741468,      -11.63816073,      -12.23956539,      -7.524768626,         5.225e-06,       1168.589143,       1490.020637,                 0,                 0,                 0,       7.235170364,       1168.589143,       1490.020637,                 0,       1.275059457
          0,           0,         217,       -11.8827307,      -11.66402094,      -12.27505209,      -7.527692908,         5.225e-06,       1168.589157,        1490.02066,                 0,                 0,                 0,       7.235170486,       1168.589157,        1490.02066,                 0,        1.27505946
          0,           0,         218,      -11.91755179,      -11.68982643,      -12.31041969,      -7.530606924,         5.225e-06,       1168.589171,       1490.020681,                 0,                 0,                 0,       7.235170599,       1168.589171,       1490.020681,                 0,       1.275059463
          0,           0,         219,       -11.9521026,      -11.71558387,      -12.34555629,      -7.533510825,         5.225e-06,       1168.589184,       1490.020701,                 0,                 0,                 0,       7.235170704,       1168.589184,       1490.020701,                 0,       1.275059466
          0,           0,         220,      -11.98599938,      -11.74128439,      -12.38033782,      -7.536404759,         5.225e-06,       1168.589196,       1490.020719,                 0,                 0,                 0,       7.235170801,       1168.589196,       1490.020719,                 0,       1.275059469
          0,           0,         221,      -12.01953029,      -11.76693627,      -12.41460824,      -7.539288872,         5.225e-06,       1168.589207,       1490.020736,                 0,                 0,                 0,       7.235170891,       1168.589207,       1490.020736,                 0,       1.275059471
          0,           0,         222,      -12.05231209,      -11.79253095,      -12.44820441,      -7.542163307,         5.225e-06,       1168.589217,       1490.020751,                 0,                 0,                 0,       7.235170975,       1168.589217,       1490.020751,                 0,       1.275059472
          0,           0,         223,      -12.08469816,      -11.81807821,      -12.48093766,      -7.545028205,         5.225e-06,       1168.589227,       1490.020766,                 0,                 0,                 0,       7.235171052,       1168.589227,       1490.020766,                 0,       1.275059474
          0,           0,         224,      -12.11630494,       -11.8435698,      -12.51262715,      -7.547883703,         5.225e-06,       1168.589237,       1490.020779,                 0,                 0,                 0,       7.235171124,       1168.589237,       1490.020779,                 0,       1.275059475
          0,           0,         225,      -12.14754208,      -11.86901689,      -12.54308383,      -7.550729937,         5.225e-06,       1168.589245,       1490.020792,                 0,                 0,                 0,       7.235171191,       1168.589245,       1490.020792,                 0,       1.275059477
          0,           0,         226,      -12.17801809,      -11.89441155,       -12.5721512,      -7.553567042,         5.225e-06,       1168.589254,       1490.020803,                 0,                 0,                 0,       7.235171253,       1168.589254,       1490.020803,                 0,       1.275059477
          0,           0,         227,      -12.20818203,      -11.91976612,      -12.59968979,      -7.556395147,         5.225e-06,       1168.589261,       1490.020814,                 0,                 0,                 0,       7.235171311,       1168.589261,       1490.020814,                 0,       1.275059478
          0,           0,         228,      -12.23762353,      -11.94507302,      -12.62561912,      -7.559214383,         5.225e-06,       1168.589269,       1490.020824,                 0,                 0,                 0,       7.235171366,       1168.589269,       1490.020824,                 0,       1.275059479
          0,           0,         229,      -12.26681128,      -11.97034551,      -12.64989701,      -7.562024875,         5.225e-06,       1168.589276,       1490.020834,                 0,                 0,                 0,       7.235171416,       1168.589276,       1490.020834,                 0,        1.27505948
          0,           0,         230,      -12.29530678,      -11.99557639,      -12.67255419,       -7.56482675,         5.225e-06,       1168.589282,       1490.020842,                 0,                 0,                 0,       7.235171463,       1168.589282,       1490.020842,                 0,        1.27505948
          0,           0,         231,      -12.32358055,      -12.02077952,      -12.69366356,      -7.567620128,         5.225e-06,       1168.589288,       1490.020851,                 0,                 0,                 0,       7.235171508,       1168.589288,       1490.020851,                 0,       1.275059481
          0,           0,         232,      -12.35116278,      -12.04594814,      -12.71336302,      -7.570405133,         5.225e-06,       1168.589294,       1490.020858,                 0,                 0,                 0,        7.23517155,       1168.589294,       1490.020858,                 0,       1.275059481
          0,           0,         233,      -12.37851448,       -12.0710964,      -12.73181661,      -7.573181881,         5.225e-06,       1168.589299,       1490.020866,                 0,                 0,                 0,       7.235171589,       1168.589299,       1490.020866,                 0,       1.275059481
          0,           0,         234,       -12.4051388,      -12.09621797,      -12.74922886,      -7.575950491,         5.225e-06,       1168.589304,       1490.020873,                 0,                 0,                 0,       7.235171626,       1168.589304,       1490.020873,                 0,       1.275059482
          0,           0,         235,      -12.43148371,      -12.12132697,      -12.76580568,      -7.578711077,         5.225e-06,       1168.589309,       1490.020879,                 0,                 0,                 0,       7.235171661,       1168.589309,       1490.020879,                 0,       1.275059482
          0,           0,         236,       -12.4570382,      -12.14641754,      -12.78176661,      -7.581463754,         5.225e-06,       1168.589314,       1490.020885,                 0,                 0,                 0,       7.235171693,       1168.589314,       1490.020885,                 0,       1.275059482
          0,           0,         237,      -12.48224059,      -12.17150348,      -12.79731235,      -7.584208632,         5.225e-06,       1168.589318,       1490.020891,                 0,                 0,                 0,       7.235171725,       1168.589318,       1490.020891,                 0,       1.275059482
          0,           0,         238,      -12.50658537,      -12.19657934,       -12.8126387,      -7.586945822,         5.225e-06,       1168.589322,       1490.020897,                 0,                 0,                 0,       7.235171754,       1168.589322,       1490.020897,                 0,       1.275059483
          0,           0,         239,        -12.530509,      -12.22165837,      -12.82791275,      -7.589675433,         5.225e-06,       1168.589326,       1490.020902,                 0,                 0,                 0,       7.235171782,       1168.589326,       1490.020902,                 0,       1.275059483
          0,           0,         240,      -12.55353359,      -12.24673547,      -12.84328853,       -7.59239757,         5.225e-06,        1168.58933,       1490.020907,                 0,                 0,                 0,       7.235171809,        1168.58933,       1490.020907,                 0,       1.275059483
          0,           0,         241,      -12.57610199,      -12.27182312,      -12.85889021,      -7.595112341,         5.225e-06,       1168.589333,       1490.020912,                 0,                 0,                 0,       7.235171834,       1168.589333,       1490.020912,                 0,       1.275059483
          0,           0,         242,        -12.597783,      -12.29691656,      -12.87482786,      -7.597819847,         5.225e-06,       1168.589337,       1490.020916,                 0,                 0,                 0,       7.235171858,       1168.589337,       1490.020916,                 0,       1.275059484
          0,           0,         243,      -12.61902983,      -12.32202729,       -12.8911854,      -7.600520192,         5.225e-06,        1168.58934,        1490.02092,                 0,                 0,                 0,       7.235171881,        1168.58934,        1490.02092,                 0,       1.275059484
          0,           0,         244,      -12.63946777,      -12.34715077,      -12.90803494,      -7.603213476,         5.225e-06,       1168.589343,       1490.020924,                 0,                 0,                 0,       7.235171903,       1168.589343,       1490.020924,                 0,       1.275059484
          0,           0,         245,      -12.65955685,      -12.37229748,      -12.92542761,      -7.605899799,         5.225e-06,       1168.589345,       1490.020928,                 0,                 0,                 0,       7.235171924,       1168.589345,       1490.020928,                 0,       1.275059484
          0,           0,         246,      -12.67897927,        -12.397463,      -12.94340593,      -7.608579258,         5.225e-06,       1168.589348,       1490.020932,                 0,                 0,                 0,       7.235171944,       1168.589348,       1490.020932,                 0,       1.275059485
          0,           0,         247,      -12.69819111,      -12.42265669,      -12.96199635,      -7.611251951,         5.225e-06,       1168.589351,       1490.020935,                 0,                 0,                 0,       7.235171963,       1168.589351,       1490.020935,                 0,       1.275059485
          0,           0,         248,      -12.71692254,      -12.44787416,      -12.98121957,      -7.613917973,         5.225e-06,       1168.589353,       1490.020939,                 0,                 0,                 0,       7.235171981,       1168.589353,       1490.020939,                 0,       1.275059485
          0,           0,         249,      -12.73561296,      -12.47312365,      -13.00108424,      -7.616577417,         5.225e-06,       1168.589355,       1490.020942,                 0,                 0,                 0,       7.235171998,       1168.589355,       1490.020942,                 0,       1.275059486
          0,           0,         250,      -12.75402688,      -12.49840069,      -13.02159547,      -7.619230377,         5.225e-06,       1168.589357,       1490.020945,                 0,                 0,                 0,       7.235172015,       1168.589357,       1490.020945,                 0,       1.275059486
          0,           0,         251,       -12.7725757,      -12.52371241,      -13.04274939,      -7.621876944,         5.225e-06,       1168.589359,       1490.020948,                 0,                 0,                 0,        7.23517203,       1168.589359,       1490.020948,                 0,       1.275059486
          0,           0,         252,      -12.79104565,      -12.54905422,      -13.06454016,      -7.624517208,         5.225e-06,       1168.589361,       1490.020951,                 0,                 0,                 0,       7.235172045,       1168.589361,       1490.020951,                 0,       1.275059487
          0,           0,         253,      -12.80981244,      -12.57443217,       -13.0869552,      -7.627151258,         5.225e-06,       1168.589363,       1490.020954,                 0,                 0,                 0,        7.23517206,       1168.589363,       1490.020954,                 0,       1.275059487
          0,           0,         254,      -12.82867444,      -12.59984146,      -13.10998104,      -7.629779182,         5.225e-06,       1168.589365,       1490.020956,                 0,                 0,                 0,       7.235172073,       1168.589365,       1490.020956,                 0,       1.275059487
          0,           0,         255,      -12.84796938,      -12.62528717,      -13.13359908,      -7.632401068,         5.225e-06,       1168.589366,       1490.020958,                 0,                 0,                 0,       7.235172086,       1168.589366,       1490.020958,                 0,       1.275059487
          0,           0,         256,       -12.8675007,       -12.6507642,      -13.15779061,      -7.635016999,         5.225e-06,       1168.589368,       1490.020961,                 0,                 0,                 0,       7.235172099,       1168.589368,       1490.020961,                 0,       1.275059488
          0,           0,         257,      -12.88757002,       -12.6762768,      -13.18253298,      -7.637627062,         5.225e-06,       1168.589369,       1490.020963,                 0,                 0,                 0,       7.235172111,       1168.589369,       1490.020963,                 0,       1.275059488
          0,           0,         258,      -12.90798146,      -12.70181954,      -13.20780398,      -7.640231339,         5.225e-06,       1168.589371,       1490.020965,                 0,                 0,                 0,       7.235172122,       1168.589371,       1490.020965,                 0,       1.275059488
          0,           0,         259,      -12.92900438,       -12.7273959,      -13.23357832,      -7.642829912,         5.225e-06,       1168.589372,       1490.020967,                 0,                 0,                 0,       7.235172133,       1168.589372,       1490.020967,                 0,       1.275059489
          0,           0,         260,      -12.95044207,      -12.75300016,      -13.25983159,      -7.645422863,         5.225e-06,       1168.589373,       1490.020969,                 0,                 0,                 0,       7.235172143,       1168.589373,       1490.020969,                 0,       1.275059489
          0,           0,         261,      -12.97253617,      -12.77863515,      -13.28653699,      -7.648010272,         5.225e-06,       1168.589374,       1490.020971,                 0,                 0,                 0,       7.235172152,       1168.589374,       1490.020971,                 0,       1.275059489
          0,           0,         262,      -12.99508703,      -12.80429486,      -13.31366897,      -7.650592218,         5.225e-06,       1168.589375,       1490.020972,                 0,                 0,                 0,       7.235172161,       1168.589375,       1490.020972,                 0,        1.27505949
          0,           0,         263,      -13.01831483,       -12.8299816,      -13.34120003,      -7.653168778,         5.225e-06,       1168.589376,       1490.020974,                 0,                 0,                 0,        7.23517217,       1168.589376,       1490.020974,                 0,        1.27505949
          0,           0,         264,      -13.04201488,      -12.85568906,      -13.36910431,      -7.655740029,         5.225e-06,       1168.589377,       1490.020975,                 0,                 0,                 0,       7.235172178,       1168.589377,       1490.020975,                 0,        1.27505949
          0,           0,         265,      -13.06639062,      -12.88141922,      -13.39735431,      -7.658306049,         5.225e-06,       1168.589378,       1490.020977,                 0,                 0,                 0,       7.235172186,       1168.589378,       1490.020977,                 0,        1.27505949
          0,           0,         266,      -13.09123157,      -12.90716552,       -13.4259245,      -7.660866911,         5.225e-06,       1168.589379,       1490.020978,                 0,                 0,                 0,       7.235172193,       1168.589379,       1490.020978,                 0,       1.275059491
          0,           0,         267,      -13.11672882,      -12.93292967,      -13.45478784,      -7.663422689,         5.225e-06,        1168.58938,       1490.020979,                 0,                 0,                 0,         7.2351722,        1168.58938,       1490.020979,                 0,       1.275059491
          0,           0,         268,      -13.14266517,      -12.95870495,      -13.48391941,      -7.665973456,         5.225e-06,        1168.58938,       1490.020981,                 0,                 0,                 0,       7.235172206,        1168.58938,       1490.020981,                 0,       1.275059491
          0,           0,         269,      -13.16922194,      -12.98449296,      -13.51329284,      -7.668519285,         5.225e-06,       1168.589381,       1490.020982,                 0,                 0,                 0,       7.235172213,       1168.589381,       1490.020982,                 0,       1.275059491
          0,           0,         270,      -13.19617398,      -13.01028684,      -13.54288408,      -7.671060245,         5.225e-06,       1168.589382,       1490.020983,                 0,                 0,                 0,       7.235172218,       1168.589382,       1490.020983,                 0,       1.275059491
          0,           0,         271,      -13.22369817,      -13.03608822,      -13.57266718,      -7.673596408,         5.225e-06,       1168.589382,       1490.020984,                 0,                 0,                 0,       7.235172224,       1168.589382,       1490.020984,                 0,       1.275059492
          0,           0,         272,      -13.25155822,      -13.06189015,      -13.60261867,      -7.676127842,         5.225e-06,       1168.589383,       1490.020985,                 0,                 0,                 0,       7.235172229,       1168.589383,       1490.020985,                 0,       1.275059492
          0,           0,         273,      -13.27993059,      -13.08769445,      -13.63271266,      -7.678654615,         5.225e-06,       1168.589384,       1490.020986,                 0,                 0,                 0,       7.235172234,       1168.589384,       1490.020986,                 0,       1.275059492
          0,           0,         274,      -13.30856661,      -13.11349411,      -13.66292559,      -7.681176794,         5.225e-06,       1168.589384,       1490.020987,                 0,                 0,                 0,       7.235172238,       1168.589384,       1490.020987,                 0,       1.275059492
          0,           0,         275,      -13.33764433,       -13.1392912,      -13.69323081,      -7.683694445,         5.225e-06,       1168.589385,       1490.020987,                 0,                 0,                 0,       7.235172242,       1168.589385,       1490.020987,                 0,       1.275059492
          0,           0,         276,      -13.36690428,      -13.16507878,      -13.72360386,      -7.686207634,         5.225e-06,       1168.589385,       1490.020988,                 0,                 0,                 0,       7.235172246,       1168.589385,       1490.020988,                 0,       1.275059492
          0,           0,         277,      -13.39652897,      -13.19085932,      -13.75401627,      -7.688716424,         5.225e-06,       1168.589386,       1490.020989,                 0,                 0,                 0,        7.23517225,       1168.589386,       1490.020989,                 0,       1.275059492
          0,           0,         278,      -13.42624621,      -13.21662587,      -13.78444156,       -7.69122088,         5.225e-06,       1168.589386,       1490.020989,                 0,                 0,                 0,       7.235172253,       1168.589386,       1490.020989,                 0,       1.275059493
          0,           0,         279,      -13.45624666,      -13.24238142,      -13.81484831,      -7.693721063,         5.225e-06,       1168.589386,        1490.02099,                 0,                 0,                 0,       7.235172257,       1168.589386,        1490.02099,                 0,       1.275059493
          0,           0,         280,      -13.48624614,      -13.26811911,      -13.84520723,      -7.696217035,         5.225e-06,       1168.589387,       1490.020991,                 0,                 0,                 0,        7.23517226,       1168.589387,       1490.020991,                 0,       1.275059493
          0,           0,         281,      -13.51644715,      -13.29384252,      -13.87548307,      -7.698708857,         5.225e-06,       1168.589387,       1490.020991,                 0,                 0,                 0,       7.235172263,       1168.589387,       1490.020991,                 0,       1.275059493
          0,           0,         282,       -13.5465546,      -13.31954487,      -13.90564311,      -7.701196587,         5.225e-06,       1168.589387,       1490.020992,                 0,                 0,                 0,       7.235172265,       1168.589387,       1490.020992,                 0,       1.275059493
          0,           0,         283,      -13.57678719,      -13.34523039,      -13.93564816,      -7.703680286,         5.225e-06,       1168.589388,       1490.020992,                 0,                 0,                 0,       7.235172268,       1168.589388,       1490.020992,                 0,       1.275059493
          0,           0,         284,      -13.60683506,      -13.37089239,      -13.96546227,       -7.70616001,         5.225e-06,       1168.589388,       1490.020992,                 0,                 0,                 0,        7.23517227,       1168.589388,       1490.020992,                 0,       1.275059493
          0,           0,         285,      -13.63693883,      -13.39653579,      -13.99504322,      -7.708635817,         5.225e-06,       1168.589388,       1490.020993,                 0,                 0,                 0,       7.235172272,       1168.589388,       1490.020993,                 0,       1.275059493
          0,           0,         286,      -13.66678061,      -13.42215411,      -14.02435335,      -7.711107763,         5.225e-06,       1168.589388,       1490.020993,                 0,                 0,                 0,       7.235172274,       1168.589388,       1490.020993,                 0,       1.275059493
          0,           0,         287,      -13.69661633,      -13.44775284,      -14.05334946,      -7.713575902,         5.225e-06,       1168.589389,       1490.020994,                 0,                 0,                 0,       7.235172276,       1168.589389,       1490.020994,                 0,       1.275059493
          0,           0,         288,      -13.72612077,      -13.47332566,      -14.08199485,       -7.71604029,         5.225e-06,       1168.589389,       1490.020994,                 0,                 0,                 0,       7.235172278,       1168.589389,       1490.020994,                 0,       1.275059493
          0,           0,         289,      -13.75557433,      -13.49887879,      -14.11024919,       -7.71850098,         5.225e-06,       1168.589389,       1490.020994,                 0,                 0,                 0,        7.23517228,       1168.589389,       1490.020994,                 0,       1.275059493
          0,           0,         290,      -13.78464179,      -13.52440604,      -14.13808094,      -7.720958024,         5.225e-06,       1168.589389,       1490.020995,                 0,                 0,                 0,       7.235172281,       1168.589389,       1490.020995,                 0,       1.275059493
          0,           0,         291,      -13.81362255,      -13.54991425,      -14.16545655,      -7.723411473,         5.225e-06,       1168.589389,       1490.020995,                 0,                 0,                 0,       7.235172283,       1168.589389,       1490.020995,                 0,       1.275059493
          0,           0,         292,      -13.84217589,       -13.5753974,      -14.19235441,       -7.72586138,         5.225e-06,        1168.58939,       1490.020995,                 0,                 0,                 0,       7.235172284,        1168.58939,       1490.020995,                 0,       1.275059493
          0,           0,         293,      -13.87061887,      -13.60086283,      -14.21875261,      -7.728307794,         5.225e-06,        1168.58939,       1490.020995,                 0,                 0,                 0,       7.235172285,        1168.58939,       1490.020995,                 0,       1.275059493
          0,           0,         294,      -13.89860199,      -13.62630472,      -14.24464351,      -7.730750763,         5.225e-06,        1168.58939,       1490.020996,                 0,                 0,                 0,       7.235172287,        1168.58939,       1490.020996,                 0,       1.275059493
          0,           0,         295,      -13.92646062,      -13.65173091,      -14.27002058,      -7.733190337,         5.225e-06,        1168.58939,       1490.020996,                 0,                 0,                 0,       7.235172288,        1168.58939,       1490.020996,                 0,       1.275059493
          0,           0,         296,      -13.95384186,      -13.67713574,      -14.29489235,      -7.735626562,         5.225e-06,        1168.58939,       1490.020996,                 0,                 0,                 0,       7.235172289,        1168.58939,       1490.020996,                 0,       1.275059493
          0,           0,         297,      -13.98108659,      -13.70252742,      -14.31926901,      -7.738059486,         5.225e-06,        1168.58939,       1490.020996,                 0,                 0,                 0,        7.23517229,        1168.58939,       1490.020996,                 0,       1.275059493
          0,           0,         298,      -14.00783864,      -13.72790039,      -14.34317576,      -7.740489155,         5.225e-06,        1168.58939,       1490.020996,                 0,                 0,                 0,       7.235172291,        1168.58939,       1490.020996,                 0,       1.275059493
          0,           0,         299,       -14.0344523,      -13.75326318,      -14.36663849,      -7.742915612,         5.225e-06,       1168.589391,       1490.020996,                 0,                 0,                 0,       7.235172292,       1168.589391,       1490.020996,                 0,       1.275059493
          0,           0,         300,      -14.06056597,      -13.77861042,      -14.38969632,      -7.745338904,         5.225e-06,       1168.589391,       1490.020997,                 0,                 0,                 0,       7.235172292,       1168.589391,       1490.020997,                 0,       1.275059494
          0,           0,         301,      -14.08653961,      -13.80395066,      -14.41238747,      -7.747759072,         5.225e-06,       1168.589391,       1490.020997,                 0,                 0,                 0,       7.235172293,       1168.589391,       1490.020997,                 0,       1.275059494
          0,           0,         302,      -14.11200919,      -13.82927871,      -14.43476101,       -7.75017616,         5.225e-06,       1168.589391,       1490.020997,                 0,                 0,                 0,       7.235172294,       1168.589391,       1490.020997,                 0,       1.275059494
          0,           0,         303,      -14.13734806,      -13.85460329,      -14.45686252,      -7.752590209,         5.225e-06,       1168.589391,       1490.020997,                 0,                 0,                 0,       7.235172295,       1168.589391,       1490.020997,                 0,       1.275059494
          0,           0,         304,       -14.1621896,      -13.87991921,      -14.47874557,       -7.75500126,         5.225e-06,       1168.589391,       1490.020997,                 0,                 0,                 0,       7.235172295,       1168.589391,       1490.020997,                 0,       1.275059494
          0,           0,         305,      -14.18690679,      -13.90523512,       -14.5004586,      -7.757409355,         5.225e-06,       1168.589391,       1490.020997,                 0,                 0,                 0,       7.235172296,       1168.589391,       1490.020997,                 0,       1.275059494
          0,           0,         306,       -14.2111411,      -13.93054592,      -14.52205492,      -7.759814532,         5.225e-06,       1168.589391,       1490.020997,                 0,                 0,                 0,       7.235172296,       1168.589391,       1490.020997,                 0,       1.275059494
          0,           0,         307,      -14.23527637,      -13.95586014,      -14.54358118,      -7.762216829,         5.225e-06,       1168.589391,       1490.020997,                 0,                 0,                 0,       7.235172297,       1168.589391,       1490.020997,                 0,       1.275059494
          0,           0,         308,      -14.25895754,      -13.98117282,      -14.56508668,      -7.764616286,         5.225e-06,       1168.589391,       1490.020998,                 0,                 0,                 0,       7.235172298,       1168.589391,       1490.020998,                 0,       1.275059494
          0,           0,         309,      -14.28255794,      -14.00649193,      -14.58661334,      -7.767012939,         5.225e-06,       1168.589391,       1490.020998,                 0,                 0,                 0,       7.235172298,       1168.589391,       1490.020998,                 0,       1.275059494
          0,           0,         310,      -14.30575615,      -14.03181289,      -14.60820414,      -7.769406825,         5.225e-06,       1168.589391,       1490.020998,                 0,                 0,                 0,       7.235172299,       1168.589391,       1490.020998,                 0,       1.275059494
          0,           0,         311,      -14.32890472,      -14.05714326,      -14.62989406,       -7.77179798,         5.225e-06,       1168.589392,       1490.020998,                 0,                 0,                 0,       7.235172299,       1168.589392,       1490.020998,                 0,       1.275059494
          0,           0,         312,      -14.35170406,      -14.08247828,       -14.6517185,      -7.774186438,         5.225e-06,       1168.589392,       1490.020998,                 0,                 0,                 0,       7.235172299,       1168.589392,       1490.020998,                 0,       1.275059494
          0,           0,         313,      -14.37450384,      -14.10782534,      -14.67370501,      -7.776572234,         5.225e-06,       1168.589392,       1490.020998,                 0,                 0,                 0,         7.2351723,       1168.589392,       1490.020998,                 0,       1.275059494
          0,           0,         314,       -14.3970168,      -14.13317966,       -14.6958813,      -7.778955402,         5.225e-06,       1168.589392,       1490.020998,                 0,                 0,                 0,         7.2351723,       1168.589392,       1490.020998,                 0,       1.275059494
          0,           0,         315,      -14.41958118,      -14.15854805,      -14.71826752,      -7.781335974,         5.225e-06,       1168.589392,       1490.020998,                 0,                 0,                 0,       7.235172301,       1168.589392,       1490.020998,                 0,       1.275059494
          0,           0,         316,      -14.44192394,      -14.18392581,      -14.74088327,      -7.783713983,         5.225e-06,       1168.589392,       1490.020998,                 0,                 0,                 0,       7.235172301,       1168.589392,       1490.020998,                 0,       1.275059494
          0,           0,         317,      -14.46437926,      -14.20931933,      -14.76374195,       -7.78608946,         5.225e-06,       1168.589392,       1490.020998,                 0,                 0,                 0,       7.235172301,       1168.589392,       1490.020998,                 0,       1.275059494
          0,           0,         318,      -14.48667888,      -14.23472353,      -14.78685692,      -7.788462436,         5.225e-06,       1168.589392,       1490.020998,                 0,                 0,                 0,       7.235172302,       1168.589392,       1490.020998,                 0,       1.275059494
          0,           0,         319,      -14.50915516,      -14.26014482,      -14.81023495,      -7.790832942,         5.225e-06,       1168.589392,       1490.020998,                 0,                 0,                 0,       7.235172302,       1168.589392,       1490.020998,                 0,       1.275059494
          0,           0,         320,        -14.531538,      -14.28557793,      -14.83388371,      -7.793201006,         5.225e-06,       1168.589392,       1490.020998,                 0,                 0,                 0,       7.235172302,       1168.589392,       1490.020998,                 0,       1.275059494
          0,           0,         321,      -14.55414225,      -14.31102843,      -14.85780485,      -7.795566658,         5.225e-06,       1168.589392,       1490.020998,                 0,                 0,                 0,       7.235172302,       1168.589392,       1490.020998,                 0,       1.275059494
          0,           0,         322,      -14.57672472,      -14.33649119,      -14.88200019,      -7.797929925,         5.225e-06,       1168.589392,       1490.020999,                 0,                 0,                 0,       7.235172303,       1168.589392,       1490.020999,                 0,       1.275059494
          0,           0,         323,      -14.59957214,      -14.36197152,      -14.90646834,      -7.800290836,         5.225e-06,       1168.589392,       1490.020999,                 0,                 0,                 0,       7.235172303,       1168.589392,       1490.020999,                 0,       1.275059494
          0,           0,         324,      -14.62246155,      -14.38746435,      -14.93120674,      -7.802649418,         5.225e-06,       1168.589392,       1490.020999,                 0,                 0,                 0,       7.235172303,       1168.589392,       1490.020999,                 0,       1.275059494
          0,           0,         325,      -14.64564228,      -14.41297392,      -14.95620869,      -7.805005695,         5.225e-06,       1168.589392,       1490.020999,                 0,                 0,                 0,       7.235172303,       1168.589392,       1490.020999,                 0,       1.275059494
          0,           0,         326,      -14.66889459,        -14.438495,      -14.98147011,      -7.807359695,         5.225e-06,       1168.589392,       1490.020999,                 0,                 0,                 0,       7.235172303,       1168.589392,       1490.020999,                 0,       1.275059494
          0,           0,         327,       -14.6924956,      -14.46403263,      -15.00698163,      -7.809711443,         5.225e-06,       1168.589392,       1490.020999,                 0,                 0,                 0,       7.235172304,       1168.589392,       1490.020999,                 0,       1.275059494
          0,           0,         328,      -14.71618707,      -14.48958059,      -15.03273542,      -7.812060961,         5.225e-06,       1168.589392,       1490.020999,                 0,                 0,                 0,       7.235172304,       1168.589392,       1490.020999,                 0,       1.275059494
          0,           0,         329,      -14.74025037,      -14.51514351,      -15.05872008,      -7.814408276,         5.225e-06,       1168.589392,       1490.020999,                 0,                 0,                 0,       7.235172304,       1168.589392,       1490.020999,                 0,       1.275059494
          0,           0,         330,       -14.7644185,       -14.5407155,      -15.08492583,      -7.816753409,         5.225e-06,       1168.589392,       1490.020999,                 0,                 0,                 0,       7.235172304,       1168.589392,       1490.020999,                 0,       1.275059494
          0,           0,         331,       -14.7889584,      -14.56630057,      -15.11133949,      -7.819096383,         5.225e-06,       1168.589392,       1490.020999,                 0,                 0,                 0,       7.235172304,       1168.589392,       1490.020999,                 0,       1.275059494
          0,           0,         332,      -14.81363763,      -14.59189309,      -15.13795029,      -7.821437221,         5.225e-06,       1168.589392,       1490.020999,                 0,                 0,                 0,       7.235172304,       1168.589392,       1490.020999,                 0,       1.275059494
          0,           0,         333,      -14.83868533,      -14.61749702,      -15.16474275,      -7.823775944,         5.225e-06,       1168.589392,       1490.020999,                 0,                 0,                 0,       7.235172305,       1168.589392,       1490.020999,                 0,       1.275059494
          0,           0,         334,      -14.86384931,      -14.64310565,      -15.19170547,      -7.826112572,         5.225e-06,       1168.589392,       1490.020999,                 0,                 0,                 0,       7.235172305,       1168.589392,       1490.020999,                 0,       1.275059494
          0,           0,         335,      -14.88938704,      -14.66872367,      -15.21882202,      -7.828447127,         5.225e-06,       1168.589392,       1490.020999,                 0,                 0,                 0,       7.235172305,       1168.589392,       1490.020999,                 0,       1.275059494
          0,           0,         336,      -14.91504223,       -14.6943453,      -15.24608025,      -7.830779628,         5.225e-06,       1168.589392,       1490.020999,                 0,                 0,                 0,       7.235172305,       1168.589392,       1490.020999,                 0,       1.275059494
          0,           0,         337,       -14.9410424,      -14.71997314,      -15.27346135,      -7.833110094,         5.225e-06,       1168.589392,       1490.020999,                 0,                 0,                 0,       7.235172305,       1168.589392,       1490.020999,                 0,       1.275059494
          0,           0,         338,      -14.96714409,        -14.745602,      -15.30095234,      -7.835438544,         5.225e-06,       1168.589392,       1490.020999,                 0,                 0,                 0,       7.235172305,       1168.589392,       1490.020999,                 0,       1.275059494
          0,           0,         339,      -14.99358138,      -14.77123513,      -15.32853625,      -7.837764997,         5.225e-06,       1168.589392,       1490.020999,                 0,                 0,                 0,       7.235172305,       1168.589392,       1490.020999,                 0,       1.275059494
          0,           0,         340,      -15.02006338,      -14.79686651,      -15.35619807,      -7.840089469,         5.225e-06,       1168.589392,       1490.020999,                 0,                 0,                 0,       7.235172305,       1168.589392,       1490.020999,                 0,       1.275059494
          0,           0,         341,      -15.04686372,      -14.82250051,      -15.38392099,      -7.842411979,         5.225e-06,       1168.589392,       1490.020999,                 0,                 0,                 0,       7.235172305,       1168.589392,       1490.020999,                 0,       1.275059494
          0,           0,         342,      -15.07371211,      -14.84813105,      -15.41168852,      -7.844732543,         5.225e-06,       1168.589392,       1490.020999,                 0,                 0,                 0,       7.235172306,       1168.589392,       1490.020999,                 0,       1.275059494
          0,           0,         343,       -15.1008199,      -14.87376087,      -15.43948056,      -7.847051177,         5.225e-06,       1168.589392,       1490.020999,                 0,                 0,                 0,       7.235172306,       1168.589392,       1490.020999,                 0,       1.275059494
          0,           0,         344,      -15.12792443,       -14.8993854,      -15.46728654,      -7.849367896,         5.225e-06,       1168.589392,       1490.020999,                 0,                 0,                 0,       7.235172306,       1168.589392,       1490.020999,                 0,       1.275059494
          0,           0,         345,      -15.15525864,      -14.92500784,      -15.49508312,      -7.851682717,         5.225e-06,       1168.589392,       1490.020999,                 0,                 0,                 0,       7.235172306,       1168.589392,       1490.020999,                 0,       1.275059494
          0,           0,         346,      -15.18260218,      -14.95062302,      -15.52285749,      -7.853995653,         5.225e-06,       1168.589392,       1490.020999,                 0,                 0,                 0,       7.235172306,       1168.589392,       1490.020999,                 0,       1.275059494
          0,           0,         347,      -15.21011911,      -14.97623374,      -15.55058842,      -7.856306719,         5.225e-06,       1168.589392,       1490.020999,                 0,                 0,                 0,       7.235172306,       1168.589392,       1490.020999,                 0,       1.275059494
          0,           0,         348,      -15.23754523,      -15.00183439,      -15.57826261,      -7.858615929,         5.225e-06,       1168.589392,       1490.020999,                 0,                 0,                 0,       7.235172306,       1168.589392,       1490.020999,                 0,       1.275059494
          0,           0,         349,      -15.26514673,      -15.02743212,      -15.60586151,      -7.860923297,         5.225e-06,       1168.589392,       1490.020999,                 0,                 0,                 0,       7.235172306,       1168.589392,       1490.020999,                 0,       1.275059494
          0,           0,         350,      -15.29263621,      -15.05301856,       -15.6333704,      -7.863228834,         5.225e-06,       1168.589392,       1490.020999,                 0,                 0,                 0,       7.235172306,       1168.589392,       1490.020999,                 0,       1.275059494
          0,           0,         351,      -15.32025285,      -15.07859801,      -15.66076824,      -7.865532554,         5.225e-06,       1168.589392,       1490.020999,                 0,                 0,                 0,       7.235172306,       1168.589392,       1490.020999,                 0,       1.275059494
          0,           0,         352,      -15.34773908,      -15.10416665,      -15.68804731,      -7.867834469,         5.225e-06,       1168.589392,       1490.020999,                 0,                 0,                 0,       7.235172306,       1168.589392,       1490.020999,                 0,       1.275059494
          0,           0,         353,      -15.37530416,      -15.12972778,      -15.71518673,      -7.870134589,         5.225e-06,       1168.589392,       1490.020999,                 0,                 0,                 0,       7.235172306,       1168.589392,       1490.020999,                 0,       1.275059494
          0,           0,         354,      -15.40269761,      -15.15527619,      -15.74217556,      -7.872432927,         5.225e-06,       1168.589392,       1490.020999,                 0,                 0,                 0,       7.235172306,       1168.589392,       1490.020999,                 0,       1.275059494
          0,           0,         355,      -15.43016399,       -15.1808186,      -15.76900074,      -7.874729493,         5.225e-06,       1168.589392,       1490.020999,                 0,                 0,                 0,       7.235172306,       1168.589392,       1490.020999,                 0,       1.275059494
          0,           0,         356,      -15.45741818,      -15.20634817,      -15.79565208,      -7.877024298,         5.225e-06,       1168.589392,       1490.020999,                 0,                 0,                 0,       7.235172306,       1168.589392,       1490.020999,                 0,       1.275059494
          0,           0,         357,      -15.48469062,      -15.23186993,      -15.82211746,      -7.879317351,         5.225e-06,       1168.589392,       1490.020999,                 0,                 0,                 0,       7.235172306,       1168.589392,       1490.020999,                 0,       1.275059494
          0,           0,         358,      -15.51178375,      -15.25737912,      -15.84839722,      -7.881608662,         5.225e-06,       1168.589392,       1490.020999,                 0,                 0,                 0,       7.235172306,       1168.589392,       1490.020999,                 0,       1.275059494
          0,           0,         359,      -15.53882637,      -15.28288075,      -15.87448001,      -7.883898241,         5.225e-06,       1168.589392,       1490.020999,                 0,                 0,                 0,       7.235172306,       1168.589392,       1490.020999,                 0,       1.275059494
          0,           0,         360,      -15.56560286,       -15.3083712,       -15.9003671,      -7.886186095,         5.225e-06,       1168.589392,       1490.020999,                 0,                 0,                 0,       7.235172306,       1168.589392,       1490.020999,                 0,       1.275059494
          0,           0,         361,      -15.59251358,      -15.33385901,       -15.9260543,      -7.888472234,         5.225e-06,       1168.589392,       1490.020999,                 0,                 0,                 0,       7.235172306,       1168.589392,       1490.020999,                 0,       1.275059494
          0,           0,         362,      -15.61902552,      -15.35932961,       -15.9515357,      -7.890756665,         5.225e-06,       1168.589392,       1490.020999,                 0,                 0,                 0,       7.235172306,       1168.589392,       1490.020999,                 0,       1.275059494
          0,           0,         363,      -15.64551362,      -15.38479568,      -15.97682514,      -7.893039397,         5.225e-06,       1168.589392,       1490.020999,                 0,                 0,                 0,       7.235172306,       1168.589392,       1490.020999,                 0,       1.275059494
          0,           0,         364,      -15.67190065,      -15.41025636,      -16.00192809,      -7.895320436,         5.225e-06,       1168.589392,       1490.020999,                 0,                 0,                 0,       7.235172306,       1168.589392,       1490.020999,                 0,       1.275059494
          0,           0,         365,      -15.69820891,      -15.43570629,      -16.02683986,       -7.89759979,         5.225e-06,       1168.589392,       1490.020999,                 0,                 0,                 0,       7.235172306,       1168.589392,       1490.020999,                 0,       1.275059494
          0,           0,         366,      -15.72399944,      -15.46114817,      -16.05158614,      -7.899877465,         5.225e-06,       1168.589392,       1490.020999,                 0,                 0,                 0,       7.235172306,       1168.589392,       1490.020999,                 0,       1.275059494
          0,           0,         367,      -15.74996595,      -15.48658985,      -16.07617537,      -7.902153468,         5.225e-06,       1168.589392,       1490.020999,                 0,                 0,                 0,       7.235172306,       1168.589392,       1490.020999,                 0,       1.275059494
          0,           0,         368,      -15.77565178,      -15.51202277,      -16.10061449,      -7.904427805,         5.225e-06,       1168.589392,       1490.020999,                 0,                 0,                 0,       7.235172307,       1168.589392,       1490.020999,                 0,       1.275059494
          0,           0,         369,      -15.80128602,       -15.5374544,      -16.12491829,      -7.906700481,         5.225e-06,       1168.589392,       1490.020999,                 0,                 0,                 0,       7.235172307,       1168.589392,       1490.020999,                 0,       1.275059494
          0,           0,         370,      -15.82664281,      -15.56287958,      -16.14911399,      -7.908971501,         5.225e-06,       1168.589392,       1490.020999,                 0,                 0,                 0,       7.235172307,       1168.589392,       1490.020999,                 0,       1.275059494
          0,           0,         371,      -15.85207554,      -15.58830545,      -16.17319621,      -7.911240872,         5.225e-06,       1168.589392,       1490.020999,                 0,                 0,                 0,       7.235172307,       1168.589392,       1490.020999,                 0,       1.275059494
          0,           0,         372,      -15.87715501,      -15.61372274,      -16.19719662,      -7.913508597,         5.225e-06,       1168.589392,       1490.020999,                 0,                 0,                 0,       7.235172307,       1168.589392,       1490.020999,                 0,       1.275059494
          0,           0,         373,       -15.9019475,      -15.63914269,      -16.22112671,      -7.915774681,         5.225e-06,       1168.589392,       1490.020999,                 0,                 0,                 0,       7.235172307,       1168.589392,       1490.020999,                 0,       1.275059494
          0,           0,         374,      -15.92689278,      -15.66456259,      -16.24501884,      -7.918039128,         5.225e-06,       1168.589392,       1490.020999,                 0,                 0,                 0,       7.235172307,       1168.589392,       1490.020999,                 0,       1.275059494
          0,           0,         375,      -15.95182557,      -15.68998519,      -16.26887983,      -7.920301943,         5.225e-06,       1168.589392,       1490.020999,                 0,                 0,                 0,       7.235172307,       1168.589392,       1490.020999,                 0,       1.275059494
          0,           0,         376,       -15.9763795,      -15.71540678,      -16.29271682,      -7.922563128,         5.225e-06,       1168.589392,       1490.020999,                 0,                 0,                 0,       7.235172307,       1168.589392,       1490.020999,                 0,       1.275059494
          0,           0,         377,      -16.00096663,       -15.7408272,      -16.31654379,      -7.924822688,         5.225e-06,       1168.589392,       1490.020999,                 0,                 0,                 0,       7.235172307,       1168.589392,       1490.020999,                 0,       1.275059494
