"PointID","x","y","Density","Momentum_x","Momentum_y","Energy","Pressure"
0, -1.000000000000000e+00, -1.000000000000000e+00, 1.199999679320918e+00, 1.449136809445437e+02, 1.449138314456821e+02, 2.674999084250091e+05, 9.999996258784801e+04
1, 1.000000000000000e+00, -1.000000000000000e+00, 1.199999679320918e+00, 1.449136809445437e+02, 1.449138314456821e+02, 2.674999084250091e+05, 9.999996258784801e+04
2, 1.000000000000000e+00, 1.000000000000000e+00, 1.199999679320918e+00, 1.449136809445437e+02, 1.449138314456821e+02, 2.674999084250091e+05, 9.999996258784801e+04
3, -1.000000000000000e+00, 1.000000000000000e+00, 1.199999679320918e+00, 1.449136809445437e+02, 1.449138314456821e+02, 2.674999084250091e+05, 9.999996258784801e+04
4, -1.000000000000000e+00, -4.160156250000000e-01, 1.199999693338447e+00, 1.449137919762787e+02, 1.449137911757793e+02, 2.674999208724802e+05, 9.999996423048503e+04
5, -1.000000000000000e+00, -4.869655482471000e-02, 1.200004820198501e+00, 1.449124146869638e+02, 1.449167038189082e+02, 2.675015269707109e+05, 1.000005624102793e+05
6, -1.000000000000000e+00, 2.825938615947960e-01, 1.199999955364528e+00, 1.449135091231618e+02, 1.449136613344244e+02, 2.674999436275838e+05, 9.999999479603772e+04
7, -1.000000000000000e+00, 5.844421386718750e-01, 1.200000039361619e+00, 1.449137716978072e+02, 1.449137926145930e+02, 2.675000144555034e+05, 1.000000045922059e+05
8, 5.858154296875000e-02, -1.000000000000000e+00, 1.200000009560954e+00, 1.449137663062895e+02, 1.449137636337943e+02, 2.675000020473344e+05, 1.000000011154418e+05
9, 1.000000000000000e+00, -4.160156250000000e-01, 1.199999693338447e+00, 1.449137919762787e+02, 1.449137911757793e+02, 2.674999208724802e+05, 9.999996423048503e+04
10, 1.000000000000000e+00, -4.869655482471000e-02, 1.200004820198501e+00, 1.449124146869638e+02, 1.449167038189082e+02, 2.675015269707109e+05, 1.000005624102793e+05
11, 1.000000000000000e+00, 2.825938615947960e-01, 1.199999955364528e+00, 1.449135091231618e+02, 1.449136613344244e+02, 2.674999436275838e+05, 9.999999479603772e+04
12, 1.000000000000000e+00, 5.844421386718750e-01, 1.200000039361619e+00, 1.449137716978072e+02, 1.449137926145930e+02, 2.675000144555034e+05, 1.000000045922059e+05
13, 5.858154296875000e-02, 1.000000000000000e+00, 1.200000009560954e+00, 1.449137663062895e+02, 1.449137636337943e+02, 2.675000020473344e+05, 1.000000011154418e+05
14, -8.801041355877960e-01, 2.550531716742980e-01, 1.200000539097630e+00, 1.449085147378547e+02, 1.449080969423500e+02, 2.674988303513713e+05, 1.000000629178821e+05
15, -8.289544709027680e-01, 2.340179562487770e-01, 1.199978933215324e+00, 1.448767696752429e+02, 1.448574786733400e+02, 2.674828989645760e+05, 9.999754218667078e+04
16, -7.985004182433160e-01, 2.217832744035840e-01, 1.199961977171401e+00, 1.447970679375798e+02, 1.447457505846796e+02, 2.674550980235608e+05, 9.999556397219184e+04
17, -7.767915543184190e-01, 2.137294816373250e-01, 1.199989195246706e+00, 1.446737240554515e+02, 1.445863394094608e+02, 2.674285462791967e+05, 9.999873973396687e+04
18, -7.588016942848720e-01, 2.071806510749390e-01, 1.199988449717616e+00, 1.444876362612752e+02, 1.443491144304297e+02, 2.673773557669811e+05, 9.999865141115325e+04
19, -7.422438433318480e-01, 2.012617064914510e-01, 1.199981648685163e+00, 1.441998654064496e+02, 1.439951340104467e+02, 2.672983290990172e+05, 9.999785915751886e+04
20, -7.273734078754950e-01, 1.963444403387320e-01, 1.199989738551964e+00, 1.438246982487222e+02, 1.435622763998354e+02, 2.672036825939731e+05, 9.999880234387636e+04
21, -7.135487856593410e-01, 1.912045356506170e-01, 1.199993824501066e+00, 1.433217256840632e+02, 1.429998444514688e+02, 2.670774821838829e+05, 9.999927895481777e+04
22, -7.004223717408370e-01, 1.866796989315500e-01, 1.199993160352759e+00, 1.426834372762125e+02, 1.423261154337283e+02, 2.669211342901068e+05, 9.999920073205566e+04
23, -6.873100480696910e-01, 1.822266291792170e-01, 1.199985473762333e+00, 1.418521529292867e+02, 1.414983798825301e+02, 2.667225536101473e+05, 9.999830298491108e+04
24, -6.734355393300250e-01, 1.802338902627110e-01, 1.199978459191462e+00, 1.408495730104233e+02, 1.406526370855791e+02, 2.665030906168580e+05, 9.999748994898995e+04
25, -6.604019331076770e-01, 1.733089863000110e-01, 1.199984382873768e+00, 1.394082917726227e+02, 1.393267164683791e+02, 2.661817703662466e+05, 9.999818959588389e+04
26, -6.458855544187420e-01, 1.749731671307920e-01, 1.199927107862885e+00, 1.380748509487534e+02, 1.386403188946292e+02, 2.659321572564100e+05, 9.999150819579126e+04
27, -6.308397608907060e-01, 1.779044622026850e-01, 1.199893113636252e+00, 1.366599029443684e+02, 1.382106551953271e+02, 2.657111632577336e+05, 9.998755204424489e+04
28, -6.292730336518770e-01, 1.907593463646100e-01, 1.199941378883982e+00, 1.376882879530039e+02, 1.395206427180596e+02, 2.659937173087019e+05, 9.999316166892098e+04
29, -6.330203763682050e-01, 1.649954862114170e-01, 1.199859650930394e+00, 1.357690171190610e+02, 1.367544275884617e+02, 2.654338556436640e+05, 9.998365172389719e+04
30, -6.363992524675059e-01, 1.515355198355050e-01, 1.199805616035900e+00, 1.351397046763562e+02, 1.351613687145573e+02, 2.651672280828231e+05, 9.997734891318192e+04
31, -6.473141411764430e-01, 1.421582304827590e-01, 1.199811812603028e+00, 1.360702353747228e+02, 1.347539785394684e+02, 2.652283811617651e+05, 9.997810315311885e+04
32, -6.503899338167930e-01, 1.316639135743370e-01, 1.199815659687151e+00, 1.360199134493972e+02, 1.336009722385803e+02, 2.650947252926317e+05, 9.997851985556536e+04
33, -6.522148249690219e-01, 1.169052655307130e-01, 1.199796877382998e+00, 1.358554762129320e+02, 1.317126187232811e+02, 2.648621737904875e+05, 9.997637184414157e+04
34, -6.573003713823110e-01, 1.041728668629350e-01, 1.199727957751046e+00, 1.365009923198931e+02, 1.306027649171743e+02, 2.647948118076897e+05, 9.996830874926320e+04
35, -6.513364988840560e-01, 8.921637637394100e-02, 1.199617122665411e+00, 1.359598217126668e+02, 1.275670427812556e+02, 2.643757457526154e+05, 9.995537876090725e+04
36, -6.539619271284680e-01, 7.553626747308900e-02, 1.199505837022982e+00, 1.369692294786421e+02, 1.261739748700974e+02, 2.643122298503308e+05, 9.994243708446185e+04
37, -6.489472478844820e-01, 6.526992099056700e-02, 1.199329571102636e+00, 1.371000054711527e+02, 1.239330432064265e+02, 2.640442772930677e+05, 9.992189360035828e+04
38, -6.419514743812770e-01, 5.479268464674900e-02, 1.199125895826320e+00, 1.373738481775968e+02, 1.213428706827851e+02, 2.637537728311635e+05, 9.989814979453539e+04
39, -6.385000371433820e-01, 4.120920592380600e-02, 1.198860700803226e+00, 1.388685577404379e+02, 1.192827016062254e+02, 2.636450065524987e+05, 9.986722143867596e+04
40, -6.300116602458500e-01, 3.358216686135000e-02, 1.198510366506200e+00, 1.394610123458994e+02, 1.170339079895965e+02, 2.633940536740248e+05, 9.982637025807706e+04
41, -6.211128954021951e-01, 2.708149905126100e-02, 1.198087112927833e+00, 1.401652367520016e+02, 1.150826731876545e+02, 2.631687799952167e+05, 9.977704057796007e+04
42, -6.150254800106580e-01, 1.739486530545900e-02, 1.197705542434245e+00, 1.421352590170922e+02, 1.137756369819354e+02, 2.631692928138148e+05, 9.973257910501852e+04
43, -6.065146367347130e-01, 1.172132242710300e-02, 1.197162361813435e+00, 1.433778661752710e+02, 1.127161594867026e+02, 2.630651760566722e+05, 9.966923933953643e+04
44, -5.980386445944210e-01, 6.965627509405000e-03, 1.196576513225530e+00, 1.446478473970785e+02, 1.121254827677894e+02, 2.629986011279138e+05, 9.960094787299717e+04
45, -5.896245015553651e-01, 2.460764355657000e-03, 1.195960909337132e+00, 1.460923727015660e+02, 1.120351433025543e+02, 2.629935632262459e+05, 9.952920412511198e+04
46, -5.811236231644260e-01, -1.794601765102000e-03, 1.195304585236331e+00, 1.476782783902865e+02, 1.124779047662846e+02, 2.630466292795395e+05, 9.945273172881511e+04
47, -5.724447058801080e-01, -5.994000739354000e-03, 1.194653308154924e+00, 1.494496505710994e+02, 1.134905525723202e+02, 2.631810531825146e+05, 9.937693622498258e+04
48, -5.615530702581600e-01, -6.655570763949000e-03, 1.193719279966644e+00, 1.500516377687674e+02, 1.153780066844684e+02, 2.631771831078460e+05, 9.926819254176415e+04
49, -5.523705293216590e-01, -1.002895202968400e-02, 1.193003949055055e+00, 1.517821479071560e+02, 1.177403407187984e+02, 2.634274613916479e+05, 9.918481756448506e+04
50, -5.435001409315400e-01, -1.229388357720200e-02, 1.192344063716658e+00, 1.530936255528683e+02, 1.205392812452790e+02, 2.636910462785949e+05, 9.910789156298280e+04
51, -5.366165190619960e-01, -1.747601024831400e-02, 1.192017013380096e+00, 1.556806535734276e+02, 1.232498655542219e+02, 2.642126780697015e+05, 9.906989798561556e+04
52, -5.284646830437730e-01, -2.370652931176600e-02, 1.191770430354823e+00, 1.587914145138803e+02, 1.267840802340898e+02, 2.649255166342754e+05, 9.904120165870785e+04
53, -5.196278669644960e-01, -2.933569745830000e-02, 1.191663442624204e+00, 1.616140889022230e+02, 1.308733789502392e+02, 2.657170732578351e+05, 9.902857944790425e+04
54, -5.179104314591571e-01, -3.889861826798800e-02, 1.192246343294718e+00, 1.654996283118044e+02, 1.321990832657587e+02, 2.665572273388005e+05, 9.909647244994693e+04
55, -5.155941759730730e-01, -4.811400563289900e-02, 1.192844373751208e+00, 1.688166271102521e+02, 1.337767525572843e+02, 2.673626210722961e+05, 9.916611697153929e+04
56, -5.143379769123230e-01, -5.695109441318600e-02, 1.193523346653864e+00, 1.714501960189420e+02, 1.348902861665872e+02, 2.680500016113173e+05, 9.924519912087657e+04
57, -5.121996188579691e-01, -6.567333379501400e-02, 1.194210891711101e+00, 1.735621799386692e+02, 1.363278886540214e+02, 2.687070428889010e+05, 9.932527582546342e+04
58, -5.097231925300590e-01, -7.434580861840499e-02, 1.194905630970197e+00, 1.751451818097501e+02, 1.378201262792790e+02, 2.692995941051751e+05, 9.940617326031002e+04
59, -5.067381031262070e-01, -8.294630893648200e-02, 1.195567995594533e+00, 1.761989473499348e+02, 1.393759814937657e+02, 2.698162925963781e+05, 9.948337813711599e+04
60, -5.033143854944260e-01, -9.167765497906100e-02, 1.196191333472938e+00, 1.767441264745324e+02, 1.409424570968987e+02, 2.702508926670310e+05, 9.955602790713070e+04
61, -4.997489724204850e-01, -1.001771801773930e-01, 1.196778559404040e+00, 1.767507920100153e+02, 1.423661870165412e+02, 2.705809902296787e+05, 9.962445884616305e+04
62, -4.962492287293470e-01, -1.088384011087430e-01, 1.197331501976103e+00, 1.762644679718170e+02, 1.435812743026204e+02, 2.708055957850543e+05, 9.968891581069653e+04
63, -4.920475980427320e-01, -1.176248680629470e-01, 1.197835534337007e+00, 1.753232452994916e+02, 1.447727327825806e+02, 2.709487098408355e+05, 9.974768382392619e+04
64, -4.869323929419520e-01, -1.265726621229650e-01, 1.198284054995490e+00, 1.739422625483861e+02, 1.459271705818712e+02, 2.710101425976845e+05, 9.979997863219281e+04
65, -4.804276260482490e-01, -1.354928925814030e-01, 1.198659924839705e+00, 1.721615828385951e+02, 1.470640627200067e+02, 2.709948141503613e+05, 9.984379815712309e+04
66, -5.339212521216390e-01, -5.626317960331000e-03, 1.191477354096266e+00, 1.502442850352666e+02, 1.237921395986228e+02, 2.634216779853129e+05, 9.900718410721213e+04
67, -5.391072544565840e-01, -2.784154322205200e-02, 1.192672193656942e+00, 1.599319525230548e+02, 1.230624382526296e+02, 2.649374263983605e+05, 9.914617160467812e+04
68, -5.433428194074840e-01, -2.156844492888000e-03, 1.192133343432281e+00, 1.484591321880856e+02, 1.202365108674652e+02, 2.630162928797604e+05, 9.908355571026828e+04
69, -5.257580449344310e-01, -1.099756108650900e-02, 1.191089000496886e+00, 1.530030350191141e+02, 1.273446102612425e+02, 2.640396791772363e+05, 9.896203161845224e+04
70, -5.522773830181030e-01, 8.277331718990000e-04, 1.192819033870408e+00, 1.470094034088456e+02, 1.174144052708403e+02, 2.627463895618384e+05, 9.916338774800331e+04
71, -5.614918200235340e-01, 3.273746716189000e-03, 1.193590512807584e+00, 1.459057415320879e+02, 1.151116653292503e+02, 2.626015333467163e+05, 9.925317107330552e+04
72, -5.698266894850760e-01, 6.312834886871000e-03, 1.194301846254570e+00, 1.446804452967570e+02, 1.135732017748647e+02, 2.625035644631363e+05, 9.933597303245839e+04
73, -5.779462477453480e-01, 1.041662201211200e-02, 1.195008793657439e+00, 1.432101301718846e+02, 1.126043022444750e+02, 2.624322095707314e+05, 9.941830206387969e+04
74, -5.860162341854060e-01, 1.474520274277600e-02, 1.195692018468308e+00, 1.418712906206251e+02, 1.121669484868081e+02, 2.624225166401616e+05, 9.949788417134578e+04
75, -5.939553747350420e-01, 1.931782590921700e-02, 1.196323615132071e+00, 1.406874137998204e+02, 1.122443425272850e+02, 2.624667266415972e+05, 9.957147684302731e+04
76, -6.017115383215940e-01, 2.371225602101600e-02, 1.196904047527624e+00, 1.398009135090062e+02, 1.127620951965369e+02, 2.625740695525418e+05, 9.963912294341982e+04
77, -5.309800898675840e-01, -3.612948725919600e-02, 1.192645767233322e+00, 1.636888447046157e+02, 1.266750819993367e+02, 2.658176358061531e+05, 9.914292380235695e+04
78, -5.273570677113970e-01, -4.478517295232000e-02, 1.193083846492936e+00, 1.669989964979312e+02, 1.287928577152584e+02, 2.666241970732352e+05, 9.919399746029110e+04
79, -5.269249948981440e-01, -5.366159360272000e-02, 1.193721893375644e+00, 1.697109556924896e+02, 1.297757558587379e+02, 2.672889497266434e+05, 9.926831203973561e+04
80, -5.255856049542130e-01, -6.273242151925400e-02, 1.194371145156052e+00, 1.720144849991470e+02, 1.311528070882912e+02, 2.679475149251487e+05, 9.934391349542556e+04
81, -5.230496436484970e-01, -7.189706530536900e-02, 1.195005949897218e+00, 1.738839020871889e+02, 1.329387033251330e+02, 2.685899135525140e+05, 9.941787810504613e+04
82, -5.203866903908290e-01, -8.108169096589700e-02, 1.195653634887960e+00, 1.751897339037760e+02, 1.347012361997917e+02, 2.691555705235909e+05, 9.949332971340923e+04
83, -5.168531681552621e-01, -9.027797234975400e-02, 1.196263703950976e+00, 1.759729754237807e+02, 1.366249260966439e+02, 2.696560813556302e+05, 9.956445303380651e+04
84, -5.137023649183350e-01, -9.951609820696300e-02, 1.196860843425294e+00, 1.761533302951379e+02, 1.382858613954465e+02, 2.700370079237429e+05, 9.963405021706272e+04
85, -5.107624482573210e-01, -1.087225485354810e-01, 1.197414308249502e+00, 1.757821961556913e+02, 1.397187764245769e+02, 2.703004097169837e+05, 9.969856467530434e+04
86, -5.071279611927250e-01, -1.180430679979970e-01, 1.197910888156822e+00, 1.749455712449414e+02, 1.411493660596964e+02, 2.704816981005792e+05, 9.975647635789202e+04
87, -5.175994861043910e-01, -1.751506077541700e-02, 1.190930010666356e+00, 1.563362517956161e+02, 1.312534525172562e+02, 2.648528125615502e+05, 9.894348586026861e+04
88, -5.073737733163820e-01, -2.364427021128300e-02, 1.190885715363930e+00, 1.594616576009440e+02, 1.363560858353222e+02, 2.658281147442074e+05, 9.893826068990960e+04
89, -5.062339119110960e-01, -3.336175702504600e-02, 1.191466265699679e+00, 1.637500452349754e+02, 1.372248457500022e+02, 2.666692750206849e+05, 9.900576658283187e+04
90, -5.033547419422419e-01, -4.224469457867400e-02, 1.192070690491610e+00, 1.672660492357811e+02, 1.388857487114491e+02, 2.675160808425383e+05, 9.907616732855453e+04
91, -5.022653883052530e-01, -5.089424042781500e-02, 1.192748896727463e+00, 1.702000723184624e+02, 1.396835106597178e+02, 2.682102694083401e+05, 9.915506268093076e+04
92, -5.007997545239080e-01, -5.955880755354500e-02, 1.193473161026433e+00, 1.726397794051624e+02, 1.406148642771672e+02, 2.688687646974255e+05, 9.923947933799442e+04
93, -4.983538937874310e-01, -6.777829188721300e-02, 1.194183709470181e+00, 1.744669368811259e+02, 1.418768472092254e+02, 2.694779436641342e+05, 9.932217032082367e+04
94, -4.954061034814540e-01, -7.578031818450100e-02, 1.194870338176799e+00, 1.757500679423156e+02, 1.432121750293916e+02, 2.700131665210228e+05, 9.940218863146253e+04
95, -4.937152915703500e-01, -8.366775128589600e-02, 1.195493176380756e+00, 1.765489552487749e+02, 1.439595568487393e+02, 2.703909446827209e+05, 9.947479128894352e+04
96, -4.894758202591290e-01, -9.083951524193599e-02, 1.196060398147430e+00, 1.768893843440369e+02, 1.454524852953650e+02, 2.707766688681901e+05, 9.954082952681409e+04
97, -4.858522817252940e-01, -9.897640019829200e-02, 1.196683140907801e+00, 1.768040568225215e+02, 1.465396732935650e+02, 2.710666571436109e+05, 9.961337744291386e+04
98, -4.819631873039540e-01, -1.072401228213090e-01, 1.197255760723620e+00, 1.762487898004837e+02, 1.474966650319637e+02, 2.712585972859397e+05, 9.968011079444890e+04
99, -4.774125199415270e-01, -1.156046871766520e-01, 1.197773670057984e+00, 1.752387990441924e+02, 1.483973467605254e+02, 2.713630345184492e+05, 9.974047706384081e+04
100, -5.024179916183770e-01, -1.274300033306400e-01, 1.198342348405145e+00, 1.736945647019084e+02, 1.425992738716400e+02, 2.705895847023195e+05, 9.980679775733256e+04
101, -4.719305371038710e-01, -1.240107356981780e-01, 1.198234495626056e+00, 1.737935826492958e+02, 1.492500532785263e+02, 2.713842771268924e+05, 9.979419208121912e+04
102, -4.963678275976480e-01, -1.370393341263530e-01, 1.198723622780548e+00, 1.720314661762839e+02, 1.440432475856637e+02, 2.706268703061339e+05, 9.985126694546451e+04
103, -4.656636849573970e-01, -1.325683595468160e-01, 1.198645270817668e+00, 1.719382663236607e+02, 1.499552743415732e+02, 2.713169158279947e+05, 9.984206986654046e+04
104, -5.488009712711270e-01, -3.208472167304700e-02, 1.193580210305218e+00, 1.608079578274212e+02, 1.204101363938778e+02, 2.650358405633918e+05, 9.925185811143123e+04
105, -5.574174225062970e-01, -2.708362052772500e-02, 1.193988980686662e+00, 1.582700745801829e+02, 1.177447577026044e+02, 2.645442142002257e+05, 9.929949412162499e+04
106, -5.679509103416660e-01, -2.441219864024300e-02, 1.194709491945112e+00, 1.564693599127546e+02, 1.154120251619570e+02, 2.642793559732396e+05, 9.938340961913517e+04
107, -5.760306843488000e-01, -1.992457950509800e-02, 1.195235613011533e+00, 1.543030090217497e+02, 1.139636144673192e+02, 2.640049164853777e+05, 9.944466612300674e+04
108, -5.835892645519930e-01, -1.427789400087300e-02, 1.195707629341106e+00, 1.519020968614824e+02, 1.129595732225316e+02, 2.637336046608635e+05, 9.949965018246441e+04
109, -5.925119715025230e-01, -1.018480473751600e-02, 1.196314232216015e+00, 1.501125968715842e+02, 1.124930415028990e+02, 2.636329069089196e+05, 9.957034783442975e+04
110, -6.014167708814649e-01, -5.843946285648000e-03, 1.196891184057990e+00, 1.484452311809216e+02, 1.125780755868023e+02, 2.635939861149885e+05, 9.963760022337885e+04
111, -6.103054547969819e-01, -1.285758121195000e-03, 1.197432955191345e+00, 1.469399430960081e+02, 1.131747555583255e+02, 2.636158875709787e+05, 9.970075198254110e+04
112, -6.192507236787600e-01, 3.932922077388000e-03, 1.197928665501866e+00, 1.455107633715089e+02, 1.142359237365707e+02, 2.636806888734106e+05, 9.975854158264774e+04
113, -6.279836105446350e-01, 1.057640295398700e-02, 1.198348574530158e+00, 1.440417890155119e+02, 1.156912456082039e+02, 2.637601696220572e+05, 9.980747805539826e+04
114, -5.486903246716160e-01, -2.106679667637600e-02, 1.193061879842072e+00, 1.565862509695983e+02, 1.194684685353823e+02, 2.642361392041662e+05, 9.919152911560460e+04
115, -5.487777995555340e-01, -4.331095132487000e-02, 1.194167498582357e+00, 1.645850691703319e+02, 1.216553832319105e+02, 2.658391485822172e+05, 9.932018173602555e+04
116, -5.590626181029220e-01, -1.774846382733700e-02, 1.193758587129097e+00, 1.546251355618107e+02, 1.165764299456917e+02, 2.638878623383014e+05, 9.927263572940590e+04
117, -5.676568911462360e-01, -1.424721536163600e-02, 1.194383015813814e+00, 1.527792009419406e+02, 1.146508060852470e+02, 2.636378669889577e+05, 9.934550004184150e+04
118, -5.489445699547360e-01, -5.370441222021400e-02, 1.194828119512002e+00, 1.674308492620743e+02, 1.229645401177085e+02, 2.665511955564321e+05, 9.939711835913005e+04
119, -5.492897599191580e-01, -6.385549813853300e-02, 1.195515659799985e+00, 1.695717921573082e+02, 1.243367202649586e+02, 2.671847295159019e+05, 9.947721534474332e+04
120, -5.478405773450670e-01, -7.352695418656099e-02, 1.196070659631354e+00, 1.712445998573261e+02, 1.261424835877382e+02, 2.677652110844818e+05, 9.954187595134047e+04
121, -5.381765052756970e-01, -4.783287617398100e-02, 1.193834589265381e+00, 1.670420292223023e+02, 1.253014815747119e+02, 2.664654716847306e+05, 9.928140772624794e+04
122, -5.575568889068540e-01, -3.793859030395900e-02, 1.194480309514492e+00, 1.619720501543509e+02, 1.188782109679033e+02, 2.652888607887373e+05, 9.935662602231008e+04
123, -5.379242253556190e-01, -5.836469052913500e-02, 1.194584130909170e+00, 1.698266338236602e+02, 1.266356757373646e+02, 2.672055360050764e+05, 9.936869086456664e+04
124, -5.406991939697620e-01, -3.801981882906800e-02, 1.193326473270818e+00, 1.636220432883807e+02, 1.234530517876699e+02, 2.656589372511650e+05, 9.922227815785707e+04
125, -5.366225561148060e-01, -6.802484633678800e-02, 1.195214020208208e+00, 1.718972098890563e+02, 1.282463114480572e+02, 2.678468243841986e+05, 9.944207185141323e+04
126, -5.338371429304520e-01, -7.759991647560600e-02, 1.195786949505546e+00, 1.735122823993375e+02, 1.302771958282087e+02, 2.684573101347577e+05, 9.950883579499443e+04
127, -5.310511877216890e-01, -8.733553225660701e-02, 1.196388550278848e+00, 1.745417489905733e+02, 1.322734047453056e+02, 2.689914472041888e+05, 9.957893683178708e+04
128, -5.278489661753760e-01, -9.712728265558100e-02, 1.196959757358046e+00, 1.750015214397434e+02, 1.342773674837084e+02, 2.694386699372198e+05, 9.964554654261282e+04
129, -5.251792749133510e-01, -1.070816321626260e-01, 1.197511282492447e+00, 1.748083139306945e+02, 1.360247128486912e+02, 2.697590949254492e+05, 9.970986646386895e+04
130, -5.223696891932550e-01, -1.170949037103840e-01, 1.198011219514740e+00, 1.740725394865457e+02, 1.376490342852497e+02, 2.699747081421605e+05, 9.976817300227987e+04
131, -5.653278818148260e-01, -3.243982900041800e-02, 1.194832826154310e+00, 1.593976464398051e+02, 1.167043942779423e+02, 2.648261754652797e+05, 9.939775289210436e+04
132, -5.446585925658880e-01, -8.368272867546300e-02, 1.196572622324500e+00, 1.726138154603932e+02, 1.284241978675321e+02, 2.683429905574412e+05, 9.960038142007840e+04
133, -5.420965666783391e-01, -9.420793540522200e-02, 1.197136369571927e+00, 1.732939971437717e+02, 1.305764880420820e+02, 2.688293017684333e+05, 9.966611243213482e+04
134, -5.395558735259121e-01, -1.047384774985910e-01, 1.197661136267279e+00, 1.733164686366331e+02, 1.326218041162039e+02, 2.692017311305547e+05, 9.972733406302873e+04
135, -5.582844956156640e-01, -4.802184535626700e-02, 1.195057170170489e+00, 1.648135675794488e+02, 1.200433567110281e+02, 2.659536861255955e+05, 9.942382914481976e+04
136, -5.603697031845570e-01, -5.863550414836900e-02, 1.195777100437828e+00, 1.670074854116911e+02, 1.212183854923214e+02, 2.665758216790776e+05, 9.950769734689519e+04
137, -5.679324766081050e-01, -4.240398127534700e-02, 1.195435658934502e+00, 1.620927454243896e+02, 1.175351366018972e+02, 2.654371933098111e+05, 9.946793895285827e+04
138, -5.749498803776820e-01, -3.435025818913300e-02, 1.195607316934662e+00, 1.589795807893396e+02, 1.155887110885521e+02, 2.648768732343521e+05, 9.948788198073018e+04
139, -5.836385031783911e-01, -2.781793247858900e-02, 1.196038223456382e+00, 1.561514769165467e+02, 1.141883666792011e+02, 2.644894603501433e+05, 9.953807998074751e+04
140, -5.928813679055480e-01, -2.343095276061200e-02, 1.196577537002418e+00, 1.540297543019676e+02, 1.135321182577214e+02, 2.643022129546314e+05, 9.960097970909321e+04
141, -6.023403073831750e-01, -1.941550053708800e-02, 1.197122584207212e+00, 1.521645699885043e+02, 1.135113445899397e+02, 2.642136198725221e+05, 9.966453042797331e+04
142, -6.118041768098550e-01, -1.521025825472400e-02, 1.197630875609729e+00, 1.504425088992755e+02, 1.140317436896718e+02, 2.641872760137466e+05, 9.972379678968224e+04
143, -6.213704482639220e-01, -1.037841522347500e-02, 1.198094133905555e+00, 1.487881736835446e+02, 1.150306106781505e+02, 2.642054854501522e+05, 9.977782305927527e+04
144, -5.184978541851750e-01, -1.272601611736820e-01, 1.198441367111627e+00, 1.729096221566899e+02, 1.393094928833729e+02, 2.701162800847938e+05, 9.981834608523668e+04
145, -5.681632386987390e-01, -5.220154704296000e-02, 1.195922738265524e+00, 1.645137568452623e+02, 1.189488507809860e+02, 2.660426527085394e+05, 9.952470859696125e+04
146, -5.615174409544970e-01, -6.906003286878100e-02, 1.196446342054321e+00, 1.685921029947118e+02, 1.227508858439139e+02, 2.671393077985903e+05, 9.958568088871306e+04
147, -5.372549725721580e-01, -1.156120794973980e-01, 1.198150660679189e+00, 1.726867121369545e+02, 1.345334893684715e+02, 2.694585714497328e+05, 9.978444115986965e+04
148, -5.780444164752350e-01, -4.919201626619400e-02, 1.196389960384690e+00, 1.624170626962979e+02, 1.174103245655568e+02, 2.657335011215348e+05, 9.957912033938130e+04
149, -5.898020173073730e-01, -4.787485404140400e-02, 1.197020824267051e+00, 1.604076209887435e+02, 1.166971922579507e+02, 2.655678992253212e+05, 9.965269770008729e+04
150, -6.005482772852621e-01, -4.480225438591300e-02, 1.197541232426598e+00, 1.582471367471676e+02, 1.164352511619328e+02, 2.653995380144350e+05, 9.971338597951598e+04
151, -6.112688523284480e-01, -4.162647022003200e-02, 1.198013653753663e+00, 1.561972285043710e+02, 1.167864169150181e+02, 2.652961038954640e+05, 9.976849032864538e+04
152, -5.584115549063030e-01, -7.904943191946801e-02, 1.196863666855602e+00, 1.701752807725824e+02, 1.250034816809310e+02, 2.677117341130940e+05, 9.963430512512867e+04
153, -5.551129932430990e-01, -9.030748654624400e-02, 1.197310369918467e+00, 1.712865867799842e+02, 1.275080421078576e+02, 2.682575946945286e+05, 9.968640032776305e+04
154, -5.534731220170130e-01, -1.012021887449610e-01, 1.197816062648583e+00, 1.714531558044165e+02, 1.296288300791754e+02, 2.686485267264345e+05, 9.974540189345794e+04
155, -6.310462802916090e-01, -4.689459994861000e-03, 1.198503227436433e+00, 1.472093843982664e+02, 1.164700852271476e+02, 2.642637807443561e+05, 9.982553086738712e+04
156, -5.731519210072490e-01, -6.233981175629200e-02, 1.196679279352643e+00, 1.656872499923067e+02, 1.200466200094864e+02, 2.665236461560640e+05, 9.961285435838165e+04
157, -6.364611507971560e-01, 1.775787645042200e-02, 1.198693360832271e+00, 1.428029867277368e+02, 1.174947091637711e+02, 2.638837642393070e+05, 9.984767619549141e+04
158, -5.516861838271740e-01, -1.126341127985350e-01, 1.198279343980075e+00, 1.709843491853026e+02, 1.317693481018769e+02, 2.689426906149805e+05, 9.979945594407870e+04
159, -5.128405098280090e-01, -1.373852551725860e-01, 1.198782161481609e+00, 1.714264304157054e+02, 1.410436171691435e+02, 2.701995753347786e+05, 9.985809901834001e+04
160, -5.150776554636830e-01, -4.385941226969000e-03, 1.190373072054877e+00, 1.498776376412122e+02, 1.320983880230128e+02, 2.639622047432658e+05, 9.887886824155571e+04
161, -5.237654886869690e-01, 3.024257245894000e-03, 1.190683238163747e+00, 1.460573080061131e+02, 1.279268291330939e+02, 2.631179590040165e+05, 9.891501907190720e+04
162, -5.064537536156150e-01, -1.244662916114200e-02, 1.190328985560123e+00, 1.540624617355140e+02, 1.365352502505004e+02, 2.649849349999901e+05, 9.887373796591634e+04
163, -5.344062640179460e-01, 5.196418685117000e-03, 1.191373205776251e+00, 1.449922303727935e+02, 1.234086027124477e+02, 2.627026621300430e+05, 9.899524222042703e+04
164, -5.433632245036190e-01, 8.816326321047001e-03, 1.192057719360857e+00, 1.433269035199041e+02, 1.201103244062029e+02, 2.623547733756029e+05, 9.907489624615814e+04
165, -5.518408518137140e-01, 1.188318486985700e-02, 1.192775739315280e+00, 1.420656935791044e+02, 1.174970606841903e+02, 2.621436014661297e+05, 9.915842786490751e+04
166, -5.597726384392170e-01, 1.516018676517600e-02, 1.193489088937281e+00, 1.408559549542198e+02, 1.155475774786975e+02, 2.620089642105605e+05, 9.924146651364751e+04
167, -5.676489190480190e-01, 1.875005450574100e-02, 1.194215928777913e+00, 1.396919813917367e+02, 1.141145532143343e+02, 2.619374458247953e+05, 9.932605068854059e+04
168, -5.754517245432310e-01, 2.293382457019300e-02, 1.194939555730629e+00, 1.385006732235294e+02, 1.132205489048475e+02, 2.619161014001764e+05, 9.941029864909009e+04
169, -5.831450233280500e-01, 2.746452619295900e-02, 1.195638829374519e+00, 1.374208825440729e+02, 1.128559106095877e+02, 2.619528243029847e+05, 9.949174721841028e+04
170, -5.905197082781820e-01, 3.227986760659700e-02, 1.196282266379206e+00, 1.364914166415894e+02, 1.130032469225216e+02, 2.620407784149552e+05, 9.956677427689727e+04
171, -5.981084687064940e-01, 3.550652543654200e-02, 1.196887744248210e+00, 1.362605573482622e+02, 1.134275695109736e+02, 2.622244825543069e+05, 9.963737847155632e+04
172, -6.063301905506510e-01, 3.912448375438800e-02, 1.197476714025936e+00, 1.361482444632224e+02, 1.142617960757459e+02, 2.624559790324930e+05, 9.970594621028706e+04
173, -6.147794503789650e-01, 4.233022965570400e-02, 1.197973444965511e+00, 1.363219409092312e+02, 1.154539095409687e+02, 2.627291936736652e+05, 9.976380030563245e+04
174, -6.221410522983060e-01, 4.885997061290700e-02, 1.198378829148856e+00, 1.359115488169643e+02, 1.171669995499887e+02, 2.629625442928326e+05, 9.981108184607912e+04
175, -6.278122497170190e-01, 5.708149577027500e-02, 1.198702679254186e+00, 1.353294456700424e+02, 1.190561731532987e+02, 2.631735486329119e+05, 9.984882070194096e+04
176, -6.333360352379970e-01, 6.764798324297699e-02, 1.199007520059899e+00, 1.347895906551457e+02, 1.214046244295131e+02, 2.634336100759890e+05, 9.988435142150037e+04
177, -5.027794399655749e-01, -4.279974674090000e-04, 1.189906404899722e+00, 1.478916233034415e+02, 1.382670703409894e+02, 2.642859020536511e+05, 9.882479121914173e+04
178, -5.015084317645440e-01, 9.224962069898000e-03, 1.189828677575197e+00, 1.427753340943640e+02, 1.389002069253715e+02, 2.637136812886067e+05, 9.881593020948143e+04
179, -5.038764701912150e-01, 1.917349055971500e-02, 1.190009009199573e+00, 1.375802106789876e+02, 1.377113603630174e+02, 2.630136420444432e+05, 9.883697845323195e+04
180, -5.113422499665879e-01, 2.337142960412800e-02, 1.190328260867489e+00, 1.355556646229549e+02, 1.339773768336233e+02, 2.624439157416408e+05, 9.887416156221497e+04
181, -5.188496813940370e-01, 2.952105082002500e-02, 1.190860880649731e+00, 1.327681926533301e+02, 1.305522711605969e+02, 2.618974241466398e+05, 9.893607480183514e+04
182, -5.267865162957670e-01, 3.472416028463700e-02, 1.191512894801338e+00, 1.307102290122326e+02, 1.272557234271697e+02, 2.614945525781855e+05, 9.901178276704685e+04
183, -5.344579968988830e-01, 3.914656534928000e-02, 1.192202020641997e+00, 1.292727215780758e+02, 1.244487475021690e+02, 2.612337865203189e+05, 9.909192549125585e+04
184, -5.417527141501149e-01, 4.329536107445400e-02, 1.192903617184911e+00, 1.281867584592056e+02, 1.221852390970826e+02, 2.610787201715736e+05, 9.917354815702152e+04
185, -5.486565050801950e-01, 4.728088597779700e-02, 1.193595227048223e+00, 1.273768727500306e+02, 1.204435829653344e+02, 2.610085985680794e+05, 9.925403472240489e+04
186, -5.553596257081520e-01, 5.118521758196400e-02, 1.194274585122159e+00, 1.268070893071938e+02, 1.191358614553483e+02, 2.610071352537490e+05, 9.933310016711873e+04
187, -5.620635251814220e-01, 5.529301689093100e-02, 1.194953978319264e+00, 1.264026680191434e+02, 1.182284120363323e+02, 2.610646447825251e+05, 9.941217664352315e+04
188, -5.688918840390960e-01, 5.967404897581300e-02, 1.195630819416333e+00, 1.261829493175915e+02, 1.177147982173272e+02, 2.611806461301389e+05, 9.949096992482120e+04
189, -5.755690588111509e-01, 6.441765080848399e-02, 1.196277162285353e+00, 1.261096503242338e+02, 1.176497605001148e+02, 2.613479927594351e+05, 9.956625086883793e+04
190, -5.821696422766460e-01, 6.954611452913601e-02, 1.196882232913576e+00, 1.262026851959995e+02, 1.180055615994724e+02, 2.615627454756580e+05, 9.963673266888394e+04
191, -5.886492761078370e-01, 7.517321377271501e-02, 1.197435759762100e+00, 1.264441146495611e+02, 1.187696031880069e+02, 2.618191856159318e+05, 9.970121123562597e+04
192, -5.948670127745000e-01, 8.115698437571300e-02, 1.197917417470905e+00, 1.268381998514728e+02, 1.198665273590342e+02, 2.621053120758289e+05, 9.975731466253614e+04
193, -6.008616758630700e-01, 8.793677298572400e-02, 1.198339460261908e+00, 1.273604755273750e+02, 1.213189634675512e+02, 2.624253146586647e+05, 9.980648356520791e+04
194, -6.068385430748841e-01, 9.539813826429799e-02, 1.198708327147403e+00, 1.280896434212130e+02, 1.230667978943866e+02, 2.627846720244283e+05, 9.984946999294862e+04
195, -6.131113974627600e-01, 1.036540529252280e-01, 1.199032252433853e+00, 1.290908808676986e+02, 1.250976225776767e+02, 2.631930567920891e+05, 9.988723080757831e+04
196, -6.211469030050790e-01, 1.122328837879870e-01, 1.199327306001399e+00, 1.306225629811210e+02, 1.273866712527146e+02, 2.636825520212511e+05, 9.992163916213521e+04
197, -4.907534183994000e-01, 6.935137822459000e-03, 1.189751827234023e+00, 1.439841431883749e+02, 1.446044737383988e+02, 2.645175194976938e+05, 9.880691141567288e+04
198, -5.121856881628790e-01, 9.350729717800000e-03, 1.190111336927001e+00, 1.427571467289716e+02, 1.334102945767468e+02, 2.631618500629396e+05, 9.884888489353223e+04
199, -4.876556025733670e-01, -2.069303512160000e-03, 1.189846887453151e+00, 1.487669222396195e+02, 1.462540774157096e+02, 2.653338202507151e+05, 9.881798981173744e+04
200, -4.944861245949140e-01, 1.620409139424800e-02, 1.189851242359662e+00, 1.390812605700265e+02, 1.426200176735187e+02, 2.637227827510649e+05, 9.881868824895582e+04
201, -4.834784410179470e-01, -1.172192278345000e-02, 1.190180487063682e+00, 1.537438243258453e+02, 1.484213160226423e+02, 2.663264300532529e+05, 9.885676942336190e+04
202, -4.814676105212920e-01, -2.083025262494000e-02, 1.190613609068212e+00, 1.582043539685837e+02, 1.493905060713878e+02, 2.671508812914732e+05, 9.890711889683652e+04
203, -4.783450322523580e-01, -2.930422806842700e-02, 1.191184278141217e+00, 1.620156859682025e+02, 1.508258401346780e+02, 2.680006415679872e+05, 9.897356702908553e+04
204, -4.754661393292940e-01, -3.749340606191300e-02, 1.191825956924824e+00, 1.653261642084082e+02, 1.520189560975525e+02, 2.687820579514633e+05, 9.904807993652840e+04
205, -4.705299002644880e-01, -4.457515643636300e-02, 1.192535400344301e+00, 1.677048770120282e+02, 1.540049579129983e+02, 2.695627458221304e+05, 9.913060543238360e+04
206, -4.648052804835360e-01, -5.180535401888800e-02, 1.193320354478494e+00, 1.696724230645126e+02, 1.560517389890018e+02, 2.703208048666106e+05, 9.922193294713732e+04
207, -4.616176611628960e-01, -5.924013608841200e-02, 1.194017301194136e+00, 1.714147694687784e+02, 1.568015811506243e+02, 2.708576004792612e+05, 9.930301053896909e+04
208, -4.584758039613840e-01, -6.642875514044901e-02, 1.194697882466403e+00, 1.726707346798511e+02, 1.573565868388560e+02, 2.712965866690921e+05, 9.938221970659518e+04
209, -4.548495537804260e-01, -7.346406257201700e-02, 1.195370524901300e+00, 1.734385576756353e+02, 1.578901087017382e+02, 2.716610170217347e+05, 9.946052925466208e+04
210, -4.509195162609120e-01, -8.047875213668300e-02, 1.196007791657552e+00, 1.737723474687958e+02, 1.583073760221392e+02, 2.719379321787945e+05, 9.953475580512919e+04
211, -4.467355807645920e-01, -8.750069679905099e-02, 1.196603674691023e+00, 1.736894777897635e+02, 1.585758983759465e+02, 2.721235398673001e+05, 9.960419108081685e+04
212, -4.420199035078120e-01, -9.441201564595600e-02, 1.197166473432770e+00, 1.731745831447236e+02, 1.587544374818233e+02, 2.722256975712123e+05, 9.966977229156310e+04
213, -4.366637727033630e-01, -1.011243754649950e-01, 1.197678304610413e+00, 1.722523550143263e+02, 1.588437049828793e+02, 2.722438370658553e+05, 9.972943080219375e+04
214, -4.311838776438940e-01, -1.079089573303700e-01, 1.198122406806916e+00, 1.710281563766346e+02, 1.586963020229973e+02, 2.721698293208496e+05, 9.978118963252366e+04
215, -4.261905048619270e-01, -1.149615787120050e-01, 1.198492848859808e+00, 1.696272528102094e+02, 1.582215777305148e+02, 2.720089463044228e+05, 9.982438893266775e+04
216, -4.178360206108380e-01, -1.209381623235330e-01, 1.198843842889933e+00, 1.676239196572647e+02, 1.580584765299213e+02, 2.718012645421679e+05, 9.986526403387236e+04
217, -5.195178237762200e-01, 1.685112623381300e-02, 1.190518897727711e+00, 1.389996127493217e+02, 1.299296688185578e+02, 2.624451087095108e+05, 9.889622298471608e+04
218, -5.274315463288920e-01, 2.391085493501000e-02, 1.191144607178151e+00, 1.357403462347193e+02, 1.265497733183650e+02, 2.618791661331676e+05, 9.896894510855291e+04
219, -5.356123519809350e-01, 2.825161920761000e-02, 1.191827682564347e+00, 1.340628829733288e+02, 1.233979481594288e+02, 2.615490673556947e+05, 9.904836682023667e+04
220, -5.433243973844810e-01, 3.226843989767800e-02, 1.192534587555081e+00, 1.327527400223878e+02, 1.208712750662755e+02, 2.613410651657275e+05, 9.913060296380424e+04
221, -5.506525328670480e-01, 3.600634167742500e-02, 1.193241364569069e+00, 1.317608133475218e+02, 1.188970253319984e+02, 2.612303182868105e+05, 9.921282414906945e+04
222, -5.577465285728310e-01, 3.979251131404600e-02, 1.193947323047775e+00, 1.309503174502386e+02, 1.174161519767710e+02, 2.611921460392138e+05, 9.929496507948969e+04
223, -5.648105816914070e-01, 4.388039996682000e-02, 1.194658239124117e+00, 1.302562311991606e+02, 1.163914996015911e+02, 2.612151466748807e+05, 9.937770785523088e+04
224, -5.719351323959220e-01, 4.826829387775100e-02, 1.195357961645536e+00, 1.297119323001922e+02, 1.158122771188515e+02, 2.612958872174069e+05, 9.945917263650481e+04
225, -5.794656906946150e-01, 5.256737930045900e-02, 1.196049736816331e+00, 1.294940504676831e+02, 1.156002778778479e+02, 2.614458299576868e+05, 9.953972323220973e+04
226, -5.864841711701571e-01, 5.739720423603100e-02, 1.196680591793620e+00, 1.293327742628737e+02, 1.159178864734286e+02, 2.616362251558381e+05, 9.961322456344591e+04
227, -5.932372815780870e-01, 6.276720553074000e-02, 1.197260939251182e+00, 1.292760523842565e+02, 1.166830745506651e+02, 2.618673643568922e+05, 9.968084250454027e+04
228, -5.997055969566010e-01, 6.842430396427400e-02, 1.197766515318108e+00, 1.293671771667861e+02, 1.177765916039742e+02, 2.621261320947871e+05, 9.973974191612499e+04
229, -6.058770971646820e-01, 7.514478202944801e-02, 1.198203234584224e+00, 1.295128248693431e+02, 1.192641271469961e+02, 2.624115562438666e+05, 9.979062480916145e+04
230, -6.119347942622930e-01, 8.275943254444500e-02, 1.198590055862491e+00, 1.298292832065571e+02, 1.210928083509588e+02, 2.627376425380597e+05, 9.983569233785389e+04
231, -6.186800662162160e-01, 9.135999674585001e-02, 1.198944254248564e+00, 1.304951221421302e+02, 1.233045057316804e+02, 2.631346873391264e+05, 9.987698140246028e+04
232, -6.259614131130899e-01, 1.007879452499490e-01, 1.199246457534583e+00, 1.315122010232045e+02, 1.258086594152217e+02, 2.635905588582457e+05, 9.991220842635256e+04
233, -4.089266224161930e-01, -1.311459940674220e-01, 1.199217936949354e+00, 1.648990882125735e+02, 1.569278767362474e+02, 2.713771686768985e+05, 9.990889069677898e+04
234, -4.954055971322360e-01, -8.807323765660000e-03, 1.190018437993251e+00, 1.522801996203143e+02, 1.421854513849295e+02, 2.653322258759417e+05, 9.883788375280912e+04
235, -4.949095772041840e-01, -1.845103542914800e-02, 1.190406602392425e+00, 1.571270645223904e+02, 1.425189481952522e+02, 2.661085046748146e+05, 9.888286500635931e+04
236, -4.935748470146990e-01, -2.769001781248900e-02, 1.190909380984861e+00, 1.614579335574523e+02, 1.432833266419801e+02, 2.669175566779493e+05, 9.894127593573980e+04
237, -4.904535650938020e-01, -3.645049412757700e-02, 1.191512322015274e+00, 1.651785466662584e+02, 1.448806721056636e+02, 2.677862990647204e+05, 9.901147939095092e+04
238, -4.875743603433320e-01, -4.521961715094700e-02, 1.192209509324249e+00, 1.684295160136361e+02, 1.462614143556270e+02, 2.686003725932314e+05, 9.909247141776055e+04
239, -4.897964711645120e-01, -5.366867520288200e-02, 1.192891413971010e+00, 1.711248253200591e+02, 1.452542503272761e+02, 2.690478403929108e+05, 9.917201305964081e+04
240, -4.870691778536420e-01, -6.153643315852400e-02, 1.193612448130252e+00, 1.731719945394809e+02, 1.464177891306291e+02, 2.696820396806527e+05, 9.925582989038037e+04
241, -4.840352027239440e-01, -6.990116196848099e-02, 1.194369646528862e+00, 1.748047930703045e+02, 1.475675170776645e+02, 2.702681515601020e+05, 9.934399576229362e+04
242, -4.816784743227400e-01, -7.922118303435800e-02, 1.195200494848266e+00, 1.759959379656035e+02, 1.482930402964063e+02, 2.707593363700147e+05, 9.944072014848985e+04
243, -4.768651018806170e-01, -8.748738262934300e-02, 1.195930635385520e+00, 1.764037860784232e+02, 1.497057139997820e+02, 2.711943857679437e+05, 9.952571395247399e+04
244, -4.728819795557420e-01, -9.547255184165000e-02, 1.196567486875288e+00, 1.763309857282654e+02, 1.505834368945843e+02, 2.714673608808500e+05, 9.959990624798759e+04
245, -4.686722033487920e-01, -1.033055231918390e-01, 1.197153159123076e+00, 1.757999959977961e+02, 1.513045598306707e+02, 2.716398175097093e+05, 9.966815329950886e+04
246, -4.638679507338600e-01, -1.110753646574620e-01, 1.197683806578266e+00, 1.748343029598508e+02, 1.519445205042604e+02, 2.717241377914709e+05, 9.972999973709141e+04
247, -4.583170485186510e-01, -1.188455219764910e-01, 1.198158268387233e+00, 1.734550539885686e+02, 1.524915059761889e+02, 2.717225540650747e+05, 9.978530388582488e+04
248, -4.519595460903210e-01, -1.265706870308200e-01, 1.198567238610518e+00, 1.717020430869761e+02, 1.529117083561791e+02, 2.716353103465529e+05, 9.983299496877483e+04
249, -4.446649665967470e-01, -1.339545407131170e-01, 1.198911646508080e+00, 1.696699950653208e+02, 1.532242519134042e+02, 2.714799750411134e+05, 9.987315260217618e+04
250, -4.359491844584490e-01, -1.407296803016900e-01, 1.199198222528270e+00, 1.674110538999290e+02, 1.534619077028047e+02, 2.712712247674409e+05, 9.990657287362228e+04
251, -5.023090160602790e-01, 3.057655364000400e-02, 1.190365917008610e+00, 1.318523931289298e+02, 1.386610272666094e+02, 2.625748685653074e+05, 9.887857270456453e+04
252, -5.099037422833080e-01, 3.547439076804000e-02, 1.190779094151533e+00, 1.296980947936506e+02, 1.349886581745598e+02, 2.620311392412509e+05, 9.892663962851830e+04
253, -4.943404647273410e-01, 2.590676542639100e-02, 1.190103478485841e+00, 1.340976092421849e+02, 1.427401259239222e+02, 2.632349325374427e+05, 9.884799364483892e+04
254, -5.175702199907700e-01, 4.039996788680900e-02, 1.191333275888730e+00, 1.277774347931328e+02, 1.315711435157825e+02, 2.615952040164074e+05, 9.899095677102603e+04
255, -5.250296880520990e-01, 4.516843514899600e-02, 1.191972364418381e+00, 1.261992423662821e+02, 1.285868747774910e+02, 2.612795480441670e+05, 9.906524442988553e+04
256, -5.322110301465980e-01, 4.951542054431000e-02, 1.192637990233198e+00, 1.250550379777504e+02, 1.260648456794079e+02, 2.610757147198624e+05, 9.914266163012228e+04
257, -5.390755762534860e-01, 5.368818653180800e-02, 1.193310493559729e+00, 1.242159948289598e+02, 1.240205581707083e+02, 2.609620291635936e+05, 9.922090631362716e+04
258, -5.456823024385190e-01, 5.774373559236700e-02, 1.193974929871220e+00, 1.236429173587771e+02, 1.224161744108136e+02, 2.609231210846727e+05, 9.929823898250087e+04
259, -5.522350075990610e-01, 6.161862100947100e-02, 1.194626724592837e+00, 1.233518735314483e+02, 1.211618689189863e+02, 2.609478288422568e+05, 9.937407304152218e+04
260, -5.586833651522980e-01, 6.587958077231000e-02, 1.195279295435524e+00, 1.231830186871914e+02, 1.203362301314717e+02, 2.610300938045836e+05, 9.945004002243925e+04
261, -5.650530986299530e-01, 7.056042293949900e-02, 1.195919765012974e+00, 1.231554608536467e+02, 1.199340833443125e+02, 2.611666865804549e+05, 9.952462872738932e+04
262, -5.714714564425400e-01, 7.544888632415600e-02, 1.196531166551868e+00, 1.233472357277589e+02, 1.198942609911910e+02, 2.613541324816331e+05, 9.959582705724155e+04
263, -5.778273582529110e-01, 8.074361160445399e-02, 1.197103047141504e+00, 1.237136868923612e+02, 1.202503676795256e+02, 2.615882757319450e+05, 9.966243392718240e+04
264, -5.840156262025030e-01, 8.648911239876700e-02, 1.197621816502632e+00, 1.242397587229571e+02, 1.209846178428347e+02, 2.618623698807973e+05, 9.972286251804786e+04
265, -5.900117670936380e-01, 9.266549057818700e-02, 1.198080816951999e+00, 1.249286950355769e+02, 1.220465380543159e+02, 2.621705772702732e+05, 9.977633128618954e+04
266, -5.956980018577990e-01, 9.949686128504300e-02, 1.198477751484435e+00, 1.257506522337271e+02, 1.234270038702178e+02, 2.625093326471845e+05, 9.982258525982099e+04
267, -6.014319111272410e-01, 1.068249925034590e-01, 1.198819543657589e+00, 1.267865105257765e+02, 1.250427672656082e+02, 2.628817699340996e+05, 9.986241836091039e+04
268, -4.858649988820660e-01, 1.950277071871600e-02, 1.189962581633113e+00, 1.373789025303944e+02, 1.471959100118249e+02, 2.641128025726753e+05, 9.883152883543525e+04
269, -4.801692001423400e-01, 1.211092469200300e-02, 1.189927722429212e+00, 1.412661681625191e+02, 1.502101538768542e+02, 2.649346099637670e+05, 9.882732242901641e+04
270, -4.772341216590840e-01, 4.528886852566000e-03, 1.189966792984603e+00, 1.452748429320631e+02, 1.517325442690010e+02, 2.656213409043798e+05, 9.883193528692663e+04
271, -4.734703676138340e-01, -4.008342600644000e-03, 1.190211955475798e+00, 1.497214087999184e+02, 1.536173617130441e+02, 2.664817276568266e+05, 9.886048943914440e+04
272, -4.703109788474520e-01, -1.284610051952900e-02, 1.190593442022728e+00, 1.541482896664631e+02, 1.550750714980608e+02, 2.673401919793533e+05, 9.890479233816681e+04
273, -4.670929580200610e-01, -2.110524408488700e-02, 1.191095674651346e+00, 1.580254756181769e+02, 1.564227963252466e+02, 2.681622283802565e+05, 9.896326735887759e+04
274, -4.641473679735920e-01, -2.907173068046900e-02, 1.191675689478650e+00, 1.614523422787320e+02, 1.574955575867292e+02, 2.689212961362211e+05, 9.903067381504639e+04
275, -4.601809527565870e-01, -3.633730009725800e-02, 1.192346918355430e+00, 1.641779093654761e+02, 1.588596826441928e+02, 2.696576270141734e+05, 9.910875557665706e+04
276, -4.553847087008560e-01, -4.311794092742700e-02, 1.193080429738237e+00, 1.662889870470315e+02, 1.603521704339608e+02, 2.703496319782717e+05, 9.919412801938895e+04
277, -4.514043153338040e-01, -4.995261757023200e-02, 1.193767016322802e+00, 1.680956027953118e+02, 1.612732023710886e+02, 2.709135432920710e+05, 9.927399885071928e+04
278, -4.482326847592610e-01, -5.673978073395300e-02, 1.194401228582267e+00, 1.695829490158645e+02, 1.616998726740514e+02, 2.713538889544745e+05, 9.934778985117460e+04
279, -4.448303467415470e-01, -6.344468135991300e-02, 1.195034646677595e+00, 1.706632353702000e+02, 1.620159841534219e+02, 2.717226082233698e+05, 9.942150963546119e+04
280, -4.409808861733930e-01, -7.009044247649300e-02, 1.195665504065329e+00, 1.713144523763442e+02, 1.622633253780964e+02, 2.720206793568485e+05, 9.949495992326208e+04
281, -4.377103918072920e-01, -7.703209076028500e-02, 1.196239952434543e+00, 1.717286136069895e+02, 1.621256603340860e+02, 2.722174569183404e+05, 9.956185592190179e+04
282, -4.336404600542810e-01, -8.425397191853801e-02, 1.196832150753105e+00, 1.716807978975832e+02, 1.619322167408000e+02, 2.723454322191262e+05, 9.963087960508057e+04
283, -4.283878375799900e-01, -9.094895974933399e-02, 1.197388011182512e+00, 1.710766276762269e+02, 1.618190576153845e+02, 2.723947688399681e+05, 9.969564343667694e+04
284, -4.230290391330650e-01, -9.801996226853300e-02, 1.197889502565384e+00, 1.701470595627356e+02, 1.614176422986628e+02, 2.723445453670573e+05, 9.975405336629767e+04
285, -4.167145165061600e-01, -1.065071662955390e-01, 1.198427346171725e+00, 1.686772349002981e+02, 1.606402067691559e+02, 2.721787060740629e+05, 9.981673484266996e+04
286, -4.078377696462450e-01, -1.138217630707660e-01, 1.198878055056706e+00, 1.665603635935495e+02, 1.599968859839236e+02, 2.719195407264133e+05, 9.986927018406490e+04
287, -4.009456671464180e-01, -1.197870110705340e-01, 1.199113950789403e+00, 1.647789874542486e+02, 1.591994087448630e+02, 2.716316945622914e+05, 9.989678495641948e+04
288, -6.078924737541020e-01, 1.146671052724670e-01, 1.199128515598644e+00, 1.281594276482699e+02, 1.268802672297942e+02, 2.633073941676929e+05, 9.989844466711745e+04
289, -3.910339415435560e-01, -1.206689654562550e-01, 1.199284406795851e+00, 1.629011465284613e+02, 1.591540427545055e+02, 2.714156336882261e+05, 9.991662998790370e+04
290, -6.135214965295051e-01, 1.236515478261580e-01, 1.199386797307075e+00, 1.295727082935747e+02, 1.289230483237330e+02, 2.637494031661106e+05, 9.992854117320495e+04
291, -3.813088186059910e-01, -1.225700995726650e-01, 1.199446756465803e+00, 1.609935708028151e+02, 1.586648267550289e+02, 2.711376162228019e+05, 9.993554250720289e+04
292, -5.278083369668140e-01, 1.328754581098100e-02, 1.190956264016570e+00, 1.409367653574750e+02, 1.261592973758916e+02, 2.623885865348005e+05, 9.894692847060664e+04
293, -5.360647206700320e-01, 1.713173427258000e-02, 1.191577618631120e+00, 1.392541181880649e+02, 1.228497629350454e+02, 2.620178130003589e+05, 9.901920620160658e+04
294, -5.441836985827390e-01, 2.081827285539900e-02, 1.192269900046599e+00, 1.378208332854082e+02, 1.200439828319510e+02, 2.617583682056783e+05, 9.909972684358766e+04
295, -5.519198047959550e-01, 2.423091252932900e-02, 1.192978132811804e+00, 1.366850842172631e+02, 1.178252927284238e+02, 2.616041469030529e+05, 9.918210992988371e+04
296, -5.594536518366060e-01, 2.780089467876900e-02, 1.193698655967307e+00, 1.356645789314942e+02, 1.161297882294696e+02, 2.615229317649596e+05, 9.926594717222656e+04
297, -5.669335233454580e-01, 3.172086932082900e-02, 1.194430580631489e+00, 1.347138503703970e+02, 1.149309144822178e+02, 2.615041239591033e+05, 9.935112484092110e+04
298, -5.744649175799200e-01, 3.613436812621800e-02, 1.195165517590227e+00, 1.338298224957682e+02, 1.142349795651632e+02, 2.615439342340843e+05, 9.943669263743894e+04
299, -5.822708154454180e-01, 4.097682564742000e-02, 1.195890479740603e+00, 1.331006730699857e+02, 1.140392952307277e+02, 2.616471799162728e+05, 9.952115232598352e+04
300, -5.914804033170500e-01, 4.507374023479200e-02, 1.196624287050085e+00, 1.330090244124848e+02, 1.142488661853134e+02, 2.618628520674758e+05, 9.960665177365823e+04
301, -5.992301067990640e-01, 5.049351900879300e-02, 1.197255069006560e+00, 1.326786639576235e+02, 1.150991375715470e+02, 2.620845283976700e+05, 9.968011602079835e+04
302, -6.066087336683650e-01, 5.547243398365800e-02, 1.197789105413122e+00, 1.326726721233241e+02, 1.162302459843752e+02, 2.623429186056163e+05, 9.974234510343401e+04
303, -6.128325848923510e-01, 6.213069239100100e-02, 1.198204391753317e+00, 1.324419075510351e+02, 1.177583962586018e+02, 2.625831135333721e+05, 9.979075106408408e+04
304, -6.188726664478930e-01, 7.012310624473300e-02, 1.198587602986463e+00, 1.323027753763125e+02, 1.196751482764202e+02, 2.628650402476968e+05, 9.983540460802733e+04
305, -6.250116239407940e-01, 7.945973142929599e-02, 1.198930862225751e+00, 1.323864024622522e+02, 1.219808874862689e+02, 2.632028712919456e+05, 9.987541621146809e+04
306, -4.932167391407910e-01, 3.674399875128300e-02, 1.190581340067017e+00, 1.288684974529605e+02, 1.433866288138387e+02, 2.628677395781183e+05, 9.890362237712964e+04
307, -5.009335551999839e-01, 4.152012561219000e-02, 1.190913329154175e+00, 1.267831185711302e+02, 1.395606953323564e+02, 2.622816798599868e+05, 9.894227158555355e+04
308, -4.855967794558520e-01, 3.150560585082100e-02, 1.190370876212225e+00, 1.313813619106776e+02, 1.473040070817672e+02, 2.635622103828421e+05, 9.887910358366935e+04
309, -5.085084985112680e-01, 4.612331626817100e-02, 1.191366308962406e+00, 1.250152712752155e+02, 1.360194186711024e+02, 2.618111133952186e+05, 9.899487250532392e+04
310, -5.157523281227190e-01, 5.083600480780700e-02, 1.191923483486076e+00, 1.234656738410229e+02, 1.329170941952135e+02, 2.614547928989414e+05, 9.905962869017557e+04
311, -5.228074187334640e-01, 5.532907993683400e-02, 1.192534474462769e+00, 1.222738100281005e+02, 1.302024351849156e+02, 2.612030532228874e+05, 9.913067429364899e+04
312, -5.296485893270509e-01, 5.966202071153100e-02, 1.193173496196108e+00, 1.214036343238065e+02, 1.279002240213449e+02, 2.610438577947604e+05, 9.920500532170292e+04
313, -5.363008256235690e-01, 6.388320193232599e-02, 1.193819283131759e+00, 1.208223940166894e+02, 1.260008086355572e+02, 2.609637004977136e+05, 9.928014221312242e+04
314, -5.428686225845391e-01, 6.792859654750100e-02, 1.194458670778803e+00, 1.205367093287449e+02, 1.244546848563908e+02, 2.609518531007163e+05, 9.935452013898482e+04
315, -5.491643502350340e-01, 7.215001749295399e-02, 1.195087142321424e+00, 1.204232843805436e+02, 1.233486969820460e+02, 2.610020358681736e+05, 9.942767600181921e+04
316, -5.552710645357660e-01, 7.661557500050700e-02, 1.195697069832332e+00, 1.204738866823752e+02, 1.226459790941498e+02, 2.611060662025155e+05, 9.949870046443831e+04
317, -5.614056218090030e-01, 8.128425653917901e-02, 1.196287414278908e+00, 1.207321220712091e+02, 1.222805044653248e+02, 2.612604343348400e+05, 9.956743918007279e+04
318, -5.675346606107420e-01, 8.622470526642900e-02, 1.196849002363682e+00, 1.211875767187318e+02, 1.222633853553320e+02, 2.614624147898139e+05, 9.963283509725443e+04
319, -5.735720417614520e-01, 9.157557504898001e-02, 1.197372867012891e+00, 1.218141206684860e+02, 1.226113469332267e+02, 2.617086942120400e+05, 9.969385027400962e+04
320, -5.794191098973310e-01, 9.732665550254101e-02, 1.197847679220051e+00, 1.225989235894179e+02, 1.232984831483279e+02, 2.619926175481823e+05, 9.974915778653711e+04
321, -5.850547829303721e-01, 1.036394683505280e-01, 1.198273847697436e+00, 1.235339775176689e+02, 1.243113690444271e+02, 2.623129399543168e+05, 9.979880856011357e+04
322, -5.905686423880629e-01, 1.106674765669480e-01, 1.198651429440226e+00, 1.246460278086726e+02, 1.256292505365880e+02, 2.626714341239623e+05, 9.984281075144337e+04
323, -4.785376524557350e-01, 2.710146872317900e-02, 1.190317083534450e+00, 1.336158180685210e+02, 1.509689264591867e+02, 2.642546958111305e+05, 9.887263859386352e+04
324, -4.739993409041300e-01, 2.015748992325000e-02, 1.190250421860921e+00, 1.371621795966466e+02, 1.533414955914307e+02, 2.649430760031152e+05, 9.886493251762212e+04
325, -4.667233012601880e-01, 1.341077351416300e-02, 1.190424288319611e+00, 1.407174062176588e+02, 1.570138489329924e+02, 2.658845893168646e+05, 9.888511426237955e+04
326, -4.629603217247200e-01, 4.780673988386000e-03, 1.190556427216197e+00, 1.451749847046783e+02, 1.588317986413419e+02, 2.666974853900539e+05, 9.890056125101165e+04
327, -4.595355717223290e-01, -3.773117885976000e-03, 1.190862928687504e+00, 1.494797775377516e+02, 1.603402300650064e+02, 2.675162388321562e+05, 9.893618078673190e+04
328, -4.558793261890760e-01, -1.181031211109200e-02, 1.191305376062601e+00, 1.533339971298998e+02, 1.617751101071610e+02, 2.683213693858375e+05, 9.898769713377915e+04
329, -4.530096994580540e-01, -1.967233737322600e-02, 1.191775077452652e+00, 1.568706344670736e+02, 1.626950917364290e+02, 2.690351236611001e+05, 9.904228289546569e+04
330, -4.496966894903780e-01, -2.724553962351400e-02, 1.192376366997587e+00, 1.599464115036349e+02, 1.636102596180444e+02, 2.697332066676805e+05, 9.911230158523562e+04
331, -4.454797199792790e-01, -3.404806674552000e-02, 1.193055408549118e+00, 1.623228463501830e+02, 1.646870535045861e+02, 2.703874148401991e+05, 9.919133664340942e+04
332, -4.415544235280640e-01, -4.072630145249700e-02, 1.193713917098060e+00, 1.643297922891244e+02, 1.654270740189104e+02, 2.709434877809843e+05, 9.926794322891053e+04
333, -4.380840033319090e-01, -4.734954218836400e-02, 1.194331545041950e+00, 1.660096305299113e+02, 1.658028544739217e+02, 2.713957704015412e+05, 9.933979857524927e+04
334, -4.346568985236890e-01, -5.384195706189500e-02, 1.194931226883959e+00, 1.673183784843175e+02, 1.659766064170580e+02, 2.717653395940138e+05, 9.940958848714642e+04
335, -4.309383490549760e-01, -6.032278553459800e-02, 1.195531897052769e+00, 1.682592740423121e+02, 1.660251158158241e+02, 2.720672122557252e+05, 9.947949358288682e+04
336, -4.263888715171430e-01, -6.682563088943000e-02, 1.196139780320646e+00, 1.687324171090893e+02, 1.660249083061401e+02, 2.722988788933121e+05, 9.955026216766557e+04
337, -4.263557525905240e-01, -7.480555095036000e-02, 1.196578396374658e+00, 1.697535398206458e+02, 1.647707575473889e+02, 2.723892779511219e+05, 9.960142783487898e+04
338, -4.212836950213770e-01, -8.103939091705400e-02, 1.197157322705545e+00, 1.694654524728248e+02, 1.645629153231006e+02, 2.724769741984618e+05, 9.966879137170165e+04
339, -4.161351898589070e-01, -8.775286308266500e-02, 1.197677929980624e+00, 1.688912460901135e+02, 1.640517153772503e+02, 2.724671413842477e+05, 9.972940646025258e+04
340, -4.105816212972340e-01, -9.478948385252500e-02, 1.198153205565072e+00, 1.679561910059703e+02, 1.633024411686002e+02, 2.723625909248003e+05, 9.978477720874261e+04
341, -4.036860245381770e-01, -1.013759197601930e-01, 1.198577871556921e+00, 1.665258436013716e+02, 1.624991082474103e+02, 2.721694738419584e+05, 9.983428106761233e+04
342, -3.952520492695550e-01, -1.082251910903720e-01, 1.198949519165986e+00, 1.646073047917122e+02, 1.614394879479429e+02, 2.718626427710078e+05, 9.987758233821201e+04
343, -5.963019617258410e-01, 1.181582949890550e-01, 1.198984364274759e+00, 1.260067576815485e+02, 1.271591776310904e+02, 2.630683490698505e+05, 9.988162197020972e+04
344, -6.022474741181680e-01, 1.256584075786910e-01, 1.199247374976756e+00, 1.275569007465235e+02, 1.287679523259077e+02, 2.634776203399666e+05, 9.991228717978232e+04
345, -6.070370017730460e-01, 1.360038749843860e-01, 1.199473104611373e+00, 1.291761297084721e+02, 1.308698003740266e+02, 2.639415462191782e+05, 9.993858008457543e+04
346, -5.461941341671260e-01, 8.275979205189500e-02, 1.195621542679181e+00, 1.181201561959693e+02, 1.256142120041024e+02, 2.611581465215692e+05, 9.948989529994235e+04
347, -5.521155458473410e-01, 8.728175203557299e-02, 1.196181685520747e+00, 1.184416108639367e+02, 1.249876208057642e+02, 2.612815391250434e+05, 9.955512116608837e+04
348, -5.401753846786690e-01, 7.827931302871100e-02, 1.195032985595331e+00, 1.180141799601958e+02, 1.265647064990496e+02, 2.610827588424705e+05, 9.942136378355372e+04
349, -5.579779224307150e-01, 9.197588051851099e-02, 1.196714367161808e+00, 1.189580933057114e+02, 1.246810120439885e+02, 2.614503459031041e+05, 9.961715244879316e+04
350, -5.339139138573350e-01, 7.388205280176501e-02, 1.194420588803017e+00, 1.181134223300494e+02, 1.279049856547334e+02, 2.610635725758829e+05, 9.935008686462075e+04
351, -5.637828508904820e-01, 9.693237210221800e-02, 1.197217560959030e+00, 1.196569484860576e+02, 1.246921763147465e+02, 2.616624427453252e+05, 9.967575456598161e+04
352, -5.273953243360761e-01, 6.965737921172301e-02, 1.193806528226351e+00, 1.184122209302562e+02, 1.296714013919720e+02, 2.611116802254446e+05, 9.927865470369102e+04
353, -5.694993055142350e-01, 1.023269407508370e-01, 1.197691777144664e+00, 1.205245169501407e+02, 1.250361053122327e+02, 2.619184400809940e+05, 9.973099064623097e+04
354, -5.207972550470020e-01, 6.532711847540100e-02, 1.193199531119886e+00, 1.189998937256666e+02, 1.317763953343757e+02, 2.612307867644297e+05, 9.920803621725240e+04
355, -5.140346432714100e-01, 6.091235975862500e-02, 1.192613676660257e+00, 1.198797162995624e+02, 1.342499718974817e+02, 2.614309277236970e+05, 9.913989920549811e+04
356, -5.070977439651650e-01, 5.637878863745800e-02, 1.192069914586072e+00, 1.210736605030761e+02, 1.370848660278776e+02, 2.617223570960244e+05, 9.907667272703617e+04
357, -5.751370971246290e-01, 1.083629864521230e-01, 1.198133960952849e+00, 1.215698057663968e+02, 1.257246828253784e+02, 2.622202501382415e+05, 9.978250843659358e+04
358, -5.000184766399340e-01, 5.171852745689600e-02, 1.191592682757517e+00, 1.225879527917674e+02, 1.402403520505411e+02, 2.621112560826302e+05, 9.902117655752775e+04
359, -4.924494329400120e-01, 4.711127243456500e-02, 1.191218119642502e+00, 1.243469604298424e+02, 1.438463648782383e+02, 2.626193090331196e+05, 9.897764414406139e+04
360, -5.807940332095710e-01, 1.151363523646450e-01, 1.198538655612274e+00, 1.228276976861089e+02, 1.267396279808242e+02, 2.625689789768290e+05, 9.982966552072510e+04
361, -4.843141711012890e-01, 4.228070234701900e-02, 1.190961700077113e+00, 1.264589773109975e+02, 1.478857962391210e+02, 2.632650673155301e+05, 9.894779027269570e+04
362, -5.865612191173341e-01, 1.227741913209700e-01, 1.198894141723136e+00, 1.243363177162375e+02, 1.280726483337965e+02, 2.629658914750571e+05, 9.987110446798458e+04
363, -4.762342394466290e-01, 3.754176845220700e-02, 1.190827295984484e+00, 1.287467956005137e+02, 1.519735197877019e+02, 2.639871552571934e+05, 9.893198357669005e+04
364, -4.691218902260440e-01, 3.135273103492300e-02, 1.190798962132159e+00, 1.318154137463776e+02, 1.555711495718088e+02, 2.647793814603249e+05, 9.892859468722064e+04
365, -4.641114909230610e-01, 2.392174467731400e-02, 1.190776441151318e+00, 1.355218586590256e+02, 1.581131797994294e+02, 2.655244290332998e+05, 9.892612872250914e+04
366, -5.937655591232670e-01, 1.307911442226120e-01, 1.199181832431367e+00, 1.262954750032638e+02, 1.295876577197018e+02, 2.634140361626181e+05, 9.990463979814612e+04
367, -5.944451143841361e-01, 1.426542149385180e-01, 1.199383662372455e+00, 1.275202877198356e+02, 1.317790186062214e+02, 2.638389039661144e+05, 9.992815928809330e+04
368, -5.487851808964270e-01, 9.764037101205700e-02, 1.196670337418580e+00, 1.170607403824602e+02, 1.273411486845184e+02, 2.615309492466345e+05, 9.961200755744691e+04
369, -5.543545177256159e-01, 1.023645219126850e-01, 1.197144641236060e+00, 1.177977464419892e+02, 1.270866878342906e+02, 2.617093713497468e+05, 9.966725608657271e+04
370, -5.430877460940160e-01, 9.303420195296400e-02, 1.196163558350773e+00, 1.165019047235787e+02, 1.278885312852541e+02, 2.613925269619799e+05, 9.955298436556461e+04
371, -5.372337161820500e-01, 8.844456132946400e-02, 1.195622891146906e+00, 1.161436277719586e+02, 1.287439048678533e+02, 2.612977333305149e+05, 9.949002680374315e+04
372, -5.312665888732589e-01, 8.378952277197201e-02, 1.195051784635165e+00, 1.160241818261022e+02, 1.299051543049600e+02, 2.612515632839690e+05, 9.942352986492912e+04
373, -5.599374129865370e-01, 1.074010718877610e-01, 1.197596132843888e+00, 1.187214438828994e+02, 1.271139471487168e+02, 2.619302267773960e+05, 9.971984714274859e+04
374, -5.250925353354550e-01, 7.922744272299199e-02, 1.194465990908006e+00, 1.161328259863860e+02, 1.314360073911975e+02, 2.612653612321215e+05, 9.935534781137282e+04
375, -5.186708646571870e-01, 7.491201683087199e-02, 1.193895005189129e+00, 1.164480183047171e+02, 1.333756738691586e+02, 2.613512754046124e+05, 9.928892418302906e+04
376, -5.121978665176840e-01, 7.049623060774700e-02, 1.193339702279457e+00, 1.170562432606202e+02, 1.356141984056623e+02, 2.615076653654442e+05, 9.922431693768376e+04
377, -5.055952400269550e-01, 6.602485446319900e-02, 1.192815412489571e+00, 1.179534285159732e+02, 1.381726240681173e+02, 2.617431101932784e+05, 9.916333078360956e+04
378, -5.655769239323630e-01, 1.130420833439560e-01, 1.198027763229082e+00, 1.198472516687076e+02, 1.274593655690214e+02, 2.622001878269583e+05, 9.977013451950764e+04
379, -4.988087527349720e-01, 6.154622016914300e-02, 1.192349244540290e+00, 1.191274990786899e+02, 1.410554787376693e+02, 2.620672133408000e+05, 9.910909597640822e+04
380, -4.917616284715760e-01, 5.671177407196400e-02, 1.191938195157113e+00, 1.206892644305721e+02, 1.442617372871822e+02, 2.624933822710055e+05, 9.906124858056908e+04
381, -5.713432555331300e-01, 1.193674409568110e-01, 1.198432454932962e+00, 1.212031959202261e+02, 1.281203189035513e+02, 2.625206051593233e+05, 9.981728938396992e+04
382, -4.839383041654940e-01, 5.165808217844900e-02, 1.191627931631203e+00, 1.226144155244665e+02, 1.480079412526401e+02, 2.630630252563477e+05, 9.902517994418522e+04
383, -5.771915726807570e-01, 1.266110157475860e-01, 1.198792250200075e+00, 1.228051969283891e+02, 1.291274626514314e+02, 2.628926590430534e+05, 9.985922856730050e+04
384, -4.744233877934300e-01, 4.742624660228500e-02, 1.191523159881422e+00, 1.245407672165330e+02, 1.526436218920472e+02, 2.638177951141912e+05, 9.901268688563634e+04
385, -5.841995946460540e-01, 1.345482722898290e-01, 1.199099300746088e+00, 1.248248642530115e+02, 1.303685736337001e+02, 2.633215997238578e+05, 9.989502622522046e+04
386, -4.649117288077510e-01, 4.292711210810200e-02, 1.191562660853622e+00, 1.268479172972692e+02, 1.571754405696718e+02, 2.646615167602471e+05, 9.901737750144815e+04
387, -4.578547640512430e-01, 3.426219783308500e-02, 1.191501860100080e+00, 1.309671622017456e+02, 1.606416904911237e+02, 2.655526348374103e+05, 9.901029720221068e+04
388, -4.547002891864810e-01, 2.346652859453500e-02, 1.191305394587766e+00, 1.360651193327700e+02, 1.623632547794128e+02, 2.663037118304280e+05, 9.898764103340507e+04
389, -4.521290587248330e-01, 1.459538638294000e-02, 1.191273673803738e+00, 1.404103488786495e+02, 1.636268384819988e+02, 2.669723025303437e+05, 9.898402959782467e+04
390, -4.486736537031840e-01, 6.267674953719000e-03, 1.191472903839936e+00, 1.445086733000899e+02, 1.650942159665459e+02, 2.677194447505143e+05, 9.900721532099530e+04
391, -4.451526462375380e-01, -1.742630501568000e-03, 1.191816715254346e+00, 1.483467578613735e+02, 1.663874428322808e+02, 2.684651770825582e+05, 9.904728164434474e+04
392, -4.414193773792630e-01, -9.474705362168000e-03, 1.192241629651906e+00, 1.518551901836519e+02, 1.675474634809171e+02, 2.691854996156082e+05, 9.909671856511552e+04
393, -4.396523141419690e-01, -1.815438740002500e-02, 1.192670955505589e+00, 1.555855958950612e+02, 1.677456613694144e+02, 2.698114166925182e+05, 9.914670815422741e+04
394, -4.357088359914250e-01, -2.518362604690100e-02, 1.193285711531218e+00, 1.582220748300097e+02, 1.685472581898980e+02, 2.704386008325878e+05, 9.921825552969603e+04
395, -4.319289218115870e-01, -3.192349304890200e-02, 1.193891215756548e+00, 1.604411558260171e+02, 1.690806126005974e+02, 2.709748431578152e+05, 9.928866952228690e+04
396, -4.284464245093150e-01, -3.852128292690600e-02, 1.194467342425341e+00, 1.623117808717579e+02, 1.693157758946127e+02, 2.714174176669419e+05, 9.935567359351132e+04
397, -4.248763493934040e-01, -4.492224300016300e-02, 1.195036860234690e+00, 1.637940301168677e+02, 1.693791694105509e+02, 2.717833578028167e+05, 9.942194982950375e+04
398, -4.212162679981940e-01, -5.114823915123300e-02, 1.195592598561594e+00, 1.649135173425044e+02, 1.692800778547527e+02, 2.720741264965188e+05, 9.948663308110482e+04
399, -4.171716157267140e-01, -5.717604204150500e-02, 1.196134656536823e+00, 1.656381713815377e+02, 1.690746131824384e+02, 2.722923417064666e+05, 9.954972566913562e+04
400, -4.115817883644670e-01, -6.200803279822200e-02, 1.196695770939338e+00, 1.656115555180505e+02, 1.690373897449979e+02, 2.724357426236157e+05, 9.961505507452840e+04
401, -4.061257075262360e-01, -6.728391364980200e-02, 1.197212915753139e+00, 1.654521438008286e+02, 1.686591574639921e+02, 2.725008705287125e+05, 9.967530292501002e+04
402, -4.003944669249090e-01, -7.203092911934400e-02, 1.197662309249947e+00, 1.649798919892895e+02, 1.681768212006274e+02, 2.724898454469942e+05, 9.972758139386983e+04
403, -3.949761977074630e-01, -7.784854412884600e-02, 1.198079240099976e+00, 1.644645171620707e+02, 1.672709388090884e+02, 2.724055045389006e+05, 9.977614090512577e+04
404, -3.890371556632150e-01, -8.376549588883000e-02, 1.198456259019629e+00, 1.636498219119119e+02, 1.661641148165796e+02, 2.722426083848467e+05, 9.982007006347048e+04
405, -3.819470354892000e-01, -8.923586271692401e-02, 1.198793145023261e+00, 1.624348851371895e+02, 1.649431177783697e+02, 2.720004982930417e+05, 9.985932002799763e+04
406, -3.732496365046900e-01, -9.401752320517399e-02, 1.199101396999229e+00, 1.608054996289210e+02, 1.635830817103293e+02, 2.716786513354481e+05, 9.989524970423072e+04
407, -3.642625050702400e-01, -9.968603323424401e-02, 1.199380407927898e+00, 1.590826866327506e+02, 1.618634110906232e+02, 2.712917800390546e+05, 9.992776647411981e+04
408, -5.395920788552230e-01, 1.029538949268910e-01, 1.196682435319425e+00, 1.154936829949583e+02, 1.301653568327814e+02, 2.616858804621174e+05, 9.961339197729409e+04
409, -5.451485225439540e-01, 1.077011767390270e-01, 1.197140643735917e+00, 1.162714276563846e+02, 1.296707680711363e+02, 2.618360993467312e+05, 9.966677235305423e+04
410, -5.339379483464040e-01, 9.827286725883100e-02, 1.196194082497288e+00, 1.149114160279946e+02, 1.309357771752883e+02, 2.615768534234037e+05, 9.955651274340195e+04
411, -5.282144943394280e-01, 9.360136432179100e-02, 1.195680182910273e+00, 1.145508847503135e+02, 1.319812051551995e+02, 2.615130339821318e+05, 9.949666631611150e+04
412, -5.224154427021650e-01, 8.885958204806201e-02, 1.195143784235035e+00, 1.144379109907369e+02, 1.333033001301970e+02, 2.614985211412715e+05, 9.943420478734816e+04
413, -5.506721539434570e-01, 1.125740237837610e-01, 1.197568693953813e+00, 1.172352896796194e+02, 1.294318211253260e+02, 2.620243656151732e+05, 9.971664225628533e+04
414, -5.164317441116610e-01, 8.423816289678700e-02, 1.194602746516297e+00, 1.145606808663870e+02, 1.349641505357923e+02, 2.615451725747810e+05, 9.937122498542805e+04
415, -5.562026351446520e-01, 1.178012428616600e-01, 1.197971449200737e+00, 1.183873874906287e+02, 1.294656199757375e+02, 2.622543590956226e+05, 9.976357105607403e+04
416, -5.102148486200060e-01, 7.986038986770901e-02, 1.194084357258597e+00, 1.149026713880974e+02, 1.369922661864702e+02, 2.616638808057431e+05, 9.931090468912295e+04
417, -5.039583580805630e-01, 7.541756913052999e-02, 1.193588484137939e+00, 1.155249461801091e+02, 1.392791134029433e+02, 2.618498871406575e+05, 9.925319203048444e+04
418, -4.975354227487710e-01, 7.094913801563200e-02, 1.193130957531742e+00, 1.164216027608824e+02, 1.418596421054820e+02, 2.621132035952378e+05, 9.919994176517622e+04
419, -4.906338834481610e-01, 6.632257684708900e-02, 1.192728740524240e+00, 1.176344091066713e+02, 1.448489203040427e+02, 2.624791676681648e+05, 9.915311170490937e+04
420, -5.619111385711060e-01, 1.235133565360220e-01, 1.198352116772441e+00, 1.197608526647571e+02, 1.297618876727046e+02, 2.625296808446591e+05, 9.980792453538407e+04
421, -5.677377299152750e-01, 1.299850539132100e-01, 1.198703771933818e+00, 1.213680433714259e+02, 1.303696630678699e+02, 2.628559223290823e+05, 9.984890915565249e+04
422, -4.833462544213280e-01, 6.117970845706200e-02, 1.192360966506228e+00, 1.192960813840859e+02, 1.481918249488978e+02, 2.629524374995730e+05, 9.911026771706202e+04
423, -5.741927311850810e-01, 1.372396824008140e-01, 1.199017273159479e+00, 1.232965343707982e+02, 1.312416476704803e+02, 2.632357258966136e+05, 9.988545994444020e+04
424, -4.757131041013990e-01, 5.622649831166000e-02, 1.192174986572018e+00, 1.211972411945688e+02, 1.517924172367163e+02, 2.635455264069291e+05, 9.908865162575216e+04
425, -5.822955507277660e-01, 1.445855663655480e-01, 1.199296765119058e+00, 1.256120697297103e+02, 1.322274371494234e+02, 2.636626073538906e+05, 9.991804437301021e+04
426, -5.858130219171220e-01, 1.550955457870940e-01, 1.199477360376679e+00, 1.275906012869413e+02, 1.339354021803904e+02, 2.641114439611001e+05, 9.993908373781326e+04
427, -5.414977660118030e-01, 1.176038700102940e-01, 1.197590668784834e+00, 1.160670671598663e+02, 1.318856404588750e+02, 2.621844170831782e+05, 9.971918655090168e+04
428, -5.470838943148451e-01, 1.227406582782000e-01, 1.197976153833998e+00, 1.172577623443953e+02, 1.316581501649413e+02, 2.623835082301405e+05, 9.976410945922149e+04
429, -5.358536696707999e-01, 1.126447250124560e-01, 1.197174397197786e+00, 1.150588837911198e+02, 1.323731788675885e+02, 2.620241356254197e+05, 9.967068614413895e+04
430, -5.302085912716060e-01, 1.077742538554140e-01, 1.196730617241428e+00, 1.142554906381278e+02, 1.331074247154499e+02, 2.619041229228725e+05, 9.961898745196644e+04
431, -5.245758320682250e-01, 1.029862938394270e-01, 1.196265520249245e+00, 1.136753325111124e+02, 1.340890179823631e+02, 2.618280399030107e+05, 9.956481344572461e+04
432, -5.189722444134079e-01, 9.823820292234101e-02, 1.195785025101047e+00, 1.133347219444179e+02, 1.353080454444595e+02, 2.617983052698246e+05, 9.950884937139660e+04
433, -5.133924867651460e-01, 9.340388504841300e-02, 1.195287766991041e+00, 1.132517627752306e+02, 1.367493546919854e+02, 2.618151004961968e+05, 9.945093429494645e+04
434, -5.076289317138279e-01, 8.873623541936200e-02, 1.194794123354638e+00, 1.134073688812304e+02, 1.385004558668487e+02, 2.618933320048491e+05, 9.939346182776388e+04
435, -5.016229228986900e-01, 8.439454162825100e-02, 1.194336063085144e+00, 1.137777682824916e+02, 1.405842003864964e+02, 2.620438546018393e+05, 9.934013912894586e+04
436, -4.955349591341240e-01, 7.993234166521300e-02, 1.193901274180396e+00, 1.144255723480190e+02, 1.429016878954968e+02, 2.622593127381326e+05, 9.928950811846640e+04
437, -5.527414634689880e-01, 1.280943148972170e-01, 1.198329627074935e+00, 1.186346445233303e+02, 1.316609692896120e+02, 2.626184908496959e+05, 9.980530117577486e+04
438, -4.891326722069380e-01, 7.512925243634901e-02, 1.193478670123048e+00, 1.154093123669273e+02, 1.455340047410149e+02, 2.625540723968522e+05, 9.924030135220595e+04
439, -5.585893068539330e-01, 1.339470384788400e-01, 1.198654801359983e+00, 1.202302583137116e+02, 1.319145575453192e+02, 2.628965452715796e+05, 9.984319861163992e+04
440, -4.816012893490380e-01, 7.032790524135001e-02, 1.193157581903598e+00, 1.167135634973895e+02, 1.488056641716863e+02, 2.629949362050591e+05, 9.920292703208410e+04
441, -5.652090003917870e-01, 1.404964294717620e-01, 1.198954421586911e+00, 1.221528736863885e+02, 1.323959820749506e+02, 2.632279393496495e+05, 9.987812249360154e+04
442, -4.735711298660220e-01, 6.606428197971900e-02, 1.192962891724177e+00, 1.182185831941015e+02, 1.523930553185961e+02, 2.635417635625087e+05, 9.918025381702537e+04
443, -5.733670320770720e-01, 1.477570459677670e-01, 1.199232488217000e+00, 1.245118279079020e+02, 1.330991405257216e+02, 2.636263068257837e+05, 9.991054998540533e+04
444, -4.667410400378740e-01, 5.708201846626300e-02, 1.192479389189786e+00, 1.213398557372708e+02, 1.557381955848190e+02, 2.641532246247702e+05, 9.912402865986938e+04
445, -5.435613621112920e-01, 1.326948110911430e-01, 1.198345980722761e+00, 1.177854057764169e+02, 1.337051742721304e+02, 2.627656222016464e+05, 9.980719903164811e+04
446, -5.493322953768650e-01, 1.381717202544020e-01, 1.198648654069107e+00, 1.193415749206822e+02, 1.336770292432298e+02, 2.630012633401178e+05, 9.984247827067939e+04
447, -5.378466027448550e-01, 1.273488090797270e-01, 1.198006527952149e+00, 1.163888053145115e+02, 1.339437806509108e+02, 2.625606232985530e+05, 9.976763516199711e+04
448, -5.321169947641530e-01, 1.221918179301220e-01, 1.197636128649258e+00, 1.151753356478971e+02, 1.344262473846528e+02, 2.623935251075949e+05, 9.972447272962083e+04
449, -5.264143056395399e-01, 1.171520829299040e-01, 1.197239071764887e+00, 1.141632355355875e+02, 1.351435410594617e+02, 2.622660191989274e+05, 9.967820860452595e+04
450, -5.207411071297861e-01, 1.121779982662370e-01, 1.196818618731501e+00, 1.133692479035366e+02, 1.360928434236145e+02, 2.621802514150859e+05, 9.962922618050866e+04
451, -5.151420750350280e-01, 1.072988232600940e-01, 1.196383990213282e+00, 1.128143777817076e+02, 1.372626390579063e+02, 2.621396310687893e+05, 9.957859760403931e+04
452, -5.096366787228590e-01, 1.024565330929650e-01, 1.195939701908461e+00, 1.125091351254690e+02, 1.386322811458331e+02, 2.621443811983359e+05, 9.952684577701328e+04
453, -5.042785767508510e-01, 9.753605198595000e-02, 1.195482137818651e+00, 1.124647187073260e+02, 1.401619767936034e+02, 2.621904044690343e+05, 9.947353941944792e+04
454, -4.987080780712010e-01, 9.287505425406900e-02, 1.195039176468513e+00, 1.126565673563929e+02, 1.419786873408432e+02, 2.622989638310923e+05, 9.942194989431021e+04
455, -4.927566913275490e-01, 8.846144369544499e-02, 1.194633541930447e+00, 1.130817423025636e+02, 1.441326795063676e+02, 2.624836521894781e+05, 9.937471528295692e+04
456, -4.867134247331810e-01, 8.365033609985000e-02, 1.194225388614000e+00, 1.138243365470039e+02, 1.464954847157594e+02, 2.627276659677569e+05, 9.932717843753996e+04
457, -5.554383709996210e-01, 1.439272563219960e-01, 1.198920996772753e+00, 1.210928805655822e+02, 1.338361080425715e+02, 2.632709366381689e+05, 9.987422350980590e+04
458, -4.804690745174120e-01, 7.863848546405300e-02, 1.193885939691581e+00, 1.148889674627709e+02, 1.490892616664831e+02, 2.630562995536898e+05, 9.928776816537202e+04
459, -5.624470788570270e-01, 1.500809311922680e-01, 1.199167093546385e+00, 1.231202804146302e+02, 1.341562045297724e+02, 2.635820826792524e+05, 9.990291303943000e+04
460, -5.714566878588250e-01, 1.562179651656540e-01, 1.199406023673908e+00, 1.254922418667863e+02, 1.345519994815033e+02, 2.639391627095276e+05, 9.993078042172997e+04
461, -5.734937684147650e-01, 1.656093982176900e-01, 1.199570430371639e+00, 1.273419942245694e+02, 1.358699345431416e+02, 2.643285975476119e+05, 9.994993228498750e+04
462, -5.399610659432300e-01, 1.424863970613970e-01, 1.198671927587226e+00, 1.187225696876696e+02, 1.355774973815493e+02, 2.631597487941930e+05, 9.984518475477147e+04
463, -5.459493564306700e-01, 1.480674063346090e-01, 1.198928256605459e+00, 1.204250771878375e+02, 1.355001558074031e+02, 2.633926170632539e+05, 9.987506885731684e+04
464, -5.341440213387950e-01, 1.370124984946140e-01, 1.198382093832049e+00, 1.171706044713449e+02, 1.358360794464268e+02, 2.629550957095989e+05, 9.981139878627266e+04
465, -5.283953286788550e-01, 1.316683176460690e-01, 1.198061033547243e+00, 1.157875662186948e+02, 1.363018926884605e+02, 2.627835783061172e+05, 9.977397606170719e+04
466, -5.226376340271220e-01, 1.265286533383260e-01, 1.197715606997292e+00, 1.145999433759385e+02, 1.370059779483555e+02, 2.626529027348484e+05, 9.973372195413600e+04
467, -5.169698012635600e-01, 1.214602939668210e-01, 1.197348404838017e+00, 1.136202020711688e+02, 1.379152343484478e+02, 2.625610293961389e+05, 9.969093287209912e+04
468, -5.113890517351500e-01, 1.164535787454860e-01, 1.196963077895443e+00, 1.128653896364046e+02, 1.390249861236163e+02, 2.625100575699062e+05, 9.964603938809446e+04
469, -5.059055559277740e-01, 1.115073565451190e-01, 1.196565600284685e+00, 1.123494690925672e+02, 1.403244267748771e+02, 2.625018752022552e+05, 9.959973438274198e+04
470, -5.005395651485131e-01, 1.065995470250630e-01, 1.196161747773897e+00, 1.120806327673710e+02, 1.417923139026348e+02, 2.625366843395270e+05, 9.955268189663142e+04
471, -4.952864767755920e-01, 1.016233564376450e-01, 1.195748341056783e+00, 1.120619162163757e+02, 1.434091330040160e+02, 2.626120321573906e+05, 9.950450787440399e+04
472, -4.898075541181630e-01, 9.672088204887699e-02, 1.195342969457932e+00, 1.122995148488572e+02, 1.452814215270622e+02, 2.627470715761728e+05, 9.945728919990663e+04
473, -4.838625814571810e-01, 9.185125791155900e-02, 1.194959954195154e+00, 1.128204304163827e+02, 1.474923910127684e+02, 2.629600201075344e+05, 9.941269247633830e+04
474, -4.776585946070300e-01, 8.616983887091299e-02, 1.194566292561152e+00, 1.137473599410722e+02, 1.499814432345524e+02, 2.632481481486250e+05, 9.936691453669459e+04
475, -5.525908028928030e-01, 1.538374469660800e-01, 1.199154654100191e+00, 1.223266623023440e+02, 1.355588254385937e+02, 2.636551220541939e+05, 9.990146372945019e+04
476, -4.726958753473630e-01, 7.711482858050600e-02, 1.193914015118352e+00, 1.155584510060608e+02, 1.522835530401860e+02, 2.635317267906702e+05, 9.929097078288731e+04
477, -5.610186942677250e-01, 1.599950969964660e-01, 1.199368864066817e+00, 1.245955587386784e+02, 1.357287620882900e+02, 2.639678705974997e+05, 9.992644599260039e+04
478, -4.641557234446700e-01, 7.126293686567001e-02, 1.193682507751487e+00, 1.174606885848361e+02, 1.560133262824719e+02, 2.641345836475498e+05, 9.926399845802235e+04
479, -4.577274285662680e-01, 6.386235009580100e-02, 1.193305804423919e+00, 1.199540094026756e+02, 1.590271201143053e+02, 2.646757987052000e+05, 9.922012316919402e+04
480, -5.425039070509120e-01, 1.577550603669850e-01, 1.199164191818127e+00, 1.217810146899824e+02, 1.371280842433247e+02, 2.637806523599853e+05, 9.990256591529744e+04
481, -5.498675305145670e-01, 1.633460080866210e-01, 1.199350842657668e+00, 1.237534637661487e+02, 1.370592188598450e+02, 2.640269131137166e+05, 9.992433087520226e+04
482, -5.361184887787700e-01, 1.521910231356780e-01, 1.198952735460300e+00, 1.199862249635456e+02, 1.372899799119163e+02, 2.635590617024451e+05, 9.987791269718519e+04
483, -5.302095857112750e-01, 1.466665471305050e-01, 1.198711977805988e+00, 1.183368683751769e+02, 1.375772603436259e+02, 2.633606558980606e+05, 9.984984542000653e+04
484, -5.244629217973440e-01, 1.412884572622340e-01, 1.198445341090633e+00, 1.168457014742364e+02, 1.380425493671995e+02, 2.631931927013330e+05, 9.981876140738020e+04
485, -5.187751024616390e-01, 1.360341570085240e-01, 1.198153017366079e+00, 1.155230224729325e+02, 1.387048631288603e+02, 2.630595586880685e+05, 9.978468384871975e+04
486, -5.130903504733459e-01, 1.309875596199650e-01, 1.197846012027175e+00, 1.143999305772899e+02, 1.395839527476603e+02, 2.629679255864588e+05, 9.974890460549346e+04
487, -5.076032284509400e-01, 1.259189160752370e-01, 1.197518504297790e+00, 1.134743457089318e+02, 1.406148393509050e+02, 2.629087665687066e+05, 9.971073741137837e+04
488, -5.022707178393530e-01, 1.208763135008140e-01, 1.197173455892085e+00, 1.127651221805012e+02, 1.418014412781110e+02, 2.628851207905767e+05, 9.967052855267657e+04
489, -4.969954702984800e-01, 1.158621370389230e-01, 1.196816071950081e+00, 1.122820185939436e+02, 1.431603583960584e+02, 2.629014605950618e+05, 9.962888380527865e+04
490, -4.917273930711580e-01, 1.107637843038820e-01, 1.196447209491741e+00, 1.120326349498695e+02, 1.446955893096930e+02, 2.629595706026270e+05, 9.958590054414621e+04
491, -4.864478164404530e-01, 1.054146111949960e-01, 1.196059866786794e+00, 1.120353182161699e+02, 1.464080690849593e+02, 2.630599125431473e+05, 9.954076534393632e+04
492, -4.811576132905020e-01, 9.981834984308600e-02, 1.195653000591134e+00, 1.123231114818004e+02, 1.482959759500323e+02, 2.632059069902688e+05, 9.949336250274228e+04
493, -4.754492037810090e-01, 9.436859630156000e-02, 1.195282108562782e+00, 1.129372950009011e+02, 1.504810568689586e+02, 2.634334192737355e+05, 9.945018341267845e+04
494, -4.701715283648140e-01, 8.750184455564400e-02, 1.194807416954046e+00, 1.139951045703905e+02, 1.527271215290172e+02, 2.636865353135701e+05, 9.939489667453601e+04
495, -4.643953843171530e-01, 8.146318016633700e-02, 1.194491111754319e+00, 1.153409490101092e+02, 1.552117903391993e+02, 2.640481275573145e+05, 9.935813547156230e+04
496, -5.588195532284170e-01, 1.690898824063860e-01, 1.199503403795677e+00, 1.259778843714180e+02, 1.371015109014441e+02, 2.643059325673206e+05, 9.994210570422500e+04
497, -5.648064980939530e-01, 1.782134237510430e-01, 1.199708864700470e+00, 1.284372575920119e+02, 1.379173691673622e+02, 2.647175074527223e+05, 9.996601149709737e+04
498, -5.258022047437880e-01, 1.564252780631860e-01, 1.198997790365707e+00, 1.198312168976000e+02, 1.391917635360770e+02, 2.637754216058974e+05, 9.988315784208820e+04
499, -5.319514212032310e-01, 1.621865333094960e-01, 1.199201024455910e+00, 1.215839376104367e+02, 1.388721299131478e+02, 2.639716310502586e+05, 9.990684900988203e+04
500, -5.199793885005380e-01, 1.509700953871650e-01, 1.198779023164656e+00, 1.182619628068142e+02, 1.396700359657327e+02, 2.636140182288126e+05, 9.985765319049817e+04
501, -5.143355604584890e-01, 1.456809711162970e-01, 1.198539767101823e+00, 1.168565335573860e+02, 1.403111576705744e+02, 2.634840941316913e+05, 9.982975544916299e+04
502, -5.087005355084590e-01, 1.406513910698440e-01, 1.198291351206675e+00, 1.156411483336792e+02, 1.411482070168520e+02, 2.633949833349435e+05, 9.980079866700838e+04
503, -5.033133805532900e-01, 1.355722858376560e-01, 1.198023167110197e+00, 1.145894866968555e+02, 1.421097360866170e+02, 2.633325573818497e+05, 9.976953662510170e+04
504, -4.981944607268090e-01, 1.304025357001110e-01, 1.197730583997634e+00, 1.137117190222285e+02, 1.431806435885689e+02, 2.632945599910791e+05, 9.973542471764809e+04
505, -4.931549188663630e-01, 1.251324824825110e-01, 1.197414831921656e+00, 1.130211706319563e+02, 1.444000023766030e+02, 2.632872564953795e+05, 9.969861243688531e+04
506, -4.880740407812720e-01, 1.197415036521160e-01, 1.197078920997135e+00, 1.125424397085974e+02, 1.457990503361334e+02, 2.633177800065344e+05, 9.965945497191028e+04
507, -4.829677990912770e-01, 1.141545602777050e-01, 1.196720947236647e+00, 1.123007516739962e+02, 1.473744536163244e+02, 2.633879737191587e+05, 9.961773022708515e+04
508, -4.777323905195720e-01, 1.084114804562200e-01, 1.196352820866914e+00, 1.123353080788486e+02, 1.491529611435080e+02, 2.635088002528881e+05, 9.957483367171515e+04
509, -4.725375025193320e-01, 1.025292328184100e-01, 1.195978075356566e+00, 1.126662915254341e+02, 1.510751805725496e+02, 2.636766040983097e+05, 9.953116763675345e+04
510, -4.673227046170740e-01, 9.631983621381500e-02, 1.195586807054706e+00, 1.133381668345535e+02, 1.531611771359705e+02, 2.638963838177401e+05, 9.948557145187107e+04
511, -4.611270403601000e-01, 9.000571907868400e-02, 1.195254512431868e+00, 1.144562592076198e+02, 1.556885038393778e+02, 2.642369884522181e+05, 9.944689669300434e+04
512, -5.388627397418670e-01, 1.677539185272420e-01, 1.199374476300263e+00, 1.234292572786748e+02, 1.386237118211754e+02, 2.641798972933813e+05, 9.992707844637262e+04
513, -4.565008956171430e-01, 8.161798953118700e-02, 1.194770880521380e+00, 1.160662905869836e+02, 1.579726489277390e+02, 2.645577855522175e+05, 9.939062708107656e+04
514, -5.469020091577490e-01, 1.732109227943040e-01, 1.199515671075326e+00, 1.254042492833115e+02, 1.384524232212688e+02, 2.644044388772444e+05, 9.994354406370595e+04
515, -5.551075447841460e-01, 1.801162804427170e-01, 1.199645802915967e+00, 1.276999318625920e+02, 1.386318134095645e+02, 2.647036509130928e+05, 9.995870346472826e+04
516, -4.522738567539370e-01, 7.388154234421500e-02, 1.194347279027412e+00, 1.179899488053011e+02, 1.601291489923518e+02, 2.649158377268138e+05, 9.934129845844723e+04
517, -4.455059416570260e-01, 6.635035039100599e-02, 1.194151317079299e+00, 1.205448272395572e+02, 1.630999988738060e+02, 2.655188813493421e+05, 9.931853195774657e+04
518, -5.149224249519040e-01, 1.609517899436850e-01, 1.199062215247908e+00, 1.200376542793160e+02, 1.411644016975351e+02, 2.640447192487611e+05, 9.989067416298171e+04
519, -5.211565893134170e-01, 1.666126509878310e-01, 1.199231700347022e+00, 1.216865487295205e+02, 1.406374632283352e+02, 2.641963904287998e+05, 9.991044443881720e+04
520, -5.091333663295891e-01, 1.555547965967100e-01, 1.198874567892547e+00, 1.185704009362229e+02, 1.418132658127941e+02, 2.639228035534297e+05, 9.986878491348635e+04
521, -5.034145771690220e-01, 1.504755867681620e-01, 1.198679042597005e+00, 1.172948405032910e+02, 1.426340434159503e+02, 2.638400494142996e+05, 9.984599787695956e+04
522, -4.980734986274610e-01, 1.453386391515000e-01, 1.198462871747419e+00, 1.161563178342001e+02, 1.435465250801489e+02, 2.637776714749924e+05, 9.982079718665025e+04
523, -4.930901436707150e-01, 1.400435704794160e-01, 1.198220247905375e+00, 1.151473779959068e+02, 1.445407240256847e+02, 2.637319443669993e+05, 9.979250025259094e+04
524, -4.881697349847660e-01, 1.345594534596630e-01, 1.197951200421772e+00, 1.142833987260674e+02, 1.456759504945873e+02, 2.637114759000242e+05, 9.976112219789875e+04
525, -4.832270857217670e-01, 1.289191612240260e-01, 1.197658539062031e+00, 1.136024824357497e+02, 1.469756841364705e+02, 2.637236707281725e+05, 9.972699516266362e+04
526, -4.782216693633680e-01, 1.231161341601740e-01, 1.197344769114051e+00, 1.131398684474838e+02, 1.484538014133034e+02, 2.637745374289550e+05, 9.969041159085764e+04
527, -4.731926004776510e-01, 1.171552136250390e-01, 1.197014756499010e+00, 1.129284381788857e+02, 1.500986042153715e+02, 2.638675243315104e+05, 9.965194069600879e+04
528, -4.681543721260140e-01, 1.109518109102130e-01, 1.196668403453567e+00, 1.129945871122803e+02, 1.519036473278414e+02, 2.640048793313368e+05, 9.961157132560911e+04
529, -4.631478745807400e-01, 1.044530166618680e-01, 1.196302378299572e+00, 1.133749545816241e+02, 1.538575912523570e+02, 2.641884903053616e+05, 9.956890676378008e+04
530, -4.576926857712800e-01, 9.772196761028100e-02, 1.195940591509717e+00, 1.141576660346743e+02, 1.560832563092937e+02, 2.644505958488093e+05, 9.952675787735595e+04
531, -5.277089801213600e-01, 1.732068327972770e-01, 1.199417284957456e+00, 1.236432930029090e+02, 1.403222964907305e+02, 2.644114197279298e+05, 9.993206718675249e+04
532, -4.510024638330000e-01, 9.070501493899100e-02, 1.195641989889580e+00, 1.154962370662498e+02, 1.587837432463526e+02, 2.648517014056663e+05, 9.949198467808342e+04
533, -5.360918598925190e-01, 1.782635584666120e-01, 1.199563849375867e+00, 1.254476374330020e+02, 1.398879891527450e+02, 2.645889414214590e+05, 9.994914388472270e+04
534, -4.457142382684050e-01, 8.387512304357900e-02, 1.195335331272630e+00, 1.170149023342258e+02, 1.610960763587151e+02, 2.652237192299753e+05, 9.945629746506803e+04
535, -5.440703477244260e-01, 1.835869462678800e-01, 1.199666445357971e+00, 1.273006974037221e+02, 1.397169135513608e+02, 2.647928521784055e+05, 9.996110473647936e+04
536, -4.402223447565170e-01, 7.606913021113999e-02, 1.195080889945441e+00, 1.190418987607085e+02, 1.635833484740688e+02, 2.656913244165116e+05, 9.942670296359851e+04
537, -4.335552765468440e-01, 6.884829724263100e-02, 1.194977368854593e+00, 1.214821042348090e+02, 1.662386678905908e+02, 2.662747249479321e+05, 9.941465998465171e+04
538, -4.264810464802700e-01, 6.240583310020300e-02, 1.195034824171672e+00, 1.240258917729775e+02, 1.687058374580496e+02, 2.668976196655184e+05, 9.942134012151559e+04
539, -4.188680160920550e-01, 5.682969772713200e-02, 1.195263947038145e+00, 1.265540752653220e+02, 1.709207855415522e+02, 2.675404933235644e+05, 9.944801977191112e+04
540, -4.116695712092560e-01, 5.051479104272400e-02, 1.195517970902856e+00, 1.292727747300288e+02, 1.728174695442453e+02, 2.681739364676925e+05, 9.947758329966848e+04
541, -4.044513500608560e-01, 4.465461316422800e-02, 1.195890918041104e+00, 1.318399737015069e+02, 1.742643399284622e+02, 2.687666887605379e+05, 9.952102428536785e+04
542, -3.967650160816410e-01, 4.168689814609700e-02, 1.196344281363652e+00, 1.335747704760458e+02, 1.750414644200312e+02, 2.691969642597145e+05, 9.957380550223753e+04
543, -3.883580534009600e-01, 3.836766432522800e-02, 1.196858311921807e+00, 1.353776549759620e+02, 1.754523810686783e+02, 2.696007278914035e+05, 9.963369777783440e+04
544, -3.818555773894120e-01, 3.350129894089600e-02, 1.197168727563520e+00, 1.372844088174678e+02, 1.756640151390490e+02, 2.699340863035750e+05, 9.966990022320901e+04
545, -3.786265349985320e-01, 2.344093510790800e-02, 1.197248008182843e+00, 1.401967185840968e+02, 1.761039029419483e+02, 2.703579085089834e+05, 9.967913520110956e+04
546, -3.705974446546450e-01, 1.913333035583900e-02, 1.197675213753287e+00, 1.417103759916936e+02, 1.755256354659935e+02, 2.705681773077599e+05, 9.972896039867305e+04
547, -3.648144239509020e-01, 1.394872400594000e-02, 1.197979146908611e+00, 1.431674504703939e+02, 1.749305802533075e+02, 2.707375259850165e+05, 9.976437329338440e+04
548, -3.592803582829500e-01, 9.221241293433999e-03, 1.198241086389449e+00, 1.443460751148577e+02, 1.741369356483089e+02, 2.708350488464744e+05, 9.979492630615826e+04
549, -3.539473562922080e-01, 4.582374409575000e-03, 1.198478377267397e+00, 1.453536818683483e+02, 1.732019452395343e+02, 2.708863053080371e+05, 9.982260237610758e+04
550, -3.488381074066090e-01, -4.993155709600000e-05, 1.198686824927832e+00, 1.462193881544223e+02, 1.721622542265306e+02, 2.708988841911152e+05, 9.984691297804080e+04
551, -3.438754418625070e-01, -4.824946780743000e-03, 1.198873274738964e+00, 1.469773880726890e+02, 1.710272961569529e+02, 2.708801682090522e+05, 9.986865378080499e+04
552, -3.388285019154040e-01, -9.956105264805001e-03, 1.199047851162113e+00, 1.476555171866124e+02, 1.697586536441196e+02, 2.708310019745906e+05, 9.988900927820485e+04
553, -3.337194633861800e-01, -1.549397894033000e-02, 1.199207612504342e+00, 1.482480021243296e+02, 1.683674119054111e+02, 2.707517192728368e+05, 9.990763633073555e+04
554, -3.283947931944180e-01, -2.153549720945800e-02, 1.199355361874499e+00, 1.487443736944518e+02, 1.668249802717656e+02, 2.706381341954755e+05, 9.992486815002558e+04
555, -3.230031803937430e-01, -2.827509176407300e-02, 1.199486166233812e+00, 1.491549006368331e+02, 1.651646240513194e+02, 2.704952059938598e+05, 9.994012347876748e+04
556, -3.177789159138300e-01, -3.596266282557800e-02, 1.199597950081524e+00, 1.494955820470298e+02, 1.634324690347452e+02, 2.703310383222075e+05, 9.995315810640455e+04
557, -3.125031656085720e-01, -4.464443944001300e-02, 1.199697946766831e+00, 1.497272940508330e+02, 1.615888104184581e+02, 2.701376039880083e+05, 9.996480415385024e+04
558, -3.447924584162980e-01, 8.973842621589000e-03, 1.198826677514678e+00, 1.445284688591486e+02, 1.714170057361259e+02, 2.706253105321953e+05, 9.986321239164137e+04
559, -3.529965783232510e-01, -8.905356142696001e-03, 1.198555180640825e+00, 1.480464390192046e+02, 1.726647118027666e+02, 2.711594411862932e+05, 9.983157469628275e+04
560, -3.480739221254830e-01, -1.393788540497100e-02, 1.198766783871023e+00, 1.487519009580349e+02, 1.714733135859961e+02, 2.711336220534266e+05, 9.985624275858825e+04
561, -3.579089923739700e-01, -4.070098419456000e-03, 1.198326953051772e+00, 1.472293855858899e+02, 1.737193285154434e+02, 2.711487804541355e+05, 9.980496311258807e+04
562, -3.629233221266530e-01, 6.698574864270000e-04, 1.198077027494226e+00, 1.462856050061619e+02, 1.746435742709800e+02, 2.710991972861707e+05, 9.977581923347419e+04
563, -3.680431130117260e-01, 5.419572048017000e-03, 1.197806211822758e+00, 1.451892082618015e+02, 1.754172476699949e+02, 2.710047987804089e+05, 9.974423908539387e+04
564, -3.732638968150380e-01, 1.036372363485900e-02, 1.197519171298737e+00, 1.438851726351549e+02, 1.760112087205643e+02, 2.708560596983482e+05, 9.971076440561726e+04
565, -3.501968322044910e-01, 1.356888275264400e-02, 1.198631251420449e+00, 1.435885598410287e+02, 1.724585365023004e+02, 2.706081900858259e+05, 9.984042131649167e+04
566, -3.395011481892460e-01, 4.230860172549000e-03, 1.198999866472447e+00, 1.453597881831124e+02, 1.702744602268031e+02, 2.706104740414082e+05, 9.988341140002621e+04
567, -3.557154006803350e-01, 1.806762176283200e-02, 1.198415236591197e+00, 1.425298727512105e+02, 1.733785408134908e+02, 2.705553509957531e+05, 9.981522408031797e+04
568, -3.613937158394420e-01, 2.272151260171400e-02, 1.198170815998525e+00, 1.412941501296552e+02, 1.741452168888925e+02, 2.704532363934817e+05, 9.978673298826782e+04
569, -3.343635930971130e-01, -7.587270486520000e-04, 1.199151134574415e+00, 1.460992241148491e+02, 1.690587850425321e+02, 2.705697986874725e+05, 9.990105313637074e+04
570, -3.430603384065530e-01, -1.922501053263900e-02, 1.198963093145269e+00, 1.493440623789915e+02, 1.701401352279993e+02, 2.710710024046247e+05, 9.987912786474171e+04
571, -3.785644053734820e-01, 1.554659694667900e-02, 1.197198645939239e+00, 1.423551897069633e+02, 1.763876365293132e+02, 2.706409795355028e+05, 9.967342214059355e+04
572, -3.292559380689140e-01, -6.112277255982000e-03, 1.199286869293377e+00, 1.467598733636372e+02, 1.677546348768353e+02, 2.705045445039217e+05, 9.991688127397325e+04
573, -3.679016310509280e-01, 2.707631764539400e-02, 1.197884211121515e+00, 1.399315975551157e+02, 1.748351903860799e+02, 2.703152225215522e+05, 9.975329382089357e+04
574, -3.733125241794300e-01, 3.312172818639300e-02, 1.197660087038697e+00, 1.381091045276436e+02, 1.750457315706519e+02, 2.700729876189820e+05, 9.972715118179831e+04
575, -3.378653585782120e-01, -2.486549762950500e-02, 1.199144323235757e+00, 1.498216299508160e+02, 1.686532273086231e+02, 2.709701164013495e+05, 9.990025557547950e+04
576, -3.241345417896760e-01, -1.190380088713100e-02, 1.199408577728276e+00, 1.473407767776147e+02, 1.663598694196374e+02, 2.704148780403719e+05, 9.993107419896306e+04
577, -3.325308762338040e-01, -3.100088081132300e-02, 1.199308505886390e+00, 1.501913841537846e+02, 1.670249442881713e+02, 2.708334387240911e+05, 9.991939632733472e+04
578, -3.189998507189310e-01, -1.829947961093900e-02, 1.199516956781993e+00, 1.478493973432763e+02, 1.648771252320747e+02, 2.703024707475451e+05, 9.994371153068688e+04
579, -3.271502024247210e-01, -3.787668087852500e-02, 1.199454035388175e+00, 1.504691915883903e+02, 1.652706199378681e+02, 2.706651121228946e+05, 9.993636251735524e+04
580, -3.138438779390940e-01, -2.543384425293700e-02, 1.199610918725825e+00, 1.482810047497610e+02, 1.633059671132132e+02, 2.701666280253013e+05, 9.995467181665835e+04
581, -3.216293609102800e-01, -4.578075389196100e-02, 1.199583438384237e+00, 1.506450754611801e+02, 1.633623579097396e+02, 2.704612612101828e+05, 9.995144671377778e+04
582, -3.091537922998400e-01, -3.329243313218000e-02, 1.199689541624200e+00, 1.486441547568614e+02, 1.617627168107855e+02, 2.700240561446084e+05, 9.996383067273727e+04
583, -3.147262814023690e-01, -5.485823801905800e-02, 1.199686982523160e+00, 1.505686499412114e+02, 1.610736883482431e+02, 2.701705942781639e+05, 9.996351504086056e+04
584, -3.046661396236090e-01, -4.138402330027100e-02, 1.199757388031265e+00, 1.488863943496911e+02, 1.602331887681042e+02, 2.698674878378145e+05, 9.997174385807343e+04
585, -3.521920621364140e-01, -2.305752844815900e-02, 1.198681647803329e+00, 1.506286669468409e+02, 1.716193033548381e+02, 2.713656084657452e+05, 9.984632198752856e+04
586, -3.471779276668530e-01, -2.845790317030400e-02, 1.198896179608137e+00, 1.510991840846276e+02, 1.702256546562344e+02, 2.712847545951349e+05, 9.987132914237358e+04
587, -3.570747055730070e-01, -1.768708957685400e-02, 1.198446799884299e+00, 1.499855872332537e+02, 1.728735653659062e+02, 2.714010538824289e+05, 9.981894951014388e+04
588, -3.619547534908770e-01, -1.240663785520200e-02, 1.198187868431805e+00, 1.491875492322553e+02, 1.739862270181432e+02, 2.713917488253712e+05, 9.978877032273886e+04
589, -3.668685808902310e-01, -7.361165609569000e-03, 1.197910372584585e+00, 1.482703522296344e+02, 1.749378466555799e+02, 2.713406745190202e+05, 9.975642304339152e+04
590, -3.717364780429060e-01, -2.328693802164000e-03, 1.197619359485146e+00, 1.471849715504924e+02, 1.757111522323952e+02, 2.712405372038490e+05, 9.972250486206541e+04
591, -3.765595683297860e-01, 2.701738994768000e-03, 1.197316379704948e+00, 1.459308410274241e+02, 1.762916476911108e+02, 2.710896139276159e+05, 9.968718794029973e+04
592, -3.815672018477990e-01, 7.952124599453001e-03, 1.196988921114841e+00, 1.444434551777660e+02, 1.766836403280817e+02, 2.708775460368490e+05, 9.964901297683336e+04
593, -3.864469724369220e-01, 1.429488706137200e-02, 1.196642694915127e+00, 1.424624357259070e+02, 1.768228709919474e+02, 2.705660251182931e+05, 9.960865413439616e+04
594, -3.903413876092910e-01, 2.065918006801500e-02, 1.196384552259843e+00, 1.403588640738487e+02, 1.766826801873913e+02, 2.702259827618964e+05, 9.957851787097631e+04
595, -3.961487469361440e-01, 2.551320993020600e-02, 1.196046631225933e+00, 1.384680917256088e+02, 1.763584996529678e+02, 2.698653671972899e+05, 9.953916147995277e+04
596, -3.420558783763960e-01, -3.411172413668000e-02, 1.199090699036354e+00, 1.514347798747098e+02, 1.686978061976381e+02, 2.711643450901478e+05, 9.989400240123209e+04
597, -4.012354560836250e-01, 3.100675921741000e-02, 1.195783640759411e+00, 1.363219859496113e+02, 1.757447174616732e+02, 2.694564807383536e+05, 9.950853871529536e+04
598, -3.368090868896420e-01, -4.019644461485500e-02, 1.199266144876119e+00, 1.516499330947217e+02, 1.670342421252437e+02, 2.710066650463087e+05, 9.991445171055666e+04
599, -4.120621507806010e-01, 3.104417775322200e-02, 1.194910813447067e+00, 1.354349445372424e+02, 1.746019527448804e+02, 2.689492544596507e+05, 9.940696360882084e+04
600, -3.314283518375540e-01, -4.693449505871700e-02, 1.199422385058691e+00, 1.517519366484483e+02, 1.652294005970144e+02, 2.708123343191816e+05, 9.993265995903847e+04
601, -4.185414181382080e-01, 3.763470225423200e-02, 1.194588472462976e+00, 1.325418686111031e+02, 1.730142909833695e+02, 2.683054464364173e+05, 9.936943285260900e+04
602, -3.254007657216900e-01, -5.456456901934700e-02, 1.199565187345969e+00, 1.516810226640786e+02, 1.631849162796983e+02, 2.705626105024927e+05, 9.994930394757185e+04
603, -4.247906557271670e-01, 4.479988812889500e-02, 1.194344861151978e+00, 1.294469958291198e+02, 1.710681642793842e+02, 2.676187869663530e+05, 9.934105695245897e+04
604, -3.195179997640210e-01, -6.432124812523100e-02, 1.199688117722350e+00, 1.515647848205851e+02, 1.609610068801217e+02, 2.702812259197452e+05, 9.996365084677754e+04
605, -3.563166273078850e-01, -3.210793851341600e-02, 1.198616397051169e+00, 1.525479576882568e+02, 1.714844830047498e+02, 2.715712277350521e+05, 9.983872191751660e+04
606, -3.512878600203330e-01, -3.763866247729500e-02, 1.198850771342702e+00, 1.528740092756989e+02, 1.700388795368881e+02, 2.714708551456596e+05, 9.986604158251244e+04
607, -3.612453922425660e-01, -2.651482781498400e-02, 1.198356093826337e+00, 1.520209293781890e+02, 1.728061200279503e+02, 2.716230388103736e+05, 9.980838459567595e+04
608, -3.661726831901080e-01, -2.097824024318200e-02, 1.198067793449064e+00, 1.513129971380789e+02, 1.739824330909954e+02, 2.716249771268457e+05, 9.977478188211803e+04
609, -3.709645933387680e-01, -1.549195327135800e-02, 1.197761466025004e+00, 1.504106214164342e+02, 1.749746467106641e+02, 2.715722944973733e+05, 9.973908730488861e+04
610, -3.757119840575400e-01, -1.006972255952200e-02, 1.197438431060289e+00, 1.493256769979059e+02, 1.757773223560303e+02, 2.714659654900383e+05, 9.970144923630277e+04
611, -3.804020588708180e-01, -4.741932313016000e-03, 1.197105076227809e+00, 1.480714665638291e+02, 1.763754885910446e+02, 2.713072399677353e+05, 9.966260907674095e+04
612, -3.849840308567420e-01, 5.473360318970000e-04, 1.196767384319141e+00, 1.466415982427921e+02, 1.767608827754475e+02, 2.710959025317000e+05, 9.962325313024633e+04
613, -3.895445735762680e-01, 6.178790464398000e-03, 1.196412161770128e+00, 1.449270373336498e+02, 1.769316573785544e+02, 2.708152692655711e+05, 9.958185397754032e+04
614, -3.961038242255610e-01, 1.057776015101500e-02, 1.195888078798161e+00, 1.434207633388073e+02, 1.768516467068517e+02, 2.704787053034976e+05, 9.952076765927055e+04
615, -4.027699975308300e-01, 1.438450420669400e-02, 1.195378177790956e+00, 1.419266961409454e+02, 1.764075915754239e+02, 2.700954688494178e+05, 9.946134944863530e+04
616, -3.461939469842640e-01, -4.329042664344400e-02, 1.199057621778887e+00, 1.530420793525478e+02, 1.684805044038217e+02, 2.713288286046882e+05, 9.989015216606406e+04
617, -3.410109125068020e-01, -4.922254781146400e-02, 1.199240490949599e+00, 1.530735042515660e+02, 1.668111380664219e+02, 2.711494594030838e+05, 9.991146440849357e+04
618, -3.356015049758640e-01, -5.571177753500500e-02, 1.199402289604593e+00, 1.529730529870990e+02, 1.649943350558352e+02, 2.709295925522848e+05, 9.993031811112423e+04
619, -3.296144167691310e-01, -6.250560466415300e-02, 1.199551706480791e+00, 1.526795724220711e+02, 1.630311924835304e+02, 2.706647145622540e+05, 9.994774142344766e+04
620, -3.554887088997150e-01, -4.661586351030200e-02, 1.198820575719200e+00, 1.546103307186252e+02, 1.696215238849782e+02, 2.716261734278948e+05, 9.986252949143347e+04
621, -3.501905632252270e-01, -5.241553178097800e-02, 1.199047621346097e+00, 1.545837753778106e+02, 1.679947096553327e+02, 2.714557145660757e+05, 9.988899205654197e+04
622, -3.607108432577380e-01, -4.103605349459300e-02, 1.198562128159190e+00, 1.544827692853115e+02, 1.711201097566842e+02, 2.717521592465203e+05, 9.983240094301876e+04
623, -3.656913920201440e-01, -3.534314860332300e-02, 1.198278396288914e+00, 1.541196219265801e+02, 1.724840520011128e+02, 2.718235406464022e+05, 9.979933686745841e+04
624, -3.706279807229890e-01, -2.967168284262300e-02, 1.197962858447318e+00, 1.535509059983333e+02, 1.736978913978958e+02, 2.718398460805545e+05, 9.976256537144957e+04
625, -3.754094463454840e-01, -2.399613703364800e-02, 1.197624706822948e+00, 1.527534705868577e+02, 1.747286637082614e+02, 2.717956436122942e+05, 9.972316434258943e+04
626, -3.800847204295020e-01, -1.836930012420300e-02, 1.197268280989323e+00, 1.517435173672733e+02, 1.755623423799309e+02, 2.716920478811700e+05, 9.968163703999703e+04
627, -3.846710764390690e-01, -1.279785223268400e-02, 1.196898586830725e+00, 1.505287438563557e+02, 1.761871109827701e+02, 2.715297349624916e+05, 9.963856886049762e+04
628, -3.891914128794480e-01, -7.312245940378000e-03, 1.196521459328575e+00, 1.491288940148254e+02, 1.765935967291819e+02, 2.713116102352316e+05, 9.959463702747252e+04
629, -3.936076551490420e-01, -1.981388364792000e-03, 1.196150377030797e+00, 1.475784781164414e+02, 1.767767722377147e+02, 2.710451849810641e+05, 9.955139043419532e+04
630, -3.977844824268180e-01, 3.112691257779000e-03, 1.195784595643924e+00, 1.459389781939918e+02, 1.767577612466253e+02, 2.707413936742682e+05, 9.950877215977322e+04
631, -3.444931155890390e-01, -5.861414543383800e-02, 1.199258913766144e+00, 1.543814284677853e+02, 1.661867672353406e+02, 2.712354941757289e+05, 9.991362070408683e+04
632, -3.378841578646650e-01, -6.594548923396600e-02, 1.199450787263456e+00, 1.539759843796803e+02, 1.640364511394627e+02, 2.709398560203332e+05, 9.993598612053892e+04
633, -3.597566505262110e-01, -5.544293984411300e-02, 1.198803832570757e+00, 1.562742933774573e+02, 1.689815926543070e+02, 2.717469922909957e+05, 9.986058135730961e+04
634, -3.539005304324460e-01, -6.163528822761300e-02, 1.199057339440004e+00, 1.560051114545027e+02, 1.672207641120525e+02, 2.715342565088203e+05, 9.989011999744916e+04
635, -3.653815368169060e-01, -4.980860261058800e-02, 1.198518753163552e+00, 1.563946560301940e+02, 1.705333103083948e+02, 2.719046606910413e+05, 9.982735270232256e+04
636, -3.705127818853260e-01, -4.417812880081600e-02, 1.198215222390596e+00, 1.562574019172304e+02, 1.719064006578866e+02, 2.720002041312989e+05, 9.979198607292926e+04
637, -3.753997383993190e-01, -3.852452287850200e-02, 1.197880834858289e+00, 1.558757591011902e+02, 1.731160272690052e+02, 2.720335703954015e+05, 9.975302588881546e+04
638, -3.802020140623080e-01, -3.288692302346400e-02, 1.197513772097812e+00, 1.552679839794167e+02, 1.741510945049717e+02, 2.720047028859580e+05, 9.971025284334515e+04
639, -3.847708099754860e-01, -2.720244724736600e-02, 1.197130128053900e+00, 1.544002816699963e+02, 1.749955578454142e+02, 2.719111668945344e+05, 9.966555746314270e+04
640, -3.892089960501280e-01, -2.153841693439800e-02, 1.196730637001450e+00, 1.532996015552483e+02, 1.756380411055216e+02, 2.717550425401094e+05, 9.961902245737483e+04
641, -3.935317242601480e-01, -1.591190853157900e-02, 1.196323450310703e+00, 1.519782732192801e+02, 1.760709826433236e+02, 2.715392524523508e+05, 9.957159398033781e+04
642, -3.978323210979720e-01, -1.035717111762500e-02, 1.195910455396508e+00, 1.504635070734547e+02, 1.762852480975542e+02, 2.712668226125234e+05, 9.952348863344354e+04
643, -4.022589498434620e-01, -4.755692983735000e-03, 1.195488220098116e+00, 1.487350353833407e+02, 1.762751185804721e+02, 2.709339635822115e+05, 9.947428767540817e+04
644, -4.056911286465050e-01, 2.586812916113000e-03, 1.195157605621655e+00, 1.461681031181261e+02, 1.761680090918819e+02, 2.705111934744166e+05, 9.943571224112452e+04
645, -4.102655212079390e-01, 7.439684584231000e-03, 1.194768110151033e+00, 1.443446432560395e+02, 1.756236035427103e+02, 2.701033313402972e+05, 9.939044443173056e+04
646, -4.142252466476750e-01, 1.357934303157000e-02, 1.194391749893199e+00, 1.418893580152688e+02, 1.749677878853139e+02, 2.696101976273913e+05, 9.934664649250105e+04
647, -4.226491686947500e-01, 1.896712341319100e-02, 1.193705349579036e+00, 1.394352246163408e+02, 1.731822671344074e+02, 2.688730760180031e+05, 9.926673765787145e+04
648, -4.269918903993960e-01, 2.660579201480200e-02, 1.193535038122892e+00, 1.360620084269190e+02, 1.718356745307703e+02, 2.682426791704868e+05, 9.924697382537539e+04
649, -3.469691901228490e-01, -6.819964487067000e-02, 1.199296808629355e+00, 1.554344641051084e+02, 1.651746406951231e+02, 2.712420571705226e+05, 9.991804000307366e+04
650, -4.319742475494210e-01, 3.402747398071200e-02, 1.193365881682257e+00, 1.327213754233920e+02, 1.700731060711051e+02, 2.675675347364891e+05, 9.922725598005825e+04
651, -3.388985812276330e-01, -7.675413919120400e-02, 1.199496339929219e+00, 1.546298371041495e+02, 1.626322088899139e+02, 2.708452066139340e+05, 9.994128805523078e+04
652, -3.281575940879560e-01, -7.230909331639900e-02, 1.199637784059838e+00, 1.529607471634126e+02, 1.615089436105856e+02, 2.705182477825092e+05, 9.995778751933938e+04
653, -3.701415174348970e-01, -5.855280967608800e-02, 1.198496197499448e+00, 1.582347832717295e+02, 1.696956876792212e+02, 2.720211649170750e+05, 9.982472898605415e+04
654, -3.641137113393340e-01, -6.433590597352599e-02, 1.198803686272486e+00, 1.578525476957804e+02, 1.681132337287094e+02, 2.718316307864122e+05, 9.986055978136178e+04
655, -3.756985803342270e-01, -5.291200078597700e-02, 1.198165406606519e+00, 1.583724095437307e+02, 1.710792195244500e+02, 2.721459602826663e+05, 9.978619438732341e+04
656, -3.807811073312520e-01, -4.735886592968800e-02, 1.197808531523283e+00, 1.582442591330699e+02, 1.722623567717865e+02, 2.722014244004846e+05, 9.974462462886948e+04
657, -3.857009438143250e-01, -4.187225996916000e-02, 1.197414159362148e+00, 1.578823218100138e+02, 1.732566998877670e+02, 2.721897375166503e+05, 9.969866736716247e+04
658, -3.902038898661040e-01, -3.620022604604400e-02, 1.197004471933747e+00, 1.571972280542466e+02, 1.740779444984871e+02, 2.721072567075189e+05, 9.965094048759778e+04
659, -3.944636496226100e-01, -3.052191345102500e-02, 1.196578967808579e+00, 1.562501415809728e+02, 1.747093271091519e+02, 2.719595142887669e+05, 9.960138529847076e+04
660, -3.985744255900510e-01, -2.483435593677600e-02, 1.196145075122131e+00, 1.550535931204094e+02, 1.751512108019953e+02, 2.717504316948379e+05, 9.955085383308389e+04
661, -4.026107054148970e-01, -1.912793384363200e-02, 1.195706006688929e+00, 1.536151570869879e+02, 1.753947066212017e+02, 2.714810293452662e+05, 9.949972184719758e+04
662, -4.067252504027240e-01, -1.331685609142900e-02, 1.195255925592422e+00, 1.519236348435309e+02, 1.754238941011466e+02, 2.711466387041361e+05, 9.944730782086148e+04
663, -4.109199272959120e-01, -7.055990178267000e-03, 1.194803930158745e+00, 1.498495181678099e+02, 1.752288671912045e+02, 2.707329688254429e+05, 9.939465068234898e+04
664, -4.156375091191470e-01, -1.275106203126000e-03, 1.194368003333181e+00, 1.477391110171729e+02, 1.746688371247234e+02, 2.702693476378722e+05, 9.934393301871940e+04
665, -4.202648937878380e-01, 4.364617702520000e-03, 1.193910229880256e+00, 1.455054575709761e+02, 1.738691276286152e+02, 2.697535502665336e+05, 9.929067024639482e+04
666, -4.244600263047240e-01, 1.022002711502300e-02, 1.193500457132873e+00, 1.430267389681875e+02, 1.729170690665306e+02, 2.692039718653208e+05, 9.924305643833092e+04
667, -3.574780504161480e-01, -7.039860946469900e-02, 1.199081744663078e+00, 1.572270010391595e+02, 1.663102218132492e+02, 2.715738837144813e+05, 9.989296484728264e+04
668, -3.499319915365440e-01, -7.669677133891900e-02, 1.199331152270969e+00, 1.563298009206753e+02, 1.642745915319607e+02, 2.712442116490920e+05, 9.992204681657477e+04
669, -5.526657757517180e-01, 1.891433552931750e-01, 1.199739718647505e+00, 1.292365728369276e+02, 1.397000420562673e+02, 2.650183252168116e+05, 9.996965492331717e+04
670, -3.864021281428910e-01, -5.645780918131700e-02, 1.197779785362632e+00, 1.605958854580058e+02, 1.710577657811416e+02, 2.723339801252360e+05, 9.974128502791337e+04
671, -3.806800319386470e-01, -6.206259693414400e-02, 1.198169768639298e+00, 1.603907077797952e+02, 1.698913163059300e+02, 2.722465934986868e+05, 9.978670018873061e+04
672, -3.918660117547130e-01, -5.103087725949800e-02, 1.197347463285054e+00, 1.605601095791905e+02, 1.719902531033714e+02, 2.723451405822485e+05, 9.969091659329024e+04
673, -3.964806517121630e-01, -4.527695188938300e-02, 1.196900398282048e+00, 1.600868963823170e+02, 1.727632258697112e+02, 2.722715170859660e+05, 9.963883857533043e+04
674, -4.007246067681920e-01, -3.965108205857700e-02, 1.196438622775872e+00, 1.593463234014106e+02, 1.733384138719547e+02, 2.721303679087813e+05, 9.958506810908162e+04
675, -4.046625088253200e-01, -3.387849784682300e-02, 1.195974571607112e+00, 1.582902533387654e+02, 1.737655932765183e+02, 2.719260262830080e+05, 9.953103586085631e+04
676, -4.085128439463340e-01, -2.798971322651900e-02, 1.195499912407277e+00, 1.569418862371857e+02, 1.740161784641854e+02, 2.716557182567095e+05, 9.947577286582490e+04
677, -4.123328079122300e-01, -2.194138793975900e-02, 1.195018539883224e+00, 1.552898492040572e+02, 1.740766904733584e+02, 2.713178847742721e+05, 9.941974182934161e+04
678, -4.163055551445060e-01, -1.568810262702100e-02, 1.194527341443681e+00, 1.533237579558442e+02, 1.739022563989362e+02, 2.709049358199848e+05, 9.936257051872113e+04
679, -4.204229532189690e-01, -9.278612107262999e-03, 1.194046584856383e+00, 1.510468362931059e+02, 1.734536907962370e+02, 2.704187915964185e+05, 9.930666811290357e+04
680, -4.270120227898800e-01, -3.962672002622000e-03, 1.193375290348124e+00, 1.490588588633707e+02, 1.721192100459215e+02, 2.697927949808245e+05, 9.922855768916500e+04
681, -4.324179715069770e-01, 9.027950884510000e-04, 1.192841648306391e+00, 1.470222473933705e+02, 1.707389322687228e+02, 2.691962848727861e+05, 9.916651668729165e+04
682, -4.350650062239340e-01, 8.836546615412000e-03, 1.192557253997606e+00, 1.434642842310041e+02, 1.699820670912434e+02, 2.685770140699361e+05, 9.913335847117305e+04
683, -3.748004124737820e-01, -6.785469435092800e-02, 1.198516701029735e+00, 1.599782445265954e+02, 1.685145548978498e+02, 2.720915398168194e+05, 9.982711378331251e+04
684, -4.374780015732810e-01, 1.678952048790800e-02, 1.192419499099620e+00, 1.398080145877996e+02, 1.690931843795798e+02, 2.679786678643299e+05, 9.911733115869752e+04
685, -3.679475605569380e-01, -7.369330107924200e-02, 1.198854015286354e+00, 1.592196345354732e+02, 1.669048294757553e+02, 2.718572940938545e+05, 9.986642167631643e+04
686, -4.412836149161280e-01, 2.469108607992600e-02, 1.192292924047174e+00, 1.360869562611499e+02, 1.675639666310633e+02, 2.672974780004736e+05, 9.910256595136919e+04
687, -3.597101993491780e-01, -8.010318361541800e-02, 1.199180800111771e+00, 1.580979836450817e+02, 1.649274768457307e+02, 2.715244805693172e+05, 9.990450857967738e+04
688, -4.459009185925220e-01, 3.359574492336600e-02, 1.192234009188823e+00, 1.319324162792500e+02, 1.655236306748057e+02, 2.665289904498462e+05, 9.909558264035911e+04
689, -4.377396829723350e-01, 4.183020503150100e-02, 1.193171201632545e+00, 1.292288696296681e+02, 1.678150373327232e+02, 2.668108822765300e+05, 9.920456238275426e+04
690, -3.981232686977860e-01, -6.069283163261700e-02, 1.197366113981877e+00, 1.631701243793916e+02, 1.702700429709222e+02, 2.724572270983804e+05, 9.969310447011008e+04
691, -3.911255198553300e-01, -6.633239827322400e-02, 1.197861416572617e+00, 1.627010089195980e+02, 1.694205012321693e+02, 2.724075239504194e+05, 9.975077120636922e+04
692, -4.035733453975360e-01, -5.416239143704400e-02, 1.196811187926189e+00, 1.629570811724798e+02, 1.710408927309989e+02, 2.723872935204220e+05, 9.962846761333059e+04
693, -4.083022456569920e-01, -4.858261237474700e-02, 1.196283927686407e+00, 1.625046548568019e+02, 1.714748429245463e+02, 2.722446964272387e+05, 9.956708622061045e+04
694, -4.122167791113940e-01, -4.268230113029300e-02, 1.195783891203221e+00, 1.616008325340816e+02, 1.718350609913713e+02, 2.720381520278477e+05, 9.950887732981812e+04
695, -4.159571904523660e-01, -3.660269190563900e-02, 1.195268625768415e+00, 1.603548585424271e+02, 1.720423363598765e+02, 2.717602439606940e+05, 9.944889838204511e+04
696, -4.196125785529510e-01, -3.035405581000200e-02, 1.194744911546512e+00, 1.587699830328405e+02, 1.720755800662928e+02, 2.714111394387759e+05, 9.938795086009007e+04
697, -4.231840956544900e-01, -2.391491039571100e-02, 1.194223567497751e+00, 1.568301957390895e+02, 1.719251405737973e+02, 2.709915788343666e+05, 9.932731390667123e+04
698, -4.269853034208150e-01, -1.734494748326900e-02, 1.193696644712390e+00, 1.545726806333806e+02, 1.714988163774654e+02, 2.704925986148270e+05, 9.926603375814919e+04
699, -4.306747857801020e-01, -1.085545053973500e-02, 1.193190642427494e+00, 1.520855551994472e+02, 1.708630751883188e+02, 2.699442011719418e+05, 9.920721165975519e+04
700, -3.853143198631850e-01, -7.222907864157900e-02, 1.198252276572634e+00, 1.622386449038926e+02, 1.682673560677129e+02, 2.722886639269885e+05, 9.979630392404376e+04
701, -3.788842643305410e-01, -7.800745147060700e-02, 1.198607452227033e+00, 1.614551486152303e+02, 1.669320255313923e+02, 2.720928431687162e+05, 9.983768276515226e+04
702, -3.709582697870340e-01, -8.354493967074200e-02, 1.198945465308441e+00, 1.602288423888172e+02, 1.653764113136442e+02, 2.718048831425426e+05, 9.987707400496537e+04
703, -3.245657027330710e-01, 3.211692061377000e-03, 1.199379566748366e+00, 1.454205983471894e+02, 1.668497273925013e+02, 2.702406142786132e+05, 9.992769201706936e+04
704, -3.193743122717990e-01, -2.425421966188000e-03, 1.199480840426434e+00, 1.460564407899386e+02, 1.655389733378481e+02, 2.701640617321478e+05, 9.993950313302701e+04
705, -3.298542772413900e-01, 8.582266130599999e-03, 1.199261227129750e+00, 1.446896169447757e+02, 1.681071697328539e+02, 2.702953107562398e+05, 9.991388911931442e+04
706, -3.353127340496720e-01, 1.367510249855700e-02, 1.199123256981291e+00, 1.438653152515270e+02, 1.693129171671694e+02, 2.703278985541109e+05, 9.989779515909993e+04
707, -3.409525030415190e-01, 1.845702111419000e-02, 1.198963749553064e+00, 1.429529543170658e+02, 1.704543678613296e+02, 2.703367284940464e+05, 9.987918931268380e+04
708, -3.466085384613080e-01, 2.302239778208300e-02, 1.198788471304991e+00, 1.419452667970833e+02, 1.714777560709598e+02, 2.703148514495863e+05, 9.985874736278866e+04
709, -3.522794659865580e-01, 2.751350756517400e-02, 1.198593988368604e+00, 1.408231608887821e+02, 1.723586500136275e+02, 2.702555239473694e+05, 9.983607987064600e+04
710, -3.584353381142840e-01, 3.161006898340000e-02, 1.198375086998885e+00, 1.396164333166056e+02, 1.731768309006104e+02, 2.701721944474240e+05, 9.981053466925924e+04
711, -3.644273937613510e-01, 3.672595068481000e-02, 1.198172054448572e+00, 1.380903631051896e+02, 1.736967365154557e+02, 2.700148746256909e+05, 9.978684567807896e+04
712, -3.693141900818850e-01, 4.525615175779700e-02, 1.198024969227513e+00, 1.358679648082644e+02, 1.735084000465654e+02, 2.696931701799401e+05, 9.976971272124346e+04
713, -3.763705964190150e-01, 4.888569353063100e-02, 1.197756261101688e+00, 1.342921028255881e+02, 1.737822092971277e+02, 2.694813757767448e+05, 9.973838658540990e+04
714, -3.142954388626770e-01, -8.462458484452000e-03, 1.199568317324801e+00, 1.466112954297290e+02, 1.641886062930934e+02, 2.700701732662222e+05, 9.994970149962518e+04
715, -3.837627146841420e-01, 5.273886735723500e-02, 1.197425100987143e+00, 1.325141871256905e+02, 1.737355026074726e+02, 2.691855431580620e+05, 9.969976698378866e+04
716, -3.915140880994810e-01, 5.605086554138600e-02, 1.197076010948182e+00, 1.307135847218730e+02, 1.734270807487839e+02, 2.688468947137059e+05, 9.965905882935799e+04
717, -3.092887563727460e-01, -1.510998075984100e-02, 1.199644454543202e+00, 1.470998525267053e+02, 1.627913734397833e+02, 2.699604713708094e+05, 9.995857767712277e+04
718, -3.995039785336920e-01, 5.827265931658100e-02, 1.196610520427232e+00, 1.290472665072003e+02, 1.729033841407385e+02, 2.684623682128808e+05, 9.960484232273218e+04
719, -3.044791219239250e-01, -2.256368732439400e-02, 1.199710168380054e+00, 1.475316659703996e+02, 1.613716019457705e+02, 2.698397202062321e+05, 9.996623213749107e+04
720, -4.047875213835720e-01, 6.442956362056800e-02, 1.196489004746212e+00, 1.268912304421072e+02, 1.716631012440092e+02, 2.680197195388930e+05, 9.959066701184597e+04
721, -4.127488877821510e-01, 6.940157493422200e-02, 1.196236246598108e+00, 1.245737672300345e+02, 1.700756735485635e+02, 2.674797783957130e+05, 9.956121222318162e+04
722, -4.208323510656800e-01, 7.444787440349000e-02, 1.196026717636999e+00, 1.222982385116199e+02, 1.681207995772550e+02, 2.669107966768224e+05, 9.953681083061417e+04
723, -4.280563484227890e-01, 8.062658112354000e-02, 1.195957863922389e+00, 1.201098552910386e+02, 1.658488392656460e+02, 2.663528109727610e+05, 9.952880128162114e+04
724, -4.343365325377060e-01, 8.581084536981499e-02, 1.195951390574192e+00, 1.184052035197938e+02, 1.637394468799456e+02, 2.658903265305358e+05, 9.952802722826134e+04
725, -4.382172322712380e-01, 9.321533048578701e-02, 1.196262421317218e+00, 1.170343756420251e+02, 1.618064669151296e+02, 2.655785468922009e+05, 9.956425658462635e+04
726, -4.474284050986120e-01, 9.897280539566200e-02, 1.196316193872729e+00, 1.153338087198369e+02, 1.588090271480272e+02, 2.650266962698014e+05, 9.957054257482373e+04
727, -4.530670626553640e-01, 1.061216982405070e-01, 1.196648107569212e+00, 1.144487317826352e+02, 1.565113855983813e+02, 2.647311945515395e+05, 9.960920610677080e+04
728, -4.581423763938430e-01, 1.129622780138430e-01, 1.196980487934279e+00, 1.139928878568104e+02, 1.544810185809233e+02, 2.645164126683662e+05, 9.964794110391912e+04
729, -4.628386054325790e-01, 1.197117778528770e-01, 1.197319386281413e+00, 1.139136833275040e+02, 1.526724255084015e+02, 2.643713163914253e+05, 9.968745426865695e+04
730, -4.677321762630370e-01, 1.260883541849440e-01, 1.197621905808525e+00, 1.140933303073279e+02, 1.509773945238410e+02, 2.642578752892010e+05, 9.972272148388311e+04
731, -4.727120810504280e-01, 1.321888010099390e-01, 1.197903278167551e+00, 1.145109504887026e+02, 1.494193493045838e+02, 2.641808658269724e+05, 9.975552476859356e+04
732, -4.775466030980720e-01, 1.381724123840850e-01, 1.198171364324769e+00, 1.151653488952533e+02, 1.480455920361308e+02, 2.641479069429472e+05, 9.978678826465328e+04
733, -4.823284973714240e-01, 1.439701983239450e-01, 1.198415764112210e+00, 1.160033759584230e+02, 1.468365277176598e+02, 2.641482490751439e+05, 9.981529287471058e+04
734, -4.871333654309440e-01, 1.495753227864340e-01, 1.198636163908231e+00, 1.169860220063205e+02, 1.457710006199225e+02, 2.641752744327694e+05, 9.984099915246884e+04
735, -4.921258078522260e-01, 1.550590869438670e-01, 1.198835200886987e+00, 1.180966764227446e+02, 1.448139976527680e+02, 2.642238005270337e+05, 9.986421263351852e+04
736, -4.973822499940690e-01, 1.604647584541950e-01, 1.199013795840779e+00, 1.193246056846315e+02, 1.439557222784913e+02, 2.642919172928985e+05, 9.988503893875045e+04
737, -5.030669306525130e-01, 1.657503960811000e-01, 1.199169950605493e+00, 1.206456987879242e+02, 1.431760189431750e+02, 2.643743629313603e+05, 9.990324159417428e+04
738, -5.091344717283590e-01, 1.708353837462990e-01, 1.199306231046297e+00, 1.220287294594549e+02, 1.424886372129580e+02, 2.644704681804241e+05, 9.991912370237714e+04
739, -5.152403206446710e-01, 1.760457329618670e-01, 1.199434669406762e+00, 1.235211775702095e+02, 1.419545128582341e+02, 2.645957565219968e+05, 9.993409357894585e+04
740, -5.197189093884890e-01, 1.817818565096130e-01, 1.199545724685902e+00, 1.250921179287949e+02, 1.417626572207884e+02, 2.647668551706991e+05, 9.994703778779962e+04
741, -5.271280974396680e-01, 1.855632906854770e-01, 1.199613710828295e+00, 1.263981425526123e+02, 1.412611812035459e+02, 2.648636495484873e+05, 9.995499615072571e+04
742, -3.000749690081040e-01, -3.090812163665000e-02, 1.199764690139411e+00, 1.479059293075501e+02, 1.599690340704657e+02, 2.697129396569592e+05, 9.997258163895260e+04
743, -5.350722354402530e-01, 1.905060490237940e-01, 1.199700977539063e+00, 1.280403268346524e+02, 1.409489096614813e+02, 2.650254016881895e+05, 9.996516761291005e+04
744, -2.964846434399950e-01, -4.072560648440800e-02, 1.199828063744936e+00, 1.482782155983126e+02, 1.586232072083683e+02, 2.695976269559363e+05, 9.997996621671935e+04
745, -5.439366770910740e-01, 1.954808862732010e-01, 1.199775868791052e+00, 1.297592498410984e+02, 1.407412035275823e+02, 2.652065626393490e+05, 9.997389254278401e+04
746, -4.336474871847130e-01, 5.080403153590700e-02, 1.193922344712032e+00, 1.264684710716599e+02, 1.682520448178748e+02, 2.667833341733601e+05, 9.929190882428261e+04
747, -3.032417267387490e-01, -5.228144447699700e-02, 1.199773497767622e+00, 1.493810113911783e+02, 1.590780424911622e+02, 2.697796530408280e+05, 9.997361116235395e+04
748, -3.144012350721910e-01, 7.037397535280000e-03, 1.199562808891199e+00, 1.449292013739225e+02, 1.644643610300959e+02, 2.699020438926734e+05, 9.994906542475076e+04
749, -3.091041467561460e-01, 1.069667082970000e-03, 1.199635312691977e+00, 1.455287969573347e+02, 1.631766762415273e+02, 2.698187110372304e+05, 9.995751922508681e+04
750, -3.198330551059910e-01, 1.289240371840400e-02, 1.199474802508044e+00, 1.442154039637476e+02, 1.657234082269493e+02, 2.699651072461981e+05, 9.993879910913596e+04
751, -3.253156274377000e-01, 1.847750373385200e-02, 1.199368882717984e+00, 1.434051901844328e+02, 1.669183798614116e+02, 2.700045555744478e+05, 9.992644278560877e+04
752, -3.310075144880980e-01, 2.361432982192800e-02, 1.199247613526715e+00, 1.425208031262983e+02, 1.680774743232832e+02, 2.700276813909372e+05, 9.991229192910333e+04
753, -3.368868144314370e-01, 2.831274943944600e-02, 1.199110724231574e+00, 1.415642823061677e+02, 1.691872800061729e+02, 2.700328308730611e+05, 9.989632032222276e+04
754, -3.428049190457010e-01, 3.285865371987900e-02, 1.198955576461067e+00, 1.405051714663031e+02, 1.701861872729943e+02, 2.700070411338446e+05, 9.987823827841383e+04
755, -3.490262833302450e-01, 3.683721083878600e-02, 1.198784718018667e+00, 1.393929406330058e+02, 1.711389100573304e+02, 2.699658737884539e+05, 9.985829821448583e+04
756, -3.549321363770270e-01, 4.138862243398100e-02, 1.198609290965094e+00, 1.380936666951726e+02, 1.718182459321162e+02, 2.698644988829115e+05, 9.983784130809175e+04
757, -3.608308660124670e-01, 4.628542676198400e-02, 1.198430207847532e+00, 1.366225208471778e+02, 1.722786899309428e+02, 2.697127454370132e+05, 9.981693368923345e+04
758, -3.040227826017260e-01, -5.228802053021000e-03, 1.199695863333190e+00, 1.460430722618654e+02, 1.618921439245910e+02, 2.697238134949642e+05, 9.996457597153548e+04
759, -2.991355202841460e-01, -1.215335414290900e-02, 1.199749029579536e+00, 1.464978329711102e+02, 1.606063457421355e+02, 2.696210492980681e+05, 9.997076994535160e+04
760, -2.944238139928230e-01, -1.993626392899400e-02, 1.199794486645483e+00, 1.469002996401915e+02, 1.593081253173973e+02, 2.695096660625238e+05, 9.997606302214270e+04
761, -2.903749811383420e-01, -2.900014803693800e-02, 1.199840624178795e+00, 1.472812820908650e+02, 1.580768524050956e+02, 2.694062001998297e+05, 9.998143543450981e+04
762, -4.810818496206930e-01, 1.595180249876250e-01, 1.198989236537202e+00, 1.192447579103993e+02, 1.466866960303103e+02, 2.646081191745409e+05, 9.988217679571769e+04
763, -4.762452249424160e-01, 1.537144692926490e-01, 1.198813806321299e+00, 1.181607396242047e+02, 1.477046294418591e+02, 2.645767959240396e+05, 9.986171505009501e+04
764, -4.861207540343770e-01, 1.652760361323900e-01, 1.199148190861791e+00, 1.204462893436337e+02, 1.457721925455018e+02, 2.646610648034980e+05, 9.990071918212187e+04
765, -4.716039616808690e-01, 1.478493315250410e-01, 1.198620916704174e+00, 1.172095756046957e+02, 1.488228164851109e+02, 2.645678780695727e+05, 9.983921712458148e+04
766, -4.670385699113420e-01, 1.418636620175250e-01, 1.198407773353058e+00, 1.164071535781382e+02, 1.500626652682778e+02, 2.645847842865941e+05, 9.981435514474222e+04
767, -4.623687623309130e-01, 1.357618552346490e-01, 1.198179208926389e+00, 1.157959610609768e+02, 1.514583819379022e+02, 2.646374092761569e+05, 9.978770001793843e+04
768, -4.914371107722290e-01, 1.709380700851080e-01, 1.199289803298679e+00, 1.217341966259021e+02, 1.449541219555746e+02, 2.647314816094032e+05, 9.991723756252708e+04
769, -4.577278566822020e-01, 1.294205538889790e-01, 1.197929265340543e+00, 1.153805268975006e+02, 1.529918054573450e+02, 2.647224761031229e+05, 9.975855192761877e+04
770, -4.970453067849490e-01, 1.764554132142590e-01, 1.199413453577191e+00, 1.230800956894806e+02, 1.442331377557357e+02, 2.648164313667493e+05, 9.993165763648723e+04
771, -4.532643822705590e-01, 1.227582907872220e-01, 1.197646601741826e+00, 1.151725794507748e+02, 1.546366490443970e+02, 2.648348984814531e+05, 9.972558102270892e+04
772, -5.031690529788690e-01, 1.815934138717650e-01, 1.199512692385942e+00, 1.244164110757558e+02, 1.435805828600970e+02, 2.649036473877745e+05, 9.994321048662202e+04
773, -4.485436244877080e-01, 1.159988549437630e-01, 1.197359747958908e+00, 1.152820789759567e+02, 1.564542003809131e+02, 2.650016487279773e+05, 9.969213365102782e+04
774, -5.091119076445090e-01, 1.869785306181040e-01, 1.199602967510764e+00, 1.258619528827974e+02, 1.430884036750930e+02, 2.650207940141812e+05, 9.995372730649801e+04
775, -4.435168426874570e-01, 1.090268709714800e-01, 1.197071097751359e+00, 1.157425706265631e+02, 1.584517512470256e+02, 2.652285135774913e+05, 9.965848758663105e+04
776, -5.161295258217730e-01, 1.921758939927530e-01, 1.199675996361033e+00, 1.273312849866821e+02, 1.426121311685658e+02, 2.651395339602915e+05, 9.996225562285517e+04
777, -4.381008382412610e-01, 1.020753717241720e-01, 1.196831998736118e+00, 1.165811863478743e+02, 1.605786686251403e+02, 2.655269680695302e+05, 9.963063531521561e+04
778, -5.239142989733629e-01, 1.969451791367680e-01, 1.199741436768054e+00, 1.287692359930450e+02, 1.421928689378607e+02, 2.652615264941284e+05, 9.996990073647536e+04
779, -5.325818038019440e-01, 2.014516519691780e-01, 1.199794578210396e+00, 1.302208189609781e+02, 1.418460152940324e+02, 2.653919258095764e+05, 9.997608666030414e+04
780, -5.421804657057070e-01, 2.064348527113790e-01, 1.199842909675731e+00, 1.318307742003119e+02, 1.416232227441242e+02, 2.655548306040536e+05, 9.998170030045787e+04
781, -2.860415390316870e-01, -3.856348861506100e-02, 1.199905674262311e+00, 1.475468949317565e+02, 1.567502602381853e+02, 2.692827122095713e+05, 9.998902268748439e+04
782, -3.072109019898930e-01, -6.556889498023399e-02, 1.199807001575796e+00, 1.502971182053541e+02, 1.585948502500218e+02, 2.698393398931778e+05, 9.997753097864395e+04
783, -3.530878794202700e-01, -9.921707511434200e-02, 1.199534735320711e+00, 1.571337633822892e+02, 1.608884971347385e+02, 2.709459483573514e+05, 9.994575515695833e+04
784, -2.984544475791420e-01, 4.536331582643000e-03, 1.199752004741275e+00, 1.451409942723319e+02, 1.607582308247036e+02, 2.694773193276474e+05, 9.997112550345347e+04
785, -2.933230550819440e-01, -2.062588761985000e-03, 1.199793000839614e+00, 1.456074210387875e+02, 1.595579006063527e+02, 2.693848760965344e+05, 9.997590127933030e+04
786, -3.038795848014340e-01, 1.080551094613300e-02, 1.199701867752530e+00, 1.445930686626712e+02, 1.619937160879653e+02, 2.695635644474843e+05, 9.996528638526190e+04
787, -3.095730101324880e-01, 1.697092762696800e-02, 1.199642766006704e+00, 1.439339135683713e+02, 1.632469698723968e+02, 2.696379287371092e+05, 9.995839655653476e+04
788, -3.150361563692720e-01, 2.341562501520000e-02, 1.199568209896364e+00, 1.431253275416920e+02, 1.643722741841072e+02, 2.696743404481558e+05, 9.994970236835032e+04
789, -3.204219478180570e-01, 2.921620486389700e-02, 1.199476740426220e+00, 1.422713616015752e+02, 1.654108514364664e+02, 2.696903431588510e+05, 9.993902793902140e+04
790, -3.262311697625650e-01, 3.416307197651800e-02, 1.199378361121544e+00, 1.413834923861547e+02, 1.664921335762123e+02, 2.697078782344681e+05, 9.992754295390481e+04
791, -3.324406289447420e-01, 3.864320375128800e-02, 1.199262246066976e+00, 1.404120016255508e+02, 1.675906652071588e+02, 2.697148194957615e+05, 9.991399981977603e+04
792, -3.389142375871990e-01, 4.265154717992000e-02, 1.199130522181928e+00, 1.393664418330178e+02, 1.686646270410384e+02, 2.697071676502650e+05, 9.989862170256420e+04
793, -3.451673460623380e-01, 4.700649601839700e-02, 1.198990833362903e+00, 1.381796467821362e+02, 1.695219600010380e+02, 2.696523368638909e+05, 9.988234001797643e+04
794, -3.516275258418450e-01, 5.160990095158600e-02, 1.198840865339890e+00, 1.368235305250244e+02, 1.702213138299221e+02, 2.695546384096419e+05, 9.986484028933395e+04
795, -2.885840922603380e-01, -9.403344567687001e-03, 1.199832240294118e+00, 1.460265026063566e+02, 1.584093333189677e+02, 2.692944064594247e+05, 9.998047152137505e+04
796, -2.838792675056880e-01, -1.757574721080700e-02, 1.199866698702558e+00, 1.463909281821427e+02, 1.572305738711406e+02, 2.691932374686028e+05, 9.998448090004582e+04
797, -2.800037026454170e-01, -2.646632253180200e-02, 1.199900663950575e+00, 1.467105720963081e+02, 1.561808022755139e+02, 2.691044975472889e+05, 9.998842631169941e+04
798, -4.592469642411440e-01, 5.172554650503700e-02, 1.192410522885807e+00, 1.237275042972276e+02, 1.592001369784413e+02, 2.648371692270610e+05, 9.911621284782814e+04
799, -4.401022534006130e-01, 5.687013647746900e-02, 1.193884747120359e+00, 1.238112721700574e+02, 1.657672691402767e+02, 2.661469167330076e+05, 9.928755209516993e+04
800, -5.543813906102560e-01, 2.003856303897190e-01, 1.199827309701652e+00, 1.315630506877710e+02, 1.406106065955506e+02, 2.654020124427737e+05, 9.997988565753472e+04
801, -4.653271935607680e-01, 1.576881877794660e-01, 1.198992867134796e+00, 1.196168328938745e+02, 1.493257699407114e+02, 2.649719530816197e+05, 9.988259440145765e+04
802, -4.608450335679870e-01, 1.516037939536650e-01, 1.198828272679908e+00, 1.187049987268863e+02, 1.504768221812549e+02, 2.649793442449438e+05, 9.986339528669916e+04
803, -4.700268508395870e-01, 1.637648594989670e-01, 1.199142975438062e+00, 1.206614301391248e+02, 1.482626333838693e+02, 2.649865581368451e+05, 9.990010576523023e+04
804, -4.564402409884870e-01, 1.455008953808270e-01, 1.198649933763573e+00, 1.179516607135299e+02, 1.517318335356616e+02, 2.650134641073426e+05, 9.984259490098906e+04
805, -4.520804048782880e-01, 1.391700336067130e-01, 1.198450125845132e+00, 1.173459675293399e+02, 1.531108974974570e+02, 2.650736970105037e+05, 9.981928745366338e+04
806, -4.478126416237270e-01, 1.325410491645300e-01, 1.198222783346083e+00, 1.169058622500807e+02, 1.546123813701278e+02, 2.651601127539435e+05, 9.979276239462443e+04
807, -4.749433298136390e-01, 1.698009166746750e-01, 1.199278009720981e+00, 1.218153339271854e+02, 1.472957007104641e+02, 2.650217315297388e+05, 9.991586030254989e+04
808, -4.801196963134690e-01, 1.757867224733220e-01, 1.199398356180470e+00, 1.230577398306123e+02, 1.464240307356274e+02, 2.650754020975635e+05, 9.992990166815453e+04
809, -4.433109742853010e-01, 1.257326018892920e-01, 1.197984566049125e+00, 1.167285221361185e+02, 1.562762423375339e+02, 2.652923687959707e+05, 9.976497723805300e+04
810, -4.855791989082650e-01, 1.816734794908300e-01, 1.199504181456451e+00, 1.243599792339442e+02, 1.456487817836404e+02, 2.651448422511728e+05, 9.994224799547679e+04
811, -4.913762511214400e-01, 1.873658802633350e-01, 1.199595135619747e+00, 1.256836187105228e+02, 1.449653026896093e+02, 2.652253546096995e+05, 9.995285270306571e+04
812, -4.974484076950580e-01, 1.928921868140990e-01, 1.199673529920241e+00, 1.270209577689079e+02, 1.443781035530526e+02, 2.653172251953613e+05, 9.996198611455280e+04
813, -4.385119794593290e-01, 1.186163928525890e-01, 1.197734961108553e+00, 1.168564617218525e+02, 1.581211212863191e+02, 2.654775133834283e+05, 9.973586746423189e+04
814, -5.043877996916610e-01, 1.979764417624000e-01, 1.199734609140986e+00, 1.283060627412221e+02, 1.438293921447384e+02, 2.654050438292930e+05, 9.996909127988915e+04
815, -5.118150874835190e-01, 2.029625086187040e-01, 1.199782910755031e+00, 1.296180306880080e+02, 1.433629554440561e+02, 2.655037046010449e+05, 9.997472689362765e+04
816, -4.332554987950200e-01, 1.111559086524440e-01, 1.197491184139737e+00, 1.173670269864897e+02, 1.601617263791492e+02, 2.657308728792073e+05, 9.970744929728931e+04
817, -4.284253519285500e-01, 1.023178624340180e-01, 1.197184176998143e+00, 1.181672611570098e+02, 1.623854668308156e+02, 2.660239271493356e+05, 9.967167000502329e+04
818, -5.200464731033980e-01, 2.079018996329220e-01, 1.199833696133092e+00, 1.309740725311942e+02, 1.429625939914054e+02, 2.656173308100257e+05, 9.998064540819624e+04
819, -4.243723453389210e-01, 9.333975132228800e-02, 1.196824827789874e+00, 1.193231534339323e+02, 1.645273150406278e+02, 2.663314605974547e+05, 9.962977751559926e+04
820, -4.177609588575940e-01, 8.609193628842800e-02, 1.196766939237846e+00, 1.211745853003631e+02, 1.667353557060373e+02, 2.668070389737644e+05, 9.962302738977665e+04
821, -4.090686070139160e-01, 8.223909793504600e-02, 1.197043282836414e+00, 1.231887278253925e+02, 1.684004836745372e+02, 2.673221351105841e+05, 9.965523475422736e+04
822, -4.000587833289640e-01, 7.724405429882000e-02, 1.197285555156831e+00, 1.254738209469797e+02, 1.699058918747253e+02, 2.678390427314365e+05, 9.968347810290189e+04
823, -3.909772491809230e-01, 7.142157406701100e-02, 1.197523210262185e+00, 1.279484148970684e+02, 1.711188090106186e+02, 2.683392633360425e+05, 9.971122786614481e+04
824, -3.813174905388030e-01, 6.788394611113900e-02, 1.197888162484925e+00, 1.301326086430331e+02, 1.714603247919285e+02, 2.687239509192870e+05, 9.975377659887548e+04
825, -3.730434618662570e-01, 6.442464002661800e-02, 1.198190422028238e+00, 1.319931887808980e+02, 1.714207736343710e+02, 2.690050823209026e+05, 9.978903715449678e+04
826, -3.654560895530500e-01, 6.083945065853700e-02, 1.198440973383339e+00, 1.336731613621455e+02, 1.711341721341129e+02, 2.692192903166084e+05, 9.981825572135477e+04
827, -3.585537102193350e-01, 5.717338777561200e-02, 1.198658216110094e+00, 1.351623857585832e+02, 1.706784867796442e+02, 2.693810531101477e+05, 9.984357521334240e+04
828, -5.296033482607330e-01, 2.118932772420400e-01, 1.199849195948321e+00, 1.322027172409156e+02, 1.425813268635889e+02, 2.657109632017446e+05, 9.998242777741647e+04
829, -4.494880061154370e-01, 4.518883925893700e-02, 1.192564752971240e+00, 1.269342787564839e+02, 1.635108096811586e+02, 2.657997610192074e+05, 9.913403112084261e+04
830, -5.639748578261921e-01, 1.920757424114310e-01, 1.199814017793815e+00, 1.309019026609575e+02, 1.394697324997343e+02, 2.651927792707972e+05, 9.997831408448686e+04
831, -4.052191971108830e-01, -8.328825604294100e-02, 1.197897991345866e+00, 1.667041500315238e+02, 1.658360254233184e+02, 2.724662729902781e+05, 9.975502849151223e+04
832, -3.994130477103140e-01, -8.943261789908701e-02, 1.198314721606812e+00, 1.658025591248151e+02, 1.649523934636258e+02, 2.723326135353966e+05, 9.980359390439662e+04
833, -4.106380792192170e-01, -7.706437429610299e-02, 1.197430181936127e+00, 1.672906658179161e+02, 1.665480246083487e+02, 2.725197038381931e+05, 9.970054784494983e+04
834, -3.928525940342920e-01, -9.555421879120300e-02, 1.198686146201857e+00, 1.645633668628542e+02, 1.638991029213502e+02, 2.721184906629772e+05, 9.984687217928431e+04
835, -3.847807017119240e-01, -1.004615876326440e-01, 1.199005166729367e+00, 1.629170144540311e+02, 1.628704769865522e+02, 2.718404240917034e+05, 9.988403999703977e+04
836, -3.754211987030850e-01, -1.048780960172360e-01, 1.199277806481353e+00, 1.609980681671614e+02, 1.616715456026037e+02, 2.714934749222769e+05, 9.991582072286095e+04
837, -3.663417251803060e-01, -1.093142455900620e-01, 1.199464007561378e+00, 1.591538976037909e+02, 1.602909397610875e+02, 2.711129668897309e+05, 9.993752864021360e+04
838, -4.165548398216150e-01, -7.075192957920100e-02, 1.196883526370880e+00, 1.676679075271400e+02, 1.669672556557479e+02, 2.724823855749951e+05, 9.963689067960177e+04
839, -4.503908989977520e-01, 5.666064884017100e-02, 1.193236612680407e+00, 1.228045503749680e+02, 1.623187284408987e+02, 2.653901811856722e+05, 9.921221460815691e+04
840, -3.419190493510720e-01, -9.897008023250300e-02, 1.199659351702868e+00, 1.553213507767387e+02, 1.596424639705069e+02, 2.705776182255548e+05, 9.996029305665295e+04
841, -2.872280896128610e-01, 8.109631898483001e-03, 1.199836938155400e+00, 1.448665138488772e+02, 1.583252721920091e+02, 2.691440006234831e+05, 9.998102401059167e+04
842, -2.820761144571140e-01, 9.619048197499999e-04, 1.199866985120427e+00, 1.452922316901453e+02, 1.572412681937555e+02, 2.690612042276814e+05, 9.998452666587729e+04
843, -2.929383690290970e-01, 1.473187062551300e-02, 1.199802678431184e+00, 1.443731817348769e+02, 1.595090884798946e+02, 2.692319146541310e+05, 9.997703630977951e+04
844, -2.990468399984470e-01, 2.102193003909500e-02, 1.199761190063165e+00, 1.437890827596678e+02, 1.607584136176956e+02, 2.693171195474993e+05, 9.997220993688991e+04
845, -3.051033010628000e-01, 2.756603982507000e-02, 1.199718754189458e+00, 1.430645086312170e+02, 1.619437683453525e+02, 2.693782347331974e+05, 9.996726324897495e+04
846, -3.099589794678900e-01, 3.532901737939700e-02, 1.199660132640511e+00, 1.421614774160964e+02, 1.627237362120181e+02, 2.693603281100065e+05, 9.996044339481795e+04
847, -3.150682848905750e-01, 4.126511179516300e-02, 1.199585452094218e+00, 1.413238457194171e+02, 1.635437452936123e+02, 2.693522799477248e+05, 9.995172348701104e+04
848, -3.215409752664520e-01, 4.554064872477200e-02, 1.199508458432634e+00, 1.404540197642716e+02, 1.646892497751702e+02, 2.693856076090383e+05, 9.994272986418041e+04
849, -3.281199277373670e-01, 4.970169871522300e-02, 1.199409464762147e+00, 1.394799539886000e+02, 1.657830428594965e+02, 2.693953619157533e+05, 9.993118054041472e+04
850, -3.348429983553550e-01, 5.360741410763600e-02, 1.199296996987876e+00, 1.384104625238838e+02, 1.668229305272972e+02, 2.693846844299819e+05, 9.991805888980709e+04
851, -3.417921908680120e-01, 5.773485802658200e-02, 1.199164775201160e+00, 1.371821706101328e+02, 1.677489433291024e+02, 2.693363095174357e+05, 9.990262999347216e+04
852, -2.776349411896390e-01, -7.205467966367000e-03, 1.199905591302487e+00, 1.456872925289978e+02, 1.562692543459200e+02, 2.689927400142137e+05, 9.998901960548926e+04
853, -2.721438654630120e-01, -1.644081363807100e-02, 1.199937639182328e+00, 1.460180481025609e+02, 1.550695587004512e+02, 2.688861159857297e+05, 9.999274703162341e+04
854, -6.006117319288200e-01, 1.530538060795640e-01, 1.199609886630319e+00, 1.297517426739605e+02, 1.336417045371207e+02, 2.643475281073782e+05, 9.995452741946827e+04
855, -5.883044704841141e-01, 1.661127503872190e-01, 1.199636708869410e+00, 1.295612877962901e+02, 1.356231036075836e+02, 2.645568058842964e+05, 9.995765449317575e+04
856, -3.156247117458420e-01, -7.608478892528900e-02, 1.199823722910107e+00, 1.515226229039099e+02, 1.589150954884384e+02, 2.700404004503926e+05, 9.997946080421172e+04
857, -3.492443181985500e-01, -8.706667155440900e-02, 1.199488076133362e+00, 1.564979823732689e+02, 1.624912748876834e+02, 2.710661619845173e+05, 9.994033910165454e+04
858, -3.382170705441260e-01, -8.668770945561199e-02, 1.199614725525393e+00, 1.547485047853295e+02, 1.610414160821317e+02, 2.706783207287118e+05, 9.995508535687301e+04
859, -3.261197377964260e-01, -8.381966000897099e-02, 1.199723357445308e+00, 1.529824821904375e+02, 1.596320848702673e+02, 2.702932178360604e+05, 9.996773464404442e+04
860, -2.896598828238260e-01, -4.928533075096100e-02, 1.199869940960058e+00, 1.482319468760687e+02, 1.567541434164221e+02, 2.693578146121944e+05, 9.998485639183287e+04
861, -2.941804633362860e-01, -5.973367360059100e-02, 1.199855437890428e+00, 1.489375841634968e+02, 1.567921550864348e+02, 2.694461377482228e+05, 9.998315203255780e+04
862, -4.541800228489500e-01, 1.616712901198740e-01, 1.199172181785125e+00, 1.213551262799117e+02, 1.506248654606761e+02, 2.653590656280717e+05, 9.990350204925409e+04
863, -4.498405867507650e-01, 1.554242453808040e-01, 1.199034627667861e+00, 1.204964008391637e+02, 1.517858330116143e+02, 2.653805516981548e+05, 9.988746053780148e+04
864, -4.587218432794210e-01, 1.679791431647940e-01, 1.199298250251968e+00, 1.223490855717801e+02, 1.495412465471627e+02, 2.653595816920992e+05, 9.991821146021788e+04
865, -4.456975917242360e-01, 1.489774773070500e-01, 1.198878095083339e+00, 1.197371947129420e+02, 1.530434175124575e+02, 2.654207578004973e+05, 9.986920005100944e+04
866, -4.416041724026560e-01, 1.422672508817800e-01, 1.198700444325741e+00, 1.191107958923704e+02, 1.544237829346063e+02, 2.654859014441972e+05, 9.984847381105766e+04
867, -4.635124698359440e-01, 1.741963745431720e-01, 1.199409604035368e+00, 1.234268942046657e+02, 1.485475116067669e+02, 2.653775622684840e+05, 9.993120454042702e+04
868, -4.685768286326090e-01, 1.803539858617960e-01, 1.199507532694353e+00, 1.245791312597340e+02, 1.476421881659187e+02, 2.654122004925338e+05, 9.994263070633696e+04
869, -4.373887788254950e-01, 1.353079791145670e-01, 1.198505504229359e+00, 1.186804322936364e+02, 1.559491127328101e+02, 2.655864434864163e+05, 9.982573394144447e+04
870, -4.739096754780540e-01, 1.864766452437970e-01, 1.199594311490948e+00, 1.257977769039740e+02, 1.468277743850952e+02, 2.654636028503629e+05, 9.995275469827642e+04
871, -4.795360925122590e-01, 1.924973996530380e-01, 1.199670731622899e+00, 1.270518408541572e+02, 1.461059172129132e+02, 2.655289186395346e+05, 9.996166765900175e+04
872, -4.854754930047820e-01, 1.983744970070840e-01, 1.199736831658804e+00, 1.283179502586358e+02, 1.454743703097995e+02, 2.656053247681471e+05, 9.996937278541834e+04
873, -4.329139109997570e-01, 1.280262492795650e-01, 1.198295754129604e+00, 1.185033670154976e+02, 1.576449385835818e+02, 2.657324556487693e+05, 9.980126691778343e+04
874, -4.919272809859720e-01, 2.040577640323070e-01, 1.199794880851681e+00, 1.295733512695288e+02, 1.449154570236884e+02, 2.656887533933733e+05, 9.997613408270720e+04
875, -4.992698847189850e-01, 2.093162524716710e-01, 1.199840868734727e+00, 1.307660807015969e+02, 1.444034505802991e+02, 2.657691820989834e+05, 9.998147986009011e+04
876, -4.279998700058550e-01, 1.204324996871100e-01, 1.198085053541265e+00, 1.186681995066660e+02, 1.595237989351797e+02, 2.659388963941108e+05, 9.977669750282618e+04
877, -5.074600033304590e-01, 2.142378642044700e-01, 1.199838957882148e+00, 1.319408508816154e+02, 1.439511926017105e+02, 2.658427828007576e+05, 9.998120448234316e+04
878, -4.227753089955930e-01, 1.120882561146620e-01, 1.197857994224735e+00, 1.191933301799689e+02, 1.616166449349597e+02, 2.662085238917039e+05, 9.975022581138728e+04
879, -4.165510576065240e-01, 1.033866178790040e-01, 1.197654315781020e+00, 1.202851167985042e+02, 1.638868655193666e+02, 2.665696737794073e+05, 9.972647676956047e+04
880, -5.170492640472160e-01, 2.196683872291140e-01, 1.199892532033685e+00, 1.332458108309544e+02, 1.435357882017578e+02, 2.659521996372670e+05, 9.998747918365040e+04
881, -4.105755402418250e-01, 9.487714733786000e-02, 1.197498956465912e+00, 1.217581747037839e+02, 1.660349866567957e+02, 2.669714518850590e+05, 9.970837919352624e+04
882, -4.000968159538560e-01, 9.105756484056000e-02, 1.197804695933256e+00, 1.240309353939143e+02, 1.674594761120794e+02, 2.674875370357645e+05, 9.974402486212729e+04
883, -3.899749776912250e-01, 8.609123107451100e-02, 1.198067002657587e+00, 1.263749935045849e+02, 1.685722962460945e+02, 2.679611123152053e+05, 9.977463262902295e+04
884, -3.802926983017350e-01, 8.247867941678599e-02, 1.198309213289346e+00, 1.285215200365542e+02, 1.689519179775797e+02, 2.683098532309812e+05, 9.980292230980231e+04
885, -3.713889855901810e-01, 7.915460551391600e-02, 1.198557108126703e+00, 1.304487876238325e+02, 1.689145833089258e+02, 2.685811590905333e+05, 9.983182077353865e+04
886, -3.629934077830500e-01, 7.598934995882800e-02, 1.198780319509509e+00, 1.321986273681532e+02, 1.685649912624224e+02, 2.687852108060550e+05, 9.985786364370731e+04
887, -3.547580084944970e-01, 7.239703768915200e-02, 1.198961540593248e+00, 1.338640644835859e+02, 1.680191049961114e+02, 2.689433609953126e+05, 9.987901449491146e+04
888, -3.458545065119740e-01, 7.386159747046200e-02, 1.199203097921398e+00, 1.350575552017044e+02, 1.664039418250603e+02, 2.689183556642813e+05, 9.990711938076628e+04
889, -3.390316844117730e-01, 6.976080198734400e-02, 1.199322627528845e+00, 1.363446104208437e+02, 1.657692163192930e+02, 2.690090297319567e+05, 9.992106095736873e+04
890, -3.318569932506540e-01, 6.597020488179700e-02, 1.199437099818844e+00, 1.375620391884157e+02, 1.648843807671492e+02, 2.690576404580371e+05, 9.993442063015320e+04
891, -3.247169773690690e-01, 6.227141888527400e-02, 1.199537428596122e+00, 1.386637959439479e+02, 1.638689872079869e+02, 2.690730181474146e+05, 9.994613007010533e+04
892, -3.176442018904880e-01, 5.861938316989600e-02, 1.199619308249334e+00, 1.396490355173447e+02, 1.627653976246477e+02, 2.690596459757010e+05, 9.995568775172064e+04
893, -3.108310412573440e-01, 5.428440210667800e-02, 1.199690392017831e+00, 1.405570748279228e+02, 1.616997466397681e+02, 2.690411571233679e+05, 9.996397189785418e+04
894, -3.039706633946130e-01, 4.968709027588200e-02, 1.199741609996794e+00, 1.413846094376233e+02, 1.605776412366252e+02, 2.690018315898962e+05, 9.996995843099113e+04
895, -2.959386227777390e-01, 4.918110411167000e-02, 1.199807581934048e+00, 1.419180803739820e+02, 1.589409348765429e+02, 2.688649209593144e+05, 9.997759442108126e+04
896, -2.901825069043030e-01, 4.334803651844900e-02, 1.199851916509939e+00, 1.425659549655314e+02, 1.580877371815474e+02, 2.688413043778844e+05, 9.998279223856008e+04
897, -2.838415023654370e-01, 3.693917057732300e-02, 1.199885719044254e+00, 1.431859020482989e+02, 1.570968395029584e+02, 2.687942911140270e+05, 9.998672931740461e+04
898, -2.765107571453490e-01, 3.056055614480200e-02, 1.199915977376584e+00, 1.437359006974480e+02, 1.558951432426173e+02, 2.687116704985452e+05, 9.999025931018108e+04
899, -2.677984014111010e-01, 2.339919694077100e-02, 1.199955197750166e+00, 1.442323187020945e+02, 1.544720910354269e+02, 2.685979745036109e+05, 9.999481375294138e+04
900, -2.620618783701640e-01, 1.394320543789400e-02, 1.199950025952012e+00, 1.446717394043225e+02, 1.536052341669995e+02, 2.685381271958239e+05, 9.999419513720462e+04
901, -2.581479597701860e-01, 4.473301776307000e-03, 1.199951886808885e+00, 1.450223639093759e+02, 1.529979214103210e+02, 2.685033693123427e+05, 9.999440908376801e+04
902, -2.555403076531740e-01, -5.287465403530000e-03, 1.199955677279339e+00, 1.453296049029526e+02, 1.525431664790112e+02, 2.684836907138660e+05, 9.999485106276524e+04
903, -5.288598879075780e-01, 2.229398362657380e-01, 1.199890628007015e+00, 1.342506952855837e+02, 1.430963626916499e+02, 2.660112069649641e+05, 9.998726153238019e+04
904, -3.565473391676090e-01, -1.110755002525890e-01, 1.199587890098489e+00, 1.573767642884234e+02, 1.592118747755528e+02, 2.707686724621666e+05, 9.995195499191931e+04
905, -3.614360936184330e-01, -8.972946596819199e-02, 1.199283811291090e+00, 1.586224420471065e+02, 1.634020482419653e+02, 2.714130408592165e+05, 9.991650316964215e+04
906, -5.398691738299620e-01, 2.186853435710100e-01, 1.199900388265295e+00, 1.339940039364905e+02, 1.424465603280877e+02, 2.659078762706547e+05, 9.998838540038030e+04
907, -3.313778462729450e-01, -9.633520874988299e-02, 1.199734121173376e+00, 1.537666306583516e+02, 1.586635041055990e+02, 2.702679892858027e+05, 9.996901186549569e+04
908, -2.588256150840930e-01, -1.709564049244300e-02, 1.199956066841902e+00, 1.457527361107819e+02, 1.528663725000176e+02, 2.685762560349482e+05, 9.999489886850858e+04
909, -4.093108408739870e-01, 2.169302318497300e-02, 1.194933355517645e+00, 1.389819977707915e+02, 1.754853882359758e+02, 2.694920715897320e+05, 9.940956302692779e+04
910, -2.973407585945330e-01, -7.066456658140299e-02, 1.199865589768040e+00, 1.495033671093982e+02, 1.564078669152037e+02, 2.694691474530823e+05, 9.998433867448724e+04
911, -3.964496911958690e-01, -1.326917962062400e-01, 1.199403101169210e+00, 1.626047370612469e+02, 1.570210324180191e+02, 2.711267315965614e+05, 9.993047035696324e+04
912, -6.194857359960100e-01, 1.330951426908190e-01, 1.199591435701385e+00, 1.311865311205782e+02, 1.310268022011571e+02, 2.642099727302307e+05, 9.995238284360128e+04
913, -2.947013769967780e-01, 3.179581145694500e-02, 1.199806555505416e+00, 1.431064814897778e+02, 1.595009783589880e+02, 2.690801747179304e+05, 9.997749808455106e+04
914, -3.008544943503250e-01, 3.873729815202800e-02, 1.199783756328645e+00, 1.423451442909787e+02, 1.605373017202445e+02, 2.691215412261666e+05, 9.997483942788959e+04
915, -2.880786671436020e-01, 2.546998304042200e-02, 1.199846910103309e+00, 1.437270419588333e+02, 1.582918637643862e+02, 2.690053311381771e+05, 9.998219755535877e+04
916, -2.811348344569230e-01, 1.907853118733300e-02, 1.199878344089200e+00, 1.442447073123022e+02, 1.570026130459813e+02, 2.689066892077125e+05, 9.998584819639797e+04
917, -2.752218996250420e-01, 1.182750693091900e-02, 1.199901044394766e+00, 1.446919749475487e+02, 1.559234311488345e+02, 2.688260634018950e+05, 9.998848943082125e+04
918, -2.704834753235030e-01, 3.530824473679000e-03, 1.199917195776829e+00, 1.450952865121425e+02, 1.550542844892969e+02, 2.687665888627882e+05, 9.999037134534531e+04
919, -2.664324723676460e-01, -6.084066020658000e-03, 1.199946244718944e+00, 1.454766905245899e+02, 1.542669389157585e+02, 2.687192921629386e+05, 9.999375517709051e+04
920, -3.725245633292170e-01, -1.303062285593470e-01, 1.199629787600538e+00, 1.588192080441732e+02, 1.570149261849804e+02, 2.706807944395214e+05, 9.995688106288461e+04
921, -6.330827327510770e-01, 8.903698603559200e-02, 1.199235530546500e+00, 1.331290988457364e+02, 1.246875075803773e+02, 2.636488434448786e+05, 9.991094735395124e+04
922, -4.308036426068370e-01, 1.452183642049500e-01, 1.198940013956649e+00, 1.210863180437837e+02, 1.553871483518951e+02, 2.658749588680881e+05, 9.987642159441224e+04
923, -4.268270090628530e-01, 1.378015704777480e-01, 1.198766811428429e+00, 1.206239338904396e+02, 1.569176434143858e+02, 2.659795347008590e+05, 9.985621748770551e+04
924, -4.346456912911710e-01, 1.523358513096880e-01, 1.199092256313153e+00, 1.217357991295821e+02, 1.540027363349277e+02, 2.658044611898799e+05, 9.989418103085068e+04
925, -4.386258357196270e-01, 1.592584670674560e-01, 1.199224979839984e+00, 1.225135147676881e+02, 1.527231693643873e+02, 2.657569591075053e+05, 9.990966668732448e+04
926, -4.428391197095110e-01, 1.660126394537510e-01, 1.199342772053758e+00, 1.233870190451169e+02, 1.515375975235342e+02, 2.657289118747285e+05, 9.992341032033638e+04
927, -4.472028922154120e-01, 1.725528880524330e-01, 1.199448037559385e+00, 1.243333448907395e+02, 1.504600372936286e+02, 2.657202815213370e+05, 9.993569011399490e+04
928, -4.518443885690320e-01, 1.789780308804260e-01, 1.199539429495075e+00, 1.253410391380983e+02, 1.494682612451914e+02, 2.657266125537916e+05, 9.994635382503699e+04
929, -4.568034104441040e-01, 1.852204386333810e-01, 1.199616442006245e+00, 1.263790756956124e+02, 1.485641608015592e+02, 2.657446540940710e+05, 9.995533759140479e+04
930, -4.620654987102400e-01, 1.914113437243140e-01, 1.199681769350222e+00, 1.274672305747881e+02, 1.477403460237294e+02, 2.657762267426964e+05, 9.996295659489074e+04
931, -4.675880019255840e-01, 1.976480497412490e-01, 1.199741899237185e+00, 1.286180899746909e+02, 1.469982978940634e+02, 2.658246340410510e+05, 9.996996693133477e+04
932, -4.733384253859050e-01, 2.037961120589190e-01, 1.199794804578207e+00, 1.297887352766640e+02, 1.463485846412807e+02, 2.658859790149176e+05, 9.997613027574337e+04
933, -4.796038755030590e-01, 2.098674369152110e-01, 1.199838323404658e+00, 1.309627772821098e+02, 1.457686402318308e+02, 2.659550455971624e+05, 9.998119826846803e+04
934, -4.224003303919780e-01, 1.300962201221590e-01, 1.198588326127048e+00, 1.204535349039166e+02, 1.586201825304345e+02, 2.661369035057264e+05, 9.983540502911116e+04
935, -4.865670809740470e-01, 2.158830514964440e-01, 1.199872406930949e+00, 1.321374795601504e+02, 1.452491835853164e+02, 2.660303014341726e+05, 9.998516407163005e+04
936, -4.176789317043830e-01, 1.218128475079950e-01, 1.198395668636126e+00, 1.205868985499013e+02, 1.605123411561319e+02, 2.663487520991592e+05, 9.981293918391645e+04
937, -4.943804265669870e-01, 2.217112286087880e-01, 1.199903720097434e+00, 1.332850901108323e+02, 1.447913963280675e+02, 2.661105479885907e+05, 9.998879063932857e+04
938, -5.028733443351781e-01, 2.260357347815630e-01, 1.199902033536008e+00, 1.341667580600519e+02, 1.443917331222385e+02, 2.661601172060879e+05, 9.998856963903028e+04
939, -4.120599114760900e-01, 1.129530761282270e-01, 1.198205374631375e+00, 1.212017085220705e+02, 1.626089985286679e+02, 2.666407106160590e+05, 9.979075995117173e+04
940, -5.113417668604260e-01, 2.301393448839670e-01, 1.199951390719344e+00, 1.350283523959008e+02, 1.440637087602523e+02, 2.662311907916568e+05, 9.999437840469001e+04
941, -4.031234557046430e-01, 1.041024455127670e-01, 1.198170209818660e+00, 1.228736369010430e+02, 1.648673034335100e+02, 2.671099059409468e+05, 9.978667484907067e+04
942, -3.914380768845700e-01, 1.117285070069430e-01, 1.198759257017050e+00, 1.252433595915928e+02, 1.636877691935197e+02, 2.673565983205970e+05, 9.985538062192529e+04
943, -3.834350570182060e-01, 1.056143202587930e-01, 1.198808192432738e+00, 1.268068171824031e+02, 1.647523402713139e+02, 2.676802612253699e+05, 9.986105892311803e+04
944, -3.726796018207390e-01, 1.066806981719540e-01, 1.199088458762590e+00, 1.289108729179345e+02, 1.640185725997077e+02, 2.678816903897159e+05, 9.989381130799674e+04
945, -3.633722788699330e-01, 1.055713957707770e-01, 1.199247577666118e+00, 1.306683214133459e+02, 1.634772342777584e+02, 2.680420347332333e+05, 9.991239783046083e+04
946, -3.543140202609890e-01, 1.022457303164990e-01, 1.199373672613299e+00, 1.323255069356169e+02, 1.631024719631099e+02, 2.682075219680725e+05, 9.992709342014759e+04
947, -3.456952124980970e-01, 9.988694499067600e-02, 1.199472088409735e+00, 1.338204561318991e+02, 1.623963930711910e+02, 2.683047693716520e+05, 9.993857579958816e+04
948, -3.373419084214440e-01, 9.726503970745801e-02, 1.199559995648269e+00, 1.351840730458534e+02, 1.616039944697341e+02, 2.683748823195341e+05, 9.994880837566458e+04
949, -3.291680734513510e-01, 9.411851699999101e-02, 1.199647394053490e+00, 1.364432327814433e+02, 1.607840275924278e+02, 2.684313230227265e+05, 9.995897427267884e+04
950, -3.211869318571980e-01, 9.087818444884800e-02, 1.199716420456673e+00, 1.375842779280190e+02, 1.598948327907717e+02, 2.684618679267092e+05, 9.996702906206163e+04
951, -3.133635884845670e-01, 8.718151687719000e-02, 1.199775809144851e+00, 1.386223151326697e+02, 1.589971487284172e+02, 2.684784367269519e+05, 9.997394899885540e+04
952, -3.056042432654920e-01, 8.371426869638700e-02, 1.199822180203864e+00, 1.395522582358178e+02, 1.580171727036626e+02, 2.684695735064063e+05, 9.997935498339082e+04
953, -2.979531150030710e-01, 8.036962986145500e-02, 1.199855886869757e+00, 1.403742230653812e+02, 1.570043509528777e+02, 2.684418017230906e+05, 9.998328466000438e+04
954, -2.903904490154620e-01, 7.644858538460000e-02, 1.199887808038929e+00, 1.411164521687209e+02, 1.560313370575415e+02, 2.684107139703094e+05, 9.998699065769384e+04
955, -2.823754022762820e-01, 7.282708016607201e-02, 1.199899653520113e+00, 1.417877530778653e+02, 1.549502882996765e+02, 2.683530232779916e+05, 9.998836799023974e+04
956, -2.770368487475120e-01, 6.324447384636400e-02, 1.199948180412527e+00, 1.423947420902255e+02, 1.546499938383558e+02, 2.683994958411972e+05, 9.999399973108368e+04
957, -2.693796483669100e-01, 5.742630613146800e-02, 1.199941178145047e+00, 1.429481601301582e+02, 1.537070795899771e+02, 2.683422176356924e+05, 9.999318661242897e+04
958, -2.620640388438210e-01, 5.140878500864000e-02, 1.199951254862625e+00, 1.434074564111318e+02, 1.528282086170121e+02, 2.682875262572271e+05, 9.999435314695114e+04
959, -2.549708910105390e-01, 4.519947416977600e-02, 1.199956511874598e+00, 1.437894836234421e+02, 1.520023207827286e+02, 2.682297703880183e+05, 9.999495685892453e+04
960, -2.482697085965310e-01, 3.775376055623900e-02, 1.199974118942127e+00, 1.441260647291537e+02, 1.512763810438434e+02, 2.681832621475991e+05, 9.999700359438881e+04
961, -2.412027592600570e-01, 3.034219754923800e-02, 1.199989598472651e+00, 1.444025754880813e+02, 1.505196979479789e+02, 2.681256295873728e+05, 9.999880843355307e+04
962, -5.230880362129821e-01, 2.319165075779130e-01, 1.199946608425672e+00, 1.356125006230733e+02, 1.436367729228206e+02, 2.662444761173243e+05, 9.999378892104144e+04
963, -4.121579665017830e-01, 1.316810483298140e-01, 1.198835281856961e+00, 1.224302484943437e+02, 1.592273821577670e+02, 2.664862938165127e+05, 9.986423095834311e+04
964, -4.076043672285560e-01, 1.228253885046550e-01, 1.198666384047552e+00, 1.225409442193975e+02, 1.611079504715863e+02, 2.667019981096525e+05, 9.984452598874796e+04
965, -4.161961030239080e-01, 1.400552738491860e-01, 1.199002219333148e+00, 1.226770428157019e+02, 1.575159617075844e+02, 2.663318026761307e+05, 9.988370334822647e+04
966, -4.198580614411710e-01, 1.479237676169670e-01, 1.199153139427846e+00, 1.231790586956433e+02, 1.559910216056608e+02, 2.662258265665313e+05, 9.990130074814806e+04
967, -4.232221818414980e-01, 1.555217224416930e-01, 1.199286232202301e+00, 1.238926088365788e+02, 1.546137984864069e+02, 2.661579772458674e+05, 9.991682954562074e+04
968, -4.269678509828870e-01, 1.629058716603680e-01, 1.199396032909698e+00, 1.246848985600343e+02, 1.533286252347862e+02, 2.661056222067800e+05, 9.992963917354577e+04
969, -4.311402548825600e-01, 1.701217488830610e-01, 1.199489345292057e+00, 1.255395017591709e+02, 1.521283035383212e+02, 2.660678717292387e+05, 9.994052379717985e+04
970, -4.354601720030450e-01, 1.772091596087960e-01, 1.199575088160083e+00, 1.264799372551547e+02, 1.510296343621776e+02, 2.660516872236831e+05, 9.995052969111576e+04
971, -4.399501480379360e-01, 1.840437926244210e-01, 1.199651132914009e+00, 1.274556242145394e+02, 1.500434831944582e+02, 2.660523788238605e+05, 9.995940918116186e+04
972, -4.448166212344380e-01, 1.904964373871540e-01, 1.199709764563934e+00, 1.284036511533720e+02, 1.491597153043985e+02, 2.660595747385921e+05, 9.996624832973442e+04
973, -4.500555251087620e-01, 1.966941997264990e-01, 1.199756221645305e+00, 1.293434782140796e+02, 1.483596233653297e+02, 2.660742202697587e+05, 9.997165730086311e+04
974, -4.557001927787750e-01, 2.029373864725680e-01, 1.199797435435421e+00, 1.303295615986398e+02, 1.476202771939233e+02, 2.661011713462790e+05, 9.997645391070376e+04
975, -4.613535348206210e-01, 2.094668393493590e-01, 1.199840197520881e+00, 1.314210242321576e+02, 1.469615712164233e+02, 2.661512498805095e+05, 9.998143897309322e+04
976, -4.674943978836440e-01, 2.158736756376250e-01, 1.199873838463647e+00, 1.324968422727153e+02, 1.463770418480692e+02, 2.662074474591938e+05, 9.998535392630557e+04
977, -4.743478232396630e-01, 2.222625655697480e-01, 1.199899697823646e+00, 1.335684750628614e+02, 1.458510901059034e+02, 2.662693840732510e+05, 9.998836236907405e+04
978, -4.820970678629400e-01, 2.288320098727000e-01, 1.199919885212938e+00, 1.346686093963311e+02, 1.453780634713231e+02, 2.663405439347131e+05, 9.999071129811503e+04
979, -4.023059743155030e-01, 1.138187329671000e-01, 1.198541434499427e+00, 1.231238430470288e+02, 1.630578464948583e+02, 2.669907539375981e+05, 9.982994382911014e+04
980, -4.909896021564170e-01, 2.359913163782520e-01, 1.199926387845740e+00, 1.358666587915729e+02, 1.449597715143686e+02, 2.664267434343050e+05, 9.999144639157617e+04
981, -5.021385189074550e-01, 2.396156464312570e-01, 1.199953420699470e+00, 1.365019337604910e+02, 1.445500070491450e+02, 2.664569075659364e+05, 9.999459355639292e+04
982, -5.142732906407160e-01, 2.421671103611460e-01, 1.199975013332465e+00, 1.370547413350578e+02, 1.441753861455584e+02, 2.664808441255088e+05, 9.999710964078875e+04
983, -6.085366378420770e-01, 1.470136133437000e-01, 1.199589174101225e+00, 1.304197818701395e+02, 1.328528038907526e+02, 2.643265678400234e+05, 9.995211766743939e+04
984, -6.024089206917460e-01, 1.630031077527660e-01, 1.199752551586364e+00, 1.312488823982225e+02, 1.352486411729892e+02, 2.647302784803679e+05, 9.997114643600539e+04
985, -4.016754970531970e-01, 1.315592926637620e-01, 1.199019742883588e+00, 1.243541923341357e+02, 1.597622543909533e+02, 2.668066583246906e+05, 9.988575454293986e+04
986, -3.966692124442640e-01, 1.220748509568180e-01, 1.198904666730670e+00, 1.246082687443550e+02, 1.616524193676047e+02, 2.670544226991308e+05, 9.987230487571926e+04
987, -4.055632879431680e-01, 1.409832011493880e-01, 1.199172305214474e+00, 1.246422408404513e+02, 1.579480719716283e+02, 2.666386012299745e+05, 9.990356981164694e+04
988, -4.084856423975100e-01, 1.495517113588960e-01, 1.199325867350166e+00, 1.252627485102871e+02, 1.563961046678450e+02, 2.665424563574179e+05, 9.992147153754925e+04
989, -4.111167647890070e-01, 1.575920546671460e-01, 1.199443717601284e+00, 1.260496365103733e+02, 1.550274778026725e+02, 2.664799371391757e+05, 9.993521736844214e+04
990, -4.144642560742960e-01, 1.654899839867270e-01, 1.199534696063108e+00, 1.268616718527052e+02, 1.537362469985953e+02, 2.664246352272470e+05, 9.994583270046016e+04
991, -4.182812717897020e-01, 1.732547784037160e-01, 1.199613035244062e+00, 1.277229861161984e+02, 1.525333873464851e+02, 2.663842486502426e+05, 9.995497232476225e+04
992, -4.226349670015430e-01, 1.807877312804800e-01, 1.199677042980314e+00, 1.285954810431120e+02, 1.514285359573368e+02, 2.663552562504551e+05, 9.996243183334249e+04
993, -4.270154953235420e-01, 1.881670989078240e-01, 1.199739599509431e+00, 1.295362705696233e+02, 1.504339028299675e+02, 2.663487296869860e+05, 9.996973214862423e+04
994, -4.316740796865740e-01, 1.949072103209620e-01, 1.199784786235735e+00, 1.304031202877709e+02, 1.495789106572367e+02, 2.663483161877929e+05, 9.997501181702889e+04
995, -4.370449661488100e-01, 2.012618641717670e-01, 1.199806591591714e+00, 1.312024466594226e+02, 1.488006574397292e+02, 2.663447468539923e+05, 9.997755510959479e+04
996, -4.430934444547850e-01, 2.077460432775330e-01, 1.199835290583858e+00, 1.320435049804142e+02, 1.480563537971785e+02, 2.663528846761664e+05, 9.998089157178442e+04
997, -4.490844989983730e-01, 2.143839205090060e-01, 1.199870178986071e+00, 1.329711694181325e+02, 1.473922333788502e+02, 2.663832217299704e+05, 9.998494437491703e+04
998, -4.549922997525190e-01, 2.212030839970750e-01, 1.199903206400739e+00, 1.339681854082179e+02, 1.468122829132865e+02, 2.664321826698541e+05, 9.998878846760614e+04
999, -4.615878125568840e-01, 2.277696616060520e-01, 1.199926662220311e+00, 1.349086589638298e+02, 1.462994112387529e+02, 2.664814005015299e+05, 9.999151278010661e+04
1000, -4.687727041327000e-01, 2.343130314846080e-01, 1.199941978639017e+00, 1.358390963587680e+02, 1.458482609164710e+02, 2.665356813999162e+05, 9.999328987595686e+04
1001, -4.765922067273250e-01, 2.409366477884560e-01, 1.199948176212953e+00, 1.367711256365596e+02, 1.454561860642140e+02, 2.665956494253773e+05, 9.999399901581576e+04
1002, -4.842417849978980e-01, 2.478625265988630e-01, 1.199958827333286e+00, 1.377319276176123e+02, 1.451530408512234e+02, 2.666717552958818e+05, 9.999522495537346e+04
1003, -4.941119993610890e-01, 2.507061316099370e-01, 1.199980303923814e+00, 1.381094238761430e+02, 1.448622493186043e+02, 2.666859727456188e+05, 9.999773213811975e+04
1004, -3.844873453278880e-01, -1.338968832306770e-01, 1.199568238061903e+00, 1.604583840395532e+02, 1.567909759924910e+02, 2.708527924936641e+05, 9.994971389686682e+04
1005, -5.728384725389650e-01, 1.756944233186670e-01, 1.199703896145607e+00, 1.289717113091780e+02, 1.372636109781550e+02, 2.646986826955332e+05, 9.996551358691647e+04
1006, -3.454717611018480e-01, -1.112944115740740e-01, 1.199680963170006e+00, 1.555678839638824e+02, 1.581133709114891e+02, 2.704129417100463e+05, 9.996279520219752e+04
1007, -2.365349941136070e-01, 2.095030828251300e-02, 1.199976732390857e+00, 1.446417389492616e+02, 1.500775160817661e+02, 2.680955019276115e+05, 9.999731145930279e+04
1008, -3.851084672665930e-01, 1.223656232577360e-01, 1.199149420685262e+00, 1.268803180014638e+02, 1.615682943648780e+02, 2.673491985814436e+05, 9.990086873690761e+04
1009, -3.780837499361950e-01, 1.154962782187690e-01, 1.199133702268223e+00, 1.279774785798465e+02, 1.626421849316684e+02, 2.676066646732292e+05, 9.989905623477207e+04
1010, -3.906069952661950e-01, 1.310632332659270e-01, 1.199213570122884e+00, 1.263984103816038e+02, 1.600065933813310e+02, 2.671066823503787e+05, 9.990835046275747e+04
1011, -3.957146325298390e-01, 1.400739912567440e-01, 1.199283216748899e+00, 1.263015362580512e+02, 1.583548779445577e+02, 2.668965879707453e+05, 9.991649067114192e+04
1012, -3.975743081610750e-01, 1.499721090764950e-01, 1.199447829167725e+00, 1.271499946684423e+02, 1.566329587064963e+02, 2.668058289886179e+05, 9.993570796620974e+04
1013, -3.984824079336840e-01, 1.585504093981720e-01, 1.199568413974046e+00, 1.281648804385098e+02, 1.552414614680068e+02, 2.667664101865106e+05, 9.994977597240981e+04
1014, -4.012861568347850e-01, 1.668543631327460e-01, 1.199646397618113e+00, 1.289774176141165e+02, 1.539582648696162e+02, 2.667097585228817e+05, 9.995886815607133e+04
1015, -4.046511139326290e-01, 1.750939561541760e-01, 1.199710774134223e+00, 1.298213628395667e+02, 1.527617250425169e+02, 2.666656932440525e+05, 9.996637399526194e+04
1016, -4.085695640463150e-01, 1.832464719017550e-01, 1.199765875161958e+00, 1.306860548238491e+02, 1.516562839132547e+02, 2.666346122746654e+05, 9.997279584762482e+04
1017, -4.128869891325900e-01, 1.911140814898170e-01, 1.199810958987323e+00, 1.315474494563717e+02, 1.506655579339385e+02, 2.666164165446304e+05, 9.997804246304910e+04
1018, -4.171461937994860e-01, 1.986875886009010e-01, 1.199856218381036e+00, 1.324327251563241e+02, 1.497968933559264e+02, 2.666176121820351e+05, 9.998332378040529e+04
1019, -4.227798704011560e-01, 2.048006850926890e-01, 1.199858157081016e+00, 1.329996438620431e+02, 1.490944480718617e+02, 2.665933967114675e+05, 9.998356223744777e+04
1020, -4.304284774312020e-01, 2.110810303424440e-01, 1.199858324120659e+00, 1.335181493962843e+02, 1.483604490286579e+02, 2.665600027016694e+05, 9.998356391348976e+04
1021, -4.366627661951490e-01, 2.183725120162390e-01, 1.199895563688071e+00, 1.343844416616085e+02, 1.476780072862992e+02, 2.665828524116572e+05, 9.998790062820991e+04
1022, -4.426100182675860e-01, 2.256408851519320e-01, 1.199922644768028e+00, 1.352964917921774e+02, 1.470943320541188e+02, 2.666211463612316e+05, 9.999104885431382e+04
1023, -4.490398748996970e-01, 2.328324767943400e-01, 1.199946051544258e+00, 1.361873323283262e+02, 1.465820590756062e+02, 2.666657040578300e+05, 9.999376672497799e+04
1024, -4.559187894042860e-01, 2.396062963853920e-01, 1.199959205182430e+00, 1.370004613668592e+02, 1.461492019275259e+02, 2.667090934622546e+05, 9.999529073686985e+04
1025, -4.638977184113750e-01, 2.464818239994040e-01, 1.199960058289661e+00, 1.378003076087698e+02, 1.457554883990028e+02, 2.667530078494900e+05, 9.999538207557665e+04
1026, -5.857923172809190e-01, -5.907166864131400e-02, 1.197215725974964e+00, 1.630630429868887e+02, 1.186658181934284e+02, 2.661741946396712e+05, 9.967539149406199e+04
1027, -5.975169287226370e-01, -5.698224905610200e-02, 1.197716584261216e+00, 1.607991040746791e+02, 1.182930071373268e+02, 2.659702528689437e+05, 9.973384121121839e+04
1028, -6.089948607523390e-01, -5.469000918316500e-02, 1.198170895016074e+00, 1.586201284646579e+02, 1.185677851476109e+02, 2.658331831885785e+05, 9.978685072551150e+04
1029, -3.321220851514930e-01, -1.109990536737710e-01, 1.199763364693029e+00, 1.536113047691386e+02, 1.566797754200296e+02, 2.699953836800834e+05, 9.997240666305883e+04
1030, -3.784710143335580e-01, 1.323948115535250e-01, 1.199425547986609e+00, 1.287692179312323e+02, 1.595073494495608e+02, 2.673512293955015e+05, 9.993311958981742e+04
1031, -3.728980869296050e-01, 1.262390268092860e-01, 1.199386302026740e+00, 1.294061089454482e+02, 1.603773909661953e+02, 2.675250293012131e+05, 9.992858207704773e+04
1032, -3.851596902451950e-01, 1.400667500207600e-01, 1.199427911633860e+00, 1.282014975688079e+02, 1.583170861763577e+02, 2.671332995242912e+05, 9.993336683017871e+04
1033, -3.893143330837060e-01, 1.483465087017240e-01, 1.199497246913444e+00, 1.283596224549463e+02, 1.569406356574796e+02, 2.669885647906010e+05, 9.994146174031153e+04
1034, -3.658641378538040e-01, 1.201641705715570e-01, 1.199401218478386e+00, 1.304371845376164e+02, 1.610446576894448e+02, 2.677303149532250e+05, 9.993034554973466e+04
1035, -3.556472669475140e-01, 1.164110221239830e-01, 1.199511911187562e+00, 1.321644027269686e+02, 1.608099326665694e+02, 2.679184678809616e+05, 9.994323816506738e+04
1036, -3.464011356548820e-01, 1.139953549559940e-01, 1.199597792034288e+00, 1.336907350987115e+02, 1.602057330361503e+02, 2.680304864925199e+05, 9.995324666662700e+04
1037, -3.375321939712570e-01, 1.116932638044400e-01, 1.199669242009885e+00, 1.350717359554830e+02, 1.594637861749152e+02, 2.681060694048799e+05, 9.996157543600610e+04
1038, -3.288860675817150e-01, 1.089580693576660e-01, 1.199730132557110e+00, 1.363259629322024e+02, 1.586892286124389e+02, 2.681620245910995e+05, 9.996866243473740e+04
1039, -3.204670999805210e-01, 1.056851150886890e-01, 1.199786414921151e+00, 1.374613963411950e+02, 1.579146998840680e+02, 2.682048892389439e+05, 9.997520719794146e+04
1040, -3.121155043010500e-01, 1.024925769729650e-01, 1.199827995110528e+00, 1.384979396534538e+02, 1.570548680446689e+02, 2.682227107174809e+05, 9.998005148504628e+04
1041, -3.040145003006450e-01, 9.907421750592001e-02, 1.199863922707663e+00, 1.394161874768073e+02, 1.561977817496812e+02, 2.682270664838225e+05, 9.998422798271815e+04
1042, -2.959853724278690e-01, 9.574334984951900e-02, 1.199892613762720e+00, 1.402383804028777e+02, 1.553031711405679e+02, 2.682146558874467e+05, 9.998756285682083e+04
1043, -2.879358803028210e-01, 9.238401522549700e-02, 1.199911410987662e+00, 1.409745269552717e+02, 1.543903667068653e+02, 2.681882936984109e+05, 9.998974586434578e+04
1044, -2.799121729183890e-01, 8.846599558733900e-02, 1.199936858346551e+00, 1.416314035812115e+02, 1.535198380325381e+02, 2.681609519525457e+05, 9.999269896768726e+04
1045, -2.711978010049010e-01, 8.660056781858000e-02, 1.199953637344765e+00, 1.422190429036073e+02, 1.524464889597355e+02, 2.680982223990772e+05, 9.999464436540303e+04
1046, -2.618340471443020e-01, 8.323633216809501e-02, 1.199963809334939e+00, 1.427703208952124e+02, 1.514406440645286e+02, 2.680390866806973e+05, 9.999581139657376e+04
1047, -2.531771001149430e-01, 7.800076725211801e-02, 1.199977608416441e+00, 1.432225789167575e+02, 1.506548522583298e+02, 2.679978868323787e+05, 9.999742174768887e+04
1048, -2.445317314956040e-01, 7.192768341689500e-02, 1.199984471519483e+00, 1.436100049379651e+02, 1.499333543112829e+02, 2.679557047037886e+05, 9.999821487459244e+04
1049, -2.359513005040770e-01, 6.501871181775500e-02, 1.199984703133194e+00, 1.439363015942044e+02, 1.492769768224299e+02, 2.679130144752258e+05, 9.999823530895257e+04
1050, -2.296483092784500e-01, 5.605626433319000e-02, 1.199996992159102e+00, 1.441807520589503e+02, 1.488946414979536e+02, 2.678982518934139e+05, 9.999966555631446e+04
1051, -3.794480445872740e-01, 1.494894142058820e-01, 1.199618764820071e+00, 1.301543785195553e+02, 1.565832291654667e+02, 2.671689730700222e+05, 9.995564834820526e+04
1052, -3.854950895148190e-01, 1.579982608543100e-01, 1.199640206132643e+00, 1.301473469901709e+02, 1.553331356434261e+02, 2.670116498723937e+05, 9.995815468055062e+04
1053, -3.878770260119790e-01, 1.673410607473780e-01, 1.199735060263812e+00, 1.310050907754262e+02, 1.539537452701018e+02, 2.669535010509816e+05, 9.996921482288523e+04
1054, -3.905190159144930e-01, 1.761019707477950e-01, 1.199793113879071e+00, 1.318586891019790e+02, 1.527604472922398e+02, 2.669105689206773e+05, 9.997597921485985e+04
1055, -3.940394803067720e-01, 1.847963565284400e-01, 1.199832324621150e+00, 1.326810677930819e+02, 1.516675409081847e+02, 2.668734356325273e+05, 9.998054366184138e+04
1056, -3.976741720205310e-01, 1.934057161849040e-01, 1.199873207587528e+00, 1.335531713335127e+02, 1.506756498525968e+02, 2.668565494990797e+05, 9.998530564753905e+04
1057, -4.017323168275020e-01, 2.016690755294270e-01, 1.199906351551319e+00, 1.343853898801426e+02, 1.498081226865194e+02, 2.668500123222081e+05, 9.998916031776275e+04
1058, -4.065892601190330e-01, 2.096971571045080e-01, 1.199928210758276e+00, 1.351576353168163e+02, 1.490363722436715e+02, 2.668467107037781e+05, 9.999170954201286e+04
1059, -4.066154871696250e-01, 2.190865589290590e-01, 1.199963566736473e+00, 1.365088202363623e+02, 1.483125695786911e+02, 2.669196504991170e+05, 9.999577520912296e+04
1060, -4.122826540984990e-01, 2.263446590106210e-01, 1.199958461916447e+00, 1.371128268523103e+02, 1.477608137328843e+02, 2.669190535325338e+05, 9.999518942440271e+04
1061, -4.180781432699010e-01, 2.343175671265120e-01, 1.199970556834733e+00, 1.378342270801368e+02, 1.472282486237524e+02, 2.669396017835619e+05, 9.999660248696578e+04
1062, -4.243035698042460e-01, 2.423865047728750e-01, 1.199977720120308e+00, 1.385524270672965e+02, 1.467549700560918e+02, 2.669663084606180e+05, 9.999743128705073e+04
1063, -4.306827739419340e-01, 2.507069716161860e-01, 1.199985231444543e+00, 1.392865206561241e+02, 1.463393649673782e+02, 2.670026122452353e+05, 9.999830374662008e+04
1064, -4.377860983402440e-01, 2.588092866702300e-01, 1.199996238990130e+00, 1.399528054357982e+02, 1.459902809181314e+02, 2.670406620852857e+05, 9.999958515746375e+04
1065, -4.468417472103790e-01, 2.644962826448290e-01, 1.199980807967491e+00, 1.403185750301127e+02, 1.457268518428003e+02, 2.670470707258919e+05, 9.999778289117003e+04
1066, -3.728794562927470e-01, 1.576024966124420e-01, 1.199721286394327e+00, 1.320746806206674e+02, 1.550848683878757e+02, 2.672126215737999e+05, 9.996760236353822e+04
1067, -3.677944750770450e-01, 1.484381296729940e-01, 1.199724863256730e+00, 1.319656602617146e+02, 1.563028777930032e+02, 2.673597665449935e+05, 9.996805300751331e+04
1068, -3.751433327678570e-01, 1.676233188645770e-01, 1.199792905557267e+00, 1.328701210046446e+02, 1.536916462104051e+02, 2.671410711525751e+05, 9.997597584633784e+04
1069, -3.765036360254080e-01, 1.769348599529020e-01, 1.199853545691030e+00, 1.338060718112780e+02, 1.524808460104717e+02, 2.671073869642942e+05, 9.998303868988583e+04
1070, -3.795785700072870e-01, 1.860364685098320e-01, 1.199880975089876e+00, 1.345690208973348e+02, 1.514294085379520e+02, 2.670671250469086e+05, 9.998622365541146e+04
1071, -3.827813917414990e-01, 1.951524096740590e-01, 1.199907801366468e+00, 1.353793523073005e+02, 1.504665884001704e+02, 2.670445658382232e+05, 9.998934114513115e+04
1072, -3.648548438376120e-01, 1.365771256909210e-01, 1.199636174482426e+00, 1.314942335995824e+02, 1.580949950874314e+02, 2.675184177154544e+05, 9.995776957635672e+04
1073, -3.572803518388060e-01, 1.291772028701850e-01, 1.199639516959691e+00, 1.323532973387499e+02, 1.587956989706211e+02, 2.677064040638183e+05, 9.995817655420033e+04
1074, -3.476892943799880e-01, 1.273480865519950e-01, 1.199709685262861e+00, 1.338512913337260e+02, 1.582060722188904e+02, 2.678140819692338e+05, 9.996634583582974e+04
1075, -3.383475469528780e-01, 1.250881057843280e-01, 1.199768769502749e+00, 1.352177795762739e+02, 1.575606337264605e+02, 2.678986686158547e+05, 9.997321584359535e+04
1076, -3.291372069863180e-01, 1.228337912328390e-01, 1.199815830968963e+00, 1.364786064140064e+02, 1.568087743989133e+02, 2.679559197068251e+05, 9.997869534870483e+04
1077, -3.200899140099400e-01, 1.200409927604200e-01, 1.199855019685050e+00, 1.376140562675330e+02, 1.560544332174221e+02, 2.679980642221927e+05, 9.998325144215881e+04
1078, -3.113221721672470e-01, 1.168173412943670e-01, 1.199890556713960e+00, 1.386212930444637e+02, 1.553101129661352e+02, 2.680271970729826e+05, 9.998737101302078e+04
1079, -3.026034514427630e-01, 1.140531472618950e-01, 1.199915546491007e+00, 1.395389493136463e+02, 1.544688497447278e+02, 2.680318550232527e+05, 9.999027638766068e+04
1080, -2.941111888445750e-01, 1.107855356730910e-01, 1.199938939128969e+00, 1.403419933385493e+02, 1.536774779813699e+02, 2.680303154289175e+05, 9.999298511020723e+04
1081, -2.855569357778840e-01, 1.074333746234130e-01, 1.199956631896076e+00, 1.410656179572037e+02, 1.528692242884970e+02, 2.680167754429646e+05, 9.999503149579128e+04
1082, -2.768770075576140e-01, 1.040284457800740e-01, 1.199968597681446e+00, 1.417137758161546e+02, 1.520520353552419e+02, 2.679925992238405e+05, 9.999641530732847e+04
1083, -2.681182578858270e-01, 1.002823188063970e-01, 1.199978330547073e+00, 1.422860726207900e+02, 1.512634309703703e+02, 2.679633042041806e+05, 9.999753321700629e+04
1084, -2.589000654318020e-01, 9.655323917286900e-02, 1.199977105481699e+00, 1.428009001342919e+02, 1.504512308693870e+02, 2.679219716132367e+05, 9.999737349866897e+04
1085, -2.495732313408160e-01, 9.190669629317499e-02, 1.199983462574830e+00, 1.432446237909739e+02, 1.497144079262769e+02, 2.678844273106993e+05, 9.999810127969806e+04
1086, -2.402819376038680e-01, 8.639290731886599e-02, 1.199990406707807e+00, 1.436182691382810e+02, 1.490563943794872e+02, 2.678490767450509e+05, 9.999890428950977e+04
1087, -3.613034662183110e-01, 1.575649194538200e-01, 1.199804471149747e+00, 1.338057938055849e+02, 1.545833531893421e+02, 2.673628214684257e+05, 9.997732599214446e+04
1088, -3.571014431826940e-01, 1.479590327332830e-01, 1.199779123339014e+00, 1.336094264231488e+02, 1.557624199116964e+02, 2.674865683104770e+05, 9.997443344572624e+04
1089, -3.656282863929960e-01, 1.662880547004390e-01, 1.199815889959122e+00, 1.340498867914062e+02, 1.535549492027700e+02, 2.672611336802703e+05, 9.997864178363817e+04
1090, -3.459047412304330e-01, 1.482006628021090e-01, 1.199828030344482e+00, 1.352748543071139e+02, 1.549160642015532e+02, 2.675771327349541e+05, 9.998013047611338e+04
1091, -3.355984545022790e-01, 1.464534256897930e-01, 1.199882727573852e+00, 1.365731933430841e+02, 1.542997877363801e+02, 2.676598526781453e+05, 9.998647247209352e+04
1092, -3.251404070647170e-01, 1.448546449109230e-01, 1.199914055660870e+00, 1.378026548538733e+02, 1.535577299262468e+02, 2.677138406174264e+05, 9.999010338591748e+04
1093, -3.151782721081150e-01, 1.430795079225770e-01, 1.199926862527875e+00, 1.388552387999588e+02, 1.528220550898759e+02, 2.677447569356315e+05, 9.999157668129937e+04
1094, -3.057162487081470e-01, 1.413227597260440e-01, 1.199948234083492e+00, 1.397580762085246e+02, 1.520968149850685e+02, 2.677633066122141e+05, 9.999405571149201e+04
1095, -2.961768385617060e-01, 1.388324310397040e-01, 1.199965289126050e+00, 1.405586278352453e+02, 1.514153238381068e+02, 2.677753137375063e+05, 9.999603168933708e+04
1096, -2.867281956174850e-01, 1.361034104269250e-01, 1.199976207572824e+00, 1.412597605882654e+02, 1.507549728446100e+02, 2.677774992812922e+05, 9.999729503579426e+04
1097, -2.769790697110270e-01, 1.329798393072030e-01, 1.199986105400096e+00, 1.418932744541302e+02, 1.500998141025508e+02, 2.677728241336516e+05, 9.999843806512584e+04
1098, -2.670377703157850e-01, 1.295899568275070e-01, 1.199988334569489e+00, 1.424519469529631e+02, 1.494597930221772e+02, 2.677597156706633e+05, 9.999868604376208e+04
1099, -2.569532839578370e-01, 1.260438029253470e-01, 1.199990930089205e+00, 1.429359373253900e+02, 1.488430367261427e+02, 2.677413016315340e+05, 9.999897838072624e+04
1100, -3.508198874154570e-01, 1.579334446273960e-01, 1.199850378867302e+00, 1.353178584501271e+02, 1.539212420108521e+02, 2.674600251056617e+05, 9.998269182834806e+04
1101, -3.553034101465210e-01, 1.679414790664010e-01, 1.199887985328674e+00, 1.355879746815127e+02, 1.528659201972989e+02, 2.673659507492814e+05, 9.998704927106414e+04
1102, -3.622391500713550e-01, 1.767516862183200e-01, 1.199880934057975e+00, 1.355720389389777e+02, 1.520752008880374e+02, 2.672617294321171e+05, 9.998623123412755e+04
1103, -3.655013435799680e-01, 1.867520103559760e-01, 1.199908439093458e+00, 1.362518460104598e+02, 1.510311900217157e+02, 2.672144595455259e+05, 9.998942663750864e+04
1104, -3.683968332479980e-01, 1.964442340238980e-01, 1.199933447182201e+00, 1.369924597984733e+02, 1.501020392321804e+02, 2.671890902770818e+05, 9.999232832067579e+04
1105, -3.708858494259510e-01, 2.060075558874940e-01, 1.199953726618645e+00, 1.377815932315054e+02, 1.492721862548055e+02, 2.671815240461946e+05, 9.999468556069190e+04
1106, -3.740989344748600e-01, 2.154975887179940e-01, 1.199964910820557e+00, 1.385076644448714e+02, 1.485528177906564e+02, 2.671789217722669e+05, 9.999598219607977e+04
1107, -3.785110155587680e-01, 2.248344042807270e-01, 1.199970754766062e+00, 1.391373502759258e+02, 1.479373165452394e+02, 2.671773122225677e+05, 9.999664871111258e+04
1108, -3.831418099467590e-01, 2.342203760766890e-01, 1.199986050750078e+00, 1.397629673240135e+02, 1.473944440359937e+02, 2.671874129735025e+05, 9.999841705917845e+04
1109, -3.883550208547630e-01, 2.433050256404950e-01, 1.199992725713094e+00, 1.403227860054074e+02, 1.469378078370822e+02, 2.671985669469292e+05, 9.999918446401008e+04
1110, -3.944608642111350e-01, 2.521300197706690e-01, 1.199989783529941e+00, 1.408155855105468e+02, 1.465529131526463e+02, 2.672083972311356e+05, 9.999883603348529e+04
1111, -4.012783050849370e-01, 2.610759204338270e-01, 1.199985974298315e+00, 1.412885829137248e+02, 1.462144042839678e+02, 2.672216250290867e+05, 9.999838353063547e+04
1112, -3.400868991544090e-01, 1.569772743333610e-01, 1.199887421481298e+00, 1.366530698378799e+02, 1.533089461589090e+02, 2.675431748979436e+05, 9.998699466611666e+04
1113, -3.296142822603630e-01, 1.548004111206480e-01, 1.199927070999968e+00, 1.377879081603121e+02, 1.527726082019586e+02, 2.676154555773044e+05, 9.999159058532248e+04
1114, -3.184932266985650e-01, 1.544561482968510e-01, 1.199934539373891e+00, 1.389859258398484e+02, 1.519182964057303e+02, 2.676472037739045e+05, 9.999245330481970e+04
1115, -3.089084992557560e-01, 1.541511534823470e-01, 1.199953232873615e+00, 1.399072177110228e+02, 1.511719330016987e+02, 2.676651487604909e+05, 9.999462009592762e+04
1116, -2.989162853389830e-01, 1.518099867459780e-01, 1.199971782234863e+00, 1.406934706576272e+02, 1.505668021777891e+02, 2.676860971677690e+05, 9.999677000315380e+04
1117, -2.888880684682240e-01, 1.496268337155570e-01, 1.199976120983633e+00, 1.414002886800587e+02, 1.499426442716889e+02, 2.676922039311367e+05, 9.999726765894254e+04
1118, -2.793091108483210e-01, 1.464109546313480e-01, 1.199982594611176e+00, 1.419710258710612e+02, 1.494271163933792e+02, 2.676970592834818e+05, 9.999801512645016e+04
1119, -2.688753881459470e-01, 1.433969837726930e-01, 1.199985920972425e+00, 1.425228188582795e+02, 1.488463421224458e+02, 2.676911915023508e+05, 9.999839564743587e+04
1120, -3.440762852806490e-01, 1.672027410370360e-01, 1.199914502830484e+00, 1.369155266168278e+02, 1.523278504517163e+02, 2.674555795119926e+05, 9.999012772520661e+04
1121, -3.479646271629530e-01, 1.772169812967880e-01, 1.199926764065721e+00, 1.372794906426958e+02, 1.513988331248689e+02, 2.673829830993654e+05, 9.999155750104996e+04
1122, -3.520657764482680e-01, 1.869406646845890e-01, 1.199920045820011e+00, 1.376905830835354e+02, 1.505516689640992e+02, 2.673216429320871e+05, 9.999077796283897e+04
1123, -3.549015946266980e-01, 1.974230651585500e-01, 1.199940302949604e+00, 1.383616716768969e+02, 1.496495228973163e+02, 2.672915609631459e+05, 9.999312464272747e+04
1124, -3.568439643777690e-01, 2.075652564885580e-01, 1.199972700233222e+00, 1.390942490877661e+02, 1.488514523395088e+02, 2.672859314848047e+05, 9.999688772367372e+04
1125, -3.593169016673450e-01, 2.174753234329890e-01, 1.199983004538624e+00, 1.397585277015147e+02, 1.481797214507349e+02, 2.672828076745705e+05, 9.999807914710786e+04
1126, -3.633947799482070e-01, 2.275289343769040e-01, 1.199980593798923e+00, 1.403239700142643e+02, 1.476046224806909e+02, 2.672772216647374e+05, 9.999778667865037e+04
1127, -3.414965280045710e-01, 1.374351607402180e-01, 1.199815120511292e+00, 1.352695449598132e+02, 1.560754207021693e+02, 2.677232358359437e+05, 9.997863436489548e+04
1128, -3.518903322384180e-01, 1.391045632230810e-01, 1.199743011735408e+00, 1.337911493926981e+02, 1.567409412841827e+02, 2.676243603999483e+05, 9.997026231844025e+04
1129, -2.583807201966000e-01, 1.404786993864800e-01, 1.199990756862743e+00, 1.429992879211542e+02, 1.482824071979313e+02, 2.676793751975768e+05, 9.999895082825709e+04
1130, -3.681007824435960e-01, 2.375625683350790e-01, 1.199985536271969e+00, 1.408497985766425e+02, 1.471090384903509e+02, 2.672793087831865e+05, 9.999835102488566e+04
1131, -2.466715006476260e-01, 1.217951689366000e-01, 1.199996410518015e+00, 1.433494295965609e+02, 1.482778265174449e+02, 2.677221422671814e+05, 9.999960690086041e+04
1132, -3.330980629155790e-01, 1.654236905977210e-01, 1.199934935019104e+00, 1.380412788598285e+02, 1.518328033032099e+02, 2.675274316376372e+05, 9.999249296932126e+04
1133, -3.230089099658250e-01, 1.628967086262460e-01, 1.199949669428273e+00, 1.389499560996811e+02, 1.514028240827716e+02, 2.675820345120412e+05, 9.999420101692130e+04
1134, -3.728566314495420e-01, 2.475761415293990e-01, 1.199996983190531e+00, 1.413621956351160e+02, 1.466823884534161e+02, 2.672904834889012e+05, 9.999967710118729e+04
1135, -2.307364685120820e-01, 7.989993708645600e-02, 1.199992068313145e+00, 1.439371181919813e+02, 1.484473785125301e+02, 2.678122302979462e+05, 9.999909198938998e+04
1136, -3.353904918602320e-01, 1.759001831968270e-01, 1.199948787007510e+00, 1.385060179059762e+02, 1.508786813314799e+02, 2.674644594390406e+05, 9.999410314212693e+04
1137, -2.475199404861530e-01, 1.368406667920070e-01, 1.199996687149056e+00, 1.434080195600042e+02, 1.477638647137756e+02, 2.676658118096559e+05, 9.999963524990935e+04
1138, -3.316338874324280e-01, 1.354019824603260e-01, 1.199860875083937e+00, 1.365590224376661e+02, 1.553853662949300e+02, 2.677923300409595e+05, 9.998394192455386e+04
1139, -3.220203217796550e-01, 1.331374026325710e-01, 1.199890572796653e+00, 1.377117025767473e+02, 1.546581738261093e+02, 2.678382881885273e+05, 9.998738616753198e+04
1140, -3.126452784511000e-01, 1.306254201302810e-01, 1.199914749583073e+00, 1.387336236841008e+02, 1.539191092160485e+02, 2.678676210949359e+05, 9.999018824648108e+04
1141, -3.035440744983870e-01, 1.280236680760110e-01, 1.199939282261450e+00, 1.396345048701477e+02, 1.531744753596356e+02, 2.678835731494016e+05, 9.999303114843843e+04
1142, -2.944714285029620e-01, 1.253664341164310e-01, 1.199956616674090e+00, 1.404430317862474e+02, 1.524139412342721e+02, 2.678858560273459e+05, 9.999504113904184e+04
1143, -2.853922489322590e-01, 1.222444680080100e-01, 1.199972178850310e+00, 1.411590560988821e+02, 1.516839734375532e+02, 2.678816429177197e+05, 9.999684011178471e+04
1144, -2.761552571662330e-01, 1.188703531466440e-01, 1.199982289782553e+00, 1.418005867804884e+02, 1.509581734938552e+02, 2.678685160034374e+05, 9.999800479417875e+04
1145, -2.667429611630970e-01, 1.153092927205500e-01, 1.199985491014723e+00, 1.423686769665218e+02, 1.502421982126626e+02, 2.678467794507621e+05, 9.999836573016325e+04
1146, -2.572590809359630e-01, 1.111091385705790e-01, 1.199989131981977e+00, 1.428590829755495e+02, 1.495784927338997e+02, 2.678231167346528e+05, 9.999877493592144e+04
1147, -2.474972821054340e-01, 1.068060405148470e-01, 1.199989793145860e+00, 1.432864009591061e+02, 1.489275672813498e+02, 2.677932542157917e+05, 9.999883897269868e+04
1148, -2.375957256362610e-01, 1.019608653318480e-01, 1.199992092278399e+00, 1.436479490506013e+02, 1.483308598616619e+02, 2.677631842989315e+05, 9.999909734922822e+04
1149, -2.274996958816550e-01, 9.634937147940600e-02, 1.199992069663498e+00, 1.439505082235017e+02, 1.477901221865285e+02, 2.677327021997869e+05, 9.999908915951126e+04
1150, -4.083517631152690e-01, 2.708384205853160e-01, 1.199993371176476e+00, 1.418014790629083e+02, 1.459060879626533e+02, 2.672466362560342e+05, 9.999924206175841e+04
1151, -3.786239380836880e-01, 2.567401139517200e-01, 1.200000461939215e+00, 1.417608294689083e+02, 1.463531196417910e+02, 2.672982586558067e+05, 1.000000780591077e+05
1152, -2.359264024774470e-01, 1.174700255253150e-01, 1.199998000638361e+00, 1.437076209363009e+02, 1.477279670454407e+02, 2.676975872876267e+05, 9.999978435964060e+04
1153, -3.745811066446970e-01, 1.410450099275400e-01, 1.199577381626274e+00, 1.301578442549641e+02, 1.578286980854081e+02, 2.673211515623042e+05, 9.995084284028206e+04
1154, -4.577805178133760e-01, 2.722094207964910e-01, 1.199984413560621e+00, 1.408702856696621e+02, 1.454404753022361e+02, 2.670779525299851e+05, 9.999819738695771e+04
1155, -4.578690675814280e-01, -1.411871952276280e-01, 1.198996887737161e+00, 1.696800968041801e+02, 1.505877916810313e+02, 2.711706263210637e+05, 9.988307090348413e+04
1156, -3.389277478921910e-01, 1.862417981169990e-01, 1.199946634752342e+00, 1.389088826613534e+02, 1.500628726488015e+02, 2.674081445426065e+05, 9.999385730891646e+04
1157, -3.430545328187300e-01, 1.967257305757980e-01, 1.199941531604991e+00, 1.393344708011365e+02, 1.493106567198765e+02, 2.673622232375534e+05, 9.999325609206570e+04
1158, -3.438168289134180e-01, 2.083421399749120e-01, 1.199981366885514e+00, 1.401327008393391e+02, 1.484456591083519e+02, 2.673588579235768e+05, 9.999788739465787e+04
1159, -3.444166100390460e-01, 2.185548886422480e-01, 1.200002126769809e+00, 1.408039737306122e+02, 1.477945145595412e+02, 2.673627866276757e+05, 1.000002973673898e+05
1160, -3.485231651232770e-01, 2.287738693110940e-01, 1.199988184412407e+00, 1.412497042795754e+02, 1.472977494792845e+02, 2.673501928797823e+05, 9.999865781100110e+04
1161, -3.530829457493390e-01, 2.398133309467430e-01, 1.199989933934050e+00, 1.417181823772884e+02, 1.468302879692142e+02, 2.673486053466852e+05, 9.999885447142227e+04
1162, -3.574942905831650e-01, 2.507191400116720e-01, 1.199993694284242e+00, 1.421704523235225e+02, 1.464353191070870e+02, 2.673548628306107e+05, 9.999928528423300e+04
1163, -4.878140802551060e-01, -1.460719556953820e-01, 1.198994343805100e+00, 1.701122477874596e+02, 1.455701230798801e+02, 2.706115903117017e+05, 9.988282226962846e+04
1164, -3.238422990940340e-01, 1.732339254311060e-01, 1.199961217558533e+00, 1.394475651599838e+02, 1.504632982149116e+02, 2.675247787842325e+05, 9.999554689541241e+04
1165, -3.127952903270200e-01, 1.668934717823310e-01, 1.199971921160134e+00, 1.401090104488712e+02, 1.503221742175665e+02, 2.675870862524320e+05, 9.999678800574597e+04
1166, -3.018528978281770e-01, 1.645474309306510e-01, 1.199972784364769e+00, 1.409055227705514e+02, 1.497742221204049e+02, 2.676120331510468e+05, 9.999687275543463e+04
1167, -2.913262328818580e-01, 1.625335150495720e-01, 1.199983579077770e+00, 1.415901012090108e+02, 1.492227378383130e+02, 2.676268709852359e+05, 9.999812151050640e+04
1168, -2.807176524284720e-01, 1.604704601526560e-01, 1.199990053790321e+00, 1.421920823298643e+02, 1.486794454814505e+02, 2.676324002972866e+05, 9.999887402006934e+04
1169, -2.719586556923880e-01, 1.560702713963620e-01, 1.199989169790945e+00, 1.425750606657912e+02, 1.483843382750126e+02, 2.676410629197393e+05, 9.999876817645057e+04
1170, -2.615195153544260e-01, 1.546848422826110e-01, 1.199993044754844e+00, 1.430446257420952e+02, 1.478453899875563e+02, 2.676314781465878e+05, 9.999921299461117e+04
1171, -3.022100267435640e-01, -8.201960792314200e-02, 1.199894223308166e+00, 1.501739390811848e+02, 1.561104304499008e+02, 2.695220927429833e+05, 9.998770127322964e+04
1172, -4.724249780076050e-01, -1.453373717180830e-01, 1.199020419328652e+00, 1.698051090688428e+02, 1.480691853079881e+02, 2.708810833266294e+05, 9.988581209795026e+04
1173, -3.920972310039000e-01, 9.903493781212400e-02, 1.198359412132745e+00, 1.251900877449709e+02, 1.661498632771724e+02, 2.675791621799192e+05, 9.980873413875912e+04
1174, -3.810468579547000e-01, 9.556744711625099e-02, 1.198635410014912e+00, 1.275073043481995e+02, 1.665842444591336e+02, 2.679601161186423e+05, 9.984095900043793e+04
1175, -3.713776129155140e-01, 9.359905713082101e-02, 1.198853782803772e+00, 1.294463725460847e+02, 1.663537695505598e+02, 2.681962933573100e+05, 9.986644747313355e+04
1176, -3.625732369484090e-01, 9.077582785232199e-02, 1.199037591105952e+00, 1.311974353744325e+02, 1.660300769439739e+02, 2.683924928290767e+05, 9.988788126220273e+04
1177, -3.541442303337580e-01, 8.775833415824601e-02, 1.199185675805304e+00, 1.328212116204246e+02, 1.655195940654967e+02, 2.685415690781284e+05, 9.990516194505905e+04
1178, -3.459614630223370e-01, 8.579821060733001e-02, 1.199316138130272e+00, 1.342559548116525e+02, 1.646526242275855e+02, 2.686179621463396e+05, 9.992037076299894e+04
1179, -3.376924294003330e-01, 8.330195060183999e-02, 1.199450790698098e+00, 1.356315715665144e+02, 1.636943770602100e+02, 2.686785912781546e+05, 9.993602569871313e+04
1180, -3.301339506485880e-01, 7.984519134712600e-02, 1.199552007176421e+00, 1.368550268005253e+02, 1.628518503175678e+02, 2.687308084585308e+05, 9.994783623459074e+04
1181, -3.226063384363400e-01, 7.616860497097699e-02, 1.199638118632704e+00, 1.379896168797618e+02, 1.619229238052147e+02, 2.687588047642600e+05, 9.995788511452923e+04
1182, -3.151309960929820e-01, 7.251995075687800e-02, 1.199708774246983e+00, 1.390169603958780e+02, 1.609038444851301e+02, 2.687597959236089e+05, 9.996612862939860e+04
1183, -3.077313237279760e-01, 6.899774460343600e-02, 1.199761259472931e+00, 1.399286784726053e+02, 1.598182058825348e+02, 2.687351702417230e+05, 9.997225596376123e+04
1184, -3.007228605706210e-01, 6.474624730078000e-02, 1.199813612067827e+00, 1.407468046934962e+02, 1.588220024998690e+02, 2.687129852203308e+05, 9.997834618166734e+04
1185, -2.932754771185060e-01, 6.189345775442500e-02, 1.199839490483043e+00, 1.414378220440791e+02, 1.576087659835244e+02, 2.686413775011742e+05, 9.998135436373157e+04
1186, -2.866108770350110e-01, 5.703228650365100e-02, 1.199882271161709e+00, 1.420766513716828e+02, 1.566699219654109e+02, 2.686056532174909e+05, 9.998632325228723e+04
1187, -2.803166496894480e-01, 5.014210762292300e-02, 1.199912750846309e+00, 1.427079763269769e+02, 1.558795486801656e+02, 2.685860478967665e+05, 9.998987784975368e+04
1188, -2.734148155022880e-01, 4.395598153144400e-02, 1.199919743070095e+00, 1.432500998341177e+02, 1.549143480444322e+02, 2.685275632704488e+05, 9.999068797484912e+04
1189, -2.664143755795540e-01, 3.791645370819600e-02, 1.199932343706659e+00, 1.436997612086060e+02, 1.539246002522657e+02, 2.684574164244804e+05, 9.999214921799811e+04
1190, -2.591919312577970e-01, 3.225106847316200e-02, 1.199961717742117e+00, 1.440600026393738e+02, 1.529180622168419e+02, 2.683800102530002e+05, 9.999556639822730e+04
1191, -2.523121488451030e-01, 2.347552460363100e-02, 1.199984016046539e+00, 1.444364353048209e+02, 1.520489341176194e+02, 2.683209886277849e+05, 9.999817077782759e+04
1192, -2.474387949726600e-01, 1.291983274966400e-02, 1.199973764252620e+00, 1.447725106234063e+02, 1.514570224515994e+02, 2.682837684001800e+05, 9.999696248386799e+04
1193, -2.450370232003120e-01, 2.576072053229000e-03, 1.199972077440252e+00, 1.450415558973762e+02, 1.511412788560077e+02, 2.682759687608309e+05, 9.999676080645679e+04
1194, -2.462361904340600e-01, -1.004393764426600e-02, 1.199972329030715e+00, 1.453626839345889e+02, 1.512017126339455e+02, 2.683225267989869e+05, 9.999679701436032e+04
1195, -3.112625749705530e-01, -9.044214041719500e-02, 1.199889817273865e+00, 1.512030531704787e+02, 1.565735053779566e+02, 2.697103837704847e+05, 9.998715743532826e+04
1196, -3.194683838993590e-01, -9.549178182405001e-02, 1.199823688402964e+00, 1.521760017485362e+02, 1.571335029157473e+02, 2.698883648099682e+05, 9.997942851058250e+04
1197, -6.409059416142791e-01, 1.619114595513000e-03, 1.198853537889810e+00, 1.458146867219202e+02, 1.183359027803638e+02, 2.643738582834408e+05, 9.986637115996570e+04
1198, -5.827145674435170e-01, -3.964839986922700e-02, 1.196314766006290e+00, 1.594991741427483e+02, 1.157064921711269e+02, 2.651538947633035e+05, 9.957029323383579e+04
1199, -5.922503898225800e-01, -3.598432038811700e-02, 1.196838319304634e+00, 1.574124515323027e+02, 1.149654647781350e+02, 2.649518969868022e+05, 9.963140694389812e+04
1200, -6.021422160528670e-01, -3.237285812400500e-02, 1.197346822798811e+00, 1.554070038009303e+02, 1.148343400452320e+02, 2.648188215498583e+05, 9.969069535274881e+04
1201, -6.121652732598610e-01, -2.857438462833900e-02, 1.197829458655310e+00, 1.535017213191602e+02, 1.152668947285663e+02, 2.647491265448829e+05, 9.974698252283405e+04
1202, -6.223497490997300e-01, -2.415601150642200e-02, 1.198266292724527e+00, 1.516469691188326e+02, 1.161896444194585e+02, 2.647238489398299e+05, 9.979793257090390e+04
1203, -6.327104622927250e-01, -1.891550918647900e-02, 1.198650336661328e+00, 1.498628613466645e+02, 1.175602175449012e+02, 2.647402051481970e+05, 9.984272673945047e+04
1204, -5.056395459668540e-01, 2.532043621375850e-01, 1.199994920737064e+00, 1.385065828209484e+02, 1.445659328483323e+02, 2.667000560684323e+05, 9.999943041279592e+04
1205, -6.221069485508700e-01, -3.788020036133900e-02, 1.198428970979796e+00, 1.541949463225135e+02, 1.176413590298205e+02, 2.652360321268301e+05, 9.981693262676301e+04
1206, -6.399696745501779e-01, 7.846260453823600e-02, 1.199308483922309e+00, 1.348379806973708e+02, 1.240920928486719e+02, 2.637983423452555e+05, 9.991942182096987e+04
1207, -5.520103343247070e-01, 2.131803136305020e-01, 1.199892504186092e+00, 1.337308304671041e+02, 1.416567491823440e+02, 2.657828761663831e+05, 9.998748888038080e+04
1208, -5.754410244986350e-01, 1.878264618631090e-01, 1.199818620816356e+00, 1.313793520252873e+02, 1.386703975232376e+02, 2.651535987727854e+05, 9.997885124873037e+04
1209, -5.345205642077880e-01, -1.264751651771020e-01, 1.198566084876572e+00, 1.715641379167440e+02, 1.363444822937068e+02, 2.696161973211300e+05, 9.983289137962692e+04
1210, -5.728456537226621e-01, -7.644039824842901e-02, 1.197333588632464e+00, 1.674815173609710e+02, 1.226698278279831e+02, 2.672202904953876e+05, 9.968912909446831e+04
1211, -5.663568229013560e-01, -8.620556502393900e-02, 1.197514253151303e+00, 1.692526818942420e+02, 1.251875313916831e+02, 2.677798277676279e+05, 9.971020069295182e+04
1212, -4.268779608042680e-01, -1.471558188223390e-01, 1.199391684920351e+00, 1.650745426169920e+02, 1.534435833174931e+02, 2.709979423545325e+05, 9.992912691226078e+04
1213, -3.620706709677710e-01, 2.615669022695570e-01, 1.200006765000664e+00, 1.425891322861039e+02, 1.461077869350400e+02, 2.673682265800132e+05, 1.000008054512928e+05
1214, -2.561148030759470e-01, -3.168251547503400e-02, 1.199984320673852e+00, 1.461074920917447e+02, 1.521186425790444e+02, 2.685321505666030e+05, 9.999818323478711e+04
1215, -2.361266528648490e-01, 1.327109147182180e-01, 1.200001039106941e+00, 1.437594653025945e+02, 1.472770085333520e+02, 2.676492003889675e+05, 1.000001360841679e+05
1216, -6.204625965652760e-01, -5.189667444722700e-02, 1.198572981247270e+00, 1.565058592390504e+02, 1.193638739508702e+02, 2.657460323011135e+05, 9.983375553422651e+04
1217, -5.841185702998990e-01, 1.761606208910510e-01, 1.199752622281397e+00, 1.305226657539002e+02, 1.370782546542027e+02, 2.648587830696472e+05, 9.997117968022793e+04
1218, -5.643470088738020e-01, 2.078267444538110e-01, 1.199880434704035e+00, 1.337070930386841e+02, 1.408790188478270e+02, 2.656853559886362e+05, 9.998610175585741e+04
1219, -2.500423541640250e-01, 1.513695786479980e-01, 1.199997156174638e+00, 1.434535469302251e+02, 1.473732465330937e+02, 2.676233374826469e+05, 9.999968596632211e+04
1220, -6.408119058294420e-01, 9.850519908422201e-02, 1.199472246968370e+00, 1.340835274443588e+02, 1.273359560989120e+02, 2.640995692960038e+05, 9.993851397246573e+04
1221, -2.473275721670060e-01, -2.345465016310700e-02, 1.199977427064284e+00, 1.456981694559172e+02, 1.511352079051166e+02, 2.683562224595005e+05, 9.999738287473883e+04
1222, -5.285415468064480e-01, 2.440242644323810e-01, 1.199956977065697e+00, 1.376351359259303e+02, 1.437992229490997e+02, 2.664971190553381e+05, 9.999500299780503e+04
1223, -5.820235453685551e-01, -6.978114190337301e-02, 1.197424090967551e+00, 1.651736177010000e+02, 1.207749323031501e+02, 2.667321722216715e+05, 9.969970605302938e+04
1224, -4.488908365387130e-01, -1.491326242194210e-01, 1.199275744834382e+00, 1.672564979622565e+02, 1.510771014154758e+02, 2.709680051631280e+05, 9.991558460754708e+04
1225, -5.051935241168271e-01, -1.480923377281990e-01, 1.199088143307491e+00, 1.694936090306680e+02, 1.427986652486475e+02, 2.702165594027204e+05, 9.989380781620722e+04
1226, -2.219522965411220e-01, 4.422311373575400e-02, 1.200011126207888e+00, 1.444394906549944e+02, 1.484252991893683e+02, 2.678751281454340e+05, 1.000013115567890e+05
1227, -2.655751665008910e-01, -3.998854807182900e-02, 1.199963485053393e+00, 1.466523746673516e+02, 1.532199129951484e+02, 2.687330150126397e+05, 9.999576774228865e+04
1228, -2.759394306810720e-01, -4.676887419303100e-02, 1.199935190420297e+00, 1.473308592960815e+02, 1.545497985081900e+02, 2.689789226471760e+05, 9.999248826120251e+04
1229, -2.799366307508940e-01, -5.655033976369700e-02, 1.199914757742982e+00, 1.478435196545083e+02, 1.546293509723512e+02, 2.690465068863289e+05, 9.999007044577783e+04
1230, -2.849804669390960e-01, -6.772105427840799e-02, 1.199917843849053e+00, 1.484481424549325e+02, 1.546703009586781e+02, 2.691272976178032e+05, 9.999043575110825e+04
1231, -2.885284319050200e-01, -7.977692924048600e-02, 1.199942273468040e+00, 1.489109862436287e+02, 1.542768027233759e+02, 2.691407681629062e+05, 9.999330301917990e+04
1232, -6.458376027166960e-01, 2.450262845513600e-02, 1.199026273666020e+00, 1.420108192026301e+02, 1.197585152823166e+02, 2.641067401729976e+05, 9.988649614078293e+04
1233, -6.374577646823070e-01, 1.099083259955900e-01, 1.199528753528041e+00, 1.334534472620759e+02, 1.287542666345800e+02, 2.641965828744681e+05, 9.994513428006857e+04
1234, -3.263853195909620e-01, 1.852989002749090e-01, 1.199961638869425e+00, 1.399460357835266e+02, 1.495480745051914e+02, 2.674685016883540e+05, 9.999559057726909e+04
1235, -3.315374308784320e-01, 1.962997902602240e-01, 1.199961433485986e+00, 1.402208168202323e+02, 1.489076714199516e+02, 2.674208576681977e+05, 9.999555695766046e+04
1236, -3.346472311444260e-01, 2.065854448790190e-01, 1.199982978287394e+00, 1.406488214159779e+02, 1.482905980228859e+02, 2.674004898094227e+05, 9.999806509632921e+04
1237, -3.858118786290240e-01, 2.659880741885640e-01, 1.199985480374701e+00, 1.421135295201945e+02, 1.460675396906647e+02, 2.673010152096957e+05, 9.999832542486854e+04
1238, -6.009075326305180e-01, 1.763904151544320e-01, 1.199832762537142e+00, 1.327858968576901e+02, 1.371178538972865e+02, 2.651339711021114e+05, 9.998050869185395e+04
1239, -5.502286213084100e-01, -1.244521266538160e-01, 1.198698696676815e+00, 1.698595563528970e+02, 1.337899986217717e+02, 2.691220927527917e+05, 9.984837268996338e+04
1240, -3.611021008639500e-01, -1.352155082589200e-01, 1.199744707173790e+00, 1.565681342007544e+02, 1.556332655417353e+02, 2.702363164647887e+05, 9.997024919608737e+04
1241, -3.144036291531100e-01, 1.791186202467940e-01, 1.199983850538864e+00, 1.405682415427880e+02, 1.494169516484245e+02, 2.675310136302650e+05, 9.999816839359212e+04
1242, -3.029964492321090e-01, 1.766433434359010e-01, 1.199984945870918e+00, 1.412892900799421e+02, 1.489713368673252e+02, 2.675605808051667e+05, 9.999829039764745e+04
1243, -2.920694948635020e-01, 1.749191171053750e-01, 1.199980660271258e+00, 1.419247175242299e+02, 1.484887369942864e+02, 2.675745318898295e+05, 9.999777768147428e+04
1244, -2.806712055846990e-01, 1.724639852323910e-01, 1.199992534214243e+00, 1.424856353107771e+02, 1.480278647346836e+02, 2.675873383015560e+05, 9.999915737964251e+04
1245, -2.679486946536650e-01, 1.680124366631190e-01, 1.199991491779428e+00, 1.429901060142618e+02, 1.476019341477334e+02, 2.675945760765994e+05, 9.999903029389936e+04
1246, -4.388674344954670e-01, -1.559543184283650e-01, 1.199470373705976e+00, 1.648397928279300e+02, 1.514150887728332e+02, 2.707293780645235e+05, 9.993828331099110e+04
1247, -5.188875618517800e-01, 2.545863420310930e-01, 1.200000468356940e+00, 1.388512491089863e+02, 1.442618397142780e+02, 2.667048193197423e+05, 1.000000723729957e+05
1248, -6.509919357282100e-01, 8.316195326236000e-03, 1.199150265597537e+00, 1.446811200600042e+02, 1.205747033388295e+02, 2.645424387360819e+05, 9.990097203686959e+04
1249, -2.762227365301000e-01, -3.553546228738600e-02, 1.199942709481057e+00, 1.469450346542420e+02, 1.551368354009144e+02, 2.690093675485078e+05, 9.999333686448933e+04
1250, -2.680536459368630e-01, -2.682780076215100e-02, 1.199957781675746e+00, 1.463171380738826e+02, 1.540820499972928e+02, 2.688008687860291e+05, 9.999508559020495e+04
1251, -6.216092159873120e-01, 1.444235479482130e-01, 1.199713525160668e+00, 1.323567384680098e+02, 1.330716600655339e+02, 2.645976862007747e+05, 9.996661039755837e+04
1252, -3.208473784847840e-01, 1.974957118740980e-01, 1.199987124741777e+00, 1.410481231918367e+02, 1.484019769995440e+02, 2.674622525339036e+05, 9.999853941533461e+04
1253, -3.240182698602670e-01, 2.081895850448180e-01, 1.200000283857108e+00, 1.414113092797741e+02, 1.478529131698196e+02, 2.674408515131157e+05, 1.000000685346296e+05
1254, -3.291714170249490e-01, 2.185557722647110e-01, 1.200001594680096e+00, 1.416709330649940e+02, 1.474221518944243e+02, 2.674188293848325e+05, 1.000002169886833e+05
1255, -3.330273520841150e-01, 2.291483675359090e-01, 1.199997431067924e+00, 1.420380835452642e+02, 1.469849439098003e+02, 2.674074404132374e+05, 9.999972943964195e+04
1256, -2.381822328183080e-01, 1.475079761601370e-01, 1.200000577160832e+00, 1.437956481211949e+02, 1.469439388271246e+02, 2.676125705305513e+05, 1.000000800045066e+05
1257, -2.172445630968450e-01, 8.937375213363700e-02, 1.199993472711112e+00, 1.442000919307702e+02, 1.473157199962573e+02, 2.677047128585884e+05, 9.999924863961352e+04
1258, -5.383862902479351e-01, 2.340273247164910e-01, 1.199913449135021e+00, 1.364674222173458e+02, 1.431955723624780e+02, 2.662794347972123e+05, 9.998991531332109e+04
1259, -2.208436135746710e-01, 7.120243043884300e-02, 1.199999355651376e+00, 1.442150570175893e+02, 1.479020324058936e+02, 2.677802610906729e+05, 9.999993497394188e+04
1260, -6.432714392997410e-01, -1.302079561630600e-02, 1.198986303720768e+00, 1.482424246962721e+02, 1.193574287068128e+02, 2.648100260219516e+05, 9.988190431383601e+04
1261, -2.248542426035150e-01, 1.126621169635990e-01, 1.199996569356325e+00, 1.440052855041104e+02, 1.472273117315153e+02, 2.676713316476386e+05, 9.999961185446351e+04
1262, -5.762008067038750e-01, 2.032691830651890e-01, 1.199871455492026e+00, 1.339779555256953e+02, 1.402332355312169e+02, 2.656373558456277e+05, 9.998502855003213e+04
1263, -3.383828906919820e-01, 2.406170964481660e-01, 1.199993252306945e+00, 1.423775394215479e+02, 1.465901014261809e+02, 2.673981929394059e+05, 9.999923444425693e+04
1264, -5.938695077757720e-01, -6.919086235703800e-02, 1.197931014365271e+00, 1.629935867659619e+02, 1.204265557252394e+02, 2.665389667616530e+05, 9.975885386142007e+04
1265, -6.057118982570430e-01, -6.746544295787001e-02, 1.198357899189072e+00, 1.607003133299266e+02, 1.205643711227826e+02, 2.663614983930277e+05, 9.980865539324496e+04
1266, -4.162663869155080e-01, 2.804430278339340e-01, 1.199993935173785e+00, 1.422565606574528e+02, 1.456550757866539e+02, 2.672701499856496e+05, 9.999930338516906e+04
1267, -2.318722045515180e-01, 9.896951584233000e-03, 1.199983321959602e+00, 1.448713902879847e+02, 1.496146243156610e+02, 2.680671973942079e+05, 9.999806923351761e+04
1268, -6.330950316074130e-01, -3.316049294030000e-02, 1.198787510039671e+00, 1.522313568065130e+02, 1.189142151341168e+02, 2.652105088980651e+05, 9.985875055048052e+04
1269, -4.147262467137600e-01, -1.486693145148340e-01, 1.199479210803378e+00, 1.631529252868352e+02, 1.539826555956920e+02, 2.708280023638349e+05, 9.993930306174421e+04
1270, -3.049110530092930e-01, 1.876591111737040e-01, 1.199989060683377e+00, 1.416094161441397e+02, 1.483524662041601e+02, 2.675227617857802e+05, 9.999876064574411e+04
1271, -3.155390521571890e-01, 1.897594196854650e-01, 1.199984159705705e+00, 1.410135148797180e+02, 1.486992600819910e+02, 2.674941709494645e+05, 9.999819576375331e+04
1272, -2.933979192524530e-01, 1.875937556257270e-01, 1.199981380187096e+00, 1.422620109260700e+02, 1.478432565128115e+02, 2.675349680038939e+05, 9.999786029424188e+04
1273, -2.828560820333340e-01, 1.862278603713510e-01, 1.199989770275255e+00, 1.427396513066548e+02, 1.474617292110649e+02, 2.675470508246517e+05, 9.999883221322839e+04
1274, -5.912709222218180e-01, 1.879043161770640e-01, 1.199825481169751e+00, 1.332077860059116e+02, 1.384971996967712e+02, 2.653371123353085e+05, 9.997965167377623e+04
1275, -5.776167034246340e-01, -8.886292894641300e-02, 1.198035524968895e+00, 1.672830438925122e+02, 1.247006955483683e+02, 2.675964206675187e+05, 9.977102413548912e+04
1276, -4.920979065069570e-01, -1.547968792659800e-01, 1.199234647519836e+00, 1.681588883128070e+02, 1.448938148298314e+02, 2.703201711081002e+05, 9.991088936215857e+04
1277, -5.498432929493660e-01, 2.271480865942410e-01, 1.199910546950778e+00, 1.359265817047519e+02, 1.425552374124046e+02, 2.661409819420725e+05, 9.998957215820211e+04
1278, -6.182810120533440e-01, -6.639478422882999e-02, 1.198753038010539e+00, 1.584251447597790e+02, 1.214728135022859e+02, 2.662600638411218e+05, 9.985475422724552e+04
1279, -5.864614494695710e-01, 1.985780236043700e-01, 1.199830749059856e+00, 1.342496243819522e+02, 1.396646219531333e+02, 2.655899978594931e+05, 9.998025543971008e+04
1280, -3.127066599604200e-01, 2.068667443823240e-01, 1.199992351527098e+00, 1.419765143342569e+02, 1.475584261446670e+02, 2.674691255048755e+05, 9.999913570093093e+04
1281, -5.300883189951670e-01, -1.374699264439250e-01, 1.198910229803944e+00, 1.701301022431701e+02, 1.382235827453317e+02, 2.697215993506807e+05, 9.987302533950357e+04
1282, -3.422703011502600e-01, 2.525312026392330e-01, 1.199997500576156e+00, 1.427842252946787e+02, 1.462187951705682e+02, 2.674023754098439e+05, 9.999972382236924e+04
1283, -6.321509523786299e-01, -4.806771706105100e-02, 1.198913866167731e+00, 1.544046987679769e+02, 1.205620737673404e+02, 2.656882746296892e+05, 9.987351140485653e+04
1284, -2.752548930592100e-01, -7.598608995053301e-02, 1.199946672720084e+00, 1.479062819781814e+02, 1.526983339130917e+02, 2.688157723736187e+05, 9.999379930449833e+04
1285, -2.723475913118890e-01, -6.484281776443400e-02, 1.199944582842911e+00, 1.475706920662910e+02, 1.529862683371259e+02, 2.688105497219889e+05, 9.999355420595240e+04
1286, -3.077598316607200e-01, 1.990722049605870e-01, 1.199987809044663e+00, 1.419115932398699e+02, 1.478066796158966e+02, 2.674907525053514e+05, 9.999861077254055e+04
1287, -3.631863869654740e-01, -1.216471159841560e-01, 1.199614809881886e+00, 1.579259128443272e+02, 1.579393072894921e+02, 2.706800413865470e+05, 9.995511044044531e+04
1288, -3.518241029396780e-01, -1.246263258329760e-01, 1.199758152933846e+00, 1.559078901010406e+02, 1.566245310287821e+02, 2.702830481464855e+05, 9.997182612926787e+04
1289, -3.694453456330840e-01, 2.697527976481810e-01, 1.200002137139531e+00, 1.427809994034469e+02, 1.459142122328331e+02, 2.673662012432819e+05, 1.000002643478111e+05
1290, -4.008105816508970e-01, -1.459056388687190e-01, 1.199531990170784e+00, 1.615414055611225e+02, 1.548277176625606e+02, 2.707331319840055e+05, 9.994545577317719e+04
1291, -3.878300519291560e-01, -1.472070190293230e-01, 1.199714930366926e+00, 1.594039899114208e+02, 1.547131010747146e+02, 2.704826012275214e+05, 9.996679033860890e+04
1292, -2.706938537879760e-01, 1.812113641996930e-01, 1.200000062953660e+00, 1.431407177537423e+02, 1.471751510176097e+02, 2.675624777814731e+05, 1.000000264551098e+05
1293, -6.558967064630820e-01, 3.101108395371400e-02, 1.199331905118948e+00, 1.415953129265827e+02, 1.223680707824073e+02, 2.644064799505485e+05, 9.992214410414764e+04
1294, -3.733383289699610e-01, -1.450424355110510e-01, 1.199787144615169e+00, 1.574783019642383e+02, 1.547308905943638e+02, 2.702504302838201e+05, 9.997522023145090e+04
1295, -3.134653264784650e-01, 2.178593789174740e-01, 1.199994805476793e+00, 1.424079614277312e+02, 1.470458871312950e+02, 2.674579981578888e+05, 9.999941563192845e+04
1296, -6.184711754907990e-01, 1.569798140684860e-01, 1.199788756030734e+00, 1.329952116415705e+02, 1.348666866373800e+02, 2.648897363622728e+05, 9.997538350847924e+04
1297, -5.664709042091560e-01, -9.707311811046899e-02, 1.197984574646965e+00, 1.693722785049978e+02, 1.272061948257050e+02, 2.681393073601953e+05, 9.976507812651321e+04
1298, -5.649758946436710e-01, -1.080836857613460e-01, 1.198370520422807e+00, 1.691609055736526e+02, 1.293894380325201e+02, 2.684497329144509e+05, 9.981010771530600e+04
1299, -3.490373041616900e-01, 6.257079425055299e-02, 1.199041162809788e+00, 1.357210337099544e+02, 1.684712329993132e+02, 2.692373011028406e+05, 9.988822342500849e+04
1300, -2.782377456765430e-01, -9.005302065989799e-02, 1.199981689679402e+00, 1.481965672129782e+02, 1.521317059238788e+02, 2.687893011122726e+05, 9.999789265320808e+04
1301, -4.662295983739510e-01, 2.803134600818230e-01, 1.199994993584254e+00, 1.414711286783917e+02, 1.452436718414970e+02, 2.671277161237777e+05, 9.999942378769476e+04
1302, -6.387352966751200e-01, 1.227181598964170e-01, 1.199671855045522e+00, 1.339315409033652e+02, 1.310052976242942e+02, 2.645335080951871e+05, 9.996179548271110e+04
1303, -6.169863892335570e-01, 1.703225356248260e-01, 1.199848957570586e+00, 1.341825402836713e+02, 1.367074736271394e+02, 2.652470344159877e+05, 9.998239599047924e+04
1304, -2.974864995578530e-01, 1.978708912544980e-01, 1.199997089162791e+00, 1.424012186487310e+02, 1.474866846056586e+02, 2.675119433320813e+05, 9.999968880583678e+04
1305, -5.785650943667160e-01, -1.014261739334210e-01, 1.198509215577091e+00, 1.670295920620486e+02, 1.271071335817231e+02, 2.679448618276542e+05, 9.982629361996637e+04
1306, -5.868702848189900e-01, -8.058663670590800e-02, 1.198023260522279e+00, 1.652130438598982e+02, 1.226724529638743e+02, 2.670964480416705e+05, 9.976962121343763e+04
1307, -3.733070946679540e-01, -1.169395781675910e-01, 1.199464552294867e+00, 1.599891291578518e+02, 1.593507027447501e+02, 2.710989825960419e+05, 9.993760474432688e+04
1308, -3.838770438466990e-01, -1.115247899911820e-01, 1.199227373188771e+00, 1.622622665516583e+02, 1.607386680698044e+02, 2.715247245716429e+05, 9.990996123702973e+04
1309, -2.241161993414870e-01, 1.286349260275680e-01, 1.200000080892739e+00, 1.440570524399794e+02, 1.468129799521373e+02, 2.676277493661729e+05, 1.000000193150999e+05
1310, -4.447672987901400e-01, -1.130148251470550e-01, 1.198101818928994e+00, 1.725672453184382e+02, 1.557552712147571e+02, 2.719988679243633e+05, 9.977875147205021e+04
1311, -4.387701481803830e-01, -1.202772602479050e-01, 1.198503639584199e+00, 1.709498176070289e+02, 1.557835560450123e+02, 2.718803113559170e+05, 9.982560071596199e+04
1312, -4.504730501716550e-01, -1.059075924340640e-01, 1.197630310795564e+00, 1.738718233547343e+02, 1.554933001432998e+02, 2.720249567836699e+05, 9.972377691929243e+04
1313, -4.555029255348520e-01, -9.875295619924800e-02, 1.197105460635555e+00, 1.747884509197316e+02, 1.551143880814640e+02, 2.719663174956124e+05, 9.966260638129067e+04
1314, -4.599925234676390e-01, -9.143855258503400e-02, 1.196527406207641e+00, 1.752961388200269e+02, 1.546370036659416e+02, 2.718214145147037e+05, 9.959524568224554e+04
1315, -4.641427078416930e-01, -8.398373144726100e-02, 1.195903174888548e+00, 1.753697208979630e+02, 1.540301411732011e+02, 2.715839895194072e+05, 9.952251983746233e+04
1316, -4.683459604139670e-01, -7.653864349175200e-02, 1.195228983142331e+00, 1.750178813788523e+02, 1.531708593886335e+02, 2.712385505578333e+05, 9.944400468165574e+04
1317, -4.717574750070420e-01, -6.890029677533201e-02, 1.194508407541268e+00, 1.741205500975568e+02, 1.523740297366864e+02, 2.708094318860968e+05, 9.936011698333056e+04
1318, -4.310487663795320e-01, -1.272181343053520e-01, 1.198845915990959e+00, 1.689224836463925e+02, 1.558092510744532e+02, 2.716896549888332e+05, 9.986550071436826e+04
1319, -4.217142845551210e-01, -1.346660304398470e-01, 1.199170328024894e+00, 1.664279103261537e+02, 1.555849551514373e+02, 2.714002919879154e+05, 9.990331026952511e+04
1320, -5.646789899718661e-01, -1.205769349254220e-01, 1.198760070806038e+00, 1.680940077324850e+02, 1.316188531546772e+02, 2.686498286024121e+05, 9.985555437647451e+04
1321, -2.869193128087400e-01, 2.019151560728870e-01, 1.199997120148976e+00, 1.429953353615579e+02, 1.469421170278147e+02, 2.675157727006314e+05, 9.999968364992461e+04
1322, -2.898644542918740e-01, -9.253177494462200e-02, 1.199931641036155e+00, 1.490984651095928e+02, 1.533909017640703e+02, 2.690475528361255e+05, 9.999206648518072e+04
1323, -2.664596869066230e-01, -8.367112290226900e-02, 1.199971187032993e+00, 1.474261616247732e+02, 1.511401701587710e+02, 2.685661573551373e+05, 9.999664718501865e+04
1324, -2.973753279508980e-01, -9.976268805520901e-02, 1.199905007011789e+00, 1.497470577470896e+02, 1.537036404273916e+02, 2.691609352350997e+05, 9.998893476918494e+04
1325, -3.072275671985580e-01, -1.076900933761760e-01, 1.199902796461255e+00, 1.506466768065807e+02, 1.541301699696006e+02, 2.693276130297956e+05, 9.998866296817048e+04
1326, -3.165719179761600e-01, -1.169380974915650e-01, 1.199917990024779e+00, 1.514715198970472e+02, 1.541813804406397e+02, 2.694422286051221e+05, 9.999043940068255e+04
1327, -2.572363162563930e-01, 6.455061864806300e-02, 1.199971077878132e+00, 1.432733856861371e+02, 1.516798866853134e+02, 2.681312926184538e+05, 9.999666699009213e+04
1328, -2.652564353437110e-01, 7.020498345142800e-02, 1.199961955110386e+00, 1.428164317821482e+02, 1.525188855686658e+02, 2.681806511132313e+05, 9.999560580534158e+04
1329, -2.493692673188640e-01, 5.817063864780100e-02, 1.199974350286016e+00, 1.436648785131558e+02, 1.509095747941066e+02, 2.680818587934960e+05, 9.999703934215660e+04
1330, -2.728894304610860e-01, 7.500868847868500e-02, 1.199947372017045e+00, 1.423170853164505e+02, 1.533539865268626e+02, 2.682236946587455e+05, 9.999389157739740e+04
1331, -2.423877816267080e-01, 5.090279171710500e-02, 1.199980956970938e+00, 1.439816821087352e+02, 1.502883940499131e+02, 2.680436781359983e+05, 9.999780232260110e+04
1332, -2.353284382678510e-01, 4.225995024052500e-02, 1.200001669202903e+00, 1.442689578269939e+02, 1.496953296311993e+02, 2.680097651447325e+05, 1.000002120939353e+05
1333, -2.277587592222450e-01, 3.210200527760300e-02, 1.200002176182178e+00, 1.445272252024042e+02, 1.490778008392315e+02, 2.679641078157449e+05, 1.000002712355685e+05
1334, -2.211192849259100e-01, 2.131173142337600e-02, 1.200007336995636e+00, 1.447292672190565e+02, 1.485635010830257e+02, 2.679260967177158e+05, 1.000008700823624e+05
1335, -3.267962875372020e-01, -1.235190401002850e-01, 1.199856428607851e+00, 1.524562436216141e+02, 1.544590617475682e+02, 2.695856809002461e+05, 9.998324837887079e+04
1336, -3.404176158094580e-01, -1.233479274914050e-01, 1.199816090252539e+00, 1.542811479966085e+02, 1.558208689252866e+02, 2.699840199564049e+05, 9.997857697732476e+04
1337, -3.465313330155850e-01, 2.647011488823310e-01, 1.199999737604976e+00, 1.431606733867914e+02, 1.459093341331128e+02, 2.674101669532774e+05, 9.999997989323815e+04
1338, -4.778670960093240e-01, -5.267883881547700e-02, 1.192992812789027e+00, 1.705723012689091e+02, 1.505097140223947e+02, 2.696478344651273e+05, 9.918379502113484e+04
1339, -4.744768695374980e-01, -6.075426635077700e-02, 1.193752938460849e+00, 1.725843685193382e+02, 1.516740574284619e+02, 2.702916188521291e+05, 9.927220707864077e+04
1340, -2.348091359163440e-01, -3.457854640898000e-03, 1.199988368918586e+00, 1.451256021800186e+02, 1.498966439069569e+02, 2.681345114952825e+05, 9.999866023335364e+04
1341, -2.359060467431150e-01, -1.624559075597300e-02, 1.199986795935304e+00, 1.453768116032458e+02, 1.499035498385709e+02, 2.681653389069106e+05, 9.999847365951081e+04
1342, -2.368935596854230e-01, -2.883651724291900e-02, 1.199980476416327e+00, 1.456105166764137e+02, 1.498208887086566e+02, 2.681815977490637e+05, 9.999773386273724e+04
1343, -3.935862276665700e-01, 2.762739535276240e-01, 1.199985040624374e+00, 1.425089147237628e+02, 1.457968914317739e+02, 2.673148577458962e+05, 9.999826934914474e+04
1344, -2.123569276865890e-01, 3.278398765702100e-02, 1.200009761426434e+00, 1.446543901613012e+02, 1.478104019609941e+02, 2.678247304952820e+05, 1.000011489335638e+05
1345, -5.471238893352040e-01, -1.359132874627020e-01, 1.199001862530662e+00, 1.685074860014279e+02, 1.357659552603602e+02, 2.692368807101864e+05, 9.988372731244616e+04
1346, -2.590835923735360e-01, -9.206481164972601e-02, 1.199986580981128e+00, 1.470522008043600e+02, 1.499259438389415e+02, 2.683721967377677e+05, 9.999844009914467e+04
1347, -2.471193103557520e-01, -9.474734003098800e-02, 1.199992469947108e+00, 1.465232770983307e+02, 1.487715681031320e+02, 2.681654522188648e+05, 9.999912691854543e+04
1348, -2.525058311653340e-01, -8.141799211814600e-02, 1.199988250671892e+00, 1.467228954519187e+02, 1.497928634330948e+02, 2.683157163405443e+05, 9.999862979280151e+04
1349, -5.995018213731740e-01, -8.117108425373699e-02, 1.198502023053939e+00, 1.628558027952929e+02, 1.228725967211700e+02, 2.669268325416932e+05, 9.982544853179166e+04
1350, -4.266278923862150e-01, -1.610125420209770e-01, 1.199593866116491e+00, 1.624827093884721e+02, 1.517581856735667e+02, 2.704849501393851e+05, 9.995266119520036e+04
1351, -2.574580587928500e-01, 1.776556121863980e-01, 1.199997274344757e+00, 1.435502656920581e+02, 1.467953529245101e+02, 2.675640923494889e+05, 9.999969524446786e+04
1352, -6.612941394789180e-01, 1.576996813801500e-02, 1.199400644879515e+00, 1.437698183044619e+02, 1.230966250191222e+02, 2.647589681593441e+05, 9.993018047938577e+04
1353, -2.420526598992340e-01, -3.975469861889000e-02, 1.199990378186856e+00, 1.459041102456065e+02, 1.501520192136751e+02, 2.682613965889303e+05, 9.999889368070186e+04
1354, -2.534394962302900e-01, -4.620255476565600e-02, 1.199980100284933e+00, 1.463494860334681e+02, 1.513027166911392e+02, 2.684573240390981e+05, 9.999769312215773e+04
1355, -2.645688798871030e-01, -5.491658479117000e-02, 1.199966141110418e+00, 1.469732969667977e+02, 1.524235125891144e+02, 2.686715787944616e+05, 9.999607447216564e+04
1356, -6.443956524802180e-01, -2.765707471690100e-02, 1.199093934123259e+00, 1.503884135025668e+02, 1.206200128598476e+02, 2.652337036535858e+05, 9.989449047991401e+04
1357, -3.159754544401520e-01, 2.306688213441500e-01, 1.199987069110869e+00, 1.428121479803831e+02, 1.465764876727096e+02, 2.674464505411534e+05, 9.999850894281505e+04
1358, -5.340053406102390e-01, 2.565325947378490e-01, 1.199982252509484e+00, 1.393820783474360e+02, 1.439891296253868e+02, 2.667285447037051e+05, 9.999794668543033e+04
1359, -6.167132201479640e-01, 1.843378461942850e-01, 1.199929544502254e+00, 1.357020351193833e+02, 1.384387747056815e+02, 2.656388138607569e+05, 9.999176833460061e+04
1360, -2.253912688749280e-01, 1.438619374501170e-01, 1.200001614103595e+00, 1.440935690915985e+02, 1.465215424326013e+02, 2.675969343844164e+05, 1.000001967128630e+05
1361, -5.767709849714040e-01, -1.130522299979790e-01, 1.198766791793225e+00, 1.666946152118880e+02, 1.294129738579289e+02, 2.682162129941031e+05, 9.985638071889218e+04
1362, -2.998816344401740e-01, 2.107768016294870e-01, 1.199990733737899e+00, 1.427340948135931e+02, 1.469769260063838e+02, 2.674871663831567e+05, 9.999893943142708e+04
1363, -5.622116904632140e-01, 2.214406947727140e-01, 1.199936155130932e+00, 1.357649143941699e+02, 1.419142185786017e+02, 2.660538830284742e+05, 9.999258492831921e+04
1364, -5.763548454495711e-01, 2.170501947019420e-01, 1.199950273735516e+00, 1.360828530683279e+02, 1.413729756349948e+02, 2.660299434957700e+05, 9.999423459980998e+04
1365, -6.121357828160650e-01, -7.982595849832400e-02, 1.198906622816698e+00, 1.604318316208930e+02, 1.233521034399442e+02, 2.667614369542727e+05, 9.987266423239937e+04
1366, -2.605331300468990e-01, -7.017239311286801e-02, 1.199968968042799e+00, 1.470137713716895e+02, 1.511677228685427e+02, 2.685184229637072e+05, 9.999638930277609e+04
1367, -4.851929508583420e-01, -1.664958278469980e-01, 1.199509271697503e+00, 1.653663023872502e+02, 1.457192512250203e+02, 2.701072068257810e+05, 9.994288462457647e+04
1368, -2.346059119525190e-01, -9.750900053987301e-02, 1.199999963084538e+00, 1.460859441383748e+02, 1.477872542157848e+02, 2.679925732244771e+05, 9.999999980448255e+04
1369, -2.227887162516150e-01, -1.017322973319480e-01, 1.199999203395390e+00, 1.457664873268375e+02, 1.470165512508130e+02, 2.678588416851659e+05, 9.999990940364631e+04
1370, -2.118065941566710e-01, -1.077752318866140e-01, 1.199998674596317e+00, 1.455341668155719e+02, 1.464246980897063e+02, 2.677581310904331e+05, 9.999984693687932e+04
1371, -2.007748543833120e-01, -1.141774433560740e-01, 1.199999806062944e+00, 1.453563850563173e+02, 1.459755349754703e+02, 2.676821714847547e+05, 9.999997820281969e+04
1372, -1.890969569526830e-01, -1.211090226156120e-01, 1.199999107299323e+00, 1.452167967801147e+02, 1.456289639520266e+02, 2.676229674693509e+05, 9.999989620884850e+04
1373, -2.138533540173980e-01, 1.067288777996000e-01, 1.199997421542947e+00, 1.442385966569900e+02, 1.468088300337659e+02, 2.676483097648143e+05, 9.999970784658486e+04
1374, -5.230378173799880e-01, -1.479193443306980e-01, 1.199151854581354e+00, 1.686126851603163e+02, 1.401507851411809e+02, 2.697973713299636e+05, 9.990120165714204e+04
1375, -3.857622269676790e-01, 2.041797368522270e-01, 1.199935680326310e+00, 1.362357631008998e+02, 1.496061390218174e+02, 2.670416325865944e+05, 9.999259060329710e+04
1376, -3.899691343966750e-01, 2.127988608088300e-01, 1.199942297766113e+00, 1.369547038568757e+02, 1.488747860603096e+02, 2.670343116673760e+05, 9.999334790229975e+04
1377, -3.935796708887510e-01, 2.216323181613320e-01, 1.199964416896301e+00, 1.377616185923751e+02, 1.482080424611958e+02, 2.670502335672182e+05, 9.999590983763189e+04
1378, -3.980143934736900e-01, 2.305873791315930e-01, 1.199982489513336e+00, 1.385174602925261e+02, 1.476149312046020e+02, 2.670690820744968e+05, 9.999799071776263e+04
1379, -4.037054926166730e-01, 2.388680563873230e-01, 1.199981975081992e+00, 1.391240183831099e+02, 1.471290539210684e+02, 2.670794381944158e+05, 9.999793079506548e+04
1380, -4.098937264145760e-01, 2.472661989278980e-01, 1.199984322780878e+00, 1.397235728990081e+02, 1.466970055792479e+02, 2.670968427430575e+05, 9.999819968512263e+04
1381, -4.164239947628290e-01, 2.559965317057170e-01, 1.199988207353424e+00, 1.403362149923094e+02, 1.463109340122557e+02, 2.671222599098760e+05, 9.999864620340875e+04
1382, -4.236352767591820e-01, 2.649482944005070e-01, 1.199997643090440e+00, 1.409303084763704e+02, 1.459768096709120e+02, 2.671537983016740e+05, 9.999974237535607e+04
1383, -4.321905410512350e-01, 2.735969256740290e-01, 1.199997263634782e+00, 1.414448314884879e+02, 1.456971854599652e+02, 2.671802372429166e+05, 9.999969419170771e+04
1384, -4.383320721669790e-01, 2.839465661489560e-01, 1.200003534999307e+00, 1.420957050653046e+02, 1.454638585736921e+02, 2.672305400989793e+05, 1.000004157501572e+05
1385, -2.444482928730750e-01, -7.084898910648500e-02, 1.199995296252370e+00, 1.463479961493760e+02, 1.494455271769396e+02, 2.682285985409613e+05, 9.999946057167248e+04
1386, -6.305877614310860e-01, -6.337391774222700e-02, 1.199078690495273e+00, 1.561866311840418e+02, 1.225822783760703e+02, 2.661697721332166e+05, 9.989274759907303e+04
1387, -5.898190953219800e-01, -9.369376954526799e-02, 1.198549914854772e+00, 1.650119427517211e+02, 1.252397473529351e+02, 2.674801034091886e+05, 9.983106541501428e+04
1388, -3.245712758195640e-01, 2.397160156251220e-01, 1.199987214866044e+00, 1.428467617299846e+02, 1.464068138698435e+02, 2.674298972961711e+05, 9.999852587419505e+04
1389, -5.452322803028090e-01, 2.497675932696670e-01, 1.199958530556855e+00, 1.388778835563560e+02, 1.435948158082282e+02, 2.666162458606795e+05, 9.999517887749444e+04
1390, -5.548872860241900e-01, 2.425776426934610e-01, 1.199949988160217e+00, 1.383294776859969e+02, 1.431654435365392e+02, 2.664992120839187e+05, 9.999417810229809e+04
1391, -5.623409908818420e-01, 2.349343879967830e-01, 1.199962707382016e+00, 1.376900247617298e+02, 1.426922400701677e+02, 2.663728565400739e+05, 9.999566923669219e+04
1392, -3.356190806395720e-01, -1.338114794955190e-01, 1.199888717417711e+00, 1.530743280440718e+02, 1.539813512232194e+02, 2.696119676129096e+05, 9.998705728300265e+04
1393, -3.461649615874190e-01, -1.394807704591400e-01, 1.199889701365707e+00, 1.541043239772512e+02, 1.540488623272452e+02, 2.697527463899627e+05, 9.998717203444500e+04
1394, -3.568913052802370e-01, -1.483967312149360e-01, 1.199864789044873e+00, 1.548101494230388e+02, 1.535176220706878e+02, 2.697685876872973e+05, 9.998423521363111e+04
1395, -3.658046651738610e-01, -1.590497034596050e-01, 1.199894108762999e+00, 1.549239826016522e+02, 1.525270665975264e+02, 2.696650472367630e+05, 9.998766594925552e+04
1396, -3.241598090742450e-01, -1.357267931237080e-01, 1.199913833699001e+00, 1.515983100957204e+02, 1.527746321834943e+02, 2.692771789988538e+05, 9.998996122052170e+04
1397, -2.439770219460490e-01, 1.751496429084350e-01, 1.199995361868984e+00, 1.439007331279061e+02, 1.464141401576030e+02, 2.675589516951004e+05, 9.999946662359926e+04
1398, -6.440572629241980e-01, -4.287689719727900e-02, 1.199191039554770e+00, 1.523598327218153e+02, 1.220881242205285e+02, 2.656582289429627e+05, 9.990583435054346e+04
1399, -2.067119022767330e-01, 8.096650751102701e-02, 1.199990203748163e+00, 1.444057945650580e+02, 1.468925961328967e+02, 2.676766658234512e+05, 9.999886388131104e+04
1400, -2.072228204904570e-01, 6.301959379126600e-02, 1.199989678891563e+00, 1.444769971605879e+02, 1.471673908029621e+02, 2.677187610428619e+05, 9.999880284371466e+04
1401, -3.118628972720530e-01, -1.400491942212100e-01, 1.199957883772013e+00, 1.501400295315477e+02, 1.513066549443640e+02, 2.689199364290842e+05, 9.999508673737703e+04
1402, -3.083462157789570e-01, -1.516744748034870e-01, 1.199986987812409e+00, 1.493425676782410e+02, 1.500275548492141e+02, 2.686678720627130e+05, 9.999848954962823e+04
1403, -3.049262029992120e-01, -1.633661582813290e-01, 1.199991956212123e+00, 1.485869696772525e+02, 1.489418220668943e+02, 2.684401784329629e+05, 9.999906293753006e+04
1404, -3.002596417707940e-01, -1.750278174396510e-01, 1.199993390988300e+00, 1.478354902777522e+02, 1.479890172734011e+02, 2.682298721666409e+05, 9.999922846539257e+04
1405, -2.955139589791690e-01, -1.863689532341170e-01, 1.199992373630277e+00, 1.472018318895255e+02, 1.472370649727720e+02, 2.680591971736295e+05, 9.999911085285804e+04
1406, -2.873487678568680e-01, -1.964522539383300e-01, 1.200007952402497e+00, 1.465857197705419e+02, 1.465969200963840e+02, 2.679097109837568e+05, 1.000009268253718e+05
1407, -2.794292479720780e-01, -2.057382458381020e-01, 1.200017528216680e+00, 1.461364493051724e+02, 1.461366261921822e+02, 2.678014243591188e+05, 1.000020445011321e+05
1408, -3.213045882075010e-01, -1.475015762994450e-01, 1.199958337171351e+00, 1.507060620071060e+02, 1.513086560812988e+02, 2.689913288061249e+05, 9.999516318855822e+04
1409, -4.245835915614280e-01, 2.901071382996030e-01, 1.199997303555906e+00, 1.426785192281785e+02, 1.454498602493153e+02, 2.672962770117521e+05, 9.999969164191140e+04
1410, -2.255692223377970e-01, -2.374183971560100e-02, 1.199992114008335e+00, 1.453701775664350e+02, 1.487982440769243e+02, 2.680284285106957e+05, 9.999908967993816e+04
1411, -2.238458090572000e-01, -1.114675311698000e-02, 1.199994321372986e+00, 1.451830883714395e+02, 1.487679046438744e+02, 2.680026320564207e+05, 9.999934897587691e+04
1412, -6.660279410108850e-01, 4.053172442021000e-02, 1.199557216413971e+00, 1.411321159578273e+02, 1.252782353537099e+02, 2.647152746686162e+05, 9.994843387821162e+04
1413, -3.222737210589710e-01, -1.593535004499070e-01, 1.199965406096427e+00, 1.501492634777484e+02, 1.502509469599997e+02, 2.687905116636859e+05, 9.999596313916802e+04
1414, -6.268102632813120e-01, 1.221426999062990e-01, 1.199559339177988e+00, 1.319098147608472e+02, 1.296965834092166e+02, 2.641358004338889e+05, 9.994865779228217e+04
1415, -6.335762355347160e-01, 1.356554096369600e-01, 1.199711131174624e+00, 1.336792929007665e+02, 1.325657764367390e+02, 2.646876718329613e+05, 9.996633995477900e+04
1416, -3.791070846939470e-01, 2.795098541040050e-01, 1.199988750178021e+00, 1.430015964749952e+02, 1.457092218265628e+02, 2.673638412736539e+05, 9.999869906394109e+04
1417, -3.269565978299780e-01, 2.519649059509070e-01, 1.199994463750567e+00, 1.432206632123264e+02, 1.460591256140458e+02, 2.674340931361738e+05, 9.999936732070151e+04
1418, -3.174087632822720e-01, -1.729086939339520e-01, 1.199977050289782e+00, 1.490227550400830e+02, 1.488990544056778e+02, 2.684847746534798e+05, 9.999731674956120e+04
1419, -3.141745301646970e-01, -1.853662358472960e-01, 1.199987625969615e+00, 1.482030539396969e+02, 1.479547332005779e+02, 2.682693884552900e+05, 9.999855529964488e+04
1420, -3.092661163958100e-01, -1.970337796905910e-01, 1.199993164457862e+00, 1.474478758688930e+02, 1.471831791694527e+02, 2.680830072050442e+05, 9.999920095363419e+04
1421, -3.040004312969440e-01, -2.081675570229460e-01, 1.199998521866805e+00, 1.468320021899485e+02, 1.465902638558716e+02, 2.679363970820988e+05, 9.999982627442369e+04
1422, -2.989967664246760e-01, -2.199490894997000e-01, 1.199999033383960e+00, 1.463269307302144e+02, 1.461181392175901e+02, 2.678172645014233e+05, 9.999988651543735e+04
1423, -2.163097379609070e-01, -3.214854758730500e-02, 1.199993474204245e+00, 1.453499713566252e+02, 1.479471532635635e+02, 2.679211244959714e+05, 9.999924842240794e+04
1424, -2.038980412946990e-01, -3.139858072355500e-02, 1.199995816122994e+00, 1.452172326631104e+02, 1.471521601132173e+02, 2.678079398781583e+05, 9.999951729945061e+04
1425, -2.128618031028870e-01, -1.935858937135300e-02, 1.199997853934317e+00, 1.451965049269460e+02, 1.478289027361644e+02, 2.678891790382327e+05, 9.999975722987800e+04
1426, -2.889874894659640e-01, 2.185744274950880e-01, 1.199995976125920e+00, 1.433684292750013e+02, 1.464037939311269e+02, 2.674941553370488e+05, 9.999954243682431e+04
1427, -2.299908135505920e-01, -6.922262780754700e-02, 1.200002999535536e+00, 1.458979456608353e+02, 1.482679830399798e+02, 2.680298507964292e+05, 1.000003574542716e+05
1428, -1.906421954227270e-01, -2.914728002169400e-02, 1.200000267358186e+00, 1.451095944299162e+02, 1.465088978064189e+02, 2.677174362565458e+05, 1.000000341595668e+05
1429, -6.023482847118220e-01, -9.447095719237900e-02, 1.198893107320047e+00, 1.625813902854962e+02, 1.256083077860735e+02, 2.672816382095949e+05, 9.987113420171235e+04
1430, -6.559325803211610e-01, -2.169511489574900e-02, 1.199352982473133e+00, 1.487762332755355e+02, 1.227114629847515e+02, 2.653169427132323e+05, 9.992468791237540e+04
1431, -6.066495771759800e-01, 1.912565185637380e-01, 1.199925867352992e+00, 1.353825894699476e+02, 1.389875431674976e+02, 2.656652024559645e+05, 9.999136289994764e+04
1432, -6.035505310624840e-01, 2.035703943866350e-01, 1.199907046815359e+00, 1.365690512659801e+02, 1.401821499103524e+02, 2.659333813865791e+05, 9.998916787652091e+04
1433, -5.938497848139020e-01, 2.134135807848320e-01, 1.199933420310176e+00, 1.369473711786877e+02, 1.409902392779132e+02, 2.660785699788249e+05, 9.999226571960819e+04
1434, -5.875168169544800e-01, 2.262429626218550e-01, 1.199979083127491e+00, 1.380722803707025e+02, 1.419398959741424e+02, 2.663321126651667e+05, 9.999758303904509e+04
1435, -2.236608636341700e-01, 1.215710482456000e-03, 1.199989440239683e+00, 1.450049972863810e+02, 1.488103055854847e+02, 2.679849991140135e+05, 9.999877694800467e+04
1436, -2.152192332334950e-01, 9.543457729098001e-03, 1.199998670460011e+00, 1.448919091327259e+02, 1.481161025997488e+02, 2.678880026522527e+05, 9.999985226955489e+04
1437, -2.119393795048770e-01, -5.258340385229000e-03, 1.199995951159337e+00, 1.450489237793197e+02, 1.478468062482395e+02, 2.678730111764249e+05, 9.999953561278769e+04
1438, -3.514613248070690e-01, 2.771344255210330e-01, 1.199998693638336e+00, 1.434929320459751e+02, 1.456573752927308e+02, 2.674189442576346e+05, 9.999985469702892e+04
1439, -2.742175449621610e-01, 1.954435444505850e-01, 1.200000799010052e+00, 1.433128443327429e+02, 1.467717661613443e+02, 2.675338094147877e+05, 1.000001079869296e+05
1440, -2.612696001679740e-01, 1.899601695330940e-01, 1.200005143756496e+00, 1.436277864699387e+02, 1.465423585910674e+02, 2.675446205535554e+05, 1.000006109826073e+05
1441, -2.769771967689300e-01, 2.106560839262860e-01, 1.200002570119164e+00, 1.435522194827428e+02, 1.463598535392703e+02, 2.675125889528953e+05, 1.000003095092323e+05
1442, -4.010360287303340e-01, 2.873299537909820e-01, 1.199992770225557e+00, 1.429281734897443e+02, 1.455618566929782e+02, 2.673383186631674e+05, 9.999916619269543e+04
1443, -5.731901658040540e-01, 2.310314684489460e-01, 1.199990219122368e+00, 1.377827172111625e+02, 1.423327211252352e+02, 2.663484173094114e+05, 9.999886683640450e+04
1444, -5.912777697494350e-01, -1.086486227143750e-01, 1.198985920619185e+00, 1.642859922368673e+02, 1.282058992960882e+02, 2.678146330386149e+05, 9.988195833515508e+04
1445, -3.123704056353350e-01, -1.294018898380490e-01, 1.199945836555127e+00, 1.506049539227641e+02, 1.523973601135972e+02, 2.691128890374612e+05, 9.999367567027909e+04
1446, -3.013525180362420e-01, 2.257628991977890e-01, 1.199993016540008e+00, 1.431641517138085e+02, 1.464449445073092e+02, 2.674739725875016e+05, 9.999919900279581e+04
1447, -3.019222017876970e-01, -1.238957125554570e-01, 1.199970745155718e+00, 1.497654764154474e+02, 1.519451031075313e+02, 2.689573617084866e+05, 9.999659102134801e+04
1448, -2.913555320156240e-01, -1.155118350825540e-01, 1.199942419601191e+00, 1.490194297459335e+02, 1.516228089989230e+02, 2.688159064295949e+05, 9.999328999898092e+04
1449, -2.805266424390170e-01, -1.062687552327440e-01, 1.199976283453019e+00, 1.483035277538870e+02, 1.512235145933696e+02, 2.686862156372992e+05, 9.999725719150451e+04
1450, -2.687461605249390e-01, -9.960835965163800e-02, 1.199997136715696e+00, 1.475712592936603e+02, 1.504597495311667e+02, 2.685056895643258e+05, 9.999968936288929e+04
1451, -2.564186770765280e-01, -1.049190367038970e-01, 1.199997024344952e+00, 1.469002044065176e+02, 1.490756877887565e+02, 2.682505547267253e+05, 9.999966533001389e+04
1452, -2.440580469460320e-01, -1.088253925214890e-01, 1.199998812909093e+00, 1.463693428120740e+02, 1.480168320025703e+02, 2.680550924020946e+05, 9.999986863780997e+04
1453, -2.333987891153650e-01, -1.121431365604090e-01, 1.200001209908981e+00, 1.460111063234339e+02, 1.472877134663838e+02, 2.679223925107328e+05, 1.000001452809764e+05
1454, -2.246037155187940e-01, -1.191676554451480e-01, 1.200005475896466e+00, 1.457594468185987e+02, 1.467000065756630e+02, 2.678209839869435e+05, 1.000006414094443e+05
1455, -2.143988899488770e-01, -1.263800613616490e-01, 1.200007405247329e+00, 1.455307300300126e+02, 1.461919557713145e+02, 2.677317543755826e+05, 1.000008652950171e+05
1456, -2.040391575607060e-01, -1.339827967351500e-01, 1.200006073981657e+00, 1.453516997048305e+02, 1.458043777800563e+02, 2.676625309468847e+05, 1.000007092713080e+05
1457, -1.928583536390270e-01, -1.414856057837530e-01, 1.200006326158787e+00, 1.452116082626855e+02, 1.455117887011200e+02, 2.676101244019445e+05, 1.000007382541611e+05
1458, -5.822770261667850e-01, 2.396508797472830e-01, 1.199977058507297e+00, 1.392693642682577e+02, 1.427311428957047e+02, 2.665636977893704e+05, 9.999732990338438e+04
1459, -2.009710978712440e-01, 1.312337119765000e-03, 1.199993780404051e+00, 1.449627603702210e+02, 1.471526802296921e+02, 2.677766712080325e+05, 9.999927942608480e+04
1460, -2.003240115818800e-01, -1.562938809890300e-02, 1.199998861255753e+00, 1.450850414901465e+02, 1.470604388587527e+02, 2.677815477597466e+05, 9.999987203064437e+04
1461, -5.151712230528990e-01, -1.590138864322140e-01, 1.199348419499212e+00, 1.666164342456200e+02, 1.418808071727645e+02, 2.697758992532131e+05, 9.992415672205134e+04
1462, -2.117908489084770e-01, 1.241607926208890e-01, 1.199996235782077e+00, 1.442925633771195e+02, 1.464082095616616e+02, 2.676055189099541e+05, 9.999956752678983e+04
1463, -3.329767734519410e-01, -1.470234546924950e-01, 1.199931140174512e+00, 1.519717044028579e+02, 1.521899223088956e+02, 2.692549366992956e+05, 9.999200369175473e+04
1464, -3.404083952838370e-01, -1.566478882724890e-01, 1.199930751301111e+00, 1.521258907987732e+02, 1.515921326046022e+02, 2.691985686932170e+05, 9.999190696513723e+04
1465, -2.733002324907850e-01, -2.181104105902340e-01, 1.200020019699026e+00, 1.457786463100555e+02, 1.457566566906816e+02, 2.677123840407257e+05, 1.000023356612505e+05
1466, -4.732798784157510e-01, 2.539880873924300e-01, 1.199971266673863e+00, 1.386566456616684e+02, 1.453934366285573e+02, 2.668108293829844e+05, 9.999668452999095e+04
1467, -4.842590772516450e-01, 2.616055910494640e-01, 1.199968801561376e+00, 1.395060496117055e+02, 1.450869514336404e+02, 2.668714702395162e+05, 9.999638565490009e+04
1468, -4.967244244573380e-01, 2.647568016119330e-01, 1.199982616450415e+00, 1.398524229152167e+02, 1.448272544690859e+02, 2.668842373365728e+05, 9.999799143082173e+04
1469, -5.092802476514340e-01, 2.666146642922550e-01, 1.199989957243119e+00, 1.401201724783479e+02, 1.446001224710231e+02, 2.668901071270677e+05, 9.999884327440047e+04
1470, -5.224484237254590e-01, 2.673464789306790e-01, 1.199991251705534e+00, 1.403414599803799e+02, 1.443822530025024e+02, 2.668900815684474e+05, 9.999898997162936e+04
1471, -1.750936249934010e-01, -1.277955928181640e-01, 1.199997364276693e+00, 1.451021945203790e+02, 1.453571905717990e+02, 2.675756699264112e+05, 9.999969257742888e+04
1472, -5.642983608463570e-01, -1.332831436217000e-01, 1.199128691830776e+00, 1.664958805701506e+02, 1.337398123123359e+02, 2.687631933006203e+05, 9.989855154429527e+04
1473, -4.143695301177950e-01, -1.665526026118530e-01, 1.199696656277714e+00, 1.600320611367346e+02, 1.516863612837997e+02, 2.701746237063713e+05, 9.996463179493060e+04
1474, -4.789238181534280e-01, 2.867073580043290e-01, 1.199991227642393e+00, 1.418845871097993e+02, 1.450610621258515e+02, 2.671533978579604e+05, 9.999898434311291e+04
1475, -4.434034538705830e-01, 2.453225460906460e-01, 1.199980305232172e+00, 1.381939888200323e+02, 1.462929162271835e+02, 2.668692966157487e+05, 9.999774188290432e+04
1476, -4.511178753603950e-01, 2.518530317370090e-01, 1.199984919268296e+00, 1.388070579265742e+02, 1.459414069056754e+02, 2.668985134880563e+05, 9.999827149621067e+04
1477, -4.599382741015010e-01, 2.587270428652060e-01, 1.199984453716125e+00, 1.394451514175605e+02, 1.456157851100653e+02, 2.669327931936385e+05, 9.999821165243580e+04
1478, -4.695179094765410e-01, 2.655761223144890e-01, 1.199993682303723e+00, 1.400720614089584e+02, 1.453404948641979e+02, 2.669749733820789e+05, 9.999927996234452e+04
1479, -4.779885650983280e-01, 2.728188589727130e-01, 1.199986859683520e+00, 1.407265633381114e+02, 1.451423827381107e+02, 2.670256624856669e+05, 9.999847758742287e+04
1480, -4.895766495226090e-01, 2.765590041163000e-01, 1.199995930428407e+00, 1.410276325867364e+02, 1.449548502560314e+02, 2.670408704020587e+05, 9.999954141529287e+04
1481, -3.788151304845880e-01, -1.611908767162500e-01, 1.199854932431657e+00, 1.563532255392133e+02, 1.526103636356605e+02, 2.698502318994288e+05, 9.998308846946433e+04
1482, -3.436975983721800e-01, -1.714565562649690e-01, 1.199940769120944e+00, 1.513210234326604e+02, 1.502364013436697e+02, 2.689290799929059e+05, 9.999308652366970e+04
1483, -3.487568701525850e-01, -1.826038032834300e-01, 1.199981577245005e+00, 1.508858355575435e+02, 1.494264142466462e+02, 2.687844021781908e+05, 9.999784737699750e+04
1484, -3.474260395208180e-01, -1.934514208808340e-01, 1.200008399146092e+00, 1.499255640024783e+02, 1.485300550834460e+02, 2.685601805471667e+05, 1.000009821744560e+05
1485, -3.454549853631190e-01, -2.055147121366890e-01, 1.200013748319323e+00, 1.489363073951302e+02, 1.476909066648287e+02, 2.683348973220024e+05, 1.000016050064242e+05
1486, -3.432712169351580e-01, -2.180686017499420e-01, 1.200016905810088e+00, 1.480495702575429e+02, 1.469882828201980e+02, 2.681397722072045e+05, 1.000019726542931e+05
1487, -3.406529251320220e-01, -2.314188442960620e-01, 1.200013429315632e+00, 1.472596811859535e+02, 1.464008438858317e+02, 2.679698067013645e+05, 1.000015663048404e+05
1488, -2.047205306806900e-01, 1.824983096113100e-02, 1.200000771994199e+00, 1.448234027470331e+02, 1.473714351023840e+02, 2.677886298993499e+05, 1.000000968926897e+05
1489, -5.363965562276410e-01, 2.684072087471430e-01, 1.199994791543742e+00, 1.406726290748715e+02, 1.442017742951657e+02, 2.669081371544753e+05, 9.999940212397912e+04
1490, -2.270742160764190e-01, -3.792147104296300e-02, 1.199988211684680e+00, 1.455647026834914e+02, 1.487198005376513e+02, 2.680412211888497e+05, 9.999864061376908e+04
1491, -5.411626588402190e-01, -1.483946918723810e-01, 1.199278237014006e+00, 1.668884572547746e+02, 1.379372274489513e+02, 2.693343227098401e+05, 9.991595428667101e+04
1492, -2.180947520037100e-01, 5.668069724721100e-02, 1.200000872650519e+00, 1.443726561368414e+02, 1.479522788284851e+02, 2.678058248973611e+05, 1.000001116965259e+05
1493, -2.072495779894750e-01, 4.576297147351100e-02, 1.199996192698517e+00, 1.445868731558814e+02, 1.473606682209911e+02, 2.677575230914814e+05, 9.999956496120893e+04
1494, -4.517660505819630e-01, 2.879117355105800e-01, 1.199998765809865e+00, 1.421802197661212e+02, 1.453076928348354e+02, 2.672203227908501e+05, 9.999986528352974e+04
1495, -2.304432091303140e-01, 1.727783300717260e-01, 1.199998686047218e+00, 1.441774804825383e+02, 1.460799776486916e+02, 2.675523589927177e+05, 9.999985161791179e+04
1496, -6.161188565135960e-01, -9.309560734642300e-02, 1.199236043660913e+00, 1.599917837925179e+02, 1.261976088260660e+02, 2.670904673473882e+05, 9.991124375132883e+04
1497, -1.898850119590080e-01, 8.830988060600000e-03, 1.199997315269152e+00, 1.449066431928968e+02, 1.465852950054788e+02, 2.677014246145996e+05, 9.999969001174657e+04
1498, -5.732451837019420e-01, 2.481157204187780e-01, 1.199964379153779e+00, 1.397300606077232e+02, 1.431720834891397e+02, 2.666662575755860e+05, 9.999584913027723e+04
1499, -5.642131169261549e-01, 2.575991292952040e-01, 1.199994411576323e+00, 1.403491560455964e+02, 1.436015666427797e+02, 2.667981885826549e+05, 9.999936154746173e+04
1500, -1.874843645055970e-01, -1.108217920911300e-02, 1.200000362843328e+00, 1.450086413754887e+02, 1.464495601021807e+02, 2.676980114160978e+05, 1.000000434190132e+05
1501, -3.307937779292940e-01, 2.649775022390310e-01, 1.199994938733728e+00, 1.435456776253545e+02, 1.457730003302426e+02, 2.674382553806450e+05, 9.999941786488425e+04
1502, -5.802701012437010e-01, -1.255807193601480e-01, 1.199122044192636e+00, 1.648550555103246e+02, 1.315728279294930e+02, 2.682950197227947e+05, 9.989781265675848e+04
1503, -6.436624176551620e-01, -5.864171895529500e-02, 1.199310159759011e+00, 1.539193454402576e+02, 1.240165719419108e+02, 2.660884015375968e+05, 9.991973582873131e+04
1504, -6.712209136243260e-01, 2.559662831550100e-02, 1.199598038784567e+00, 1.429267690695630e+02, 1.257368531617155e+02, 2.649871453761689e+05, 9.995319812968407e+04
1505, -4.780918326300340e-01, -1.797045720532220e-01, 1.199683810888073e+00, 1.621486914932729e+02, 1.462022138207060e+02, 2.697746838171288e+05, 9.996323207909036e+04
1506, -2.991131801351840e-01, -1.397421152100190e-01, 1.199968415782255e+00, 1.490416418546126e+02, 1.503278859496694e+02, 2.686628914446321e+05, 9.999631261305518e+04
1507, -2.935451442709930e-01, -1.530232529704500e-01, 1.199985661032290e+00, 1.482028561806951e+02, 1.489829101380398e+02, 2.683960348394653e+05, 9.999832697352587e+04
1508, -2.881717257332620e-01, -1.642027523288820e-01, 1.199991785017847e+00, 1.475342050627222e+02, 1.480296922254804e+02, 2.681973663081652e+05, 9.999904144571420e+04
1509, -2.826708857485820e-01, -1.749500226761640e-01, 1.199991840842077e+00, 1.469694012121441e+02, 1.472755403074617e+02, 2.680352785295611e+05, 9.999904741020044e+04
1510, -2.775330906468860e-01, -1.855041315662250e-01, 1.199978948714736e+00, 1.465080106181412e+02, 1.466887181259370e+02, 2.679034162336877e+05, 9.999754462030753e+04
1511, -2.991408400250430e-01, -2.343629976527570e-01, 1.200009721679927e+00, 1.459956384115554e+02, 1.457812165690337e+02, 2.677389018614450e+05, 1.000011366294209e+05
1512, -1.768693938926340e-01, -2.713381679089700e-02, 1.199994908969068e+00, 1.450356480966807e+02, 1.460119592339693e+02, 2.676464385901883e+05, 9.999940691100979e+04
1513, -2.191476470420870e-01, -5.952706296190500e-02, 1.199989761521532e+00, 1.456003807539537e+02, 1.477136386775964e+02, 2.679216728530574e+05, 9.999880964633427e+04
1514, -2.063416121374790e-01, -5.991138031250100e-02, 1.199998005810059e+00, 1.453970890234017e+02, 1.469590999924881e+02, 2.678066599087610e+05, 9.999977036532192e+04
1515, -1.935197773160890e-01, -6.155915122918600e-02, 1.200001291727716e+00, 1.452506197093792e+02, 1.463649649473278e+02, 2.677172141266706e+05, 1.000001523641112e+05
1516, -1.810439012983880e-01, -6.416361630624200e-02, 1.200001018132618e+00, 1.451480555308701e+02, 1.459277284883632e+02, 2.676514756888731e+05, 1.000001196049345e+05
1517, -1.682791351657980e-01, -6.704675247196699e-02, 1.200001236009817e+00, 1.450726686982861e+02, 1.456031331261434e+02, 2.676029898578007e+05, 1.000001445988954e+05
1518, -1.554462658862170e-01, -7.106105273581199e-02, 1.200002125063341e+00, 1.450202920044919e+02, 1.453686043711383e+02, 2.675684709571187e+05, 1.000002481221325e+05
1519, -6.263375686973800e-01, -8.157028358482100e-02, 1.199224151606020e+00, 1.579809468620585e+02, 1.250814682687205e+02, 2.667030337234903e+05, 9.990960982859341e+04
1520, -6.566819310732460e-01, -3.717384502460600e-02, 1.199438875881530e+00, 1.504802995229888e+02, 1.241127199452776e+02, 2.656977119931201e+05, 9.993473685892065e+04
1521, -2.119882710669350e-01, 1.405675587958960e-01, 1.199994654509032e+00, 1.443338841843485e+02, 1.461372272934495e+02, 2.675770154448400e+05, 9.999938163512926e+04
1522, -3.011465239766650e-01, 2.396420577117290e-01, 1.199998529917109e+00, 1.435557415576861e+02, 1.460321068510998e+02, 2.674719615171622e+05, 9.999983818399801e+04
1523, -2.465927829581350e-01, 1.877439331503170e-01, 1.199994817333188e+00, 1.439787082957258e+02, 1.461876954779640e+02, 2.675405452545541e+05, 9.999940267169730e+04
1524, -3.214979180199410e-01, -1.055232213341670e-01, 1.199822154365394e+00, 1.523314924501013e+02, 1.561286254183228e+02, 2.697765118357710e+05, 9.997925739354242e+04
1525, -2.026503829334670e-01, 9.864718659312800e-02, 1.200008001605952e+00, 1.444271233073605e+02, 1.464629828789900e+02, 2.676316478706985e+05, 1.000009396190717e+05
1526, -6.430544042050310e-01, 1.870166977186460e-01, 1.199944912182586e+00, 1.387017269902122e+02, 1.396971296423792e+02, 2.661319749892263e+05, 9.999358395932369e+04
1527, -5.516684842679440e-01, 2.660131418382180e-01, 1.200013664921302e+00, 1.407849361294440e+02, 1.439683224882276e+02, 2.668985367773116e+05, 1.000016123114486e+05
1528, -6.091462193090700e-01, 2.852262763316500e-02, 1.197427725482415e+00, 1.390056563695401e+02, 1.136391699848112e+02, 2.627111262154120e+05, 9.970017003707525e+04
1529, -3.375896134954940e-01, -2.463321648174960e-01, 1.199998633023270e+00, 1.465596112937273e+02, 1.459144266669881e+02, 2.678207685173025e+05, 9.999984269119576e+04
1530, -1.811943676264770e-01, -1.499951946282750e-01, 1.200006806684408e+00, 1.451079076765586e+02, 1.452965305431581e+02, 2.675716301205320e+05, 1.000007941355306e+05
1531, -2.646250680810870e-01, 2.039334946376120e-01, 1.200005508505329e+00, 1.437673749080224e+02, 1.462451119915992e+02, 2.675251653077879e+05, 1.000006498210578e+05
1532, -5.449129543273830e-01, 2.800600181103450e-01, 1.199985110460724e+00, 1.417899171100267e+02, 1.443129136115088e+02, 2.670503127816233e+05, 9.999827419594984e+04
1533, -1.421625813198150e-01, -7.512026851657100e-02, 1.199997722173229e+00, 1.449819377000574e+02, 1.452037384102682e+02, 2.675426556703185e+05, 9.999973429664932e+04
1534, -1.956621079447980e-01, 3.013295641691800e-02, 1.199998345989815e+00, 1.447690649352276e+02, 1.468147053702094e+02, 2.677131555154046e+05, 9.999981246079651e+04
1535, -5.020435627806030e-01, 2.792918926721140e-01, 1.199992694371674e+00, 1.412814383874065e+02, 1.447845688031607e+02, 2.670492578100198e+05, 9.999915890098503e+04
1536, -5.980641654395880e-01, -1.214993793162070e-01, 1.199339691347718e+00, 1.620827102954798e+02, 1.307120701823769e+02, 2.678832122050935e+05, 9.992323144832323e+04
1537, -6.744767079263000e-01, 5.258183649969000e-02, 1.199702542259393e+00, 1.406925368422507e+02, 1.280114583952178e+02, 2.649927204704564e+05, 9.996537247047828e+04
1538, -1.621265067928310e-01, -3.262759834308900e-02, 1.199990952856825e+00, 1.449984015618318e+02, 1.456126813952110e+02, 2.675923246778703e+05, 9.999894523667097e+04
1539, -3.864534867009100e-01, 2.915696626565840e-01, 1.199990618926229e+00, 1.433645222423580e+02, 1.454912703784761e+02, 2.673812108631382e+05, 9.999891398627109e+04
1540, -2.878747226992460e-01, 2.336171629860950e-01, 1.199999196993070e+00, 1.437456479658254e+02, 1.459699022533025e+02, 2.674873070339042e+05, 9.999991418720240e+04
1541, -1.467274270359810e-01, -2.885749914698100e-02, 1.200001247806640e+00, 1.449603170882545e+02, 1.453557355704712e+02, 2.675594228440928e+05, 1.000001458754802e+05
1542, -1.331724429651410e-01, -3.042302255561300e-02, 1.200003239111412e+00, 1.449444424825096e+02, 1.451976415443024e+02, 2.675389169431854e+05, 1.000003779603237e+05
1543, -2.384109748500870e-01, -8.345695107727100e-02, 1.199999693428222e+00, 1.461990511885460e+02, 1.484969072491230e+02, 2.680938826901487e+05, 9.999996888852929e+04
1544, -2.252361024584030e-01, -8.555264315873300e-02, 1.200001824384668e+00, 1.458291930178103e+02, 1.475342449853890e+02, 2.679307230109429e+05, 1.000002156116223e+05
1545, -2.124132180105280e-01, -9.011969720832300e-02, 1.199999146657396e+00, 1.455605206766992e+02, 1.467648230823319e+02, 2.678030100317448e+05, 9.999990253626296e+04
1546, -2.005962781165670e-01, -9.492796620247000e-02, 1.199999826948151e+00, 1.453740318098407e+02, 1.462248053338367e+02, 2.677146647266078e+05, 9.999998106552738e+04
1547, -1.892976589553950e-01, -1.002809909893690e-01, 1.199999852894736e+00, 1.452405025191659e+02, 1.458337451675337e+02, 2.676509127794274e+05, 9.999998344598670e+04
1548, -1.779721349930360e-01, -1.058801829961620e-01, 1.199998552468839e+00, 1.451408567181336e+02, 1.455460047393168e+02, 2.676035613836229e+05, 9.999983142860275e+04
1549, -1.661118494045560e-01, -1.084844123985170e-01, 1.200000757640854e+00, 1.450679848896826e+02, 1.453501313920045e+02, 2.675716188831769e+05, 1.000000885016026e+05
1550, -4.098210726694730e-01, 2.978748428339990e-01, 1.199998427156412e+00, 1.432661723900200e+02, 1.453824330380648e+02, 2.673584325442651e+05, 9.999982258554798e+04
1551, -4.364875510584350e-01, 2.982211548096120e-01, 1.200003430149400e+00, 1.429543342876286e+02, 1.452913320335514e+02, 2.673115937280861e+05, 1.000004051412435e+05
1552, -6.675463824629611e-01, -1.403936949726000e-02, 1.199572776786930e+00, 1.472992459055902e+02, 1.250112700657316e+02, 2.654333038933629e+05, 9.995029179040126e+04
1553, -5.579236322349410e-01, -1.459208800370570e-01, 1.199334005038576e+00, 1.653372803078465e+02, 1.360896093960754e+02, 2.689238438009883e+05, 9.992249376902651e+04
1554, -6.085835862737220e-01, -1.072737416942710e-01, 1.199245575357040e+00, 1.610652082913082e+02, 1.283790737102962e+02, 2.674681250356004e+05, 9.991227075054667e+04
1555, -2.662250854856990e-01, -1.147751375435530e-01, 1.199991230604835e+00, 1.473264449734191e+02, 1.493680568643337e+02, 2.683375681333146e+05, 9.999899067616730e+04
1556, -2.530738622357070e-01, -1.179453186368410e-01, 1.199991906941266e+00, 1.466664795225997e+02, 1.482478665103397e+02, 2.681179883133299e+05, 9.999906541897763e+04
1557, -2.424163939739170e-01, -1.245391218407870e-01, 1.199991157103958e+00, 1.462168179854225e+02, 1.473765504749495e+02, 2.679555601768550e+05, 9.999897022148984e+04
1558, -2.327252808507590e-01, -1.335318586282350e-01, 1.199996786231804e+00, 1.458755330287935e+02, 1.466821312509720e+02, 2.678304933569633e+05, 9.999962511329679e+04
1559, -2.232113613978910e-01, -1.420547886860480e-01, 1.199999138054130e+00, 1.456140727844005e+02, 1.461737317810276e+02, 2.677373523041697e+05, 9.999989948277437e+04
1560, -2.137010807014350e-01, -1.505746389981830e-01, 1.200000782485813e+00, 1.454139290581278e+02, 1.457965784054665e+02, 2.676676554064412e+05, 1.000000912642696e+05
1561, -2.038187500975330e-01, -1.592203444153120e-01, 1.200001730561762e+00, 1.452606435335383e+02, 1.455147606555548e+02, 2.676151459087462e+05, 1.000002018365032e+05
1562, -1.936207626974450e-01, -1.686934474251950e-01, 1.200000700490903e+00, 1.451449954673363e+02, 1.453057030323953e+02, 2.675755342019470e+05, 1.000000816107398e+05
1563, -4.657103126765030e-01, 2.951509853701040e-01, 1.199988487401467e+00, 1.425217729552605e+02, 1.451352344078468e+02, 2.672371093399245e+05, 9.999866223634034e+04
1564, -1.794712559249420e-01, 1.926651098704700e-02, 1.199990627738579e+00, 1.448668620075388e+02, 1.461587576095228e+02, 2.676427402756636e+05, 9.999890929531032e+04
1565, -5.071700290328240e-01, -1.734734760778700e-01, 1.199594276097262e+00, 1.635670766999134e+02, 1.433553600878966e+02, 2.695990684513235e+05, 9.995280284515617e+04
1566, -4.826909970379950e-01, -1.921298251340320e-01, 1.199812398353756e+00, 1.594564555132015e+02, 1.456092548262420e+02, 2.693770098337916e+05, 9.997818608761585e+04
1567, -1.966211695794610e-01, 7.079745116452500e-02, 1.199988281580178e+00, 1.445634012511630e+02, 1.465477972991302e+02, 2.676529443236914e+05, 9.999863644886814e+04
1568, -5.377257117607440e-01, 2.904930404141690e-01, 1.199995623123653e+00, 1.424005756866765e+02, 1.445088502646982e+02, 2.671491060488431e+05, 9.999949543773770e+04
1569, -3.545636636811520e-01, 2.922165771278070e-01, 1.200005451791339e+00, 1.438828884429725e+02, 1.454131218605751e+02, 2.674378766940670e+05, 1.000006387646246e+05
1570, -2.839999247731480e-01, -1.435460917737180e-01, 1.199978386886126e+00, 1.478635910439460e+02, 1.489856588000640e+02, 2.683525153895601e+05, 9.999747921133721e+04
1571, -2.772610877225730e-01, -1.539407226654810e-01, 1.199996256016934e+00, 1.472399366424316e+02, 1.480147778747103e+02, 2.681606185310602e+05, 9.999956251141519e+04
1572, -2.888827809480410e-01, -1.307044637119300e-01, 1.199963894652581e+00, 1.485091751537582e+02, 1.502071828937146e+02, 2.685805253251323e+05, 9.999579090168384e+04
1573, -2.707537662608950e-01, -1.642151055872480e-01, 1.200001707112664e+00, 1.467242077159287e+02, 1.472508296871461e+02, 2.680049703201478e+05, 1.000001983777112e+05
1574, -2.644438218983450e-01, -1.750044564359250e-01, 1.199999773408111e+00, 1.462912360199581e+02, 1.466346032273722e+02, 2.678761161108722e+05, 9.999997299416678e+04
1575, -2.627197734151920e-01, -1.889686348499450e-01, 1.200001212762683e+00, 1.460076225966476e+02, 1.461928486529197e+02, 2.677880745129639e+05, 1.000001411870171e+05
1576, -2.554855284565480e-01, -1.998980096261950e-01, 1.199994693110206e+00, 1.456939274452976e+02, 1.458059658574158e+02, 2.677010719817397e+05, 9.999938078173643e+04
1577, -2.439196105162000e-01, -2.083832304434100e-01, 1.200001439219436e+00, 1.454261073252050e+02, 1.455059085935366e+02, 2.676340326611685e+05, 1.000001678361148e+05
1578, -5.947717507239670e-01, 2.382836631196660e-01, 1.199984594086799e+00, 1.397785078894237e+02, 1.426352237729330e+02, 2.666135975611937e+05, 9.999821396424249e+04
1579, -5.902455416561621e-01, 2.522666106892950e-01, 1.199975890564438e+00, 1.408188942950694e+02, 1.432748298707817e+02, 2.668089997447756e+05, 9.999719177882640e+04
1580, -5.844096678863870e-01, 2.638653834399450e-01, 1.200004866796450e+00, 1.415354382825376e+02, 1.436971984443066e+02, 2.669518515966027e+05, 1.000005739482883e+05
1581, -5.366473051199060e-01, 3.038068208358920e-01, 1.199999785529363e+00, 1.431175479581036e+02, 1.446434098921700e+02, 2.672517606548893e+05, 9.999997826882408e+04
1582, -2.127647052549250e-01, -4.527419347402200e-02, 1.199989626420526e+00, 1.454080085941228e+02, 1.475329557423635e+02, 2.678760864126615e+05, 9.999879574275539e+04
1583, -1.977745865226160e-01, -4.520611001424400e-02, 1.199999327321997e+00, 1.452356177524538e+02, 1.467071384800689e+02, 2.677566430732565e+05, 9.999992505693500e+04
1584, -1.842930262214240e-01, -4.531789984175400e-02, 1.200003538318618e+00, 1.451299270841374e+02, 1.461622694325991e+02, 2.676785279425522e+05, 1.000004145696975e+05
1585, -1.715389981432100e-01, -4.763302041352900e-02, 1.199998206745907e+00, 1.450624942847025e+02, 1.457731447207574e+02, 2.676215623219147e+05, 9.999979156682843e+04
1586, -1.577066773133540e-01, -4.951630796607100e-02, 1.200001342517645e+00, 1.450104282415228e+02, 1.454782687422479e+02, 2.675803524369030e+05, 1.000001570127247e+05
1587, -1.452000487037990e-01, -5.197534007134800e-02, 1.200002373849606e+00, 1.449785446735858e+02, 1.452906028459573e+02, 2.675540487222513e+05, 1.000002770967408e+05
1588, -1.327300890173270e-01, -5.392788777819400e-02, 1.200002336600220e+00, 1.449567505552389e+02, 1.451640004704669e+02, 2.675360835606373e+05, 1.000002726546423e+05
1589, -5.150079975643310e-01, 2.803868452719290e-01, 1.199991550298005e+00, 1.414470012773832e+02, 1.446237864372472e+02, 2.670490480343770e+05, 9.999902222477239e+04
1590, -5.289747944595580e-01, 2.796318754683640e-01, 1.199991981076743e+00, 1.415296078444789e+02, 1.444576263005264e+02, 2.670388878362663e+05, 9.999907030161678e+04
1591, -1.751072603378990e-01, -1.896727095175000e-03, 1.200002802626501e+00, 1.449473058288899e+02, 1.460204051202910e+02, 2.676389815965813e+05, 1.000003290865984e+05
1592, -1.598900055280030e-01, 8.752148906640000e-04, 1.200007806026793e+00, 1.449296642672898e+02, 1.456241670526481e+02, 2.675900841884458e+05, 1.000009118366018e+05
1593, -1.459188360746090e-01, -2.167178412869000e-03, 1.199999759124041e+00, 1.449275882182363e+02, 1.453712688922750e+02, 2.675569392161671e+05, 9.999997233576227e+04
1594, -1.335293152251790e-01, -5.082607791038000e-03, 1.199999950140290e+00, 1.449248419538099e+02, 1.452185422313256e+02, 2.675381677684966e+05, 9.999999434539440e+04
1595, -4.879992737250530e-01, -2.050225118681520e-01, 1.199890629666582e+00, 1.568350719555891e+02, 1.451541583966996e+02, 2.689978391256011e+05, 9.998728030841502e+04
1596, -3.013629710283000e-01, 2.547397851819000e-01, 1.200005661341278e+00, 1.439029446904789e+02, 1.456958530455119e+02, 2.674746407622617e+05, 1.000006660975221e+05
1597, -6.217125628610020e-01, 2.021873144422610e-01, 1.199955322193186e+00, 1.380759853872054e+02, 1.403710062298920e+02, 2.661413059857491e+05, 9.999478229221294e+04
1598, -6.171761576514180e-01, 2.179308472077290e-01, 1.199981056962768e+00, 1.392306774188772e+02, 1.415358630998173e+02, 2.664187448199028e+05, 9.999779720656834e+04
1599, -6.044214962104660e-01, 2.262312295913280e-01, 1.199985922962551e+00, 1.391644892240757e+02, 1.419713407355745e+02, 2.664639067687877e+05, 9.999838265898911e+04
1600, -1.548788351019310e-01, -1.165622999864600e-01, 1.200000945769739e+00, 1.450170974184200e+02, 1.451961933621340e+02, 2.675468842213619e+05, 1.000001103684755e+05
1601, -2.284429274036380e-01, -5.077986270786200e-02, 1.199968958945356e+00, 1.457238556352359e+02, 1.485793799336692e+02, 2.680377942818243e+05, 9.999638527472752e+04
1602, -2.400228790489170e-01, -5.598888569952200e-02, 1.199980411238545e+00, 1.460710709684458e+02, 1.495027751709751e+02, 2.681978860730223e+05, 9.999772930784378e+04
1603, -4.262525728941040e-01, -1.759169526473500e-01, 1.199765401822042e+00, 1.596057094302636e+02, 1.502065571269501e+02, 2.699505572137846e+05, 9.997265870442995e+04
1604, -4.042681976304780e-01, -1.586852988787350e-01, 1.199651096466740e+00, 1.600754533163297e+02, 1.529525889953536e+02, 2.703287068748573e+05, 9.995933246738462e+04
1605, -4.249854399781680e-01, -1.895974912482070e-01, 1.199858357974481e+00, 1.569907059963704e+02, 1.490428762115403e+02, 2.694860156975067e+05, 9.998350753296184e+04
1606, -4.217464391731680e-01, -2.024101134548050e-01, 1.199941146859033e+00, 1.546171783348727e+02, 1.481824723359762e+02, 2.690940323592930e+05, 9.999315186928948e+04
1607, -4.253399438128260e-01, -2.138702611810090e-01, 1.199991603119272e+00, 1.531072079132826e+02, 1.473999385624975e+02, 2.688179489776710e+05, 9.999903374641124e+04
1608, -4.311520536319500e-01, -2.271843450945900e-01, 1.199981308040508e+00, 1.515695266701509e+02, 1.466558124410368e+02, 2.685286719109083e+05, 9.999781182825832e+04
1609, -4.282257349718330e-01, -2.419105979073610e-01, 1.200011313213270e+00, 1.497802456449202e+02, 1.461735075873913e+02, 2.682534796420021e+05, 1.000013246285064e+05
1610, -3.997314238087860e-01, -1.731566171683300e-01, 1.199819753641597e+00, 1.572416656075801e+02, 1.512339044735086e+02, 2.697823252472276e+05, 9.997896583119383e+04
1611, -4.120599062640830e-01, -1.816160961099710e-01, 1.199854647748973e+00, 1.571949589213276e+02, 1.501290129937972e+02, 2.696471008036202e+05, 9.998305707696716e+04
1612, -3.913857047950160e-01, -1.621298474912810e-01, 1.199781654940262e+00, 1.578615283699160e+02, 1.526148373509785e+02, 2.700281079904896e+05, 9.997452242780701e+04
1613, -4.100806310091240e-01, -1.955720722668230e-01, 1.199917436118160e+00, 1.547990734245037e+02, 1.489133796647538e+02, 2.692014418227143e+05, 9.999038965662774e+04
1614, -2.759979219114960e-01, 2.256558234477000e-01, 1.200001280998728e+00, 1.438677551640903e+02, 1.459522929091852e+02, 2.675003700436254e+05, 1.000001550263680e+05
1615, -6.517212218429740e-01, 1.968389326706880e-01, 1.199972082277287e+00, 1.401377028213898e+02, 1.408927364726033e+02, 2.664461366843953e+05, 9.999674506133902e+04
1616, -6.649159512606720e-01, 1.980960825782910e-01, 1.199964529634755e+00, 1.411393740934650e+02, 1.414990662177150e+02, 2.666327909641538e+05, 9.999586816314311e+04
1617, -6.773207516432760e-01, 2.008689232164300e-01, 1.199960503600514e+00, 1.420021798206396e+02, 1.421289894403774e+02, 2.668079029047991e+05, 9.999539494094165e+04
1618, -6.895598278408350e-01, 2.063733638134930e-01, 1.199973356539729e+00, 1.427855006284446e+02, 1.428039834898811e+02, 2.669845551816589e+05, 9.999689167949386e+04
1619, -7.017797258651099e-01, 2.125665961146110e-01, 1.199979333153685e+00, 1.434007460277455e+02, 1.433708867881664e+02, 2.671271775912971e+05, 9.999758881678697e+04
1620, -7.144264033277200e-01, 2.198261985157640e-01, 1.199984740632668e+00, 1.438861506356165e+02, 1.438407099785568e+02, 2.672430065239850e+05, 9.999821918251361e+04
1621, -6.565189990641030e-01, -5.269773386829500e-02, 1.199540500741344e+00, 1.518793735095954e+02, 1.257152957127927e+02, 2.660691838228775e+05, 9.994657853489302e+04
1622, -1.648906375754630e-01, 1.677623916022300e-02, 1.199996903213245e+00, 1.448912158096106e+02, 1.457369735625296e+02, 2.675961173494208e+05, 9.999964046137396e+04
1623, -1.503385001705340e-01, 1.895577210524200e-02, 1.200002998742147e+00, 1.448974665332093e+02, 1.454410337078191e+02, 2.675626532518823e+05, 1.000003505062096e+05
1624, -1.366000609476930e-01, 2.090109550086400e-02, 1.200002472385435e+00, 1.449022042339849e+02, 1.452511832853384e+02, 2.675400834402426e+05, 1.000002886578415e+05
1625, -2.322282764133220e-01, 1.859322306139360e-01, 1.200002336477926e+00, 1.442483692975140e+02, 1.458835530114555e+02, 2.675379923505075e+05, 1.000002767513351e+05
1626, -5.230980255554470e-01, 2.931436790988440e-01, 1.199992269728148e+00, 1.424254346634546e+02, 1.446432883337030e+02, 2.671673187942941e+05, 9.999910239274478e+04
1627, -3.529935462152060e-01, -1.612877819718960e-01, 1.199917843398257e+00, 1.531564641029390e+02, 1.517262544974327e+02, 2.693430932609025e+05, 9.999041379372693e+04
1628, -3.583501736185650e-01, -1.731989894445620e-01, 1.199914562326140e+00, 1.526264602569929e+02, 1.506335987173772e+02, 2.691370000612772e+05, 9.999003473589220e+04
1629, -2.517491178765520e-01, 2.106011340387680e-01, 1.199993989055276e+00, 1.441440535140196e+02, 1.458266738663644e+02, 2.675162296432990e+05, 9.999930226173189e+04
1630, -3.830766386443380e-01, -1.777582710093770e-01, 1.199870052892067e+00, 1.547440480078992e+02, 1.507023925056183e+02, 2.694045571754538e+05, 9.998482545478128e+04
1631, -3.808208628494080e-01, -1.926529472202890e-01, 1.199939957002050e+00, 1.526831093841229e+02, 1.492431253945233e+02, 2.689774248111098e+05, 9.999298269137910e+04
1632, -3.822295971185100e-01, -2.058971174422090e-01, 1.199966190817098e+00, 1.513147873543749e+02, 1.482173102279872e+02, 2.686842439917835e+05, 9.999606426559939e+04
1633, -3.838717021649420e-01, -2.183293315059790e-01, 1.199982737240490e+00, 1.501700686351564e+02, 1.474395508320754e+02, 2.684491928814182e+05, 9.999799251845310e+04
1634, -3.830456238180550e-01, -2.314825984306550e-01, 1.199985749082743e+00, 1.489749221491638e+02, 1.467727315874895e+02, 2.682192946130718e+05, 9.999833758376578e+04
1635, -3.800765107605330e-01, -2.450420375917420e-01, 1.200002964751902e+00, 1.478931317609489e+02, 1.462419976845976e+02, 2.680254355698372e+05, 1.000003419892642e+05
1636, -3.792243584264110e-01, -2.590870249592420e-01, 1.200010293658383e+00, 1.470847673121543e+02, 1.458365967688604e+02, 2.678787845671562e+05, 1.000012015405235e+05
1637, -2.000456756253790e-01, 1.167466412714230e-01, 1.200006398316398e+00, 1.444625889759467e+02, 1.461228198507879e+02, 2.675940002689821e+05, 1.000007512784507e+05
1638, -2.748401422245450e-01, -1.336526278550230e-01, 1.199987327541049e+00, 1.475378035974552e+02, 1.489568776401998e+02, 2.683113116763769e+05, 9.999852149070881e+04
1639, -2.669106014919390e-01, -1.426264782973770e-01, 1.200004159005313e+00, 1.469695841153253e+02, 1.480008609057000e+02, 2.681279510193007e+05, 1.000004866234719e+05
1640, -2.594255242781750e-01, -1.520970951803310e-01, 1.200008128177039e+00, 1.465049280221845e+02, 1.472338947726636e+02, 2.679778806203965e+05, 1.000009486667461e+05
1641, -2.522094716187880e-01, -1.618425947437900e-01, 1.200006341135114e+00, 1.461260868948018e+02, 1.466304044503817e+02, 2.678573002174412e+05, 1.000007396981739e+05
1642, -2.462775320074060e-01, -1.729325985058960e-01, 1.199999771714779e+00, 1.458319306563213e+02, 1.461657602142969e+02, 2.677630119995369e+05, 9.999997320513637e+04
1643, -2.394652940636180e-01, -1.830517379517880e-01, 1.199995326855970e+00, 1.455912551584272e+02, 1.458138424012573e+02, 2.676897436574360e+05, 9.999945486954066e+04
1644, -4.370158956470930e-01, 2.375510638278300e-01, 1.199963022001123e+00, 1.373736416305357e+02, 1.467227942514611e+02, 2.668227990603756e+05, 9.999572950677481e+04
1645, -4.307337980127470e-01, 2.297395176187300e-01, 1.199948335602971e+00, 1.365357668031209e+02, 1.472291494319229e+02, 2.667851297561252e+05, 9.999402290408427e+04
1646, -4.246613421160800e-01, 2.219263858080250e-01, 1.199928733743305e+00, 1.356987295704294e+02, 1.478111069746156e+02, 2.667562927560314e+05, 9.999174046712230e+04
1647, -4.180442939246220e-01, 2.141662283538720e-01, 1.199889209059057e+00, 1.349385641726471e+02, 1.484843656291589e+02, 2.667427139851871e+05, 9.998712893585337e+04
1648, -2.192291784037650e-01, 1.681657436156430e-01, 1.199996822698510e+00, 1.443414390227894e+02, 1.458849245781543e+02, 2.675478207133267e+05, 9.999963265972849e+04
1649, -1.834295532855610e-01, 3.642140428362700e-02, 1.199993605091388e+00, 1.447870868748002e+02, 1.462562767288992e+02, 2.676458184612250e+05, 9.999925659801430e+04
1650, -4.770064131107050e-01, -1.571513596269200e-01, 1.199311010593367e+00, 1.673462408091278e+02, 1.469533264785265e+02, 2.704778711043993e+05, 9.991972525995951e+04
1651, -4.677435618972940e-01, -1.692661678402540e-01, 1.199551313031527e+00, 1.641648108527472e+02, 1.475671308538787e+02, 2.701795233749632e+05, 9.994774784441739e+04
1652, -4.639440045412650e-01, -1.826549318707850e-01, 1.199746721915441e+00, 1.609793629175826e+02, 1.472965367348312e+02, 2.697683036918223e+05, 9.997054212993242e+04
1653, -4.656763026433950e-01, -1.954966273732260e-01, 1.199860062061413e+00, 1.583151062489471e+02, 1.466645279246677e+02, 2.693674375854130e+05, 9.998371028511359e+04
1654, -4.688246874977890e-01, -2.078064397256140e-01, 1.199920089691042e+00, 1.559907667526800e+02, 1.461171219050802e+02, 2.690127494972908e+05, 9.999070397066147e+04
1655, -4.734660761742120e-01, -2.213054766034970e-01, 1.199946872654373e+00, 1.537130251178715e+02, 1.456382477798500e+02, 2.686679349263854e+05, 9.999381088605575e+04
1656, -3.346900248671520e-01, 2.787387267893500e-01, 1.199997936503135e+00, 1.438484987445249e+02, 1.455340427058980e+02, 2.674463354434458e+05, 9.999976414725726e+04
1657, -5.757203019938780e-01, -1.447877111035910e-01, 1.199471024321987e+00, 1.629912352446955e+02, 1.349249671364106e+02, 2.685089265106162e+05, 9.993846496759128e+04
1658, -4.626094996396640e-01, -1.555817463129670e-01, 1.199337795992172e+00, 1.669971118263357e+02, 1.488904780313614e+02, 2.706753804997767e+05, 9.992281086304651e+04
1659, -4.523085172860370e-01, -1.642997484726790e-01, 1.199528183093028e+00, 1.643226556352881e+02, 1.494015542102710e+02, 2.704217759027908e+05, 9.994501703724668e+04
1660, -4.393231636612880e-01, -1.706946435441190e-01, 1.199688277059100e+00, 1.618671663889301e+02, 1.499493849278985e+02, 2.702001970014609e+05, 9.996367080927105e+04
1661, -4.954155878751230e-01, -2.175684280426720e-01, 1.199932007976108e+00, 1.545037513451510e+02, 1.447846189873185e+02, 2.686621010516549e+05, 9.999208450165825e+04
1662, -1.939986051053420e-01, 5.046432358372300e-02, 1.199998193500602e+00, 1.446693616630273e+02, 1.466122072450812e+02, 2.676763312129854e+05, 9.999979458791394e+04
1663, -2.519606291457280e-01, -5.977989496922400e-02, 1.199976080199938e+00, 1.465172997803642e+02, 1.506312856934829e+02, 2.683922272866317e+05, 9.999722698581111e+04
1664, -2.603100451207490e-01, -1.287921778948380e-01, 1.199984875449007e+00, 1.468693743588627e+02, 1.482409137054591e+02, 2.681399795068950e+05, 9.999823672405347e+04
1665, -2.502556345013420e-01, -1.382494092427230e-01, 1.199998898778602e+00, 1.463565579682546e+02, 1.473067842746733e+02, 2.679661665526239e+05, 9.999987156707927e+04
1666, -2.417945533091880e-01, -1.474513192457250e-01, 1.199998645221636e+00, 1.459979717952106e+02, 1.466636500358535e+02, 2.678436391526347e+05, 9.999984193445760e+04
1667, -2.337369837204170e-01, -1.567353082149330e-01, 1.199996488622869e+00, 1.457189452691885e+02, 1.461815469742913e+02, 2.677503005540820e+05, 9.999959016340680e+04
1668, -2.255348793723230e-01, -1.660402261722400e-01, 1.199996291379488e+00, 1.454990078434244e+02, 1.458159326772257e+02, 2.676790759275952e+05, 9.999956726371445e+04
1669, -2.164380724710150e-01, -1.752551189793390e-01, 1.199997518274944e+00, 1.453233954500745e+02, 1.455331894655401e+02, 2.676238117459871e+05, 9.999971036845217e+04
1670, -2.072594497559790e-01, -1.858789206704940e-01, 1.199984743557357e+00, 1.451846046596080e+02, 1.453131840324857e+02, 2.675768115658048e+05, 9.999822006984892e+04
1671, -5.891474485434410e-01, -1.354855283885970e-01, 1.199428498538642e+00, 1.621546195206791e+02, 1.331450529858907e+02, 2.681851074766358e+05, 9.993359279789220e+04
1672, -6.410503206302780e-01, -7.521974863293000e-02, 1.199399438281507e+00, 1.552980288999581e+02, 1.260290381714118e+02, 2.665007884045940e+05, 9.993017779700158e+04
1673, -5.317475579584490e-01, -1.591882022050020e-01, 1.199445913407978e+00, 1.655093055433430e+02, 1.399949057313781e+02, 2.694277434106633e+05, 9.993549538723922e+04
1674, -5.494045203194901e-01, -1.617122248498360e-01, 1.199567284348287e+00, 1.633354921905207e+02, 1.386441617341300e+02, 2.690063739440111e+05, 9.994967554694647e+04
1675, -5.838919776560660e-01, 2.803617434310470e-01, 1.199995734076430e+00, 1.425762390766278e+02, 1.441275291852412e+02, 2.671241366477156e+05, 9.999950887087453e+04
1676, -5.909663305457530e-01, 2.932229689203670e-01, 1.200001389037049e+00, 1.433190843544250e+02, 1.443610263923115e+02, 2.672422487581361e+05, 1.000001631729009e+05
1677, -5.975880559863200e-01, 3.066492006137340e-01, 1.199996015254907e+00, 1.438585664165072e+02, 1.445402773326041e+02, 2.673268880506740e+05, 9.999953572051738e+04
1678, -6.030601486622530e-01, 3.196943831532220e-01, 1.199997018694762e+00, 1.442171362455588e+02, 1.446656001130391e+02, 2.673853068028291e+05, 9.999965240281001e+04
1679, -6.104822709433050e-01, 3.312073323381530e-01, 1.200001711964124e+00, 1.444543855931420e+02, 1.447460210996057e+02, 2.674248414928116e+05, 1.000001998501974e+05
1680, -6.495251889093170e-01, 1.627488083306770e-01, 1.199914742232036e+00, 1.376074323880468e+02, 1.375225799016739e+02, 2.657464010752208e+05, 9.999006798489351e+04
1681, -6.542413317007950e-01, 1.526117264793300e-01, 1.199914301583592e+00, 1.375378390542094e+02, 1.366888826525944e+02, 2.656430178346428e+05, 9.999000825758856e+04
1682, -6.654314027225080e-01, 1.452436525412950e-01, 1.199960514623589e+00, 1.384817096254373e+02, 1.368165989920871e+02, 2.657789997120695e+05, 9.999539777672208e+04
1683, -2.942559408223560e-01, -2.478440169449230e-01, 1.200015782494656e+00, 1.456599603024646e+02, 1.454937415229902e+02, 2.676648912573831e+05, 1.000018406011504e+05
1684, -5.347237002006180e-01, 3.181666825718530e-01, 1.199994849048668e+00, 1.436882413953626e+02, 1.447454637648097e+02, 2.673308935051573e+05, 9.999940097666500e+04
1685, -4.523558072967950e-01, -1.783952134468410e-01, 1.199728578616802e+00, 1.612557683816902e+02, 1.484101421907004e+02, 2.699375791988248e+05, 9.996838851082131e+04
1686, -4.516787568810200e-01, -1.937006844984460e-01, 1.199828258582550e+00, 1.580512934371487e+02, 1.475446972883617e+02, 2.694318209413482e+05, 9.998000492288450e+04
1687, -6.690945647280760e-01, -3.026033594228200e-02, 1.199615911917457e+00, 1.488390649860700e+02, 1.262880852381922e+02, 2.657692604455643e+05, 9.995537967826889e+04
1688, -3.345536629558320e-01, -2.603746039405390e-01, 1.200005717380025e+00, 1.460612273505538e+02, 1.455900413951801e+02, 2.677225559045284e+05, 1.000006657527350e+05
1689, -2.875276172670310e-01, 2.481689115273670e-01, 1.200003693710526e+00, 1.440348608401551e+02, 1.456623882633879e+02, 2.674858569182607e+05, 1.000004355465554e+05
1690, -1.249686122741670e-01, -6.832732179478200e-02, 1.200001630817020e+00, 1.449498946001954e+02, 1.450879534944224e+02, 2.675258627764004e+05, 1.000001902718254e+05
1691, -5.132631689129080e-01, -1.851801733254530e-01, 1.199739541339701e+00, 1.607149808073411e+02, 1.431849916118370e+02, 2.692332063634924e+05, 9.996973167750612e+04
1692, -5.214492022674240e-01, -1.966236825208480e-01, 1.199817320224999e+00, 1.580042674953767e+02, 1.430339018316756e+02, 2.688765650584898e+05, 9.997879907036846e+04
1693, -2.700229660690680e-01, -2.332967703538300e-01, 1.200018443582407e+00, 1.455195743485681e+02, 1.454743919721080e+02, 2.676462519278144e+05, 1.000021516850485e+05
1694, -2.646118836167610e-01, 2.180041642276830e-01, 1.200000950965038e+00, 1.439910683839750e+02, 1.459146809923515e+02, 2.675104923891929e+05, 1.000001155222979e+05
1695, -6.860670182405090e-01, 2.374365006208200e-02, 1.199763630184324e+00, 1.435522349238701e+02, 1.291165624036478e+02, 2.654669840667318e+05, 9.997251443024032e+04
1696, -4.927235477331190e-01, 2.915501252712970e-01, 1.199992571493386e+00, 1.421990444472749e+02, 1.449095234728691e+02, 2.671726842562680e+05, 9.999914146891762e+04
1697, -1.191989088155250e-01, -3.547333145687800e-02, 1.200001089999563e+00, 1.449344949941395e+02, 1.450867801699747e+02, 2.675237110478417e+05, 1.000001271827508e+05
1698, -4.347628116398000e-01, -2.556512236686450e-01, 1.200002857137277e+00, 1.486683334373113e+02, 1.457344951408897e+02, 2.680594518763420e+05, 1.000003285423660e+05
1699, -5.184430234796540e-01, 3.068665925663860e-01, 1.199996232502621e+00, 1.431451722365229e+02, 1.447583321475088e+02, 2.672679287330250e+05, 9.999956396275689e+04
1700, -6.147943237151690e-01, -1.221037035132200e-01, 1.199503840332037e+00, 1.590642873054978e+02, 1.314354943524202e+02, 2.676036427901171e+05, 9.994239911555134e+04
1701, -1.857488843329310e-01, 6.135763365641000e-02, 1.199998921923275e+00, 1.446855716399761e+02, 1.462059332143924e+02, 2.676289119331838e+05, 9.999987684674333e+04
1702, -1.689920997904370e-01, 3.491357085705000e-02, 1.199991656199487e+00, 1.448369828808649e+02, 1.458118330856122e+02, 2.675972115324861e+05, 9.999902861739631e+04
1703, -1.557161192553070e-01, 3.542058253962400e-02, 1.199993326738374e+00, 1.448639555648386e+02, 1.455176229033054e+02, 2.675652147892325e+05, 9.999922280605965e+04
1704, -1.443834376020350e-01, 4.598926894277700e-02, 1.199999178672078e+00, 1.448694092422057e+02, 1.453203939953859e+02, 2.675435917828223e+05, 9.999990480252319e+04
1705, -3.316073445869720e-01, -1.690308103313410e-01, 1.199974183459592e+00, 1.503881719062842e+02, 1.499037021921958e+02, 2.687794105498677e+05, 9.999698218517858e+04
1706, -3.322318750952420e-01, -1.828196470208210e-01, 1.199978409676471e+00, 1.495414076317692e+02, 1.488077002157036e+02, 2.685383459541821e+05, 9.999747754666377e+04
1707, -3.288589946499460e-01, -1.955706987777210e-01, 1.199996894661233e+00, 1.485551254328196e+02, 1.478455318793169e+02, 2.683020237615700e+05, 9.999963612751858e+04
1708, -3.254579088846920e-01, -2.074771216178530e-01, 1.199999453124358e+00, 1.477559630503592e+02, 1.471216520382192e+02, 2.681150982727421e+05, 9.999993515426628e+04
1709, -3.220717377735670e-01, -2.195054901642800e-01, 1.199993458447643e+00, 1.470876076139948e+02, 1.465432259605795e+02, 2.679605533221667e+05, 9.999923526330754e+04
1710, -3.200669629073960e-01, -2.325137727565390e-01, 1.199963684339612e+00, 1.465405517538494e+02, 1.460781298168973e+02, 2.678286770267534e+05, 9.999576264255182e+04
1711, -6.262138107443180e-01, -1.042268428479520e-01, 1.199482662899931e+00, 1.579806638604219e+02, 1.291222991331022e+02, 2.672035155541141e+05, 9.994000396968643e+04
1712, -1.192602674123880e-01, -7.233310146164000e-03, 1.199998886226928e+00, 1.449215296811121e+02, 1.451014859477549e+02, 2.675233128109248e+05, 9.999987012035804e+04
1713, -1.913975328074470e-01, 8.781835352939400e-02, 1.200008351084725e+00, 1.445759635495895e+02, 1.461813220301266e+02, 2.676153176908342e+05, 1.000009780807358e+05
1714, -4.815122454914510e-01, 3.024927431759180e-01, 1.199991432180879e+00, 1.428723579783715e+02, 1.449881069660203e+02, 2.672618290107523e+05, 9.999900532580783e+04
1715, -6.170639694783790e-01, 3.443783053903980e-01, 1.200001740211435e+00, 1.446280369495229e+02, 1.448078169512314e+02, 2.674532210119007e+05, 1.000002030415551e+05
1716, -6.386189762250560e-01, 2.010721967773720e-01, 1.199968229912292e+00, 1.394123888101659e+02, 1.407544746460374e+02, 2.663443375042111e+05, 9.999628910198627e+04
1717, -5.007707817101760e-01, -1.626545997085800e-01, 1.199424403490746e+00, 1.662542526953615e+02, 1.438039639362094e+02, 2.699755154187917e+05, 9.993299865324040e+04
1718, -4.930842816131290e-01, -1.769806214370540e-01, 1.199651700738574e+00, 1.629571875482765e+02, 1.448110040217036e+02, 2.697066384851497e+05, 9.995947705318662e+04
1719, -4.981424395754780e-01, -1.889488510763840e-01, 1.199777815758178e+00, 1.601946496060063e+02, 1.444504719600002e+02, 2.693257742010842e+05, 9.997416283378516e+04
1720, -5.049455736771510e-01, -2.007460079759140e-01, 1.199844679522732e+00, 1.576024114399259e+02, 1.441353989305371e+02, 2.689629499521286e+05, 9.998194031241554e+04
1721, -5.129834478844270e-01, -2.121563532376050e-01, 1.199863273817785e+00, 1.552560362252856e+02, 1.439196308178354e+02, 2.686361958747017e+05, 9.998407769722509e+04
1722, -2.361941521489980e-01, -2.206983841426940e-01, 1.199995088061650e+00, 1.452519974606643e+02, 1.452960738289330e+02, 2.675857608573939e+05, 9.999942690781807e+04
1723, -5.647333398678470e-01, -1.572851504673320e-01, 1.199602681763874e+00, 1.624135231544336e+02, 1.371742181654857e+02, 2.687220542296280e+05, 9.995384043184030e+04
1724, -6.088500547239321e-01, 2.391998671431990e-01, 1.199995571895770e+00, 1.405847587210147e+02, 1.427386744129635e+02, 2.667231490545721e+05, 9.999950100973583e+04
1725, -6.031527950963750e-01, 2.495984145308640e-01, 1.199985041189167e+00, 1.411394632106909e+02, 1.431837452492836e+02, 2.668383349312057e+05, 9.999826116048187e+04
1726, -6.045891456632460e-01, 2.627952112484790e-01, 1.200000031197116e+00, 1.420985760176327e+02, 1.436731127125121e+02, 2.670141701136525e+05, 1.000000067852683e+05
1727, -6.082577805572760e-01, 2.773631427215000e-01, 1.199991078816597e+00, 1.429668632986914e+02, 1.440785060330434e+02, 2.671634207190594e+05, 9.999896059019168e+04
1728, -6.130208886958970e-01, 2.878295066612030e-01, 1.199999070725692e+00, 1.434810853000872e+02, 1.442992401679177e+02, 2.672535296204863e+05, 9.999989107836799e+04
1729, -6.203788461563410e-01, 2.989892505553980e-01, 1.199994883142180e+00, 1.439233769813154e+02, 1.444793057916165e+02, 2.673270023659627e+05, 9.999940334994953e+04
1730, -6.285601096507180e-01, 3.099402857537170e-01, 1.199994387517222e+00, 1.442469781265132e+02, 1.446137083318994e+02, 2.673819094077285e+05, 9.999934535211805e+04
1731, -6.369963780139040e-01, 3.216083321114500e-01, 1.199994336304078e+00, 1.444835627247141e+02, 1.447158383652037e+02, 2.674226695757381e+05, 9.999933930638102e+04
1732, -5.218341544695549e-01, -1.712337627537500e-01, 1.199602007447835e+00, 1.634840699511314e+02, 1.418240017505052e+02, 2.694078541065704e+05, 9.995370346071504e+04
1733, -5.296247164320510e-01, -1.833267188734890e-01, 1.199776999409994e+00, 1.603874472802225e+02, 1.418777947293467e+02, 2.690443683546621e+05, 9.997408657742647e+04
1734, -1.983496275843500e-01, 1.359946617306990e-01, 1.199995997333452e+00, 1.445122307685036e+02, 1.458315353312638e+02, 2.675616585479946e+05, 9.999953639670322e+04
1735, -3.942432809599640e-01, 3.046466240704290e-01, 1.199999877308692e+00, 1.437144732614753e+02, 1.453097769481750e+02, 2.674036372716096e+05, 9.999999067995926e+04
1736, -2.733198100454800e-01, 2.405179459933720e-01, 1.200005461751686e+00, 1.441581647445972e+02, 1.456252357767938e+02, 2.674966406436058e+05, 1.000006404823665e+05
1737, -7.278587354595550e-01, 2.287542878641090e-01, 1.199983382768065e+00, 1.442636852789440e+02, 1.442216786115545e+02, 2.673336838607056e+05, 9.999806025950685e+04
1738, -3.040696618039750e-01, 2.694555472812300e-01, 1.199999245526079e+00, 1.441402023792848e+02, 1.454710508766480e+02, 2.674740585814125e+05, 9.999991494042144e+04
1739, -4.390426608148400e-01, -1.853245520663200e-01, 1.199827452340070e+00, 1.588935901734266e+02, 1.487734868413325e+02, 2.696945703670846e+05, 9.997990527588761e+04
1740, -4.368956815508510e-01, -1.996723105127830e-01, 1.199871968784459e+00, 1.560640218254413e+02, 1.478947696411108e+02, 2.692268294666605e+05, 9.998510268652585e+04
1741, -4.469280002984410e-01, -2.097807446712140e-01, 1.199928218337553e+00, 1.548409267648761e+02, 1.469871617293866e+02, 2.689722851422432e+05, 9.999163655011157e+04
1742, -4.532296349911320e-01, -2.216651908478170e-01, 1.199960148914625e+00, 1.531668114182982e+02, 1.463200222755588e+02, 2.686846694248712e+05, 9.999534924092006e+04
1743, -4.527548876157810e-01, -2.367147071692550e-01, 1.199970833127134e+00, 1.510651111097273e+02, 1.459136523879961e+02, 2.683717280457398e+05, 9.999660222912530e+04
1744, -6.830696100547030e-01, 6.537954604627599e-02, 1.199820818644482e+00, 1.406007570792903e+02, 1.307953427395948e+02, 2.653151345125799e+05, 9.997913686533443e+04
1745, -4.511598994301460e-01, 3.033182135972390e-01, 1.200000845675705e+00, 1.430723458707745e+02, 1.451690279851186e+02, 2.673101389163623e+05, 1.000001033062083e+05
1746, -1.217593948725080e-01, 2.040864405270100e-02, 1.200001104767650e+00, 1.449070510438725e+02, 1.451192247048182e+02, 2.675243241406588e+05, 1.000001289727204e+05
1747, -1.695067828336100e-01, -1.619640530965700e-01, 1.200003847230312e+00, 1.450326256634861e+02, 1.451393845396602e+02, 2.675426922733269e+05, 1.000004488295849e+05
1748, -5.398172247474869e-01, 3.333479306812130e-01, 1.200004540680266e+00, 1.441385050161656e+02, 1.448006232363803e+02, 2.673942315085556e+05, 1.000005307423053e+05
1749, -4.818899900624520e-01, -2.333829492923350e-01, 1.199967980569468e+00, 1.519901514736228e+02, 1.452192074790135e+02, 2.684035465904980e+05, 9.999628471906971e+04
1750, -1.718287295245140e-01, 6.694724743107500e-02, 1.200004133921123e+00, 1.447553687396411e+02, 1.457670267791095e+02, 2.675853760875812e+05, 1.000004841863885e+05
1751, -1.580297312226540e-01, 7.038670851069100e-02, 1.200002647044017e+00, 1.448108661726685e+02, 1.454659309507308e+02, 2.675551207441412e+05, 1.000003097818587e+05
1752, -1.432605456490440e-01, 7.117911520672700e-02, 1.199998831202736e+00, 1.448509555479072e+02, 1.452581756576879e+02, 2.675337341300343e+05, 9.999986400099749e+04
1753, -5.409670450227220e-01, 3.478136996429180e-01, 1.200000774305375e+00, 1.444156084992700e+02, 1.448427528258358e+02, 2.674315868645460e+05, 1.000000907408202e+05
1754, -5.436323799965370e-01, 3.629279956707900e-01, 1.200004393971930e+00, 1.446112344543730e+02, 1.448705976305512e+02, 2.674595092727803e+05, 1.000005127480574e+05
1755, -6.770293765782300e-01, 1.370692224179940e-01, 1.199916022652562e+00, 1.394264263634147e+02, 1.370851640560371e+02, 2.659066075092817e+05, 9.999018528984254e+04
1756, -2.287011984766300e-01, 1.578554260024950e-01, 1.199997698560207e+00, 1.441053004054011e+02, 1.463311269904976e+02, 2.675740194004996e+05, 9.999973822264191e+04
1757, -2.412336257583830e-01, 1.620086647220510e-01, 1.199994783484567e+00, 1.438375354160157e+02, 1.466633103058618e+02, 2.675816475030162e+05, 9.999940122955387e+04
1758, -2.144396469139390e-01, 1.554839500073470e-01, 1.199994936373127e+00, 1.443526542027438e+02, 1.459670000666188e+02, 2.675586312246649e+05, 9.999941386996946e+04
1759, -2.542590499194860e-01, 1.652445927341810e-01, 1.199995632438403e+00, 1.434775866181090e+02, 1.470815105658032e+02, 2.675899884265410e+05, 9.999950499168284e+04
1760, -5.389496034462500e-01, -1.955601311506530e-01, 1.199861620371833e+00, 1.573720346863296e+02, 1.420412468872962e+02, 2.686877243368717e+05, 9.998394703036148e+04
1761, -5.614908912749890e-01, -1.731251085337950e-01, 1.199741227917984e+00, 1.598573756050745e+02, 1.391602510721589e+02, 2.686455587562961e+05, 9.996994936997707e+04
1762, -3.967403951864520e-01, -1.866108632699400e-01, 1.199916736645779e+00, 1.549297059811373e+02, 1.498510498976804e+02, 2.693347882121620e+05, 9.999028615927928e+04
1763, -3.961817198844590e-01, -1.990907835534710e-01, 1.199942617378849e+00, 1.531717383594421e+02, 1.487591441480060e+02, 2.689803906126155e+05, 9.999331547726193e+04
1764, -4.038914480811410e-01, -2.102461265120430e-01, 1.199979596665231e+00, 1.522930722498257e+02, 1.479109688071932e+02, 2.687738982623541e+05, 9.999762582306810e+04
1765, -4.060642669634990e-01, -2.237411801592850e-01, 1.199983878458202e+00, 1.508211859743776e+02, 1.471144498639252e+02, 2.684912615505578e+05, 9.999812330954795e+04
1766, -4.052970260234610e-01, -2.371913984391170e-01, 1.199990783120164e+00, 1.494191598300901e+02, 1.465188147264810e+02, 2.682448861410357e+05, 9.999892366230900e+04
1767, -4.046377705939270e-01, -2.514147192956720e-01, 1.200004664333593e+00, 1.482311561046392e+02, 1.460415386689014e+02, 2.680432038131342e+05, 1.000005418001719e+05
1768, -4.050234099435920e-01, -2.657478808309160e-01, 1.199995664849913e+00, 1.473186216290933e+02, 1.456844552019047e+02, 2.678849371355202e+05, 9.999949288005180e+04
1769, -6.169573597601220e-01, 2.518845078544410e-01, 1.199996369594081e+00, 1.418559931135014e+02, 1.433535555715981e+02, 2.669462468183109e+05, 9.999958410594169e+04
1770, -6.223632195330699e-01, 2.664510279669570e-01, 1.199977749949564e+00, 1.428187783101755e+02, 1.438584309157652e+02, 2.671156903417032e+05, 9.999740721635599e+04
1771, -6.314329601243220e-01, 2.780213158988470e-01, 1.199995328003095e+00, 1.434877052448409e+02, 1.441765932579526e+02, 2.672385443576832e+05, 9.999945562816199e+04
1772, -6.409066676839230e-01, 2.880596559717530e-01, 1.199993417943668e+00, 1.439334193475167e+02, 1.443934425406835e+02, 2.673174646248038e+05, 9.999923194189648e+04
1773, -6.507733526297530e-01, 2.973835777864910e-01, 1.199995806610543e+00, 1.442454049491340e+02, 1.445487261802155e+02, 2.673742838836795e+05, 9.999951075117204e+04
1774, -6.605768797888060e-01, 3.073667728050720e-01, 1.199996498699835e+00, 1.444737603057892e+02, 1.446666691482897e+02, 2.674161597580089e+05, 9.999959147905135e+04
1775, -1.282047806425190e-01, 4.745927654158900e-02, 1.200001233185663e+00, 1.448882174442707e+02, 1.451514605147377e+02, 2.675259846937915e+05, 1.000001440743429e+05
1776, -4.215113988304460e-01, 3.073424254920980e-01, 1.199999143032016e+00, 1.435069485134750e+02, 1.452471060410751e+02, 2.673710090321973e+05, 9.999990430318494e+04
1777, -2.884647270501310e-01, 2.630044984448960e-01, 1.200001054151292e+00, 1.442569723605544e+02, 1.454399605345172e+02, 2.674848209879659e+05, 1.000001251731393e+05
1778, -1.844179255872960e-01, -1.806324631033210e-01, 1.200000454308954e+00, 1.450634817811590e+02, 1.451599537522056e+02, 2.675479698639751e+05, 1.000000529496674e+05
1779, -6.583159687703440e-01, 1.854043641750880e-01, 1.199993115586955e+00, 1.399470965401697e+02, 1.402771428507960e+02, 2.663576255909390e+05, 9.999920158817702e+04
1780, -6.913424869394240e-01, 1.401145520306630e-01, 1.199946723776228e+00, 1.408169958239239e+02, 1.387611141607004e+02, 2.662702061465955e+05, 9.999378105815656e+04
1781, -6.632701203832320e-01, 1.297708397180850e-01, 1.199911645132448e+00, 1.376676674715439e+02, 1.347692493013374e+02, 2.654400480583898e+05, 9.998970752701348e+04
1782, -7.051225545627710e-01, 1.407483371776530e-01, 1.199973433498230e+00, 1.418376283416503e+02, 1.400023929523492e+02, 2.665420221309919e+05, 9.999689848818502e+04
1783, -7.191385950473750e-01, 1.416358623760260e-01, 1.199990721543032e+00, 1.426649724059216e+02, 1.411125873043954e+02, 2.667749424860056e+05, 9.999891566293691e+04
1784, -7.335152256843290e-01, 1.414502502042710e-01, 1.199998666697464e+00, 1.433041013843847e+02, 1.420214296769738e+02, 2.669605264958495e+05, 9.999984440014962e+04
1785, -7.477875440056780e-01, 1.385441582440210e-01, 1.199993272981532e+00, 1.437612837940645e+02, 1.426701883648685e+02, 2.670906837281231e+05, 9.999922026939903e+04
1786, -6.685206239928250e-01, 1.176194168168530e-01, 1.199893162319215e+00, 1.380263720247286e+02, 1.339329210032791e+02, 2.653824924117737e+05, 9.998756359707784e+04
1787, -2.384588625625720e-01, 2.011610466426680e-01, 1.199994273866887e+00, 1.442754393300954e+02, 1.457498522846787e+02, 2.675227647317378e+05, 9.999933547114671e+04
1788, -5.280608662746630e-01, -2.105237325127920e-01, 1.199900368738070e+00, 1.551264491680606e+02, 1.432387231980099e+02, 2.685482917769907e+05, 9.998844191212056e+04
1789, -6.541320544869120e-01, -6.820497481926000e-03, 1.199272550876892e+00, 1.468836454019282e+02, 1.215565548220793e+02, 2.649435137310657e+05, 9.991526369151649e+04
1790, -6.657433389629021e-01, 4.935647448140000e-04, 1.199496200487717e+00, 1.456875518865162e+02, 1.241509354219404e+02, 2.651256994294232e+05, 9.994132877618763e+04
1791, -6.768044286907900e-01, 9.962834450455999e-03, 1.199638128947542e+00, 1.446239508516798e+02, 1.267554557729747e+02, 2.653089586321087e+05, 9.995788534176236e+04
1792, -1.836377530879440e-01, 7.609742123980200e-02, 1.199998016751355e+00, 1.446639354516849e+02, 1.460342995832267e+02, 2.676051522483341e+05, 9.999977078130122e+04
1793, -1.408792352640490e-01, -1.251896610647230e-01, 1.200003455554967e+00, 1.449756409166508e+02, 1.450771633793305e+02, 2.675281739451083e+05, 1.000004031345075e+05
1794, -3.620815696919780e-01, 3.044865631397830e-01, 1.200003207404025e+00, 1.440830145254126e+02, 1.452791201272537e+02, 2.674450345449984e+05, 1.000003761648054e+05
1795, -1.735268408611520e-01, 8.734538653254000e-02, 1.200001887133227e+00, 1.447201519842347e+02, 1.456898063824002e+02, 2.675711277395374e+05, 1.000002218028056e+05
1796, -6.812111392633940e-01, -5.483648091619000e-03, 1.199708059004217e+00, 1.460386940968247e+02, 1.279398331973948e+02, 2.656254883196351e+05, 9.996601630460539e+04
1797, -2.155692103587510e-01, -7.387416427561100e-02, 1.199999013803795e+00, 1.455961231332455e+02, 1.472264103725481e+02, 2.678638410425044e+05, 9.999988938072388e+04
1798, -2.025622151055800e-01, -7.658753608530799e-02, 1.200001822189950e+00, 1.453901771827695e+02, 1.465506209017464e+02, 2.677569220900197e+05, 1.000002149365224e+05
1799, -1.904872756619930e-01, -8.016953323733500e-02, 1.199999576451474e+00, 1.452502133831232e+02, 1.460696470276183e+02, 2.676807047003013e+05, 9.999995167212203e+04
1800, -1.784927696736140e-01, -8.429870715189100e-02, 1.199997640334369e+00, 1.451478123786596e+02, 1.457138934344877e+02, 2.676245252488797e+05, 9.999972520665804e+04
1801, -1.659707005264080e-01, -8.790166121321499e-02, 1.199999695848382e+00, 1.450714180084568e+02, 1.454530136141014e+02, 2.675842061485467e+05, 9.999996476125342e+04
1802, -1.526913097927930e-01, -9.326438966493900e-02, 1.199997407077855e+00, 1.450154575524211e+02, 1.452552890221857e+02, 2.675528577014042e+05, 9.999969758916761e+04
1803, -1.369559731805430e-01, -9.658101293259200e-02, 1.199993844580838e+00, 1.449719733197945e+02, 1.451133492609520e+02, 2.675294434356369e+05, 9.999928187321940e+04
1804, -2.003750622524090e-01, 1.540638146768230e-01, 1.199996634760585e+00, 1.445339708425826e+02, 1.456694015619621e+02, 2.675447590231046e+05, 9.999961004755260e+04
1805, -5.414270212267210e-01, 3.791396897627510e-01, 1.199997325400020e+00, 1.447351874975851e+02, 1.448899171208427e+02, 2.674748266891211e+05, 9.999968799835503e+04
1806, -4.688803199371760e-01, 3.107710657544340e-01, 1.200005617100689e+00, 1.433151368584562e+02, 1.450373504554184e+02, 2.673245088569258e+05, 1.000006590642078e+05
1807, -5.098332148671860e-01, 3.185358385943270e-01, 1.200001932342332e+00, 1.436101622746871e+02, 1.448396914578512e+02, 2.673348798326822e+05, 1.000002272766530e+05
1808, -6.351767097654401e-01, 2.147646263307700e-01, 1.199987185584139e+00, 1.402128247731783e+02, 1.416706298158418e+02, 2.665506769841559e+05, 9.999849948467106e+04
1809, -6.507277346639020e-01, 2.097013958808370e-01, 1.199987874463029e+00, 1.408905921018156e+02, 1.417603007746517e+02, 2.666408520766089e+05, 9.999858325348550e+04
1810, -6.629029944347260e-01, 2.151792415423560e-01, 1.199983159835152e+00, 1.418889872982591e+02, 1.424297176100576e+02, 2.668364580505377e+05, 9.999803715392544e+04
1811, -6.748674647288589e-01, 2.213480535448040e-01, 1.199989219409138e+00, 1.426975050311830e+02, 1.430232749701022e+02, 2.670046092513683e+05, 9.999874339513016e+04
1812, -6.862143252347200e-01, 2.297470931581000e-01, 1.199992256268326e+00, 1.433627021786528e+02, 1.435642475336549e+02, 2.671493328718588e+05, 9.999909595198728e+04
1813, -6.976537557293250e-01, 2.380387208393990e-01, 1.199995220176094e+00, 1.438519926470884e+02, 1.439700620684953e+02, 2.672573306337444e+05, 9.999944232885183e+04
1814, -7.098595730166530e-01, 2.485781015836910e-01, 1.200019161191918e+00, 1.442504054125903e+02, 1.443166150504449e+02, 2.673534221096485e+05, 1.000022355053616e+05
1815, -7.626516990337870e-01, 1.402700986108770e-01, 1.199985546264566e+00, 1.441391783445672e+02, 1.433380124337319e+02, 2.672134553089486e+05, 9.999831774669078e+04
1816, -5.080914936926040e-01, -2.285327785773140e-01, 1.199994531097914e+00, 1.526454190010334e+02, 1.443975221110971e+02, 2.683949178949332e+05, 9.999938889954895e+04
1817, -2.606384093293760e-01, 2.328501625046860e-01, 1.200006623922773e+00, 1.442585864509726e+02, 1.455892609482772e+02, 2.675046638668439e+05, 1.000007754142548e+05
1818, -6.463716553753750e-01, 3.340410421008000e-01, 1.199994093324389e+00, 1.446523402225992e+02, 1.447902088139200e+02, 2.674519065511563e+05, 9.999931090611151e+04
1819, -6.479827923750480e-01, 2.246004634929940e-01, 1.199997340100900e+00, 1.416157067346013e+02, 1.425491298152851e+02, 2.668222823783098e+05, 9.999968756793418e+04
1820, -6.595115267088690e-01, 2.325396133258490e-01, 1.199994682191099e+00, 1.425305010570253e+02, 1.431434040114677e+02, 2.670006006208264e+05, 9.999938046967714e+04
1821, -6.705873494351700e-01, 2.407370620213800e-01, 1.200009422071443e+00, 1.432238067920428e+02, 1.436234466858280e+02, 2.671445966161495e+05, 1.000011002720386e+05
1822, -6.786458784036080e-01, 2.545781525419580e-01, 1.199999741077938e+00, 1.438034165160302e+02, 1.440787982926178e+02, 2.672658118943139e+05, 9.999996948103113e+04
1823, -6.893585188230320e-01, 2.630998177277490e-01, 1.200007011372304e+00, 1.441598377142253e+02, 1.443336926941520e+02, 2.673412237840826e+05, 1.000008177613601e+05
1824, -6.987995471252070e-01, 2.736164035496240e-01, 1.200006278919007e+00, 1.444198761719713e+02, 1.445338498470136e+02, 2.673963793067794e+05, 1.000007323981773e+05
1825, -6.372225933423250e-01, -9.139254742896100e-02, 1.199482597753581e+00, 1.562788250753325e+02, 1.281093121067752e+02, 2.668714564608657e+05, 9.993980234995615e+04
1826, -7.148321358245060e-01, 2.733715126931160e-01, 1.199998412314188e+00, 1.445596192296031e+02, 1.446203879766463e+02, 2.674214510927584e+05, 9.999981452854045e+04
1827, -6.715221312670490e-01, -4.604976373502400e-02, 1.199706106231995e+00, 1.498918335565818e+02, 1.281033717749502e+02, 2.661178403982709e+05, 9.996587621987666e+04
1828, -6.716997617317479e-01, 3.185045558055150e-01, 1.200005668827411e+00, 1.446481700299996e+02, 1.447617306095138e+02, 2.674511754982310e+05, 1.000006612150546e+05
1829, -2.765197232763470e-01, -1.221410520100750e-01, 1.199969139827558e+00, 1.478346087447445e+02, 1.497711041318961e+02, 2.684441677086001e+05, 9.999640139823027e+04
1830, -3.650851718345510e-01, -1.864982342833180e-01, 1.199949201328421e+00, 1.519635111089969e+02, 1.495351027722367e+02, 2.689250006949978e+05, 9.999407029373685e+04
1831, -3.642186728206720e-01, -1.998791201793190e-01, 1.199972946996898e+00, 1.506087779904674e+02, 1.484345359992097e+02, 2.686241165325090e+05, 9.999684268154994e+04
1832, -3.700892354608420e-01, -1.729099659601290e-01, 1.199892406370968e+00, 1.539197886902715e+02, 1.510034253996816e+02, 2.693426073626069e+05, 9.998745880132561e+04
1833, -3.635926850315240e-01, -2.123443704997790e-01, 1.199987444825596e+00, 1.495080514711776e+02, 1.476068160756315e+02, 2.683883869794722e+05, 9.999853955225792e+04
1834, -3.621749461662740e-01, -2.249070185165330e-01, 1.199986663662821e+00, 1.485055381164361e+02, 1.469270236977997e+02, 2.681802486922348e+05, 9.999844444963957e+04
1835, -3.592863198866550e-01, -2.377640230530490e-01, 1.199985686701327e+00, 1.475969428498145e+02, 1.463697940007332e+02, 2.679997720536389e+05, 9.999832723372729e+04
1836, -3.605009349360050e-01, -2.512461739009820e-01, 1.199939881806207e+00, 1.469515440321628e+02, 1.459485360143095e+02, 2.678565900047446e+05, 9.999298923899698e+04
1837, -6.976928890021040e-01, 6.616165374769500e-02, 1.199888555634516e+00, 1.416623135423780e+02, 1.335892763029467e+02, 2.657666449596574e+05, 9.998702010694785e+04
1838, -6.666079997344820e-01, 6.585981739320300e-02, 1.199667378158210e+00, 1.390614063733807e+02, 1.275351547454603e+02, 2.647419664727731e+05, 9.996125961109788e+04
1839, -6.583692722796440e-01, 5.380919777824200e-02, 1.199494062870991e+00, 1.392033717623046e+02, 1.246372522613255e+02, 2.644054516596927e+05, 9.994105583434924e+04
1840, -6.510845180965570e-01, 4.342648448027500e-02, 1.199283594449581e+00, 1.396724522772047e+02, 1.221387272394354e+02, 2.641442149311554e+05, 9.991654805043506e+04
1841, -7.092245508324800e-01, 5.606537509990200e-02, 1.199924338089278e+00, 1.426899511360789e+02, 1.350165923607605e+02, 2.660581095934825e+05, 9.999118789136926e+04
1842, -2.512789114319780e-01, 2.248679910162610e-01, 1.199999669399332e+00, 1.443095647144048e+02, 1.455857415574527e+02, 2.675084398494002e+05, 9.999996424150051e+04
1843, -1.582715339328460e-01, 9.128825369165700e-02, 1.199998670310926e+00, 1.447949085688435e+02, 1.453889983777256e+02, 2.675427693451452e+05, 9.999984556295435e+04
1844, -6.037356742088040e-01, -1.379366664362030e-01, 1.199615754161273e+00, 1.594751349527158e+02, 1.336900369993463e+02, 2.679382332100590e+05, 9.995542400323859e+04
1845, -6.553936835512130e-01, -7.090158149665300e-02, 1.199609300939532e+00, 1.530862539422660e+02, 1.277877982807645e+02, 2.664608155436852e+05, 9.995464728711275e+04
1846, -5.906254393762500e-01, -1.521801920133190e-01, 1.199653101483555e+00, 1.596851102083003e+02, 1.357696477058070e+02, 2.682099312057714e+05, 9.995973323246767e+04
1847, -7.251732224729009e-01, 5.224674577998400e-02, 1.199978802179896e+00, 1.434576658325062e+02, 1.373503294488833e+02, 2.664296375663579e+05, 9.999753641121909e+04
1848, -7.005397935085400e-01, 2.278106405985700e-02, 1.199826435441705e+00, 1.439527551263168e+02, 1.321900072949292e+02, 2.658671111692369e+05, 9.997982460402102e+04
1849, -3.388933471608000e-01, 2.928616020993520e-01, 1.199999046289426e+00, 1.441054233783900e+02, 1.453495606194983e+02, 2.674551038718077e+05, 9.999989136303999e+04
1850, -1.280160350872010e-01, 7.480664861075900e-02, 1.199999987994730e+00, 1.448756755199427e+02, 1.451179485290004e+02, 2.675200721167689e+05, 9.999999871949223e+04
1851, -1.870133982925840e-01, 1.035162738099760e-01, 1.200005329053806e+00, 1.446066317703717e+02, 1.458948196428130e+02, 2.675833081216573e+05, 1.000006250882552e+05
1852, -2.219017405412850e-01, 1.967202907758890e-01, 1.199997090044809e+00, 1.444751019029902e+02, 1.455408026036326e+02, 2.675221902249177e+05, 9.999966237748737e+04
1853, -2.151471782502220e-01, 1.821431748193710e-01, 1.200003771978606e+00, 1.444741851058917e+02, 1.456115910561539e+02, 2.675325190141497e+05, 1.000004420463799e+05
1854, -1.436739825901790e-01, 9.585790428161001e-02, 1.199997495787572e+00, 1.448400647389698e+02, 1.452036053604534e+02, 2.675254448607459e+05, 9.999970808733301e+04
1855, -1.036853674109340e-01, -7.251701944560000e-03, 1.200000658775289e+00, 1.449179469399482e+02, 1.450217867034882e+02, 2.675137367776114e+05, 1.000000768962144e+05
1856, -2.394819370206450e-01, 2.190886389533420e-01, 1.199996922402431e+00, 1.444157862194242e+02, 1.455083277194950e+02, 2.675110658904243e+05, 9.999964293373293e+04
1857, -6.933160261730160e-01, 7.095156034772000e-03, 1.199825371852697e+00, 1.449102873296408e+02, 1.305174185289176e+02, 2.657989940146027e+05, 9.997971035130131e+04
1858, -3.781011837596390e-01, -2.743016893212040e-01, 1.200006335210813e+00, 1.464022187611705e+02, 1.455185771704109e+02, 2.677556143319444e+05, 1.000007388974144e+05
1859, -6.247868415244709e-01, 3.559284168675280e-01, 1.200003127553046e+00, 1.447347584360832e+02, 1.448462315721918e+02, 2.674711087006301e+05, 1.000003648432048e+05
1860, -1.722591389236020e-01, 1.075050273325680e-01, 1.199995428155014e+00, 1.447201864785169e+02, 1.455347150305690e+02, 2.675505226470889e+05, 9.999946803515154e+04
1861, -6.329647634111450e-01, 2.301012360257400e-01, 1.200003530563790e+00, 1.411694054025614e+02, 1.425465748239646e+02, 2.667711074494502e+05, 1.000004082131078e+05
1862, -5.533243166812780e-01, 2.950496168555360e-01, 1.200004473133408e+00, 1.428514494643698e+02, 1.444746644705492e+02, 2.672010306999318e+05, 1.000005270441849e+05
1863, -5.541319124327360e-01, 3.101694669308130e-01, 1.199995874432375e+00, 1.435344906141745e+02, 1.446310895782514e+02, 2.672989872639927e+05, 9.999952076982507e+04
1864, -5.570439113641280e-01, 3.235764936861560e-01, 1.199999968552753e+00, 1.439797456373561e+02, 1.447222559065099e+02, 2.673644517922585e+05, 9.999999745013739e+04
1865, -5.601955035865051e-01, 3.374442752516040e-01, 1.200000490678818e+00, 1.443028730097201e+02, 1.447887049024129e+02, 2.674114243698857e+05, 1.000000578913734e+05
1866, -5.608150081840840e-01, 3.510932090647560e-01, 1.199995844994465e+00, 1.445122828341732e+02, 1.448343179382909e+02, 2.674408406687120e+05, 9.999951551977842e+04
1867, -1.858088216039300e-01, 1.211109125764340e-01, 1.199999859242190e+00, 1.446231156721577e+02, 1.457000340251436e+02, 2.675601106653337e+05, 9.999998585861585e+04
1868, -5.043838441934260e-01, 3.327913509029650e-01, 1.199993883743439e+00, 1.440368350796614e+02, 1.448808974295515e+02, 2.673887593409563e+05, 9.999928756475386e+04
1869, -5.042830907812760e-01, 3.478875618598680e-01, 1.199996380359241e+00, 1.443569888467474e+02, 1.448936457024005e+02, 2.674294604359036e+05, 9.999957834465566e+04
1870, -5.045487881884040e-01, 3.629595169067230e-01, 1.199997563693263e+00, 1.445699123868190e+02, 1.449018355984095e+02, 2.674564094561849e+05, 9.999971601762121e+04
1871, -5.036545202429130e-01, 3.785134311502010e-01, 1.199999330128845e+00, 1.447095026617302e+02, 1.449074098962573e+02, 2.674743970469783e+05, 9.999992198297502e+04
1872, -5.704894659281881e-01, 2.722075975669920e-01, 1.200011175623390e+00, 1.417524718217170e+02, 1.439809690230649e+02, 2.670132419803269e+05, 1.000013130396995e+05
1873, -5.720883310152420e-01, 2.881571368040360e-01, 1.199999728620207e+00, 1.427673217284830e+02, 1.443046799240169e+02, 2.671692535233349e+05, 9.999997505594930e+04
1874, -5.698378165451670e-01, 3.000159517244150e-01, 1.199992502507432e+00, 1.432971302658591e+02, 1.444846939484642e+02, 2.672520491367393e+05, 9.999912747890553e+04
1875, -5.756727605660270e-01, 3.108899565896380e-01, 1.199999073694645e+00, 1.437571921274377e+02, 1.445951631403916e+02, 2.673222010487720e+05, 9.999989315555016e+04
1876, -5.798163159946560e-01, 3.246831490851680e-01, 1.199999936942243e+00, 1.441519659448236e+02, 1.447025854006224e+02, 2.673827458918667e+05, 9.999999340681035e+04
1877, -5.826116334173310e-01, 3.407022131779840e-01, 1.200001013011122e+00, 1.444504621469435e+02, 1.447878095118597e+02, 2.674292170853611e+05, 1.000001184197567e+05
1878, -5.934031344340260e-01, 3.515626913235520e-01, 1.200005840331398e+00, 1.446163479032818e+02, 1.448265962602749e+02, 2.674552150207238e+05, 1.000006814755163e+05
1879, -5.935229799647390e-01, 3.695903625700070e-01, 1.199998784822897e+00, 1.447471875879333e+02, 1.448675540519592e+02, 2.674739787104312e+05, 9.999985831743375e+04
1880, -5.955278537186910e-01, 2.759322113982650e-01, 1.200018995041004e+00, 1.426030838304204e+02, 1.440231028619475e+02, 2.671212278140248e+05, 1.000022172173331e+05
1881, -4.367809261040670e-01, -2.708440486243780e-01, 1.200001026861033e+00, 1.475896999940260e+02, 1.454455545742669e+02, 2.678907837193872e+05, 1.000001314631348e+05
1882, -5.774881598624280e-01, -1.641040371099830e-01, 1.199753866530514e+00, 1.596293088214697e+02, 1.375783816470961e+02, 2.684362477562370e+05, 9.997142609388204e+04
1883, -2.725683961632440e-01, 2.560147478673620e-01, 1.200003877123816e+00, 1.443683665699735e+02, 1.453975030838783e+02, 2.674938528597131e+05, 1.000004538895118e+05
1884, -1.066392048356750e-01, -4.398716434313200e-02, 1.199999689822094e+00, 1.449279695716691e+02, 1.450193810164481e+02, 2.675143879229665e+05, 9.999996381922510e+04
1885, -1.580771572895790e-01, 1.134188495508360e-01, 1.199995554905762e+00, 1.447918766326144e+02, 1.452969282943337e+02, 2.675303884763588e+05, 9.999948192878766e+04
1886, -6.860144818849060e-01, -3.515610197607600e-02, 1.199830326802627e+00, 1.481107221508743e+02, 1.303020506205916e+02, 2.661679798697702e+05, 9.998037301315274e+04
1887, -4.905924961084680e-01, -2.466378187812750e-01, 1.199960982135155e+00, 1.503418980804322e+02, 1.449412469897915e+02, 2.681603655152307e+05, 9.999546796627417e+04
1888, -1.099835190563310e-01, 4.785477950793300e-02, 1.200000493051651e+00, 1.449008778383462e+02, 1.450403943020160e+02, 2.675138787139567e+05, 1.000000576343733e+05
1889, -1.703598259272900e-01, 1.264497400205290e-01, 1.199995181099405e+00, 1.447366032642922e+02, 1.453920423689945e+02, 2.675351382855948e+05, 9.999943876050254e+04
1890, -4.054354592424830e-01, 3.154361962812630e-01, 1.200000340670616e+00, 1.439201082028453e+02, 1.451946791604294e+02, 2.674144737141433e+05, 1.000000427295752e+05
1891, -6.301108422496450e-01, 2.479294375964060e-01, 1.199995473803386e+00, 1.421260652947186e+02, 1.433162106779640e+02, 2.669734747859844e+05, 9.999947185743212e+04
1892, -6.203776475586990e-01, 2.352258723578380e-01, 1.200018059137511e+00, 1.408689942923514e+02, 1.426402711222529e+02, 2.667510095082820e+05, 1.000021178579072e+05
1893, -6.388882725324250e-01, 2.589428710651540e-01, 1.199992067560514e+00, 1.429514789878764e+02, 1.437686167710862e+02, 2.671246899405459e+05, 9.999907393772574e+04
1894, -6.482190664314880e-01, 2.682975203818180e-01, 1.199994163875829e+00, 1.435222047111845e+02, 1.440802206563181e+02, 2.672307696720980e+05, 9.999931880696703e+04
1895, -6.596514554014909e-01, 2.751609821006880e-01, 1.199999306517462e+00, 1.439245977374178e+02, 1.442957537495853e+02, 2.673062886591969e+05, 9.999991906575591e+04
1896, -6.709377996953910e-01, 2.810468824696680e-01, 1.199998276122208e+00, 1.442023094597145e+02, 1.444498210304070e+02, 2.673578792316360e+05, 9.999979890987267e+04
1897, -6.812231918800550e-01, 2.909480712667300e-01, 1.199997782935584e+00, 1.444491845955891e+02, 1.446046149844862e+02, 2.674060776098908e+05, 9.999974124582279e+04
1898, -6.932381041498090e-01, 3.012468293359390e-01, 1.199989085880601e+00, 1.446308429764209e+02, 1.447226487120709e+02, 2.674397779064100e+05, 9.999872673932616e+04
1899, -5.074676291048000e-01, 2.939840766876220e-01, 1.199991859947958e+00, 1.423866634336788e+02, 1.447787748990365e+02, 2.671789461387321e+05, 9.999905590574321e+04
1900, -1.061852097018100e-01, 1.876090746796000e-02, 1.200001720128041e+00, 1.449104753772559e+02, 1.450341748643420e+02, 2.675146256520750e+05, 1.000002006775681e+05
1901, -2.523090833256760e-01, 1.983415898071600e-01, 1.200000703193635e+00, 1.439803326261222e+02, 1.460886719091399e+02, 2.675303076193971e+05, 1.000000877828901e+05
1902, -7.411903517987530e-01, 5.079367540386000e-02, 1.199979679858004e+00, 1.439427386009772e+02, 1.393760905831082e+02, 2.667215387166312e+05, 9.999763441488458e+04
1903, -5.481248573604420e-01, -2.096977396643590e-01, 1.199879985634017e+00, 1.543630043177354e+02, 1.424608832314885e+02, 2.683516233889742e+05, 9.998607375113394e+04
1904, -4.468114732173320e-01, 2.749433929141930e-01, 1.199978217959468e+00, 1.412795603170251e+02, 1.455315671550780e+02, 2.671353808372431e+05, 9.999746934077730e+04
1905, -7.135422715002870e-01, 1.348161623250000e-02, 1.199906224930001e+00, 1.446196129218237e+02, 1.345932281310517e+02, 2.662365513994734e+05, 9.998908392876263e+04
1906, -2.889053211190090e-01, -2.623984042560990e-01, 1.199973423015484e+00, 1.453813636001738e+02, 1.452682701023777e+02, 2.675920576386281e+05, 9.999689860868483e+04
1907, -6.672137770932400e-01, 1.623870420865600e-01, 1.199980298595722e+00, 1.394622250046729e+02, 1.387511783304623e+02, 2.661201970571525e+05, 9.999770597313398e+04
1908, -6.814461193941870e-01, 1.590766106584640e-01, 1.199968984088908e+00, 1.405823006613666e+02, 1.395057933017718e+02, 2.663352004807673e+05, 9.999636961076518e+04
1909, -6.964639154495810e-01, 1.626764310823910e-01, 1.199982595415407e+00, 1.417907203553033e+02, 1.408005806362868e+02, 2.666324077458092e+05, 9.999796459435477e+04
1910, -7.100917269494600e-01, 1.652811290181280e-01, 1.199992861287594e+00, 1.426249957084148e+02, 1.417523087164390e+02, 2.668461851646947e+05, 9.999916623634985e+04
1911, -7.238171556341180e-01, 1.678572447789770e-01, 1.200000576165529e+00, 1.432723412511726e+02, 1.425435971407518e+02, 2.670191752585165e+05, 1.000000665630924e+05
1912, -7.378264344818000e-01, 1.700507128412260e-01, 1.199998668554382e+00, 1.437612904555855e+02, 1.431735077733343e+02, 2.671521170492361e+05, 9.999984554688998e+04
1913, -7.519733583703220e-01, 1.701956073465330e-01, 1.199995498784115e+00, 1.441064764407804e+02, 1.436249216717061e+02, 2.672465851536851e+05, 9.999947573640966e+04
1914, -5.587112424617500e-01, 2.809408700480690e-01, 1.200008473408555e+00, 1.420961313184490e+02, 1.442308952219584e+02, 2.670831483278931e+05, 1.000009972962473e+05
1915, -5.743159877704500e-01, -1.838507511894160e-01, 1.199860627804176e+00, 1.567066823885971e+02, 1.398456609491246e+02, 2.683425007369012e+05, 9.998384740861747e+04
1916, -1.291964586640700e-01, 1.035787224249460e-01, 1.199999308727804e+00, 1.448691544194119e+02, 1.450818976621240e+02, 2.675147374000131e+05, 9.999991943556877e+04
1917, -3.187221708913880e-01, 2.763626266698200e-01, 1.199995280371061e+00, 1.440498345710828e+02, 1.454718716332569e+02, 2.674622105953612e+05, 9.999945338486992e+04
1918, -5.369254445265320e-01, -1.701172522493480e-01, 1.199655744748018e+00, 1.627298666705655e+02, 1.404116677482092e+02, 2.691540383839861e+05, 9.995999826074134e+04
1919, -5.463461971038860e-01, -1.796945169970390e-01, 1.199793453380195e+00, 1.599800687750006e+02, 1.405454559342019e+02, 2.688377115663227e+05, 9.997600894375202e+04
1920, -5.569289264894500e-01, -1.913962640470780e-01, 1.199855948297947e+00, 1.569253629818606e+02, 1.409884390047938e+02, 2.685035005528508e+05, 9.998329148181585e+04
1921, -2.049975467655710e-01, 1.694527464703080e-01, 1.200002055403644e+00, 1.445344300821195e+02, 1.455853600787062e+02, 2.675361156441129e+05, 1.000002418470946e+05
1922, -4.981213266545790e-01, 3.067481293947510e-01, 1.200004639262256e+00, 1.430830162356235e+02, 1.448764700177758e+02, 2.672771044939057e+05, 1.000005449964790e+05
1923, -4.876794313718730e-01, 3.200088074350170e-01, 1.200002951535827e+00, 1.436418494049681e+02, 1.449331657961847e+02, 2.673502423046116e+05, 1.000003467495817e+05
1924, -4.857265184413590e-01, 3.364347259612550e-01, 1.199996031361540e+00, 1.441231219042313e+02, 1.449304182566970e+02, 2.674056948634720e+05, 9.999953818431092e+04
1925, -4.846101308718760e-01, 3.515238684999650e-01, 1.199997045395582e+00, 1.444158700193831e+02, 1.449250663343449e+02, 2.674405234359326e+05, 9.999965580266474e+04
1926, -4.835344717660100e-01, 3.665079355496020e-01, 1.199996819351464e+00, 1.446066940576990e+02, 1.449211438863983e+02, 2.674629665199448e+05, 9.999962910720201e+04
1927, -6.811010418817430e-01, 3.855701576514800e-02, 1.199751151257734e+00, 1.422006975025662e+02, 1.285702356523524e+02, 2.652438657892362e+05, 9.997105186267552e+04
1928, -6.975924056760670e-01, 3.902392579986800e-02, 1.199845207300273e+00, 1.429233327655291e+02, 1.320859237288645e+02, 2.657376879400712e+05, 9.998196577396950e+04
1929, -1.442793442671450e-01, 1.192203414802100e-01, 1.199997029487827e+00, 1.448379852501802e+02, 1.451490626804574e+02, 2.675184659283502e+05, 9.999965362948607e+04
1930, -1.146731434700990e-01, -8.157281946611800e-02, 1.199999316536576e+00, 1.449392137087052e+02, 1.450213660214420e+02, 2.675158824359834e+05, 9.999992027165581e+04
1931, -7.672032122511350e-01, 1.737248286717000e-01, 1.199983406157536e+00, 1.443936330620232e+02, 1.440597006588264e+02, 2.673298592749816e+05, 9.999806138974006e+04
1932, -2.633339269699390e-01, -2.474461753684240e-01, 1.200009175930442e+00, 1.452999009509118e+02, 1.452625254401107e+02, 2.675914005464358e+05, 1.000010702639491e+05
1933, -6.909370251284320e-01, 5.203839594713800e-02, 1.199837276340463e+00, 1.418660867476634e+02, 1.313993475209474e+02, 2.655347088144949e+05, 9.998107582172789e+04
1934, -6.314332265153459e-01, -1.242576207752010e-01, 1.199715161287992e+00, 1.561914634226573e+02, 1.329374984915908e+02, 2.674502088321394e+05, 9.996706025720596e+04
1935, -1.867730515857850e-01, 1.500207729201390e-01, 1.200000422073950e+00, 1.446530711395285e+02, 1.454717439339387e+02, 2.675361783021956e+05, 1.000000505758353e+05
1936, -1.836165201417270e-01, 1.360203276493950e-01, 1.199997995062909e+00, 1.446566016765805e+02, 1.455314056977105e+02, 2.675431656531492e+05, 9.999976746106190e+04
1937, -1.701645094629180e-01, 1.434594837180330e-01, 1.199997896004837e+00, 1.447509825529511e+02, 1.452985233238360e+02, 2.675262968946051e+05, 9.999975516064276e+04
1938, -3.052104290838540e-01, 2.859345735515960e-01, 1.200002526274019e+00, 1.443740204238318e+02, 1.452773658898821e+02, 2.674796082424215e+05, 1.000002962135644e+05
1939, -6.789440781038300e-01, 1.070645003178890e-01, 1.199912898997373e+00, 1.391704870258391e+02, 1.341562484847205e+02, 2.655449748879214e+05, 9.998981731068307e+04
1940, -6.921551480031120e-01, 1.005748003834070e-01, 1.199914007775873e+00, 1.404819824345975e+02, 1.354161311308499e+02, 2.658396290754516e+05, 9.998994422140344e+04
1941, -7.053080643933810e-01, 9.914368266776399e-02, 1.199913673467956e+00, 1.415396911075944e+02, 1.370918484691606e+02, 2.661541870473323e+05, 9.998993273713697e+04
1942, -7.195182576505290e-01, 9.690586947031900e-02, 1.199943110852230e+00, 1.424579758878011e+02, 1.386820646164774e+02, 2.664537648518391e+05, 9.999336195576536e+04
1943, -7.343890907756130e-01, 9.378451946792600e-02, 1.199983380103116e+00, 1.432025070610360e+02, 1.401147820053711e+02, 2.667199985980779e+05, 9.999805508991364e+04
1944, -7.498716959931300e-01, 8.435469639322100e-02, 1.200014215857888e+00, 1.438027599241306e+02, 1.411571990112832e+02, 2.669225303416619e+05, 1.000016608739999e+05
1945, -7.655550199078059e-01, 9.016998706889599e-02, 1.200004769312815e+00, 1.441536052670886e+02, 1.424016758986361e+02, 2.671090359719821e+05, 1.000005583843151e+05
1946, -6.832624225665490e-01, 1.224746454730160e-01, 1.199920376568491e+00, 1.397246988664768e+02, 1.363225328529351e+02, 2.658556773216730e+05, 9.999071207844873e+04
1947, -6.967038173498480e-01, 1.186671569439100e-01, 1.199972381053976e+00, 1.409068287604214e+02, 1.375586439355372e+02, 2.661494185127136e+05, 9.999676616856639e+04
1948, -7.121696087266310e-01, 1.189312669727230e-01, 1.199976071491998e+00, 1.420240447374134e+02, 1.392245798249496e+02, 2.664743081954728e+05, 9.999720633544233e+04
1949, -7.273111755252790e-01, 1.177274853930890e-01, 1.199981396279611e+00, 1.428595518547230e+02, 1.405488280948505e+02, 2.667293409899860e+05, 9.999782851384090e+04
1950, -1.549814968682980e-01, 1.339554647567310e-01, 1.200002718778400e+00, 1.448099564709570e+02, 1.451903245734525e+02, 2.675216515707424e+05, 1.000003175329293e+05
1951, -6.534540594071550e-01, -8.940903055546701e-02, 1.199711583627238e+00, 1.537888058395231e+02, 1.300779965493908e+02, 2.668252049431244e+05, 9.996657605773769e+04
1952, -3.155694978390480e-01, 2.613057509944020e-01, 1.199996035575283e+00, 1.437696849552840e+02, 1.457109874729844e+02, 2.674578421036318e+05, 9.999954473943276e+04
1953, -3.213120498756800e-01, 2.921734345507420e-01, 1.200000212123393e+00, 1.442951111002798e+02, 1.452856733919394e+02, 2.674704830720228e+05, 1.000000268007052e+05
1954, -3.129511767806200e-01, 2.465603405861800e-01, 1.199998290893046e+00, 1.434322634338505e+02, 1.460243930124601e+02, 2.674561947914080e+05, 9.999981171339120e+04
1955, -4.232805306953590e-01, 3.239187226445690e-01, 1.200002651881650e+00, 1.440149422554007e+02, 1.451105598896828e+02, 2.674163146629351e+05, 1.000003115624333e+05
1956, -4.836045876560190e-01, 3.821624977476420e-01, 1.200000704621977e+00, 1.447333802768731e+02, 1.449179375748396e+02, 2.674789287693635e+05, 1.000000822801570e+05
1957, -7.050645669908640e-01, -6.767833420940000e-04, 1.199855109635661e+00, 1.453443515432341e+02, 1.329900047700294e+02, 2.661312587338305e+05, 9.998316872426313e+04
1958, -6.442370555093230e-01, 2.410536398636700e-01, 1.199998193391319e+00, 1.423180060177897e+02, 1.432266047784881e+02, 2.669862780085067e+05, 9.999978844835625e+04
1959, -6.543369228170300e-01, 2.498717635022780e-01, 1.199999033020271e+00, 1.430492347628123e+02, 1.436678519035354e+02, 2.671262051206940e+05, 9.999988732182200e+04
1960, -6.638247980355310e-01, 2.578187361701700e-01, 1.200009988759269e+00, 1.435633785155900e+02, 1.439893621956472e+02, 2.672291794923564e+05, 1.000011658072272e+05
1961, -6.958750160864590e-01, -1.350647048958900e-02, 1.199848906496466e+00, 1.462904147165019e+02, 1.313694110898661e+02, 2.660660336556878e+05, 9.998246749562712e+04
1962, -7.567024187256420e-01, 5.414273864328500e-02, 1.199929050146493e+00, 1.442175547832711e+02, 1.410278398762109e+02, 2.669334575954958e+05, 9.999172295207092e+04
1963, -5.488448223747640e-01, 3.918810725618880e-01, 1.200001505038184e+00, 1.448060612042906e+02, 1.448979809891808e+02, 2.674855087936122e+05, 1.000001755799705e+05
1964, -7.421482814075500e-01, 2.355184955847010e-01, 1.199992256526277e+00, 1.445079877635651e+02, 1.444689005928563e+02, 2.673952782239893e+05, 9.999909608947238e+04
1965, -6.445408904455920e-01, -1.075349218462780e-01, 1.199765713758035e+00, 1.549214463540810e+02, 1.316192640568219e+02, 2.671540538274131e+05, 9.997289571767965e+04
1966, -5.320068321734750e-01, -2.243099139236010e-01, 1.199973413723674e+00, 1.527529692669666e+02, 1.435806487508300e+02, 2.683047913987931e+05, 9.999694222042663e+04
1967, -6.686378778424270e-01, -6.286275031533101e-02, 1.199783964134785e+00, 1.511554325982529e+02, 1.292340221950082e+02, 2.664192867225545e+05, 9.997496158030930e+04
1968, -6.806693291743240e-01, 9.059877491692400e-02, 1.199846722088859e+00, 1.395118686310566e+02, 1.326985055418410e+02, 2.654041458936827e+05, 9.998212655904028e+04
1969, -6.672888857360471e-01, 9.459953039139400e-02, 1.199788975994069e+00, 1.379336301905327e+02, 1.309254707917774e+02, 2.650107181176015e+05, 9.997536616787809e+04
1970, -6.663207143147361e-01, 8.091310728255700e-02, 1.199731893645712e+00, 1.382261613189886e+02, 1.291240895432832e+02, 2.648333818105067e+05, 9.996876974314360e+04
1971, -6.790993146361420e-01, 7.744121773413200e-02, 1.199818813498508e+00, 1.397350274964610e+02, 1.311141646020880e+02, 2.652482413983766e+05, 9.997890543768136e+04
1972, -6.941587614987990e-01, 8.241889388033299e-02, 1.199884407722020e+00, 1.409242370760850e+02, 1.341841493417445e+02, 2.657449200603031e+05, 9.998652230712403e+04
1973, -7.090824739485930e-01, 7.837804504532100e-02, 1.199940135226884e+00, 1.420702538915699e+02, 1.362304584886083e+02, 2.661261546026204e+05, 9.999302388669451e+04
1974, -7.226695911808350e-01, 7.429492631144000e-02, 1.199974009248875e+00, 1.428821356863349e+02, 1.379037089025956e+02, 2.664230841803005e+05, 9.999696838579733e+04
1975, -7.368074530417860e-01, 7.137779999778200e-02, 1.200047278980647e+00, 1.435144394779338e+02, 1.395106172068346e+02, 2.667046245506535e+05, 1.000055117536270e+05
1976, -4.051832101549930e-01, -2.816189080830080e-01, 1.199964986497433e+00, 1.465036564507207e+02, 1.453989805420277e+02, 2.677420283153646e+05, 9.999590665384389e+04
1977, -1.871907795377410e-01, 1.662129478270860e-01, 1.200005777298192e+00, 1.446830624508272e+02, 1.453578340423639e+02, 2.675274736861011e+05, 1.000006751453978e+05
1978, -4.374175178532950e-01, 3.144697163447030e-01, 1.199996576503924e+00, 1.436312482007088e+02, 1.451437151112125e+02, 2.673726564727199e+05, 9.999960384688759e+04
1979, -2.916596404288130e-01, 2.776692531084810e-01, 1.199996302120971e+00, 1.444084356768015e+02, 1.452903092791929e+02, 2.674835913960176e+05, 9.999956996216909e+04
1980, -5.178729240585720e-01, -2.425105377334400e-01, 1.200002198854624e+00, 1.506501993700325e+02, 1.443327459899560e+02, 2.681371009605071e+05, 1.000002829880951e+05
1981, -4.235863530433080e-01, 3.394796307181310e-01, 1.200002889398153e+00, 1.443447925323070e+02, 1.450319749962971e+02, 2.674465086074880e+05, 1.000003380950641e+05
1982, -2.560903445336940e-01, 2.470691345398020e-01, 1.200003329973607e+00, 1.444643050920790e+02, 1.453584017682267e+02, 2.675005092789254e+05, 1.000003897341749e+05
1983, -6.609132878111630e-01, 3.457124457928970e-01, 1.200000002179823e+00, 1.447701218092197e+02, 1.448434583113150e+02, 2.674741737630710e+05, 1.000000002538856e+05
1984, -5.085052923291640e-01, 3.946247384132610e-01, 1.200000759632705e+00, 1.447999895536045e+02, 1.449091229836950e+02, 2.674859151733589e+05, 1.000000886804738e+05
1985, -1.941618220331860e-01, 1.804069718058000e-01, 1.200001454227292e+00, 1.446690194367517e+02, 1.453360535775269e+02, 2.675219438225788e+05, 1.000001704134078e+05
1986, -3.310503496425950e-01, -2.759274977841550e-01, 1.200024573272516e+00, 1.456634830349587e+02, 1.453449422975314e+02, 2.676497214107010e+05, 1.000028659858381e+05
1987, -6.061763540286760e-01, -1.577176767638300e-01, 1.199803969949999e+00, 1.567806810741237e+02, 1.367108246727142e+02, 2.679754924177928e+05, 9.997734676416888e+04
1988, -4.676879351934610e-01, 3.265823358398680e-01, 1.200003212094241e+00, 1.438879468596061e+02, 1.449940915267149e+02, 2.673871570683153e+05, 1.000003768045248e+05
1989, -4.647471394566740e-01, 3.412434111089610e-01, 1.199999220477592e+00, 1.442548503923093e+02, 1.449685091665091e+02, 2.674270072311199e+05, 9.999990994553061e+04
1990, -4.627918106898950e-01, 3.563159055885760e-01, 1.199999274518277e+00, 1.445039393436475e+02, 1.449481652494592e+02, 2.674545327138751e+05, 9.999991568201469e+04
1991, -4.607164076601970e-01, 3.714614877385530e-01, 1.199999099222123e+00, 1.446659632384886e+02, 1.449349655363055e+02, 2.674724111431721e+05, 9.999989501848123e+04
1992, -4.537413217558510e-01, 3.179455170333910e-01, 1.200011770814474e+00, 1.436600169744478e+02, 1.450702189643953e+02, 2.673714238851823e+05, 1.000013762145968e+05
1993, -3.712275159759590e-01, 3.174277050079810e-01, 1.200010804200402e+00, 1.442572242455328e+02, 1.451722537477065e+02, 2.674551355710191e+05, 1.000012620791030e+05
1994, -1.128124110407840e-01, 7.941257822503001e-02, 1.199999753489021e+00, 1.448915024234352e+02, 1.450308027241753e+02, 2.675113823216035e+05, 9.999997128749632e+04
1995, -1.761530841154520e-01, 5.022170971550600e-02, 1.199991258085071e+00, 1.447709231291204e+02, 1.459603922033732e+02, 2.676071921752535e+05, 9.999898284319603e+04
1996, -1.605281827053810e-01, 5.217914921243800e-02, 1.200006995523610e+00, 1.448247335932290e+02, 1.455729901883142e+02, 2.675709829773039e+05, 1.000008176701108e+05
1997, -2.128147554904230e-01, 2.101268918514350e-01, 1.199997866101292e+00, 1.446314966678570e+02, 1.453021864857101e+02, 2.675123252675926e+05, 9.999975177910078e+04
1998, -4.446095121342230e-01, 3.313418115933550e-01, 1.200003129698420e+00, 1.440918564882486e+02, 1.450350167697856e+02, 2.674165462159632e+05, 1.000003667890007e+05
1999, -4.434364327534000e-01, 3.475549634347090e-01, 1.200002475903989e+00, 1.444140362028612e+02, 1.449853866756348e+02, 2.674490945973524e+05, 1.000002895387904e+05
2000, -4.393737400287740e-01, 3.633846839064410e-01, 1.200000324289103e+00, 1.446175172696743e+02, 1.449575174317885e+02, 2.674696355448298e+05, 1.000000380794538e+05
2001, -8.772573039921100e-02, -8.999160951998000e-03, 1.200000250299347e+00, 1.449163813581448e+02, 1.449733207868765e+02, 2.675075782735582e+05, 1.000000292158100e+05
2002, -6.199843297615470e-01, -1.417237784712720e-01, 1.199788355883097e+00, 1.565731386406378e+02, 1.349016892417138e+02, 2.677393697174286e+05, 9.997555651411728e+04
2003, -9.400874172094500e-02, 4.957917362600600e-02, 1.199999825125439e+00, 1.449065851452130e+02, 1.449832449245040e+02, 2.675074765032038e+05, 9.999997962619351e+04
2004, -2.749878981557240e-01, 2.740786636694120e-01, 1.199997238499880e+00, 1.445268245627593e+02, 1.452298089208672e+02, 2.674907782703186e+05, 9.999967847089439e+04
2005, -5.667431391892480e-01, -2.061370031618270e-01, 1.199932865545629e+00, 1.538080143807168e+02, 1.418072703070363e+02, 2.682174539291875e+05, 9.999220559605896e+04
2006, -3.449507775328890e-01, 3.076953138769820e-01, 1.199994533635899e+00, 1.443087292376537e+02, 1.452110999289994e+02, 2.674615185920597e+05, 9.999936347078877e+04
2007, -4.223937665071890e-01, 3.544942477394840e-01, 1.200002238701921e+00, 1.445579483425277e+02, 1.449853034721914e+02, 2.674663458228348e+05, 1.000002615873058e+05
2008, -2.408331712349450e-01, 2.369095012076900e-01, 1.200000918212683e+00, 1.445366955623247e+02, 1.453280055738679e+02, 2.675048762306891e+05, 1.000001082552335e+05
2009, -3.790776222272240e-01, 3.054976746084440e-01, 1.199997035800093e+00, 1.439165516809110e+02, 1.452930988799415e+02, 2.674250461632690e+05, 9.999965817571302e+04
2010, -3.711906197897980e-01, 2.923895901208380e-01, 1.200000659721805e+00, 1.436391657220752e+02, 1.454561813602787e+02, 2.674125755765703e+05, 1.000000822888601e+05
2011, -3.862825277151850e-01, 3.214233338055090e-01, 1.200007964436054e+00, 1.442172382858967e+02, 1.451503100474035e+02, 2.674468891150138e+05, 1.000009312370910e+05
2012, -3.645817061695740e-01, 2.809466845372010e-01, 1.199997589244777e+00, 1.433636661177055e+02, 1.456371847629837e+02, 2.674007352537752e+05, 9.999972505992051e+04
2013, -4.943296854622390e-01, -2.633936390603290e-01, 1.199996239342029e+00, 1.486475030165960e+02, 1.448826781338898e+02, 2.679519330236309e+05, 9.999957227503238e+04
2014, -5.917103685664370e-01, -1.724287986982980e-01, 1.199871091546253e+00, 1.566246258036686e+02, 1.384390401532423e+02, 2.681716183263455e+05, 9.998509136280848e+04
2015, -1.571878878260830e-01, -1.724899972179890e-01, 1.200006184157038e+00, 1.449833806304732e+02, 1.450442970657427e+02, 2.675258920204316e+05, 1.000007214703547e+05
2016, -7.291540858161140e-01, 7.743042977381000e-03, 1.199992272961555e+00, 1.449099379887730e+02, 1.371713044589834e+02, 2.665874622044411e+05, 9.999913266972393e+04
2017, -2.276040736086070e-01, -2.344718636392070e-01, 1.200004352578830e+00, 1.451210628561817e+02, 1.451446664304043e+02, 2.675541628848315e+05, 1.000005077744332e+05
2018, -1.554018847051730e-01, 1.518758726181130e-01, 1.199999867697139e+00, 1.448195984940276e+02, 1.451331693616316e+02, 2.675151110819408e+05, 9.999998483418763e+04
2019, -7.183532849642620e-01, -9.407888561620999e-03, 1.199954807370658e+00, 1.456170790324635e+02, 1.355554515085225e+02, 2.664790252745507e+05, 9.999475931235512e+04
2020, -4.350943492086250e-01, 3.788932528808650e-01, 1.199998405380610e+00, 1.447414967008462e+02, 1.449397458797044e+02, 2.674819044707959e+05, 9.999981402859755e+04
2021, -4.051943860987350e-01, 3.316171391986480e-01, 1.199998477690206e+00, 1.442902924151262e+02, 1.450820313950491e+02, 2.674447832107539e+05, 9.999982371213034e+04
2022, -4.584310083207790e-01, 3.867021057593870e-01, 1.200000338137398e+00, 1.447667675428122e+02, 1.449266226126464e+02, 2.674839033966067e+05, 1.000000395081682e+05
2023, -6.002007757217560e-01, 3.844834155106800e-01, 1.199998031330253e+00, 1.448199816167997e+02, 1.448868047891894e+02, 2.674848767245529e+05, 9.999977033587660e+04
2024, -7.055975061330860e-01, 3.119396672197520e-01, 1.199993713651307e+00, 1.447462111489832e+02, 1.447965553229906e+02, 2.674638861431371e+05, 9.999926651282144e+04
2025, -9.077089431966300e-02, -4.793772412697000e-02, 1.200000150240401e+00, 1.449215812692138e+02, 1.449718422252500e+02, 2.675079998764778e+05, 1.000000175347665e+05
2026, -1.268530572193010e-01, -1.336920244654630e-01, 1.200001159996640e+00, 1.449482980604310e+02, 1.450040632457230e+02, 2.675153994956627e+05, 1.000001353260049e+05
2027, -7.049176200514620e-01, -2.574130459212600e-02, 1.199890379327763e+00, 1.466744990534977e+02, 1.335574985831981e+02, 2.663659709870034e+05, 9.998728686713647e+04
2028, -7.789308124145490e-01, 1.423688071422870e-01, 1.199991460474857e+00, 1.444309243658127e+02, 1.439008579984594e+02, 2.673175121065693e+05, 9.999899740007358e+04
2029, -1.347584201040320e-01, 1.339645388798090e-01, 1.200000471196849e+00, 1.448630451595513e+02, 1.450582138428936e+02, 2.675114588067845e+05, 1.000000550637754e+05
2030, -4.806208737495660e-01, 3.972176625172110e-01, 1.200000496528787e+00, 1.448086509298662e+02, 1.449174777770546e+02, 2.674878962856607e+05, 1.000000579504231e+05
2031, -6.856994266874900e-01, -5.811687327384600e-02, 1.199918397190332e+00, 1.493196706369566e+02, 1.319490210633849e+02, 2.665223892616347e+05, 9.999068761380861e+04
2032, -6.333771117823150e-01, 3.700263175170390e-01, 1.200003829334135e+00, 1.448136451506135e+02, 1.448760898250726e+02, 2.674844249049608e+05, 1.000004467409920e+05
2033, -2.249282583114310e-01, 2.264481815049900e-01, 1.199998661125206e+00, 1.446124047389830e+02, 1.452815916739593e+02, 2.675077512684370e+05, 9.999984461302069e+04
2034, -7.000323034159120e-01, -4.228622134283500e-02, 1.199891486111953e+00, 1.476545958823428e+02, 1.334367025961724e+02, 2.664733121874048e+05, 9.998752233809119e+04
2035, -1.140138560456370e-01, 1.119119270300410e-01, 1.200001223208368e+00, 1.448889403582534e+02, 1.450052457212039e+02, 2.675083916295898e+05, 1.000001427363601e+05
2036, -1.695481147845850e-01, 1.732214113928590e-01, 1.199999578842910e+00, 1.447907620042778e+02, 1.451543807566898e+02, 2.675141169741354e+05, 9.999995116179924e+04
2037, -4.127872602591900e-01, 3.697803221829730e-01, 1.199999997258071e+00, 1.447123433960003e+02, 1.449576899376758e+02, 2.674809971637368e+05, 9.999999981564592e+04
2038, -4.029110750977260e-01, 3.490900784646090e-01, 1.199994920085666e+00, 1.445519352055199e+02, 1.450080500688208e+02, 2.674663420930765e+05, 9.999940783281285e+04
2039, -3.651945934521830e-01, 3.320746342495460e-01, 1.200001456917962e+00, 1.445120525057720e+02, 1.450728343986300e+02, 2.674711807560916e+05, 1.000001706869412e+05
2040, -7.718924597251050e-01, 4.524233300251200e-02, 1.199951392784598e+00, 1.445222285074763e+02, 1.420595804055771e+02, 2.670980532867824e+05, 9.999434423640485e+04
2041, -5.102772626732900e-01, 4.111931313524790e-01, 1.200000599082283e+00, 1.448522934337381e+02, 1.449111544253185e+02, 2.674924283664980e+05, 1.000000699080502e+05
2042, -2.283352733364240e-01, 2.110864492874370e-01, 1.199997320693742e+00, 1.444899579604224e+02, 1.454625113447998e+02, 2.675145489591957e+05, 9.999968891434667e+04
2043, -2.038154183492900e-01, 1.941220459166780e-01, 1.199998629256195e+00, 1.446397725422921e+02, 1.453369172998959e+02, 2.675177400870976e+05, 9.999984080865883e+04
2044, -5.530674479721930e-01, 4.080723955906920e-01, 1.200001027349563e+00, 1.448553446123404e+02, 1.449051444453117e+02, 2.674921895738561e+05, 1.000001198613915e+05
2045, -1.938918988329480e-01, 2.078698532443490e-01, 1.200000148726114e+00, 1.447452410337397e+02, 1.451640948056637e+02, 2.675099581570993e+05, 1.000000175937897e+05
2046, -3.915823523177620e-01, 3.619596994138580e-01, 1.200000270656047e+00, 1.446986442702116e+02, 1.449747884022678e+02, 2.674814867810574e+05, 1.000000318019192e+05
2047, -7.287334059255430e-01, 2.828037357675510e-01, 1.199999649403327e+00, 1.447049636531595e+02, 1.447364879784606e+02, 2.674533100347706e+05, 9.999995906450522e+04
2048, -1.820398532019940e-01, 1.914228832420000e-01, 1.199998761015945e+00, 1.447658526729622e+02, 1.451631162947048e+02, 2.675119415627518e+05, 9.999985565385959e+04
2049, -9.708026463511100e-02, 8.401349065866701e-02, 1.199997641146553e+00, 1.449012361487657e+02, 1.449770468011376e+02, 2.675054765274453e+05, 9.999972479004931e+04
2050, -6.714023849275030e-01, -8.088025098841600e-02, 1.199806604701958e+00, 1.513770538354527e+02, 1.317613604225949e+02, 2.667285370830162e+05, 9.997765473712509e+04
2051, -7.824347275801570e-01, 8.944360495017099e-02, 1.199973907451173e+00, 1.444302247614280e+02, 1.432522327234437e+02, 2.672349527983034e+05, 9.999694915088716e+04
2052, -2.552946475862580e-01, 2.634074045653350e-01, 1.200004454152776e+00, 1.446007358460560e+02, 1.452048292961537e+02, 2.674986586116222e+05, 1.000005202135932e+05
2053, -3.270072007302750e-01, 3.081320412222830e-01, 1.200000490036836e+00, 1.444627758581548e+02, 1.451619090097776e+02, 2.674757521615439e+05, 1.000000581465135e+05
2054, -1.437615838006730e-01, 1.611107926992170e-01, 1.200000201063933e+00, 1.448561488414312e+02, 1.450453152492258e+02, 2.675089922964440e+05, 1.000000235365629e+05
2055, -7.414981435086420e-01, -6.108054544311000e-03, 1.200058411860719e+00, 1.452588878968137e+02, 1.389338411428314e+02, 2.668507197645775e+05, 1.000068228797286e+05
2056, -9.885073874893700e-02, -8.775772598697100e-02, 1.199998301218622e+00, 1.449274878249446e+02, 1.449712451940127e+02, 2.675081287559916e+05, 9.999980181122970e+04
2057, -4.356251330033200e-01, 3.954538633645670e-01, 1.200000161700549e+00, 1.448178617825928e+02, 1.449273705628663e+02, 2.674901097939129e+05, 1.000000188886913e+05
2058, -5.284527069080680e-01, -2.575061493623490e-01, 1.200043212136074e+00, 1.489461438346505e+02, 1.443784955121898e+02, 2.679411787218904e+05, 1.000050457776799e+05
2059, -5.488425707797130e-01, -2.312193223681540e-01, 1.200012575664810e+00, 1.512575922622801e+02, 1.434135968061926e+02, 2.681061708959183e+05, 1.000014910808080e+05
2060, -2.560408114146180e-01, -2.628800280291990e-01, 1.200005930223158e+00, 1.451451163446563e+02, 1.451207523760664e+02, 2.675546178392339e+05, 1.000006922383898e+05
2061, -4.386843376782880e-01, -2.878087444265630e-01, 1.200069195328155e+00, 1.466741152069196e+02, 1.452364134573504e+02, 2.677720108356642e+05, 1.000080618051590e+05
2062, -7.576045799510061e-01, 2.428578797912690e-01, 1.200000744606635e+00, 1.446754724390080e+02, 1.446462900775672e+02, 2.674391815066513e+05, 1.000000866712745e+05
2063, -3.766101277778650e-01, -2.913481721756980e-01, 1.199989288391418e+00, 1.458491658600091e+02, 1.452864819182546e+02, 2.676554216472826e+05, 9.999874877338148e+04
2064, -3.056533198289690e-01, 3.032466580750530e-01, 1.200004501887132e+00, 1.445621322948830e+02, 1.451366258143265e+02, 2.674857701305941e+05, 1.000005259155173e+05
2065, -6.505021165128611e-01, -1.272338826530880e-01, 1.199834294391234e+00, 1.532912626468428e+02, 1.350504694973146e+02, 2.673451099036931e+05, 9.998094318340943e+04
2066, -7.688973045920000e-02, 5.105713025740700e-02, 1.199998193255039e+00, 1.449098150588382e+02, 1.449496915808811e+02, 2.675033609009408e+05, 9.999978922039270e+04
2067, -2.061764631835750e-01, 2.254525843659140e-01, 1.199999981868713e+00, 1.447323744438361e+02, 1.451517077642290e+02, 2.675068617389124e+05, 9.999999817658712e+04
2068, -3.396052745356600e-01, 3.261116996790410e-01, 1.199999689666601e+00, 1.445800501080436e+02, 1.450737017257535e+02, 2.674789859634559e+05, 9.999996427365916e+04
2069, -6.240822953358270e-01, -1.638202779830060e-01, 1.199898780638321e+00, 1.538478698927127e+02, 1.380332309283819e+02, 2.677734589595486e+05, 9.998839294687157e+04
2070, -6.661232848475530e-01, -1.057337007986040e-01, 1.199951895065047e+00, 1.520242954225040e+02, 1.340084494187370e+02, 2.670993988856217e+05, 9.999454332796040e+04
2071, -2.371394637470830e-01, 2.544399520221530e-01, 1.199999728386854e+00, 1.446714493186719e+02, 1.451645846250464e+02, 2.675010027649548e+05, 9.999996870858612e+04
2072, -1.675678423595580e-01, -1.598255378255500e-02, 1.199995423233988e+00, 1.449769870026016e+02, 1.457822740803462e+02, 2.676115697190488e+05, 9.999946798484755e+04
2073, -1.548421532039570e-01, -1.639302213647900e-02, 1.200001716741840e+00, 1.449557013085765e+02, 1.455063291087384e+02, 2.675772477299052e+05, 1.000002012914460e+05
2074, -2.880195450413170e-01, 2.929062866771320e-01, 1.199998938577215e+00, 1.445885241800692e+02, 1.451470513950521e+02, 2.674886689868993e+05, 9.999987676481872e+04
2075, -3.533509422656320e-01, 3.456233086214190e-01, 1.199993316753320e+00, 1.446860522170805e+02, 1.450069905605756e+02, 2.674819323632783e+05, 9.999922049268136e+04
2076, -1.562873919582110e-01, 1.842630853200360e-01, 1.199998288550131e+00, 1.448438217687485e+02, 1.450464843772515e+02, 2.675071156717439e+05, 9.999980039176637e+04
2077, -4.112253747377430e-01, 3.898326281566920e-01, 1.199998054251414e+00, 1.448131808488915e+02, 1.449346744872657e+02, 2.674898430856752e+05, 9.999977302090565e+04
2078, -5.223860136700700e-01, 3.285683257848970e-01, 1.199999829058900e+00, 1.439624776925401e+02, 1.448240439655953e+02, 2.673746215500749e+05, 9.999998118102766e+04
2079, -7.225890234685350e-01, -3.063911255937600e-02, 1.199895122344780e+00, 1.462704977433037e+02, 1.367228462578861e+02, 2.666743808631675e+05, 9.998780248941742e+04
2080, -6.958534277641000e-01, -7.278476331709000e-02, 1.199990917764932e+00, 1.488891810257666e+02, 1.348784525761774e+02, 2.668146242411428e+05, 9.999910125222031e+04
2081, -6.085512229255470e-01, -1.803467819477260e-01, 1.199978127701190e+00, 1.537556294183185e+02, 1.394592995950634e+02, 2.679482774890951e+05, 9.999756512433347e+04
2082, -1.179619104356450e-01, 1.418414135887070e-01, 1.200001879457226e+00, 1.448878960815080e+02, 1.449872530054689e+02, 2.675062733021092e+05, 1.000002192937645e+05
2083, -2.206144987365190e-01, 2.425072203461340e-01, 1.199998521360912e+00, 1.447149876684536e+02, 1.451439984839459e+02, 2.675034278531859e+05, 9.999982785534664e+04
2084, -6.719624076292440e-01, 3.594952057131540e-01, 1.200000703154348e+00, 1.448365316870357e+02, 1.448755193884725e+02, 2.674862519484127e+05, 1.000000820396268e+05
2085, -3.844735413321900e-01, 3.768443180717290e-01, 1.199996524706575e+00, 1.447916339492663e+02, 1.449490745576082e+02, 2.674885586848998e+05, 9.999959463402735e+04
2086, -7.126179387407910e-01, -5.268090131579800e-02, 1.199891861236558e+00, 1.473105118001923e+02, 1.361179114692493e+02, 2.667320226898937e+05, 9.998745936750504e+04
2087, -4.327632335151010e-01, 4.129491449378680e-01, 1.200000209604950e+00, 1.448651826541974e+02, 1.449206942057317e+02, 2.674950284036009e+05, 1.000000244580334e+05
2088, -6.076147776222780e-01, 4.006060645746050e-01, 1.199997982924895e+00, 1.448649253986424e+02, 1.448992493207294e+02, 2.674917906972091e+05, 9.999976467365868e+04
2089, -7.844544817132040e-01, 1.778940795179560e-01, 1.200031151201089e+00, 1.446122145789093e+02, 1.443956258749942e+02, 2.674097978865823e+05, 1.000036349427692e+05
2090, -7.639599946231430e-01, -3.507770595020000e-04, 1.199927773607736e+00, 1.450159574899033e+02, 1.412460848435802e+02, 2.670549849761195e+05, 9.999156880791507e+04
2091, -5.781352937408690e-01, -2.195219160683470e-01, 1.199971795301743e+00, 1.513428960212213e+02, 1.424801323108937e+02, 2.679945047580073e+05, 9.999675593719240e+04
2092, -1.704927750037720e-01, 2.051720100073010e-01, 1.199998727307738e+00, 1.448289446721340e+02, 1.450514664852168e+02, 2.675060437914511e+05, 9.999985156576149e+04
2093, -7.000199880580900e-02, -1.122264791579700e-02, 1.200001377518659e+00, 1.449152778449185e+02, 1.449436969096687e+02, 2.675041787853260e+05, 1.000001607136049e+05
2094, -3.554191366116760e-01, 3.194285113171420e-01, 1.200004587931061e+00, 1.444042199383867e+02, 1.451385489305410e+02, 2.674670148786075e+05, 1.000005364749324e+05
2095, -6.394512440892930e-01, -1.462326038783240e-01, 1.199929483299877e+00, 1.535274521706741e+02, 1.366618908401058e+02, 2.675839925081037e+05, 9.999199138124616e+04
2096, -7.334162427026400e-02, -5.239979433888700e-02, 1.200000062887625e+00, 1.449178928429146e+02, 1.449433490827247e+02, 2.675040882984715e+05, 1.000000073347605e+05
2097, -1.846195656823560e-01, 2.233747150943950e-01, 1.200000965731546e+00, 1.448149187272398e+02, 1.450547406549395e+02, 2.675053671303071e+05, 1.000001127417857e+05
2098, -7.133828845473190e-01, 3.558154978306900e-02, 1.199901524700927e+00, 1.436358526122102e+02, 1.349460138900434e+02, 2.661566849069017e+05, 9.998852853984694e+04
2099, -7.287760628133360e-01, 2.989149976177300e-02, 1.199946844814729e+00, 1.441875746927531e+02, 1.373048009795865e+02, 2.665030411291494e+05, 9.999381292555721e+04
2100, -7.452155835133260e-01, 2.447450045560100e-02, 1.199974537706365e+00, 1.445555492399538e+02, 1.394001654651796e+02, 2.667965903220127e+05, 9.999704134815768e+04
2101, -3.148031133561400e-01, 3.214616707294530e-01, 1.200000103638296e+00, 1.446620816578326e+02, 1.450562977757271e+02, 2.674868824584994e+05, 1.000000123551726e+05
2102, -5.003035260278990e-01, -2.804710350573490e-01, 1.199992794489284e+00, 1.473615579912843e+02, 1.448424577675829e+02, 2.677875120565973e+05, 9.999916770397627e+04
2103, -1.435103019310230e-01, -1.843855415240170e-01, 1.200004637160257e+00, 1.449515441515094e+02, 1.449833687379916e+02, 2.675142545763407e+05, 1.000005410068268e+05
2104, -2.580302856164930e-01, 2.786322668944630e-01, 1.199998966963068e+00, 1.446776043969972e+02, 1.451180608774640e+02, 2.674959063125752e+05, 9.999987969913914e+04
2105, -3.269245762636510e-01, -2.936169305988160e-01, 1.200005536802314e+00, 1.453631836480067e+02, 1.451606611234682e+02, 2.675857312047363e+05, 1.000006461521378e+05
2106, -3.295857253519820e-01, 3.420021624635960e-01, 1.200000424147650e+00, 1.447368889267339e+02, 1.449999301309487e+02, 2.674891789316020e+05, 1.000000495862597e+05
2107, -3.514411516678020e-01, 3.673303289191910e-01, 1.200000194261656e+00, 1.448031874255146e+02, 1.449569664245206e+02, 2.674919227888765e+05, 1.000000227142855e+05
2108, -6.837872715033460e-01, -9.400378979077501e-02, 1.199842344410514e+00, 1.501445318785958e+02, 1.350131346244380e+02, 2.669448989554095e+05, 9.998174553552740e+04
2109, -2.179287217243400e-01, -2.500741090689390e-01, 1.200005312756439e+00, 1.450301220462108e+02, 1.450399174188996e+02, 2.675307694168451e+05, 1.000006198186266e+05
2110, -5.125967000810220e-01, 4.294476870300910e-01, 1.199999313154058e+00, 1.448832336686473e+02, 1.449123549281465e+02, 2.674959522001275e+05, 9.999991987281306e+04
2111, -7.971611907870360e-01, 1.449700655526940e-01, 1.200025178032792e+00, 1.446371017524040e+02, 1.442958201281174e+02, 2.673991366571953e+05, 1.000029381416118e+05
2112, -1.283893150942310e-01, 1.710926308185860e-01, 1.199999598885420e+00, 1.448834833366563e+02, 1.449814812494177e+02, 2.675044112427583e+05, 9.999995321515639e+04
2113, -1.110536108776680e-01, -1.433660885812930e-01, 1.200000873543964e+00, 1.449315368299778e+02, 1.449594694589845e+02, 2.675079079364432e+05, 1.000001019135239e+05
2114, -5.579560320693310e-01, 4.259520403094820e-01, 1.200001698915464e+00, 1.448851398236756e+02, 1.449092681797587e+02, 2.674964706459387e+05, 1.000001982087498e+05
2115, -1.726809082871300e-01, 1.582560917114000e-01, 1.199999870268749e+00, 1.447555061232548e+02, 1.452491801833853e+02, 2.675214159911062e+05, 9.999998548925828e+04
2116, -6.803777815933090e-01, -2.079597059319200e-02, 1.199763939006731e+00, 1.473900736702727e+02, 1.282888189077100e+02, 2.658437108543871e+05, 9.997258977676665e+04
2117, -6.431166939635700e-01, 3.858355940021940e-01, 1.200005009207341e+00, 1.448631858854561e+02, 1.448949998125120e+02, 2.674930144805239e+05, 1.000005843992236e+05
2118, -7.901401721419230e-01, 4.172830346053000e-02, 1.199917765921044e+00, 1.446915099703137e+02, 1.431121014065068e+02, 2.672341232277486e+05, 9.999039178416776e+04
2119, -8.159425409460000e-02, -9.466431671491400e-02, 1.199999686982424e+00, 1.449204982897256e+02, 1.449421586518229e+02, 2.675041550116265e+05, 9.999996348173956e+04
2120, -7.196852301833350e-01, 3.241054166293300e-01, 1.199999965960670e+00, 1.448279429753128e+02, 1.448524205426382e+02, 2.674822224516011e+05, 9.999999598169229e+04
2121, -5.607407586086300e-01, -2.474402080676930e-01, 1.200000776031133e+00, 1.491537597914491e+02, 1.437803688388488e+02, 2.678834321899896e+05, 1.000001044147349e+05
2122, -3.831548982752670e-01, 3.952547939426750e-01, 1.200001906305219e+00, 1.448522473197317e+02, 1.449309842450203e+02, 2.674951798140545e+05, 1.000002224176848e+05
2123, -2.351240495316520e-01, 2.743836462630180e-01, 1.199999289650335e+00, 1.447648202117579e+02, 1.450570340599844e+02, 2.674991352234809e+05, 9.999991722897138e+04
2124, -8.012969228791830e-01, 8.905020985231300e-02, 1.199990892213855e+00, 1.446349684565832e+02, 1.438973950726916e+02, 2.673415273498545e+05, 9.999893588270064e+04
2125, -7.433591264645150e-01, -3.519589914779300e-02, 1.199929893297215e+00, 1.458239661985118e+02, 1.395809292261265e+02, 2.669587129573813e+05, 9.999184424640978e+04
2126, -1.426643603012330e-01, 1.976609797448300e-01, 1.199999151788645e+00, 1.448767781467429e+02, 1.449813735484112e+02, 2.675034647945635e+05, 9.999990104851547e+04
2127, -2.885806489688420e-01, 3.140594540245450e-01, 1.200002463077266e+00, 1.447267077346502e+02, 1.450388582575579e+02, 2.674932206144850e+05, 1.000002875515273e+05
2128, -3.868506039140520e-01, 3.357133883510980e-01, 1.200004307812910e+00, 1.444508938331400e+02, 1.450638206120323e+02, 2.674635178464297e+05, 1.000005034166617e+05
2129, -3.778420160645680e-01, 3.471073961021620e-01, 1.200000695734951e+00, 1.446171625474473e+02, 1.450140132030689e+02, 2.674765217837445e+05, 1.000000814783704e+05
2130, -3.690520120829540e-01, 3.609521225992820e-01, 1.200000508766636e+00, 1.447399176404830e+02, 1.449743106198230e+02, 2.674864723817187e+05, 1.000000595017957e+05
2131, -1.991326036037860e-01, 2.425822459199180e-01, 1.200000787788859e+00, 1.448060832033071e+02, 1.450485802481119e+02, 2.675035070098512e+05, 1.000000920061233e+05
2132, -5.223540674781990e-01, 3.426837990864480e-01, 1.199999484540488e+00, 1.442843349949335e+02, 1.448566070496453e+02, 2.674171115058950e+05, 9.999994062124961e+04
2133, -5.237985867203730e-01, 3.577068114451980e-01, 1.200001951585725e+00, 1.445236636826957e+02, 1.448780867268202e+02, 2.674491871204534e+05, 1.000002279693566e+05
2134, -5.228714900552760e-01, 3.745829495542480e-01, 1.200005625401783e+00, 1.446904431083321e+02, 1.448953066695294e+02, 2.674723816135722e+05, 1.000006563684504e+05
2135, -7.445197918896030e-01, 2.934628043687960e-01, 1.199993476157130e+00, 1.448028844682264e+02, 1.448177109199260e+02, 2.674732108100113e+05, 9.999923886463832e+04
2136, -9.815730973829399e-02, 1.472673718305550e-01, 1.199999786716569e+00, 1.449021924936718e+02, 1.449470137026279e+02, 2.675025584874927e+05, 9.999997512219356e+04
2137, -4.405358337748390e-01, -3.068227898537040e-01, 1.200063911761880e+00, 1.459987362644360e+02, 1.450879672467612e+02, 2.676702656173800e+05, 1.000074574239390e+05
2138, -6.703409934895700e-01, -1.252939054546740e-01, 1.199989587328604e+00, 1.510038364228415e+02, 1.367525813716185e+02, 2.672907530965613e+05, 9.999900336129680e+04
2139, -3.022528108552310e-01, 3.371031551247120e-01, 1.200001274463686e+00, 1.447873505316186e+02, 1.449869128838156e+02, 2.674939289998959e+05, 1.000001487346686e+05
2140, -5.766670598726600e-02, 5.223827142188600e-02, 1.199999269368553e+00, 1.449118849630106e+02, 1.449301782905401e+02, 2.675015521362948e+05, 9.999991476159444e+04
2141, -3.747330891878060e-01, -3.105298337841790e-01, 1.199987528092294e+00, 1.454618013357164e+02, 1.451217355561641e+02, 2.675879838108335e+05, 9.999854476086098e+04
2142, -7.262533936826180e-01, -6.623118355981100e-02, 1.199940818681693e+00, 1.468970921692907e+02, 1.386517557219308e+02, 2.669849312935271e+05, 9.999312627277769e+04
2143, -2.157385408596190e-01, 2.613116772690370e-01, 1.199998368601990e+00, 1.447954323900870e+02, 1.450429346092303e+02, 2.675008690808626e+05, 9.999980976161044e+04
2144, -7.072990515777881e-01, -8.791118587136400e-02, 1.200058475773591e+00, 1.481749632679011e+02, 1.376018539550917e+02, 2.670540014118610e+05, 1.000069176510700e+05
2145, -1.582220707246530e-01, 2.214504198820960e-01, 1.199998977836617e+00, 1.448698992561779e+02, 1.449821412527243e+02, 2.675026788656996e+05, 9.999988075052576e+04
2146, -6.462566087171659e-01, -1.708188095704480e-01, 1.199941161281340e+00, 1.509541283095650e+02, 1.397011744441804e+02, 2.676105569891559e+05, 9.999328257295830e+04
2147, -3.186949461988530e-01, 3.579559678209480e-01, 1.200001249819716e+00, 1.448245632326326e+02, 1.449582297341072e+02, 2.674949473874124e+05, 1.000001458294616e+05
2148, -4.301735678641950e-01, 4.323342566173890e-01, 1.199999619733579e+00, 1.448913204029525e+02, 1.449169325263700e+02, 2.674975663236100e+05, 9.999995563469037e+04
2149, -7.769209458091360e-01, -1.569126742335000e-02, 1.199937147691628e+00, 1.451343349706696e+02, 1.422617046388041e+02, 2.671919083188244e+05, 9.999267479446412e+04
2150, -6.293295863201540e-01, -1.896649461380540e-01, 1.200070197040882e+00, 1.509191951525871e+02, 1.407681033269210e+02, 2.677664143785067e+05, 1.000082705875386e+05
2151, -3.440341354837390e-01, 3.850684977846210e-01, 1.200000599724382e+00, 1.448600090038274e+02, 1.449352397149427e+02, 2.674962686621193e+05, 1.000000699758229e+05
2152, -2.492490252544860e-01, 2.949462665823090e-01, 1.199999693536394e+00, 1.447846729056690e+02, 1.450232640159456e+02, 2.674975604654376e+05, 9.999996429633738e+04
2153, -2.710034086464770e-01, 2.951941349317400e-01, 1.200003245303704e+00, 1.447018206893264e+02, 1.450776095303684e+02, 2.674951204718703e+05, 1.000003788304080e+05
2154, -2.475047748558120e-01, -2.808801494676130e-01, 1.200007912579377e+00, 1.450378256881872e+02, 1.450223925599913e+02, 2.675303029202433e+05, 1.000009231946175e+05
2155, -1.746216750118890e-01, 2.408610557855870e-01, 1.200001186904959e+00, 1.448613394981919e+02, 1.449856633460859e+02, 2.675026831744026e+05, 1.000001384847787e+05
2156, -6.172230710590690e-01, 4.209551991861640e-01, 1.199999682398048e+00, 1.448938017158681e+02, 1.449079059056025e+02, 2.674967932251594e+05, 9.999996294277799e+04
2157, -5.941997215050200e-01, -2.323281431315300e-01, 1.199974215504811e+00, 1.492814629063478e+02, 1.430467006809034e+02, 2.678043346440059e+05, 9.999702847796745e+04
2158, -3.714673453435790e-01, 4.153750888369980e-01, 1.200000440544842e+00, 1.448882521086542e+02, 1.449214426703136e+02, 2.674979679777098e+05, 1.000000514031539e+05
2159, -6.658220362599360e-01, -1.497015870824670e-01, 1.200035912906806e+00, 1.504300424529641e+02, 1.388607887122034e+02, 2.674735247523481e+05, 1.000043662262620e+05
2160, -4.991273092817800e-02, -1.396978728182000e-02, 1.200000437770722e+00, 1.449144698112117e+02, 1.449266707676700e+02, 2.675017644054103e+05, 1.000000510726546e+05
2161, -1.114261542455840e-01, 1.836110404614530e-01, 1.199999539959189e+00, 1.448997638934314e+02, 1.449441349172089e+02, 2.675018491223146e+05, 9.999994632783860e+04
2162, -5.067405830928420e-01, -2.999565442766360e-01, 1.199938037803765e+00, 1.463715637103080e+02, 1.448411286869051e+02, 2.676510142708329e+05, 9.999277623307984e+04
2163, -6.848751397288830e-01, 3.755227197742570e-01, 1.199999364143290e+00, 1.448778476313232e+02, 1.448962278705981e+02, 2.674933686301711e+05, 9.999992581336829e+04
2164, -7.591977310830100e-01, -5.202684109604000e-02, 1.200026711045687e+00, 1.456968086018555e+02, 1.414676974738501e+02, 2.671910191986025e+05, 1.000031157625666e+05
2165, -5.887194253992950e-01, -1.947074502076400e-01, 1.199965098599983e+00, 1.537773445535130e+02, 1.406952052061805e+02, 2.680916163892178e+05, 9.999600055412851e+04
2166, -6.058778469387150e-01, -2.055374586288680e-01, 1.200032318859108e+00, 1.511615923857968e+02, 1.415949855698256e+02, 2.678836593169124e+05, 1.000038284582892e+05
2167, -6.946397326256750e-01, -1.130346272535970e-01, 1.199910100772128e+00, 1.489334044514171e+02, 1.381397977710600e+02, 2.671678366103697e+05, 9.998932560442631e+04
2168, -5.155152859457980e-01, 4.500498613176320e-01, 1.199999926934209e+00, 1.449009064543215e+02, 1.449131124526824e+02, 2.674983476116275e+05, 9.999999147647228e+04
2169, -1.274608545222390e-01, 2.140421685096990e-01, 1.199999841804937e+00, 1.448969652654758e+02, 1.449433917875276e+02, 2.675015050604697e+05, 9.999998154029867e+04
2170, -7.929716717194600e-02, 1.562548659879120e-01, 1.200000088863282e+00, 1.449088401902561e+02, 1.449277975758326e+02, 2.675011239892252e+05, 1.000000103681806e+05
2171, -8.207010976223190e-01, 1.486251195688080e-01, 1.200012980589079e+00, 1.447812358945216e+02, 1.446065782060087e+02, 2.674505431725837e+05, 1.000015146374935e+05
2172, -8.108368414131120e-01, 3.835037375240100e-02, 1.199933039140883e+00, 1.448025818686009e+02, 1.438538818549838e+02, 2.673404856553363e+05, 9.999218560805343e+04
2173, -3.212668597474940e-01, -3.171253950926500e-01, 1.200008015242102e+00, 1.451294493623537e+02, 1.450270174223329e+02, 2.675419672073542e+05, 1.000009349352953e+05
2174, -2.620813835456040e-01, 3.150397395453370e-01, 1.200001237628357e+00, 1.448108230783391e+02, 1.449915581775525e+02, 2.674973123879235e+05, 1.000001444361803e+05
2175, -2.784826274129380e-01, 3.314494463863290e-01, 1.200000556992458e+00, 1.448208816855983e+02, 1.449753815557331e+02, 2.674963831575726e+05, 1.000000650065459e+05
2176, -1.913363170225210e-01, 2.622878342374530e-01, 1.200000559038261e+00, 1.448568652875078e+02, 1.449814452233954e+02, 2.675014594592695e+05, 1.000000652316746e+05
2177, -5.761103730929650e-01, -2.651614636949300e-01, 1.200070200290514e+00, 1.474522199423821e+02, 1.441509649156888e+02, 2.677367721484349e+05, 1.000081804476582e+05
2178, -1.276696045505710e-01, -1.982565596322000e-01, 1.200006166734140e+00, 1.449325408605073e+02, 1.449474137024279e+02, 2.675080396247542e+05, 1.000007194787953e+05
2179, -2.051139041637320e-01, -2.708545683507800e-01, 1.199996947229512e+00, 1.449635766052864e+02, 1.449675103344028e+02, 2.675116613902284e+05, 9.999964380303217e+04
2180, -2.855507293721250e-01, 3.573410402750480e-01, 1.199999317227580e+00, 1.448648377186411e+02, 1.449426087776680e+02, 2.674973862374629e+05, 9.999992033827482e+04
2181, -2.269358279244720e-01, 2.949931850028740e-01, 1.199999115974451e+00, 1.448401378314993e+02, 1.449811787682582e+02, 2.674990082561910e+05, 9.999989685853003e+04
2182, -8.254979468402270e-01, 8.889694036195001e-02, 1.200044031383143e+00, 1.447954646456794e+02, 1.444208279361401e+02, 2.674384936137442e+05, 1.000051361834148e+05
2183, -9.297474680222600e-02, -1.545437048335930e-01, 1.199999166827171e+00, 1.449215878981407e+02, 1.449337326497934e+02, 2.675031247613041e+05, 9.999990279362474e+04
2184, -3.097121517134850e-01, 3.754751702558730e-01, 1.200000764200184e+00, 1.448709572823241e+02, 1.449351770799420e+02, 2.674976283405820e+05, 1.000000891568911e+05
2185, -7.390337932841990e-01, -8.699216618642699e-02, 1.200097549163376e+00, 1.464816729474308e+02, 1.408906991047607e+02, 2.672382907577963e+05, 1.000113643056325e+05
2186, -3.307442860827640e-01, 4.027319794966460e-01, 1.200000186893898e+00, 1.448905774924703e+02, 1.449234280579089e+02, 2.674984182226043e+05, 1.000000218047946e+05
2187, -6.276335171865370e-01, -2.185652162953000e-01, 1.199994791753988e+00, 1.487603640979993e+02, 1.426036744503181e+02, 2.676926228987168e+05, 9.999944279234046e+04
2188, -3.581138307273300e-02, 5.312157390623600e-02, 1.199999651842524e+00, 1.449132200566968e+02, 1.449199627663722e+02, 2.675005855957913e+05, 9.999995938141692e+04
2189, -2.076777496593140e-01, 2.831634899318760e-01, 1.199998040349555e+00, 1.448557465044996e+02, 1.449732854715205e+02, 2.674996406638245e+05, 9.999977136813306e+04
2190, -6.934528341550750e-01, -1.344777060805360e-01, 1.199790421157109e+00, 1.486210776661369e+02, 1.396298310949514e+02, 2.672692370794447e+05, 9.997569842224776e+04
2191, -7.657551921875990e-01, 3.077283896820120e-01, 1.199998031096126e+00, 1.448698679528460e+02, 1.448754460088294e+02, 2.674895266527382e+05, 9.999977026616402e+04
2192, -6.119924157309500e-02, -1.027948366382820e-01, 1.200000099154842e+00, 1.449167152847781e+02, 1.449253152266266e+02, 2.675017780402605e+05, 1.000000115674875e+05
2193, -7.163792203659540e-01, -1.059654719147980e-01, 1.199994281054639e+00, 1.475206438619009e+02, 1.397098830823959e+02, 2.671991232682599e+05, 9.999941788485988e+04
2194, -1.443311359383630e-01, 2.422795398482800e-01, 1.199999077918551e+00, 1.448948725613971e+02, 1.449416419960625e+02, 2.675008293579607e+05, 9.999989241752186e+04
2195, -4.280231144032030e-01, 4.543705365949710e-01, 1.199999919435714e+00, 1.449047671177289e+02, 1.449150449354829e+02, 2.674990450855328e+05, 9.999999060059706e+04
2196, -4.426390748162170e-01, -3.325474826474400e-01, 1.200046168673272e+00, 1.454331416825993e+02, 1.449886086528528e+02, 2.675846611381637e+05, 1.000053856450901e+05
2197, -6.746759924872280e-01, -1.769276146243350e-01, 1.200047006248726e+00, 1.484431705173737e+02, 1.414631973597610e+02, 2.675328909095117e+05, 1.000055623509778e+05
2198, -1.637908287491440e-01, 2.615669744978910e-01, 1.200001262131332e+00, 1.448895028568416e+02, 1.449457309657123e+02, 2.675012801098461e+05, 1.000001472462070e+05
2199, -2.299939551592800e-01, -1.916931603752910e-01, 1.199998414811873e+00, 1.453833019212427e+02, 1.455336662484136e+02, 2.676313743014813e+05, 9.999981498912838e+04
2200, -2.206264716255370e-01, -2.026232318939860e-01, 1.200000688702470e+00, 1.452223006108025e+02, 1.453137274484009e+02, 2.675858550851131e+05, 1.000000800745328e+05
2201, -2.115172753514970e-01, -2.149370258142490e-01, 1.199988232599262e+00, 1.451054784155740e+02, 1.451550162435848e+02, 2.675490642142645e+05, 9.999862706880420e+04
2202, -7.981435807526230e-01, -2.417632815339600e-02, 1.199947808522314e+00, 1.450723706429769e+02, 1.433988621282342e+02, 2.673227031546931e+05, 9.999390856717715e+04
2203, -2.363488851358150e-01, 3.175833562888610e-01, 1.199999897731561e+00, 1.448619072510813e+02, 1.449566979041606e+02, 2.674988951645289e+05, 9.999998806266581e+04
2204, -3.642102762256140e-01, 4.372168705061140e-01, 1.200000265389833e+00, 1.449039989932465e+02, 1.449167069770117e+02, 2.674992489079279e+05, 1.000000309636559e+05
2205, -9.148300848223700e-02, 2.012817921942550e-01, 1.199999732913100e+00, 1.449087835247278e+02, 1.449242037558895e+02, 2.675005844812729e+05, 9.999996883829408e+04
2206, -3.717215406242680e-01, -3.378245831901740e-01, 1.199976481149449e+00, 1.451324564169820e+02, 1.449933579086084e+02, 2.675295256625522e+05, 9.999725549592626e+04
2207, -6.117995653181330e-01, -2.498707200709490e-01, 1.199962404293872e+00, 1.473907557770601e+02, 1.437484630694342e+02, 2.676510895652487e+05, 9.999560523279417e+04
2208, -6.583815332962440e-01, -2.023563615824700e-01, 1.200066301448852e+00, 1.481217233565618e+02, 1.424078024081785e+02, 2.676100432852877e+05, 1.000077348910736e+05
2209, -2.270549222698900e-02, -1.796089004474200e-02, 1.200000230755171e+00, 1.449140862874540e+02, 1.449177177657370e+02, 2.675005794908454e+05, 1.000000269212898e+05
2210, -7.750287019668770e-01, -7.361685522871000e-02, 1.200018673213331e+00, 1.455075054617211e+02, 1.428740285749264e+02, 2.673324372232418e+05, 1.000021790416676e+05
2211, -7.430688118281950e-01, 1.139523374013740e-01, 1.199989334348524e+00, 1.435048259589193e+02, 1.415956940971617e+02, 2.669316260520296e+05, 9.999876093746540e+04
2212, -7.594674064873360e-01, 1.144640337079230e-01, 1.200062841015819e+00, 1.440079586476752e+02, 1.426175759900440e+02, 2.671333159120476e+05, 1.000073406828734e+05
2213, -4.635642727102850e-01, -2.485162830665150e-01, 1.200006960471216e+00, 1.499137180207660e+02, 1.454709058075030e+02, 2.681835447826338e+05, 1.000008088824975e+05
2214, -4.688766564251220e-01, -2.636813469826150e-01, 1.199887108755033e+00, 1.484935649012211e+02, 1.451872494357492e+02, 2.679395157624596e+05, 9.998685062722149e+04
2215, -2.574590570895110e-01, 3.423473481426650e-01, 1.200000263237476e+00, 1.448716912805210e+02, 1.449434984560541e+02, 2.674985832140989e+05, 1.000000307078673e+05
2216, -5.197756433875950e-01, 4.776641299544000e-01, 1.199999739497823e+00, 1.449099075217532e+02, 1.449136610061984e+02, 2.674994488376251e+05, 9.999996960813152e+04
2217, -5.150745261467120e-01, -3.267727065757360e-01, 1.199890246157803e+00, 1.455254210516076e+02, 1.448622399348805e+02, 2.675373835681829e+05, 9.998719120215152e+04
2218, -5.692467963238610e-01, 3.631171074498870e-01, 1.199996153695644e+00, 1.446568686794260e+02, 1.448580706602739e+02, 2.674612136454971e+05, 9.999955135445450e+04
2219, -5.707902354889181e-01, 3.790517949949330e-01, 1.199999197192881e+00, 1.447647875704595e+02, 1.448826905758308e+02, 2.674780433854205e+05, 9.999990638547095e+04
2220, -2.904547630344590e-01, 3.911430039993520e-01, 1.199999185856296e+00, 1.448965878605371e+02, 1.449225734870008e+02, 2.674987633559457e+05, 9.999990501352424e+04
2221, -2.346586260071260e-01, -3.078127139794330e-01, 1.200005300658469e+00, 1.449606983715049e+02, 1.449518686597724e+02, 2.675117386600232e+05, 1.000006183524741e+05
2222, -3.179787953256540e-01, 4.237848355059890e-01, 1.199999961028544e+00, 1.449051836867742e+02, 1.449173264549545e+02, 2.674993824363900e+05, 9.999999545287210e+04
2223, -1.773249622757060e-01, 2.859371200401580e-01, 1.200001062228386e+00, 1.448923925689162e+02, 1.449383784901192e+02, 2.675006855441687e+05, 1.000001239168511e+05
2224, -1.101192493759420e-01, 2.371706706689880e-01, 1.200000486216080e+00, 1.449080562831395e+02, 1.449234660270646e+02, 2.675006162912941e+05, 1.000000567226791e+05
2225, -5.651768548771100e-02, 1.658091700486320e-01, 1.200000358711004e+00, 1.449121277455431e+02, 1.449183832344133e+02, 2.675004587955095e+05, 1.000000418495575e+05
2226, -8.403020867245820e-01, 3.414537787067400e-02, 1.199948077311555e+00, 1.448737524691037e+02, 1.444598473030423e+02, 2.674260435712142e+05, 9.999394029106206e+04
2227, -7.035007636967590e-01, 3.986976952449710e-01, 1.200001291279290e+00, 1.449020980636061e+02, 1.449090322903162e+02, 2.674983768257935e+05, 1.000001506514940e+05
2228, -1.618478381562330e-01, -1.388079486891780e-01, 1.199998277840683e+00, 1.450272847834990e+02, 1.451712535367550e+02, 2.675443587683502e+05, 9.999979907147358e+04
2229, -1.468941379585030e-01, -1.477697945349900e-01, 1.199994744662880e+00, 1.449764422017731e+02, 1.450537593199402e+02, 2.675230281139137e+05, 9.999938689868519e+04
2230, -6.299061872847640e-01, 4.482702726314230e-01, 1.200000989741717e+00, 1.449081969986885e+02, 1.449123168917355e+02, 2.674994263833752e+05, 1.000001154691687e+05
2231, -7.339762465060780e-01, -1.238246446023540e-01, 1.199858178171360e+00, 1.465459172477062e+02, 1.418661332968152e+02, 2.672948893195633e+05, 9.998351857593388e+04
2232, -4.256372897017340e-01, 4.842944977374350e-01, 1.200000245688989e+00, 1.449113570778976e+02, 1.449141739515806e+02, 2.674998260853796e+05, 1.000000286636130e+05
2233, -5.884118344025820e-01, -2.921645762066260e-01, 1.200097537713305e+00, 1.460863913810694e+02, 1.445408739098626e+02, 2.676242108870280e+05, 1.000113734425428e+05
2234, -1.039546723801930e-01, -2.189223068198650e-01, 1.200004279361986e+00, 1.449197874679168e+02, 1.449232625433179e+02, 2.675030593978151e+05, 1.000004992536637e+05
2235, -1.344578534163250e-01, 2.768231317684200e-01, 1.200000370090070e+00, 1.449077015586225e+02, 1.449221211668080e+02, 2.675003788562320e+05, 1.000000431723033e+05
2236, -2.033541624387820e-01, 3.141323896680610e-01, 1.199999477985888e+00, 1.448906598170294e+02, 1.449352643549598e+02, 2.674996612122345e+05, 9.999993908053453e+04
2237, -7.044382349555810e-01, -1.598825859255120e-01, 1.199919220426433e+00, 1.473166411564764e+02, 1.418732714464821e+02, 2.674069664377459e+05, 9.999061424875000e+04
2238, -3.566586483288400e-01, 4.627556947033680e-01, 1.199999727259192e+00, 1.449107608106167e+02, 1.449145544037176e+02, 2.674996563765120e+05, 9.999996818018411e+04
2239, -8.275173639555859e-01, -3.547236013232400e-02, 1.199967713571161e+00, 1.449886931966050e+02, 1.442971477533058e+02, 2.674257804223097e+05, 9.999622652789095e+04
2240, -6.490085924392430e-01, -2.490869252276110e-01, 1.200035916313628e+00, 1.464709364901350e+02, 1.439695173993179e+02, 2.675853441807541e+05, 1.000041885511012e+05
2241, -8.540872087578510e-01, 1.544347996603640e-01, 1.200028673799586e+00, 1.448757223401108e+02, 1.448341258023712e+02, 2.674937353141265e+05, 1.000033447629305e+05
2242, -3.000843309342600e-02, -1.151635139206150e-01, 1.199999631810508e+00, 1.449140624389476e+02, 1.449161865090938e+02, 2.675002257325972e+05, 9.999995704440968e+04
2243, -2.284621205373410e-01, 3.478137052234330e-01, 1.200000003222244e+00, 1.448970011745841e+02, 1.449268473321834e+02, 2.674995558845656e+05, 1.000000003681166e+05
2244, -6.216202792636600e-02, 2.259054481017470e-01, 1.199999797887780e+00, 1.449128542047400e+02, 1.449155677061433e+02, 2.675000511125914e+05, 9.999997641981483e+04
2245, -7.631022284294871e-01, 2.284912783203400e-02, 1.200057131288759e+00, 1.447221881486229e+02, 1.412237325429529e+02, 2.670527833878880e+05, 1.000066620578277e+05
2246, -3.127800472959790e-01, -3.505685163556720e-01, 1.199987171183261e+00, 1.449693941370158e+02, 1.449433076758518e+02, 2.675067316972492e+05, 9.999850318660181e+04
2247, -2.765098997889340e-01, 4.241554508699500e-01, 1.200000266905103e+00, 1.449103891160449e+02, 1.449154469420731e+02, 2.674998688009506e+05, 1.000000311379440e+05
2248, -7.959262551948000e-01, 3.280626971383740e-01, 1.200002853161609e+00, 1.449034476438441e+02, 1.449053177727189e+02, 2.674985240105133e+05, 1.000003328691387e+05
2249, -4.445238596714130e-01, -3.686206463434510e-01, 1.200032284334527e+00, 1.450802077812203e+02, 1.449394794643417e+02, 2.675321613328419e+05, 1.000037665369844e+05
2250, -8.683450151316301e-02, 2.671048692631240e-01, 1.200000435183575e+00, 1.449127373558486e+02, 1.449157094218795e+02, 2.675002306992673e+05, 1.000000507707575e+05
2251, -1.602303193864480e-01, 3.153646290676250e-01, 1.200000430470301e+00, 1.449083527534333e+02, 1.449198637561358e+02, 2.675002016017407e+05, 1.000000502169822e+05
2252, -2.243993956174900e-02, 1.784262485720180e-01, 1.200000040322001e+00, 1.449134925196900e+02, 1.449145918015612e+02, 2.675000775188918e+05, 1.000000047042247e+05
2253, -9.391958338566000e-02, 1.164484581897600e-01, 1.200002895165954e+00, 1.449023731358783e+02, 1.449566862080765e+02, 2.675046099761998e+05, 1.000003377797759e+05
2254, -2.589110521182580e-01, 3.764501906280480e-01, 1.199999595248926e+00, 1.448995553998206e+02, 1.449226104812947e+02, 2.674992395787260e+05, 9.999995277323267e+04
2255, -1.905989536393870e-01, 3.559474501429990e-01, 1.199999993502665e+00, 1.449094446319274e+02, 1.449174455288795e+02, 2.674999203426625e+05, 9.999999923880579e+04
2256, 1.741497808418800e-02, -2.416654637930900e-02, 1.199999530391057e+00, 1.449136717598771e+02, 1.449141776332000e+02, 2.674999078550560e+05, 9.999994521229053e+04
2257, -5.258017990066710e-01, 5.181733876528650e-01, 1.200000141893005e+00, 1.449132736851505e+02, 1.449138323026708e+02, 2.674999875173838e+05, 1.000000165541945e+05
2258, -7.591464880546460e-01, -1.646827361214140e-01, 1.199853483457985e+00, 1.455558504547892e+02, 1.438729501266647e+02, 2.674118323088493e+05, 9.998289189757522e+04
2259, -3.466777656602630e-01, 5.018137738486400e-01, 1.199999857626343e+00, 1.449134121091323e+02, 1.449138541023151e+02, 2.674999281005237e+05, 9.999998338971483e+04
2260, -4.654333939258970e-01, 4.093116523157260e-01, 1.199998242443985e+00, 1.448492585407240e+02, 1.449182887685427e+02, 2.674922705806309e+05, 9.999979496417021e+04
2261, -7.299769568984670e-01, 4.318222825087440e-01, 1.199999656776535e+00, 1.449119119863845e+02, 1.449128792481250e+02, 2.674995735680418e+05, 9.999995995719529e+04
2262, -6.117737941426220e-01, -3.271432310902960e-01, 1.200081646859122e+00, 1.452775942824237e+02, 1.447858778014953e+02, 2.675511672538411e+05, 1.000095222843363e+05
2263, -8.826856756162770e-01, 2.974368608974400e-02, 1.199948956330600e+00, 1.449017440476501e+02, 1.447915483075465e+02, 2.674696499642700e+05, 9.999404451247938e+04
2264, -1.797636167122970e-01, -2.023962312513930e-01, 1.199997572079531e+00, 1.450062744594361e+02, 1.450530490582207e+02, 2.675273300890579e+05, 9.999971673778018e+04
2265, -1.672816868310650e-01, -2.162050691872450e-01, 1.199993761175399e+00, 1.449623376394698e+02, 1.449859070563807e+02, 2.675128516185769e+05, 9.999927212729980e+04
2266, -5.384792132006730e-01, -2.783924611332050e-01, 1.200047340441584e+00, 1.472013300442009e+02, 1.445737981864066e+02, 2.677504824983391e+05, 1.000055037726321e+05
2267, -2.155872857978220e-01, -3.478739325756100e-01, 1.200003739005817e+00, 1.449227224310928e+02, 1.449220980997462e+02, 2.675031235673899e+05, 1.000004362412783e+05
2268, -7.093305610419210e-01, -2.066020631293150e-01, 1.200137218509937e+00, 1.461253777844433e+02, 1.437355848647005e+02, 2.675432139009913e+05, 1.000159954177234e+05
2269, -2.246062996933620e-01, 3.967328400350910e-01, 1.200000017045950e+00, 1.449110065977988e+02, 1.449156370283454e+02, 2.674998970898424e+05, 1.000000019872846e+05
2270, -6.988285084949990e-01, -2.695604977015320e-01, 1.199973854905679e+00, 1.453296892700499e+02, 1.446008254908356e+02, 2.675052837976147e+05, 9.999694134064636e+04
2271, -2.450059190386010e-01, 4.677863181759820e-01, 1.199999846160792e+00, 1.449135681298530e+02, 1.449138168371875e+02, 2.674999392648213e+05, 9.999998205212603e+04
2272, -6.684389098091301e-02, -2.504063137134780e-01, 1.200001961786707e+00, 1.449144982958291e+02, 1.449150488877545e+02, 2.675007865873065e+05, 1.000002288770732e+05
2273, -4.727965043784560e-01, 4.252300969090370e-01, 1.199998966587321e+00, 1.448771872554377e+02, 1.449155222974272e+02, 2.674955086531087e+05, 9.999987943614894e+04
2274, -9.901275250661000e-03, 2.768329312426700e-01, 1.200000155144998e+00, 1.449138468712651e+02, 1.449137380281568e+02, 2.675000490234114e+05, 1.000000181003236e+05
2275, -1.310545563589530e-01, 3.667052652375440e-01, 1.199999987595305e+00, 1.449134983936310e+02, 1.449140562967221e+02, 2.674999989496428e+05, 9.999999855265461e+04
2276, 2.953807083435300e-02, -1.383662462172150e-01, 1.199999137835969e+00, 1.449134025346567e+02, 1.449136080947391e+02, 2.674996977954942e+05, 9.999989941472089e+04
2277, -7.834996615062880e-01, -1.082919600686970e-01, 1.199965321787210e+00, 1.454047981431067e+02, 1.436773569828213e+02, 2.674011217276233e+05, 9.999595772219836e+04
2278, -8.469289673149279e-01, -1.090151564892470e-01, 1.199995659432247e+00, 1.449781518219013e+02, 1.447194257461238e+02, 2.674831127483884e+05, 9.999949035296973e+04
2279, 3.091390278894200e-02, 1.938369867636780e-01, 1.200000035534136e+00, 1.449137581420392e+02, 1.449138009697066e+02, 2.675000127668917e+05, 1.000000041456496e+05
2280, -1.603288347425280e-01, 4.253104124235810e-01, 1.199999883681050e+00, 1.449137551692164e+02, 1.449137272935629e+02, 2.674999614351700e+05, 9.999998642964817e+04
2281, -4.460574139350260e-01, -4.259529205482290e-01, 1.200003940781318e+00, 1.449356032489360e+02, 1.449175782189646e+02, 2.675041895072074e+05, 1.000004598671033e+05
2282, -9.625603447422600e-02, 3.218134346292790e-01, 1.200000059344962e+00, 1.449134562645759e+02, 1.449142415101709e+02, 2.675000361093263e+05, 1.000000069234076e+05
2283, -7.711943273921620e-01, 2.596506555264730e-01, 1.200001335907894e+00, 1.447983623965091e+02, 1.447901912250665e+02, 2.674715222000249e+05, 1.000001557886676e+05
2284, -3.366139122863410e-01, 5.622735569111520e-01, 1.199999964474637e+00, 1.449137872067869e+02, 1.449137574701666e+02, 2.674999913343348e+05, 9.999999585537991e+04
2285, -7.020016088206500e-02, 9.920219891786200e-02, 1.200000761679331e+00, 1.449093576834813e+02, 1.449346600907172e+02, 2.675022017154121e+05, 1.000000888564884e+05
2286, -5.346931708095530e-01, 5.837129822706890e-01, 1.200000329138447e+00, 1.449138543263464e+02, 1.449139143081297e+02, 2.675001194222054e+05, 1.000000383995554e+05
2287, -6.718947688388570e-01, -3.859177242657150e-01, 1.200029054612122e+00, 1.449305543981287e+02, 1.449111762296258e+02, 5.175182373183086e+05, 2.000067786593270e+05
2288, -8.166025798575240e-01, -2.394073732400620e-01, 1.199970925052745e+00, 1.449401495070972e+02, 1.448690424804031e+02, 2.674897250901766e+05, 9.999660604817189e+04
2289, -7.763424137641600e-01, 4.911971571443190e-01, 1.200000903031922e+00, 1.449137303043474e+02, 1.449143346134600e+02, 2.675003142267504e+05, 1.000001053572045e+05
2290, -1.441237701052740e-01, 5.553961547597840e-01, 1.199999970368890e+00, 1.449137863620524e+02, 1.449137428071492e+02, 2.674999910948275e+05, 9.999999654305566e+04
2291, -2.713819449241000e-03, 4.166054176404210e-01, 1.200000000689734e+00, 1.449138498524933e+02, 1.449136772171504e+02, 2.674999992428993e+05, 1.000000000805719e+05
2292, -1.699958064656800e-01, -4.442719164041940e-01, 1.199996724080837e+00, 1.449127135313782e+02, 1.449145066158644e+02, 2.674990543243994e+05, 9.999961782509617e+04
2293, 4.696662049917400e-02, -3.176954572230220e-01, 1.199999654742311e+00, 1.449135707135491e+02, 1.449137169633509e+02, 2.674998744777322e+05, 9.999995972024502e+04
2294, 1.799704619509730e-01, 2.366014906489730e-01, 1.200000040457678e+00, 1.449137763998469e+02, 1.449137604770255e+02, 2.675000114460138e+05, 1.000000047200657e+05
2295, -4.516354210038700e-01, -5.365372955807221e-01, 1.199999173458654e+00, 1.449138659535549e+02, 1.449142244663734e+02, 2.674998380873527e+05, 9.999990358037887e+04
2296, -4.391469782122360e-01, 7.216961087546440e-01, 1.200000012533902e+00, 1.449137748727105e+02, 1.449137756462135e+02, 2.675000053562338e+05, 1.000000014622913e+05
2297, -2.066774704989600e-02, 1.015321060040580e-01, 1.200000380580130e+00, 1.449133706097704e+02, 1.449159604029886e+02, 2.675003223526938e+05, 1.000000444009875e+05
2298, 1.145356811886600e-02, 9.656372349494000e-02, 1.200000135895110e+00, 1.449136686943881e+02, 1.449143935406719e+02, 2.675001013332843e+05, 1.000000158544167e+05
2299, 1.009665417950120e-01, 3.994790437113500e-02, 1.199999912153997e+00, 1.449137165177862e+02, 1.449137085491022e+02, 2.674999623928972e+05, 9.999998975131563e+04
2300, -9.828399283995400e-02, -6.211311573906499e-01, 1.199999509849105e+00, 1.449136180117030e+02, 1.449138523940491e+02, 2.674998563964028e+05, 9.999994281585998e+04
2301, 2.941591948502660e-01, 5.840351288440130e-01, 1.199999996823393e+00, 1.449137709627804e+02, 1.449137633753621e+02, 2.674999990490696e+05, 9.999999962938702e+04
2302, 5.517061067320340e-01, 1.327592350473960e-01, 1.200000769876099e+00, 1.449135589998740e+02, 1.449138155482802e+02, 2.675001939573316e+05, 1.000000898207402e+05
2303, 2.445426340229130e-01, -1.430026156336470e-01, 1.200000546785441e+00, 1.449136381194356e+02, 1.449139001778900e+02, 2.675001519136850e+05, 1.000000637920913e+05
