NDIME= 2
NELEM= 12168
9 3 118 156 41 0
9 41 156 157 40 1
9 40 157 158 39 2
9 39 158 159 38 3
9 38 159 160 37 4
9 37 160 161 36 5
9 36 161 162 35 6
9 35 162 163 34 7
9 34 163 164 33 8
9 33 164 165 32 9
9 32 165 166 31 10
9 31 166 167 30 11
9 30 167 168 29 12
9 29 168 169 28 13
9 28 169 170 27 14
9 27 170 171 26 15
9 26 171 172 25 16
9 25 172 173 24 17
9 24 173 174 23 18
9 23 174 175 22 19
9 22 175 176 21 20
9 21 176 177 20 21
9 20 177 178 19 22
9 19 178 179 18 23
9 18 179 180 17 24
9 17 180 181 16 25
9 16 181 182 15 26
9 15 182 183 14 27
9 14 183 184 13 28
9 13 184 185 12 29
9 12 185 186 11 30
9 11 186 187 10 31
9 10 187 188 9 32
9 9 188 189 8 33
9 8 189 190 7 34
9 7 190 191 6 35
9 6 191 192 5 36
9 5 192 193 4 37
9 4 193 80 0 38
9 118 119 194 156 39
9 156 194 195 157 40
9 157 195 196 158 41
9 158 196 197 159 42
9 159 197 198 160 43
9 160 198 199 161 44
9 161 199 200 162 45
9 162 200 201 163 46
9 163 201 202 164 47
9 164 202 203 165 48
9 165 203 204 166 49
9 166 204 205 167 50
9 167 205 206 168 51
9 168 206 207 169 52
9 169 207 208 170 53
9 170 208 209 171 54
9 171 209 210 172 55
9 172 210 211 173 56
9 173 211 212 174 57
9 174 212 213 175 58
9 175 213 214 176 59
9 176 214 215 177 60
9 177 215 216 178 61
9 178 216 217 179 62
9 179 217 218 180 63
9 180 218 219 181 64
9 181 219 220 182 65
9 182 220 221 183 66
9 183 221 222 184 67
9 184 222 223 185 68
9 185 223 224 186 69
9 186 224 225 187 70
9 187 225 226 188 71
9 188 226 227 189 72
9 189 227 228 190 73
9 190 228 229 191 74
9 191 229 230 192 75
9 192 230 231 193 76
9 193 231 81 80 77
9 119 120 232 194 78
9 194 232 233 195 79
9 195 233 234 196 80
9 196 234 235 197 81
9 197 235 236 198 82
9 198 236 237 199 83
9 199 237 238 200 84
9 200 238 239 201 85
9 201 239 240 202 86
9 202 240 241 203 87
9 203 241 242 204 88
9 204 242 243 205 89
9 205 243 244 206 90
9 206 244 245 207 91
9 207 245 246 208 92
9 208 246 247 209 93
9 209 247 248 210 94
9 210 248 249 211 95
9 211 249 250 212 96
9 212 250 251 213 97
9 213 251 252 214 98
9 214 252 253 215 99
9 215 253 254 216 100
9 216 254 255 217 101
9 217 255 256 218 102
9 218 256 257 219 103
9 219 257 258 220 104
9 220 258 259 221 105
9 221 259 260 222 106
9 222 260 261 223 107
9 223 261 262 224 108
9 224 262 263 225 109
9 225 263 264 226 110
9 226 264 265 227 111
9 227 265 266 228 112
9 228 266 267 229 113
9 229 267 268 230 114
9 230 268 269 231 115
9 231 269 82 81 116
9 120 121 270 232 117
9 232 270 271 233 118
9 233 271 272 234 119
9 234 272 273 235 120
9 235 273 274 236 121
9 236 274 275 237 122
9 237 275 276 238 123
9 238 276 277 239 124
9 239 277 278 240 125
9 240 278 279 241 126
9 241 279 280 242 127
9 242 280 281 243 128
9 243 281 282 244 129
9 244 282 283 245 130
9 245 283 284 246 131
9 246 284 285 247 132
9 247 285 286 248 133
9 248 286 287 249 134
9 249 287 288 250 135
9 250 288 289 251 136
9 251 289 290 252 137
9 252 290 291 253 138
9 253 291 292 254 139
9 254 292 293 255 140
9 255 293 294 256 141
9 256 294 295 257 142
9 257 295 296 258 143
9 258 296 297 259 144
9 259 297 298 260 145
9 260 298 299 261 146
9 261 299 300 262 147
9 262 300 301 263 148
9 263 301 302 264 149
9 264 302 303 265 150
9 265 303 304 266 151
9 266 304 305 267 152
9 267 305 306 268 153
9 268 306 307 269 154
9 269 307 83 82 155
9 121 122 308 270 156
9 270 308 309 271 157
9 271 309 310 272 158
9 272 310 311 273 159
9 273 311 312 274 160
9 274 312 313 275 161
9 275 313 314 276 162
9 276 314 315 277 163
9 277 315 316 278 164
9 278 316 317 279 165
9 279 317 318 280 166
9 280 318 319 281 167
9 281 319 320 282 168
9 282 320 321 283 169
9 283 321 322 284 170
9 284 322 323 285 171
9 285 323 324 286 172
9 286 324 325 287 173
9 287 325 326 288 174
9 288 326 327 289 175
9 289 327 328 290 176
9 290 328 329 291 177
9 291 329 330 292 178
9 292 330 331 293 179
9 293 331 332 294 180
9 294 332 333 295 181
9 295 333 334 296 182
9 296 334 335 297 183
9 297 335 336 298 184
9 298 336 337 299 185
9 299 337 338 300 186
9 300 338 339 301 187
9 301 339 340 302 188
9 302 340 341 303 189
9 303 341 342 304 190
9 304 342 343 305 191
9 305 343 344 306 192
9 306 344 345 307 193
9 307 345 84 83 194
9 122 123 346 308 195
9 308 346 347 309 196
9 309 347 348 310 197
9 310 348 349 311 198
9 311 349 350 312 199
9 312 350 351 313 200
9 313 351 352 314 201
9 314 352 353 315 202
9 315 353 354 316 203
9 316 354 355 317 204
9 317 355 356 318 205
9 318 356 357 319 206
9 319 357 358 320 207
9 320 358 359 321 208
9 321 359 360 322 209
9 322 360 361 323 210
9 323 361 362 324 211
9 324 362 363 325 212
9 325 363 364 326 213
9 326 364 365 327 214
9 327 365 366 328 215
9 328 366 367 329 216
9 329 367 368 330 217
9 330 368 369 331 218
9 331 369 370 332 219
9 332 370 371 333 220
9 333 371 372 334 221
9 334 372 373 335 222
9 335 373 374 336 223
9 336 374 375 337 224
9 337 375 376 338 225
9 338 376 377 339 226
9 339 377 378 340 227
9 340 378 379 341 228
9 341 379 380 342 229
9 342 380 381 343 230
9 343 381 382 344 231
9 344 382 383 345 232
9 345 383 85 84 233
9 123 124 384 346 234
9 346 384 385 347 235
9 347 385 386 348 236
9 348 386 387 349 237
9 349 387 388 350 238
9 350 388 389 351 239
9 351 389 390 352 240
9 352 390 391 353 241
9 353 391 392 354 242
9 354 392 393 355 243
9 355 393 394 356 244
9 356 394 395 357 245
9 357 395 396 358 246
9 358 396 397 359 247
9 359 397 398 360 248
9 360 398 399 361 249
9 361 399 400 362 250
9 362 400 401 363 251
9 363 401 402 364 252
9 364 402 403 365 253
9 365 403 404 366 254
9 366 404 405 367 255
9 367 405 406 368 256
9 368 406 407 369 257
9 369 407 408 370 258
9 370 408 409 371 259
9 371 409 410 372 260
9 372 410 411 373 261
9 373 411 412 374 262
9 374 412 413 375 263
9 375 413 414 376 264
9 376 414 415 377 265
9 377 415 416 378 266
9 378 416 417 379 267
9 379 417 418 380 268
9 380 418 419 381 269
9 381 419 420 382 270
9 382 420 421 383 271
9 383 421 86 85 272
9 124 125 422 384 273
9 384 422 423 385 274
9 385 423 424 386 275
9 386 424 425 387 276
9 387 425 426 388 277
9 388 426 427 389 278
9 389 427 428 390 279
9 390 428 429 391 280
9 391 429 430 392 281
9 392 430 431 393 282
9 393 431 432 394 283
9 394 432 433 395 284
9 395 433 434 396 285
9 396 434 435 397 286
9 397 435 436 398 287
9 398 436 437 399 288
9 399 437 438 400 289
9 400 438 439 401 290
9 401 439 440 402 291
9 402 440 441 403 292
9 403 441 442 404 293
9 404 442 443 405 294
9 405 443 444 406 295
9 406 444 445 407 296
9 407 445 446 408 297
9 408 446 447 409 298
9 409 447 448 410 299
9 410 448 449 411 300
9 411 449 450 412 301
9 412 450 451 413 302
9 413 451 452 414 303
9 414 452 453 415 304
9 415 453 454 416 305
9 416 454 455 417 306
9 417 455 456 418 307
9 418 456 457 419 308
9 419 457 458 420 309
9 420 458 459 421 310
9 421 459 87 86 311
9 125 126 460 422 312
9 422 460 461 423 313
9 423 461 462 424 314
9 424 462 463 425 315
9 425 463 464 426 316
9 426 464 465 427 317
9 427 465 466 428 318
9 428 466 467 429 319
9 429 467 468 430 320
9 430 468 469 431 321
9 431 469 470 432 322
9 432 470 471 433 323
9 433 471 472 434 324
9 434 472 473 435 325
9 435 473 474 436 326
9 436 474 475 437 327
9 437 475 476 438 328
9 438 476 477 439 329
9 439 477 478 440 330
9 440 478 479 441 331
9 441 479 480 442 332
9 442 480 481 443 333
9 443 481 482 444 334
9 444 482 483 445 335
9 445 483 484 446 336
9 446 484 485 447 337
9 447 485 486 448 338
9 448 486 487 449 339
9 449 487 488 450 340
9 450 488 489 451 341
9 451 489 490 452 342
9 452 490 491 453 343
9 453 491 492 454 344
9 454 492 493 455 345
9 455 493 494 456 346
9 456 494 495 457 347
9 457 495 496 458 348
9 458 496 497 459 349
9 459 497 88 87 350
9 126 127 498 460 351
9 460 498 499 461 352
9 461 499 500 462 353
9 462 500 501 463 354
9 463 501 502 464 355
9 464 502 503 465 356
9 465 503 504 466 357
9 466 504 505 467 358
9 467 505 506 468 359
9 468 506 507 469 360
9 469 507 508 470 361
9 470 508 509 471 362
9 471 509 510 472 363
9 472 510 511 473 364
9 473 511 512 474 365
9 474 512 513 475 366
9 475 513 514 476 367
9 476 514 515 477 368
9 477 515 516 478 369
9 478 516 517 479 370
9 479 517 518 480 371
9 480 518 519 481 372
9 481 519 520 482 373
9 482 520 521 483 374
9 483 521 522 484 375
9 484 522 523 485 376
9 485 523 524 486 377
9 486 524 525 487 378
9 487 525 526 488 379
9 488 526 527 489 380
9 489 527 528 490 381
9 490 528 529 491 382
9 491 529 530 492 383
9 492 530 531 493 384
9 493 531 532 494 385
9 494 532 533 495 386
9 495 533 534 496 387
9 496 534 535 497 388
9 497 535 89 88 389
9 127 128 536 498 390
9 498 536 537 499 391
9 499 537 538 500 392
9 500 538 539 501 393
9 501 539 540 502 394
9 502 540 541 503 395
9 503 541 542 504 396
9 504 542 543 505 397
9 505 543 544 506 398
9 506 544 545 507 399
9 507 545 546 508 400
9 508 546 547 509 401
9 509 547 548 510 402
9 510 548 549 511 403
9 511 549 550 512 404
9 512 550 551 513 405
9 513 551 552 514 406
9 514 552 553 515 407
9 515 553 554 516 408
9 516 554 555 517 409
9 517 555 556 518 410
9 518 556 557 519 411
9 519 557 558 520 412
9 520 558 559 521 413
9 521 559 560 522 414
9 522 560 561 523 415
9 523 561 562 524 416
9 524 562 563 525 417
9 525 563 564 526 418
9 526 564 565 527 419
9 527 565 566 528 420
9 528 566 567 529 421
9 529 567 568 530 422
9 530 568 569 531 423
9 531 569 570 532 424
9 532 570 571 533 425
9 533 571 572 534 426
9 534 572 573 535 427
9 535 573 90 89 428
9 128 129 574 536 429
9 536 574 575 537 430
9 537 575 576 538 431
9 538 576 577 539 432
9 539 577 578 540 433
9 540 578 579 541 434
9 541 579 580 542 435
9 542 580 581 543 436
9 543 581 582 544 437
9 544 582 583 545 438
9 545 583 584 546 439
9 546 584 585 547 440
9 547 585 586 548 441
9 548 586 587 549 442
9 549 587 588 550 443
9 550 588 589 551 444
9 551 589 590 552 445
9 552 590 591 553 446
9 553 591 592 554 447
9 554 592 593 555 448
9 555 593 594 556 449
9 556 594 595 557 450
9 557 595 596 558 451
9 558 596 597 559 452
9 559 597 598 560 453
9 560 598 599 561 454
9 561 599 600 562 455
9 562 600 601 563 456
9 563 601 602 564 457
9 564 602 603 565 458
9 565 603 604 566 459
9 566 604 605 567 460
9 567 605 606 568 461
9 568 606 607 569 462
9 569 607 608 570 463
9 570 608 609 571 464
9 571 609 610 572 465
9 572 610 611 573 466
9 573 611 91 90 467
9 129 130 612 574 468
9 574 612 613 575 469
9 575 613 614 576 470
9 576 614 615 577 471
9 577 615 616 578 472
9 578 616 617 579 473
9 579 617 618 580 474
9 580 618 619 581 475
9 581 619 620 582 476
9 582 620 621 583 477
9 583 621 622 584 478
9 584 622 623 585 479
9 585 623 624 586 480
9 586 624 625 587 481
9 587 625 626 588 482
9 588 626 627 589 483
9 589 627 628 590 484
9 590 628 629 591 485
9 591 629 630 592 486
9 592 630 631 593 487
9 593 631 632 594 488
9 594 632 633 595 489
9 595 633 634 596 490
9 596 634 635 597 491
9 597 635 636 598 492
9 598 636 637 599 493
9 599 637 638 600 494
9 600 638 639 601 495
9 601 639 640 602 496
9 602 640 641 603 497
9 603 641 642 604 498
9 604 642 643 605 499
9 605 643 644 606 500
9 606 644 645 607 501
9 607 645 646 608 502
9 608 646 647 609 503
9 609 647 648 610 504
9 610 648 649 611 505
9 611 649 92 91 506
9 130 131 650 612 507
9 612 650 651 613 508
9 613 651 652 614 509
9 614 652 653 615 510
9 615 653 654 616 511
9 616 654 655 617 512
9 617 655 656 618 513
9 618 656 657 619 514
9 619 657 658 620 515
9 620 658 659 621 516
9 621 659 660 622 517
9 622 660 661 623 518
9 623 661 662 624 519
9 624 662 663 625 520
9 625 663 664 626 521
9 626 664 665 627 522
9 627 665 666 628 523
9 628 666 667 629 524
9 629 667 668 630 525
9 630 668 669 631 526
9 631 669 670 632 527
9 632 670 671 633 528
9 633 671 672 634 529
9 634 672 673 635 530
9 635 673 674 636 531
9 636 674 675 637 532
9 637 675 676 638 533
9 638 676 677 639 534
9 639 677 678 640 535
9 640 678 679 641 536
9 641 679 680 642 537
9 642 680 681 643 538
9 643 681 682 644 539
9 644 682 683 645 540
9 645 683 684 646 541
9 646 684 685 647 542
9 647 685 686 648 543
9 648 686 687 649 544
9 649 687 93 92 545
9 131 132 688 650 546
9 650 688 689 651 547
9 651 689 690 652 548
9 652 690 691 653 549
9 653 691 692 654 550
9 654 692 693 655 551
9 655 693 694 656 552
9 656 694 695 657 553
9 657 695 696 658 554
9 658 696 697 659 555
9 659 697 698 660 556
9 660 698 699 661 557
9 661 699 700 662 558
9 662 700 701 663 559
9 663 701 702 664 560
9 664 702 703 665 561
9 665 703 704 666 562
9 666 704 705 667 563
9 667 705 706 668 564
9 668 706 707 669 565
9 669 707 708 670 566
9 670 708 709 671 567
9 671 709 710 672 568
9 672 710 711 673 569
9 673 711 712 674 570
9 674 712 713 675 571
9 675 713 714 676 572
9 676 714 715 677 573
9 677 715 716 678 574
9 678 716 717 679 575
9 679 717 718 680 576
9 680 718 719 681 577
9 681 719 720 682 578
9 682 720 721 683 579
9 683 721 722 684 580
9 684 722 723 685 581
9 685 723 724 686 582
9 686 724 725 687 583
9 687 725 94 93 584
9 132 133 726 688 585
9 688 726 727 689 586
9 689 727 728 690 587
9 690 728 729 691 588
9 691 729 730 692 589
9 692 730 731 693 590
9 693 731 732 694 591
9 694 732 733 695 592
9 695 733 734 696 593
9 696 734 735 697 594
9 697 735 736 698 595
9 698 736 737 699 596
9 699 737 738 700 597
9 700 738 739 701 598
9 701 739 740 702 599
9 702 740 741 703 600
9 703 741 742 704 601
9 704 742 743 705 602
9 705 743 744 706 603
9 706 744 745 707 604
9 707 745 746 708 605
9 708 746 747 709 606
9 709 747 748 710 607
9 710 748 749 711 608
9 711 749 750 712 609
9 712 750 751 713 610
9 713 751 752 714 611
9 714 752 753 715 612
9 715 753 754 716 613
9 716 754 755 717 614
9 717 755 756 718 615
9 718 756 757 719 616
9 719 757 758 720 617
9 720 758 759 721 618
9 721 759 760 722 619
9 722 760 761 723 620
9 723 761 762 724 621
9 724 762 763 725 622
9 725 763 95 94 623
9 133 134 764 726 624
9 726 764 765 727 625
9 727 765 766 728 626
9 728 766 767 729 627
9 729 767 768 730 628
9 730 768 769 731 629
9 731 769 770 732 630
9 732 770 771 733 631
9 733 771 772 734 632
9 734 772 773 735 633
9 735 773 774 736 634
9 736 774 775 737 635
9 737 775 776 738 636
9 738 776 777 739 637
9 739 777 778 740 638
9 740 778 779 741 639
9 741 779 780 742 640
9 742 780 781 743 641
9 743 781 782 744 642
9 744 782 783 745 643
9 745 783 784 746 644
9 746 784 785 747 645
9 747 785 786 748 646
9 748 786 787 749 647
9 749 787 788 750 648
9 750 788 789 751 649
9 751 789 790 752 650
9 752 790 791 753 651
9 753 791 792 754 652
9 754 792 793 755 653
9 755 793 794 756 654
9 756 794 795 757 655
9 757 795 796 758 656
9 758 796 797 759 657
9 759 797 798 760 658
9 760 798 799 761 659
9 761 799 800 762 660
9 762 800 801 763 661
9 763 801 96 95 662
9 134 135 802 764 663
9 764 802 803 765 664
9 765 803 804 766 665
9 766 804 805 767 666
9 767 805 806 768 667
9 768 806 807 769 668
9 769 807 808 770 669
9 770 808 809 771 670
9 771 809 810 772 671
9 772 810 811 773 672
9 773 811 812 774 673
9 774 812 813 775 674
9 775 813 814 776 675
9 776 814 815 777 676
9 777 815 816 778 677
9 778 816 817 779 678
9 779 817 818 780 679
9 780 818 819 781 680
9 781 819 820 782 681
9 782 820 821 783 682
9 783 821 822 784 683
9 784 822 823 785 684
9 785 823 824 786 685
9 786 824 825 787 686
9 787 825 826 788 687
9 788 826 827 789 688
9 789 827 828 790 689
9 790 828 829 791 690
9 791 829 830 792 691
9 792 830 831 793 692
9 793 831 832 794 693
9 794 832 833 795 694
9 795 833 834 796 695
9 796 834 835 797 696
9 797 835 836 798 697
9 798 836 837 799 698
9 799 837 838 800 699
9 800 838 839 801 700
9 801 839 97 96 701
9 135 136 840 802 702
9 802 840 841 803 703
9 803 841 842 804 704
9 804 842 843 805 705
9 805 843 844 806 706
9 806 844 845 807 707
9 807 845 846 808 708
9 808 846 847 809 709
9 809 847 848 810 710
9 810 848 849 811 711
9 811 849 850 812 712
9 812 850 851 813 713
9 813 851 852 814 714
9 814 852 853 815 715
9 815 853 854 816 716
9 816 854 855 817 717
9 817 855 856 818 718
9 818 856 857 819 719
9 819 857 858 820 720
9 820 858 859 821 721
9 821 859 860 822 722
9 822 860 861 823 723
9 823 861 862 824 724
9 824 862 863 825 725
9 825 863 864 826 726
9 826 864 865 827 727
9 827 865 866 828 728
9 828 866 867 829 729
9 829 867 868 830 730
9 830 868 869 831 731
9 831 869 870 832 732
9 832 870 871 833 733
9 833 871 872 834 734
9 834 872 873 835 735
9 835 873 874 836 736
9 836 874 875 837 737
9 837 875 876 838 738
9 838 876 877 839 739
9 839 877 98 97 740
9 136 137 878 840 741
9 840 878 879 841 742
9 841 879 880 842 743
9 842 880 881 843 744
9 843 881 882 844 745
9 844 882 883 845 746
9 845 883 884 846 747
9 846 884 885 847 748
9 847 885 886 848 749
9 848 886 887 849 750
9 849 887 888 850 751
9 850 888 889 851 752
9 851 889 890 852 753
9 852 890 891 853 754
9 853 891 892 854 755
9 854 892 893 855 756
9 855 893 894 856 757
9 856 894 895 857 758
9 857 895 896 858 759
9 858 896 897 859 760
9 859 897 898 860 761
9 860 898 899 861 762
9 861 899 900 862 763
9 862 900 901 863 764
9 863 901 902 864 765
9 864 902 903 865 766
9 865 903 904 866 767
9 866 904 905 867 768
9 867 905 906 868 769
9 868 906 907 869 770
9 869 907 908 870 771
9 870 908 909 871 772
9 871 909 910 872 773
9 872 910 911 873 774
9 873 911 912 874 775
9 874 912 913 875 776
9 875 913 914 876 777
9 876 914 915 877 778
9 877 915 99 98 779
9 137 138 916 878 780
9 878 916 917 879 781
9 879 917 918 880 782
9 880 918 919 881 783
9 881 919 920 882 784
9 882 920 921 883 785
9 883 921 922 884 786
9 884 922 923 885 787
9 885 923 924 886 788
9 886 924 925 887 789
9 887 925 926 888 790
9 888 926 927 889 791
9 889 927 928 890 792
9 890 928 929 891 793
9 891 929 930 892 794
9 892 930 931 893 795
9 893 931 932 894 796
9 894 932 933 895 797
9 895 933 934 896 798
9 896 934 935 897 799
9 897 935 936 898 800
9 898 936 937 899 801
9 899 937 938 900 802
9 900 938 939 901 803
9 901 939 940 902 804
9 902 940 941 903 805
9 903 941 942 904 806
9 904 942 943 905 807
9 905 943 944 906 808
9 906 944 945 907 809
9 907 945 946 908 810
9 908 946 947 909 811
9 909 947 948 910 812
9 910 948 949 911 813
9 911 949 950 912 814
9 912 950 951 913 815
9 913 951 952 914 816
9 914 952 953 915 817
9 915 953 100 99 818
9 138 139 954 916 819
9 916 954 955 917 820
9 917 955 956 918 821
9 918 956 957 919 822
9 919 957 958 920 823
9 920 958 959 921 824
9 921 959 960 922 825
9 922 960 961 923 826
9 923 961 962 924 827
9 924 962 963 925 828
9 925 963 964 926 829
9 926 964 965 927 830
9 927 965 966 928 831
9 928 966 967 929 832
9 929 967 968 930 833
9 930 968 969 931 834
9 931 969 970 932 835
9 932 970 971 933 836
9 933 971 972 934 837
9 934 972 973 935 838
9 935 973 974 936 839
9 936 974 975 937 840
9 937 975 976 938 841
9 938 976 977 939 842
9 939 977 978 940 843
9 940 978 979 941 844
9 941 979 980 942 845
9 942 980 981 943 846
9 943 981 982 944 847
9 944 982 983 945 848
9 945 983 984 946 849
9 946 984 985 947 850
9 947 985 986 948 851
9 948 986 987 949 852
9 949 987 988 950 853
9 950 988 989 951 854
9 951 989 990 952 855
9 952 990 991 953 856
9 953 991 101 100 857
9 139 140 992 954 858
9 954 992 993 955 859
9 955 993 994 956 860
9 956 994 995 957 861
9 957 995 996 958 862
9 958 996 997 959 863
9 959 997 998 960 864
9 960 998 999 961 865
9 961 999 1000 962 866
9 962 1000 1001 963 867
9 963 1001 1002 964 868
9 964 1002 1003 965 869
9 965 1003 1004 966 870
9 966 1004 1005 967 871
9 967 1005 1006 968 872
9 968 1006 1007 969 873
9 969 1007 1008 970 874
9 970 1008 1009 971 875
9 971 1009 1010 972 876
9 972 1010 1011 973 877
9 973 1011 1012 974 878
9 974 1012 1013 975 879
9 975 1013 1014 976 880
9 976 1014 1015 977 881
9 977 1015 1016 978 882
9 978 1016 1017 979 883
9 979 1017 1018 980 884
9 980 1018 1019 981 885
9 981 1019 1020 982 886
9 982 1020 1021 983 887
9 983 1021 1022 984 888
9 984 1022 1023 985 889
9 985 1023 1024 986 890
9 986 1024 1025 987 891
9 987 1025 1026 988 892
9 988 1026 1027 989 893
9 989 1027 1028 990 894
9 990 1028 1029 991 895
9 991 1029 102 101 896
9 140 141 1030 992 897
9 992 1030 1031 993 898
9 993 1031 1032 994 899
9 994 1032 1033 995 900
9 995 1033 1034 996 901
9 996 1034 1035 997 902
9 997 1035 1036 998 903
9 998 1036 1037 999 904
9 999 1037 1038 1000 905
9 1000 1038 1039 1001 906
9 1001 1039 1040 1002 907
9 1002 1040 1041 1003 908
9 1003 1041 1042 1004 909
9 1004 1042 1043 1005 910
9 1005 1043 1044 1006 911
9 1006 1044 1045 1007 912
9 1007 1045 1046 1008 913
9 1008 1046 1047 1009 914
9 1009 1047 1048 1010 915
9 1010 1048 1049 1011 916
9 1011 1049 1050 1012 917
9 1012 1050 1051 1013 918
9 1013 1051 1052 1014 919
9 1014 1052 1053 1015 920
9 1015 1053 1054 1016 921
9 1016 1054 1055 1017 922
9 1017 1055 1056 1018 923
9 1018 1056 1057 1019 924
9 1019 1057 1058 1020 925
9 1020 1058 1059 1021 926
9 1021 1059 1060 1022 927
9 1022 1060 1061 1023 928
9 1023 1061 1062 1024 929
9 1024 1062 1063 1025 930
9 1025 1063 1064 1026 931
9 1026 1064 1065 1027 932
9 1027 1065 1066 1028 933
9 1028 1066 1067 1029 934
9 1029 1067 103 102 935
9 141 142 1068 1030 936
9 1030 1068 1069 1031 937
9 1031 1069 1070 1032 938
9 1032 1070 1071 1033 939
9 1033 1071 1072 1034 940
9 1034 1072 1073 1035 941
9 1035 1073 1074 1036 942
9 1036 1074 1075 1037 943
9 1037 1075 1076 1038 944
9 1038 1076 1077 1039 945
9 1039 1077 1078 1040 946
9 1040 1078 1079 1041 947
9 1041 1079 1080 1042 948
9 1042 1080 1081 1043 949
9 1043 1081 1082 1044 950
9 1044 1082 1083 1045 951
9 1045 1083 1084 1046 952
9 1046 1084 1085 1047 953
9 1047 1085 1086 1048 954
9 1048 1086 1087 1049 955
9 1049 1087 1088 1050 956
9 1050 1088 1089 1051 957
9 1051 1089 1090 1052 958
9 1052 1090 1091 1053 959
9 1053 1091 1092 1054 960
9 1054 1092 1093 1055 961
9 1055 1093 1094 1056 962
9 1056 1094 1095 1057 963
9 1057 1095 1096 1058 964
9 1058 1096 1097 1059 965
9 1059 1097 1098 1060 966
9 1060 1098 1099 1061 967
9 1061 1099 1100 1062 968
9 1062 1100 1101 1063 969
9 1063 1101 1102 1064 970
9 1064 1102 1103 1065 971
9 1065 1103 1104 1066 972
9 1066 1104 1105 1067 973
9 1067 1105 104 103 974
9 142 143 1106 1068 975
9 1068 1106 1107 1069 976
9 1069 1107 1108 1070 977
9 1070 1108 1109 1071 978
9 1071 1109 1110 1072 979
9 1072 1110 1111 1073 980
9 1073 1111 1112 1074 981
9 1074 1112 1113 1075 982
9 1075 1113 1114 1076 983
9 1076 1114 1115 1077 984
9 1077 1115 1116 1078 985
9 1078 1116 1117 1079 986
9 1079 1117 1118 1080 987
9 1080 1118 1119 1081 988
9 1081 1119 1120 1082 989
9 1082 1120 1121 1083 990
9 1083 1121 1122 1084 991
9 1084 1122 1123 1085 992
9 1085 1123 1124 1086 993
9 1086 1124 1125 1087 994
9 1087 1125 1126 1088 995
9 1088 1126 1127 1089 996
9 1089 1127 1128 1090 997
9 1090 1128 1129 1091 998
9 1091 1129 1130 1092 999
9 1092 1130 1131 1093 1000
9 1093 1131 1132 1094 1001
9 1094 1132 1133 1095 1002
9 1095 1133 1134 1096 1003
9 1096 1134 1135 1097 1004
9 1097 1135 1136 1098 1005
9 1098 1136 1137 1099 1006
9 1099 1137 1138 1100 1007
9 1100 1138 1139 1101 1008
9 1101 1139 1140 1102 1009
9 1102 1140 1141 1103 1010
9 1103 1141 1142 1104 1011
9 1104 1142 1143 1105 1012
9 1105 1143 105 104 1013
9 143 144 1144 1106 1014
9 1106 1144 1145 1107 1015
9 1107 1145 1146 1108 1016
9 1108 1146 1147 1109 1017
9 1109 1147 1148 1110 1018
9 1110 1148 1149 1111 1019
9 1111 1149 1150 1112 1020
9 1112 1150 1151 1113 1021
9 1113 1151 1152 1114 1022
9 1114 1152 1153 1115 1023
9 1115 1153 1154 1116 1024
9 1116 1154 1155 1117 1025
9 1117 1155 1156 1118 1026
9 1118 1156 1157 1119 1027
9 1119 1157 1158 1120 1028
9 1120 1158 1159 1121 1029
9 1121 1159 1160 1122 1030
9 1122 1160 1161 1123 1031
9 1123 1161 1162 1124 1032
9 1124 1162 1163 1125 1033
9 1125 1163 1164 1126 1034
9 1126 1164 1165 1127 1035
9 1127 1165 1166 1128 1036
9 1128 1166 1167 1129 1037
9 1129 1167 1168 1130 1038
9 1130 1168 1169 1131 1039
9 1131 1169 1170 1132 1040
9 1132 1170 1171 1133 1041
9 1133 1171 1172 1134 1042
9 1134 1172 1173 1135 1043
9 1135 1173 1174 1136 1044
9 1136 1174 1175 1137 1045
9 1137 1175 1176 1138 1046
9 1138 1176 1177 1139 1047
9 1139 1177 1178 1140 1048
9 1140 1178 1179 1141 1049
9 1141 1179 1180 1142 1050
9 1142 1180 1181 1143 1051
9 1143 1181 106 105 1052
9 144 145 1182 1144 1053
9 1144 1182 1183 1145 1054
9 1145 1183 1184 1146 1055
9 1146 1184 1185 1147 1056
9 1147 1185 1186 1148 1057
9 1148 1186 1187 1149 1058
9 1149 1187 1188 1150 1059
9 1150 1188 1189 1151 1060
9 1151 1189 1190 1152 1061
9 1152 1190 1191 1153 1062
9 1153 1191 1192 1154 1063
9 1154 1192 1193 1155 1064
9 1155 1193 1194 1156 1065
9 1156 1194 1195 1157 1066
9 1157 1195 1196 1158 1067
9 1158 1196 1197 1159 1068
9 1159 1197 1198 1160 1069
9 1160 1198 1199 1161 1070
9 1161 1199 1200 1162 1071
9 1162 1200 1201 1163 1072
9 1163 1201 1202 1164 1073
9 1164 1202 1203 1165 1074
9 1165 1203 1204 1166 1075
9 1166 1204 1205 1167 1076
9 1167 1205 1206 1168 1077
9 1168 1206 1207 1169 1078
9 1169 1207 1208 1170 1079
9 1170 1208 1209 1171 1080
9 1171 1209 1210 1172 1081
9 1172 1210 1211 1173 1082
9 1173 1211 1212 1174 1083
9 1174 1212 1213 1175 1084
9 1175 1213 1214 1176 1085
9 1176 1214 1215 1177 1086
9 1177 1215 1216 1178 1087
9 1178 1216 1217 1179 1088
9 1179 1217 1218 1180 1089
9 1180 1218 1219 1181 1090
9 1181 1219 107 106 1091
9 145 146 1220 1182 1092
9 1182 1220 1221 1183 1093
9 1183 1221 1222 1184 1094
9 1184 1222 1223 1185 1095
9 1185 1223 1224 1186 1096
9 1186 1224 1225 1187 1097
9 1187 1225 1226 1188 1098
9 1188 1226 1227 1189 1099
9 1189 1227 1228 1190 1100
9 1190 1228 1229 1191 1101
9 1191 1229 1230 1192 1102
9 1192 1230 1231 1193 1103
9 1193 1231 1232 1194 1104
9 1194 1232 1233 1195 1105
9 1195 1233 1234 1196 1106
9 1196 1234 1235 1197 1107
9 1197 1235 1236 1198 1108
9 1198 1236 1237 1199 1109
9 1199 1237 1238 1200 1110
9 1200 1238 1239 1201 1111
9 1201 1239 1240 1202 1112
9 1202 1240 1241 1203 1113
9 1203 1241 1242 1204 1114
9 1204 1242 1243 1205 1115
9 1205 1243 1244 1206 1116
9 1206 1244 1245 1207 1117
9 1207 1245 1246 1208 1118
9 1208 1246 1247 1209 1119
9 1209 1247 1248 1210 1120
9 1210 1248 1249 1211 1121
9 1211 1249 1250 1212 1122
9 1212 1250 1251 1213 1123
9 1213 1251 1252 1214 1124
9 1214 1252 1253 1215 1125
9 1215 1253 1254 1216 1126
9 1216 1254 1255 1217 1127
9 1217 1255 1256 1218 1128
9 1218 1256 1257 1219 1129
9 1219 1257 108 107 1130
9 146 147 1258 1220 1131
9 1220 1258 1259 1221 1132
9 1221 1259 1260 1222 1133
9 1222 1260 1261 1223 1134
9 1223 1261 1262 1224 1135
9 1224 1262 1263 1225 1136
9 1225 1263 1264 1226 1137
9 1226 1264 1265 1227 1138
9 1227 1265 1266 1228 1139
9 1228 1266 1267 1229 1140
9 1229 1267 1268 1230 1141
9 1230 1268 1269 1231 1142
9 1231 1269 1270 1232 1143
9 1232 1270 1271 1233 1144
9 1233 1271 1272 1234 1145
9 1234 1272 1273 1235 1146
9 1235 1273 1274 1236 1147
9 1236 1274 1275 1237 1148
9 1237 1275 1276 1238 1149
9 1238 1276 1277 1239 1150
9 1239 1277 1278 1240 1151
9 1240 1278 1279 1241 1152
9 1241 1279 1280 1242 1153
9 1242 1280 1281 1243 1154
9 1243 1281 1282 1244 1155
9 1244 1282 1283 1245 1156
9 1245 1283 1284 1246 1157
9 1246 1284 1285 1247 1158
9 1247 1285 1286 1248 1159
9 1248 1286 1287 1249 1160
9 1249 1287 1288 1250 1161
9 1250 1288 1289 1251 1162
9 1251 1289 1290 1252 1163
9 1252 1290 1291 1253 1164
9 1253 1291 1292 1254 1165
9 1254 1292 1293 1255 1166
9 1255 1293 1294 1256 1167
9 1256 1294 1295 1257 1168
9 1257 1295 109 108 1169
9 147 148 1296 1258 1170
9 1258 1296 1297 1259 1171
9 1259 1297 1298 1260 1172
9 1260 1298 1299 1261 1173
9 1261 1299 1300 1262 1174
9 1262 1300 1301 1263 1175
9 1263 1301 1302 1264 1176
9 1264 1302 1303 1265 1177
9 1265 1303 1304 1266 1178
9 1266 1304 1305 1267 1179
9 1267 1305 1306 1268 1180
9 1268 1306 1307 1269 1181
9 1269 1307 1308 1270 1182
9 1270 1308 1309 1271 1183
9 1271 1309 1310 1272 1184
9 1272 1310 1311 1273 1185
9 1273 1311 1312 1274 1186
9 1274 1312 1313 1275 1187
9 1275 1313 1314 1276 1188
9 1276 1314 1315 1277 1189
9 1277 1315 1316 1278 1190
9 1278 1316 1317 1279 1191
9 1279 1317 1318 1280 1192
9 1280 1318 1319 1281 1193
9 1281 1319 1320 1282 1194
9 1282 1320 1321 1283 1195
9 1283 1321 1322 1284 1196
9 1284 1322 1323 1285 1197
9 1285 1323 1324 1286 1198
9 1286 1324 1325 1287 1199
9 1287 1325 1326 1288 1200
9 1288 1326 1327 1289 1201
9 1289 1327 1328 1290 1202
9 1290 1328 1329 1291 1203
9 1291 1329 1330 1292 1204
9 1292 1330 1331 1293 1205
9 1293 1331 1332 1294 1206
9 1294 1332 1333 1295 1207
9 1295 1333 110 109 1208
9 148 149 1334 1296 1209
9 1296 1334 1335 1297 1210
9 1297 1335 1336 1298 1211
9 1298 1336 1337 1299 1212
9 1299 1337 1338 1300 1213
9 1300 1338 1339 1301 1214
9 1301 1339 1340 1302 1215
9 1302 1340 1341 1303 1216
9 1303 1341 1342 1304 1217
9 1304 1342 1343 1305 1218
9 1305 1343 1344 1306 1219
9 1306 1344 1345 1307 1220
9 1307 1345 1346 1308 1221
9 1308 1346 1347 1309 1222
9 1309 1347 1348 1310 1223
9 1310 1348 1349 1311 1224
9 1311 1349 1350 1312 1225
9 1312 1350 1351 1313 1226
9 1313 1351 1352 1314 1227
9 1314 1352 1353 1315 1228
9 1315 1353 1354 1316 1229
9 1316 1354 1355 1317 1230
9 1317 1355 1356 1318 1231
9 1318 1356 1357 1319 1232
9 1319 1357 1358 1320 1233
9 1320 1358 1359 1321 1234
9 1321 1359 1360 1322 1235
9 1322 1360 1361 1323 1236
9 1323 1361 1362 1324 1237
9 1324 1362 1363 1325 1238
9 1325 1363 1364 1326 1239
9 1326 1364 1365 1327 1240
9 1327 1365 1366 1328 1241
9 1328 1366 1367 1329 1242
9 1329 1367 1368 1330 1243
9 1330 1368 1369 1331 1244
9 1331 1369 1370 1332 1245
9 1332 1370 1371 1333 1246
9 1333 1371 111 110 1247
9 149 150 1372 1334 1248
9 1334 1372 1373 1335 1249
9 1335 1373 1374 1336 1250
9 1336 1374 1375 1337 1251
9 1337 1375 1376 1338 1252
9 1338 1376 1377 1339 1253
9 1339 1377 1378 1340 1254
9 1340 1378 1379 1341 1255
9 1341 1379 1380 1342 1256
9 1342 1380 1381 1343 1257
9 1343 1381 1382 1344 1258
9 1344 1382 1383 1345 1259
9 1345 1383 1384 1346 1260
9 1346 1384 1385 1347 1261
9 1347 1385 1386 1348 1262
9 1348 1386 1387 1349 1263
9 1349 1387 1388 1350 1264
9 1350 1388 1389 1351 1265
9 1351 1389 1390 1352 1266
9 1352 1390 1391 1353 1267
9 1353 1391 1392 1354 1268
9 1354 1392 1393 1355 1269
9 1355 1393 1394 1356 1270
9 1356 1394 1395 1357 1271
9 1357 1395 1396 1358 1272
9 1358 1396 1397 1359 1273
9 1359 1397 1398 1360 1274
9 1360 1398 1399 1361 1275
9 1361 1399 1400 1362 1276
9 1362 1400 1401 1363 1277
9 1363 1401 1402 1364 1278
9 1364 1402 1403 1365 1279
9 1365 1403 1404 1366 1280
9 1366 1404 1405 1367 1281
9 1367 1405 1406 1368 1282
9 1368 1406 1407 1369 1283
9 1369 1407 1408 1370 1284
9 1370 1408 1409 1371 1285
9 1371 1409 112 111 1286
9 150 151 1410 1372 1287
9 1372 1410 1411 1373 1288
9 1373 1411 1412 1374 1289
9 1374 1412 1413 1375 1290
9 1375 1413 1414 1376 1291
9 1376 1414 1415 1377 1292
9 1377 1415 1416 1378 1293
9 1378 1416 1417 1379 1294
9 1379 1417 1418 1380 1295
9 1380 1418 1419 1381 1296
9 1381 1419 1420 1382 1297
9 1382 1420 1421 1383 1298
9 1383 1421 1422 1384 1299
9 1384 1422 1423 1385 1300
9 1385 1423 1424 1386 1301
9 1386 1424 1425 1387 1302
9 1387 1425 1426 1388 1303
9 1388 1426 1427 1389 1304
9 1389 1427 1428 1390 1305
9 1390 1428 1429 1391 1306
9 1391 1429 1430 1392 1307
9 1392 1430 1431 1393 1308
9 1393 1431 1432 1394 1309
9 1394 1432 1433 1395 1310
9 1395 1433 1434 1396 1311
9 1396 1434 1435 1397 1312
9 1397 1435 1436 1398 1313
9 1398 1436 1437 1399 1314
9 1399 1437 1438 1400 1315
9 1400 1438 1439 1401 1316
9 1401 1439 1440 1402 1317
9 1402 1440 1441 1403 1318
9 1403 1441 1442 1404 1319
9 1404 1442 1443 1405 1320
9 1405 1443 1444 1406 1321
9 1406 1444 1445 1407 1322
9 1407 1445 1446 1408 1323
9 1408 1446 1447 1409 1324
9 1409 1447 113 112 1325
9 151 152 1448 1410 1326
9 1410 1448 1449 1411 1327
9 1411 1449 1450 1412 1328
9 1412 1450 1451 1413 1329
9 1413 1451 1452 1414 1330
9 1414 1452 1453 1415 1331
9 1415 1453 1454 1416 1332
9 1416 1454 1455 1417 1333
9 1417 1455 1456 1418 1334
9 1418 1456 1457 1419 1335
9 1419 1457 1458 1420 1336
9 1420 1458 1459 1421 1337
9 1421 1459 1460 1422 1338
9 1422 1460 1461 1423 1339
9 1423 1461 1462 1424 1340
9 1424 1462 1463 1425 1341
9 1425 1463 1464 1426 1342
9 1426 1464 1465 1427 1343
9 1427 1465 1466 1428 1344
9 1428 1466 1467 1429 1345
9 1429 1467 1468 1430 1346
9 1430 1468 1469 1431 1347
9 1431 1469 1470 1432 1348
9 1432 1470 1471 1433 1349
9 1433 1471 1472 1434 1350
9 1434 1472 1473 1435 1351
9 1435 1473 1474 1436 1352
9 1436 1474 1475 1437 1353
9 1437 1475 1476 1438 1354
9 1438 1476 1477 1439 1355
9 1439 1477 1478 1440 1356
9 1440 1478 1479 1441 1357
9 1441 1479 1480 1442 1358
9 1442 1480 1481 1443 1359
9 1443 1481 1482 1444 1360
9 1444 1482 1483 1445 1361
9 1445 1483 1484 1446 1362
9 1446 1484 1485 1447 1363
9 1447 1485 114 113 1364
9 152 153 1486 1448 1365
9 1448 1486 1487 1449 1366
9 1449 1487 1488 1450 1367
9 1450 1488 1489 1451 1368
9 1451 1489 1490 1452 1369
9 1452 1490 1491 1453 1370
9 1453 1491 1492 1454 1371
9 1454 1492 1493 1455 1372
9 1455 1493 1494 1456 1373
9 1456 1494 1495 1457 1374
9 1457 1495 1496 1458 1375
9 1458 1496 1497 1459 1376
9 1459 1497 1498 1460 1377
9 1460 1498 1499 1461 1378
9 1461 1499 1500 1462 1379
9 1462 1500 1501 1463 1380
9 1463 1501 1502 1464 1381
9 1464 1502 1503 1465 1382
9 1465 1503 1504 1466 1383
9 1466 1504 1505 1467 1384
9 1467 1505 1506 1468 1385
9 1468 1506 1507 1469 1386
9 1469 1507 1508 1470 1387
9 1470 1508 1509 1471 1388
9 1471 1509 1510 1472 1389
9 1472 1510 1511 1473 1390
9 1473 1511 1512 1474 1391
9 1474 1512 1513 1475 1392
9 1475 1513 1514 1476 1393
9 1476 1514 1515 1477 1394
9 1477 1515 1516 1478 1395
9 1478 1516 1517 1479 1396
9 1479 1517 1518 1480 1397
9 1480 1518 1519 1481 1398
9 1481 1519 1520 1482 1399
9 1482 1520 1521 1483 1400
9 1483 1521 1522 1484 1401
9 1484 1522 1523 1485 1402
9 1485 1523 115 114 1403
9 153 154 1524 1486 1404
9 1486 1524 1525 1487 1405
9 1487 1525 1526 1488 1406
9 1488 1526 1527 1489 1407
9 1489 1527 1528 1490 1408
9 1490 1528 1529 1491 1409
9 1491 1529 1530 1492 1410
9 1492 1530 1531 1493 1411
9 1493 1531 1532 1494 1412
9 1494 1532 1533 1495 1413
9 1495 1533 1534 1496 1414
9 1496 1534 1535 1497 1415
9 1497 1535 1536 1498 1416
9 1498 1536 1537 1499 1417
9 1499 1537 1538 1500 1418
9 1500 1538 1539 1501 1419
9 1501 1539 1540 1502 1420
9 1502 1540 1541 1503 1421
9 1503 1541 1542 1504 1422
9 1504 1542 1543 1505 1423
9 1505 1543 1544 1506 1424
9 1506 1544 1545 1507 1425
9 1507 1545 1546 1508 1426
9 1508 1546 1547 1509 1427
9 1509 1547 1548 1510 1428
9 1510 1548 1549 1511 1429
9 1511 1549 1550 1512 1430
9 1512 1550 1551 1513 1431
9 1513 1551 1552 1514 1432
9 1514 1552 1553 1515 1433
9 1515 1553 1554 1516 1434
9 1516 1554 1555 1517 1435
9 1517 1555 1556 1518 1436
9 1518 1556 1557 1519 1437
9 1519 1557 1558 1520 1438
9 1520 1558 1559 1521 1439
9 1521 1559 1560 1522 1440
9 1522 1560 1561 1523 1441
9 1523 1561 116 115 1442
9 154 155 1562 1524 1443
9 1524 1562 1563 1525 1444
9 1525 1563 1564 1526 1445
9 1526 1564 1565 1527 1446
9 1527 1565 1566 1528 1447
9 1528 1566 1567 1529 1448
9 1529 1567 1568 1530 1449
9 1530 1568 1569 1531 1450
9 1531 1569 1570 1532 1451
9 1532 1570 1571 1533 1452
9 1533 1571 1572 1534 1453
9 1534 1572 1573 1535 1454
9 1535 1573 1574 1536 1455
9 1536 1574 1575 1537 1456
9 1537 1575 1576 1538 1457
9 1538 1576 1577 1539 1458
9 1539 1577 1578 1540 1459
9 1540 1578 1579 1541 1460
9 1541 1579 1580 1542 1461
9 1542 1580 1581 1543 1462
9 1543 1581 1582 1544 1463
9 1544 1582 1583 1545 1464
9 1545 1583 1584 1546 1465
9 1546 1584 1585 1547 1466
9 1547 1585 1586 1548 1467
9 1548 1586 1587 1549 1468
9 1549 1587 1588 1550 1469
9 1550 1588 1589 1551 1470
9 1551 1589 1590 1552 1471
9 1552 1590 1591 1553 1472
9 1553 1591 1592 1554 1473
9 1554 1592 1593 1555 1474
9 1555 1593 1594 1556 1475
9 1556 1594 1595 1557 1476
9 1557 1595 1596 1558 1477
9 1558 1596 1597 1559 1478
9 1559 1597 1598 1560 1479
9 1560 1598 1599 1561 1480
9 1561 1599 117 116 1481
9 155 2 79 1562 1482
9 1562 79 78 1563 1483
9 1563 78 77 1564 1484
9 1564 77 76 1565 1485
9 1565 76 75 1566 1486
9 1566 75 74 1567 1487
9 1567 74 73 1568 1488
9 1568 73 72 1569 1489
9 1569 72 71 1570 1490
9 1570 71 70 1571 1491
9 1571 70 69 1572 1492
9 1572 69 68 1573 1493
9 1573 68 67 1574 1494
9 1574 67 66 1575 1495
9 1575 66 65 1576 1496
9 1576 65 64 1577 1497
9 1577 64 63 1578 1498
9 1578 63 62 1579 1499
9 1579 62 61 1580 1500
9 1580 61 60 1581 1501
9 1581 60 59 1582 1502
9 1582 59 58 1583 1503
9 1583 58 57 1584 1504
9 1584 57 56 1585 1505
9 1585 56 55 1586 1506
9 1586 55 54 1587 1507
9 1587 54 53 1588 1508
9 1588 53 52 1589 1509
9 1589 52 51 1590 1510
9 1590 51 50 1591 1511
9 1591 50 49 1592 1512
9 1592 49 48 1593 1513
9 1593 48 47 1594 1514
9 1594 47 46 1595 1515
9 1595 46 45 1596 1516
9 1596 45 44 1597 1517
9 1597 44 43 1598 1518
9 1598 43 42 1599 1519
9 1599 42 1 117 1520
9 1601 1678 1716 1639 1521
9 1639 1716 1717 1638 1522
9 1638 1717 1718 1637 1523
9 1637 1718 1719 1636 1524
9 1636 1719 1720 1635 1525
9 1635 1720 1721 1634 1526
9 1634 1721 1722 1633 1527
9 1633 1722 1723 1632 1528
9 1632 1723 1724 1631 1529
9 1631 1724 1725 1630 1530
9 1630 1725 1726 1629 1531
9 1629 1726 1727 1628 1532
9 1628 1727 1728 1627 1533
9 1627 1728 1729 1626 1534
9 1626 1729 1730 1625 1535
9 1625 1730 1731 1624 1536
9 1624 1731 1732 1623 1537
9 1623 1732 1733 1622 1538
9 1622 1733 1734 1621 1539
9 1621 1734 1735 1620 1540
9 1620 1735 1736 1619 1541
9 1619 1736 1737 1618 1542
9 1618 1737 1738 1617 1543
9 1617 1738 1739 1616 1544
9 1616 1739 1740 1615 1545
9 1615 1740 1741 1614 1546
9 1614 1741 1742 1613 1547
9 1613 1742 1743 1612 1548
9 1612 1743 1744 1611 1549
9 1611 1744 1745 1610 1550
9 1610 1745 1746 1609 1551
9 1609 1746 1747 1608 1552
9 1608 1747 1748 1607 1553
9 1607 1748 1749 1606 1554
9 1606 1749 1750 1605 1555
9 1605 1750 1751 1604 1556
9 1604 1751 1752 1603 1557
9 1603 1752 1753 1602 1558
9 1602 1753 118 3 1559
9 1678 1679 1754 1716 1560
9 1716 1754 1755 1717 1561
9 1717 1755 1756 1718 1562
9 1718 1756 1757 1719 1563
9 1719 1757 1758 1720 1564
9 1720 1758 1759 1721 1565
9 1721 1759 1760 1722 1566
9 1722 1760 1761 1723 1567
9 1723 1761 1762 1724 1568
9 1724 1762 1763 1725 1569
9 1725 1763 1764 1726 1570
9 1726 1764 1765 1727 1571
9 1727 1765 1766 1728 1572
9 1728 1766 1767 1729 1573
9 1729 1767 1768 1730 1574
9 1730 1768 1769 1731 1575
9 1731 1769 1770 1732 1576
9 1732 1770 1771 1733 1577
9 1733 1771 1772 1734 1578
9 1734 1772 1773 1735 1579
9 1735 1773 1774 1736 1580
9 1736 1774 1775 1737 1581
9 1737 1775 1776 1738 1582
9 1738 1776 1777 1739 1583
9 1739 1777 1778 1740 1584
9 1740 1778 1779 1741 1585
9 1741 1779 1780 1742 1586
9 1742 1780 1781 1743 1587
9 1743 1781 1782 1744 1588
9 1744 1782 1783 1745 1589
9 1745 1783 1784 1746 1590
9 1746 1784 1785 1747 1591
9 1747 1785 1786 1748 1592
9 1748 1786 1787 1749 1593
9 1749 1787 1788 1750 1594
9 1750 1788 1789 1751 1595
9 1751 1789 1790 1752 1596
9 1752 1790 1791 1753 1597
9 1753 1791 119 118 1598
9 1679 1680 1792 1754 1599
9 1754 1792 1793 1755 1600
9 1755 1793 1794 1756 1601
9 1756 1794 1795 1757 1602
9 1757 1795 1796 1758 1603
9 1758 1796 1797 1759 1604
9 1759 1797 1798 1760 1605
9 1760 1798 1799 1761 1606
9 1761 1799 1800 1762 1607
9 1762 1800 1801 1763 1608
9 1763 1801 1802 1764 1609
9 1764 1802 1803 1765 1610
9 1765 1803 1804 1766 1611
9 1766 1804 1805 1767 1612
9 1767 1805 1806 1768 1613
9 1768 1806 1807 1769 1614
9 1769 1807 1808 1770 1615
9 1770 1808 1809 1771 1616
9 1771 1809 1810 1772 1617
9 1772 1810 1811 1773 1618
9 1773 1811 1812 1774 1619
9 1774 1812 1813 1775 1620
9 1775 1813 1814 1776 1621
9 1776 1814 1815 1777 1622
9 1777 1815 1816 1778 1623
9 1778 1816 1817 1779 1624
9 1779 1817 1818 1780 1625
9 1780 1818 1819 1781 1626
9 1781 1819 1820 1782 1627
9 1782 1820 1821 1783 1628
9 1783 1821 1822 1784 1629
9 1784 1822 1823 1785 1630
9 1785 1823 1824 1786 1631
9 1786 1824 1825 1787 1632
9 1787 1825 1826 1788 1633
9 1788 1826 1827 1789 1634
9 1789 1827 1828 1790 1635
9 1790 1828 1829 1791 1636
9 1791 1829 120 119 1637
9 1680 1681 1830 1792 1638
9 1792 1830 1831 1793 1639
9 1793 1831 1832 1794 1640
9 1794 1832 1833 1795 1641
9 1795 1833 1834 1796 1642
9 1796 1834 1835 1797 1643
9 1797 1835 1836 1798 1644
9 1798 1836 1837 1799 1645
9 1799 1837 1838 1800 1646
9 1800 1838 1839 1801 1647
9 1801 1839 1840 1802 1648
9 1802 1840 1841 1803 1649
9 1803 1841 1842 1804 1650
9 1804 1842 1843 1805 1651
9 1805 1843 1844 1806 1652
9 1806 1844 1845 1807 1653
9 1807 1845 1846 1808 1654
9 1808 1846 1847 1809 1655
9 1809 1847 1848 1810 1656
9 1810 1848 1849 1811 1657
9 1811 1849 1850 1812 1658
9 1812 1850 1851 1813 1659
9 1813 1851 1852 1814 1660
9 1814 1852 1853 1815 1661
9 1815 1853 1854 1816 1662
9 1816 1854 1855 1817 1663
9 1817 1855 1856 1818 1664
9 1818 1856 1857 1819 1665
9 1819 1857 1858 1820 1666
9 1820 1858 1859 1821 1667
9 1821 1859 1860 1822 1668
9 1822 1860 1861 1823 1669
9 1823 1861 1862 1824 1670
9 1824 1862 1863 1825 1671
9 1825 1863 1864 1826 1672
9 1826 1864 1865 1827 1673
9 1827 1865 1866 1828 1674
9 1828 1866 1867 1829 1675
9 1829 1867 121 120 1676
9 1681 1682 1868 1830 1677
9 1830 1868 1869 1831 1678
9 1831 1869 1870 1832 1679
9 1832 1870 1871 1833 1680
9 1833 1871 1872 1834 1681
9 1834 1872 1873 1835 1682
9 1835 1873 1874 1836 1683
9 1836 1874 1875 1837 1684
9 1837 1875 1876 1838 1685
9 1838 1876 1877 1839 1686
9 1839 1877 1878 1840 1687
9 1840 1878 1879 1841 1688
9 1841 1879 1880 1842 1689
9 1842 1880 1881 1843 1690
9 1843 1881 1882 1844 1691
9 1844 1882 1883 1845 1692
9 1845 1883 1884 1846 1693
9 1846 1884 1885 1847 1694
9 1847 1885 1886 1848 1695
9 1848 1886 1887 1849 1696
9 1849 1887 1888 1850 1697
9 1850 1888 1889 1851 1698
9 1851 1889 1890 1852 1699
9 1852 1890 1891 1853 1700
9 1853 1891 1892 1854 1701
9 1854 1892 1893 1855 1702
9 1855 1893 1894 1856 1703
9 1856 1894 1895 1857 1704
9 1857 1895 1896 1858 1705
9 1858 1896 1897 1859 1706
9 1859 1897 1898 1860 1707
9 1860 1898 1899 1861 1708
9 1861 1899 1900 1862 1709
9 1862 1900 1901 1863 1710
9 1863 1901 1902 1864 1711
9 1864 1902 1903 1865 1712
9 1865 1903 1904 1866 1713
9 1866 1904 1905 1867 1714
9 1867 1905 122 121 1715
9 1682 1683 1906 1868 1716
9 1868 1906 1907 1869 1717
9 1869 1907 1908 1870 1718
9 1870 1908 1909 1871 1719
9 1871 1909 1910 1872 1720
9 1872 1910 1911 1873 1721
9 1873 1911 1912 1874 1722
9 1874 1912 1913 1875 1723
9 1875 1913 1914 1876 1724
9 1876 1914 1915 1877 1725
9 1877 1915 1916 1878 1726
9 1878 1916 1917 1879 1727
9 1879 1917 1918 1880 1728
9 1880 1918 1919 1881 1729
9 1881 1919 1920 1882 1730
9 1882 1920 1921 1883 1731
9 1883 1921 1922 1884 1732
9 1884 1922 1923 1885 1733
9 1885 1923 1924 1886 1734
9 1886 1924 1925 1887 1735
9 1887 1925 1926 1888 1736
9 1888 1926 1927 1889 1737
9 1889 1927 1928 1890 1738
9 1890 1928 1929 1891 1739
9 1891 1929 1930 1892 1740
9 1892 1930 1931 1893 1741
9 1893 1931 1932 1894 1742
9 1894 1932 1933 1895 1743
9 1895 1933 1934 1896 1744
9 1896 1934 1935 1897 1745
9 1897 1935 1936 1898 1746
9 1898 1936 1937 1899 1747
9 1899 1937 1938 1900 1748
9 1900 1938 1939 1901 1749
9 1901 1939 1940 1902 1750
9 1902 1940 1941 1903 1751
9 1903 1941 1942 1904 1752
9 1904 1942 1943 1905 1753
9 1905 1943 123 122 1754
9 1683 1684 1944 1906 1755
9 1906 1944 1945 1907 1756
9 1907 1945 1946 1908 1757
9 1908 1946 1947 1909 1758
9 1909 1947 1948 1910 1759
9 1910 1948 1949 1911 1760
9 1911 1949 1950 1912 1761
9 1912 1950 1951 1913 1762
9 1913 1951 1952 1914 1763
9 1914 1952 1953 1915 1764
9 1915 1953 1954 1916 1765
9 1916 1954 1955 1917 1766
9 1917 1955 1956 1918 1767
9 1918 1956 1957 1919 1768
9 1919 1957 1958 1920 1769
9 1920 1958 1959 1921 1770
9 1921 1959 1960 1922 1771
9 1922 1960 1961 1923 1772
9 1923 1961 1962 1924 1773
9 1924 1962 1963 1925 1774
9 1925 1963 1964 1926 1775
9 1926 1964 1965 1927 1776
9 1927 1965 1966 1928 1777
9 1928 1966 1967 1929 1778
9 1929 1967 1968 1930 1779
9 1930 1968 1969 1931 1780
9 1931 1969 1970 1932 1781
9 1932 1970 1971 1933 1782
9 1933 1971 1972 1934 1783
9 1934 1972 1973 1935 1784
9 1935 1973 1974 1936 1785
9 1936 1974 1975 1937 1786
9 1937 1975 1976 1938 1787
9 1938 1976 1977 1939 1788
9 1939 1977 1978 1940 1789
9 1940 1978 1979 1941 1790
9 1941 1979 1980 1942 1791
9 1942 1980 1981 1943 1792
9 1943 1981 124 123 1793
9 1684 1685 1982 1944 1794
9 1944 1982 1983 1945 1795
9 1945 1983 1984 1946 1796
9 1946 1984 1985 1947 1797
9 1947 1985 1986 1948 1798
9 1948 1986 1987 1949 1799
9 1949 1987 1988 1950 1800
9 1950 1988 1989 1951 1801
9 1951 1989 1990 1952 1802
9 1952 1990 1991 1953 1803
9 1953 1991 1992 1954 1804
9 1954 1992 1993 1955 1805
9 1955 1993 1994 1956 1806
9 1956 1994 1995 1957 1807
9 1957 1995 1996 1958 1808
9 1958 1996 1997 1959 1809
9 1959 1997 1998 1960 1810
9 1960 1998 1999 1961 1811
9 1961 1999 2000 1962 1812
9 1962 2000 2001 1963 1813
9 1963 2001 2002 1964 1814
9 1964 2002 2003 1965 1815
9 1965 2003 2004 1966 1816
9 1966 2004 2005 1967 1817
9 1967 2005 2006 1968 1818
9 1968 2006 2007 1969 1819
9 1969 2007 2008 1970 1820
9 1970 2008 2009 1971 1821
9 1971 2009 2010 1972 1822
9 1972 2010 2011 1973 1823
9 1973 2011 2012 1974 1824
9 1974 2012 2013 1975 1825
9 1975 2013 2014 1976 1826
9 1976 2014 2015 1977 1827
9 1977 2015 2016 1978 1828
9 1978 2016 2017 1979 1829
9 1979 2017 2018 1980 1830
9 1980 2018 2019 1981 1831
9 1981 2019 125 124 1832
9 1685 1686 2020 1982 1833
9 1982 2020 2021 1983 1834
9 1983 2021 2022 1984 1835
9 1984 2022 2023 1985 1836
9 1985 2023 2024 1986 1837
9 1986 2024 2025 1987 1838
9 1987 2025 2026 1988 1839
9 1988 2026 2027 1989 1840
9 1989 2027 2028 1990 1841
9 1990 2028 2029 1991 1842
9 1991 2029 2030 1992 1843
9 1992 2030 2031 1993 1844
9 1993 2031 2032 1994 1845
9 1994 2032 2033 1995 1846
9 1995 2033 2034 1996 1847
9 1996 2034 2035 1997 1848
9 1997 2035 2036 1998 1849
9 1998 2036 2037 1999 1850
9 1999 2037 2038 2000 1851
9 2000 2038 2039 2001 1852
9 2001 2039 2040 2002 1853
9 2002 2040 2041 2003 1854
9 2003 2041 2042 2004 1855
9 2004 2042 2043 2005 1856
9 2005 2043 2044 2006 1857
9 2006 2044 2045 2007 1858
9 2007 2045 2046 2008 1859
9 2008 2046 2047 2009 1860
9 2009 2047 2048 2010 1861
9 2010 2048 2049 2011 1862
9 2011 2049 2050 2012 1863
9 2012 2050 2051 2013 1864
9 2013 2051 2052 2014 1865
9 2014 2052 2053 2015 1866
9 2015 2053 2054 2016 1867
9 2016 2054 2055 2017 1868
9 2017 2055 2056 2018 1869
9 2018 2056 2057 2019 1870
9 2019 2057 126 125 1871
9 1686 1687 2058 2020 1872
9 2020 2058 2059 2021 1873
9 2021 2059 2060 2022 1874
9 2022 2060 2061 2023 1875
9 2023 2061 2062 2024 1876
9 2024 2062 2063 2025 1877
9 2025 2063 2064 2026 1878
9 2026 2064 2065 2027 1879
9 2027 2065 2066 2028 1880
9 2028 2066 2067 2029 1881
9 2029 2067 2068 2030 1882
9 2030 2068 2069 2031 1883
9 2031 2069 2070 2032 1884
9 2032 2070 2071 2033 1885
9 2033 2071 2072 2034 1886
9 2034 2072 2073 2035 1887
9 2035 2073 2074 2036 1888
9 2036 2074 2075 2037 1889
9 2037 2075 2076 2038 1890
9 2038 2076 2077 2039 1891
9 2039 2077 2078 2040 1892
9 2040 2078 2079 2041 1893
9 2041 2079 2080 2042 1894
9 2042 2080 2081 2043 1895
9 2043 2081 2082 2044 1896
9 2044 2082 2083 2045 1897
9 2045 2083 2084 2046 1898
9 2046 2084 2085 2047 1899
9 2047 2085 2086 2048 1900
9 2048 2086 2087 2049 1901
9 2049 2087 2088 2050 1902
9 2050 2088 2089 2051 1903
9 2051 2089 2090 2052 1904
9 2052 2090 2091 2053 1905
9 2053 2091 2092 2054 1906
9 2054 2092 2093 2055 1907
9 2055 2093 2094 2056 1908
9 2056 2094 2095 2057 1909
9 2057 2095 127 126 1910
9 1687 1688 2096 2058 1911
9 2058 2096 2097 2059 1912
9 2059 2097 2098 2060 1913
9 2060 2098 2099 2061 1914
9 2061 2099 2100 2062 1915
9 2062 2100 2101 2063 1916
9 2063 2101 2102 2064 1917
9 2064 2102 2103 2065 1918
9 2065 2103 2104 2066 1919
9 2066 2104 2105 2067 1920
9 2067 2105 2106 2068 1921
9 2068 2106 2107 2069 1922
9 2069 2107 2108 2070 1923
9 2070 2108 2109 2071 1924
9 2071 2109 2110 2072 1925
9 2072 2110 2111 2073 1926
9 2073 2111 2112 2074 1927
9 2074 2112 2113 2075 1928
9 2075 2113 2114 2076 1929
9 2076 2114 2115 2077 1930
9 2077 2115 2116 2078 1931
9 2078 2116 2117 2079 1932
9 2079 2117 2118 2080 1933
9 2080 2118 2119 2081 1934
9 2081 2119 2120 2082 1935
9 2082 2120 2121 2083 1936
9 2083 2121 2122 2084 1937
9 2084 2122 2123 2085 1938
9 2085 2123 2124 2086 1939
9 2086 2124 2125 2087 1940
9 2087 2125 2126 2088 1941
9 2088 2126 2127 2089 1942
9 2089 2127 2128 2090 1943
9 2090 2128 2129 2091 1944
9 2091 2129 2130 2092 1945
9 2092 2130 2131 2093 1946
9 2093 2131 2132 2094 1947
9 2094 2132 2133 2095 1948
9 2095 2133 128 127 1949
9 1688 1689 2134 2096 1950
9 2096 2134 2135 2097 1951
9 2097 2135 2136 2098 1952
9 2098 2136 2137 2099 1953
9 2099 2137 2138 2100 1954
9 2100 2138 2139 2101 1955
9 2101 2139 2140 2102 1956
9 2102 2140 2141 2103 1957
9 2103 2141 2142 2104 1958
9 2104 2142 2143 2105 1959
9 2105 2143 2144 2106 1960
9 2106 2144 2145 2107 1961
9 2107 2145 2146 2108 1962
9 2108 2146 2147 2109 1963
9 2109 2147 2148 2110 1964
9 2110 2148 2149 2111 1965
9 2111 2149 2150 2112 1966
9 2112 2150 2151 2113 1967
9 2113 2151 2152 2114 1968
9 2114 2152 2153 2115 1969
9 2115 2153 2154 2116 1970
9 2116 2154 2155 2117 1971
9 2117 2155 2156 2118 1972
9 2118 2156 2157 2119 1973
9 2119 2157 2158 2120 1974
9 2120 2158 2159 2121 1975
9 2121 2159 2160 2122 1976
9 2122 2160 2161 2123 1977
9 2123 2161 2162 2124 1978
9 2124 2162 2163 2125 1979
9 2125 2163 2164 2126 1980
9 2126 2164 2165 2127 1981
9 2127 2165 2166 2128 1982
9 2128 2166 2167 2129 1983
9 2129 2167 2168 2130 1984
9 2130 2168 2169 2131 1985
9 2131 2169 2170 2132 1986
9 2132 2170 2171 2133 1987
9 2133 2171 129 128 1988
9 1689 1690 2172 2134 1989
9 2134 2172 2173 2135 1990
9 2135 2173 2174 2136 1991
9 2136 2174 2175 2137 1992
9 2137 2175 2176 2138 1993
9 2138 2176 2177 2139 1994
9 2139 2177 2178 2140 1995
9 2140 2178 2179 2141 1996
9 2141 2179 2180 2142 1997
9 2142 2180 2181 2143 1998
9 2143 2181 2182 2144 1999
9 2144 2182 2183 2145 2000
9 2145 2183 2184 2146 2001
9 2146 2184 2185 2147 2002
9 2147 2185 2186 2148 2003
9 2148 2186 2187 2149 2004
9 2149 2187 2188 2150 2005
9 2150 2188 2189 2151 2006
9 2151 2189 2190 2152 2007
9 2152 2190 2191 2153 2008
9 2153 2191 2192 2154 2009
9 2154 2192 2193 2155 2010
9 2155 2193 2194 2156 2011
9 2156 2194 2195 2157 2012
9 2157 2195 2196 2158 2013
9 2158 2196 2197 2159 2014
9 2159 2197 2198 2160 2015
9 2160 2198 2199 2161 2016
9 2161 2199 2200 2162 2017
9 2162 2200 2201 2163 2018
9 2163 2201 2202 2164 2019
9 2164 2202 2203 2165 2020
9 2165 2203 2204 2166 2021
9 2166 2204 2205 2167 2022
9 2167 2205 2206 2168 2023
9 2168 2206 2207 2169 2024
9 2169 2207 2208 2170 2025
9 2170 2208 2209 2171 2026
9 2171 2209 130 129 2027
9 1690 1691 2210 2172 2028
9 2172 2210 2211 2173 2029
9 2173 2211 2212 2174 2030
9 2174 2212 2213 2175 2031
9 2175 2213 2214 2176 2032
9 2176 2214 2215 2177 2033
9 2177 2215 2216 2178 2034
9 2178 2216 2217 2179 2035
9 2179 2217 2218 2180 2036
9 2180 2218 2219 2181 2037
9 2181 2219 2220 2182 2038
9 2182 2220 2221 2183 2039
9 2183 2221 2222 2184 2040
9 2184 2222 2223 2185 2041
9 2185 2223 2224 2186 2042
9 2186 2224 2225 2187 2043
9 2187 2225 2226 2188 2044
9 2188 2226 2227 2189 2045
9 2189 2227 2228 2190 2046
9 2190 2228 2229 2191 2047
9 2191 2229 2230 2192 2048
9 2192 2230 2231 2193 2049
9 2193 2231 2232 2194 2050
9 2194 2232 2233 2195 2051
9 2195 2233 2234 2196 2052
9 2196 2234 2235 2197 2053
9 2197 2235 2236 2198 2054
9 2198 2236 2237 2199 2055
9 2199 2237 2238 2200 2056
9 2200 2238 2239 2201 2057
9 2201 2239 2240 2202 2058
9 2202 2240 2241 2203 2059
9 2203 2241 2242 2204 2060
9 2204 2242 2243 2205 2061
9 2205 2243 2244 2206 2062
9 2206 2244 2245 2207 2063
9 2207 2245 2246 2208 2064
9 2208 2246 2247 2209 2065
9 2209 2247 131 130 2066
9 1691 1692 2248 2210 2067
9 2210 2248 2249 2211 2068
9 2211 2249 2250 2212 2069
9 2212 2250 2251 2213 2070
9 2213 2251 2252 2214 2071
9 2214 2252 2253 2215 2072
9 2215 2253 2254 2216 2073
9 2216 2254 2255 2217 2074
9 2217 2255 2256 2218 2075
9 2218 2256 2257 2219 2076
9 2219 2257 2258 2220 2077
9 2220 2258 2259 2221 2078
9 2221 2259 2260 2222 2079
9 2222 2260 2261 2223 2080
9 2223 2261 2262 2224 2081
9 2224 2262 2263 2225 2082
9 2225 2263 2264 2226 2083
9 2226 2264 2265 2227 2084
9 2227 2265 2266 2228 2085
9 2228 2266 2267 2229 2086
9 2229 2267 2268 2230 2087
9 2230 2268 2269 2231 2088
9 2231 2269 2270 2232 2089
9 2232 2270 2271 2233 2090
9 2233 2271 2272 2234 2091
9 2234 2272 2273 2235 2092
9 2235 2273 2274 2236 2093
9 2236 2274 2275 2237 2094
9 2237 2275 2276 2238 2095
9 2238 2276 2277 2239 2096
9 2239 2277 2278 2240 2097
9 2240 2278 2279 2241 2098
9 2241 2279 2280 2242 2099
9 2242 2280 2281 2243 2100
9 2243 2281 2282 2244 2101
9 2244 2282 2283 2245 2102
9 2245 2283 2284 2246 2103
9 2246 2284 2285 2247 2104
9 2247 2285 132 131 2105
9 1692 1693 2286 2248 2106
9 2248 2286 2287 2249 2107
9 2249 2287 2288 2250 2108
9 2250 2288 2289 2251 2109
9 2251 2289 2290 2252 2110
9 2252 2290 2291 2253 2111
9 2253 2291 2292 2254 2112
9 2254 2292 2293 2255 2113
9 2255 2293 2294 2256 2114
9 2256 2294 2295 2257 2115
9 2257 2295 2296 2258 2116
9 2258 2296 2297 2259 2117
9 2259 2297 2298 2260 2118
9 2260 2298 2299 2261 2119
9 2261 2299 2300 2262 2120
9 2262 2300 2301 2263 2121
9 2263 2301 2302 2264 2122
9 2264 2302 2303 2265 2123
9 2265 2303 2304 2266 2124
9 2266 2304 2305 2267 2125
9 2267 2305 2306 2268 2126
9 2268 2306 2307 2269 2127
9 2269 2307 2308 2270 2128
9 2270 2308 2309 2271 2129
9 2271 2309 2310 2272 2130
9 2272 2310 2311 2273 2131
9 2273 2311 2312 2274 2132
9 2274 2312 2313 2275 2133
9 2275 2313 2314 2276 2134
9 2276 2314 2315 2277 2135
9 2277 2315 2316 2278 2136
9 2278 2316 2317 2279 2137
9 2279 2317 2318 2280 2138
9 2280 2318 2319 2281 2139
9 2281 2319 2320 2282 2140
9 2282 2320 2321 2283 2141
9 2283 2321 2322 2284 2142
9 2284 2322 2323 2285 2143
9 2285 2323 133 132 2144
9 1693 1694 2324 2286 2145
9 2286 2324 2325 2287 2146
9 2287 2325 2326 2288 2147
9 2288 2326 2327 2289 2148
9 2289 2327 2328 2290 2149
9 2290 2328 2329 2291 2150
9 2291 2329 2330 2292 2151
9 2292 2330 2331 2293 2152
9 2293 2331 2332 2294 2153
9 2294 2332 2333 2295 2154
9 2295 2333 2334 2296 2155
9 2296 2334 2335 2297 2156
9 2297 2335 2336 2298 2157
9 2298 2336 2337 2299 2158
9 2299 2337 2338 2300 2159
9 2300 2338 2339 2301 2160
9 2301 2339 2340 2302 2161
9 2302 2340 2341 2303 2162
9 2303 2341 2342 2304 2163
9 2304 2342 2343 2305 2164
9 2305 2343 2344 2306 2165
9 2306 2344 2345 2307 2166
9 2307 2345 2346 2308 2167
9 2308 2346 2347 2309 2168
9 2309 2347 2348 2310 2169
9 2310 2348 2349 2311 2170
9 2311 2349 2350 2312 2171
9 2312 2350 2351 2313 2172
9 2313 2351 2352 2314 2173
9 2314 2352 2353 2315 2174
9 2315 2353 2354 2316 2175
9 2316 2354 2355 2317 2176
9 2317 2355 2356 2318 2177
9 2318 2356 2357 2319 2178
9 2319 2357 2358 2320 2179
9 2320 2358 2359 2321 2180
9 2321 2359 2360 2322 2181
9 2322 2360 2361 2323 2182
9 2323 2361 134 133 2183
9 1694 1695 2362 2324 2184
9 2324 2362 2363 2325 2185
9 2325 2363 2364 2326 2186
9 2326 2364 2365 2327 2187
9 2327 2365 2366 2328 2188
9 2328 2366 2367 2329 2189
9 2329 2367 2368 2330 2190
9 2330 2368 2369 2331 2191
9 2331 2369 2370 2332 2192
9 2332 2370 2371 2333 2193
9 2333 2371 2372 2334 2194
9 2334 2372 2373 2335 2195
9 2335 2373 2374 2336 2196
9 2336 2374 2375 2337 2197
9 2337 2375 2376 2338 2198
9 2338 2376 2377 2339 2199
9 2339 2377 2378 2340 2200
9 2340 2378 2379 2341 2201
9 2341 2379 2380 2342 2202
9 2342 2380 2381 2343 2203
9 2343 2381 2382 2344 2204
9 2344 2382 2383 2345 2205
9 2345 2383 2384 2346 2206
9 2346 2384 2385 2347 2207
9 2347 2385 2386 2348 2208
9 2348 2386 2387 2349 2209
9 2349 2387 2388 2350 2210
9 2350 2388 2389 2351 2211
9 2351 2389 2390 2352 2212
9 2352 2390 2391 2353 2213
9 2353 2391 2392 2354 2214
9 2354 2392 2393 2355 2215
9 2355 2393 2394 2356 2216
9 2356 2394 2395 2357 2217
9 2357 2395 2396 2358 2218
9 2358 2396 2397 2359 2219
9 2359 2397 2398 2360 2220
9 2360 2398 2399 2361 2221
9 2361 2399 135 134 2222
9 1695 1696 2400 2362 2223
9 2362 2400 2401 2363 2224
9 2363 2401 2402 2364 2225
9 2364 2402 2403 2365 2226
9 2365 2403 2404 2366 2227
9 2366 2404 2405 2367 2228
9 2367 2405 2406 2368 2229
9 2368 2406 2407 2369 2230
9 2369 2407 2408 2370 2231
9 2370 2408 2409 2371 2232
9 2371 2409 2410 2372 2233
9 2372 2410 2411 2373 2234
9 2373 2411 2412 2374 2235
9 2374 2412 2413 2375 2236
9 2375 2413 2414 2376 2237
9 2376 2414 2415 2377 2238
9 2377 2415 2416 2378 2239
9 2378 2416 2417 2379 2240
9 2379 2417 2418 2380 2241
9 2380 2418 2419 2381 2242
9 2381 2419 2420 2382 2243
9 2382 2420 2421 2383 2244
9 2383 2421 2422 2384 2245
9 2384 2422 2423 2385 2246
9 2385 2423 2424 2386 2247
9 2386 2424 2425 2387 2248
9 2387 2425 2426 2388 2249
9 2388 2426 2427 2389 2250
9 2389 2427 2428 2390 2251
9 2390 2428 2429 2391 2252
9 2391 2429 2430 2392 2253
9 2392 2430 2431 2393 2254
9 2393 2431 2432 2394 2255
9 2394 2432 2433 2395 2256
9 2395 2433 2434 2396 2257
9 2396 2434 2435 2397 2258
9 2397 2435 2436 2398 2259
9 2398 2436 2437 2399 2260
9 2399 2437 136 135 2261
9 1696 1697 2438 2400 2262
9 2400 2438 2439 2401 2263
9 2401 2439 2440 2402 2264
9 2402 2440 2441 2403 2265
9 2403 2441 2442 2404 2266
9 2404 2442 2443 2405 2267
9 2405 2443 2444 2406 2268
9 2406 2444 2445 2407 2269
9 2407 2445 2446 2408 2270
9 2408 2446 2447 2409 2271
9 2409 2447 2448 2410 2272
9 2410 2448 2449 2411 2273
9 2411 2449 2450 2412 2274
9 2412 2450 2451 2413 2275
9 2413 2451 2452 2414 2276
9 2414 2452 2453 2415 2277
9 2415 2453 2454 2416 2278
9 2416 2454 2455 2417 2279
9 2417 2455 2456 2418 2280
9 2418 2456 2457 2419 2281
9 2419 2457 2458 2420 2282
9 2420 2458 2459 2421 2283
9 2421 2459 2460 2422 2284
9 2422 2460 2461 2423 2285
9 2423 2461 2462 2424 2286
9 2424 2462 2463 2425 2287
9 2425 2463 2464 2426 2288
9 2426 2464 2465 2427 2289
9 2427 2465 2466 2428 2290
9 2428 2466 2467 2429 2291
9 2429 2467 2468 2430 2292
9 2430 2468 2469 2431 2293
9 2431 2469 2470 2432 2294
9 2432 2470 2471 2433 2295
9 2433 2471 2472 2434 2296
9 2434 2472 2473 2435 2297
9 2435 2473 2474 2436 2298
9 2436 2474 2475 2437 2299
9 2437 2475 137 136 2300
9 1697 1698 2476 2438 2301
9 2438 2476 2477 2439 2302
9 2439 2477 2478 2440 2303
9 2440 2478 2479 2441 2304
9 2441 2479 2480 2442 2305
9 2442 2480 2481 2443 2306
9 2443 2481 2482 2444 2307
9 2444 2482 2483 2445 2308
9 2445 2483 2484 2446 2309
9 2446 2484 2485 2447 2310
9 2447 2485 2486 2448 2311
9 2448 2486 2487 2449 2312
9 2449 2487 2488 2450 2313
9 2450 2488 2489 2451 2314
9 2451 2489 2490 2452 2315
9 2452 2490 2491 2453 2316
9 2453 2491 2492 2454 2317
9 2454 2492 2493 2455 2318
9 2455 2493 2494 2456 2319
9 2456 2494 2495 2457 2320
9 2457 2495 2496 2458 2321
9 2458 2496 2497 2459 2322
9 2459 2497 2498 2460 2323
9 2460 2498 2499 2461 2324
9 2461 2499 2500 2462 2325
9 2462 2500 2501 2463 2326
9 2463 2501 2502 2464 2327
9 2464 2502 2503 2465 2328
9 2465 2503 2504 2466 2329
9 2466 2504 2505 2467 2330
9 2467 2505 2506 2468 2331
9 2468 2506 2507 2469 2332
9 2469 2507 2508 2470 2333
9 2470 2508 2509 2471 2334
9 2471 2509 2510 2472 2335
9 2472 2510 2511 2473 2336
9 2473 2511 2512 2474 2337
9 2474 2512 2513 2475 2338
9 2475 2513 138 137 2339
9 1698 1699 2514 2476 2340
9 2476 2514 2515 2477 2341
9 2477 2515 2516 2478 2342
9 2478 2516 2517 2479 2343
9 2479 2517 2518 2480 2344
9 2480 2518 2519 2481 2345
9 2481 2519 2520 2482 2346
9 2482 2520 2521 2483 2347
9 2483 2521 2522 2484 2348
9 2484 2522 2523 2485 2349
9 2485 2523 2524 2486 2350
9 2486 2524 2525 2487 2351
9 2487 2525 2526 2488 2352
9 2488 2526 2527 2489 2353
9 2489 2527 2528 2490 2354
9 2490 2528 2529 2491 2355
9 2491 2529 2530 2492 2356
9 2492 2530 2531 2493 2357
9 2493 2531 2532 2494 2358
9 2494 2532 2533 2495 2359
9 2495 2533 2534 2496 2360
9 2496 2534 2535 2497 2361
9 2497 2535 2536 2498 2362
9 2498 2536 2537 2499 2363
9 2499 2537 2538 2500 2364
9 2500 2538 2539 2501 2365
9 2501 2539 2540 2502 2366
9 2502 2540 2541 2503 2367
9 2503 2541 2542 2504 2368
9 2504 2542 2543 2505 2369
9 2505 2543 2544 2506 2370
9 2506 2544 2545 2507 2371
9 2507 2545 2546 2508 2372
9 2508 2546 2547 2509 2373
9 2509 2547 2548 2510 2374
9 2510 2548 2549 2511 2375
9 2511 2549 2550 2512 2376
9 2512 2550 2551 2513 2377
9 2513 2551 139 138 2378
9 1699 1700 2552 2514 2379
9 2514 2552 2553 2515 2380
9 2515 2553 2554 2516 2381
9 2516 2554 2555 2517 2382
9 2517 2555 2556 2518 2383
9 2518 2556 2557 2519 2384
9 2519 2557 2558 2520 2385
9 2520 2558 2559 2521 2386
9 2521 2559 2560 2522 2387
9 2522 2560 2561 2523 2388
9 2523 2561 2562 2524 2389
9 2524 2562 2563 2525 2390
9 2525 2563 2564 2526 2391
9 2526 2564 2565 2527 2392
9 2527 2565 2566 2528 2393
9 2528 2566 2567 2529 2394
9 2529 2567 2568 2530 2395
9 2530 2568 2569 2531 2396
9 2531 2569 2570 2532 2397
9 2532 2570 2571 2533 2398
9 2533 2571 2572 2534 2399
9 2534 2572 2573 2535 2400
9 2535 2573 2574 2536 2401
9 2536 2574 2575 2537 2402
9 2537 2575 2576 2538 2403
9 2538 2576 2577 2539 2404
9 2539 2577 2578 2540 2405
9 2540 2578 2579 2541 2406
9 2541 2579 2580 2542 2407
9 2542 2580 2581 2543 2408
9 2543 2581 2582 2544 2409
9 2544 2582 2583 2545 2410
9 2545 2583 2584 2546 2411
9 2546 2584 2585 2547 2412
9 2547 2585 2586 2548 2413
9 2548 2586 2587 2549 2414
9 2549 2587 2588 2550 2415
9 2550 2588 2589 2551 2416
9 2551 2589 140 139 2417
9 1700 1701 2590 2552 2418
9 2552 2590 2591 2553 2419
9 2553 2591 2592 2554 2420
9 2554 2592 2593 2555 2421
9 2555 2593 2594 2556 2422
9 2556 2594 2595 2557 2423
9 2557 2595 2596 2558 2424
9 2558 2596 2597 2559 2425
9 2559 2597 2598 2560 2426
9 2560 2598 2599 2561 2427
9 2561 2599 2600 2562 2428
9 2562 2600 2601 2563 2429
9 2563 2601 2602 2564 2430
9 2564 2602 2603 2565 2431
9 2565 2603 2604 2566 2432
9 2566 2604 2605 2567 2433
9 2567 2605 2606 2568 2434
9 2568 2606 2607 2569 2435
9 2569 2607 2608 2570 2436
9 2570 2608 2609 2571 2437
9 2571 2609 2610 2572 2438
9 2572 2610 2611 2573 2439
9 2573 2611 2612 2574 2440
9 2574 2612 2613 2575 2441
9 2575 2613 2614 2576 2442
9 2576 2614 2615 2577 2443
9 2577 2615 2616 2578 2444
9 2578 2616 2617 2579 2445
9 2579 2617 2618 2580 2446
9 2580 2618 2619 2581 2447
9 2581 2619 2620 2582 2448
9 2582 2620 2621 2583 2449
9 2583 2621 2622 2584 2450
9 2584 2622 2623 2585 2451
9 2585 2623 2624 2586 2452
9 2586 2624 2625 2587 2453
9 2587 2625 2626 2588 2454
9 2588 2626 2627 2589 2455
9 2589 2627 141 140 2456
9 1701 1702 2628 2590 2457
9 2590 2628 2629 2591 2458
9 2591 2629 2630 2592 2459
9 2592 2630 2631 2593 2460
9 2593 2631 2632 2594 2461
9 2594 2632 2633 2595 2462
9 2595 2633 2634 2596 2463
9 2596 2634 2635 2597 2464
9 2597 2635 2636 2598 2465
9 2598 2636 2637 2599 2466
9 2599 2637 2638 2600 2467
9 2600 2638 2639 2601 2468
9 2601 2639 2640 2602 2469
9 2602 2640 2641 2603 2470
9 2603 2641 2642 2604 2471
9 2604 2642 2643 2605 2472
9 2605 2643 2644 2606 2473
9 2606 2644 2645 2607 2474
9 2607 2645 2646 2608 2475
9 2608 2646 2647 2609 2476
9 2609 2647 2648 2610 2477
9 2610 2648 2649 2611 2478
9 2611 2649 2650 2612 2479
9 2612 2650 2651 2613 2480
9 2613 2651 2652 2614 2481
9 2614 2652 2653 2615 2482
9 2615 2653 2654 2616 2483
9 2616 2654 2655 2617 2484
9 2617 2655 2656 2618 2485
9 2618 2656 2657 2619 2486
9 2619 2657 2658 2620 2487
9 2620 2658 2659 2621 2488
9 2621 2659 2660 2622 2489
9 2622 2660 2661 2623 2490
9 2623 2661 2662 2624 2491
9 2624 2662 2663 2625 2492
9 2625 2663 2664 2626 2493
9 2626 2664 2665 2627 2494
9 2627 2665 142 141 2495
9 1702 1703 2666 2628 2496
9 2628 2666 2667 2629 2497
9 2629 2667 2668 2630 2498
9 2630 2668 2669 2631 2499
9 2631 2669 2670 2632 2500
9 2632 2670 2671 2633 2501
9 2633 2671 2672 2634 2502
9 2634 2672 2673 2635 2503
9 2635 2673 2674 2636 2504
9 2636 2674 2675 2637 2505
9 2637 2675 2676 2638 2506
9 2638 2676 2677 2639 2507
9 2639 2677 2678 2640 2508
9 2640 2678 2679 2641 2509
9 2641 2679 2680 2642 2510
9 2642 2680 2681 2643 2511
9 2643 2681 2682 2644 2512
9 2644 2682 2683 2645 2513
9 2645 2683 2684 2646 2514
9 2646 2684 2685 2647 2515
9 2647 2685 2686 2648 2516
9 2648 2686 2687 2649 2517
9 2649 2687 2688 2650 2518
9 2650 2688 2689 2651 2519
9 2651 2689 2690 2652 2520
9 2652 2690 2691 2653 2521
9 2653 2691 2692 2654 2522
9 2654 2692 2693 2655 2523
9 2655 2693 2694 2656 2524
9 2656 2694 2695 2657 2525
9 2657 2695 2696 2658 2526
9 2658 2696 2697 2659 2527
9 2659 2697 2698 2660 2528
9 2660 2698 2699 2661 2529
9 2661 2699 2700 2662 2530
9 2662 2700 2701 2663 2531
9 2663 2701 2702 2664 2532
9 2664 2702 2703 2665 2533
9 2665 2703 143 142 2534
9 1703 1704 2704 2666 2535
9 2666 2704 2705 2667 2536
9 2667 2705 2706 2668 2537
9 2668 2706 2707 2669 2538
9 2669 2707 2708 2670 2539
9 2670 2708 2709 2671 2540
9 2671 2709 2710 2672 2541
9 2672 2710 2711 2673 2542
9 2673 2711 2712 2674 2543
9 2674 2712 2713 2675 2544
9 2675 2713 2714 2676 2545
9 2676 2714 2715 2677 2546
9 2677 2715 2716 2678 2547
9 2678 2716 2717 2679 2548
9 2679 2717 2718 2680 2549
9 2680 2718 2719 2681 2550
9 2681 2719 2720 2682 2551
9 2682 2720 2721 2683 2552
9 2683 2721 2722 2684 2553
9 2684 2722 2723 2685 2554
9 2685 2723 2724 2686 2555
9 2686 2724 2725 2687 2556
9 2687 2725 2726 2688 2557
9 2688 2726 2727 2689 2558
9 2689 2727 2728 2690 2559
9 2690 2728 2729 2691 2560
9 2691 2729 2730 2692 2561
9 2692 2730 2731 2693 2562
9 2693 2731 2732 2694 2563
9 2694 2732 2733 2695 2564
9 2695 2733 2734 2696 2565
9 2696 2734 2735 2697 2566
9 2697 2735 2736 2698 2567
9 2698 2736 2737 2699 2568
9 2699 2737 2738 2700 2569
9 2700 2738 2739 2701 2570
9 2701 2739 2740 2702 2571
9 2702 2740 2741 2703 2572
9 2703 2741 144 143 2573
9 1704 1705 2742 2704 2574
9 2704 2742 2743 2705 2575
9 2705 2743 2744 2706 2576
9 2706 2744 2745 2707 2577
9 2707 2745 2746 2708 2578
9 2708 2746 2747 2709 2579
9 2709 2747 2748 2710 2580
9 2710 2748 2749 2711 2581
9 2711 2749 2750 2712 2582
9 2712 2750 2751 2713 2583
9 2713 2751 2752 2714 2584
9 2714 2752 2753 2715 2585
9 2715 2753 2754 2716 2586
9 2716 2754 2755 2717 2587
9 2717 2755 2756 2718 2588
9 2718 2756 2757 2719 2589
9 2719 2757 2758 2720 2590
9 2720 2758 2759 2721 2591
9 2721 2759 2760 2722 2592
9 2722 2760 2761 2723 2593
9 2723 2761 2762 2724 2594
9 2724 2762 2763 2725 2595
9 2725 2763 2764 2726 2596
9 2726 2764 2765 2727 2597
9 2727 2765 2766 2728 2598
9 2728 2766 2767 2729 2599
9 2729 2767 2768 2730 2600
9 2730 2768 2769 2731 2601
9 2731 2769 2770 2732 2602
9 2732 2770 2771 2733 2603
9 2733 2771 2772 2734 2604
9 2734 2772 2773 2735 2605
9 2735 2773 2774 2736 2606
9 2736 2774 2775 2737 2607
9 2737 2775 2776 2738 2608
9 2738 2776 2777 2739 2609
9 2739 2777 2778 2740 2610
9 2740 2778 2779 2741 2611
9 2741 2779 145 144 2612
9 1705 1706 2780 2742 2613
9 2742 2780 2781 2743 2614
9 2743 2781 2782 2744 2615
9 2744 2782 2783 2745 2616
9 2745 2783 2784 2746 2617
9 2746 2784 2785 2747 2618
9 2747 2785 2786 2748 2619
9 2748 2786 2787 2749 2620
9 2749 2787 2788 2750 2621
9 2750 2788 2789 2751 2622
9 2751 2789 2790 2752 2623
9 2752 2790 2791 2753 2624
9 2753 2791 2792 2754 2625
9 2754 2792 2793 2755 2626
9 2755 2793 2794 2756 2627
9 2756 2794 2795 2757 2628
9 2757 2795 2796 2758 2629
9 2758 2796 2797 2759 2630
9 2759 2797 2798 2760 2631
9 2760 2798 2799 2761 2632
9 2761 2799 2800 2762 2633
9 2762 2800 2801 2763 2634
9 2763 2801 2802 2764 2635
9 2764 2802 2803 2765 2636
9 2765 2803 2804 2766 2637
9 2766 2804 2805 2767 2638
9 2767 2805 2806 2768 2639
9 2768 2806 2807 2769 2640
9 2769 2807 2808 2770 2641
9 2770 2808 2809 2771 2642
9 2771 2809 2810 2772 2643
9 2772 2810 2811 2773 2644
9 2773 2811 2812 2774 2645
9 2774 2812 2813 2775 2646
9 2775 2813 2814 2776 2647
9 2776 2814 2815 2777 2648
9 2777 2815 2816 2778 2649
9 2778 2816 2817 2779 2650
9 2779 2817 146 145 2651
9 1706 1707 2818 2780 2652
9 2780 2818 2819 2781 2653
9 2781 2819 2820 2782 2654
9 2782 2820 2821 2783 2655
9 2783 2821 2822 2784 2656
9 2784 2822 2823 2785 2657
9 2785 2823 2824 2786 2658
9 2786 2824 2825 2787 2659
9 2787 2825 2826 2788 2660
9 2788 2826 2827 2789 2661
9 2789 2827 2828 2790 2662
9 2790 2828 2829 2791 2663
9 2791 2829 2830 2792 2664
9 2792 2830 2831 2793 2665
9 2793 2831 2832 2794 2666
9 2794 2832 2833 2795 2667
9 2795 2833 2834 2796 2668
9 2796 2834 2835 2797 2669
9 2797 2835 2836 2798 2670
9 2798 2836 2837 2799 2671
9 2799 2837 2838 2800 2672
9 2800 2838 2839 2801 2673
9 2801 2839 2840 2802 2674
9 2802 2840 2841 2803 2675
9 2803 2841 2842 2804 2676
9 2804 2842 2843 2805 2677
9 2805 2843 2844 2806 2678
9 2806 2844 2845 2807 2679
9 2807 2845 2846 2808 2680
9 2808 2846 2847 2809 2681
9 2809 2847 2848 2810 2682
9 2810 2848 2849 2811 2683
9 2811 2849 2850 2812 2684
9 2812 2850 2851 2813 2685
9 2813 2851 2852 2814 2686
9 2814 2852 2853 2815 2687
9 2815 2853 2854 2816 2688
9 2816 2854 2855 2817 2689
9 2817 2855 147 146 2690
9 1707 1708 2856 2818 2691
9 2818 2856 2857 2819 2692
9 2819 2857 2858 2820 2693
9 2820 2858 2859 2821 2694
9 2821 2859 2860 2822 2695
9 2822 2860 2861 2823 2696
9 2823 2861 2862 2824 2697
9 2824 2862 2863 2825 2698
9 2825 2863 2864 2826 2699
9 2826 2864 2865 2827 2700
9 2827 2865 2866 2828 2701
9 2828 2866 2867 2829 2702
9 2829 2867 2868 2830 2703
9 2830 2868 2869 2831 2704
9 2831 2869 2870 2832 2705
9 2832 2870 2871 2833 2706
9 2833 2871 2872 2834 2707
9 2834 2872 2873 2835 2708
9 2835 2873 2874 2836 2709
9 2836 2874 2875 2837 2710
9 2837 2875 2876 2838 2711
9 2838 2876 2877 2839 2712
9 2839 2877 2878 2840 2713
9 2840 2878 2879 2841 2714
9 2841 2879 2880 2842 2715
9 2842 2880 2881 2843 2716
9 2843 2881 2882 2844 2717
9 2844 2882 2883 2845 2718
9 2845 2883 2884 2846 2719
9 2846 2884 2885 2847 2720
9 2847 2885 2886 2848 2721
9 2848 2886 2887 2849 2722
9 2849 2887 2888 2850 2723
9 2850 2888 2889 2851 2724
9 2851 2889 2890 2852 2725
9 2852 2890 2891 2853 2726
9 2853 2891 2892 2854 2727
9 2854 2892 2893 2855 2728
9 2855 2893 148 147 2729
9 1708 1709 2894 2856 2730
9 2856 2894 2895 2857 2731
9 2857 2895 2896 2858 2732
9 2858 2896 2897 2859 2733
9 2859 2897 2898 2860 2734
9 2860 2898 2899 2861 2735
9 2861 2899 2900 2862 2736
9 2862 2900 2901 2863 2737
9 2863 2901 2902 2864 2738
9 2864 2902 2903 2865 2739
9 2865 2903 2904 2866 2740
9 2866 2904 2905 2867 2741
9 2867 2905 2906 2868 2742
9 2868 2906 2907 2869 2743
9 2869 2907 2908 2870 2744
9 2870 2908 2909 2871 2745
9 2871 2909 2910 2872 2746
9 2872 2910 2911 2873 2747
9 2873 2911 2912 2874 2748
9 2874 2912 2913 2875 2749
9 2875 2913 2914 2876 2750
9 2876 2914 2915 2877 2751
9 2877 2915 2916 2878 2752
9 2878 2916 2917 2879 2753
9 2879 2917 2918 2880 2754
9 2880 2918 2919 2881 2755
9 2881 2919 2920 2882 2756
9 2882 2920 2921 2883 2757
9 2883 2921 2922 2884 2758
9 2884 2922 2923 2885 2759
9 2885 2923 2924 2886 2760
9 2886 2924 2925 2887 2761
9 2887 2925 2926 2888 2762
9 2888 2926 2927 2889 2763
9 2889 2927 2928 2890 2764
9 2890 2928 2929 2891 2765
9 2891 2929 2930 2892 2766
9 2892 2930 2931 2893 2767
9 2893 2931 149 148 2768
9 1709 1710 2932 2894 2769
9 2894 2932 2933 2895 2770
9 2895 2933 2934 2896 2771
9 2896 2934 2935 2897 2772
9 2897 2935 2936 2898 2773
9 2898 2936 2937 2899 2774
9 2899 2937 2938 2900 2775
9 2900 2938 2939 2901 2776
9 2901 2939 2940 2902 2777
9 2902 2940 2941 2903 2778
9 2903 2941 2942 2904 2779
9 2904 2942 2943 2905 2780
9 2905 2943 2944 2906 2781
9 2906 2944 2945 2907 2782
9 2907 2945 2946 2908 2783
9 2908 2946 2947 2909 2784
9 2909 2947 2948 2910 2785
9 2910 2948 2949 2911 2786
9 2911 2949 2950 2912 2787
9 2912 2950 2951 2913 2788
9 2913 2951 2952 2914 2789
9 2914 2952 2953 2915 2790
9 2915 2953 2954 2916 2791
9 2916 2954 2955 2917 2792
9 2917 2955 2956 2918 2793
9 2918 2956 2957 2919 2794
9 2919 2957 2958 2920 2795
9 2920 2958 2959 2921 2796
9 2921 2959 2960 2922 2797
9 2922 2960 2961 2923 2798
9 2923 2961 2962 2924 2799
9 2924 2962 2963 2925 2800
9 2925 2963 2964 2926 2801
9 2926 2964 2965 2927 2802
9 2927 2965 2966 2928 2803
9 2928 2966 2967 2929 2804
9 2929 2967 2968 2930 2805
9 2930 2968 2969 2931 2806
9 2931 2969 150 149 2807
9 1710 1711 2970 2932 2808
9 2932 2970 2971 2933 2809
9 2933 2971 2972 2934 2810
9 2934 2972 2973 2935 2811
9 2935 2973 2974 2936 2812
9 2936 2974 2975 2937 2813
9 2937 2975 2976 2938 2814
9 2938 2976 2977 2939 2815
9 2939 2977 2978 2940 2816
9 2940 2978 2979 2941 2817
9 2941 2979 2980 2942 2818
9 2942 2980 2981 2943 2819
9 2943 2981 2982 2944 2820
9 2944 2982 2983 2945 2821
9 2945 2983 2984 2946 2822
9 2946 2984 2985 2947 2823
9 2947 2985 2986 2948 2824
9 2948 2986 2987 2949 2825
9 2949 2987 2988 2950 2826
9 2950 2988 2989 2951 2827
9 2951 2989 2990 2952 2828
9 2952 2990 2991 2953 2829
9 2953 2991 2992 2954 2830
9 2954 2992 2993 2955 2831
9 2955 2993 2994 2956 2832
9 2956 2994 2995 2957 2833
9 2957 2995 2996 2958 2834
9 2958 2996 2997 2959 2835
9 2959 2997 2998 2960 2836
9 2960 2998 2999 2961 2837
9 2961 2999 3000 2962 2838
9 2962 3000 3001 2963 2839
9 2963 3001 3002 2964 2840
9 2964 3002 3003 2965 2841
9 2965 3003 3004 2966 2842
9 2966 3004 3005 2967 2843
9 2967 3005 3006 2968 2844
9 2968 3006 3007 2969 2845
9 2969 3007 151 150 2846
9 1711 1712 3008 2970 2847
9 2970 3008 3009 2971 2848
9 2971 3009 3010 2972 2849
9 2972 3010 3011 2973 2850
9 2973 3011 3012 2974 2851
9 2974 3012 3013 2975 2852
9 2975 3013 3014 2976 2853
9 2976 3014 3015 2977 2854
9 2977 3015 3016 2978 2855
9 2978 3016 3017 2979 2856
9 2979 3017 3018 2980 2857
9 2980 3018 3019 2981 2858
9 2981 3019 3020 2982 2859
9 2982 3020 3021 2983 2860
9 2983 3021 3022 2984 2861
9 2984 3022 3023 2985 2862
9 2985 3023 3024 2986 2863
9 2986 3024 3025 2987 2864
9 2987 3025 3026 2988 2865
9 2988 3026 3027 2989 2866
9 2989 3027 3028 2990 2867
9 2990 3028 3029 2991 2868
9 2991 3029 3030 2992 2869
9 2992 3030 3031 2993 2870
9 2993 3031 3032 2994 2871
9 2994 3032 3033 2995 2872
9 2995 3033 3034 2996 2873
9 2996 3034 3035 2997 2874
9 2997 3035 3036 2998 2875
9 2998 3036 3037 2999 2876
9 2999 3037 3038 3000 2877
9 3000 3038 3039 3001 2878
9 3001 3039 3040 3002 2879
9 3002 3040 3041 3003 2880
9 3003 3041 3042 3004 2881
9 3004 3042 3043 3005 2882
9 3005 3043 3044 3006 2883
9 3006 3044 3045 3007 2884
9 3007 3045 152 151 2885
9 1712 1713 3046 3008 2886
9 3008 3046 3047 3009 2887
9 3009 3047 3048 3010 2888
9 3010 3048 3049 3011 2889
9 3011 3049 3050 3012 2890
9 3012 3050 3051 3013 2891
9 3013 3051 3052 3014 2892
9 3014 3052 3053 3015 2893
9 3015 3053 3054 3016 2894
9 3016 3054 3055 3017 2895
9 3017 3055 3056 3018 2896
9 3018 3056 3057 3019 2897
9 3019 3057 3058 3020 2898
9 3020 3058 3059 3021 2899
9 3021 3059 3060 3022 2900
9 3022 3060 3061 3023 2901
9 3023 3061 3062 3024 2902
9 3024 3062 3063 3025 2903
9 3025 3063 3064 3026 2904
9 3026 3064 3065 3027 2905
9 3027 3065 3066 3028 2906
9 3028 3066 3067 3029 2907
9 3029 3067 3068 3030 2908
9 3030 3068 3069 3031 2909
9 3031 3069 3070 3032 2910
9 3032 3070 3071 3033 2911
9 3033 3071 3072 3034 2912
9 3034 3072 3073 3035 2913
9 3035 3073 3074 3036 2914
9 3036 3074 3075 3037 2915
9 3037 3075 3076 3038 2916
9 3038 3076 3077 3039 2917
9 3039 3077 3078 3040 2918
9 3040 3078 3079 3041 2919
9 3041 3079 3080 3042 2920
9 3042 3080 3081 3043 2921
9 3043 3081 3082 3044 2922
9 3044 3082 3083 3045 2923
9 3045 3083 153 152 2924
9 1713 1714 3084 3046 2925
9 3046 3084 3085 3047 2926
9 3047 3085 3086 3048 2927
9 3048 3086 3087 3049 2928
9 3049 3087 3088 3050 2929
9 3050 3088 3089 3051 2930
9 3051 3089 3090 3052 2931
9 3052 3090 3091 3053 2932
9 3053 3091 3092 3054 2933
9 3054 3092 3093 3055 2934
9 3055 3093 3094 3056 2935
9 3056 3094 3095 3057 2936
9 3057 3095 3096 3058 2937
9 3058 3096 3097 3059 2938
9 3059 3097 3098 3060 2939
9 3060 3098 3099 3061 2940
9 3061 3099 3100 3062 2941
9 3062 3100 3101 3063 2942
9 3063 3101 3102 3064 2943
9 3064 3102 3103 3065 2944
9 3065 3103 3104 3066 2945
9 3066 3104 3105 3067 2946
9 3067 3105 3106 3068 2947
9 3068 3106 3107 3069 2948
9 3069 3107 3108 3070 2949
9 3070 3108 3109 3071 2950
9 3071 3109 3110 3072 2951
9 3072 3110 3111 3073 2952
9 3073 3111 3112 3074 2953
9 3074 3112 3113 3075 2954
9 3075 3113 3114 3076 2955
9 3076 3114 3115 3077 2956
9 3077 3115 3116 3078 2957
9 3078 3116 3117 3079 2958
9 3079 3117 3118 3080 2959
9 3080 3118 3119 3081 2960
9 3081 3119 3120 3082 2961
9 3082 3120 3121 3083 2962
9 3083 3121 154 153 2963
9 1714 1715 3122 3084 2964
9 3084 3122 3123 3085 2965
9 3085 3123 3124 3086 2966
9 3086 3124 3125 3087 2967
9 3087 3125 3126 3088 2968
9 3088 3126 3127 3089 2969
9 3089 3127 3128 3090 2970
9 3090 3128 3129 3091 2971
9 3091 3129 3130 3092 2972
9 3092 3130 3131 3093 2973
9 3093 3131 3132 3094 2974
9 3094 3132 3133 3095 2975
9 3095 3133 3134 3096 2976
9 3096 3134 3135 3097 2977
9 3097 3135 3136 3098 2978
9 3098 3136 3137 3099 2979
9 3099 3137 3138 3100 2980
9 3100 3138 3139 3101 2981
9 3101 3139 3140 3102 2982
9 3102 3140 3141 3103 2983
9 3103 3141 3142 3104 2984
9 3104 3142 3143 3105 2985
9 3105 3143 3144 3106 2986
9 3106 3144 3145 3107 2987
9 3107 3145 3146 3108 2988
9 3108 3146 3147 3109 2989
9 3109 3147 3148 3110 2990
9 3110 3148 3149 3111 2991
9 3111 3149 3150 3112 2992
9 3112 3150 3151 3113 2993
9 3113 3151 3152 3114 2994
9 3114 3152 3153 3115 2995
9 3115 3153 3154 3116 2996
9 3116 3154 3155 3117 2997
9 3117 3155 3156 3118 2998
9 3118 3156 3157 3119 2999
9 3119 3157 3158 3120 3000
9 3120 3158 3159 3121 3001
9 3121 3159 155 154 3002
9 1715 1600 1677 3122 3003
9 3122 1677 1676 3123 3004
9 3123 1676 1675 3124 3005
9 3124 1675 1674 3125 3006
9 3125 1674 1673 3126 3007
9 3126 1673 1672 3127 3008
9 3127 1672 1671 3128 3009
9 3128 1671 1670 3129 3010
9 3129 1670 1669 3130 3011
9 3130 1669 1668 3131 3012
9 3131 1668 1667 3132 3013
9 3132 1667 1666 3133 3014
9 3133 1666 1665 3134 3015
9 3134 1665 1664 3135 3016
9 3135 1664 1663 3136 3017
9 3136 1663 1662 3137 3018
9 3137 1662 1661 3138 3019
9 3138 1661 1660 3139 3020
9 3139 1660 1659 3140 3021
9 3140 1659 1658 3141 3022
9 3141 1658 1657 3142 3023
9 3142 1657 1656 3143 3024
9 3143 1656 1655 3144 3025
9 3144 1655 1654 3145 3026
9 3145 1654 1653 3146 3027
9 3146 1653 1652 3147 3028
9 3147 1652 1651 3148 3029
9 3148 1651 1650 3149 3030
9 3149 1650 1649 3150 3031
9 3150 1649 1648 3151 3032
9 3151 1648 1647 3152 3033
9 3152 1647 1646 3153 3034
9 3153 1646 1645 3154 3035
9 3154 1645 1644 3155 3036
9 3155 1644 1643 3156 3037
9 3156 1643 1642 3157 3038
9 3157 1642 1641 3158 3039
9 3158 1641 1640 3159 3040
9 3159 1640 2 155 3041
9 3161 3238 3276 3199 3042
9 3199 3276 3277 3198 3043
9 3198 3277 3278 3197 3044
9 3197 3278 3279 3196 3045
9 3196 3279 3280 3195 3046
9 3195 3280 3281 3194 3047
9 3194 3281 3282 3193 3048
9 3193 3282 3283 3192 3049
9 3192 3283 3284 3191 3050
9 3191 3284 3285 3190 3051
9 3190 3285 3286 3189 3052
9 3189 3286 3287 3188 3053
9 3188 3287 3288 3187 3054
9 3187 3288 3289 3186 3055
9 3186 3289 3290 3185 3056
9 3185 3290 3291 3184 3057
9 3184 3291 3292 3183 3058
9 3183 3292 3293 3182 3059
9 3182 3293 3294 3181 3060
9 3181 3294 3295 3180 3061
9 3180 3295 3296 3179 3062
9 3179 3296 3297 3178 3063
9 3178 3297 3298 3177 3064
9 3177 3298 3299 3176 3065
9 3176 3299 3300 3175 3066
9 3175 3300 3301 3174 3067
9 3174 3301 3302 3173 3068
9 3173 3302 3303 3172 3069
9 3172 3303 3304 3171 3070
9 3171 3304 3305 3170 3071
9 3170 3305 3306 3169 3072
9 3169 3306 3307 3168 3073
9 3168 3307 3308 3167 3074
9 3167 3308 3309 3166 3075
9 3166 3309 3310 3165 3076
9 3165 3310 3311 3164 3077
9 3164 3311 3312 3163 3078
9 3163 3312 3313 3162 3079
9 3162 3313 1678 1601 3080
9 3238 3239 3314 3276 3081
9 3276 3314 3315 3277 3082
9 3277 3315 3316 3278 3083
9 3278 3316 3317 3279 3084
9 3279 3317 3318 3280 3085
9 3280 3318 3319 3281 3086
9 3281 3319 3320 3282 3087
9 3282 3320 3321 3283 3088
9 3283 3321 3322 3284 3089
9 3284 3322 3323 3285 3090
9 3285 3323 3324 3286 3091
9 3286 3324 3325 3287 3092
9 3287 3325 3326 3288 3093
9 3288 3326 3327 3289 3094
9 3289 3327 3328 3290 3095
9 3290 3328 3329 3291 3096
9 3291 3329 3330 3292 3097
9 3292 3330 3331 3293 3098
9 3293 3331 3332 3294 3099
9 3294 3332 3333 3295 3100
9 3295 3333 3334 3296 3101
9 3296 3334 3335 3297 3102
9 3297 3335 3336 3298 3103
9 3298 3336 3337 3299 3104
9 3299 3337 3338 3300 3105
9 3300 3338 3339 3301 3106
9 3301 3339 3340 3302 3107
9 3302 3340 3341 3303 3108
9 3303 3341 3342 3304 3109
9 3304 3342 3343 3305 3110
9 3305 3343 3344 3306 3111
9 3306 3344 3345 3307 3112
9 3307 3345 3346 3308 3113
9 3308 3346 3347 3309 3114
9 3309 3347 3348 3310 3115
9 3310 3348 3349 3311 3116
9 3311 3349 3350 3312 3117
9 3312 3350 3351 3313 3118
9 3313 3351 1679 1678 3119
9 3239 3240 3352 3314 3120
9 3314 3352 3353 3315 3121
9 3315 3353 3354 3316 3122
9 3316 3354 3355 3317 3123
9 3317 3355 3356 3318 3124
9 3318 3356 3357 3319 3125
9 3319 3357 3358 3320 3126
9 3320 3358 3359 3321 3127
9 3321 3359 3360 3322 3128
9 3322 3360 3361 3323 3129
9 3323 3361 3362 3324 3130
9 3324 3362 3363 3325 3131
9 3325 3363 3364 3326 3132
9 3326 3364 3365 3327 3133
9 3327 3365 3366 3328 3134
9 3328 3366 3367 3329 3135
9 3329 3367 3368 3330 3136
9 3330 3368 3369 3331 3137
9 3331 3369 3370 3332 3138
9 3332 3370 3371 3333 3139
9 3333 3371 3372 3334 3140
9 3334 3372 3373 3335 3141
9 3335 3373 3374 3336 3142
9 3336 3374 3375 3337 3143
9 3337 3375 3376 3338 3144
9 3338 3376 3377 3339 3145
9 3339 3377 3378 3340 3146
9 3340 3378 3379 3341 3147
9 3341 3379 3380 3342 3148
9 3342 3380 3381 3343 3149
9 3343 3381 3382 3344 3150
9 3344 3382 3383 3345 3151
9 3345 3383 3384 3346 3152
9 3346 3384 3385 3347 3153
9 3347 3385 3386 3348 3154
9 3348 3386 3387 3349 3155
9 3349 3387 3388 3350 3156
9 3350 3388 3389 3351 3157
9 3351 3389 1680 1679 3158
9 3240 3241 3390 3352 3159
9 3352 3390 3391 3353 3160
9 3353 3391 3392 3354 3161
9 3354 3392 3393 3355 3162
9 3355 3393 3394 3356 3163
9 3356 3394 3395 3357 3164
9 3357 3395 3396 3358 3165
9 3358 3396 3397 3359 3166
9 3359 3397 3398 3360 3167
9 3360 3398 3399 3361 3168
9 3361 3399 3400 3362 3169
9 3362 3400 3401 3363 3170
9 3363 3401 3402 3364 3171
9 3364 3402 3403 3365 3172
9 3365 3403 3404 3366 3173
9 3366 3404 3405 3367 3174
9 3367 3405 3406 3368 3175
9 3368 3406 3407 3369 3176
9 3369 3407 3408 3370 3177
9 3370 3408 3409 3371 3178
9 3371 3409 3410 3372 3179
9 3372 3410 3411 3373 3180
9 3373 3411 3412 3374 3181
9 3374 3412 3413 3375 3182
9 3375 3413 3414 3376 3183
9 3376 3414 3415 3377 3184
9 3377 3415 3416 3378 3185
9 3378 3416 3417 3379 3186
9 3379 3417 3418 3380 3187
9 3380 3418 3419 3381 3188
9 3381 3419 3420 3382 3189
9 3382 3420 3421 3383 3190
9 3383 3421 3422 3384 3191
9 3384 3422 3423 3385 3192
9 3385 3423 3424 3386 3193
9 3386 3424 3425 3387 3194
9 3387 3425 3426 3388 3195
9 3388 3426 3427 3389 3196
9 3389 3427 1681 1680 3197
9 3241 3242 3428 3390 3198
9 3390 3428 3429 3391 3199
9 3391 3429 3430 3392 3200
9 3392 3430 3431 3393 3201
9 3393 3431 3432 3394 3202
9 3394 3432 3433 3395 3203
9 3395 3433 3434 3396 3204
9 3396 3434 3435 3397 3205
9 3397 3435 3436 3398 3206
9 3398 3436 3437 3399 3207
9 3399 3437 3438 3400 3208
9 3400 3438 3439 3401 3209
9 3401 3439 3440 3402 3210
9 3402 3440 3441 3403 3211
9 3403 3441 3442 3404 3212
9 3404 3442 3443 3405 3213
9 3405 3443 3444 3406 3214
9 3406 3444 3445 3407 3215
9 3407 3445 3446 3408 3216
9 3408 3446 3447 3409 3217
9 3409 3447 3448 3410 3218
9 3410 3448 3449 3411 3219
9 3411 3449 3450 3412 3220
9 3412 3450 3451 3413 3221
9 3413 3451 3452 3414 3222
9 3414 3452 3453 3415 3223
9 3415 3453 3454 3416 3224
9 3416 3454 3455 3417 3225
9 3417 3455 3456 3418 3226
9 3418 3456 3457 3419 3227
9 3419 3457 3458 3420 3228
9 3420 3458 3459 3421 3229
9 3421 3459 3460 3422 3230
9 3422 3460 3461 3423 3231
9 3423 3461 3462 3424 3232
9 3424 3462 3463 3425 3233
9 3425 3463 3464 3426 3234
9 3426 3464 3465 3427 3235
9 3427 3465 1682 1681 3236
9 3242 3243 3466 3428 3237
9 3428 3466 3467 3429 3238
9 3429 3467 3468 3430 3239
9 3430 3468 3469 3431 3240
9 3431 3469 3470 3432 3241
9 3432 3470 3471 3433 3242
9 3433 3471 3472 3434 3243
9 3434 3472 3473 3435 3244
9 3435 3473 3474 3436 3245
9 3436 3474 3475 3437 3246
9 3437 3475 3476 3438 3247
9 3438 3476 3477 3439 3248
9 3439 3477 3478 3440 3249
9 3440 3478 3479 3441 3250
9 3441 3479 3480 3442 3251
9 3442 3480 3481 3443 3252
9 3443 3481 3482 3444 3253
9 3444 3482 3483 3445 3254
9 3445 3483 3484 3446 3255
9 3446 3484 3485 3447 3256
9 3447 3485 3486 3448 3257
9 3448 3486 3487 3449 3258
9 3449 3487 3488 3450 3259
9 3450 3488 3489 3451 3260
9 3451 3489 3490 3452 3261
9 3452 3490 3491 3453 3262
9 3453 3491 3492 3454 3263
9 3454 3492 3493 3455 3264
9 3455 3493 3494 3456 3265
9 3456 3494 3495 3457 3266
9 3457 3495 3496 3458 3267
9 3458 3496 3497 3459 3268
9 3459 3497 3498 3460 3269
9 3460 3498 3499 3461 3270
9 3461 3499 3500 3462 3271
9 3462 3500 3501 3463 3272
9 3463 3501 3502 3464 3273
9 3464 3502 3503 3465 3274
9 3465 3503 1683 1682 3275
9 3243 3244 3504 3466 3276
9 3466 3504 3505 3467 3277
9 3467 3505 3506 3468 3278
9 3468 3506 3507 3469 3279
9 3469 3507 3508 3470 3280
9 3470 3508 3509 3471 3281
9 3471 3509 3510 3472 3282
9 3472 3510 3511 3473 3283
9 3473 3511 3512 3474 3284
9 3474 3512 3513 3475 3285
9 3475 3513 3514 3476 3286
9 3476 3514 3515 3477 3287
9 3477 3515 3516 3478 3288
9 3478 3516 3517 3479 3289
9 3479 3517 3518 3480 3290
9 3480 3518 3519 3481 3291
9 3481 3519 3520 3482 3292
9 3482 3520 3521 3483 3293
9 3483 3521 3522 3484 3294
9 3484 3522 3523 3485 3295
9 3485 3523 3524 3486 3296
9 3486 3524 3525 3487 3297
9 3487 3525 3526 3488 3298
9 3488 3526 3527 3489 3299
9 3489 3527 3528 3490 3300
9 3490 3528 3529 3491 3301
9 3491 3529 3530 3492 3302
9 3492 3530 3531 3493 3303
9 3493 3531 3532 3494 3304
9 3494 3532 3533 3495 3305
9 3495 3533 3534 3496 3306
9 3496 3534 3535 3497 3307
9 3497 3535 3536 3498 3308
9 3498 3536 3537 3499 3309
9 3499 3537 3538 3500 3310
9 3500 3538 3539 3501 3311
9 3501 3539 3540 3502 3312
9 3502 3540 3541 3503 3313
9 3503 3541 1684 1683 3314
9 3244 3245 3542 3504 3315
9 3504 3542 3543 3505 3316
9 3505 3543 3544 3506 3317
9 3506 3544 3545 3507 3318
9 3507 3545 3546 3508 3319
9 3508 3546 3547 3509 3320
9 3509 3547 3548 3510 3321
9 3510 3548 3549 3511 3322
9 3511 3549 3550 3512 3323
9 3512 3550 3551 3513 3324
9 3513 3551 3552 3514 3325
9 3514 3552 3553 3515 3326
9 3515 3553 3554 3516 3327
9 3516 3554 3555 3517 3328
9 3517 3555 3556 3518 3329
9 3518 3556 3557 3519 3330
9 3519 3557 3558 3520 3331
9 3520 3558 3559 3521 3332
9 3521 3559 3560 3522 3333
9 3522 3560 3561 3523 3334
9 3523 3561 3562 3524 3335
9 3524 3562 3563 3525 3336
9 3525 3563 3564 3526 3337
9 3526 3564 3565 3527 3338
9 3527 3565 3566 3528 3339
9 3528 3566 3567 3529 3340
9 3529 3567 3568 3530 3341
9 3530 3568 3569 3531 3342
9 3531 3569 3570 3532 3343
9 3532 3570 3571 3533 3344
9 3533 3571 3572 3534 3345
9 3534 3572 3573 3535 3346
9 3535 3573 3574 3536 3347
9 3536 3574 3575 3537 3348
9 3537 3575 3576 3538 3349
9 3538 3576 3577 3539 3350
9 3539 3577 3578 3540 3351
9 3540 3578 3579 3541 3352
9 3541 3579 1685 1684 3353
9 3245 3246 3580 3542 3354
9 3542 3580 3581 3543 3355
9 3543 3581 3582 3544 3356
9 3544 3582 3583 3545 3357
9 3545 3583 3584 3546 3358
9 3546 3584 3585 3547 3359
9 3547 3585 3586 3548 3360
9 3548 3586 3587 3549 3361
9 3549 3587 3588 3550 3362
9 3550 3588 3589 3551 3363
9 3551 3589 3590 3552 3364
9 3552 3590 3591 3553 3365
9 3553 3591 3592 3554 3366
9 3554 3592 3593 3555 3367
9 3555 3593 3594 3556 3368
9 3556 3594 3595 3557 3369
9 3557 3595 3596 3558 3370
9 3558 3596 3597 3559 3371
9 3559 3597 3598 3560 3372
9 3560 3598 3599 3561 3373
9 3561 3599 3600 3562 3374
9 3562 3600 3601 3563 3375
9 3563 3601 3602 3564 3376
9 3564 3602 3603 3565 3377
9 3565 3603 3604 3566 3378
9 3566 3604 3605 3567 3379
9 3567 3605 3606 3568 3380
9 3568 3606 3607 3569 3381
9 3569 3607 3608 3570 3382
9 3570 3608 3609 3571 3383
9 3571 3609 3610 3572 3384
9 3572 3610 3611 3573 3385
9 3573 3611 3612 3574 3386
9 3574 3612 3613 3575 3387
9 3575 3613 3614 3576 3388
9 3576 3614 3615 3577 3389
9 3577 3615 3616 3578 3390
9 3578 3616 3617 3579 3391
9 3579 3617 1686 1685 3392
9 3246 3247 3618 3580 3393
9 3580 3618 3619 3581 3394
9 3581 3619 3620 3582 3395
9 3582 3620 3621 3583 3396
9 3583 3621 3622 3584 3397
9 3584 3622 3623 3585 3398
9 3585 3623 3624 3586 3399
9 3586 3624 3625 3587 3400
9 3587 3625 3626 3588 3401
9 3588 3626 3627 3589 3402
9 3589 3627 3628 3590 3403
9 3590 3628 3629 3591 3404
9 3591 3629 3630 3592 3405
9 3592 3630 3631 3593 3406
9 3593 3631 3632 3594 3407
9 3594 3632 3633 3595 3408
9 3595 3633 3634 3596 3409
9 3596 3634 3635 3597 3410
9 3597 3635 3636 3598 3411
9 3598 3636 3637 3599 3412
9 3599 3637 3638 3600 3413
9 3600 3638 3639 3601 3414
9 3601 3639 3640 3602 3415
9 3602 3640 3641 3603 3416
9 3603 3641 3642 3604 3417
9 3604 3642 3643 3605 3418
9 3605 3643 3644 3606 3419
9 3606 3644 3645 3607 3420
9 3607 3645 3646 3608 3421
9 3608 3646 3647 3609 3422
9 3609 3647 3648 3610 3423
9 3610 3648 3649 3611 3424
9 3611 3649 3650 3612 3425
9 3612 3650 3651 3613 3426
9 3613 3651 3652 3614 3427
9 3614 3652 3653 3615 3428
9 3615 3653 3654 3616 3429
9 3616 3654 3655 3617 3430
9 3617 3655 1687 1686 3431
9 3247 3248 3656 3618 3432
9 3618 3656 3657 3619 3433
9 3619 3657 3658 3620 3434
9 3620 3658 3659 3621 3435
9 3621 3659 3660 3622 3436
9 3622 3660 3661 3623 3437
9 3623 3661 3662 3624 3438
9 3624 3662 3663 3625 3439
9 3625 3663 3664 3626 3440
9 3626 3664 3665 3627 3441
9 3627 3665 3666 3628 3442
9 3628 3666 3667 3629 3443
9 3629 3667 3668 3630 3444
9 3630 3668 3669 3631 3445
9 3631 3669 3670 3632 3446
9 3632 3670 3671 3633 3447
9 3633 3671 3672 3634 3448
9 3634 3672 3673 3635 3449
9 3635 3673 3674 3636 3450
9 3636 3674 3675 3637 3451
9 3637 3675 3676 3638 3452
9 3638 3676 3677 3639 3453
9 3639 3677 3678 3640 3454
9 3640 3678 3679 3641 3455
9 3641 3679 3680 3642 3456
9 3642 3680 3681 3643 3457
9 3643 3681 3682 3644 3458
9 3644 3682 3683 3645 3459
9 3645 3683 3684 3646 3460
9 3646 3684 3685 3647 3461
9 3647 3685 3686 3648 3462
9 3648 3686 3687 3649 3463
9 3649 3687 3688 3650 3464
9 3650 3688 3689 3651 3465
9 3651 3689 3690 3652 3466
9 3652 3690 3691 3653 3467
9 3653 3691 3692 3654 3468
9 3654 3692 3693 3655 3469
9 3655 3693 1688 1687 3470
9 3248 3249 3694 3656 3471
9 3656 3694 3695 3657 3472
9 3657 3695 3696 3658 3473
9 3658 3696 3697 3659 3474
9 3659 3697 3698 3660 3475
9 3660 3698 3699 3661 3476
9 3661 3699 3700 3662 3477
9 3662 3700 3701 3663 3478
9 3663 3701 3702 3664 3479
9 3664 3702 3703 3665 3480
9 3665 3703 3704 3666 3481
9 3666 3704 3705 3667 3482
9 3667 3705 3706 3668 3483
9 3668 3706 3707 3669 3484
9 3669 3707 3708 3670 3485
9 3670 3708 3709 3671 3486
9 3671 3709 3710 3672 3487
9 3672 3710 3711 3673 3488
9 3673 3711 3712 3674 3489
9 3674 3712 3713 3675 3490
9 3675 3713 3714 3676 3491
9 3676 3714 3715 3677 3492
9 3677 3715 3716 3678 3493
9 3678 3716 3717 3679 3494
9 3679 3717 3718 3680 3495
9 3680 3718 3719 3681 3496
9 3681 3719 3720 3682 3497
9 3682 3720 3721 3683 3498
9 3683 3721 3722 3684 3499
9 3684 3722 3723 3685 3500
9 3685 3723 3724 3686 3501
9 3686 3724 3725 3687 3502
9 3687 3725 3726 3688 3503
9 3688 3726 3727 3689 3504
9 3689 3727 3728 3690 3505
9 3690 3728 3729 3691 3506
9 3691 3729 3730 3692 3507
9 3692 3730 3731 3693 3508
9 3693 3731 1689 1688 3509
9 3249 3250 3732 3694 3510
9 3694 3732 3733 3695 3511
9 3695 3733 3734 3696 3512
9 3696 3734 3735 3697 3513
9 3697 3735 3736 3698 3514
9 3698 3736 3737 3699 3515
9 3699 3737 3738 3700 3516
9 3700 3738 3739 3701 3517
9 3701 3739 3740 3702 3518
9 3702 3740 3741 3703 3519
9 3703 3741 3742 3704 3520
9 3704 3742 3743 3705 3521
9 3705 3743 3744 3706 3522
9 3706 3744 3745 3707 3523
9 3707 3745 3746 3708 3524
9 3708 3746 3747 3709 3525
9 3709 3747 3748 3710 3526
9 3710 3748 3749 3711 3527
9 3711 3749 3750 3712 3528
9 3712 3750 3751 3713 3529
9 3713 3751 3752 3714 3530
9 3714 3752 3753 3715 3531
9 3715 3753 3754 3716 3532
9 3716 3754 3755 3717 3533
9 3717 3755 3756 3718 3534
9 3718 3756 3757 3719 3535
9 3719 3757 3758 3720 3536
9 3720 3758 3759 3721 3537
9 3721 3759 3760 3722 3538
9 3722 3760 3761 3723 3539
9 3723 3761 3762 3724 3540
9 3724 3762 3763 3725 3541
9 3725 3763 3764 3726 3542
9 3726 3764 3765 3727 3543
9 3727 3765 3766 3728 3544
9 3728 3766 3767 3729 3545
9 3729 3767 3768 3730 3546
9 3730 3768 3769 3731 3547
9 3731 3769 1690 1689 3548
9 3250 3251 3770 3732 3549
9 3732 3770 3771 3733 3550
9 3733 3771 3772 3734 3551
9 3734 3772 3773 3735 3552
9 3735 3773 3774 3736 3553
9 3736 3774 3775 3737 3554
9 3737 3775 3776 3738 3555
9 3738 3776 3777 3739 3556
9 3739 3777 3778 3740 3557
9 3740 3778 3779 3741 3558
9 3741 3779 3780 3742 3559
9 3742 3780 3781 3743 3560
9 3743 3781 3782 3744 3561
9 3744 3782 3783 3745 3562
9 3745 3783 3784 3746 3563
9 3746 3784 3785 3747 3564
9 3747 3785 3786 3748 3565
9 3748 3786 3787 3749 3566
9 3749 3787 3788 3750 3567
9 3750 3788 3789 3751 3568
9 3751 3789 3790 3752 3569
9 3752 3790 3791 3753 3570
9 3753 3791 3792 3754 3571
9 3754 3792 3793 3755 3572
9 3755 3793 3794 3756 3573
9 3756 3794 3795 3757 3574
9 3757 3795 3796 3758 3575
9 3758 3796 3797 3759 3576
9 3759 3797 3798 3760 3577
9 3760 3798 3799 3761 3578
9 3761 3799 3800 3762 3579
9 3762 3800 3801 3763 3580
9 3763 3801 3802 3764 3581
9 3764 3802 3803 3765 3582
9 3765 3803 3804 3766 3583
9 3766 3804 3805 3767 3584
9 3767 3805 3806 3768 3585
9 3768 3806 3807 3769 3586
9 3769 3807 1691 1690 3587
9 3251 3252 3808 3770 3588
9 3770 3808 3809 3771 3589
9 3771 3809 3810 3772 3590
9 3772 3810 3811 3773 3591
9 3773 3811 3812 3774 3592
9 3774 3812 3813 3775 3593
9 3775 3813 3814 3776 3594
9 3776 3814 3815 3777 3595
9 3777 3815 3816 3778 3596
9 3778 3816 3817 3779 3597
9 3779 3817 3818 3780 3598
9 3780 3818 3819 3781 3599
9 3781 3819 3820 3782 3600
9 3782 3820 3821 3783 3601
9 3783 3821 3822 3784 3602
9 3784 3822 3823 3785 3603
9 3785 3823 3824 3786 3604
9 3786 3824 3825 3787 3605
9 3787 3825 3826 3788 3606
9 3788 3826 3827 3789 3607
9 3789 3827 3828 3790 3608
9 3790 3828 3829 3791 3609
9 3791 3829 3830 3792 3610
9 3792 3830 3831 3793 3611
9 3793 3831 3832 3794 3612
9 3794 3832 3833 3795 3613
9 3795 3833 3834 3796 3614
9 3796 3834 3835 3797 3615
9 3797 3835 3836 3798 3616
9 3798 3836 3837 3799 3617
9 3799 3837 3838 3800 3618
9 3800 3838 3839 3801 3619
9 3801 3839 3840 3802 3620
9 3802 3840 3841 3803 3621
9 3803 3841 3842 3804 3622
9 3804 3842 3843 3805 3623
9 3805 3843 3844 3806 3624
9 3806 3844 3845 3807 3625
9 3807 3845 1692 1691 3626
9 3252 3253 3846 3808 3627
9 3808 3846 3847 3809 3628
9 3809 3847 3848 3810 3629
9 3810 3848 3849 3811 3630
9 3811 3849 3850 3812 3631
9 3812 3850 3851 3813 3632
9 3813 3851 3852 3814 3633
9 3814 3852 3853 3815 3634
9 3815 3853 3854 3816 3635
9 3816 3854 3855 3817 3636
9 3817 3855 3856 3818 3637
9 3818 3856 3857 3819 3638
9 3819 3857 3858 3820 3639
9 3820 3858 3859 3821 3640
9 3821 3859 3860 3822 3641
9 3822 3860 3861 3823 3642
9 3823 3861 3862 3824 3643
9 3824 3862 3863 3825 3644
9 3825 3863 3864 3826 3645
9 3826 3864 3865 3827 3646
9 3827 3865 3866 3828 3647
9 3828 3866 3867 3829 3648
9 3829 3867 3868 3830 3649
9 3830 3868 3869 3831 3650
9 3831 3869 3870 3832 3651
9 3832 3870 3871 3833 3652
9 3833 3871 3872 3834 3653
9 3834 3872 3873 3835 3654
9 3835 3873 3874 3836 3655
9 3836 3874 3875 3837 3656
9 3837 3875 3876 3838 3657
9 3838 3876 3877 3839 3658
9 3839 3877 3878 3840 3659
9 3840 3878 3879 3841 3660
9 3841 3879 3880 3842 3661
9 3842 3880 3881 3843 3662
9 3843 3881 3882 3844 3663
9 3844 3882 3883 3845 3664
9 3845 3883 1693 1692 3665
9 3253 3254 3884 3846 3666
9 3846 3884 3885 3847 3667
9 3847 3885 3886 3848 3668
9 3848 3886 3887 3849 3669
9 3849 3887 3888 3850 3670
9 3850 3888 3889 3851 3671
9 3851 3889 3890 3852 3672
9 3852 3890 3891 3853 3673
9 3853 3891 3892 3854 3674
9 3854 3892 3893 3855 3675
9 3855 3893 3894 3856 3676
9 3856 3894 3895 3857 3677
9 3857 3895 3896 3858 3678
9 3858 3896 3897 3859 3679
9 3859 3897 3898 3860 3680
9 3860 3898 3899 3861 3681
9 3861 3899 3900 3862 3682
9 3862 3900 3901 3863 3683
9 3863 3901 3902 3864 3684
9 3864 3902 3903 3865 3685
9 3865 3903 3904 3866 3686
9 3866 3904 3905 3867 3687
9 3867 3905 3906 3868 3688
9 3868 3906 3907 3869 3689
9 3869 3907 3908 3870 3690
9 3870 3908 3909 3871 3691
9 3871 3909 3910 3872 3692
9 3872 3910 3911 3873 3693
9 3873 3911 3912 3874 3694
9 3874 3912 3913 3875 3695
9 3875 3913 3914 3876 3696
9 3876 3914 3915 3877 3697
9 3877 3915 3916 3878 3698
9 3878 3916 3917 3879 3699
9 3879 3917 3918 3880 3700
9 3880 3918 3919 3881 3701
9 3881 3919 3920 3882 3702
9 3882 3920 3921 3883 3703
9 3883 3921 1694 1693 3704
9 3254 3255 3922 3884 3705
9 3884 3922 3923 3885 3706
9 3885 3923 3924 3886 3707
9 3886 3924 3925 3887 3708
9 3887 3925 3926 3888 3709
9 3888 3926 3927 3889 3710
9 3889 3927 3928 3890 3711
9 3890 3928 3929 3891 3712
9 3891 3929 3930 3892 3713
9 3892 3930 3931 3893 3714
9 3893 3931 3932 3894 3715
9 3894 3932 3933 3895 3716
9 3895 3933 3934 3896 3717
9 3896 3934 3935 3897 3718
9 3897 3935 3936 3898 3719
9 3898 3936 3937 3899 3720
9 3899 3937 3938 3900 3721
9 3900 3938 3939 3901 3722
9 3901 3939 3940 3902 3723
9 3902 3940 3941 3903 3724
9 3903 3941 3942 3904 3725
9 3904 3942 3943 3905 3726
9 3905 3943 3944 3906 3727
9 3906 3944 3945 3907 3728
9 3907 3945 3946 3908 3729
9 3908 3946 3947 3909 3730
9 3909 3947 3948 3910 3731
9 3910 3948 3949 3911 3732
9 3911 3949 3950 3912 3733
9 3912 3950 3951 3913 3734
9 3913 3951 3952 3914 3735
9 3914 3952 3953 3915 3736
9 3915 3953 3954 3916 3737
9 3916 3954 3955 3917 3738
9 3917 3955 3956 3918 3739
9 3918 3956 3957 3919 3740
9 3919 3957 3958 3920 3741
9 3920 3958 3959 3921 3742
9 3921 3959 1695 1694 3743
9 3255 3256 3960 3922 3744
9 3922 3960 3961 3923 3745
9 3923 3961 3962 3924 3746
9 3924 3962 3963 3925 3747
9 3925 3963 3964 3926 3748
9 3926 3964 3965 3927 3749
9 3927 3965 3966 3928 3750
9 3928 3966 3967 3929 3751
9 3929 3967 3968 3930 3752
9 3930 3968 3969 3931 3753
9 3931 3969 3970 3932 3754
9 3932 3970 3971 3933 3755
9 3933 3971 3972 3934 3756
9 3934 3972 3973 3935 3757
9 3935 3973 3974 3936 3758
9 3936 3974 3975 3937 3759
9 3937 3975 3976 3938 3760
9 3938 3976 3977 3939 3761
9 3939 3977 3978 3940 3762
9 3940 3978 3979 3941 3763
9 3941 3979 3980 3942 3764
9 3942 3980 3981 3943 3765
9 3943 3981 3982 3944 3766
9 3944 3982 3983 3945 3767
9 3945 3983 3984 3946 3768
9 3946 3984 3985 3947 3769
9 3947 3985 3986 3948 3770
9 3948 3986 3987 3949 3771
9 3949 3987 3988 3950 3772
9 3950 3988 3989 3951 3773
9 3951 3989 3990 3952 3774
9 3952 3990 3991 3953 3775
9 3953 3991 3992 3954 3776
9 3954 3992 3993 3955 3777
9 3955 3993 3994 3956 3778
9 3956 3994 3995 3957 3779
9 3957 3995 3996 3958 3780
9 3958 3996 3997 3959 3781
9 3959 3997 1696 1695 3782
9 3256 3257 3998 3960 3783
9 3960 3998 3999 3961 3784
9 3961 3999 4000 3962 3785
9 3962 4000 4001 3963 3786
9 3963 4001 4002 3964 3787
9 3964 4002 4003 3965 3788
9 3965 4003 4004 3966 3789
9 3966 4004 4005 3967 3790
9 3967 4005 4006 3968 3791
9 3968 4006 4007 3969 3792
9 3969 4007 4008 3970 3793
9 3970 4008 4009 3971 3794
9 3971 4009 4010 3972 3795
9 3972 4010 4011 3973 3796
9 3973 4011 4012 3974 3797
9 3974 4012 4013 3975 3798
9 3975 4013 4014 3976 3799
9 3976 4014 4015 3977 3800
9 3977 4015 4016 3978 3801
9 3978 4016 4017 3979 3802
9 3979 4017 4018 3980 3803
9 3980 4018 4019 3981 3804
9 3981 4019 4020 3982 3805
9 3982 4020 4021 3983 3806
9 3983 4021 4022 3984 3807
9 3984 4022 4023 3985 3808
9 3985 4023 4024 3986 3809
9 3986 4024 4025 3987 3810
9 3987 4025 4026 3988 3811
9 3988 4026 4027 3989 3812
9 3989 4027 4028 3990 3813
9 3990 4028 4029 3991 3814
9 3991 4029 4030 3992 3815
9 3992 4030 4031 3993 3816
9 3993 4031 4032 3994 3817
9 3994 4032 4033 3995 3818
9 3995 4033 4034 3996 3819
9 3996 4034 4035 3997 3820
9 3997 4035 1697 1696 3821
9 3257 3258 4036 3998 3822
9 3998 4036 4037 3999 3823
9 3999 4037 4038 4000 3824
9 4000 4038 4039 4001 3825
9 4001 4039 4040 4002 3826
9 4002 4040 4041 4003 3827
9 4003 4041 4042 4004 3828
9 4004 4042 4043 4005 3829
9 4005 4043 4044 4006 3830
9 4006 4044 4045 4007 3831
9 4007 4045 4046 4008 3832
9 4008 4046 4047 4009 3833
9 4009 4047 4048 4010 3834
9 4010 4048 4049 4011 3835
9 4011 4049 4050 4012 3836
9 4012 4050 4051 4013 3837
9 4013 4051 4052 4014 3838
9 4014 4052 4053 4015 3839
9 4015 4053 4054 4016 3840
9 4016 4054 4055 4017 3841
9 4017 4055 4056 4018 3842
9 4018 4056 4057 4019 3843
9 4019 4057 4058 4020 3844
9 4020 4058 4059 4021 3845
9 4021 4059 4060 4022 3846
9 4022 4060 4061 4023 3847
9 4023 4061 4062 4024 3848
9 4024 4062 4063 4025 3849
9 4025 4063 4064 4026 3850
9 4026 4064 4065 4027 3851
9 4027 4065 4066 4028 3852
9 4028 4066 4067 4029 3853
9 4029 4067 4068 4030 3854
9 4030 4068 4069 4031 3855
9 4031 4069 4070 4032 3856
9 4032 4070 4071 4033 3857
9 4033 4071 4072 4034 3858
9 4034 4072 4073 4035 3859
9 4035 4073 1698 1697 3860
9 3258 3259 4074 4036 3861
9 4036 4074 4075 4037 3862
9 4037 4075 4076 4038 3863
9 4038 4076 4077 4039 3864
9 4039 4077 4078 4040 3865
9 4040 4078 4079 4041 3866
9 4041 4079 4080 4042 3867
9 4042 4080 4081 4043 3868
9 4043 4081 4082 4044 3869
9 4044 4082 4083 4045 3870
9 4045 4083 4084 4046 3871
9 4046 4084 4085 4047 3872
9 4047 4085 4086 4048 3873
9 4048 4086 4087 4049 3874
9 4049 4087 4088 4050 3875
9 4050 4088 4089 4051 3876
9 4051 4089 4090 4052 3877
9 4052 4090 4091 4053 3878
9 4053 4091 4092 4054 3879
9 4054 4092 4093 4055 3880
9 4055 4093 4094 4056 3881
9 4056 4094 4095 4057 3882
9 4057 4095 4096 4058 3883
9 4058 4096 4097 4059 3884
9 4059 4097 4098 4060 3885
9 4060 4098 4099 4061 3886
9 4061 4099 4100 4062 3887
9 4062 4100 4101 4063 3888
9 4063 4101 4102 4064 3889
9 4064 4102 4103 4065 3890
9 4065 4103 4104 4066 3891
9 4066 4104 4105 4067 3892
9 4067 4105 4106 4068 3893
9 4068 4106 4107 4069 3894
9 4069 4107 4108 4070 3895
9 4070 4108 4109 4071 3896
9 4071 4109 4110 4072 3897
9 4072 4110 4111 4073 3898
9 4073 4111 1699 1698 3899
9 3259 3260 4112 4074 3900
9 4074 4112 4113 4075 3901
9 4075 4113 4114 4076 3902
9 4076 4114 4115 4077 3903
9 4077 4115 4116 4078 3904
9 4078 4116 4117 4079 3905
9 4079 4117 4118 4080 3906
9 4080 4118 4119 4081 3907
9 4081 4119 4120 4082 3908
9 4082 4120 4121 4083 3909
9 4083 4121 4122 4084 3910
9 4084 4122 4123 4085 3911
9 4085 4123 4124 4086 3912
9 4086 4124 4125 4087 3913
9 4087 4125 4126 4088 3914
9 4088 4126 4127 4089 3915
9 4089 4127 4128 4090 3916
9 4090 4128 4129 4091 3917
9 4091 4129 4130 4092 3918
9 4092 4130 4131 4093 3919
9 4093 4131 4132 4094 3920
9 4094 4132 4133 4095 3921
9 4095 4133 4134 4096 3922
9 4096 4134 4135 4097 3923
9 4097 4135 4136 4098 3924
9 4098 4136 4137 4099 3925
9 4099 4137 4138 4100 3926
9 4100 4138 4139 4101 3927
9 4101 4139 4140 4102 3928
9 4102 4140 4141 4103 3929
9 4103 4141 4142 4104 3930
9 4104 4142 4143 4105 3931
9 4105 4143 4144 4106 3932
9 4106 4144 4145 4107 3933
9 4107 4145 4146 4108 3934
9 4108 4146 4147 4109 3935
9 4109 4147 4148 4110 3936
9 4110 4148 4149 4111 3937
9 4111 4149 1700 1699 3938
9 3260 3261 4150 4112 3939
9 4112 4150 4151 4113 3940
9 4113 4151 4152 4114 3941
9 4114 4152 4153 4115 3942
9 4115 4153 4154 4116 3943
9 4116 4154 4155 4117 3944
9 4117 4155 4156 4118 3945
9 4118 4156 4157 4119 3946
9 4119 4157 4158 4120 3947
9 4120 4158 4159 4121 3948
9 4121 4159 4160 4122 3949
9 4122 4160 4161 4123 3950
9 4123 4161 4162 4124 3951
9 4124 4162 4163 4125 3952
9 4125 4163 4164 4126 3953
9 4126 4164 4165 4127 3954
9 4127 4165 4166 4128 3955
9 4128 4166 4167 4129 3956
9 4129 4167 4168 4130 3957
9 4130 4168 4169 4131 3958
9 4131 4169 4170 4132 3959
9 4132 4170 4171 4133 3960
9 4133 4171 4172 4134 3961
9 4134 4172 4173 4135 3962
9 4135 4173 4174 4136 3963
9 4136 4174 4175 4137 3964
9 4137 4175 4176 4138 3965
9 4138 4176 4177 4139 3966
9 4139 4177 4178 4140 3967
9 4140 4178 4179 4141 3968
9 4141 4179 4180 4142 3969
9 4142 4180 4181 4143 3970
9 4143 4181 4182 4144 3971
9 4144 4182 4183 4145 3972
9 4145 4183 4184 4146 3973
9 4146 4184 4185 4147 3974
9 4147 4185 4186 4148 3975
9 4148 4186 4187 4149 3976
9 4149 4187 1701 1700 3977
9 3261 3262 4188 4150 3978
9 4150 4188 4189 4151 3979
9 4151 4189 4190 4152 3980
9 4152 4190 4191 4153 3981
9 4153 4191 4192 4154 3982
9 4154 4192 4193 4155 3983
9 4155 4193 4194 4156 3984
9 4156 4194 4195 4157 3985
9 4157 4195 4196 4158 3986
9 4158 4196 4197 4159 3987
9 4159 4197 4198 4160 3988
9 4160 4198 4199 4161 3989
9 4161 4199 4200 4162 3990
9 4162 4200 4201 4163 3991
9 4163 4201 4202 4164 3992
9 4164 4202 4203 4165 3993
9 4165 4203 4204 4166 3994
9 4166 4204 4205 4167 3995
9 4167 4205 4206 4168 3996
9 4168 4206 4207 4169 3997
9 4169 4207 4208 4170 3998
9 4170 4208 4209 4171 3999
9 4171 4209 4210 4172 4000
9 4172 4210 4211 4173 4001
9 4173 4211 4212 4174 4002
9 4174 4212 4213 4175 4003
9 4175 4213 4214 4176 4004
9 4176 4214 4215 4177 4005
9 4177 4215 4216 4178 4006
9 4178 4216 4217 4179 4007
9 4179 4217 4218 4180 4008
9 4180 4218 4219 4181 4009
9 4181 4219 4220 4182 4010
9 4182 4220 4221 4183 4011
9 4183 4221 4222 4184 4012
9 4184 4222 4223 4185 4013
9 4185 4223 4224 4186 4014
9 4186 4224 4225 4187 4015
9 4187 4225 1702 1701 4016
9 3262 3263 4226 4188 4017
9 4188 4226 4227 4189 4018
9 4189 4227 4228 4190 4019
9 4190 4228 4229 4191 4020
9 4191 4229 4230 4192 4021
9 4192 4230 4231 4193 4022
9 4193 4231 4232 4194 4023
9 4194 4232 4233 4195 4024
9 4195 4233 4234 4196 4025
9 4196 4234 4235 4197 4026
9 4197 4235 4236 4198 4027
9 4198 4236 4237 4199 4028
9 4199 4237 4238 4200 4029
9 4200 4238 4239 4201 4030
9 4201 4239 4240 4202 4031
9 4202 4240 4241 4203 4032
9 4203 4241 4242 4204 4033
9 4204 4242 4243 4205 4034
9 4205 4243 4244 4206 4035
9 4206 4244 4245 4207 4036
9 4207 4245 4246 4208 4037
9 4208 4246 4247 4209 4038
9 4209 4247 4248 4210 4039
9 4210 4248 4249 4211 4040
9 4211 4249 4250 4212 4041
9 4212 4250 4251 4213 4042
9 4213 4251 4252 4214 4043
9 4214 4252 4253 4215 4044
9 4215 4253 4254 4216 4045
9 4216 4254 4255 4217 4046
9 4217 4255 4256 4218 4047
9 4218 4256 4257 4219 4048
9 4219 4257 4258 4220 4049
9 4220 4258 4259 4221 4050
9 4221 4259 4260 4222 4051
9 4222 4260 4261 4223 4052
9 4223 4261 4262 4224 4053
9 4224 4262 4263 4225 4054
9 4225 4263 1703 1702 4055
9 3263 3264 4264 4226 4056
9 4226 4264 4265 4227 4057
9 4227 4265 4266 4228 4058
9 4228 4266 4267 4229 4059
9 4229 4267 4268 4230 4060
9 4230 4268 4269 4231 4061
9 4231 4269 4270 4232 4062
9 4232 4270 4271 4233 4063
9 4233 4271 4272 4234 4064
9 4234 4272 4273 4235 4065
9 4235 4273 4274 4236 4066
9 4236 4274 4275 4237 4067
9 4237 4275 4276 4238 4068
9 4238 4276 4277 4239 4069
9 4239 4277 4278 4240 4070
9 4240 4278 4279 4241 4071
9 4241 4279 4280 4242 4072
9 4242 4280 4281 4243 4073
9 4243 4281 4282 4244 4074
9 4244 4282 4283 4245 4075
9 4245 4283 4284 4246 4076
9 4246 4284 4285 4247 4077
9 4247 4285 4286 4248 4078
9 4248 4286 4287 4249 4079
9 4249 4287 4288 4250 4080
9 4250 4288 4289 4251 4081
9 4251 4289 4290 4252 4082
9 4252 4290 4291 4253 4083
9 4253 4291 4292 4254 4084
9 4254 4292 4293 4255 4085
9 4255 4293 4294 4256 4086
9 4256 4294 4295 4257 4087
9 4257 4295 4296 4258 4088
9 4258 4296 4297 4259 4089
9 4259 4297 4298 4260 4090
9 4260 4298 4299 4261 4091
9 4261 4299 4300 4262 4092
9 4262 4300 4301 4263 4093
9 4263 4301 1704 1703 4094
9 3264 3265 4302 4264 4095
9 4264 4302 4303 4265 4096
9 4265 4303 4304 4266 4097
9 4266 4304 4305 4267 4098
9 4267 4305 4306 4268 4099
9 4268 4306 4307 4269 4100
9 4269 4307 4308 4270 4101
9 4270 4308 4309 4271 4102
9 4271 4309 4310 4272 4103
9 4272 4310 4311 4273 4104
9 4273 4311 4312 4274 4105
9 4274 4312 4313 4275 4106
9 4275 4313 4314 4276 4107
9 4276 4314 4315 4277 4108
9 4277 4315 4316 4278 4109
9 4278 4316 4317 4279 4110
9 4279 4317 4318 4280 4111
9 4280 4318 4319 4281 4112
9 4281 4319 4320 4282 4113
9 4282 4320 4321 4283 4114
9 4283 4321 4322 4284 4115
9 4284 4322 4323 4285 4116
9 4285 4323 4324 4286 4117
9 4286 4324 4325 4287 4118
9 4287 4325 4326 4288 4119
9 4288 4326 4327 4289 4120
9 4289 4327 4328 4290 4121
9 4290 4328 4329 4291 4122
9 4291 4329 4330 4292 4123
9 4292 4330 4331 4293 4124
9 4293 4331 4332 4294 4125
9 4294 4332 4333 4295 4126
9 4295 4333 4334 4296 4127
9 4296 4334 4335 4297 4128
9 4297 4335 4336 4298 4129
9 4298 4336 4337 4299 4130
9 4299 4337 4338 4300 4131
9 4300 4338 4339 4301 4132
9 4301 4339 1705 1704 4133
9 3265 3266 4340 4302 4134
9 4302 4340 4341 4303 4135
9 4303 4341 4342 4304 4136
9 4304 4342 4343 4305 4137
9 4305 4343 4344 4306 4138
9 4306 4344 4345 4307 4139
9 4307 4345 4346 4308 4140
9 4308 4346 4347 4309 4141
9 4309 4347 4348 4310 4142
9 4310 4348 4349 4311 4143
9 4311 4349 4350 4312 4144
9 4312 4350 4351 4313 4145
9 4313 4351 4352 4314 4146
9 4314 4352 4353 4315 4147
9 4315 4353 4354 4316 4148
9 4316 4354 4355 4317 4149
9 4317 4355 4356 4318 4150
9 4318 4356 4357 4319 4151
9 4319 4357 4358 4320 4152
9 4320 4358 4359 4321 4153
9 4321 4359 4360 4322 4154
9 4322 4360 4361 4323 4155
9 4323 4361 4362 4324 4156
9 4324 4362 4363 4325 4157
9 4325 4363 4364 4326 4158
9 4326 4364 4365 4327 4159
9 4327 4365 4366 4328 4160
9 4328 4366 4367 4329 4161
9 4329 4367 4368 4330 4162
9 4330 4368 4369 4331 4163
9 4331 4369 4370 4332 4164
9 4332 4370 4371 4333 4165
9 4333 4371 4372 4334 4166
9 4334 4372 4373 4335 4167
9 4335 4373 4374 4336 4168
9 4336 4374 4375 4337 4169
9 4337 4375 4376 4338 4170
9 4338 4376 4377 4339 4171
9 4339 4377 1706 1705 4172
9 3266 3267 4378 4340 4173
9 4340 4378 4379 4341 4174
9 4341 4379 4380 4342 4175
9 4342 4380 4381 4343 4176
9 4343 4381 4382 4344 4177
9 4344 4382 4383 4345 4178
9 4345 4383 4384 4346 4179
9 4346 4384 4385 4347 4180
9 4347 4385 4386 4348 4181
9 4348 4386 4387 4349 4182
9 4349 4387 4388 4350 4183
9 4350 4388 4389 4351 4184
9 4351 4389 4390 4352 4185
9 4352 4390 4391 4353 4186
9 4353 4391 4392 4354 4187
9 4354 4392 4393 4355 4188
9 4355 4393 4394 4356 4189
9 4356 4394 4395 4357 4190
9 4357 4395 4396 4358 4191
9 4358 4396 4397 4359 4192
9 4359 4397 4398 4360 4193
9 4360 4398 4399 4361 4194
9 4361 4399 4400 4362 4195
9 4362 4400 4401 4363 4196
9 4363 4401 4402 4364 4197
9 4364 4402 4403 4365 4198
9 4365 4403 4404 4366 4199
9 4366 4404 4405 4367 4200
9 4367 4405 4406 4368 4201
9 4368 4406 4407 4369 4202
9 4369 4407 4408 4370 4203
9 4370 4408 4409 4371 4204
9 4371 4409 4410 4372 4205
9 4372 4410 4411 4373 4206
9 4373 4411 4412 4374 4207
9 4374 4412 4413 4375 4208
9 4375 4413 4414 4376 4209
9 4376 4414 4415 4377 4210
9 4377 4415 1707 1706 4211
9 3267 3268 4416 4378 4212
9 4378 4416 4417 4379 4213
9 4379 4417 4418 4380 4214
9 4380 4418 4419 4381 4215
9 4381 4419 4420 4382 4216
9 4382 4420 4421 4383 4217
9 4383 4421 4422 4384 4218
9 4384 4422 4423 4385 4219
9 4385 4423 4424 4386 4220
9 4386 4424 4425 4387 4221
9 4387 4425 4426 4388 4222
9 4388 4426 4427 4389 4223
9 4389 4427 4428 4390 4224
9 4390 4428 4429 4391 4225
9 4391 4429 4430 4392 4226
9 4392 4430 4431 4393 4227
9 4393 4431 4432 4394 4228
9 4394 4432 4433 4395 4229
9 4395 4433 4434 4396 4230
9 4396 4434 4435 4397 4231
9 4397 4435 4436 4398 4232
9 4398 4436 4437 4399 4233
9 4399 4437 4438 4400 4234
9 4400 4438 4439 4401 4235
9 4401 4439 4440 4402 4236
9 4402 4440 4441 4403 4237
9 4403 4441 4442 4404 4238
9 4404 4442 4443 4405 4239
9 4405 4443 4444 4406 4240
9 4406 4444 4445 4407 4241
9 4407 4445 4446 4408 4242
9 4408 4446 4447 4409 4243
9 4409 4447 4448 4410 4244
9 4410 4448 4449 4411 4245
9 4411 4449 4450 4412 4246
9 4412 4450 4451 4413 4247
9 4413 4451 4452 4414 4248
9 4414 4452 4453 4415 4249
9 4415 4453 1708 1707 4250
9 3268 3269 4454 4416 4251
9 4416 4454 4455 4417 4252
9 4417 4455 4456 4418 4253
9 4418 4456 4457 4419 4254
9 4419 4457 4458 4420 4255
9 4420 4458 4459 4421 4256
9 4421 4459 4460 4422 4257
9 4422 4460 4461 4423 4258
9 4423 4461 4462 4424 4259
9 4424 4462 4463 4425 4260
9 4425 4463 4464 4426 4261
9 4426 4464 4465 4427 4262
9 4427 4465 4466 4428 4263
9 4428 4466 4467 4429 4264
9 4429 4467 4468 4430 4265
9 4430 4468 4469 4431 4266
9 4431 4469 4470 4432 4267
9 4432 4470 4471 4433 4268
9 4433 4471 4472 4434 4269
9 4434 4472 4473 4435 4270
9 4435 4473 4474 4436 4271
9 4436 4474 4475 4437 4272
9 4437 4475 4476 4438 4273
9 4438 4476 4477 4439 4274
9 4439 4477 4478 4440 4275
9 4440 4478 4479 4441 4276
9 4441 4479 4480 4442 4277
9 4442 4480 4481 4443 4278
9 4443 4481 4482 4444 4279
9 4444 4482 4483 4445 4280
9 4445 4483 4484 4446 4281
9 4446 4484 4485 4447 4282
9 4447 4485 4486 4448 4283
9 4448 4486 4487 4449 4284
9 4449 4487 4488 4450 4285
9 4450 4488 4489 4451 4286
9 4451 4489 4490 4452 4287
9 4452 4490 4491 4453 4288
9 4453 4491 1709 1708 4289
9 3269 3270 4492 4454 4290
9 4454 4492 4493 4455 4291
9 4455 4493 4494 4456 4292
9 4456 4494 4495 4457 4293
9 4457 4495 4496 4458 4294
9 4458 4496 4497 4459 4295
9 4459 4497 4498 4460 4296
9 4460 4498 4499 4461 4297
9 4461 4499 4500 4462 4298
9 4462 4500 4501 4463 4299
9 4463 4501 4502 4464 4300
9 4464 4502 4503 4465 4301
9 4465 4503 4504 4466 4302
9 4466 4504 4505 4467 4303
9 4467 4505 4506 4468 4304
9 4468 4506 4507 4469 4305
9 4469 4507 4508 4470 4306
9 4470 4508 4509 4471 4307
9 4471 4509 4510 4472 4308
9 4472 4510 4511 4473 4309
9 4473 4511 4512 4474 4310
9 4474 4512 4513 4475 4311
9 4475 4513 4514 4476 4312
9 4476 4514 4515 4477 4313
9 4477 4515 4516 4478 4314
9 4478 4516 4517 4479 4315
9 4479 4517 4518 4480 4316
9 4480 4518 4519 4481 4317
9 4481 4519 4520 4482 4318
9 4482 4520 4521 4483 4319
9 4483 4521 4522 4484 4320
9 4484 4522 4523 4485 4321
9 4485 4523 4524 4486 4322
9 4486 4524 4525 4487 4323
9 4487 4525 4526 4488 4324
9 4488 4526 4527 4489 4325
9 4489 4527 4528 4490 4326
9 4490 4528 4529 4491 4327
9 4491 4529 1710 1709 4328
9 3270 3271 4530 4492 4329
9 4492 4530 4531 4493 4330
9 4493 4531 4532 4494 4331
9 4494 4532 4533 4495 4332
9 4495 4533 4534 4496 4333
9 4496 4534 4535 4497 4334
9 4497 4535 4536 4498 4335
9 4498 4536 4537 4499 4336
9 4499 4537 4538 4500 4337
9 4500 4538 4539 4501 4338
9 4501 4539 4540 4502 4339
9 4502 4540 4541 4503 4340
9 4503 4541 4542 4504 4341
9 4504 4542 4543 4505 4342
9 4505 4543 4544 4506 4343
9 4506 4544 4545 4507 4344
9 4507 4545 4546 4508 4345
9 4508 4546 4547 4509 4346
9 4509 4547 4548 4510 4347
9 4510 4548 4549 4511 4348
9 4511 4549 4550 4512 4349
9 4512 4550 4551 4513 4350
9 4513 4551 4552 4514 4351
9 4514 4552 4553 4515 4352
9 4515 4553 4554 4516 4353
9 4516 4554 4555 4517 4354
9 4517 4555 4556 4518 4355
9 4518 4556 4557 4519 4356
9 4519 4557 4558 4520 4357
9 4520 4558 4559 4521 4358
9 4521 4559 4560 4522 4359
9 4522 4560 4561 4523 4360
9 4523 4561 4562 4524 4361
9 4524 4562 4563 4525 4362
9 4525 4563 4564 4526 4363
9 4526 4564 4565 4527 4364
9 4527 4565 4566 4528 4365
9 4528 4566 4567 4529 4366
9 4529 4567 1711 1710 4367
9 3271 3272 4568 4530 4368
9 4530 4568 4569 4531 4369
9 4531 4569 4570 4532 4370
9 4532 4570 4571 4533 4371
9 4533 4571 4572 4534 4372
9 4534 4572 4573 4535 4373
9 4535 4573 4574 4536 4374
9 4536 4574 4575 4537 4375
9 4537 4575 4576 4538 4376
9 4538 4576 4577 4539 4377
9 4539 4577 4578 4540 4378
9 4540 4578 4579 4541 4379
9 4541 4579 4580 4542 4380
9 4542 4580 4581 4543 4381
9 4543 4581 4582 4544 4382
9 4544 4582 4583 4545 4383
9 4545 4583 4584 4546 4384
9 4546 4584 4585 4547 4385
9 4547 4585 4586 4548 4386
9 4548 4586 4587 4549 4387
9 4549 4587 4588 4550 4388
9 4550 4588 4589 4551 4389
9 4551 4589 4590 4552 4390
9 4552 4590 4591 4553 4391
9 4553 4591 4592 4554 4392
9 4554 4592 4593 4555 4393
9 4555 4593 4594 4556 4394
9 4556 4594 4595 4557 4395
9 4557 4595 4596 4558 4396
9 4558 4596 4597 4559 4397
9 4559 4597 4598 4560 4398
9 4560 4598 4599 4561 4399
9 4561 4599 4600 4562 4400
9 4562 4600 4601 4563 4401
9 4563 4601 4602 4564 4402
9 4564 4602 4603 4565 4403
9 4565 4603 4604 4566 4404
9 4566 4604 4605 4567 4405
9 4567 4605 1712 1711 4406
9 3272 3273 4606 4568 4407
9 4568 4606 4607 4569 4408
9 4569 4607 4608 4570 4409
9 4570 4608 4609 4571 4410
9 4571 4609 4610 4572 4411
9 4572 4610 4611 4573 4412
9 4573 4611 4612 4574 4413
9 4574 4612 4613 4575 4414
9 4575 4613 4614 4576 4415
9 4576 4614 4615 4577 4416
9 4577 4615 4616 4578 4417
9 4578 4616 4617 4579 4418
9 4579 4617 4618 4580 4419
9 4580 4618 4619 4581 4420
9 4581 4619 4620 4582 4421
9 4582 4620 4621 4583 4422
9 4583 4621 4622 4584 4423
9 4584 4622 4623 4585 4424
9 4585 4623 4624 4586 4425
9 4586 4624 4625 4587 4426
9 4587 4625 4626 4588 4427
9 4588 4626 4627 4589 4428
9 4589 4627 4628 4590 4429
9 4590 4628 4629 4591 4430
9 4591 4629 4630 4592 4431
9 4592 4630 4631 4593 4432
9 4593 4631 4632 4594 4433
9 4594 4632 4633 4595 4434
9 4595 4633 4634 4596 4435
9 4596 4634 4635 4597 4436
9 4597 4635 4636 4598 4437
9 4598 4636 4637 4599 4438
9 4599 4637 4638 4600 4439
9 4600 4638 4639 4601 4440
9 4601 4639 4640 4602 4441
9 4602 4640 4641 4603 4442
9 4603 4641 4642 4604 4443
9 4604 4642 4643 4605 4444
9 4605 4643 1713 1712 4445
9 3273 3274 4644 4606 4446
9 4606 4644 4645 4607 4447
9 4607 4645 4646 4608 4448
9 4608 4646 4647 4609 4449
9 4609 4647 4648 4610 4450
9 4610 4648 4649 4611 4451
9 4611 4649 4650 4612 4452
9 4612 4650 4651 4613 4453
9 4613 4651 4652 4614 4454
9 4614 4652 4653 4615 4455
9 4615 4653 4654 4616 4456
9 4616 4654 4655 4617 4457
9 4617 4655 4656 4618 4458
9 4618 4656 4657 4619 4459
9 4619 4657 4658 4620 4460
9 4620 4658 4659 4621 4461
9 4621 4659 4660 4622 4462
9 4622 4660 4661 4623 4463
9 4623 4661 4662 4624 4464
9 4624 4662 4663 4625 4465
9 4625 4663 4664 4626 4466
9 4626 4664 4665 4627 4467
9 4627 4665 4666 4628 4468
9 4628 4666 4667 4629 4469
9 4629 4667 4668 4630 4470
9 4630 4668 4669 4631 4471
9 4631 4669 4670 4632 4472
9 4632 4670 4671 4633 4473
9 4633 4671 4672 4634 4474
9 4634 4672 4673 4635 4475
9 4635 4673 4674 4636 4476
9 4636 4674 4675 4637 4477
9 4637 4675 4676 4638 4478
9 4638 4676 4677 4639 4479
9 4639 4677 4678 4640 4480
9 4640 4678 4679 4641 4481
9 4641 4679 4680 4642 4482
9 4642 4680 4681 4643 4483
9 4643 4681 1714 1713 4484
9 3274 3275 4682 4644 4485
9 4644 4682 4683 4645 4486
9 4645 4683 4684 4646 4487
9 4646 4684 4685 4647 4488
9 4647 4685 4686 4648 4489
9 4648 4686 4687 4649 4490
9 4649 4687 4688 4650 4491
9 4650 4688 4689 4651 4492
9 4651 4689 4690 4652 4493
9 4652 4690 4691 4653 4494
9 4653 4691 4692 4654 4495
9 4654 4692 4693 4655 4496
9 4655 4693 4694 4656 4497
9 4656 4694 4695 4657 4498
9 4657 4695 4696 4658 4499
9 4658 4696 4697 4659 4500
9 4659 4697 4698 4660 4501
9 4660 4698 4699 4661 4502
9 4661 4699 4700 4662 4503
9 4662 4700 4701 4663 4504
9 4663 4701 4702 4664 4505
9 4664 4702 4703 4665 4506
9 4665 4703 4704 4666 4507
9 4666 4704 4705 4667 4508
9 4667 4705 4706 4668 4509
9 4668 4706 4707 4669 4510
9 4669 4707 4708 4670 4511
9 4670 4708 4709 4671 4512
9 4671 4709 4710 4672 4513
9 4672 4710 4711 4673 4514
9 4673 4711 4712 4674 4515
9 4674 4712 4713 4675 4516
9 4675 4713 4714 4676 4517
9 4676 4714 4715 4677 4518
9 4677 4715 4716 4678 4519
9 4678 4716 4717 4679 4520
9 4679 4717 4718 4680 4521
9 4680 4718 4719 4681 4522
9 4681 4719 1715 1714 4523
9 3275 3160 3237 4682 4524
9 4682 3237 3236 4683 4525
9 4683 3236 3235 4684 4526
9 4684 3235 3234 4685 4527
9 4685 3234 3233 4686 4528
9 4686 3233 3232 4687 4529
9 4687 3232 3231 4688 4530
9 4688 3231 3230 4689 4531
9 4689 3230 3229 4690 4532
9 4690 3229 3228 4691 4533
9 4691 3228 3227 4692 4534
9 4692 3227 3226 4693 4535
9 4693 3226 3225 4694 4536
9 4694 3225 3224 4695 4537
9 4695 3224 3223 4696 4538
9 4696 3223 3222 4697 4539
9 4697 3222 3221 4698 4540
9 4698 3221 3220 4699 4541
9 4699 3220 3219 4700 4542
9 4700 3219 3218 4701 4543
9 4701 3218 3217 4702 4544
9 4702 3217 3216 4703 4545
9 4703 3216 3215 4704 4546
9 4704 3215 3214 4705 4547
9 4705 3214 3213 4706 4548
9 4706 3213 3212 4707 4549
9 4707 3212 3211 4708 4550
9 4708 3211 3210 4709 4551
9 4709 3210 3209 4710 4552
9 4710 3209 3208 4711 4553
9 4711 3208 3207 4712 4554
9 4712 3207 3206 4713 4555
9 4713 3206 3205 4714 4556
9 4714 3205 3204 4715 4557
9 4715 3204 3203 4716 4558
9 4716 3203 3202 4717 4559
9 4717 3202 3201 4718 4560
9 4718 3201 3200 4719 4561
9 4719 3200 1600 1715 4562
9 4721 4798 4836 4759 4563
9 4759 4836 4837 4758 4564
9 4758 4837 4838 4757 4565
9 4757 4838 4839 4756 4566
9 4756 4839 4840 4755 4567
9 4755 4840 4841 4754 4568
9 4754 4841 4842 4753 4569
9 4753 4842 4843 4752 4570
9 4752 4843 4844 4751 4571
9 4751 4844 4845 4750 4572
9 4750 4845 4846 4749 4573
9 4749 4846 4847 4748 4574
9 4748 4847 4848 4747 4575
9 4747 4848 4849 4746 4576
9 4746 4849 4850 4745 4577
9 4745 4850 4851 4744 4578
9 4744 4851 4852 4743 4579
9 4743 4852 4853 4742 4580
9 4742 4853 4854 4741 4581
9 4741 4854 4855 4740 4582
9 4740 4855 4856 4739 4583
9 4739 4856 4857 4738 4584
9 4738 4857 4858 4737 4585
9 4737 4858 4859 4736 4586
9 4736 4859 4860 4735 4587
9 4735 4860 4861 4734 4588
9 4734 4861 4862 4733 4589
9 4733 4862 4863 4732 4590
9 4732 4863 4864 4731 4591
9 4731 4864 4865 4730 4592
9 4730 4865 4866 4729 4593
9 4729 4866 4867 4728 4594
9 4728 4867 4868 4727 4595
9 4727 4868 4869 4726 4596
9 4726 4869 4870 4725 4597
9 4725 4870 4871 4724 4598
9 4724 4871 4872 4723 4599
9 4723 4872 4873 4722 4600
9 4722 4873 3238 3161 4601
9 4798 4799 4874 4836 4602
9 4836 4874 4875 4837 4603
9 4837 4875 4876 4838 4604
9 4838 4876 4877 4839 4605
9 4839 4877 4878 4840 4606
9 4840 4878 4879 4841 4607
9 4841 4879 4880 4842 4608
9 4842 4880 4881 4843 4609
9 4843 4881 4882 4844 4610
9 4844 4882 4883 4845 4611
9 4845 4883 4884 4846 4612
9 4846 4884 4885 4847 4613
9 4847 4885 4886 4848 4614
9 4848 4886 4887 4849 4615
9 4849 4887 4888 4850 4616
9 4850 4888 4889 4851 4617
9 4851 4889 4890 4852 4618
9 4852 4890 4891 4853 4619
9 4853 4891 4892 4854 4620
9 4854 4892 4893 4855 4621
9 4855 4893 4894 4856 4622
9 4856 4894 4895 4857 4623
9 4857 4895 4896 4858 4624
9 4858 4896 4897 4859 4625
9 4859 4897 4898 4860 4626
9 4860 4898 4899 4861 4627
9 4861 4899 4900 4862 4628
9 4862 4900 4901 4863 4629
9 4863 4901 4902 4864 4630
9 4864 4902 4903 4865 4631
9 4865 4903 4904 4866 4632
9 4866 4904 4905 4867 4633
9 4867 4905 4906 4868 4634
9 4868 4906 4907 4869 4635
9 4869 4907 4908 4870 4636
9 4870 4908 4909 4871 4637
9 4871 4909 4910 4872 4638
9 4872 4910 4911 4873 4639
9 4873 4911 3239 3238 4640
9 4799 4800 4912 4874 4641
9 4874 4912 4913 4875 4642
9 4875 4913 4914 4876 4643
9 4876 4914 4915 4877 4644
9 4877 4915 4916 4878 4645
9 4878 4916 4917 4879 4646
9 4879 4917 4918 4880 4647
9 4880 4918 4919 4881 4648
9 4881 4919 4920 4882 4649
9 4882 4920 4921 4883 4650
9 4883 4921 4922 4884 4651
9 4884 4922 4923 4885 4652
9 4885 4923 4924 4886 4653
9 4886 4924 4925 4887 4654
9 4887 4925 4926 4888 4655
9 4888 4926 4927 4889 4656
9 4889 4927 4928 4890 4657
9 4890 4928 4929 4891 4658
9 4891 4929 4930 4892 4659
9 4892 4930 4931 4893 4660
9 4893 4931 4932 4894 4661
9 4894 4932 4933 4895 4662
9 4895 4933 4934 4896 4663
9 4896 4934 4935 4897 4664
9 4897 4935 4936 4898 4665
9 4898 4936 4937 4899 4666
9 4899 4937 4938 4900 4667
9 4900 4938 4939 4901 4668
9 4901 4939 4940 4902 4669
9 4902 4940 4941 4903 4670
9 4903 4941 4942 4904 4671
9 4904 4942 4943 4905 4672
9 4905 4943 4944 4906 4673
9 4906 4944 4945 4907 4674
9 4907 4945 4946 4908 4675
9 4908 4946 4947 4909 4676
9 4909 4947 4948 4910 4677
9 4910 4948 4949 4911 4678
9 4911 4949 3240 3239 4679
9 4800 4801 4950 4912 4680
9 4912 4950 4951 4913 4681
9 4913 4951 4952 4914 4682
9 4914 4952 4953 4915 4683
9 4915 4953 4954 4916 4684
9 4916 4954 4955 4917 4685
9 4917 4955 4956 4918 4686
9 4918 4956 4957 4919 4687
9 4919 4957 4958 4920 4688
9 4920 4958 4959 4921 4689
9 4921 4959 4960 4922 4690
9 4922 4960 4961 4923 4691
9 4923 4961 4962 4924 4692
9 4924 4962 4963 4925 4693
9 4925 4963 4964 4926 4694
9 4926 4964 4965 4927 4695
9 4927 4965 4966 4928 4696
9 4928 4966 4967 4929 4697
9 4929 4967 4968 4930 4698
9 4930 4968 4969 4931 4699
9 4931 4969 4970 4932 4700
9 4932 4970 4971 4933 4701
9 4933 4971 4972 4934 4702
9 4934 4972 4973 4935 4703
9 4935 4973 4974 4936 4704
9 4936 4974 4975 4937 4705
9 4937 4975 4976 4938 4706
9 4938 4976 4977 4939 4707
9 4939 4977 4978 4940 4708
9 4940 4978 4979 4941 4709
9 4941 4979 4980 4942 4710
9 4942 4980 4981 4943 4711
9 4943 4981 4982 4944 4712
9 4944 4982 4983 4945 4713
9 4945 4983 4984 4946 4714
9 4946 4984 4985 4947 4715
9 4947 4985 4986 4948 4716
9 4948 4986 4987 4949 4717
9 4949 4987 3241 3240 4718
9 4801 4802 4988 4950 4719
9 4950 4988 4989 4951 4720
9 4951 4989 4990 4952 4721
9 4952 4990 4991 4953 4722
9 4953 4991 4992 4954 4723
9 4954 4992 4993 4955 4724
9 4955 4993 4994 4956 4725
9 4956 4994 4995 4957 4726
9 4957 4995 4996 4958 4727
9 4958 4996 4997 4959 4728
9 4959 4997 4998 4960 4729
9 4960 4998 4999 4961 4730
9 4961 4999 5000 4962 4731
9 4962 5000 5001 4963 4732
9 4963 5001 5002 4964 4733
9 4964 5002 5003 4965 4734
9 4965 5003 5004 4966 4735
9 4966 5004 5005 4967 4736
9 4967 5005 5006 4968 4737
9 4968 5006 5007 4969 4738
9 4969 5007 5008 4970 4739
9 4970 5008 5009 4971 4740
9 4971 5009 5010 4972 4741
9 4972 5010 5011 4973 4742
9 4973 5011 5012 4974 4743
9 4974 5012 5013 4975 4744
9 4975 5013 5014 4976 4745
9 4976 5014 5015 4977 4746
9 4977 5015 5016 4978 4747
9 4978 5016 5017 4979 4748
9 4979 5017 5018 4980 4749
9 4980 5018 5019 4981 4750
9 4981 5019 5020 4982 4751
9 4982 5020 5021 4983 4752
9 4983 5021 5022 4984 4753
9 4984 5022 5023 4985 4754
9 4985 5023 5024 4986 4755
9 4986 5024 5025 4987 4756
9 4987 5025 3242 3241 4757
9 4802 4803 5026 4988 4758
9 4988 5026 5027 4989 4759
9 4989 5027 5028 4990 4760
9 4990 5028 5029 4991 4761
9 4991 5029 5030 4992 4762
9 4992 5030 5031 4993 4763
9 4993 5031 5032 4994 4764
9 4994 5032 5033 4995 4765
9 4995 5033 5034 4996 4766
9 4996 5034 5035 4997 4767
9 4997 5035 5036 4998 4768
9 4998 5036 5037 4999 4769
9 4999 5037 5038 5000 4770
9 5000 5038 5039 5001 4771
9 5001 5039 5040 5002 4772
9 5002 5040 5041 5003 4773
9 5003 5041 5042 5004 4774
9 5004 5042 5043 5005 4775
9 5005 5043 5044 5006 4776
9 5006 5044 5045 5007 4777
9 5007 5045 5046 5008 4778
9 5008 5046 5047 5009 4779
9 5009 5047 5048 5010 4780
9 5010 5048 5049 5011 4781
9 5011 5049 5050 5012 4782
9 5012 5050 5051 5013 4783
9 5013 5051 5052 5014 4784
9 5014 5052 5053 5015 4785
9 5015 5053 5054 5016 4786
9 5016 5054 5055 5017 4787
9 5017 5055 5056 5018 4788
9 5018 5056 5057 5019 4789
9 5019 5057 5058 5020 4790
9 5020 5058 5059 5021 4791
9 5021 5059 5060 5022 4792
9 5022 5060 5061 5023 4793
9 5023 5061 5062 5024 4794
9 5024 5062 5063 5025 4795
9 5025 5063 3243 3242 4796
9 4803 4804 5064 5026 4797
9 5026 5064 5065 5027 4798
9 5027 5065 5066 5028 4799
9 5028 5066 5067 5029 4800
9 5029 5067 5068 5030 4801
9 5030 5068 5069 5031 4802
9 5031 5069 5070 5032 4803
9 5032 5070 5071 5033 4804
9 5033 5071 5072 5034 4805
9 5034 5072 5073 5035 4806
9 5035 5073 5074 5036 4807
9 5036 5074 5075 5037 4808
9 5037 5075 5076 5038 4809
9 5038 5076 5077 5039 4810
9 5039 5077 5078 5040 4811
9 5040 5078 5079 5041 4812
9 5041 5079 5080 5042 4813
9 5042 5080 5081 5043 4814
9 5043 5081 5082 5044 4815
9 5044 5082 5083 5045 4816
9 5045 5083 5084 5046 4817
9 5046 5084 5085 5047 4818
9 5047 5085 5086 5048 4819
9 5048 5086 5087 5049 4820
9 5049 5087 5088 5050 4821
9 5050 5088 5089 5051 4822
9 5051 5089 5090 5052 4823
9 5052 5090 5091 5053 4824
9 5053 5091 5092 5054 4825
9 5054 5092 5093 5055 4826
9 5055 5093 5094 5056 4827
9 5056 5094 5095 5057 4828
9 5057 5095 5096 5058 4829
9 5058 5096 5097 5059 4830
9 5059 5097 5098 5060 4831
9 5060 5098 5099 5061 4832
9 5061 5099 5100 5062 4833
9 5062 5100 5101 5063 4834
9 5063 5101 3244 3243 4835
9 4804 4805 5102 5064 4836
9 5064 5102 5103 5065 4837
9 5065 5103 5104 5066 4838
9 5066 5104 5105 5067 4839
9 5067 5105 5106 5068 4840
9 5068 5106 5107 5069 4841
9 5069 5107 5108 5070 4842
9 5070 5108 5109 5071 4843
9 5071 5109 5110 5072 4844
9 5072 5110 5111 5073 4845
9 5073 5111 5112 5074 4846
9 5074 5112 5113 5075 4847
9 5075 5113 5114 5076 4848
9 5076 5114 5115 5077 4849
9 5077 5115 5116 5078 4850
9 5078 5116 5117 5079 4851
9 5079 5117 5118 5080 4852
9 5080 5118 5119 5081 4853
9 5081 5119 5120 5082 4854
9 5082 5120 5121 5083 4855
9 5083 5121 5122 5084 4856
9 5084 5122 5123 5085 4857
9 5085 5123 5124 5086 4858
9 5086 5124 5125 5087 4859
9 5087 5125 5126 5088 4860
9 5088 5126 5127 5089 4861
9 5089 5127 5128 5090 4862
9 5090 5128 5129 5091 4863
9 5091 5129 5130 5092 4864
9 5092 5130 5131 5093 4865
9 5093 5131 5132 5094 4866
9 5094 5132 5133 5095 4867
9 5095 5133 5134 5096 4868
9 5096 5134 5135 5097 4869
9 5097 5135 5136 5098 4870
9 5098 5136 5137 5099 4871
9 5099 5137 5138 5100 4872
9 5100 5138 5139 5101 4873
9 5101 5139 3245 3244 4874
9 4805 4806 5140 5102 4875
9 5102 5140 5141 5103 4876
9 5103 5141 5142 5104 4877
9 5104 5142 5143 5105 4878
9 5105 5143 5144 5106 4879
9 5106 5144 5145 5107 4880
9 5107 5145 5146 5108 4881
9 5108 5146 5147 5109 4882
9 5109 5147 5148 5110 4883
9 5110 5148 5149 5111 4884
9 5111 5149 5150 5112 4885
9 5112 5150 5151 5113 4886
9 5113 5151 5152 5114 4887
9 5114 5152 5153 5115 4888
9 5115 5153 5154 5116 4889
9 5116 5154 5155 5117 4890
9 5117 5155 5156 5118 4891
9 5118 5156 5157 5119 4892
9 5119 5157 5158 5120 4893
9 5120 5158 5159 5121 4894
9 5121 5159 5160 5122 4895
9 5122 5160 5161 5123 4896
9 5123 5161 5162 5124 4897
9 5124 5162 5163 5125 4898
9 5125 5163 5164 5126 4899
9 5126 5164 5165 5127 4900
9 5127 5165 5166 5128 4901
9 5128 5166 5167 5129 4902
9 5129 5167 5168 5130 4903
9 5130 5168 5169 5131 4904
9 5131 5169 5170 5132 4905
9 5132 5170 5171 5133 4906
9 5133 5171 5172 5134 4907
9 5134 5172 5173 5135 4908
9 5135 5173 5174 5136 4909
9 5136 5174 5175 5137 4910
9 5137 5175 5176 5138 4911
9 5138 5176 5177 5139 4912
9 5139 5177 3246 3245 4913
9 4806 4807 5178 5140 4914
9 5140 5178 5179 5141 4915
9 5141 5179 5180 5142 4916
9 5142 5180 5181 5143 4917
9 5143 5181 5182 5144 4918
9 5144 5182 5183 5145 4919
9 5145 5183 5184 5146 4920
9 5146 5184 5185 5147 4921
9 5147 5185 5186 5148 4922
9 5148 5186 5187 5149 4923
9 5149 5187 5188 5150 4924
9 5150 5188 5189 5151 4925
9 5151 5189 5190 5152 4926
9 5152 5190 5191 5153 4927
9 5153 5191 5192 5154 4928
9 5154 5192 5193 5155 4929
9 5155 5193 5194 5156 4930
9 5156 5194 5195 5157 4931
9 5157 5195 5196 5158 4932
9 5158 5196 5197 5159 4933
9 5159 5197 5198 5160 4934
9 5160 5198 5199 5161 4935
9 5161 5199 5200 5162 4936
9 5162 5200 5201 5163 4937
9 5163 5201 5202 5164 4938
9 5164 5202 5203 5165 4939
9 5165 5203 5204 5166 4940
9 5166 5204 5205 5167 4941
9 5167 5205 5206 5168 4942
9 5168 5206 5207 5169 4943
9 5169 5207 5208 5170 4944
9 5170 5208 5209 5171 4945
9 5171 5209 5210 5172 4946
9 5172 5210 5211 5173 4947
9 5173 5211 5212 5174 4948
9 5174 5212 5213 5175 4949
9 5175 5213 5214 5176 4950
9 5176 5214 5215 5177 4951
9 5177 5215 3247 3246 4952
9 4807 4808 5216 5178 4953
9 5178 5216 5217 5179 4954
9 5179 5217 5218 5180 4955
9 5180 5218 5219 5181 4956
9 5181 5219 5220 5182 4957
9 5182 5220 5221 5183 4958
9 5183 5221 5222 5184 4959
9 5184 5222 5223 5185 4960
9 5185 5223 5224 5186 4961
9 5186 5224 5225 5187 4962
9 5187 5225 5226 5188 4963
9 5188 5226 5227 5189 4964
9 5189 5227 5228 5190 4965
9 5190 5228 5229 5191 4966
9 5191 5229 5230 5192 4967
9 5192 5230 5231 5193 4968
9 5193 5231 5232 5194 4969
9 5194 5232 5233 5195 4970
9 5195 5233 5234 5196 4971
9 5196 5234 5235 5197 4972
9 5197 5235 5236 5198 4973
9 5198 5236 5237 5199 4974
9 5199 5237 5238 5200 4975
9 5200 5238 5239 5201 4976
9 5201 5239 5240 5202 4977
9 5202 5240 5241 5203 4978
9 5203 5241 5242 5204 4979
9 5204 5242 5243 5205 4980
9 5205 5243 5244 5206 4981
9 5206 5244 5245 5207 4982
9 5207 5245 5246 5208 4983
9 5208 5246 5247 5209 4984
9 5209 5247 5248 5210 4985
9 5210 5248 5249 5211 4986
9 5211 5249 5250 5212 4987
9 5212 5250 5251 5213 4988
9 5213 5251 5252 5214 4989
9 5214 5252 5253 5215 4990
9 5215 5253 3248 3247 4991
9 4808 4809 5254 5216 4992
9 5216 5254 5255 5217 4993
9 5217 5255 5256 5218 4994
9 5218 5256 5257 5219 4995
9 5219 5257 5258 5220 4996
9 5220 5258 5259 5221 4997
9 5221 5259 5260 5222 4998
9 5222 5260 5261 5223 4999
9 5223 5261 5262 5224 5000
9 5224 5262 5263 5225 5001
9 5225 5263 5264 5226 5002
9 5226 5264 5265 5227 5003
9 5227 5265 5266 5228 5004
9 5228 5266 5267 5229 5005
9 5229 5267 5268 5230 5006
9 5230 5268 5269 5231 5007
9 5231 5269 5270 5232 5008
9 5232 5270 5271 5233 5009
9 5233 5271 5272 5234 5010
9 5234 5272 5273 5235 5011
9 5235 5273 5274 5236 5012
9 5236 5274 5275 5237 5013
9 5237 5275 5276 5238 5014
9 5238 5276 5277 5239 5015
9 5239 5277 5278 5240 5016
9 5240 5278 5279 5241 5017
9 5241 5279 5280 5242 5018
9 5242 5280 5281 5243 5019
9 5243 5281 5282 5244 5020
9 5244 5282 5283 5245 5021
9 5245 5283 5284 5246 5022
9 5246 5284 5285 5247 5023
9 5247 5285 5286 5248 5024
9 5248 5286 5287 5249 5025
9 5249 5287 5288 5250 5026
9 5250 5288 5289 5251 5027
9 5251 5289 5290 5252 5028
9 5252 5290 5291 5253 5029
9 5253 5291 3249 3248 5030
9 4809 4810 5292 5254 5031
9 5254 5292 5293 5255 5032
9 5255 5293 5294 5256 5033
9 5256 5294 5295 5257 5034
9 5257 5295 5296 5258 5035
9 5258 5296 5297 5259 5036
9 5259 5297 5298 5260 5037
9 5260 5298 5299 5261 5038
9 5261 5299 5300 5262 5039
9 5262 5300 5301 5263 5040
9 5263 5301 5302 5264 5041
9 5264 5302 5303 5265 5042
9 5265 5303 5304 5266 5043
9 5266 5304 5305 5267 5044
9 5267 5305 5306 5268 5045
9 5268 5306 5307 5269 5046
9 5269 5307 5308 5270 5047
9 5270 5308 5309 5271 5048
9 5271 5309 5310 5272 5049
9 5272 5310 5311 5273 5050
9 5273 5311 5312 5274 5051
9 5274 5312 5313 5275 5052
9 5275 5313 5314 5276 5053
9 5276 5314 5315 5277 5054
9 5277 5315 5316 5278 5055
9 5278 5316 5317 5279 5056
9 5279 5317 5318 5280 5057
9 5280 5318 5319 5281 5058
9 5281 5319 5320 5282 5059
9 5282 5320 5321 5283 5060
9 5283 5321 5322 5284 5061
9 5284 5322 5323 5285 5062
9 5285 5323 5324 5286 5063
9 5286 5324 5325 5287 5064
9 5287 5325 5326 5288 5065
9 5288 5326 5327 5289 5066
9 5289 5327 5328 5290 5067
9 5290 5328 5329 5291 5068
9 5291 5329 3250 3249 5069
9 4810 4811 5330 5292 5070
9 5292 5330 5331 5293 5071
9 5293 5331 5332 5294 5072
9 5294 5332 5333 5295 5073
9 5295 5333 5334 5296 5074
9 5296 5334 5335 5297 5075
9 5297 5335 5336 5298 5076
9 5298 5336 5337 5299 5077
9 5299 5337 5338 5300 5078
9 5300 5338 5339 5301 5079
9 5301 5339 5340 5302 5080
9 5302 5340 5341 5303 5081
9 5303 5341 5342 5304 5082
9 5304 5342 5343 5305 5083
9 5305 5343 5344 5306 5084
9 5306 5344 5345 5307 5085
9 5307 5345 5346 5308 5086
9 5308 5346 5347 5309 5087
9 5309 5347 5348 5310 5088
9 5310 5348 5349 5311 5089
9 5311 5349 5350 5312 5090
9 5312 5350 5351 5313 5091
9 5313 5351 5352 5314 5092
9 5314 5352 5353 5315 5093
9 5315 5353 5354 5316 5094
9 5316 5354 5355 5317 5095
9 5317 5355 5356 5318 5096
9 5318 5356 5357 5319 5097
9 5319 5357 5358 5320 5098
9 5320 5358 5359 5321 5099
9 5321 5359 5360 5322 5100
9 5322 5360 5361 5323 5101
9 5323 5361 5362 5324 5102
9 5324 5362 5363 5325 5103
9 5325 5363 5364 5326 5104
9 5326 5364 5365 5327 5105
9 5327 5365 5366 5328 5106
9 5328 5366 5367 5329 5107
9 5329 5367 3251 3250 5108
9 4811 4812 5368 5330 5109
9 5330 5368 5369 5331 5110
9 5331 5369 5370 5332 5111
9 5332 5370 5371 5333 5112
9 5333 5371 5372 5334 5113
9 5334 5372 5373 5335 5114
9 5335 5373 5374 5336 5115
9 5336 5374 5375 5337 5116
9 5337 5375 5376 5338 5117
9 5338 5376 5377 5339 5118
9 5339 5377 5378 5340 5119
9 5340 5378 5379 5341 5120
9 5341 5379 5380 5342 5121
9 5342 5380 5381 5343 5122
9 5343 5381 5382 5344 5123
9 5344 5382 5383 5345 5124
9 5345 5383 5384 5346 5125
9 5346 5384 5385 5347 5126
9 5347 5385 5386 5348 5127
9 5348 5386 5387 5349 5128
9 5349 5387 5388 5350 5129
9 5350 5388 5389 5351 5130
9 5351 5389 5390 5352 5131
9 5352 5390 5391 5353 5132
9 5353 5391 5392 5354 5133
9 5354 5392 5393 5355 5134
9 5355 5393 5394 5356 5135
9 5356 5394 5395 5357 5136
9 5357 5395 5396 5358 5137
9 5358 5396 5397 5359 5138
9 5359 5397 5398 5360 5139
9 5360 5398 5399 5361 5140
9 5361 5399 5400 5362 5141
9 5362 5400 5401 5363 5142
9 5363 5401 5402 5364 5143
9 5364 5402 5403 5365 5144
9 5365 5403 5404 5366 5145
9 5366 5404 5405 5367 5146
9 5367 5405 3252 3251 5147
9 4812 4813 5406 5368 5148
9 5368 5406 5407 5369 5149
9 5369 5407 5408 5370 5150
9 5370 5408 5409 5371 5151
9 5371 5409 5410 5372 5152
9 5372 5410 5411 5373 5153
9 5373 5411 5412 5374 5154
9 5374 5412 5413 5375 5155
9 5375 5413 5414 5376 5156
9 5376 5414 5415 5377 5157
9 5377 5415 5416 5378 5158
9 5378 5416 5417 5379 5159
9 5379 5417 5418 5380 5160
9 5380 5418 5419 5381 5161
9 5381 5419 5420 5382 5162
9 5382 5420 5421 5383 5163
9 5383 5421 5422 5384 5164
9 5384 5422 5423 5385 5165
9 5385 5423 5424 5386 5166
9 5386 5424 5425 5387 5167
9 5387 5425 5426 5388 5168
9 5388 5426 5427 5389 5169
9 5389 5427 5428 5390 5170
9 5390 5428 5429 5391 5171
9 5391 5429 5430 5392 5172
9 5392 5430 5431 5393 5173
9 5393 5431 5432 5394 5174
9 5394 5432 5433 5395 5175
9 5395 5433 5434 5396 5176
9 5396 5434 5435 5397 5177
9 5397 5435 5436 5398 5178
9 5398 5436 5437 5399 5179
9 5399 5437 5438 5400 5180
9 5400 5438 5439 5401 5181
9 5401 5439 5440 5402 5182
9 5402 5440 5441 5403 5183
9 5403 5441 5442 5404 5184
9 5404 5442 5443 5405 5185
9 5405 5443 3253 3252 5186
9 4813 4814 5444 5406 5187
9 5406 5444 5445 5407 5188
9 5407 5445 5446 5408 5189
9 5408 5446 5447 5409 5190
9 5409 5447 5448 5410 5191
9 5410 5448 5449 5411 5192
9 5411 5449 5450 5412 5193
9 5412 5450 5451 5413 5194
9 5413 5451 5452 5414 5195
9 5414 5452 5453 5415 5196
9 5415 5453 5454 5416 5197
9 5416 5454 5455 5417 5198
9 5417 5455 5456 5418 5199
9 5418 5456 5457 5419 5200
9 5419 5457 5458 5420 5201
9 5420 5458 5459 5421 5202
9 5421 5459 5460 5422 5203
9 5422 5460 5461 5423 5204
9 5423 5461 5462 5424 5205
9 5424 5462 5463 5425 5206
9 5425 5463 5464 5426 5207
9 5426 5464 5465 5427 5208
9 5427 5465 5466 5428 5209
9 5428 5466 5467 5429 5210
9 5429 5467 5468 5430 5211
9 5430 5468 5469 5431 5212
9 5431 5469 5470 5432 5213
9 5432 5470 5471 5433 5214
9 5433 5471 5472 5434 5215
9 5434 5472 5473 5435 5216
9 5435 5473 5474 5436 5217
9 5436 5474 5475 5437 5218
9 5437 5475 5476 5438 5219
9 5438 5476 5477 5439 5220
9 5439 5477 5478 5440 5221
9 5440 5478 5479 5441 5222
9 5441 5479 5480 5442 5223
9 5442 5480 5481 5443 5224
9 5443 5481 3254 3253 5225
9 4814 4815 5482 5444 5226
9 5444 5482 5483 5445 5227
9 5445 5483 5484 5446 5228
9 5446 5484 5485 5447 5229
9 5447 5485 5486 5448 5230
9 5448 5486 5487 5449 5231
9 5449 5487 5488 5450 5232
9 5450 5488 5489 5451 5233
9 5451 5489 5490 5452 5234
9 5452 5490 5491 5453 5235
9 5453 5491 5492 5454 5236
9 5454 5492 5493 5455 5237
9 5455 5493 5494 5456 5238
9 5456 5494 5495 5457 5239
9 5457 5495 5496 5458 5240
9 5458 5496 5497 5459 5241
9 5459 5497 5498 5460 5242
9 5460 5498 5499 5461 5243
9 5461 5499 5500 5462 5244
9 5462 5500 5501 5463 5245
9 5463 5501 5502 5464 5246
9 5464 5502 5503 5465 5247
9 5465 5503 5504 5466 5248
9 5466 5504 5505 5467 5249
9 5467 5505 5506 5468 5250
9 5468 5506 5507 5469 5251
9 5469 5507 5508 5470 5252
9 5470 5508 5509 5471 5253
9 5471 5509 5510 5472 5254
9 5472 5510 5511 5473 5255
9 5473 5511 5512 5474 5256
9 5474 5512 5513 5475 5257
9 5475 5513 5514 5476 5258
9 5476 5514 5515 5477 5259
9 5477 5515 5516 5478 5260
9 5478 5516 5517 5479 5261
9 5479 5517 5518 5480 5262
9 5480 5518 5519 5481 5263
9 5481 5519 3255 3254 5264
9 4815 4816 5520 5482 5265
9 5482 5520 5521 5483 5266
9 5483 5521 5522 5484 5267
9 5484 5522 5523 5485 5268
9 5485 5523 5524 5486 5269
9 5486 5524 5525 5487 5270
9 5487 5525 5526 5488 5271
9 5488 5526 5527 5489 5272
9 5489 5527 5528 5490 5273
9 5490 5528 5529 5491 5274
9 5491 5529 5530 5492 5275
9 5492 5530 5531 5493 5276
9 5493 5531 5532 5494 5277
9 5494 5532 5533 5495 5278
9 5495 5533 5534 5496 5279
9 5496 5534 5535 5497 5280
9 5497 5535 5536 5498 5281
9 5498 5536 5537 5499 5282
9 5499 5537 5538 5500 5283
9 5500 5538 5539 5501 5284
9 5501 5539 5540 5502 5285
9 5502 5540 5541 5503 5286
9 5503 5541 5542 5504 5287
9 5504 5542 5543 5505 5288
9 5505 5543 5544 5506 5289
9 5506 5544 5545 5507 5290
9 5507 5545 5546 5508 5291
9 5508 5546 5547 5509 5292
9 5509 5547 5548 5510 5293
9 5510 5548 5549 5511 5294
9 5511 5549 5550 5512 5295
9 5512 5550 5551 5513 5296
9 5513 5551 5552 5514 5297
9 5514 5552 5553 5515 5298
9 5515 5553 5554 5516 5299
9 5516 5554 5555 5517 5300
9 5517 5555 5556 5518 5301
9 5518 5556 5557 5519 5302
9 5519 5557 3256 3255 5303
9 4816 4817 5558 5520 5304
9 5520 5558 5559 5521 5305
9 5521 5559 5560 5522 5306
9 5522 5560 5561 5523 5307
9 5523 5561 5562 5524 5308
9 5524 5562 5563 5525 5309
9 5525 5563 5564 5526 5310
9 5526 5564 5565 5527 5311
9 5527 5565 5566 5528 5312
9 5528 5566 5567 5529 5313
9 5529 5567 5568 5530 5314
9 5530 5568 5569 5531 5315
9 5531 5569 5570 5532 5316
9 5532 5570 5571 5533 5317
9 5533 5571 5572 5534 5318
9 5534 5572 5573 5535 5319
9 5535 5573 5574 5536 5320
9 5536 5574 5575 5537 5321
9 5537 5575 5576 5538 5322
9 5538 5576 5577 5539 5323
9 5539 5577 5578 5540 5324
9 5540 5578 5579 5541 5325
9 5541 5579 5580 5542 5326
9 5542 5580 5581 5543 5327
9 5543 5581 5582 5544 5328
9 5544 5582 5583 5545 5329
9 5545 5583 5584 5546 5330
9 5546 5584 5585 5547 5331
9 5547 5585 5586 5548 5332
9 5548 5586 5587 5549 5333
9 5549 5587 5588 5550 5334
9 5550 5588 5589 5551 5335
9 5551 5589 5590 5552 5336
9 5552 5590 5591 5553 5337
9 5553 5591 5592 5554 5338
9 5554 5592 5593 5555 5339
9 5555 5593 5594 5556 5340
9 5556 5594 5595 5557 5341
9 5557 5595 3257 3256 5342
9 4817 4818 5596 5558 5343
9 5558 5596 5597 5559 5344
9 5559 5597 5598 5560 5345
9 5560 5598 5599 5561 5346
9 5561 5599 5600 5562 5347
9 5562 5600 5601 5563 5348
9 5563 5601 5602 5564 5349
9 5564 5602 5603 5565 5350
9 5565 5603 5604 5566 5351
9 5566 5604 5605 5567 5352
9 5567 5605 5606 5568 5353
9 5568 5606 5607 5569 5354
9 5569 5607 5608 5570 5355
9 5570 5608 5609 5571 5356
9 5571 5609 5610 5572 5357
9 5572 5610 5611 5573 5358
9 5573 5611 5612 5574 5359
9 5574 5612 5613 5575 5360
9 5575 5613 5614 5576 5361
9 5576 5614 5615 5577 5362
9 5577 5615 5616 5578 5363
9 5578 5616 5617 5579 5364
9 5579 5617 5618 5580 5365
9 5580 5618 5619 5581 5366
9 5581 5619 5620 5582 5367
9 5582 5620 5621 5583 5368
9 5583 5621 5622 5584 5369
9 5584 5622 5623 5585 5370
9 5585 5623 5624 5586 5371
9 5586 5624 5625 5587 5372
9 5587 5625 5626 5588 5373
9 5588 5626 5627 5589 5374
9 5589 5627 5628 5590 5375
9 5590 5628 5629 5591 5376
9 5591 5629 5630 5592 5377
9 5592 5630 5631 5593 5378
9 5593 5631 5632 5594 5379
9 5594 5632 5633 5595 5380
9 5595 5633 3258 3257 5381
9 4818 4819 5634 5596 5382
9 5596 5634 5635 5597 5383
9 5597 5635 5636 5598 5384
9 5598 5636 5637 5599 5385
9 5599 5637 5638 5600 5386
9 5600 5638 5639 5601 5387
9 5601 5639 5640 5602 5388
9 5602 5640 5641 5603 5389
9 5603 5641 5642 5604 5390
9 5604 5642 5643 5605 5391
9 5605 5643 5644 5606 5392
9 5606 5644 5645 5607 5393
9 5607 5645 5646 5608 5394
9 5608 5646 5647 5609 5395
9 5609 5647 5648 5610 5396
9 5610 5648 5649 5611 5397
9 5611 5649 5650 5612 5398
9 5612 5650 5651 5613 5399
9 5613 5651 5652 5614 5400
9 5614 5652 5653 5615 5401
9 5615 5653 5654 5616 5402
9 5616 5654 5655 5617 5403
9 5617 5655 5656 5618 5404
9 5618 5656 5657 5619 5405
9 5619 5657 5658 5620 5406
9 5620 5658 5659 5621 5407
9 5621 5659 5660 5622 5408
9 5622 5660 5661 5623 5409
9 5623 5661 5662 5624 5410
9 5624 5662 5663 5625 5411
9 5625 5663 5664 5626 5412
9 5626 5664 5665 5627 5413
9 5627 5665 5666 5628 5414
9 5628 5666 5667 5629 5415
9 5629 5667 5668 5630 5416
9 5630 5668 5669 5631 5417
9 5631 5669 5670 5632 5418
9 5632 5670 5671 5633 5419
9 5633 5671 3259 3258 5420
9 4819 4820 5672 5634 5421
9 5634 5672 5673 5635 5422
9 5635 5673 5674 5636 5423
9 5636 5674 5675 5637 5424
9 5637 5675 5676 5638 5425
9 5638 5676 5677 5639 5426
9 5639 5677 5678 5640 5427
9 5640 5678 5679 5641 5428
9 5641 5679 5680 5642 5429
9 5642 5680 5681 5643 5430
9 5643 5681 5682 5644 5431
9 5644 5682 5683 5645 5432
9 5645 5683 5684 5646 5433
9 5646 5684 5685 5647 5434
9 5647 5685 5686 5648 5435
9 5648 5686 5687 5649 5436
9 5649 5687 5688 5650 5437
9 5650 5688 5689 5651 5438
9 5651 5689 5690 5652 5439
9 5652 5690 5691 5653 5440
9 5653 5691 5692 5654 5441
9 5654 5692 5693 5655 5442
9 5655 5693 5694 5656 5443
9 5656 5694 5695 5657 5444
9 5657 5695 5696 5658 5445
9 5658 5696 5697 5659 5446
9 5659 5697 5698 5660 5447
9 5660 5698 5699 5661 5448
9 5661 5699 5700 5662 5449
9 5662 5700 5701 5663 5450
9 5663 5701 5702 5664 5451
9 5664 5702 5703 5665 5452
9 5665 5703 5704 5666 5453
9 5666 5704 5705 5667 5454
9 5667 5705 5706 5668 5455
9 5668 5706 5707 5669 5456
9 5669 5707 5708 5670 5457
9 5670 5708 5709 5671 5458
9 5671 5709 3260 3259 5459
9 4820 4821 5710 5672 5460
9 5672 5710 5711 5673 5461
9 5673 5711 5712 5674 5462
9 5674 5712 5713 5675 5463
9 5675 5713 5714 5676 5464
9 5676 5714 5715 5677 5465
9 5677 5715 5716 5678 5466
9 5678 5716 5717 5679 5467
9 5679 5717 5718 5680 5468
9 5680 5718 5719 5681 5469
9 5681 5719 5720 5682 5470
9 5682 5720 5721 5683 5471
9 5683 5721 5722 5684 5472
9 5684 5722 5723 5685 5473
9 5685 5723 5724 5686 5474
9 5686 5724 5725 5687 5475
9 5687 5725 5726 5688 5476
9 5688 5726 5727 5689 5477
9 5689 5727 5728 5690 5478
9 5690 5728 5729 5691 5479
9 5691 5729 5730 5692 5480
9 5692 5730 5731 5693 5481
9 5693 5731 5732 5694 5482
9 5694 5732 5733 5695 5483
9 5695 5733 5734 5696 5484
9 5696 5734 5735 5697 5485
9 5697 5735 5736 5698 5486
9 5698 5736 5737 5699 5487
9 5699 5737 5738 5700 5488
9 5700 5738 5739 5701 5489
9 5701 5739 5740 5702 5490
9 5702 5740 5741 5703 5491
9 5703 5741 5742 5704 5492
9 5704 5742 5743 5705 5493
9 5705 5743 5744 5706 5494
9 5706 5744 5745 5707 5495
9 5707 5745 5746 5708 5496
9 5708 5746 5747 5709 5497
9 5709 5747 3261 3260 5498
9 4821 4822 5748 5710 5499
9 5710 5748 5749 5711 5500
9 5711 5749 5750 5712 5501
9 5712 5750 5751 5713 5502
9 5713 5751 5752 5714 5503
9 5714 5752 5753 5715 5504
9 5715 5753 5754 5716 5505
9 5716 5754 5755 5717 5506
9 5717 5755 5756 5718 5507
9 5718 5756 5757 5719 5508
9 5719 5757 5758 5720 5509
9 5720 5758 5759 5721 5510
9 5721 5759 5760 5722 5511
9 5722 5760 5761 5723 5512
9 5723 5761 5762 5724 5513
9 5724 5762 5763 5725 5514
9 5725 5763 5764 5726 5515
9 5726 5764 5765 5727 5516
9 5727 5765 5766 5728 5517
9 5728 5766 5767 5729 5518
9 5729 5767 5768 5730 5519
9 5730 5768 5769 5731 5520
9 5731 5769 5770 5732 5521
9 5732 5770 5771 5733 5522
9 5733 5771 5772 5734 5523
9 5734 5772 5773 5735 5524
9 5735 5773 5774 5736 5525
9 5736 5774 5775 5737 5526
9 5737 5775 5776 5738 5527
9 5738 5776 5777 5739 5528
9 5739 5777 5778 5740 5529
9 5740 5778 5779 5741 5530
9 5741 5779 5780 5742 5531
9 5742 5780 5781 5743 5532
9 5743 5781 5782 5744 5533
9 5744 5782 5783 5745 5534
9 5745 5783 5784 5746 5535
9 5746 5784 5785 5747 5536
9 5747 5785 3262 3261 5537
9 4822 4823 5786 5748 5538
9 5748 5786 5787 5749 5539
9 5749 5787 5788 5750 5540
9 5750 5788 5789 5751 5541
9 5751 5789 5790 5752 5542
9 5752 5790 5791 5753 5543
9 5753 5791 5792 5754 5544
9 5754 5792 5793 5755 5545
9 5755 5793 5794 5756 5546
9 5756 5794 5795 5757 5547
9 5757 5795 5796 5758 5548
9 5758 5796 5797 5759 5549
9 5759 5797 5798 5760 5550
9 5760 5798 5799 5761 5551
9 5761 5799 5800 5762 5552
9 5762 5800 5801 5763 5553
9 5763 5801 5802 5764 5554
9 5764 5802 5803 5765 5555
9 5765 5803 5804 5766 5556
9 5766 5804 5805 5767 5557
9 5767 5805 5806 5768 5558
9 5768 5806 5807 5769 5559
9 5769 5807 5808 5770 5560
9 5770 5808 5809 5771 5561
9 5771 5809 5810 5772 5562
9 5772 5810 5811 5773 5563
9 5773 5811 5812 5774 5564
9 5774 5812 5813 5775 5565
9 5775 5813 5814 5776 5566
9 5776 5814 5815 5777 5567
9 5777 5815 5816 5778 5568
9 5778 5816 5817 5779 5569
9 5779 5817 5818 5780 5570
9 5780 5818 5819 5781 5571
9 5781 5819 5820 5782 5572
9 5782 5820 5821 5783 5573
9 5783 5821 5822 5784 5574
9 5784 5822 5823 5785 5575
9 5785 5823 3263 3262 5576
9 4823 4824 5824 5786 5577
9 5786 5824 5825 5787 5578
9 5787 5825 5826 5788 5579
9 5788 5826 5827 5789 5580
9 5789 5827 5828 5790 5581
9 5790 5828 5829 5791 5582
9 5791 5829 5830 5792 5583
9 5792 5830 5831 5793 5584
9 5793 5831 5832 5794 5585
9 5794 5832 5833 5795 5586
9 5795 5833 5834 5796 5587
9 5796 5834 5835 5797 5588
9 5797 5835 5836 5798 5589
9 5798 5836 5837 5799 5590
9 5799 5837 5838 5800 5591
9 5800 5838 5839 5801 5592
9 5801 5839 5840 5802 5593
9 5802 5840 5841 5803 5594
9 5803 5841 5842 5804 5595
9 5804 5842 5843 5805 5596
9 5805 5843 5844 5806 5597
9 5806 5844 5845 5807 5598
9 5807 5845 5846 5808 5599
9 5808 5846 5847 5809 5600
9 5809 5847 5848 5810 5601
9 5810 5848 5849 5811 5602
9 5811 5849 5850 5812 5603
9 5812 5850 5851 5813 5604
9 5813 5851 5852 5814 5605
9 5814 5852 5853 5815 5606
9 5815 5853 5854 5816 5607
9 5816 5854 5855 5817 5608
9 5817 5855 5856 5818 5609
9 5818 5856 5857 5819 5610
9 5819 5857 5858 5820 5611
9 5820 5858 5859 5821 5612
9 5821 5859 5860 5822 5613
9 5822 5860 5861 5823 5614
9 5823 5861 3264 3263 5615
9 4824 4825 5862 5824 5616
9 5824 5862 5863 5825 5617
9 5825 5863 5864 5826 5618
9 5826 5864 5865 5827 5619
9 5827 5865 5866 5828 5620
9 5828 5866 5867 5829 5621
9 5829 5867 5868 5830 5622
9 5830 5868 5869 5831 5623
9 5831 5869 5870 5832 5624
9 5832 5870 5871 5833 5625
9 5833 5871 5872 5834 5626
9 5834 5872 5873 5835 5627
9 5835 5873 5874 5836 5628
9 5836 5874 5875 5837 5629
9 5837 5875 5876 5838 5630
9 5838 5876 5877 5839 5631
9 5839 5877 5878 5840 5632
9 5840 5878 5879 5841 5633
9 5841 5879 5880 5842 5634
9 5842 5880 5881 5843 5635
9 5843 5881 5882 5844 5636
9 5844 5882 5883 5845 5637
9 5845 5883 5884 5846 5638
9 5846 5884 5885 5847 5639
9 5847 5885 5886 5848 5640
9 5848 5886 5887 5849 5641
9 5849 5887 5888 5850 5642
9 5850 5888 5889 5851 5643
9 5851 5889 5890 5852 5644
9 5852 5890 5891 5853 5645
9 5853 5891 5892 5854 5646
9 5854 5892 5893 5855 5647
9 5855 5893 5894 5856 5648
9 5856 5894 5895 5857 5649
9 5857 5895 5896 5858 5650
9 5858 5896 5897 5859 5651
9 5859 5897 5898 5860 5652
9 5860 5898 5899 5861 5653
9 5861 5899 3265 3264 5654
9 4825 4826 5900 5862 5655
9 5862 5900 5901 5863 5656
9 5863 5901 5902 5864 5657
9 5864 5902 5903 5865 5658
9 5865 5903 5904 5866 5659
9 5866 5904 5905 5867 5660
9 5867 5905 5906 5868 5661
9 5868 5906 5907 5869 5662
9 5869 5907 5908 5870 5663
9 5870 5908 5909 5871 5664
9 5871 5909 5910 5872 5665
9 5872 5910 5911 5873 5666
9 5873 5911 5912 5874 5667
9 5874 5912 5913 5875 5668
9 5875 5913 5914 5876 5669
9 5876 5914 5915 5877 5670
9 5877 5915 5916 5878 5671
9 5878 5916 5917 5879 5672
9 5879 5917 5918 5880 5673
9 5880 5918 5919 5881 5674
9 5881 5919 5920 5882 5675
9 5882 5920 5921 5883 5676
9 5883 5921 5922 5884 5677
9 5884 5922 5923 5885 5678
9 5885 5923 5924 5886 5679
9 5886 5924 5925 5887 5680
9 5887 5925 5926 5888 5681
9 5888 5926 5927 5889 5682
9 5889 5927 5928 5890 5683
9 5890 5928 5929 5891 5684
9 5891 5929 5930 5892 5685
9 5892 5930 5931 5893 5686
9 5893 5931 5932 5894 5687
9 5894 5932 5933 5895 5688
9 5895 5933 5934 5896 5689
9 5896 5934 5935 5897 5690
9 5897 5935 5936 5898 5691
9 5898 5936 5937 5899 5692
9 5899 5937 3266 3265 5693
9 4826 4827 5938 5900 5694
9 5900 5938 5939 5901 5695
9 5901 5939 5940 5902 5696
9 5902 5940 5941 5903 5697
9 5903 5941 5942 5904 5698
9 5904 5942 5943 5905 5699
9 5905 5943 5944 5906 5700
9 5906 5944 5945 5907 5701
9 5907 5945 5946 5908 5702
9 5908 5946 5947 5909 5703
9 5909 5947 5948 5910 5704
9 5910 5948 5949 5911 5705
9 5911 5949 5950 5912 5706
9 5912 5950 5951 5913 5707
9 5913 5951 5952 5914 5708
9 5914 5952 5953 5915 5709
9 5915 5953 5954 5916 5710
9 5916 5954 5955 5917 5711
9 5917 5955 5956 5918 5712
9 5918 5956 5957 5919 5713
9 5919 5957 5958 5920 5714
9 5920 5958 5959 5921 5715
9 5921 5959 5960 5922 5716
9 5922 5960 5961 5923 5717
9 5923 5961 5962 5924 5718
9 5924 5962 5963 5925 5719
9 5925 5963 5964 5926 5720
9 5926 5964 5965 5927 5721
9 5927 5965 5966 5928 5722
9 5928 5966 5967 5929 5723
9 5929 5967 5968 5930 5724
9 5930 5968 5969 5931 5725
9 5931 5969 5970 5932 5726
9 5932 5970 5971 5933 5727
9 5933 5971 5972 5934 5728
9 5934 5972 5973 5935 5729
9 5935 5973 5974 5936 5730
9 5936 5974 5975 5937 5731
9 5937 5975 3267 3266 5732
9 4827 4828 5976 5938 5733
9 5938 5976 5977 5939 5734
9 5939 5977 5978 5940 5735
9 5940 5978 5979 5941 5736
9 5941 5979 5980 5942 5737
9 5942 5980 5981 5943 5738
9 5943 5981 5982 5944 5739
9 5944 5982 5983 5945 5740
9 5945 5983 5984 5946 5741
9 5946 5984 5985 5947 5742
9 5947 5985 5986 5948 5743
9 5948 5986 5987 5949 5744
9 5949 5987 5988 5950 5745
9 5950 5988 5989 5951 5746
9 5951 5989 5990 5952 5747
9 5952 5990 5991 5953 5748
9 5953 5991 5992 5954 5749
9 5954 5992 5993 5955 5750
9 5955 5993 5994 5956 5751
9 5956 5994 5995 5957 5752
9 5957 5995 5996 5958 5753
9 5958 5996 5997 5959 5754
9 5959 5997 5998 5960 5755
9 5960 5998 5999 5961 5756
9 5961 5999 6000 5962 5757
9 5962 6000 6001 5963 5758
9 5963 6001 6002 5964 5759
9 5964 6002 6003 5965 5760
9 5965 6003 6004 5966 5761
9 5966 6004 6005 5967 5762
9 5967 6005 6006 5968 5763
9 5968 6006 6007 5969 5764
9 5969 6007 6008 5970 5765
9 5970 6008 6009 5971 5766
9 5971 6009 6010 5972 5767
9 5972 6010 6011 5973 5768
9 5973 6011 6012 5974 5769
9 5974 6012 6013 5975 5770
9 5975 6013 3268 3267 5771
9 4828 4829 6014 5976 5772
9 5976 6014 6015 5977 5773
9 5977 6015 6016 5978 5774
9 5978 6016 6017 5979 5775
9 5979 6017 6018 5980 5776
9 5980 6018 6019 5981 5777
9 5981 6019 6020 5982 5778
9 5982 6020 6021 5983 5779
9 5983 6021 6022 5984 5780
9 5984 6022 6023 5985 5781
9 5985 6023 6024 5986 5782
9 5986 6024 6025 5987 5783
9 5987 6025 6026 5988 5784
9 5988 6026 6027 5989 5785
9 5989 6027 6028 5990 5786
9 5990 6028 6029 5991 5787
9 5991 6029 6030 5992 5788
9 5992 6030 6031 5993 5789
9 5993 6031 6032 5994 5790
9 5994 6032 6033 5995 5791
9 5995 6033 6034 5996 5792
9 5996 6034 6035 5997 5793
9 5997 6035 6036 5998 5794
9 5998 6036 6037 5999 5795
9 5999 6037 6038 6000 5796
9 6000 6038 6039 6001 5797
9 6001 6039 6040 6002 5798
9 6002 6040 6041 6003 5799
9 6003 6041 6042 6004 5800
9 6004 6042 6043 6005 5801
9 6005 6043 6044 6006 5802
9 6006 6044 6045 6007 5803
9 6007 6045 6046 6008 5804
9 6008 6046 6047 6009 5805
9 6009 6047 6048 6010 5806
9 6010 6048 6049 6011 5807
9 6011 6049 6050 6012 5808
9 6012 6050 6051 6013 5809
9 6013 6051 3269 3268 5810
9 4829 4830 6052 6014 5811
9 6014 6052 6053 6015 5812
9 6015 6053 6054 6016 5813
9 6016 6054 6055 6017 5814
9 6017 6055 6056 6018 5815
9 6018 6056 6057 6019 5816
9 6019 6057 6058 6020 5817
9 6020 6058 6059 6021 5818
9 6021 6059 6060 6022 5819
9 6022 6060 6061 6023 5820
9 6023 6061 6062 6024 5821
9 6024 6062 6063 6025 5822
9 6025 6063 6064 6026 5823
9 6026 6064 6065 6027 5824
9 6027 6065 6066 6028 5825
9 6028 6066 6067 6029 5826
9 6029 6067 6068 6030 5827
9 6030 6068 6069 6031 5828
9 6031 6069 6070 6032 5829
9 6032 6070 6071 6033 5830
9 6033 6071 6072 6034 5831
9 6034 6072 6073 6035 5832
9 6035 6073 6074 6036 5833
9 6036 6074 6075 6037 5834
9 6037 6075 6076 6038 5835
9 6038 6076 6077 6039 5836
9 6039 6077 6078 6040 5837
9 6040 6078 6079 6041 5838
9 6041 6079 6080 6042 5839
9 6042 6080 6081 6043 5840
9 6043 6081 6082 6044 5841
9 6044 6082 6083 6045 5842
9 6045 6083 6084 6046 5843
9 6046 6084 6085 6047 5844
9 6047 6085 6086 6048 5845
9 6048 6086 6087 6049 5846
9 6049 6087 6088 6050 5847
9 6050 6088 6089 6051 5848
9 6051 6089 3270 3269 5849
9 4830 4831 6090 6052 5850
9 6052 6090 6091 6053 5851
9 6053 6091 6092 6054 5852
9 6054 6092 6093 6055 5853
9 6055 6093 6094 6056 5854
9 6056 6094 6095 6057 5855
9 6057 6095 6096 6058 5856
9 6058 6096 6097 6059 5857
9 6059 6097 6098 6060 5858
9 6060 6098 6099 6061 5859
9 6061 6099 6100 6062 5860
9 6062 6100 6101 6063 5861
9 6063 6101 6102 6064 5862
9 6064 6102 6103 6065 5863
9 6065 6103 6104 6066 5864
9 6066 6104 6105 6067 5865
9 6067 6105 6106 6068 5866
9 6068 6106 6107 6069 5867
9 6069 6107 6108 6070 5868
9 6070 6108 6109 6071 5869
9 6071 6109 6110 6072 5870
9 6072 6110 6111 6073 5871
9 6073 6111 6112 6074 5872
9 6074 6112 6113 6075 5873
9 6075 6113 6114 6076 5874
9 6076 6114 6115 6077 5875
9 6077 6115 6116 6078 5876
9 6078 6116 6117 6079 5877
9 6079 6117 6118 6080 5878
9 6080 6118 6119 6081 5879
9 6081 6119 6120 6082 5880
9 6082 6120 6121 6083 5881
9 6083 6121 6122 6084 5882
9 6084 6122 6123 6085 5883
9 6085 6123 6124 6086 5884
9 6086 6124 6125 6087 5885
9 6087 6125 6126 6088 5886
9 6088 6126 6127 6089 5887
9 6089 6127 3271 3270 5888
9 4831 4832 6128 6090 5889
9 6090 6128 6129 6091 5890
9 6091 6129 6130 6092 5891
9 6092 6130 6131 6093 5892
9 6093 6131 6132 6094 5893
9 6094 6132 6133 6095 5894
9 6095 6133 6134 6096 5895
9 6096 6134 6135 6097 5896
9 6097 6135 6136 6098 5897
9 6098 6136 6137 6099 5898
9 6099 6137 6138 6100 5899
9 6100 6138 6139 6101 5900
9 6101 6139 6140 6102 5901
9 6102 6140 6141 6103 5902
9 6103 6141 6142 6104 5903
9 6104 6142 6143 6105 5904
9 6105 6143 6144 6106 5905
9 6106 6144 6145 6107 5906
9 6107 6145 6146 6108 5907
9 6108 6146 6147 6109 5908
9 6109 6147 6148 6110 5909
9 6110 6148 6149 6111 5910
9 6111 6149 6150 6112 5911
9 6112 6150 6151 6113 5912
9 6113 6151 6152 6114 5913
9 6114 6152 6153 6115 5914
9 6115 6153 6154 6116 5915
9 6116 6154 6155 6117 5916
9 6117 6155 6156 6118 5917
9 6118 6156 6157 6119 5918
9 6119 6157 6158 6120 5919
9 6120 6158 6159 6121 5920
9 6121 6159 6160 6122 5921
9 6122 6160 6161 6123 5922
9 6123 6161 6162 6124 5923
9 6124 6162 6163 6125 5924
9 6125 6163 6164 6126 5925
9 6126 6164 6165 6127 5926
9 6127 6165 3272 3271 5927
9 4832 4833 6166 6128 5928
9 6128 6166 6167 6129 5929
9 6129 6167 6168 6130 5930
9 6130 6168 6169 6131 5931
9 6131 6169 6170 6132 5932
9 6132 6170 6171 6133 5933
9 6133 6171 6172 6134 5934
9 6134 6172 6173 6135 5935
9 6135 6173 6174 6136 5936
9 6136 6174 6175 6137 5937
9 6137 6175 6176 6138 5938
9 6138 6176 6177 6139 5939
9 6139 6177 6178 6140 5940
9 6140 6178 6179 6141 5941
9 6141 6179 6180 6142 5942
9 6142 6180 6181 6143 5943
9 6143 6181 6182 6144 5944
9 6144 6182 6183 6145 5945
9 6145 6183 6184 6146 5946
9 6146 6184 6185 6147 5947
9 6147 6185 6186 6148 5948
9 6148 6186 6187 6149 5949
9 6149 6187 6188 6150 5950
9 6150 6188 6189 6151 5951
9 6151 6189 6190 6152 5952
9 6152 6190 6191 6153 5953
9 6153 6191 6192 6154 5954
9 6154 6192 6193 6155 5955
9 6155 6193 6194 6156 5956
9 6156 6194 6195 6157 5957
9 6157 6195 6196 6158 5958
9 6158 6196 6197 6159 5959
9 6159 6197 6198 6160 5960
9 6160 6198 6199 6161 5961
9 6161 6199 6200 6162 5962
9 6162 6200 6201 6163 5963
9 6163 6201 6202 6164 5964
9 6164 6202 6203 6165 5965
9 6165 6203 3273 3272 5966
9 4833 4834 6204 6166 5967
9 6166 6204 6205 6167 5968
9 6167 6205 6206 6168 5969
9 6168 6206 6207 6169 5970
9 6169 6207 6208 6170 5971
9 6170 6208 6209 6171 5972
9 6171 6209 6210 6172 5973
9 6172 6210 6211 6173 5974
9 6173 6211 6212 6174 5975
9 6174 6212 6213 6175 5976
9 6175 6213 6214 6176 5977
9 6176 6214 6215 6177 5978
9 6177 6215 6216 6178 5979
9 6178 6216 6217 6179 5980
9 6179 6217 6218 6180 5981
9 6180 6218 6219 6181 5982
9 6181 6219 6220 6182 5983
9 6182 6220 6221 6183 5984
9 6183 6221 6222 6184 5985
9 6184 6222 6223 6185 5986
9 6185 6223 6224 6186 5987
9 6186 6224 6225 6187 5988
9 6187 6225 6226 6188 5989
9 6188 6226 6227 6189 5990
9 6189 6227 6228 6190 5991
9 6190 6228 6229 6191 5992
9 6191 6229 6230 6192 5993
9 6192 6230 6231 6193 5994
9 6193 6231 6232 6194 5995
9 6194 6232 6233 6195 5996
9 6195 6233 6234 6196 5997
9 6196 6234 6235 6197 5998
9 6197 6235 6236 6198 5999
9 6198 6236 6237 6199 6000
9 6199 6237 6238 6200 6001
9 6200 6238 6239 6201 6002
9 6201 6239 6240 6202 6003
9 6202 6240 6241 6203 6004
9 6203 6241 3274 3273 6005
9 4834 4835 6242 6204 6006
9 6204 6242 6243 6205 6007
9 6205 6243 6244 6206 6008
9 6206 6244 6245 6207 6009
9 6207 6245 6246 6208 6010
9 6208 6246 6247 6209 6011
9 6209 6247 6248 6210 6012
9 6210 6248 6249 6211 6013
9 6211 6249 6250 6212 6014
9 6212 6250 6251 6213 6015
9 6213 6251 6252 6214 6016
9 6214 6252 6253 6215 6017
9 6215 6253 6254 6216 6018
9 6216 6254 6255 6217 6019
9 6217 6255 6256 6218 6020
9 6218 6256 6257 6219 6021
9 6219 6257 6258 6220 6022
9 6220 6258 6259 6221 6023
9 6221 6259 6260 6222 6024
9 6222 6260 6261 6223 6025
9 6223 6261 6262 6224 6026
9 6224 6262 6263 6225 6027
9 6225 6263 6264 6226 6028
9 6226 6264 6265 6227 6029
9 6227 6265 6266 6228 6030
9 6228 6266 6267 6229 6031
9 6229 6267 6268 6230 6032
9 6230 6268 6269 6231 6033
9 6231 6269 6270 6232 6034
9 6232 6270 6271 6233 6035
9 6233 6271 6272 6234 6036
9 6234 6272 6273 6235 6037
9 6235 6273 6274 6236 6038
9 6236 6274 6275 6237 6039
9 6237 6275 6276 6238 6040
9 6238 6276 6277 6239 6041
9 6239 6277 6278 6240 6042
9 6240 6278 6279 6241 6043
9 6241 6279 3275 3274 6044
9 4835 4720 4797 6242 6045
9 6242 4797 4796 6243 6046
9 6243 4796 4795 6244 6047
9 6244 4795 4794 6245 6048
9 6245 4794 4793 6246 6049
9 6246 4793 4792 6247 6050
9 6247 4792 4791 6248 6051
9 6248 4791 4790 6249 6052
9 6249 4790 4789 6250 6053
9 6250 4789 4788 6251 6054
9 6251 4788 4787 6252 6055
9 6252 4787 4786 6253 6056
9 6253 4786 4785 6254 6057
9 6254 4785 4784 6255 6058
9 6255 4784 4783 6256 6059
9 6256 4783 4782 6257 6060
9 6257 4782 4781 6258 6061
9 6258 4781 4780 6259 6062
9 6259 4780 4779 6260 6063
9 6260 4779 4778 6261 6064
9 6261 4778 4777 6262 6065
9 6262 4777 4776 6263 6066
9 6263 4776 4775 6264 6067
9 6264 4775 4774 6265 6068
9 6265 4774 4773 6266 6069
9 6266 4773 4772 6267 6070
9 6267 4772 4771 6268 6071
9 6268 4771 4770 6269 6072
9 6269 4770 4769 6270 6073
9 6270 4769 4768 6271 6074
9 6271 4768 4767 6272 6075
9 6272 4767 4766 6273 6076
9 6273 4766 4765 6274 6077
9 6274 4765 4764 6275 6078
9 6275 4764 4763 6276 6079
9 6276 4763 4762 6277 6080
9 6277 4762 4761 6278 6081
9 6278 4761 4760 6279 6082
9 6279 4760 3160 3275 6083
9 6281 6358 6396 6319 6084
9 6319 6396 6397 6318 6085
9 6318 6397 6398 6317 6086
9 6317 6398 6399 6316 6087
9 6316 6399 6400 6315 6088
9 6315 6400 6401 6314 6089
9 6314 6401 6402 6313 6090
9 6313 6402 6403 6312 6091
9 6312 6403 6404 6311 6092
9 6311 6404 6405 6310 6093
9 6310 6405 6406 6309 6094
9 6309 6406 6407 6308 6095
9 6308 6407 6408 6307 6096
9 6307 6408 6409 6306 6097
9 6306 6409 6410 6305 6098
9 6305 6410 6411 6304 6099
9 6304 6411 6412 6303 6100
9 6303 6412 6413 6302 6101
9 6302 6413 6414 6301 6102
9 6301 6414 6415 6300 6103
9 6300 6415 6416 6299 6104
9 6299 6416 6417 6298 6105
9 6298 6417 6418 6297 6106
9 6297 6418 6419 6296 6107
9 6296 6419 6420 6295 6108
9 6295 6420 6421 6294 6109
9 6294 6421 6422 6293 6110
9 6293 6422 6423 6292 6111
9 6292 6423 6424 6291 6112
9 6291 6424 6425 6290 6113
9 6290 6425 6426 6289 6114
9 6289 6426 6427 6288 6115
9 6288 6427 6428 6287 6116
9 6287 6428 6429 6286 6117
9 6286 6429 6430 6285 6118
9 6285 6430 6431 6284 6119
9 6284 6431 6432 6283 6120
9 6283 6432 6433 6282 6121
9 6282 6433 4798 4721 6122
9 6358 6359 6434 6396 6123
9 6396 6434 6435 6397 6124
9 6397 6435 6436 6398 6125
9 6398 6436 6437 6399 6126
9 6399 6437 6438 6400 6127
9 6400 6438 6439 6401 6128
9 6401 6439 6440 6402 6129
9 6402 6440 6441 6403 6130
9 6403 6441 6442 6404 6131
9 6404 6442 6443 6405 6132
9 6405 6443 6444 6406 6133
9 6406 6444 6445 6407 6134
9 6407 6445 6446 6408 6135
9 6408 6446 6447 6409 6136
9 6409 6447 6448 6410 6137
9 6410 6448 6449 6411 6138
9 6411 6449 6450 6412 6139
9 6412 6450 6451 6413 6140
9 6413 6451 6452 6414 6141
9 6414 6452 6453 6415 6142
9 6415 6453 6454 6416 6143
9 6416 6454 6455 6417 6144
9 6417 6455 6456 6418 6145
9 6418 6456 6457 6419 6146
9 6419 6457 6458 6420 6147
9 6420 6458 6459 6421 6148
9 6421 6459 6460 6422 6149
9 6422 6460 6461 6423 6150
9 6423 6461 6462 6424 6151
9 6424 6462 6463 6425 6152
9 6425 6463 6464 6426 6153
9 6426 6464 6465 6427 6154
9 6427 6465 6466 6428 6155
9 6428 6466 6467 6429 6156
9 6429 6467 6468 6430 6157
9 6430 6468 6469 6431 6158
9 6431 6469 6470 6432 6159
9 6432 6470 6471 6433 6160
9 6433 6471 4799 4798 6161
9 6359 6360 6472 6434 6162
9 6434 6472 6473 6435 6163
9 6435 6473 6474 6436 6164
9 6436 6474 6475 6437 6165
9 6437 6475 6476 6438 6166
9 6438 6476 6477 6439 6167
9 6439 6477 6478 6440 6168
9 6440 6478 6479 6441 6169
9 6441 6479 6480 6442 6170
9 6442 6480 6481 6443 6171
9 6443 6481 6482 6444 6172
9 6444 6482 6483 6445 6173
9 6445 6483 6484 6446 6174
9 6446 6484 6485 6447 6175
9 6447 6485 6486 6448 6176
9 6448 6486 6487 6449 6177
9 6449 6487 6488 6450 6178
9 6450 6488 6489 6451 6179
9 6451 6489 6490 6452 6180
9 6452 6490 6491 6453 6181
9 6453 6491 6492 6454 6182
9 6454 6492 6493 6455 6183
9 6455 6493 6494 6456 6184
9 6456 6494 6495 6457 6185
9 6457 6495 6496 6458 6186
9 6458 6496 6497 6459 6187
9 6459 6497 6498 6460 6188
9 6460 6498 6499 6461 6189
9 6461 6499 6500 6462 6190
9 6462 6500 6501 6463 6191
9 6463 6501 6502 6464 6192
9 6464 6502 6503 6465 6193
9 6465 6503 6504 6466 6194
9 6466 6504 6505 6467 6195
9 6467 6505 6506 6468 6196
9 6468 6506 6507 6469 6197
9 6469 6507 6508 6470 6198
9 6470 6508 6509 6471 6199
9 6471 6509 4800 4799 6200
9 6360 6361 6510 6472 6201
9 6472 6510 6511 6473 6202
9 6473 6511 6512 6474 6203
9 6474 6512 6513 6475 6204
9 6475 6513 6514 6476 6205
9 6476 6514 6515 6477 6206
9 6477 6515 6516 6478 6207
9 6478 6516 6517 6479 6208
9 6479 6517 6518 6480 6209
9 6480 6518 6519 6481 6210
9 6481 6519 6520 6482 6211
9 6482 6520 6521 6483 6212
9 6483 6521 6522 6484 6213
9 6484 6522 6523 6485 6214
9 6485 6523 6524 6486 6215
9 6486 6524 6525 6487 6216
9 6487 6525 6526 6488 6217
9 6488 6526 6527 6489 6218
9 6489 6527 6528 6490 6219
9 6490 6528 6529 6491 6220
9 6491 6529 6530 6492 6221
9 6492 6530 6531 6493 6222
9 6493 6531 6532 6494 6223
9 6494 6532 6533 6495 6224
9 6495 6533 6534 6496 6225
9 6496 6534 6535 6497 6226
9 6497 6535 6536 6498 6227
9 6498 6536 6537 6499 6228
9 6499 6537 6538 6500 6229
9 6500 6538 6539 6501 6230
9 6501 6539 6540 6502 6231
9 6502 6540 6541 6503 6232
9 6503 6541 6542 6504 6233
9 6504 6542 6543 6505 6234
9 6505 6543 6544 6506 6235
9 6506 6544 6545 6507 6236
9 6507 6545 6546 6508 6237
9 6508 6546 6547 6509 6238
9 6509 6547 4801 4800 6239
9 6361 6362 6548 6510 6240
9 6510 6548 6549 6511 6241
9 6511 6549 6550 6512 6242
9 6512 6550 6551 6513 6243
9 6513 6551 6552 6514 6244
9 6514 6552 6553 6515 6245
9 6515 6553 6554 6516 6246
9 6516 6554 6555 6517 6247
9 6517 6555 6556 6518 6248
9 6518 6556 6557 6519 6249
9 6519 6557 6558 6520 6250
9 6520 6558 6559 6521 6251
9 6521 6559 6560 6522 6252
9 6522 6560 6561 6523 6253
9 6523 6561 6562 6524 6254
9 6524 6562 6563 6525 6255
9 6525 6563 6564 6526 6256
9 6526 6564 6565 6527 6257
9 6527 6565 6566 6528 6258
9 6528 6566 6567 6529 6259
9 6529 6567 6568 6530 6260
9 6530 6568 6569 6531 6261
9 6531 6569 6570 6532 6262
9 6532 6570 6571 6533 6263
9 6533 6571 6572 6534 6264
9 6534 6572 6573 6535 6265
9 6535 6573 6574 6536 6266
9 6536 6574 6575 6537 6267
9 6537 6575 6576 6538 6268
9 6538 6576 6577 6539 6269
9 6539 6577 6578 6540 6270
9 6540 6578 6579 6541 6271
9 6541 6579 6580 6542 6272
9 6542 6580 6581 6543 6273
9 6543 6581 6582 6544 6274
9 6544 6582 6583 6545 6275
9 6545 6583 6584 6546 6276
9 6546 6584 6585 6547 6277
9 6547 6585 4802 4801 6278
9 6362 6363 6586 6548 6279
9 6548 6586 6587 6549 6280
9 6549 6587 6588 6550 6281
9 6550 6588 6589 6551 6282
9 6551 6589 6590 6552 6283
9 6552 6590 6591 6553 6284
9 6553 6591 6592 6554 6285
9 6554 6592 6593 6555 6286
9 6555 6593 6594 6556 6287
9 6556 6594 6595 6557 6288
9 6557 6595 6596 6558 6289
9 6558 6596 6597 6559 6290
9 6559 6597 6598 6560 6291
9 6560 6598 6599 6561 6292
9 6561 6599 6600 6562 6293
9 6562 6600 6601 6563 6294
9 6563 6601 6602 6564 6295
9 6564 6602 6603 6565 6296
9 6565 6603 6604 6566 6297
9 6566 6604 6605 6567 6298
9 6567 6605 6606 6568 6299
9 6568 6606 6607 6569 6300
9 6569 6607 6608 6570 6301
9 6570 6608 6609 6571 6302
9 6571 6609 6610 6572 6303
9 6572 6610 6611 6573 6304
9 6573 6611 6612 6574 6305
9 6574 6612 6613 6575 6306
9 6575 6613 6614 6576 6307
9 6576 6614 6615 6577 6308
9 6577 6615 6616 6578 6309
9 6578 6616 6617 6579 6310
9 6579 6617 6618 6580 6311
9 6580 6618 6619 6581 6312
9 6581 6619 6620 6582 6313
9 6582 6620 6621 6583 6314
9 6583 6621 6622 6584 6315
9 6584 6622 6623 6585 6316
9 6585 6623 4803 4802 6317
9 6363 6364 6624 6586 6318
9 6586 6624 6625 6587 6319
9 6587 6625 6626 6588 6320
9 6588 6626 6627 6589 6321
9 6589 6627 6628 6590 6322
9 6590 6628 6629 6591 6323
9 6591 6629 6630 6592 6324
9 6592 6630 6631 6593 6325
9 6593 6631 6632 6594 6326
9 6594 6632 6633 6595 6327
9 6595 6633 6634 6596 6328
9 6596 6634 6635 6597 6329
9 6597 6635 6636 6598 6330
9 6598 6636 6637 6599 6331
9 6599 6637 6638 6600 6332
9 6600 6638 6639 6601 6333
9 6601 6639 6640 6602 6334
9 6602 6640 6641 6603 6335
9 6603 6641 6642 6604 6336
9 6604 6642 6643 6605 6337
9 6605 6643 6644 6606 6338
9 6606 6644 6645 6607 6339
9 6607 6645 6646 6608 6340
9 6608 6646 6647 6609 6341
9 6609 6647 6648 6610 6342
9 6610 6648 6649 6611 6343
9 6611 6649 6650 6612 6344
9 6612 6650 6651 6613 6345
9 6613 6651 6652 6614 6346
9 6614 6652 6653 6615 6347
9 6615 6653 6654 6616 6348
9 6616 6654 6655 6617 6349
9 6617 6655 6656 6618 6350
9 6618 6656 6657 6619 6351
9 6619 6657 6658 6620 6352
9 6620 6658 6659 6621 6353
9 6621 6659 6660 6622 6354
9 6622 6660 6661 6623 6355
9 6623 6661 4804 4803 6356
9 6364 6365 6662 6624 6357
9 6624 6662 6663 6625 6358
9 6625 6663 6664 6626 6359
9 6626 6664 6665 6627 6360
9 6627 6665 6666 6628 6361
9 6628 6666 6667 6629 6362
9 6629 6667 6668 6630 6363
9 6630 6668 6669 6631 6364
9 6631 6669 6670 6632 6365
9 6632 6670 6671 6633 6366
9 6633 6671 6672 6634 6367
9 6634 6672 6673 6635 6368
9 6635 6673 6674 6636 6369
9 6636 6674 6675 6637 6370
9 6637 6675 6676 6638 6371
9 6638 6676 6677 6639 6372
9 6639 6677 6678 6640 6373
9 6640 6678 6679 6641 6374
9 6641 6679 6680 6642 6375
9 6642 6680 6681 6643 6376
9 6643 6681 6682 6644 6377
9 6644 6682 6683 6645 6378
9 6645 6683 6684 6646 6379
9 6646 6684 6685 6647 6380
9 6647 6685 6686 6648 6381
9 6648 6686 6687 6649 6382
9 6649 6687 6688 6650 6383
9 6650 6688 6689 6651 6384
9 6651 6689 6690 6652 6385
9 6652 6690 6691 6653 6386
9 6653 6691 6692 6654 6387
9 6654 6692 6693 6655 6388
9 6655 6693 6694 6656 6389
9 6656 6694 6695 6657 6390
9 6657 6695 6696 6658 6391
9 6658 6696 6697 6659 6392
9 6659 6697 6698 6660 6393
9 6660 6698 6699 6661 6394
9 6661 6699 4805 4804 6395
9 6365 6366 6700 6662 6396
9 6662 6700 6701 6663 6397
9 6663 6701 6702 6664 6398
9 6664 6702 6703 6665 6399
9 6665 6703 6704 6666 6400
9 6666 6704 6705 6667 6401
9 6667 6705 6706 6668 6402
9 6668 6706 6707 6669 6403
9 6669 6707 6708 6670 6404
9 6670 6708 6709 6671 6405
9 6671 6709 6710 6672 6406
9 6672 6710 6711 6673 6407
9 6673 6711 6712 6674 6408
9 6674 6712 6713 6675 6409
9 6675 6713 6714 6676 6410
9 6676 6714 6715 6677 6411
9 6677 6715 6716 6678 6412
9 6678 6716 6717 6679 6413
9 6679 6717 6718 6680 6414
9 6680 6718 6719 6681 6415
9 6681 6719 6720 6682 6416
9 6682 6720 6721 6683 6417
9 6683 6721 6722 6684 6418
9 6684 6722 6723 6685 6419
9 6685 6723 6724 6686 6420
9 6686 6724 6725 6687 6421
9 6687 6725 6726 6688 6422
9 6688 6726 6727 6689 6423
9 6689 6727 6728 6690 6424
9 6690 6728 6729 6691 6425
9 6691 6729 6730 6692 6426
9 6692 6730 6731 6693 6427
9 6693 6731 6732 6694 6428
9 6694 6732 6733 6695 6429
9 6695 6733 6734 6696 6430
9 6696 6734 6735 6697 6431
9 6697 6735 6736 6698 6432
9 6698 6736 6737 6699 6433
9 6699 6737 4806 4805 6434
9 6366 6367 6738 6700 6435
9 6700 6738 6739 6701 6436
9 6701 6739 6740 6702 6437
9 6702 6740 6741 6703 6438
9 6703 6741 6742 6704 6439
9 6704 6742 6743 6705 6440
9 6705 6743 6744 6706 6441
9 6706 6744 6745 6707 6442
9 6707 6745 6746 6708 6443
9 6708 6746 6747 6709 6444
9 6709 6747 6748 6710 6445
9 6710 6748 6749 6711 6446
9 6711 6749 6750 6712 6447
9 6712 6750 6751 6713 6448
9 6713 6751 6752 6714 6449
9 6714 6752 6753 6715 6450
9 6715 6753 6754 6716 6451
9 6716 6754 6755 6717 6452
9 6717 6755 6756 6718 6453
9 6718 6756 6757 6719 6454
9 6719 6757 6758 6720 6455
9 6720 6758 6759 6721 6456
9 6721 6759 6760 6722 6457
9 6722 6760 6761 6723 6458
9 6723 6761 6762 6724 6459
9 6724 6762 6763 6725 6460
9 6725 6763 6764 6726 6461
9 6726 6764 6765 6727 6462
9 6727 6765 6766 6728 6463
9 6728 6766 6767 6729 6464
9 6729 6767 6768 6730 6465
9 6730 6768 6769 6731 6466
9 6731 6769 6770 6732 6467
9 6732 6770 6771 6733 6468
9 6733 6771 6772 6734 6469
9 6734 6772 6773 6735 6470
9 6735 6773 6774 6736 6471
9 6736 6774 6775 6737 6472
9 6737 6775 4807 4806 6473
9 6367 6368 6776 6738 6474
9 6738 6776 6777 6739 6475
9 6739 6777 6778 6740 6476
9 6740 6778 6779 6741 6477
9 6741 6779 6780 6742 6478
9 6742 6780 6781 6743 6479
9 6743 6781 6782 6744 6480
9 6744 6782 6783 6745 6481
9 6745 6783 6784 6746 6482
9 6746 6784 6785 6747 6483
9 6747 6785 6786 6748 6484
9 6748 6786 6787 6749 6485
9 6749 6787 6788 6750 6486
9 6750 6788 6789 6751 6487
9 6751 6789 6790 6752 6488
9 6752 6790 6791 6753 6489
9 6753 6791 6792 6754 6490
9 6754 6792 6793 6755 6491
9 6755 6793 6794 6756 6492
9 6756 6794 6795 6757 6493
9 6757 6795 6796 6758 6494
9 6758 6796 6797 6759 6495
9 6759 6797 6798 6760 6496
9 6760 6798 6799 6761 6497
9 6761 6799 6800 6762 6498
9 6762 6800 6801 6763 6499
9 6763 6801 6802 6764 6500
9 6764 6802 6803 6765 6501
9 6765 6803 6804 6766 6502
9 6766 6804 6805 6767 6503
9 6767 6805 6806 6768 6504
9 6768 6806 6807 6769 6505
9 6769 6807 6808 6770 6506
9 6770 6808 6809 6771 6507
9 6771 6809 6810 6772 6508
9 6772 6810 6811 6773 6509
9 6773 6811 6812 6774 6510
9 6774 6812 6813 6775 6511
9 6775 6813 4808 4807 6512
9 6368 6369 6814 6776 6513
9 6776 6814 6815 6777 6514
9 6777 6815 6816 6778 6515
9 6778 6816 6817 6779 6516
9 6779 6817 6818 6780 6517
9 6780 6818 6819 6781 6518
9 6781 6819 6820 6782 6519
9 6782 6820 6821 6783 6520
9 6783 6821 6822 6784 6521
9 6784 6822 6823 6785 6522
9 6785 6823 6824 6786 6523
9 6786 6824 6825 6787 6524
9 6787 6825 6826 6788 6525
9 6788 6826 6827 6789 6526
9 6789 6827 6828 6790 6527
9 6790 6828 6829 6791 6528
9 6791 6829 6830 6792 6529
9 6792 6830 6831 6793 6530
9 6793 6831 6832 6794 6531
9 6794 6832 6833 6795 6532
9 6795 6833 6834 6796 6533
9 6796 6834 6835 6797 6534
9 6797 6835 6836 6798 6535
9 6798 6836 6837 6799 6536
9 6799 6837 6838 6800 6537
9 6800 6838 6839 6801 6538
9 6801 6839 6840 6802 6539
9 6802 6840 6841 6803 6540
9 6803 6841 6842 6804 6541
9 6804 6842 6843 6805 6542
9 6805 6843 6844 6806 6543
9 6806 6844 6845 6807 6544
9 6807 6845 6846 6808 6545
9 6808 6846 6847 6809 6546
9 6809 6847 6848 6810 6547
9 6810 6848 6849 6811 6548
9 6811 6849 6850 6812 6549
9 6812 6850 6851 6813 6550
9 6813 6851 4809 4808 6551
9 6369 6370 6852 6814 6552
9 6814 6852 6853 6815 6553
9 6815 6853 6854 6816 6554
9 6816 6854 6855 6817 6555
9 6817 6855 6856 6818 6556
9 6818 6856 6857 6819 6557
9 6819 6857 6858 6820 6558
9 6820 6858 6859 6821 6559
9 6821 6859 6860 6822 6560
9 6822 6860 6861 6823 6561
9 6823 6861 6862 6824 6562
9 6824 6862 6863 6825 6563
9 6825 6863 6864 6826 6564
9 6826 6864 6865 6827 6565
9 6827 6865 6866 6828 6566
9 6828 6866 6867 6829 6567
9 6829 6867 6868 6830 6568
9 6830 6868 6869 6831 6569
9 6831 6869 6870 6832 6570
9 6832 6870 6871 6833 6571
9 6833 6871 6872 6834 6572
9 6834 6872 6873 6835 6573
9 6835 6873 6874 6836 6574
9 6836 6874 6875 6837 6575
9 6837 6875 6876 6838 6576
9 6838 6876 6877 6839 6577
9 6839 6877 6878 6840 6578
9 6840 6878 6879 6841 6579
9 6841 6879 6880 6842 6580
9 6842 6880 6881 6843 6581
9 6843 6881 6882 6844 6582
9 6844 6882 6883 6845 6583
9 6845 6883 6884 6846 6584
9 6846 6884 6885 6847 6585
9 6847 6885 6886 6848 6586
9 6848 6886 6887 6849 6587
9 6849 6887 6888 6850 6588
9 6850 6888 6889 6851 6589
9 6851 6889 4810 4809 6590
9 6370 6371 6890 6852 6591
9 6852 6890 6891 6853 6592
9 6853 6891 6892 6854 6593
9 6854 6892 6893 6855 6594
9 6855 6893 6894 6856 6595
9 6856 6894 6895 6857 6596
9 6857 6895 6896 6858 6597
9 6858 6896 6897 6859 6598
9 6859 6897 6898 6860 6599
9 6860 6898 6899 6861 6600
9 6861 6899 6900 6862 6601
9 6862 6900 6901 6863 6602
9 6863 6901 6902 6864 6603
9 6864 6902 6903 6865 6604
9 6865 6903 6904 6866 6605
9 6866 6904 6905 6867 6606
9 6867 6905 6906 6868 6607
9 6868 6906 6907 6869 6608
9 6869 6907 6908 6870 6609
9 6870 6908 6909 6871 6610
9 6871 6909 6910 6872 6611
9 6872 6910 6911 6873 6612
9 6873 6911 6912 6874 6613
9 6874 6912 6913 6875 6614
9 6875 6913 6914 6876 6615
9 6876 6914 6915 6877 6616
9 6877 6915 6916 6878 6617
9 6878 6916 6917 6879 6618
9 6879 6917 6918 6880 6619
9 6880 6918 6919 6881 6620
9 6881 6919 6920 6882 6621
9 6882 6920 6921 6883 6622
9 6883 6921 6922 6884 6623
9 6884 6922 6923 6885 6624
9 6885 6923 6924 6886 6625
9 6886 6924 6925 6887 6626
9 6887 6925 6926 6888 6627
9 6888 6926 6927 6889 6628
9 6889 6927 4811 4810 6629
9 6371 6372 6928 6890 6630
9 6890 6928 6929 6891 6631
9 6891 6929 6930 6892 6632
9 6892 6930 6931 6893 6633
9 6893 6931 6932 6894 6634
9 6894 6932 6933 6895 6635
9 6895 6933 6934 6896 6636
9 6896 6934 6935 6897 6637
9 6897 6935 6936 6898 6638
9 6898 6936 6937 6899 6639
9 6899 6937 6938 6900 6640
9 6900 6938 6939 6901 6641
9 6901 6939 6940 6902 6642
9 6902 6940 6941 6903 6643
9 6903 6941 6942 6904 6644
9 6904 6942 6943 6905 6645
9 6905 6943 6944 6906 6646
9 6906 6944 6945 6907 6647
9 6907 6945 6946 6908 6648
9 6908 6946 6947 6909 6649
9 6909 6947 6948 6910 6650
9 6910 6948 6949 6911 6651
9 6911 6949 6950 6912 6652
9 6912 6950 6951 6913 6653
9 6913 6951 6952 6914 6654
9 6914 6952 6953 6915 6655
9 6915 6953 6954 6916 6656
9 6916 6954 6955 6917 6657
9 6917 6955 6956 6918 6658
9 6918 6956 6957 6919 6659
9 6919 6957 6958 6920 6660
9 6920 6958 6959 6921 6661
9 6921 6959 6960 6922 6662
9 6922 6960 6961 6923 6663
9 6923 6961 6962 6924 6664
9 6924 6962 6963 6925 6665
9 6925 6963 6964 6926 6666
9 6926 6964 6965 6927 6667
9 6927 6965 4812 4811 6668
9 6372 6373 6966 6928 6669
9 6928 6966 6967 6929 6670
9 6929 6967 6968 6930 6671
9 6930 6968 6969 6931 6672
9 6931 6969 6970 6932 6673
9 6932 6970 6971 6933 6674
9 6933 6971 6972 6934 6675
9 6934 6972 6973 6935 6676
9 6935 6973 6974 6936 6677
9 6936 6974 6975 6937 6678
9 6937 6975 6976 6938 6679
9 6938 6976 6977 6939 6680
9 6939 6977 6978 6940 6681
9 6940 6978 6979 6941 6682
9 6941 6979 6980 6942 6683
9 6942 6980 6981 6943 6684
9 6943 6981 6982 6944 6685
9 6944 6982 6983 6945 6686
9 6945 6983 6984 6946 6687
9 6946 6984 6985 6947 6688
9 6947 6985 6986 6948 6689
9 6948 6986 6987 6949 6690
9 6949 6987 6988 6950 6691
9 6950 6988 6989 6951 6692
9 6951 6989 6990 6952 6693
9 6952 6990 6991 6953 6694
9 6953 6991 6992 6954 6695
9 6954 6992 6993 6955 6696
9 6955 6993 6994 6956 6697
9 6956 6994 6995 6957 6698
9 6957 6995 6996 6958 6699
9 6958 6996 6997 6959 6700
9 6959 6997 6998 6960 6701
9 6960 6998 6999 6961 6702
9 6961 6999 7000 6962 6703
9 6962 7000 7001 6963 6704
9 6963 7001 7002 6964 6705
9 6964 7002 7003 6965 6706
9 6965 7003 4813 4812 6707
9 6373 6374 7004 6966 6708
9 6966 7004 7005 6967 6709
9 6967 7005 7006 6968 6710
9 6968 7006 7007 6969 6711
9 6969 7007 7008 6970 6712
9 6970 7008 7009 6971 6713
9 6971 7009 7010 6972 6714
9 6972 7010 7011 6973 6715
9 6973 7011 7012 6974 6716
9 6974 7012 7013 6975 6717
9 6975 7013 7014 6976 6718
9 6976 7014 7015 6977 6719
9 6977 7015 7016 6978 6720
9 6978 7016 7017 6979 6721
9 6979 7017 7018 6980 6722
9 6980 7018 7019 6981 6723
9 6981 7019 7020 6982 6724
9 6982 7020 7021 6983 6725
9 6983 7021 7022 6984 6726
9 6984 7022 7023 6985 6727
9 6985 7023 7024 6986 6728
9 6986 7024 7025 6987 6729
9 6987 7025 7026 6988 6730
9 6988 7026 7027 6989 6731
9 6989 7027 7028 6990 6732
9 6990 7028 7029 6991 6733
9 6991 7029 7030 6992 6734
9 6992 7030 7031 6993 6735
9 6993 7031 7032 6994 6736
9 6994 7032 7033 6995 6737
9 6995 7033 7034 6996 6738
9 6996 7034 7035 6997 6739
9 6997 7035 7036 6998 6740
9 6998 7036 7037 6999 6741
9 6999 7037 7038 7000 6742
9 7000 7038 7039 7001 6743
9 7001 7039 7040 7002 6744
9 7002 7040 7041 7003 6745
9 7003 7041 4814 4813 6746
9 6374 6375 7042 7004 6747
9 7004 7042 7043 7005 6748
9 7005 7043 7044 7006 6749
9 7006 7044 7045 7007 6750
9 7007 7045 7046 7008 6751
9 7008 7046 7047 7009 6752
9 7009 7047 7048 7010 6753
9 7010 7048 7049 7011 6754
9 7011 7049 7050 7012 6755
9 7012 7050 7051 7013 6756
9 7013 7051 7052 7014 6757
9 7014 7052 7053 7015 6758
9 7015 7053 7054 7016 6759
9 7016 7054 7055 7017 6760
9 7017 7055 7056 7018 6761
9 7018 7056 7057 7019 6762
9 7019 7057 7058 7020 6763
9 7020 7058 7059 7021 6764
9 7021 7059 7060 7022 6765
9 7022 7060 7061 7023 6766
9 7023 7061 7062 7024 6767
9 7024 7062 7063 7025 6768
9 7025 7063 7064 7026 6769
9 7026 7064 7065 7027 6770
9 7027 7065 7066 7028 6771
9 7028 7066 7067 7029 6772
9 7029 7067 7068 7030 6773
9 7030 7068 7069 7031 6774
9 7031 7069 7070 7032 6775
9 7032 7070 7071 7033 6776
9 7033 7071 7072 7034 6777
9 7034 7072 7073 7035 6778
9 7035 7073 7074 7036 6779
9 7036 7074 7075 7037 6780
9 7037 7075 7076 7038 6781
9 7038 7076 7077 7039 6782
9 7039 7077 7078 7040 6783
9 7040 7078 7079 7041 6784
9 7041 7079 4815 4814 6785
9 6375 6376 7080 7042 6786
9 7042 7080 7081 7043 6787
9 7043 7081 7082 7044 6788
9 7044 7082 7083 7045 6789
9 7045 7083 7084 7046 6790
9 7046 7084 7085 7047 6791
9 7047 7085 7086 7048 6792
9 7048 7086 7087 7049 6793
9 7049 7087 7088 7050 6794
9 7050 7088 7089 7051 6795
9 7051 7089 7090 7052 6796
9 7052 7090 7091 7053 6797
9 7053 7091 7092 7054 6798
9 7054 7092 7093 7055 6799
9 7055 7093 7094 7056 6800
9 7056 7094 7095 7057 6801
9 7057 7095 7096 7058 6802
9 7058 7096 7097 7059 6803
9 7059 7097 7098 7060 6804
9 7060 7098 7099 7061 6805
9 7061 7099 7100 7062 6806
9 7062 7100 7101 7063 6807
9 7063 7101 7102 7064 6808
9 7064 7102 7103 7065 6809
9 7065 7103 7104 7066 6810
9 7066 7104 7105 7067 6811
9 7067 7105 7106 7068 6812
9 7068 7106 7107 7069 6813
9 7069 7107 7108 7070 6814
9 7070 7108 7109 7071 6815
9 7071 7109 7110 7072 6816
9 7072 7110 7111 7073 6817
9 7073 7111 7112 7074 6818
9 7074 7112 7113 7075 6819
9 7075 7113 7114 7076 6820
9 7076 7114 7115 7077 6821
9 7077 7115 7116 7078 6822
9 7078 7116 7117 7079 6823
9 7079 7117 4816 4815 6824
9 6376 6377 7118 7080 6825
9 7080 7118 7119 7081 6826
9 7081 7119 7120 7082 6827
9 7082 7120 7121 7083 6828
9 7083 7121 7122 7084 6829
9 7084 7122 7123 7085 6830
9 7085 7123 7124 7086 6831
9 7086 7124 7125 7087 6832
9 7087 7125 7126 7088 6833
9 7088 7126 7127 7089 6834
9 7089 7127 7128 7090 6835
9 7090 7128 7129 7091 6836
9 7091 7129 7130 7092 6837
9 7092 7130 7131 7093 6838
9 7093 7131 7132 7094 6839
9 7094 7132 7133 7095 6840
9 7095 7133 7134 7096 6841
9 7096 7134 7135 7097 6842
9 7097 7135 7136 7098 6843
9 7098 7136 7137 7099 6844
9 7099 7137 7138 7100 6845
9 7100 7138 7139 7101 6846
9 7101 7139 7140 7102 6847
9 7102 7140 7141 7103 6848
9 7103 7141 7142 7104 6849
9 7104 7142 7143 7105 6850
9 7105 7143 7144 7106 6851
9 7106 7144 7145 7107 6852
9 7107 7145 7146 7108 6853
9 7108 7146 7147 7109 6854
9 7109 7147 7148 7110 6855
9 7110 7148 7149 7111 6856
9 7111 7149 7150 7112 6857
9 7112 7150 7151 7113 6858
9 7113 7151 7152 7114 6859
9 7114 7152 7153 7115 6860
9 7115 7153 7154 7116 6861
9 7116 7154 7155 7117 6862
9 7117 7155 4817 4816 6863
9 6377 6378 7156 7118 6864
9 7118 7156 7157 7119 6865
9 7119 7157 7158 7120 6866
9 7120 7158 7159 7121 6867
9 7121 7159 7160 7122 6868
9 7122 7160 7161 7123 6869
9 7123 7161 7162 7124 6870
9 7124 7162 7163 7125 6871
9 7125 7163 7164 7126 6872
9 7126 7164 7165 7127 6873
9 7127 7165 7166 7128 6874
9 7128 7166 7167 7129 6875
9 7129 7167 7168 7130 6876
9 7130 7168 7169 7131 6877
9 7131 7169 7170 7132 6878
9 7132 7170 7171 7133 6879
9 7133 7171 7172 7134 6880
9 7134 7172 7173 7135 6881
9 7135 7173 7174 7136 6882
9 7136 7174 7175 7137 6883
9 7137 7175 7176 7138 6884
9 7138 7176 7177 7139 6885
9 7139 7177 7178 7140 6886
9 7140 7178 7179 7141 6887
9 7141 7179 7180 7142 6888
9 7142 7180 7181 7143 6889
9 7143 7181 7182 7144 6890
9 7144 7182 7183 7145 6891
9 7145 7183 7184 7146 6892
9 7146 7184 7185 7147 6893
9 7147 7185 7186 7148 6894
9 7148 7186 7187 7149 6895
9 7149 7187 7188 7150 6896
9 7150 7188 7189 7151 6897
9 7151 7189 7190 7152 6898
9 7152 7190 7191 7153 6899
9 7153 7191 7192 7154 6900
9 7154 7192 7193 7155 6901
9 7155 7193 4818 4817 6902
9 6378 6379 7194 7156 6903
9 7156 7194 7195 7157 6904
9 7157 7195 7196 7158 6905
9 7158 7196 7197 7159 6906
9 7159 7197 7198 7160 6907
9 7160 7198 7199 7161 6908
9 7161 7199 7200 7162 6909
9 7162 7200 7201 7163 6910
9 7163 7201 7202 7164 6911
9 7164 7202 7203 7165 6912
9 7165 7203 7204 7166 6913
9 7166 7204 7205 7167 6914
9 7167 7205 7206 7168 6915
9 7168 7206 7207 7169 6916
9 7169 7207 7208 7170 6917
9 7170 7208 7209 7171 6918
9 7171 7209 7210 7172 6919
9 7172 7210 7211 7173 6920
9 7173 7211 7212 7174 6921
9 7174 7212 7213 7175 6922
9 7175 7213 7214 7176 6923
9 7176 7214 7215 7177 6924
9 7177 7215 7216 7178 6925
9 7178 7216 7217 7179 6926
9 7179 7217 7218 7180 6927
9 7180 7218 7219 7181 6928
9 7181 7219 7220 7182 6929
9 7182 7220 7221 7183 6930
9 7183 7221 7222 7184 6931
9 7184 7222 7223 7185 6932
9 7185 7223 7224 7186 6933
9 7186 7224 7225 7187 6934
9 7187 7225 7226 7188 6935
9 7188 7226 7227 7189 6936
9 7189 7227 7228 7190 6937
9 7190 7228 7229 7191 6938
9 7191 7229 7230 7192 6939
9 7192 7230 7231 7193 6940
9 7193 7231 4819 4818 6941
9 6379 6380 7232 7194 6942
9 7194 7232 7233 7195 6943
9 7195 7233 7234 7196 6944
9 7196 7234 7235 7197 6945
9 7197 7235 7236 7198 6946
9 7198 7236 7237 7199 6947
9 7199 7237 7238 7200 6948
9 7200 7238 7239 7201 6949
9 7201 7239 7240 7202 6950
9 7202 7240 7241 7203 6951
9 7203 7241 7242 7204 6952
9 7204 7242 7243 7205 6953
9 7205 7243 7244 7206 6954
9 7206 7244 7245 7207 6955
9 7207 7245 7246 7208 6956
9 7208 7246 7247 7209 6957
9 7209 7247 7248 7210 6958
9 7210 7248 7249 7211 6959
9 7211 7249 7250 7212 6960
9 7212 7250 7251 7213 6961
9 7213 7251 7252 7214 6962
9 7214 7252 7253 7215 6963
9 7215 7253 7254 7216 6964
9 7216 7254 7255 7217 6965
9 7217 7255 7256 7218 6966
9 7218 7256 7257 7219 6967
9 7219 7257 7258 7220 6968
9 7220 7258 7259 7221 6969
9 7221 7259 7260 7222 6970
9 7222 7260 7261 7223 6971
9 7223 7261 7262 7224 6972
9 7224 7262 7263 7225 6973
9 7225 7263 7264 7226 6974
9 7226 7264 7265 7227 6975
9 7227 7265 7266 7228 6976
9 7228 7266 7267 7229 6977
9 7229 7267 7268 7230 6978
9 7230 7268 7269 7231 6979
9 7231 7269 4820 4819 6980
9 6380 6381 7270 7232 6981
9 7232 7270 7271 7233 6982
9 7233 7271 7272 7234 6983
9 7234 7272 7273 7235 6984
9 7235 7273 7274 7236 6985
9 7236 7274 7275 7237 6986
9 7237 7275 7276 7238 6987
9 7238 7276 7277 7239 6988
9 7239 7277 7278 7240 6989
9 7240 7278 7279 7241 6990
9 7241 7279 7280 7242 6991
9 7242 7280 7281 7243 6992
9 7243 7281 7282 7244 6993
9 7244 7282 7283 7245 6994
9 7245 7283 7284 7246 6995
9 7246 7284 7285 7247 6996
9 7247 7285 7286 7248 6997
9 7248 7286 7287 7249 6998
9 7249 7287 7288 7250 6999
9 7250 7288 7289 7251 7000
9 7251 7289 7290 7252 7001
9 7252 7290 7291 7253 7002
9 7253 7291 7292 7254 7003
9 7254 7292 7293 7255 7004
9 7255 7293 7294 7256 7005
9 7256 7294 7295 7257 7006
9 7257 7295 7296 7258 7007
9 7258 7296 7297 7259 7008
9 7259 7297 7298 7260 7009
9 7260 7298 7299 7261 7010
9 7261 7299 7300 7262 7011
9 7262 7300 7301 7263 7012
9 7263 7301 7302 7264 7013
9 7264 7302 7303 7265 7014
9 7265 7303 7304 7266 7015
9 7266 7304 7305 7267 7016
9 7267 7305 7306 7268 7017
9 7268 7306 7307 7269 7018
9 7269 7307 4821 4820 7019
9 6381 6382 7308 7270 7020
9 7270 7308 7309 7271 7021
9 7271 7309 7310 7272 7022
9 7272 7310 7311 7273 7023
9 7273 7311 7312 7274 7024
9 7274 7312 7313 7275 7025
9 7275 7313 7314 7276 7026
9 7276 7314 7315 7277 7027
9 7277 7315 7316 7278 7028
9 7278 7316 7317 7279 7029
9 7279 7317 7318 7280 7030
9 7280 7318 7319 7281 7031
9 7281 7319 7320 7282 7032
9 7282 7320 7321 7283 7033
9 7283 7321 7322 7284 7034
9 7284 7322 7323 7285 7035
9 7285 7323 7324 7286 7036
9 7286 7324 7325 7287 7037
9 7287 7325 7326 7288 7038
9 7288 7326 7327 7289 7039
9 7289 7327 7328 7290 7040
9 7290 7328 7329 7291 7041
9 7291 7329 7330 7292 7042
9 7292 7330 7331 7293 7043
9 7293 7331 7332 7294 7044
9 7294 7332 7333 7295 7045
9 7295 7333 7334 7296 7046
9 7296 7334 7335 7297 7047
9 7297 7335 7336 7298 7048
9 7298 7336 7337 7299 7049
9 7299 7337 7338 7300 7050
9 7300 7338 7339 7301 7051
9 7301 7339 7340 7302 7052
9 7302 7340 7341 7303 7053
9 7303 7341 7342 7304 7054
9 7304 7342 7343 7305 7055
9 7305 7343 7344 7306 7056
9 7306 7344 7345 7307 7057
9 7307 7345 4822 4821 7058
9 6382 6383 7346 7308 7059
9 7308 7346 7347 7309 7060
9 7309 7347 7348 7310 7061
9 7310 7348 7349 7311 7062
9 7311 7349 7350 7312 7063
9 7312 7350 7351 7313 7064
9 7313 7351 7352 7314 7065
9 7314 7352 7353 7315 7066
9 7315 7353 7354 7316 7067
9 7316 7354 7355 7317 7068
9 7317 7355 7356 7318 7069
9 7318 7356 7357 7319 7070
9 7319 7357 7358 7320 7071
9 7320 7358 7359 7321 7072
9 7321 7359 7360 7322 7073
9 7322 7360 7361 7323 7074
9 7323 7361 7362 7324 7075
9 7324 7362 7363 7325 7076
9 7325 7363 7364 7326 7077
9 7326 7364 7365 7327 7078
9 7327 7365 7366 7328 7079
9 7328 7366 7367 7329 7080
9 7329 7367 7368 7330 7081
9 7330 7368 7369 7331 7082
9 7331 7369 7370 7332 7083
9 7332 7370 7371 7333 7084
9 7333 7371 7372 7334 7085
9 7334 7372 7373 7335 7086
9 7335 7373 7374 7336 7087
9 7336 7374 7375 7337 7088
9 7337 7375 7376 7338 7089
9 7338 7376 7377 7339 7090
9 7339 7377 7378 7340 7091
9 7340 7378 7379 7341 7092
9 7341 7379 7380 7342 7093
9 7342 7380 7381 7343 7094
9 7343 7381 7382 7344 7095
9 7344 7382 7383 7345 7096
9 7345 7383 4823 4822 7097
9 6383 6384 7384 7346 7098
9 7346 7384 7385 7347 7099
9 7347 7385 7386 7348 7100
9 7348 7386 7387 7349 7101
9 7349 7387 7388 7350 7102
9 7350 7388 7389 7351 7103
9 7351 7389 7390 7352 7104
9 7352 7390 7391 7353 7105
9 7353 7391 7392 7354 7106
9 7354 7392 7393 7355 7107
9 7355 7393 7394 7356 7108
9 7356 7394 7395 7357 7109
9 7357 7395 7396 7358 7110
9 7358 7396 7397 7359 7111
9 7359 7397 7398 7360 7112
9 7360 7398 7399 7361 7113
9 7361 7399 7400 7362 7114
9 7362 7400 7401 7363 7115
9 7363 7401 7402 7364 7116
9 7364 7402 7403 7365 7117
9 7365 7403 7404 7366 7118
9 7366 7404 7405 7367 7119
9 7367 7405 7406 7368 7120
9 7368 7406 7407 7369 7121
9 7369 7407 7408 7370 7122
9 7370 7408 7409 7371 7123
9 7371 7409 7410 7372 7124
9 7372 7410 7411 7373 7125
9 7373 7411 7412 7374 7126
9 7374 7412 7413 7375 7127
9 7375 7413 7414 7376 7128
9 7376 7414 7415 7377 7129
9 7377 7415 7416 7378 7130
9 7378 7416 7417 7379 7131
9 7379 7417 7418 7380 7132
9 7380 7418 7419 7381 7133
9 7381 7419 7420 7382 7134
9 7382 7420 7421 7383 7135
9 7383 7421 4824 4823 7136
9 6384 6385 7422 7384 7137
9 7384 7422 7423 7385 7138
9 7385 7423 7424 7386 7139
9 7386 7424 7425 7387 7140
9 7387 7425 7426 7388 7141
9 7388 7426 7427 7389 7142
9 7389 7427 7428 7390 7143
9 7390 7428 7429 7391 7144
9 7391 7429 7430 7392 7145
9 7392 7430 7431 7393 7146
9 7393 7431 7432 7394 7147
9 7394 7432 7433 7395 7148
9 7395 7433 7434 7396 7149
9 7396 7434 7435 7397 7150
9 7397 7435 7436 7398 7151
9 7398 7436 7437 7399 7152
9 7399 7437 7438 7400 7153
9 7400 7438 7439 7401 7154
9 7401 7439 7440 7402 7155
9 7402 7440 7441 7403 7156
9 7403 7441 7442 7404 7157
9 7404 7442 7443 7405 7158
9 7405 7443 7444 7406 7159
9 7406 7444 7445 7407 7160
9 7407 7445 7446 7408 7161
9 7408 7446 7447 7409 7162
9 7409 7447 7448 7410 7163
9 7410 7448 7449 7411 7164
9 7411 7449 7450 7412 7165
9 7412 7450 7451 7413 7166
9 7413 7451 7452 7414 7167
9 7414 7452 7453 7415 7168
9 7415 7453 7454 7416 7169
9 7416 7454 7455 7417 7170
9 7417 7455 7456 7418 7171
9 7418 7456 7457 7419 7172
9 7419 7457 7458 7420 7173
9 7420 7458 7459 7421 7174
9 7421 7459 4825 4824 7175
9 6385 6386 7460 7422 7176
9 7422 7460 7461 7423 7177
9 7423 7461 7462 7424 7178
9 7424 7462 7463 7425 7179
9 7425 7463 7464 7426 7180
9 7426 7464 7465 7427 7181
9 7427 7465 7466 7428 7182
9 7428 7466 7467 7429 7183
9 7429 7467 7468 7430 7184
9 7430 7468 7469 7431 7185
9 7431 7469 7470 7432 7186
9 7432 7470 7471 7433 7187
9 7433 7471 7472 7434 7188
9 7434 7472 7473 7435 7189
9 7435 7473 7474 7436 7190
9 7436 7474 7475 7437 7191
9 7437 7475 7476 7438 7192
9 7438 7476 7477 7439 7193
9 7439 7477 7478 7440 7194
9 7440 7478 7479 7441 7195
9 7441 7479 7480 7442 7196
9 7442 7480 7481 7443 7197
9 7443 7481 7482 7444 7198
9 7444 7482 7483 7445 7199
9 7445 7483 7484 7446 7200
9 7446 7484 7485 7447 7201
9 7447 7485 7486 7448 7202
9 7448 7486 7487 7449 7203
9 7449 7487 7488 7450 7204
9 7450 7488 7489 7451 7205
9 7451 7489 7490 7452 7206
9 7452 7490 7491 7453 7207
9 7453 7491 7492 7454 7208
9 7454 7492 7493 7455 7209
9 7455 7493 7494 7456 7210
9 7456 7494 7495 7457 7211
9 7457 7495 7496 7458 7212
9 7458 7496 7497 7459 7213
9 7459 7497 4826 4825 7214
9 6386 6387 7498 7460 7215
9 7460 7498 7499 7461 7216
9 7461 7499 7500 7462 7217
9 7462 7500 7501 7463 7218
9 7463 7501 7502 7464 7219
9 7464 7502 7503 7465 7220
9 7465 7503 7504 7466 7221
9 7466 7504 7505 7467 7222
9 7467 7505 7506 7468 7223
9 7468 7506 7507 7469 7224
9 7469 7507 7508 7470 7225
9 7470 7508 7509 7471 7226
9 7471 7509 7510 7472 7227
9 7472 7510 7511 7473 7228
9 7473 7511 7512 7474 7229
9 7474 7512 7513 7475 7230
9 7475 7513 7514 7476 7231
9 7476 7514 7515 7477 7232
9 7477 7515 7516 7478 7233
9 7478 7516 7517 7479 7234
9 7479 7517 7518 7480 7235
9 7480 7518 7519 7481 7236
9 7481 7519 7520 7482 7237
9 7482 7520 7521 7483 7238
9 7483 7521 7522 7484 7239
9 7484 7522 7523 7485 7240
9 7485 7523 7524 7486 7241
9 7486 7524 7525 7487 7242
9 7487 7525 7526 7488 7243
9 7488 7526 7527 7489 7244
9 7489 7527 7528 7490 7245
9 7490 7528 7529 7491 7246
9 7491 7529 7530 7492 7247
9 7492 7530 7531 7493 7248
9 7493 7531 7532 7494 7249
9 7494 7532 7533 7495 7250
9 7495 7533 7534 7496 7251
9 7496 7534 7535 7497 7252
9 7497 7535 4827 4826 7253
9 6387 6388 7536 7498 7254
9 7498 7536 7537 7499 7255
9 7499 7537 7538 7500 7256
9 7500 7538 7539 7501 7257
9 7501 7539 7540 7502 7258
9 7502 7540 7541 7503 7259
9 7503 7541 7542 7504 7260
9 7504 7542 7543 7505 7261
9 7505 7543 7544 7506 7262
9 7506 7544 7545 7507 7263
9 7507 7545 7546 7508 7264
9 7508 7546 7547 7509 7265
9 7509 7547 7548 7510 7266
9 7510 7548 7549 7511 7267
9 7511 7549 7550 7512 7268
9 7512 7550 7551 7513 7269
9 7513 7551 7552 7514 7270
9 7514 7552 7553 7515 7271
9 7515 7553 7554 7516 7272
9 7516 7554 7555 7517 7273
9 7517 7555 7556 7518 7274
9 7518 7556 7557 7519 7275
9 7519 7557 7558 7520 7276
9 7520 7558 7559 7521 7277
9 7521 7559 7560 7522 7278
9 7522 7560 7561 7523 7279
9 7523 7561 7562 7524 7280
9 7524 7562 7563 7525 7281
9 7525 7563 7564 7526 7282
9 7526 7564 7565 7527 7283
9 7527 7565 7566 7528 7284
9 7528 7566 7567 7529 7285
9 7529 7567 7568 7530 7286
9 7530 7568 7569 7531 7287
9 7531 7569 7570 7532 7288
9 7532 7570 7571 7533 7289
9 7533 7571 7572 7534 7290
9 7534 7572 7573 7535 7291
9 7535 7573 4828 4827 7292
9 6388 6389 7574 7536 7293
9 7536 7574 7575 7537 7294
9 7537 7575 7576 7538 7295
9 7538 7576 7577 7539 7296
9 7539 7577 7578 7540 7297
9 7540 7578 7579 7541 7298
9 7541 7579 7580 7542 7299
9 7542 7580 7581 7543 7300
9 7543 7581 7582 7544 7301
9 7544 7582 7583 7545 7302
9 7545 7583 7584 7546 7303
9 7546 7584 7585 7547 7304
9 7547 7585 7586 7548 7305
9 7548 7586 7587 7549 7306
9 7549 7587 7588 7550 7307
9 7550 7588 7589 7551 7308
9 7551 7589 7590 7552 7309
9 7552 7590 7591 7553 7310
9 7553 7591 7592 7554 7311
9 7554 7592 7593 7555 7312
9 7555 7593 7594 7556 7313
9 7556 7594 7595 7557 7314
9 7557 7595 7596 7558 7315
9 7558 7596 7597 7559 7316
9 7559 7597 7598 7560 7317
9 7560 7598 7599 7561 7318
9 7561 7599 7600 7562 7319
9 7562 7600 7601 7563 7320
9 7563 7601 7602 7564 7321
9 7564 7602 7603 7565 7322
9 7565 7603 7604 7566 7323
9 7566 7604 7605 7567 7324
9 7567 7605 7606 7568 7325
9 7568 7606 7607 7569 7326
9 7569 7607 7608 7570 7327
9 7570 7608 7609 7571 7328
9 7571 7609 7610 7572 7329
9 7572 7610 7611 7573 7330
9 7573 7611 4829 4828 7331
9 6389 6390 7612 7574 7332
9 7574 7612 7613 7575 7333
9 7575 7613 7614 7576 7334
9 7576 7614 7615 7577 7335
9 7577 7615 7616 7578 7336
9 7578 7616 7617 7579 7337
9 7579 7617 7618 7580 7338
9 7580 7618 7619 7581 7339
9 7581 7619 7620 7582 7340
9 7582 7620 7621 7583 7341
9 7583 7621 7622 7584 7342
9 7584 7622 7623 7585 7343
9 7585 7623 7624 7586 7344
9 7586 7624 7625 7587 7345
9 7587 7625 7626 7588 7346
9 7588 7626 7627 7589 7347
9 7589 7627 7628 7590 7348
9 7590 7628 7629 7591 7349
9 7591 7629 7630 7592 7350
9 7592 7630 7631 7593 7351
9 7593 7631 7632 7594 7352
9 7594 7632 7633 7595 7353
9 7595 7633 7634 7596 7354
9 7596 7634 7635 7597 7355
9 7597 7635 7636 7598 7356
9 7598 7636 7637 7599 7357
9 7599 7637 7638 7600 7358
9 7600 7638 7639 7601 7359
9 7601 7639 7640 7602 7360
9 7602 7640 7641 7603 7361
9 7603 7641 7642 7604 7362
9 7604 7642 7643 7605 7363
9 7605 7643 7644 7606 7364
9 7606 7644 7645 7607 7365
9 7607 7645 7646 7608 7366
9 7608 7646 7647 7609 7367
9 7609 7647 7648 7610 7368
9 7610 7648 7649 7611 7369
9 7611 7649 4830 4829 7370
9 6390 6391 7650 7612 7371
9 7612 7650 7651 7613 7372
9 7613 7651 7652 7614 7373
9 7614 7652 7653 7615 7374
9 7615 7653 7654 7616 7375
9 7616 7654 7655 7617 7376
9 7617 7655 7656 7618 7377
9 7618 7656 7657 7619 7378
9 7619 7657 7658 7620 7379
9 7620 7658 7659 7621 7380
9 7621 7659 7660 7622 7381
9 7622 7660 7661 7623 7382
9 7623 7661 7662 7624 7383
9 7624 7662 7663 7625 7384
9 7625 7663 7664 7626 7385
9 7626 7664 7665 7627 7386
9 7627 7665 7666 7628 7387
9 7628 7666 7667 7629 7388
9 7629 7667 7668 7630 7389
9 7630 7668 7669 7631 7390
9 7631 7669 7670 7632 7391
9 7632 7670 7671 7633 7392
9 7633 7671 7672 7634 7393
9 7634 7672 7673 7635 7394
9 7635 7673 7674 7636 7395
9 7636 7674 7675 7637 7396
9 7637 7675 7676 7638 7397
9 7638 7676 7677 7639 7398
9 7639 7677 7678 7640 7399
9 7640 7678 7679 7641 7400
9 7641 7679 7680 7642 7401
9 7642 7680 7681 7643 7402
9 7643 7681 7682 7644 7403
9 7644 7682 7683 7645 7404
9 7645 7683 7684 7646 7405
9 7646 7684 7685 7647 7406
9 7647 7685 7686 7648 7407
9 7648 7686 7687 7649 7408
9 7649 7687 4831 4830 7409
9 6391 6392 7688 7650 7410
9 7650 7688 7689 7651 7411
9 7651 7689 7690 7652 7412
9 7652 7690 7691 7653 7413
9 7653 7691 7692 7654 7414
9 7654 7692 7693 7655 7415
9 7655 7693 7694 7656 7416
9 7656 7694 7695 7657 7417
9 7657 7695 7696 7658 7418
9 7658 7696 7697 7659 7419
9 7659 7697 7698 7660 7420
9 7660 7698 7699 7661 7421
9 7661 7699 7700 7662 7422
9 7662 7700 7701 7663 7423
9 7663 7701 7702 7664 7424
9 7664 7702 7703 7665 7425
9 7665 7703 7704 7666 7426
9 7666 7704 7705 7667 7427
9 7667 7705 7706 7668 7428
9 7668 7706 7707 7669 7429
9 7669 7707 7708 7670 7430
9 7670 7708 7709 7671 7431
9 7671 7709 7710 7672 7432
9 7672 7710 7711 7673 7433
9 7673 7711 7712 7674 7434
9 7674 7712 7713 7675 7435
9 7675 7713 7714 7676 7436
9 7676 7714 7715 7677 7437
9 7677 7715 7716 7678 7438
9 7678 7716 7717 7679 7439
9 7679 7717 7718 7680 7440
9 7680 7718 7719 7681 7441
9 7681 7719 7720 7682 7442
9 7682 7720 7721 7683 7443
9 7683 7721 7722 7684 7444
9 7684 7722 7723 7685 7445
9 7685 7723 7724 7686 7446
9 7686 7724 7725 7687 7447
9 7687 7725 4832 4831 7448
9 6392 6393 7726 7688 7449
9 7688 7726 7727 7689 7450
9 7689 7727 7728 7690 7451
9 7690 7728 7729 7691 7452
9 7691 7729 7730 7692 7453
9 7692 7730 7731 7693 7454
9 7693 7731 7732 7694 7455
9 7694 7732 7733 7695 7456
9 7695 7733 7734 7696 7457
9 7696 7734 7735 7697 7458
9 7697 7735 7736 7698 7459
9 7698 7736 7737 7699 7460
9 7699 7737 7738 7700 7461
9 7700 7738 7739 7701 7462
9 7701 7739 7740 7702 7463
9 7702 7740 7741 7703 7464
9 7703 7741 7742 7704 7465
9 7704 7742 7743 7705 7466
9 7705 7743 7744 7706 7467
9 7706 7744 7745 7707 7468
9 7707 7745 7746 7708 7469
9 7708 7746 7747 7709 7470
9 7709 7747 7748 7710 7471
9 7710 7748 7749 7711 7472
9 7711 7749 7750 7712 7473
9 7712 7750 7751 7713 7474
9 7713 7751 7752 7714 7475
9 7714 7752 7753 7715 7476
9 7715 7753 7754 7716 7477
9 7716 7754 7755 7717 7478
9 7717 7755 7756 7718 7479
9 7718 7756 7757 7719 7480
9 7719 7757 7758 7720 7481
9 7720 7758 7759 7721 7482
9 7721 7759 7760 7722 7483
9 7722 7760 7761 7723 7484
9 7723 7761 7762 7724 7485
9 7724 7762 7763 7725 7486
9 7725 7763 4833 4832 7487
9 6393 6394 7764 7726 7488
9 7726 7764 7765 7727 7489
9 7727 7765 7766 7728 7490
9 7728 7766 7767 7729 7491
9 7729 7767 7768 7730 7492
9 7730 7768 7769 7731 7493
9 7731 7769 7770 7732 7494
9 7732 7770 7771 7733 7495
9 7733 7771 7772 7734 7496
9 7734 7772 7773 7735 7497
9 7735 7773 7774 7736 7498
9 7736 7774 7775 7737 7499
9 7737 7775 7776 7738 7500
9 7738 7776 7777 7739 7501
9 7739 7777 7778 7740 7502
9 7740 7778 7779 7741 7503
9 7741 7779 7780 7742 7504
9 7742 7780 7781 7743 7505
9 7743 7781 7782 7744 7506
9 7744 7782 7783 7745 7507
9 7745 7783 7784 7746 7508
9 7746 7784 7785 7747 7509
9 7747 7785 7786 7748 7510
9 7748 7786 7787 7749 7511
9 7749 7787 7788 7750 7512
9 7750 7788 7789 7751 7513
9 7751 7789 7790 7752 7514
9 7752 7790 7791 7753 7515
9 7753 7791 7792 7754 7516
9 7754 7792 7793 7755 7517
9 7755 7793 7794 7756 7518
9 7756 7794 7795 7757 7519
9 7757 7795 7796 7758 7520
9 7758 7796 7797 7759 7521
9 7759 7797 7798 7760 7522
9 7760 7798 7799 7761 7523
9 7761 7799 7800 7762 7524
9 7762 7800 7801 7763 7525
9 7763 7801 4834 4833 7526
9 6394 6395 7802 7764 7527
9 7764 7802 7803 7765 7528
9 7765 7803 7804 7766 7529
9 7766 7804 7805 7767 7530
9 7767 7805 7806 7768 7531
9 7768 7806 7807 7769 7532
9 7769 7807 7808 7770 7533
9 7770 7808 7809 7771 7534
9 7771 7809 7810 7772 7535
9 7772 7810 7811 7773 7536
9 7773 7811 7812 7774 7537
9 7774 7812 7813 7775 7538
9 7775 7813 7814 7776 7539
9 7776 7814 7815 7777 7540
9 7777 7815 7816 7778 7541
9 7778 7816 7817 7779 7542
9 7779 7817 7818 7780 7543
9 7780 7818 7819 7781 7544
9 7781 7819 7820 7782 7545
9 7782 7820 7821 7783 7546
9 7783 7821 7822 7784 7547
9 7784 7822 7823 7785 7548
9 7785 7823 7824 7786 7549
9 7786 7824 7825 7787 7550
9 7787 7825 7826 7788 7551
9 7788 7826 7827 7789 7552
9 7789 7827 7828 7790 7553
9 7790 7828 7829 7791 7554
9 7791 7829 7830 7792 7555
9 7792 7830 7831 7793 7556
9 7793 7831 7832 7794 7557
9 7794 7832 7833 7795 7558
9 7795 7833 7834 7796 7559
9 7796 7834 7835 7797 7560
9 7797 7835 7836 7798 7561
9 7798 7836 7837 7799 7562
9 7799 7837 7838 7800 7563
9 7800 7838 7839 7801 7564
9 7801 7839 4835 4834 7565
9 6395 6280 6357 7802 7566
9 7802 6357 6356 7803 7567
9 7803 6356 6355 7804 7568
9 7804 6355 6354 7805 7569
9 7805 6354 6353 7806 7570
9 7806 6353 6352 7807 7571
9 7807 6352 6351 7808 7572
9 7808 6351 6350 7809 7573
9 7809 6350 6349 7810 7574
9 7810 6349 6348 7811 7575
9 7811 6348 6347 7812 7576
9 7812 6347 6346 7813 7577
9 7813 6346 6345 7814 7578
9 7814 6345 6344 7815 7579
9 7815 6344 6343 7816 7580
9 7816 6343 6342 7817 7581
9 7817 6342 6341 7818 7582
9 7818 6341 6340 7819 7583
9 7819 6340 6339 7820 7584
9 7820 6339 6338 7821 7585
9 7821 6338 6337 7822 7586
9 7822 6337 6336 7823 7587
9 7823 6336 6335 7824 7588
9 7824 6335 6334 7825 7589
9 7825 6334 6333 7826 7590
9 7826 6333 6332 7827 7591
9 7827 6332 6331 7828 7592
9 7828 6331 6330 7829 7593
9 7829 6330 6329 7830 7594
9 7830 6329 6328 7831 7595
9 7831 6328 6327 7832 7596
9 7832 6327 6326 7833 7597
9 7833 6326 6325 7834 7598
9 7834 6325 6324 7835 7599
9 7835 6324 6323 7836 7600
9 7836 6323 6322 7837 7601
9 7837 6322 6321 7838 7602
9 7838 6321 6320 7839 7603
9 7839 6320 4720 4835 7604
9 7841 7918 7956 7879 7605
9 7879 7956 7957 7878 7606
9 7878 7957 7958 7877 7607
9 7877 7958 7959 7876 7608
9 7876 7959 7960 7875 7609
9 7875 7960 7961 7874 7610
9 7874 7961 7962 7873 7611
9 7873 7962 7963 7872 7612
9 7872 7963 7964 7871 7613
9 7871 7964 7965 7870 7614
9 7870 7965 7966 7869 7615
9 7869 7966 7967 7868 7616
9 7868 7967 7968 7867 7617
9 7867 7968 7969 7866 7618
9 7866 7969 7970 7865 7619
9 7865 7970 7971 7864 7620
9 7864 7971 7972 7863 7621
9 7863 7972 7973 7862 7622
9 7862 7973 7974 7861 7623
9 7861 7974 7975 7860 7624
9 7860 7975 7976 7859 7625
9 7859 7976 7977 7858 7626
9 7858 7977 7978 7857 7627
9 7857 7978 7979 7856 7628
9 7856 7979 7980 7855 7629
9 7855 7980 7981 7854 7630
9 7854 7981 7982 7853 7631
9 7853 7982 7983 7852 7632
9 7852 7983 7984 7851 7633
9 7851 7984 7985 7850 7634
9 7850 7985 7986 7849 7635
9 7849 7986 7987 7848 7636
9 7848 7987 7988 7847 7637
9 7847 7988 7989 7846 7638
9 7846 7989 7990 7845 7639
9 7845 7990 7991 7844 7640
9 7844 7991 7992 7843 7641
9 7843 7992 7993 7842 7642
9 7842 7993 6358 6281 7643
9 7918 7919 7994 7956 7644
9 7956 7994 7995 7957 7645
9 7957 7995 7996 7958 7646
9 7958 7996 7997 7959 7647
9 7959 7997 7998 7960 7648
9 7960 7998 7999 7961 7649
9 7961 7999 8000 7962 7650
9 7962 8000 8001 7963 7651
9 7963 8001 8002 7964 7652
9 7964 8002 8003 7965 7653
9 7965 8003 8004 7966 7654
9 7966 8004 8005 7967 7655
9 7967 8005 8006 7968 7656
9 7968 8006 8007 7969 7657
9 7969 8007 8008 7970 7658
9 7970 8008 8009 7971 7659
9 7971 8009 8010 7972 7660
9 7972 8010 8011 7973 7661
9 7973 8011 8012 7974 7662
9 7974 8012 8013 7975 7663
9 7975 8013 8014 7976 7664
9 7976 8014 8015 7977 7665
9 7977 8015 8016 7978 7666
9 7978 8016 8017 7979 7667
9 7979 8017 8018 7980 7668
9 7980 8018 8019 7981 7669
9 7981 8019 8020 7982 7670
9 7982 8020 8021 7983 7671
9 7983 8021 8022 7984 7672
9 7984 8022 8023 7985 7673
9 7985 8023 8024 7986 7674
9 7986 8024 8025 7987 7675
9 7987 8025 8026 7988 7676
9 7988 8026 8027 7989 7677
9 7989 8027 8028 7990 7678
9 7990 8028 8029 7991 7679
9 7991 8029 8030 7992 7680
9 7992 8030 8031 7993 7681
9 7993 8031 6359 6358 7682
9 7919 7920 8032 7994 7683
9 7994 8032 8033 7995 7684
9 7995 8033 8034 7996 7685
9 7996 8034 8035 7997 7686
9 7997 8035 8036 7998 7687
9 7998 8036 8037 7999 7688
9 7999 8037 8038 8000 7689
9 8000 8038 8039 8001 7690
9 8001 8039 8040 8002 7691
9 8002 8040 8041 8003 7692
9 8003 8041 8042 8004 7693
9 8004 8042 8043 8005 7694
9 8005 8043 8044 8006 7695
9 8006 8044 8045 8007 7696
9 8007 8045 8046 8008 7697
9 8008 8046 8047 8009 7698
9 8009 8047 8048 8010 7699
9 8010 8048 8049 8011 7700
9 8011 8049 8050 8012 7701
9 8012 8050 8051 8013 7702
9 8013 8051 8052 8014 7703
9 8014 8052 8053 8015 7704
9 8015 8053 8054 8016 7705
9 8016 8054 8055 8017 7706
9 8017 8055 8056 8018 7707
9 8018 8056 8057 8019 7708
9 8019 8057 8058 8020 7709
9 8020 8058 8059 8021 7710
9 8021 8059 8060 8022 7711
9 8022 8060 8061 8023 7712
9 8023 8061 8062 8024 7713
9 8024 8062 8063 8025 7714
9 8025 8063 8064 8026 7715
9 8026 8064 8065 8027 7716
9 8027 8065 8066 8028 7717
9 8028 8066 8067 8029 7718
9 8029 8067 8068 8030 7719
9 8030 8068 8069 8031 7720
9 8031 8069 6360 6359 7721
9 7920 7921 8070 8032 7722
9 8032 8070 8071 8033 7723
9 8033 8071 8072 8034 7724
9 8034 8072 8073 8035 7725
9 8035 8073 8074 8036 7726
9 8036 8074 8075 8037 7727
9 8037 8075 8076 8038 7728
9 8038 8076 8077 8039 7729
9 8039 8077 8078 8040 7730
9 8040 8078 8079 8041 7731
9 8041 8079 8080 8042 7732
9 8042 8080 8081 8043 7733
9 8043 8081 8082 8044 7734
9 8044 8082 8083 8045 7735
9 8045 8083 8084 8046 7736
9 8046 8084 8085 8047 7737
9 8047 8085 8086 8048 7738
9 8048 8086 8087 8049 7739
9 8049 8087 8088 8050 7740
9 8050 8088 8089 8051 7741
9 8051 8089 8090 8052 7742
9 8052 8090 8091 8053 7743
9 8053 8091 8092 8054 7744
9 8054 8092 8093 8055 7745
9 8055 8093 8094 8056 7746
9 8056 8094 8095 8057 7747
9 8057 8095 8096 8058 7748
9 8058 8096 8097 8059 7749
9 8059 8097 8098 8060 7750
9 8060 8098 8099 8061 7751
9 8061 8099 8100 8062 7752
9 8062 8100 8101 8063 7753
9 8063 8101 8102 8064 7754
9 8064 8102 8103 8065 7755
9 8065 8103 8104 8066 7756
9 8066 8104 8105 8067 7757
9 8067 8105 8106 8068 7758
9 8068 8106 8107 8069 7759
9 8069 8107 6361 6360 7760
9 7921 7922 8108 8070 7761
9 8070 8108 8109 8071 7762
9 8071 8109 8110 8072 7763
9 8072 8110 8111 8073 7764
9 8073 8111 8112 8074 7765
9 8074 8112 8113 8075 7766
9 8075 8113 8114 8076 7767
9 8076 8114 8115 8077 7768
9 8077 8115 8116 8078 7769
9 8078 8116 8117 8079 7770
9 8079 8117 8118 8080 7771
9 8080 8118 8119 8081 7772
9 8081 8119 8120 8082 7773
9 8082 8120 8121 8083 7774
9 8083 8121 8122 8084 7775
9 8084 8122 8123 8085 7776
9 8085 8123 8124 8086 7777
9 8086 8124 8125 8087 7778
9 8087 8125 8126 8088 7779
9 8088 8126 8127 8089 7780
9 8089 8127 8128 8090 7781
9 8090 8128 8129 8091 7782
9 8091 8129 8130 8092 7783
9 8092 8130 8131 8093 7784
9 8093 8131 8132 8094 7785
9 8094 8132 8133 8095 7786
9 8095 8133 8134 8096 7787
9 8096 8134 8135 8097 7788
9 8097 8135 8136 8098 7789
9 8098 8136 8137 8099 7790
9 8099 8137 8138 8100 7791
9 8100 8138 8139 8101 7792
9 8101 8139 8140 8102 7793
9 8102 8140 8141 8103 7794
9 8103 8141 8142 8104 7795
9 8104 8142 8143 8105 7796
9 8105 8143 8144 8106 7797
9 8106 8144 8145 8107 7798
9 8107 8145 6362 6361 7799
9 7922 7923 8146 8108 7800
9 8108 8146 8147 8109 7801
9 8109 8147 8148 8110 7802
9 8110 8148 8149 8111 7803
9 8111 8149 8150 8112 7804
9 8112 8150 8151 8113 7805
9 8113 8151 8152 8114 7806
9 8114 8152 8153 8115 7807
9 8115 8153 8154 8116 7808
9 8116 8154 8155 8117 7809
9 8117 8155 8156 8118 7810
9 8118 8156 8157 8119 7811
9 8119 8157 8158 8120 7812
9 8120 8158 8159 8121 7813
9 8121 8159 8160 8122 7814
9 8122 8160 8161 8123 7815
9 8123 8161 8162 8124 7816
9 8124 8162 8163 8125 7817
9 8125 8163 8164 8126 7818
9 8126 8164 8165 8127 7819
9 8127 8165 8166 8128 7820
9 8128 8166 8167 8129 7821
9 8129 8167 8168 8130 7822
9 8130 8168 8169 8131 7823
9 8131 8169 8170 8132 7824
9 8132 8170 8171 8133 7825
9 8133 8171 8172 8134 7826
9 8134 8172 8173 8135 7827
9 8135 8173 8174 8136 7828
9 8136 8174 8175 8137 7829
9 8137 8175 8176 8138 7830
9 8138 8176 8177 8139 7831
9 8139 8177 8178 8140 7832
9 8140 8178 8179 8141 7833
9 8141 8179 8180 8142 7834
9 8142 8180 8181 8143 7835
9 8143 8181 8182 8144 7836
9 8144 8182 8183 8145 7837
9 8145 8183 6363 6362 7838
9 7923 7924 8184 8146 7839
9 8146 8184 8185 8147 7840
9 8147 8185 8186 8148 7841
9 8148 8186 8187 8149 7842
9 8149 8187 8188 8150 7843
9 8150 8188 8189 8151 7844
9 8151 8189 8190 8152 7845
9 8152 8190 8191 8153 7846
9 8153 8191 8192 8154 7847
9 8154 8192 8193 8155 7848
9 8155 8193 8194 8156 7849
9 8156 8194 8195 8157 7850
9 8157 8195 8196 8158 7851
9 8158 8196 8197 8159 7852
9 8159 8197 8198 8160 7853
9 8160 8198 8199 8161 7854
9 8161 8199 8200 8162 7855
9 8162 8200 8201 8163 7856
9 8163 8201 8202 8164 7857
9 8164 8202 8203 8165 7858
9 8165 8203 8204 8166 7859
9 8166 8204 8205 8167 7860
9 8167 8205 8206 8168 7861
9 8168 8206 8207 8169 7862
9 8169 8207 8208 8170 7863
9 8170 8208 8209 8171 7864
9 8171 8209 8210 8172 7865
9 8172 8210 8211 8173 7866
9 8173 8211 8212 8174 7867
9 8174 8212 8213 8175 7868
9 8175 8213 8214 8176 7869
9 8176 8214 8215 8177 7870
9 8177 8215 8216 8178 7871
9 8178 8216 8217 8179 7872
9 8179 8217 8218 8180 7873
9 8180 8218 8219 8181 7874
9 8181 8219 8220 8182 7875
9 8182 8220 8221 8183 7876
9 8183 8221 6364 6363 7877
9 7924 7925 8222 8184 7878
9 8184 8222 8223 8185 7879
9 8185 8223 8224 8186 7880
9 8186 8224 8225 8187 7881
9 8187 8225 8226 8188 7882
9 8188 8226 8227 8189 7883
9 8189 8227 8228 8190 7884
9 8190 8228 8229 8191 7885
9 8191 8229 8230 8192 7886
9 8192 8230 8231 8193 7887
9 8193 8231 8232 8194 7888
9 8194 8232 8233 8195 7889
9 8195 8233 8234 8196 7890
9 8196 8234 8235 8197 7891
9 8197 8235 8236 8198 7892
9 8198 8236 8237 8199 7893
9 8199 8237 8238 8200 7894
9 8200 8238 8239 8201 7895
9 8201 8239 8240 8202 7896
9 8202 8240 8241 8203 7897
9 8203 8241 8242 8204 7898
9 8204 8242 8243 8205 7899
9 8205 8243 8244 8206 7900
9 8206 8244 8245 8207 7901
9 8207 8245 8246 8208 7902
9 8208 8246 8247 8209 7903
9 8209 8247 8248 8210 7904
9 8210 8248 8249 8211 7905
9 8211 8249 8250 8212 7906
9 8212 8250 8251 8213 7907
9 8213 8251 8252 8214 7908
9 8214 8252 8253 8215 7909
9 8215 8253 8254 8216 7910
9 8216 8254 8255 8217 7911
9 8217 8255 8256 8218 7912
9 8218 8256 8257 8219 7913
9 8219 8257 8258 8220 7914
9 8220 8258 8259 8221 7915
9 8221 8259 6365 6364 7916
9 7925 7926 8260 8222 7917
9 8222 8260 8261 8223 7918
9 8223 8261 8262 8224 7919
9 8224 8262 8263 8225 7920
9 8225 8263 8264 8226 7921
9 8226 8264 8265 8227 7922
9 8227 8265 8266 8228 7923
9 8228 8266 8267 8229 7924
9 8229 8267 8268 8230 7925
9 8230 8268 8269 8231 7926
9 8231 8269 8270 8232 7927
9 8232 8270 8271 8233 7928
9 8233 8271 8272 8234 7929
9 8234 8272 8273 8235 7930
9 8235 8273 8274 8236 7931
9 8236 8274 8275 8237 7932
9 8237 8275 8276 8238 7933
9 8238 8276 8277 8239 7934
9 8239 8277 8278 8240 7935
9 8240 8278 8279 8241 7936
9 8241 8279 8280 8242 7937
9 8242 8280 8281 8243 7938
9 8243 8281 8282 8244 7939
9 8244 8282 8283 8245 7940
9 8245 8283 8284 8246 7941
9 8246 8284 8285 8247 7942
9 8247 8285 8286 8248 7943
9 8248 8286 8287 8249 7944
9 8249 8287 8288 8250 7945
9 8250 8288 8289 8251 7946
9 8251 8289 8290 8252 7947
9 8252 8290 8291 8253 7948
9 8253 8291 8292 8254 7949
9 8254 8292 8293 8255 7950
9 8255 8293 8294 8256 7951
9 8256 8294 8295 8257 7952
9 8257 8295 8296 8258 7953
9 8258 8296 8297 8259 7954
9 8259 8297 6366 6365 7955
9 7926 7927 8298 8260 7956
9 8260 8298 8299 8261 7957
9 8261 8299 8300 8262 7958
9 8262 8300 8301 8263 7959
9 8263 8301 8302 8264 7960
9 8264 8302 8303 8265 7961
9 8265 8303 8304 8266 7962
9 8266 8304 8305 8267 7963
9 8267 8305 8306 8268 7964
9 8268 8306 8307 8269 7965
9 8269 8307 8308 8270 7966
9 8270 8308 8309 8271 7967
9 8271 8309 8310 8272 7968
9 8272 8310 8311 8273 7969
9 8273 8311 8312 8274 7970
9 8274 8312 8313 8275 7971
9 8275 8313 8314 8276 7972
9 8276 8314 8315 8277 7973
9 8277 8315 8316 8278 7974
9 8278 8316 8317 8279 7975
9 8279 8317 8318 8280 7976
9 8280 8318 8319 8281 7977
9 8281 8319 8320 8282 7978
9 8282 8320 8321 8283 7979
9 8283 8321 8322 8284 7980
9 8284 8322 8323 8285 7981
9 8285 8323 8324 8286 7982
9 8286 8324 8325 8287 7983
9 8287 8325 8326 8288 7984
9 8288 8326 8327 8289 7985
9 8289 8327 8328 8290 7986
9 8290 8328 8329 8291 7987
9 8291 8329 8330 8292 7988
9 8292 8330 8331 8293 7989
9 8293 8331 8332 8294 7990
9 8294 8332 8333 8295 7991
9 8295 8333 8334 8296 7992
9 8296 8334 8335 8297 7993
9 8297 8335 6367 6366 7994
9 7927 7928 8336 8298 7995
9 8298 8336 8337 8299 7996
9 8299 8337 8338 8300 7997
9 8300 8338 8339 8301 7998
9 8301 8339 8340 8302 7999
9 8302 8340 8341 8303 8000
9 8303 8341 8342 8304 8001
9 8304 8342 8343 8305 8002
9 8305 8343 8344 8306 8003
9 8306 8344 8345 8307 8004
9 8307 8345 8346 8308 8005
9 8308 8346 8347 8309 8006
9 8309 8347 8348 8310 8007
9 8310 8348 8349 8311 8008
9 8311 8349 8350 8312 8009
9 8312 8350 8351 8313 8010
9 8313 8351 8352 8314 8011
9 8314 8352 8353 8315 8012
9 8315 8353 8354 8316 8013
9 8316 8354 8355 8317 8014
9 8317 8355 8356 8318 8015
9 8318 8356 8357 8319 8016
9 8319 8357 8358 8320 8017
9 8320 8358 8359 8321 8018
9 8321 8359 8360 8322 8019
9 8322 8360 8361 8323 8020
9 8323 8361 8362 8324 8021
9 8324 8362 8363 8325 8022
9 8325 8363 8364 8326 8023
9 8326 8364 8365 8327 8024
9 8327 8365 8366 8328 8025
9 8328 8366 8367 8329 8026
9 8329 8367 8368 8330 8027
9 8330 8368 8369 8331 8028
9 8331 8369 8370 8332 8029
9 8332 8370 8371 8333 8030
9 8333 8371 8372 8334 8031
9 8334 8372 8373 8335 8032
9 8335 8373 6368 6367 8033
9 7928 7929 8374 8336 8034
9 8336 8374 8375 8337 8035
9 8337 8375 8376 8338 8036
9 8338 8376 8377 8339 8037
9 8339 8377 8378 8340 8038
9 8340 8378 8379 8341 8039
9 8341 8379 8380 8342 8040
9 8342 8380 8381 8343 8041
9 8343 8381 8382 8344 8042
9 8344 8382 8383 8345 8043
9 8345 8383 8384 8346 8044
9 8346 8384 8385 8347 8045
9 8347 8385 8386 8348 8046
9 8348 8386 8387 8349 8047
9 8349 8387 8388 8350 8048
9 8350 8388 8389 8351 8049
9 8351 8389 8390 8352 8050
9 8352 8390 8391 8353 8051
9 8353 8391 8392 8354 8052
9 8354 8392 8393 8355 8053
9 8355 8393 8394 8356 8054
9 8356 8394 8395 8357 8055
9 8357 8395 8396 8358 8056
9 8358 8396 8397 8359 8057
9 8359 8397 8398 8360 8058
9 8360 8398 8399 8361 8059
9 8361 8399 8400 8362 8060
9 8362 8400 8401 8363 8061
9 8363 8401 8402 8364 8062
9 8364 8402 8403 8365 8063
9 8365 8403 8404 8366 8064
9 8366 8404 8405 8367 8065
9 8367 8405 8406 8368 8066
9 8368 8406 8407 8369 8067
9 8369 8407 8408 8370 8068
9 8370 8408 8409 8371 8069
9 8371 8409 8410 8372 8070
9 8372 8410 8411 8373 8071
9 8373 8411 6369 6368 8072
9 7929 7930 8412 8374 8073
9 8374 8412 8413 8375 8074
9 8375 8413 8414 8376 8075
9 8376 8414 8415 8377 8076
9 8377 8415 8416 8378 8077
9 8378 8416 8417 8379 8078
9 8379 8417 8418 8380 8079
9 8380 8418 8419 8381 8080
9 8381 8419 8420 8382 8081
9 8382 8420 8421 8383 8082
9 8383 8421 8422 8384 8083
9 8384 8422 8423 8385 8084
9 8385 8423 8424 8386 8085
9 8386 8424 8425 8387 8086
9 8387 8425 8426 8388 8087
9 8388 8426 8427 8389 8088
9 8389 8427 8428 8390 8089
9 8390 8428 8429 8391 8090
9 8391 8429 8430 8392 8091
9 8392 8430 8431 8393 8092
9 8393 8431 8432 8394 8093
9 8394 8432 8433 8395 8094
9 8395 8433 8434 8396 8095
9 8396 8434 8435 8397 8096
9 8397 8435 8436 8398 8097
9 8398 8436 8437 8399 8098
9 8399 8437 8438 8400 8099
9 8400 8438 8439 8401 8100
9 8401 8439 8440 8402 8101
9 8402 8440 8441 8403 8102
9 8403 8441 8442 8404 8103
9 8404 8442 8443 8405 8104
9 8405 8443 8444 8406 8105
9 8406 8444 8445 8407 8106
9 8407 8445 8446 8408 8107
9 8408 8446 8447 8409 8108
9 8409 8447 8448 8410 8109
9 8410 8448 8449 8411 8110
9 8411 8449 6370 6369 8111
9 7930 7931 8450 8412 8112
9 8412 8450 8451 8413 8113
9 8413 8451 8452 8414 8114
9 8414 8452 8453 8415 8115
9 8415 8453 8454 8416 8116
9 8416 8454 8455 8417 8117
9 8417 8455 8456 8418 8118
9 8418 8456 8457 8419 8119
9 8419 8457 8458 8420 8120
9 8420 8458 8459 8421 8121
9 8421 8459 8460 8422 8122
9 8422 8460 8461 8423 8123
9 8423 8461 8462 8424 8124
9 8424 8462 8463 8425 8125
9 8425 8463 8464 8426 8126
9 8426 8464 8465 8427 8127
9 8427 8465 8466 8428 8128
9 8428 8466 8467 8429 8129
9 8429 8467 8468 8430 8130
9 8430 8468 8469 8431 8131
9 8431 8469 8470 8432 8132
9 8432 8470 8471 8433 8133
9 8433 8471 8472 8434 8134
9 8434 8472 8473 8435 8135
9 8435 8473 8474 8436 8136
9 8436 8474 8475 8437 8137
9 8437 8475 8476 8438 8138
9 8438 8476 8477 8439 8139
9 8439 8477 8478 8440 8140
9 8440 8478 8479 8441 8141
9 8441 8479 8480 8442 8142
9 8442 8480 8481 8443 8143
9 8443 8481 8482 8444 8144
9 8444 8482 8483 8445 8145
9 8445 8483 8484 8446 8146
9 8446 8484 8485 8447 8147
9 8447 8485 8486 8448 8148
9 8448 8486 8487 8449 8149
9 8449 8487 6371 6370 8150
9 7931 7932 8488 8450 8151
9 8450 8488 8489 8451 8152
9 8451 8489 8490 8452 8153
9 8452 8490 8491 8453 8154
9 8453 8491 8492 8454 8155
9 8454 8492 8493 8455 8156
9 8455 8493 8494 8456 8157
9 8456 8494 8495 8457 8158
9 8457 8495 8496 8458 8159
9 8458 8496 8497 8459 8160
9 8459 8497 8498 8460 8161
9 8460 8498 8499 8461 8162
9 8461 8499 8500 8462 8163
9 8462 8500 8501 8463 8164
9 8463 8501 8502 8464 8165
9 8464 8502 8503 8465 8166
9 8465 8503 8504 8466 8167
9 8466 8504 8505 8467 8168
9 8467 8505 8506 8468 8169
9 8468 8506 8507 8469 8170
9 8469 8507 8508 8470 8171
9 8470 8508 8509 8471 8172
9 8471 8509 8510 8472 8173
9 8472 8510 8511 8473 8174
9 8473 8511 8512 8474 8175
9 8474 8512 8513 8475 8176
9 8475 8513 8514 8476 8177
9 8476 8514 8515 8477 8178
9 8477 8515 8516 8478 8179
9 8478 8516 8517 8479 8180
9 8479 8517 8518 8480 8181
9 8480 8518 8519 8481 8182
9 8481 8519 8520 8482 8183
9 8482 8520 8521 8483 8184
9 8483 8521 8522 8484 8185
9 8484 8522 8523 8485 8186
9 8485 8523 8524 8486 8187
9 8486 8524 8525 8487 8188
9 8487 8525 6372 6371 8189
9 7932 7933 8526 8488 8190
9 8488 8526 8527 8489 8191
9 8489 8527 8528 8490 8192
9 8490 8528 8529 8491 8193
9 8491 8529 8530 8492 8194
9 8492 8530 8531 8493 8195
9 8493 8531 8532 8494 8196
9 8494 8532 8533 8495 8197
9 8495 8533 8534 8496 8198
9 8496 8534 8535 8497 8199
9 8497 8535 8536 8498 8200
9 8498 8536 8537 8499 8201
9 8499 8537 8538 8500 8202
9 8500 8538 8539 8501 8203
9 8501 8539 8540 8502 8204
9 8502 8540 8541 8503 8205
9 8503 8541 8542 8504 8206
9 8504 8542 8543 8505 8207
9 8505 8543 8544 8506 8208
9 8506 8544 8545 8507 8209
9 8507 8545 8546 8508 8210
9 8508 8546 8547 8509 8211
9 8509 8547 8548 8510 8212
9 8510 8548 8549 8511 8213
9 8511 8549 8550 8512 8214
9 8512 8550 8551 8513 8215
9 8513 8551 8552 8514 8216
9 8514 8552 8553 8515 8217
9 8515 8553 8554 8516 8218
9 8516 8554 8555 8517 8219
9 8517 8555 8556 8518 8220
9 8518 8556 8557 8519 8221
9 8519 8557 8558 8520 8222
9 8520 8558 8559 8521 8223
9 8521 8559 8560 8522 8224
9 8522 8560 8561 8523 8225
9 8523 8561 8562 8524 8226
9 8524 8562 8563 8525 8227
9 8525 8563 6373 6372 8228
9 7933 7934 8564 8526 8229
9 8526 8564 8565 8527 8230
9 8527 8565 8566 8528 8231
9 8528 8566 8567 8529 8232
9 8529 8567 8568 8530 8233
9 8530 8568 8569 8531 8234
9 8531 8569 8570 8532 8235
9 8532 8570 8571 8533 8236
9 8533 8571 8572 8534 8237
9 8534 8572 8573 8535 8238
9 8535 8573 8574 8536 8239
9 8536 8574 8575 8537 8240
9 8537 8575 8576 8538 8241
9 8538 8576 8577 8539 8242
9 8539 8577 8578 8540 8243
9 8540 8578 8579 8541 8244
9 8541 8579 8580 8542 8245
9 8542 8580 8581 8543 8246
9 8543 8581 8582 8544 8247
9 8544 8582 8583 8545 8248
9 8545 8583 8584 8546 8249
9 8546 8584 8585 8547 8250
9 8547 8585 8586 8548 8251
9 8548 8586 8587 8549 8252
9 8549 8587 8588 8550 8253
9 8550 8588 8589 8551 8254
9 8551 8589 8590 8552 8255
9 8552 8590 8591 8553 8256
9 8553 8591 8592 8554 8257
9 8554 8592 8593 8555 8258
9 8555 8593 8594 8556 8259
9 8556 8594 8595 8557 8260
9 8557 8595 8596 8558 8261
9 8558 8596 8597 8559 8262
9 8559 8597 8598 8560 8263
9 8560 8598 8599 8561 8264
9 8561 8599 8600 8562 8265
9 8562 8600 8601 8563 8266
9 8563 8601 6374 6373 8267
9 7934 7935 8602 8564 8268
9 8564 8602 8603 8565 8269
9 8565 8603 8604 8566 8270
9 8566 8604 8605 8567 8271
9 8567 8605 8606 8568 8272
9 8568 8606 8607 8569 8273
9 8569 8607 8608 8570 8274
9 8570 8608 8609 8571 8275
9 8571 8609 8610 8572 8276
9 8572 8610 8611 8573 8277
9 8573 8611 8612 8574 8278
9 8574 8612 8613 8575 8279
9 8575 8613 8614 8576 8280
9 8576 8614 8615 8577 8281
9 8577 8615 8616 8578 8282
9 8578 8616 8617 8579 8283
9 8579 8617 8618 8580 8284
9 8580 8618 8619 8581 8285
9 8581 8619 8620 8582 8286
9 8582 8620 8621 8583 8287
9 8583 8621 8622 8584 8288
9 8584 8622 8623 8585 8289
9 8585 8623 8624 8586 8290
9 8586 8624 8625 8587 8291
9 8587 8625 8626 8588 8292
9 8588 8626 8627 8589 8293
9 8589 8627 8628 8590 8294
9 8590 8628 8629 8591 8295
9 8591 8629 8630 8592 8296
9 8592 8630 8631 8593 8297
9 8593 8631 8632 8594 8298
9 8594 8632 8633 8595 8299
9 8595 8633 8634 8596 8300
9 8596 8634 8635 8597 8301
9 8597 8635 8636 8598 8302
9 8598 8636 8637 8599 8303
9 8599 8637 8638 8600 8304
9 8600 8638 8639 8601 8305
9 8601 8639 6375 6374 8306
9 7935 7936 8640 8602 8307
9 8602 8640 8641 8603 8308
9 8603 8641 8642 8604 8309
9 8604 8642 8643 8605 8310
9 8605 8643 8644 8606 8311
9 8606 8644 8645 8607 8312
9 8607 8645 8646 8608 8313
9 8608 8646 8647 8609 8314
9 8609 8647 8648 8610 8315
9 8610 8648 8649 8611 8316
9 8611 8649 8650 8612 8317
9 8612 8650 8651 8613 8318
9 8613 8651 8652 8614 8319
9 8614 8652 8653 8615 8320
9 8615 8653 8654 8616 8321
9 8616 8654 8655 8617 8322
9 8617 8655 8656 8618 8323
9 8618 8656 8657 8619 8324
9 8619 8657 8658 8620 8325
9 8620 8658 8659 8621 8326
9 8621 8659 8660 8622 8327
9 8622 8660 8661 8623 8328
9 8623 8661 8662 8624 8329
9 8624 8662 8663 8625 8330
9 8625 8663 8664 8626 8331
9 8626 8664 8665 8627 8332
9 8627 8665 8666 8628 8333
9 8628 8666 8667 8629 8334
9 8629 8667 8668 8630 8335
9 8630 8668 8669 8631 8336
9 8631 8669 8670 8632 8337
9 8632 8670 8671 8633 8338
9 8633 8671 8672 8634 8339
9 8634 8672 8673 8635 8340
9 8635 8673 8674 8636 8341
9 8636 8674 8675 8637 8342
9 8637 8675 8676 8638 8343
9 8638 8676 8677 8639 8344
9 8639 8677 6376 6375 8345
9 7936 7937 8678 8640 8346
9 8640 8678 8679 8641 8347
9 8641 8679 8680 8642 8348
9 8642 8680 8681 8643 8349
9 8643 8681 8682 8644 8350
9 8644 8682 8683 8645 8351
9 8645 8683 8684 8646 8352
9 8646 8684 8685 8647 8353
9 8647 8685 8686 8648 8354
9 8648 8686 8687 8649 8355
9 8649 8687 8688 8650 8356
9 8650 8688 8689 8651 8357
9 8651 8689 8690 8652 8358
9 8652 8690 8691 8653 8359
9 8653 8691 8692 8654 8360
9 8654 8692 8693 8655 8361
9 8655 8693 8694 8656 8362
9 8656 8694 8695 8657 8363
9 8657 8695 8696 8658 8364
9 8658 8696 8697 8659 8365
9 8659 8697 8698 8660 8366
9 8660 8698 8699 8661 8367
9 8661 8699 8700 8662 8368
9 8662 8700 8701 8663 8369
9 8663 8701 8702 8664 8370
9 8664 8702 8703 8665 8371
9 8665 8703 8704 8666 8372
9 8666 8704 8705 8667 8373
9 8667 8705 8706 8668 8374
9 8668 8706 8707 8669 8375
9 8669 8707 8708 8670 8376
9 8670 8708 8709 8671 8377
9 8671 8709 8710 8672 8378
9 8672 8710 8711 8673 8379
9 8673 8711 8712 8674 8380
9 8674 8712 8713 8675 8381
9 8675 8713 8714 8676 8382
9 8676 8714 8715 8677 8383
9 8677 8715 6377 6376 8384
9 7937 7938 8716 8678 8385
9 8678 8716 8717 8679 8386
9 8679 8717 8718 8680 8387
9 8680 8718 8719 8681 8388
9 8681 8719 8720 8682 8389
9 8682 8720 8721 8683 8390
9 8683 8721 8722 8684 8391
9 8684 8722 8723 8685 8392
9 8685 8723 8724 8686 8393
9 8686 8724 8725 8687 8394
9 8687 8725 8726 8688 8395
9 8688 8726 8727 8689 8396
9 8689 8727 8728 8690 8397
9 8690 8728 8729 8691 8398
9 8691 8729 8730 8692 8399
9 8692 8730 8731 8693 8400
9 8693 8731 8732 8694 8401
9 8694 8732 8733 8695 8402
9 8695 8733 8734 8696 8403
9 8696 8734 8735 8697 8404
9 8697 8735 8736 8698 8405
9 8698 8736 8737 8699 8406
9 8699 8737 8738 8700 8407
9 8700 8738 8739 8701 8408
9 8701 8739 8740 8702 8409
9 8702 8740 8741 8703 8410
9 8703 8741 8742 8704 8411
9 8704 8742 8743 8705 8412
9 8705 8743 8744 8706 8413
9 8706 8744 8745 8707 8414
9 8707 8745 8746 8708 8415
9 8708 8746 8747 8709 8416
9 8709 8747 8748 8710 8417
9 8710 8748 8749 8711 8418
9 8711 8749 8750 8712 8419
9 8712 8750 8751 8713 8420
9 8713 8751 8752 8714 8421
9 8714 8752 8753 8715 8422
9 8715 8753 6378 6377 8423
9 7938 7939 8754 8716 8424
9 8716 8754 8755 8717 8425
9 8717 8755 8756 8718 8426
9 8718 8756 8757 8719 8427
9 8719 8757 8758 8720 8428
9 8720 8758 8759 8721 8429
9 8721 8759 8760 8722 8430
9 8722 8760 8761 8723 8431
9 8723 8761 8762 8724 8432
9 8724 8762 8763 8725 8433
9 8725 8763 8764 8726 8434
9 8726 8764 8765 8727 8435
9 8727 8765 8766 8728 8436
9 8728 8766 8767 8729 8437
9 8729 8767 8768 8730 8438
9 8730 8768 8769 8731 8439
9 8731 8769 8770 8732 8440
9 8732 8770 8771 8733 8441
9 8733 8771 8772 8734 8442
9 8734 8772 8773 8735 8443
9 8735 8773 8774 8736 8444
9 8736 8774 8775 8737 8445
9 8737 8775 8776 8738 8446
9 8738 8776 8777 8739 8447
9 8739 8777 8778 8740 8448
9 8740 8778 8779 8741 8449
9 8741 8779 8780 8742 8450
9 8742 8780 8781 8743 8451
9 8743 8781 8782 8744 8452
9 8744 8782 8783 8745 8453
9 8745 8783 8784 8746 8454
9 8746 8784 8785 8747 8455
9 8747 8785 8786 8748 8456
9 8748 8786 8787 8749 8457
9 8749 8787 8788 8750 8458
9 8750 8788 8789 8751 8459
9 8751 8789 8790 8752 8460
9 8752 8790 8791 8753 8461
9 8753 8791 6379 6378 8462
9 7939 7940 8792 8754 8463
9 8754 8792 8793 8755 8464
9 8755 8793 8794 8756 8465
9 8756 8794 8795 8757 8466
9 8757 8795 8796 8758 8467
9 8758 8796 8797 8759 8468
9 8759 8797 8798 8760 8469
9 8760 8798 8799 8761 8470
9 8761 8799 8800 8762 8471
9 8762 8800 8801 8763 8472
9 8763 8801 8802 8764 8473
9 8764 8802 8803 8765 8474
9 8765 8803 8804 8766 8475
9 8766 8804 8805 8767 8476
9 8767 8805 8806 8768 8477
9 8768 8806 8807 8769 8478
9 8769 8807 8808 8770 8479
9 8770 8808 8809 8771 8480
9 8771 8809 8810 8772 8481
9 8772 8810 8811 8773 8482
9 8773 8811 8812 8774 8483
9 8774 8812 8813 8775 8484
9 8775 8813 8814 8776 8485
9 8776 8814 8815 8777 8486
9 8777 8815 8816 8778 8487
9 8778 8816 8817 8779 8488
9 8779 8817 8818 8780 8489
9 8780 8818 8819 8781 8490
9 8781 8819 8820 8782 8491
9 8782 8820 8821 8783 8492
9 8783 8821 8822 8784 8493
9 8784 8822 8823 8785 8494
9 8785 8823 8824 8786 8495
9 8786 8824 8825 8787 8496
9 8787 8825 8826 8788 8497
9 8788 8826 8827 8789 8498
9 8789 8827 8828 8790 8499
9 8790 8828 8829 8791 8500
9 8791 8829 6380 6379 8501
9 7940 7941 8830 8792 8502
9 8792 8830 8831 8793 8503
9 8793 8831 8832 8794 8504
9 8794 8832 8833 8795 8505
9 8795 8833 8834 8796 8506
9 8796 8834 8835 8797 8507
9 8797 8835 8836 8798 8508
9 8798 8836 8837 8799 8509
9 8799 8837 8838 8800 8510
9 8800 8838 8839 8801 8511
9 8801 8839 8840 8802 8512
9 8802 8840 8841 8803 8513
9 8803 8841 8842 8804 8514
9 8804 8842 8843 8805 8515
9 8805 8843 8844 8806 8516
9 8806 8844 8845 8807 8517
9 8807 8845 8846 8808 8518
9 8808 8846 8847 8809 8519
9 8809 8847 8848 8810 8520
9 8810 8848 8849 8811 8521
9 8811 8849 8850 8812 8522
9 8812 8850 8851 8813 8523
9 8813 8851 8852 8814 8524
9 8814 8852 8853 8815 8525
9 8815 8853 8854 8816 8526
9 8816 8854 8855 8817 8527
9 8817 8855 8856 8818 8528
9 8818 8856 8857 8819 8529
9 8819 8857 8858 8820 8530
9 8820 8858 8859 8821 8531
9 8821 8859 8860 8822 8532
9 8822 8860 8861 8823 8533
9 8823 8861 8862 8824 8534
9 8824 8862 8863 8825 8535
9 8825 8863 8864 8826 8536
9 8826 8864 8865 8827 8537
9 8827 8865 8866 8828 8538
9 8828 8866 8867 8829 8539
9 8829 8867 6381 6380 8540
9 7941 7942 8868 8830 8541
9 8830 8868 8869 8831 8542
9 8831 8869 8870 8832 8543
9 8832 8870 8871 8833 8544
9 8833 8871 8872 8834 8545
9 8834 8872 8873 8835 8546
9 8835 8873 8874 8836 8547
9 8836 8874 8875 8837 8548
9 8837 8875 8876 8838 8549
9 8838 8876 8877 8839 8550
9 8839 8877 8878 8840 8551
9 8840 8878 8879 8841 8552
9 8841 8879 8880 8842 8553
9 8842 8880 8881 8843 8554
9 8843 8881 8882 8844 8555
9 8844 8882 8883 8845 8556
9 8845 8883 8884 8846 8557
9 8846 8884 8885 8847 8558
9 8847 8885 8886 8848 8559
9 8848 8886 8887 8849 8560
9 8849 8887 8888 8850 8561
9 8850 8888 8889 8851 8562
9 8851 8889 8890 8852 8563
9 8852 8890 8891 8853 8564
9 8853 8891 8892 8854 8565
9 8854 8892 8893 8855 8566
9 8855 8893 8894 8856 8567
9 8856 8894 8895 8857 8568
9 8857 8895 8896 8858 8569
9 8858 8896 8897 8859 8570
9 8859 8897 8898 8860 8571
9 8860 8898 8899 8861 8572
9 8861 8899 8900 8862 8573
9 8862 8900 8901 8863 8574
9 8863 8901 8902 8864 8575
9 8864 8902 8903 8865 8576
9 8865 8903 8904 8866 8577
9 8866 8904 8905 8867 8578
9 8867 8905 6382 6381 8579
9 7942 7943 8906 8868 8580
9 8868 8906 8907 8869 8581
9 8869 8907 8908 8870 8582
9 8870 8908 8909 8871 8583
9 8871 8909 8910 8872 8584
9 8872 8910 8911 8873 8585
9 8873 8911 8912 8874 8586
9 8874 8912 8913 8875 8587
9 8875 8913 8914 8876 8588
9 8876 8914 8915 8877 8589
9 8877 8915 8916 8878 8590
9 8878 8916 8917 8879 8591
9 8879 8917 8918 8880 8592
9 8880 8918 8919 8881 8593
9 8881 8919 8920 8882 8594
9 8882 8920 8921 8883 8595
9 8883 8921 8922 8884 8596
9 8884 8922 8923 8885 8597
9 8885 8923 8924 8886 8598
9 8886 8924 8925 8887 8599
9 8887 8925 8926 8888 8600
9 8888 8926 8927 8889 8601
9 8889 8927 8928 8890 8602
9 8890 8928 8929 8891 8603
9 8891 8929 8930 8892 8604
9 8892 8930 8931 8893 8605
9 8893 8931 8932 8894 8606
9 8894 8932 8933 8895 8607
9 8895 8933 8934 8896 8608
9 8896 8934 8935 8897 8609
9 8897 8935 8936 8898 8610
9 8898 8936 8937 8899 8611
9 8899 8937 8938 8900 8612
9 8900 8938 8939 8901 8613
9 8901 8939 8940 8902 8614
9 8902 8940 8941 8903 8615
9 8903 8941 8942 8904 8616
9 8904 8942 8943 8905 8617
9 8905 8943 6383 6382 8618
9 7943 7944 8944 8906 8619
9 8906 8944 8945 8907 8620
9 8907 8945 8946 8908 8621
9 8908 8946 8947 8909 8622
9 8909 8947 8948 8910 8623
9 8910 8948 8949 8911 8624
9 8911 8949 8950 8912 8625
9 8912 8950 8951 8913 8626
9 8913 8951 8952 8914 8627
9 8914 8952 8953 8915 8628
9 8915 8953 8954 8916 8629
9 8916 8954 8955 8917 8630
9 8917 8955 8956 8918 8631
9 8918 8956 8957 8919 8632
9 8919 8957 8958 8920 8633
9 8920 8958 8959 8921 8634
9 8921 8959 8960 8922 8635
9 8922 8960 8961 8923 8636
9 8923 8961 8962 8924 8637
9 8924 8962 8963 8925 8638
9 8925 8963 8964 8926 8639
9 8926 8964 8965 8927 8640
9 8927 8965 8966 8928 8641
9 8928 8966 8967 8929 8642
9 8929 8967 8968 8930 8643
9 8930 8968 8969 8931 8644
9 8931 8969 8970 8932 8645
9 8932 8970 8971 8933 8646
9 8933 8971 8972 8934 8647
9 8934 8972 8973 8935 8648
9 8935 8973 8974 8936 8649
9 8936 8974 8975 8937 8650
9 8937 8975 8976 8938 8651
9 8938 8976 8977 8939 8652
9 8939 8977 8978 8940 8653
9 8940 8978 8979 8941 8654
9 8941 8979 8980 8942 8655
9 8942 8980 8981 8943 8656
9 8943 8981 6384 6383 8657
9 7944 7945 8982 8944 8658
9 8944 8982 8983 8945 8659
9 8945 8983 8984 8946 8660
9 8946 8984 8985 8947 8661
9 8947 8985 8986 8948 8662
9 8948 8986 8987 8949 8663
9 8949 8987 8988 8950 8664
9 8950 8988 8989 8951 8665
9 8951 8989 8990 8952 8666
9 8952 8990 8991 8953 8667
9 8953 8991 8992 8954 8668
9 8954 8992 8993 8955 8669
9 8955 8993 8994 8956 8670
9 8956 8994 8995 8957 8671
9 8957 8995 8996 8958 8672
9 8958 8996 8997 8959 8673
9 8959 8997 8998 8960 8674
9 8960 8998 8999 8961 8675
9 8961 8999 9000 8962 8676
9 8962 9000 9001 8963 8677
9 8963 9001 9002 8964 8678
9 8964 9002 9003 8965 8679
9 8965 9003 9004 8966 8680
9 8966 9004 9005 8967 8681
9 8967 9005 9006 8968 8682
9 8968 9006 9007 8969 8683
9 8969 9007 9008 8970 8684
9 8970 9008 9009 8971 8685
9 8971 9009 9010 8972 8686
9 8972 9010 9011 8973 8687
9 8973 9011 9012 8974 8688
9 8974 9012 9013 8975 8689
9 8975 9013 9014 8976 8690
9 8976 9014 9015 8977 8691
9 8977 9015 9016 8978 8692
9 8978 9016 9017 8979 8693
9 8979 9017 9018 8980 8694
9 8980 9018 9019 8981 8695
9 8981 9019 6385 6384 8696
9 7945 7946 9020 8982 8697
9 8982 9020 9021 8983 8698
9 8983 9021 9022 8984 8699
9 8984 9022 9023 8985 8700
9 8985 9023 9024 8986 8701
9 8986 9024 9025 8987 8702
9 8987 9025 9026 8988 8703
9 8988 9026 9027 8989 8704
9 8989 9027 9028 8990 8705
9 8990 9028 9029 8991 8706
9 8991 9029 9030 8992 8707
9 8992 9030 9031 8993 8708
9 8993 9031 9032 8994 8709
9 8994 9032 9033 8995 8710
9 8995 9033 9034 8996 8711
9 8996 9034 9035 8997 8712
9 8997 9035 9036 8998 8713
9 8998 9036 9037 8999 8714
9 8999 9037 9038 9000 8715
9 9000 9038 9039 9001 8716
9 9001 9039 9040 9002 8717
9 9002 9040 9041 9003 8718
9 9003 9041 9042 9004 8719
9 9004 9042 9043 9005 8720
9 9005 9043 9044 9006 8721
9 9006 9044 9045 9007 8722
9 9007 9045 9046 9008 8723
9 9008 9046 9047 9009 8724
9 9009 9047 9048 9010 8725
9 9010 9048 9049 9011 8726
9 9011 9049 9050 9012 8727
9 9012 9050 9051 9013 8728
9 9013 9051 9052 9014 8729
9 9014 9052 9053 9015 8730
9 9015 9053 9054 9016 8731
9 9016 9054 9055 9017 8732
9 9017 9055 9056 9018 8733
9 9018 9056 9057 9019 8734
9 9019 9057 6386 6385 8735
9 7946 7947 9058 9020 8736
9 9020 9058 9059 9021 8737
9 9021 9059 9060 9022 8738
9 9022 9060 9061 9023 8739
9 9023 9061 9062 9024 8740
9 9024 9062 9063 9025 8741
9 9025 9063 9064 9026 8742
9 9026 9064 9065 9027 8743
9 9027 9065 9066 9028 8744
9 9028 9066 9067 9029 8745
9 9029 9067 9068 9030 8746
9 9030 9068 9069 9031 8747
9 9031 9069 9070 9032 8748
9 9032 9070 9071 9033 8749
9 9033 9071 9072 9034 8750
9 9034 9072 9073 9035 8751
9 9035 9073 9074 9036 8752
9 9036 9074 9075 9037 8753
9 9037 9075 9076 9038 8754
9 9038 9076 9077 9039 8755
9 9039 9077 9078 9040 8756
9 9040 9078 9079 9041 8757
9 9041 9079 9080 9042 8758
9 9042 9080 9081 9043 8759
9 9043 9081 9082 9044 8760
9 9044 9082 9083 9045 8761
9 9045 9083 9084 9046 8762
9 9046 9084 9085 9047 8763
9 9047 9085 9086 9048 8764
9 9048 9086 9087 9049 8765
9 9049 9087 9088 9050 8766
9 9050 9088 9089 9051 8767
9 9051 9089 9090 9052 8768
9 9052 9090 9091 9053 8769
9 9053 9091 9092 9054 8770
9 9054 9092 9093 9055 8771
9 9055 9093 9094 9056 8772
9 9056 9094 9095 9057 8773
9 9057 9095 6387 6386 8774
9 7947 7948 9096 9058 8775
9 9058 9096 9097 9059 8776
9 9059 9097 9098 9060 8777
9 9060 9098 9099 9061 8778
9 9061 9099 9100 9062 8779
9 9062 9100 9101 9063 8780
9 9063 9101 9102 9064 8781
9 9064 9102 9103 9065 8782
9 9065 9103 9104 9066 8783
9 9066 9104 9105 9067 8784
9 9067 9105 9106 9068 8785
9 9068 9106 9107 9069 8786
9 9069 9107 9108 9070 8787
9 9070 9108 9109 9071 8788
9 9071 9109 9110 9072 8789
9 9072 9110 9111 9073 8790
9 9073 9111 9112 9074 8791
9 9074 9112 9113 9075 8792
9 9075 9113 9114 9076 8793
9 9076 9114 9115 9077 8794
9 9077 9115 9116 9078 8795
9 9078 9116 9117 9079 8796
9 9079 9117 9118 9080 8797
9 9080 9118 9119 9081 8798
9 9081 9119 9120 9082 8799
9 9082 9120 9121 9083 8800
9 9083 9121 9122 9084 8801
9 9084 9122 9123 9085 8802
9 9085 9123 9124 9086 8803
9 9086 9124 9125 9087 8804
9 9087 9125 9126 9088 8805
9 9088 9126 9127 9089 8806
9 9089 9127 9128 9090 8807
9 9090 9128 9129 9091 8808
9 9091 9129 9130 9092 8809
9 9092 9130 9131 9093 8810
9 9093 9131 9132 9094 8811
9 9094 9132 9133 9095 8812
9 9095 9133 6388 6387 8813
9 7948 7949 9134 9096 8814
9 9096 9134 9135 9097 8815
9 9097 9135 9136 9098 8816
9 9098 9136 9137 9099 8817
9 9099 9137 9138 9100 8818
9 9100 9138 9139 9101 8819
9 9101 9139 9140 9102 8820
9 9102 9140 9141 9103 8821
9 9103 9141 9142 9104 8822
9 9104 9142 9143 9105 8823
9 9105 9143 9144 9106 8824
9 9106 9144 9145 9107 8825
9 9107 9145 9146 9108 8826
9 9108 9146 9147 9109 8827
9 9109 9147 9148 9110 8828
9 9110 9148 9149 9111 8829
9 9111 9149 9150 9112 8830
9 9112 9150 9151 9113 8831
9 9113 9151 9152 9114 8832
9 9114 9152 9153 9115 8833
9 9115 9153 9154 9116 8834
9 9116 9154 9155 9117 8835
9 9117 9155 9156 9118 8836
9 9118 9156 9157 9119 8837
9 9119 9157 9158 9120 8838
9 9120 9158 9159 9121 8839
9 9121 9159 9160 9122 8840
9 9122 9160 9161 9123 8841
9 9123 9161 9162 9124 8842
9 9124 9162 9163 9125 8843
9 9125 9163 9164 9126 8844
9 9126 9164 9165 9127 8845
9 9127 9165 9166 9128 8846
9 9128 9166 9167 9129 8847
9 9129 9167 9168 9130 8848
9 9130 9168 9169 9131 8849
9 9131 9169 9170 9132 8850
9 9132 9170 9171 9133 8851
9 9133 9171 6389 6388 8852
9 7949 7950 9172 9134 8853
9 9134 9172 9173 9135 8854
9 9135 9173 9174 9136 8855
9 9136 9174 9175 9137 8856
9 9137 9175 9176 9138 8857
9 9138 9176 9177 9139 8858
9 9139 9177 9178 9140 8859
9 9140 9178 9179 9141 8860
9 9141 9179 9180 9142 8861
9 9142 9180 9181 9143 8862
9 9143 9181 9182 9144 8863
9 9144 9182 9183 9145 8864
9 9145 9183 9184 9146 8865
9 9146 9184 9185 9147 8866
9 9147 9185 9186 9148 8867
9 9148 9186 9187 9149 8868
9 9149 9187 9188 9150 8869
9 9150 9188 9189 9151 8870
9 9151 9189 9190 9152 8871
9 9152 9190 9191 9153 8872
9 9153 9191 9192 9154 8873
9 9154 9192 9193 9155 8874
9 9155 9193 9194 9156 8875
9 9156 9194 9195 9157 8876
9 9157 9195 9196 9158 8877
9 9158 9196 9197 9159 8878
9 9159 9197 9198 9160 8879
9 9160 9198 9199 9161 8880
9 9161 9199 9200 9162 8881
9 9162 9200 9201 9163 8882
9 9163 9201 9202 9164 8883
9 9164 9202 9203 9165 8884
9 9165 9203 9204 9166 8885
9 9166 9204 9205 9167 8886
9 9167 9205 9206 9168 8887
9 9168 9206 9207 9169 8888
9 9169 9207 9208 9170 8889
9 9170 9208 9209 9171 8890
9 9171 9209 6390 6389 8891
9 7950 7951 9210 9172 8892
9 9172 9210 9211 9173 8893
9 9173 9211 9212 9174 8894
9 9174 9212 9213 9175 8895
9 9175 9213 9214 9176 8896
9 9176 9214 9215 9177 8897
9 9177 9215 9216 9178 8898
9 9178 9216 9217 9179 8899
9 9179 9217 9218 9180 8900
9 9180 9218 9219 9181 8901
9 9181 9219 9220 9182 8902
9 9182 9220 9221 9183 8903
9 9183 9221 9222 9184 8904
9 9184 9222 9223 9185 8905
9 9185 9223 9224 9186 8906
9 9186 9224 9225 9187 8907
9 9187 9225 9226 9188 8908
9 9188 9226 9227 9189 8909
9 9189 9227 9228 9190 8910
9 9190 9228 9229 9191 8911
9 9191 9229 9230 9192 8912
9 9192 9230 9231 9193 8913
9 9193 9231 9232 9194 8914
9 9194 9232 9233 9195 8915
9 9195 9233 9234 9196 8916
9 9196 9234 9235 9197 8917
9 9197 9235 9236 9198 8918
9 9198 9236 9237 9199 8919
9 9199 9237 9238 9200 8920
9 9200 9238 9239 9201 8921
9 9201 9239 9240 9202 8922
9 9202 9240 9241 9203 8923
9 9203 9241 9242 9204 8924
9 9204 9242 9243 9205 8925
9 9205 9243 9244 9206 8926
9 9206 9244 9245 9207 8927
9 9207 9245 9246 9208 8928
9 9208 9246 9247 9209 8929
9 9209 9247 6391 6390 8930
9 7951 7952 9248 9210 8931
9 9210 9248 9249 9211 8932
9 9211 9249 9250 9212 8933
9 9212 9250 9251 9213 8934
9 9213 9251 9252 9214 8935
9 9214 9252 9253 9215 8936
9 9215 9253 9254 9216 8937
9 9216 9254 9255 9217 8938
9 9217 9255 9256 9218 8939
9 9218 9256 9257 9219 8940
9 9219 9257 9258 9220 8941
9 9220 9258 9259 9221 8942
9 9221 9259 9260 9222 8943
9 9222 9260 9261 9223 8944
9 9223 9261 9262 9224 8945
9 9224 9262 9263 9225 8946
9 9225 9263 9264 9226 8947
9 9226 9264 9265 9227 8948
9 9227 9265 9266 9228 8949
9 9228 9266 9267 9229 8950
9 9229 9267 9268 9230 8951
9 9230 9268 9269 9231 8952
9 9231 9269 9270 9232 8953
9 9232 9270 9271 9233 8954
9 9233 9271 9272 9234 8955
9 9234 9272 9273 9235 8956
9 9235 9273 9274 9236 8957
9 9236 9274 9275 9237 8958
9 9237 9275 9276 9238 8959
9 9238 9276 9277 9239 8960
9 9239 9277 9278 9240 8961
9 9240 9278 9279 9241 8962
9 9241 9279 9280 9242 8963
9 9242 9280 9281 9243 8964
9 9243 9281 9282 9244 8965
9 9244 9282 9283 9245 8966
9 9245 9283 9284 9246 8967
9 9246 9284 9285 9247 8968
9 9247 9285 6392 6391 8969
9 7952 7953 9286 9248 8970
9 9248 9286 9287 9249 8971
9 9249 9287 9288 9250 8972
9 9250 9288 9289 9251 8973
9 9251 9289 9290 9252 8974
9 9252 9290 9291 9253 8975
9 9253 9291 9292 9254 8976
9 9254 9292 9293 9255 8977
9 9255 9293 9294 9256 8978
9 9256 9294 9295 9257 8979
9 9257 9295 9296 9258 8980
9 9258 9296 9297 9259 8981
9 9259 9297 9298 9260 8982
9 9260 9298 9299 9261 8983
9 9261 9299 9300 9262 8984
9 9262 9300 9301 9263 8985
9 9263 9301 9302 9264 8986
9 9264 9302 9303 9265 8987
9 9265 9303 9304 9266 8988
9 9266 9304 9305 9267 8989
9 9267 9305 9306 9268 8990
9 9268 9306 9307 9269 8991
9 9269 9307 9308 9270 8992
9 9270 9308 9309 9271 8993
9 9271 9309 9310 9272 8994
9 9272 9310 9311 9273 8995
9 9273 9311 9312 9274 8996
9 9274 9312 9313 9275 8997
9 9275 9313 9314 9276 8998
9 9276 9314 9315 9277 8999
9 9277 9315 9316 9278 9000
9 9278 9316 9317 9279 9001
9 9279 9317 9318 9280 9002
9 9280 9318 9319 9281 9003
9 9281 9319 9320 9282 9004
9 9282 9320 9321 9283 9005
9 9283 9321 9322 9284 9006
9 9284 9322 9323 9285 9007
9 9285 9323 6393 6392 9008
9 7953 7954 9324 9286 9009
9 9286 9324 9325 9287 9010
9 9287 9325 9326 9288 9011
9 9288 9326 9327 9289 9012
9 9289 9327 9328 9290 9013
9 9290 9328 9329 9291 9014
9 9291 9329 9330 9292 9015
9 9292 9330 9331 9293 9016
9 9293 9331 9332 9294 9017
9 9294 9332 9333 9295 9018
9 9295 9333 9334 9296 9019
9 9296 9334 9335 9297 9020
9 9297 9335 9336 9298 9021
9 9298 9336 9337 9299 9022
9 9299 9337 9338 9300 9023
9 9300 9338 9339 9301 9024
9 9301 9339 9340 9302 9025
9 9302 9340 9341 9303 9026
9 9303 9341 9342 9304 9027
9 9304 9342 9343 9305 9028
9 9305 9343 9344 9306 9029
9 9306 9344 9345 9307 9030
9 9307 9345 9346 9308 9031
9 9308 9346 9347 9309 9032
9 9309 9347 9348 9310 9033
9 9310 9348 9349 9311 9034
9 9311 9349 9350 9312 9035
9 9312 9350 9351 9313 9036
9 9313 9351 9352 9314 9037
9 9314 9352 9353 9315 9038
9 9315 9353 9354 9316 9039
9 9316 9354 9355 9317 9040
9 9317 9355 9356 9318 9041
9 9318 9356 9357 9319 9042
9 9319 9357 9358 9320 9043
9 9320 9358 9359 9321 9044
9 9321 9359 9360 9322 9045
9 9322 9360 9361 9323 9046
9 9323 9361 6394 6393 9047
9 7954 7955 9362 9324 9048
9 9324 9362 9363 9325 9049
9 9325 9363 9364 9326 9050
9 9326 9364 9365 9327 9051
9 9327 9365 9366 9328 9052
9 9328 9366 9367 9329 9053
9 9329 9367 9368 9330 9054
9 9330 9368 9369 9331 9055
9 9331 9369 9370 9332 9056
9 9332 9370 9371 9333 9057
9 9333 9371 9372 9334 9058
9 9334 9372 9373 9335 9059
9 9335 9373 9374 9336 9060
9 9336 9374 9375 9337 9061
9 9337 9375 9376 9338 9062
9 9338 9376 9377 9339 9063
9 9339 9377 9378 9340 9064
9 9340 9378 9379 9341 9065
9 9341 9379 9380 9342 9066
9 9342 9380 9381 9343 9067
9 9343 9381 9382 9344 9068
9 9344 9382 9383 9345 9069
9 9345 9383 9384 9346 9070
9 9346 9384 9385 9347 9071
9 9347 9385 9386 9348 9072
9 9348 9386 9387 9349 9073
9 9349 9387 9388 9350 9074
9 9350 9388 9389 9351 9075
9 9351 9389 9390 9352 9076
9 9352 9390 9391 9353 9077
9 9353 9391 9392 9354 9078
9 9354 9392 9393 9355 9079
9 9355 9393 9394 9356 9080
9 9356 9394 9395 9357 9081
9 9357 9395 9396 9358 9082
9 9358 9396 9397 9359 9083
9 9359 9397 9398 9360 9084
9 9360 9398 9399 9361 9085
9 9361 9399 6395 6394 9086
9 7955 7840 7917 9362 9087
9 9362 7917 7916 9363 9088
9 9363 7916 7915 9364 9089
9 9364 7915 7914 9365 9090
9 9365 7914 7913 9366 9091
9 9366 7913 7912 9367 9092
9 9367 7912 7911 9368 9093
9 9368 7911 7910 9369 9094
9 9369 7910 7909 9370 9095
9 9370 7909 7908 9371 9096
9 9371 7908 7907 9372 9097
9 9372 7907 7906 9373 9098
9 9373 7906 7905 9374 9099
9 9374 7905 7904 9375 9100
9 9375 7904 7903 9376 9101
9 9376 7903 7902 9377 9102
9 9377 7902 7901 9378 9103
9 9378 7901 7900 9379 9104
9 9379 7900 7899 9380 9105
9 9380 7899 7898 9381 9106
9 9381 7898 7897 9382 9107
9 9382 7897 7896 9383 9108
9 9383 7896 7895 9384 9109
9 9384 7895 7894 9385 9110
9 9385 7894 7893 9386 9111
9 9386 7893 7892 9387 9112
9 9387 7892 7891 9388 9113
9 9388 7891 7890 9389 9114
9 9389 7890 7889 9390 9115
9 9390 7889 7888 9391 9116
9 9391 7888 7887 9392 9117
9 9392 7887 7886 9393 9118
9 9393 7886 7885 9394 9119
9 9394 7885 7884 9395 9120
9 9395 7884 7883 9396 9121
9 9396 7883 7882 9397 9122
9 9397 7882 7881 9398 9123
9 9398 7881 7880 9399 9124
9 9399 7880 6280 6395 9125
9 9401 9478 9516 9439 9126
9 9439 9516 9517 9438 9127
9 9438 9517 9518 9437 9128
9 9437 9518 9519 9436 9129
9 9436 9519 9520 9435 9130
9 9435 9520 9521 9434 9131
9 9434 9521 9522 9433 9132
9 9433 9522 9523 9432 9133
9 9432 9523 9524 9431 9134
9 9431 9524 9525 9430 9135
9 9430 9525 9526 9429 9136
9 9429 9526 9527 9428 9137
9 9428 9527 9528 9427 9138
9 9427 9528 9529 9426 9139
9 9426 9529 9530 9425 9140
9 9425 9530 9531 9424 9141
9 9424 9531 9532 9423 9142
9 9423 9532 9533 9422 9143
9 9422 9533 9534 9421 9144
9 9421 9534 9535 9420 9145
9 9420 9535 9536 9419 9146
9 9419 9536 9537 9418 9147
9 9418 9537 9538 9417 9148
9 9417 9538 9539 9416 9149
9 9416 9539 9540 9415 9150
9 9415 9540 9541 9414 9151
9 9414 9541 9542 9413 9152
9 9413 9542 9543 9412 9153
9 9412 9543 9544 9411 9154
9 9411 9544 9545 9410 9155
9 9410 9545 9546 9409 9156
9 9409 9546 9547 9408 9157
9 9408 9547 9548 9407 9158
9 9407 9548 9549 9406 9159
9 9406 9549 9550 9405 9160
9 9405 9550 9551 9404 9161
9 9404 9551 9552 9403 9162
9 9403 9552 9553 9402 9163
9 9402 9553 7918 7841 9164
9 9478 9479 9554 9516 9165
9 9516 9554 9555 9517 9166
9 9517 9555 9556 9518 9167
9 9518 9556 9557 9519 9168
9 9519 9557 9558 9520 9169
9 9520 9558 9559 9521 9170
9 9521 9559 9560 9522 9171
9 9522 9560 9561 9523 9172
9 9523 9561 9562 9524 9173
9 9524 9562 9563 9525 9174
9 9525 9563 9564 9526 9175
9 9526 9564 9565 9527 9176
9 9527 9565 9566 9528 9177
9 9528 9566 9567 9529 9178
9 9529 9567 9568 9530 9179
9 9530 9568 9569 9531 9180
9 9531 9569 9570 9532 9181
9 9532 9570 9571 9533 9182
9 9533 9571 9572 9534 9183
9 9534 9572 9573 9535 9184
9 9535 9573 9574 9536 9185
9 9536 9574 9575 9537 9186
9 9537 9575 9576 9538 9187
9 9538 9576 9577 9539 9188
9 9539 9577 9578 9540 9189
9 9540 9578 9579 9541 9190
9 9541 9579 9580 9542 9191
9 9542 9580 9581 9543 9192
9 9543 9581 9582 9544 9193
9 9544 9582 9583 9545 9194
9 9545 9583 9584 9546 9195
9 9546 9584 9585 9547 9196
9 9547 9585 9586 9548 9197
9 9548 9586 9587 9549 9198
9 9549 9587 9588 9550 9199
9 9550 9588 9589 9551 9200
9 9551 9589 9590 9552 9201
9 9552 9590 9591 9553 9202
9 9553 9591 7919 7918 9203
9 9479 9480 9592 9554 9204
9 9554 9592 9593 9555 9205
9 9555 9593 9594 9556 9206
9 9556 9594 9595 9557 9207
9 9557 9595 9596 9558 9208
9 9558 9596 9597 9559 9209
9 9559 9597 9598 9560 9210
9 9560 9598 9599 9561 9211
9 9561 9599 9600 9562 9212
9 9562 9600 9601 9563 9213
9 9563 9601 9602 9564 9214
9 9564 9602 9603 9565 9215
9 9565 9603 9604 9566 9216
9 9566 9604 9605 9567 9217
9 9567 9605 9606 9568 9218
9 9568 9606 9607 9569 9219
9 9569 9607 9608 9570 9220
9 9570 9608 9609 9571 9221
9 9571 9609 9610 9572 9222
9 9572 9610 9611 9573 9223
9 9573 9611 9612 9574 9224
9 9574 9612 9613 9575 9225
9 9575 9613 9614 9576 9226
9 9576 9614 9615 9577 9227
9 9577 9615 9616 9578 9228
9 9578 9616 9617 9579 9229
9 9579 9617 9618 9580 9230
9 9580 9618 9619 9581 9231
9 9581 9619 9620 9582 9232
9 9582 9620 9621 9583 9233
9 9583 9621 9622 9584 9234
9 9584 9622 9623 9585 9235
9 9585 9623 9624 9586 9236
9 9586 9624 9625 9587 9237
9 9587 9625 9626 9588 9238
9 9588 9626 9627 9589 9239
9 9589 9627 9628 9590 9240
9 9590 9628 9629 9591 9241
9 9591 9629 7920 7919 9242
9 9480 9481 9630 9592 9243
9 9592 9630 9631 9593 9244
9 9593 9631 9632 9594 9245
9 9594 9632 9633 9595 9246
9 9595 9633 9634 9596 9247
9 9596 9634 9635 9597 9248
9 9597 9635 9636 9598 9249
9 9598 9636 9637 9599 9250
9 9599 9637 9638 9600 9251
9 9600 9638 9639 9601 9252
9 9601 9639 9640 9602 9253
9 9602 9640 9641 9603 9254
9 9603 9641 9642 9604 9255
9 9604 9642 9643 9605 9256
9 9605 9643 9644 9606 9257
9 9606 9644 9645 9607 9258
9 9607 9645 9646 9608 9259
9 9608 9646 9647 9609 9260
9 9609 9647 9648 9610 9261
9 9610 9648 9649 9611 9262
9 9611 9649 9650 9612 9263
9 9612 9650 9651 9613 9264
9 9613 9651 9652 9614 9265
9 9614 9652 9653 9615 9266
9 9615 9653 9654 9616 9267
9 9616 9654 9655 9617 9268
9 9617 9655 9656 9618 9269
9 9618 9656 9657 9619 9270
9 9619 9657 9658 9620 9271
9 9620 9658 9659 9621 9272
9 9621 9659 9660 9622 9273
9 9622 9660 9661 9623 9274
9 9623 9661 9662 9624 9275
9 9624 9662 9663 9625 9276
9 9625 9663 9664 9626 9277
9 9626 9664 9665 9627 9278
9 9627 9665 9666 9628 9279
9 9628 9666 9667 9629 9280
9 9629 9667 7921 7920 9281
9 9481 9482 9668 9630 9282
9 9630 9668 9669 9631 9283
9 9631 9669 9670 9632 9284
9 9632 9670 9671 9633 9285
9 9633 9671 9672 9634 9286
9 9634 9672 9673 9635 9287
9 9635 9673 9674 9636 9288
9 9636 9674 9675 9637 9289
9 9637 9675 9676 9638 9290
9 9638 9676 9677 9639 9291
9 9639 9677 9678 9640 9292
9 9640 9678 9679 9641 9293
9 9641 9679 9680 9642 9294
9 9642 9680 9681 9643 9295
9 9643 9681 9682 9644 9296
9 9644 9682 9683 9645 9297
9 9645 9683 9684 9646 9298
9 9646 9684 9685 9647 9299
9 9647 9685 9686 9648 9300
9 9648 9686 9687 9649 9301
9 9649 9687 9688 9650 9302
9 9650 9688 9689 9651 9303
9 9651 9689 9690 9652 9304
9 9652 9690 9691 9653 9305
9 9653 9691 9692 9654 9306
9 9654 9692 9693 9655 9307
9 9655 9693 9694 9656 9308
9 9656 9694 9695 9657 9309
9 9657 9695 9696 9658 9310
9 9658 9696 9697 9659 9311
9 9659 9697 9698 9660 9312
9 9660 9698 9699 9661 9313
9 9661 9699 9700 9662 9314
9 9662 9700 9701 9663 9315
9 9663 9701 9702 9664 9316
9 9664 9702 9703 9665 9317
9 9665 9703 9704 9666 9318
9 9666 9704 9705 9667 9319
9 9667 9705 7922 7921 9320
9 9482 9483 9706 9668 9321
9 9668 9706 9707 9669 9322
9 9669 9707 9708 9670 9323
9 9670 9708 9709 9671 9324
9 9671 9709 9710 9672 9325
9 9672 9710 9711 9673 9326
9 9673 9711 9712 9674 9327
9 9674 9712 9713 9675 9328
9 9675 9713 9714 9676 9329
9 9676 9714 9715 9677 9330
9 9677 9715 9716 9678 9331
9 9678 9716 9717 9679 9332
9 9679 9717 9718 9680 9333
9 9680 9718 9719 9681 9334
9 9681 9719 9720 9682 9335
9 9682 9720 9721 9683 9336
9 9683 9721 9722 9684 9337
9 9684 9722 9723 9685 9338
9 9685 9723 9724 9686 9339
9 9686 9724 9725 9687 9340
9 9687 9725 9726 9688 9341
9 9688 9726 9727 9689 9342
9 9689 9727 9728 9690 9343
9 9690 9728 9729 9691 9344
9 9691 9729 9730 9692 9345
9 9692 9730 9731 9693 9346
9 9693 9731 9732 9694 9347
9 9694 9732 9733 9695 9348
9 9695 9733 9734 9696 9349
9 9696 9734 9735 9697 9350
9 9697 9735 9736 9698 9351
9 9698 9736 9737 9699 9352
9 9699 9737 9738 9700 9353
9 9700 9738 9739 9701 9354
9 9701 9739 9740 9702 9355
9 9702 9740 9741 9703 9356
9 9703 9741 9742 9704 9357
9 9704 9742 9743 9705 9358
9 9705 9743 7923 7922 9359
9 9483 9484 9744 9706 9360
9 9706 9744 9745 9707 9361
9 9707 9745 9746 9708 9362
9 9708 9746 9747 9709 9363
9 9709 9747 9748 9710 9364
9 9710 9748 9749 9711 9365
9 9711 9749 9750 9712 9366
9 9712 9750 9751 9713 9367
9 9713 9751 9752 9714 9368
9 9714 9752 9753 9715 9369
9 9715 9753 9754 9716 9370
9 9716 9754 9755 9717 9371
9 9717 9755 9756 9718 9372
9 9718 9756 9757 9719 9373
9 9719 9757 9758 9720 9374
9 9720 9758 9759 9721 9375
9 9721 9759 9760 9722 9376
9 9722 9760 9761 9723 9377
9 9723 9761 9762 9724 9378
9 9724 9762 9763 9725 9379
9 9725 9763 9764 9726 9380
9 9726 9764 9765 9727 9381
9 9727 9765 9766 9728 9382
9 9728 9766 9767 9729 9383
9 9729 9767 9768 9730 9384
9 9730 9768 9769 9731 9385
9 9731 9769 9770 9732 9386
9 9732 9770 9771 9733 9387
9 9733 9771 9772 9734 9388
9 9734 9772 9773 9735 9389
9 9735 9773 9774 9736 9390
9 9736 9774 9775 9737 9391
9 9737 9775 9776 9738 9392
9 9738 9776 9777 9739 9393
9 9739 9777 9778 9740 9394
9 9740 9778 9779 9741 9395
9 9741 9779 9780 9742 9396
9 9742 9780 9781 9743 9397
9 9743 9781 7924 7923 9398
9 9484 9485 9782 9744 9399
9 9744 9782 9783 9745 9400
9 9745 9783 9784 9746 9401
9 9746 9784 9785 9747 9402
9 9747 9785 9786 9748 9403
9 9748 9786 9787 9749 9404
9 9749 9787 9788 9750 9405
9 9750 9788 9789 9751 9406
9 9751 9789 9790 9752 9407
9 9752 9790 9791 9753 9408
9 9753 9791 9792 9754 9409
9 9754 9792 9793 9755 9410
9 9755 9793 9794 9756 9411
9 9756 9794 9795 9757 9412
9 9757 9795 9796 9758 9413
9 9758 9796 9797 9759 9414
9 9759 9797 9798 9760 9415
9 9760 9798 9799 9761 9416
9 9761 9799 9800 9762 9417
9 9762 9800 9801 9763 9418
9 9763 9801 9802 9764 9419
9 9764 9802 9803 9765 9420
9 9765 9803 9804 9766 9421
9 9766 9804 9805 9767 9422
9 9767 9805 9806 9768 9423
9 9768 9806 9807 9769 9424
9 9769 9807 9808 9770 9425
9 9770 9808 9809 9771 9426
9 9771 9809 9810 9772 9427
9 9772 9810 9811 9773 9428
9 9773 9811 9812 9774 9429
9 9774 9812 9813 9775 9430
9 9775 9813 9814 9776 9431
9 9776 9814 9815 9777 9432
9 9777 9815 9816 9778 9433
9 9778 9816 9817 9779 9434
9 9779 9817 9818 9780 9435
9 9780 9818 9819 9781 9436
9 9781 9819 7925 7924 9437
9 9485 9486 9820 9782 9438
9 9782 9820 9821 9783 9439
9 9783 9821 9822 9784 9440
9 9784 9822 9823 9785 9441
9 9785 9823 9824 9786 9442
9 9786 9824 9825 9787 9443
9 9787 9825 9826 9788 9444
9 9788 9826 9827 9789 9445
9 9789 9827 9828 9790 9446
9 9790 9828 9829 9791 9447
9 9791 9829 9830 9792 9448
9 9792 9830 9831 9793 9449
9 9793 9831 9832 9794 9450
9 9794 9832 9833 9795 9451
9 9795 9833 9834 9796 9452
9 9796 9834 9835 9797 9453
9 9797 9835 9836 9798 9454
9 9798 9836 9837 9799 9455
9 9799 9837 9838 9800 9456
9 9800 9838 9839 9801 9457
9 9801 9839 9840 9802 9458
9 9802 9840 9841 9803 9459
9 9803 9841 9842 9804 9460
9 9804 9842 9843 9805 9461
9 9805 9843 9844 9806 9462
9 9806 9844 9845 9807 9463
9 9807 9845 9846 9808 9464
9 9808 9846 9847 9809 9465
9 9809 9847 9848 9810 9466
9 9810 9848 9849 9811 9467
9 9811 9849 9850 9812 9468
9 9812 9850 9851 9813 9469
9 9813 9851 9852 9814 9470
9 9814 9852 9853 9815 9471
9 9815 9853 9854 9816 9472
9 9816 9854 9855 9817 9473
9 9817 9855 9856 9818 9474
9 9818 9856 9857 9819 9475
9 9819 9857 7926 7925 9476
9 9486 9487 9858 9820 9477
9 9820 9858 9859 9821 9478
9 9821 9859 9860 9822 9479
9 9822 9860 9861 9823 9480
9 9823 9861 9862 9824 9481
9 9824 9862 9863 9825 9482
9 9825 9863 9864 9826 9483
9 9826 9864 9865 9827 9484
9 9827 9865 9866 9828 9485
9 9828 9866 9867 9829 9486
9 9829 9867 9868 9830 9487
9 9830 9868 9869 9831 9488
9 9831 9869 9870 9832 9489
9 9832 9870 9871 9833 9490
9 9833 9871 9872 9834 9491
9 9834 9872 9873 9835 9492
9 9835 9873 9874 9836 9493
9 9836 9874 9875 9837 9494
9 9837 9875 9876 9838 9495
9 9838 9876 9877 9839 9496
9 9839 9877 9878 9840 9497
9 9840 9878 9879 9841 9498
9 9841 9879 9880 9842 9499
9 9842 9880 9881 9843 9500
9 9843 9881 9882 9844 9501
9 9844 9882 9883 9845 9502
9 9845 9883 9884 9846 9503
9 9846 9884 9885 9847 9504
9 9847 9885 9886 9848 9505
9 9848 9886 9887 9849 9506
9 9849 9887 9888 9850 9507
9 9850 9888 9889 9851 9508
9 9851 9889 9890 9852 9509
9 9852 9890 9891 9853 9510
9 9853 9891 9892 9854 9511
9 9854 9892 9893 9855 9512
9 9855 9893 9894 9856 9513
9 9856 9894 9895 9857 9514
9 9857 9895 7927 7926 9515
9 9487 9488 9896 9858 9516
9 9858 9896 9897 9859 9517
9 9859 9897 9898 9860 9518
9 9860 9898 9899 9861 9519
9 9861 9899 9900 9862 9520
9 9862 9900 9901 9863 9521
9 9863 9901 9902 9864 9522
9 9864 9902 9903 9865 9523
9 9865 9903 9904 9866 9524
9 9866 9904 9905 9867 9525
9 9867 9905 9906 9868 9526
9 9868 9906 9907 9869 9527
9 9869 9907 9908 9870 9528
9 9870 9908 9909 9871 9529
9 9871 9909 9910 9872 9530
9 9872 9910 9911 9873 9531
9 9873 9911 9912 9874 9532
9 9874 9912 9913 9875 9533
9 9875 9913 9914 9876 9534
9 9876 9914 9915 9877 9535
9 9877 9915 9916 9878 9536
9 9878 9916 9917 9879 9537
9 9879 9917 9918 9880 9538
9 9880 9918 9919 9881 9539
9 9881 9919 9920 9882 9540
9 9882 9920 9921 9883 9541
9 9883 9921 9922 9884 9542
9 9884 9922 9923 9885 9543
9 9885 9923 9924 9886 9544
9 9886 9924 9925 9887 9545
9 9887 9925 9926 9888 9546
9 9888 9926 9927 9889 9547
9 9889 9927 9928 9890 9548
9 9890 9928 9929 9891 9549
9 9891 9929 9930 9892 9550
9 9892 9930 9931 9893 9551
9 9893 9931 9932 9894 9552
9 9894 9932 9933 9895 9553
9 9895 9933 7928 7927 9554
9 9488 9489 9934 9896 9555
9 9896 9934 9935 9897 9556
9 9897 9935 9936 9898 9557
9 9898 9936 9937 9899 9558
9 9899 9937 9938 9900 9559
9 9900 9938 9939 9901 9560
9 9901 9939 9940 9902 9561
9 9902 9940 9941 9903 9562
9 9903 9941 9942 9904 9563
9 9904 9942 9943 9905 9564
9 9905 9943 9944 9906 9565
9 9906 9944 9945 9907 9566
9 9907 9945 9946 9908 9567
9 9908 9946 9947 9909 9568
9 9909 9947 9948 9910 9569
9 9910 9948 9949 9911 9570
9 9911 9949 9950 9912 9571
9 9912 9950 9951 9913 9572
9 9913 9951 9952 9914 9573
9 9914 9952 9953 9915 9574
9 9915 9953 9954 9916 9575
9 9916 9954 9955 9917 9576
9 9917 9955 9956 9918 9577
9 9918 9956 9957 9919 9578
9 9919 9957 9958 9920 9579
9 9920 9958 9959 9921 9580
9 9921 9959 9960 9922 9581
9 9922 9960 9961 9923 9582
9 9923 9961 9962 9924 9583
9 9924 9962 9963 9925 9584
9 9925 9963 9964 9926 9585
9 9926 9964 9965 9927 9586
9 9927 9965 9966 9928 9587
9 9928 9966 9967 9929 9588
9 9929 9967 9968 9930 9589
9 9930 9968 9969 9931 9590
9 9931 9969 9970 9932 9591
9 9932 9970 9971 9933 9592
9 9933 9971 7929 7928 9593
9 9489 9490 9972 9934 9594
9 9934 9972 9973 9935 9595
9 9935 9973 9974 9936 9596
9 9936 9974 9975 9937 9597
9 9937 9975 9976 9938 9598
9 9938 9976 9977 9939 9599
9 9939 9977 9978 9940 9600
9 9940 9978 9979 9941 9601
9 9941 9979 9980 9942 9602
9 9942 9980 9981 9943 9603
9 9943 9981 9982 9944 9604
9 9944 9982 9983 9945 9605
9 9945 9983 9984 9946 9606
9 9946 9984 9985 9947 9607
9 9947 9985 9986 9948 9608
9 9948 9986 9987 9949 9609
9 9949 9987 9988 9950 9610
9 9950 9988 9989 9951 9611
9 9951 9989 9990 9952 9612
9 9952 9990 9991 9953 9613
9 9953 9991 9992 9954 9614
9 9954 9992 9993 9955 9615
9 9955 9993 9994 9956 9616
9 9956 9994 9995 9957 9617
9 9957 9995 9996 9958 9618
9 9958 9996 9997 9959 9619
9 9959 9997 9998 9960 9620
9 9960 9998 9999 9961 9621
9 9961 9999 10000 9962 9622
9 9962 10000 10001 9963 9623
9 9963 10001 10002 9964 9624
9 9964 10002 10003 9965 9625
9 9965 10003 10004 9966 9626
9 9966 10004 10005 9967 9627
9 9967 10005 10006 9968 9628
9 9968 10006 10007 9969 9629
9 9969 10007 10008 9970 9630
9 9970 10008 10009 9971 9631
9 9971 10009 7930 7929 9632
9 9490 9491 10010 9972 9633
9 9972 10010 10011 9973 9634
9 9973 10011 10012 9974 9635
9 9974 10012 10013 9975 9636
9 9975 10013 10014 9976 9637
9 9976 10014 10015 9977 9638
9 9977 10015 10016 9978 9639
9 9978 10016 10017 9979 9640
9 9979 10017 10018 9980 9641
9 9980 10018 10019 9981 9642
9 9981 10019 10020 9982 9643
9 9982 10020 10021 9983 9644
9 9983 10021 10022 9984 9645
9 9984 10022 10023 9985 9646
9 9985 10023 10024 9986 9647
9 9986 10024 10025 9987 9648
9 9987 10025 10026 9988 9649
9 9988 10026 10027 9989 9650
9 9989 10027 10028 9990 9651
9 9990 10028 10029 9991 9652
9 9991 10029 10030 9992 9653
9 9992 10030 10031 9993 9654
9 9993 10031 10032 9994 9655
9 9994 10032 10033 9995 9656
9 9995 10033 10034 9996 9657
9 9996 10034 10035 9997 9658
9 9997 10035 10036 9998 9659
9 9998 10036 10037 9999 9660
9 9999 10037 10038 10000 9661
9 10000 10038 10039 10001 9662
9 10001 10039 10040 10002 9663
9 10002 10040 10041 10003 9664
9 10003 10041 10042 10004 9665
9 10004 10042 10043 10005 9666
9 10005 10043 10044 10006 9667
9 10006 10044 10045 10007 9668
9 10007 10045 10046 10008 9669
9 10008 10046 10047 10009 9670
9 10009 10047 7931 7930 9671
9 9491 9492 10048 10010 9672
9 10010 10048 10049 10011 9673
9 10011 10049 10050 10012 9674
9 10012 10050 10051 10013 9675
9 10013 10051 10052 10014 9676
9 10014 10052 10053 10015 9677
9 10015 10053 10054 10016 9678
9 10016 10054 10055 10017 9679
9 10017 10055 10056 10018 9680
9 10018 10056 10057 10019 9681
9 10019 10057 10058 10020 9682
9 10020 10058 10059 10021 9683
9 10021 10059 10060 10022 9684
9 10022 10060 10061 10023 9685
9 10023 10061 10062 10024 9686
9 10024 10062 10063 10025 9687
9 10025 10063 10064 10026 9688
9 10026 10064 10065 10027 9689
9 10027 10065 10066 10028 9690
9 10028 10066 10067 10029 9691
9 10029 10067 10068 10030 9692
9 10030 10068 10069 10031 9693
9 10031 10069 10070 10032 9694
9 10032 10070 10071 10033 9695
9 10033 10071 10072 10034 9696
9 10034 10072 10073 10035 9697
9 10035 10073 10074 10036 9698
9 10036 10074 10075 10037 9699
9 10037 10075 10076 10038 9700
9 10038 10076 10077 10039 9701
9 10039 10077 10078 10040 9702
9 10040 10078 10079 10041 9703
9 10041 10079 10080 10042 9704
9 10042 10080 10081 10043 9705
9 10043 10081 10082 10044 9706
9 10044 10082 10083 10045 9707
9 10045 10083 10084 10046 9708
9 10046 10084 10085 10047 9709
9 10047 10085 7932 7931 9710
9 9492 9493 10086 10048 9711
9 10048 10086 10087 10049 9712
9 10049 10087 10088 10050 9713
9 10050 10088 10089 10051 9714
9 10051 10089 10090 10052 9715
9 10052 10090 10091 10053 9716
9 10053 10091 10092 10054 9717
9 10054 10092 10093 10055 9718
9 10055 10093 10094 10056 9719
9 10056 10094 10095 10057 9720
9 10057 10095 10096 10058 9721
9 10058 10096 10097 10059 9722
9 10059 10097 10098 10060 9723
9 10060 10098 10099 10061 9724
9 10061 10099 10100 10062 9725
9 10062 10100 10101 10063 9726
9 10063 10101 10102 10064 9727
9 10064 10102 10103 10065 9728
9 10065 10103 10104 10066 9729
9 10066 10104 10105 10067 9730
9 10067 10105 10106 10068 9731
9 10068 10106 10107 10069 9732
9 10069 10107 10108 10070 9733
9 10070 10108 10109 10071 9734
9 10071 10109 10110 10072 9735
9 10072 10110 10111 10073 9736
9 10073 10111 10112 10074 9737
9 10074 10112 10113 10075 9738
9 10075 10113 10114 10076 9739
9 10076 10114 10115 10077 9740
9 10077 10115 10116 10078 9741
9 10078 10116 10117 10079 9742
9 10079 10117 10118 10080 9743
9 10080 10118 10119 10081 9744
9 10081 10119 10120 10082 9745
9 10082 10120 10121 10083 9746
9 10083 10121 10122 10084 9747
9 10084 10122 10123 10085 9748
9 10085 10123 7933 7932 9749
9 9493 9494 10124 10086 9750
9 10086 10124 10125 10087 9751
9 10087 10125 10126 10088 9752
9 10088 10126 10127 10089 9753
9 10089 10127 10128 10090 9754
9 10090 10128 10129 10091 9755
9 10091 10129 10130 10092 9756
9 10092 10130 10131 10093 9757
9 10093 10131 10132 10094 9758
9 10094 10132 10133 10095 9759
9 10095 10133 10134 10096 9760
9 10096 10134 10135 10097 9761
9 10097 10135 10136 10098 9762
9 10098 10136 10137 10099 9763
9 10099 10137 10138 10100 9764
9 10100 10138 10139 10101 9765
9 10101 10139 10140 10102 9766
9 10102 10140 10141 10103 9767
9 10103 10141 10142 10104 9768
9 10104 10142 10143 10105 9769
9 10105 10143 10144 10106 9770
9 10106 10144 10145 10107 9771
9 10107 10145 10146 10108 9772
9 10108 10146 10147 10109 9773
9 10109 10147 10148 10110 9774
9 10110 10148 10149 10111 9775
9 10111 10149 10150 10112 9776
9 10112 10150 10151 10113 9777
9 10113 10151 10152 10114 9778
9 10114 10152 10153 10115 9779
9 10115 10153 10154 10116 9780
9 10116 10154 10155 10117 9781
9 10117 10155 10156 10118 9782
9 10118 10156 10157 10119 9783
9 10119 10157 10158 10120 9784
9 10120 10158 10159 10121 9785
9 10121 10159 10160 10122 9786
9 10122 10160 10161 10123 9787
9 10123 10161 7934 7933 9788
9 9494 9495 10162 10124 9789
9 10124 10162 10163 10125 9790
9 10125 10163 10164 10126 9791
9 10126 10164 10165 10127 9792
9 10127 10165 10166 10128 9793
9 10128 10166 10167 10129 9794
9 10129 10167 10168 10130 9795
9 10130 10168 10169 10131 9796
9 10131 10169 10170 10132 9797
9 10132 10170 10171 10133 9798
9 10133 10171 10172 10134 9799
9 10134 10172 10173 10135 9800
9 10135 10173 10174 10136 9801
9 10136 10174 10175 10137 9802
9 10137 10175 10176 10138 9803
9 10138 10176 10177 10139 9804
9 10139 10177 10178 10140 9805
9 10140 10178 10179 10141 9806
9 10141 10179 10180 10142 9807
9 10142 10180 10181 10143 9808
9 10143 10181 10182 10144 9809
9 10144 10182 10183 10145 9810
9 10145 10183 10184 10146 9811
9 10146 10184 10185 10147 9812
9 10147 10185 10186 10148 9813
9 10148 10186 10187 10149 9814
9 10149 10187 10188 10150 9815
9 10150 10188 10189 10151 9816
9 10151 10189 10190 10152 9817
9 10152 10190 10191 10153 9818
9 10153 10191 10192 10154 9819
9 10154 10192 10193 10155 9820
9 10155 10193 10194 10156 9821
9 10156 10194 10195 10157 9822
9 10157 10195 10196 10158 9823
9 10158 10196 10197 10159 9824
9 10159 10197 10198 10160 9825
9 10160 10198 10199 10161 9826
9 10161 10199 7935 7934 9827
9 9495 9496 10200 10162 9828
9 10162 10200 10201 10163 9829
9 10163 10201 10202 10164 9830
9 10164 10202 10203 10165 9831
9 10165 10203 10204 10166 9832
9 10166 10204 10205 10167 9833
9 10167 10205 10206 10168 9834
9 10168 10206 10207 10169 9835
9 10169 10207 10208 10170 9836
9 10170 10208 10209 10171 9837
9 10171 10209 10210 10172 9838
9 10172 10210 10211 10173 9839
9 10173 10211 10212 10174 9840
9 10174 10212 10213 10175 9841
9 10175 10213 10214 10176 9842
9 10176 10214 10215 10177 9843
9 10177 10215 10216 10178 9844
9 10178 10216 10217 10179 9845
9 10179 10217 10218 10180 9846
9 10180 10218 10219 10181 9847
9 10181 10219 10220 10182 9848
9 10182 10220 10221 10183 9849
9 10183 10221 10222 10184 9850
9 10184 10222 10223 10185 9851
9 10185 10223 10224 10186 9852
9 10186 10224 10225 10187 9853
9 10187 10225 10226 10188 9854
9 10188 10226 10227 10189 9855
9 10189 10227 10228 10190 9856
9 10190 10228 10229 10191 9857
9 10191 10229 10230 10192 9858
9 10192 10230 10231 10193 9859
9 10193 10231 10232 10194 9860
9 10194 10232 10233 10195 9861
9 10195 10233 10234 10196 9862
9 10196 10234 10235 10197 9863
9 10197 10235 10236 10198 9864
9 10198 10236 10237 10199 9865
9 10199 10237 7936 7935 9866
9 9496 9497 10238 10200 9867
9 10200 10238 10239 10201 9868
9 10201 10239 10240 10202 9869
9 10202 10240 10241 10203 9870
9 10203 10241 10242 10204 9871
9 10204 10242 10243 10205 9872
9 10205 10243 10244 10206 9873
9 10206 10244 10245 10207 9874
9 10207 10245 10246 10208 9875
9 10208 10246 10247 10209 9876
9 10209 10247 10248 10210 9877
9 10210 10248 10249 10211 9878
9 10211 10249 10250 10212 9879
9 10212 10250 10251 10213 9880
9 10213 10251 10252 10214 9881
9 10214 10252 10253 10215 9882
9 10215 10253 10254 10216 9883
9 10216 10254 10255 10217 9884
9 10217 10255 10256 10218 9885
9 10218 10256 10257 10219 9886
9 10219 10257 10258 10220 9887
9 10220 10258 10259 10221 9888
9 10221 10259 10260 10222 9889
9 10222 10260 10261 10223 9890
9 10223 10261 10262 10224 9891
9 10224 10262 10263 10225 9892
9 10225 10263 10264 10226 9893
9 10226 10264 10265 10227 9894
9 10227 10265 10266 10228 9895
9 10228 10266 10267 10229 9896
9 10229 10267 10268 10230 9897
9 10230 10268 10269 10231 9898
9 10231 10269 10270 10232 9899
9 10232 10270 10271 10233 9900
9 10233 10271 10272 10234 9901
9 10234 10272 10273 10235 9902
9 10235 10273 10274 10236 9903
9 10236 10274 10275 10237 9904
9 10237 10275 7937 7936 9905
9 9497 9498 10276 10238 9906
9 10238 10276 10277 10239 9907
9 10239 10277 10278 10240 9908
9 10240 10278 10279 10241 9909
9 10241 10279 10280 10242 9910
9 10242 10280 10281 10243 9911
9 10243 10281 10282 10244 9912
9 10244 10282 10283 10245 9913
9 10245 10283 10284 10246 9914
9 10246 10284 10285 10247 9915
9 10247 10285 10286 10248 9916
9 10248 10286 10287 10249 9917
9 10249 10287 10288 10250 9918
9 10250 10288 10289 10251 9919
9 10251 10289 10290 10252 9920
9 10252 10290 10291 10253 9921
9 10253 10291 10292 10254 9922
9 10254 10292 10293 10255 9923
9 10255 10293 10294 10256 9924
9 10256 10294 10295 10257 9925
9 10257 10295 10296 10258 9926
9 10258 10296 10297 10259 9927
9 10259 10297 10298 10260 9928
9 10260 10298 10299 10261 9929
9 10261 10299 10300 10262 9930
9 10262 10300 10301 10263 9931
9 10263 10301 10302 10264 9932
9 10264 10302 10303 10265 9933
9 10265 10303 10304 10266 9934
9 10266 10304 10305 10267 9935
9 10267 10305 10306 10268 9936
9 10268 10306 10307 10269 9937
9 10269 10307 10308 10270 9938
9 10270 10308 10309 10271 9939
9 10271 10309 10310 10272 9940
9 10272 10310 10311 10273 9941
9 10273 10311 10312 10274 9942
9 10274 10312 10313 10275 9943
9 10275 10313 7938 7937 9944
9 9498 9499 10314 10276 9945
9 10276 10314 10315 10277 9946
9 10277 10315 10316 10278 9947
9 10278 10316 10317 10279 9948
9 10279 10317 10318 10280 9949
9 10280 10318 10319 10281 9950
9 10281 10319 10320 10282 9951
9 10282 10320 10321 10283 9952
9 10283 10321 10322 10284 9953
9 10284 10322 10323 10285 9954
9 10285 10323 10324 10286 9955
9 10286 10324 10325 10287 9956
9 10287 10325 10326 10288 9957
9 10288 10326 10327 10289 9958
9 10289 10327 10328 10290 9959
9 10290 10328 10329 10291 9960
9 10291 10329 10330 10292 9961
9 10292 10330 10331 10293 9962
9 10293 10331 10332 10294 9963
9 10294 10332 10333 10295 9964
9 10295 10333 10334 10296 9965
9 10296 10334 10335 10297 9966
9 10297 10335 10336 10298 9967
9 10298 10336 10337 10299 9968
9 10299 10337 10338 10300 9969
9 10300 10338 10339 10301 9970
9 10301 10339 10340 10302 9971
9 10302 10340 10341 10303 9972
9 10303 10341 10342 10304 9973
9 10304 10342 10343 10305 9974
9 10305 10343 10344 10306 9975
9 10306 10344 10345 10307 9976
9 10307 10345 10346 10308 9977
9 10308 10346 10347 10309 9978
9 10309 10347 10348 10310 9979
9 10310 10348 10349 10311 9980
9 10311 10349 10350 10312 9981
9 10312 10350 10351 10313 9982
9 10313 10351 7939 7938 9983
9 9499 9500 10352 10314 9984
9 10314 10352 10353 10315 9985
9 10315 10353 10354 10316 9986
9 10316 10354 10355 10317 9987
9 10317 10355 10356 10318 9988
9 10318 10356 10357 10319 9989
9 10319 10357 10358 10320 9990
9 10320 10358 10359 10321 9991
9 10321 10359 10360 10322 9992
9 10322 10360 10361 10323 9993
9 10323 10361 10362 10324 9994
9 10324 10362 10363 10325 9995
9 10325 10363 10364 10326 9996
9 10326 10364 10365 10327 9997
9 10327 10365 10366 10328 9998
9 10328 10366 10367 10329 9999
9 10329 10367 10368 10330 10000
9 10330 10368 10369 10331 10001
9 10331 10369 10370 10332 10002
9 10332 10370 10371 10333 10003
9 10333 10371 10372 10334 10004
9 10334 10372 10373 10335 10005
9 10335 10373 10374 10336 10006
9 10336 10374 10375 10337 10007
9 10337 10375 10376 10338 10008
9 10338 10376 10377 10339 10009
9 10339 10377 10378 10340 10010
9 10340 10378 10379 10341 10011
9 10341 10379 10380 10342 10012
9 10342 10380 10381 10343 10013
9 10343 10381 10382 10344 10014
9 10344 10382 10383 10345 10015
9 10345 10383 10384 10346 10016
9 10346 10384 10385 10347 10017
9 10347 10385 10386 10348 10018
9 10348 10386 10387 10349 10019
9 10349 10387 10388 10350 10020
9 10350 10388 10389 10351 10021
9 10351 10389 7940 7939 10022
9 9500 9501 10390 10352 10023
9 10352 10390 10391 10353 10024
9 10353 10391 10392 10354 10025
9 10354 10392 10393 10355 10026
9 10355 10393 10394 10356 10027
9 10356 10394 10395 10357 10028
9 10357 10395 10396 10358 10029
9 10358 10396 10397 10359 10030
9 10359 10397 10398 10360 10031
9 10360 10398 10399 10361 10032
9 10361 10399 10400 10362 10033
9 10362 10400 10401 10363 10034
9 10363 10401 10402 10364 10035
9 10364 10402 10403 10365 10036
9 10365 10403 10404 10366 10037
9 10366 10404 10405 10367 10038
9 10367 10405 10406 10368 10039
9 10368 10406 10407 10369 10040
9 10369 10407 10408 10370 10041
9 10370 10408 10409 10371 10042
9 10371 10409 10410 10372 10043
9 10372 10410 10411 10373 10044
9 10373 10411 10412 10374 10045
9 10374 10412 10413 10375 10046
9 10375 10413 10414 10376 10047
9 10376 10414 10415 10377 10048
9 10377 10415 10416 10378 10049
9 10378 10416 10417 10379 10050
9 10379 10417 10418 10380 10051
9 10380 10418 10419 10381 10052
9 10381 10419 10420 10382 10053
9 10382 10420 10421 10383 10054
9 10383 10421 10422 10384 10055
9 10384 10422 10423 10385 10056
9 10385 10423 10424 10386 10057
9 10386 10424 10425 10387 10058
9 10387 10425 10426 10388 10059
9 10388 10426 10427 10389 10060
9 10389 10427 7941 7940 10061
9 9501 9502 10428 10390 10062
9 10390 10428 10429 10391 10063
9 10391 10429 10430 10392 10064
9 10392 10430 10431 10393 10065
9 10393 10431 10432 10394 10066
9 10394 10432 10433 10395 10067
9 10395 10433 10434 10396 10068
9 10396 10434 10435 10397 10069
9 10397 10435 10436 10398 10070
9 10398 10436 10437 10399 10071
9 10399 10437 10438 10400 10072
9 10400 10438 10439 10401 10073
9 10401 10439 10440 10402 10074
9 10402 10440 10441 10403 10075
9 10403 10441 10442 10404 10076
9 10404 10442 10443 10405 10077
9 10405 10443 10444 10406 10078
9 10406 10444 10445 10407 10079
9 10407 10445 10446 10408 10080
9 10408 10446 10447 10409 10081
9 10409 10447 10448 10410 10082
9 10410 10448 10449 10411 10083
9 10411 10449 10450 10412 10084
9 10412 10450 10451 10413 10085
9 10413 10451 10452 10414 10086
9 10414 10452 10453 10415 10087
9 10415 10453 10454 10416 10088
9 10416 10454 10455 10417 10089
9 10417 10455 10456 10418 10090
9 10418 10456 10457 10419 10091
9 10419 10457 10458 10420 10092
9 10420 10458 10459 10421 10093
9 10421 10459 10460 10422 10094
9 10422 10460 10461 10423 10095
9 10423 10461 10462 10424 10096
9 10424 10462 10463 10425 10097
9 10425 10463 10464 10426 10098
9 10426 10464 10465 10427 10099
9 10427 10465 7942 7941 10100
9 9502 9503 10466 10428 10101
9 10428 10466 10467 10429 10102
9 10429 10467 10468 10430 10103
9 10430 10468 10469 10431 10104
9 10431 10469 10470 10432 10105
9 10432 10470 10471 10433 10106
9 10433 10471 10472 10434 10107
9 10434 10472 10473 10435 10108
9 10435 10473 10474 10436 10109
9 10436 10474 10475 10437 10110
9 10437 10475 10476 10438 10111
9 10438 10476 10477 10439 10112
9 10439 10477 10478 10440 10113
9 10440 10478 10479 10441 10114
9 10441 10479 10480 10442 10115
9 10442 10480 10481 10443 10116
9 10443 10481 10482 10444 10117
9 10444 10482 10483 10445 10118
9 10445 10483 10484 10446 10119
9 10446 10484 10485 10447 10120
9 10447 10485 10486 10448 10121
9 10448 10486 10487 10449 10122
9 10449 10487 10488 10450 10123
9 10450 10488 10489 10451 10124
9 10451 10489 10490 10452 10125
9 10452 10490 10491 10453 10126
9 10453 10491 10492 10454 10127
9 10454 10492 10493 10455 10128
9 10455 10493 10494 10456 10129
9 10456 10494 10495 10457 10130
9 10457 10495 10496 10458 10131
9 10458 10496 10497 10459 10132
9 10459 10497 10498 10460 10133
9 10460 10498 10499 10461 10134
9 10461 10499 10500 10462 10135
9 10462 10500 10501 10463 10136
9 10463 10501 10502 10464 10137
9 10464 10502 10503 10465 10138
9 10465 10503 7943 7942 10139
9 9503 9504 10504 10466 10140
9 10466 10504 10505 10467 10141
9 10467 10505 10506 10468 10142
9 10468 10506 10507 10469 10143
9 10469 10507 10508 10470 10144
9 10470 10508 10509 10471 10145
9 10471 10509 10510 10472 10146
9 10472 10510 10511 10473 10147
9 10473 10511 10512 10474 10148
9 10474 10512 10513 10475 10149
9 10475 10513 10514 10476 10150
9 10476 10514 10515 10477 10151
9 10477 10515 10516 10478 10152
9 10478 10516 10517 10479 10153
9 10479 10517 10518 10480 10154
9 10480 10518 10519 10481 10155
9 10481 10519 10520 10482 10156
9 10482 10520 10521 10483 10157
9 10483 10521 10522 10484 10158
9 10484 10522 10523 10485 10159
9 10485 10523 10524 10486 10160
9 10486 10524 10525 10487 10161
9 10487 10525 10526 10488 10162
9 10488 10526 10527 10489 10163
9 10489 10527 10528 10490 10164
9 10490 10528 10529 10491 10165
9 10491 10529 10530 10492 10166
9 10492 10530 10531 10493 10167
9 10493 10531 10532 10494 10168
9 10494 10532 10533 10495 10169
9 10495 10533 10534 10496 10170
9 10496 10534 10535 10497 10171
9 10497 10535 10536 10498 10172
9 10498 10536 10537 10499 10173
9 10499 10537 10538 10500 10174
9 10500 10538 10539 10501 10175
9 10501 10539 10540 10502 10176
9 10502 10540 10541 10503 10177
9 10503 10541 7944 7943 10178
9 9504 9505 10542 10504 10179
9 10504 10542 10543 10505 10180
9 10505 10543 10544 10506 10181
9 10506 10544 10545 10507 10182
9 10507 10545 10546 10508 10183
9 10508 10546 10547 10509 10184
9 10509 10547 10548 10510 10185
9 10510 10548 10549 10511 10186
9 10511 10549 10550 10512 10187
9 10512 10550 10551 10513 10188
9 10513 10551 10552 10514 10189
9 10514 10552 10553 10515 10190
9 10515 10553 10554 10516 10191
9 10516 10554 10555 10517 10192
9 10517 10555 10556 10518 10193
9 10518 10556 10557 10519 10194
9 10519 10557 10558 10520 10195
9 10520 10558 10559 10521 10196
9 10521 10559 10560 10522 10197
9 10522 10560 10561 10523 10198
9 10523 10561 10562 10524 10199
9 10524 10562 10563 10525 10200
9 10525 10563 10564 10526 10201
9 10526 10564 10565 10527 10202
9 10527 10565 10566 10528 10203
9 10528 10566 10567 10529 10204
9 10529 10567 10568 10530 10205
9 10530 10568 10569 10531 10206
9 10531 10569 10570 10532 10207
9 10532 10570 10571 10533 10208
9 10533 10571 10572 10534 10209
9 10534 10572 10573 10535 10210
9 10535 10573 10574 10536 10211
9 10536 10574 10575 10537 10212
9 10537 10575 10576 10538 10213
9 10538 10576 10577 10539 10214
9 10539 10577 10578 10540 10215
9 10540 10578 10579 10541 10216
9 10541 10579 7945 7944 10217
9 9505 9506 10580 10542 10218
9 10542 10580 10581 10543 10219
9 10543 10581 10582 10544 10220
9 10544 10582 10583 10545 10221
9 10545 10583 10584 10546 10222
9 10546 10584 10585 10547 10223
9 10547 10585 10586 10548 10224
9 10548 10586 10587 10549 10225
9 10549 10587 10588 10550 10226
9 10550 10588 10589 10551 10227
9 10551 10589 10590 10552 10228
9 10552 10590 10591 10553 10229
9 10553 10591 10592 10554 10230
9 10554 10592 10593 10555 10231
9 10555 10593 10594 10556 10232
9 10556 10594 10595 10557 10233
9 10557 10595 10596 10558 10234
9 10558 10596 10597 10559 10235
9 10559 10597 10598 10560 10236
9 10560 10598 10599 10561 10237
9 10561 10599 10600 10562 10238
9 10562 10600 10601 10563 10239
9 10563 10601 10602 10564 10240
9 10564 10602 10603 10565 10241
9 10565 10603 10604 10566 10242
9 10566 10604 10605 10567 10243
9 10567 10605 10606 10568 10244
9 10568 10606 10607 10569 10245
9 10569 10607 10608 10570 10246
9 10570 10608 10609 10571 10247
9 10571 10609 10610 10572 10248
9 10572 10610 10611 10573 10249
9 10573 10611 10612 10574 10250
9 10574 10612 10613 10575 10251
9 10575 10613 10614 10576 10252
9 10576 10614 10615 10577 10253
9 10577 10615 10616 10578 10254
9 10578 10616 10617 10579 10255
9 10579 10617 7946 7945 10256
9 9506 9507 10618 10580 10257
9 10580 10618 10619 10581 10258
9 10581 10619 10620 10582 10259
9 10582 10620 10621 10583 10260
9 10583 10621 10622 10584 10261
9 10584 10622 10623 10585 10262
9 10585 10623 10624 10586 10263
9 10586 10624 10625 10587 10264
9 10587 10625 10626 10588 10265
9 10588 10626 10627 10589 10266
9 10589 10627 10628 10590 10267
9 10590 10628 10629 10591 10268
9 10591 10629 10630 10592 10269
9 10592 10630 10631 10593 10270
9 10593 10631 10632 10594 10271
9 10594 10632 10633 10595 10272
9 10595 10633 10634 10596 10273
9 10596 10634 10635 10597 10274
9 10597 10635 10636 10598 10275
9 10598 10636 10637 10599 10276
9 10599 10637 10638 10600 10277
9 10600 10638 10639 10601 10278
9 10601 10639 10640 10602 10279
9 10602 10640 10641 10603 10280
9 10603 10641 10642 10604 10281
9 10604 10642 10643 10605 10282
9 10605 10643 10644 10606 10283
9 10606 10644 10645 10607 10284
9 10607 10645 10646 10608 10285
9 10608 10646 10647 10609 10286
9 10609 10647 10648 10610 10287
9 10610 10648 10649 10611 10288
9 10611 10649 10650 10612 10289
9 10612 10650 10651 10613 10290
9 10613 10651 10652 10614 10291
9 10614 10652 10653 10615 10292
9 10615 10653 10654 10616 10293
9 10616 10654 10655 10617 10294
9 10617 10655 7947 7946 10295
9 9507 9508 10656 10618 10296
9 10618 10656 10657 10619 10297
9 10619 10657 10658 10620 10298
9 10620 10658 10659 10621 10299
9 10621 10659 10660 10622 10300
9 10622 10660 10661 10623 10301
9 10623 10661 10662 10624 10302
9 10624 10662 10663 10625 10303
9 10625 10663 10664 10626 10304
9 10626 10664 10665 10627 10305
9 10627 10665 10666 10628 10306
9 10628 10666 10667 10629 10307
9 10629 10667 10668 10630 10308
9 10630 10668 10669 10631 10309
9 10631 10669 10670 10632 10310
9 10632 10670 10671 10633 10311
9 10633 10671 10672 10634 10312
9 10634 10672 10673 10635 10313
9 10635 10673 10674 10636 10314
9 10636 10674 10675 10637 10315
9 10637 10675 10676 10638 10316
9 10638 10676 10677 10639 10317
9 10639 10677 10678 10640 10318
9 10640 10678 10679 10641 10319
9 10641 10679 10680 10642 10320
9 10642 10680 10681 10643 10321
9 10643 10681 10682 10644 10322
9 10644 10682 10683 10645 10323
9 10645 10683 10684 10646 10324
9 10646 10684 10685 10647 10325
9 10647 10685 10686 10648 10326
9 10648 10686 10687 10649 10327
9 10649 10687 10688 10650 10328
9 10650 10688 10689 10651 10329
9 10651 10689 10690 10652 10330
9 10652 10690 10691 10653 10331
9 10653 10691 10692 10654 10332
9 10654 10692 10693 10655 10333
9 10655 10693 7948 7947 10334
9 9508 9509 10694 10656 10335
9 10656 10694 10695 10657 10336
9 10657 10695 10696 10658 10337
9 10658 10696 10697 10659 10338
9 10659 10697 10698 10660 10339
9 10660 10698 10699 10661 10340
9 10661 10699 10700 10662 10341
9 10662 10700 10701 10663 10342
9 10663 10701 10702 10664 10343
9 10664 10702 10703 10665 10344
9 10665 10703 10704 10666 10345
9 10666 10704 10705 10667 10346
9 10667 10705 10706 10668 10347
9 10668 10706 10707 10669 10348
9 10669 10707 10708 10670 10349
9 10670 10708 10709 10671 10350
9 10671 10709 10710 10672 10351
9 10672 10710 10711 10673 10352
9 10673 10711 10712 10674 10353
9 10674 10712 10713 10675 10354
9 10675 10713 10714 10676 10355
9 10676 10714 10715 10677 10356
9 10677 10715 10716 10678 10357
9 10678 10716 10717 10679 10358
9 10679 10717 10718 10680 10359
9 10680 10718 10719 10681 10360
9 10681 10719 10720 10682 10361
9 10682 10720 10721 10683 10362
9 10683 10721 10722 10684 10363
9 10684 10722 10723 10685 10364
9 10685 10723 10724 10686 10365
9 10686 10724 10725 10687 10366
9 10687 10725 10726 10688 10367
9 10688 10726 10727 10689 10368
9 10689 10727 10728 10690 10369
9 10690 10728 10729 10691 10370
9 10691 10729 10730 10692 10371
9 10692 10730 10731 10693 10372
9 10693 10731 7949 7948 10373
9 9509 9510 10732 10694 10374
9 10694 10732 10733 10695 10375
9 10695 10733 10734 10696 10376
9 10696 10734 10735 10697 10377
9 10697 10735 10736 10698 10378
9 10698 10736 10737 10699 10379
9 10699 10737 10738 10700 10380
9 10700 10738 10739 10701 10381
9 10701 10739 10740 10702 10382
9 10702 10740 10741 10703 10383
9 10703 10741 10742 10704 10384
9 10704 10742 10743 10705 10385
9 10705 10743 10744 10706 10386
9 10706 10744 10745 10707 10387
9 10707 10745 10746 10708 10388
9 10708 10746 10747 10709 10389
9 10709 10747 10748 10710 10390
9 10710 10748 10749 10711 10391
9 10711 10749 10750 10712 10392
9 10712 10750 10751 10713 10393
9 10713 10751 10752 10714 10394
9 10714 10752 10753 10715 10395
9 10715 10753 10754 10716 10396
9 10716 10754 10755 10717 10397
9 10717 10755 10756 10718 10398
9 10718 10756 10757 10719 10399
9 10719 10757 10758 10720 10400
9 10720 10758 10759 10721 10401
9 10721 10759 10760 10722 10402
9 10722 10760 10761 10723 10403
9 10723 10761 10762 10724 10404
9 10724 10762 10763 10725 10405
9 10725 10763 10764 10726 10406
9 10726 10764 10765 10727 10407
9 10727 10765 10766 10728 10408
9 10728 10766 10767 10729 10409
9 10729 10767 10768 10730 10410
9 10730 10768 10769 10731 10411
9 10731 10769 7950 7949 10412
9 9510 9511 10770 10732 10413
9 10732 10770 10771 10733 10414
9 10733 10771 10772 10734 10415
9 10734 10772 10773 10735 10416
9 10735 10773 10774 10736 10417
9 10736 10774 10775 10737 10418
9 10737 10775 10776 10738 10419
9 10738 10776 10777 10739 10420
9 10739 10777 10778 10740 10421
9 10740 10778 10779 10741 10422
9 10741 10779 10780 10742 10423
9 10742 10780 10781 10743 10424
9 10743 10781 10782 10744 10425
9 10744 10782 10783 10745 10426
9 10745 10783 10784 10746 10427
9 10746 10784 10785 10747 10428
9 10747 10785 10786 10748 10429
9 10748 10786 10787 10749 10430
9 10749 10787 10788 10750 10431
9 10750 10788 10789 10751 10432
9 10751 10789 10790 10752 10433
9 10752 10790 10791 10753 10434
9 10753 10791 10792 10754 10435
9 10754 10792 10793 10755 10436
9 10755 10793 10794 10756 10437
9 10756 10794 10795 10757 10438
9 10757 10795 10796 10758 10439
9 10758 10796 10797 10759 10440
9 10759 10797 10798 10760 10441
9 10760 10798 10799 10761 10442
9 10761 10799 10800 10762 10443
9 10762 10800 10801 10763 10444
9 10763 10801 10802 10764 10445
9 10764 10802 10803 10765 10446
9 10765 10803 10804 10766 10447
9 10766 10804 10805 10767 10448
9 10767 10805 10806 10768 10449
9 10768 10806 10807 10769 10450
9 10769 10807 7951 7950 10451
9 9511 9512 10808 10770 10452
9 10770 10808 10809 10771 10453
9 10771 10809 10810 10772 10454
9 10772 10810 10811 10773 10455
9 10773 10811 10812 10774 10456
9 10774 10812 10813 10775 10457
9 10775 10813 10814 10776 10458
9 10776 10814 10815 10777 10459
9 10777 10815 10816 10778 10460
9 10778 10816 10817 10779 10461
9 10779 10817 10818 10780 10462
9 10780 10818 10819 10781 10463
9 10781 10819 10820 10782 10464
9 10782 10820 10821 10783 10465
9 10783 10821 10822 10784 10466
9 10784 10822 10823 10785 10467
9 10785 10823 10824 10786 10468
9 10786 10824 10825 10787 10469
9 10787 10825 10826 10788 10470
9 10788 10826 10827 10789 10471
9 10789 10827 10828 10790 10472
9 10790 10828 10829 10791 10473
9 10791 10829 10830 10792 10474
9 10792 10830 10831 10793 10475
9 10793 10831 10832 10794 10476
9 10794 10832 10833 10795 10477
9 10795 10833 10834 10796 10478
9 10796 10834 10835 10797 10479
9 10797 10835 10836 10798 10480
9 10798 10836 10837 10799 10481
9 10799 10837 10838 10800 10482
9 10800 10838 10839 10801 10483
9 10801 10839 10840 10802 10484
9 10802 10840 10841 10803 10485
9 10803 10841 10842 10804 10486
9 10804 10842 10843 10805 10487
9 10805 10843 10844 10806 10488
9 10806 10844 10845 10807 10489
9 10807 10845 7952 7951 10490
9 9512 9513 10846 10808 10491
9 10808 10846 10847 10809 10492
9 10809 10847 10848 10810 10493
9 10810 10848 10849 10811 10494
9 10811 10849 10850 10812 10495
9 10812 10850 10851 10813 10496
9 10813 10851 10852 10814 10497
9 10814 10852 10853 10815 10498
9 10815 10853 10854 10816 10499
9 10816 10854 10855 10817 10500
9 10817 10855 10856 10818 10501
9 10818 10856 10857 10819 10502
9 10819 10857 10858 10820 10503
9 10820 10858 10859 10821 10504
9 10821 10859 10860 10822 10505
9 10822 10860 10861 10823 10506
9 10823 10861 10862 10824 10507
9 10824 10862 10863 10825 10508
9 10825 10863 10864 10826 10509
9 10826 10864 10865 10827 10510
9 10827 10865 10866 10828 10511
9 10828 10866 10867 10829 10512
9 10829 10867 10868 10830 10513
9 10830 10868 10869 10831 10514
9 10831 10869 10870 10832 10515
9 10832 10870 10871 10833 10516
9 10833 10871 10872 10834 10517
9 10834 10872 10873 10835 10518
9 10835 10873 10874 10836 10519
9 10836 10874 10875 10837 10520
9 10837 10875 10876 10838 10521
9 10838 10876 10877 10839 10522
9 10839 10877 10878 10840 10523
9 10840 10878 10879 10841 10524
9 10841 10879 10880 10842 10525
9 10842 10880 10881 10843 10526
9 10843 10881 10882 10844 10527
9 10844 10882 10883 10845 10528
9 10845 10883 7953 7952 10529
9 9513 9514 10884 10846 10530
9 10846 10884 10885 10847 10531
9 10847 10885 10886 10848 10532
9 10848 10886 10887 10849 10533
9 10849 10887 10888 10850 10534
9 10850 10888 10889 10851 10535
9 10851 10889 10890 10852 10536
9 10852 10890 10891 10853 10537
9 10853 10891 10892 10854 10538
9 10854 10892 10893 10855 10539
9 10855 10893 10894 10856 10540
9 10856 10894 10895 10857 10541
9 10857 10895 10896 10858 10542
9 10858 10896 10897 10859 10543
9 10859 10897 10898 10860 10544
9 10860 10898 10899 10861 10545
9 10861 10899 10900 10862 10546
9 10862 10900 10901 10863 10547
9 10863 10901 10902 10864 10548
9 10864 10902 10903 10865 10549
9 10865 10903 10904 10866 10550
9 10866 10904 10905 10867 10551
9 10867 10905 10906 10868 10552
9 10868 10906 10907 10869 10553
9 10869 10907 10908 10870 10554
9 10870 10908 10909 10871 10555
9 10871 10909 10910 10872 10556
9 10872 10910 10911 10873 10557
9 10873 10911 10912 10874 10558
9 10874 10912 10913 10875 10559
9 10875 10913 10914 10876 10560
9 10876 10914 10915 10877 10561
9 10877 10915 10916 10878 10562
9 10878 10916 10917 10879 10563
9 10879 10917 10918 10880 10564
9 10880 10918 10919 10881 10565
9 10881 10919 10920 10882 10566
9 10882 10920 10921 10883 10567
9 10883 10921 7954 7953 10568
9 9514 9515 10922 10884 10569
9 10884 10922 10923 10885 10570
9 10885 10923 10924 10886 10571
9 10886 10924 10925 10887 10572
9 10887 10925 10926 10888 10573
9 10888 10926 10927 10889 10574
9 10889 10927 10928 10890 10575
9 10890 10928 10929 10891 10576
9 10891 10929 10930 10892 10577
9 10892 10930 10931 10893 10578
9 10893 10931 10932 10894 10579
9 10894 10932 10933 10895 10580
9 10895 10933 10934 10896 10581
9 10896 10934 10935 10897 10582
9 10897 10935 10936 10898 10583
9 10898 10936 10937 10899 10584
9 10899 10937 10938 10900 10585
9 10900 10938 10939 10901 10586
9 10901 10939 10940 10902 10587
9 10902 10940 10941 10903 10588
9 10903 10941 10942 10904 10589
9 10904 10942 10943 10905 10590
9 10905 10943 10944 10906 10591
9 10906 10944 10945 10907 10592
9 10907 10945 10946 10908 10593
9 10908 10946 10947 10909 10594
9 10909 10947 10948 10910 10595
9 10910 10948 10949 10911 10596
9 10911 10949 10950 10912 10597
9 10912 10950 10951 10913 10598
9 10913 10951 10952 10914 10599
9 10914 10952 10953 10915 10600
9 10915 10953 10954 10916 10601
9 10916 10954 10955 10917 10602
9 10917 10955 10956 10918 10603
9 10918 10956 10957 10919 10604
9 10919 10957 10958 10920 10605
9 10920 10958 10959 10921 10606
9 10921 10959 7955 7954 10607
9 9515 9400 9477 10922 10608
9 10922 9477 9476 10923 10609
9 10923 9476 9475 10924 10610
9 10924 9475 9474 10925 10611
9 10925 9474 9473 10926 10612
9 10926 9473 9472 10927 10613
9 10927 9472 9471 10928 10614
9 10928 9471 9470 10929 10615
9 10929 9470 9469 10930 10616
9 10930 9469 9468 10931 10617
9 10931 9468 9467 10932 10618
9 10932 9467 9466 10933 10619
9 10933 9466 9465 10934 10620
9 10934 9465 9464 10935 10621
9 10935 9464 9463 10936 10622
9 10936 9463 9462 10937 10623
9 10937 9462 9461 10938 10624
9 10938 9461 9460 10939 10625
9 10939 9460 9459 10940 10626
9 10940 9459 9458 10941 10627
9 10941 9458 9457 10942 10628
9 10942 9457 9456 10943 10629
9 10943 9456 9455 10944 10630
9 10944 9455 9454 10945 10631
9 10945 9454 9453 10946 10632
9 10946 9453 9452 10947 10633
9 10947 9452 9451 10948 10634
9 10948 9451 9450 10949 10635
9 10949 9450 9449 10950 10636
9 10950 9449 9448 10951 10637
9 10951 9448 9447 10952 10638
9 10952 9447 9446 10953 10639
9 10953 9446 9445 10954 10640
9 10954 9445 9444 10955 10641
9 10955 9444 9443 10956 10642
9 10956 9443 9442 10957 10643
9 10957 9442 9441 10958 10644
9 10958 9441 9440 10959 10645
9 10959 9440 7840 7955 10646
9 0 80 11036 10997 10647
9 10997 11036 11037 10996 10648
9 10996 11037 11038 10995 10649
9 10995 11038 11039 10994 10650
9 10994 11039 11040 10993 10651
9 10993 11040 11041 10992 10652
9 10992 11041 11042 10991 10653
9 10991 11042 11043 10990 10654
9 10990 11043 11044 10989 10655
9 10989 11044 11045 10988 10656
9 10988 11045 11046 10987 10657
9 10987 11046 11047 10986 10658
9 10986 11047 11048 10985 10659
9 10985 11048 11049 10984 10660
9 10984 11049 11050 10983 10661
9 10983 11050 11051 10982 10662
9 10982 11051 11052 10981 10663
9 10981 11052 11053 10980 10664
9 10980 11053 11054 10979 10665
9 10979 11054 11055 10978 10666
9 10978 11055 11056 10977 10667
9 10977 11056 11057 10976 10668
9 10976 11057 11058 10975 10669
9 10975 11058 11059 10974 10670
9 10974 11059 11060 10973 10671
9 10973 11060 11061 10972 10672
9 10972 11061 11062 10971 10673
9 10971 11062 11063 10970 10674
9 10970 11063 11064 10969 10675
9 10969 11064 11065 10968 10676
9 10968 11065 11066 10967 10677
9 10967 11066 11067 10966 10678
9 10966 11067 11068 10965 10679
9 10965 11068 11069 10964 10680
9 10964 11069 11070 10963 10681
9 10963 11070 11071 10962 10682
9 10962 11071 11072 10961 10683
9 10961 11072 11073 10960 10684
9 10960 11073 9478 9401 10685
9 80 81 11074 11036 10686
9 11036 11074 11075 11037 10687
9 11037 11075 11076 11038 10688
9 11038 11076 11077 11039 10689
9 11039 11077 11078 11040 10690
9 11040 11078 11079 11041 10691
9 11041 11079 11080 11042 10692
9 11042 11080 11081 11043 10693
9 11043 11081 11082 11044 10694
9 11044 11082 11083 11045 10695
9 11045 11083 11084 11046 10696
9 11046 11084 11085 11047 10697
9 11047 11085 11086 11048 10698
9 11048 11086 11087 11049 10699
9 11049 11087 11088 11050 10700
9 11050 11088 11089 11051 10701
9 11051 11089 11090 11052 10702
9 11052 11090 11091 11053 10703
9 11053 11091 11092 11054 10704
9 11054 11092 11093 11055 10705
9 11055 11093 11094 11056 10706
9 11056 11094 11095 11057 10707
9 11057 11095 11096 11058 10708
9 11058 11096 11097 11059 10709
9 11059 11097 11098 11060 10710
9 11060 11098 11099 11061 10711
9 11061 11099 11100 11062 10712
9 11062 11100 11101 11063 10713
9 11063 11101 11102 11064 10714
9 11064 11102 11103 11065 10715
9 11065 11103 11104 11066 10716
9 11066 11104 11105 11067 10717
9 11067 11105 11106 11068 10718
9 11068 11106 11107 11069 10719
9 11069 11107 11108 11070 10720
9 11070 11108 11109 11071 10721
9 11071 11109 11110 11072 10722
9 11072 11110 11111 11073 10723
9 11073 11111 9479 9478 10724
9 81 82 11112 11074 10725
9 11074 11112 11113 11075 10726
9 11075 11113 11114 11076 10727
9 11076 11114 11115 11077 10728
9 11077 11115 11116 11078 10729
9 11078 11116 11117 11079 10730
9 11079 11117 11118 11080 10731
9 11080 11118 11119 11081 10732
9 11081 11119 11120 11082 10733
9 11082 11120 11121 11083 10734
9 11083 11121 11122 11084 10735
9 11084 11122 11123 11085 10736
9 11085 11123 11124 11086 10737
9 11086 11124 11125 11087 10738
9 11087 11125 11126 11088 10739
9 11088 11126 11127 11089 10740
9 11089 11127 11128 11090 10741
9 11090 11128 11129 11091 10742
9 11091 11129 11130 11092 10743
9 11092 11130 11131 11093 10744
9 11093 11131 11132 11094 10745
9 11094 11132 11133 11095 10746
9 11095 11133 11134 11096 10747
9 11096 11134 11135 11097 10748
9 11097 11135 11136 11098 10749
9 11098 11136 11137 11099 10750
9 11099 11137 11138 11100 10751
9 11100 11138 11139 11101 10752
9 11101 11139 11140 11102 10753
9 11102 11140 11141 11103 10754
9 11103 11141 11142 11104 10755
9 11104 11142 11143 11105 10756
9 11105 11143 11144 11106 10757
9 11106 11144 11145 11107 10758
9 11107 11145 11146 11108 10759
9 11108 11146 11147 11109 10760
9 11109 11147 11148 11110 10761
9 11110 11148 11149 11111 10762
9 11111 11149 9480 9479 10763
9 82 83 11150 11112 10764
9 11112 11150 11151 11113 10765
9 11113 11151 11152 11114 10766
9 11114 11152 11153 11115 10767
9 11115 11153 11154 11116 10768
9 11116 11154 11155 11117 10769
9 11117 11155 11156 11118 10770
9 11118 11156 11157 11119 10771
9 11119 11157 11158 11120 10772
9 11120 11158 11159 11121 10773
9 11121 11159 11160 11122 10774
9 11122 11160 11161 11123 10775
9 11123 11161 11162 11124 10776
9 11124 11162 11163 11125 10777
9 11125 11163 11164 11126 10778
9 11126 11164 11165 11127 10779
9 11127 11165 11166 11128 10780
9 11128 11166 11167 11129 10781
9 11129 11167 11168 11130 10782
9 11130 11168 11169 11131 10783
9 11131 11169 11170 11132 10784
9 11132 11170 11171 11133 10785
9 11133 11171 11172 11134 10786
9 11134 11172 11173 11135 10787
9 11135 11173 11174 11136 10788
9 11136 11174 11175 11137 10789
9 11137 11175 11176 11138 10790
9 11138 11176 11177 11139 10791
9 11139 11177 11178 11140 10792
9 11140 11178 11179 11141 10793
9 11141 11179 11180 11142 10794
9 11142 11180 11181 11143 10795
9 11143 11181 11182 11144 10796
9 11144 11182 11183 11145 10797
9 11145 11183 11184 11146 10798
9 11146 11184 11185 11147 10799
9 11147 11185 11186 11148 10800
9 11148 11186 11187 11149 10801
9 11149 11187 9481 9480 10802
9 83 84 11188 11150 10803
9 11150 11188 11189 11151 10804
9 11151 11189 11190 11152 10805
9 11152 11190 11191 11153 10806
9 11153 11191 11192 11154 10807
9 11154 11192 11193 11155 10808
9 11155 11193 11194 11156 10809
9 11156 11194 11195 11157 10810
9 11157 11195 11196 11158 10811
9 11158 11196 11197 11159 10812
9 11159 11197 11198 11160 10813
9 11160 11198 11199 11161 10814
9 11161 11199 11200 11162 10815
9 11162 11200 11201 11163 10816
9 11163 11201 11202 11164 10817
9 11164 11202 11203 11165 10818
9 11165 11203 11204 11166 10819
9 11166 11204 11205 11167 10820
9 11167 11205 11206 11168 10821
9 11168 11206 11207 11169 10822
9 11169 11207 11208 11170 10823
9 11170 11208 11209 11171 10824
9 11171 11209 11210 11172 10825
9 11172 11210 11211 11173 10826
9 11173 11211 11212 11174 10827
9 11174 11212 11213 11175 10828
9 11175 11213 11214 11176 10829
9 11176 11214 11215 11177 10830
9 11177 11215 11216 11178 10831
9 11178 11216 11217 11179 10832
9 11179 11217 11218 11180 10833
9 11180 11218 11219 11181 10834
9 11181 11219 11220 11182 10835
9 11182 11220 11221 11183 10836
9 11183 11221 11222 11184 10837
9 11184 11222 11223 11185 10838
9 11185 11223 11224 11186 10839
9 11186 11224 11225 11187 10840
9 11187 11225 9482 9481 10841
9 84 85 11226 11188 10842
9 11188 11226 11227 11189 10843
9 11189 11227 11228 11190 10844
9 11190 11228 11229 11191 10845
9 11191 11229 11230 11192 10846
9 11192 11230 11231 11193 10847
9 11193 11231 11232 11194 10848
9 11194 11232 11233 11195 10849
9 11195 11233 11234 11196 10850
9 11196 11234 11235 11197 10851
9 11197 11235 11236 11198 10852
9 11198 11236 11237 11199 10853
9 11199 11237 11238 11200 10854
9 11200 11238 11239 11201 10855
9 11201 11239 11240 11202 10856
9 11202 11240 11241 11203 10857
9 11203 11241 11242 11204 10858
9 11204 11242 11243 11205 10859
9 11205 11243 11244 11206 10860
9 11206 11244 11245 11207 10861
9 11207 11245 11246 11208 10862
9 11208 11246 11247 11209 10863
9 11209 11247 11248 11210 10864
9 11210 11248 11249 11211 10865
9 11211 11249 11250 11212 10866
9 11212 11250 11251 11213 10867
9 11213 11251 11252 11214 10868
9 11214 11252 11253 11215 10869
9 11215 11253 11254 11216 10870
9 11216 11254 11255 11217 10871
9 11217 11255 11256 11218 10872
9 11218 11256 11257 11219 10873
9 11219 11257 11258 11220 10874
9 11220 11258 11259 11221 10875
9 11221 11259 11260 11222 10876
9 11222 11260 11261 11223 10877
9 11223 11261 11262 11224 10878
9 11224 11262 11263 11225 10879
9 11225 11263 9483 9482 10880
9 85 86 11264 11226 10881
9 11226 11264 11265 11227 10882
9 11227 11265 11266 11228 10883
9 11228 11266 11267 11229 10884
9 11229 11267 11268 11230 10885
9 11230 11268 11269 11231 10886
9 11231 11269 11270 11232 10887
9 11232 11270 11271 11233 10888
9 11233 11271 11272 11234 10889
9 11234 11272 11273 11235 10890
9 11235 11273 11274 11236 10891
9 11236 11274 11275 11237 10892
9 11237 11275 11276 11238 10893
9 11238 11276 11277 11239 10894
9 11239 11277 11278 11240 10895
9 11240 11278 11279 11241 10896
9 11241 11279 11280 11242 10897
9 11242 11280 11281 11243 10898
9 11243 11281 11282 11244 10899
9 11244 11282 11283 11245 10900
9 11245 11283 11284 11246 10901
9 11246 11284 11285 11247 10902
9 11247 11285 11286 11248 10903
9 11248 11286 11287 11249 10904
9 11249 11287 11288 11250 10905
9 11250 11288 11289 11251 10906
9 11251 11289 11290 11252 10907
9 11252 11290 11291 11253 10908
9 11253 11291 11292 11254 10909
9 11254 11292 11293 11255 10910
9 11255 11293 11294 11256 10911
9 11256 11294 11295 11257 10912
9 11257 11295 11296 11258 10913
9 11258 11296 11297 11259 10914
9 11259 11297 11298 11260 10915
9 11260 11298 11299 11261 10916
9 11261 11299 11300 11262 10917
9 11262 11300 11301 11263 10918
9 11263 11301 9484 9483 10919
9 86 87 11302 11264 10920
9 11264 11302 11303 11265 10921
9 11265 11303 11304 11266 10922
9 11266 11304 11305 11267 10923
9 11267 11305 11306 11268 10924
9 11268 11306 11307 11269 10925
9 11269 11307 11308 11270 10926
9 11270 11308 11309 11271 10927
9 11271 11309 11310 11272 10928
9 11272 11310 11311 11273 10929
9 11273 11311 11312 11274 10930
9 11274 11312 11313 11275 10931
9 11275 11313 11314 11276 10932
9 11276 11314 11315 11277 10933
9 11277 11315 11316 11278 10934
9 11278 11316 11317 11279 10935
9 11279 11317 11318 11280 10936
9 11280 11318 11319 11281 10937
9 11281 11319 11320 11282 10938
9 11282 11320 11321 11283 10939
9 11283 11321 11322 11284 10940
9 11284 11322 11323 11285 10941
9 11285 11323 11324 11286 10942
9 11286 11324 11325 11287 10943
9 11287 11325 11326 11288 10944
9 11288 11326 11327 11289 10945
9 11289 11327 11328 11290 10946
9 11290 11328 11329 11291 10947
9 11291 11329 11330 11292 10948
9 11292 11330 11331 11293 10949
9 11293 11331 11332 11294 10950
9 11294 11332 11333 11295 10951
9 11295 11333 11334 11296 10952
9 11296 11334 11335 11297 10953
9 11297 11335 11336 11298 10954
9 11298 11336 11337 11299 10955
9 11299 11337 11338 11300 10956
9 11300 11338 11339 11301 10957
9 11301 11339 9485 9484 10958
9 87 88 11340 11302 10959
9 11302 11340 11341 11303 10960
9 11303 11341 11342 11304 10961
9 11304 11342 11343 11305 10962
9 11305 11343 11344 11306 10963
9 11306 11344 11345 11307 10964
9 11307 11345 11346 11308 10965
9 11308 11346 11347 11309 10966
9 11309 11347 11348 11310 10967
9 11310 11348 11349 11311 10968
9 11311 11349 11350 11312 10969
9 11312 11350 11351 11313 10970
9 11313 11351 11352 11314 10971
9 11314 11352 11353 11315 10972
9 11315 11353 11354 11316 10973
9 11316 11354 11355 11317 10974
9 11317 11355 11356 11318 10975
9 11318 11356 11357 11319 10976
9 11319 11357 11358 11320 10977
9 11320 11358 11359 11321 10978
9 11321 11359 11360 11322 10979
9 11322 11360 11361 11323 10980
9 11323 11361 11362 11324 10981
9 11324 11362 11363 11325 10982
9 11325 11363 11364 11326 10983
9 11326 11364 11365 11327 10984
9 11327 11365 11366 11328 10985
9 11328 11366 11367 11329 10986
9 11329 11367 11368 11330 10987
9 11330 11368 11369 11331 10988
9 11331 11369 11370 11332 10989
9 11332 11370 11371 11333 10990
9 11333 11371 11372 11334 10991
9 11334 11372 11373 11335 10992
9 11335 11373 11374 11336 10993
9 11336 11374 11375 11337 10994
9 11337 11375 11376 11338 10995
9 11338 11376 11377 11339 10996
9 11339 11377 9486 9485 10997
9 88 89 11378 11340 10998
9 11340 11378 11379 11341 10999
9 11341 11379 11380 11342 11000
9 11342 11380 11381 11343 11001
9 11343 11381 11382 11344 11002
9 11344 11382 11383 11345 11003
9 11345 11383 11384 11346 11004
9 11346 11384 11385 11347 11005
9 11347 11385 11386 11348 11006
9 11348 11386 11387 11349 11007
9 11349 11387 11388 11350 11008
9 11350 11388 11389 11351 11009
9 11351 11389 11390 11352 11010
9 11352 11390 11391 11353 11011
9 11353 11391 11392 11354 11012
9 11354 11392 11393 11355 11013
9 11355 11393 11394 11356 11014
9 11356 11394 11395 11357 11015
9 11357 11395 11396 11358 11016
9 11358 11396 11397 11359 11017
9 11359 11397 11398 11360 11018
9 11360 11398 11399 11361 11019
9 11361 11399 11400 11362 11020
9 11362 11400 11401 11363 11021
9 11363 11401 11402 11364 11022
9 11364 11402 11403 11365 11023
9 11365 11403 11404 11366 11024
9 11366 11404 11405 11367 11025
9 11367 11405 11406 11368 11026
9 11368 11406 11407 11369 11027
9 11369 11407 11408 11370 11028
9 11370 11408 11409 11371 11029
9 11371 11409 11410 11372 11030
9 11372 11410 11411 11373 11031
9 11373 11411 11412 11374 11032
9 11374 11412 11413 11375 11033
9 11375 11413 11414 11376 11034
9 11376 11414 11415 11377 11035
9 11377 11415 9487 9486 11036
9 89 90 11416 11378 11037
9 11378 11416 11417 11379 11038
9 11379 11417 11418 11380 11039
9 11380 11418 11419 11381 11040
9 11381 11419 11420 11382 11041
9 11382 11420 11421 11383 11042
9 11383 11421 11422 11384 11043
9 11384 11422 11423 11385 11044
9 11385 11423 11424 11386 11045
9 11386 11424 11425 11387 11046
9 11387 11425 11426 11388 11047
9 11388 11426 11427 11389 11048
9 11389 11427 11428 11390 11049
9 11390 11428 11429 11391 11050
9 11391 11429 11430 11392 11051
9 11392 11430 11431 11393 11052
9 11393 11431 11432 11394 11053
9 11394 11432 11433 11395 11054
9 11395 11433 11434 11396 11055
9 11396 11434 11435 11397 11056
9 11397 11435 11436 11398 11057
9 11398 11436 11437 11399 11058
9 11399 11437 11438 11400 11059
9 11400 11438 11439 11401 11060
9 11401 11439 11440 11402 11061
9 11402 11440 11441 11403 11062
9 11403 11441 11442 11404 11063
9 11404 11442 11443 11405 11064
9 11405 11443 11444 11406 11065
9 11406 11444 11445 11407 11066
9 11407 11445 11446 11408 11067
9 11408 11446 11447 11409 11068
9 11409 11447 11448 11410 11069
9 11410 11448 11449 11411 11070
9 11411 11449 11450 11412 11071
9 11412 11450 11451 11413 11072
9 11413 11451 11452 11414 11073
9 11414 11452 11453 11415 11074
9 11415 11453 9488 9487 11075
9 90 91 11454 11416 11076
9 11416 11454 11455 11417 11077
9 11417 11455 11456 11418 11078
9 11418 11456 11457 11419 11079
9 11419 11457 11458 11420 11080
9 11420 11458 11459 11421 11081
9 11421 11459 11460 11422 11082
9 11422 11460 11461 11423 11083
9 11423 11461 11462 11424 11084
9 11424 11462 11463 11425 11085
9 11425 11463 11464 11426 11086
9 11426 11464 11465 11427 11087
9 11427 11465 11466 11428 11088
9 11428 11466 11467 11429 11089
9 11429 11467 11468 11430 11090
9 11430 11468 11469 11431 11091
9 11431 11469 11470 11432 11092
9 11432 11470 11471 11433 11093
9 11433 11471 11472 11434 11094
9 11434 11472 11473 11435 11095
9 11435 11473 11474 11436 11096
9 11436 11474 11475 11437 11097
9 11437 11475 11476 11438 11098
9 11438 11476 11477 11439 11099
9 11439 11477 11478 11440 11100
9 11440 11478 11479 11441 11101
9 11441 11479 11480 11442 11102
9 11442 11480 11481 11443 11103
9 11443 11481 11482 11444 11104
9 11444 11482 11483 11445 11105
9 11445 11483 11484 11446 11106
9 11446 11484 11485 11447 11107
9 11447 11485 11486 11448 11108
9 11448 11486 11487 11449 11109
9 11449 11487 11488 11450 11110
9 11450 11488 11489 11451 11111
9 11451 11489 11490 11452 11112
9 11452 11490 11491 11453 11113
9 11453 11491 9489 9488 11114
9 91 92 11492 11454 11115
9 11454 11492 11493 11455 11116
9 11455 11493 11494 11456 11117
9 11456 11494 11495 11457 11118
9 11457 11495 11496 11458 11119
9 11458 11496 11497 11459 11120
9 11459 11497 11498 11460 11121
9 11460 11498 11499 11461 11122
9 11461 11499 11500 11462 11123
9 11462 11500 11501 11463 11124
9 11463 11501 11502 11464 11125
9 11464 11502 11503 11465 11126
9 11465 11503 11504 11466 11127
9 11466 11504 11505 11467 11128
9 11467 11505 11506 11468 11129
9 11468 11506 11507 11469 11130
9 11469 11507 11508 11470 11131
9 11470 11508 11509 11471 11132
9 11471 11509 11510 11472 11133
9 11472 11510 11511 11473 11134
9 11473 11511 11512 11474 11135
9 11474 11512 11513 11475 11136
9 11475 11513 11514 11476 11137
9 11476 11514 11515 11477 11138
9 11477 11515 11516 11478 11139
9 11478 11516 11517 11479 11140
9 11479 11517 11518 11480 11141
9 11480 11518 11519 11481 11142
9 11481 11519 11520 11482 11143
9 11482 11520 11521 11483 11144
9 11483 11521 11522 11484 11145
9 11484 11522 11523 11485 11146
9 11485 11523 11524 11486 11147
9 11486 11524 11525 11487 11148
9 11487 11525 11526 11488 11149
9 11488 11526 11527 11489 11150
9 11489 11527 11528 11490 11151
9 11490 11528 11529 11491 11152
9 11491 11529 9490 9489 11153
9 92 93 11530 11492 11154
9 11492 11530 11531 11493 11155
9 11493 11531 11532 11494 11156
9 11494 11532 11533 11495 11157
9 11495 11533 11534 11496 11158
9 11496 11534 11535 11497 11159
9 11497 11535 11536 11498 11160
9 11498 11536 11537 11499 11161
9 11499 11537 11538 11500 11162
9 11500 11538 11539 11501 11163
9 11501 11539 11540 11502 11164
9 11502 11540 11541 11503 11165
9 11503 11541 11542 11504 11166
9 11504 11542 11543 11505 11167
9 11505 11543 11544 11506 11168
9 11506 11544 11545 11507 11169
9 11507 11545 11546 11508 11170
9 11508 11546 11547 11509 11171
9 11509 11547 11548 11510 11172
9 11510 11548 11549 11511 11173
9 11511 11549 11550 11512 11174
9 11512 11550 11551 11513 11175
9 11513 11551 11552 11514 11176
9 11514 11552 11553 11515 11177
9 11515 11553 11554 11516 11178
9 11516 11554 11555 11517 11179
9 11517 11555 11556 11518 11180
9 11518 11556 11557 11519 11181
9 11519 11557 11558 11520 11182
9 11520 11558 11559 11521 11183
9 11521 11559 11560 11522 11184
9 11522 11560 11561 11523 11185
9 11523 11561 11562 11524 11186
9 11524 11562 11563 11525 11187
9 11525 11563 11564 11526 11188
9 11526 11564 11565 11527 11189
9 11527 11565 11566 11528 11190
9 11528 11566 11567 11529 11191
9 11529 11567 9491 9490 11192
9 93 94 11568 11530 11193
9 11530 11568 11569 11531 11194
9 11531 11569 11570 11532 11195
9 11532 11570 11571 11533 11196
9 11533 11571 11572 11534 11197
9 11534 11572 11573 11535 11198
9 11535 11573 11574 11536 11199
9 11536 11574 11575 11537 11200
9 11537 11575 11576 11538 11201
9 11538 11576 11577 11539 11202
9 11539 11577 11578 11540 11203
9 11540 11578 11579 11541 11204
9 11541 11579 11580 11542 11205
9 11542 11580 11581 11543 11206
9 11543 11581 11582 11544 11207
9 11544 11582 11583 11545 11208
9 11545 11583 11584 11546 11209
9 11546 11584 11585 11547 11210
9 11547 11585 11586 11548 11211
9 11548 11586 11587 11549 11212
9 11549 11587 11588 11550 11213
9 11550 11588 11589 11551 11214
9 11551 11589 11590 11552 11215
9 11552 11590 11591 11553 11216
9 11553 11591 11592 11554 11217
9 11554 11592 11593 11555 11218
9 11555 11593 11594 11556 11219
9 11556 11594 11595 11557 11220
9 11557 11595 11596 11558 11221
9 11558 11596 11597 11559 11222
9 11559 11597 11598 11560 11223
9 11560 11598 11599 11561 11224
9 11561 11599 11600 11562 11225
9 11562 11600 11601 11563 11226
9 11563 11601 11602 11564 11227
9 11564 11602 11603 11565 11228
9 11565 11603 11604 11566 11229
9 11566 11604 11605 11567 11230
9 11567 11605 9492 9491 11231
9 94 95 11606 11568 11232
9 11568 11606 11607 11569 11233
9 11569 11607 11608 11570 11234
9 11570 11608 11609 11571 11235
9 11571 11609 11610 11572 11236
9 11572 11610 11611 11573 11237
9 11573 11611 11612 11574 11238
9 11574 11612 11613 11575 11239
9 11575 11613 11614 11576 11240
9 11576 11614 11615 11577 11241
9 11577 11615 11616 11578 11242
9 11578 11616 11617 11579 11243
9 11579 11617 11618 11580 11244
9 11580 11618 11619 11581 11245
9 11581 11619 11620 11582 11246
9 11582 11620 11621 11583 11247
9 11583 11621 11622 11584 11248
9 11584 11622 11623 11585 11249
9 11585 11623 11624 11586 11250
9 11586 11624 11625 11587 11251
9 11587 11625 11626 11588 11252
9 11588 11626 11627 11589 11253
9 11589 11627 11628 11590 11254
9 11590 11628 11629 11591 11255
9 11591 11629 11630 11592 11256
9 11592 11630 11631 11593 11257
9 11593 11631 11632 11594 11258
9 11594 11632 11633 11595 11259
9 11595 11633 11634 11596 11260
9 11596 11634 11635 11597 11261
9 11597 11635 11636 11598 11262
9 11598 11636 11637 11599 11263
9 11599 11637 11638 11600 11264
9 11600 11638 11639 11601 11265
9 11601 11639 11640 11602 11266
9 11602 11640 11641 11603 11267
9 11603 11641 11642 11604 11268
9 11604 11642 11643 11605 11269
9 11605 11643 9493 9492 11270
9 95 96 11644 11606 11271
9 11606 11644 11645 11607 11272
9 11607 11645 11646 11608 11273
9 11608 11646 11647 11609 11274
9 11609 11647 11648 11610 11275
9 11610 11648 11649 11611 11276
9 11611 11649 11650 11612 11277
9 11612 11650 11651 11613 11278
9 11613 11651 11652 11614 11279
9 11614 11652 11653 11615 11280
9 11615 11653 11654 11616 11281
9 11616 11654 11655 11617 11282
9 11617 11655 11656 11618 11283
9 11618 11656 11657 11619 11284
9 11619 11657 11658 11620 11285
9 11620 11658 11659 11621 11286
9 11621 11659 11660 11622 11287
9 11622 11660 11661 11623 11288
9 11623 11661 11662 11624 11289
9 11624 11662 11663 11625 11290
9 11625 11663 11664 11626 11291
9 11626 11664 11665 11627 11292
9 11627 11665 11666 11628 11293
9 11628 11666 11667 11629 11294
9 11629 11667 11668 11630 11295
9 11630 11668 11669 11631 11296
9 11631 11669 11670 11632 11297
9 11632 11670 11671 11633 11298
9 11633 11671 11672 11634 11299
9 11634 11672 11673 11635 11300
9 11635 11673 11674 11636 11301
9 11636 11674 11675 11637 11302
9 11637 11675 11676 11638 11303
9 11638 11676 11677 11639 11304
9 11639 11677 11678 11640 11305
9 11640 11678 11679 11641 11306
9 11641 11679 11680 11642 11307
9 11642 11680 11681 11643 11308
9 11643 11681 9494 9493 11309
9 96 97 11682 11644 11310
9 11644 11682 11683 11645 11311
9 11645 11683 11684 11646 11312
9 11646 11684 11685 11647 11313
9 11647 11685 11686 11648 11314
9 11648 11686 11687 11649 11315
9 11649 11687 11688 11650 11316
9 11650 11688 11689 11651 11317
9 11651 11689 11690 11652 11318
9 11652 11690 11691 11653 11319
9 11653 11691 11692 11654 11320
9 11654 11692 11693 11655 11321
9 11655 11693 11694 11656 11322
9 11656 11694 11695 11657 11323
9 11657 11695 11696 11658 11324
9 11658 11696 11697 11659 11325
9 11659 11697 11698 11660 11326
9 11660 11698 11699 11661 11327
9 11661 11699 11700 11662 11328
9 11662 11700 11701 11663 11329
9 11663 11701 11702 11664 11330
9 11664 11702 11703 11665 11331
9 11665 11703 11704 11666 11332
9 11666 11704 11705 11667 11333
9 11667 11705 11706 11668 11334
9 11668 11706 11707 11669 11335
9 11669 11707 11708 11670 11336
9 11670 11708 11709 11671 11337
9 11671 11709 11710 11672 11338
9 11672 11710 11711 11673 11339
9 11673 11711 11712 11674 11340
9 11674 11712 11713 11675 11341
9 11675 11713 11714 11676 11342
9 11676 11714 11715 11677 11343
9 11677 11715 11716 11678 11344
9 11678 11716 11717 11679 11345
9 11679 11717 11718 11680 11346
9 11680 11718 11719 11681 11347
9 11681 11719 9495 9494 11348
9 97 98 11720 11682 11349
9 11682 11720 11721 11683 11350
9 11683 11721 11722 11684 11351
9 11684 11722 11723 11685 11352
9 11685 11723 11724 11686 11353
9 11686 11724 11725 11687 11354
9 11687 11725 11726 11688 11355
9 11688 11726 11727 11689 11356
9 11689 11727 11728 11690 11357
9 11690 11728 11729 11691 11358
9 11691 11729 11730 11692 11359
9 11692 11730 11731 11693 11360
9 11693 11731 11732 11694 11361
9 11694 11732 11733 11695 11362
9 11695 11733 11734 11696 11363
9 11696 11734 11735 11697 11364
9 11697 11735 11736 11698 11365
9 11698 11736 11737 11699 11366
9 11699 11737 11738 11700 11367
9 11700 11738 11739 11701 11368
9 11701 11739 11740 11702 11369
9 11702 11740 11741 11703 11370
9 11703 11741 11742 11704 11371
9 11704 11742 11743 11705 11372
9 11705 11743 11744 11706 11373
9 11706 11744 11745 11707 11374
9 11707 11745 11746 11708 11375
9 11708 11746 11747 11709 11376
9 11709 11747 11748 11710 11377
9 11710 11748 11749 11711 11378
9 11711 11749 11750 11712 11379
9 11712 11750 11751 11713 11380
9 11713 11751 11752 11714 11381
9 11714 11752 11753 11715 11382
9 11715 11753 11754 11716 11383
9 11716 11754 11755 11717 11384
9 11717 11755 11756 11718 11385
9 11718 11756 11757 11719 11386
9 11719 11757 9496 9495 11387
9 98 99 11758 11720 11388
9 11720 11758 11759 11721 11389
9 11721 11759 11760 11722 11390
9 11722 11760 11761 11723 11391
9 11723 11761 11762 11724 11392
9 11724 11762 11763 11725 11393
9 11725 11763 11764 11726 11394
9 11726 11764 11765 11727 11395
9 11727 11765 11766 11728 11396
9 11728 11766 11767 11729 11397
9 11729 11767 11768 11730 11398
9 11730 11768 11769 11731 11399
9 11731 11769 11770 11732 11400
9 11732 11770 11771 11733 11401
9 11733 11771 11772 11734 11402
9 11734 11772 11773 11735 11403
9 11735 11773 11774 11736 11404
9 11736 11774 11775 11737 11405
9 11737 11775 11776 11738 11406
9 11738 11776 11777 11739 11407
9 11739 11777 11778 11740 11408
9 11740 11778 11779 11741 11409
9 11741 11779 11780 11742 11410
9 11742 11780 11781 11743 11411
9 11743 11781 11782 11744 11412
9 11744 11782 11783 11745 11413
9 11745 11783 11784 11746 11414
9 11746 11784 11785 11747 11415
9 11747 11785 11786 11748 11416
9 11748 11786 11787 11749 11417
9 11749 11787 11788 11750 11418
9 11750 11788 11789 11751 11419
9 11751 11789 11790 11752 11420
9 11752 11790 11791 11753 11421
9 11753 11791 11792 11754 11422
9 11754 11792 11793 11755 11423
9 11755 11793 11794 11756 11424
9 11756 11794 11795 11757 11425
9 11757 11795 9497 9496 11426
9 99 100 11796 11758 11427
9 11758 11796 11797 11759 11428
9 11759 11797 11798 11760 11429
9 11760 11798 11799 11761 11430
9 11761 11799 11800 11762 11431
9 11762 11800 11801 11763 11432
9 11763 11801 11802 11764 11433
9 11764 11802 11803 11765 11434
9 11765 11803 11804 11766 11435
9 11766 11804 11805 11767 11436
9 11767 11805 11806 11768 11437
9 11768 11806 11807 11769 11438
9 11769 11807 11808 11770 11439
9 11770 11808 11809 11771 11440
9 11771 11809 11810 11772 11441
9 11772 11810 11811 11773 11442
9 11773 11811 11812 11774 11443
9 11774 11812 11813 11775 11444
9 11775 11813 11814 11776 11445
9 11776 11814 11815 11777 11446
9 11777 11815 11816 11778 11447
9 11778 11816 11817 11779 11448
9 11779 11817 11818 11780 11449
9 11780 11818 11819 11781 11450
9 11781 11819 11820 11782 11451
9 11782 11820 11821 11783 11452
9 11783 11821 11822 11784 11453
9 11784 11822 11823 11785 11454
9 11785 11823 11824 11786 11455
9 11786 11824 11825 11787 11456
9 11787 11825 11826 11788 11457
9 11788 11826 11827 11789 11458
9 11789 11827 11828 11790 11459
9 11790 11828 11829 11791 11460
9 11791 11829 11830 11792 11461
9 11792 11830 11831 11793 11462
9 11793 11831 11832 11794 11463
9 11794 11832 11833 11795 11464
9 11795 11833 9498 9497 11465
9 100 101 11834 11796 11466
9 11796 11834 11835 11797 11467
9 11797 11835 11836 11798 11468
9 11798 11836 11837 11799 11469
9 11799 11837 11838 11800 11470
9 11800 11838 11839 11801 11471
9 11801 11839 11840 11802 11472
9 11802 11840 11841 11803 11473
9 11803 11841 11842 11804 11474
9 11804 11842 11843 11805 11475
9 11805 11843 11844 11806 11476
9 11806 11844 11845 11807 11477
9 11807 11845 11846 11808 11478
9 11808 11846 11847 11809 11479
9 11809 11847 11848 11810 11480
9 11810 11848 11849 11811 11481
9 11811 11849 11850 11812 11482
9 11812 11850 11851 11813 11483
9 11813 11851 11852 11814 11484
9 11814 11852 11853 11815 11485
9 11815 11853 11854 11816 11486
9 11816 11854 11855 11817 11487
9 11817 11855 11856 11818 11488
9 11818 11856 11857 11819 11489
9 11819 11857 11858 11820 11490
9 11820 11858 11859 11821 11491
9 11821 11859 11860 11822 11492
9 11822 11860 11861 11823 11493
9 11823 11861 11862 11824 11494
9 11824 11862 11863 11825 11495
9 11825 11863 11864 11826 11496
9 11826 11864 11865 11827 11497
9 11827 11865 11866 11828 11498
9 11828 11866 11867 11829 11499
9 11829 11867 11868 11830 11500
9 11830 11868 11869 11831 11501
9 11831 11869 11870 11832 11502
9 11832 11870 11871 11833 11503
9 11833 11871 9499 9498 11504
9 101 102 11872 11834 11505
9 11834 11872 11873 11835 11506
9 11835 11873 11874 11836 11507
9 11836 11874 11875 11837 11508
9 11837 11875 11876 11838 11509
9 11838 11876 11877 11839 11510
9 11839 11877 11878 11840 11511
9 11840 11878 11879 11841 11512
9 11841 11879 11880 11842 11513
9 11842 11880 11881 11843 11514
9 11843 11881 11882 11844 11515
9 11844 11882 11883 11845 11516
9 11845 11883 11884 11846 11517
9 11846 11884 11885 11847 11518
9 11847 11885 11886 11848 11519
9 11848 11886 11887 11849 11520
9 11849 11887 11888 11850 11521
9 11850 11888 11889 11851 11522
9 11851 11889 11890 11852 11523
9 11852 11890 11891 11853 11524
9 11853 11891 11892 11854 11525
9 11854 11892 11893 11855 11526
9 11855 11893 11894 11856 11527
9 11856 11894 11895 11857 11528
9 11857 11895 11896 11858 11529
9 11858 11896 11897 11859 11530
9 11859 11897 11898 11860 11531
9 11860 11898 11899 11861 11532
9 11861 11899 11900 11862 11533
9 11862 11900 11901 11863 11534
9 11863 11901 11902 11864 11535
9 11864 11902 11903 11865 11536
9 11865 11903 11904 11866 11537
9 11866 11904 11905 11867 11538
9 11867 11905 11906 11868 11539
9 11868 11906 11907 11869 11540
9 11869 11907 11908 11870 11541
9 11870 11908 11909 11871 11542
9 11871 11909 9500 9499 11543
9 102 103 11910 11872 11544
9 11872 11910 11911 11873 11545
9 11873 11911 11912 11874 11546
9 11874 11912 11913 11875 11547
9 11875 11913 11914 11876 11548
9 11876 11914 11915 11877 11549
9 11877 11915 11916 11878 11550
9 11878 11916 11917 11879 11551
9 11879 11917 11918 11880 11552
9 11880 11918 11919 11881 11553
9 11881 11919 11920 11882 11554
9 11882 11920 11921 11883 11555
9 11883 11921 11922 11884 11556
9 11884 11922 11923 11885 11557
9 11885 11923 11924 11886 11558
9 11886 11924 11925 11887 11559
9 11887 11925 11926 11888 11560
9 11888 11926 11927 11889 11561
9 11889 11927 11928 11890 11562
9 11890 11928 11929 11891 11563
9 11891 11929 11930 11892 11564
9 11892 11930 11931 11893 11565
9 11893 11931 11932 11894 11566
9 11894 11932 11933 11895 11567
9 11895 11933 11934 11896 11568
9 11896 11934 11935 11897 11569
9 11897 11935 11936 11898 11570
9 11898 11936 11937 11899 11571
9 11899 11937 11938 11900 11572
9 11900 11938 11939 11901 11573
9 11901 11939 11940 11902 11574
9 11902 11940 11941 11903 11575
9 11903 11941 11942 11904 11576
9 11904 11942 11943 11905 11577
9 11905 11943 11944 11906 11578
9 11906 11944 11945 11907 11579
9 11907 11945 11946 11908 11580
9 11908 11946 11947 11909 11581
9 11909 11947 9501 9500 11582
9 103 104 11948 11910 11583
9 11910 11948 11949 11911 11584
9 11911 11949 11950 11912 11585
9 11912 11950 11951 11913 11586
9 11913 11951 11952 11914 11587
9 11914 11952 11953 11915 11588
9 11915 11953 11954 11916 11589
9 11916 11954 11955 11917 11590
9 11917 11955 11956 11918 11591
9 11918 11956 11957 11919 11592
9 11919 11957 11958 11920 11593
9 11920 11958 11959 11921 11594
9 11921 11959 11960 11922 11595
9 11922 11960 11961 11923 11596
9 11923 11961 11962 11924 11597
9 11924 11962 11963 11925 11598
9 11925 11963 11964 11926 11599
9 11926 11964 11965 11927 11600
9 11927 11965 11966 11928 11601
9 11928 11966 11967 11929 11602
9 11929 11967 11968 11930 11603
9 11930 11968 11969 11931 11604
9 11931 11969 11970 11932 11605
9 11932 11970 11971 11933 11606
9 11933 11971 11972 11934 11607
9 11934 11972 11973 11935 11608
9 11935 11973 11974 11936 11609
9 11936 11974 11975 11937 11610
9 11937 11975 11976 11938 11611
9 11938 11976 11977 11939 11612
9 11939 11977 11978 11940 11613
9 11940 11978 11979 11941 11614
9 11941 11979 11980 11942 11615
9 11942 11980 11981 11943 11616
9 11943 11981 11982 11944 11617
9 11944 11982 11983 11945 11618
9 11945 11983 11984 11946 11619
9 11946 11984 11985 11947 11620
9 11947 11985 9502 9501 11621
9 104 105 11986 11948 11622
9 11948 11986 11987 11949 11623
9 11949 11987 11988 11950 11624
9 11950 11988 11989 11951 11625
9 11951 11989 11990 11952 11626
9 11952 11990 11991 11953 11627
9 11953 11991 11992 11954 11628
9 11954 11992 11993 11955 11629
9 11955 11993 11994 11956 11630
9 11956 11994 11995 11957 11631
9 11957 11995 11996 11958 11632
9 11958 11996 11997 11959 11633
9 11959 11997 11998 11960 11634
9 11960 11998 11999 11961 11635
9 11961 11999 12000 11962 11636
9 11962 12000 12001 11963 11637
9 11963 12001 12002 11964 11638
9 11964 12002 12003 11965 11639
9 11965 12003 12004 11966 11640
9 11966 12004 12005 11967 11641
9 11967 12005 12006 11968 11642
9 11968 12006 12007 11969 11643
9 11969 12007 12008 11970 11644
9 11970 12008 12009 11971 11645
9 11971 12009 12010 11972 11646
9 11972 12010 12011 11973 11647
9 11973 12011 12012 11974 11648
9 11974 12012 12013 11975 11649
9 11975 12013 12014 11976 11650
9 11976 12014 12015 11977 11651
9 11977 12015 12016 11978 11652
9 11978 12016 12017 11979 11653
9 11979 12017 12018 11980 11654
9 11980 12018 12019 11981 11655
9 11981 12019 12020 11982 11656
9 11982 12020 12021 11983 11657
9 11983 12021 12022 11984 11658
9 11984 12022 12023 11985 11659
9 11985 12023 9503 9502 11660
9 105 106 12024 11986 11661
9 11986 12024 12025 11987 11662
9 11987 12025 12026 11988 11663
9 11988 12026 12027 11989 11664
9 11989 12027 12028 11990 11665
9 11990 12028 12029 11991 11666
9 11991 12029 12030 11992 11667
9 11992 12030 12031 11993 11668
9 11993 12031 12032 11994 11669
9 11994 12032 12033 11995 11670
9 11995 12033 12034 11996 11671
9 11996 12034 12035 11997 11672
9 11997 12035 12036 11998 11673
9 11998 12036 12037 11999 11674
9 11999 12037 12038 12000 11675
9 12000 12038 12039 12001 11676
9 12001 12039 12040 12002 11677
9 12002 12040 12041 12003 11678
9 12003 12041 12042 12004 11679
9 12004 12042 12043 12005 11680
9 12005 12043 12044 12006 11681
9 12006 12044 12045 12007 11682
9 12007 12045 12046 12008 11683
9 12008 12046 12047 12009 11684
9 12009 12047 12048 12010 11685
9 12010 12048 12049 12011 11686
9 12011 12049 12050 12012 11687
9 12012 12050 12051 12013 11688
9 12013 12051 12052 12014 11689
9 12014 12052 12053 12015 11690
9 12015 12053 12054 12016 11691
9 12016 12054 12055 12017 11692
9 12017 12055 12056 12018 11693
9 12018 12056 12057 12019 11694
9 12019 12057 12058 12020 11695
9 12020 12058 12059 12021 11696
9 12021 12059 12060 12022 11697
9 12022 12060 12061 12023 11698
9 12023 12061 9504 9503 11699
9 106 107 12062 12024 11700
9 12024 12062 12063 12025 11701
9 12025 12063 12064 12026 11702
9 12026 12064 12065 12027 11703
9 12027 12065 12066 12028 11704
9 12028 12066 12067 12029 11705
9 12029 12067 12068 12030 11706
9 12030 12068 12069 12031 11707
9 12031 12069 12070 12032 11708
9 12032 12070 12071 12033 11709
9 12033 12071 12072 12034 11710
9 12034 12072 12073 12035 11711
9 12035 12073 12074 12036 11712
9 12036 12074 12075 12037 11713
9 12037 12075 12076 12038 11714
9 12038 12076 12077 12039 11715
9 12039 12077 12078 12040 11716
9 12040 12078 12079 12041 11717
9 12041 12079 12080 12042 11718
9 12042 12080 12081 12043 11719
9 12043 12081 12082 12044 11720
9 12044 12082 12083 12045 11721
9 12045 12083 12084 12046 11722
9 12046 12084 12085 12047 11723
9 12047 12085 12086 12048 11724
9 12048 12086 12087 12049 11725
9 12049 12087 12088 12050 11726
9 12050 12088 12089 12051 11727
9 12051 12089 12090 12052 11728
9 12052 12090 12091 12053 11729
9 12053 12091 12092 12054 11730
9 12054 12092 12093 12055 11731
9 12055 12093 12094 12056 11732
9 12056 12094 12095 12057 11733
9 12057 12095 12096 12058 11734
9 12058 12096 12097 12059 11735
9 12059 12097 12098 12060 11736
9 12060 12098 12099 12061 11737
9 12061 12099 9505 9504 11738
9 107 108 12100 12062 11739
9 12062 12100 12101 12063 11740
9 12063 12101 12102 12064 11741
9 12064 12102 12103 12065 11742
9 12065 12103 12104 12066 11743
9 12066 12104 12105 12067 11744
9 12067 12105 12106 12068 11745
9 12068 12106 12107 12069 11746
9 12069 12107 12108 12070 11747
9 12070 12108 12109 12071 11748
9 12071 12109 12110 12072 11749
9 12072 12110 12111 12073 11750
9 12073 12111 12112 12074 11751
9 12074 12112 12113 12075 11752
9 12075 12113 12114 12076 11753
9 12076 12114 12115 12077 11754
9 12077 12115 12116 12078 11755
9 12078 12116 12117 12079 11756
9 12079 12117 12118 12080 11757
9 12080 12118 12119 12081 11758
9 12081 12119 12120 12082 11759
9 12082 12120 12121 12083 11760
9 12083 12121 12122 12084 11761
9 12084 12122 12123 12085 11762
9 12085 12123 12124 12086 11763
9 12086 12124 12125 12087 11764
9 12087 12125 12126 12088 11765
9 12088 12126 12127 12089 11766
9 12089 12127 12128 12090 11767
9 12090 12128 12129 12091 11768
9 12091 12129 12130 12092 11769
9 12092 12130 12131 12093 11770
9 12093 12131 12132 12094 11771
9 12094 12132 12133 12095 11772
9 12095 12133 12134 12096 11773
9 12096 12134 12135 12097 11774
9 12097 12135 12136 12098 11775
9 12098 12136 12137 12099 11776
9 12099 12137 9506 9505 11777
9 108 109 12138 12100 11778
9 12100 12138 12139 12101 11779
9 12101 12139 12140 12102 11780
9 12102 12140 12141 12103 11781
9 12103 12141 12142 12104 11782
9 12104 12142 12143 12105 11783
9 12105 12143 12144 12106 11784
9 12106 12144 12145 12107 11785
9 12107 12145 12146 12108 11786
9 12108 12146 12147 12109 11787
9 12109 12147 12148 12110 11788
9 12110 12148 12149 12111 11789
9 12111 12149 12150 12112 11790
9 12112 12150 12151 12113 11791
9 12113 12151 12152 12114 11792
9 12114 12152 12153 12115 11793
9 12115 12153 12154 12116 11794
9 12116 12154 12155 12117 11795
9 12117 12155 12156 12118 11796
9 12118 12156 12157 12119 11797
9 12119 12157 12158 12120 11798
9 12120 12158 12159 12121 11799
9 12121 12159 12160 12122 11800
9 12122 12160 12161 12123 11801
9 12123 12161 12162 12124 11802
9 12124 12162 12163 12125 11803
9 12125 12163 12164 12126 11804
9 12126 12164 12165 12127 11805
9 12127 12165 12166 12128 11806
9 12128 12166 12167 12129 11807
9 12129 12167 12168 12130 11808
9 12130 12168 12169 12131 11809
9 12131 12169 12170 12132 11810
9 12132 12170 12171 12133 11811
9 12133 12171 12172 12134 11812
9 12134 12172 12173 12135 11813
9 12135 12173 12174 12136 11814
9 12136 12174 12175 12137 11815
9 12137 12175 9507 9506 11816
9 109 110 12176 12138 11817
9 12138 12176 12177 12139 11818
9 12139 12177 12178 12140 11819
9 12140 12178 12179 12141 11820
9 12141 12179 12180 12142 11821
9 12142 12180 12181 12143 11822
9 12143 12181 12182 12144 11823
9 12144 12182 12183 12145 11824
9 12145 12183 12184 12146 11825
9 12146 12184 12185 12147 11826
9 12147 12185 12186 12148 11827
9 12148 12186 12187 12149 11828
9 12149 12187 12188 12150 11829
9 12150 12188 12189 12151 11830
9 12151 12189 12190 12152 11831
9 12152 12190 12191 12153 11832
9 12153 12191 12192 12154 11833
9 12154 12192 12193 12155 11834
9 12155 12193 12194 12156 11835
9 12156 12194 12195 12157 11836
9 12157 12195 12196 12158 11837
9 12158 12196 12197 12159 11838
9 12159 12197 12198 12160 11839
9 12160 12198 12199 12161 11840
9 12161 12199 12200 12162 11841
9 12162 12200 12201 12163 11842
9 12163 12201 12202 12164 11843
9 12164 12202 12203 12165 11844
9 12165 12203 12204 12166 11845
9 12166 12204 12205 12167 11846
9 12167 12205 12206 12168 11847
9 12168 12206 12207 12169 11848
9 12169 12207 12208 12170 11849
9 12170 12208 12209 12171 11850
9 12171 12209 12210 12172 11851
9 12172 12210 12211 12173 11852
9 12173 12211 12212 12174 11853
9 12174 12212 12213 12175 11854
9 12175 12213 9508 9507 11855
9 110 111 12214 12176 11856
9 12176 12214 12215 12177 11857
9 12177 12215 12216 12178 11858
9 12178 12216 12217 12179 11859
9 12179 12217 12218 12180 11860
9 12180 12218 12219 12181 11861
9 12181 12219 12220 12182 11862
9 12182 12220 12221 12183 11863
9 12183 12221 12222 12184 11864
9 12184 12222 12223 12185 11865
9 12185 12223 12224 12186 11866
9 12186 12224 12225 12187 11867
9 12187 12225 12226 12188 11868
9 12188 12226 12227 12189 11869
9 12189 12227 12228 12190 11870
9 12190 12228 12229 12191 11871
9 12191 12229 12230 12192 11872
9 12192 12230 12231 12193 11873
9 12193 12231 12232 12194 11874
9 12194 12232 12233 12195 11875
9 12195 12233 12234 12196 11876
9 12196 12234 12235 12197 11877
9 12197 12235 12236 12198 11878
9 12198 12236 12237 12199 11879
9 12199 12237 12238 12200 11880
9 12200 12238 12239 12201 11881
9 12201 12239 12240 12202 11882
9 12202 12240 12241 12203 11883
9 12203 12241 12242 12204 11884
9 12204 12242 12243 12205 11885
9 12205 12243 12244 12206 11886
9 12206 12244 12245 12207 11887
9 12207 12245 12246 12208 11888
9 12208 12246 12247 12209 11889
9 12209 12247 12248 12210 11890
9 12210 12248 12249 12211 11891
9 12211 12249 12250 12212 11892
9 12212 12250 12251 12213 11893
9 12213 12251 9509 9508 11894
9 111 112 12252 12214 11895
9 12214 12252 12253 12215 11896
9 12215 12253 12254 12216 11897
9 12216 12254 12255 12217 11898
9 12217 12255 12256 12218 11899
9 12218 12256 12257 12219 11900
9 12219 12257 12258 12220 11901
9 12220 12258 12259 12221 11902
9 12221 12259 12260 12222 11903
9 12222 12260 12261 12223 11904
9 12223 12261 12262 12224 11905
9 12224 12262 12263 12225 11906
9 12225 12263 12264 12226 11907
9 12226 12264 12265 12227 11908
9 12227 12265 12266 12228 11909
9 12228 12266 12267 12229 11910
9 12229 12267 12268 12230 11911
9 12230 12268 12269 12231 11912
9 12231 12269 12270 12232 11913
9 12232 12270 12271 12233 11914
9 12233 12271 12272 12234 11915
9 12234 12272 12273 12235 11916
9 12235 12273 12274 12236 11917
9 12236 12274 12275 12237 11918
9 12237 12275 12276 12238 11919
9 12238 12276 12277 12239 11920
9 12239 12277 12278 12240 11921
9 12240 12278 12279 12241 11922
9 12241 12279 12280 12242 11923
9 12242 12280 12281 12243 11924
9 12243 12281 12282 12244 11925
9 12244 12282 12283 12245 11926
9 12245 12283 12284 12246 11927
9 12246 12284 12285 12247 11928
9 12247 12285 12286 12248 11929
9 12248 12286 12287 12249 11930
9 12249 12287 12288 12250 11931
9 12250 12288 12289 12251 11932
9 12251 12289 9510 9509 11933
9 112 113 12290 12252 11934
9 12252 12290 12291 12253 11935
9 12253 12291 12292 12254 11936
9 12254 12292 12293 12255 11937
9 12255 12293 12294 12256 11938
9 12256 12294 12295 12257 11939
9 12257 12295 12296 12258 11940
9 12258 12296 12297 12259 11941
9 12259 12297 12298 12260 11942
9 12260 12298 12299 12261 11943
9 12261 12299 12300 12262 11944
9 12262 12300 12301 12263 11945
9 12263 12301 12302 12264 11946
9 12264 12302 12303 12265 11947
9 12265 12303 12304 12266 11948
9 12266 12304 12305 12267 11949
9 12267 12305 12306 12268 11950
9 12268 12306 12307 12269 11951
9 12269 12307 12308 12270 11952
9 12270 12308 12309 12271 11953
9 12271 12309 12310 12272 11954
9 12272 12310 12311 12273 11955
9 12273 12311 12312 12274 11956
9 12274 12312 12313 12275 11957
9 12275 12313 12314 12276 11958
9 12276 12314 12315 12277 11959
9 12277 12315 12316 12278 11960
9 12278 12316 12317 12279 11961
9 12279 12317 12318 12280 11962
9 12280 12318 12319 12281 11963
9 12281 12319 12320 12282 11964
9 12282 12320 12321 12283 11965
9 12283 12321 12322 12284 11966
9 12284 12322 12323 12285 11967
9 12285 12323 12324 12286 11968
9 12286 12324 12325 12287 11969
9 12287 12325 12326 12288 11970
9 12288 12326 12327 12289 11971
9 12289 12327 9511 9510 11972
9 113 114 12328 12290 11973
9 12290 12328 12329 12291 11974
9 12291 12329 12330 12292 11975
9 12292 12330 12331 12293 11976
9 12293 12331 12332 12294 11977
9 12294 12332 12333 12295 11978
9 12295 12333 12334 12296 11979
9 12296 12334 12335 12297 11980
9 12297 12335 12336 12298 11981
9 12298 12336 12337 12299 11982
9 12299 12337 12338 12300 11983
9 12300 12338 12339 12301 11984
9 12301 12339 12340 12302 11985
9 12302 12340 12341 12303 11986
9 12303 12341 12342 12304 11987
9 12304 12342 12343 12305 11988
9 12305 12343 12344 12306 11989
9 12306 12344 12345 12307 11990
9 12307 12345 12346 12308 11991
9 12308 12346 12347 12309 11992
9 12309 12347 12348 12310 11993
9 12310 12348 12349 12311 11994
9 12311 12349 12350 12312 11995
9 12312 12350 12351 12313 11996
9 12313 12351 12352 12314 11997
9 12314 12352 12353 12315 11998
9 12315 12353 12354 12316 11999
9 12316 12354 12355 12317 12000
9 12317 12355 12356 12318 12001
9 12318 12356 12357 12319 12002
9 12319 12357 12358 12320 12003
9 12320 12358 12359 12321 12004
9 12321 12359 12360 12322 12005
9 12322 12360 12361 12323 12006
9 12323 12361 12362 12324 12007
9 12324 12362 12363 12325 12008
9 12325 12363 12364 12326 12009
9 12326 12364 12365 12327 12010
9 12327 12365 9512 9511 12011
9 114 115 12366 12328 12012
9 12328 12366 12367 12329 12013
9 12329 12367 12368 12330 12014
9 12330 12368 12369 12331 12015
9 12331 12369 12370 12332 12016
9 12332 12370 12371 12333 12017
9 12333 12371 12372 12334 12018
9 12334 12372 12373 12335 12019
9 12335 12373 12374 12336 12020
9 12336 12374 12375 12337 12021
9 12337 12375 12376 12338 12022
9 12338 12376 12377 12339 12023
9 12339 12377 12378 12340 12024
9 12340 12378 12379 12341 12025
9 12341 12379 12380 12342 12026
9 12342 12380 12381 12343 12027
9 12343 12381 12382 12344 12028
9 12344 12382 12383 12345 12029
9 12345 12383 12384 12346 12030
9 12346 12384 12385 12347 12031
9 12347 12385 12386 12348 12032
9 12348 12386 12387 12349 12033
9 12349 12387 12388 12350 12034
9 12350 12388 12389 12351 12035
9 12351 12389 12390 12352 12036
9 12352 12390 12391 12353 12037
9 12353 12391 12392 12354 12038
9 12354 12392 12393 12355 12039
9 12355 12393 12394 12356 12040
9 12356 12394 12395 12357 12041
9 12357 12395 12396 12358 12042
9 12358 12396 12397 12359 12043
9 12359 12397 12398 12360 12044
9 12360 12398 12399 12361 12045
9 12361 12399 12400 12362 12046
9 12362 12400 12401 12363 12047
9 12363 12401 12402 12364 12048
9 12364 12402 12403 12365 12049
9 12365 12403 9513 9512 12050
9 115 116 12404 12366 12051
9 12366 12404 12405 12367 12052
9 12367 12405 12406 12368 12053
9 12368 12406 12407 12369 12054
9 12369 12407 12408 12370 12055
9 12370 12408 12409 12371 12056
9 12371 12409 12410 12372 12057
9 12372 12410 12411 12373 12058
9 12373 12411 12412 12374 12059
9 12374 12412 12413 12375 12060
9 12375 12413 12414 12376 12061
9 12376 12414 12415 12377 12062
9 12377 12415 12416 12378 12063
9 12378 12416 12417 12379 12064
9 12379 12417 12418 12380 12065
9 12380 12418 12419 12381 12066
9 12381 12419 12420 12382 12067
9 12382 12420 12421 12383 12068
9 12383 12421 12422 12384 12069
9 12384 12422 12423 12385 12070
9 12385 12423 12424 12386 12071
9 12386 12424 12425 12387 12072
9 12387 12425 12426 12388 12073
9 12388 12426 12427 12389 12074
9 12389 12427 12428 12390 12075
9 12390 12428 12429 12391 12076
9 12391 12429 12430 12392 12077
9 12392 12430 12431 12393 12078
9 12393 12431 12432 12394 12079
9 12394 12432 12433 12395 12080
9 12395 12433 12434 12396 12081
9 12396 12434 12435 12397 12082
9 12397 12435 12436 12398 12083
9 12398 12436 12437 12399 12084
9 12399 12437 12438 12400 12085
9 12400 12438 12439 12401 12086
9 12401 12439 12440 12402 12087
9 12402 12440 12441 12403 12088
9 12403 12441 9514 9513 12089
9 116 117 12442 12404 12090
9 12404 12442 12443 12405 12091
9 12405 12443 12444 12406 12092
9 12406 12444 12445 12407 12093
9 12407 12445 12446 12408 12094
9 12408 12446 12447 12409 12095
9 12409 12447 12448 12410 12096
9 12410 12448 12449 12411 12097
9 12411 12449 12450 12412 12098
9 12412 12450 12451 12413 12099
9 12413 12451 12452 12414 12100
9 12414 12452 12453 12415 12101
9 12415 12453 12454 12416 12102
9 12416 12454 12455 12417 12103
9 12417 12455 12456 12418 12104
9 12418 12456 12457 12419 12105
9 12419 12457 12458 12420 12106
9 12420 12458 12459 12421 12107
9 12421 12459 12460 12422 12108
9 12422 12460 12461 12423 12109
9 12423 12461 12462 12424 12110
9 12424 12462 12463 12425 12111
9 12425 12463 12464 12426 12112
9 12426 12464 12465 12427 12113
9 12427 12465 12466 12428 12114
9 12428 12466 12467 12429 12115
9 12429 12467 12468 12430 12116
9 12430 12468 12469 12431 12117
9 12431 12469 12470 12432 12118
9 12432 12470 12471 12433 12119
9 12433 12471 12472 12434 12120
9 12434 12472 12473 12435 12121
9 12435 12473 12474 12436 12122
9 12436 12474 12475 12437 12123
9 12437 12475 12476 12438 12124
9 12438 12476 12477 12439 12125
9 12439 12477 12478 12440 12126
9 12440 12478 12479 12441 12127
9 12441 12479 9515 9514 12128
9 117 1 11035 12442 12129
9 12442 11035 11034 12443 12130
9 12443 11034 11033 12444 12131
9 12444 11033 11032 12445 12132
9 12445 11032 11031 12446 12133
9 12446 11031 11030 12447 12134
9 12447 11030 11029 12448 12135
9 12448 11029 11028 12449 12136
9 12449 11028 11027 12450 12137
9 12450 11027 11026 12451 12138
9 12451 11026 11025 12452 12139
9 12452 11025 11024 12453 12140
9 12453 11024 11023 12454 12141
9 12454 11023 11022 12455 12142
9 12455 11022 11021 12456 12143
9 12456 11021 11020 12457 12144
9 12457 11020 11019 12458 12145
9 12458 11019 11018 12459 12146
9 12459 11018 11017 12460 12147
9 12460 11017 11016 12461 12148
9 12461 11016 11015 12462 12149
9 12462 11015 11014 12463 12150
9 12463 11014 11013 12464 12151
9 12464 11013 11012 12465 12152
9 12465 11012 11011 12466 12153
9 12466 11011 11010 12467 12154
9 12467 11010 11009 12468 12155
9 12468 11009 11008 12469 12156
9 12469 11008 11007 12470 12157
9 12470 11007 11006 12471 12158
9 12471 11006 11005 12472 12159
9 12472 11005 11004 12473 12160
9 12473 11004 11003 12474 12161
9 12474 11003 11002 12475 12162
9 12475 11002 11001 12476 12163
9 12476 11001 11000 12477 12164
9 12477 11000 10999 12478 12165
9 12478 10999 10998 12479 12166
9 12479 10998 9400 9515 12167
NPOIN= 12480
0.25 0 0
0.5 0 1
0.35355339059327368 0.35355339059327368 2
0.17677669529663689 0.17677669529663689 3
0.24994930724599049 0.0050342633273833468 4
0.24979724954203331 0.0100664850486728 5
0.24954388855385029 0.015094624388288611 6
0.24918932702970939 0.020116642226786632 7
0.24873370875945619 0.025130501920296741 8
0.2481772185152058 0.03013417014048669 9
0.2475200819771709 0.035125617688726983 10
0.2467625656421325 0.040102820321172697 11
0.24590497671547359 0.045063759569774077 12
0.2449476629839826 0.050006423574229818 13
0.24389101267866381 0.054928807875065627 14
0.2427354543164052 0.059828916234613359 15
0.24148145652529709 0.064704761450924533 16
0.24012952785177369 0.069554366172686899 17
0.23868021656328281 0.074375763668714137 18
0.23713411041304 0.07916699867126549 19
0.23549183641601359 0.083926128121184648 20
0.23375406058247231 0.088651221994994964 21
0.23192148764724141 0.093340364084839769 22
0.2299948608085679 0.097991652714134098 23
0.2279749613929371 0.10260320159667941 24
0.22586260854761669 0.1071731405720017 25
0.22365865892249179 0.11169961633323761 26
0.22136400631478989 0.11618079319864209 27
0.2189795812966159 0.12061485387446599 28
0.21650635085733669 0.1250000001537592 29
0.21394531799322791 0.12933445368028029 30
0.21129752130407911 0.13361645666141669 31
0.2085640345930927 0.13784427254786921 32
0.20574596640824941 0.14201618677719641 33
0.2028444595754402 0.1461305074908987 34
0.19986069079919 0.1501855661282753 35
0.19679587011751759 0.15417971820148441 36
0.19365124042547049 0.1581113439373551 37
0.19042807702234121 0.16197884887099701 38
0.18712768703036331 0.16578066457420909 39
0.18375140888706731 0.16951524926099659 40
0.18030061182735871 0.1731810883863481 41
0.49989861449198097 0.01006852665476669 42
0.49959449908406661 0.0201329700973456 43
0.49908777710770069 0.030189248776577221 44
0.49837865405941878 0.040233284453573263 45
0.49746741751891232 0.050261003840593489 46
0.49635443703041149 0.06026834028097338 47
0.49504016395434169 0.070251235377453952 48
0.49352513128426501 0.080205640642345394 49
0.49180995343094708 0.090127519139548168 50
0.48989532596796509 0.10001284714845959 51
0.48778202535732751 0.1098576157501313 52
0.48547090863281028 0.1196578324692267 53
0.48296291305059419 0.12940952290184909 54
0.48025905570354749 0.1391087323453738 55
0.47736043312656562 0.1487515273374283 56
0.47426822082608 0.15833399734253101 57
0.47098367283202708 0.1678522562423693 58
0.46750812116494461 0.1773024439899899 59
0.46384297529448282 0.18668072816967951 60
0.45998972161713592 0.1959833054282682 61
0.45594992278587421 0.20520640319335881 62
0.4517252170952335 0.21434628114400339 63
0.44731731784498358 0.22339923266647521 64
0.44272801262957989 0.2323615863972841 65
0.43795916259323181 0.2412297077489321 66
0.43301270171467349 0.2500000003075184 67
0.42789063598645583 0.2586689073605607 68
0.42259504260815822 0.26723291332283339 69
0.41712806918618539 0.27568854509573831 70
0.41149193281649871 0.28403237355439281 71
0.40568891915088051 0.29226101498179741 72
0.39972138159838011 0.30037113225655071 73
0.39359174023503518 0.30835943640296892 74
0.38730248085094099 0.31622268787471031 75
0.38085615404468243 0.32395769774199401 76
0.37425537406072662 0.33156132914841813 77
0.36750281777413468 0.33903049852199307 78
0.36060122365471747 0.34636217677269621 79
0.25641025641025639 0 80
0.26282051282051277 0 81
0.26923076923076922 0 82
0.27564102564102572 0 83
0.28205128205128199 0 84
0.28846153846153838 0 85
0.29487179487179488 0 86
0.30128205128205132 0 87
0.30769230769230771 0 88
0.3141025641025641 0 89
0.32051282051282048 0 90
0.32692307692307693 0 91
0.33333333333333331 0 92
0.33974358974358981 0 93
0.34615384615384609 0 94
0.35256410256410248 0 95
0.35897435897435898 0 96
0.36538461538461542 0 97
0.37179487179487181 0 98
0.37820512820512819 0 99
0.38461538461538458 0 100
0.39102564102564102 0 101
0.39743589743589752 0 102
0.40384615384615391 0 103
0.41025641025641019 0 104
0.41666666666666657 0 105
0.42307692307692307 0 106
0.42948717948717952 0 107
0.4358974358974359 0 108
0.44230769230769229 0 109
0.44871794871794868 0 110
0.45512820512820512 0 111
0.46153846153846162 0 112
0.46794871794871801 0 113
0.47435897435897428 0 114
0.48076923076923073 0 115
0.48717948717948723 0 116
0.49358974358974361 0 117
0.18130943107347219 0.18130943107347219 118
0.18584216685030211 0.18584216685030211 119
0.19037490262713741 0.19037490262713741 120
0.19490763840397271 0.19490763840397271 121
0.1994403741808026 0.1994403741808026 122
0.2039731099576233 0.2039731099576233 123
0.20850584573444611 0.20850584573444611 124
0.21303858151125979 0.21303858151125979 125
0.2175713172880813 0.2175713172880813 126
0.2221040530649033 0.2221040530649033 127
0.2266367888417169 0.2266367888417169 128
0.23116952461853929 0.23116952461853929 129
0.23570226039536041 0.23570226039536041 130
0.2402349961721795 0.2402349961721795 131
0.24476773194900811 0.24476773194900811 132
0.2493004677258393 0.2493004677258393 133
0.25383320350263783 0.25383320350263783 134
0.2583659392794716 0.2583659392794716 135
0.26289867505630538 0.26289867505630538 136
0.26743141083311361 0.26743141083311361 137
0.27196414660997131 0.27196414660997131 138
0.27649688238683062 0.27649688238683062 139
0.28102961816365662 0.28102961816365662 140
0.28556235394051271 0.28556235394051271 141
0.29009508971737369 0.29009508971737369 142
0.29462782549419958 0.29462782549419958 143
0.29916056127107149 0.29916056127107149 144
0.3036932970479384 0.3036932970479384 145
0.3082260328247427 0.3082260328247427 146
0.31275876860161123 0.31275876860161123 147
0.31729150437848141 0.31729150437848141 148
0.32182424015528582 0.32182424015528582 149
0.32635697593217261 0.32635697593217261 150
0.33088971170904607 0.33088971170904607 151
0.33542244748585193 0.33542244748585193 152
0.339955183262734 0.339955183262734 153
0.34448791903960618 0.34448791903960618 154
0.34902065481639649 0.34902065481639649 155
0.1849237044383151 0.17762162911420171 156
0.18846298347391369 0.17386179411384131 157
0.19192583285165321 0.1700314508453413 158
0.19531084822804079 0.16613215268820081 159
0.19861665684663499 0.16216548096138869 160
0.20184191806924739 0.15813304430921371 161
0.20498532389660379 0.15403647808028131 162
0.20804559956455271 0.149877443580408 163
0.21102150400845951 0.14565762746379021 164
0.2139118303518886 0.14137874107473669 165
0.21671540646572071 0.13704251965273431 166
0.21943109537766839 0.1326507217233637 167
0.22205779575111331 0.12820512836282921 168
0.2245944423555023 0.12370754243534909 169
0.2270400064767065 0.11915978789604249 170
0.2293934963307597 0.1145637090597304 171
0.231653957484734 0.1099211698174371 172
0.2338204732235242 0.1052340529196707 173
0.23589216493186349 0.1005042591939833 174
0.23786819245870819 0.095733706753681425 175
0.23974775444356039 0.090924330251276553 176
0.24153008863180789 0.086078080124291606 177
0.2432144722185017 0.081196921714118173 178
0.24480022211618671 0.076282834532014232 179
0.2462866952325877 0.071337811459165831 180
0.2476732887438938 0.066363857898383921 181
0.2489594403245175 0.061362991009859681 182
0.25014462838837248 0.056337238846221042 183
0.2512283722912636 0.051288639563312498 184
0.25221023252869051 0.04621924058438362 185
0.25308981091500721 0.041131097765305297 186
0.25386675074581588 0.036026274552540427 187
0.25454073693867219 0.030906841169729912 188
0.2551114961635445 0.025774873764406861 189
0.25557879695354779 0.020632453565935009 190
0.25594244979882069 0.015481666039270391 191
0.25620230722259812 0.010324600049920821 192
0.25635826384204158 0.0051633470024444626 193
0.18954679704926619 0.18206216984205009 194
0.19317455806075479 0.17820833896668101 195
0.1967239786729377 0.17428223711646881 196
0.20019361943373509 0.1702854565054002 197
0.20358207326779429 0.16621961798541801 198
0.20688796602097209 0.16208637041693899 199
0.2101099569940125 0.15788739003228361 200
0.21324673955366011 0.15362437966991349 201
0.21629704160866481 0.14929906815038069 202
0.21925962611067981 0.14491320960160109 203
0.2221332916273579 0.14046858264404891 204
0.22491687276210429 0.13596698976644431 205
0.22760924064488561 0.1314102565718967 206
0.23020930341438431 0.12680023099622981 207
0.23271600663861869 0.1221387825934408 208
0.2351283337390235 0.117427801786221 209
0.2374453064218475 0.11266919906287071 210
0.23966598505410749 0.10786490424266031 211
0.2417894690551555 0.10301686567383091 212
0.2438148972701715 0.098127049422521692 213
0.24574144830464509 0.093197438507556851 214
0.24756834084759921 0.088230032127397481 215
0.24929483402396049 0.083226844756969856 216
0.25092022766908778 0.078189905395313522 217
0.25244386261339902 0.073121256745644014 218
0.25386512096248798 0.068022954345842657 219
0.25518342633262753 0.062897065785105455 220
0.2563982440980791 0.05774566981737593 221
0.25750908159854291 0.05257085555239481 222
0.25851548834190541 0.047374721598992801 223
0.25941705618788052 0.042159375209437598 224
0.26021341951445959 0.036926931416353677 225
0.26090425536213763 0.03167951219897297 226
0.26148928356763201 0.026419245608516911 227
0.26196826687738572 0.0211482649050833 228
0.26234101104379048 0.015868707690252129 229
0.26260736490316261 0.01058271505116882 230
0.26276722043809231 0.0052924306775055706 231
0.19416988966022261 0.18650271056990381 232
0.1978861326476011 0.1825548838195257 233
0.2015221244942276 0.1785330233876011 234
0.2050763906394347 0.17443876032260389 235
0.2085474896889587 0.17027375500945161 236
0.21193401397270181 0.16603969652466821 237
0.21523459009142609 0.16173830198428951 238
0.21844787954277259 0.15737131575942279 239
0.22157257920887499 0.15294050883697449 240
0.2246074218694756 0.14844767812846871 241
0.22755117678899961 0.14389464563536641 242
0.23040265014654479 0.13928325780952761 243
0.2331606855386622 0.13461538478096671 244
0.2358241644732707 0.12989291955711291 245
0.23839200680053529 0.12511777729084131 246
0.24086317114729139 0.1202918945127137 247
0.2432366553589646 0.1154172283083061 248
0.24551149688469451 0.1104957555656516 249
0.24768677317845109 0.1055294721536801 250
0.2497616020816382 0.10052039209136331 251
0.25173514216573317 0.095470546763838426 252
0.2536065930633935 0.090381984130504495 253
0.2553751958294222 0.085256767799822511 254
0.25704023322199171 0.080096976258613548 255
0.25860102999421303 0.074904702032123002 256
0.26005695318108463 0.069682050793302128 257
0.26140741234073978 0.064431140560351791 258
0.26265185980778782 0.059154100788531352 259
0.26378979090582388 0.053853071541477532 260
0.26482074415512208 0.048530202613602247 261
0.26574430146075517 0.043187652653570163 262
0.26656008828310451 0.037827588280167149 263
0.26726777378560412 0.032452183228216178 264
0.26786707097172019 0.027063617452627049 265
0.2683577368012241 0.02166407624423166 266
0.26873957228876078 0.016255749341233881 267
0.26901242258372748 0.01084083005241686 268
0.2691761770341432 0.0054215143525667021 269
0.19879298227117889 0.19094325129775741 270
0.2025977072344475 0.18690142867237031 271
0.2063202703155175 0.18278380965873331 272
0.2099591618451343 0.1785920641398078 273
0.21351290611012311 0.17432789203348509 274
0.21698006192443159 0.16999302263239741 275
0.2203592231888398 0.16558921393629561 276
0.2236490195318851 0.161118251848932 277
0.22684811680908509 0.15658194952356841 278
0.22995521762827159 0.15198214665533619 279
0.2329690619506414 0.147320708626684 280
0.23588842753098521 0.14259952585261099 281
0.2387121304324388 0.1378205129900367 282
0.2414390255321571 0.13298560811799601 283
0.24406800696245179 0.12809677198824171 284
0.24659800855555919 0.1231559872392064 285
0.24902800429608191 0.1181652575537416 286
0.2513570087152816 0.1131266068886429 287
0.25358407730174681 0.1080420786335292 288
0.25570830689310498 0.102913734760205 289
0.2577288360268214 0.097743655020120002 290
0.2596448452791878 0.092533936133611425 291
0.26145555763488387 0.087286690842675221 292
0.26316023877489553 0.082004047121913698 293
0.26475819737502693 0.076688147318601879 294
0.26624878539968128 0.071341147240761529 295
0.26763139834885202 0.065965215335598112 296
0.26890547551749661 0.060562531759686761 297
0.27007050021310502 0.055135287530560233 298
0.27112599996833908 0.049685683628211803 299
0.27207154673362988 0.044215930097702721 300
0.2729067570517496 0.0387282451439806 301
0.27363129220907062 0.033224854257459392 302
0.27424485837580859 0.027707989296737189 303
0.27474720672506259 0.02217988758338001 304
0.27513813353373118 0.016642790992215609 305
0.27541748026429219 0.01109894505366486 306
0.27558513363019432 0.0055505980276278136 307
0.20341607488213001 0.1953837920256058 308
0.20730928182128849 0.19124797352521011 309
0.21111841613680199 0.18703459592986091 310
0.2148419330508286 0.1827453679570071 311
0.21847832253128249 0.17838202905751441 312
0.22202610987615631 0.17394634874012271 313
0.22548385628624851 0.16944012588829771 314
0.22885015952099261 0.16486518793843771 315
0.2321236544092905 0.16022339021015891 316
0.23530301338706269 0.15551661518220061 317
0.23838694711227851 0.15074677161799849 318
0.24137420491542119 0.14591579389569159 319
0.24426357532621101 0.14102564119910421 320
0.24705388659103919 0.13607829667887669 321
0.24974400712436409 0.13107576668564 322
0.2523328459638231 0.12602007996569711 323
0.25481935323319538 0.1209132867991751 324
0.2572025205458649 0.11575745821163259 325
0.25948138142503868 0.11055468511337679 326
0.26165501170456817 0.1053070774290452 327
0.26372252988790618 0.1000167632764003 328
0.26568309749497898 0.094685888136717314 329
0.26753591944034272 0.089316613885526919 330
0.26928024432779663 0.08391111798521296 331
0.27091536475583838 0.078471592605080048 332
0.27244061761827548 0.073000243688220265 333
0.27385538435696222 0.067499290110843962 334
0.27515909122720322 0.061970962730841683 335
0.276351209520384 0.056417503519642517 336
0.27743125578155398 0.050841164642820971 337
0.27839879200650319 0.04524420754183503 338
0.27925342582039331 0.039628902007793843 339
0.2799948106325359 0.033997525286702433 340
0.28062264577989587 0.028352361140847292 341
0.28113667664890041 0.022695698922528311 342
0.28153669477870091 0.01702983264319732 343
0.28182253794485668 0.011357060054912851 344
0.28199409022624511 0.0056796817026888947 345
0.2080391674930718 0.19982433275344549 346
0.21202085640812049 0.19559451837804151 347
0.21591656195807771 0.19128538220098051 348
0.21972470425651411 0.18689867177419889 349
0.223443738952433 0.18243616608153659 350
0.2270721578278723 0.17789967484784111 351
0.2306084893836487 0.17329103784029351 352
0.23405129951009179 0.16861212402793729 353
0.2373991920094875 0.16386483089674361 354
0.2406508091458458 0.15905108370905971 355
0.24380483227390781 0.15417283460930831 356
0.24685998229984929 0.14923206193876751 357
0.24981502021997559 0.14423076940816729 358
0.25266874764991393 0.13917098523975341 359
0.25542000728626951 0.13405476138303449 360
0.25806768337208008 0.12888417269218441 361
0.26061070217030202 0.12366131604460549 362
0.26304803237644192 0.1183883095346193 363
0.26537868554832461 0.11306729159322181 364
0.26760171651602571 0.10770042009788321 365
0.26971622374898552 0.1022898715326785 366
0.27172134971076478 0.096837840139821274 367
0.27361628124579629 0.091346536928376909 368
0.27540024988069312 0.085818188848510751 369
0.27707253213664512 0.080255037891556913 370
0.27863244983686553 0.074659340135677918 371
0.28007937036506841 0.06903336488608873 372
0.28141270693690629 0.063379393701995801 373
0.28263191882765998 0.057699719508724191 374
0.28373651159476609 0.05199664565742964 375
0.28472603727937368 0.046272484985966922 376
0.28560009458903468 0.040529558871606808 377
0.28635832905599928 0.034770196315945287 378
0.28700043318398172 0.02899673298495712 379
0.28752614657273667 0.023211510261676501 380
0.28793525602366982 0.017416874294178979 381
0.28822759562542061 0.01161517505616085 382
0.28840304682229551 0.0058087653777499949 383
0.21266226010401579 0.20426487348128719 384
0.21673243099495451 0.19994106323087479 385
0.22071470777935531 0.1955361684721019 386
0.22460747546220161 0.19105197559139239 387
0.22840915537358539 0.18649030310556039 388
0.2321182057795903 0.1818530009555612 389
0.2357331224810508 0.17714194979229081 390
0.23925243949919281 0.17235906011743829 391
0.2426747296096865 0.16750627158332981 392
0.2459986049046308 0.16258555223592 393
0.2492227174355387 0.1575988976006189 394
0.25234575968427941 0.1525483299818445 395
0.25536646511374211 0.1474358976172315 396
0.25828360870879041 0.1422636738006309 397
0.26109600744817629 0.13703375608042989 398
0.26380252078033861 0.13174826541867241 399
0.26640205110741022 0.1264093452900367 400
0.26889354420702027 0.12101916085760669 401
0.27127598967161182 0.1155798980730674 402
0.27354842132748441 0.1100937627667216 403
0.2757099176100658 0.10456297978895721 404
0.27775960192655191 0.098989792142925651 405
0.27969664305125108 0.093376459971227288 406
0.28152025543359038 0.087725259711808806 407
0.28322969951745303 0.082038483178034083 408
0.2848242820554564 0.076318436583135835 409
0.28630335637317528 0.070567439661333733 410
0.28766632264661002 0.064787824673150113 411
0.28891262813493662 0.058981935497805983 412
0.29004176740797888 0.05315212667203835 413
0.29105328255224477 0.047300762430098939 414
0.29194676335767639 0.04143021573541978 415
0.29272184747946289 0.035542867345188148 416
0.29337822058806778 0.02964110482906707 417
0.29391561649657322 0.02372732160082474 418
0.29433381726863878 0.017803915945160651 419
0.29463265330598448 0.01187329005740881 420
0.29481200341834612 0.0059378490528111229 421
0.2172853527149507 0.20870541420912009 422
0.22144400558177951 0.2042876080836997 423
0.2255128536006239 0.19978695474321531 424
0.2294902466678802 0.19520527940857829 425
0.23337457179472909 0.190544440129577 426
0.23716425373129971 0.18580632706327441 427
0.24085775557844441 0.1809928617442817 428
0.2444535794882855 0.17610599620693321 429
0.2479502672098772 0.17114771226991021 430
0.25134640066340758 0.16612002076277499 431
0.25464060259716181 0.1610249605919247 432
0.25783153706870171 0.15586459802491681 433
0.26091791000750109 0.1506410258262913 434
0.26389846976765952 0.14535636236150459 435
0.26677200761007608 0.1400127507778216 436
0.26953735818859031 0.13461235814515701 437
0.27219340004451198 0.12915737453546469 438
0.27473905603759219 0.1236500121805912 439
0.27717329379489292 0.1180925045529104 440
0.27949512613893729 0.1124871054355577 441
0.28170361147114059 0.1068360880452337 442
0.28379785414233361 0.1011417441460281 443
0.28577700485670099 0.095406383014075946 444
0.28764026098648299 0.08963233057510539 445
0.28938686689825632 0.083821928464509962 446
0.29101611427404322 0.0779775330305926 447
0.29252734238127842 0.072101514436577849 448
0.29391993835631042 0.066196255644303606 449
0.29519333744220988 0.06026415148688713 450
0.29634702322118861 0.05430760768664665 451
0.29738052782511348 0.048329039874230449 452
0.29829343212631598 0.042330872599232489 453
0.29908536590292478 0.036315538374430807 454
0.29975600799215207 0.03028547667317678 455
0.30030508642040871 0.024243132939972819 456
0.30073237851360668 0.018190957596142272 457
0.30103771098654769 0.01213140505865676 458
0.30122096001439619 0.0060669327278721919 459
0.22190844532589329 0.21314595493696059 460
0.22615558016861231 0.2086341529365319 461
0.23031099942190039 0.20403774101433569 462
0.2343730178735664 0.1993585832257708 463
0.23833998821588051 0.19459857715359979 464
0.24221030168301649 0.18975965317099339 465
0.24598238867584529 0.18484377369627811 466
0.24965471947738541 0.1798529322964334 467
0.25322580481007512 0.1747891529564955 468
0.25669419642219149 0.16965448928963461 469
0.2600584877587917 0.16445102358323491 470
0.2633173144531305 0.1591808660679932 471
0.26646935490126622 0.15384615403535479 472
0.269513330826535 0.14844905092238159 473
0.27244800777198203 0.14299174547521651 474
0.2752721955968479 0.13747645087164459 475
0.27798474898161929 0.13190540378089541 476
0.28058456786816971 0.1262808635035782 477
0.28307059791817929 0.1206051110327557 478
0.28544183095039521 0.1148804481043957 479
0.28769730533222032 0.1091091963015121 480
0.28983610635812002 0.10329369614913229 481
0.29185736666215523 0.097436306056926145 482
0.29376026653937981 0.091539401438403292 483
0.29554403427906362 0.085605373750986952 484
0.29720794649263371 0.079636629478050322 485
0.2987513283893849 0.073635589211822727 486
0.30017355406601381 0.067604686615457751 487
0.30147404674948608 0.061546367475968831 488
0.30265227903440112 0.055463088701255311 489
0.30370777309798419 0.049357317318362348 490
0.30464010089495758 0.043231529463045468 491
0.30544888432638828 0.037088209403673647 492
0.30613379539623797 0.03092984851728673 493
0.30669455634424531 0.024758944279121009 494
0.30713093975857553 0.018577999247123909 495
0.30744276866711151 0.012389520059904711 496
0.3076299166104467 0.0061960164029332644 497
0.2265315379368365 0.21758649566480151 498
0.2308671547554455 0.2129806977893644 499
0.23510914524317719 0.20828852728545641 500
0.2392557890792531 0.20351188704296361 501
0.24330540463703221 0.19865271417762301 502
0.2472563496347337 0.19371297927871281 503
0.25110702177324667 0.1886946856482748 504
0.2548558594664857 0.1835998683859339 505
0.25850134241027323 0.17843059364308109 506
0.26204199218097568 0.1731889578164944 507
0.26547637292042198 0.16787708657454509 508
0.2688030918375599 0.16249713411106981 509
0.27202079979503208 0.15705128224441861 510
0.27512819188541071 0.1515417394832588 511
0.27812400793388831 0.14597074017261161 512
0.28100703300510582 0.14034054359813231 513
0.28377609791872699 0.13465343302632629 514
0.28643007969874762 0.1289117148265653 515
0.28896790204146588 0.123117717512601 516
0.29138853576185347 0.11727379077323399 517
0.29369099919330027 0.11138230455779061 518
0.29587435857390659 0.1054456481522365 519
0.29793772846760952 0.099466229099776371 520
0.29988027209227658 0.09344647230170125 521
0.30170120165987108 0.087388819037464011 522
0.30339977871122431 0.0812957259255081 523
0.30497531439749159 0.075169663987067703 524
0.30642716977571732 0.069013117586612008 525
0.30775475605676228 0.062828583465050589 526
0.30895753484761351 0.056618569715864042 527
0.31003501837085512 0.050385594762494282 528
0.31098676966359923 0.044132186326858447 529
0.31181240274985189 0.037860880432916508 530
0.31251158280032398 0.031574220361396607 531
0.31308402626808168 0.025274755618269189 532
0.31352950100354449 0.018965040898105578 533
0.31384782634767538 0.012647635061152721 534
0.3140388732064972 0.0063251000779943663 535
0.23115463054777141 0.22202703639263441 536
0.23557872934227059 0.21732724264218939 537
0.23990729106444589 0.21253931355656991 538
0.24413856028493169 0.20766519086014959 539
0.24827082105817591 0.2027068512016397 540
0.25230239758644302 0.1976663053864261 541
0.25623165487064031 0.19254559760026571 542
0.26005699945557847 0.1873468044754289 543
0.26377688001046401 0.1820720343296616 544
0.26738978793975249 0.17672342634334939 545
0.27089425808204498 0.17130314956585091 546
0.27428886922198209 0.16581340215414209 547
0.27757224468879099 0.16025641045347841 548
0.28074305294427992 0.15463442804413249 549
0.28380000809578798 0.14894973487000329 550
0.28674187041335752 0.143204636324617 551
0.28956744685582869 0.13740146227175429 552
0.29227559152931959 0.1315425661495499 553
0.29486520616474721 0.125630323992444 554
0.29733524057330651 0.1196671334420701 555
0.29968469305437517 0.1136554128140671 556
0.30191261078968817 0.10759760015533899 557
0.30401809027305932 0.1014961521426251 558
0.30600027764516929 0.095353543164997862 559
0.30785836904067448 0.089172264323939876 560
0.30959161092981108 0.082954822372964851 561
0.31119930040559479 0.076703738762311735 562
0.31268078548541772 0.070421548557765459 563
0.3140354653640357 0.064110799454131687 564
0.3152627906608233 0.057774050730472301 565
0.31636226364372377 0.05141387220662591 566
0.31733343843223882 0.045032843190671169 567
0.31817592117331372 0.038633551462159077 568
0.31888937020440838 0.032218592205506338 569
0.31947349619191712 0.025790566957417271 570
0.31992806224851261 0.019352082549087189 571
0.32025288402823882 0.01290575006240067 572
0.32044782980254738 0.006454183753055516 573
0.23577772315871501 0.22646757712047569 574
0.24029030392910419 0.22167378749502231 575
0.24470543688572319 0.2167900998276909 576
0.24902133149061881 0.21181849467734279 577
0.253236237479328 0.20676098822566319 578
0.25734844553816072 0.2016196314941458 579
0.261356287968042 0.19639650955226259 580
0.26525813944467902 0.19109374056492959 581
0.26905241761066251 0.18571347501624741 582
0.27273758369853718 0.18025789487020941 583
0.27631214324367581 0.17472921255716151 584
0.27977464660641183 0.16912967019721889 585
0.28312368958255713 0.1634615386625424 586
0.28635791400315602 0.15772711660500979 587
0.28947600825769459 0.15192872956739839 588
0.29247670782161572 0.1460687290511048 589
0.29535879579293661 0.14014949151718531 590
0.29812110335989772 0.13417341747253711 591
0.30076251028803408 0.1281429304722895 592
0.30328194538476488 0.12206047611090839 593
0.30567838691545551 0.11592852107034569 594
0.30795086300547531 0.1097495521584433 595
0.310098452078514 0.10352607518547539 596
0.31212028319806651 0.097260614028295903 597
0.31401553642148211 0.090955709610416977 598
0.31578344314840179 0.084613918820422698 599
0.3174232864137016 0.078237813537556725 600
0.31893440119512129 0.071829979528919757 601
0.32031617467131218 0.065393015443213451 602
0.32156804647403597 0.058929531745080997 603
0.32268950891659481 0.05244214965075783 604
0.32368010720088058 0.045933500054484128 605
0.32453943959677739 0.039406222491402021 606
0.32526715760849451 0.032862964049616299 607
0.32586296611575372 0.026306378296565479 608
0.32632662349348152 0.019739124200068792 609
0.32665794170880269 0.01316386506364867 610
0.32685678639859778 0.0065832674281165607 611
0.24040081576965719 0.23090811784831569 612
0.24500187851593649 0.2260203323478541 613
0.24950358270699921 0.22104088609881101 614
0.2539041026963047 0.21597179849453491 615
0.258201653900479 0.21081512524968571 616
0.26239449348987709 0.20557295760186459 617
0.26648092106544252 0.20024742150425881 618
0.27045927943377862 0.1948406766544295 619
0.27432795521086012 0.1893549157028325 620
0.27808537945732048 0.18379236339706881 621
0.28173002840530542 0.1781552755484713 622
0.28526042399084039 0.17244593824029511 623
0.28867513447632198 0.16666666687160561 624
0.29197277506203112 0.16081980516588679 625
0.29515200841960021 0.15490772426479321 626
0.2982115452298732 0.14893282177759229 627
0.30115014473004359 0.1428975207626158 628
0.30396661519047502 0.13680426879552399 629
0.30665981441132018 0.13065553695213461 630
0.30922865019622259 0.1244538187797464 631
0.31167208077653491 0.11820162932662399 632
0.31398911522126122 0.1119015041615474 633
0.31617881388396779 0.1055559982283255 634
0.31824028875096311 0.099167684891593708 635
0.32017270380228918 0.092739154896893966 636
0.32197527536699211 0.086273015267880393 637
0.32364727242180791 0.079771888312801603 638
0.32518801690482457 0.073238410500073833 639
0.32659688397858821 0.066675231432295146 640
0.32787330228724809 0.060085012759689693 641
0.32901675418946541 0.05347042709488975 642
0.33002677596952212 0.046834156918297079 643
0.33090295802024078 0.04017889352064484 644
0.33164494501258018 0.033507335893726127 645
0.33225243603959009 0.026822189635713711 646
0.33272518473845042 0.02012616585105044 647
0.33306299938936651 0.013421980064896651 648
0.33326574299464851 0.0067123511031777182 649
0.24502390838059751 0.23534865857615389 650
0.24971345310276691 0.23036687720068391 651
0.25430172852827321 0.225291672369929 652
0.25878687390198851 0.2201251023117253 653
0.26316707032162789 0.21486926227370659 654
0.26744054144159157 0.20952628370958179 655
0.2716055541628411 0.20409833345625339 656
0.27566041942287622 0.198587612743928 657
0.27960349281105562 0.19299635638941631 658
0.28343317521610212 0.18732683192392691 659
0.2871479135669332 0.18158133853978001 660
0.29074620137526719 0.17576220628337019 661
0.29422657937008551 0.16987179508066799 662
0.29758763612090461 0.1639124937267627 663
0.30082800858150421 0.15788671896218709 664
0.30394638263812879 0.15179691450407901 665
0.30694149366714929 0.14564555000804569 666
0.30981212702105071 0.13943512011851031 667
0.31255711853460511 0.13316814343197919 668
0.3151753550076789 0.12684716144858391 669
0.31766577463761297 0.12047473758290179 670
0.32002736743704618 0.114053456164651 671
0.32225917568942058 0.10758592127117519 672
0.32436029430385849 0.10107475575489119 673
0.32632987118309531 0.094522600183370539 674
0.32816710758558121 0.087932111715337852 675
0.32987125842991338 0.08130596308804626 676
0.33144163261452703 0.074646841471227812 677
0.33287759328586353 0.06795744742137666 678
0.33417855810045971 0.061240493774298251 679
0.33534399946233551 0.05449870453902151 680
0.33637344473816322 0.047734813782109968 681
0.33726647644370378 0.040951564549887652 682
0.33802273241666558 0.034151707737835983 683
0.33864190596342642 0.027338000974861859 684
0.33912374598341888 0.020513207502032092 685
0.33946805706993022 0.013680095066144621 686
0.3396746995906989 0.0068414347782388184 687
0.24964700099154721 0.23978919930400111 688
0.25442502768960668 0.23471342205352261 689
0.25909987434955639 0.22954245864105549 690
0.26366964510768182 0.22427840612892361 691
0.268132486742786 0.21892339929773491 692
0.27248658939331499 0.21347960981730621 693
0.27673018726024867 0.2079492454082548 694
0.2808615594119826 0.2023345488334328 695
0.28487903041125978 0.19663779707600601 696
0.2887809709748923 0.19086130045079061 697
0.29256579872856919 0.18500740153109399 698
0.29623197875970209 0.17907847432645019 699
0.29977802426385669 0.17307692328973501 700
0.30320249717978559 0.16700518228764291 701
0.30650400874341571 0.16086571365958499 702
0.30968122004639193 0.15466100723056911 703
0.31273284260426171 0.14839357925347879 704
0.31565763885163323 0.14206597144149949 705
0.31845442265789609 0.13568074991182641 706
0.32112205981914138 0.1292405041174238 707
0.3236594684986972 0.1227478458391818 708
0.32606561965283648 0.1162054081677566 709
0.32833953749487871 0.1096158443140266 710
0.33048029985675897 0.10298182661819021 711
0.33248703856390588 0.096306045469848597 712
0.33435893980417492 0.089591208162796448 713
0.33609524443802269 0.082840037863291888 714
0.33769524832423298 0.076055272442382707 715
0.33915830259314211 0.069239663410458868 716
0.34048381391367438 0.06239597478890737 717
0.34167124473520832 0.055526981983153832 718
0.34272011350680631 0.04863547064592319 719
0.34362999486716878 0.041724235579130617 720
0.3444005198207527 0.034796079581945992 721
0.34503137588726368 0.027853812314010112 722
0.3455223072283885 0.020900249153013799 723
0.34587311475049448 0.01393821006739262 724
0.34608365618674952 0.0069705184532998926 725
0.25427009360249953 0.24422974003185069 726
0.25913660227644891 0.23905996690636341 727
0.2638980201708423 0.2337932449121842 728
0.26855241631337712 0.228431709946124 729
0.27309790316394639 0.2229775363217652 730
0.27753263734504102 0.21743293592503229 731
0.28185482035765858 0.2118001573602579 732
0.28606269940109119 0.20608148492293929 733
0.29015456801146622 0.20027923776259729 734
0.2941287667336846 0.1943957689776557 735
0.29798368389020741 0.18843346452240919 736
0.30171775614413898 0.18239474236953149 737
0.30532946915762987 0.17628205149880299 738
0.30881735823866879 0.17009787084852421 739
0.31218000890532888 0.1638447083569837 740
0.31541605745465662 0.15752509995706021 741
0.31852419154137612 0.15114160849891281 742
0.32150315068221719 0.1446968227644895 743
0.3243517267811889 0.1381933563916744 744
0.32706876463060552 0.13163384678626441 745
0.32965316235978259 0.12502095409546241 746
0.33210387186862839 0.11835736017086269 747
0.33441989930033811 0.11164576735687851 748
0.33660030540966063 0.1048888974814897 749
0.338644205944718 0.098089490756326919 750
0.34055077202276968 0.091250304610255323 751
0.34231923044613338 0.084374112638537793 752
0.34394886403394032 0.077463703413537671 753
0.34543901190042192 0.070521879399541271 754
0.34678906972688972 0.063551455803516621 755
0.34799849000808197 0.056555259427286182 756
0.3490667822754504 0.049536127509736488 757
0.34999351329063438 0.042496906608373769 758
0.35077830722484038 0.035440451426056063 759
0.35142084581110172 0.02836962365315842 760
0.35192086847335852 0.021287290803995509 761
0.35227817243105891 0.01419632506864062 762
0.35249261278280042 0.0070996021283610336 763
0.25889318621341922 0.24867028075966921 764
0.26384817686325901 0.2434065117591746 765
0.26869616599209623 0.2380440311832846 766
0.27343518751904122 0.23258501376329749 767
0.27806331958507569 0.22703167334577001 768
0.28257868529673602 0.2213862620327344 769
0.28697945345503811 0.21565106931223821 770
0.2912638393901702 0.20982842101242441 771
0.29543010561164351 0.20392067844916831 772
0.29947656249244808 0.19793023750450189 773
0.30340156905181759 0.1918595275137068 774
0.30720353352854862 0.18571101041259599 775
0.31088091405137652 0.17948717970785569 776
0.31443221929752568 0.17319055940939099 777
0.31785600906721689 0.16682370305436919 778
0.32115089486289689 0.16038919268353929 779
0.32431554047846672 0.1538896377443357 780
0.32734866251277889 0.14732767408746919 781
0.33024903090446001 0.1407059628715131 782
0.33301546944204868 0.13402718945509659 783
0.33564685622084828 0.12729406235173549 784
0.33814212408440142 0.1205093121739621 785
0.34050026110577952 0.1136756903997244 786
0.3427203109625454 0.1067959683447838 787
0.34480137332551403 0.099872936042800675 788
0.34674260424134962 0.092909401057710284 789
0.34854321645423009 0.085908187413780285 790
0.3502024797436345 0.078872134384689888 791
0.35171972120768991 0.071804095388621328 792
0.35309432554009479 0.06470693681812395 793
0.35432573528094619 0.057583536871417047 794
0.35541345104408623 0.050436784373548621 795
0.35635703171409278 0.043269577637616019 796
0.35715609462892201 0.036084823270165531 797
0.35781031573493483 0.02888543499230644 798
0.35831942971832481 0.021674332454977081 799
0.35868323011162118 0.01445444006988853 800
0.35890156937885009 0.0072286858034220853 801
0.26351627882437417 0.2531108214875214 802
0.26855975145010391 0.24775305661201791 803
0.27349431181338463 0.2422948174544155 804
0.27831795872473941 0.2367383175805001 805
0.28302873600623868 0.2310858103698025 806
0.28762473324846433 0.22533958814046251 807
0.29210408655245051 0.21950198126424311 808
0.29646497937928118 0.21357535710193259 809
0.30070564321185222 0.2075621191357612 810
0.30482435825124288 0.2014647060313686 811
0.30881945421345808 0.19528559050502359 812
0.31268931091298791 0.1890272784556786 813
0.31643235894515181 0.18269230791692501 814
0.32004708035641111 0.1762832479702735 815
0.32353200922913228 0.16980269775176909 816
0.3268857322711638 0.1632532854100314 817
0.33010688941558292 0.15663766698977061 818
0.33319417434336479 0.14995852541046009 819
0.33614633502775459 0.1432185693513619 820
0.33896217425351449 0.13642053212393779 821
0.34164055008193539 0.1295671706080167 822
0.34418037630019488 0.1226612641770687 823
0.34658062291124042 0.11570561344257679 824
0.3488403165154485 0.1087030392080837 825
0.35095854070632709 0.1016563813292793 826
0.35293443645994571 0.094568497505169491 827
0.35476720246234178 0.08744226218902644 828
0.35645609545334273 0.080280565355845171 829
0.35800043051497032 0.073086311377703925 830
0.35939958135331113 0.065862417832733347 831
0.36065298055382039 0.058611814315549501 832
0.36176011981273082 0.051337441237362037 833
0.36272055013755922 0.044042248666859192 834
0.36353388203301001 0.036729195114275658 835
0.36419978565877309 0.029401246331454751 836
0.36471799096329499 0.02206137410595882 837
0.36508828779218588 0.01471255507113654 838
0.36531052597490088 0.0073577694784831942 839
0.26813937143532901 0.25755136221537361 840
0.27327132603694881 0.25209960146486121 841
0.27829245763467308 0.24654560372554651 842
0.28320072993043738 0.24089162139770259 843
0.28799415242740178 0.23513994739383479 844
0.29267078120019258 0.22929291424819051 845
0.29722871964986269 0.22335289321624799 846
0.30166611936839233 0.21732229319144081 847
0.30598118081206099 0.21120355982235409 848
0.31017215401003728 0.2049991745582353 849
0.31423733937509851 0.19871165349634029 850
0.31817508829742691 0.1923435464987612 851
0.32198380383892711 0.1858974361259943 852
0.3256619414152962 0.17937593653115591 853
0.32920800939104772 0.17278169244916891 854
0.33262056967943038 0.16611737813652361 855
0.33589823835269911 0.15938569623520549 856
0.33903968617395092 0.15258937673345091 857
0.34204363915104907 0.14573117583121051 858
0.34490887906498041 0.1388138747927791 859
0.34763424394302261 0.13184027886429789 860
0.35021862851598828 0.12481321618017539 861
0.35266098471670132 0.1177355364854292 862
0.35496032206835171 0.11061011007138349 863
0.35711570808714038 0.1034398266157581 864
0.35912626867854158 0.096227593952628698 865
0.36099118847045347 0.088976336964272651 866
0.36270971116305067 0.08168899632700044 867
0.3642811398222508 0.074368527366786494 868
0.36570483716652741 0.067017898847342772 869
0.36698022582669487 0.05964009175968199 870
0.36810678858137552 0.05223809810117544 871
0.36908406856102532 0.044814919696102351 872
0.36991166943709819 0.037373566958385757 873
0.3705892555826113 0.02991705767060308 874
0.37111655220826512 0.022448415756940569 875
0.3714933454727507 0.01497067007238452 876
0.37171948257095189 0.0074868531535443039 877
0.27276246404625859 0.26199190294320129 878
0.27798290062376829 0.25644614631768109 879
0.2830906034559364 0.25079638999665521 880
0.28808350113611092 0.24504492521488411 881
0.29295956884854019 0.2391940844178472 882
0.29771682915189701 0.23324624035589989 883
0.30235335274725128 0.22720380516823521 884
0.30686725935747999 0.2210692292809322 885
0.31125671841224678 0.21484500050893121 886
0.31551994976880948 0.20853364308508721 887
0.3196552245367168 0.20213771648764309 888
0.32366086568184482 0.19565981454183079 889
0.32753524873268169 0.1891025643350516 890
0.33127680247416091 0.18246862509202719 891
0.3348840095529434 0.1757606871465584 892
0.33835540708767808 0.16898147086300611 893
0.34168958728979693 0.16213372548063171 894
0.34488519800451911 0.15522022805643371 895
0.34794094327432662 0.14824378231105201 896
0.35085558387642968 0.14120721746161369 897
0.35362793780409418 0.13411338712057319 898
0.35625688073176698 0.1269651681832768 899
0.35874134652214812 0.1197654595282769 900
0.36108032762124148 0.1125171809346793 901
0.36327287546794113 0.1052232719022332 902
0.36531810089712591 0.097886690400084797 903
0.36721517447855417 0.090510411739516142 904
0.36896332687274891 0.083097427298153448 905
0.37056184912952228 0.075650743355867245 906
0.37201009297973547 0.06817337986195067 907
0.37330747109956181 0.060668369203813299 908
0.37445345735001362 0.053138754964987933 909
0.37544758698448588 0.045587590725344837 910
0.37628945684118159 0.038017938802495418 911
0.37697872550644579 0.030432869009751121 912
0.37751511345323258 0.02283545740792213 913
0.37789840315331358 0.01522878507363247 914
0.37812843916700178 0.0076159368286053946 915
0.27738555665723719 0.26643244367107638 916
0.2826944752106369 0.26079269117054632 917
0.28788874927724822 0.25504717626780682 918
0.29296627234183198 0.24919822903210631 919
0.29792498526972622 0.2432482214418982 920
0.30276287710364791 0.23719956646364571 921
0.30747798584468572 0.2310547171202568 922
0.31206839934661279 0.22481616537045609 923
0.31653225601247709 0.21848644119553881 924
0.32086774552762498 0.2120681116119677 925
0.32507310969837788 0.20556377947897281 926
0.32914664306630392 0.19897608258492541 927
0.33308669362647642 0.19230769254413199 928
0.3368916635330651 0.18556131365292 929
0.34056000971487699 0.17873968184396791 930
0.3440902444959627 0.1718455635895072 931
0.34748093622693021 0.16488175472607469 932
0.35073070983512172 0.15785107937943199 933
0.35383824739763708 0.1507563887909075 934
0.3568022886879107 0.14360056013046121 935
0.35962163166519601 0.13638649537686001 936
0.36229513294757432 0.12911712018638841 937
0.36482170832762217 0.1217953825711337 938
0.36720033317415701 0.114424251797983 939
0.36943004284876602 0.10700671718871529 940
0.37150993311573272 0.099545786847547002 941
0.37343916048667603 0.092044486514764823 942
0.37521694258246652 0.084505858269310785 943
0.3768425584368113 0.076932959344951563 944
0.37831534879295942 0.069328860876561482 945
0.37963471637244289 0.061696646647946912 946
0.38080012611866432 0.054039411828802189 947
0.38181110540795721 0.046360261754588662 948
0.38266724424527399 0.038662310646605982 949
0.38336819543028772 0.030948680348899749 950
0.38391367469820531 0.023222499058904039 951
0.38430346083388012 0.015486900074880581 952
0.38453739576305362 0.0077450205036665529 953
0.2820086492682175 0.27087298439895291 954
0.287406049797507 0.26513923602341283 955
0.29268689509856149 0.25929796253895993 956
0.29784904354755481 0.25335153284932987 957
0.30289040169091358 0.24730235846595061 958
0.30780892505540008 0.2411528925713925 959
0.31260261894212182 0.23490562907227949 960
0.31726953933574731 0.2285631014599811 961
0.32180779361270873 0.22212788188214749 962
0.32621554128644192 0.21560258013884909 963
0.33049099486004008 0.20898984247030339 964
0.33463242045076458 0.20229235062802101 965
0.33863813852027291 0.1955128207532135 966
0.34250652459197067 0.18865400221381359 967
0.34623600987681202 0.1817186765413781 968
0.34982508190424849 0.17470965631600879 969
0.35327228516406489 0.16762978397151829 970
0.35657622166572539 0.1604819307024308 971
0.35973555152094883 0.15326899527076349 972
0.36274899349939282 0.14599390279930899 973
0.36561532552629877 0.13865960363314711 974
0.36833338516338249 0.13126907218950029 975
0.37090207013309712 0.1238253056139908 976
0.37332033872707338 0.1163313226612871 977
0.37558721022959168 0.1087901624751976 978
0.37770176533434019 0.1012048832950093 979
0.3796631464947986 0.093578561290013698 980
0.38147055829218462 0.085914289240468289 981
0.38312326774410099 0.078215175334036019 982
0.38462060460618391 0.07048434189117242 983
0.38596196164532459 0.062724924092080581 984
0.38714679488731529 0.054940068692616507 985
0.38817462383142881 0.047132932783832467 986
0.38904503164936649 0.03930668249071656 987
0.38975766535412959 0.031464491688048317 988
0.39031223594317821 0.02360954070988594 989
0.39070851851444649 0.015745015076128629 990
0.39094635235910552 0.0078741041787276488 991
0.28663174187916463 0.27531352512679758 992
0.29211762438434402 0.26948578087624903 993
0.29748504091984229 0.26354874881008411 994
0.3027318147532454 0.25750483666652602 995
0.30785581811206902 0.25135649548997679 996
0.31285497300712117 0.245106218679115 997
0.31772725203952679 0.23875654102427901 998
0.32247067932485129 0.23231003754948429 999
0.32708333121291061 0.22576932256873569 1000
0.33156333704522972 0.21913704866571129 1001
0.33590888002167391 0.21241590546161579 1002
0.34011819783519731 0.20560861867109961 1003
0.34418958341404171 0.1987179489622791 1004
0.34812138565084971 0.19174669077469261 1005
0.35191201003872152 0.18469767123877481 1006
0.35555991931250941 0.17757374904249809 1007
0.35906363410117531 0.17037781321695061 1008
0.36242173349630602 0.16311278202541921 1009
0.36563285564423809 0.15578160175061001 1010
0.36869569831085369 0.1483872454681483 1011
0.37160901938738111 0.14093271188942649 1012
0.37437163737917151 0.1334210241926054 1013
0.37698243193855369 0.12585522865684179 1014
0.37944034427997247 0.11823839352458571 1015
0.3817443776104012 0.1105736077616752 1016
0.38389359755293267 0.1028639797424676 1017
0.38588713250290702 0.095112636065259007 1018
0.38772417400188969 0.087322720211622892 1019
0.38940397705137858 0.079497391323118047 1020
0.39092586041939781 0.071639822905781358 1021
0.39228920691819669 0.063753201536212695 1022
0.39349346365595811 0.055840725556429632 1023
0.39453814225489342 0.047905603813075452 1024
0.39542281905345328 0.039951054334826527 1025
0.39614713527796669 0.031980303027196642 1026
0.39671079718814761 0.02399658236086756 1027
0.39711357619501081 0.016003130077376582 1028
0.39735530895515631 0.0080031878537887187 1029
0.29125483449014161 0.279754065854671 1030
0.29682919897121102 0.27383232572911248 1031
0.30228318674115251 0.26779953508123427 1032
0.30761458595896513 0.2616581404837468 1033
0.31282123453325328 0.25541063251402651 1034
0.31790102095887057 0.24905954478685949 1035
0.32285188513695978 0.2426074529762994 1036
0.32767181931398259 0.2360569736390071 1037
0.33235886881313931 0.22941076325534229 1038
0.33691113280404372 0.22267151719259079 1039
0.34132676518333338 0.2158419684529447 1040
0.34560397521965502 0.2089248867141934 1041
0.34974102830783532 0.20192307717135899 1042
0.35373624670975251 0.19483937933558479 1043
0.35758801020065389 0.1876766659361836 1044
0.3612947567207927 0.18043784176899849 1045
0.36485498303830749 0.17312584246239299 1046
0.36826724532690752 0.16574363334841699 1047
0.37153015976754761 0.15829420823046511 1048
0.37464240312233371 0.15078058813699519 1049
0.37760271324848182 0.1432058201457129 1050
0.3804098895949779 0.13557297619571659 1051
0.38306279374402691 0.12788515169969819 1052
0.38556034983288712 0.1201454643878891 1053
0.3879015449912252 0.1123570530481571 1054
0.39008542977153893 0.10452307618992961 1055
0.39211111851102798 0.096646710840507549 1056
0.39397778971160652 0.088731151182780105 1057
0.39568468635866699 0.080779607312202253 1058
0.39723111623262108 0.072795303920392102 1059
0.39861645219107739 0.064781478980346252 1060
0.39984013242460831 0.056741382420243819 1061
0.40090166067836419 0.048678274842319187 1062
0.4018006064575454 0.040595426178937043 1063
0.40253660520180817 0.032496114366345218 1064
0.40310935843312018 0.024383624011849521 1065
0.40351863387557718 0.016261245078624659 1066
0.40376426555120792 0.008132271528849877 1067
0.29587792710112348 0.28419460658254919 1068
0.30154077355808268 0.2781788705819806 1069
0.30708133256246739 0.27205032135238871 1070
0.31249735716468952 0.2658114443009717 1071
0.31778665095444242 0.25946476953808012 1072
0.32294706891062458 0.25301287089460772 1073
0.32797651823439727 0.24645836492832329 1074
0.33287295930311828 0.2398039097285331 1075
0.33763440641337239 0.233052203941952 1076
0.34225892856286227 0.22620598571947331 1077
0.34674465034499719 0.2192680314442762 1078
0.35108975260411712 0.2122411547572898 1079
0.35529247320163287 0.20512820538044099 1080
0.35935110776865919 0.19793206789647899 1081
0.36326401036259032 0.19065566063359449 1082
0.36702959412907971 0.18330193449550081 1083
0.3706463319754435 0.17587387170783719 1084
0.37411275715751252 0.16837448467141641 1085
0.37742746389086029 0.16080681471032149 1086
0.38058910793381667 0.15317393080584349 1087
0.38359640710958581 0.14547892840200041 1088
0.38644814181078713 0.13772492819882889 1089
0.38914315554950268 0.12991507474255559 1090
0.39168035538580431 0.1220525352511934 1091
0.3940587123720517 0.1141404983346397 1092
0.39627726199014718 0.1061821726373921 1093
0.39833510451915111 0.09818078561575655 1094
0.40023140542132518 0.090139582153937747 1095
0.40196539566595729 0.082061823301286835 1096
0.40353637204584608 0.073950784935003094 1097
0.40494369746395942 0.065809756424480004 1098
0.40618680119325978 0.057642039284058193 1099
0.40726517910183652 0.049450945871563103 1100
0.40817839386163862 0.041239798023047752 1101
0.40892607512565038 0.03301192570549389 1102
0.4095079196780933 0.024770665662831429 1103
0.40992369155614378 0.01651936007987282 1104
0.41017322214725987 0.0082613552039109712 1105
0.30050101971207061 0.28863514731039391 1106
0.30625234814491981 0.28252541543481668 1107
0.31187947838374819 0.27630110762351279 1108
0.31738012837037999 0.2699647481181679 1109
0.32275206737559797 0.26351890656210653 1110
0.32799311686234539 0.25696619700233009 1111
0.33310115133180251 0.2503092768803229 1112
0.33807409929222249 0.24355084581803621 1113
0.34290994401357422 0.23669364462854001 1114
0.34760672432165002 0.22974045424633549 1115
0.35216253550663112 0.2226940944355886 1116
0.35657552998854958 0.21555742280036841 1117
0.36084391809540201 0.2083333335895067 1118
0.36496596882753818 0.20102475645735809 1119
0.36894001052449948 0.19363465533099111 1120
0.37276443153734068 0.18616602722198999 1121
0.37643768091255397 0.17862190095326949 1122
0.37995826898809298 0.17100533599440471 1123
0.38332476801414972 0.16331942119016801 1124
0.3865358127452776 0.15556727347468269 1125
0.38959010097066799 0.1477520366582798 1126
0.39248639402657598 0.13987688020193401 1127
0.39522351735495931 0.13194499778540669 1128
0.39780036093870341 0.123959606114492 1129
0.40021587975286099 0.1159239436211173 1130
0.40246909420873972 0.10784126908485039 1131
0.40455909052725941 0.099714860391001914 1132
0.40648502113103041 0.091548013125092281 1133
0.4082461049732351 0.083344039290368849 1134
0.40984162785905992 0.075106265949612019 1135
0.41127094273683168 0.066838033868612118 1136
0.41253346996190238 0.058542696147871338 1137
0.41362869752530079 0.050223616900806053 1138
0.41455618126572491 0.041884169867157713 1139
0.41531554504948748 0.033527737044642153 1140
0.41590648092306259 0.02515770731381313 1141
0.41632874923670787 0.01677747508112077 1142
0.41658217874331038 0.0083904388789721104 1143
0.30512411232306341 0.29307568803828238 1144
0.31096392273180218 0.28687196028769463 1145
0.31667762420507373 0.28055189389467672 1146
0.32226289957611493 0.27411805193540179 1147
0.32771748379679722 0.26757304358616851 1148
0.33303916481410972 0.2609195231100862 1149
0.33822578442924989 0.25416018883235431 1150
0.34327523928136822 0.24729778190756951 1151
0.34818548161381713 0.24033508531515649 1152
0.3529545200804779 0.2332749227732242 1153
0.3575804206683042 0.22612015742692601 1154
0.36206130737302078 0.21887369084347019 1155
0.3663953629892085 0.21153846179859401 1156
0.37058082988645358 0.20411744501825721 1157
0.3746160106864444 0.1966136500284065 1158
0.3784992689456359 0.18903011994849639 1159
0.38222902984969759 0.18136993019871739 1160
0.38580378081870548 0.17363618731740749 1161
0.38922207213746962 0.16583202767002761 1162
0.39248251755676772 0.15796061614353379 1163
0.39558379483177841 0.15002514491456981 1164
0.39852464624239159 0.14202883220504861 1165
0.40130387916044108 0.13397492082826601 1166
0.40392036649162621 0.12586667697779799 1167
0.40637304713369282 0.11770738890760141 1168
0.40866092642735302 0.10950036553231431 1169
0.41078307653538731 0.10124893516625209 1170
0.41273863684075318 0.092956444096250909 1171
0.41452681428052918 0.084626255279454235 1172
0.41614688367228853 0.076261746964223692 1173
0.41759818800971688 0.067866311312746341 1174
0.41888013873055657 0.059443353011686073 1175
0.41999221594877528 0.050996287930050219 1176
0.42093396866982002 0.04252854171126845 1177
0.42170501497333118 0.034043548383790929 1178
0.4223050421680371 0.025544748964795121 1179
0.42273380691727558 0.0170355900823689 1180
0.42299113533936272 0.008519522554033248 1181
0.30974720493405089 0.29751622876616612 1182
0.31567549731867978 0.29121850514056807 1183
0.32147577002639449 0.28480268016583632 1184
0.32714567078184498 0.27827135575263151 1185
0.33268290021799179 0.27162718061022662 1186
0.33808521276586923 0.26487284921783871 1187
0.3433504175266931 0.25801110078438239 1188
0.34847637927050951 0.25104471799709949 1189
0.35346101921405548 0.24397652600176981 1190
0.3583023158393015 0.23680939130011 1191
0.36299830582997289 0.2295462204182607 1192
0.3675470847574876 0.22218995888656959 1193
0.37194680788301082 0.2147435900076789 1194
0.37619569094536498 0.20721013357915399 1195
0.38029201084838499 0.1995926447258197 1196
0.3842341063539273 0.19189421267500081 1197
0.38802037878683748 0.18411795944416359 1198
0.39164929264931447 0.17626703864040849 1199
0.3951193762607863 0.16834463414988571 1200
0.39842922236825462 0.1603539588123836 1201
0.40157748869288579 0.15229825317085871 1202
0.40456289845820409 0.14418078420816199 1203
0.40738424096592019 0.13600484387112449 1204
0.41004037204454657 0.12777374784110329 1205
0.4125302145145221 0.1194908341940847 1206
0.41485275864596388 0.1111594619797775 1207
0.41700706254351289 0.1027830099415017 1208
0.41899225255047451 0.094364875067409065 1209
0.42080752358782142 0.085908471268539219 1210
0.42245213948551552 0.077417227978835032 1211
0.42392543328260063 0.068894588756880398 1212
0.4252268074992096 0.060344009875500662 1213
0.42635573437224839 0.051768958959294252 1214
0.42731175607391397 0.043172913555379173 1215
0.42809448489717428 0.034559359722939567 1216
0.42870360341301078 0.025931790615776992 1217
0.42913886459784267 0.017293705083617009 1218
0.42940009193541501 0.0086486062290944184 1219
0.3143702975449767 0.3019567694939902 1220
0.32038707190549559 0.29556504999338451 1221
0.32627391584765408 0.28905346643694169 1222
0.33202844198751458 0.28242465956980972 1223
0.3376483166391267 0.27568131763423592 1224
0.34313126071756989 0.26882617532554531 1225
0.34847505062407791 0.26186201273636672 1226
0.35367751925959368 0.25479165408658833 1227
0.35873655681423777 0.2476179666883444 1228
0.36365011159807031 0.24034385982695969 1229
0.36841619099158801 0.23297228340956139 1230
0.37303286214190212 0.2255062269296372 1231
0.37749825277676202 0.21794871821673431 1232
0.38181055200422692 0.21030282214002349 1233
0.38596801101027761 0.20257163942320749 1234
0.38996894376217212 0.1947583054014819 1235
0.39381172772393241 0.1868659886895884 1236
0.39749480447988 0.17889788996339029 1237
0.40101668038406141 0.1708572406297261 1238
0.40437592717970161 0.1627473014812173 1239
0.40757118255395502 0.1545713614271331 1240
0.41060115067398067 0.14633273621126269 1241
0.41346460277136482 0.13803476691397151 1242
0.41616037759743429 0.12968081870439829 1243
0.41868738189532101 0.1212742794805593 1244
0.4210445908645466 0.11281855842723321 1245
0.42323104855161198 0.10431708471674481 1246
0.42524586826017091 0.095773306038561754 1247
0.42708823289509151 0.087190687257619678 1248
0.42875739529872231 0.07857270899344275 1249
0.43025267855546651 0.069922866201011527 1250
0.43157347626784681 0.061244666739313031 1251
0.43271925279570822 0.052541629988536648 1252
0.43368954347799682 0.043817285399488828 1253
0.43448395482100821 0.035075171062087643 1254
0.4351021646579778 0.026318832266758619 1255
0.43554392227840522 0.017551820084864899 1256
0.43580904853146468 0.0087776899041554692 1257
0.31899339015596612 0.3063973102218755 1258
0.3250986464923748 0.29991159484625962 1259
0.3310720616689764 0.29330425270810268 1260
0.33691121319324652 0.28657796338704089 1261
0.34261373306032278 0.27973545465829541 1262
0.34817730866933078 0.27277950143329888 1263
0.35359968372152251 0.26571292468839591 1264
0.35887865924873641 0.25853859017611941 1265
0.36401209441447779 0.25125940737495889 1266
0.3689979073568953 0.2438783283538464 1267
0.37383407615325842 0.23639834640089691 1268
0.37851863952637049 0.22882249497273741 1269
0.38304969767056579 0.22115384642581989 1270
0.38742541306313938 0.21339551070092111 1271
0.39164401117221992 0.20555063412062149 1272
0.39570378117046467 0.19762239812798699 1273
0.39960307666107381 0.18961401793503521 1274
0.40334031631049022 0.18152874128639199 1275
0.40691398450737909 0.1733698471095847 1276
0.41032263199118962 0.16514064415006749 1277
0.41356487641506329 0.15684446968342239 1278
0.41663940288979417 0.14848468821437641 1279
0.41954496457684493 0.1400646899568303 1280
0.42228038315035549 0.1315878895677039 1281
0.42484454927615117 0.12305772476704289 1282
0.42723642308315829 0.1144776548746966 1283
0.42945503455973849 0.1058511594919946 1284
0.43149948396989252 0.097181737009720062 1285
0.4333689422023842 0.088472903246704773 1286
0.43506265111194981 0.079728190008054131 1287
0.43657992382835081 0.070951143645145653 1288
0.43792014503650017 0.062145323603127661 1289
0.43908277121918199 0.05331430101778073 1290
0.44006733088209121 0.044461657243599573 1291
0.44087342474485153 0.035590982401236322 1292
0.44150072590295192 0.02670587391774059 1293
0.44194897995897259 0.01780993508611305 1294
0.44221800512751691 0.008906773579216605 1295
0.3236164827669572 0.31083785094976241 1296
0.32981022107925551 0.3042581396991359 1297
0.33587020749030028 0.29755503897926522 1298
0.34179398439897951 0.29073126720427328 1299
0.34757914948152058 0.28378959168235618 1300
0.3532233566210935 0.27673282754105383 1301
0.35872431681896849 0.26956383664042632 1302
0.36407979923788081 0.26228552626565149 1303
0.36928763201471931 0.2549008480615742 1304
0.37434570311572168 0.2474127968807342 1305
0.37925196131492978 0.23982440939223351 1306
0.38400441691084009 0.23213876301583841 1307
0.38860114256437078 0.22435897463490639 1308
0.39304027412205361 0.2164881992618195 1309
0.39732001133416311 0.20852962881803599 1310
0.40143861857875862 0.20048649085449269 1311
0.40539442559821609 0.19236204718048261 1312
0.40918582814110138 0.1841595926093941 1313
0.41281128863069788 0.17588245358944371 1314
0.41626933680267858 0.1675339868189181 1315
0.41955857027617272 0.15911757793971201 1316
0.42267765510560878 0.15063664021749071 1317
0.42562532638232581 0.14209461299968931 1318
0.4284003887032774 0.13349496043100961 1319
0.43100171665698223 0.1248411700535268 1320
0.43342825530177098 0.11613675132216029 1321
0.43567902056786562 0.1073852342672446 1322
0.43775309967961512 0.098590167980878496 1323
0.43964965150967772 0.089755119235790007 1324
0.44136790692517758 0.080883671022665762 1325
0.44290716910123551 0.071979421089279835 1326
0.44426681380515398 0.063045980466942361 1327
0.44544628964265592 0.054086972047024853 1328
0.44644511828618572 0.045106029087710282 1329
0.44726289466869518 0.036106793740385168 1330
0.44789928714792582 0.027092915568722561 1331
0.44835403763953968 0.0180680500873612 1332
0.4486269617235692 0.0090358572542777391 1333
0.32823957537788279 0.31527839167758648 1334
0.33452179566607132 0.30860468455195228 1335
0.34066835331155992 0.30180582525037059 1336
0.34667675560464928 0.29488457102145171 1337
0.35254456590265548 0.28784372870636571 1338
0.35826940457279399 0.28068615364876032 1339
0.36384894991635353 0.27341474859241061 1340
0.36928093922696481 0.26603246235514028 1341
0.37456316961490171 0.25854228874814889 1342
0.37969349887449061 0.25094726540758377 1343
0.38466984647654501 0.2432504723835342 1344
0.38949019429525461 0.235455031058906 1345
0.39415258745812232 0.22756410284396189 1346
0.39865513518091561 0.219580887822689 1347
0.40299601149605591 0.2115086235154239 1348
0.40717345598700339 0.20335058358097399 1349
0.41118577453531102 0.1951100764259073 1350
0.41503133997166702 0.18679044393237579 1351
0.41870859275397271 0.1783950600692841 1352
0.42221604161412563 0.1699273294877518 1353
0.42555226413724201 0.1613906861959864 1354
0.42871590732138509 0.1527885922205913 1355
0.43170568818777061 0.14412453604253631 1356
0.43452039425616512 0.1354020312943047 1357
0.43715888403778108 0.12662461534000141 1358
0.43962008752035342 0.11779584776961589 1359
0.44190300657596471 0.1089193090424877 1360
0.44400671538931158 0.09999859895203117 1361
0.4459303608169477 0.091037335224870453 1362
0.44767316273838448 0.082039152037273438 1363
0.44923441437410128 0.073007698533411006 1364
0.45061348257379108 0.063946637330754716 1365
0.45180980806611581 0.054859643076267242 1366
0.45282290569026851 0.045750400931819847 1367
0.45365236459252911 0.036622605079533153 1368
0.45429784839289289 0.027479957219704108 1369
0.45475909532010239 0.018326165088609091 1370
0.45503591831961898 0.0091649409293388662 1371
0.33286266798889053 0.31971893240548932 1372
0.33923337025296851 0.31295122940484399 1373
0.34546649913290028 0.30605661152154751 1374
0.3515595268103987 0.29903787483869793 1375
0.35750998232386921 0.29189786573043952 1376
0.36331545252457242 0.28463947975652759 1377
0.36897358301381511 0.27726566054445251 1378
0.37448207921612431 0.26977939844468352 1379
0.37983870721515778 0.26218372943477458 1380
0.3850412946333317 0.25448173393448131 1381
0.39008773163823102 0.24667653537487971 1382
0.39497597167973819 0.23877129910201539 1383
0.39970403235194102 0.23076923105305619 1384
0.40426999623984261 0.22267357638359461 1385
0.40867201165801209 0.21448761821284529 1386
0.41290829339530971 0.2062146763074858 1387
0.41697712347246552 0.19785810567136039 1388
0.4208768518022899 0.1894212952553832 1389
0.42460589687730282 0.18090766654914789 1390
0.4281627464256253 0.17232067215660671 1391
0.43154595799836137 0.16366379445227991 1392
0.43475415953720947 0.15494054422370901 1393
0.43778604999326048 0.14615445908539851 1394
0.44064039980909597 0.13730910215761319 1395
0.44331605141862018 0.1284080606264876 1396
0.44581191973897361 0.11945494421708169 1397
0.44812699258409883 0.11045338381773941 1398
0.4502603310990404 0.1014070299231911 1399
0.45221107012424699 0.092319551213956907 1400
0.45397841855161769 0.083194633051885972 1401
0.45556165964699091 0.074035975977545937 1402
0.45696015134244938 0.064847294194570013 1403
0.4581733264895933 0.055632314105511803 1404
0.45920069309436629 0.046394772775930959 1405
0.46004183451637509 0.037138416418682117 1406
0.46069640963786879 0.027866998870686201 1407
0.46116415300067087 0.0185842800898573 1408
0.46144487491567188 0.0092940246043999742 1409
0.33748576059988472 0.32415947313337928 1410
0.3439449448398525 0.31729777425772332 1411
0.35026464495422738 0.31030739779271282 1412
0.35644229801613508 0.30319117865593298 1413
0.36247539874507012 0.29595200275450267 1414
0.36836150047633831 0.28859280586428521 1415
0.37409821611126443 0.2811165724964852 1416
0.37968321920527159 0.27352633453421782 1417
0.38511424481540241 0.26582517012139212 1418
0.39038909039216108 0.25801620246137091 1419
0.39550561679990559 0.25010259836621801 1420
0.40046174906421089 0.2420875671451182 1421
0.4052554772457489 0.2339743592621443 1422
0.40988485729875951 0.22576626494449439 1423
0.41434801181995812 0.2174666129102612 1424
0.41864313080360599 0.2090787690339927 1425
0.42276847240961041 0.2006061349168089 1426
0.42672236363290372 0.19205214657838651 1427
0.43050320100062378 0.18342027302900779 1428
0.43410945123711642 0.1747140148254582 1429
0.43753965185947302 0.16593690270857031 1430
0.44079241175302591 0.15709249622682381 1431
0.44386641179874331 0.14818438212825821 1432
0.44676040536201961 0.1392161730209194 1433
0.44947321879945262 0.13019150591297191 1434
0.45200375195758757 0.1211140406645457 1435
0.45435097859222728 0.1119874585929897 1436
0.45651394680876412 0.1028154608943499 1437
0.45849177943154179 0.093601767203042419 1438
0.4602836743648468 0.0843501140664977 1439
0.4618889049198765 0.075064253421680258 1440
0.46330682011110391 0.065747951058384824 1441
0.46453684491306813 0.05640498513475601 1442
0.46557848049846151 0.047039144620041787 1443
0.46643130444021907 0.037654227757830928 1444
0.4670949708828433 0.028254040521668199 1445
0.46756921068123858 0.018842395091105382 1446
0.46785383151172422 0.0094231082794611135 1447
0.34210885321081169 0.32860001386120469 1448
0.34865651942666981 0.32164431911054109 1449
0.3550627907754883 0.31455818406381941 1450
0.36132506922180613 0.30734448247311258 1451
0.3674408151662063 0.30000613977851309 1452
0.37340754842804008 0.29254613197199242 1453
0.37922284920865063 0.28496748444847048 1454
0.38488435919435698 0.27727327062370738 1455
0.39038978241558592 0.26946661080796758 1456
0.39573688615093111 0.26155067098822132 1457
0.40092350196152199 0.2535286613575195 1458
0.40594752644862647 0.24540383518818651 1459
0.4108069221395011 0.23717948747120021 1460
0.41549971835762223 0.2288589535053645 1461
0.42002401198185157 0.2204456076076497 1462
0.42437796821185197 0.21194286176047439 1463
0.42855982134670628 0.20335416416223431 1464
0.43256787546346992 0.19468299790136839 1465
0.43640050512389961 0.18593287950884871 1466
0.4400561560485643 0.17710735749429221 1467
0.44353334572054298 0.16821001096484511 1468
0.446830663968803 0.1592444482299247 1469
0.44994677360418872 0.15021430517110551 1470
0.45288041091490799 0.14112324388421471 1471
0.45563038618025231 0.13197495119944669 1472
0.45819558417617079 0.12277313711200161 1473
0.4605749646003271 0.1135215333682329 1474
0.46276756251846107 0.1042238918655026 1475
0.46477248873881227 0.094883983192122934 1476
0.4665889301780542 0.085505595081105487 1477
0.46821615019274282 0.076092530865811456 1478
0.46965348887974151 0.066648607922197234 1479
0.47090036333652818 0.05717765616399844 1480
0.4719562679025443 0.047683516464151469 1481
0.47282077436405312 0.038170039096978838 1482
0.47349353212781042 0.028641082172649761 1483
0.47397426836180118 0.01910051009235331 1484
0.47426278810777422 0.0095521919545222024 1485
0.34673194582181482 0.33304055458910298 1486
0.35336809401356217 0.32599086396342841 1487
0.35986093659682389 0.318808970334992 1488
0.366207840427551 0.31149778629035491 1489
0.37240623158741532 0.30406027680258307 1490
0.37845359637981402 0.2964994580797562 1491
0.3843474823061076 0.2888183964005091 1492
0.39008549918351232 0.28102020671324751 1493
0.39566532001583787 0.27310805149459039 1494
0.40108468190976809 0.26508513951511609 1495
0.40634138712320389 0.25695472434886252 1496
0.41143330383310622 0.24872010323129359 1497
0.41635836703331602 0.24038461568029229 1498
0.4211145794165459 0.23195164206626809 1499
0.42570001214380432 0.22342460230506911 1500
0.43011280562015469 0.21480695448698461 1501
0.43435117028385722 0.20610219340768571 1502
0.43841338729408952 0.19731384922437431 1503
0.44229780924722661 0.18844548598871111 1504
0.44600286086006102 0.1795007001631459 1505
0.44952703958165968 0.1704831192211374 1506
0.4528689161846246 0.1613964002330413 1507
0.45602713540967621 0.15224422821396669 1508
0.45900041646783629 0.1430303147475224 1509
0.46178755356108908 0.13375839648593221 1510
0.46438741639478892 0.1244322335594667 1511
0.46679895060845927 0.1150556081434841 1512
0.46902117822818817 0.1056323228366621 1513
0.4710531980461099 0.096166199181209042 1514
0.47289418599128602 0.086661076095717743 1515
0.47454339546563101 0.07712080830994622 1516
0.47600015764839809 0.067549264786012364 1517
0.47726388176000478 0.057950327193242883 1518
0.47833405530664119 0.048327888308262387 1519
0.47921024428789849 0.038685850436127753 1520
0.47989209337278588 0.029028123823631811 1521
0.48037932604236949 0.019358625093601461 1522
0.48067174470382679 0.0096812756295833087 1523
0.35135503843280758 0.33748109531699177 1524
0.35807966860044488 0.33033740881630658 1525
0.36465908241814982 0.32305975660615632 1526
0.37109061163328622 0.31565109010758891 1527
0.37737164800861522 0.30811441382664551 1528
0.38349964433157863 0.30045278418751259 1529
0.38947211540355547 0.29266930835254068 1530
0.39528663917265838 0.28476714280278098 1531
0.40094085761608111 0.27674949218120698 1532
0.40643247766859619 0.26861960804200502 1533
0.41175927228487719 0.26038078734020009 1534
0.41691908121757743 0.2520363712743956 1535
0.42190981192712268 0.24358974388937979 1536
0.42672944047546152 0.23504433062716731 1537
0.43137601230574912 0.22640359700248441 1538
0.43584764302845008 0.21767104721349101 1539
0.44014251922100112 0.20885022265313369 1540
0.44425889912470218 0.1999447005473772 1541
0.44819511337054668 0.19095809246857079 1542
0.45194956567155131 0.18189404283199709 1543
0.45552073344277028 0.1727562274774275 1544
0.45890716840044038 0.16354835223615591 1545
0.46210749721515798 0.15427415125682609 1546
0.46512042202075948 0.1449373856108285 1547
0.46794472094192108 0.1355418417724164 1548
0.47057924861340228 0.1260913300069306 1549
0.47302293661658701 0.1165896829187343 1550
0.47527479393791122 0.1070407538078208 1551
0.47733390735340409 0.097448415170294414 1552
0.47919944180451451 0.087816557110329402 1553
0.48087064073851621 0.078149085754080444 1554
0.48234682641705262 0.068449921649827147 1555
0.48362740018347922 0.058722998222487062 1556
0.48471184271073631 0.048972260152373208 1557
0.48559971421174231 0.039201661775276599 1558
0.48629065461776028 0.02941516547461381 1559
0.4867843837229372 0.019616740094849591 1560
0.48708070129987913 0.0098103593046444861 1561
0.35597813104371973 0.34192163604480258 1562
0.3627912431872472 0.33468395366911052 1563
0.36945722823939592 0.32731054287724959 1564
0.37597338283894233 0.31980439392475568 1565
0.38233706442973658 0.3121685508506441 1566
0.38854569228326602 0.3044061102952087 1567
0.39459674850092769 0.29652022030451558 1568
0.40048777916172978 0.28851407889226072 1569
0.40621639521625108 0.28039093286777311 1570
0.41178027342735268 0.27215407656884649 1571
0.41717715744648037 0.26380685033149309 1572
0.42240485860198029 0.25535263931745611 1573
0.42746125682086272 0.24679487209842871 1574
0.43234430153431208 0.23813701918803071 1575
0.43705201246763109 0.22938259169986669 1576
0.44158248043668452 0.2205351399399669 1577
0.44593386815808611 0.21159825189855369 1578
0.45010441095525822 0.2025755518703545 1579
0.45409241749381241 0.1934706989484071 1580
0.45789627048298931 0.1842873855008271 1581
0.46151442730383102 0.17502933573369869 1582
0.46494542061620853 0.16570030423925361 1583
0.46818785902059529 0.15630407429967061 1584
0.47124042757363988 0.14684445647412139 1585
0.47410188832271311 0.13732528705888891 1586
0.47677108083197839 0.1277504264543845 1587
0.47924692262468033 0.118123757693976 1588
0.48152840964760252 0.1084491847789722 1589
0.48361461666066929 0.098730631159373874 1590
0.48550469761771697 0.088972038124936259 1591
0.48719788601137831 0.079177363198210962 1592
0.48869349518568628 0.069350578513639016 1593
0.48999091860693611 0.05949566925172909 1594
0.49108963011481632 0.049616631996482523 1595
0.49198918413557441 0.039717473114424459 1596
0.49268921586272579 0.029802207125595261 1597
0.49318944140349869 0.019874855096097481 1598
0.49348965789592852 0.0099394429797055664 1599
2.7755575615628914e-17 0.49999999999999989 1600
2.7755575615628914e-17 0.25 1601
0.17318108836944823 0.18030061184359122 1602
0.16951524923229042 0.18375140891354946 1603
0.1657806645356649 0.18712768706451033 1604
0.16197884880875529 0.19042807707528422 1605
0.15811134385102787 0.19365124049595459 1606
0.15417971809635031 0.19679587019988493 1607
0.1501855659848427 0.19986069090697267 1608
0.14613050731473556 0.20284445970234932 1609
0.14201618658548404 0.20574596654057886 1610
0.13784427231954643 0.2085640347439959 1611
0.1336164564045855 0.21129752146648934 1612
0.12933445340099053 0.21394531816206455 1613
0.12499999984283541 0.21650635103684868 1614
0.12061485352527401 0.21897958148895222 1615
0.11618079282089519 0.22136400651304677 1616
0.11169961591706187 0.22365865913033828 1617
0.10717314013061571 0.22586260875705705 1618
0.10260320113462228 0.22797496160089217 1619
0.097991652215425051 0.22999486102104799 1620
0.09334036358195312 0.23192148784963584 1621
0.088651221521224802 0.23375406076214958 1622
0.08392612766098094 0.23549183658002393 1623
0.079166998230015134 0.237134110560351 1624
0.074375763261417926 0.2386802166902014 1625
0.069554365789768563 0.24012952796268738 1626
0.064704761104134062 0.24148145661821924 1627
0.05982891591774013 0.24273545439450739 1628
0.054928807578617164 0.24389101274542951 1629
0.050006423306076575 0.2449476630387265 1630
0.045063759340641912 0.24590497675746364 1631
0.040102820106868248 0.24676256567696031 1632
0.035125617511090973 0.24752008200237918 1633
0.030134170007903166 0.24817721853130431 1634
0.025130501809414382 0.24873370877065898 1635
0.020116642145338731 0.24918932703628455 1636
0.015094624336888171 0.24954388855695958 1637
0.010066485009648768 0.24979724954360588 1638
0.0050342633039552193 0.24994930724646236 1639
0.34636217673889647 0.36060122368718245 1640
0.33903049846458083 0.36750281782709893 1641
0.3315613290713299 0.37425537412902077 1642
0.32395769761751059 0.38085615415056845 1643
0.31622268770205569 0.38730248099190911 1644
0.30835943619270056 0.3935917403997698 1645
0.30037113196968535 0.39972138181394529 1646
0.29226101462947113 0.40568891940469864 1647
0.28403237317096797 0.41149193308115767 1648
0.27568854463909287 0.41712806948799169 1649
0.26723291280917089 0.42259504293297867 1650
0.25866890680198096 0.42789063632412899 1651
0.24999999968567083 0.43301270207369735 1652
0.24122970705054808 0.43795916297790449 1653
0.23236158564179032 0.4427280130260936 1654
0.22339923183412372 0.44731731826067661 1655
0.21434628026123137 0.45172521751411399 1656
0.20520640226924455 0.45594992320178429 1657
0.19598330443085013 0.45998972204209593 1658
0.1866807271639063 0.4638429756992718 1659
0.1773024430424496 0.46750812152429916 1660
0.16785225532196199 0.47098367316004797 1661
0.15833399646003027 0.47426822112070199 1662
0.14875152652283602 0.47736043338040279 1663
0.13910873157953704 0.48025905592537488 1664
0.12940952220826824 0.48296291323643858 1665
0.11965783183548018 0.48547090878901478 1666
0.10985761515723433 0.48778202549085903 1667
0.10001284661215323 0.4898953260774529 1668
0.090127518681283714 0.49180995351492718 1669
0.080205640213736551 0.49352513135392073 1670
0.070251235022181918 0.49504016400475853 1671
0.060268340015806249 0.49635443706260873 1672
0.050261003618828709 0.49746741754131807 1673
0.040233284290677462 0.49837865407256909 1674
0.03018924867377637 0.49908777711391905 1675
0.020132970019297675 0.49959449908721176 1676
0.010068526607910439 0.49989861449292483 1677
2.7755575615628914e-17 0.25641025641025428 1678
2.7755575615628914e-17 0.2628205128205009 1679
2.7755575615628914e-17 0.26923076923075506 1680
2.7755575615628914e-17 0.27564102564100934 1681
2.7755575615628914e-17 0.28205128205125585 1682
0 0.28846153846148948 1683
2.7755575615628914e-17 0.29487179487172599 1684
2.7755575615628914e-17 0.30128205128194974 1685
2.7755575615628914e-17 0.30769230769218436 1686
2.7755575615628914e-17 0.31410256410241988 1687
2.7755575615628914e-17 0.3205128205126434 1688
2.7755575615628914e-17 0.32692307692287936 1689
2.7755575615628914e-17 0.33333333333311355 1690
2.7755575615628914e-17 0.33974358974334484 1691
2.7755575615628914e-17 0.34615384615358957 1692
2.7755575615628914e-17 0.35256410256383797 1693
2.7755575615628914e-17 0.35897435897404018 1694
2.7755575615628914e-17 0.36538461538429234 1695
2.7755575615628914e-17 0.3717948717945444 1696
2.7755575615628914e-17 0.37820512820476038 1697
2.7755575615628914e-17 0.38461538461504619 1698
2.7755575615628914e-17 0.39102564102533444 1699
2.7755575615628914e-17 0.3974358974355755 1700
2.7755575615628914e-17 0.40384615384585909 1701
2.7755575615628914e-17 0.41025641025614967 1702
5.5511151231257827e-17 0.41666666666639057 1703
2.7755575615628914e-17 0.42307692307669653 1704
2.7755575615628914e-17 0.42948717948699555 1705
2.7755575615628914e-17 0.43589743589720586 1706
2.7755575615628914e-17 0.44230769230750711 1707
5.5511151231257827e-17 0.44871794871781068 1708
2.7755575615628914e-17 0.45512820512802121 1709
5.5511151231257827e-17 0.46153846153834827 1710
2.7755575615628914e-17 0.46794871794865645 1711
2.7755575615628914e-17 0.47435897435886909 1712
2.7755575615628914e-17 0.48076923076918943 1713
2.7755575615628914e-17 0.48717948717949577 1714
2.7755575615628914e-17 0.49358974358968644 1715
0.0051633469784155561 0.25635826384252336 1716
0.010324600009896059 0.25620230722420917 1717
0.015481665986551887 0.25594244980200781 1718
0.020632453482398533 0.25557879696028996 1719
0.025774873650681221 0.25511149617503304 1720
0.030906841033746593 0.2545407369551822 1721
0.036026274370349512 0.25386675077166931 1722
0.041131097545505604 0.25308981095072691 1723
0.046219240349376009 0.2522102325717559 1724
0.051288639288283394 0.25122837234741013 1725
0.056337238542170959 0.25014462845684921 1726
0.061362990684861271 0.24895944040462153 1727
0.066363857542701257 0.24767328883919787 1728
0.071337811066428919 0.24628669534634473 1729
0.076282834114274514 0.24480022224635914 1730
0.08119692126155352 0.24321447236958965 1731
0.086078079652287753 0.24153008880002341 1732
0.090924329765358386 0.23974775462784464 1733
0.095733706237900201 0.23786819266629217 1734
0.10050425868248683 0.23589216514979183 1735
0.10523405244576602 0.23382047343681156 1736
0.10992116936473366 0.23165395769954478 1737
0.11456370863288357 0.22939349654393593 1738
0.11915978750861009 0.22704000668004726 1739
0.12370754207720377 0.22459444255277083 1740
0.12820512804393344 0.22205779593522879 1741
0.132650721436913 0.21943109555083484 1742
0.13704251938931808 0.21671540663229621 1743
0.14137874084056012 0.21391183050666193 1744
0.14565762726716291 0.21102150414418316 1745
0.14987744339972847 0.20804559969471689 1746
0.15403647793317177 0.20498532400715111 1747
0.15813304420138466 0.20184191815372782 1748
0.16216548087284891 0.19861665691892755 1749
0.16613215262436418 0.19531084828234258 1750
0.17003145080581009 0.19192583288667717 1751
0.17386179408440033 0.18846298350107629 1752
0.17762162909687002 0.18492370445496539 1753
0.0052924306528758513 0.26276722043857698 1754
0.010582715010143184 0.26260736490480513 1755
0.015868707636215104 0.26234101104704888 1756
0.021148264819457724 0.26196826688428848 1757
0.026419245491947435 0.26148928357940038 1758
0.031679512059589229 0.2609042553790536 1759
0.036926931229607066 0.26021341954095312 1760
0.042159374984142017 0.25941705622448724 1761
0.047374721358109037 0.25851548838604238 1762
0.052570855270489089 0.25750908165608832 1763
0.057745669505723754 0.25639824416826368 1764
0.062897065451981163 0.25518342641473046 1765
0.068022953981267148 0.25386512106017156 1766
0.073121256343087832 0.2524438627299973 1767
0.078189904967129464 0.25092022780251233 1768
0.083226844293090574 0.24929483417882387 1769
0.088230031643593179 0.2475683410200189 1770
0.093197438009490471 0.24574144849353585 1771
0.098127048893845853 0.24381489748294483 1772
0.10301686514954715 0.24178946927853229 1773
0.10786490375690824 0.23966598527272764 1774
0.11266919859885027 0.23744530664202967 1775
0.11742780134870388 0.23512833395753074 1776
0.12213878219632354 0.23271600684704513 1777
0.12680023062913215 0.23020930361658706 1778
0.13141025624503017 0.22760924083360667 1779
0.13596698947283431 0.22491687293960316 1780
0.14046858237404955 0.22213329179810126 1781
0.14491320936157287 0.21925962626932652 1782
0.14929906794884057 0.21629704174778577 1783
0.15362437948472063 0.21324673968708327 1784
0.15788738988150003 0.21010995710732852 1785
0.16208637030641843 0.2068879661075699 1786
0.16621961789466944 0.20358207334189984 1787
0.17028545643997278 0.20019361948940054 1788
0.1742822370759548 0.19672397870884359 1789
0.17820833893651003 0.19317455808860284 1790
0.18206216982429155 0.18954679706633931 1791
0.0054215143273361466 0.26917617703463809 1792
0.010840830010390434 0.26901242258540836 1793
0.016255749285878779 0.26873957229209722 1794
0.021664076156517637 0.26835773680829378 1795
0.027063617333214218 0.26786707098377438 1796
0.032452183085432657 0.26726777380293126 1797
0.037827588088865549 0.26656008831024303 1798
0.043187652422779346 0.26574430149825384 1799
0.048530202366843189 0.26482074420033469 1800
0.053853071252695714 0.26378979096477201 1801
0.059154100469277715 0.26265185987968337 1802
0.064431140219102415 0.26140741242484467 1803
0.069682050419834315 0.26005695328115014 1804
0.074904701619748187 0.25860103011365465 1805
0.080096975819985969 0.25704023335867016 1806
0.085256767324629043 0.25537519598806241 1807
0.090381983634899868 0.25360659324001822 1808
0.095470546253624014 0.25173514235923089 1809
0.10052039154979293 0.24976160229960118 1810
0.1055294716166089 0.24768677340727607 1811
0.11049575506805198 0.24551149710864706 1812
0.11541722783296816 0.24323665558451743 1813
0.12029189406452559 0.24086317137112834 1814
0.1251177768840385 0.23839200701404556 1815
0.12989291918106188 0.23582416468040573 1816
0.13461538444612808 0.23316068573198681 1817
0.13928325750875672 0.23040265032837343 1818
0.14389464535878219 0.2275511769639082 1819
0.1484476778825865 0.22460742203199255 1820
0.15294050863051933 0.22157257935138983 1821
0.15737131556971348 0.21844787967945078 1822
0.16173830182982901 0.21523459020750693 1823
0.16603969641145289 0.21193401406141282 1824
0.17027375491649038 0.20854748976487272 1825
0.17443876025558169 0.20507639069645886 1826
0.17853302334609994 0.20152212453101037 1827
0.18255488378861998 0.1978861326761297 1828
0.18650271055171316 0.19416988967771337 1829
0.0055505980017964418 0.27558513363069903 1830
0.011098945010637823 0.27541748026601154 1831
0.016642790935542495 0.27513813353714545 1832
0.022179887493577383 0.27474720673229924 1833
0.027707989174481099 0.27424485838814833 1834
0.033224854111276139 0.27363129222680904 1835
0.038728244948123977 0.2729067570795331 1836
0.044215929861416772 0.27207154677202039 1837
0.049685683375577203 0.271126000014627 1838
0.055135287234902589 0.27007050027345569 1839
0.060562531432831662 0.26890547559110317 1840
0.065965214986223528 0.26763139843495876 1841
0.071341146858401497 0.26624878550212872 1842
0.076688146896408529 0.264758197497312 1843
0.082004046672842459 0.26316023891482787 1844
0.087286690356167443 0.2614555577973009 1845
0.092533935626206612 0.25964484546001776 1846
0.097743654497757557 0.25772883622492593 1847
0.10291373420574017 0.25570830711625753 1848
0.10804207808367068 0.25358407753601997 1849
0.11312660637919582 0.25135700894456658 1850
0.11816525706708611 0.24902800452700513 1851
0.12315598678034724 0.24659800878472596 1852
0.12809677157175331 0.24406800718104601 1853
0.13298560773299162 0.24143902574422427 1854
0.13782051264722608 0.23871213063036689 1855
0.1425995255446792 0.23588842771714369 1856
0.14732070834351485 0.23296906212971513 1857
0.15198214640360028 0.22995521779465872 1858
0.15658194931219827 0.22684811695499421 1859
0.16111825165470645 0.2236490196718183 1860
0.16558921377815813 0.22035922330768543 1861
0.16999302251648729 0.2169800620152558 1862
0.17432789193831147 0.21351290618784574 1863
0.17859206407119069 0.20995916190351727 1864
0.1827838096162451 0.20632027035317718 1865
0.18690142864072984 0.20259770726365642 1866
0.19094325127913497 0.19879298228908757 1867
0.005679681676256737 0.28199409022675259 1868
0.011357060010884795 0.2818225379466075 1869
0.017029832585205656 0.28153669478218663 1870
0.022695698830636629 0.28113667665629771 1871
0.02835236101574734 0.28062264579251572 1872
0.033997525137118817 0.27999481065068044 1873
0.03962890180738167 0.27925342584881685 1874
0.04524420730005313 0.27839879204578094 1875
0.050841164384310328 0.27743125582891359 1876
0.056417503217108186 0.27635120958213383 1877
0.061970962396384513 0.27515909130251748 1878
0.067499289753343475 0.27385538444506774 1879
0.073000243296967346 0.27244061772310241 1880
0.078471592173067539 0.27091536488096463 1881
0.083911117525697521 0.26928024447098109 1882
0.089316613387704469 0.26753591960653528 1883
0.094685887617512093 0.26568309768001319 1884
0.10001676274188959 0.26372253009061719 1885
0.10530707686168575 0.26165501193291008 1886
0.11055468455073098 0.25948138166476031 1887
0.11575745769033813 0.25720252078048272 1888
0.12091328630120263 0.25481935346948997 1889
0.12602007949616761 0.25233284619832086 1890
0.13107576625946682 0.24974400734804386 1891
0.1360782962849201 0.24705388680804055 1892
0.14102564084832278 0.24426357552874478 1893
0.14591579358060053 0.24137420510591218 1894
0.15074677132824632 0.23838694729552021 1895
0.1555166149246128 0.23530301355732303 1896
0.16022338999387598 0.23212365455859679 1897
0.16486518773969855 0.22885015966418468 1898
0.16944012572648645 0.22548385640786281 1899
0.17394634862152097 0.22202610996909777 1900
0.17838202896013178 0.21847832261081793 1901
0.18274536788679921 0.21484193311057515 1902
0.18703459588638982 0.21111841617534352 1903
0.19124797349283953 0.20730928185118297 1904
0.19538379200655659 0.20341607490046149 1905
0.0058087653507166159 0.2884030468227935 1906
0.011615175011131323 0.28822759562719119 1907
0.017416874234868263 0.28793525602721592 1908
0.023211510167694988 0.28752614658028464 1909
0.028996732857012347 0.2870004331968718 1910
0.034770196162960149 0.28635832907454078 1911
0.040529558666637822 0.28560009461809011 1912
0.046272484738687933 0.28472603731953122 1913
0.05199664539304158 0.28373651164319014 1914
0.057699719199311883 0.28263191889080252 1915
0.063379393359935116 0.28141270701392296 1916
0.06903336452046116 0.2800793704551679 1917
0.074659339735530905 0.27863244994406755 1918
0.080255037449724148 0.27707253226460921 1919
0.085818188378550361 0.27540025002712676 1920
0.091346536419239038 0.27361628141576233 1921
0.096837839608814924 0.27172134990000163 1922
0.10228987098601929 0.2697162239563019 1923
0.10770041951762893 0.26760171674955663 1924
0.11306729101778878 0.26537868579349505 1925
0.11838830900147805 0.26304803261639353 1926
0.12366131553531667 0.26061070241196954 1927
0.12888417221198545 0.25806768361191079 1928
0.13405476094717808 0.25542000751503746 1929
0.13917098483684617 0.25266874787185256 1930
0.14423076904941734 0.24981502042711898 1931
0.14923206161651983 0.24685998249467705 1932
0.15417283431297585 0.2438048324613222 1933
0.15905108344562363 0.24065080931998481 1934
0.16386483067555205 0.2373991921621971 1935
0.16861212382468896 0.23405129965654875 1936
0.17329103767481327 0.23060848950803836 1937
0.17789967472655346 0.22707215792293825 1938
0.18243616598195128 0.22344373903378892 1939
0.18689867170240673 0.21972470431763186 1940
0.19128538215653404 0.21591656199750922 1941
0.19559451834494881 0.21202085643870916 1942
0.19982433273397787 0.20803916751183518 1943
0.0059378490251766058 0.29481200341883729 1944
0.01187329001137799 0.29463265330777766 1945
0.017803915884530952 0.29433381727224783 1946
0.02372732150475354 0.29391561650427417 1947
0.029641104698277604 0.29337822060123042 1948
0.035542867188801758 0.2927218474984038 1949
0.041430215525894265 0.29194676338736575 1950
0.047300762177323027 0.29105328259328384 1951
0.053152126401773192 0.29004176745746918 1952
0.058981935181516065 0.28891262819947339 1953
0.064787824323486315 0.28766632272533016 1954
0.070567439287579511 0.28630335646527022 1955
0.076318436174095061 0.28482428216503491 1956
0.082038482726381465 0.28322969964825562 1957
0.087725259231403549 0.28152025558327404 1958
0.093376459450774177 0.27969664322499088 1959
0.098989791600118282 0.27775960211999168 1960
0.10456297923014944 0.275709917821988 1961
0.11009376217357263 0.27354842156620446 1962
0.11557989748484718 0.2712759899222309 1963
0.12101916031261832 0.2688935444523054 1964
0.12640934476943139 0.26640205135445039 1965
0.13174826492780387 0.26380252102550189 1966
0.13703375563488973 0.26109600768203178 1967
0.14226367338877288 0.25828360893566565 1968
0.14743589725051226 0.2553664653254939 1969
0.15254832965243942 0.2523457598834426 1970
0.15759889729770571 0.24922271762712481 1971
0.16258555196663488 0.24599860508264715 1972
0.16750627135722856 0.2426747297657979 1973
0.1723590599096797 0.23925243964891335 1974
0.17714194962314031 0.23573312260821416 1975
0.18185300083158606 0.23211820587677892 1976
0.1864903030037709 0.22840915545676016 1977
0.19105197551801439 0.22460747552468882 1978
0.19553616842667823 0.220714707819675 1979
0.19994106319705812 0.21673243102623527 1980
0.20426487346139932 0.21266226012320902 1981
0.0060669326996364292 0.30122096001486848 1982
0.012131405011624186 0.3010377109883518 1983
0.018190957534192892 0.30073237851726775 1984
0.024243132841811149 0.30030508642825204 1985
0.03028547653954175 0.29975600800557778 1986
0.036315538214642146 0.29908536592225587 1987
0.04233087238514921 0.29829343215663084 1988
0.048329039615956526 0.29738052786702629 1989
0.054307607410503056 0.29634702327173823 1990
0.060264151163718194 0.2951933375081347 1991
0.066196255287035405 0.29391993843672842 1992
0.07210151405469567 0.29252734247536372 1993
0.077977532612656983 0.29101611438599378 1994
0.083821928003036228 0.28938686703189409 1995
0.089632330084254364 0.28764026113941377 1996
0.095406382482306928 0.28577700503421233 1997
0.10114174359141934 0.2837978543399749 1998
0.10683608747427709 0.28170361168766755 1999
0.11248710482951384 0.27949512638284618 2000
0.11809250395190306 0.27717329405096103 2001
0.12365001162375623 0.27473905628821182 2002
0.12915737400354357 0.27219340029692607 2003
0.13461235764362009 0.26953735843908833 2004
0.14001275032259913 0.26677200784902177 2005
0.14535636194069723 0.26389846999947458 2006
0.15064102545160518 0.26091791022386523 2007
0.15586459768835698 0.25783153727220487 2008
0.16102496028243379 0.25464060279292444 2009
0.16612002048764415 0.25134640084530663 2010
0.17114771203890325 0.24795026736939624 2011
0.17610599599466914 0.24445357964127593 2012
0.1809928615714661 0.24085775570838827 2013
0.18580632693661764 0.23716425383061823 2014
0.1905444400255894 0.23337457187972993 2015
0.19520527933362145 0.2294902467317449 2016
0.19978695469682176 0.22551285364183998 2017
0.20428760804916693 0.22144400561376087 2018
0.20870541418882041 0.21728535273458244 2019
0.0061960163740962804 0.30762991661091049 2020
0.012389520011870714 0.30744276866893661 2021
0.018577999183855498 0.30713093976229811 2022
0.024758944178869507 0.30669455635223997 2023
0.030929848380806979 0.30613379540993491 2024
0.037088209240483672 0.30544888434611717 2025
0.043231529244405403 0.30464010092590504 2026
0.049357317054591426 0.30370777314077757 2027
0.055463088419234544 0.30265227908601577 2028
0.061546367145922098 0.30147404681680434 2029
0.067604686250586132 0.30017355414813462 2030
0.073635588821813508 0.29875132848546465 2031
0.079636629051220653 0.29720794660695965 2032
0.08560537327969317 0.29554403441553939 2033
0.091539400937107301 0.2937602666955601 2034
0.097436305513841706 0.29185736684343999 2035
0.10329369558272242 0.289836106559964 2036
0.10910919571840694 0.28769730555335282 2037
0.11488044748545716 0.28544183119949318 2038
0.12060511041896115 0.28307059817969604 2039
0.12628086293489632 0.28058456812412302 2040
0.13190540323765787 0.2779847492394063 2041
0.13747645035943823 0.27527219585267892 2042
0.14299174501031056 0.27244800801601565 2043
0.14844905049262361 0.26951333106328706 2044
0.15384615365269999 0.26646935512223974 2045
0.15918086572427637 0.26331731466097003 2046
0.16445102326716354 0.26005848795872671 2047
0.16965448900865515 0.25669419660796855 2048
0.1747891527205796 0.25322580497299679 2049
0.17985293207965972 0.24965471963364014 2050
0.18484377351979306 0.24598238880856399 2051
0.18975965304165021 0.24221030178445879 2052
0.19459857704740885 0.23833998830270106 2053
0.19935858314922922 0.23437301793880186 2054
0.20403774096696592 0.23031099946400563 2055
0.20863415290127621 0.22615558020128693 2056
0.2131459549162418 0.22190844534595616 2057
0.0063251000485562703 0.31403887320695323 2058
0.012647635012117353 0.31384782634952191 2059
0.018965040833518076 0.31352950100732896 2060
0.025274755515927977 0.31308402627622844 2061
0.031574220222072125 0.31251158281429259 2062
0.03786088026632517 0.31181240276997912 2063
0.044132186103661791 0.3109867696951798 2064
0.050385594493226327 0.3100350184145293 2065
0.056618569427965976 0.30895753490029376 2066
0.062828583128126086 0.30775475612547432 2067
0.069013117214137193 0.30642716985954105 2068
0.075169663588931609 0.3049753144955662 2069
0.081295725489784601 0.30339977882792624 2070
0.08738881855635014 0.30170120179918503 2071
0.093446471789960336 0.29988027225170683 2072
0.099466228545376636 0.29793772865266799 2073
0.10544564757402566 0.29587435877995349 2074
0.111382303962537 0.29369099941903842 2075
0.1172737901414006 0.29138853601614045 2076
0.12311771688601932 0.2889679023084315 2077
0.12891171424603648 0.2864300799600345 2078
0.13465343247177231 0.28377609818188665 2079
0.14034054307525642 0.28100703326626952 2080
0.14597073969802193 0.27812400818300959 2081
0.15154173904455007 0.27512819212709971 2082
0.15705128185379486 0.27202080002061441 2083
0.16249713376019587 0.2688030920497354 2084
0.16787708625189329 0.2654763731245291 2085
0.17318895752966607 0.26204199237063058 2086
0.17843059340225587 0.25850134257659729 2087
0.1835998681646504 0.2548558596260046 2088
0.1886946854681201 0.25110702190873974 2089
0.19371297914668284 0.24725634973829946 2090
0.19865271406922844 0.24330540472567219 2091
0.20351188696483682 0.23925578914585865 2092
0.20828852723711011 0.23510914528617141 2093
0.21298069775338546 0.23086715478881306 2094
0.2175864956436632 0.22653153795732991 2095
0.0064541837230161214 0.32044782980298436 2096
0.012905750012363548 0.32025288403009616 2097
0.019352082483180044 0.31992806225234899 2098
0.02579056685298553 0.31947349620020637 2099
0.032218592063336243 0.31888937021863994 2100
0.038633551292165419 0.31817592119383115 2101
0.045032842962916736 0.31733343846444495 2102
0.051413871931859839 0.31636226368827181 2103
0.057774050436695812 0.31526279071456298 2104
0.064110799110328215 0.31403546543413563 2105
0.070421548177686172 0.31268078557093926 2106
0.076703738356047699 0.31119930050565958 2107
0.082954821928346495 0.30959161104888505 2108
0.089172263833004972 0.30785836918282361 2109
0.095353542642811095 0.30600027780784644 2110
0.10149615157690933 0.30401809046188943 2111
0.10759759956532668 0.30191261099993671 2112
0.11365541220666461 0.29968469328471803 2113
0.11966713279734197 0.29733524083278229 2114
0.12563032335307531 0.29486520643716174 2115
0.13154256555717447 0.29227559179594098 2116
0.13740146170588441 0.28956744712436222 2117
0.14320463579107251 0.2867418706798559 2118
0.14894973438573139 0.28380000834999963 2119
0.1546344275964745 0.28074305319090875 2120
0.16025641005488772 0.27757224491898563 2121
0.16581340179611354 0.27428886943849762 2122
0.1713031492366214 0.27089425829032876 2123
0.17672342605067551 0.26738978813329012 2124
0.18207203408393055 0.26377688018019568 2125
0.18734680424963973 0.2600569996183672 2126
0.19254559741644584 0.25623165500891387 2127
0.19766630525171441 0.25230239769213869 2128
0.20270685109104697 0.2482708211486421 2129
0.20766519078044382 0.2441385603529147 2130
0.21253931350725377 0.23990729110833653 2131
0.21732724260549444 0.23557872937633884 2132
0.22202703637108431 0.23115463056870347 2133
0.0065832673974761113 0.32685678639902765 2134
0.013163865012610132 0.32665794171068208 2135
0.019739124132842789 0.3263266234973804 2136
0.026306378190044027 0.32586296612419541 2137
0.032862963904601444 0.32526715762299807 2138
0.039406222318007056 0.3245394396176936 2139
0.045933499822173179 0.32368010723371998 2140
0.05244214937049485 0.32268950896202386 2141
0.058929531445427341 0.32156804652884136 2142
0.065393015092532397 0.32031617474280605 2143
0.07182997914123733 0.3189344012823464 2144
0.078237813123165925 0.31742328651576152 2145
0.084613918366910498 0.31578344326985197 2146
0.090955709109662122 0.31401553656646952 2147
0.09726061349566438 0.31212028336399339 2148
0.10352607460844439 0.31009845227111765 2149
0.10974955155662998 0.30795086321992649 2150
0.11592852045079476 0.30567838715040391 2151
0.12206047545328551 0.30328194564942984 2152
0.12814292982013353 0.30076251056589731 2153
0.13417341686831483 0.29812110363185279 2154
0.14014949093999918 0.29535879606684307 2155
0.1460687285068909 0.29247670809344689 2156
0.15192872907344301 0.2894760085169939 2157
0.15772711614840107 0.28635791425472157 2158
0.16346153825598261 0.28312368981736041 2159
0.16912966983203309 0.27977464682726311 2160
0.17472921222135113 0.2763121434561312 2161
0.18025789457168664 0.27273758389595232 2162
0.18571347476560701 0.2690524177837964 2163
0.1910937403346305 0.26525813961073169 2164
0.19639650936477296 0.26135628810908967 2165
0.20161963135674701 0.25734844564597942 2166
0.20676098811286661 0.2532362375716134 2167
0.21181849459605157 0.24902133155997166 2168
0.21679009977739802 0.2447054369305022 2169
0.22167378745760369 0.240290303963865 2170
0.22646757709850565 0.23577772318007711 2171
0.0067123510719360457 0.33326574299506895 2172
0.013421980012856605 0.33306299939126621 2173
0.020126165782505229 0.33272518474241031 2174
0.026822189527102414 0.33225243604818283 2175
0.03350733574586659 0.33164494502735475 2176
0.040178893343848443 0.33090295804155456 2177
0.046834156681429262 0.33002677600299379 2178
0.053470426809129723 0.3290167542357747 2179
0.060085012454158759 0.32787330234311862 2180
0.066675231074736024 0.32659688405147513 2181
0.073238410104788154 0.3251880169937521 2182
0.079771887890283749 0.32364727252586217 2183
0.086273014805474182 0.32197527549081745 2184
0.092739154386318801 0.3201727039501146 2185
0.099167684348517124 0.31824028892013945 2186
0.10555599763997915 0.31617881408034521 2187
0.11190150354793298 0.31398911543991515 2188
0.11820162869492452 0.3116720810160889 2189
0.12445381810922876 0.30922865046607656 2190
0.13065553628719145 0.30665981469463216 2191
0.13680426817945474 0.30396661546776371 2192
0.14289752017411322 0.3011501450093228 2193
0.14893282122270884 0.2982115455070371 2194
0.15490772376115436 0.29515200868398761 2195
0.16081980470032725 0.29197277531853394 2196
0.16666666645707734 0.2886751347157348 2197
0.17244593786795237 0.28526042421602815 2198
0.17815527520608088 0.28173002862193336 2199
0.1837923630926975 0.27808537965861413 2200
0.18935491544728308 0.27432795538739668 2201
0.19484067641962097 0.27045927960309585 2202
0.20024742131309992 0.26648092120926536 2203
0.20557295746177953 0.26239449359981987 2204
0.21081512513468598 0.25820165399458428 2205
0.21597179841165914 0.25390410276702846 2206
0.22104088604754218 0.24950358275266793 2207
0.22602033230971294 0.24500187855139105 2208
0.23090811782592716 0.24040081579145106 2209
0.0068414347463959246 0.33967469959110774 2210
0.013680095013103161 0.33946805707184768 2211
0.020513207432167779 0.33912374598743722 2212
0.02733800086416055 0.33864190597216759 2213
0.034151707587131375 0.33802273243170883 2214
0.04095156436968958 0.33726647646541297 2215
0.047734813540685095 0.33637344477226505 2216
0.054498704247764151 0.33534399950952321 2217
0.061240493462889595 0.33417855815739345 2218
0.067957447056939402 0.33287759336014205 2219
0.074646841068338493 0.3314416327051557 2220
0.081305962657401101 0.32987125853596083 2221
0.087932111244037506 0.32816710771178137 2222
0.094522599662975118 0.32632987133375774 2223
0.10107475520136941 0.32436029447628367 2224
0.10758592067151315 0.32225917588957081 2225
0.1140534555392355 0.32002736765990247 2226
0.12047473693905356 0.31766577488177239 2227
0.12684716076517155 0.31517535528272206 2228
0.13316814275424876 0.31255711882336573 2229
0.13943511949059406 0.30981212730367336 2230
0.14564554940822691 0.30694149395180159 2231
0.15179691393852629 0.30394638292062626 2232
0.15788671844886504 0.30082800885098016 2233
0.16391249325225313 0.29758763638234531 2234
0.16987179465817134 0.2942265796141082 2235
0.1757622059038712 0.29074620160479248 2236
0.18158133819081007 0.2871479137877348 2237
0.18732683161370797 0.28343317542127533 2238
0.19299635612895893 0.27960349299099652 2239
0.19858761250461124 0.27566041959545956 2240
0.20409833326142662 0.27160555430944061 2241
0.20952628356681177 0.26744054155366009 2242
0.21486926215650515 0.26316707041755494 2243
0.22012510222726672 0.25878687397408523 2244
0.22529167231768607 0.2543017285748333 2245
0.23036687716182208 0.24971345313891705 2246
0.23534865855334844 0.24502390840282473 2247
0.0069705184208560533 0.34608365618715953 2248
0.01393821001335005 0.34587311475244198 2249
0.020900249081830802 0.34552230723247668 2250
0.027853812201219796 0.34503137589616462 2251
0.034796079428397436 0.34440051983607467 2252
0.041724235395531967 0.34362999488928292 2253
0.04863547039994251 0.34272011354154752 2254
0.055526981686400328 0.34167124478328226 2255
0.062395974471622401 0.34048381397167859 2256
0.069239663039144833 0.33915830266881897 2257
0.076055272031890886 0.33769524841656889 2258
0.082840037424520702 0.33609524454606865 2259
0.089591207682602952 0.33435893993275395 2260
0.096306044939633684 0.3324870387174092 2261
0.10298182605422415 0.33048030003243606 2262
0.10961584370305008 0.3283395376988042 2263
0.11620540753054048 0.32606561987989691 2264
0.12274784518318539 0.32365946874746276 2265
0.12924050342111676 0.32112206009937377 2266
0.13568074922130877 0.3184544229521053 2267
0.14206597080173619 0.31565763913958894 2268
0.14839357864234298 0.3127328428942856 2269
0.15466100665434637 0.30968122033422046 2270
0.16086571313657833 0.30650400901797747 2271
0.16700518180418109 0.3032024974461609 2272
0.17307692285926779 0.29977802451248564 2273
0.17907847393979209 0.29623197899356013 2274
0.1850074011755411 0.2925657989535394 2275
0.1908613001347203 0.28878097118393936 2276
0.19663779681063648 0.28487903059459896 2277
0.20233454858960298 0.2808615595878256 2278
0.20794924520975447 0.27673018740961758 2279
0.21347960967184529 0.27248658950750182 2280
0.21892339917832546 0.26813248684052698 2281
0.22427840604287491 0.26366964518114266 2282
0.22954245858783071 0.25909987439699961 2283
0.23471342201393164 0.25442502772644349 2284
0.23978919928076994 0.24964700101419854 2285
0.0070996020953163763 0.35249261278321481 2286
0.014196325013597189 0.35227817243303955 2287
0.021287290731494157 0.35192086847751963 2288
0.028369623538279015 0.35142084582016453 2289
0.03544045126966372 0.35077830724044345 2290
0.042496906421374964 0.34999351331315576 2291
0.049536127259200369 0.34906678231083277 2292
0.056555259125036894 0.34799849005704409 2293
0.063551455480355679 0.34678906978596646 2294
0.070521879021350764 0.34543901197749838 2295
0.077463702995444 0.34394886412798453 2296
0.084374112191640815 0.3423192305561788 2297
0.091250304121169135 0.3405507721537287 2298
0.098089490216293027 0.33864420610106305 2299
0.10488889690707949 0.33660030558859022 2300
0.1116457667345874 0.33441989950803935 2301
0.11835735952184624 0.33210387209989334 2302
0.12502095342731767 0.32965316261315469 2303
0.13163384607706272 0.32706876491602727 2304
0.13819335568836943 0.32435172708084659 2305
0.14469682211287871 0.32150315097550575 2306
0.15114160787645986 0.318524191836771 2307
0.15752509937016698 0.31541605774781589 2308
0.16384470782429203 0.3121800091849759 2309
0.17009787035610993 0.30881735850997777 2310
0.17628205106036482 0.30532946941086403 2311
0.18239474197571373 0.30171775638232901 2312
0.18843346416027304 0.297983684119345 2313
0.19439576865573333 0.29412876694660434 2314
0.20027923749231444 0.29015456819820196 2315
0.20608148467459531 0.28606269958019226 2316
0.21180015715808301 0.28185482050979527 2317
0.21743293577687914 0.2775326374613441 2318
0.22297753620014607 0.27309790326349942 2319
0.2284317098584836 0.26855241638820071 2320
0.23379324485797567 0.26389802021916614 2321
0.23905996686604131 0.25913660231396995 2322
0.24422974000819159 0.25427009362557257 2323
0.0072286857697755891 0.35890156937922507 2324
0.014454440013842523 0.35868323011359349 2325
0.021674332381154959 0.35831942972251996 2326
0.028885434875335153 0.35781031574412336 2327
0.036084823110926034 0.35715609464477227 2328
0.04326957744721302 0.35635703173698974 2329
0.050436784118452843 0.35541345108008049 2330
0.057583536563667659 0.35432573533076994 2331
0.064706936489082684 0.35309432560021936 2332
0.071804095003549756 0.35171972128614409 2333
0.078872133958989704 0.35020247983936781 2334
0.085908186958753519 0.34854321656625781 2335
0.092909400559727379 0.34674260437467386 2336
0.099872935492944043 0.34480137348468798 2337
0.10679596775992641 0.34272031114471724 2338
0.11367568976611594 0.34050026131724875 2339
0.12050931151314304 0.33814212431986512 2340
0.1272940616714415 0.33564685647882359 2341
0.1340271887329999 0.33301546973265883 2342
0.14070596215542119 0.33024903120956706 2343
0.14732767342401262 0.32734866281140329 2344
0.15388963711056808 0.32431554077923841 2345
0.16038919208597913 0.32115089516139439 2346
0.16682370251199763 0.31785600935195857 2347
0.17319055890803065 0.31443221957378004 2348
0.17948717926145413 0.31088091430922915 2349
0.18571101001162793 0.30720353377108556 2350
0.19185952714499765 0.30340156928513934 2351
0.19793023717673966 0.29947656270925932 2352
0.20392067817398649 0.29543010580179629 2353
0.209828420759582 0.29126383957255109 2354
0.21565106910640652 0.2869794536099663 2355
0.22138626188190852 0.28257868541518061 2356
0.22703167322196285 0.27806331968646714 2357
0.23258501367408899 0.27343518759525509 2358
0.23804403112811806 0.26869616604132995 2359
0.24340651171814948 0.26384817690149487 2360
0.2486702807356124 0.25889318623694568 2361
0.0073577694442359398 0.36531052597528407 2362
0.014712555014089773 0.36508828779419467 2363
0.022061374030818537 0.36471799096756619 2364
0.029401246212394816 0.36419978566812694 2365
0.036729194952192623 0.3635338820491445 2366
0.044042248473056239 0.36272055016086568 2367
0.051337440977711174 0.36176011984936873 2368
0.058611814002304724 0.36065298060453466 2369
0.065862417497816433 0.35939958141451001 2370
0.073086310985756298 0.35800043059482645 2371
0.080280564922543318 0.35645609555078617 2372
0.087442261725874382 0.35476720257637057 2373
0.094568496998294116 0.35293443659565094 2374
0.10165638076960413 0.35095854086834422 2375
0.10870303861278248 0.34884031670087379 2376
0.11570561279765414 0.34658062312648624 2377
0.12266126350444943 0.34418037653986344 2378
0.12956716991557449 0.34164055034451757 2379
0.13642053138894655 0.33896217454931421 2380
0.14321856862248264 0.3361463353383099 2381
0.14995852473515592 0.33319417464732171 2382
0.15663766634468568 0.33010688972172531 2383
0.16325328480180046 0.32688573257499121 2384
0.16980269719971208 0.32353200951895833 2385
0.17628324745995996 0.32004708063759779 2386
0.18269230746255188 0.3164323592076087 2387
0.1890272780475501 0.31268931115985532 2388
0.19528559012972999 0.30881945445094583 2389
0.20146470569775299 0.30482435847192485 2390
0.20756211885566506 0.30070564340540007 2391
0.21357535684457468 0.29646497956491824 2392
0.21950198105473526 0.29210408671014443 2393
0.22533958798694292 0.2876247333690235 2394
0.23108581024378369 0.2830287361094399 2395
0.23673831748969787 0.2783179588023133 2396
0.24229481739826306 0.27349431186349665 2397
0.24775305657025934 0.26855975148902161 2398
0.25311082146303399 0.26351627884831968 2399
0.0074868531186961795 0.37171948257134302 2400
0.014970670014337051 0.3714933454747959 2401
0.022448415680482087 0.37111655221261264 2402
0.029917057549454423 0.3705892555921303 2403
0.037373566793459406 0.36991166945351661 2404
0.044814919498899458 0.36908406858474152 2405
0.052238097836969366 0.36810678861865692 2406
0.0596400914409419 0.36698022587829959 2407
0.067017898506550239 0.36570483722880065 2408
0.074368526967962617 0.36428113990350852 2409
0.081688995886096932 0.36270971126220442 2410
0.088976336492995023 0.36099118858648316 2411
0.096227593436860853 0.35912626881662812 2412
0.10343982604626403 0.35711570825200023 2413
0.11061010946563865 0.35496032225703028 2414
0.11773553582919202 0.35266098493572351 2415
0.12481321549575584 0.35021862875986176 2416
0.13184027815970772 0.34763424421021161 2417
0.13881387404489326 0.34490887936596931 2418
0.14573117508954406 0.34204363946705296 2419
0.1525893760462993 0.33903968648324023 2420
0.15938569557880317 0.3358982386642122 2421
0.16611737751762173 0.33262056998858802 2422
0.17278169188742673 0.32920800968595809 2423
0.17937593601188928 0.32566194170141582 2424
0.18589743566364947 0.32198380410598815 2425
0.19234354608347221 0.31817508854862514 2426
0.19871165311446218 0.3142373396167521 2427
0.20499917421876637 0.31017215423459044 2428
0.21120355953734354 0.30598118100900384 2429
0.21732229292956751 0.30166611955728556 2430
0.22335289300306418 0.29722871981032267 2431
0.22929291409197713 0.29267078132286617 2432
0.23513994726560464 0.28799415253241273 2433
0.24089162130530661 0.28320073000937152 2434
0.24654560366840808 0.27829245768566324 2435
0.25209960142236926 0.27327132607654842 2436
0.25755136219045571 0.26813937145969374 2437
0.0076159367931558919 0.37812843916736671 2438
0.015228785014582885 0.37789840315536261 2439
0.02283545733014361 0.37751511345762545 2440
0.030432868886511588 0.37697872551610145 2441
0.038017938634722775 0.37628945685785731 2442
0.045587590524739041 0.37544758700858738 2443
0.053138754696223395 0.37445345738791591 2444
0.06066836887957433 0.37330747115203594 2445
0.068173379515278937 0.37201009304306393 2446
0.075650742950163719 0.3705618492121644 2447
0.083097426849644745 0.36896332697359713 2448
0.090510411260110002 0.3672151745965716 2449
0.097886689875421456 0.36531810103758211 2450
0.10522327132291742 0.36327287563563382 2451
0.11251718031848815 0.36108032781316551 2452
0.11976545886072343 0.35874134674494063 2453
0.12696516748705539 0.35625688097984093 2454
0.13411338640383397 0.35362793807588727 2455
0.141207216700833 0.35085558418260743 2456
0.14824378155659845 0.34794094359577943 2457
0.15522022735743579 0.34488519831914349 2458
0.16213372481291405 0.341689587606685 2459
0.16898147023343646 0.33835540740217163 2460
0.17576068657513466 0.33488400985294553 2461
0.18246862456381241 0.33127680276522237 2462
0.18910256386474106 0.32753524900435715 2463
0.19565981411938854 0.32366086593738519 2464
0.20213771609918907 0.31965522478254987 2465
0.20853364273977468 0.31551994999724842 2466
0.21484500021901728 0.31125671861260074 2467
0.22106922901455583 0.30686725954964672 2468
0.22720380495138903 0.30235335291049553 2469
0.23324624019700785 0.2977168292767044 2470
0.23919408428742256 0.29295956895538189 2471
0.24504492512091303 0.28808350121642684 2472
0.2507963899385513 0.28309060350782789 2473
0.25644614627447782 0.27798290066407383 2474
0.26199190291787661 0.27276246407106713 2475
0.00774502046761677 0.38453739576345863 2476
0.015486900014831356 0.38430346083599609 2477
0.023222498979809131 0.38391367470270288 2478
0.030948680223573555 0.38336819544013501 2479
0.038662310475992556 0.38266724426225884 2480
0.046360261550585702 0.3818111054324918 2481
0.0540394115554855 0.38080012615723158 2482
0.061696646318215698 0.37963471642582725 2483
0.069328860524017544 0.37831534885738022 2484
0.076932958932375173 0.37684255852087112 2485
0.084505857813203744 0.37521694268503919 2486
0.092044486027236416 0.3734391606067069 2487
0.099545786313994078 0.37150993325858084 2488
0.10700671659958347 0.36943004301931071 2489
0.1144242511713503 0.36720033336934177 2490
0.12179538189226777 0.36482170855419693 2491
0.12911711947836813 0.36229513319985707 2492
0.13638649464797356 0.35962163194159824 2493
0.14360055935678612 0.35680228899927874 2494
0.1507563880236662 0.35383824772453754 2495
0.15785107866858553 0.3507307101550764 2496
0.16488175404703789 0.34748093654918527 2497
0.1718455629492639 0.34409024481578088 2498
0.17873968126285525 0.34056001001995678 2499
0.18556131311574758 0.33689166382905095 2500
0.19230769206584422 0.33308669390274642 2501
0.19897608215531612 0.32914664332616395 2502
0.20556377908392662 0.32507310994836447 2503
0.21206811126079289 0.32086774575992127 2504
0.21848644090070024 0.31653225621621089 2505
0.22481616509955249 0.31206839954201954 2506
0.23105471689972157 0.30747798601067861 2507
0.23719956630204525 0.30276287723055118 2508
0.2432482213092462 0.29792498537835804 2509
0.24919822893652421 0.29296627242348788 2510
0.25504717620869799 0.28788874932999647 2511
0.26079269112658893 0.28269447525160185 2512
0.26643244364529894 0.27738555668244186 2513
0.0078741041420778424 0.39094635235955277 2514
0.015745015015080022 0.39070851851663152 2515
0.023609540629474596 0.39031223594778242 2516
0.031464491560635827 0.38975766536417078 2517
0.039306682317262254 0.38904503166666238 2518
0.047132932576432585 0.38817462385639784 2519
0.05494006841474805 0.38714679492654924 2520
0.062724923756857537 0.38596196169962049 2521
0.070484341532756373 0.38462060467169823 2522
0.078215174914587043 0.38312326782957951 2523
0.085914288776762937 0.38147055839648258 2524
0.093578560794363191 0.37966314661684397 2525
0.10120488275256717 0.37770176547958156 2526
0.10879016187624993 0.37558721040298898 2527
0.11633132202421301 0.37332033892551947 2528
0.12382530492381259 0.37090207036345446 2529
0.13126907146968148 0.36833338541987465 2530
0.13865960289211354 0.36561532580731032 2531
0.14599390201273982 0.36274899381595127 2532
0.15326899449073444 0.35973555185329659 2533
0.16048192997973573 0.35657622199101008 2534
0.16762978328116218 0.35327228549168632 2535
0.17470965566509183 0.34982508222939096 2536
0.18171867595057611 0.34623601018696887 2537
0.18865400166768323 0.34250652489288019 2538
0.19551282026694783 0.33863813880113619 2539
0.20229235019124406 0.33463242071494326 2540
0.20898984206866439 0.33049099511417945 2541
0.21560257978181147 0.32621554152259469 2542
0.22212788158238345 0.32180779381982155 2543
0.22856310118454959 0.3172695395343928 2544
0.23490562884805422 0.3126026191108619 2545
0.24115289240708287 0.30780892518439817 2546
0.24730235833106987 0.30289040180133425 2547
0.2533515327521354 0.29784904363054882 2548
0.25929796247884485 0.29268689515216523 2549
0.26513923597869993 0.28740604983912982 2550
0.27087298437272128 0.28200864929381658 2551
0.0080031878165379433 0.39735530895560089 2552
0.016003130015326744 0.3971135761972221 2553
0.023996582279137563 0.39671079719281854 2554
0.031980302897694685 0.39614713528816436 2555
0.039951054158527982 0.39542281907102478 2556
0.047905603602274666 0.39453814228026468 2557
0.055840725274004938 0.39349346369582849 2558
0.063753201195493159 0.39228920697337677 2559
0.071639822541488624 0.39092586048598066 2560
0.079497390896791864 0.3894039771382537 2561
0.087322719740314941 0.38772417410789312 2562
0.095112635561482251 0.38588713262694924 2563
0.10286397919113197 0.38389359770055154 2564
0.11057360715290798 0.38174437778663828 2565
0.11823839287706717 0.37944034448166958 2566
0.12585522795534851 0.37698243217268568 2567
0.13342102346098561 0.37437163763986708 2568
0.14093271113624461 0.37160901967299881 2569
0.1483872446686843 0.36869569863260121 2570
0.15578160095779373 0.3656328559820346 2571
0.16311278129087697 0.36242173382692378 2572
0.17037781251527767 0.359063634434169 2573
0.17757374838091111 0.35555991964298372 2574
0.18469767063828868 0.35191201035396485 2575
0.19174669021961077 0.34812138595669473 2576
0.19871794846804364 0.34418958369951258 2577
0.20560861822716453 0.34011819810371013 2578
0.212415905053395 0.33590888027998322 2579
0.21913704830282318 0.33156333728525789 2580
0.2257693222640606 0.32708333142342327 2581
0.23231003726954097 0.32247067952675817 2582
0.23875654079638195 0.31772725221103859 2583
0.24510621851211614 0.31285497313823962 2584
0.2513564953528899 0.30785581822430602 2585
0.25750483656774342 0.30273181483760625 2586
0.26354874874898943 0.29748504097433126 2587
0.26948578083080948 0.29211762442665623 2588
0.2753135251001429 0.28663174190519047 2589
0.0081322714909988769 0.40376426555169054 2590
0.016261245015575382 0.40351863387785325 2591
0.024383623928802972 0.40310935843789386 2592
0.032496114234756734 0.40253660521219603 2593
0.040595425999797374 0.40180060647542426 2594
0.048678274628121215 0.40090166070416711 2595
0.056741382133266877 0.39984013246514238 2596
0.064781478634134249 0.39861645224716624 2597
0.072795303550226814 0.39723111630029512 2598
0.080779606879002985 0.39568468644695864 2599
0.088731150703873357 0.39397778981933346 2600
0.096646710328608249 0.39211111863708298 2601
0.10452307562970417 0.39008542992154915 2602
0.11235705242957347 0.38790154517031361 2603
0.12014546372992899 0.38556035003784445 2604
0.1278851509868924 0.38306279398194054 2605
0.13557297545229802 0.380409889859882 2606
0.14320581938038379 0.37760271353870867 2607
0.15078058732463706 0.37464240344927158 2608
0.15829420742486119 0.37153016011079154 2609
0.16574363260202624 0.36826724566285551 2610
0.17312584174940115 0.36485498337666833 2611
0.18043784109673833 0.36129475705659214 2612
0.18767666532600885 0.35758801052097522 2613
0.19483937877154545 0.35373624702052253 2614
0.20192307666914655 0.34974102859790129 2615
0.20892488626309161 0.34560397549248817 2616
0.21584196803813208 0.34132676544579715 2617
0.22267151682384101 0.33691113304793024 2618
0.22941076294574311 0.33235886902703293 2619
0.23605697335453746 0.32767181951913066 2620
0.24260745274471415 0.32285188531122122 2621
0.24905954461715321 0.31790102109208596 2622
0.2554106323747134 0.3128212346472819 2623
0.26165814038335433 0.3076145860446669 2624
0.26779953501913595 0.30228318679649979 2625
0.27383232568292049 0.2968291990141842 2626
0.27975406582756501 0.29125483451656509 2627
0.0082613551654598383 0.41017322214778695 2628
0.016519360015823992 0.4099236915584909 2629
0.024770665578468631 0.40950791968297551 2630
0.033011925571819145 0.40892607513623386 2631
0.041239797841067488 0.4081783938798299 2632
0.049450945653968348 0.40726517912807547 2633
0.057642038992529537 0.40618680123446183 2634
0.065809756072776171 0.40494369752096104 2635
0.073950784558965893 0.40353637211461491 2636
0.082061822861215161 0.40196539575566892 2637
0.09013958166743305 0.40023140553077868 2638
0.098180785095735496 0.39833510464722166 2639
0.10618217206827765 0.39627726214255099 2640
0.11414049770624032 0.39405871255399322 2641
0.12205253458279214 0.39168035559402359 2642
0.12991507401843755 0.38914315579119946 2643
0.13772492744361187 0.38644814207990097 2644
0.1454789276245243 0.38359640740442214 2645
0.15317392998059115 0.38058910826594505 2646
0.16080681389192969 0.37742746423955154 2647
0.16837448391317703 0.37411275749879042 2648
0.17587387098352592 0.37064633231917038 2649
0.1833019338125666 0.367029594470203 2650
0.19065566001373013 0.36326401068798808 2651
0.19793206732348151 0.35935110808435256 2652
0.20512820487025057 0.35529247349629178 2653
0.21224115429901985 0.35108975288126798 2654
0.21926803102287012 0.34674465061161264 2655
0.22620598534485994 0.34225892881060421 2656
0.23305220362742668 0.33763440663064392 2657
0.23980390943953472 0.3328729595115042 2658
0.24645836469304716 0.3279765184114049 2659
0.25301287072219125 0.32294706904593357 2660
0.25946476939653745 0.31778665107025877 2661
0.26581144419896574 0.31249735725172817 2662
0.27205032128928297 0.30708133261866866 2663
0.27817887053503154 0.30154077360171233 2664
0.28419460655498746 0.29587792712793981 2665
0.0083904388399199115 0.41658217874383513 2666
0.016777475016070853 0.41632874923908153 2667
0.025157707228131654 0.41590648092801158 2668
0.03352773690887792 0.41531554506022739 2669
0.041884169682333106 0.41455618128419253 2670
0.050223616679810318 0.41362869755194209 2671
0.058542695851786564 0.4125334700037413 2672
0.066838033511412015 0.41127094279471743 2673
0.075106265567698227 0.40984162792889717 2674
0.083344038843419954 0.40824610506434311 2675
0.091548012630985137 0.40648502124218927 2676
0.099714859862854333 0.40455909065732676 2677
0.10784126850684259 0.40246909436352124 2678
0.11592394298289826 0.40021587993764252 2679
0.12395960543564613 0.39780036115017348 2680
0.13194499704997362 0.39522351760043067 2681
0.13987687943491603 0.3924863942998934 2682
0.14775203586865526 0.3895901012701104 2683
0.15556727263653575 0.38653581308259521 2684
0.16331942035898911 0.38332476836828955 2685
0.1710053352243181 0.37995826933470411 2686
0.17862190021764129 0.376437681261653 2687
0.18616602652838585 0.37276443188379593 2688
0.1936346547014427 0.36894001085498407 2689
0.20102475587540886 0.36496596914816692 2690
0.20833333307134641 0.36084391839466817 2691
0.21555742233494019 0.35657553027003486 2692
0.22269409400760087 0.35216253577741646 2693
0.22974045386587183 0.34760672457326752 2694
0.23669364430910378 0.34290994423424564 2695
0.24355084552452619 0.33807409950386969 2696
0.2503092766413747 0.33310115151158143 2697
0.25696619682722427 0.32799311699977474 2698
0.26351890641835723 0.32275206749323015 2699
0.26996474801457376 0.31738012845878555 2700
0.27630110755942738 0.31187947844083469 2701
0.28252541538714104 0.30625234818923858 2702
0.2886351472824088 0.30050101973931359 2703
0.0085195225143813724 0.42299113533994653 2704
0.017035590016320129 0.42273380691973372 2705
0.025544748877798146 0.42230504217310749 2706
0.034043548245941441 0.42170501498427904 2707
0.042528541523604468 0.42093396868861122 2708
0.050996287705659199 0.41999221597586323 2709
0.059443352711050862 0.41888013877307317 2710
0.067866310950055908 0.41759818806852445 2711
0.076261746576439499 0.41614688374322861 2712
0.084626254825634378 0.41452681437306438 2713
0.092956443594547189 0.41273863695364521 2714
0.10124893462998424 0.4107830766674756 2715
0.10950036494541868 0.40866092658453312 2716
0.11770738825956778 0.40637304732133167 2717
0.12586667628851214 0.40392036670636183 2718
0.1339749200815217 0.40130387940969825 2719
0.14202883142623263 0.39852464651992026 2720
0.15002514411279871 0.39558379513583153 2721
0.15796061529249267 0.39248251789927602 2722
0.16583202682606069 0.38922207249705659 2723
0.17363618653547169 0.38580378117064518 2724
0.18136992945176889 0.38222903020416121 2725
0.18903011924421703 0.3784992692974124 2726
0.19661364938916676 0.37461601102200204 2727
0.20411744442734756 0.37058083021200183 2728
0.21153846127245296 0.36639536329306321 2729
0.21887369037087095 0.36206130765881889 2730
0.22612015699234114 0.35758042094323561 2731
0.23327492238689285 0.35295452033594471 2732
0.24033508499078943 0.34818548183785969 2733
0.2472977816095254 0.34327523949624583 2734
0.25416018858970935 0.33822578461176728 2735
0.26091952293226373 0.33303916495362407 2736
0.26757304344018262 0.32771748391620831 2737
0.27411805183018617 0.32226289966584787 2738
0.28055189382957529 0.31667762426300461 2739
0.28687196023925288 0.31096392277676754 2740
0.29307568800983147 0.3051241123506887 2741
0.0086486061888424171 0.42940009193605089 2742
0.017293705016569155 0.42913886460037942 2743
0.025931790527464332 0.42870360341819691 2744
0.03455935958300449 0.42809448490832425 2745
0.043172913364875248 0.42731175609302385 2746
0.05176895873150722 0.42635573439977847 2747
0.060344009570314605 0.42522680754239961 2748
0.068894588388698996 0.42392543334232602 2749
0.077417227585179771 0.42245213955755467 2750
0.085908470807847859 0.42080752368178054 2751
0.094364874558108075 0.41899225266509615 2752
0.10278300939711271 0.41700706267761978 2753
0.11115946138399352 0.4148527588055404 2754
0.11949083353623616 0.41253021470501633 2755
0.12777374714137665 0.41004037226254564 2756
0.13600484311306851 0.40738424121896166 2757
0.14418078341754775 0.40456289873994339 2758
0.15229825235694094 0.40157748900154899 2759
0.16035395794844834 0.3984292227159536 2760
0.16834463329313093 0.39511937662582047 2761
0.1762670378466239 0.39164929300658347 2762
0.18411795868589514 0.38802037914666643 2763
0.19189421196004691 0.38423410671102642 2764
0.19959264407688965 0.38029201118901779 2765
0.20721013297928503 0.37619569127583435 2766
0.21474358947355832 0.37194680819145604 2767
0.22218995840680056 0.36754708504760086 2768
0.22954621997708072 0.36299830610905337 2769
0.23680939090791281 0.35830231609862034 2770
0.24397652567247416 0.35346101944147246 2771
0.25104471769452363 0.34847637948862081 2772
0.25801110053804333 0.34335041771195229 2773
0.26487284903730224 0.33808521290747223 2774
0.27162718046200723 0.33268290033918568 2775
0.27827135564579819 0.32714567087290974 2776
0.2848026800997227 0.32147577008517381 2777
0.29121850509136432 0.31567549736429601 2778
0.29751622873725403 0.3097472049620637 2779
0.0087776898633020184 0.43580904853206937 2780
0.017551820016814851 0.43554392228094108 2781
0.026318832177125606 0.43510216466320473 2782
0.035075170920061155 0.43448395483229041 2783
0.04381728520613834 0.43368954349735983 2784
0.052541629757346081 0.43271925282361967 2785
0.061244666429567968 0.43157347631165388 2786
0.069922865827330788 0.43025267861605815 2787
0.078572708593907775 0.42875739537181362 2788
0.087190686790048072 0.42708823299043253 2789
0.095773305521655083 0.42524586837648515 2790
0.10431708416422669 0.42323104868770445 2791
0.11281855782255304 0.42104459102649072 2792
0.12127427881288882 0.41868738208864675 2793
0.12968081799422518 0.41616037781867748 2794
0.13803476614459889 0.41346460302817573 2795
0.14633273540884628 0.41060115095991956 2796
0.15457136060106597 0.40757118286722205 2797
0.16274730060438716 0.40437592753258922 2798
0.17085723976018435 0.40101668075454477 2799
0.17889788915775939 0.39749480484248445 2800
0.186865987920005 0.39381172808913717 2801
0.19475830467586053 0.38996894412460797 2802
0.20257163876459666 0.38596801135600323 2803
0.21030282153120722 0.38181055233963923 2804
0.21794871767464913 0.37749825308982365 2805
0.22550622644271601 0.37303286243635958 2806
0.23297228296180655 0.36841619127484959 2807
0.24034385942892039 0.36365011186127705 2808
0.24761796635414715 0.35873655704506829 2809
0.2547916537795113 0.35367751948098114 2810
0.26186201248636759 0.34847505081212449 2811
0.26882617514233248 0.34313126086130991 2812
0.27568131748382474 0.3376483167621544 2813
0.2824246594614041 0.33202844207996479 2814
0.28905346636986562 0.32627391590733823 2815
0.29556504994347277 0.32038707195182109 2816
0.30195676946467487 0.31437029757343687 2817
0.0089067735377633128 0.44221800512817616 2818
0.017809935017063877 0.44194897996158899 2819
0.026705873826791904 0.44150072590829625 2820
0.035590982257124509 0.44087342475633795 2821
0.044461657047409203 0.44006733090177452 2822
0.053314300783194324 0.4390827712475367 2823
0.062145323288831933 0.4379201450809822 2824
0.07095114326597407 0.43657992388986155 2825
0.079728189602648408 0.43506265118614168 2826
0.088472902772261913 0.43336894229915035 2827
0.09718173648521658 0.43149948408793792 2828
0.10585115893135563 0.42945503469785024 2829
0.11447765426112844 0.42723642324749955 2830
0.12305772408955737 0.42484454947233286 2831
0.13158788884709036 0.42228038337486307 2832
0.14006468917614601 0.41954496483744053 2833
0.1484846874001621 0.41663940317994413 2834
0.15684446884520853 0.41356487673294084 2835
0.16514064326034325 0.4103226323492678 2836
0.17336984622725513 0.40691398488330965 2837
0.18152874046891193 0.40334031667842352 2838
0.18961401715413173 0.39960307703164327 2839
0.19762239739169093 0.39570378153822294 2840
0.20555063345231994 0.39164401152301986 2841
0.21339551008314511 0.38742541340347258 2842
0.22115384587575487 0.3830496979882172 2843
0.22882249447864605 0.37851863982514233 2844
0.23639834594654627 0.37383407644066768 2845
0.24387832794994058 0.36899790762395307 2846
0.25125940703583222 0.36401209464868139 2847
0.25853858986450995 0.35887865947335656 2848
0.26571292443470174 0.35359968391230961 2849
0.27277950124737144 0.34817730881515863 2850
0.27973545450564968 0.34261373318513211 2851
0.28657796327701629 0.33691121328702678 2852
0.29330425264001325 0.33107206172950782 2853
0.29991159479558438 0.32509864653934983 2854
0.30639731019209743 0.31899339018481188 2855
0.009035857212224635 0.44862696172428529 2856
0.018068050017313125 0.44835403764223891 2857
0.027092915476458201 0.44789928715339 2858
0.036106793594187753 0.44726289468038716 2859
0.0451060288886804 0.44644511830619138 2860
0.054086971809042872 0.44544628967145594 2861
0.063045980148095954 0.44426681385031225 2862
0.07197942070461788 0.44290716916366679 2863
0.080883670611389485 0.44136790700047135 2864
0.089755118754475866 0.43964965160786995 2865
0.098590167448777993 0.43775309979939209 2866
0.10738523369848496 0.43567902070799747 2867
0.116136750699704 0.43342825546850977 2868
0.12484116936622658 0.43100171685602073 2869
0.13349495969995573 0.42840038893104959 2870
0.1420946122076937 0.42562532664670671 2871
0.15063663939147806 0.42267765539996976 2872
0.15911757708935151 0.41955857059866059 2873
0.16753398591629975 0.41626933716594744 2874
0.17588245269432629 0.41281128901207553 2875
0.18415959178006508 0.40918582851436375 2876
0.19236204638825888 0.4053944259741506 2877
0.20048649010752168 0.40143861895183858 2878
0.20852962814004355 0.397320011690037 2879
0.2164881986350834 0.39304027446730683 2880
0.22435897407686115 0.38860114288661174 2881
0.23213876251457644 0.3840044172139257 2882
0.23982440893128654 0.3792519616064865 2883
0.24741279647096132 0.37434570338662976 2884
0.25490084771751725 0.36928763225229477 2885
0.26228552594950882 0.36407979946573227 2886
0.2695638363830361 0.35872431701249519 2887
0.27673282735241045 0.35322335676900746 2888
0.28378959152747463 0.34757914960810987 2889
0.29073126709262859 0.34179398449408915 2890
0.29755503891016072 0.33587020755167729 2891
0.30425813964769577 0.32981022112687836 2892
0.31083785091952004 0.32361648279618693 2893
0.0091649408866841253 0.4550359183203036 2894
0.018326165017558849 0.45475909532280046 2895
0.027479957126119503 0.45429784839839782 2896
0.036622604931244418 0.45365236460435354 2897
0.045750400729943352 0.45282290571052752 2898
0.054859642834881733 0.45180980809529692 2899
0.063946637007349511 0.45061348261956669 2900
0.073007698143249561 0.44923441443739875 2901
0.082039151620117517 0.44767316281473046 2902
0.091037334736676273 0.44593036091652183 2903
0.099998598412325168 0.44400671551078119 2904
0.10891930846559891 0.44190300671808208 2905
0.11779584713826372 0.43962008768946037 2906
0.12662461464287925 0.43715888423965121 2907
0.13540203055280431 0.43452039448718172 2908
0.14412453523922383 0.43170568845592083 2909
0.15278859138277667 0.42871590761994582 2910
0.16139068533347667 0.4255522644643337 2911
0.16992732857223836 0.42221604198258289 2912
0.17839505916137971 0.41870859314079989 2913
0.18679044309120055 0.41503134035026479 2914
0.1951100756223686 0.41118577491662112 2915
0.20335058282333543 0.40717345636542024 2916
0.2115086228277506 0.4029960118570225 2917
0.21958088718700547 0.39865513553111165 2918
0.22756410227795176 0.39415258778497902 2919
0.23545503055049186 0.38949019460268441 2920
0.24325047191601246 0.38466984677228283 2921
0.25094726499196879 0.37969349914928641 2922
0.2585422883991903 0.37456316985589072 2923
0.26603246203449643 0.36928093945809254 2924
0.27341474833136037 0.36384895011266732 2925
0.28068615345744086 0.35826940472284519 2926
0.28784372854929219 0.35254456603107848 2927
0.29488457090823461 0.34667675570114415 2928
0.30180582518030369 0.3406683533738416 2929
0.30860468449980433 0.33452179571440355 2930
0.31527839164694094 0.32823957540756016 2931
0.0092940245611459471 0.46144487491643571 2932
0.018584280017808846 0.46116415300347291 2933
0.027866998775787299 0.46069640964351344 2934
0.037138416268309465 0.46004183452842412 2935
0.046394772571216603 0.45920069311496481 2936
0.055632313860732668 0.45817332651923598 2937
0.064847293866616501 0.45696015138891594 2938
0.074035975581896146 0.45556165971122259 2939
0.083194632628861565 0.45397841862907773 2940
0.092319550718893778 0.45221107022525875 2941
0.10140702937589058 0.45026033122225206 2942
0.11045338323273218 0.44812699272824508 2943
0.11945494357684347 0.44581191991048585 2944
0.1284080599195524 0.44331605162335319 2945
0.13730910140567404 0.44064040004338223 2946
0.146154458270776 0.43778605026520012 2947
0.15494054337409732 0.43475415983998411 2948
0.16366379357762417 0.43154595833006548 2949
0.17232067122819955 0.42816274679927391 2950
0.18090766562845539 0.42460589726957637 2951
0.189421294402358 0.42087685218621468 2952
0.19785810485650016 0.41697712385913777 2953
0.20621467553917033 0.41290829377904448 2954
0.21448761751547857 0.4086720120240479 2955
0.22267357573894786 0.40426999659495322 2956
0.23076923047906189 0.39970403268338028 2957
0.23877129858642601 0.394975971991474 2958
0.24667653490075606 0.39008773193810714 2959
0.25448173351299275 0.38504129491196809 2960
0.26218372908087861 0.37983870745950865 2961
0.26977939811949819 0.37448207945047229 2962
0.27726566027969751 0.36897358321285645 2963
0.28463947956248209 0.36331545267669685 2964
0.2918978655711193 0.35750998245405885 2965
0.29903787472384841 0.35155952690820824 2966
0.30605661145045249 0.34546649919601263 2967
0.31295122935191672 0.33923337030193312 2968
0.31971893237436394 0.3328626680189356 2969
0.0094231082356073248 0.46785383151254922 2970
0.018842395018058261 0.46756921068412727 2971
0.028254040425453902 0.46709497088861135 2972
0.037654227605373181 0.46643130445247766 2973
0.047039144412488271 0.4655784805193855 2974
0.056404984886581633 0.46453684494315939 2975
0.065747950725881299 0.46330682015824998 2976
0.0750642530205404 0.46188890498503149 2977
0.08435011363760328 0.46028367444341123 2978
0.093601766701108619 0.45849177953398174 2979
0.10281546033945307 0.45651394693370967 2980
0.1119874579998624 0.45435097873839581 2981
0.12111404001541998 0.45200375213149935 2982
0.13019150519622252 0.44947321900704384 2983
0.13921617225854047 0.44676040559957181 2984
0.14818438130232445 0.44386641207446881 2985
0.15709249536541436 0.44079241206001235 2986
0.16593690182176815 0.43753965219578789 2987
0.174714013884157 0.43410945161595577 2988
0.18342027209552747 0.43050320139834442 2989
0.19205214571351215 0.42672236402215702 2990
0.20060613409062825 0.4227684728016467 2991
0.20907876825500199 0.41864313119266194 2992
0.21746661220320312 0.41434801219106665 2993
0.22576626429088686 0.40988485765878868 2994
0.23397435868016891 0.40525547758177594 2995
0.24208756662235714 0.40046174938025847 2996
0.25010259788549688 0.39550561710392707 2997
0.25801620203401421 0.39038909067464589 2998
0.26582516976256448 0.38511424506312314 2999
0.27352633420449757 0.37968321944284872 3000
0.28111657222803238 0.37409821631304263 3001
0.28859280566752166 0.36836150063054635 3002
0.29595200259294469 0.36247539887703717 3003
0.30319117853946098 0.35644229811527089 3004
0.3103073977206004 0.35026464501818255 3005
0.3172977742040286 0.34394494488946198 3006
0.32415947310178661 0.33748576063031072 3007
0.0095521919100668151 0.47426278810856948 3008
0.019100510018304068 0.47397426836469092 3009
0.028641082075115259 0.473493532133621 3010
0.038170038942429929 0.47282077437644565 3011
0.047683516253751473 0.47195626792372314 3012
0.057177655912420855 0.47090036336700181 3013
0.066648607585134995 0.46965348892750591 3014
0.076092530459172525 0.46821615025876495 3015
0.085505594646331534 0.46658893025767167 3016
0.09488398268330922 0.464772488842635 3017
0.10422389130300044 0.46276756264510016 3018
0.1135215327669766 0.4605749647484817 3019
0.12277313645397986 0.45819558435245067 3020
0.1319749504728753 0.45563038639067532 3021
0.1411232431113891 0.45288041115570477 3022
0.15021430433385519 0.44994677388368404 3023
0.15924444735671309 0.44683066427998958 3024
0.16821001006589362 0.44353334606146155 3025
0.17710735654009593 0.44005615643259227 3026
0.18593287856258126 0.43640050552706944 3027
0.19468299702464784 0.43256787585805878 3028
0.20335416332473832 0.428559821744118 3029
0.21194286097081597 0.42437796860624427 3030
0.22044560689091042 0.42002401235805276 3031
0.22885895284280944 0.41549971872259428 3032
0.23717948688125981 0.410806922480144 3033
0.24540383465827298 0.40594752676901774 3034
0.25352866087022308 0.40092350226972373 3035
0.26155067055502201 0.39573688643730298 3036
0.26946661044423786 0.39038978266671942 3037
0.27727327028948551 0.38488435943520938 3038
0.28496748417635692 0.37922284941321505 3039
0.29254613177255206 0.37340754858438424 3040
0.30000613961476214 0.36744081530000583 3041
0.30734448235506712 0.36132506932232578 3042
0.31455818399074342 0.35506279084034692 3043
0.32164431905613705 0.34865651947698717 3044
0.32860001382920762 0.34210885324168405 3045
0.0096812755845286369 0.48067174470469509 3046
0.019358625018553732 0.48037932604535682 3047
0.029028123724782751 0.47989209337873007 3048
0.038685850279494505 0.47921024430051029 3049
0.048327888095024085 0.47833405532815443 3050
0.057950326938271096 0.47726388179093521 3051
0.067549264444400958 0.47600015769684956 3052
0.077120807897818361 0.47454339553258368 3053
0.086661075655074749 0.47289418607201406 3054
0.096166198665525809 0.47105319815136698 3055
0.10563232226656483 0.46902117835656632 3056
0.11505560753410873 0.46679895075864042 3057
0.1244322328925585 0.46438741657347193 3058
0.13375839574954751 0.46178755377437353 3059
0.14303031396425783 0.45900041671190156 3060
0.15224422736540591 0.45602713569295966 3061
0.16139639934803238 0.4528689165000242 3062
0.17048311831003984 0.44952703992718995 3063
0.17950069919605588 0.44600286124928012 3064
0.18844548502965575 0.44229780965584309 3065
0.19731384833580426 0.43841338769400601 3066
0.20610219255886875 0.43435117068663187 3067
0.21480695368664987 0.43011280601986612 3068
0.22342460157863719 0.42570001252507583 3069
0.23195164139475061 0.42111457978643363 3070
0.24038461508236897 0.41635836737854331 3071
0.24872010269420605 0.4114333041578056 3072
0.25695472385496582 0.40634138743554649 3073
0.26508513907604497 0.40108468219998317 3074
0.27310805112592534 0.39566532027033618 3075
0.28102020637448644 0.39008549942758802 3076
0.28881839612469296 0.38434748251340295 3077
0.29649945787759274 0.37845359653823518 3078
0.30406027663658863 0.37240623172298543 3079
0.31149778617068052 0.36620784052938948 3080
0.31880897026089194 0.35986093666251756 3081
0.32599086390824927 0.35336809406451658 3082
0.33304055455663051 0.34673194585305928 3083
0.0098103592589897926 0.48708070130080672 3084
0.019616740018803092 0.48678438372600941 3085
0.029415165374449243 0.48629065462382653 3086
0.039201661616558164 0.48559971422456227 3087
0.048972259936295559 0.48471184273257384 3088
0.05872299796411995 0.48362740021485684 3089
0.068449921303665562 0.48234682646618188 3090
0.078149085336462365 0.48087064080639108 3091
0.087816556663816131 0.47919944188634589 3092
0.097448414647740234 0.47733390746008864 3093
0.10704075323012688 0.47527479406802253 3094
0.11658968230123848 0.47302293676878943 3095
0.12609132933113457 0.47057924879448415 3096
0.13554184102621714 0.46794472115806296 3097
0.14493738481712379 0.46512042226808981 3098
0.15427415039695411 0.46210749750222735 3099
0.16354835133934914 0.45890716872005133 3100
0.17275622655418327 0.45552073379291125 3101
0.18189404185201288 0.45194956606596121 3102
0.19095809149672738 0.4481951137846103 3103
0.19994469964695788 0.44425889952994735 3104
0.20885022179299645 0.44014251962914019 3105
0.21767104640248103 0.4358476434334827 3106
0.22640359626636147 0.43137601269209414 3107
0.23504432994668936 0.4267294408502687 3108
0.2435897432834756 0.42190981227693841 3109
0.25203637073013674 0.41691908154658952 3110
0.26038078683970622 0.41175927260136586 3111
0.26861960759706605 0.40643247796266041 3112
0.27674949180761094 0.40094085787395017 3113
0.28476714245948564 0.39528663941996417 3114
0.29266930807302782 0.38947211561358902 3115
0.30045278398263214 0.3834996444920844 3116
0.30811441365841402 0.37737164814596369 3117
0.31565108998629293 0.37109061173645197 3118
0.32305975653103974 0.36465908248468737 3119
0.33033740876036122 0.35807966865204549 3120
0.33748109528405312 0.35135503846443433 3121
0.0099394429334491441 0.49348965789680621 3122
0.019874855019048038 0.49318944140655274 3123
0.029802207024109517 0.49268921586881631 3124
0.039717472953613442 0.49198918414851067 3125
0.04961663177755668 0.49108963013689266 3126
0.059495668989956896 0.48999091863868122 3127
0.069350578162916704 0.48869349523542061 3128
0.079177362775091548 0.48719788608010772 3129
0.088972037672541443 0.48550469770059013 3130
0.09873063062993756 0.48361461676872602 3131
0.10844918419367094 0.48152840977939759 3132
0.11812375706834921 0.47924692277886083 3133
0.12775042576969078 0.47677108101542198 3134
0.13732528630286608 0.474101888541681 3135
0.1468444556699687 0.47124042782421027 3136
0.15630407342848082 0.46818785931143037 3137
0.16570030333064401 0.46494542094001712 3138
0.17502933479830476 0.46151442765857453 3139
0.18428738450794793 0.45789627088258728 3140
0.19347069796377708 0.45409241791332555 3141
0.2025755509580896 0.45010441136584012 3142
0.21159825102710245 0.44593386857160289 3143
0.2205351391182912 0.44158248084705731 3144
0.22938259095406485 0.43705201285907291 3145
0.23813701849860813 0.43234430191406725 3146
0.24679487148456294 0.42746125717530009 3147
0.25535263876604908 0.42240485893534313 3148
0.26380684982442937 0.41717715776715764 3149
0.27215407611807085 0.41178027372531306 3150
0.28039093248928149 0.40621639547754235 3151
0.28851407854447109 0.40048777941232133 3152
0.29652022002134998 0.39459674871375838 3153
0.30440611008766061 0.3885456924459198 3154
0.31216855068022975 0.38233706456893018 3155
0.31980439380189774 0.37597338294350552 3156
0.32731054280118171 0.36945722830685057 3157
0.33468395361246883 0.36279124323956985 3158
0.34192163601147368 0.35597813107580734 3159
-0.35355339059327368 0.35355339059327368 3160
-0.17677669529663689 0.17677669529663689 3161
-0.0050342633273833311 0.24994930724599049 3162
-0.010066485048672785 0.24979724954203331 3163
-0.015094624388288595 0.24954388855385029 3164
-0.020116642226786618 0.24918932702970939 3165
-0.025130501920296727 0.24873370875945619 3166
-0.030134170140486676 0.2481772185152058 3167
-0.035125617688726969 0.2475200819771709 3168
-0.040102820321172683 0.2467625656421325 3169
-0.045063759569774063 0.24590497671547359 3170
-0.050006423574229804 0.2449476629839826 3171
-0.054928807875065613 0.24389101267866381 3172
-0.059828916234613345 0.2427354543164052 3173
-0.064704761450924519 0.24148145652529709 3174
-0.069554366172686885 0.24012952785177369 3175
-0.074375763668714123 0.23868021656328281 3176
-0.079166998671265476 0.23713411041304 3177
-0.083926128121184634 0.23549183641601359 3178
-0.08865122199499495 0.23375406058247231 3179
-0.093340364084839755 0.23192148764724141 3180
-0.097991652714134084 0.2299948608085679 3181
-0.10260320159667939 0.2279749613929371 3182
-0.10717314057200168 0.22586260854761669 3183
-0.11169961633323759 0.22365865892249179 3184
-0.11618079319864208 0.22136400631478989 3185
-0.12061485387446598 0.2189795812966159 3186
-0.1250000001537592 0.21650635085733669 3187
-0.12933445368028029 0.21394531799322791 3188
-0.13361645666141669 0.21129752130407911 3189
-0.13784427254786921 0.2085640345930927 3190
-0.14201618677719641 0.20574596640824941 3191
-0.1461305074908987 0.2028444595754402 3192
-0.1501855661282753 0.19986069079919 3193
-0.15417971820148441 0.19679587011751759 3194
-0.1581113439373551 0.19365124042547049 3195
-0.16197884887099701 0.19042807702234121 3196
-0.16578066457420909 0.18712768703036331 3197
-0.16951524926099659 0.18375140888706731 3198
-0.1731810883863481 0.18030061182735871 3199
-0.010068526654766659 0.49989861449198097 3200
-0.020132970097345569 0.49959449908406661 3201
-0.03018924877657719 0.49908777710770069 3202
-0.040233284453573236 0.49837865405941878 3203
-0.050261003840593461 0.49746741751891232 3204
-0.060268340280973352 0.49635443703041149 3205
-0.070251235377453924 0.49504016395434169 3206
-0.080205640642345366 0.49352513128426501 3207
-0.09012751913954814 0.49180995343094708 3208
-0.10001284714845957 0.48989532596796509 3209
-0.10985761575013127 0.48778202535732751 3210
-0.11965783246922668 0.48547090863281028 3211
-0.12940952290184907 0.48296291305059419 3212
-0.13910873234537377 0.48025905570354749 3213
-0.14875152733742827 0.47736043312656562 3214
-0.15833399734253098 0.47426822082608 3215
-0.16785225624236927 0.47098367283202708 3216
-0.17730244398998987 0.46750812116494461 3217
-0.18668072816967948 0.46384297529448282 3218
-0.19598330542826817 0.45998972161713592 3219
-0.20520640319335878 0.45594992278587421 3220
-0.21434628114400336 0.4517252170952335 3221
-0.22339923266647518 0.44731731784498358 3222
-0.23236158639728408 0.44272801262957989 3223
-0.24122970774893207 0.43795916259323181 3224
-0.2500000003075184 0.43301270171467349 3225
-0.2586689073605607 0.42789063598645583 3226
-0.26723291332283339 0.42259504260815822 3227
-0.27568854509573831 0.41712806918618539 3228
-0.28403237355439281 0.41149193281649871 3229
-0.29226101498179741 0.40568891915088051 3230
-0.30037113225655071 0.39972138159838011 3231
-0.30835943640296892 0.39359174023503518 3232
-0.31622268787471031 0.38730248085094099 3233
-0.32395769774199401 0.38085615404468243 3234
-0.33156132914841813 0.37425537406072662 3235
-0.33903049852199307 0.36750281777413468 3236
-0.34636217677269621 0.36060122365471747 3237
-0.18130943107347219 0.18130943107347219 3238
-0.18584216685030211 0.18584216685030211 3239
-0.19037490262713741 0.19037490262713741 3240
-0.19490763840397271 0.19490763840397271 3241
-0.1994403741808026 0.1994403741808026 3242
-0.2039731099576233 0.2039731099576233 3243
-0.20850584573444611 0.20850584573444611 3244
-0.21303858151125979 0.21303858151125979 3245
-0.2175713172880813 0.2175713172880813 3246
-0.2221040530649033 0.2221040530649033 3247
-0.2266367888417169 0.2266367888417169 3248
-0.23116952461853926 0.23116952461853932 3249
-0.23570226039536038 0.23570226039536044 3250
-0.24023499617217947 0.24023499617217953 3251
-0.24476773194900808 0.24476773194900814 3252
-0.24930046772583928 0.24930046772583933 3253
-0.25383320350263783 0.25383320350263783 3254
-0.2583659392794716 0.2583659392794716 3255
-0.26289867505630538 0.26289867505630538 3256
-0.26743141083311361 0.26743141083311361 3257
-0.27196414660997131 0.27196414660997131 3258
-0.27649688238683062 0.27649688238683062 3259
-0.28102961816365662 0.28102961816365662 3260
-0.28556235394051271 0.28556235394051271 3261
-0.29009508971737369 0.29009508971737369 3262
-0.29462782549419958 0.29462782549419958 3263
-0.29916056127107149 0.29916056127107149 3264
-0.3036932970479384 0.3036932970479384 3265
-0.3082260328247427 0.3082260328247427 3266
-0.31275876860161123 0.31275876860161123 3267
-0.31729150437848141 0.31729150437848141 3268
-0.32182424015528582 0.32182424015528582 3269
-0.32635697593217261 0.32635697593217261 3270
-0.33088971170904607 0.33088971170904607 3271
-0.33542244748585193 0.33542244748585193 3272
-0.339955183262734 0.339955183262734 3273
-0.34448791903960618 0.34448791903960618 3274
-0.34902065481639649 0.34902065481639649 3275
-0.17762162911420171 0.1849237044383151 3276
-0.17386179411384131 0.18846298347391369 3277
-0.1700314508453413 0.19192583285165321 3278
-0.16613215268820081 0.19531084822804079 3279
-0.16216548096138869 0.19861665684663499 3280
-0.15813304430921371 0.20184191806924739 3281
-0.15403647808028131 0.20498532389660379 3282
-0.149877443580408 0.20804559956455271 3283
-0.14565762746379021 0.21102150400845951 3284
-0.14137874107473669 0.2139118303518886 3285
-0.13704251965273431 0.21671540646572071 3286
-0.1326507217233637 0.21943109537766839 3287
-0.12820512836282921 0.22205779575111331 3288
-0.12370754243534908 0.2245944423555023 3289
-0.11915978789604248 0.2270400064767065 3290
-0.11456370905973039 0.2293934963307597 3291
-0.10992116981743709 0.231653957484734 3292
-0.10523405291967068 0.2338204732235242 3293
-0.10050425919398329 0.23589216493186349 3294
-0.095733706753681411 0.23786819245870819 3295
-0.090924330251276539 0.23974775444356039 3296
-0.086078080124291592 0.24153008863180789 3297
-0.081196921714118159 0.2432144722185017 3298
-0.076282834532014218 0.24480022211618671 3299
-0.071337811459165817 0.2462866952325877 3300
-0.066363857898383907 0.2476732887438938 3301
-0.061362991009859667 0.2489594403245175 3302
-0.056337238846221029 0.25014462838837248 3303
-0.051288639563312484 0.2512283722912636 3304
-0.046219240584383606 0.25221023252869051 3305
-0.041131097765305283 0.25308981091500721 3306
-0.036026274552540413 0.25386675074581588 3307
-0.030906841169729898 0.25454073693867219 3308
-0.025774873764406844 0.2551114961635445 3309
-0.020632453565934992 0.25557879695354779 3310
-0.015481666039270375 0.25594244979882069 3311
-0.010324600049920805 0.25620230722259812 3312
-0.005163347002444447 0.25635826384204158 3313
-0.18206216984205009 0.18954679704926619 3314
-0.17820833896668101 0.19317455806075479 3315
-0.17428223711646881 0.1967239786729377 3316
-0.1702854565054002 0.20019361943373509 3317
-0.16621961798541801 0.20358207326779429 3318
-0.16208637041693899 0.20688796602097209 3319
-0.15788739003228361 0.2101099569940125 3320
-0.15362437966991349 0.21324673955366011 3321
-0.14929906815038069 0.21629704160866481 3322
-0.14491320960160109 0.21925962611067981 3323
-0.14046858264404891 0.2221332916273579 3324
-0.13596698976644431 0.22491687276210429 3325
-0.13141025657189667 0.22760924064488561 3326
-0.12680023099622978 0.23020930341438431 3327
-0.12213878259344078 0.23271600663861869 3328
-0.11742780178622099 0.2351283337390235 3329
-0.11266919906287069 0.2374453064218475 3330
-0.10786490424266029 0.23966598505410749 3331
-0.10301686567383089 0.2417894690551555 3332
-0.098127049422521678 0.2438148972701715 3333
-0.093197438507556837 0.24574144830464509 3334
-0.088230032127397467 0.24756834084759921 3335
-0.083226844756969842 0.24929483402396049 3336
-0.078189905395313508 0.25092022766908778 3337
-0.073121256745644 0.25244386261339902 3338
-0.068022954345842643 0.25386512096248798 3339
-0.062897065785105441 0.25518342633262753 3340
-0.057745669817375916 0.2563982440980791 3341
-0.052570855552394796 0.25750908159854291 3342
-0.047374721598992788 0.25851548834190541 3343
-0.042159375209437584 0.25941705618788052 3344
-0.036926931416353663 0.26021341951445959 3345
-0.031679512198972956 0.26090425536213763 3346
-0.026419245608516894 0.26148928356763201 3347
-0.021148264905083283 0.26196826687738572 3348
-0.015868707690252112 0.26234101104379048 3349
-0.010582715051168805 0.26260736490316261 3350
-0.0052924306775055541 0.26276722043809231 3351
-0.18650271056990381 0.19416988966022261 3352
-0.1825548838195257 0.1978861326476011 3353
-0.1785330233876011 0.2015221244942276 3354
-0.17443876032260389 0.2050763906394347 3355
-0.17027375500945161 0.2085474896889587 3356
-0.16603969652466821 0.21193401397270181 3357
-0.16173830198428951 0.21523459009142609 3358
-0.15737131575942279 0.21844787954277259 3359
-0.15294050883697449 0.22157257920887499 3360
-0.14844767812846871 0.2246074218694756 3361
-0.14389464563536639 0.22755117678899961 3362
-0.13928325780952758 0.23040265014654479 3363
-0.13461538478096668 0.2331606855386622 3364
-0.12989291955711288 0.2358241644732707 3365
-0.12511777729084128 0.23839200680053529 3366
-0.12029189451271369 0.24086317114729139 3367
-0.11541722830830609 0.2432366553589646 3368
-0.11049575556565158 0.24551149688469451 3369
-0.10552947215368008 0.24768677317845109 3370
-0.10052039209136329 0.2497616020816382 3371
-0.095470546763838413 0.25173514216573317 3372
-0.090381984130504481 0.2536065930633935 3373
-0.085256767799822497 0.2553751958294222 3374
-0.080096976258613534 0.25704023322199171 3375
-0.074904702032122988 0.25860102999421303 3376
-0.069682050793302114 0.26005695318108463 3377
-0.064431140560351777 0.26140741234073978 3378
-0.059154100788531339 0.26265185980778782 3379
-0.053853071541477518 0.26378979090582388 3380
-0.048530202613602233 0.26482074415512208 3381
-0.043187652653570149 0.26574430146075517 3382
-0.037827588280167135 0.26656008828310451 3383
-0.032452183228216164 0.26726777378560412 3384
-0.027063617452627031 0.26786707097172019 3385
-0.021664076244231643 0.2683577368012241 3386
-0.016255749341233864 0.26873957228876078 3387
-0.010840830052416844 0.26901242258372748 3388
-0.0054215143525666856 0.2691761770341432 3389
-0.19094325129775741 0.19879298227117889 3390
-0.18690142867237031 0.2025977072344475 3391
-0.18278380965873331 0.2063202703155175 3392
-0.1785920641398078 0.2099591618451343 3393
-0.17432789203348509 0.21351290611012311 3394
-0.16999302263239741 0.21698006192443159 3395
-0.16558921393629561 0.2203592231888398 3396
-0.161118251848932 0.2236490195318851 3397
-0.15658194952356838 0.22684811680908509 3398
-0.15198214665533616 0.22995521762827159 3399
-0.14732070862668398 0.2329690619506414 3400
-0.14259952585261096 0.23588842753098521 3401
-0.13782051299003667 0.2387121304324388 3402
-0.13298560811799598 0.2414390255321571 3403
-0.12809677198824168 0.24406800696245179 3404
-0.12315598723920639 0.24659800855555919 3405
-0.11816525755374159 0.24902800429608191 3406
-0.11312660688864289 0.2513570087152816 3407
-0.10804207863352919 0.25358407730174681 3408
-0.10291373476020499 0.25570830689310498 3409
-0.097743655020119988 0.2577288360268214 3410
-0.092533936133611411 0.2596448452791878 3411
-0.087286690842675208 0.26145555763488387 3412
-0.082004047121913684 0.26316023877489553 3413
-0.076688147318601865 0.26475819737502693 3414
-0.071341147240761515 0.26624878539968128 3415
-0.065965215335598099 0.26763139834885202 3416
-0.060562531759686747 0.26890547551749661 3417
-0.055135287530560219 0.27007050021310502 3418
-0.049685683628211789 0.27112599996833908 3419
-0.044215930097702708 0.27207154673362988 3420
-0.038728245143980586 0.2729067570517496 3421
-0.033224854257459378 0.27363129220907062 3422
-0.027707989296737172 0.27424485837580859 3423
-0.022179887583379992 0.27474720672506259 3424
-0.016642790992215592 0.27513813353373118 3425
-0.011098945053664842 0.27541748026429219 3426
-0.0055505980276277971 0.27558513363019432 3427
-0.1953837920256058 0.20341607488213001 3428
-0.19124797352521011 0.20730928182128849 3429
-0.18703459592986091 0.21111841613680199 3430
-0.1827453679570071 0.2148419330508286 3431
-0.17838202905751441 0.21847832253128249 3432
-0.17394634874012271 0.22202610987615631 3433
-0.16944012588829771 0.22548385628624851 3434
-0.16486518793843769 0.22885015952099261 3435
-0.16022339021015888 0.2321236544092905 3436
-0.15551661518220058 0.23530301338706269 3437
-0.15074677161799846 0.23838694711227851 3438
-0.14591579389569156 0.24137420491542119 3439
-0.14102564119910418 0.24426357532621101 3440
-0.13607829667887666 0.24705388659103919 3441
-0.13107576668563997 0.24974400712436409 3442
-0.12602007996569708 0.2523328459638231 3443
-0.12091328679917508 0.25481935323319538 3444
-0.11575745821163258 0.2572025205458649 3445
-0.11055468511337678 0.25948138142503868 3446
-0.10530707742904519 0.26165501170456817 3447
-0.10001676327640029 0.26372252988790618 3448
-0.0946858881367173 0.26568309749497898 3449
-0.089316613885526905 0.26753591944034272 3450
-0.083911117985212946 0.26928024432779663 3451
-0.078471592605080034 0.27091536475583838 3452
-0.073000243688220251 0.27244061761827548 3453
-0.067499290110843949 0.27385538435696222 3454
-0.061970962730841669 0.27515909122720322 3455
-0.056417503519642503 0.276351209520384 3456
-0.050841164642820957 0.27743125578155398 3457
-0.045244207541835016 0.27839879200650319 3458
-0.039628902007793829 0.27925342582039331 3459
-0.033997525286702419 0.2799948106325359 3460
-0.028352361140847274 0.28062264577989587 3461
-0.022695698922528294 0.28113667664890041 3462
-0.017029832643197303 0.28153669477870091 3463
-0.011357060054912833 0.28182253794485668 3464
-0.0056796817026888774 0.28199409022624511 3465
-0.19982433275344549 0.2080391674930718 3466
-0.19559451837804151 0.21202085640812049 3467
-0.19128538220098051 0.21591656195807771 3468
-0.18689867177419889 0.21972470425651411 3469
-0.18243616608153659 0.223443738952433 3470
-0.17789967484784108 0.2270721578278723 3471
-0.17329103784029348 0.2306084893836487 3472
-0.16861212402793727 0.23405129951009179 3473
-0.16386483089674359 0.2373991920094875 3474
-0.15905108370905968 0.2406508091458458 3475
-0.15417283460930828 0.24380483227390781 3476
-0.14923206193876748 0.24685998229984929 3477
-0.14423076940816726 0.24981502021997559 3478
-0.13917098523975338 0.25266874764991393 3479
-0.13405476138303446 0.25542000728626951 3480
-0.12888417269218438 0.25806768337208008 3481
-0.12366131604460548 0.26061070217030202 3482
-0.11838830953461929 0.26304803237644192 3483
-0.11306729159322179 0.26537868554832461 3484
-0.10770042009788319 0.26760171651602571 3485
-0.10228987153267849 0.26971622374898552 3486
-0.09683784013982126 0.27172134971076478 3487
-0.091346536928376895 0.27361628124579629 3488
-0.085818188848510737 0.27540024988069312 3489
-0.080255037891556899 0.27707253213664512 3490
-0.074659340135677904 0.27863244983686553 3491
-0.069033364886088716 0.28007937036506841 3492
-0.063379393701995787 0.28141270693690629 3493
-0.057699719508724177 0.28263191882765998 3494
-0.051996645657429619 0.28373651159476609 3495
-0.046272484985966901 0.28472603727937368 3496
-0.040529558871606787 0.28560009458903468 3497
-0.034770196315945266 0.28635832905599928 3498
-0.028996732984957103 0.28700043318398172 3499
-0.023211510261676484 0.28752614657273667 3500
-0.017416874294178961 0.28793525602366982 3501
-0.011615175056160833 0.28822759562542061 3502
-0.0058087653777499776 0.28840304682229551 3503
-0.20426487348128719 0.21266226010401579 3504
-0.19994106323087479 0.21673243099495451 3505
-0.1955361684721019 0.22071470777935531 3506
-0.19105197559139239 0.22460747546220161 3507
-0.18649030310556036 0.22840915537358539 3508
-0.18185300095556117 0.2321182057795903 3509
-0.17714194979229078 0.2357331224810508 3510
-0.17235906011743826 0.23925243949919281 3511
-0.16750627158332979 0.2426747296096865 3512
-0.16258555223591997 0.2459986049046308 3513
-0.15759889760061888 0.2492227174355387 3514
-0.15254832998184448 0.25234575968427941 3515
-0.14743589761723147 0.25536646511374211 3516
-0.14226367380063087 0.25828360870879041 3517
-0.13703375608042986 0.26109600744817629 3518
-0.13174826541867238 0.26380252078033861 3519
-0.12640934529003667 0.26640205110741022 3520
-0.12101916085760668 0.26889354420702027 3521
-0.11557989807306739 0.27127598967161182 3522
-0.11009376276672159 0.27354842132748441 3523
-0.10456297978895719 0.2757099176100658 3524
-0.098989792142925637 0.27775960192655191 3525
-0.093376459971227274 0.27969664305125108 3526
-0.087725259711808792 0.28152025543359038 3527
-0.082038483178034069 0.28322969951745303 3528
-0.076318436583135821 0.2848242820554564 3529
-0.07056743966133372 0.28630335637317528 3530
-0.064787824673150099 0.28766632264661002 3531
-0.058981935497805962 0.28891262813493662 3532
-0.053152126672038329 0.29004176740797888 3533
-0.047300762430098918 0.29105328255224477 3534
-0.041430215735419759 0.29194676335767639 3535
-0.035542867345188127 0.29272184747946289 3536
-0.029641104829067053 0.29337822058806778 3537
-0.023727321600824722 0.29391561649657322 3538
-0.017803915945160634 0.29433381726863878 3539
-0.011873290057408793 0.29463265330598448 3540
-0.0059378490528111047 0.29481200341834612 3541
-0.20870541420912009 0.2172853527149507 3542
-0.2042876080836997 0.22144400558177951 3543
-0.19978695474321531 0.2255128536006239 3544
-0.19520527940857826 0.2294902466678802 3545
-0.19054444012957697 0.23337457179472909 3546
-0.18580632706327438 0.23716425373129971 3547
-0.18099286174428167 0.24085775557844441 3548
-0.17610599620693318 0.2444535794882855 3549
-0.17114771226991018 0.2479502672098772 3550
-0.16612002076277496 0.25134640066340758 3551
-0.16102496059192467 0.25464060259716181 3552
-0.15586459802491678 0.25783153706870171 3553
-0.15064102582629127 0.26091791000750109 3554
-0.14535636236150457 0.26389846976765952 3555
-0.14001275077782158 0.26677200761007608 3556
-0.13461235814515699 0.26953735818859031 3557
-0.12915737453546466 0.27219340004451198 3558
-0.12365001218059118 0.27473905603759219 3559
-0.11809250455291039 0.27717329379489292 3560
-0.11248710543555769 0.27949512613893729 3561
-0.10683608804523369 0.28170361147114059 3562
-0.10114174414602808 0.28379785414233361 3563
-0.095406383014075932 0.28577700485670099 3564
-0.089632330575105376 0.28764026098648299 3565
-0.083821928464509948 0.28938686689825632 3566
-0.077977533030592586 0.29101611427404322 3567
-0.072101514436577835 0.29252734238127842 3568
-0.066196255644303592 0.29391993835631042 3569
-0.060264151486887109 0.29519333744220988 3570
-0.054307607686646629 0.29634702322118861 3571
-0.048329039874230428 0.29738052782511348 3572
-0.042330872599232468 0.29829343212631598 3573
-0.036315538374430786 0.29908536590292478 3574
-0.030285476673176763 0.29975600799215207 3575
-0.024243132939972802 0.30030508642040871 3576
-0.018190957596142254 0.30073237851360668 3577
-0.012131405058656741 0.30103771098654769 3578
-0.0060669327278721737 0.30122096001439619 3579
-0.21314595493696059 0.22190844532589329 3580
-0.2086341529365319 0.22615558016861231 3581
-0.20403774101433567 0.23031099942190039 3582
-0.19935858322577077 0.2343730178735664 3583
-0.19459857715359977 0.23833998821588051 3584
-0.18975965317099336 0.24221030168301649 3585
-0.18484377369627808 0.24598238867584529 3586
-0.17985293229643337 0.24965471947738541 3587
-0.17478915295649547 0.25322580481007512 3588
-0.16965448928963459 0.25669419642219149 3589
-0.16445102358323488 0.2600584877587917 3590
-0.15918086606799317 0.2633173144531305 3591
-0.15384615403535476 0.26646935490126622 3592
-0.14844905092238156 0.269513330826535 3593
-0.14299174547521648 0.27244800777198203 3594
-0.13747645087164456 0.2752721955968479 3595
-0.13190540378089538 0.27798474898161929 3596
-0.12628086350357817 0.28058456786816971 3597
-0.12060511103275569 0.28307059791817929 3598
-0.11488044810439568 0.28544183095039521 3599
-0.10910919630151208 0.28769730533222032 3600
-0.10329369614913228 0.28983610635812002 3601
-0.097436306056926131 0.29185736666215523 3602
-0.091539401438403278 0.29376026653937981 3603
-0.085605373750986938 0.29554403427906362 3604
-0.079636629478050308 0.29720794649263371 3605
-0.073635589211822713 0.2987513283893849 3606
-0.067604686615457737 0.30017355406601381 3607
-0.061546367475968811 0.30147404674948608 3608
-0.055463088701255291 0.30265227903440112 3609
-0.049357317318362327 0.30370777309798419 3610
-0.043231529463045447 0.30464010089495758 3611
-0.037088209403673626 0.30544888432638828 3612
-0.030929848517286713 0.30613379539623797 3613
-0.024758944279120992 0.30669455634424531 3614
-0.018577999247123892 0.30713093975857553 3615
-0.012389520059904692 0.30744276866711151 3616
-0.0061960164029332453 0.3076299166104467 3617
-0.21758649566480151 0.2265315379368365 3618
-0.21298069778936438 0.2308671547554455 3619
-0.20828852728545638 0.23510914524317719 3620
-0.20351188704296358 0.2392557890792531 3621
-0.19865271417762298 0.24330540463703221 3622
-0.19371297927871278 0.2472563496347337 3623
-0.18869468564827477 0.25110702177324667 3624
-0.18359986838593387 0.2548558594664857 3625
-0.17843059364308106 0.25850134241027323 3626
-0.17318895781649438 0.26204199218097568 3627
-0.16787708657454506 0.26547637292042198 3628
-0.16249713411106978 0.2688030918375599 3629
-0.15705128224441858 0.27202079979503208 3630
-0.15154173948325877 0.27512819188541071 3631
-0.14597074017261158 0.27812400793388831 3632
-0.14034054359813228 0.28100703300510582 3633
-0.13465343302632626 0.28377609791872699 3634
-0.12891171482656527 0.28643007969874762 3635
-0.12311771751260099 0.28896790204146588 3636
-0.11727379077323398 0.29138853576185347 3637
-0.11138230455779059 0.29369099919330027 3638
-0.10544564815223649 0.29587435857390659 3639
-0.099466229099776357 0.29793772846760952 3640
-0.093446472301701236 0.29988027209227658 3641
-0.087388819037463997 0.30170120165987108 3642
-0.081295725925508086 0.30339977871122431 3643
-0.075169663987067689 0.30497531439749159 3644
-0.069013117586611994 0.30642716977571732 3645
-0.062828583465050575 0.30775475605676228 3646
-0.056618569715864021 0.30895753484761351 3647
-0.050385594762494261 0.31003501837085512 3648
-0.044132186326858426 0.31098676966359923 3649
-0.037860880432916487 0.31181240274985189 3650
-0.031574220361396586 0.31251158280032398 3651
-0.025274755618269168 0.31308402626808168 3652
-0.018965040898105558 0.31352950100354449 3653
-0.012647635061152702 0.31384782634767538 3654
-0.0063251000779943473 0.3140388732064972 3655
-0.22202703639263438 0.23115463054777141 3656
-0.21732724264218936 0.23557872934227059 3657
-0.21253931355656988 0.23990729106444589 3658
-0.20766519086014956 0.24413856028493169 3659
-0.20270685120163967 0.24827082105817591 3660
-0.19766630538642607 0.25230239758644302 3661
-0.19254559760026568 0.25623165487064031 3662
-0.18734680447542887 0.26005699945557847 3663
-0.18207203432966157 0.26377688001046401 3664
-0.17672342634334937 0.26738978793975249 3665
-0.17130314956585088 0.27089425808204498 3666
-0.16581340215414206 0.27428886922198209 3667
-0.16025641045347838 0.27757224468879099 3668
-0.15463442804413247 0.28074305294427992 3669
-0.14894973487000326 0.28380000809578798 3670
-0.14320463632461697 0.28674187041335752 3671
-0.13740146227175426 0.28956744685582869 3672
-0.13154256614954987 0.29227559152931959 3673
-0.12563032399244398 0.29486520616474721 3674
-0.11966713344207008 0.29733524057330651 3675
-0.11365541281406709 0.29968469305437517 3676
-0.10759760015533898 0.30191261078968817 3677
-0.10149615214262508 0.30401809027305932 3678
-0.095353543164997848 0.30600027764516929 3679
-0.089172264323939862 0.30785836904067448 3680
-0.082954822372964837 0.30959161092981108 3681
-0.076703738762311721 0.31119930040559479 3682
-0.070421548557765445 0.31268078548541772 3683
-0.064110799454131673 0.3140354653640357 3684
-0.05777405073047228 0.3152627906608233 3685
-0.051413872206625889 0.31636226364372377 3686
-0.045032843190671148 0.31733343843223882 3687
-0.038633551462159056 0.31817592117331372 3688
-0.032218592205506318 0.31888937020440838 3689
-0.025790566957417251 0.31947349619191712 3690
-0.019352082549087168 0.31992806224851261 3691
-0.012905750062400651 0.32025288402823882 3692
-0.0064541837530554961 0.32044782980254738 3693
-0.22646757712047566 0.23577772315871501 3694
-0.22167378749502228 0.24029030392910419 3695
-0.21679009982769087 0.24470543688572319 3696
-0.21181849467734276 0.24902133149061881 3697
-0.20676098822566316 0.253236237479328 3698
-0.20161963149414577 0.25734844553816072 3699
-0.19639650955226257 0.261356287968042 3700
-0.19109374056492956 0.26525813944467902 3701
-0.18571347501624738 0.26905241761066251 3702
-0.18025789487020938 0.27273758369853718 3703
-0.17472921255716148 0.27631214324367581 3704
-0.16912967019721886 0.27977464660641183 3705
-0.16346153866254237 0.28312368958255713 3706
-0.15772711660500977 0.28635791400315602 3707
-0.15192872956739836 0.28947600825769459 3708
-0.14606872905110477 0.29247670782161572 3709
-0.14014949151718528 0.29535879579293661 3710
-0.13417341747253708 0.29812110335989772 3711
-0.12814293047228947 0.30076251028803408 3712
-0.12206047611090838 0.30328194538476488 3713
-0.11592852107034568 0.30567838691545551 3714
-0.10974955215844329 0.30795086300547531 3715
-0.10352607518547538 0.310098452078514 3716
-0.097260614028295889 0.31212028319806651 3717
-0.090955709610416963 0.31401553642148211 3718
-0.084613918820422684 0.31578344314840179 3719
-0.078237813537556711 0.3174232864137016 3720
-0.071829979528919743 0.31893440119512129 3721
-0.065393015443213437 0.32031617467131218 3722
-0.058929531745080976 0.32156804647403597 3723
-0.052442149650757809 0.32268950891659481 3724
-0.045933500054484107 0.32368010720088058 3725
-0.039406222491402 0.32453943959677739 3726
-0.032862964049616278 0.32526715760849451 3727
-0.026306378296565458 0.32586296611575372 3728
-0.019739124200068771 0.32632662349348152 3729
-0.013163865063648649 0.32665794170880269 3730
-0.0065832674281165408 0.32685678639859778 3731
-0.23090811784831566 0.24040081576965722 3732
-0.22602033234785407 0.24500187851593649 3733
-0.22104088609881098 0.24950358270699921 3734
-0.21597179849453488 0.2539041026963047 3735
-0.21081512524968568 0.258201653900479 3736
-0.20557295760186456 0.26239449348987709 3737
-0.20024742150425878 0.26648092106544252 3738
-0.19484067665442947 0.27045927943377862 3739
-0.18935491570283247 0.27432795521086012 3740
-0.18379236339706878 0.27808537945732048 3741
-0.17815527554847127 0.28173002840530542 3742
-0.17244593824029508 0.28526042399084039 3743
-0.16666666687160558 0.28867513447632198 3744
-0.16081980516588676 0.29197277506203112 3745
-0.15490772426479318 0.29515200841960021 3746
-0.14893282177759226 0.2982115452298732 3747
-0.14289752076261578 0.30115014473004359 3748
-0.13680426879552396 0.30396661519047502 3749
-0.13065553695213458 0.30665981441132018 3750
-0.12445381877974639 0.30922865019622259 3751
-0.11820162932662398 0.31167208077653491 3752
-0.11190150416154739 0.31398911522126122 3753
-0.10555599822832548 0.31617881388396779 3754
-0.099167684891593694 0.31824028875096311 3755
-0.092739154896893952 0.32017270380228918 3756
-0.086273015267880379 0.32197527536699211 3757
-0.079771888312801589 0.32364727242180791 3758
-0.073238410500073819 0.32518801690482457 3759
-0.066675231432295132 0.32659688397858821 3760
-0.060085012759689672 0.32787330228724809 3761
-0.053470427094889729 0.32901675418946541 3762
-0.046834156918297058 0.33002677596952212 3763
-0.040178893520644819 0.33090295802024078 3764
-0.033507335893726106 0.33164494501258018 3765
-0.02682218963571369 0.33225243603959009 3766
-0.020126165851050419 0.33272518473845042 3767
-0.01342198006489663 0.33306299938936651 3768
-0.0067123511031776974 0.33326574299464851 3769
-0.23534865857615386 0.24502390838059754 3770
-0.23036687720068388 0.24971345310276694 3771
-0.22529167236992897 0.25430172852827321 3772
-0.22012510231172527 0.25878687390198851 3773
-0.21486926227370656 0.26316707032162789 3774
-0.20952628370958176 0.26744054144159157 3775
-0.20409833345625336 0.2716055541628411 3776
-0.19858761274392797 0.27566041942287622 3777
-0.19299635638941628 0.27960349281105562 3778
-0.18732683192392688 0.28343317521610212 3779
-0.18158133853977998 0.2871479135669332 3780
-0.17576220628337016 0.29074620137526719 3781
-0.16987179508066796 0.29422657937008551 3782
-0.16391249372676267 0.29758763612090461 3783
-0.15788671896218706 0.30082800858150421 3784
-0.15179691450407898 0.30394638263812879 3785
-0.14564555000804566 0.30694149366714929 3786
-0.13943512011851028 0.30981212702105071 3787
-0.13316814343197916 0.31255711853460511 3788
-0.12684716144858388 0.3151753550076789 3789
-0.12047473758290178 0.31766577463761297 3790
-0.11405345616465098 0.32002736743704618 3791
-0.10758592127117518 0.32225917568942058 3792
-0.10107475575489118 0.32436029430385849 3793
-0.094522600183370525 0.32632987118309531 3794
-0.087932111715337838 0.32816710758558121 3795
-0.081305963088046246 0.32987125842991338 3796
-0.074646841471227798 0.33144163261452703 3797
-0.067957447421376646 0.33287759328586353 3798
-0.06124049377429823 0.33417855810045971 3799
-0.054498704539021489 0.33534399946233551 3800
-0.047734813782109947 0.33637344473816322 3801
-0.040951564549887631 0.33726647644370378 3802
-0.034151707737835962 0.33802273241666558 3803
-0.027338000974861838 0.33864190596342642 3804
-0.020513207502032071 0.33912374598341888 3805
-0.0136800950661446 0.33946805706993022 3806
-0.0068414347782387976 0.3396746995906989 3807
-0.23978919930400108 0.24964700099154724 3808
-0.23471342205352258 0.25442502768960668 3809
-0.22954245864105546 0.25909987434955639 3810
-0.22427840612892358 0.26366964510768182 3811
-0.21892339929773488 0.268132486742786 3812
-0.21347960981730618 0.27248658939331499 3813
-0.20794924540825477 0.27673018726024867 3814
-0.20233454883343277 0.2808615594119826 3815
-0.19663779707600598 0.28487903041125978 3816
-0.19086130045079058 0.2887809709748923 3817
-0.18500740153109396 0.29256579872856919 3818
-0.17907847432645016 0.29623197875970209 3819
-0.17307692328973498 0.29977802426385669 3820
-0.16700518228764288 0.30320249717978559 3821
-0.16086571365958496 0.30650400874341571 3822
-0.15466100723056908 0.30968122004639193 3823
-0.14839357925347876 0.31273284260426171 3824
-0.14206597144149946 0.31565763885163323 3825
-0.13568074991182638 0.31845442265789609 3826
-0.12924050411742377 0.32112205981914138 3827
-0.12274784583918179 0.3236594684986972 3828
-0.11620540816775658 0.32606561965283648 3829
-0.10961584431402659 0.32833953749487871 3830
-0.10298182661819019 0.33048029985675897 3831
-0.096306045469848583 0.33248703856390588 3832
-0.089591208162796435 0.33435893980417492 3833
-0.082840037863291874 0.33609524443802269 3834
-0.076055272442382693 0.33769524832423298 3835
-0.069239663410458854 0.33915830259314211 3836
-0.062395974788907349 0.34048381391367438 3837
-0.055526981983153811 0.34167124473520832 3838
-0.048635470645923169 0.34272011350680631 3839
-0.041724235579130596 0.34362999486716878 3840
-0.034796079581945971 0.3444005198207527 3841
-0.027853812314010091 0.34503137588726368 3842
-0.020900249153013778 0.3455223072283885 3843
-0.0139382100673926 0.34587311475049448 3844
-0.0069705184532998718 0.34608365618674952 3845
-0.24422974003185066 0.25427009360249953 3846
-0.23905996690636339 0.25913660227644891 3847
-0.23379324491218417 0.2638980201708423 3848
-0.22843170994612397 0.26855241631337712 3849
-0.22297753632176517 0.27309790316394639 3850
-0.21743293592503227 0.27753263734504102 3851
-0.21180015736025787 0.28185482035765858 3852
-0.20608148492293926 0.28606269940109119 3853
-0.20027923776259726 0.29015456801146622 3854
-0.19439576897765568 0.2941287667336846 3855
-0.18843346452240917 0.29798368389020741 3856
-0.18239474236953146 0.30171775614413898 3857
-0.17628205149880297 0.30532946915762987 3858
-0.17009787084852418 0.30881735823866879 3859
-0.16384470835698367 0.31218000890532888 3860
-0.15752509995706018 0.31541605745465662 3861
-0.15114160849891278 0.31852419154137612 3862
-0.14469682276448947 0.32150315068221719 3863
-0.13819335639167438 0.3243517267811889 3864
-0.13163384678626439 0.32706876463060552 3865
-0.12502095409546238 0.32965316235978259 3866
-0.11835736017086268 0.33210387186862839 3867
-0.11164576735687849 0.33441989930033811 3868
-0.10488889748148969 0.33660030540966063 3869
-0.098089490756326905 0.338644205944718 3870
-0.091250304610255295 0.34055077202276968 3871
-0.084374112638537765 0.34231923044613338 3872
-0.077463703413537643 0.34394886403394032 3873
-0.070521879399541243 0.34543901190042192 3874
-0.063551455803516593 0.34678906972688972 3875
-0.056555259427286161 0.34799849000808197 3876
-0.049536127509736468 0.3490667822754504 3877
-0.042496906608373748 0.34999351329063438 3878
-0.035440451426056042 0.35077830722484038 3879
-0.028369623653158399 0.35142084581110172 3880
-0.021287290803995489 0.35192086847335852 3881
-0.014196325068640599 0.35227817243105891 3882
-0.0070996021283610119 0.35249261278280042 3883
-0.24867028075966918 0.25889318621341922 3884
-0.24340651175917458 0.26384817686325901 3885
-0.23804403118328457 0.26869616599209623 3886
-0.23258501376329746 0.27343518751904122 3887
-0.22703167334576999 0.27806331958507569 3888
-0.22138626203273437 0.28257868529673602 3889
-0.21565106931223818 0.28697945345503811 3890
-0.20982842101242438 0.2912638393901702 3891
-0.20392067844916828 0.29543010561164351 3892
-0.19793023750450187 0.29947656249244808 3893
-0.19185952751370677 0.30340156905181759 3894
-0.18571101041259597 0.30720353352854862 3895
-0.17948717970785566 0.31088091405137652 3896
-0.17319055940939096 0.31443221929752568 3897
-0.16682370305436917 0.31785600906721689 3898
-0.16038919268353927 0.32115089486289689 3899
-0.15388963774433567 0.32431554047846672 3900
-0.14732767408746916 0.32734866251277889 3901
-0.14070596287151307 0.33024903090446001 3902
-0.13402718945509656 0.33301546944204868 3903
-0.12729406235173546 0.33564685622084828 3904
-0.12050931217396209 0.33814212408440142 3905
-0.11367569039972437 0.34050026110577952 3906
-0.10679596834478378 0.3427203109625454 3907
-0.099872936042800647 0.34480137332551403 3908
-0.092909401057710256 0.34674260424134962 3909
-0.085908187413780257 0.34854321645423009 3910
-0.07887213438468986 0.3502024797436345 3911
-0.0718040953886213 0.35171972120768991 3912
-0.064706936818123922 0.35309432554009479 3913
-0.057583536871417026 0.35432573528094619 3914
-0.0504367843735486 0.35541345104408623 3915
-0.043269577637615998 0.35635703171409278 3916
-0.03608482327016551 0.35715609462892201 3917
-0.028885434992306419 0.35781031573493483 3918
-0.021674332454977061 0.35831942971832481 3919
-0.014454440069888507 0.35868323011162118 3920
-0.0072286858034220636 0.35890156937885009 3921
-0.2531108214875214 0.26351627882437417 3922
-0.24775305661201788 0.26855975145010391 3923
-0.24229481745441547 0.27349431181338463 3924
-0.23673831758050007 0.27831795872473941 3925
-0.23108581036980247 0.28302873600623868 3926
-0.22533958814046248 0.28762473324846433 3927
-0.21950198126424308 0.29210408655245051 3928
-0.21357535710193257 0.29646497937928118 3929
-0.20756211913576117 0.30070564321185222 3930
-0.20146470603136857 0.30482435825124288 3931
-0.19528559050502356 0.30881945421345808 3932
-0.18902727845567857 0.31268931091298791 3933
-0.18269230791692498 0.31643235894515181 3934
-0.17628324797027348 0.32004708035641111 3935
-0.16980269775176907 0.32353200922913228 3936
-0.16325328541003137 0.3268857322711638 3937
-0.15663766698977058 0.33010688941558292 3938
-0.14995852541046006 0.33319417434336479 3939
-0.14321856935136187 0.33614633502775459 3940
-0.13642053212393776 0.33896217425351449 3941
-0.12956717060801667 0.34164055008193539 3942
-0.12266126417706867 0.34418037630019488 3943
-0.11570561344257677 0.34658062291124042 3944
-0.10870303920808368 0.3488403165154485 3945
-0.10165638132927927 0.35095854070632709 3946
-0.094568497505169463 0.35293443645994571 3947
-0.087442262189026412 0.35476720246234178 3948
-0.080280565355845143 0.35645609545334273 3949
-0.073086311377703897 0.35800043051497032 3950
-0.065862417832733319 0.35939958135331113 3951
-0.058611814315549481 0.36065298055382039 3952
-0.051337441237362016 0.36176011981273082 3953
-0.044042248666859171 0.36272055013755922 3954
-0.036729195114275637 0.36353388203301001 3955
-0.029401246331454731 0.36419978565877309 3956
-0.022061374105958799 0.36471799096329499 3957
-0.014712555071136517 0.36508828779218588 3958
-0.0073577694784831716 0.36531052597490088 3959
-0.25755136221537361 0.26813937143532901 3960
-0.25209960146486121 0.27327132603694881 3961
-0.24654560372554649 0.27829245763467308 3962
-0.24089162139770257 0.28320072993043738 3963
-0.23513994739383476 0.28799415242740178 3964
-0.22929291424819048 0.29267078120019258 3965
-0.22335289321624796 0.29722871964986269 3966
-0.21732229319144078 0.30166611936839233 3967
-0.21120355982235406 0.30598118081206099 3968
-0.20499917455823527 0.31017215401003728 3969
-0.19871165349634026 0.31423733937509851 3970
-0.19234354649876118 0.31817508829742691 3971
-0.18589743612599427 0.32198380383892711 3972
-0.17937593653115588 0.3256619414152962 3973
-0.17278169244916888 0.32920800939104772 3974
-0.16611737813652358 0.33262056967943038 3975
-0.15938569623520546 0.33589823835269911 3976
-0.15258937673345088 0.33903968617395092 3977
-0.14573117583121048 0.34204363915104907 3978
-0.13881387479277907 0.34490887906498041 3979
-0.13184027886429786 0.34763424394302261 3980
-0.12481321618017537 0.35021862851598828 3981
-0.11773553648542917 0.35266098471670132 3982
-0.11061011007138347 0.35496032206835171 3983
-0.10343982661575807 0.35711570808714038 3984
-0.096227593952628671 0.35912626867854158 3985
-0.088976336964272623 0.36099118847045347 3986
-0.081688996327000413 0.36270971116305067 3987
-0.074368527366786466 0.3642811398222508 3988
-0.067017898847342744 0.36570483716652741 3989
-0.059640091759681969 0.36698022582669487 3990
-0.052238098101175419 0.36810678858137552 3991
-0.04481491969610233 0.36908406856102532 3992
-0.037373566958385736 0.36991166943709819 3993
-0.029917057670603056 0.3705892555826113 3994
-0.022448415756940544 0.37111655220826512 3995
-0.014970670072384498 0.3714933454727507 3996
-0.0074868531535442814 0.37171948257095189 3997
-0.26199190294320129 0.27276246404625859 3998
-0.25644614631768109 0.27798290062376829 3999
-0.25079638999665521 0.2830906034559364 4000
-0.24504492521488408 0.28808350113611092 4001
-0.23919408441784717 0.29295956884854019 4002
-0.23324624035589986 0.29771682915189701 4003
-0.22720380516823518 0.30235335274725128 4004
-0.22106922928093217 0.30686725935747999 4005
-0.21484500050893118 0.31125671841224678 4006
-0.20853364308508718 0.31551994976880948 4007
-0.20213771648764306 0.3196552245367168 4008
-0.19565981454183076 0.32366086568184482 4009
-0.18910256433505157 0.32753524873268169 4010
-0.18246862509202716 0.33127680247416091 4011
-0.17576068714655838 0.3348840095529434 4012
-0.16898147086300608 0.33835540708767808 4013
-0.16213372548063168 0.34168958728979693 4014
-0.15522022805643368 0.34488519800451911 4015
-0.14824378231105198 0.34794094327432662 4016
-0.14120721746161366 0.35085558387642968 4017
-0.13411338712057316 0.35362793780409418 4018
-0.12696516818327677 0.35625688073176698 4019
-0.11976545952827687 0.35874134652214812 4020
-0.11251718093467927 0.36108032762124148 4021
-0.10522327190223317 0.36327287546794113 4022
-0.097886690400084769 0.36531810089712591 4023
-0.090510411739516114 0.36721517447855417 4024
-0.08309742729815342 0.36896332687274891 4025
-0.075650743355867217 0.37056184912952228 4026
-0.068173379861950642 0.37201009297973547 4027
-0.060668369203813279 0.37330747109956181 4028
-0.053138754964987912 0.37445345735001362 4029
-0.045587590725344816 0.37544758698448588 4030
-0.038017938802495398 0.37628945684118159 4031
-0.030432869009751097 0.37697872550644579 4032
-0.022835457407922106 0.37751511345323258 4033
-0.015228785073632447 0.37789840315331358 4034
-0.0076159368286053712 0.37812843916700178 4035
-0.26643244367107638 0.27738555665723719 4036
-0.26079269117054632 0.2826944752106369 4037
-0.25504717626780682 0.28788874927724822 4038
-0.24919822903210628 0.29296627234183198 4039
-0.24324822144189817 0.29792498526972622 4040
-0.23719956646364568 0.30276287710364791 4041
-0.23105471712025677 0.30747798584468572 4042
-0.22481616537045607 0.31206839934661279 4043
-0.21848644119553878 0.31653225601247709 4044
-0.21206811161196767 0.32086774552762498 4045
-0.20556377947897278 0.32507310969837788 4046
-0.19897608258492538 0.32914664306630392 4047
-0.19230769254413196 0.33308669362647642 4048
-0.18556131365291997 0.3368916635330651 4049
-0.17873968184396788 0.34056000971487699 4050
-0.17184556358950717 0.3440902444959627 4051
-0.16488175472607466 0.34748093622693021 4052
-0.15785107937943196 0.35073070983512172 4053
-0.15075638879090747 0.35383824739763708 4054
-0.14360056013046119 0.3568022886879107 4055
-0.13638649537685998 0.35962163166519601 4056
-0.12911712018638838 0.36229513294757432 4057
-0.12179538257113368 0.36482170832762217 4058
-0.11442425179798298 0.36720033317415701 4059
-0.10700671718871527 0.36943004284876602 4060
-0.099545786847546974 0.37150993311573272 4061
-0.092044486514764795 0.37343916048667603 4062
-0.084505858269310757 0.37521694258246652 4063
-0.076932959344951535 0.3768425584368113 4064
-0.069328860876561454 0.37831534879295942 4065
-0.061696646647946891 0.37963471637244289 4066
-0.054039411828802168 0.38080012611866432 4067
-0.046360261754588641 0.38181110540795721 4068
-0.038662310646605962 0.38266724424527399 4069
-0.030948680348899724 0.38336819543028772 4070
-0.023222499058904014 0.38391367469820531 4071
-0.015486900074880556 0.38430346083388012 4072
-0.0077450205036665295 0.38453739576305362 4073
-0.27087298439895291 0.2820086492682175 4074
-0.26513923602341283 0.287406049797507 4075
-0.25929796253895993 0.29268689509856149 4076
-0.25335153284932987 0.29784904354755481 4077
-0.24730235846595058 0.30289040169091358 4078
-0.24115289257139247 0.30780892505540008 4079
-0.23490562907227946 0.31260261894212182 4080
-0.22856310145998107 0.31726953933574731 4081
-0.22212788188214747 0.32180779361270873 4082
-0.21560258013884906 0.32621554128644192 4083
-0.20898984247030336 0.33049099486004008 4084
-0.20229235062802098 0.33463242045076458 4085
-0.19551282075321347 0.33863813852027291 4086
-0.18865400221381357 0.34250652459197067 4087
-0.18171867654137808 0.34623600987681202 4088
-0.17470965631600877 0.34982508190424849 4089
-0.16762978397151826 0.35327228516406489 4090
-0.16048193070243078 0.35657622166572539 4091
-0.15326899527076346 0.35973555152094883 4092
-0.14599390279930896 0.36274899349939282 4093
-0.13865960363314708 0.36561532552629877 4094
-0.13126907218950026 0.36833338516338249 4095
-0.12382530561399077 0.37090207013309712 4096
-0.11633132266128707 0.37332033872707338 4097
-0.10879016247519757 0.37558721022959168 4098
-0.10120488329500928 0.37770176533434019 4099
-0.09357856129001367 0.3796631464947986 4100
-0.085914289240468261 0.38147055829218462 4101
-0.078215175334035991 0.38312326774410099 4102
-0.070484341891172392 0.38462060460618391 4103
-0.062724924092080553 0.38596196164532459 4104
-0.054940068692616487 0.38714679488731529 4105
-0.047132932783832446 0.38817462383142881 4106
-0.039306682490716539 0.38904503164936649 4107
-0.031464491688048296 0.38975766535412959 4108
-0.023609540709885916 0.39031223594317821 4109
-0.015745015076128605 0.39070851851444649 4110
-0.0078741041787276245 0.39094635235910552 4111
-0.27531352512679758 0.28663174187916463 4112
-0.26948578087624903 0.29211762438434402 4113
-0.26354874881008411 0.29748504091984229 4114
-0.25750483666652602 0.3027318147532454 4115
-0.25135649548997679 0.30785581811206902 4116
-0.24510621867911497 0.31285497300712117 4117
-0.23875654102427898 0.31772725203952679 4118
-0.23231003754948426 0.32247067932485129 4119
-0.22576932256873566 0.32708333121291061 4120
-0.21913704866571126 0.33156333704522972 4121
-0.21241590546161576 0.33590888002167391 4122
-0.20560861867109959 0.34011819783519731 4123
-0.19871794896227907 0.34418958341404171 4124
-0.19174669077469259 0.34812138565084971 4125
-0.18469767123877479 0.35191201003872152 4126
-0.17757374904249806 0.35555991931250941 4127
-0.17037781321695059 0.35906363410117531 4128
-0.16311278202541918 0.36242173349630602 4129
-0.15578160175060998 0.36563285564423809 4130
-0.14838724546814827 0.36869569831085369 4131
-0.14093271188942647 0.37160901938738111 4132
-0.13342102419260538 0.37437163737917151 4133
-0.12585522865684176 0.37698243193855369 4134
-0.11823839352458568 0.37944034427997247 4135
-0.11057360776167517 0.3817443776104012 4136
-0.10286397974246757 0.38389359755293267 4137
-0.095112636065258979 0.38588713250290702 4138
-0.087322720211622865 0.38772417400188969 4139
-0.079497391323118019 0.38940397705137858 4140
-0.071639822905781331 0.39092586041939781 4141
-0.063753201536212667 0.39228920691819669 4142
-0.055840725556429611 0.39349346365595811 4143
-0.047905603813075431 0.39453814225489342 4144
-0.039951054334826507 0.39542281905345328 4145
-0.031980303027196622 0.39614713527796669 4146
-0.023996582360867536 0.39671079718814761 4147
-0.016003130077376557 0.39711357619501081 4148
-0.0080031878537886944 0.39735530895515631 4149
-0.279754065854671 0.29125483449014161 4150
-0.27383232572911248 0.29682919897121102 4151
-0.26779953508123427 0.30228318674115251 4152
-0.2616581404837468 0.30761458595896513 4153
-0.25541063251402651 0.31282123453325328 4154
-0.24905954478685946 0.31790102095887057 4155
-0.24260745297629938 0.32285188513695978 4156
-0.23605697363900707 0.32767181931398259 4157
-0.22941076325534226 0.33235886881313931 4158
-0.22267151719259076 0.33691113280404372 4159
-0.21584196845294468 0.34132676518333338 4160
-0.20892488671419338 0.34560397521965502 4161
-0.20192307717135896 0.34974102830783532 4162
-0.19483937933558476 0.35373624670975251 4163
-0.18767666593618357 0.35758801020065389 4164
-0.18043784176899846 0.3612947567207927 4165
-0.17312584246239296 0.36485498303830749 4166
-0.16574363334841696 0.36826724532690752 4167
-0.15829420823046508 0.37153015976754761 4168
-0.15078058813699516 0.37464240312233371 4169
-0.14320582014571287 0.37760271324848182 4170
-0.13557297619571657 0.3804098895949779 4171
-0.12788515169969816 0.38306279374402691 4172
-0.12014546438788908 0.38556034983288712 4173
-0.11235705304815707 0.3879015449912252 4174
-0.10452307618992958 0.39008542977153893 4175
-0.096646710840507521 0.39211111851102798 4176
-0.088731151182780077 0.39397778971160652 4177
-0.080779607312202226 0.39568468635866699 4178
-0.072795303920392074 0.39723111623262108 4179
-0.064781478980346224 0.39861645219107739 4180
-0.056741382420243791 0.39984013242460831 4181
-0.048678274842319159 0.40090166067836419 4182
-0.040595426178937015 0.4018006064575454 4183
-0.03249611436634519 0.40253660520180817 4184
-0.024383624011849497 0.40310935843312018 4185
-0.016261245078624635 0.40351863387557718 4186
-0.0081322715288498527 0.40376426555120792 4187
-0.28419460658254919 0.29587792710112348 4188
-0.2781788705819806 0.30154077355808268 4189
-0.27205032135238871 0.30708133256246739 4190
-0.2658114443009717 0.31249735716468952 4191
-0.25946476953808012 0.31778665095444242 4192
-0.25301287089460772 0.32294706891062458 4193
-0.24645836492832326 0.32797651823439727 4194
-0.23980390972853308 0.33287295930311828 4195
-0.23305220394195197 0.33763440641337239 4196
-0.22620598571947328 0.34225892856286227 4197
-0.21926803144427617 0.34674465034499719 4198
-0.21224115475728977 0.35108975260411712 4199
-0.20512820538044096 0.35529247320163287 4200
-0.19793206789647896 0.35935110776865919 4201
-0.19065566063359446 0.36326401036259032 4202
-0.18330193449550078 0.36702959412907971 4203
-0.17587387170783716 0.3706463319754435 4204
-0.16837448467141639 0.37411275715751252 4205
-0.16080681471032146 0.37742746389086029 4206
-0.15317393080584346 0.38058910793381667 4207
-0.14547892840200038 0.38359640710958581 4208
-0.13772492819882887 0.38644814181078713 4209
-0.12991507474255556 0.38914315554950268 4210
-0.12205253525119338 0.39168035538580431 4211
-0.11414049833463967 0.3940587123720517 4212
-0.10618217263739207 0.39627726199014718 4213
-0.098180785615756522 0.39833510451915111 4214
-0.09013958215393772 0.40023140542132518 4215
-0.082061823301286807 0.40196539566595729 4216
-0.073950784935003067 0.40353637204584608 4217
-0.065809756424479976 0.40494369746395942 4218
-0.057642039284058165 0.40618680119325978 4219
-0.049450945871563075 0.40726517910183652 4220
-0.041239798023047725 0.40817839386163862 4221
-0.033011925705493862 0.40892607512565038 4222
-0.024770665662831405 0.4095079196780933 4223
-0.016519360079872796 0.40992369155614378 4224
-0.0082613552039109469 0.41017322214725987 4225
-0.28863514731039391 0.30050101971207061 4226
-0.28252541543481668 0.30625234814491981 4227
-0.27630110762351279 0.31187947838374819 4228
-0.2699647481181679 0.31738012837037999 4229
-0.26351890656210653 0.32275206737559797 4230
-0.25696619700233009 0.32799311686234539 4231
-0.2503092768803229 0.33310115133180251 4232
-0.24355084581803618 0.33807409929222249 4233
-0.23669364462853998 0.34290994401357422 4234
-0.22974045424633546 0.34760672432165002 4235
-0.22269409443558857 0.35216253550663112 4236
-0.21555742280036838 0.35657552998854958 4237
-0.20833333358950668 0.36084391809540201 4238
-0.20102475645735807 0.36496596882753818 4239
-0.19363465533099108 0.36894001052449948 4240
-0.18616602722198997 0.37276443153734068 4241
-0.17862190095326946 0.37643768091255397 4242
-0.17100533599440468 0.37995826898809298 4243
-0.16331942119016798 0.38332476801414972 4244
-0.15556727347468266 0.3865358127452776 4245
-0.14775203665827977 0.38959010097066799 4246
-0.13987688020193398 0.39248639402657598 4247
-0.13194499778540666 0.39522351735495931 4248
-0.12395960611449197 0.39780036093870341 4249
-0.11592394362111727 0.40021587975286099 4250
-0.10784126908485037 0.40246909420873972 4251
-0.099714860391001886 0.40455909052725941 4252
-0.091548013125092254 0.40648502113103041 4253
-0.083344039290368821 0.4082461049732351 4254
-0.075106265949611992 0.40984162785905992 4255
-0.06683803386861209 0.41127094273683168 4256
-0.058542696147871311 0.41253346996190238 4257
-0.050223616900806026 0.41362869752530079 4258
-0.041884169867157685 0.41455618126572491 4259
-0.033527737044642125 0.41531554504948748 4260
-0.025157707313813105 0.41590648092306259 4261
-0.016777475081120746 0.41632874923670787 4262
-0.0083904388789720844 0.41658217874331038 4263
-0.29307568803828238 0.30512411232306341 4264
-0.28687196028769463 0.31096392273180218 4265
-0.28055189389467672 0.31667762420507373 4266
-0.27411805193540179 0.32226289957611493 4267
-0.26757304358616851 0.32771748379679722 4268
-0.2609195231100862 0.33303916481410972 4269
-0.25416018883235431 0.33822578442924989 4270
-0.24729778190756949 0.34327523928136822 4271
-0.24033508531515646 0.34818548161381713 4272
-0.23327492277322417 0.3529545200804779 4273
-0.22612015742692598 0.3575804206683042 4274
-0.21887369084347016 0.36206130737302078 4275
-0.21153846179859398 0.3663953629892085 4276
-0.20411744501825718 0.37058082988645358 4277
-0.19661365002840647 0.3746160106864444 4278
-0.18903011994849636 0.3784992689456359 4279
-0.18136993019871736 0.38222902984969759 4280
-0.17363618731740746 0.38580378081870548 4281
-0.16583202767002758 0.38922207213746962 4282
-0.15796061614353377 0.39248251755676772 4283
-0.15002514491456978 0.39558379483177841 4284
-0.14202883220504858 0.39852464624239159 4285
-0.13397492082826598 0.40130387916044108 4286
-0.12586667697779796 0.40392036649162621 4287
-0.11770738890760138 0.40637304713369282 4288
-0.10950036553231428 0.40866092642735302 4289
-0.10124893516625207 0.41078307653538731 4290
-0.092956444096250881 0.41273863684075318 4291
-0.084626255279454207 0.41452681428052918 4292
-0.076261746964223665 0.41614688367228853 4293
-0.067866311312746314 0.41759818800971688 4294
-0.059443353011686045 0.41888013873055657 4295
-0.050996287930050191 0.41999221594877528 4296
-0.042528541711268422 0.42093396866982002 4297
-0.034043548383790902 0.42170501497333118 4298
-0.025544748964795097 0.4223050421680371 4299
-0.017035590082368875 0.42273380691727558 4300
-0.0085195225540332219 0.42299113533936272 4301
-0.29751622876616612 0.30974720493405089 4302
-0.29121850514056807 0.31567549731867978 4303
-0.28480268016583632 0.32147577002639449 4304
-0.27827135575263151 0.32714567078184498 4305
-0.27162718061022662 0.33268290021799179 4306
-0.26487284921783871 0.33808521276586923 4307
-0.25801110078438239 0.3433504175266931 4308
-0.25104471799709949 0.34847637927050951 4309
-0.24397652600176978 0.35346101921405548 4310
-0.23680939130010997 0.3583023158393015 4311
-0.22954622041826067 0.36299830582997289 4312
-0.22218995888656956 0.3675470847574876 4313
-0.21474359000767887 0.37194680788301082 4314
-0.20721013357915397 0.37619569094536498 4315
-0.19959264472581967 0.38029201084838499 4316
-0.19189421267500079 0.3842341063539273 4317
-0.18411795944416356 0.38802037878683748 4318
-0.17626703864040846 0.39164929264931447 4319
-0.16834463414988568 0.3951193762607863 4320
-0.16035395881238357 0.39842922236825462 4321
-0.15229825317085868 0.40157748869288579 4322
-0.14418078420816197 0.40456289845820409 4323
-0.13600484387112446 0.40738424096592019 4324
-0.12777374784110326 0.41004037204454657 4325
-0.11949083419408467 0.4125302145145221 4326
-0.11115946197977747 0.41485275864596388 4327
-0.10278300994150168 0.41700706254351289 4328
-0.094364875067409038 0.41899225255047451 4329
-0.085908471268539191 0.42080752358782142 4330
-0.077417227978835004 0.42245213948551552 4331
-0.068894588756880371 0.42392543328260063 4332
-0.060344009875500634 0.4252268074992096 4333
-0.051768958959294224 0.42635573437224839 4334
-0.043172913555379146 0.42731175607391397 4335
-0.034559359722939539 0.42809448489717428 4336
-0.025931790615776964 0.42870360341301078 4337
-0.017293705083616981 0.42913886459784267 4338
-0.0086486062290943924 0.42940009193541501 4339
-0.3019567694939902 0.3143702975449767 4340
-0.29556504999338451 0.32038707190549559 4341
-0.28905346643694169 0.32627391584765408 4342
-0.28242465956980972 0.33202844198751458 4343
-0.27568131763423592 0.3376483166391267 4344
-0.26882617532554531 0.34313126071756989 4345
-0.26186201273636672 0.34847505062407791 4346
-0.25479165408658833 0.35367751925959368 4347
-0.24761796668834438 0.35873655681423777 4348
-0.24034385982695966 0.36365011159807031 4349
-0.23297228340956136 0.36841619099158801 4350
-0.22550622692963718 0.37303286214190212 4351
-0.21794871821673428 0.37749825277676202 4352
-0.21030282214002347 0.38181055200422692 4353
-0.20257163942320747 0.38596801101027761 4354
-0.19475830540148187 0.38996894376217212 4355
-0.18686598868958837 0.39381172772393241 4356
-0.17889788996339026 0.39749480447988 4357
-0.17085724062972607 0.40101668038406141 4358
-0.16274730148121727 0.40437592717970161 4359
-0.15457136142713307 0.40757118255395502 4360
-0.14633273621126267 0.41060115067398067 4361
-0.13803476691397149 0.41346460277136482 4362
-0.12968081870439827 0.41616037759743429 4363
-0.12127427948055927 0.41868738189532101 4364
-0.11281855842723318 0.4210445908645466 4365
-0.10431708471674478 0.42323104855161198 4366
-0.095773306038561726 0.42524586826017091 4367
-0.087190687257619651 0.42708823289509151 4368
-0.078572708993442722 0.42875739529872231 4369
-0.069922866201011499 0.43025267855546651 4370
-0.061244666739313003 0.43157347626784681 4371
-0.05254162998853662 0.43271925279570822 4372
-0.043817285399488801 0.43368954347799682 4373
-0.035075171062087615 0.43448395482100821 4374
-0.026318832266758591 0.4351021646579778 4375
-0.017551820084864871 0.43554392227840522 4376
-0.0087776899041554432 0.43580904853146468 4377
-0.3063973102218755 0.31899339015596612 4378
-0.29991159484625962 0.3250986464923748 4379
-0.29330425270810268 0.3310720616689764 4380
-0.28657796338704089 0.33691121319324652 4381
-0.27973545465829541 0.34261373306032278 4382
-0.27277950143329888 0.34817730866933078 4383
-0.26571292468839591 0.35359968372152251 4384
-0.25853859017611941 0.35887865924873641 4385
-0.25125940737495889 0.36401209441447779 4386
-0.24387832835384637 0.3689979073568953 4387
-0.23639834640089688 0.37383407615325842 4388
-0.22882249497273738 0.37851863952637049 4389
-0.22115384642581987 0.38304969767056579 4390
-0.21339551070092108 0.38742541306313938 4391
-0.20555063412062147 0.39164401117221992 4392
-0.19762239812798696 0.39570378117046467 4393
-0.18961401793503518 0.39960307666107381 4394
-0.18152874128639196 0.40334031631049022 4395
-0.17336984710958467 0.40691398450737909 4396
-0.16514064415006746 0.41032263199118962 4397
-0.15684446968342236 0.41356487641506329 4398
-0.14848468821437638 0.41663940288979417 4399
-0.14006468995683027 0.41954496457684493 4400
-0.13158788956770387 0.42228038315035549 4401
-0.12305772476704287 0.42484454927615117 4402
-0.11447765487469658 0.42723642308315829 4403
-0.10585115949199457 0.42945503455973849 4404
-0.097181737009720034 0.43149948396989252 4405
-0.088472903246704745 0.4333689422023842 4406
-0.079728190008054103 0.43506265111194981 4407
-0.070951143645145626 0.43657992382835081 4408
-0.062145323603127633 0.43792014503650017 4409
-0.053314301017780702 0.43908277121918199 4410
-0.044461657243599545 0.44006733088209121 4411
-0.035590982401236294 0.44087342474485153 4412
-0.026705873917740562 0.44150072590295192 4413
-0.017809935086113022 0.44194897995897259 4414
-0.0089067735792165773 0.44221800512751691 4415
-0.31083785094976241 0.3236164827669572 4416
-0.3042581396991359 0.32981022107925551 4417
-0.29755503897926522 0.33587020749030028 4418
-0.29073126720427328 0.34179398439897951 4419
-0.28378959168235618 0.34757914948152058 4420
-0.27673282754105383 0.3532233566210935 4421
-0.26956383664042632 0.35872431681896849 4422
-0.26228552626565149 0.36407979923788081 4423
-0.2549008480615742 0.36928763201471931 4424
-0.24741279688073417 0.37434570311572168 4425
-0.23982440939223348 0.37925196131492978 4426
-0.23213876301583838 0.38400441691084009 4427
-0.22435897463490637 0.38860114256437078 4428
-0.21648819926181948 0.39304027412205361 4429
-0.20852962881803597 0.39732001133416311 4430
-0.20048649085449266 0.40143861857875862 4431
-0.19236204718048258 0.40539442559821609 4432
-0.18415959260939407 0.40918582814110138 4433
-0.17588245358944368 0.41281128863069788 4434
-0.16753398681891807 0.41626933680267858 4435
-0.15911757793971198 0.41955857027617272 4436
-0.15063664021749068 0.42267765510560878 4437
-0.14209461299968928 0.42562532638232581 4438
-0.13349496043100958 0.4284003887032774 4439
-0.12484117005352677 0.43100171665698223 4440
-0.11613675132216027 0.43342825530177098 4441
-0.10738523426724457 0.43567902056786562 4442
-0.098590167980878468 0.43775309967961512 4443
-0.089755119235789979 0.43964965150967772 4444
-0.080883671022665735 0.44136790692517758 4445
-0.071979421089279808 0.44290716910123551 4446
-0.063045980466942333 0.44426681380515398 4447
-0.054086972047024826 0.44544628964265592 4448
-0.045106029087710255 0.44644511828618572 4449
-0.03610679374038514 0.44726289466869518 4450
-0.027092915568722533 0.44789928714792582 4451
-0.018068050087361173 0.44835403763953968 4452
-0.0090358572542777113 0.4486269617235692 4453
-0.31527839167758648 0.32823957537788279 4454
-0.30860468455195228 0.33452179566607132 4455
-0.30180582525037059 0.34066835331155992 4456
-0.29488457102145171 0.34667675560464928 4457
-0.28784372870636571 0.35254456590265548 4458
-0.28068615364876032 0.35826940457279399 4459
-0.27341474859241061 0.36384894991635353 4460
-0.26603246235514028 0.36928093922696481 4461
-0.25854228874814889 0.37456316961490171 4462
-0.25094726540758377 0.37969349887449061 4463
-0.24325047238353417 0.38466984647654501 4464
-0.23545503105890597 0.38949019429525461 4465
-0.22756410284396186 0.39415258745812232 4466
-0.21958088782268897 0.39865513518091561 4467
-0.21150862351542388 0.40299601149605591 4468
-0.20335058358097396 0.40717345598700339 4469
-0.19511007642590728 0.41118577453531102 4470
-0.18679044393237576 0.41503133997166702 4471
-0.17839506006928407 0.41870859275397271 4472
-0.16992732948775177 0.42221604161412563 4473
-0.16139068619598637 0.42555226413724201 4474
-0.15278859222059127 0.42871590732138509 4475
-0.14412453604253628 0.43170568818777061 4476
-0.13540203129430467 0.43452039425616512 4477
-0.12662461534000138 0.43715888403778108 4478
-0.11779584776961587 0.43962008752035342 4479
-0.10891930904248767 0.44190300657596471 4480
-0.099998598952031142 0.44400671538931158 4481
-0.091037335224870425 0.4459303608169477 4482
-0.082039152037273411 0.44767316273838448 4483
-0.073007698533410978 0.44923441437410128 4484
-0.063946637330754688 0.45061348257379108 4485
-0.054859643076267214 0.45180980806611581 4486
-0.045750400931819819 0.45282290569026851 4487
-0.036622605079533126 0.45365236459252911 4488
-0.027479957219704081 0.45429784839289289 4489
-0.018326165088609063 0.45475909532010239 4490
-0.0091649409293388384 0.45503591831961898 4491
-0.31971893240548932 0.33286266798889053 4492
-0.31295122940484399 0.33923337025296851 4493
-0.30605661152154751 0.34546649913290028 4494
-0.29903787483869793 0.3515595268103987 4495
-0.29189786573043952 0.35750998232386921 4496
-0.28463947975652759 0.36331545252457242 4497
-0.27726566054445251 0.36897358301381511 4498
-0.26977939844468352 0.37448207921612431 4499
-0.26218372943477458 0.37983870721515778 4500
-0.25448173393448131 0.3850412946333317 4501
-0.24667653537487969 0.39008773163823102 4502
-0.23877129910201536 0.39497597167973819 4503
-0.23076923105305616 0.39970403235194102 4504
-0.22267357638359458 0.40426999623984261 4505
-0.21448761821284526 0.40867201165801209 4506
-0.20621467630748577 0.41290829339530971 4507
-0.19785810567136036 0.41697712347246552 4508
-0.18942129525538318 0.4208768518022899 4509
-0.18090766654914786 0.42460589687730282 4510
-0.17232067215660668 0.4281627464256253 4511
-0.16366379445227988 0.43154595799836137 4512
-0.15494054422370898 0.43475415953720947 4513
-0.14615445908539848 0.43778604999326048 4514
-0.13730910215761316 0.44064039980909597 4515
-0.12840806062648757 0.44331605141862018 4516
-0.11945494421708167 0.44581191973897361 4517
-0.11045338381773938 0.44812699258409883 4518
-0.10140702992319107 0.4502603310990404 4519
-0.09231955121395688 0.45221107012424699 4520
-0.083194633051885944 0.45397841855161769 4521
-0.074035975977545909 0.45556165964699091 4522
-0.064847294194569985 0.45696015134244938 4523
-0.055632314105511775 0.4581733264895933 4524
-0.046394772775930931 0.45920069309436629 4525
-0.037138416418682089 0.46004183451637509 4526
-0.027866998870686173 0.46069640963786879 4527
-0.018584280089857273 0.46116415300067087 4528
-0.0092940246043999464 0.46144487491567188 4529
-0.32415947313337928 0.33748576059988472 4530
-0.31729777425772332 0.3439449448398525 4531
-0.31030739779271282 0.35026464495422738 4532
-0.30319117865593298 0.35644229801613508 4533
-0.29595200275450267 0.36247539874507012 4534
-0.28859280586428521 0.36836150047633831 4535
-0.2811165724964852 0.37409821611126443 4536
-0.27352633453421782 0.37968321920527159 4537
-0.26582517012139212 0.38511424481540241 4538
-0.25801620246137091 0.39038909039216108 4539
-0.25010259836621801 0.39550561679990559 4540
-0.24208756714511817 0.40046174906421089 4541
-0.23397435926214427 0.4052554772457489 4542
-0.22576626494449437 0.40988485729875951 4543
-0.21746661291026118 0.41434801181995812 4544
-0.20907876903399267 0.41864313080360599 4545
-0.20060613491680887 0.42276847240961041 4546
-0.19205214657838648 0.42672236363290372 4547
-0.18342027302900776 0.43050320100062378 4548
-0.17471401482545817 0.43410945123711642 4549
-0.16593690270857028 0.43753965185947302 4550
-0.15709249622682378 0.44079241175302591 4551
-0.14818438212825819 0.44386641179874331 4552
-0.13921617302091938 0.44676040536201961 4553
-0.13019150591297188 0.44947321879945262 4554
-0.12111404066454567 0.45200375195758757 4555
-0.11198745859298967 0.45435097859222728 4556
-0.10281546089434987 0.45651394680876412 4557
-0.093601767203042391 0.45849177943154179 4558
-0.084350114066497672 0.4602836743648468 4559
-0.07506425342168023 0.4618889049198765 4560
-0.065747951058384796 0.46330682011110391 4561
-0.056404985134755982 0.46453684491306813 4562
-0.047039144620041759 0.46557848049846151 4563
-0.037654227757830901 0.46643130444021907 4564
-0.028254040521668172 0.4670949708828433 4565
-0.018842395091105354 0.46756921068123858 4566
-0.009423108279461084 0.46785383151172422 4567
-0.32860001386120469 0.34210885321081169 4568
-0.32164431911054109 0.34865651942666981 4569
-0.31455818406381941 0.3550627907754883 4570
-0.30734448247311258 0.36132506922180613 4571
-0.30000613977851309 0.3674408151662063 4572
-0.29254613197199242 0.37340754842804008 4573
-0.28496748444847048 0.37922284920865063 4574
-0.27727327062370738 0.38488435919435698 4575
-0.26946661080796758 0.39038978241558592 4576
-0.26155067098822132 0.39573688615093111 4577
-0.2535286613575195 0.40092350196152199 4578
-0.24540383518818648 0.40594752644862647 4579
-0.23717948747120018 0.4108069221395011 4580
-0.22885895350536448 0.41549971835762223 4581
-0.22044560760764967 0.42002401198185157 4582
-0.21194286176047436 0.42437796821185197 4583
-0.20335416416223429 0.42855982134670628 4584
-0.19468299790136837 0.43256787546346992 4585
-0.18593287950884868 0.43640050512389961 4586
-0.17710735749429218 0.4400561560485643 4587
-0.16821001096484509 0.44353334572054298 4588
-0.15924444822992467 0.446830663968803 4589
-0.15021430517110548 0.44994677360418872 4590
-0.14112324388421468 0.45288041091490799 4591
-0.13197495119944666 0.45563038618025231 4592
-0.12277313711200158 0.45819558417617079 4593
-0.11352153336823287 0.4605749646003271 4594
-0.10422389186550257 0.46276756251846107 4595
-0.094883983192122906 0.46477248873881227 4596
-0.085505595081105459 0.4665889301780542 4597
-0.076092530865811428 0.46821615019274282 4598
-0.066648607922197206 0.46965348887974151 4599
-0.057177656163998412 0.47090036333652818 4600
-0.047683516464151442 0.4719562679025443 4601
-0.03817003909697881 0.47282077436405312 4602
-0.028641082172649733 0.47349353212781042 4603
-0.019100510092353282 0.47397426836180118 4604
-0.0095521919545221729 0.47426278810777422 4605
-0.33304055458910298 0.34673194582181482 4606
-0.32599086396342841 0.35336809401356217 4607
-0.318808970334992 0.35986093659682389 4608
-0.31149778629035491 0.366207840427551 4609
-0.30406027680258307 0.37240623158741532 4610
-0.2964994580797562 0.37845359637981402 4611
-0.2888183964005091 0.3843474823061076 4612
-0.28102020671324751 0.39008549918351232 4613
-0.27310805149459039 0.39566532001583787 4614
-0.26508513951511609 0.40108468190976809 4615
-0.25695472434886252 0.40634138712320389 4616
-0.24872010323129357 0.41143330383310622 4617
-0.24038461568029226 0.41635836703331602 4618
-0.23195164206626806 0.4211145794165459 4619
-0.22342460230506908 0.42570001214380432 4620
-0.21480695448698459 0.43011280562015469 4621
-0.20610219340768568 0.43435117028385722 4622
-0.19731384922437428 0.43841338729408952 4623
-0.18844548598871108 0.44229780924722661 4624
-0.17950070016314587 0.44600286086006102 4625
-0.17048311922113737 0.44952703958165968 4626
-0.16139640023304128 0.4528689161846246 4627
-0.15224422821396666 0.45602713540967621 4628
-0.14303031474752237 0.45900041646783629 4629
-0.13375839648593219 0.46178755356108908 4630
-0.12443223355946667 0.46438741639478892 4631
-0.11505560814348408 0.46679895060845927 4632
-0.10563232283666207 0.46902117822818817 4633
-0.096166199181209014 0.4710531980461099 4634
-0.086661076095717715 0.47289418599128602 4635
-0.077120808309946193 0.47454339546563101 4636
-0.067549264786012336 0.47600015764839809 4637
-0.057950327193242855 0.47726388176000478 4638
-0.048327888308262359 0.47833405530664119 4639
-0.038685850436127725 0.47921024428789849 4640
-0.029028123823631784 0.47989209337278588 4641
-0.019358625093601433 0.48037932604236949 4642
-0.0096812756295832792 0.48067174470382679 4643
-0.33748109531699177 0.35135503843280758 4644
-0.33033740881630658 0.35807966860044488 4645
-0.32305975660615632 0.36465908241814982 4646
-0.31565109010758891 0.37109061163328622 4647
-0.30811441382664551 0.37737164800861522 4648
-0.30045278418751259 0.38349964433157863 4649
-0.29266930835254068 0.38947211540355547 4650
-0.28476714280278098 0.39528663917265838 4651
-0.27674949218120698 0.40094085761608111 4652
-0.26861960804200502 0.40643247766859619 4653
-0.26038078734020009 0.41175927228487719 4654
-0.2520363712743956 0.41691908121757743 4655
-0.24358974388937976 0.42190981192712268 4656
-0.23504433062716729 0.42672944047546152 4657
-0.22640359700248439 0.43137601230574912 4658
-0.21767104721349098 0.43584764302845008 4659
-0.20885022265313366 0.44014251922100112 4660
-0.19994470054737717 0.44425889912470218 4661
-0.19095809246857076 0.44819511337054668 4662
-0.18189404283199706 0.45194956567155131 4663
-0.17275622747742747 0.45552073344277028 4664
-0.16354835223615588 0.45890716840044038 4665
-0.15427415125682606 0.46210749721515798 4666
-0.14493738561082847 0.46512042202075948 4667
-0.13554184177241638 0.46794472094192108 4668
-0.12609133000693057 0.47057924861340228 4669
-0.11658968291873427 0.47302293661658701 4670
-0.10704075380782077 0.47527479393791122 4671
-0.097448415170294386 0.47733390735340409 4672
-0.087816557110329374 0.47919944180451451 4673
-0.078149085754080416 0.48087064073851621 4674
-0.06844992164982712 0.48234682641705262 4675
-0.058722998222487034 0.48362740018347922 4676
-0.04897226015237318 0.48471184271073631 4677
-0.039201661775276571 0.48559971421174231 4678
-0.029415165474613779 0.48629065461776028 4679
-0.019616740094849559 0.4867843837229372 4680
-0.0098103593046444566 0.48708070129987913 4681
-0.34192163604480258 0.35597813104371973 4682
-0.33468395366911052 0.3627912431872472 4683
-0.32731054287724959 0.36945722823939592 4684
-0.31980439392475568 0.37597338283894233 4685
-0.3121685508506441 0.38233706442973658 4686
-0.3044061102952087 0.38854569228326602 4687
-0.29652022030451558 0.39459674850092769 4688
-0.28851407889226072 0.40048777916172978 4689
-0.28039093286777311 0.40621639521625108 4690
-0.27215407656884649 0.41178027342735268 4691
-0.26380685033149309 0.41717715744648037 4692
-0.25535263931745611 0.42240485860198029 4693
-0.24679487209842868 0.42746125682086272 4694
-0.23813701918803068 0.43234430153431208 4695
-0.22938259169986666 0.43705201246763109 4696
-0.22053513993996687 0.44158248043668452 4697
-0.21159825189855366 0.44593386815808611 4698
-0.20257555187035448 0.45010441095525822 4699
-0.19347069894840707 0.45409241749381241 4700
-0.18428738550082707 0.45789627048298931 4701
-0.17502933573369867 0.46151442730383102 4702
-0.16570030423925358 0.46494542061620853 4703
-0.15630407429967058 0.46818785902059529 4704
-0.14684445647412137 0.47124042757363988 4705
-0.13732528705888888 0.47410188832271311 4706
-0.12775042645438447 0.47677108083197839 4707
-0.11812375769397597 0.47924692262468033 4708
-0.10844918477897217 0.48152840964760252 4709
-0.098730631159373847 0.48361461666066929 4710
-0.088972038124936231 0.48550469761771697 4711
-0.079177363198210934 0.48719788601137831 4712
-0.069350578513638989 0.48869349518568628 4713
-0.059495669251729062 0.48999091860693611 4714
-0.049616631996482495 0.49108963011481632 4715
-0.039717473114424431 0.49198918413557441 4716
-0.029802207125595229 0.49268921586272579 4717
-0.01987485509609745 0.49318944140349869 4718
-0.0099394429797055369 0.49348965789592852 4719
-0.49999999999999989 2.7755575615628914e-17 4720
-0.25 2.7755575615628914e-17 4721
-0.18030061184359122 0.17318108836944823 4722
-0.18375140891354946 0.16951524923229042 4723
-0.18712768706451033 0.1657806645356649 4724
-0.19042807707528422 0.16197884880875529 4725
-0.19365124049595459 0.15811134385102787 4726
-0.19679587019988493 0.15417971809635031 4727
-0.19986069090697267 0.1501855659848427 4728
-0.20284445970234932 0.14613050731473556 4729
-0.20574596654057886 0.14201618658548404 4730
-0.2085640347439959 0.13784427231954643 4731
-0.21129752146648934 0.1336164564045855 4732
-0.21394531816206455 0.12933445340099053 4733
-0.21650635103684868 0.12499999984283541 4734
-0.21897958148895222 0.12061485352527401 4735
-0.22136400651304677 0.11618079282089519 4736
-0.22365865913033828 0.11169961591706187 4737
-0.22586260875705705 0.10717314013061571 4738
-0.22797496160089217 0.10260320113462228 4739
-0.22999486102104799 0.097991652215425051 4740
-0.23192148784963584 0.09334036358195312 4741
-0.23375406076214958 0.088651221521224802 4742
-0.23549183658002393 0.08392612766098094 4743
-0.237134110560351 0.079166998230015134 4744
-0.2386802166902014 0.074375763261417926 4745
-0.24012952796268738 0.069554365789768563 4746
-0.24148145661821924 0.064704761104134062 4747
-0.24273545439450739 0.05982891591774013 4748
-0.24389101274542951 0.054928807578617164 4749
-0.2449476630387265 0.050006423306076575 4750
-0.24590497675746364 0.045063759340641912 4751
-0.24676256567696031 0.040102820106868248 4752
-0.24752008200237918 0.035125617511090973 4753
-0.24817721853130431 0.030134170007903166 4754
-0.24873370877065898 0.025130501809414382 4755
-0.24918932703628455 0.020116642145338731 4756
-0.24954388855695958 0.015094624336888171 4757
-0.24979724954360588 0.010066485009648768 4758
-0.24994930724646236 0.0050342633039552193 4759
-0.36060122368718245 0.34636217673889647 4760
-0.36750281782709893 0.33903049846458083 4761
-0.37425537412902077 0.3315613290713299 4762
-0.38085615415056845 0.32395769761751059 4763
-0.38730248099190911 0.31622268770205569 4764
-0.3935917403997698 0.30835943619270056 4765
-0.39972138181394529 0.30037113196968535 4766
-0.40568891940469864 0.29226101462947113 4767
-0.41149193308115767 0.28403237317096797 4768
-0.41712806948799169 0.27568854463909287 4769
-0.42259504293297867 0.26723291280917089 4770
-0.42789063632412899 0.25866890680198096 4771
-0.43301270207369735 0.24999999968567083 4772
-0.43795916297790449 0.24122970705054808 4773
-0.4427280130260936 0.23236158564179032 4774
-0.44731731826067661 0.22339923183412372 4775
-0.45172521751411399 0.21434628026123137 4776
-0.45594992320178429 0.20520640226924455 4777
-0.45998972204209593 0.19598330443085013 4778
-0.4638429756992718 0.1866807271639063 4779
-0.46750812152429916 0.1773024430424496 4780
-0.47098367316004797 0.16785225532196199 4781
-0.47426822112070199 0.15833399646003027 4782
-0.47736043338040279 0.14875152652283602 4783
-0.48025905592537488 0.13910873157953704 4784
-0.48296291323643858 0.12940952220826824 4785
-0.48547090878901478 0.11965783183548018 4786
-0.48778202549085903 0.10985761515723433 4787
-0.4898953260774529 0.10001284661215323 4788
-0.49180995351492718 0.090127518681283714 4789
-0.49352513135392073 0.080205640213736551 4790
-0.49504016400475853 0.070251235022181918 4791
-0.49635443706260873 0.060268340015806249 4792
-0.49746741754131807 0.050261003618828709 4793
-0.49837865407256909 0.040233284290677462 4794
-0.49908777711391905 0.03018924867377637 4795
-0.49959449908721176 0.020132970019297675 4796
-0.49989861449292483 0.010068526607910439 4797
-0.25641025641025428 2.7755575615628914e-17 4798
-0.2628205128205009 2.7755575615628914e-17 4799
-0.26923076923075506 2.7755575615628914e-17 4800
-0.27564102564100934 2.7755575615628914e-17 4801
-0.28205128205125585 2.7755575615628914e-17 4802
-0.28846153846148948 0 4803
-0.29487179487172599 2.7755575615628914e-17 4804
-0.30128205128194974 2.7755575615628914e-17 4805
-0.30769230769218436 2.7755575615628914e-17 4806
-0.31410256410241988 2.7755575615628914e-17 4807
-0.3205128205126434 2.7755575615628914e-17 4808
-0.32692307692287936 2.7755575615628914e-17 4809
-0.33333333333311355 2.7755575615628914e-17 4810
-0.33974358974334484 2.7755575615628914e-17 4811
-0.34615384615358957 2.7755575615628914e-17 4812
-0.35256410256383797 2.7755575615628914e-17 4813
-0.35897435897404018 2.7755575615628914e-17 4814
-0.36538461538429234 2.7755575615628914e-17 4815
-0.3717948717945444 2.7755575615628914e-17 4816
-0.37820512820476038 2.7755575615628914e-17 4817
-0.38461538461504619 2.7755575615628914e-17 4818
-0.39102564102533444 2.7755575615628914e-17 4819
-0.3974358974355755 2.7755575615628914e-17 4820
-0.40384615384585909 2.7755575615628914e-17 4821
-0.41025641025614967 2.7755575615628914e-17 4822
-0.41666666666639057 5.5511151231257827e-17 4823
-0.42307692307669653 2.7755575615628914e-17 4824
-0.42948717948699555 2.7755575615628914e-17 4825
-0.43589743589720586 2.7755575615628914e-17 4826
-0.44230769230750711 2.7755575615628914e-17 4827
-0.44871794871781068 5.5511151231257827e-17 4828
-0.45512820512802121 2.7755575615628914e-17 4829
-0.46153846153834827 5.5511151231257827e-17 4830
-0.46794871794865645 2.7755575615628914e-17 4831
-0.47435897435886909 2.7755575615628914e-17 4832
-0.48076923076918943 2.7755575615628914e-17 4833
-0.48717948717949577 2.7755575615628914e-17 4834
-0.49358974358968644 2.7755575615628914e-17 4835
-0.25635826384252336 0.0051633469784155561 4836
-0.25620230722420917 0.010324600009896059 4837
-0.25594244980200781 0.015481665986551887 4838
-0.25557879696028996 0.020632453482398533 4839
-0.25511149617503304 0.025774873650681221 4840
-0.2545407369551822 0.030906841033746593 4841
-0.25386675077166931 0.036026274370349512 4842
-0.25308981095072691 0.041131097545505604 4843
-0.2522102325717559 0.046219240349376009 4844
-0.25122837234741013 0.051288639288283394 4845
-0.25014462845684921 0.056337238542170959 4846
-0.24895944040462153 0.061362990684861271 4847
-0.24767328883919787 0.066363857542701257 4848
-0.24628669534634473 0.071337811066428919 4849
-0.24480022224635914 0.076282834114274514 4850
-0.24321447236958965 0.08119692126155352 4851
-0.24153008880002341 0.086078079652287753 4852
-0.23974775462784464 0.090924329765358386 4853
-0.23786819266629217 0.095733706237900201 4854
-0.23589216514979183 0.10050425868248683 4855
-0.23382047343681156 0.10523405244576602 4856
-0.23165395769954478 0.10992116936473366 4857
-0.22939349654393593 0.11456370863288357 4858
-0.22704000668004726 0.11915978750861009 4859
-0.22459444255277083 0.12370754207720377 4860
-0.22205779593522879 0.12820512804393344 4861
-0.21943109555083484 0.132650721436913 4862
-0.21671540663229621 0.13704251938931808 4863
-0.21391183050666193 0.14137874084056012 4864
-0.21102150414418316 0.14565762726716291 4865
-0.20804559969471689 0.14987744339972847 4866
-0.20498532400715111 0.15403647793317177 4867
-0.20184191815372782 0.15813304420138466 4868
-0.19861665691892755 0.16216548087284891 4869
-0.19531084828234258 0.16613215262436418 4870
-0.19192583288667717 0.17003145080581009 4871
-0.18846298350107629 0.17386179408440033 4872
-0.18492370445496539 0.17762162909687002 4873
-0.26276722043857698 0.0052924306528758513 4874
-0.26260736490480513 0.010582715010143184 4875
-0.26234101104704888 0.015868707636215104 4876
-0.26196826688428848 0.021148264819457724 4877
-0.26148928357940038 0.026419245491947435 4878
-0.2609042553790536 0.031679512059589229 4879
-0.26021341954095312 0.036926931229607066 4880
-0.25941705622448724 0.042159374984142017 4881
-0.25851548838604238 0.047374721358109037 4882
-0.25750908165608832 0.052570855270489089 4883
-0.25639824416826368 0.057745669505723754 4884
-0.25518342641473046 0.062897065451981163 4885
-0.25386512106017156 0.068022953981267148 4886
-0.2524438627299973 0.073121256343087832 4887
-0.25092022780251233 0.078189904967129464 4888
-0.24929483417882387 0.083226844293090574 4889
-0.2475683410200189 0.088230031643593179 4890
-0.24574144849353585 0.093197438009490471 4891
-0.24381489748294483 0.098127048893845853 4892
-0.24178946927853229 0.10301686514954715 4893
-0.23966598527272764 0.10786490375690824 4894
-0.23744530664202967 0.11266919859885027 4895
-0.23512833395753074 0.11742780134870388 4896
-0.23271600684704513 0.12213878219632354 4897
-0.23020930361658706 0.12680023062913215 4898
-0.22760924083360667 0.13141025624503017 4899
-0.22491687293960316 0.13596698947283431 4900
-0.22213329179810126 0.14046858237404955 4901
-0.21925962626932652 0.14491320936157287 4902
-0.21629704174778577 0.14929906794884057 4903
-0.21324673968708327 0.15362437948472063 4904
-0.21010995710732852 0.15788738988150003 4905
-0.2068879661075699 0.16208637030641843 4906
-0.20358207334189984 0.16621961789466944 4907
-0.20019361948940054 0.17028545643997278 4908
-0.19672397870884359 0.1742822370759548 4909
-0.19317455808860284 0.17820833893651003 4910
-0.18954679706633931 0.18206216982429155 4911
-0.26917617703463809 0.0054215143273361466 4912
-0.26901242258540836 0.010840830010390434 4913
-0.26873957229209722 0.016255749285878779 4914
-0.26835773680829378 0.021664076156517637 4915
-0.26786707098377438 0.027063617333214218 4916
-0.26726777380293126 0.032452183085432657 4917
-0.26656008831024303 0.037827588088865549 4918
-0.26574430149825384 0.043187652422779346 4919
-0.26482074420033469 0.048530202366843189 4920
-0.26378979096477201 0.053853071252695714 4921
-0.26265185987968337 0.059154100469277715 4922
-0.26140741242484467 0.064431140219102415 4923
-0.26005695328115014 0.069682050419834315 4924
-0.25860103011365465 0.074904701619748187 4925
-0.25704023335867016 0.080096975819985969 4926
-0.25537519598806241 0.085256767324629043 4927
-0.25360659324001822 0.090381983634899868 4928
-0.25173514235923089 0.095470546253624014 4929
-0.24976160229960118 0.10052039154979293 4930
-0.24768677340727607 0.1055294716166089 4931
-0.24551149710864706 0.11049575506805198 4932
-0.24323665558451743 0.11541722783296816 4933
-0.24086317137112834 0.12029189406452559 4934
-0.23839200701404556 0.1251177768840385 4935
-0.23582416468040573 0.12989291918106188 4936
-0.23316068573198681 0.13461538444612808 4937
-0.23040265032837343 0.13928325750875672 4938
-0.2275511769639082 0.14389464535878219 4939
-0.22460742203199255 0.1484476778825865 4940
-0.22157257935138983 0.15294050863051933 4941
-0.21844787967945078 0.15737131556971348 4942
-0.21523459020750693 0.16173830182982901 4943
-0.21193401406141282 0.16603969641145289 4944
-0.20854748976487272 0.17027375491649038 4945
-0.20507639069645886 0.17443876025558169 4946
-0.20152212453101037 0.17853302334609994 4947
-0.1978861326761297 0.18255488378861998 4948
-0.19416988967771337 0.18650271055171316 4949
-0.27558513363069903 0.0055505980017964418 4950
-0.27541748026601154 0.011098945010637823 4951
-0.27513813353714545 0.016642790935542495 4952
-0.27474720673229924 0.022179887493577383 4953
-0.27424485838814833 0.027707989174481099 4954
-0.27363129222680904 0.033224854111276139 4955
-0.2729067570795331 0.038728244948123977 4956
-0.27207154677202039 0.044215929861416772 4957
-0.271126000014627 0.049685683375577203 4958
-0.27007050027345569 0.055135287234902589 4959
-0.26890547559110317 0.060562531432831662 4960
-0.26763139843495876 0.065965214986223528 4961
-0.26624878550212872 0.071341146858401497 4962
-0.264758197497312 0.076688146896408529 4963
-0.26316023891482787 0.082004046672842459 4964
-0.2614555577973009 0.087286690356167443 4965
-0.25964484546001776 0.092533935626206612 4966
-0.25772883622492593 0.097743654497757557 4967
-0.25570830711625753 0.10291373420574017 4968
-0.25358407753601997 0.10804207808367068 4969
-0.25135700894456658 0.11312660637919582 4970
-0.24902800452700513 0.11816525706708611 4971
-0.24659800878472596 0.12315598678034724 4972
-0.24406800718104601 0.12809677157175331 4973
-0.24143902574422427 0.13298560773299162 4974
-0.23871213063036689 0.13782051264722608 4975
-0.23588842771714369 0.1425995255446792 4976
-0.23296906212971513 0.14732070834351485 4977
-0.22995521779465872 0.15198214640360028 4978
-0.22684811695499421 0.15658194931219827 4979
-0.2236490196718183 0.16111825165470645 4980
-0.22035922330768543 0.16558921377815813 4981
-0.2169800620152558 0.16999302251648729 4982
-0.21351290618784574 0.17432789193831147 4983
-0.20995916190351727 0.17859206407119069 4984
-0.20632027035317718 0.1827838096162451 4985
-0.20259770726365642 0.18690142864072984 4986
-0.19879298228908757 0.19094325127913497 4987
-0.28199409022675259 0.005679681676256737 4988
-0.2818225379466075 0.011357060010884795 4989
-0.28153669478218663 0.017029832585205656 4990
-0.28113667665629771 0.022695698830636629 4991
-0.28062264579251572 0.02835236101574734 4992
-0.27999481065068044 0.033997525137118817 4993
-0.27925342584881685 0.03962890180738167 4994
-0.27839879204578094 0.04524420730005313 4995
-0.27743125582891359 0.050841164384310328 4996
-0.27635120958213383 0.056417503217108186 4997
-0.27515909130251748 0.061970962396384513 4998
-0.27385538444506774 0.067499289753343475 4999
-0.27244061772310241 0.073000243296967346 5000
-0.27091536488096463 0.078471592173067539 5001
-0.26928024447098109 0.083911117525697521 5002
-0.26753591960653528 0.089316613387704469 5003
-0.26568309768001319 0.094685887617512093 5004
-0.26372253009061719 0.10001676274188959 5005
-0.26165501193291008 0.10530707686168575 5006
-0.25948138166476031 0.11055468455073098 5007
-0.25720252078048272 0.11575745769033813 5008
-0.25481935346948997 0.12091328630120263 5009
-0.25233284619832086 0.12602007949616761 5010
-0.24974400734804386 0.13107576625946682 5011
-0.24705388680804055 0.1360782962849201 5012
-0.24426357552874478 0.14102564084832278 5013
-0.24137420510591218 0.14591579358060053 5014
-0.23838694729552021 0.15074677132824632 5015
-0.23530301355732303 0.1555166149246128 5016
-0.23212365455859679 0.16022338999387598 5017
-0.22885015966418468 0.16486518773969855 5018
-0.22548385640786281 0.16944012572648645 5019
-0.22202610996909777 0.17394634862152097 5020
-0.21847832261081793 0.17838202896013178 5021
-0.21484193311057515 0.18274536788679921 5022
-0.21111841617534352 0.18703459588638982 5023
-0.20730928185118297 0.19124797349283953 5024
-0.20341607490046149 0.19538379200655659 5025
-0.2884030468227935 0.0058087653507166159 5026
-0.28822759562719119 0.011615175011131323 5027
-0.28793525602721592 0.017416874234868263 5028
-0.28752614658028464 0.023211510167694988 5029
-0.2870004331968718 0.028996732857012347 5030
-0.28635832907454078 0.034770196162960149 5031
-0.28560009461809011 0.040529558666637822 5032
-0.28472603731953122 0.046272484738687933 5033
-0.28373651164319014 0.05199664539304158 5034
-0.28263191889080252 0.057699719199311883 5035
-0.28141270701392296 0.063379393359935116 5036
-0.2800793704551679 0.06903336452046116 5037
-0.27863244994406755 0.074659339735530905 5038
-0.27707253226460921 0.080255037449724148 5039
-0.27540025002712676 0.085818188378550361 5040
-0.27361628141576233 0.091346536419239038 5041
-0.27172134990000163 0.096837839608814924 5042
-0.2697162239563019 0.10228987098601929 5043
-0.26760171674955663 0.10770041951762893 5044
-0.26537868579349505 0.11306729101778878 5045
-0.26304803261639353 0.11838830900147805 5046
-0.26061070241196954 0.12366131553531667 5047
-0.25806768361191079 0.12888417221198545 5048
-0.25542000751503746 0.13405476094717808 5049
-0.25266874787185256 0.13917098483684617 5050
-0.24981502042711898 0.14423076904941734 5051
-0.24685998249467705 0.14923206161651983 5052
-0.2438048324613222 0.15417283431297585 5053
-0.24065080931998481 0.15905108344562363 5054
-0.2373991921621971 0.16386483067555205 5055
-0.23405129965654875 0.16861212382468896 5056
-0.23060848950803836 0.17329103767481327 5057
-0.22707215792293825 0.17789967472655346 5058
-0.22344373903378892 0.18243616598195128 5059
-0.21972470431763186 0.18689867170240673 5060
-0.21591656199750922 0.19128538215653404 5061
-0.21202085643870916 0.19559451834494881 5062
-0.20803916751183518 0.19982433273397787 5063
-0.29481200341883729 0.0059378490251766058 5064
-0.29463265330777766 0.01187329001137799 5065
-0.29433381727224783 0.017803915884530952 5066
-0.29391561650427417 0.02372732150475354 5067
-0.29337822060123042 0.029641104698277604 5068
-0.2927218474984038 0.035542867188801758 5069
-0.29194676338736575 0.041430215525894265 5070
-0.29105328259328384 0.047300762177323027 5071
-0.29004176745746918 0.053152126401773192 5072
-0.28891262819947339 0.058981935181516065 5073
-0.28766632272533016 0.064787824323486315 5074
-0.28630335646527022 0.070567439287579511 5075
-0.28482428216503491 0.076318436174095061 5076
-0.28322969964825562 0.082038482726381465 5077
-0.28152025558327404 0.087725259231403549 5078
-0.27969664322499088 0.093376459450774177 5079
-0.27775960211999168 0.098989791600118282 5080
-0.275709917821988 0.10456297923014944 5081
-0.27354842156620446 0.11009376217357263 5082
-0.2712759899222309 0.11557989748484718 5083
-0.2688935444523054 0.12101916031261832 5084
-0.26640205135445039 0.12640934476943139 5085
-0.26380252102550189 0.13174826492780387 5086
-0.26109600768203178 0.13703375563488973 5087
-0.25828360893566565 0.14226367338877288 5088
-0.2553664653254939 0.14743589725051226 5089
-0.2523457598834426 0.15254832965243942 5090
-0.24922271762712481 0.15759889729770571 5091
-0.24599860508264715 0.16258555196663488 5092
-0.2426747297657979 0.16750627135722856 5093
-0.23925243964891335 0.1723590599096797 5094
-0.23573312260821416 0.17714194962314031 5095
-0.23211820587677892 0.18185300083158606 5096
-0.22840915545676016 0.1864903030037709 5097
-0.22460747552468882 0.19105197551801439 5098
-0.220714707819675 0.19553616842667823 5099
-0.21673243102623527 0.19994106319705812 5100
-0.21266226012320902 0.20426487346139932 5101
-0.30122096001486848 0.0060669326996364292 5102
-0.3010377109883518 0.012131405011624186 5103
-0.30073237851726775 0.018190957534192892 5104
-0.30030508642825204 0.024243132841811149 5105
-0.29975600800557778 0.03028547653954175 5106
-0.29908536592225587 0.036315538214642146 5107
-0.29829343215663084 0.04233087238514921 5108
-0.29738052786702629 0.048329039615956526 5109
-0.29634702327173823 0.054307607410503056 5110
-0.2951933375081347 0.060264151163718194 5111
-0.29391993843672842 0.066196255287035405 5112
-0.29252734247536372 0.07210151405469567 5113
-0.29101611438599378 0.077977532612656983 5114
-0.28938686703189409 0.083821928003036228 5115
-0.28764026113941377 0.089632330084254364 5116
-0.28577700503421233 0.095406382482306928 5117
-0.2837978543399749 0.10114174359141934 5118
-0.28170361168766755 0.10683608747427709 5119
-0.27949512638284618 0.11248710482951384 5120
-0.27717329405096103 0.11809250395190306 5121
-0.27473905628821182 0.12365001162375623 5122
-0.27219340029692607 0.12915737400354357 5123
-0.26953735843908833 0.13461235764362009 5124
-0.26677200784902177 0.14001275032259913 5125
-0.26389846999947458 0.14535636194069723 5126
-0.26091791022386523 0.15064102545160518 5127
-0.25783153727220487 0.15586459768835698 5128
-0.25464060279292444 0.16102496028243379 5129
-0.25134640084530663 0.16612002048764415 5130
-0.24795026736939624 0.17114771203890325 5131
-0.24445357964127593 0.17610599599466914 5132
-0.24085775570838827 0.1809928615714661 5133
-0.23716425383061823 0.18580632693661764 5134
-0.23337457187972993 0.1905444400255894 5135
-0.2294902467317449 0.19520527933362145 5136
-0.22551285364183998 0.19978695469682176 5137
-0.22144400561376087 0.20428760804916693 5138
-0.21728535273458244 0.20870541418882041 5139
-0.30762991661091049 0.0061960163740962804 5140
-0.30744276866893661 0.012389520011870714 5141
-0.30713093976229811 0.018577999183855498 5142
-0.30669455635223997 0.024758944178869507 5143
-0.30613379540993491 0.030929848380806979 5144
-0.30544888434611717 0.037088209240483672 5145
-0.30464010092590504 0.043231529244405403 5146
-0.30370777314077757 0.049357317054591426 5147
-0.30265227908601577 0.055463088419234544 5148
-0.30147404681680434 0.061546367145922098 5149
-0.30017355414813462 0.067604686250586132 5150
-0.29875132848546465 0.073635588821813508 5151
-0.29720794660695965 0.079636629051220653 5152
-0.29554403441553939 0.08560537327969317 5153
-0.2937602666955601 0.091539400937107301 5154
-0.29185736684343999 0.097436305513841706 5155
-0.289836106559964 0.10329369558272242 5156
-0.28769730555335282 0.10910919571840694 5157
-0.28544183119949318 0.11488044748545716 5158
-0.28307059817969604 0.12060511041896115 5159
-0.28058456812412302 0.12628086293489632 5160
-0.2779847492394063 0.13190540323765787 5161
-0.27527219585267892 0.13747645035943823 5162
-0.27244800801601565 0.14299174501031056 5163
-0.26951333106328706 0.14844905049262361 5164
-0.26646935512223974 0.15384615365269999 5165
-0.26331731466097003 0.15918086572427637 5166
-0.26005848795872671 0.16445102326716354 5167
-0.25669419660796855 0.16965448900865515 5168
-0.25322580497299679 0.1747891527205796 5169
-0.24965471963364014 0.17985293207965972 5170
-0.24598238880856399 0.18484377351979306 5171
-0.24221030178445879 0.18975965304165021 5172
-0.23833998830270106 0.19459857704740885 5173
-0.23437301793880186 0.19935858314922922 5174
-0.23031099946400563 0.20403774096696592 5175
-0.22615558020128693 0.20863415290127621 5176
-0.22190844534595616 0.2131459549162418 5177
-0.31403887320695323 0.0063251000485562703 5178
-0.31384782634952191 0.012647635012117353 5179
-0.31352950100732896 0.018965040833518076 5180
-0.31308402627622844 0.025274755515927977 5181
-0.31251158281429259 0.031574220222072125 5182
-0.31181240276997912 0.03786088026632517 5183
-0.3109867696951798 0.044132186103661791 5184
-0.3100350184145293 0.050385594493226327 5185
-0.30895753490029376 0.056618569427965976 5186
-0.30775475612547432 0.062828583128126086 5187
-0.30642716985954105 0.069013117214137193 5188
-0.3049753144955662 0.075169663588931609 5189
-0.30339977882792624 0.081295725489784601 5190
-0.30170120179918503 0.08738881855635014 5191
-0.29988027225170683 0.093446471789960336 5192
-0.29793772865266799 0.099466228545376636 5193
-0.29587435877995349 0.10544564757402566 5194
-0.29369099941903842 0.111382303962537 5195
-0.29138853601614045 0.1172737901414006 5196
-0.2889679023084315 0.12311771688601932 5197
-0.2864300799600345 0.12891171424603648 5198
-0.28377609818188665 0.13465343247177231 5199
-0.28100703326626952 0.14034054307525642 5200
-0.27812400818300959 0.14597073969802193 5201
-0.27512819212709971 0.15154173904455007 5202
-0.27202080002061441 0.15705128185379486 5203
-0.2688030920497354 0.16249713376019587 5204
-0.2654763731245291 0.16787708625189329 5205
-0.26204199237063058 0.17318895752966607 5206
-0.25850134257659729 0.17843059340225587 5207
-0.2548558596260046 0.1835998681646504 5208
-0.25110702190873974 0.1886946854681201 5209
-0.24725634973829946 0.19371297914668284 5210
-0.24330540472567219 0.19865271406922844 5211
-0.23925578914585865 0.20351188696483682 5212
-0.23510914528617141 0.20828852723711011 5213
-0.23086715478881306 0.21298069775338546 5214
-0.22653153795732991 0.2175864956436632 5215
-0.32044782980298436 0.0064541837230161214 5216
-0.32025288403009616 0.012905750012363548 5217
-0.31992806225234899 0.019352082483180044 5218
-0.31947349620020637 0.02579056685298553 5219
-0.31888937021863994 0.032218592063336243 5220
-0.31817592119383115 0.038633551292165419 5221
-0.31733343846444495 0.045032842962916736 5222
-0.31636226368827181 0.051413871931859839 5223
-0.31526279071456298 0.057774050436695812 5224
-0.31403546543413563 0.064110799110328215 5225
-0.31268078557093926 0.070421548177686172 5226
-0.31119930050565958 0.076703738356047699 5227
-0.30959161104888505 0.082954821928346495 5228
-0.30785836918282361 0.089172263833004972 5229
-0.30600027780784644 0.095353542642811095 5230
-0.30401809046188943 0.10149615157690933 5231
-0.30191261099993671 0.10759759956532668 5232
-0.29968469328471803 0.11365541220666461 5233
-0.29733524083278229 0.11966713279734197 5234
-0.29486520643716174 0.12563032335307531 5235
-0.29227559179594098 0.13154256555717447 5236
-0.28956744712436222 0.13740146170588441 5237
-0.2867418706798559 0.14320463579107251 5238
-0.28380000834999963 0.14894973438573139 5239
-0.28074305319090875 0.1546344275964745 5240
-0.27757224491898563 0.16025641005488772 5241
-0.27428886943849762 0.16581340179611354 5242
-0.27089425829032876 0.1713031492366214 5243
-0.26738978813329012 0.17672342605067551 5244
-0.26377688018019568 0.18207203408393055 5245
-0.2600569996183672 0.18734680424963973 5246
-0.25623165500891387 0.19254559741644584 5247
-0.25230239769213869 0.19766630525171441 5248
-0.2482708211486421 0.20270685109104697 5249
-0.2441385603529147 0.20766519078044382 5250
-0.23990729110833653 0.21253931350725377 5251
-0.23557872937633884 0.21732724260549444 5252
-0.23115463056870347 0.22202703637108431 5253
-0.32685678639902765 0.0065832673974761113 5254
-0.32665794171068208 0.013163865012610132 5255
-0.3263266234973804 0.019739124132842789 5256
-0.32586296612419541 0.026306378190044027 5257
-0.32526715762299807 0.032862963904601444 5258
-0.3245394396176936 0.039406222318007056 5259
-0.32368010723371998 0.045933499822173179 5260
-0.32268950896202386 0.05244214937049485 5261
-0.32156804652884136 0.058929531445427341 5262
-0.32031617474280605 0.065393015092532397 5263
-0.3189344012823464 0.07182997914123733 5264
-0.31742328651576152 0.078237813123165925 5265
-0.31578344326985197 0.084613918366910498 5266
-0.31401553656646952 0.090955709109662122 5267
-0.31212028336399339 0.09726061349566438 5268
-0.31009845227111765 0.10352607460844439 5269
-0.30795086321992649 0.10974955155662998 5270
-0.30567838715040391 0.11592852045079476 5271
-0.30328194564942984 0.12206047545328551 5272
-0.30076251056589731 0.12814292982013353 5273
-0.29812110363185279 0.13417341686831483 5274
-0.29535879606684307 0.14014949093999918 5275
-0.29247670809344689 0.1460687285068909 5276
-0.2894760085169939 0.15192872907344301 5277
-0.28635791425472157 0.15772711614840107 5278
-0.28312368981736041 0.16346153825598261 5279
-0.27977464682726311 0.16912966983203309 5280
-0.2763121434561312 0.17472921222135113 5281
-0.27273758389595232 0.18025789457168664 5282
-0.2690524177837964 0.18571347476560701 5283
-0.26525813961073169 0.1910937403346305 5284
-0.26135628810908967 0.19639650936477296 5285
-0.25734844564597942 0.20161963135674701 5286
-0.2532362375716134 0.20676098811286661 5287
-0.24902133155997166 0.21181849459605157 5288
-0.2447054369305022 0.21679009977739802 5289
-0.240290303963865 0.22167378745760369 5290
-0.23577772318007711 0.22646757709850565 5291
-0.33326574299506895 0.0067123510719360457 5292
-0.33306299939126621 0.013421980012856605 5293
-0.33272518474241031 0.020126165782505229 5294
-0.33225243604818283 0.026822189527102414 5295
-0.33164494502735475 0.03350733574586659 5296
-0.33090295804155456 0.040178893343848443 5297
-0.33002677600299379 0.046834156681429262 5298
-0.3290167542357747 0.053470426809129723 5299
-0.32787330234311862 0.060085012454158759 5300
-0.32659688405147513 0.066675231074736024 5301
-0.3251880169937521 0.073238410104788154 5302
-0.32364727252586217 0.079771887890283749 5303
-0.32197527549081745 0.086273014805474182 5304
-0.3201727039501146 0.092739154386318801 5305
-0.31824028892013945 0.099167684348517124 5306
-0.31617881408034521 0.10555599763997915 5307
-0.31398911543991515 0.11190150354793298 5308
-0.3116720810160889 0.11820162869492452 5309
-0.30922865046607656 0.12445381810922876 5310
-0.30665981469463216 0.13065553628719145 5311
-0.30396661546776371 0.13680426817945474 5312
-0.3011501450093228 0.14289752017411322 5313
-0.2982115455070371 0.14893282122270884 5314
-0.29515200868398761 0.15490772376115436 5315
-0.29197277531853394 0.16081980470032725 5316
-0.2886751347157348 0.16666666645707734 5317
-0.28526042421602815 0.17244593786795237 5318
-0.28173002862193336 0.17815527520608088 5319
-0.27808537965861413 0.1837923630926975 5320
-0.27432795538739668 0.18935491544728308 5321
-0.27045927960309585 0.19484067641962097 5322
-0.26648092120926536 0.20024742131309992 5323
-0.26239449359981987 0.20557295746177953 5324
-0.25820165399458428 0.21081512513468598 5325
-0.25390410276702846 0.21597179841165914 5326
-0.24950358275266793 0.22104088604754218 5327
-0.24500187855139105 0.22602033230971294 5328
-0.24040081579145106 0.23090811782592716 5329
-0.33967469959110774 0.0068414347463959246 5330
-0.33946805707184768 0.013680095013103161 5331
-0.33912374598743722 0.020513207432167779 5332
-0.33864190597216759 0.02733800086416055 5333
-0.33802273243170883 0.034151707587131375 5334
-0.33726647646541297 0.04095156436968958 5335
-0.33637344477226505 0.047734813540685095 5336
-0.33534399950952321 0.054498704247764151 5337
-0.33417855815739345 0.061240493462889595 5338
-0.33287759336014205 0.067957447056939402 5339
-0.3314416327051557 0.074646841068338493 5340
-0.32987125853596083 0.081305962657401101 5341
-0.32816710771178137 0.087932111244037506 5342
-0.32632987133375774 0.094522599662975118 5343
-0.32436029447628367 0.10107475520136941 5344
-0.32225917588957081 0.10758592067151315 5345
-0.32002736765990247 0.1140534555392355 5346
-0.31766577488177239 0.12047473693905356 5347
-0.31517535528272206 0.12684716076517155 5348
-0.31255711882336573 0.13316814275424876 5349
-0.30981212730367336 0.13943511949059406 5350
-0.30694149395180159 0.14564554940822691 5351
-0.30394638292062626 0.15179691393852629 5352
-0.30082800885098016 0.15788671844886504 5353
-0.29758763638234531 0.16391249325225313 5354
-0.2942265796141082 0.16987179465817134 5355
-0.29074620160479248 0.1757622059038712 5356
-0.2871479137877348 0.18158133819081007 5357
-0.28343317542127533 0.18732683161370797 5358
-0.27960349299099652 0.19299635612895893 5359
-0.27566041959545956 0.19858761250461124 5360
-0.27160555430944061 0.20409833326142662 5361
-0.26744054155366009 0.20952628356681177 5362
-0.26316707041755494 0.21486926215650515 5363
-0.25878687397408523 0.22012510222726672 5364
-0.2543017285748333 0.22529167231768607 5365
-0.24971345313891705 0.23036687716182208 5366
-0.24502390840282473 0.23534865855334844 5367
-0.34608365618715953 0.0069705184208560533 5368
-0.34587311475244198 0.01393821001335005 5369
-0.34552230723247668 0.020900249081830802 5370
-0.34503137589616462 0.027853812201219796 5371
-0.34440051983607467 0.034796079428397436 5372
-0.34362999488928292 0.041724235395531967 5373
-0.34272011354154752 0.04863547039994251 5374
-0.34167124478328226 0.055526981686400328 5375
-0.34048381397167859 0.062395974471622401 5376
-0.33915830266881897 0.069239663039144833 5377
-0.33769524841656889 0.076055272031890886 5378
-0.33609524454606865 0.082840037424520702 5379
-0.33435893993275395 0.089591207682602952 5380
-0.3324870387174092 0.096306044939633684 5381
-0.33048030003243606 0.10298182605422415 5382
-0.3283395376988042 0.10961584370305008 5383
-0.32606561987989691 0.11620540753054048 5384
-0.32365946874746276 0.12274784518318539 5385
-0.32112206009937377 0.12924050342111676 5386
-0.3184544229521053 0.13568074922130877 5387
-0.31565763913958894 0.14206597080173619 5388
-0.3127328428942856 0.14839357864234298 5389
-0.30968122033422046 0.15466100665434637 5390
-0.30650400901797747 0.16086571313657833 5391
-0.3032024974461609 0.16700518180418109 5392
-0.29977802451248564 0.17307692285926779 5393
-0.29623197899356013 0.17907847393979209 5394
-0.2925657989535394 0.1850074011755411 5395
-0.28878097118393936 0.1908613001347203 5396
-0.28487903059459896 0.19663779681063648 5397
-0.2808615595878256 0.20233454858960298 5398
-0.27673018740961758 0.20794924520975447 5399
-0.27248658950750182 0.21347960967184529 5400
-0.26813248684052698 0.21892339917832546 5401
-0.26366964518114266 0.22427840604287491 5402
-0.25909987439699961 0.22954245858783071 5403
-0.25442502772644349 0.23471342201393164 5404
-0.24964700101419854 0.23978919928076994 5405
-0.35249261278321481 0.0070996020953163763 5406
-0.35227817243303955 0.014196325013597189 5407
-0.35192086847751963 0.021287290731494157 5408
-0.35142084582016453 0.028369623538279015 5409
-0.35077830724044345 0.03544045126966372 5410
-0.34999351331315576 0.042496906421374964 5411
-0.34906678231083277 0.049536127259200369 5412
-0.34799849005704409 0.056555259125036894 5413
-0.34678906978596646 0.063551455480355679 5414
-0.34543901197749838 0.070521879021350764 5415
-0.34394886412798453 0.077463702995444 5416
-0.3423192305561788 0.084374112191640815 5417
-0.3405507721537287 0.091250304121169135 5418
-0.33864420610106305 0.098089490216293027 5419
-0.33660030558859022 0.10488889690707949 5420
-0.33441989950803935 0.1116457667345874 5421
-0.33210387209989334 0.11835735952184624 5422
-0.32965316261315469 0.12502095342731767 5423
-0.32706876491602727 0.13163384607706272 5424
-0.32435172708084659 0.13819335568836943 5425
-0.32150315097550575 0.14469682211287871 5426
-0.318524191836771 0.15114160787645986 5427
-0.31541605774781589 0.15752509937016698 5428
-0.3121800091849759 0.16384470782429203 5429
-0.30881735850997777 0.17009787035610993 5430
-0.30532946941086403 0.17628205106036482 5431
-0.30171775638232901 0.18239474197571373 5432
-0.297983684119345 0.18843346416027304 5433
-0.29412876694660434 0.19439576865573333 5434
-0.29015456819820196 0.20027923749231444 5435
-0.28606269958019226 0.20608148467459531 5436
-0.28185482050979527 0.21180015715808301 5437
-0.2775326374613441 0.21743293577687914 5438
-0.27309790326349942 0.22297753620014607 5439
-0.26855241638820071 0.2284317098584836 5440
-0.26389802021916614 0.23379324485797567 5441
-0.25913660231396995 0.23905996686604131 5442
-0.25427009362557257 0.24422974000819159 5443
-0.35890156937922507 0.0072286857697755891 5444
-0.35868323011359349 0.014454440013842523 5445
-0.35831942972251996 0.021674332381154959 5446
-0.35781031574412336 0.028885434875335153 5447
-0.35715609464477227 0.036084823110926034 5448
-0.35635703173698974 0.04326957744721302 5449
-0.35541345108008049 0.050436784118452843 5450
-0.35432573533076994 0.057583536563667659 5451
-0.35309432560021936 0.064706936489082684 5452
-0.35171972128614409 0.071804095003549756 5453
-0.35020247983936781 0.078872133958989704 5454
-0.34854321656625781 0.085908186958753519 5455
-0.34674260437467386 0.092909400559727379 5456
-0.34480137348468798 0.099872935492944043 5457
-0.34272031114471724 0.10679596775992641 5458
-0.34050026131724875 0.11367568976611594 5459
-0.33814212431986512 0.12050931151314304 5460
-0.33564685647882359 0.1272940616714415 5461
-0.33301546973265883 0.1340271887329999 5462
-0.33024903120956706 0.14070596215542119 5463
-0.32734866281140329 0.14732767342401262 5464
-0.32431554077923841 0.15388963711056808 5465
-0.32115089516139439 0.16038919208597913 5466
-0.31785600935195857 0.16682370251199763 5467
-0.31443221957378004 0.17319055890803065 5468
-0.31088091430922915 0.17948717926145413 5469
-0.30720353377108556 0.18571101001162793 5470
-0.30340156928513934 0.19185952714499765 5471
-0.29947656270925932 0.19793023717673966 5472
-0.29543010580179629 0.20392067817398649 5473
-0.29126383957255109 0.209828420759582 5474
-0.2869794536099663 0.21565106910640652 5475
-0.28257868541518061 0.22138626188190852 5476
-0.27806331968646714 0.22703167322196285 5477
-0.27343518759525509 0.23258501367408899 5478
-0.26869616604132995 0.23804403112811806 5479
-0.26384817690149487 0.24340651171814948 5480
-0.25889318623694568 0.2486702807356124 5481
-0.36531052597528407 0.0073577694442359398 5482
-0.36508828779419467 0.014712555014089773 5483
-0.36471799096756619 0.022061374030818537 5484
-0.36419978566812694 0.029401246212394816 5485
-0.3635338820491445 0.036729194952192623 5486
-0.36272055016086568 0.044042248473056239 5487
-0.36176011984936873 0.051337440977711174 5488
-0.36065298060453466 0.058611814002304724 5489
-0.35939958141451001 0.065862417497816433 5490
-0.35800043059482645 0.073086310985756298 5491
-0.35645609555078617 0.080280564922543318 5492
-0.35476720257637057 0.087442261725874382 5493
-0.35293443659565094 0.094568496998294116 5494
-0.35095854086834422 0.10165638076960413 5495
-0.34884031670087379 0.10870303861278248 5496
-0.34658062312648624 0.11570561279765414 5497
-0.34418037653986344 0.12266126350444943 5498
-0.34164055034451757 0.12956716991557449 5499
-0.33896217454931421 0.13642053138894655 5500
-0.3361463353383099 0.14321856862248264 5501
-0.33319417464732171 0.14995852473515592 5502
-0.33010688972172531 0.15663766634468568 5503
-0.32688573257499121 0.16325328480180046 5504
-0.32353200951895833 0.16980269719971208 5505
-0.32004708063759779 0.17628324745995996 5506
-0.3164323592076087 0.18269230746255188 5507
-0.31268931115985532 0.1890272780475501 5508
-0.30881945445094583 0.19528559012972999 5509
-0.30482435847192485 0.20146470569775299 5510
-0.30070564340540007 0.20756211885566506 5511
-0.29646497956491824 0.21357535684457468 5512
-0.29210408671014443 0.21950198105473526 5513
-0.2876247333690235 0.22533958798694292 5514
-0.2830287361094399 0.23108581024378369 5515
-0.2783179588023133 0.23673831748969787 5516
-0.27349431186349665 0.24229481739826306 5517
-0.26855975148902161 0.24775305657025934 5518
-0.26351627884831968 0.25311082146303399 5519
-0.37171948257134302 0.0074868531186961795 5520
-0.3714933454747959 0.014970670014337051 5521
-0.37111655221261264 0.022448415680482087 5522
-0.3705892555921303 0.029917057549454423 5523
-0.36991166945351661 0.037373566793459406 5524
-0.36908406858474152 0.044814919498899458 5525
-0.36810678861865692 0.052238097836969366 5526
-0.36698022587829959 0.0596400914409419 5527
-0.36570483722880065 0.067017898506550239 5528
-0.36428113990350852 0.074368526967962617 5529
-0.36270971126220442 0.081688995886096932 5530
-0.36099118858648316 0.088976336492995023 5531
-0.35912626881662812 0.096227593436860853 5532
-0.35711570825200023 0.10343982604626403 5533
-0.35496032225703028 0.11061010946563865 5534
-0.35266098493572351 0.11773553582919202 5535
-0.35021862875986176 0.12481321549575584 5536
-0.34763424421021161 0.13184027815970772 5537
-0.34490887936596931 0.13881387404489326 5538
-0.34204363946705296 0.14573117508954406 5539
-0.33903968648324023 0.1525893760462993 5540
-0.3358982386642122 0.15938569557880317 5541
-0.33262056998858802 0.16611737751762173 5542
-0.32920800968595809 0.17278169188742673 5543
-0.32566194170141582 0.17937593601188928 5544
-0.32198380410598815 0.18589743566364947 5545
-0.31817508854862514 0.19234354608347221 5546
-0.3142373396167521 0.19871165311446218 5547
-0.31017215423459044 0.20499917421876637 5548
-0.30598118100900384 0.21120355953734354 5549
-0.30166611955728556 0.21732229292956751 5550
-0.29722871981032267 0.22335289300306418 5551
-0.29267078132286617 0.22929291409197713 5552
-0.28799415253241273 0.23513994726560464 5553
-0.28320073000937152 0.24089162130530661 5554
-0.27829245768566324 0.24654560366840808 5555
-0.27327132607654842 0.25209960142236926 5556
-0.26813937145969374 0.25755136219045571 5557
-0.37812843916736671 0.0076159367931558919 5558
-0.37789840315536261 0.015228785014582885 5559
-0.37751511345762545 0.02283545733014361 5560
-0.37697872551610145 0.030432868886511588 5561
-0.37628945685785731 0.038017938634722775 5562
-0.37544758700858738 0.045587590524739041 5563
-0.37445345738791591 0.053138754696223395 5564
-0.37330747115203594 0.06066836887957433 5565
-0.37201009304306393 0.068173379515278937 5566
-0.3705618492121644 0.075650742950163719 5567
-0.36896332697359713 0.083097426849644745 5568
-0.3672151745965716 0.090510411260110002 5569
-0.36531810103758211 0.097886689875421456 5570
-0.36327287563563382 0.10522327132291742 5571
-0.36108032781316551 0.11251718031848815 5572
-0.35874134674494063 0.11976545886072343 5573
-0.35625688097984093 0.12696516748705539 5574
-0.35362793807588727 0.13411338640383397 5575
-0.35085558418260743 0.141207216700833 5576
-0.34794094359577943 0.14824378155659845 5577
-0.34488519831914349 0.15522022735743579 5578
-0.341689587606685 0.16213372481291405 5579
-0.33835540740217163 0.16898147023343646 5580
-0.33488400985294553 0.17576068657513466 5581
-0.33127680276522237 0.18246862456381241 5582
-0.32753524900435715 0.18910256386474106 5583
-0.32366086593738519 0.19565981411938854 5584
-0.31965522478254987 0.20213771609918907 5585
-0.31551994999724842 0.20853364273977468 5586
-0.31125671861260074 0.21484500021901728 5587
-0.30686725954964672 0.22106922901455583 5588
-0.30235335291049553 0.22720380495138903 5589
-0.2977168292767044 0.23324624019700785 5590
-0.29295956895538189 0.23919408428742256 5591
-0.28808350121642684 0.24504492512091303 5592
-0.28309060350782789 0.2507963899385513 5593
-0.27798290066407383 0.25644614627447782 5594
-0.27276246407106713 0.26199190291787661 5595
-0.38453739576345863 0.00774502046761677 5596
-0.38430346083599609 0.015486900014831356 5597
-0.38391367470270288 0.023222498979809131 5598
-0.38336819544013501 0.030948680223573555 5599
-0.38266724426225884 0.038662310475992556 5600
-0.3818111054324918 0.046360261550585702 5601
-0.38080012615723158 0.0540394115554855 5602
-0.37963471642582725 0.061696646318215698 5603
-0.37831534885738022 0.069328860524017544 5604
-0.37684255852087112 0.076932958932375173 5605
-0.37521694268503919 0.084505857813203744 5606
-0.3734391606067069 0.092044486027236416 5607
-0.37150993325858084 0.099545786313994078 5608
-0.36943004301931071 0.10700671659958347 5609
-0.36720033336934177 0.1144242511713503 5610
-0.36482170855419693 0.12179538189226777 5611
-0.36229513319985707 0.12911711947836813 5612
-0.35962163194159824 0.13638649464797356 5613
-0.35680228899927874 0.14360055935678612 5614
-0.35383824772453754 0.1507563880236662 5615
-0.3507307101550764 0.15785107866858553 5616
-0.34748093654918527 0.16488175404703789 5617
-0.34409024481578088 0.1718455629492639 5618
-0.34056001001995678 0.17873968126285525 5619
-0.33689166382905095 0.18556131311574758 5620
-0.33308669390274642 0.19230769206584422 5621
-0.32914664332616395 0.19897608215531612 5622
-0.32507310994836447 0.20556377908392662 5623
-0.32086774575992127 0.21206811126079289 5624
-0.31653225621621089 0.21848644090070024 5625
-0.31206839954201954 0.22481616509955249 5626
-0.30747798601067861 0.23105471689972157 5627
-0.30276287723055118 0.23719956630204525 5628
-0.29792498537835804 0.2432482213092462 5629
-0.29296627242348788 0.24919822893652421 5630
-0.28788874932999647 0.25504717620869799 5631
-0.28269447525160185 0.26079269112658893 5632
-0.27738555668244186 0.26643244364529894 5633
-0.39094635235955277 0.0078741041420778424 5634
-0.39070851851663152 0.015745015015080022 5635
-0.39031223594778242 0.023609540629474596 5636
-0.38975766536417078 0.031464491560635827 5637
-0.38904503166666238 0.039306682317262254 5638
-0.38817462385639784 0.047132932576432585 5639
-0.38714679492654924 0.05494006841474805 5640
-0.38596196169962049 0.062724923756857537 5641
-0.38462060467169823 0.070484341532756373 5642
-0.38312326782957951 0.078215174914587043 5643
-0.38147055839648258 0.085914288776762937 5644
-0.37966314661684397 0.093578560794363191 5645
-0.37770176547958156 0.10120488275256717 5646
-0.37558721040298898 0.10879016187624993 5647
-0.37332033892551947 0.11633132202421301 5648
-0.37090207036345446 0.12382530492381259 5649
-0.36833338541987465 0.13126907146968148 5650
-0.36561532580731032 0.13865960289211354 5651
-0.36274899381595127 0.14599390201273982 5652
-0.35973555185329659 0.15326899449073444 5653
-0.35657622199101008 0.16048192997973573 5654
-0.35327228549168632 0.16762978328116218 5655
-0.34982508222939096 0.17470965566509183 5656
-0.34623601018696887 0.18171867595057611 5657
-0.34250652489288019 0.18865400166768323 5658
-0.33863813880113619 0.19551282026694783 5659
-0.33463242071494326 0.20229235019124406 5660
-0.33049099511417945 0.20898984206866439 5661
-0.32621554152259469 0.21560257978181147 5662
-0.32180779381982155 0.22212788158238345 5663
-0.3172695395343928 0.22856310118454959 5664
-0.3126026191108619 0.23490562884805422 5665
-0.30780892518439817 0.24115289240708287 5666
-0.30289040180133425 0.24730235833106987 5667
-0.29784904363054882 0.2533515327521354 5668
-0.29268689515216523 0.25929796247884485 5669
-0.28740604983912982 0.26513923597869993 5670
-0.28200864929381658 0.27087298437272128 5671
-0.39735530895560089 0.0080031878165379433 5672
-0.3971135761972221 0.016003130015326744 5673
-0.39671079719281854 0.023996582279137563 5674
-0.39614713528816436 0.031980302897694685 5675
-0.39542281907102478 0.039951054158527982 5676
-0.39453814228026468 0.047905603602274666 5677
-0.39349346369582849 0.055840725274004938 5678
-0.39228920697337677 0.063753201195493159 5679
-0.39092586048598066 0.071639822541488624 5680
-0.3894039771382537 0.079497390896791864 5681
-0.38772417410789312 0.087322719740314941 5682
-0.38588713262694924 0.095112635561482251 5683
-0.38389359770055154 0.10286397919113197 5684
-0.38174437778663828 0.11057360715290798 5685
-0.37944034448166958 0.11823839287706717 5686
-0.37698243217268568 0.12585522795534851 5687
-0.37437163763986708 0.13342102346098561 5688
-0.37160901967299881 0.14093271113624461 5689
-0.36869569863260121 0.1483872446686843 5690
-0.3656328559820346 0.15578160095779373 5691
-0.36242173382692378 0.16311278129087697 5692
-0.359063634434169 0.17037781251527767 5693
-0.35555991964298372 0.17757374838091111 5694
-0.35191201035396485 0.18469767063828868 5695
-0.34812138595669473 0.19174669021961077 5696
-0.34418958369951258 0.19871794846804364 5697
-0.34011819810371013 0.20560861822716453 5698
-0.33590888027998322 0.212415905053395 5699
-0.33156333728525789 0.21913704830282318 5700
-0.32708333142342327 0.2257693222640606 5701
-0.32247067952675817 0.23231003726954097 5702
-0.31772725221103859 0.23875654079638195 5703
-0.31285497313823962 0.24510621851211614 5704
-0.30785581822430602 0.2513564953528899 5705
-0.30273181483760625 0.25750483656774342 5706
-0.29748504097433126 0.26354874874898943 5707
-0.29211762442665623 0.26948578083080948 5708
-0.28663174190519047 0.2753135251001429 5709
-0.40376426555169054 0.0081322714909988769 5710
-0.40351863387785325 0.016261245015575382 5711
-0.40310935843789386 0.024383623928802972 5712
-0.40253660521219603 0.032496114234756734 5713
-0.40180060647542426 0.040595425999797374 5714
-0.40090166070416711 0.048678274628121215 5715
-0.39984013246514238 0.056741382133266877 5716
-0.39861645224716624 0.064781478634134249 5717
-0.39723111630029512 0.072795303550226814 5718
-0.39568468644695864 0.080779606879002985 5719
-0.39397778981933346 0.088731150703873357 5720
-0.39211111863708298 0.096646710328608249 5721
-0.39008542992154915 0.10452307562970417 5722
-0.38790154517031361 0.11235705242957347 5723
-0.38556035003784445 0.12014546372992899 5724
-0.38306279398194054 0.1278851509868924 5725
-0.380409889859882 0.13557297545229802 5726
-0.37760271353870867 0.14320581938038379 5727
-0.37464240344927158 0.15078058732463706 5728
-0.37153016011079154 0.15829420742486119 5729
-0.36826724566285551 0.16574363260202624 5730
-0.36485498337666833 0.17312584174940115 5731
-0.36129475705659214 0.18043784109673833 5732
-0.35758801052097522 0.18767666532600885 5733
-0.35373624702052253 0.19483937877154545 5734
-0.34974102859790129 0.20192307666914655 5735
-0.34560397549248817 0.20892488626309161 5736
-0.34132676544579715 0.21584196803813208 5737
-0.33691113304793024 0.22267151682384101 5738
-0.33235886902703293 0.22941076294574311 5739
-0.32767181951913066 0.23605697335453746 5740
-0.32285188531122122 0.24260745274471415 5741
-0.31790102109208596 0.24905954461715321 5742
-0.3128212346472819 0.2554106323747134 5743
-0.3076145860446669 0.26165814038335433 5744
-0.30228318679649979 0.26779953501913595 5745
-0.2968291990141842 0.27383232568292049 5746
-0.29125483451656509 0.27975406582756501 5747
-0.41017322214778695 0.0082613551654598383 5748
-0.4099236915584909 0.016519360015823992 5749
-0.40950791968297551 0.024770665578468631 5750
-0.40892607513623386 0.033011925571819145 5751
-0.4081783938798299 0.041239797841067488 5752
-0.40726517912807547 0.049450945653968348 5753
-0.40618680123446183 0.057642038992529537 5754
-0.40494369752096104 0.065809756072776171 5755
-0.40353637211461491 0.073950784558965893 5756
-0.40196539575566892 0.082061822861215161 5757
-0.40023140553077868 0.09013958166743305 5758
-0.39833510464722166 0.098180785095735496 5759
-0.39627726214255099 0.10618217206827765 5760
-0.39405871255399322 0.11414049770624032 5761
-0.39168035559402359 0.12205253458279214 5762
-0.38914315579119946 0.12991507401843755 5763
-0.38644814207990097 0.13772492744361187 5764
-0.38359640740442214 0.1454789276245243 5765
-0.38058910826594505 0.15317392998059115 5766
-0.37742746423955154 0.16080681389192969 5767
-0.37411275749879042 0.16837448391317703 5768
-0.37064633231917038 0.17587387098352592 5769
-0.367029594470203 0.1833019338125666 5770
-0.36326401068798808 0.19065566001373013 5771
-0.35935110808435256 0.19793206732348151 5772
-0.35529247349629178 0.20512820487025057 5773
-0.35108975288126798 0.21224115429901985 5774
-0.34674465061161264 0.21926803102287012 5775
-0.34225892881060421 0.22620598534485994 5776
-0.33763440663064392 0.23305220362742668 5777
-0.3328729595115042 0.23980390943953472 5778
-0.3279765184114049 0.24645836469304716 5779
-0.32294706904593357 0.25301287072219125 5780
-0.31778665107025877 0.25946476939653745 5781
-0.31249735725172817 0.26581144419896574 5782
-0.30708133261866866 0.27205032128928297 5783
-0.30154077360171233 0.27817887053503154 5784
-0.29587792712793981 0.28419460655498746 5785
-0.41658217874383513 0.0083904388399199115 5786
-0.41632874923908153 0.016777475016070853 5787
-0.41590648092801158 0.025157707228131654 5788
-0.41531554506022739 0.03352773690887792 5789
-0.41455618128419253 0.041884169682333106 5790
-0.41362869755194209 0.050223616679810318 5791
-0.4125334700037413 0.058542695851786564 5792
-0.41127094279471743 0.066838033511412015 5793
-0.40984162792889717 0.075106265567698227 5794
-0.40824610506434311 0.083344038843419954 5795
-0.40648502124218927 0.091548012630985137 5796
-0.40455909065732676 0.099714859862854333 5797
-0.40246909436352124 0.10784126850684259 5798
-0.40021587993764252 0.11592394298289826 5799
-0.39780036115017348 0.12395960543564613 5800
-0.39522351760043067 0.13194499704997362 5801
-0.3924863942998934 0.13987687943491603 5802
-0.3895901012701104 0.14775203586865526 5803
-0.38653581308259521 0.15556727263653575 5804
-0.38332476836828955 0.16331942035898911 5805
-0.37995826933470411 0.1710053352243181 5806
-0.376437681261653 0.17862190021764129 5807
-0.37276443188379593 0.18616602652838585 5808
-0.36894001085498407 0.1936346547014427 5809
-0.36496596914816692 0.20102475587540886 5810
-0.36084391839466817 0.20833333307134641 5811
-0.35657553027003486 0.21555742233494019 5812
-0.35216253577741646 0.22269409400760087 5813
-0.34760672457326752 0.22974045386587183 5814
-0.34290994423424564 0.23669364430910378 5815
-0.33807409950386969 0.24355084552452619 5816
-0.33310115151158143 0.2503092766413747 5817
-0.32799311699977474 0.25696619682722427 5818
-0.32275206749323015 0.26351890641835723 5819
-0.31738012845878555 0.26996474801457376 5820
-0.31187947844083469 0.27630110755942738 5821
-0.30625234818923858 0.28252541538714104 5822
-0.30050101973931359 0.2886351472824088 5823
-0.42299113533994653 0.0085195225143813724 5824
-0.42273380691973372 0.017035590016320129 5825
-0.42230504217310749 0.025544748877798146 5826
-0.42170501498427904 0.034043548245941441 5827
-0.42093396868861122 0.042528541523604468 5828
-0.41999221597586323 0.050996287705659199 5829
-0.41888013877307317 0.059443352711050862 5830
-0.41759818806852445 0.067866310950055908 5831
-0.41614688374322861 0.076261746576439499 5832
-0.41452681437306438 0.084626254825634378 5833
-0.41273863695364521 0.092956443594547189 5834
-0.4107830766674756 0.10124893462998424 5835
-0.40866092658453312 0.10950036494541868 5836
-0.40637304732133167 0.11770738825956778 5837
-0.40392036670636183 0.12586667628851214 5838
-0.40130387940969825 0.1339749200815217 5839
-0.39852464651992026 0.14202883142623263 5840
-0.39558379513583153 0.15002514411279871 5841
-0.39248251789927602 0.15796061529249267 5842
-0.38922207249705659 0.16583202682606069 5843
-0.38580378117064518 0.17363618653547169 5844
-0.38222903020416121 0.18136992945176889 5845
-0.3784992692974124 0.18903011924421703 5846
-0.37461601102200204 0.19661364938916676 5847
-0.37058083021200183 0.20411744442734756 5848
-0.36639536329306321 0.21153846127245296 5849
-0.36206130765881889 0.21887369037087095 5850
-0.35758042094323561 0.22612015699234114 5851
-0.35295452033594471 0.23327492238689285 5852
-0.34818548183785969 0.24033508499078943 5853
-0.34327523949624583 0.2472977816095254 5854
-0.33822578461176728 0.25416018858970935 5855
-0.33303916495362407 0.26091952293226373 5856
-0.32771748391620831 0.26757304344018262 5857
-0.32226289966584787 0.27411805183018617 5858
-0.31667762426300461 0.28055189382957529 5859
-0.31096392277676754 0.28687196023925288 5860
-0.3051241123506887 0.29307568800983147 5861
-0.42940009193605089 0.0086486061888424171 5862
-0.42913886460037942 0.017293705016569155 5863
-0.42870360341819691 0.025931790527464332 5864
-0.42809448490832425 0.03455935958300449 5865
-0.42731175609302385 0.043172913364875248 5866
-0.42635573439977847 0.05176895873150722 5867
-0.42522680754239961 0.060344009570314605 5868
-0.42392543334232602 0.068894588388698996 5869
-0.42245213955755467 0.077417227585179771 5870
-0.42080752368178054 0.085908470807847859 5871
-0.41899225266509615 0.094364874558108075 5872
-0.41700706267761978 0.10278300939711271 5873
-0.4148527588055404 0.11115946138399352 5874
-0.41253021470501633 0.11949083353623616 5875
-0.41004037226254564 0.12777374714137665 5876
-0.40738424121896166 0.13600484311306851 5877
-0.40456289873994339 0.14418078341754775 5878
-0.40157748900154899 0.15229825235694094 5879
-0.3984292227159536 0.16035395794844834 5880
-0.39511937662582047 0.16834463329313093 5881
-0.39164929300658347 0.1762670378466239 5882
-0.38802037914666643 0.18411795868589514 5883
-0.38423410671102642 0.19189421196004691 5884
-0.38029201118901779 0.19959264407688965 5885
-0.37619569127583435 0.20721013297928503 5886
-0.37194680819145604 0.21474358947355832 5887
-0.36754708504760086 0.22218995840680056 5888
-0.36299830610905337 0.22954621997708072 5889
-0.35830231609862034 0.23680939090791281 5890
-0.35346101944147246 0.24397652567247416 5891
-0.34847637948862081 0.25104471769452363 5892
-0.34335041771195229 0.25801110053804333 5893
-0.33808521290747223 0.26487284903730224 5894
-0.33268290033918568 0.27162718046200723 5895
-0.32714567087290974 0.27827135564579819 5896
-0.32147577008517381 0.2848026800997227 5897
-0.31567549736429601 0.29121850509136432 5898
-0.3097472049620637 0.29751622873725403 5899
-0.43580904853206937 0.0087776898633020184 5900
-0.43554392228094108 0.017551820016814851 5901
-0.43510216466320473 0.026318832177125606 5902
-0.43448395483229041 0.035075170920061155 5903
-0.43368954349735983 0.04381728520613834 5904
-0.43271925282361967 0.052541629757346081 5905
-0.43157347631165388 0.061244666429567968 5906
-0.43025267861605815 0.069922865827330788 5907
-0.42875739537181362 0.078572708593907775 5908
-0.42708823299043253 0.087190686790048072 5909
-0.42524586837648515 0.095773305521655083 5910
-0.42323104868770445 0.10431708416422669 5911
-0.42104459102649072 0.11281855782255304 5912
-0.41868738208864675 0.12127427881288882 5913
-0.41616037781867748 0.12968081799422518 5914
-0.41346460302817573 0.13803476614459889 5915
-0.41060115095991956 0.14633273540884628 5916
-0.40757118286722205 0.15457136060106597 5917
-0.40437592753258922 0.16274730060438716 5918
-0.40101668075454477 0.17085723976018435 5919
-0.39749480484248445 0.17889788915775939 5920
-0.39381172808913717 0.186865987920005 5921
-0.38996894412460797 0.19475830467586053 5922
-0.38596801135600323 0.20257163876459666 5923
-0.38181055233963923 0.21030282153120722 5924
-0.37749825308982365 0.21794871767464913 5925
-0.37303286243635958 0.22550622644271601 5926
-0.36841619127484959 0.23297228296180655 5927
-0.36365011186127705 0.24034385942892039 5928
-0.35873655704506829 0.24761796635414715 5929
-0.35367751948098114 0.2547916537795113 5930
-0.34847505081212449 0.26186201248636759 5931
-0.34313126086130991 0.26882617514233248 5932
-0.3376483167621544 0.27568131748382474 5933
-0.33202844207996479 0.2824246594614041 5934
-0.32627391590733823 0.28905346636986562 5935
-0.32038707195182109 0.29556504994347277 5936
-0.31437029757343687 0.30195676946467487 5937
-0.44221800512817616 0.0089067735377633128 5938
-0.44194897996158899 0.017809935017063877 5939
-0.44150072590829625 0.026705873826791904 5940
-0.44087342475633795 0.035590982257124509 5941
-0.44006733090177452 0.044461657047409203 5942
-0.4390827712475367 0.053314300783194324 5943
-0.4379201450809822 0.062145323288831933 5944
-0.43657992388986155 0.07095114326597407 5945
-0.43506265118614168 0.079728189602648408 5946
-0.43336894229915035 0.088472902772261913 5947
-0.43149948408793792 0.09718173648521658 5948
-0.42945503469785024 0.10585115893135563 5949
-0.42723642324749955 0.11447765426112844 5950
-0.42484454947233286 0.12305772408955737 5951
-0.42228038337486307 0.13158788884709036 5952
-0.41954496483744053 0.14006468917614601 5953
-0.41663940317994413 0.1484846874001621 5954
-0.41356487673294084 0.15684446884520853 5955
-0.4103226323492678 0.16514064326034325 5956
-0.40691398488330965 0.17336984622725513 5957
-0.40334031667842352 0.18152874046891193 5958
-0.39960307703164327 0.18961401715413173 5959
-0.39570378153822294 0.19762239739169093 5960
-0.39164401152301986 0.20555063345231994 5961
-0.38742541340347258 0.21339551008314511 5962
-0.3830496979882172 0.22115384587575487 5963
-0.37851863982514233 0.22882249447864605 5964
-0.37383407644066768 0.23639834594654627 5965
-0.36899790762395307 0.24387832794994058 5966
-0.36401209464868139 0.25125940703583222 5967
-0.35887865947335656 0.25853858986450995 5968
-0.35359968391230961 0.26571292443470174 5969
-0.34817730881515863 0.27277950124737144 5970
-0.34261373318513211 0.27973545450564968 5971
-0.33691121328702678 0.28657796327701629 5972
-0.33107206172950782 0.29330425264001325 5973
-0.32509864653934983 0.29991159479558438 5974
-0.31899339018481188 0.30639731019209743 5975
-0.44862696172428529 0.009035857212224635 5976
-0.44835403764223891 0.018068050017313125 5977
-0.44789928715339 0.027092915476458201 5978
-0.44726289468038716 0.036106793594187753 5979
-0.44644511830619138 0.0451060288886804 5980
-0.44544628967145594 0.054086971809042872 5981
-0.44426681385031225 0.063045980148095954 5982
-0.44290716916366679 0.07197942070461788 5983
-0.44136790700047135 0.080883670611389485 5984
-0.43964965160786995 0.089755118754475866 5985
-0.43775309979939209 0.098590167448777993 5986
-0.43567902070799747 0.10738523369848496 5987
-0.43342825546850977 0.116136750699704 5988
-0.43100171685602073 0.12484116936622658 5989
-0.42840038893104959 0.13349495969995573 5990
-0.42562532664670671 0.1420946122076937 5991
-0.42267765539996976 0.15063663939147806 5992
-0.41955857059866059 0.15911757708935151 5993
-0.41626933716594744 0.16753398591629975 5994
-0.41281128901207553 0.17588245269432629 5995
-0.40918582851436375 0.18415959178006508 5996
-0.4053944259741506 0.19236204638825888 5997
-0.40143861895183858 0.20048649010752168 5998
-0.397320011690037 0.20852962814004355 5999
-0.39304027446730683 0.2164881986350834 6000
-0.38860114288661174 0.22435897407686115 6001
-0.3840044172139257 0.23213876251457644 6002
-0.3792519616064865 0.23982440893128654 6003
-0.37434570338662976 0.24741279647096132 6004
-0.36928763225229477 0.25490084771751725 6005
-0.36407979946573227 0.26228552594950882 6006
-0.35872431701249519 0.2695638363830361 6007
-0.35322335676900746 0.27673282735241045 6008
-0.34757914960810987 0.28378959152747463 6009
-0.34179398449408915 0.29073126709262859 6010
-0.33587020755167729 0.29755503891016072 6011
-0.32981022112687836 0.30425813964769577 6012
-0.32361648279618693 0.31083785091952004 6013
-0.4550359183203036 0.0091649408866841253 6014
-0.45475909532280046 0.018326165017558849 6015
-0.45429784839839782 0.027479957126119503 6016
-0.45365236460435354 0.036622604931244418 6017
-0.45282290571052752 0.045750400729943352 6018
-0.45180980809529692 0.054859642834881733 6019
-0.45061348261956669 0.063946637007349511 6020
-0.44923441443739875 0.073007698143249561 6021
-0.44767316281473046 0.082039151620117517 6022
-0.44593036091652183 0.091037334736676273 6023
-0.44400671551078119 0.099998598412325168 6024
-0.44190300671808208 0.10891930846559891 6025
-0.43962008768946037 0.11779584713826372 6026
-0.43715888423965121 0.12662461464287925 6027
-0.43452039448718172 0.13540203055280431 6028
-0.43170568845592083 0.14412453523922383 6029
-0.42871590761994582 0.15278859138277667 6030
-0.4255522644643337 0.16139068533347667 6031
-0.42221604198258289 0.16992732857223836 6032
-0.41870859314079989 0.17839505916137971 6033
-0.41503134035026479 0.18679044309120055 6034
-0.41118577491662112 0.1951100756223686 6035
-0.40717345636542024 0.20335058282333543 6036
-0.4029960118570225 0.2115086228277506 6037
-0.39865513553111165 0.21958088718700547 6038
-0.39415258778497902 0.22756410227795176 6039
-0.38949019460268441 0.23545503055049186 6040
-0.38466984677228283 0.24325047191601246 6041
-0.37969349914928641 0.25094726499196879 6042
-0.37456316985589072 0.2585422883991903 6043
-0.36928093945809254 0.26603246203449643 6044
-0.36384895011266732 0.27341474833136037 6045
-0.35826940472284519 0.28068615345744086 6046
-0.35254456603107848 0.28784372854929219 6047
-0.34667675570114415 0.29488457090823461 6048
-0.3406683533738416 0.30180582518030369 6049
-0.33452179571440355 0.30860468449980433 6050
-0.32823957540756016 0.31527839164694094 6051
-0.46144487491643571 0.0092940245611459471 6052
-0.46116415300347291 0.018584280017808846 6053
-0.46069640964351344 0.027866998775787299 6054
-0.46004183452842412 0.037138416268309465 6055
-0.45920069311496481 0.046394772571216603 6056
-0.45817332651923598 0.055632313860732668 6057
-0.45696015138891594 0.064847293866616501 6058
-0.45556165971122259 0.074035975581896146 6059
-0.45397841862907773 0.083194632628861565 6060
-0.45221107022525875 0.092319550718893778 6061
-0.45026033122225206 0.10140702937589058 6062
-0.44812699272824508 0.11045338323273218 6063
-0.44581191991048585 0.11945494357684347 6064
-0.44331605162335319 0.1284080599195524 6065
-0.44064040004338223 0.13730910140567404 6066
-0.43778605026520012 0.146154458270776 6067
-0.43475415983998411 0.15494054337409732 6068
-0.43154595833006548 0.16366379357762417 6069
-0.42816274679927391 0.17232067122819955 6070
-0.42460589726957637 0.18090766562845539 6071
-0.42087685218621468 0.189421294402358 6072
-0.41697712385913777 0.19785810485650016 6073
-0.41290829377904448 0.20621467553917033 6074
-0.4086720120240479 0.21448761751547857 6075
-0.40426999659495322 0.22267357573894786 6076
-0.39970403268338028 0.23076923047906189 6077
-0.394975971991474 0.23877129858642601 6078
-0.39008773193810714 0.24667653490075606 6079
-0.38504129491196809 0.25448173351299275 6080
-0.37983870745950865 0.26218372908087861 6081
-0.37448207945047229 0.26977939811949819 6082
-0.36897358321285645 0.27726566027969751 6083
-0.36331545267669685 0.28463947956248209 6084
-0.35750998245405885 0.2918978655711193 6085
-0.35155952690820824 0.29903787472384841 6086
-0.34546649919601263 0.30605661145045249 6087
-0.33923337030193312 0.31295122935191672 6088
-0.3328626680189356 0.31971893237436394 6089
-0.46785383151254922 0.0094231082356073248 6090
-0.46756921068412727 0.018842395018058261 6091
-0.46709497088861135 0.028254040425453902 6092
-0.46643130445247766 0.037654227605373181 6093
-0.4655784805193855 0.047039144412488271 6094
-0.46453684494315939 0.056404984886581633 6095
-0.46330682015824998 0.065747950725881299 6096
-0.46188890498503149 0.0750642530205404 6097
-0.46028367444341123 0.08435011363760328 6098
-0.45849177953398174 0.093601766701108619 6099
-0.45651394693370967 0.10281546033945307 6100
-0.45435097873839581 0.1119874579998624 6101
-0.45200375213149935 0.12111404001541998 6102
-0.44947321900704384 0.13019150519622252 6103
-0.44676040559957181 0.13921617225854047 6104
-0.44386641207446881 0.14818438130232445 6105
-0.44079241206001235 0.15709249536541436 6106
-0.43753965219578789 0.16593690182176815 6107
-0.43410945161595577 0.174714013884157 6108
-0.43050320139834442 0.18342027209552747 6109
-0.42672236402215702 0.19205214571351215 6110
-0.4227684728016467 0.20060613409062825 6111
-0.41864313119266194 0.20907876825500199 6112
-0.41434801219106665 0.21746661220320312 6113
-0.40988485765878868 0.22576626429088686 6114
-0.40525547758177594 0.23397435868016891 6115
-0.40046174938025847 0.24208756662235714 6116
-0.39550561710392707 0.25010259788549688 6117
-0.39038909067464589 0.25801620203401421 6118
-0.38511424506312314 0.26582516976256448 6119
-0.37968321944284872 0.27352633420449757 6120
-0.37409821631304263 0.28111657222803238 6121
-0.36836150063054635 0.28859280566752166 6122
-0.36247539887703717 0.29595200259294469 6123
-0.35644229811527089 0.30319117853946098 6124
-0.35026464501818255 0.3103073977206004 6125
-0.34394494488946198 0.3172977742040286 6126
-0.33748576063031072 0.32415947310178661 6127
-0.47426278810856948 0.0095521919100668151 6128
-0.47397426836469092 0.019100510018304068 6129
-0.473493532133621 0.028641082075115259 6130
-0.47282077437644565 0.038170038942429929 6131
-0.47195626792372314 0.047683516253751473 6132
-0.47090036336700181 0.057177655912420855 6133
-0.46965348892750591 0.066648607585134995 6134
-0.46821615025876495 0.076092530459172525 6135
-0.46658893025767167 0.085505594646331534 6136
-0.464772488842635 0.09488398268330922 6137
-0.46276756264510016 0.10422389130300044 6138
-0.4605749647484817 0.1135215327669766 6139
-0.45819558435245067 0.12277313645397986 6140
-0.45563038639067532 0.1319749504728753 6141
-0.45288041115570477 0.1411232431113891 6142
-0.44994677388368404 0.15021430433385519 6143
-0.44683066427998958 0.15924444735671309 6144
-0.44353334606146155 0.16821001006589362 6145
-0.44005615643259227 0.17710735654009593 6146
-0.43640050552706944 0.18593287856258126 6147
-0.43256787585805878 0.19468299702464784 6148
-0.428559821744118 0.20335416332473832 6149
-0.42437796860624427 0.21194286097081597 6150
-0.42002401235805276 0.22044560689091042 6151
-0.41549971872259428 0.22885895284280944 6152
-0.410806922480144 0.23717948688125981 6153
-0.40594752676901774 0.24540383465827298 6154
-0.40092350226972373 0.25352866087022308 6155
-0.39573688643730298 0.26155067055502201 6156
-0.39038978266671942 0.26946661044423786 6157
-0.38488435943520938 0.27727327028948551 6158
-0.37922284941321505 0.28496748417635692 6159
-0.37340754858438424 0.29254613177255206 6160
-0.36744081530000583 0.30000613961476214 6161
-0.36132506932232578 0.30734448235506712 6162
-0.35506279084034692 0.31455818399074342 6163
-0.34865651947698717 0.32164431905613705 6164
-0.34210885324168405 0.32860001382920762 6165
-0.48067174470469509 0.0096812755845286369 6166
-0.48037932604535682 0.019358625018553732 6167
-0.47989209337873007 0.029028123724782751 6168
-0.47921024430051029 0.038685850279494505 6169
-0.47833405532815443 0.048327888095024085 6170
-0.47726388179093521 0.057950326938271096 6171
-0.47600015769684956 0.067549264444400958 6172
-0.47454339553258368 0.077120807897818361 6173
-0.47289418607201406 0.086661075655074749 6174
-0.47105319815136698 0.096166198665525809 6175
-0.46902117835656632 0.10563232226656483 6176
-0.46679895075864042 0.11505560753410873 6177
-0.46438741657347193 0.1244322328925585 6178
-0.46178755377437353 0.13375839574954751 6179
-0.45900041671190156 0.14303031396425783 6180
-0.45602713569295966 0.15224422736540591 6181
-0.4528689165000242 0.16139639934803238 6182
-0.44952703992718995 0.17048311831003984 6183
-0.44600286124928012 0.17950069919605588 6184
-0.44229780965584309 0.18844548502965575 6185
-0.43841338769400601 0.19731384833580426 6186
-0.43435117068663187 0.20610219255886875 6187
-0.43011280601986612 0.21480695368664987 6188
-0.42570001252507583 0.22342460157863719 6189
-0.42111457978643363 0.23195164139475061 6190
-0.41635836737854331 0.24038461508236897 6191
-0.4114333041578056 0.24872010269420605 6192
-0.40634138743554649 0.25695472385496582 6193
-0.40108468219998317 0.26508513907604497 6194
-0.39566532027033618 0.27310805112592534 6195
-0.39008549942758802 0.28102020637448644 6196
-0.38434748251340295 0.28881839612469296 6197
-0.37845359653823518 0.29649945787759274 6198
-0.37240623172298543 0.30406027663658863 6199
-0.36620784052938948 0.31149778617068052 6200
-0.35986093666251756 0.31880897026089194 6201
-0.35336809406451658 0.32599086390824927 6202
-0.34673194585305928 0.33304055455663051 6203
-0.48708070130080672 0.0098103592589897926 6204
-0.48678438372600941 0.019616740018803092 6205
-0.48629065462382653 0.029415165374449243 6206
-0.48559971422456227 0.039201661616558164 6207
-0.48471184273257384 0.048972259936295559 6208
-0.48362740021485684 0.05872299796411995 6209
-0.48234682646618188 0.068449921303665562 6210
-0.48087064080639108 0.078149085336462365 6211
-0.47919944188634589 0.087816556663816131 6212
-0.47733390746008864 0.097448414647740234 6213
-0.47527479406802253 0.10704075323012688 6214
-0.47302293676878943 0.11658968230123848 6215
-0.47057924879448415 0.12609132933113457 6216
-0.46794472115806296 0.13554184102621714 6217
-0.46512042226808981 0.14493738481712379 6218
-0.46210749750222735 0.15427415039695411 6219
-0.45890716872005133 0.16354835133934914 6220
-0.45552073379291125 0.17275622655418327 6221
-0.45194956606596121 0.18189404185201288 6222
-0.4481951137846103 0.19095809149672738 6223
-0.44425889952994735 0.19994469964695788 6224
-0.44014251962914019 0.20885022179299645 6225
-0.4358476434334827 0.21767104640248103 6226
-0.43137601269209414 0.22640359626636147 6227
-0.4267294408502687 0.23504432994668936 6228
-0.42190981227693841 0.2435897432834756 6229
-0.41691908154658952 0.25203637073013674 6230
-0.41175927260136586 0.26038078683970622 6231
-0.40643247796266041 0.26861960759706605 6232
-0.40094085787395017 0.27674949180761094 6233
-0.39528663941996417 0.28476714245948564 6234
-0.38947211561358902 0.29266930807302782 6235
-0.3834996444920844 0.30045278398263214 6236
-0.37737164814596369 0.30811441365841402 6237
-0.37109061173645197 0.31565108998629293 6238
-0.36465908248468737 0.32305975653103974 6239
-0.35807966865204549 0.33033740876036122 6240
-0.35135503846443433 0.33748109528405312 6241
-0.49348965789680621 0.0099394429334491441 6242
-0.49318944140655274 0.019874855019048038 6243
-0.49268921586881631 0.029802207024109517 6244
-0.49198918414851067 0.039717472953613442 6245
-0.49108963013689266 0.04961663177755668 6246
-0.48999091863868122 0.059495668989956896 6247
-0.48869349523542061 0.069350578162916704 6248
-0.48719788608010772 0.079177362775091548 6249
-0.48550469770059013 0.088972037672541443 6250
-0.48361461676872602 0.09873063062993756 6251
-0.48152840977939759 0.10844918419367094 6252
-0.47924692277886083 0.11812375706834921 6253
-0.47677108101542198 0.12775042576969078 6254
-0.474101888541681 0.13732528630286608 6255
-0.47124042782421027 0.1468444556699687 6256
-0.46818785931143037 0.15630407342848082 6257
-0.46494542094001712 0.16570030333064401 6258
-0.46151442765857453 0.17502933479830476 6259
-0.45789627088258728 0.18428738450794793 6260
-0.45409241791332555 0.19347069796377708 6261
-0.45010441136584012 0.2025755509580896 6262
-0.44593386857160289 0.21159825102710245 6263
-0.44158248084705731 0.2205351391182912 6264
-0.43705201285907291 0.22938259095406485 6265
-0.43234430191406725 0.23813701849860813 6266
-0.42746125717530009 0.24679487148456294 6267
-0.42240485893534313 0.25535263876604908 6268
-0.41717715776715764 0.26380684982442937 6269
-0.41178027372531306 0.27215407611807085 6270
-0.40621639547754235 0.28039093248928149 6271
-0.40048777941232133 0.28851407854447109 6272
-0.39459674871375838 0.29652022002134998 6273
-0.3885456924459198 0.30440611008766061 6274
-0.38233706456893018 0.31216855068022975 6275
-0.37597338294350552 0.31980439380189774 6276
-0.36945722830685057 0.32731054280118171 6277
-0.36279124323956985 0.33468395361246883 6278
-0.35597813107580734 0.34192163601147368 6279
-0.35355339059327373 -0.35355339059327362 6280
-0.17677669529663692 -0.17677669529663687 6281
-0.24994930724599049 -0.0050342633273833164 6282
-0.24979724954203331 -0.010066485048672769 6283
-0.24954388855385029 -0.015094624388288579 6284
-0.24918932702970939 -0.0201166422267866 6285
-0.24873370875945619 -0.02513050192029671 6286
-0.2481772185152058 -0.030134170140486659 6287
-0.2475200819771709 -0.035125617688726955 6288
-0.2467625656421325 -0.040102820321172669 6289
-0.24590497671547359 -0.045063759569774049 6290
-0.2449476629839826 -0.05000642357422979 6291
-0.24389101267866381 -0.054928807875065599 6292
-0.2427354543164052 -0.059828916234613332 6293
-0.24148145652529709 -0.064704761450924506 6294
-0.24012952785177369 -0.069554366172686871 6295
-0.23868021656328281 -0.074375763668714109 6296
-0.23713411041304 -0.079166998671265462 6297
-0.23549183641601359 -0.083926128121184621 6298
-0.23375406058247231 -0.088651221994994936 6299
-0.23192148764724141 -0.093340364084839741 6300
-0.2299948608085679 -0.09799165271413407 6301
-0.2279749613929371 -0.10260320159667938 6302
-0.22586260854761669 -0.10717314057200167 6303
-0.22365865892249179 -0.11169961633323758 6304
-0.22136400631478992 -0.11618079319864207 6305
-0.21897958129661593 -0.12061485387446597 6306
-0.21650635085733672 -0.12500000015375917 6307
-0.21394531799322794 -0.12933445368028026 6308
-0.21129752130407914 -0.13361645666141667 6309
-0.20856403459309272 -0.13784427254786918 6310
-0.20574596640824944 -0.14201618677719638 6311
-0.20284445957544023 -0.14613050749089868 6312
-0.19986069079919003 -0.15018556612827527 6313
-0.19679587011751762 -0.15417971820148438 6314
-0.19365124042547052 -0.15811134393735507 6315
-0.19042807702234124 -0.16197884887099698 6316
-0.18712768703036334 -0.16578066457420906 6317
-0.18375140888706734 -0.16951524926099656 6318
-0.18030061182735874 -0.17318108838634808 6319
-0.49989861449198097 -0.010068526654766629 6320
-0.49959449908406661 -0.020132970097345538 6321
-0.49908777710770069 -0.030189248776577159 6322
-0.49837865405941878 -0.040233284453573201 6323
-0.49746741751891232 -0.050261003840593427 6324
-0.49635443703041149 -0.060268340280973318 6325
-0.49504016395434169 -0.070251235377453897 6326
-0.49352513128426501 -0.080205640642345338 6327
-0.49180995343094708 -0.090127519139548112 6328
-0.48989532596796509 -0.10001284714845954 6329
-0.48778202535732751 -0.10985761575013124 6330
-0.48547090863281028 -0.11965783246922665 6331
-0.48296291305059419 -0.12940952290184904 6332
-0.48025905570354749 -0.13910873234537374 6333
-0.47736043312656562 -0.14875152733742825 6334
-0.47426822082608 -0.15833399734253095 6335
-0.47098367283202708 -0.16785225624236924 6336
-0.46750812116494461 -0.17730244398998984 6337
-0.46384297529448282 -0.18668072816967946 6338
-0.45998972161713592 -0.19598330542826814 6339
-0.45594992278587421 -0.20520640319335876 6340
-0.4517252170952335 -0.21434628114400334 6341
-0.44731731784498358 -0.22339923266647516 6342
-0.44272801262957995 -0.23236158639728405 6343
-0.43795916259323187 -0.24122970774893204 6344
-0.43301270171467354 -0.25000000030751834 6345
-0.42789063598645588 -0.25866890736056064 6346
-0.42259504260815828 -0.26723291332283333 6347
-0.41712806918618545 -0.27568854509573826 6348
-0.41149193281649876 -0.28403237355439276 6349
-0.40568891915088057 -0.29226101498179735 6350
-0.39972138159838017 -0.30037113225655065 6351
-0.39359174023503524 -0.30835943640296887 6352
-0.38730248085094104 -0.31622268787471025 6353
-0.38085615404468248 -0.32395769774199396 6354
-0.37425537406072668 -0.33156132914841807 6355
-0.36750281777413474 -0.33903049852199302 6356
-0.36060122365471753 -0.34636217677269615 6357
-0.18130943107347222 -0.18130943107347217 6358
-0.18584216685030214 -0.18584216685030208 6359
-0.19037490262713744 -0.19037490262713738 6360
-0.19490763840397274 -0.19490763840397268 6361
-0.19944037418080263 -0.19944037418080257 6362
-0.20397310995762333 -0.20397310995762327 6363
-0.20850584573444614 -0.20850584573444608 6364
-0.21303858151125982 -0.21303858151125976 6365
-0.21757131728808132 -0.21757131728808127 6366
-0.22210405306490333 -0.22210405306490327 6367
-0.22663678884171692 -0.22663678884171687 6368
-0.23116952461853932 -0.23116952461853926 6369
-0.23570226039536044 -0.23570226039536038 6370
-0.24023499617217953 -0.24023499617217947 6371
-0.24476773194900814 -0.24476773194900808 6372
-0.24930046772583933 -0.24930046772583928 6373
-0.25383320350263788 -0.25383320350263777 6374
-0.25836593927947166 -0.25836593927947155 6375
-0.26289867505630543 -0.26289867505630532 6376
-0.26743141083311367 -0.26743141083311356 6377
-0.27196414660997137 -0.27196414660997126 6378
-0.27649688238683068 -0.27649688238683057 6379
-0.28102961816365668 -0.28102961816365657 6380
-0.28556235394051277 -0.28556235394051266 6381
-0.29009508971737374 -0.29009508971737363 6382
-0.29462782549419964 -0.29462782549419952 6383
-0.29916056127107155 -0.29916056127107143 6384
-0.30369329704793846 -0.30369329704793835 6385
-0.30822603282474276 -0.30822603282474265 6386
-0.31275876860161128 -0.31275876860161117 6387
-0.31729150437848147 -0.31729150437848136 6388
-0.32182424015528588 -0.32182424015528577 6389
-0.32635697593217267 -0.32635697593217255 6390
-0.33088971170904613 -0.33088971170904602 6391
-0.33542244748585198 -0.33542244748585187 6392
-0.33995518326273405 -0.33995518326273394 6393
-0.34448791903960624 -0.34448791903960613 6394
-0.34902065481639655 -0.34902065481639644 6395
-0.18492370443831513 -0.17762162911420168 6396
-0.18846298347391371 -0.17386179411384128 6397
-0.19192583285165324 -0.17003145084534127 6398
-0.19531084822804082 -0.16613215268820078 6399
-0.19861665684663501 -0.16216548096138866 6400
-0.20184191806924742 -0.15813304430921368 6401
-0.20498532389660382 -0.15403647808028129 6402
-0.20804559956455274 -0.14987744358040797 6403
-0.21102150400845954 -0.14565762746379018 6404
-0.21391183035188863 -0.14137874107473666 6405
-0.21671540646572074 -0.13704251965273428 6406
-0.21943109537766842 -0.13265072172336367 6407
-0.22205779575111334 -0.12820512836282918 6408
-0.22459444235550233 -0.12370754243534907 6409
-0.22704000647670652 -0.11915978789604247 6410
-0.22939349633075973 -0.11456370905973037 6411
-0.231653957484734 -0.10992116981743708 6412
-0.2338204732235242 -0.10523405291967067 6413
-0.23589216493186349 -0.10050425919398327 6414
-0.23786819245870819 -0.095733706753681397 6415
-0.23974775444356039 -0.090924330251276525 6416
-0.24153008863180789 -0.086078080124291578 6417
-0.2432144722185017 -0.081196921714118145 6418
-0.24480022211618671 -0.076282834532014204 6419
-0.2462866952325877 -0.071337811459165804 6420
-0.2476732887438938 -0.066363857898383893 6421
-0.2489594403245175 -0.061362991009859653 6422
-0.25014462838837248 -0.056337238846221015 6423
-0.2512283722912636 -0.05128863956331247 6424
-0.25221023252869051 -0.046219240584383592 6425
-0.25308981091500721 -0.041131097765305269 6426
-0.25386675074581588 -0.036026274552540399 6427
-0.25454073693867219 -0.03090684116972988 6428
-0.2551114961635445 -0.02577487376440683 6429
-0.25557879695354779 -0.020632453565934978 6430
-0.25594244979882069 -0.015481666039270359 6431
-0.25620230722259812 -0.010324600049920789 6432
-0.25635826384204158 -0.0051633470024444314 6433
-0.18954679704926622 -0.18206216984205006 6434
-0.19317455806075481 -0.17820833896668098 6435
-0.19672397867293773 -0.17428223711646879 6436
-0.20019361943373512 -0.17028545650540017 6437
-0.20358207326779432 -0.16621961798541798 6438
-0.20688796602097212 -0.16208637041693896 6439
-0.21010995699401253 -0.15788739003228358 6440
-0.21324673955366014 -0.15362437966991346 6441
-0.21629704160866484 -0.14929906815038066 6442
-0.21925962611067984 -0.14491320960160106 6443
-0.22213329162735793 -0.14046858264404888 6444
-0.22491687276210431 -0.13596698976644428 6445
-0.22760924064488564 -0.13141025657189667 6446
-0.23020930341438434 -0.12680023099622978 6447
-0.23271600663861872 -0.12213878259344077 6448
-0.23512833373902353 -0.11742780178622098 6449
-0.2374453064218475 -0.11266919906287068 6450
-0.23966598505410749 -0.10786490424266028 6451
-0.2417894690551555 -0.10301686567383088 6452
-0.2438148972701715 -0.098127049422521664 6453
-0.24574144830464509 -0.093197438507556823 6454
-0.24756834084759921 -0.088230032127397454 6455
-0.24929483402396049 -0.083226844756969828 6456
-0.25092022766908778 -0.078189905395313494 6457
-0.25244386261339902 -0.073121256745643987 6458
-0.25386512096248798 -0.068022954345842629 6459
-0.25518342633262753 -0.062897065785105427 6460
-0.2563982440980791 -0.057745669817375896 6461
-0.25750908159854291 -0.052570855552394775 6462
-0.25851548834190541 -0.047374721598992767 6463
-0.25941705618788052 -0.042159375209437563 6464
-0.26021341951445959 -0.036926931416353642 6465
-0.26090425536213763 -0.031679512198972935 6466
-0.26148928356763201 -0.02641924560851688 6467
-0.26196826687738572 -0.021148264905083269 6468
-0.26234101104379048 -0.015868707690252098 6469
-0.26260736490316261 -0.010582715051168787 6470
-0.26276722043809231 -0.0052924306775055385 6471
-0.19416988966022264 -0.18650271056990378 6472
-0.19788613264760113 -0.18255488381952567 6473
-0.20152212449422763 -0.17853302338760108 6474
-0.20507639063943472 -0.17443876032260386 6475
-0.20854748968895873 -0.17027375500945158 6476
-0.21193401397270184 -0.16603969652466818 6477
-0.21523459009142612 -0.16173830198428948 6478
-0.21844787954277262 -0.15737131575942276 6479
-0.22157257920887502 -0.15294050883697446 6480
-0.22460742186947563 -0.14844767812846868 6481
-0.22755117678899964 -0.14389464563536639 6482
-0.23040265014654482 -0.13928325780952758 6483
-0.23316068553866223 -0.13461538478096668 6484
-0.23582416447327073 -0.12989291955711288 6485
-0.23839200680053532 -0.12511777729084128 6486
-0.24086317114729142 -0.12029189451271367 6487
-0.24323665535896463 -0.11541722830830607 6488
-0.24551149688469451 -0.11049575556565157 6489
-0.24768677317845109 -0.10552947215368007 6490
-0.2497616020816382 -0.10052039209136328 6491
-0.25173514216573317 -0.095470546763838399 6492
-0.2536065930633935 -0.090381984130504467 6493
-0.2553751958294222 -0.085256767799822483 6494
-0.25704023322199171 -0.08009697625861352 6495
-0.25860102999421303 -0.074904702032122975 6496
-0.26005695318108463 -0.0696820507933021 6497
-0.26140741234073978 -0.064431140560351763 6498
-0.26265185980778782 -0.059154100788531318 6499
-0.26378979090582388 -0.053853071541477497 6500
-0.26482074415512208 -0.048530202613602212 6501
-0.26574430146075517 -0.043187652653570129 6502
-0.26656008828310451 -0.037827588280167114 6503
-0.26726777378560412 -0.032452183228216143 6504
-0.26786707097172019 -0.027063617452627017 6505
-0.2683577368012241 -0.021664076244231629 6506
-0.26873957228876078 -0.01625574934123385 6507
-0.26901242258372748 -0.010840830052416827 6508
-0.2691761770341432 -0.0054215143525666691 6509
-0.19879298227117892 -0.19094325129775738 6510
-0.20259770723444753 -0.18690142867237028 6511
-0.20632027031551753 -0.18278380965873328 6512
-0.20995916184513433 -0.17859206413980777 6513
-0.21351290611012314 -0.17432789203348506 6514
-0.21698006192443162 -0.16999302263239738 6515
-0.22035922318883983 -0.16558921393629558 6516
-0.22364901953188512 -0.16111825184893197 6517
-0.22684811680908512 -0.15658194952356838 6518
-0.22995521762827162 -0.15198214665533616 6519
-0.23296906195064143 -0.14732070862668398 6520
-0.23588842753098524 -0.14259952585261096 6521
-0.23871213043243883 -0.13782051299003667 6522
-0.24143902553215713 -0.13298560811799598 6523
-0.24406800696245182 -0.12809677198824168 6524
-0.24659800855555922 -0.12315598723920637 6525
-0.24902800429608193 -0.11816525755374158 6526
-0.2513570087152816 -0.11312660688864287 6527
-0.25358407730174681 -0.10804207863352917 6528
-0.25570830689310498 -0.10291373476020498 6529
-0.2577288360268214 -0.097743655020119974 6530
-0.2596448452791878 -0.092533936133611397 6531
-0.26145555763488387 -0.087286690842675194 6532
-0.26316023877489553 -0.08200404712191367 6533
-0.26475819737502693 -0.076688147318601851 6534
-0.26624878539968128 -0.071341147240761502 6535
-0.26763139834885202 -0.065965215335598085 6536
-0.26890547551749661 -0.060562531759686726 6537
-0.27007050021310502 -0.055135287530560198 6538
-0.27112599996833908 -0.049685683628211769 6539
-0.27207154673362988 -0.044215930097702687 6540
-0.2729067570517496 -0.038728245143980565 6541
-0.27363129220907062 -0.033224854257459357 6542
-0.27424485837580859 -0.027707989296737155 6543
-0.27474720672506259 -0.022179887583379975 6544
-0.27513813353373118 -0.016642790992215575 6545
-0.27541748026429219 -0.011098945053664827 6546
-0.27558513363019432 -0.0055505980276277797 6547
-0.20341607488213004 -0.19538379202560577 6548
-0.20730928182128852 -0.19124797352521009 6549
-0.21111841613680202 -0.18703459592986088 6550
-0.21484193305082863 -0.18274536795700708 6551
-0.21847832253128252 -0.17838202905751438 6552
-0.22202610987615634 -0.17394634874012269 6553
-0.22548385628624854 -0.16944012588829768 6554
-0.22885015952099264 -0.16486518793843769 6555
-0.23212365440929053 -0.16022339021015888 6556
-0.23530301338706272 -0.15551661518220058 6557
-0.23838694711227854 -0.15074677161799846 6558
-0.24137420491542122 -0.14591579389569156 6559
-0.24426357532621104 -0.14102564119910418 6560
-0.24705388659103922 -0.13607829667887666 6561
-0.24974400712436412 -0.13107576668563997 6562
-0.2523328459638231 -0.12602007996569708 6563
-0.25481935323319538 -0.12091328679917507 6564
-0.2572025205458649 -0.11575745821163257 6565
-0.25948138142503868 -0.11055468511337677 6566
-0.26165501170456817 -0.10530707742904517 6567
-0.26372252988790618 -0.10001676327640027 6568
-0.26568309749497898 -0.094685888136717286 6569
-0.26753591944034272 -0.089316613885526891 6570
-0.26928024432779663 -0.083911117985212932 6571
-0.27091536475583838 -0.078471592605080021 6572
-0.27244061761827548 -0.073000243688220237 6573
-0.27385538435696222 -0.067499290110843935 6574
-0.27515909122720322 -0.061970962730841649 6575
-0.276351209520384 -0.056417503519642483 6576
-0.27743125578155398 -0.050841164642820937 6577
-0.27839879200650319 -0.045244207541834995 6578
-0.27925342582039331 -0.039628902007793808 6579
-0.2799948106325359 -0.033997525286702399 6580
-0.28062264577989587 -0.028352361140847257 6581
-0.28113667664890041 -0.022695698922528276 6582
-0.28153669477870091 -0.017029832643197285 6583
-0.28182253794485668 -0.011357060054912816 6584
-0.28199409022624511 -0.00567968170268886 6585
-0.20803916749307183 -0.19982433275344547 6586
-0.21202085640812052 -0.19559451837804148 6587
-0.21591656195807774 -0.19128538220098049 6588
-0.21972470425651414 -0.18689867177419886 6589
-0.22344373895243302 -0.18243616608153657 6590
-0.22707215782787232 -0.17789967484784108 6591
-0.23060848938364872 -0.17329103784029348 6592
-0.23405129951009182 -0.16861212402793727 6593
-0.23739919200948753 -0.16386483089674359 6594
-0.24065080914584583 -0.15905108370905968 6595
-0.24380483227390784 -0.15417283460930828 6596
-0.24685998229984932 -0.14923206193876748 6597
-0.24981502021997562 -0.14423076940816726 6598
-0.25266874764991393 -0.13917098523975338 6599
-0.25542000728626951 -0.13405476138303446 6600
-0.25806768337208008 -0.12888417269218438 6601
-0.26061070217030202 -0.12366131604460547 6602
-0.26304803237644192 -0.11838830953461928 6603
-0.26537868554832461 -0.11306729159322178 6604
-0.26760171651602571 -0.10770042009788318 6605
-0.26971622374898552 -0.10228987153267848 6606
-0.27172134971076478 -0.096837840139821246 6607
-0.27361628124579629 -0.091346536928376881 6608
-0.27540024988069312 -0.085818188848510724 6609
-0.27707253213664512 -0.080255037891556885 6610
-0.27863244983686553 -0.07465934013567789 6611
-0.28007937036506841 -0.069033364886088702 6612
-0.28141270693690629 -0.063379393701995773 6613
-0.28263191882765998 -0.057699719508724157 6614
-0.28373651159476609 -0.051996645657429605 6615
-0.28472603727937368 -0.046272484985966887 6616
-0.28560009458903468 -0.040529558871606773 6617
-0.28635832905599928 -0.034770196315945252 6618
-0.28700043318398172 -0.028996732984957085 6619
-0.28752614657273667 -0.023211510261676466 6620
-0.28793525602366982 -0.017416874294178944 6621
-0.28822759562542061 -0.011615175056160816 6622
-0.28840304682229551 -0.0058087653777499594 6623
-0.21266226010401582 -0.20426487348128716 6624
-0.21673243099495454 -0.19994106323087477 6625
-0.22071470777935534 -0.19553616847210187 6626
-0.22460747546220164 -0.19105197559139236 6627
-0.22840915537358542 -0.18649030310556036 6628
-0.23211820577959033 -0.18185300095556117 6629
-0.23573312248105083 -0.17714194979229078 6630
-0.23925243949919284 -0.17235906011743826 6631
-0.24267472960968653 -0.16750627158332979 6632
-0.24599860490463082 -0.16258555223591997 6633
-0.24922271743553873 -0.15759889760061888 6634
-0.25234575968427941 -0.15254832998184448 6635
-0.25536646511374211 -0.14743589761723147 6636
-0.25828360870879041 -0.14226367380063087 6637
-0.26109600744817629 -0.13703375608042986 6638
-0.26380252078033861 -0.13174826541867238 6639
-0.26640205110741022 -0.12640934529003667 6640
-0.26889354420702027 -0.12101916085760667 6641
-0.27127598967161182 -0.11557989807306737 6642
-0.27354842132748441 -0.11009376276672157 6643
-0.2757099176100658 -0.10456297978895718 6644
-0.27775960192655191 -0.098989792142925623 6645
-0.27969664305125108 -0.09337645997122726 6646
-0.28152025543359038 -0.087725259711808778 6647
-0.28322969951745303 -0.082038483178034055 6648
-0.2848242820554564 -0.076318436583135793 6649
-0.28630335637317528 -0.070567439661333692 6650
-0.28766632264661002 -0.064787824673150071 6651
-0.28891262813493662 -0.058981935497805948 6652
-0.29004176740797888 -0.053152126672038315 6653
-0.29105328255224477 -0.047300762430098904 6654
-0.29194676335767639 -0.041430215735419745 6655
-0.29272184747946289 -0.035542867345188113 6656
-0.29337822058806778 -0.029641104829067035 6657
-0.29391561649657322 -0.023727321600824705 6658
-0.29433381726863878 -0.017803915945160616 6659
-0.29463265330598448 -0.011873290057408774 6660
-0.29481200341834612 -0.0059378490528110865 6661
-0.21728535271495072 -0.20870541420912006 6662
-0.22144400558177954 -0.20428760808369967 6663
-0.22551285360062392 -0.19978695474321528 6664
-0.22949024666788023 -0.19520527940857826 6665
-0.23337457179472912 -0.19054444012957697 6666
-0.23716425373129973 -0.18580632706327438 6667
-0.24085775557844444 -0.18099286174428167 6668
-0.24445357948828553 -0.17610599620693318 6669
-0.24795026720987723 -0.17114771226991018 6670
-0.25134640066340758 -0.16612002076277496 6671
-0.25464060259716181 -0.16102496059192467 6672
-0.25783153706870171 -0.15586459802491678 6673
-0.26091791000750109 -0.15064102582629127 6674
-0.26389846976765952 -0.14535636236150457 6675
-0.26677200761007608 -0.14001275077782158 6676
-0.26953735818859031 -0.13461235814515699 6677
-0.27219340004451198 -0.12915737453546466 6678
-0.27473905603759219 -0.12365001218059117 6679
-0.27717329379489292 -0.11809250455291037 6680
-0.27949512613893729 -0.11248710543555768 6681
-0.28170361147114059 -0.10683608804523367 6682
-0.28379785414233361 -0.10114174414602806 6683
-0.28577700485670099 -0.095406383014075904 6684
-0.28764026098648299 -0.089632330575105348 6685
-0.28938686689825632 -0.083821928464509921 6686
-0.29101611427404322 -0.077977533030592558 6687
-0.29252734238127842 -0.072101514436577807 6688
-0.29391993835631042 -0.066196255644303564 6689
-0.29519333744220988 -0.060264151486887095 6690
-0.29634702322118861 -0.054307607686646615 6691
-0.29738052782511348 -0.048329039874230414 6692
-0.29829343212631598 -0.042330872599232454 6693
-0.29908536590292478 -0.036315538374430772 6694
-0.29975600799215207 -0.030285476673176742 6695
-0.30030508642040871 -0.024243132939972781 6696
-0.30073237851360668 -0.018190957596142233 6697
-0.30103771098654769 -0.012131405058656723 6698
-0.30122096001439619 -0.0060669327278721546 6699
-0.22190844532589332 -0.21314595493696056 6700
-0.22615558016861234 -0.20863415293653187 6701
-0.23031099942190042 -0.20403774101433567 6702
-0.23437301787356643 -0.19935858322577077 6703
-0.23833998821588054 -0.19459857715359977 6704
-0.24221030168301652 -0.18975965317099336 6705
-0.24598238867584532 -0.18484377369627808 6706
-0.24965471947738543 -0.17985293229643337 6707
-0.25322580481007512 -0.17478915295649547 6708
-0.25669419642219149 -0.16965448928963459 6709
-0.2600584877587917 -0.16445102358323488 6710
-0.2633173144531305 -0.15918086606799317 6711
-0.26646935490126622 -0.15384615403535476 6712
-0.269513330826535 -0.14844905092238156 6713
-0.27244800777198203 -0.14299174547521648 6714
-0.2752721955968479 -0.13747645087164456 6715
-0.27798474898161929 -0.13190540378089538 6716
-0.28058456786816971 -0.12628086350357817 6717
-0.28307059791817929 -0.12060511103275567 6718
-0.28544183095039521 -0.11488044810439565 6719
-0.28769730533222032 -0.10910919630151206 6720
-0.28983610635812002 -0.10329369614913225 6721
-0.29185736666215523 -0.097436306056926103 6722
-0.29376026653937981 -0.091539401438403251 6723
-0.29554403427906362 -0.08560537375098691 6724
-0.29720794649263371 -0.07963662947805028 6725
-0.2987513283893849 -0.073635589211822686 6726
-0.30017355406601381 -0.06760468661545771 6727
-0.30147404674948608 -0.061546367475968797 6728
-0.30265227903440112 -0.055463088701255277 6729
-0.30370777309798419 -0.049357317318362313 6730
-0.30464010089495758 -0.043231529463045433 6731
-0.30544888432638828 -0.037088209403673612 6732
-0.30613379539623797 -0.030929848517286692 6733
-0.30669455634424531 -0.024758944279120971 6734
-0.30713093975857553 -0.018577999247123871 6735
-0.30744276866711151 -0.012389520059904673 6736
-0.3076299166104467 -0.0061960164029332271 6737
-0.22653153793683653 -0.21758649566480148 6738
-0.23086715475544553 -0.21298069778936438 6739
-0.23510914524317722 -0.20828852728545638 6740
-0.23925578907925313 -0.20351188704296358 6741
-0.24330540463703224 -0.19865271417762298 6742
-0.24725634963473372 -0.19371297927871278 6743
-0.25110702177324667 -0.18869468564827477 6744
-0.2548558594664857 -0.18359986838593387 6745
-0.25850134241027323 -0.17843059364308106 6746
-0.26204199218097568 -0.17318895781649438 6747
-0.26547637292042198 -0.16787708657454506 6748
-0.2688030918375599 -0.16249713411106978 6749
-0.27202079979503208 -0.15705128224441858 6750
-0.27512819188541071 -0.15154173948325877 6751
-0.27812400793388831 -0.14597074017261158 6752
-0.28100703300510582 -0.14034054359813228 6753
-0.28377609791872699 -0.13465343302632626 6754
-0.28643007969874762 -0.12891171482656527 6755
-0.28896790204146588 -0.12311771751260096 6756
-0.29138853576185347 -0.11727379077323395 6757
-0.29369099919330027 -0.11138230455779057 6758
-0.29587435857390659 -0.10544564815223646 6759
-0.29793772846760952 -0.099466229099776329 6760
-0.29988027209227658 -0.093446472301701208 6761
-0.30170120165987108 -0.087388819037463969 6762
-0.30339977871122431 -0.081295725925508058 6763
-0.30497531439749159 -0.075169663987067661 6764
-0.30642716977571732 -0.069013117586611966 6765
-0.30775475605676228 -0.062828583465050547 6766
-0.30895753484761351 -0.056618569715864007 6767
-0.31003501837085512 -0.050385594762494247 6768
-0.31098676966359923 -0.044132186326858412 6769
-0.31181240274985189 -0.037860880432916466 6770
-0.31251158280032398 -0.031574220361396566 6771
-0.31308402626808168 -0.025274755618269151 6772
-0.31352950100354449 -0.01896504089810554 6773
-0.31384782634767538 -0.012647635061152683 6774
-0.3140388732064972 -0.0063251000779943282 6775
-0.23115463054777144 -0.22202703639263438 6776
-0.23557872934227062 -0.21732724264218936 6777
-0.23990729106444592 -0.21253931355656988 6778
-0.24413856028493172 -0.20766519086014956 6779
-0.24827082105817594 -0.20270685120163967 6780
-0.25230239758644302 -0.19766630538642607 6781
-0.25623165487064031 -0.19254559760026568 6782
-0.26005699945557847 -0.18734680447542887 6783
-0.26377688001046401 -0.18207203432966157 6784
-0.26738978793975249 -0.17672342634334937 6785
-0.27089425808204498 -0.17130314956585088 6786
-0.27428886922198209 -0.16581340215414206 6787
-0.27757224468879099 -0.16025641045347838 6788
-0.28074305294427992 -0.15463442804413247 6789
-0.28380000809578798 -0.14894973487000326 6790
-0.28674187041335752 -0.14320463632461697 6791
-0.28956744685582869 -0.13740146227175426 6792
-0.29227559152931959 -0.13154256614954987 6793
-0.29486520616474721 -0.12563032399244398 6794
-0.29733524057330651 -0.11966713344207006 6795
-0.29968469305437517 -0.11365541281406706 6796
-0.30191261078968817 -0.10759760015533895 6797
-0.30401809027305932 -0.10149615214262506 6798
-0.30600027764516929 -0.09535354316499782 6799
-0.30785836904067448 -0.089172264323939834 6800
-0.30959161092981108 -0.082954822372964809 6801
-0.31119930040559479 -0.076703738762311693 6802
-0.31268078548541772 -0.070421548557765418 6803
-0.3140354653640357 -0.064110799454131645 6804
-0.3152627906608233 -0.057774050730472259 6805
-0.31636226364372377 -0.051413872206625869 6806
-0.31733343843223882 -0.045032843190671128 6807
-0.31817592117331372 -0.038633551462159035 6808
-0.31888937020440838 -0.032218592205506297 6809
-0.31947349619191712 -0.025790566957417233 6810
-0.31992806224851261 -0.01935208254908715 6811
-0.32025288402823882 -0.01290575006240063 6812
-0.32044782980254738 -0.006454183753055477 6813
-0.23577772315871504 -0.22646757712047566 6814
-0.24029030392910422 -0.22167378749502228 6815
-0.24470543688572322 -0.21679009982769087 6816
-0.24902133149061884 -0.21181849467734276 6817
-0.253236237479328 -0.20676098822566316 6818
-0.25734844553816072 -0.20161963149414577 6819
-0.261356287968042 -0.19639650955226257 6820
-0.26525813944467902 -0.19109374056492956 6821
-0.26905241761066251 -0.18571347501624738 6822
-0.27273758369853718 -0.18025789487020938 6823
-0.27631214324367581 -0.17472921255716148 6824
-0.27977464660641183 -0.16912967019721886 6825
-0.28312368958255713 -0.16346153866254237 6826
-0.28635791400315602 -0.15772711660500977 6827
-0.28947600825769459 -0.15192872956739836 6828
-0.29247670782161572 -0.14606872905110477 6829
-0.29535879579293661 -0.14014949151718528 6830
-0.29812110335989772 -0.13417341747253708 6831
-0.30076251028803408 -0.12814293047228947 6832
-0.30328194538476488 -0.12206047611090835 6833
-0.30567838691545551 -0.11592852107034565 6834
-0.30795086300547531 -0.10974955215844326 6835
-0.310098452078514 -0.10352607518547535 6836
-0.31212028319806651 -0.097260614028295861 6837
-0.31401553642148211 -0.090955709610416935 6838
-0.31578344314840179 -0.084613918820422657 6839
-0.3174232864137016 -0.078237813537556683 6840
-0.31893440119512129 -0.071829979528919716 6841
-0.32031617467131218 -0.065393015443213409 6842
-0.32156804647403597 -0.058929531745080956 6843
-0.32268950891659481 -0.052442149650757788 6844
-0.32368010720088058 -0.045933500054484086 6845
-0.32453943959677739 -0.039406222491401979 6846
-0.32526715760849451 -0.032862964049616257 6847
-0.32586296611575372 -0.026306378296565437 6848
-0.32632662349348152 -0.01973912420006875 6849
-0.32665794170880269 -0.01316386506364863 6850
-0.32685678639859778 -0.0065832674281165208 6851
-0.24040081576965722 -0.23090811784831566 6852
-0.24500187851593652 -0.22602033234785407 6853
-0.24950358270699924 -0.22104088609881098 6854
-0.2539041026963047 -0.21597179849453488 6855
-0.258201653900479 -0.21081512524968568 6856
-0.26239449348987709 -0.20557295760186456 6857
-0.26648092106544252 -0.20024742150425878 6858
-0.27045927943377862 -0.19484067665442947 6859
-0.27432795521086012 -0.18935491570283247 6860
-0.27808537945732048 -0.18379236339706878 6861
-0.28173002840530542 -0.17815527554847127 6862
-0.28526042399084039 -0.17244593824029508 6863
-0.28867513447632198 -0.16666666687160558 6864
-0.29197277506203112 -0.16081980516588676 6865
-0.29515200841960021 -0.15490772426479318 6866
-0.2982115452298732 -0.14893282177759226 6867
-0.30115014473004359 -0.14289752076261578 6868
-0.30396661519047502 -0.13680426879552396 6869
-0.30665981441132018 -0.13065553695213458 6870
-0.30922865019622259 -0.12445381877974636 6871
-0.31167208077653491 -0.11820162932662395 6872
-0.31398911522126122 -0.11190150416154736 6873
-0.31617881388396779 -0.10555599822832545 6874
-0.31824028875096311 -0.099167684891593666 6875
-0.32017270380228918 -0.092739154896893924 6876
-0.32197527536699211 -0.086273015267880351 6877
-0.32364727242180791 -0.079771888312801562 6878
-0.32518801690482457 -0.073238410500073792 6879
-0.32659688397858821 -0.066675231432295104 6880
-0.32787330228724809 -0.060085012759689652 6881
-0.32901675418946541 -0.053470427094889708 6882
-0.33002677596952212 -0.046834156918297037 6883
-0.33090295802024078 -0.040178893520644798 6884
-0.33164494501258018 -0.033507335893726085 6885
-0.33225243603959009 -0.026822189635713669 6886
-0.33272518473845042 -0.020126165851050398 6887
-0.33306299938936651 -0.013421980064896609 6888
-0.33326574299464851 -0.0067123511031776774 6889
-0.24502390838059754 -0.23534865857615386 6890
-0.24971345310276694 -0.23036687720068388 6891
-0.25430172852827321 -0.22529167236992897 6892
-0.25878687390198851 -0.22012510231172527 6893
-0.26316707032162789 -0.21486926227370656 6894
-0.26744054144159157 -0.20952628370958176 6895
-0.2716055541628411 -0.20409833345625336 6896
-0.27566041942287622 -0.19858761274392797 6897
-0.27960349281105562 -0.19299635638941628 6898
-0.28343317521610212 -0.18732683192392688 6899
-0.2871479135669332 -0.18158133853977998 6900
-0.29074620137526719 -0.17576220628337016 6901
-0.29422657937008551 -0.16987179508066796 6902
-0.29758763612090461 -0.16391249372676267 6903
-0.30082800858150421 -0.15788671896218706 6904
-0.30394638263812879 -0.15179691450407898 6905
-0.30694149366714929 -0.14564555000804566 6906
-0.30981212702105071 -0.13943512011851028 6907
-0.31255711853460511 -0.13316814343197916 6908
-0.3151753550076789 -0.12684716144858388 6909
-0.31766577463761297 -0.12047473758290175 6910
-0.32002736743704618 -0.11405345616465096 6911
-0.32225917568942058 -0.10758592127117515 6912
-0.32436029430385849 -0.10107475575489115 6913
-0.32632987118309531 -0.094522600183370498 6914
-0.32816710758558121 -0.08793211171533781 6915
-0.32987125842991338 -0.081305963088046218 6916
-0.33144163261452703 -0.074646841471227771 6917
-0.33287759328586353 -0.067957447421376618 6918
-0.33417855810045971 -0.061240493774298209 6919
-0.33534399946233551 -0.054498704539021468 6920
-0.33637344473816322 -0.047734813782109926 6921
-0.33726647644370378 -0.04095156454988761 6922
-0.33802273241666558 -0.034151707737835942 6923
-0.33864190596342642 -0.027338000974861817 6924
-0.33912374598341888 -0.02051320750203205 6925
-0.33946805706993022 -0.013680095066144579 6926
-0.3396746995906989 -0.0068414347782387768 6927
-0.24964700099154724 -0.23978919930400108 6928
-0.25442502768960673 -0.23471342205352258 6929
-0.25909987434955645 -0.22954245864105546 6930
-0.26366964510768182 -0.22427840612892358 6931
-0.268132486742786 -0.21892339929773488 6932
-0.27248658939331499 -0.21347960981730618 6933
-0.27673018726024867 -0.20794924540825477 6934
-0.2808615594119826 -0.20233454883343277 6935
-0.28487903041125978 -0.19663779707600598 6936
-0.2887809709748923 -0.19086130045079058 6937
-0.29256579872856919 -0.18500740153109396 6938
-0.29623197875970209 -0.17907847432645016 6939
-0.29977802426385669 -0.17307692328973498 6940
-0.30320249717978559 -0.16700518228764288 6941
-0.30650400874341571 -0.16086571365958496 6942
-0.30968122004639193 -0.15466100723056908 6943
-0.31273284260426171 -0.14839357925347876 6944
-0.31565763885163323 -0.14206597144149946 6945
-0.31845442265789609 -0.13568074991182638 6946
-0.32112205981914138 -0.12924050411742377 6947
-0.3236594684986972 -0.12274784583918176 6948
-0.32606561965283648 -0.11620540816775655 6949
-0.32833953749487871 -0.10961584431402656 6950
-0.33048029985675897 -0.10298182661819016 6951
-0.33248703856390588 -0.096306045469848556 6952
-0.33435893980417492 -0.089591208162796407 6953
-0.33609524443802269 -0.082840037863291846 6954
-0.33769524832423298 -0.076055272442382665 6955
-0.33915830259314211 -0.069239663410458827 6956
-0.34048381391367438 -0.062395974788907328 6957
-0.34167124473520832 -0.055526981983153791 6958
-0.34272011350680631 -0.048635470645923148 6959
-0.34362999486716878 -0.041724235579130575 6960
-0.3444005198207527 -0.03479607958194595 6961
-0.34503137588726368 -0.02785381231401007 6962
-0.3455223072283885 -0.020900249153013757 6963
-0.34587311475049448 -0.013938210067392579 6964
-0.34608365618674952 -0.0069705184532998501 6965
-0.25427009360249958 -0.24422974003185066 6966
-0.25913660227644897 -0.23905996690636339 6967
-0.26389802017084235 -0.23379324491218417 6968
-0.26855241631337717 -0.22843170994612397 6969
-0.27309790316394639 -0.22297753632176517 6970
-0.27753263734504102 -0.21743293592503227 6971
-0.28185482035765858 -0.21180015736025787 6972
-0.28606269940109119 -0.20608148492293926 6973
-0.29015456801146622 -0.20027923776259726 6974
-0.2941287667336846 -0.19439576897765568 6975
-0.29798368389020741 -0.18843346452240917 6976
-0.30171775614413898 -0.18239474236953146 6977
-0.30532946915762987 -0.17628205149880297 6978
-0.30881735823866879 -0.17009787084852418 6979
-0.31218000890532888 -0.16384470835698367 6980
-0.31541605745465662 -0.15752509995706018 6981
-0.31852419154137612 -0.15114160849891278 6982
-0.32150315068221719 -0.14469682276448947 6983
-0.3243517267811889 -0.13819335639167438 6984
-0.32706876463060552 -0.13163384678626439 6985
-0.32965316235978259 -0.12502095409546238 6986
-0.33210387186862839 -0.11835736017086265 6987
-0.33441989930033811 -0.11164576735687846 6988
-0.33660030540966063 -0.10488889748148966 6989
-0.338644205944718 -0.098089490756326878 6990
-0.34055077202276968 -0.091250304610255281 6991
-0.34231923044613338 -0.084374112638537752 6992
-0.34394886403394032 -0.07746370341353763 6993
-0.34543901190042192 -0.070521879399541229 6994
-0.34678906972688972 -0.063551455803516579 6995
-0.34799849000808197 -0.056555259427286141 6996
-0.3490667822754504 -0.049536127509736447 6997
-0.34999351329063438 -0.042496906608373727 6998
-0.35077830722484038 -0.035440451426056022 6999
-0.35142084581110172 -0.028369623653158378 7000
-0.35192086847335852 -0.021287290803995468 7001
-0.35227817243105891 -0.014196325068640577 7002
-0.35249261278280042 -0.0070996021283609902 7003
-0.25889318621341928 -0.24867028075966918 7004
-0.26384817686325907 -0.24340651175917458 7005
-0.26869616599209628 -0.23804403118328457 7006
-0.27343518751904128 -0.23258501376329746 7007
-0.27806331958507574 -0.22703167334576999 7008
-0.28257868529673602 -0.22138626203273437 7009
-0.28697945345503811 -0.21565106931223818 7010
-0.2912638393901702 -0.20982842101242438 7011
-0.29543010561164351 -0.20392067844916828 7012
-0.29947656249244808 -0.19793023750450187 7013
-0.30340156905181759 -0.19185952751370677 7014
-0.30720353352854862 -0.18571101041259597 7015
-0.31088091405137652 -0.17948717970785566 7016
-0.31443221929752568 -0.17319055940939096 7017
-0.31785600906721689 -0.16682370305436917 7018
-0.32115089486289689 -0.16038919268353927 7019
-0.32431554047846672 -0.15388963774433567 7020
-0.32734866251277889 -0.14732767408746916 7021
-0.33024903090446001 -0.14070596287151307 7022
-0.33301546944204868 -0.13402718945509656 7023
-0.33564685622084828 -0.12729406235173546 7024
-0.33814212408440142 -0.12050931217396206 7025
-0.34050026110577952 -0.11367569039972436 7026
-0.3427203109625454 -0.10679596834478376 7027
-0.34480137332551403 -0.099872936042800634 7028
-0.34674260424134962 -0.092909401057710242 7029
-0.34854321645423009 -0.085908187413780243 7030
-0.3502024797436345 -0.078872134384689846 7031
-0.35171972120768991 -0.071804095388621286 7032
-0.35309432554009479 -0.064706936818123909 7033
-0.35432573528094619 -0.057583536871417006 7034
-0.35541345104408623 -0.050436784373548579 7035
-0.35635703171409278 -0.043269577637615977 7036
-0.35715609462892201 -0.036084823270165489 7037
-0.35781031573493483 -0.028885434992306395 7038
-0.35831942971832481 -0.021674332454977036 7039
-0.35868323011162118 -0.014454440069888486 7040
-0.35890156937885009 -0.007228685803422041 7041
-0.26351627882437423 -0.25311082148752134 7042
-0.26855975145010397 -0.24775305661201788 7043
-0.27349431181338468 -0.24229481745441547 7044
-0.27831795872473947 -0.23673831758050007 7045
-0.28302873600623873 -0.23108581036980247 7046
-0.28762473324846433 -0.22533958814046248 7047
-0.29210408655245051 -0.21950198126424308 7048
-0.29646497937928118 -0.21357535710193257 7049
-0.30070564321185222 -0.20756211913576117 7050
-0.30482435825124288 -0.20146470603136857 7051
-0.30881945421345808 -0.19528559050502356 7052
-0.31268931091298791 -0.18902727845567857 7053
-0.31643235894515181 -0.18269230791692498 7054
-0.32004708035641111 -0.17628324797027348 7055
-0.32353200922913228 -0.16980269775176907 7056
-0.3268857322711638 -0.16325328541003137 7057
-0.33010688941558292 -0.15663766698977058 7058
-0.33319417434336479 -0.14995852541046006 7059
-0.33614633502775459 -0.14321856935136187 7060
-0.33896217425351449 -0.13642053212393776 7061
-0.34164055008193539 -0.12956717060801665 7062
-0.34418037630019488 -0.12266126417706866 7063
-0.34658062291124042 -0.11570561344257675 7064
-0.3488403165154485 -0.10870303920808366 7065
-0.35095854070632709 -0.10165638132927926 7066
-0.35293443645994571 -0.094568497505169449 7067
-0.35476720246234178 -0.087442262189026398 7068
-0.35645609545334273 -0.080280565355845129 7069
-0.35800043051497032 -0.073086311377703883 7070
-0.35939958135331113 -0.065862417832733305 7071
-0.36065298055382039 -0.05861181431554946 7072
-0.36176011981273082 -0.051337441237361996 7073
-0.36272055013755922 -0.04404224866685915 7074
-0.36353388203301001 -0.036729195114275616 7075
-0.36419978565877309 -0.029401246331454706 7076
-0.36471799096329499 -0.022061374105958775 7077
-0.36508828779218588 -0.014712555071136495 7078
-0.36531052597490088 -0.0073577694784831491 7079
-0.26813937143532907 -0.25755136221537356 7080
-0.27327132603694887 -0.25209960146486116 7081
-0.27829245763467314 -0.24654560372554649 7082
-0.28320072993043743 -0.24089162139770257 7083
-0.28799415242740184 -0.23513994739383476 7084
-0.29267078120019263 -0.22929291424819048 7085
-0.29722871964986269 -0.22335289321624796 7086
-0.30166611936839233 -0.21732229319144078 7087
-0.30598118081206099 -0.21120355982235406 7088
-0.31017215401003728 -0.20499917455823527 7089
-0.31423733937509851 -0.19871165349634026 7090
-0.31817508829742691 -0.19234354649876118 7091
-0.32198380383892711 -0.18589743612599427 7092
-0.3256619414152962 -0.17937593653115588 7093
-0.32920800939104772 -0.17278169244916888 7094
-0.33262056967943038 -0.16611737813652358 7095
-0.33589823835269911 -0.15938569623520546 7096
-0.33903968617395092 -0.15258937673345088 7097
-0.34204363915104907 -0.14573117583121045 7098
-0.34490887906498041 -0.13881387479277904 7099
-0.34763424394302261 -0.13184027886429783 7100
-0.35021862851598828 -0.12481321618017535 7101
-0.35266098471670132 -0.11773553648542916 7102
-0.35496032206835171 -0.11061011007138345 7103
-0.35711570808714038 -0.10343982661575805 7104
-0.35912626867854158 -0.096227593952628657 7105
-0.36099118847045347 -0.088976336964272609 7106
-0.36270971116305067 -0.081688996327000399 7107
-0.3642811398222508 -0.074368527366786452 7108
-0.36570483716652741 -0.06701789884734273 7109
-0.36698022582669487 -0.059640091759681949 7110
-0.36810678858137552 -0.052238098101175398 7111
-0.36908406856102532 -0.044814919696102302 7112
-0.36991166943709819 -0.037373566958385708 7113
-0.3705892555826113 -0.029917057670603035 7114
-0.37111655220826512 -0.022448415756940523 7115
-0.3714933454727507 -0.014970670072384475 7116
-0.37171948257095189 -0.0074868531535442588 7117
-0.27276246404625865 -0.26199190294320124 7118
-0.27798290062376835 -0.25644614631768103 7119
-0.28309060345593645 -0.25079638999665516 7120
-0.28808350113611098 -0.24504492521488408 7121
-0.29295956884854024 -0.23919408441784717 7122
-0.29771682915189707 -0.23324624035589986 7123
-0.30235335274725134 -0.22720380516823518 7124
-0.30686725935747999 -0.22106922928093217 7125
-0.31125671841224678 -0.21484500050893118 7126
-0.31551994976880948 -0.20853364308508718 7127
-0.3196552245367168 -0.20213771648764306 7128
-0.32366086568184482 -0.19565981454183076 7129
-0.32753524873268169 -0.18910256433505157 7130
-0.33127680247416091 -0.18246862509202716 7131
-0.3348840095529434 -0.17576068714655838 7132
-0.33835540708767808 -0.16898147086300608 7133
-0.34168958728979693 -0.16213372548063165 7134
-0.34488519800451911 -0.15522022805643365 7135
-0.34794094327432662 -0.14824378231105195 7136
-0.35085558387642968 -0.14120721746161363 7137
-0.35362793780409418 -0.13411338712057314 7138
-0.35625688073176698 -0.12696516818327674 7139
-0.35874134652214812 -0.11976545952827686 7140
-0.36108032762124148 -0.11251718093467926 7141
-0.36327287546794113 -0.10522327190223316 7142
-0.36531810089712591 -0.097886690400084755 7143
-0.36721517447855417 -0.0905104117395161 7144
-0.36896332687274891 -0.083097427298153406 7145
-0.37056184912952228 -0.075650743355867203 7146
-0.37201009297973547 -0.068173379861950628 7147
-0.37330747109956181 -0.060668369203813251 7148
-0.37445345735001362 -0.053138754964987885 7149
-0.37544758698448588 -0.045587590725344788 7150
-0.37628945684118159 -0.03801793880249537 7151
-0.37697872550644579 -0.030432869009751076 7152
-0.37751511345323258 -0.022835457407922085 7153
-0.37789840315331358 -0.015228785073632423 7154
-0.37812843916700178 -0.0076159368286053486 7155
-0.27738555665723724 -0.26643244367107632 7156
-0.28269447521063695 -0.26079269117054626 7157
-0.28788874927724828 -0.25504717626780676 7158
-0.29296627234183203 -0.24919822903210628 7159
-0.29792498526972627 -0.24324822144189817 7160
-0.30276287710364796 -0.23719956646364568 7161
-0.30747798584468577 -0.23105471712025677 7162
-0.31206839934661279 -0.22481616537045607 7163
-0.31653225601247709 -0.21848644119553878 7164
-0.32086774552762498 -0.21206811161196767 7165
-0.32507310969837788 -0.20556377947897278 7166
-0.32914664306630392 -0.19897608258492538 7167
-0.33308669362647642 -0.19230769254413196 7168
-0.3368916635330651 -0.18556131365291997 7169
-0.34056000971487699 -0.17873968184396785 7170
-0.3440902444959627 -0.17184556358950714 7171
-0.34748093622693021 -0.16488175472607464 7172
-0.35073070983512172 -0.15785107937943194 7173
-0.35383824739763708 -0.15075638879090744 7174
-0.3568022886879107 -0.14360056013046116 7175
-0.35962163166519601 -0.13638649537685996 7176
-0.36229513294757432 -0.12911712018638835 7177
-0.36482170832762217 -0.12179538257113366 7178
-0.36720033317415701 -0.11442425179798296 7179
-0.36943004284876602 -0.10700671718871525 7180
-0.37150993311573272 -0.09954578684754696 7181
-0.37343916048667603 -0.092044486514764781 7182
-0.37521694258246652 -0.084505858269310744 7183
-0.3768425584368113 -0.076932959344951521 7184
-0.37831534879295942 -0.069328860876561441 7185
-0.37963471637244289 -0.061696646647946864 7186
-0.38080012611866432 -0.054039411828802141 7187
-0.38181110540795721 -0.046360261754588614 7188
-0.38266724424527399 -0.038662310646605934 7189
-0.38336819543028772 -0.0309486803488997 7190
-0.38391367469820531 -0.02322249905890399 7191
-0.38430346083388012 -0.015486900074880534 7192
-0.38453739576305362 -0.0077450205036665061 7193
-0.28200864926821756 -0.27087298439895285 7194
-0.28740604979750706 -0.26513923602341277 7195
-0.29268689509856155 -0.25929796253895987 7196
-0.29784904354755487 -0.25335153284932982 7197
-0.30289040169091364 -0.24730235846595058 7198
-0.30780892505540014 -0.24115289257139247 7199
-0.31260261894212188 -0.23490562907227946 7200
-0.31726953933574736 -0.22856310145998107 7201
-0.32180779361270873 -0.22212788188214747 7202
-0.32621554128644192 -0.21560258013884906 7203
-0.33049099486004008 -0.20898984247030336 7204
-0.33463242045076458 -0.20229235062802098 7205
-0.33863813852027291 -0.19551282075321347 7206
-0.34250652459197067 -0.18865400221381354 7207
-0.34623600987681202 -0.18171867654137805 7208
-0.34982508190424849 -0.17470965631600874 7209
-0.35327228516406489 -0.16762978397151823 7210
-0.35657622166572539 -0.16048193070243075 7211
-0.35973555152094883 -0.15326899527076343 7212
-0.36274899349939282 -0.14599390279930893 7213
-0.36561532552629877 -0.13865960363314705 7214
-0.36833338516338249 -0.13126907218950024 7215
-0.37090207013309712 -0.12382530561399076 7216
-0.37332033872707338 -0.11633132266128705 7217
-0.37558721022959168 -0.10879016247519756 7218
-0.37770176533434019 -0.10120488329500926 7219
-0.3796631464947986 -0.093578561290013657 7220
-0.38147055829218462 -0.085914289240468247 7221
-0.38312326774410099 -0.078215175334035977 7222
-0.38462060460618391 -0.070484341891172378 7223
-0.38596196164532459 -0.062724924092080539 7224
-0.38714679488731529 -0.054940068692616459 7225
-0.38817462383142881 -0.047132932783832418 7226
-0.38904503164936649 -0.039306682490716512 7227
-0.38975766535412959 -0.031464491688048268 7228
-0.39031223594317821 -0.023609540709885891 7229
-0.39070851851444649 -0.01574501507612858 7230
-0.39094635235910552 -0.0078741041787276003 7231
-0.28663174187916468 -0.27531352512679752 7232
-0.29211762438434408 -0.26948578087624897 7233
-0.29748504091984235 -0.26354874881008405 7234
-0.30273181475324545 -0.25750483666652596 7235
-0.30785581811206908 -0.25135649548997674 7236
-0.31285497300712123 -0.24510621867911497 7237
-0.31772725203952684 -0.23875654102427898 7238
-0.32247067932485135 -0.23231003754948426 7239
-0.32708333121291061 -0.22576932256873566 7240
-0.33156333704522972 -0.21913704866571126 7241
-0.33590888002167391 -0.21241590546161576 7242
-0.34011819783519731 -0.20560861867109956 7243
-0.34418958341404171 -0.19871794896227904 7244
-0.34812138565084971 -0.19174669077469256 7245
-0.35191201003872152 -0.18469767123877476 7246
-0.35555991931250941 -0.17757374904249804 7247
-0.35906363410117531 -0.17037781321695056 7248
-0.36242173349630602 -0.16311278202541915 7249
-0.36563285564423809 -0.15578160175060995 7250
-0.36869569831085369 -0.14838724546814824 7251
-0.37160901938738111 -0.14093271188942644 7252
-0.37437163737917151 -0.13342102419260535 7253
-0.37698243193855369 -0.12585522865684173 7254
-0.37944034427997247 -0.11823839352458566 7255
-0.3817443776104012 -0.11057360776167516 7256
-0.38389359755293267 -0.10286397974246755 7257
-0.38588713250290702 -0.095112636065258965 7258
-0.38772417400188969 -0.087322720211622851 7259
-0.38940397705137858 -0.079497391323118005 7260
-0.39092586041939781 -0.071639822905781317 7261
-0.39228920691819669 -0.063753201536212653 7262
-0.39349346365595811 -0.055840725556429584 7263
-0.39453814225489342 -0.047905603813075404 7264
-0.39542281905345328 -0.039951054334826479 7265
-0.39614713527796669 -0.031980303027196594 7266
-0.39671079718814761 -0.023996582360867512 7267
-0.39711357619501081 -0.016003130077376533 7268
-0.39735530895515631 -0.0080031878537886701 7269
-0.29125483449014167 -0.27975406585467094 7270
-0.29682919897121107 -0.27383232572911242 7271
-0.30228318674115257 -0.26779953508123422 7272
-0.30761458595896518 -0.26165814048374675 7273
-0.31282123453325333 -0.25541063251402646 7274
-0.31790102095887063 -0.24905954478685946 7275
-0.32285188513695984 -0.24260745297629938 7276
-0.32767181931398265 -0.23605697363900707 7277
-0.33235886881313936 -0.22941076325534226 7278
-0.33691113280404372 -0.22267151719259076 7279
-0.34132676518333338 -0.21584196845294465 7280
-0.34560397521965502 -0.20892488671419335 7281
-0.34974102830783532 -0.20192307717135893 7282
-0.35373624670975251 -0.19483937933558473 7283
-0.35758801020065389 -0.18767666593618354 7284
-0.3612947567207927 -0.18043784176899844 7285
-0.36485498303830749 -0.17312584246239293 7286
-0.36826724532690752 -0.16574363334841694 7287
-0.37153015976754761 -0.15829420823046506 7288
-0.37464240312233371 -0.15078058813699513 7289
-0.37760271324848182 -0.14320582014571284 7290
-0.3804098895949779 -0.13557297619571654 7291
-0.38306279374402691 -0.12788515169969814 7292
-0.38556034983288712 -0.12014546438788906 7293
-0.3879015449912252 -0.11235705304815706 7294
-0.39008542977153893 -0.10452307618992956 7295
-0.39211111851102798 -0.096646710840507508 7296
-0.39397778971160652 -0.088731151182780063 7297
-0.39568468635866699 -0.080779607312202212 7298
-0.39723111623262108 -0.072795303920392046 7299
-0.39861645219107739 -0.064781478980346197 7300
-0.39984013242460831 -0.05674138242024377 7301
-0.40090166067836419 -0.048678274842319139 7302
-0.4018006064575454 -0.040595426178936994 7303
-0.40253660520180817 -0.032496114366345169 7304
-0.40310935843312018 -0.024383624011849472 7305
-0.40351863387557718 -0.016261245078624611 7306
-0.40376426555120792 -0.0081322715288498267 7307
-0.29587792710112354 -0.28419460658254914 7308
-0.30154077355808273 -0.27817887058198054 7309
-0.30708133256246745 -0.27205032135238866 7310
-0.31249735716468957 -0.26581144430097164 7311
-0.31778665095444247 -0.25946476953808006 7312
-0.32294706891062464 -0.25301287089460767 7313
-0.32797651823439733 -0.24645836492832326 7314
-0.33287295930311833 -0.23980390972853308 7315
-0.33763440641337245 -0.23305220394195197 7316
-0.34225892856286227 -0.22620598571947326 7317
-0.34674465034499719 -0.21926803144427615 7318
-0.35108975260411712 -0.21224115475728975 7319
-0.35529247320163287 -0.20512820538044094 7320
-0.35935110776865919 -0.19793206789647894 7321
-0.36326401036259032 -0.19065566063359443 7322
-0.36702959412907971 -0.18330193449550075 7323
-0.3706463319754435 -0.17587387170783714 7324
-0.37411275715751252 -0.16837448467141636 7325
-0.37742746389086029 -0.16080681471032143 7326
-0.38058910793381667 -0.15317393080584343 7327
-0.38359640710958581 -0.14547892840200036 7328
-0.38644814181078713 -0.13772492819882884 7329
-0.38914315554950268 -0.12991507474255554 7330
-0.39168035538580431 -0.12205253525119336 7331
-0.3940587123720517 -0.11414049833463966 7332
-0.39627726199014718 -0.10618217263739206 7333
-0.39833510451915111 -0.098180785615756494 7334
-0.40023140542132518 -0.090139582153937692 7335
-0.40196539566595729 -0.082061823301286779 7336
-0.40353637204584608 -0.073950784935003039 7337
-0.40494369746395942 -0.065809756424479948 7338
-0.40618680119325978 -0.057642039284058144 7339
-0.40726517910183652 -0.049450945871563054 7340
-0.40817839386163862 -0.041239798023047704 7341
-0.40892607512565038 -0.033011925705493841 7342
-0.4095079196780933 -0.024770665662831381 7343
-0.40992369155614378 -0.016519360079872772 7344
-0.41017322214725987 -0.0082613552039109209 7345
-0.30050101971207066 -0.28863514731039386 7346
-0.30625234814491986 -0.28252541543481663 7347
-0.31187947838374824 -0.27630110762351273 7348
-0.31738012837038004 -0.26996474811816784 7349
-0.32275206737559803 -0.26351890656210647 7350
-0.32799311686234545 -0.25696619700233003 7351
-0.33310115133180257 -0.25030927688032284 7352
-0.33807409929222254 -0.24355084581803618 7353
-0.34290994401357427 -0.23669364462853995 7354
-0.34760672432165007 -0.22974045424633543 7355
-0.35216253550663112 -0.22269409443558855 7356
-0.35657552998854958 -0.21555742280036835 7357
-0.36084391809540201 -0.20833333358950665 7358
-0.36496596882753818 -0.20102475645735804 7359
-0.36894001052449948 -0.19363465533099106 7360
-0.37276443153734068 -0.18616602722198994 7361
-0.37643768091255397 -0.17862190095326944 7362
-0.37995826898809298 -0.17100533599440465 7363
-0.38332476801414972 -0.16331942119016796 7364
-0.3865358127452776 -0.15556727347468263 7365
-0.38959010097066799 -0.14775203665827974 7366
-0.39248639402657598 -0.13987688020193395 7367
-0.39522351735495931 -0.13194499778540664 7368
-0.39780036093870341 -0.12395960611449194 7369
-0.40021587975286099 -0.11592394362111724 7370
-0.40246909420873972 -0.10784126908485034 7371
-0.40455909052725941 -0.099714860391001858 7372
-0.40648502113103041 -0.091548013125092226 7373
-0.4082461049732351 -0.083344039290368793 7374
-0.40984162785905992 -0.075106265949611964 7375
-0.41127094273683168 -0.066838033868612062 7376
-0.41253346996190238 -0.05854269614787129 7377
-0.41362869752530079 -0.050223616900806005 7378
-0.41455618126572491 -0.041884169867157664 7379
-0.41531554504948748 -0.033527737044642104 7380
-0.41590648092306259 -0.025157707313813078 7381
-0.41632874923670787 -0.016777475081120718 7382
-0.41658217874331038 -0.0083904388789720601 7383
-0.30512411232306347 -0.29307568803828232 7384
-0.31096392273180223 -0.28687196028769457 7385
-0.31667762420507378 -0.28055189389467666 7386
-0.32226289957611498 -0.27411805193540173 7387
-0.32771748379679727 -0.26757304358616846 7388
-0.33303916481410978 -0.26091952311008615 7389
-0.33822578442924994 -0.25416018883235425 7390
-0.34327523928136827 -0.24729778190756946 7391
-0.34818548161381718 -0.24033508531515643 7392
-0.35295452008047795 -0.23327492277322415 7393
-0.3575804206683042 -0.22612015742692596 7394
-0.36206130737302078 -0.21887369084347014 7395
-0.3663953629892085 -0.21153846179859395 7396
-0.37058082988645358 -0.20411744501825715 7397
-0.3746160106864444 -0.19661365002840644 7398
-0.3784992689456359 -0.18903011994849633 7399
-0.38222902984969759 -0.18136993019871733 7400
-0.38580378081870548 -0.17363618731740743 7401
-0.38922207213746962 -0.16583202767002755 7402
-0.39248251755676772 -0.15796061614353374 7403
-0.39558379483177841 -0.15002514491456975 7404
-0.39852464624239159 -0.14202883220504856 7405
-0.40130387916044108 -0.13397492082826595 7406
-0.40392036649162621 -0.12586667697779794 7407
-0.40637304713369282 -0.11770738890760135 7408
-0.40866092642735302 -0.10950036553231425 7409
-0.41078307653538731 -0.10124893516625204 7410
-0.41273863684075318 -0.092956444096250854 7411
-0.41452681428052918 -0.084626255279454179 7412
-0.41614688367228853 -0.076261746964223637 7413
-0.41759818800971688 -0.067866311312746286 7414
-0.41888013873055657 -0.059443353011686025 7415
-0.41999221594877528 -0.05099628793005017 7416
-0.42093396866982002 -0.042528541711268401 7417
-0.42170501497333118 -0.034043548383790881 7418
-0.4223050421680371 -0.025544748964795069 7419
-0.42273380691727558 -0.017035590082368848 7420
-0.42299113533936272 -0.0085195225540331959 7421
-0.30974720493405095 -0.29751622876616607 7422
-0.31567549731867983 -0.29121850514056802 7423
-0.32147577002639455 -0.28480268016583626 7424
-0.32714567078184503 -0.27827135575263146 7425
-0.33268290021799185 -0.27162718061022656 7426
-0.33808521276586928 -0.26487284921783866 7427
-0.34335041752669315 -0.25801110078438233 7428
-0.34847637927050956 -0.25104471799709943 7429
-0.35346101921405554 -0.24397652600176975 7430
-0.35830231583930156 -0.23680939130010994 7431
-0.36299830582997294 -0.22954622041826064 7432
-0.3675470847574876 -0.22218995888656953 7433
-0.37194680788301082 -0.21474359000767884 7434
-0.37619569094536498 -0.20721013357915394 7435
-0.38029201084838499 -0.19959264472581964 7436
-0.3842341063539273 -0.19189421267500076 7437
-0.38802037878683748 -0.18411795944416354 7438
-0.39164929264931447 -0.17626703864040844 7439
-0.3951193762607863 -0.16834463414988565 7440
-0.39842922236825462 -0.16035395881238354 7441
-0.40157748869288579 -0.15229825317085866 7442
-0.40456289845820409 -0.14418078420816194 7443
-0.40738424096592019 -0.13600484387112444 7444
-0.41004037204454657 -0.12777374784110324 7445
-0.4125302145145221 -0.11949083419408464 7446
-0.41485275864596388 -0.11115946197977744 7447
-0.41700706254351289 -0.10278300994150165 7448
-0.41899225255047451 -0.09436487506740901 7449
-0.42080752358782142 -0.085908471268539163 7450
-0.42245213948551552 -0.077417227978834977 7451
-0.42392543328260063 -0.068894588756880343 7452
-0.4252268074992096 -0.060344009875500607 7453
-0.42635573437224839 -0.051768958959294196 7454
-0.42731175607391397 -0.043172913555379118 7455
-0.42809448489717428 -0.034559359722939512 7456
-0.42870360341301078 -0.02593179061577694 7457
-0.42913886459784267 -0.017293705083616957 7458
-0.42940009193541501 -0.0086486062290943664 7459
-0.31437029754497675 -0.30195676949399014 7460
-0.32038707190549565 -0.29556504999338445 7461
-0.32627391584765414 -0.28905346643694163 7462
-0.33202844198751463 -0.28242465956980967 7463
-0.33764831663912676 -0.27568131763423587 7464
-0.34313126071756994 -0.26882617532554526 7465
-0.34847505062407796 -0.26186201273636667 7466
-0.35367751925959373 -0.25479165408658827 7467
-0.35873655681423783 -0.24761796668834435 7468
-0.36365011159807037 -0.24034385982695963 7469
-0.36841619099158807 -0.23297228340956133 7470
-0.37303286214190212 -0.22550622692963715 7471
-0.37749825277676202 -0.21794871821673426 7472
-0.38181055200422692 -0.21030282214002344 7473
-0.38596801101027761 -0.20257163942320744 7474
-0.38996894376217212 -0.19475830540148184 7475
-0.39381172772393241 -0.18686598868958834 7476
-0.39749480447988 -0.17889788996339023 7477
-0.40101668038406141 -0.17085724062972604 7478
-0.40437592717970161 -0.16274730148121724 7479
-0.40757118255395502 -0.15457136142713304 7480
-0.41060115067398067 -0.14633273621126264 7481
-0.41346460277136482 -0.13803476691397146 7482
-0.41616037759743429 -0.12968081870439824 7483
-0.41868738189532101 -0.12127427948055924 7484
-0.4210445908645466 -0.11281855842723315 7485
-0.42323104855161198 -0.10431708471674475 7486
-0.42524586826017091 -0.095773306038561698 7487
-0.42708823289509151 -0.087190687257619623 7488
-0.42875739529872231 -0.078572708993442694 7489
-0.43025267855546651 -0.069922866201011472 7490
-0.43157347626784681 -0.061244666739312975 7491
-0.43271925279570822 -0.052541629988536592 7492
-0.43368954347799682 -0.043817285399488773 7493
-0.43448395482100821 -0.035075171062087587 7494
-0.4351021646579778 -0.026318832266758567 7495
-0.43554392227840522 -0.017551820084864847 7496
-0.43580904853146468 -0.0087776899041554154 7497
-0.31899339015596617 -0.30639731022187544 7498
-0.32509864649237485 -0.29991159484625957 7499
-0.33107206166897646 -0.29330425270810262 7500
-0.33691121319324657 -0.28657796338704083 7501
-0.34261373306032283 -0.27973545465829536 7502
-0.34817730866933083 -0.27277950143329882 7503
-0.35359968372152256 -0.26571292468839586 7504
-0.35887865924873646 -0.25853859017611935 7505
-0.36401209441447785 -0.25125940737495883 7506
-0.36899790735689536 -0.24387832835384635 7507
-0.37383407615325848 -0.23639834640089685 7508
-0.37851863952637055 -0.22882249497273735 7509
-0.38304969767056579 -0.22115384642581984 7510
-0.38742541306313938 -0.21339551070092105 7511
-0.39164401117221992 -0.20555063412062144 7512
-0.39570378117046467 -0.19762239812798693 7513
-0.39960307666107381 -0.18961401793503516 7514
-0.40334031631049022 -0.18152874128639193 7515
-0.40691398450737909 -0.17336984710958464 7516
-0.41032263199118962 -0.16514064415006743 7517
-0.41356487641506329 -0.15684446968342233 7518
-0.41663940288979417 -0.14848468821437635 7519
-0.41954496457684493 -0.14006468995683025 7520
-0.42228038315035549 -0.13158788956770384 7521
-0.42484454927615117 -0.12305772476704284 7522
-0.42723642308315829 -0.11447765487469655 7523
-0.42945503455973849 -0.10585115949199454 7524
-0.43149948396989252 -0.097181737009720007 7525
-0.4333689422023842 -0.088472903246704718 7526
-0.43506265111194981 -0.079728190008054076 7527
-0.43657992382835081 -0.070951143645145598 7528
-0.43792014503650017 -0.062145323603127606 7529
-0.43908277121918199 -0.053314301017780674 7530
-0.44006733088209121 -0.044461657243599517 7531
-0.44087342474485153 -0.035590982401236267 7532
-0.44150072590295192 -0.026705873917740534 7533
-0.44194897995897259 -0.017809935086112994 7534
-0.44221800512751691 -0.0089067735792165512 7535
-0.32361648276695726 -0.31083785094976235 7536
-0.32981022107925556 -0.30425813969913584 7537
-0.33587020749030033 -0.29755503897926516 7538
-0.34179398439897957 -0.29073126720427322 7539
-0.34757914948152063 -0.28378959168235612 7540
-0.35322335662109355 -0.27673282754105377 7541
-0.35872431681896855 -0.26956383664042627 7542
-0.36407979923788086 -0.26228552626565144 7543
-0.36928763201471937 -0.25490084806157415 7544
-0.37434570311572174 -0.24741279688073414 7545
-0.37925196131492983 -0.23982440939223346 7546
-0.38400441691084014 -0.23213876301583836 7547
-0.38860114256437078 -0.22435897463490634 7548
-0.39304027412205361 -0.21648819926181945 7549
-0.39732001133416311 -0.20852962881803594 7550
-0.40143861857875862 -0.20048649085449263 7551
-0.40539442559821609 -0.19236204718048255 7552
-0.40918582814110138 -0.18415959260939405 7553
-0.41281128863069788 -0.17588245358944365 7554
-0.41626933680267858 -0.16753398681891804 7555
-0.41955857027617272 -0.15911757793971196 7556
-0.42267765510560878 -0.15063664021749065 7557
-0.42562532638232581 -0.14209461299968926 7558
-0.4284003887032774 -0.13349496043100956 7559
-0.43100171665698223 -0.12484117005352674 7560
-0.43342825530177098 -0.11613675132216024 7561
-0.43567902056786562 -0.10738523426724454 7562
-0.43775309967961512 -0.09859016798087844 7563
-0.43964965150967772 -0.089755119235789951 7564
-0.44136790692517758 -0.080883671022665707 7565
-0.44290716910123551 -0.07197942108927978 7566
-0.44426681380515398 -0.063045980466942306 7567
-0.44544628964265592 -0.054086972047024798 7568
-0.44644511828618572 -0.045106029087710227 7569
-0.44726289466869518 -0.036106793740385112 7570
-0.44789928714792582 -0.027092915568722505 7571
-0.44835403763953968 -0.018068050087361145 7572
-0.4486269617235692 -0.0090358572542776835 7573
-0.32823957537788284 -0.31527839167758642 7574
-0.33452179566607138 -0.30860468455195222 7575
-0.34066835331155998 -0.30180582525037053 7576
-0.34667675560464933 -0.29488457102145166 7577
-0.35254456590265554 -0.28784372870636565 7578
-0.35826940457279405 -0.28068615364876026 7579
-0.36384894991635358 -0.27341474859241055 7580
-0.36928093922696487 -0.26603246235514022 7581
-0.37456316961490177 -0.25854228874814883 7582
-0.37969349887449066 -0.25094726540758372 7583
-0.38466984647654506 -0.24325047238353414 7584
-0.38949019429525467 -0.23545503105890594 7585
-0.39415258745812237 -0.22756410284396184 7586
-0.39865513518091561 -0.21958088782268895 7587
-0.40299601149605591 -0.21150862351542385 7588
-0.40717345598700339 -0.20335058358097394 7589
-0.41118577453531102 -0.19511007642590725 7590
-0.41503133997166702 -0.18679044393237573 7591
-0.41870859275397271 -0.17839506006928404 7592
-0.42221604161412563 -0.16992732948775174 7593
-0.42555226413724201 -0.16139068619598634 7594
-0.42871590732138509 -0.15278859222059124 7595
-0.43170568818777061 -0.14412453604253625 7596
-0.43452039425616512 -0.13540203129430464 7597
-0.43715888403778108 -0.12662461534000136 7598
-0.43962008752035342 -0.11779584776961584 7599
-0.44190300657596471 -0.10891930904248764 7600
-0.44400671538931158 -0.099998598952031115 7601
-0.4459303608169477 -0.091037335224870397 7602
-0.44767316273838448 -0.082039152037273383 7603
-0.44923441437410128 -0.07300769853341095 7604
-0.45061348257379108 -0.06394663733075466 7605
-0.45180980806611581 -0.054859643076267187 7606
-0.45282290569026851 -0.045750400931819792 7607
-0.45365236459252911 -0.036622605079533098 7608
-0.45429784839289289 -0.027479957219704053 7609
-0.45475909532010239 -0.018326165088609035 7610
-0.45503591831961898 -0.0091649409293388107 7611
-0.33286266798889058 -0.31971893240548926 7612
-0.33923337025296857 -0.31295122940484393 7613
-0.34546649913290034 -0.30605661152154745 7614
-0.35155952681039876 -0.29903787483869787 7615
-0.35750998232386927 -0.29189786573043947 7616
-0.36331545252457248 -0.28463947975652754 7617
-0.36897358301381517 -0.27726566054445245 7618
-0.37448207921612436 -0.26977939844468346 7619
-0.37983870721515783 -0.26218372943477453 7620
-0.38504129463333175 -0.25448173393448126 7621
-0.39008773163823107 -0.24667653537487966 7622
-0.39497597167973825 -0.23877129910201533 7623
-0.39970403235194107 -0.23076923105305613 7624
-0.40426999623984261 -0.22267357638359456 7625
-0.40867201165801209 -0.21448761821284523 7626
-0.41290829339530971 -0.20621467630748574 7627
-0.41697712347246552 -0.19785810567136033 7628
-0.4208768518022899 -0.18942129525538315 7629
-0.42460589687730282 -0.18090766654914783 7630
-0.4281627464256253 -0.17232067215660665 7631
-0.43154595799836137 -0.16366379445227985 7632
-0.43475415953720947 -0.15494054422370895 7633
-0.43778604999326048 -0.14615445908539845 7634
-0.44064039980909597 -0.13730910215761313 7635
-0.44331605141862018 -0.12840806062648755 7636
-0.44581191973897361 -0.11945494421708164 7637
-0.44812699258409883 -0.11045338381773935 7638
-0.4502603310990404 -0.10140702992319105 7639
-0.45221107012424699 -0.092319551213956852 7640
-0.45397841855161769 -0.083194633051885916 7641
-0.45556165964699091 -0.074035975977545881 7642
-0.45696015134244938 -0.064847294194569957 7643
-0.4581733264895933 -0.055632314105511747 7644
-0.45920069309436629 -0.046394772775930904 7645
-0.46004183451637509 -0.037138416418682062 7646
-0.46069640963786879 -0.027866998870686145 7647
-0.46116415300067087 -0.018584280089857245 7648
-0.46144487491567188 -0.009294024604399917 7649
-0.33748576059988478 -0.32415947313337923 7650
-0.34394494483985255 -0.31729777425772326 7651
-0.35026464495422743 -0.31030739779271277 7652
-0.35644229801613514 -0.30319117865593292 7653
-0.36247539874507018 -0.29595200275450262 7654
-0.36836150047633837 -0.28859280586428515 7655
-0.37409821611126448 -0.28111657249648514 7656
-0.37968321920527165 -0.27352633453421776 7657
-0.38511424481540246 -0.26582517012139206 7658
-0.39038909039216113 -0.25801620246137086 7659
-0.39550561679990565 -0.25010259836621795 7660
-0.40046174906421095 -0.24208756714511814 7661
-0.40525547724574895 -0.23397435926214424 7662
-0.40988485729875951 -0.22576626494449434 7663
-0.41434801181995812 -0.21746661291026115 7664
-0.41864313080360599 -0.20907876903399264 7665
-0.42276847240961041 -0.20060613491680884 7666
-0.42672236363290372 -0.19205214657838646 7667
-0.43050320100062378 -0.18342027302900774 7668
-0.43410945123711642 -0.17471401482545815 7669
-0.43753965185947302 -0.16593690270857026 7670
-0.44079241175302591 -0.15709249622682375 7671
-0.44386641179874331 -0.14818438212825816 7672
-0.44676040536201961 -0.13921617302091935 7673
-0.44947321879945262 -0.13019150591297185 7674
-0.45200375195758757 -0.12111404066454565 7675
-0.45435097859222728 -0.11198745859298964 7676
-0.45651394680876412 -0.10281546089434984 7677
-0.45849177943154179 -0.093601767203042363 7678
-0.4602836743648468 -0.084350114066497645 7679
-0.4618889049198765 -0.075064253421680202 7680
-0.46330682011110391 -0.065747951058384768 7681
-0.46453684491306813 -0.056404985134755954 7682
-0.46557848049846151 -0.047039144620041731 7683
-0.46643130444021907 -0.037654227757830873 7684
-0.4670949708828433 -0.028254040521668144 7685
-0.46756921068123858 -0.018842395091105323 7686
-0.46785383151172422 -0.0094231082794610562 7687
-0.34210885321081175 -0.32860001386120463 7688
-0.34865651942666986 -0.32164431911054103 7689
-0.35506279077548836 -0.31455818406381936 7690
-0.36132506922180618 -0.30734448247311252 7691
-0.36744081516620636 -0.30000613977851304 7692
-0.37340754842804014 -0.29254613197199236 7693
-0.37922284920865068 -0.28496748444847042 7694
-0.38488435919435704 -0.27727327062370732 7695
-0.39038978241558597 -0.26946661080796752 7696
-0.39573688615093117 -0.26155067098822127 7697
-0.40092350196152204 -0.25352866135751945 7698
-0.40594752644862653 -0.24540383518818645 7699
-0.41080692213950115 -0.23717948747120016 7700
-0.41549971835762228 -0.22885895350536445 7701
-0.42002401198185157 -0.22044560760764964 7702
-0.42437796821185197 -0.21194286176047433 7703
-0.42855982134670628 -0.20335416416223426 7704
-0.43256787546346992 -0.19468299790136834 7705
-0.43640050512389961 -0.18593287950884865 7706
-0.4400561560485643 -0.17710735749429216 7707
-0.44353334572054298 -0.16821001096484506 7708
-0.446830663968803 -0.15924444822992465 7709
-0.44994677360418872 -0.15021430517110546 7710
-0.45288041091490799 -0.14112324388421466 7711
-0.45563038618025231 -0.13197495119944663 7712
-0.45819558417617079 -0.12277313711200155 7713
-0.4605749646003271 -0.11352153336823284 7714
-0.46276756251846107 -0.10422389186550254 7715
-0.46477248873881227 -0.094883983192122878 7716
-0.4665889301780542 -0.085505595081105432 7717
-0.46821615019274282 -0.0760925308658114 7718
-0.46965348887974151 -0.066648607922197178 7719
-0.47090036333652818 -0.057177656163998385 7720
-0.4719562679025443 -0.047683516464151414 7721
-0.47282077436405312 -0.038170039096978782 7722
-0.47349353212781042 -0.028641082172649702 7723
-0.47397426836180118 -0.019100510092353251 7724
-0.47426278810777422 -0.0095521919545221452 7725
-0.34673194582181488 -0.33304055458910292 7726
-0.35336809401356223 -0.32599086396342836 7727
-0.35986093659682394 -0.31880897033499195 7728
-0.36620784042755106 -0.31149778629035485 7729
-0.37240623158741537 -0.30406027680258302 7730
-0.37845359637981407 -0.29649945807975614 7731
-0.38434748230610766 -0.28881839640050905 7732
-0.39008549918351237 -0.28102020671324746 7733
-0.39566532001583793 -0.27310805149459033 7734
-0.40108468190976815 -0.26508513951511603 7735
-0.40634138712320395 -0.25695472434886246 7736
-0.41143330383310628 -0.24872010323129354 7737
-0.41635836703331608 -0.24038461568029224 7738
-0.42111457941654595 -0.23195164206626803 7739
-0.42570001214380432 -0.22342460230506905 7740
-0.43011280562015469 -0.21480695448698456 7741
-0.43435117028385722 -0.20610219340768565 7742
-0.43841338729408952 -0.19731384922437425 7743
-0.44229780924722661 -0.18844548598871105 7744
-0.44600286086006102 -0.17950070016314584 7745
-0.44952703958165968 -0.17048311922113735 7746
-0.4528689161846246 -0.16139640023304125 7747
-0.45602713540967621 -0.15224422821396663 7748
-0.45900041646783629 -0.14303031474752234 7749
-0.46178755356108908 -0.13375839648593216 7750
-0.46438741639478892 -0.12443223355946664 7751
-0.46679895060845927 -0.11505560814348405 7752
-0.46902117822818817 -0.10563232283666205 7753
-0.4710531980461099 -0.096166199181208986 7754
-0.47289418599128602 -0.086661076095717687 7755
-0.47454339546563101 -0.077120808309946165 7756
-0.47600015764839809 -0.067549264786012309 7757
-0.47726388176000478 -0.057950327193242827 7758
-0.47833405530664119 -0.048327888308262332 7759
-0.47921024428789849 -0.038685850436127697 7760
-0.47989209337278588 -0.029028123823631753 7761
-0.48037932604236949 -0.019358625093601402 7762
-0.48067174470382679 -0.0096812756295832497 7763
-0.35135503843280763 -0.33748109531699172 7764
-0.35807966860044493 -0.33033740881630652 7765
-0.36465908241814987 -0.32305975660615627 7766
-0.37109061163328627 -0.31565109010758885 7767
-0.37737164800861528 -0.30811441382664545 7768
-0.38349964433157868 -0.30045278418751253 7769
-0.38947211540355553 -0.29266930835254062 7770
-0.39528663917265844 -0.28476714280278093 7771
-0.40094085761608117 -0.27674949218120692 7772
-0.40643247766859625 -0.26861960804200496 7773
-0.41175927228487724 -0.26038078734020004 7774
-0.41691908121757748 -0.25203637127439554 7775
-0.42190981192712274 -0.24358974388937973 7776
-0.42672944047546157 -0.23504433062716726 7777
-0.43137601230574912 -0.22640359700248436 7778
-0.43584764302845008 -0.21767104721349095 7779
-0.44014251922100112 -0.20885022265313363 7780
-0.44425889912470218 -0.19994470054737715 7781
-0.44819511337054668 -0.19095809246857073 7782
-0.45194956567155131 -0.18189404283199703 7783
-0.45552073344277028 -0.17275622747742744 7784
-0.45890716840044038 -0.16354835223615585 7785
-0.46210749721515798 -0.15427415125682603 7786
-0.46512042202075948 -0.14493738561082845 7787
-0.46794472094192108 -0.13554184177241635 7788
-0.47057924861340228 -0.12609133000693054 7789
-0.47302293661658701 -0.11658968291873424 7790
-0.47527479393791122 -0.10704075380782074 7791
-0.47733390735340409 -0.097448415170294359 7792
-0.47919944180451451 -0.087816557110329346 7793
-0.48087064073851621 -0.078149085754080388 7794
-0.48234682641705262 -0.068449921649827092 7795
-0.48362740018347922 -0.058722998222487 7796
-0.48471184271073631 -0.048972260152373145 7797
-0.48559971421174231 -0.039201661775276536 7798
-0.48629065461776028 -0.029415165474613751 7799
-0.4867843837229372 -0.019616740094849532 7800
-0.48708070129987913 -0.0098103593046444271 7801
-0.35597813104371978 -0.34192163604480252 7802
-0.36279124318724726 -0.33468395366911047 7803
-0.36945722823939597 -0.32731054287724953 7804
-0.37597338283894238 -0.31980439392475563 7805
-0.38233706442973664 -0.31216855085064404 7806
-0.38854569228326608 -0.30440611029520864 7807
-0.39459674850092774 -0.29652022030451552 7808
-0.40048777916172984 -0.28851407889226066 7809
-0.40621639521625114 -0.28039093286777306 7810
-0.41178027342735274 -0.27215407656884644 7811
-0.41717715744648043 -0.26380685033149304 7812
-0.42240485860198035 -0.25535263931745605 7813
-0.42746125682086278 -0.24679487209842865 7814
-0.43234430153431214 -0.23813701918803065 7815
-0.43705201246763115 -0.22938259169986663 7816
-0.44158248043668452 -0.22053513993996685 7817
-0.44593386815808611 -0.21159825189855364 7818
-0.45010441095525822 -0.20257555187035445 7819
-0.45409241749381241 -0.19347069894840704 7820
-0.45789627048298931 -0.18428738550082704 7821
-0.46151442730383102 -0.17502933573369864 7822
-0.46494542061620853 -0.16570030423925355 7823
-0.46818785902059529 -0.15630407429967055 7824
-0.47124042757363988 -0.14684445647412134 7825
-0.47410188832271311 -0.13732528705888886 7826
-0.47677108083197839 -0.12775042645438445 7827
-0.47924692262468033 -0.11812375769397594 7828
-0.48152840964760252 -0.10844918477897214 7829
-0.48361461666066929 -0.098730631159373819 7830
-0.48550469761771697 -0.088972038124936204 7831
-0.48719788601137831 -0.079177363198210907 7832
-0.48869349518568628 -0.069350578513638961 7833
-0.48999091860693611 -0.059495669251729028 7834
-0.49108963011481632 -0.04961663199648246 7835
-0.49198918413557441 -0.039717473114424397 7836
-0.49268921586272579 -0.029802207125595202 7837
-0.49318944140349869 -0.019874855096097422 7838
-0.49348965789592852 -0.0099394429797055057 7839
-8.3266726846886741e-17 -0.49999999999999989 7840
-2.7755575615628914e-17 -0.25 7841
-0.17318108836944826 -0.18030061184359122 7842
-0.16951524923229044 -0.18375140891354946 7843
-0.16578066453566492 -0.18712768706451033 7844
-0.16197884880875532 -0.19042807707528422 7845
-0.1581113438510279 -0.19365124049595461 7846
-0.15417971809635034 -0.19679587019988493 7847
-0.15018556598484273 -0.19986069090697267 7848
-0.14613050731473559 -0.20284445970234932 7849
-0.14201618658548404 -0.20574596654057886 7850
-0.13784427231954649 -0.2085640347439959 7851
-0.13361645640458553 -0.21129752146648934 7852
-0.12933445340099056 -0.21394531816206458 7853
-0.12499999984283544 -0.21650635103684868 7854
-0.12061485352527404 -0.21897958148895225 7855
-0.11618079282089522 -0.2213640065130468 7856
-0.1116996159170619 -0.22365865913033831 7857
-0.10717314013061574 -0.22586260875705705 7858
-0.1026032011346223 -0.2279749616008922 7859
-0.097991652215425079 -0.22999486102104799 7860
-0.093340363581953148 -0.23192148784963584 7861
-0.088651221521224829 -0.23375406076214961 7862
-0.083926127660980968 -0.23549183658002393 7863
-0.079166998230015162 -0.23713411056035102 7864
-0.074375763261417954 -0.2386802166902014 7865
-0.069554365789768591 -0.24012952796268741 7866
-0.06470476110413409 -0.24148145661821926 7867
-0.059828915917740158 -0.24273545439450739 7868
-0.054928807578617192 -0.24389101274542951 7869
-0.050006423306076603 -0.2449476630387265 7870
-0.045063759340641912 -0.24590497675746367 7871
-0.040102820106868275 -0.24676256567696034 7872
-0.035125617511091001 -0.24752008200237921 7873
-0.030134170007903194 -0.24817721853130434 7874
-0.02513050180941441 -0.24873370877065898 7875
-0.020116642145338759 -0.24918932703628457 7876
-0.015094624336888199 -0.24954388855695958 7877
-0.010066485009648796 -0.24979724954360594 7878
-0.0050342633039552193 -0.24994930724646239 7879
-0.34636217673889652 -0.36060122368718245 7880
-0.33903049846458089 -0.36750281782709893 7881
-0.33156132907132996 -0.37425537412902077 7882
-0.32395769761751064 -0.38085615415056845 7883
-0.31622268770205575 -0.38730248099190917 7884
-0.30835943619270062 -0.3935917403997698 7885
-0.30037113196968546 -0.39972138181394529 7886
-0.29226101462947118 -0.40568891940469864 7887
-0.28403237317096808 -0.41149193308115767 7888
-0.27568854463909293 -0.41712806948799169 7889
-0.26723291280917094 -0.42259504293297867 7890
-0.25866890680198101 -0.42789063632412905 7891
-0.24999999968567088 -0.43301270207369741 7892
-0.24122970705054814 -0.43795916297790449 7893
-0.23236158564179038 -0.4427280130260936 7894
-0.22339923183412377 -0.44731731826067661 7895
-0.21434628026123143 -0.45172521751411399 7896
-0.20520640226924461 -0.45594992320178435 7897
-0.19598330443085019 -0.45998972204209598 7898
-0.18668072716390635 -0.4638429756992718 7899
-0.17730244304244966 -0.46750812152429921 7900
-0.16785225532196205 -0.47098367316004797 7901
-0.15833399646003032 -0.47426822112070205 7902
-0.14875152652283608 -0.47736043338040285 7903
-0.1391087315795371 -0.48025905592537488 7904
-0.12940952220826829 -0.48296291323643864 7905
-0.11965783183548023 -0.48547090878901483 7906
-0.10985761515723438 -0.48778202549085903 7907
-0.10001284661215329 -0.4898953260774529 7908
-0.090127518681283769 -0.49180995351492723 7909
-0.080205640213736606 -0.49352513135392073 7910
-0.070251235022181974 -0.49504016400475859 7911
-0.060268340015806304 -0.49635443706260873 7912
-0.050261003618828765 -0.49746741754131807 7913
-0.040233284290677518 -0.49837865407256915 7914
-0.030189248673776425 -0.49908777711391916 7915
-0.020132970019297675 -0.49959449908721182 7916
-0.010068526607910494 -0.49989861449292483 7917
-2.7755575615628914e-17 -0.25641025641025428 7918
-2.7755575615628914e-17 -0.2628205128205009 7919
-5.5511151231257827e-17 -0.26923076923075512 7920
-5.5511151231257827e-17 -0.27564102564100934 7921
-5.5511151231257827e-17 -0.2820512820512559 7922
-2.7755575615628914e-17 -0.28846153846148948 7923
-5.5511151231257827e-17 -0.29487179487172605 7924
-2.7755575615628914e-17 -0.30128205128194974 7925
-5.5511151231257827e-17 -0.30769230769218442 7926
-5.5511151231257827e-17 -0.31410256410241988 7927
-5.5511151231257827e-17 -0.3205128205126434 7928
-5.5511151231257827e-17 -0.32692307692287936 7929
-5.5511151231257827e-17 -0.33333333333311355 7930
-5.5511151231257827e-17 -0.33974358974334484 7931
-5.5511151231257827e-17 -0.34615384615358963 7932
-5.5511151231257827e-17 -0.35256410256383802 7933
-5.5511151231257827e-17 -0.35897435897404023 7934
-5.5511151231257827e-17 -0.36538461538429234 7935
-5.5511151231257827e-17 -0.3717948717945444 7936
-5.5511151231257827e-17 -0.37820512820476038 7937
-5.5511151231257827e-17 -0.38461538461504624 7938
-5.5511151231257827e-17 -0.39102564102533444 7939
-5.5511151231257827e-17 -0.3974358974355755 7940
-5.5511151231257827e-17 -0.40384615384585915 7941
-5.5511151231257827e-17 -0.41025641025614967 7942
-8.3266726846886741e-17 -0.41666666666639063 7943
-8.3266726846886741e-17 -0.42307692307669664 7944
-5.5511151231257827e-17 -0.42948717948699555 7945
-5.5511151231257827e-17 -0.43589743589720592 7946
-5.5511151231257827e-17 -0.44230769230750716 7947
-8.3266726846886741e-17 -0.44871794871781068 7948
-5.5511151231257827e-17 -0.45512820512802127 7949
-8.3266726846886741e-17 -0.46153846153834832 7950
-5.5511151231257827e-17 -0.4679487179486565 7951
-5.5511151231257827e-17 -0.47435897435886909 7952
-8.3266726846886741e-17 -0.48076923076918943 7953
-8.3266726846886741e-17 -0.48717948717949588 7954
-8.3266726846886741e-17 -0.49358974358968644 7955
-0.0051633469784155839 -0.25635826384252336 7956
-0.010324600009896087 -0.25620230722420922 7957
-0.015481665986551915 -0.25594244980200781 7958
-0.020632453482398561 -0.25557879696028996 7959
-0.025774873650681249 -0.25511149617503304 7960
-0.030906841033746593 -0.2545407369551822 7961
-0.036026274370349512 -0.25386675077166931 7962
-0.041131097545505604 -0.25308981095072697 7963
-0.046219240349376009 -0.2522102325717559 7964
-0.051288639288283422 -0.25122837234741019 7965
-0.056337238542170986 -0.25014462845684926 7966
-0.061362990684861299 -0.24895944040462153 7967
-0.066363857542701285 -0.24767328883919787 7968
-0.071337811066428947 -0.24628669534634476 7969
-0.076282834114274542 -0.24480022224635917 7970
-0.081196921261553548 -0.24321447236958965 7971
-0.086078079652287781 -0.24153008880002341 7972
-0.090924329765358414 -0.23974775462784467 7973
-0.095733706237900229 -0.23786819266629219 7974
-0.10050425868248686 -0.23589216514979183 7975
-0.10523405244576602 -0.23382047343681159 7976
-0.10992116936473369 -0.23165395769954478 7977
-0.11456370863288359 -0.22939349654393593 7978
-0.11915978750861012 -0.22704000668004726 7979
-0.1237075420772038 -0.22459444255277086 7980
-0.12820512804393347 -0.22205779593522881 7981
-0.13265072143691303 -0.21943109555083484 7982
-0.13704251938931811 -0.21671540663229621 7983
-0.14137874084056015 -0.21391183050666193 7984
-0.14565762726716294 -0.21102150414418319 7985
-0.1498774433997285 -0.20804559969471689 7986
-0.15403647793317179 -0.20498532400715111 7987
-0.15813304420138469 -0.20184191815372782 7988
-0.16216548087284893 -0.19861665691892755 7989
-0.1661321526243642 -0.19531084828234258 7990
-0.17003145080581011 -0.19192583288667717 7991
-0.17386179408440039 -0.18846298350107629 7992
-0.17762162909687004 -0.18492370445496539 7993
-0.0052924306528758791 -0.26276722043857703 7994
-0.010582715010143212 -0.26260736490480519 7995
-0.015868707636215132 -0.26234101104704893 7996
-0.021148264819457752 -0.26196826688428848 7997
-0.026419245491947463 -0.26148928357940038 7998
-0.031679512059589257 -0.2609042553790536 7999
-0.036926931229607093 -0.26021341954095317 8000
-0.042159374984142045 -0.25941705622448724 8001
-0.047374721358109065 -0.25851548838604238 8002
-0.052570855270489089 -0.25750908165608832 8003
-0.057745669505723782 -0.25639824416826368 8004
-0.062897065451981191 -0.25518342641473052 8005
-0.068022953981267176 -0.25386512106017156 8006
-0.073121256343087859 -0.2524438627299973 8007
-0.078189904967129492 -0.25092022780251233 8008
-0.083226844293090602 -0.24929483417882387 8009
-0.088230031643593207 -0.24756834102001893 8010
-0.093197438009490499 -0.24574144849353585 8011
-0.098127048893845881 -0.24381489748294485 8012
-0.10301686514954718 -0.24178946927853229 8013
-0.10786490375690827 -0.23966598527272767 8014
-0.1126691985988503 -0.23744530664202967 8015
-0.11742780134870391 -0.23512833395753074 8016
-0.12213878219632357 -0.23271600684704513 8017
-0.1268002306291322 -0.23020930361658706 8018
-0.13141025624503017 -0.22760924083360667 8019
-0.13596698947283431 -0.22491687293960316 8020
-0.14046858237404958 -0.22213329179810126 8021
-0.1449132093615729 -0.21925962626932652 8022
-0.1492990679488406 -0.21629704174778577 8023
-0.15362437948472066 -0.21324673968708327 8024
-0.15788738988150008 -0.21010995710732852 8025
-0.16208637030641845 -0.2068879661075699 8026
-0.16621961789466946 -0.20358207334189984 8027
-0.17028545643997284 -0.20019361948940054 8028
-0.17428223707595483 -0.19672397870884359 8029
-0.17820833893651006 -0.19317455808860284 8030
-0.18206216982429158 -0.18954679706633931 8031
-0.0054215143273361743 -0.26917617703463814 8032
-0.010840830010390462 -0.26901242258540836 8033
-0.016255749285878807 -0.26873957229209722 8034
-0.021664076156517664 -0.26835773680829378 8035
-0.027063617333214246 -0.26786707098377438 8036
-0.032452183085432684 -0.26726777380293132 8037
-0.037827588088865577 -0.26656008831024303 8038
-0.043187652422779374 -0.26574430149825384 8039
-0.048530202366843217 -0.26482074420033469 8040
-0.053853071252695742 -0.26378979096477201 8041
-0.059154100469277743 -0.26265185987968337 8042
-0.064431140219102415 -0.26140741242484467 8043
-0.069682050419834343 -0.26005695328115014 8044
-0.074904701619748215 -0.25860103011365465 8045
-0.080096975819985997 -0.25704023335867016 8046
-0.085256767324629071 -0.25537519598806241 8047
-0.090381983634899896 -0.25360659324001827 8048
-0.095470546253624042 -0.25173514235923089 8049
-0.10052039154979296 -0.24976160229960118 8050
-0.10552947161660893 -0.24768677340727607 8051
-0.11049575506805201 -0.24551149710864706 8052
-0.11541722783296819 -0.24323665558451746 8053
-0.12029189406452562 -0.24086317137112834 8054
-0.12511777688403852 -0.23839200701404556 8055
-0.12989291918106188 -0.23582416468040573 8056
-0.13461538444612811 -0.23316068573198684 8057
-0.13928325750875675 -0.23040265032837343 8058
-0.14389464535878221 -0.2275511769639082 8059
-0.14844767788258653 -0.22460742203199258 8060
-0.15294050863051936 -0.22157257935138983 8061
-0.15737131556971351 -0.21844787967945078 8062
-0.16173830182982907 -0.21523459020750693 8063
-0.16603969641145291 -0.21193401406141282 8064
-0.17027375491649041 -0.20854748976487272 8065
-0.17443876025558172 -0.20507639069645886 8066
-0.17853302334609994 -0.20152212453101037 8067
-0.18255488378862 -0.1978861326761297 8068
-0.18650271055171319 -0.19416988967771337 8069
-0.0055505980017964696 -0.27558513363069903 8070
-0.011098945010637851 -0.27541748026601154 8071
-0.016642790935542523 -0.27513813353714545 8072
-0.02217988749357741 -0.27474720673229924 8073
-0.027707989174481126 -0.27424485838814833 8074
-0.033224854111276167 -0.27363129222680904 8075
-0.038728244948124005 -0.27290675707953316 8076
-0.0442159298614168 -0.27207154677202039 8077
-0.04968568337557723 -0.27112600001462706 8078
-0.055135287234902616 -0.27007050027345575 8079
-0.06056253143283169 -0.26890547559110323 8080
-0.065965214986223555 -0.26763139843495876 8081
-0.071341146858401525 -0.26624878550212872 8082
-0.076688146896408557 -0.26475819749731205 8083
-0.082004046672842487 -0.26316023891482787 8084
-0.087286690356167471 -0.26145555779730095 8085
-0.09253393562620664 -0.25964484546001776 8086
-0.097743654497757584 -0.25772883622492593 8087
-0.1029137342057402 -0.25570830711625753 8088
-0.10804207808367071 -0.25358407753601997 8089
-0.11312660637919585 -0.25135700894456658 8090
-0.11816525706708614 -0.24902800452700516 8091
-0.12315598678034727 -0.24659800878472596 8092
-0.12809677157175334 -0.24406800718104601 8093
-0.13298560773299162 -0.24143902574422427 8094
-0.13782051264722611 -0.23871213063036689 8095
-0.14259952554467925 -0.23588842771714369 8096
-0.14732070834351485 -0.23296906212971513 8097
-0.1519821464036003 -0.22995521779465872 8098
-0.15658194931219829 -0.22684811695499424 8099
-0.16111825165470645 -0.2236490196718183 8100
-0.16558921377815819 -0.22035922330768543 8101
-0.16999302251648732 -0.2169800620152558 8102
-0.1743278919383115 -0.21351290618784574 8103
-0.17859206407119071 -0.20995916190351727 8104
-0.18278380961624513 -0.20632027035317718 8105
-0.18690142864072987 -0.20259770726365642 8106
-0.190943251279135 -0.19879298228908757 8107
-0.0056796816762567648 -0.28199409022675259 8108
-0.011357060010884823 -0.28182253794660755 8109
-0.017029832585205684 -0.28153669478218668 8110
-0.022695698830636657 -0.28113667665629771 8111
-0.028352361015747368 -0.28062264579251572 8112
-0.033997525137118845 -0.27999481065068049 8113
-0.039628901807381697 -0.27925342584881685 8114
-0.045244207300053157 -0.27839879204578094 8115
-0.050841164384310356 -0.27743125582891365 8116
-0.056417503217108214 -0.27635120958213388 8117
-0.061970962396384541 -0.27515909130251753 8118
-0.067499289753343503 -0.2738553844450678 8119
-0.073000243296967374 -0.27244061772310241 8120
-0.078471592173067567 -0.27091536488096463 8121
-0.083911117525697548 -0.26928024447098109 8122
-0.089316613387704497 -0.26753591960653528 8123
-0.094685887617512121 -0.26568309768001319 8124
-0.10001676274188961 -0.26372253009061719 8125
-0.10530707686168578 -0.26165501193291008 8126
-0.110554684550731 -0.25948138166476031 8127
-0.11575745769033816 -0.25720252078048272 8128
-0.12091328630120265 -0.25481935346948997 8129
-0.12602007949616761 -0.25233284619832086 8130
-0.13107576625946685 -0.24974400734804389 8131
-0.13607829628492013 -0.24705388680804055 8132
-0.14102564084832281 -0.24426357552874478 8133
-0.14591579358060058 -0.24137420510591218 8134
-0.15074677132824635 -0.23838694729552024 8135
-0.15551661492461283 -0.23530301355732305 8136
-0.160223389993876 -0.23212365455859679 8137
-0.16486518773969858 -0.2288501596641847 8138
-0.16944012572648648 -0.22548385640786284 8139
-0.173946348621521 -0.22202610996909777 8140
-0.17838202896013183 -0.21847832261081793 8141
-0.18274536788679924 -0.21484193311057515 8142
-0.18703459588638988 -0.21111841617534352 8143
-0.19124797349283956 -0.20730928185118297 8144
-0.19538379200655662 -0.20341607490046149 8145
-0.0058087653507166159 -0.2884030468227935 8146
-0.011615175011131351 -0.28822759562719125 8147
-0.01741687423486829 -0.28793525602721592 8148
-0.023211510167695015 -0.28752614658028464 8149
-0.028996732857012375 -0.28700043319687185 8150
-0.034770196162960176 -0.28635832907454084 8151
-0.040529558666637849 -0.28560009461809011 8152
-0.046272484738687961 -0.28472603731953128 8153
-0.051996645393041607 -0.28373651164319014 8154
-0.057699719199311911 -0.28263191889080252 8155
-0.063379393359935143 -0.28141270701392301 8156
-0.069033364520461188 -0.2800793704551679 8157
-0.074659339735530933 -0.27863244994406755 8158
-0.080255037449724176 -0.27707253226460926 8159
-0.085818188378550389 -0.27540025002712676 8160
-0.091346536419239066 -0.27361628141576233 8161
-0.096837839608814952 -0.27172134990000163 8162
-0.10228987098601931 -0.2697162239563019 8163
-0.10770041951762896 -0.26760171674955663 8164
-0.11306729101778881 -0.26537868579349505 8165
-0.11838830900147808 -0.26304803261639353 8166
-0.1236613155353167 -0.2606107024119696 8167
-0.1288841722119855 -0.25806768361191085 8168
-0.13405476094717811 -0.25542000751503746 8169
-0.13917098483684623 -0.25266874787185256 8170
-0.14423076904941737 -0.24981502042711898 8171
-0.14923206161651986 -0.24685998249467705 8172
-0.15417283431297588 -0.24380483246132223 8173
-0.15905108344562366 -0.24065080931998481 8174
-0.16386483067555208 -0.2373991921621971 8175
-0.16861212382468899 -0.23405129965654875 8176
-0.1732910376748133 -0.23060848950803839 8177
-0.17789967472655349 -0.22707215792293825 8178
-0.18243616598195134 -0.22344373903378892 8179
-0.18689867170240676 -0.21972470431763186 8180
-0.19128538215653407 -0.21591656199750922 8181
-0.19559451834494884 -0.21202085643870916 8182
-0.1998243327339779 -0.20803916751183518 8183
-0.0059378490251766336 -0.29481200341883729 8184
-0.011873290011378018 -0.29463265330777766 8185
-0.01780391588453098 -0.29433381727224783 8186
-0.023727321504753568 -0.29391561650427417 8187
-0.029641104698277632 -0.29337822060123042 8188
-0.035542867188801786 -0.2927218474984038 8189
-0.041430215525894293 -0.2919467633873658 8190
-0.047300762177323055 -0.29105328259328389 8191
-0.05315212640177322 -0.29004176745746918 8192
-0.058981935181516093 -0.28891262819947339 8193
-0.064787824323486343 -0.28766632272533021 8194
-0.070567439287579539 -0.28630335646527022 8195
-0.076318436174095089 -0.28482428216503491 8196
-0.082038482726381493 -0.28322969964825562 8197
-0.087725259231403577 -0.28152025558327409 8198
-0.093376459450774232 -0.27969664322499094 8199
-0.09898979160011831 -0.27775960211999168 8200
-0.1045629792301495 -0.275709917821988 8201
-0.11009376217357265 -0.27354842156620446 8202
-0.1155798974848472 -0.2712759899222309 8203
-0.12101916031261835 -0.2688935444523054 8204
-0.12640934476943139 -0.26640205135445044 8205
-0.13174826492780389 -0.26380252102550189 8206
-0.13703375563488979 -0.26109600768203178 8207
-0.14226367338877288 -0.25828360893566565 8208
-0.14743589725051232 -0.2553664653254939 8209
-0.15254832965243942 -0.2523457598834426 8210
-0.15759889729770574 -0.24922271762712481 8211
-0.16258555196663488 -0.24599860508264715 8212
-0.16750627135722862 -0.2426747297657979 8213
-0.17235905990967976 -0.23925243964891338 8214
-0.17714194962314037 -0.23573312260821416 8215
-0.18185300083158612 -0.23211820587677892 8216
-0.18649030300377092 -0.22840915545676016 8217
-0.19105197551801442 -0.22460747552468882 8218
-0.19553616842667826 -0.220714707819675 8219
-0.19994106319705815 -0.21673243102623527 8220
-0.20426487346139935 -0.21266226012320902 8221
-0.006066932699636457 -0.30122096001486853 8222
-0.012131405011624213 -0.3010377109883518 8223
-0.01819095753419292 -0.30073237851726775 8224
-0.024243132841811177 -0.30030508642825204 8225
-0.030285476539541778 -0.29975600800557778 8226
-0.036315538214642173 -0.29908536592225587 8227
-0.042330872385149237 -0.2982934321566309 8228
-0.048329039615956554 -0.29738052786702629 8229
-0.054307607410503084 -0.29634702327173823 8230
-0.060264151163718221 -0.2951933375081347 8231
-0.066196255287035433 -0.29391993843672848 8232
-0.072101514054695698 -0.29252734247536372 8233
-0.077977532612657011 -0.29101611438599378 8234
-0.083821928003036256 -0.28938686703189409 8235
-0.089632330084254391 -0.28764026113941377 8236
-0.095406382482306956 -0.28577700503421233 8237
-0.10114174359141936 -0.28379785433997495 8238
-0.10683608747427714 -0.28170361168766755 8239
-0.11248710482951386 -0.27949512638284618 8240
-0.11809250395190309 -0.27717329405096103 8241
-0.12365001162375626 -0.27473905628821182 8242
-0.1291573740035436 -0.27219340029692607 8243
-0.13461235764362012 -0.26953735843908833 8244
-0.14001275032259913 -0.26677200784902177 8245
-0.14535636194069726 -0.26389846999947458 8246
-0.15064102545160521 -0.26091791022386523 8247
-0.155864597688357 -0.25783153727220487 8248
-0.16102496028243382 -0.2546406027929245 8249
-0.16612002048764418 -0.25134640084530663 8250
-0.17114771203890328 -0.24795026736939624 8251
-0.17610599599466917 -0.24445357964127593 8252
-0.18099286157146613 -0.2408577557083883 8253
-0.18580632693661769 -0.23716425383061823 8254
-0.19054444002558943 -0.23337457187972993 8255
-0.1952052793336215 -0.2294902467317449 8256
-0.19978695469682178 -0.22551285364183998 8257
-0.20428760804916699 -0.22144400561376087 8258
-0.20870541418882044 -0.21728535273458244 8259
-0.0061960163740963081 -0.30762991661091049 8260
-0.012389520011870742 -0.30744276866893661 8261
-0.018577999183855526 -0.30713093976229811 8262
-0.024758944178869535 -0.30669455635223997 8263
-0.030929848380807007 -0.30613379540993491 8264
-0.037088209240483699 -0.30544888434611717 8265
-0.043231529244405431 -0.3046401009259051 8266
-0.049357317054591454 -0.30370777314077757 8267
-0.055463088419234571 -0.30265227908601583 8268
-0.061546367145922126 -0.30147404681680434 8269
-0.06760468625058616 -0.30017355414813462 8270
-0.073635588821813536 -0.29875132848546471 8271
-0.079636629051220681 -0.29720794660695965 8272
-0.085605373279693198 -0.29554403441553945 8273
-0.091539400937107329 -0.2937602666955601 8274
-0.097436305513841762 -0.29185736684343999 8275
-0.10329369558272244 -0.28983610655996406 8276
-0.10910919571840696 -0.28769730555335282 8277
-0.11488044748545718 -0.28544183119949323 8278
-0.1206051104189612 -0.28307059817969604 8279
-0.12628086293489632 -0.28058456812412302 8280
-0.13190540323765793 -0.2779847492394063 8281
-0.13747645035943826 -0.27527219585267892 8282
-0.14299174501031062 -0.27244800801601565 8283
-0.14844905049262364 -0.26951333106328706 8284
-0.15384615365270005 -0.26646935512223979 8285
-0.15918086572427639 -0.26331731466097003 8286
-0.1644510232671636 -0.26005848795872671 8287
-0.16965448900865518 -0.25669419660796855 8288
-0.17478915272057965 -0.25322580497299679 8289
-0.17985293207965974 -0.24965471963364014 8290
-0.18484377351979309 -0.24598238880856399 8291
-0.18975965304165024 -0.24221030178445879 8292
-0.19459857704740888 -0.23833998830270109 8293
-0.19935858314922925 -0.23437301793880186 8294
-0.20403774096696595 -0.23031099946400563 8295
-0.20863415290127624 -0.22615558020128693 8296
-0.21314595491624186 -0.22190844534595616 8297
-0.006325100048556298 -0.31403887320695323 8298
-0.012647635012117381 -0.31384782634952191 8299
-0.018965040833518104 -0.31352950100732901 8300
-0.025274755515928005 -0.31308402627622844 8301
-0.031574220222072152 -0.31251158281429259 8302
-0.037860880266325198 -0.31181240276997912 8303
-0.044132186103661819 -0.3109867696951798 8304
-0.050385594493226354 -0.3100350184145293 8305
-0.056618569427966003 -0.30895753490029376 8306
-0.062828583128126114 -0.30775475612547432 8307
-0.069013117214137221 -0.3064271698595411 8308
-0.075169663588931665 -0.3049753144955662 8309
-0.081295725489784629 -0.30339977882792624 8310
-0.087388818556350167 -0.30170120179918503 8311
-0.093446471789960364 -0.29988027225170683 8312
-0.099466228545376664 -0.29793772865266799 8313
-0.10544564757402569 -0.29587435877995349 8314
-0.11138230396253702 -0.29369099941903842 8315
-0.11727379014140063 -0.29138853601614045 8316
-0.12311771688601934 -0.2889679023084315 8317
-0.12891171424603648 -0.2864300799600345 8318
-0.13465343247177233 -0.28377609818188665 8319
-0.14034054307525645 -0.28100703326626952 8320
-0.14597073969802193 -0.27812400818300959 8321
-0.15154173904455009 -0.27512819212709977 8322
-0.15705128185379491 -0.27202080002061441 8323
-0.16249713376019587 -0.2688030920497354 8324
-0.16787708625189332 -0.2654763731245291 8325
-0.17318895752966609 -0.26204199237063058 8326
-0.17843059340225587 -0.25850134257659729 8327
-0.18359986816465043 -0.2548558596260046 8328
-0.18869468546812013 -0.25110702190873974 8329
-0.19371297914668287 -0.24725634973829946 8330
-0.19865271406922849 -0.24330540472567222 8331
-0.20351188696483685 -0.23925578914585865 8332
-0.20828852723711014 -0.23510914528617141 8333
-0.21298069775338549 -0.23086715478881306 8334
-0.21758649564366322 -0.22653153795732991 8335
-0.0064541837230161492 -0.32044782980298442 8336
-0.012905750012363548 -0.32025288403009622 8337
-0.019352082483180072 -0.31992806225234904 8338
-0.025790566852985558 -0.31947349620020637 8339
-0.032218592063336271 -0.31888937021864 8340
-0.038633551292165447 -0.3181759211938312 8341
-0.045032842962916764 -0.31733343846444495 8342
-0.051413871931859895 -0.31636226368827181 8343
-0.05777405043669584 -0.31526279071456298 8344
-0.064110799110328243 -0.31403546543413563 8345
-0.0704215481776862 -0.31268078557093926 8346
-0.076703738356047726 -0.31119930050565958 8347
-0.082954821928346523 -0.30959161104888505 8348
-0.089172263833005 -0.30785836918282361 8349
-0.095353542642811151 -0.30600027780784644 8350
-0.10149615157690936 -0.30401809046188943 8351
-0.10759759956532673 -0.30191261099993671 8352
-0.11365541220666464 -0.29968469328471803 8353
-0.11966713279734199 -0.29733524083278229 8354
-0.12563032335307533 -0.29486520643716174 8355
-0.13154256555717453 -0.29227559179594098 8356
-0.13740146170588446 -0.28956744712436222 8357
-0.14320463579107251 -0.2867418706798559 8358
-0.14894973438573142 -0.28380000834999963 8359
-0.15463442759647453 -0.28074305319090875 8360
-0.16025641005488778 -0.27757224491898563 8361
-0.16581340179611356 -0.27428886943849767 8362
-0.17130314923662143 -0.27089425829032876 8363
-0.17672342605067554 -0.26738978813329012 8364
-0.18207203408393058 -0.26377688018019568 8365
-0.18734680424963976 -0.2600569996183672 8366
-0.19254559741644589 -0.25623165500891387 8367
-0.19766630525171444 -0.25230239769213869 8368
-0.20270685109104702 -0.2482708211486421 8369
-0.20766519078044388 -0.2441385603529147 8370
-0.21253931350725383 -0.23990729110833653 8371
-0.21732724260549449 -0.23557872937633884 8372
-0.22202703637108434 -0.23115463056870347 8373
-0.0065832673974761391 -0.32685678639902771 8374
-0.013163865012610132 -0.32665794171068208 8375
-0.019739124132842817 -0.3263266234973804 8376
-0.026306378190044055 -0.32586296612419541 8377
-0.032862963904601472 -0.32526715762299813 8378
-0.039406222318007084 -0.32453943961769366 8379
-0.045933499822173207 -0.32368010723372004 8380
-0.052442149370494878 -0.32268950896202392 8381
-0.058929531445427369 -0.32156804652884136 8382
-0.065393015092532425 -0.32031617474280605 8383
-0.071829979141237357 -0.3189344012823464 8384
-0.078237813123165953 -0.31742328651576152 8385
-0.084613918366910526 -0.31578344326985197 8386
-0.09095570910966215 -0.31401553656646958 8387
-0.097260613495664408 -0.31212028336399344 8388
-0.10352607460844442 -0.31009845227111771 8389
-0.10974955155663001 -0.30795086321992649 8390
-0.11592852045079478 -0.30567838715040391 8391
-0.12206047545328554 -0.30328194564942984 8392
-0.12814292982013353 -0.30076251056589731 8393
-0.13417341686831485 -0.29812110363185279 8394
-0.14014949093999921 -0.29535879606684307 8395
-0.14606872850689095 -0.29247670809344689 8396
-0.15192872907344301 -0.28947600851699395 8397
-0.15772711614840107 -0.28635791425472157 8398
-0.16346153825598264 -0.28312368981736047 8399
-0.16912966983203315 -0.27977464682726311 8400
-0.17472921222135118 -0.2763121434561312 8401
-0.18025789457168667 -0.27273758389595232 8402
-0.18571347476560707 -0.2690524177837964 8403
-0.19109374033463053 -0.26525813961073169 8404
-0.19639650936477299 -0.26135628810908967 8405
-0.20161963135674707 -0.25734844564597942 8406
-0.20676098811286664 -0.2532362375716134 8407
-0.21181849459605159 -0.24902133155997166 8408
-0.21679009977739805 -0.24470543693050223 8409
-0.22167378745760372 -0.240290303963865 8410
-0.22646757709850568 -0.23577772318007711 8411
-0.0067123510719360735 -0.333265742995069 8412
-0.013421980012856632 -0.33306299939126627 8413
-0.020126165782505256 -0.33272518474241031 8414
-0.026822189527102441 -0.33225243604818289 8415
-0.033507335745866618 -0.33164494502735481 8416
-0.040178893343848471 -0.33090295804155456 8417
-0.04683415668142929 -0.33002677600299379 8418
-0.053470426809129751 -0.32901675423577476 8419
-0.060085012454158787 -0.32787330234311862 8420
-0.066675231074736052 -0.32659688405147513 8421
-0.073238410104788182 -0.3251880169937521 8422
-0.079771887890283777 -0.32364727252586217 8423
-0.08627301480547421 -0.32197527549081745 8424
-0.092739154386318856 -0.3201727039501146 8425
-0.099167684348517152 -0.31824028892013945 8426
-0.10555599763997921 -0.31617881408034521 8427
-0.111901503547933 -0.31398911543991515 8428
-0.11820162869492455 -0.31167208101608895 8429
-0.12445381810922879 -0.30922865046607656 8430
-0.13065553628719151 -0.30665981469463216 8431
-0.13680426817945479 -0.30396661546776377 8432
-0.14289752017411322 -0.30115014500932286 8433
-0.14893282122270884 -0.2982115455070371 8434
-0.15490772376115436 -0.29515200868398761 8435
-0.16081980470032731 -0.29197277531853394 8436
-0.16666666645707737 -0.2886751347157348 8437
-0.17244593786795243 -0.28526042421602815 8438
-0.1781552752060809 -0.28173002862193336 8439
-0.18379236309269756 -0.27808537965861413 8440
-0.18935491544728314 -0.27432795538739668 8441
-0.19484067641962102 -0.27045927960309585 8442
-0.20024742131309994 -0.26648092120926536 8443
-0.20557295746177956 -0.26239449359981992 8444
-0.21081512513468603 -0.25820165399458428 8445
-0.21597179841165917 -0.25390410276702846 8446
-0.22104088604754224 -0.24950358275266793 8447
-0.22602033230971297 -0.24500187855139105 8448
-0.23090811782592718 -0.24040081579145106 8449
-0.0068414347463959524 -0.33967469959110774 8450
-0.013680095013103188 -0.33946805707184768 8451
-0.020513207432167807 -0.33912374598743722 8452
-0.027338000864160578 -0.33864190597216759 8453
-0.034151707587131402 -0.33802273243170888 8454
-0.040951564369689636 -0.33726647646541302 8455
-0.047734813540685123 -0.33637344477226505 8456
-0.054498704247764179 -0.33534399950952321 8457
-0.061240493462889622 -0.3341785581573935 8458
-0.06795744705693943 -0.33287759336014211 8459
-0.074646841068338521 -0.33144163270515575 8460
-0.081305962657401129 -0.32987125853596083 8461
-0.087932111244037534 -0.32816710771178137 8462
-0.094522599662975146 -0.32632987133375774 8463
-0.10107475520136944 -0.32436029447628367 8464
-0.10758592067151318 -0.32225917588957087 8465
-0.11405345553923553 -0.32002736765990253 8466
-0.12047473693905358 -0.31766577488177239 8467
-0.12684716076517158 -0.31517535528272211 8468
-0.13316814275424882 -0.31255711882336573 8469
-0.13943511949059412 -0.30981212730367341 8470
-0.14564554940822697 -0.30694149395180159 8471
-0.15179691393852635 -0.30394638292062631 8472
-0.15788671844886509 -0.30082800885098021 8473
-0.16391249325225316 -0.29758763638234531 8474
-0.16987179465817137 -0.29422657961410825 8475
-0.17576220590387126 -0.29074620160479248 8476
-0.1815813381908101 -0.2871479137877348 8477
-0.18732683161370803 -0.28343317542127533 8478
-0.19299635612895893 -0.27960349299099652 8479
-0.19858761250461127 -0.27566041959545956 8480
-0.20409833326142665 -0.27160555430944061 8481
-0.2095262835668118 -0.26744054155366009 8482
-0.2148692621565052 -0.26316707041755494 8483
-0.22012510222726678 -0.25878687397408523 8484
-0.2252916723176861 -0.25430172857483335 8485
-0.23036687716182214 -0.24971345313891705 8486
-0.23534865855334849 -0.24502390840282473 8487
-0.0069705184208560811 -0.34608365618715953 8488
-0.013938210013350077 -0.34587311475244198 8489
-0.02090024908183083 -0.34552230723247668 8490
-0.027853812201219852 -0.34503137589616462 8491
-0.034796079428397464 -0.34440051983607467 8492
-0.041724235395531994 -0.34362999488928292 8493
-0.048635470399942538 -0.34272011354154752 8494
-0.055526981686400356 -0.34167124478328226 8495
-0.062395974471622428 -0.34048381397167859 8496
-0.069239663039144861 -0.33915830266881902 8497
-0.076055272031890914 -0.33769524841656889 8498
-0.082840037424520757 -0.33609524454606865 8499
-0.08959120768260298 -0.33435893993275401 8500
-0.096306044939633711 -0.33248703871740926 8501
-0.10298182605422418 -0.33048030003243611 8502
-0.10961584370305011 -0.3283395376988042 8503
-0.11620540753054054 -0.32606561987989691 8504
-0.12274784518318542 -0.32365946874746276 8505
-0.12924050342111679 -0.32112206009937377 8506
-0.13568074922130879 -0.31845442295210535 8507
-0.14206597080173622 -0.31565763913958894 8508
-0.14839357864234304 -0.3127328428942856 8509
-0.1546610066543464 -0.30968122033422052 8510
-0.16086571313657833 -0.30650400901797747 8511
-0.16700518180418111 -0.3032024974461609 8512
-0.17307692285926785 -0.2997780245124857 8513
-0.17907847393979212 -0.29623197899356013 8514
-0.18500740117554113 -0.2925657989535394 8515
-0.19086130013472033 -0.28878097118393936 8516
-0.19663779681063653 -0.28487903059459896 8517
-0.20233454858960304 -0.2808615595878256 8518
-0.2079492452097545 -0.27673018740961758 8519
-0.21347960967184534 -0.27248658950750182 8520
-0.21892339917832548 -0.26813248684052698 8521
-0.22427840604287494 -0.26366964518114266 8522
-0.22954245858783076 -0.25909987439699961 8523
-0.23471342201393167 -0.25442502772644349 8524
-0.23978919928076997 -0.24964700101419854 8525
-0.0070996020953164041 -0.35249261278321486 8526
-0.014196325013597216 -0.3522781724330396 8527
-0.021287290731494185 -0.35192086847751969 8528
-0.028369623538279043 -0.35142084582016458 8529
-0.035440451269663747 -0.35077830724044345 8530
-0.042496906421374991 -0.34999351331315581 8531
-0.049536127259200396 -0.34906678231083277 8532
-0.056555259125036922 -0.34799849005704414 8533
-0.063551455480355706 -0.34678906978596646 8534
-0.07052187902135082 -0.34543901197749843 8535
-0.077463702995444028 -0.34394886412798453 8536
-0.084374112191640843 -0.34231923055617886 8537
-0.091250304121169162 -0.3405507721537287 8538
-0.098089490216293054 -0.33864420610106305 8539
-0.10488889690707955 -0.33660030558859022 8540
-0.11164576673458743 -0.33441989950803941 8541
-0.11835735952184627 -0.33210387209989339 8542
-0.12502095342731767 -0.32965316261315469 8543
-0.13163384607706274 -0.32706876491602732 8544
-0.13819335568836943 -0.32435172708084659 8545
-0.14469682211287871 -0.32150315097550575 8546
-0.15114160787645989 -0.31852419183677105 8547
-0.15752509937016701 -0.31541605774781589 8548
-0.16384470782429206 -0.3121800091849759 8549
-0.17009787035610996 -0.30881735850997777 8550
-0.17628205106036487 -0.30532946941086403 8551
-0.18239474197571379 -0.30171775638232901 8552
-0.18843346416027307 -0.297983684119345 8553
-0.19439576865573338 -0.29412876694660434 8554
-0.20027923749231447 -0.29015456819820196 8555
-0.20608148467459533 -0.28606269958019226 8556
-0.21180015715808304 -0.28185482050979527 8557
-0.21743293577687919 -0.2775326374613441 8558
-0.22297753620014613 -0.27309790326349942 8559
-0.22843170985848363 -0.26855241638820071 8560
-0.2337932448579757 -0.26389802021916614 8561
-0.23905996686604133 -0.25913660231396995 8562
-0.24422974000819159 -0.25427009362557257 8563
-0.0072286857697756168 -0.35890156937922513 8564
-0.014454440013842551 -0.35868323011359349 8565
-0.021674332381154987 -0.35831942972251996 8566
-0.028885434875335209 -0.35781031574412342 8567
-0.036084823110926062 -0.35715609464477227 8568
-0.043269577447213076 -0.35635703173698979 8569
-0.050436784118452871 -0.35541345108008049 8570
-0.057583536563667714 -0.35432573533076994 8571
-0.064706936489082739 -0.35309432560021942 8572
-0.071804095003549784 -0.35171972128614415 8573
-0.07887213395898976 -0.35020247983936781 8574
-0.085908186958753546 -0.34854321656625786 8575
-0.092909400559727406 -0.34674260437467386 8576
-0.099872935492944098 -0.34480137348468803 8577
-0.10679596775992643 -0.34272031114471724 8578
-0.113675689766116 -0.34050026131724881 8579
-0.12050931151314306 -0.33814212431986512 8580
-0.12729406167144153 -0.33564685647882359 8581
-0.13402718873299993 -0.33301546973265883 8582
-0.14070596215542125 -0.33024903120956706 8583
-0.14732767342401265 -0.32734866281140329 8584
-0.15388963711056813 -0.32431554077923841 8585
-0.16038919208597915 -0.32115089516139439 8586
-0.16682370251199768 -0.31785600935195862 8587
-0.1731905589080307 -0.31443221957378004 8588
-0.17948717926145419 -0.31088091430922915 8589
-0.18571101001162796 -0.30720353377108556 8590
-0.19185952714499768 -0.30340156928513939 8591
-0.19793023717673969 -0.29947656270925932 8592
-0.20392067817398651 -0.29543010580179629 8593
-0.20982842075958205 -0.29126383957255114 8594
-0.21565106910640652 -0.2869794536099663 8595
-0.22138626188190857 -0.28257868541518061 8596
-0.22703167322196291 -0.27806331968646714 8597
-0.23258501367408904 -0.27343518759525509 8598
-0.23804403112811806 -0.26869616604132995 8599
-0.24340651171814953 -0.26384817690149487 8600
-0.24867028073561245 -0.25889318623694568 8601
-0.0073577694442359676 -0.36531052597528413 8602
-0.014712555014089801 -0.36508828779419472 8603
-0.022061374030818565 -0.36471799096756624 8604
-0.029401246212394871 -0.36419978566812694 8605
-0.036729194952192651 -0.3635338820491445 8606
-0.044042248473056267 -0.36272055016086574 8607
-0.051337440977711229 -0.36176011984936879 8608
-0.05861181400230478 -0.36065298060453471 8609
-0.065862417497816461 -0.35939958141451001 8610
-0.073086310985756353 -0.35800043059482645 8611
-0.080280564922543346 -0.35645609555078617 8612
-0.087442261725874437 -0.35476720257637062 8613
-0.094568496998294144 -0.35293443659565099 8614
-0.10165638076960416 -0.35095854086834427 8615
-0.10870303861278251 -0.34884031670087379 8616
-0.11570561279765419 -0.34658062312648624 8617
-0.12266126350444946 -0.34418037653986344 8618
-0.12956716991557454 -0.34164055034451757 8619
-0.13642053138894658 -0.33896217454931421 8620
-0.14321856862248267 -0.33614633533830995 8621
-0.14995852473515592 -0.33319417464732176 8622
-0.15663766634468573 -0.33010688972172531 8623
-0.16325328480180051 -0.32688573257499121 8624
-0.16980269719971214 -0.32353200951895833 8625
-0.17628324745995999 -0.32004708063759779 8626
-0.18269230746255191 -0.3164323592076087 8627
-0.18902727804755015 -0.31268931115985532 8628
-0.19528559012973004 -0.30881945445094583 8629
-0.20146470569775304 -0.30482435847192485 8630
-0.20756211885566506 -0.30070564340540007 8631
-0.21357535684457468 -0.29646497956491824 8632
-0.21950198105473531 -0.29210408671014448 8633
-0.22533958798694298 -0.2876247333690235 8634
-0.23108581024378375 -0.2830287361094399 8635
-0.23673831748969787 -0.2783179588023133 8636
-0.24229481739826311 -0.27349431186349665 8637
-0.24775305657025934 -0.26855975148902161 8638
-0.25311082146303399 -0.26351627884831968 8639
-0.0074868531186962073 -0.37171948257134302 8640
-0.014970670014337079 -0.37149334547479596 8641
-0.022448415680482114 -0.37111655221261264 8642
-0.029917057549454451 -0.3705892555921303 8643
-0.037373566793459434 -0.36991166945351667 8644
-0.044814919498899514 -0.36908406858474158 8645
-0.052238097836969422 -0.36810678861865692 8646
-0.059640091440941928 -0.36698022587829959 8647
-0.067017898506550266 -0.36570483722880071 8648
-0.074368526967962673 -0.36428113990350852 8649
-0.081688995886096988 -0.36270971126220442 8650
-0.088976336492995078 -0.36099118858648316 8651
-0.096227593436860909 -0.35912626881662812 8652
-0.10343982604626406 -0.35711570825200023 8653
-0.11061010946563871 -0.35496032225703028 8654
-0.11773553582919205 -0.35266098493572356 8655
-0.12481321549575587 -0.35021862875986176 8656
-0.13184027815970778 -0.34763424421021161 8657
-0.13881387404489332 -0.34490887936596931 8658
-0.14573117508954411 -0.34204363946705296 8659
-0.15258937604629935 -0.33903968648324029 8660
-0.15938569557880322 -0.33589823866421226 8661
-0.16611737751762179 -0.33262056998858808 8662
-0.17278169188742679 -0.32920800968595809 8663
-0.17937593601188934 -0.32566194170141582 8664
-0.18589743566364952 -0.32198380410598815 8665
-0.19234354608347226 -0.31817508854862514 8666
-0.19871165311446223 -0.3142373396167521 8667
-0.20499917421876643 -0.31017215423459049 8668
-0.21120355953734354 -0.30598118100900384 8669
-0.21732229292956751 -0.30166611955728556 8670
-0.22335289300306424 -0.29722871981032267 8671
-0.22929291409197719 -0.29267078132286617 8672
-0.23513994726560469 -0.28799415253241273 8673
-0.24089162130530667 -0.28320073000937152 8674
-0.24654560366840808 -0.2782924576856633 8675
-0.25209960142236931 -0.27327132607654842 8676
-0.25755136219045577 -0.26813937145969374 8677
-0.0076159367931559196 -0.37812843916736677 8678
-0.015228785014582913 -0.37789840315536261 8679
-0.022835457330143638 -0.37751511345762545 8680
-0.030432868886511616 -0.37697872551610145 8681
-0.038017938634722803 -0.37628945685785731 8682
-0.045587590524739069 -0.37544758700858738 8683
-0.053138754696223423 -0.37445345738791591 8684
-0.060668368879574386 -0.373307471152036 8685
-0.068173379515278965 -0.37201009304306393 8686
-0.075650742950163746 -0.3705618492121644 8687
-0.083097426849644773 -0.36896332697359713 8688
-0.090510411260110057 -0.3672151745965716 8689
-0.097886689875421484 -0.36531810103758211 8690
-0.10522327132291745 -0.36327287563563387 8691
-0.1125171803184882 -0.36108032781316557 8692
-0.11976545886072346 -0.35874134674494063 8693
-0.12696516748705541 -0.35625688097984098 8694
-0.13411338640383402 -0.35362793807588727 8695
-0.14120721670083305 -0.35085558418260743 8696
-0.14824378155659851 -0.34794094359577943 8697
-0.15522022735743585 -0.34488519831914355 8698
-0.16213372481291405 -0.341689587606685 8699
-0.16898147023343646 -0.33835540740217163 8700
-0.17576068657513472 -0.33488400985294559 8701
-0.18246862456381241 -0.33127680276522237 8702
-0.18910256386474106 -0.32753524900435715 8703
-0.1956598141193886 -0.32366086593738519 8704
-0.20213771609918912 -0.31965522478254987 8705
-0.20853364273977473 -0.31551994999724842 8706
-0.21484500021901734 -0.31125671861260074 8707
-0.22106922901455583 -0.30686725954964678 8708
-0.22720380495138909 -0.30235335291049553 8709
-0.2332462401970079 -0.2977168292767044 8710
-0.23919408428742256 -0.29295956895538189 8711
-0.24504492512091303 -0.28808350121642684 8712
-0.25079638993855136 -0.28309060350782789 8713
-0.25644614627447787 -0.27798290066407383 8714
-0.26199190291787666 -0.27276246407106713 8715
-0.0077450204676167977 -0.38453739576345869 8716
-0.015486900014831412 -0.38430346083599609 8717
-0.023222498979809159 -0.38391367470270293 8718
-0.030948680223573583 -0.38336819544013501 8719
-0.038662310475992584 -0.38266724426225884 8720
-0.04636026155058573 -0.38181110543249186 8721
-0.054039411555485528 -0.38080012615723163 8722
-0.061696646318215725 -0.37963471642582725 8723
-0.069328860524017599 -0.37831534885738027 8724
-0.076932958932375201 -0.37684255852087112 8725
-0.084505857813203772 -0.37521694268503925 8726
-0.092044486027236444 -0.3734391606067069 8727
-0.099545786313994133 -0.37150993325858084 8728
-0.1070067165995835 -0.36943004301931071 8729
-0.11442425117135033 -0.36720033336934177 8730
-0.1217953818922678 -0.36482170855419693 8731
-0.12911711947836818 -0.36229513319985712 8732
-0.13638649464797362 -0.35962163194159824 8733
-0.14360055935678617 -0.35680228899927879 8734
-0.1507563880236662 -0.35383824772453754 8735
-0.15785107866858558 -0.3507307101550764 8736
-0.16488175404703795 -0.34748093654918527 8737
-0.17184556294926395 -0.34409024481578088 8738
-0.17873968126285525 -0.34056001001995678 8739
-0.18556131311574764 -0.33689166382905095 8740
-0.19230769206584428 -0.33308669390274642 8741
-0.19897608215531618 -0.32914664332616395 8742
-0.20556377908392662 -0.32507310994836447 8743
-0.21206811126079295 -0.32086774575992127 8744
-0.21848644090070024 -0.31653225621621089 8745
-0.22481616509955249 -0.31206839954201954 8746
-0.23105471689972157 -0.30747798601067861 8747
-0.23719956630204531 -0.30276287723055118 8748
-0.2432482213092462 -0.29792498537835804 8749
-0.24919822893652427 -0.29296627242348788 8750
-0.25504717620869805 -0.28788874932999647 8751
-0.26079269112658898 -0.28269447525160185 8752
-0.26643244364529894 -0.27738555668244186 8753
-0.0078741041420778701 -0.39094635235955283 8754
-0.015745015015080049 -0.39070851851663158 8755
-0.023609540629474624 -0.39031223594778247 8756
-0.031464491560635854 -0.38975766536417084 8757
-0.039306682317262309 -0.38904503166666238 8758
-0.047132932576432612 -0.38817462385639789 8759
-0.054940068414748078 -0.38714679492654924 8760
-0.062724923756857565 -0.38596196169962049 8761
-0.0704843415327564 -0.38462060467169823 8762
-0.078215174914587071 -0.38312326782957951 8763
-0.085914288776762965 -0.38147055839648258 8764
-0.093578560794363247 -0.37966314661684397 8765
-0.10120488275256723 -0.37770176547958162 8766
-0.10879016187624999 -0.37558721040298904 8767
-0.11633132202421304 -0.37332033892551947 8768
-0.12382530492381262 -0.37090207036345446 8769
-0.13126907146968153 -0.3683333854198747 8770
-0.1386596028921136 -0.36561532580731038 8771
-0.14599390201273987 -0.36274899381595127 8772
-0.1532689944907345 -0.35973555185329664 8773
-0.16048192997973579 -0.35657622199101008 8774
-0.16762978328116224 -0.35327228549168632 8775
-0.17470965566509189 -0.34982508222939102 8776
-0.18171867595057611 -0.34623601018696887 8777
-0.18865400166768329 -0.34250652489288019 8778
-0.19551282026694788 -0.33863813880113625 8779
-0.20229235019124411 -0.33463242071494331 8780
-0.20898984206866444 -0.33049099511417945 8781
-0.21560257978181152 -0.32621554152259469 8782
-0.2221278815823835 -0.32180779381982155 8783
-0.22856310118454959 -0.3172695395343928 8784
-0.23490562884805422 -0.3126026191108619 8785
-0.24115289240708293 -0.30780892518439817 8786
-0.24730235833106992 -0.30289040180133425 8787
-0.25335153275213546 -0.29784904363054882 8788
-0.25929796247884485 -0.29268689515216523 8789
-0.26513923597869998 -0.28740604983912982 8790
-0.27087298437272134 -0.28200864929381658 8791
-0.0080031878165379988 -0.39735530895560095 8792
-0.016003130015326772 -0.39711357619722215 8793
-0.02399658227913759 -0.3967107971928186 8794
-0.03198030289769474 -0.39614713528816442 8795
-0.03995105415852801 -0.39542281907102483 8796
-0.047905603602274693 -0.39453814228026474 8797
-0.055840725274004965 -0.39349346369582849 8798
-0.063753201195493214 -0.39228920697337677 8799
-0.071639822541488651 -0.39092586048598066 8800
-0.079497390896791892 -0.3894039771382537 8801
-0.087322719740314969 -0.38772417410789317 8802
-0.095112635561482278 -0.38588713262694929 8803
-0.10286397919113199 -0.38389359770055154 8804
-0.11057360715290801 -0.38174437778663828 8805
-0.11823839287706719 -0.37944034448166963 8806
-0.12585522795534856 -0.37698243217268568 8807
-0.13342102346098561 -0.37437163763986714 8808
-0.14093271113624461 -0.37160901967299886 8809
-0.14838724466868436 -0.36869569863260121 8810
-0.15578160095779378 -0.3656328559820346 8811
-0.16311278129087703 -0.36242173382692383 8812
-0.17037781251527773 -0.359063634434169 8813
-0.17757374838091117 -0.35555991964298378 8814
-0.18469767063828868 -0.35191201035396491 8815
-0.19174669021961083 -0.34812138595669473 8816
-0.19871794846804364 -0.34418958369951258 8817
-0.20560861822716459 -0.34011819810371013 8818
-0.212415905053395 -0.33590888027998322 8819
-0.21913704830282324 -0.33156333728525789 8820
-0.22576932226406066 -0.32708333142342327 8821
-0.23231003726954103 -0.32247067952675817 8822
-0.23875654079638201 -0.31772725221103859 8823
-0.24510621851211614 -0.31285497313823968 8824
-0.25135649535288995 -0.30785581822430602 8825
-0.25750483656774348 -0.30273181483760625 8826
-0.26354874874898943 -0.29748504097433126 8827
-0.26948578083080954 -0.29211762442665623 8828
-0.27531352510014295 -0.28663174190519047 8829
-0.0081322714909989047 -0.40376426555169054 8830
-0.01626124501557541 -0.40351863387785325 8831
-0.024383623928803 -0.40310935843789392 8832
-0.032496114234756762 -0.40253660521219603 8833
-0.040595425999797402 -0.40180060647542426 8834
-0.048678274628121243 -0.40090166070416711 8835
-0.056741382133266904 -0.39984013246514238 8836
-0.064781478634134276 -0.39861645224716624 8837
-0.072795303550226842 -0.39723111630029517 8838
-0.080779606879003013 -0.39568468644695864 8839
-0.088731150703873385 -0.39397778981933351 8840
-0.096646710328608276 -0.39211111863708298 8841
-0.10452307562970423 -0.39008542992154915 8842
-0.11235705242957353 -0.38790154517031367 8843
-0.12014546372992899 -0.38556035003784445 8844
-0.12788515098689246 -0.38306279398194054 8845
-0.13557297545229802 -0.380409889859882 8846
-0.14320581938038385 -0.37760271353870867 8847
-0.15078058732463712 -0.37464240344927163 8848
-0.15829420742486125 -0.37153016011079154 8849
-0.16574363260202629 -0.36826724566285557 8850
-0.17312584174940121 -0.36485498337666833 8851
-0.18043784109673833 -0.36129475705659214 8852
-0.18767666532600885 -0.35758801052097527 8853
-0.1948393787715455 -0.35373624702052253 8854
-0.20192307666914661 -0.34974102859790129 8855
-0.20892488626309161 -0.34560397549248817 8856
-0.21584196803813208 -0.34132676544579715 8857
-0.22267151682384106 -0.33691113304793024 8858
-0.22941076294574317 -0.33235886902703293 8859
-0.23605697335453746 -0.32767181951913066 8860
-0.24260745274471421 -0.32285188531122122 8861
-0.24905954461715327 -0.31790102109208601 8862
-0.25541063237471345 -0.3128212346472819 8863
-0.26165814038335439 -0.3076145860446669 8864
-0.267799535019136 -0.30228318679649979 8865
-0.27383232568292054 -0.2968291990141842 8866
-0.27975406582756507 -0.29125483451656509 8867
-0.008261355165459866 -0.41017322214778695 8868
-0.016519360015824047 -0.40992369155849095 8869
-0.024770665578468659 -0.40950791968297551 8870
-0.033011925571819201 -0.40892607513623391 8871
-0.041239797841067516 -0.4081783938798299 8872
-0.049450945653968376 -0.40726517912807547 8873
-0.057642038992529565 -0.40618680123446183 8874
-0.065809756072776199 -0.40494369752096104 8875
-0.073950784558965921 -0.40353637211461491 8876
-0.082061822861215189 -0.40196539575566897 8877
-0.090139581667433077 -0.40023140553077868 8878
-0.098180785095735551 -0.39833510464722166 8879
-0.10618217206827771 -0.39627726214255099 8880
-0.11414049770624038 -0.39405871255399322 8881
-0.12205253458279219 -0.39168035559402359 8882
-0.1299150740184376 -0.38914315579119951 8883
-0.13772492744361187 -0.38644814207990097 8884
-0.14547892762452436 -0.38359640740442214 8885
-0.15317392998059121 -0.38058910826594511 8886
-0.16080681389192975 -0.37742746423955154 8887
-0.16837448391317703 -0.37411275749879042 8888
-0.17587387098352592 -0.37064633231917044 8889
-0.18330193381256665 -0.367029594470203 8890
-0.19065566001373019 -0.36326401068798808 8891
-0.19793206732348156 -0.35935110808435256 8892
-0.20512820487025057 -0.35529247349629178 8893
-0.21224115429901991 -0.35108975288126798 8894
-0.21926803102287018 -0.34674465061161264 8895
-0.22620598534486 -0.34225892881060421 8896
-0.23305220362742674 -0.33763440663064392 8897
-0.23980390943953478 -0.3328729595115042 8898
-0.24645836469304722 -0.3279765184114049 8899
-0.25301287072219131 -0.32294706904593357 8900
-0.25946476939653751 -0.31778665107025877 8901
-0.2658114441989658 -0.31249735725172817 8902
-0.27205032128928303 -0.30708133261866866 8903
-0.2781788705350316 -0.30154077360171233 8904
-0.28419460655498752 -0.29587792712793981 8905
-0.0083904388399199392 -0.41658217874383519 8906
-0.016777475016070881 -0.41632874923908159 8907
-0.025157707228131682 -0.41590648092801163 8908
-0.033527736908877948 -0.41531554506022744 8909
-0.041884169682333133 -0.41455618128419258 8910
-0.050223616679810346 -0.41362869755194209 8911
-0.058542695851786591 -0.41253347000374135 8912
-0.06683803351141207 -0.41127094279471743 8913
-0.075106265567698283 -0.40984162792889722 8914
-0.08334403884342001 -0.40824610506434311 8915
-0.091548012630985165 -0.40648502124218933 8916
-0.099714859862854388 -0.40455909065732676 8917
-0.10784126850684264 -0.4024690943635213 8918
-0.11592394298289832 -0.40021587993764252 8919
-0.12395960543564619 -0.39780036115017348 8920
-0.13194499704997367 -0.39522351760043073 8921
-0.13987687943491608 -0.3924863942998934 8922
-0.14775203586865532 -0.3895901012701104 8923
-0.1555672726365358 -0.38653581308259521 8924
-0.16331942035898911 -0.38332476836828955 8925
-0.17100533522431816 -0.37995826933470411 8926
-0.17862190021764129 -0.376437681261653 8927
-0.1861660265283859 -0.37276443188379593 8928
-0.19363465470144275 -0.36894001085498407 8929
-0.20102475587540891 -0.36496596914816692 8930
-0.20833333307134647 -0.36084391839466817 8931
-0.21555742233494024 -0.35657553027003486 8932
-0.22269409400760093 -0.35216253577741646 8933
-0.22974045386587183 -0.34760672457326752 8934
-0.23669364430910383 -0.34290994423424564 8935
-0.24355084552452624 -0.33807409950386974 8936
-0.25030927664137476 -0.33310115151158143 8937
-0.25696619682722432 -0.32799311699977474 8938
-0.26351890641835723 -0.32275206749323015 8939
-0.26996474801457382 -0.31738012845878555 8940
-0.27630110755942738 -0.31187947844083469 8941
-0.2825254153871411 -0.30625234818923858 8942
-0.28863514728240885 -0.30050101973931359 8943
-0.0085195225143814279 -0.42299113533994659 8944
-0.017035590016320157 -0.42273380691973378 8945
-0.025544748877798173 -0.42230504217310749 8946
-0.034043548245941468 -0.42170501498427909 8947
-0.042528541523604496 -0.42093396868861127 8948
-0.050996287705659255 -0.41999221597586334 8949
-0.059443352711050917 -0.41888013877307317 8950
-0.067866310950055936 -0.4175981880685245 8951
-0.076261746576439526 -0.41614688374322867 8952
-0.084626254825634434 -0.41452681437306438 8953
-0.092956443594547189 -0.41273863695364527 8954
-0.1012489346299843 -0.41078307666747566 8955
-0.10950036494541873 -0.40866092658453312 8956
-0.11770738825956784 -0.40637304732133173 8957
-0.1258666762885122 -0.40392036670636183 8958
-0.13397492008152176 -0.40130387940969825 8959
-0.14202883142623268 -0.39852464651992026 8960
-0.15002514411279871 -0.39558379513583153 8961
-0.15796061529249272 -0.39248251789927602 8962
-0.16583202682606074 -0.38922207249705665 8963
-0.17363618653547175 -0.38580378117064523 8964
-0.18136992945176894 -0.38222903020416127 8965
-0.18903011924421709 -0.3784992692974124 8966
-0.19661364938916681 -0.37461601102200204 8967
-0.20411744442734761 -0.37058083021200183 8968
-0.21153846127245302 -0.36639536329306321 8969
-0.21887369037087101 -0.36206130765881889 8970
-0.2261201569923412 -0.35758042094323561 8971
-0.2332749223868929 -0.35295452033594471 8972
-0.24033508499078948 -0.34818548183785969 8973
-0.24729778160952545 -0.34327523949624583 8974
-0.2541601885897094 -0.33822578461176728 8975
-0.26091952293226378 -0.33303916495362407 8976
-0.26757304344018268 -0.32771748391620831 8977
-0.27411805183018623 -0.32226289966584787 8978
-0.28055189382957529 -0.31667762426300461 8979
-0.28687196023925293 -0.31096392277676754 8980
-0.29307568800983147 -0.3051241123506887 8981
-0.0086486061888424448 -0.42940009193605089 8982
-0.017293705016569211 -0.42913886460037942 8983
-0.025931790527464388 -0.42870360341819691 8984
-0.034559359583004517 -0.42809448490832436 8985
-0.043172913364875276 -0.42731175609302391 8986
-0.051768958731507247 -0.42635573439977853 8987
-0.060344009570314633 -0.42522680754239967 8988
-0.068894588388699024 -0.42392543334232607 8989
-0.077417227585179799 -0.42245213955755467 8990
-0.085908470807847914 -0.42080752368178059 8991
-0.094364874558108075 -0.41899225266509621 8992
-0.10278300939711277 -0.41700706267761978 8993
-0.11115946138399357 -0.4148527588055404 8994
-0.11949083353623621 -0.41253021470501638 8995
-0.12777374714137665 -0.41004037226254564 8996
-0.13600484311306857 -0.40738424121896172 8997
-0.14418078341754781 -0.40456289873994344 8998
-0.15229825235694094 -0.40157748900154899 8999
-0.16035395794844839 -0.3984292227159536 9000
-0.16834463329313099 -0.39511937662582053 9001
-0.17626703784662395 -0.39164929300658347 9002
-0.1841179586858952 -0.38802037914666643 9003
-0.19189421196004697 -0.38423410671102642 9004
-0.1995926440768897 -0.38029201118901784 9005
-0.20721013297928509 -0.37619569127583435 9006
-0.21474358947355837 -0.37194680819145604 9007
-0.22218995840680061 -0.36754708504760092 9008
-0.22954621997708077 -0.36299830610905337 9009
-0.23680939090791286 -0.35830231609862034 9010
-0.24397652567247416 -0.35346101944147246 9011
-0.25104471769452369 -0.34847637948862081 9012
-0.25801110053804338 -0.34335041771195229 9013
-0.26487284903730224 -0.33808521290747223 9014
-0.27162718046200729 -0.33268290033918568 9015
-0.27827135564579825 -0.32714567087290974 9016
-0.28480268009972276 -0.32147577008517381 9017
-0.29121850509136438 -0.31567549736429601 9018
-0.29751622873725408 -0.3097472049620637 9019
-0.0087776898633020461 -0.43580904853206937 9020
-0.017551820016814879 -0.43554392228094108 9021
-0.026318832177125662 -0.43510216466320478 9022
-0.035075170920061211 -0.43448395483229041 9023
-0.043817285206138368 -0.43368954349735989 9024
-0.052541629757346137 -0.43271925282361973 9025
-0.061244666429568023 -0.43157347631165394 9026
-0.069922865827330788 -0.4302526786160582 9027
-0.078572708593907831 -0.42875739537181368 9028
-0.087190686790048127 -0.42708823299043253 9029
-0.095773305521655139 -0.4252458683764852 9030
-0.10431708416422669 -0.42323104868770445 9031
-0.11281855782255309 -0.42104459102649072 9032
-0.12127427881288888 -0.41868738208864681 9033
-0.12968081799422523 -0.41616037781867754 9034
-0.13803476614459895 -0.41346460302817578 9035
-0.14633273540884634 -0.41060115095991956 9036
-0.15457136060106602 -0.40757118286722205 9037
-0.16274730060438722 -0.40437592753258922 9038
-0.17085723976018441 -0.40101668075454477 9039
-0.17889788915775945 -0.39749480484248445 9040
-0.18686598792000506 -0.39381172808913717 9041
-0.19475830467586058 -0.38996894412460797 9042
-0.20257163876459672 -0.38596801135600323 9043
-0.21030282153120722 -0.38181055233963929 9044
-0.21794871767464913 -0.37749825308982371 9045
-0.22550622644271606 -0.37303286243635958 9046
-0.23297228296180661 -0.36841619127484959 9047
-0.24034385942892045 -0.3636501118612771 9048
-0.24761796635414721 -0.35873655704506829 9049
-0.25479165377951141 -0.35367751948098114 9050
-0.26186201248636765 -0.34847505081212449 9051
-0.26882617514233254 -0.34313126086130991 9052
-0.27568131748382479 -0.3376483167621544 9053
-0.28242465946140416 -0.33202844207996479 9054
-0.28905346636986562 -0.32627391590733823 9055
-0.29556504994347282 -0.32038707195182115 9056
-0.30195676946467492 -0.31437029757343687 9057
-0.0089067735377633406 -0.44221800512817622 9058
-0.017809935017063905 -0.44194897996158911 9059
-0.026705873826791932 -0.44150072590829625 9060
-0.035590982257124537 -0.44087342475633801 9061
-0.044461657047409231 -0.44006733090177458 9062
-0.053314300783194352 -0.4390827712475367 9063
-0.062145323288831933 -0.4379201450809822 9064
-0.070951143265974126 -0.43657992388986155 9065
-0.079728189602648408 -0.43506265118614174 9066
-0.088472902772261913 -0.43336894229915035 9067
-0.097181736485216635 -0.43149948408793792 9068
-0.10585115893135569 -0.42945503469785029 9069
-0.11447765426112844 -0.42723642324749955 9070
-0.12305772408955737 -0.42484454947233286 9071
-0.13158788884709036 -0.42228038337486307 9072
-0.14006468917614606 -0.41954496483744053 9073
-0.1484846874001621 -0.41663940317994413 9074
-0.15684446884520858 -0.41356487673294084 9075
-0.16514064326034325 -0.4103226323492678 9076
-0.17336984622725518 -0.40691398488330965 9077
-0.18152874046891199 -0.40334031667842357 9078
-0.18961401715413179 -0.39960307703164327 9079
-0.19762239739169099 -0.39570378153822294 9080
-0.20555063345232 -0.39164401152301986 9081
-0.21339551008314511 -0.38742541340347264 9082
-0.22115384587575493 -0.3830496979882172 9083
-0.22882249447864611 -0.37851863982514233 9084
-0.23639834594654632 -0.37383407644066768 9085
-0.24387832794994063 -0.36899790762395307 9086
-0.25125940703583222 -0.36401209464868139 9087
-0.25853858986451006 -0.35887865947335656 9088
-0.26571292443470179 -0.35359968391230961 9089
-0.27277950124737149 -0.34817730881515863 9090
-0.27973545450564968 -0.34261373318513211 9091
-0.28657796327701635 -0.33691121328702678 9092
-0.29330425264001325 -0.33107206172950782 9093
-0.29991159479558438 -0.32509864653934983 9094
-0.30639731019209748 -0.31899339018481188 9095
-0.0090358572122246628 -0.44862696172428529 9096
-0.018068050017313153 -0.44835403764223891 9097
-0.027092915476458229 -0.44789928715339 9098
-0.03610679359418778 -0.44726289468038721 9099
-0.045106028888680455 -0.44644511830619138 9100
-0.054086971809042927 -0.44544628967145594 9101
-0.063045980148096009 -0.4442668138503123 9102
-0.071979420704617936 -0.44290716916366685 9103
-0.080883670611389541 -0.4413679070004714 9104
-0.089755118754475921 -0.43964965160786995 9105
-0.098590167448778049 -0.43775309979939214 9106
-0.10738523369848496 -0.43567902070799747 9107
-0.11613675069970406 -0.43342825546850983 9108
-0.12484116936622658 -0.43100171685602073 9109
-0.13349495969995578 -0.42840038893104965 9110
-0.14209461220769376 -0.42562532664670671 9111
-0.15063663939147812 -0.42267765539996976 9112
-0.15911757708935151 -0.41955857059866064 9113
-0.16753398591629981 -0.4162693371659475 9114
-0.17588245269432629 -0.41281128901207553 9115
-0.18415959178006513 -0.40918582851436375 9116
-0.19236204638825893 -0.4053944259741506 9117
-0.20048649010752173 -0.40143861895183863 9118
-0.20852962814004361 -0.39732001169003706 9119
-0.21648819863508345 -0.39304027446730683 9120
-0.2243589740768612 -0.38860114288661174 9121
-0.23213876251457649 -0.38400441721392575 9122
-0.23982440893128659 -0.37925196160648655 9123
-0.24741279647096137 -0.37434570338662976 9124
-0.25490084771751731 -0.36928763225229483 9125
-0.26228552594950888 -0.36407979946573227 9126
-0.26956383638303616 -0.35872431701249519 9127
-0.2767328273524105 -0.35322335676900746 9128
-0.28378959152747468 -0.34757914960810987 9129
-0.29073126709262864 -0.34179398449408921 9130
-0.29755503891016077 -0.33587020755167729 9131
-0.30425813964769582 -0.32981022112687836 9132
-0.3108378509195201 -0.32361648279618693 9133
-0.0091649408866841531 -0.45503591832030366 9134
-0.018326165017558876 -0.45475909532280051 9135
-0.027479957126119531 -0.45429784839839787 9136
-0.036622604931244446 -0.45365236460435354 9137
-0.04575040072994338 -0.45282290571052752 9138
-0.054859642834881789 -0.45180980809529692 9139
-0.063946637007349566 -0.45061348261956669 9140
-0.073007698143249616 -0.44923441443739875 9141
-0.082039151620117573 -0.44767316281473046 9142
-0.091037334736676329 -0.44593036091652183 9143
-0.099998598412325168 -0.44400671551078119 9144
-0.10891930846559897 -0.44190300671808214 9145
-0.11779584713826377 -0.43962008768946037 9146
-0.1266246146428793 -0.43715888423965121 9147
-0.13540203055280436 -0.43452039448718172 9148
-0.14412453523922389 -0.43170568845592083 9149
-0.15278859138277673 -0.42871590761994582 9150
-0.16139068533347672 -0.4255522644643337 9151
-0.16992732857223841 -0.42221604198258289 9152
-0.17839505916137977 -0.41870859314079989 9153
-0.1867904430912006 -0.41503134035026479 9154
-0.19511007562236865 -0.41118577491662112 9155
-0.20335058282333549 -0.40717345636542024 9156
-0.2115086228277506 -0.4029960118570225 9157
-0.21958088718700552 -0.39865513553111165 9158
-0.22756410227795182 -0.39415258778497902 9159
-0.23545503055049191 -0.38949019460268441 9160
-0.24325047191601246 -0.38466984677228289 9161
-0.25094726499196884 -0.37969349914928641 9162
-0.25854228839919036 -0.37456316985589072 9163
-0.26603246203449649 -0.36928093945809254 9164
-0.27341474833136042 -0.36384895011266732 9165
-0.28068615345744086 -0.35826940472284519 9166
-0.28784372854929224 -0.35254456603107848 9167
-0.29488457090823467 -0.34667675570114415 9168
-0.30180582518030374 -0.3406683533738416 9169
-0.30860468449980438 -0.33452179571440355 9170
-0.31527839164694099 -0.32823957540756016 9171
-0.0092940245611459749 -0.46144487491643582 9172
-0.018584280017808874 -0.46116415300347291 9173
-0.027866998775787355 -0.46069640964351344 9174
-0.037138416268309493 -0.46004183452842418 9175
-0.046394772571216603 -0.45920069311496481 9176
-0.055632313860732724 -0.45817332651923603 9177
-0.064847293866616501 -0.45696015138891599 9178
-0.074035975581896202 -0.45556165971122264 9179
-0.08319463262886162 -0.45397841862907778 9180
-0.092319550718893834 -0.45221107022525875 9181
-0.10140702937589063 -0.45026033122225206 9182
-0.11045338323273224 -0.44812699272824513 9183
-0.11945494357684353 -0.44581191991048585 9184
-0.12840805991955245 -0.44331605162335319 9185
-0.13730910140567409 -0.44064040004338229 9186
-0.14615445827077606 -0.43778605026520012 9187
-0.15494054337409732 -0.43475415983998411 9188
-0.16366379357762423 -0.43154595833006548 9189
-0.17232067122819961 -0.42816274679927396 9190
-0.18090766562845545 -0.42460589726957637 9191
-0.18942129440235805 -0.42087685218621473 9192
-0.19785810485650021 -0.41697712385913777 9193
-0.20621467553917039 -0.41290829377904448 9194
-0.21448761751547862 -0.4086720120240479 9195
-0.22267357573894792 -0.40426999659495322 9196
-0.23076923047906195 -0.39970403268338028 9197
-0.23877129858642607 -0.394975971991474 9198
-0.24667653490075611 -0.39008773193810714 9199
-0.2544817335129928 -0.38504129491196809 9200
-0.26218372908087861 -0.37983870745950865 9201
-0.26977939811949825 -0.37448207945047229 9202
-0.27726566027969757 -0.36897358321285645 9203
-0.28463947956248209 -0.36331545267669685 9204
-0.2918978655711193 -0.35750998245405885 9205
-0.29903787472384846 -0.35155952690820824 9206
-0.3060566114504526 -0.34546649919601263 9207
-0.31295122935191677 -0.33923337030193312 9208
-0.319718932374364 -0.3328626680189356 9209
-0.0094231082356073526 -0.46785383151254922 9210
-0.018842395018058289 -0.46756921068412727 9211
-0.02825404042545393 -0.4670949708886114 9212
-0.037654227605373236 -0.46643130445247771 9213
-0.047039144412488271 -0.46557848051938555 9214
-0.056404984886581633 -0.46453684494315939 9215
-0.065747950725881299 -0.46330682015825003 9216
-0.075064253020540456 -0.46188890498503155 9217
-0.084350113637603336 -0.46028367444341128 9218
-0.093601766701108674 -0.45849177953398179 9219
-0.10281546033945313 -0.45651394693370972 9220
-0.1119874579998624 -0.45435097873839581 9221
-0.12111404001542003 -0.4520037521314994 9222
-0.13019150519622258 -0.4494732190070439 9223
-0.13921617225854052 -0.44676040559957186 9224
-0.1481843813023245 -0.44386641207446886 9225
-0.15709249536541436 -0.44079241206001241 9226
-0.16593690182176821 -0.43753965219578794 9227
-0.17471401388415705 -0.43410945161595582 9228
-0.18342027209552747 -0.43050320139834442 9229
-0.1920521457135122 -0.42672236402215702 9230
-0.2006061340906283 -0.4227684728016467 9231
-0.20907876825500205 -0.418643131192662 9232
-0.21746661220320318 -0.41434801219106665 9233
-0.22576626429088692 -0.40988485765878868 9234
-0.23397435868016891 -0.40525547758177594 9235
-0.2420875666223572 -0.40046174938025852 9236
-0.25010259788549694 -0.39550561710392707 9237
-0.25801620203401421 -0.39038909067464589 9238
-0.26582516976256454 -0.38511424506312314 9239
-0.27352633420449762 -0.37968321944284872 9240
-0.28111657222803244 -0.37409821631304263 9241
-0.28859280566752171 -0.36836150063054635 9242
-0.29595200259294469 -0.36247539887703717 9243
-0.30319117853946104 -0.35644229811527089 9244
-0.31030739772060045 -0.35026464501818255 9245
-0.31729777420402866 -0.34394494488946198 9246
-0.32415947310178667 -0.33748576063031072 9247
-0.0095521919100668706 -0.47426278810856948 9248
-0.019100510018304095 -0.47397426836469092 9249
-0.028641082075115259 -0.473493532133621 9250
-0.038170038942429985 -0.47282077437644571 9251
-0.047683516253751529 -0.47195626792372319 9252
-0.057177655912420855 -0.47090036336700181 9253
-0.066648607585134995 -0.46965348892750597 9254
-0.07609253045917258 -0.46821615025876501 9255
-0.08550559464633159 -0.46658893025767167 9256
-0.094883982683309276 -0.46477248884263506 9257
-0.1042238913030005 -0.46276756264510022 9258
-0.11352153276697666 -0.4605749647484817 9259
-0.12277313645397991 -0.45819558435245072 9260
-0.13197495047287536 -0.45563038639067532 9261
-0.14112324311138916 -0.45288041115570477 9262
-0.15021430433385524 -0.44994677388368409 9263
-0.15924444735671314 -0.44683066427998963 9264
-0.16821001006589367 -0.44353334606146155 9265
-0.17710735654009599 -0.44005615643259227 9266
-0.18593287856258131 -0.43640050552706949 9267
-0.19468299702464789 -0.43256787585805878 9268
-0.20335416332473838 -0.428559821744118 9269
-0.21194286097081602 -0.42437796860624427 9270
-0.22044560689091047 -0.42002401235805276 9271
-0.22885895284280949 -0.41549971872259428 9272
-0.23717948688125987 -0.410806922480144 9273
-0.24540383465827303 -0.4059475267690178 9274
-0.25352866087022313 -0.40092350226972373 9275
-0.26155067055502201 -0.39573688643730298 9276
-0.26946661044423792 -0.39038978266671942 9277
-0.27727327028948556 -0.38488435943520938 9278
-0.28496748417635698 -0.3792228494132151 9279
-0.29254613177255212 -0.37340754858438424 9280
-0.30000613961476219 -0.36744081530000583 9281
-0.30734448235506717 -0.36132506932232578 9282
-0.31455818399074348 -0.35506279084034692 9283
-0.32164431905613711 -0.34865651947698723 9284
-0.32860001382920767 -0.34210885324168405 9285
-0.0096812755845286647 -0.4806717447046952 9286
-0.01935862501855376 -0.48037932604535682 9287
-0.029028123724782751 -0.47989209337873018 9288
-0.03868585027949456 -0.47921024430051035 9289
-0.048327888095024085 -0.47833405532815443 9290
-0.057950326938271096 -0.47726388179093526 9291
-0.067549264444401014 -0.47600015769684961 9292
-0.077120807897818416 -0.47454339553258373 9293
-0.086661075655074804 -0.47289418607201406 9294
-0.096166198665525865 -0.47105319815136704 9295
-0.10563232226656483 -0.46902117835656632 9296
-0.11505560753410879 -0.46679895075864042 9297
-0.12443223289255856 -0.46438741657347199 9298
-0.13375839574954757 -0.46178755377437353 9299
-0.14303031396425783 -0.45900041671190162 9300
-0.15224422736540597 -0.45602713569295972 9301
-0.16139639934803243 -0.45286891650002425 9302
-0.1704831183100399 -0.44952703992718995 9303
-0.17950069919605594 -0.44600286124928012 9304
-0.18844548502965575 -0.44229780965584309 9305
-0.19731384833580431 -0.43841338769400601 9306
-0.2061021925588688 -0.43435117068663187 9307
-0.21480695368664993 -0.43011280601986612 9308
-0.22342460157863725 -0.42570001252507583 9309
-0.23195164139475066 -0.42111457978643363 9310
-0.24038461508236902 -0.41635836737854331 9311
-0.24872010269420611 -0.4114333041578056 9312
-0.25695472385496587 -0.40634138743554649 9313
-0.26508513907604503 -0.40108468219998317 9314
-0.2731080511259254 -0.39566532027033618 9315
-0.28102020637448649 -0.39008549942758802 9316
-0.28881839612469301 -0.38434748251340295 9317
-0.2964994578775928 -0.37845359653823518 9318
-0.30406027663658874 -0.37240623172298543 9319
-0.31149778617068058 -0.36620784052938948 9320
-0.318808970260892 -0.35986093666251756 9321
-0.32599086390824933 -0.35336809406451658 9322
-0.33304055455663056 -0.34673194585305928 9323
-0.0098103592589898481 -0.48708070130080677 9324
-0.019616740018803147 -0.48678438372600941 9325
-0.029415165374449243 -0.48629065462382659 9326
-0.03920166161655822 -0.48559971422456233 9327
-0.048972259936295615 -0.48471184273257389 9328
-0.058722997964120005 -0.48362740021485684 9329
-0.068449921303665617 -0.48234682646618188 9330
-0.078149085336462421 -0.48087064080639108 9331
-0.087816556663816187 -0.47919944188634589 9332
-0.097448414647740289 -0.47733390746008864 9333
-0.10704075323012693 -0.47527479406802253 9334
-0.11658968230123853 -0.47302293676878948 9335
-0.12609132933113462 -0.47057924879448421 9336
-0.13554184102621719 -0.46794472115806296 9337
-0.14493738481712384 -0.46512042226808981 9338
-0.15427415039695416 -0.46210749750222735 9339
-0.1635483513393492 -0.45890716872005138 9340
-0.17275622655418332 -0.45552073379291125 9341
-0.18189404185201288 -0.45194956606596126 9342
-0.19095809149672743 -0.4481951137846103 9343
-0.19994469964695794 -0.44425889952994735 9344
-0.2088502217929965 -0.44014251962914019 9345
-0.21767104640248108 -0.4358476434334827 9346
-0.22640359626636153 -0.43137601269209419 9347
-0.23504432994668942 -0.4267294408502687 9348
-0.24358974328347566 -0.42190981227693841 9349
-0.25203637073013679 -0.41691908154658952 9350
-0.26038078683970628 -0.41175927260136586 9351
-0.2686196075970661 -0.40643247796266041 9352
-0.27674949180761099 -0.40094085787395017 9353
-0.2847671424594857 -0.39528663941996417 9354
-0.29266930807302788 -0.38947211561358908 9355
-0.3004527839826322 -0.3834996444920844 9356
-0.30811441365841408 -0.37737164814596369 9357
-0.31565108998629299 -0.37109061173645197 9358
-0.3230597565310398 -0.36465908248468737 9359
-0.33033740876036127 -0.35807966865204549 9360
-0.33748109528405318 -0.35135503846443439 9361
-0.0099394429334491996 -0.49348965789680621 9362
-0.019874855019048093 -0.49318944140655274 9363
-0.029802207024109517 -0.49268921586881631 9364
-0.039717472953613497 -0.49198918414851078 9365
-0.049616631777556736 -0.49108963013689272 9366
-0.059495668989956896 -0.48999091863868127 9367
-0.069350578162916704 -0.48869349523542061 9368
-0.079177362775091603 -0.48719788608010772 9369
-0.088972037672541499 -0.48550469770059013 9370
-0.098730630629937616 -0.48361461676872608 9371
-0.108449184193671 -0.48152840977939765 9372
-0.11812375706834927 -0.47924692277886088 9373
-0.12775042576969084 -0.47677108101542198 9374
-0.13732528630286614 -0.474101888541681 9375
-0.1468444556699687 -0.47124042782421027 9376
-0.15630407342848088 -0.46818785931143037 9377
-0.16570030333064406 -0.46494542094001712 9378
-0.17502933479830482 -0.46151442765857453 9379
-0.18428738450794799 -0.45789627088258733 9380
-0.19347069796377714 -0.45409241791332561 9381
-0.20257555095808966 -0.45010441136584012 9382
-0.2115982510271025 -0.44593386857160289 9383
-0.22053513911829126 -0.44158248084705731 9384
-0.22938259095406491 -0.43705201285907291 9385
-0.23813701849860819 -0.43234430191406725 9386
-0.246794871484563 -0.42746125717530009 9387
-0.25535263876604913 -0.42240485893534313 9388
-0.26380684982442942 -0.41717715776715764 9389
-0.27215407611807096 -0.41178027372531306 9390
-0.28039093248928154 -0.4062163954775424 9391
-0.28851407854447114 -0.40048777941232133 9392
-0.29652022002135003 -0.39459674871375838 9393
-0.30440611008766066 -0.3885456924459198 9394
-0.31216855068022986 -0.38233706456893018 9395
-0.31980439380189779 -0.37597338294350552 9396
-0.32731054280118177 -0.36945722830685057 9397
-0.33468395361246889 -0.36279124323956985 9398
-0.34192163601147374 -0.35597813107580734 9399
0.35355339059327362 -0.35355339059327373 9400
0.17677669529663687 -0.17677669529663692 9401
0.0050342633273833008 -0.24994930724599049 9402
0.010066485048672755 -0.24979724954203331 9403
0.015094624388288565 -0.24954388855385029 9404
0.020116642226786587 -0.24918932702970939 9405
0.025130501920296696 -0.24873370875945619 9406
0.030134170140486645 -0.2481772185152058 9407
0.035125617688726934 -0.2475200819771709 9408
0.040102820321172648 -0.2467625656421325 9409
0.045063759569774028 -0.24590497671547359 9410
0.050006423574229776 -0.2449476629839826 9411
0.054928807875065586 -0.24389101267866381 9412
0.059828916234613318 -0.2427354543164052 9413
0.064704761450924492 -0.24148145652529709 9414
0.069554366172686857 -0.24012952785177369 9415
0.074375763668714096 -0.23868021656328281 9416
0.079166998671265448 -0.23713411041304003 9417
0.083926128121184607 -0.23549183641601362 9418
0.088651221994994922 -0.23375406058247233 9419
0.093340364084839728 -0.23192148764724144 9420
0.097991652714134056 -0.22999486080856793 9421
0.10260320159667936 -0.22797496139293713 9422
0.10717314057200165 -0.22586260854761672 9423
0.11169961633323756 -0.22365865892249182 9424
0.11618079319864205 -0.22136400631478992 9425
0.12061485387446595 -0.21897958129661593 9426
0.12500000015375917 -0.21650635085733672 9427
0.12933445368028026 -0.21394531799322794 9428
0.13361645666141667 -0.21129752130407914 9429
0.13784427254786918 -0.20856403459309272 9430
0.14201618677719638 -0.20574596640824944 9431
0.14613050749089868 -0.20284445957544023 9432
0.15018556612827527 -0.19986069079919003 9433
0.15417971820148438 -0.19679587011751762 9434
0.15811134393735507 -0.19365124042547052 9435
0.16197884887099698 -0.19042807702234124 9436
0.16578066457420906 -0.18712768703036334 9437
0.16951524926099656 -0.18375140888706734 9438
0.17318108838634808 -0.18030061182735874 9439
0.010068526654766598 -0.49989861449198097 9440
0.02013297009734551 -0.49959449908406661 9441
0.030189248776577131 -0.49908777710770069 9442
0.040233284453573173 -0.49837865405941878 9443
0.050261003840593399 -0.49746741751891232 9444
0.06026834028097329 -0.49635443703041149 9445
0.070251235377453855 -0.49504016395434169 9446
0.080205640642345297 -0.49352513128426501 9447
0.090127519139548071 -0.49180995343094708 9448
0.10001284714845951 -0.48989532596796509 9449
0.10985761575013121 -0.48778202535732751 9450
0.11965783246922662 -0.48547090863281028 9451
0.12940952290184901 -0.48296291305059419 9452
0.13910873234537371 -0.48025905570354749 9453
0.14875152733742822 -0.47736043312656562 9454
0.15833399734253092 -0.47426822082608006 9455
0.16785225624236921 -0.47098367283202713 9456
0.17730244398998982 -0.46750812116494467 9457
0.18668072816967943 -0.46384297529448287 9458
0.19598330542826811 -0.45998972161713597 9459
0.20520640319335873 -0.45594992278587426 9460
0.21434628114400331 -0.45172521709523356 9461
0.22339923266647513 -0.44731731784498363 9462
0.23236158639728402 -0.44272801262957995 9463
0.24122970774893202 -0.43795916259323187 9464
0.25000000030751834 -0.43301270171467354 9465
0.25866890736056064 -0.42789063598645588 9466
0.26723291332283333 -0.42259504260815828 9467
0.27568854509573826 -0.41712806918618545 9468
0.28403237355439276 -0.41149193281649876 9469
0.29226101498179735 -0.40568891915088057 9470
0.30037113225655065 -0.39972138159838017 9471
0.30835943640296887 -0.39359174023503524 9472
0.31622268787471025 -0.38730248085094104 9473
0.32395769774199396 -0.38085615404468248 9474
0.33156132914841807 -0.37425537406072668 9475
0.33903049852199302 -0.36750281777413474 9476
0.34636217677269615 -0.36060122365471753 9477
0.18130943107347217 -0.18130943107347222 9478
0.18584216685030208 -0.18584216685030214 9479
0.19037490262713738 -0.19037490262713744 9480
0.19490763840397268 -0.19490763840397274 9481
0.19944037418080257 -0.19944037418080263 9482
0.20397310995762327 -0.20397310995762333 9483
0.20850584573444608 -0.20850584573444614 9484
0.21303858151125976 -0.21303858151125982 9485
0.21757131728808127 -0.21757131728808132 9486
0.22210405306490327 -0.22210405306490333 9487
0.22663678884171687 -0.22663678884171692 9488
0.23116952461853923 -0.23116952461853935 9489
0.23570226039536035 -0.23570226039536046 9490
0.24023499617217944 -0.24023499617217955 9491
0.24476773194900805 -0.24476773194900817 9492
0.24930046772583925 -0.24930046772583936 9493
0.25383320350263777 -0.25383320350263788 9494
0.25836593927947155 -0.25836593927947166 9495
0.26289867505630532 -0.26289867505630543 9496
0.26743141083311356 -0.26743141083311367 9497
0.27196414660997126 -0.27196414660997137 9498
0.27649688238683057 -0.27649688238683068 9499
0.28102961816365657 -0.28102961816365668 9500
0.28556235394051266 -0.28556235394051277 9501
0.29009508971737363 -0.29009508971737374 9502
0.29462782549419952 -0.29462782549419964 9503
0.29916056127107143 -0.29916056127107155 9504
0.30369329704793835 -0.30369329704793846 9505
0.30822603282474265 -0.30822603282474276 9506
0.31275876860161117 -0.31275876860161128 9507
0.31729150437848136 -0.31729150437848147 9508
0.32182424015528577 -0.32182424015528588 9509
0.32635697593217255 -0.32635697593217267 9510
0.33088971170904602 -0.33088971170904613 9511
0.33542244748585187 -0.33542244748585198 9512
0.33995518326273394 -0.33995518326273405 9513
0.34448791903960613 -0.34448791903960624 9514
0.34902065481639644 -0.34902065481639655 9515
0.17762162911420168 -0.18492370443831513 9516
0.17386179411384128 -0.18846298347391371 9517
0.17003145084534127 -0.19192583285165324 9518
0.16613215268820078 -0.19531084822804082 9519
0.16216548096138866 -0.19861665684663501 9520
0.15813304430921368 -0.20184191806924742 9521
0.15403647808028129 -0.20498532389660382 9522
0.14987744358040797 -0.20804559956455274 9523
0.14565762746379018 -0.21102150400845954 9524
0.14137874107473666 -0.21391183035188863 9525
0.13704251965273428 -0.21671540646572074 9526
0.13265072172336367 -0.21943109537766842 9527
0.12820512836282918 -0.22205779575111334 9528
0.12370754243534905 -0.22459444235550233 9529
0.11915978789604245 -0.22704000647670652 9530
0.11456370905973036 -0.22939349633075973 9531
0.10992116981743706 -0.23165395748473402 9532
0.10523405291967065 -0.23382047322352423 9533
0.10050425919398326 -0.23589216493186352 9534
0.095733706753681383 -0.23786819245870822 9535
0.090924330251276511 -0.23974775444356042 9536
0.086078080124291564 -0.24153008863180792 9537
0.081196921714118131 -0.24321447221850173 9538
0.07628283453201419 -0.24480022211618674 9539
0.07133781145916579 -0.2462866952325877 9540
0.066363857898383879 -0.2476732887438938 9541
0.061362991009859633 -0.2489594403245175 9542
0.056337238846220994 -0.25014462838837248 9543
0.051288639563312449 -0.2512283722912636 9544
0.046219240584383571 -0.25221023252869051 9545
0.041131097765305248 -0.25308981091500721 9546
0.036026274552540379 -0.25386675074581588 9547
0.030906841169729866 -0.25454073693867219 9548
0.025774873764406812 -0.2551114961635445 9549
0.020632453565934961 -0.25557879695354779 9550
0.015481666039270344 -0.25594244979882069 9551
0.010324600049920774 -0.25620230722259812 9552
0.0051633470024444158 -0.25635826384204158 9553
0.18206216984205006 -0.18954679704926622 9554
0.17820833896668098 -0.19317455806075481 9555
0.17428223711646879 -0.19672397867293773 9556
0.17028545650540017 -0.20019361943373512 9557
0.16621961798541798 -0.20358207326779432 9558
0.16208637041693896 -0.20688796602097212 9559
0.15788739003228358 -0.21010995699401253 9560
0.15362437966991346 -0.21324673955366014 9561
0.14929906815038066 -0.21629704160866484 9562
0.14491320960160106 -0.21925962611067984 9563
0.14046858264404888 -0.22213329162735793 9564
0.13596698976644428 -0.22491687276210431 9565
0.13141025657189664 -0.22760924064488564 9566
0.12680023099622975 -0.23020930341438434 9567
0.12213878259344076 -0.23271600663861872 9568
0.11742780178622096 -0.23512833373902353 9569
0.11266919906287066 -0.23744530642184752 9570
0.10786490424266026 -0.23966598505410752 9571
0.10301686567383087 -0.24178946905515553 9572
0.098127049422521651 -0.24381489727017153 9573
0.09319743850755681 -0.24574144830464512 9574
0.08823003212739744 -0.24756834084759924 9575
0.083226844756969814 -0.24929483402396052 9576
0.07818990539531348 -0.25092022766908778 9577
0.073121256745643973 -0.25244386261339902 9578
0.068022954345842615 -0.25386512096248798 9579
0.062897065785105413 -0.25518342633262753 9580
0.057745669817375882 -0.2563982440980791 9581
0.052570855552394762 -0.25750908159854291 9582
0.047374721598992753 -0.25851548834190541 9583
0.04215937520943755 -0.25941705618788052 9584
0.036926931416353628 -0.26021341951445959 9585
0.031679512198972921 -0.26090425536213763 9586
0.026419245608516863 -0.26148928356763201 9587
0.021148264905083251 -0.26196826687738572 9588
0.01586870769025208 -0.26234101104379048 9589
0.010582715051168772 -0.26260736490316261 9590
0.005292430677505522 -0.26276722043809231 9591
0.18650271056990378 -0.19416988966022264 9592
0.18255488381952567 -0.19788613264760113 9593
0.17853302338760108 -0.20152212449422763 9594
0.17443876032260386 -0.20507639063943472 9595
0.17027375500945158 -0.20854748968895873 9596
0.16603969652466818 -0.21193401397270184 9597
0.16173830198428948 -0.21523459009142612 9598
0.15737131575942276 -0.21844787954277262 9599
0.15294050883697446 -0.22157257920887502 9600
0.14844767812846868 -0.22460742186947563 9601
0.14389464563536636 -0.22755117678899964 9602
0.13928325780952755 -0.23040265014654482 9603
0.13461538478096666 -0.23316068553866223 9604
0.12989291955711285 -0.23582416447327073 9605
0.12511777729084125 -0.23839200680053532 9606
0.12029189451271366 -0.24086317114729142 9607
0.11541722830830606 -0.24323665535896463 9608
0.11049575556565155 -0.24551149688469454 9609
0.10552947215368005 -0.24768677317845111 9610
0.10052039209136326 -0.24976160208163822 9611
0.095470546763838385 -0.25173514216573317 9612
0.090381984130504453 -0.2536065930633935 9613
0.085256767799822469 -0.2553751958294222 9614
0.080096976258613506 -0.25704023322199171 9615
0.074904702032122961 -0.25860102999421303 9616
0.069682050793302086 -0.26005695318108463 9617
0.064431140560351749 -0.26140741234073978 9618
0.059154100788531304 -0.26265185980778782 9619
0.053853071541477483 -0.26378979090582388 9620
0.048530202613602198 -0.26482074415512208 9621
0.043187652653570115 -0.26574430146075517 9622
0.0378275882801671 -0.26656008828310451 9623
0.032452183228216129 -0.26726777378560412 9624
0.027063617452627 -0.26786707097172019 9625
0.021664076244231611 -0.2683577368012241 9626
0.016255749341233833 -0.26873957228876078 9627
0.010840830052416811 -0.26901242258372748 9628
0.0054215143525666526 -0.2691761770341432 9629
0.19094325129775738 -0.19879298227117892 9630
0.18690142867237028 -0.20259770723444753 9631
0.18278380965873328 -0.20632027031551753 9632
0.17859206413980777 -0.20995916184513433 9633
0.17432789203348506 -0.21351290611012314 9634
0.16999302263239738 -0.21698006192443162 9635
0.16558921393629558 -0.22035922318883983 9636
0.16111825184893197 -0.22364901953188512 9637
0.15658194952356835 -0.22684811680908512 9638
0.15198214665533613 -0.22995521762827162 9639
0.14732070862668395 -0.23296906195064143 9640
0.14259952585261093 -0.23588842753098524 9641
0.13782051299003664 -0.23871213043243883 9642
0.13298560811799595 -0.24143902553215713 9643
0.12809677198824165 -0.24406800696245182 9644
0.12315598723920636 -0.24659800855555922 9645
0.11816525755374156 -0.24902800429608193 9646
0.11312660688864286 -0.2513570087152816 9647
0.10804207863352916 -0.25358407730174681 9648
0.10291373476020496 -0.25570830689310498 9649
0.09774365502011996 -0.2577288360268214 9650
0.092533936133611383 -0.2596448452791878 9651
0.08728669084267518 -0.26145555763488387 9652
0.082004047121913656 -0.26316023877489553 9653
0.076688147318601824 -0.26475819737502693 9654
0.071341147240761474 -0.26624878539968128 9655
0.065965215335598057 -0.26763139834885202 9656
0.060562531759686712 -0.26890547551749661 9657
0.055135287530560184 -0.27007050021310502 9658
0.049685683628211755 -0.27112599996833908 9659
0.044215930097702673 -0.27207154673362988 9660
0.038728245143980551 -0.2729067570517496 9661
0.033224854257459344 -0.27363129220907062 9662
0.027707989296737137 -0.27424485837580859 9663
0.022179887583379958 -0.27474720672506259 9664
0.016642790992215557 -0.27513813353373118 9665
0.011098945053664809 -0.27541748026429219 9666
0.0055505980276277633 -0.27558513363019432 9667
0.19538379202560577 -0.20341607488213004 9668
0.19124797352521009 -0.20730928182128852 9669
0.18703459592986088 -0.21111841613680202 9670
0.18274536795700708 -0.21484193305082863 9671
0.17838202905751438 -0.21847832253128252 9672
0.17394634874012269 -0.22202610987615634 9673
0.16944012588829768 -0.22548385628624854 9674
0.16486518793843766 -0.22885015952099264 9675
0.16022339021015886 -0.23212365440929053 9676
0.15551661518220056 -0.23530301338706272 9677
0.15074677161799843 -0.23838694711227854 9678
0.14591579389569154 -0.24137420491542122 9679
0.14102564119910416 -0.24426357532621104 9680
0.13607829667887664 -0.24705388659103922 9681
0.13107576668563994 -0.24974400712436412 9682
0.12602007996569706 -0.2523328459638231 9683
0.12091328679917505 -0.25481935323319538 9684
0.11575745821163255 -0.2572025205458649 9685
0.11055468511337675 -0.25948138142503868 9686
0.10530707742904516 -0.26165501170456817 9687
0.10001676327640026 -0.26372252988790618 9688
0.094685888136717258 -0.26568309749497898 9689
0.089316613885526863 -0.26753591944034272 9690
0.083911117985212905 -0.26928024432779663 9691
0.078471592605079993 -0.27091536475583838 9692
0.073000243688220209 -0.27244061761827548 9693
0.067499290110843907 -0.27385538435696222 9694
0.061970962730841635 -0.27515909122720322 9695
0.056417503519642469 -0.276351209520384 9696
0.050841164642820923 -0.27743125578155398 9697
0.045244207541834981 -0.27839879200650319 9698
0.039628902007793794 -0.27925342582039331 9699
0.033997525286702385 -0.2799948106325359 9700
0.02835236114084724 -0.28062264577989587 9701
0.022695698922528259 -0.28113667664890041 9702
0.017029832643197268 -0.28153669477870091 9703
0.011357060054912799 -0.28182253794485668 9704
0.0056796817026888427 -0.28199409022624511 9705
0.19982433275344547 -0.20803916749307183 9706
0.19559451837804148 -0.21202085640812052 9707
0.19128538220098049 -0.21591656195807774 9708
0.18689867177419886 -0.21972470425651414 9709
0.18243616608153657 -0.22344373895243302 9710
0.17789967484784106 -0.22707215782787232 9711
0.17329103784029345 -0.23060848938364872 9712
0.16861212402793724 -0.23405129951009182 9713
0.16386483089674356 -0.23739919200948753 9714
0.15905108370905965 -0.24065080914584583 9715
0.15417283460930825 -0.24380483227390784 9716
0.14923206193876745 -0.24685998229984932 9717
0.14423076940816723 -0.24981502021997562 9718
0.13917098523975335 -0.25266874764991393 9719
0.13405476138303443 -0.25542000728626951 9720
0.12888417269218436 -0.25806768337208008 9721
0.12366131604460545 -0.26061070217030202 9722
0.11838830953461926 -0.26304803237644192 9723
0.11306729159322175 -0.26537868554832461 9724
0.10770042009788315 -0.26760171651602571 9725
0.10228987153267845 -0.26971622374898552 9726
0.096837840139821219 -0.27172134971076478 9727
0.091346536928376854 -0.27361628124579629 9728
0.085818188848510696 -0.27540024988069312 9729
0.080255037891556857 -0.27707253213664512 9730
0.074659340135677862 -0.27863244983686553 9731
0.069033364886088674 -0.28007937036506841 9732
0.063379393701995745 -0.28141270693690629 9733
0.057699719508724143 -0.28263191882765998 9734
0.051996645657429584 -0.28373651159476609 9735
0.046272484985966866 -0.28472603727937368 9736
0.040529558871606752 -0.28560009458903468 9737
0.034770196315945232 -0.28635832905599928 9738
0.028996732984957068 -0.28700043318398172 9739
0.023211510261676449 -0.28752614657273667 9740
0.017416874294178927 -0.28793525602366982 9741
0.011615175056160797 -0.28822759562542061 9742
0.005808765377749942 -0.28840304682229551 9743
0.20426487348128716 -0.21266226010401582 9744
0.19994106323087477 -0.21673243099495454 9745
0.19553616847210187 -0.22071470777935534 9746
0.19105197559139236 -0.22460747546220164 9747
0.18649030310556033 -0.22840915537358542 9748
0.18185300095556114 -0.23211820577959033 9749
0.17714194979229075 -0.23573312248105083 9750
0.17235906011743823 -0.23925243949919284 9751
0.16750627158332976 -0.24267472960968653 9752
0.16258555223591994 -0.24599860490463082 9753
0.15759889760061885 -0.24922271743553873 9754
0.15254832998184445 -0.25234575968427947 9755
0.14743589761723144 -0.25536646511374211 9756
0.14226367380063085 -0.25828360870879041 9757
0.13703375608042984 -0.26109600744817629 9758
0.13174826541867235 -0.26380252078033861 9759
0.12640934529003664 -0.26640205110741022 9760
0.12101916085760664 -0.26889354420702027 9761
0.11557989807306734 -0.27127598967161182 9762
0.11009376276672155 -0.27354842132748441 9763
0.10456297978895715 -0.2757099176100658 9764
0.098989792142925595 -0.27775960192655191 9765
0.093376459971227233 -0.27969664305125108 9766
0.087725259711808751 -0.28152025543359038 9767
0.082038483178034027 -0.28322969951745303 9768
0.076318436583135779 -0.2848242820554564 9769
0.070567439661333678 -0.28630335637317528 9770
0.064787824673150057 -0.28766632264661002 9771
0.058981935497805928 -0.28891262813493662 9772
0.053152126672038294 -0.29004176740797888 9773
0.047300762430098883 -0.29105328255224477 9774
0.041430215735419725 -0.29194676335767639 9775
0.035542867345188092 -0.29272184747946289 9776
0.029641104829067014 -0.29337822058806778 9777
0.023727321600824684 -0.29391561649657322 9778
0.017803915945160596 -0.29433381726863878 9779
0.011873290057408756 -0.29463265330598448 9780
0.0059378490528110691 -0.29481200341834612 9781
0.20870541420912006 -0.21728535271495072 9782
0.20428760808369967 -0.22144400558177954 9783
0.19978695474321528 -0.22551285360062392 9784
0.19520527940857824 -0.22949024666788023 9785
0.19054444012957694 -0.23337457179472912 9786
0.18580632706327435 -0.23716425373129973 9787
0.18099286174428164 -0.24085775557844444 9788
0.17610599620693315 -0.24445357948828553 9789
0.17114771226991016 -0.24795026720987723 9790
0.16612002076277493 -0.25134640066340763 9791
0.16102496059192464 -0.25464060259716187 9792
0.15586459802491676 -0.25783153706870177 9793
0.15064102582629124 -0.26091791000750109 9794
0.14535636236150454 -0.26389846976765952 9795
0.14001275077782155 -0.26677200761007608 9796
0.13461235814515696 -0.26953735818859031 9797
0.12915737453546464 -0.27219340004451198 9798
0.12365001218059114 -0.27473905603759219 9799
0.11809250455291034 -0.27717329379489292 9800
0.11248710543555765 -0.27949512613893729 9801
0.10683608804523365 -0.28170361147114059 9802
0.10114174414602804 -0.28379785414233361 9803
0.095406383014075891 -0.28577700485670099 9804
0.089632330575105335 -0.28764026098648299 9805
0.083821928464509907 -0.28938686689825632 9806
0.077977533030592544 -0.29101611427404322 9807
0.072101514436577793 -0.29252734238127842 9808
0.06619625564430355 -0.29391993835631042 9809
0.060264151486887074 -0.29519333744220988 9810
0.054307607686646595 -0.29634702322118861 9811
0.048329039874230394 -0.29738052782511348 9812
0.042330872599232433 -0.29829343212631598 9813
0.036315538374430752 -0.29908536590292478 9814
0.030285476673176725 -0.29975600799215207 9815
0.024243132939972763 -0.30030508642040871 9816
0.018190957596142216 -0.30073237851360668 9817
0.012131405058656704 -0.30103771098654769 9818
0.0060669327278721364 -0.30122096001439619 9819
0.21314595493696056 -0.22190844532589332 9820
0.20863415293653187 -0.22615558016861234 9821
0.20403774101433564 -0.23031099942190042 9822
0.19935858322577074 -0.23437301787356643 9823
0.19459857715359974 -0.23833998821588054 9824
0.18975965317099333 -0.24221030168301652 9825
0.18484377369627805 -0.24598238867584532 9826
0.17985293229643334 -0.24965471947738543 9827
0.17478915295649544 -0.25322580481007517 9828
0.16965448928963456 -0.25669419642219155 9829
0.16445102358323485 -0.26005848775879176 9830
0.15918086606799314 -0.26331731445313056 9831
0.15384615403535473 -0.26646935490126628 9832
0.14844905092238153 -0.269513330826535 9833
0.14299174547521645 -0.27244800777198203 9834
0.13747645087164453 -0.2752721955968479 9835
0.13190540378089535 -0.27798474898161929 9836
0.12628086350357814 -0.28058456786816971 9837
0.12060511103275565 -0.28307059791817929 9838
0.11488044810439564 -0.28544183095039521 9839
0.10910919630151204 -0.28769730533222032 9840
0.10329369614913224 -0.28983610635812002 9841
0.097436306056926089 -0.29185736666215523 9842
0.091539401438403237 -0.29376026653937981 9843
0.085605373750986896 -0.29554403427906362 9844
0.079636629478050266 -0.29720794649263371 9845
0.073635589211822672 -0.2987513283893849 9846
0.067604686615457696 -0.30017355406601381 9847
0.061546367475968776 -0.30147404674948608 9848
0.055463088701255256 -0.30265227903440112 9849
0.049357317318362293 -0.30370777309798419 9850
0.043231529463045412 -0.30464010089495758 9851
0.037088209403673592 -0.30544888432638828 9852
0.030929848517286675 -0.30613379539623797 9853
0.024758944279120954 -0.30669455634424531 9854
0.018577999247123854 -0.30713093975857553 9855
0.012389520059904654 -0.30744276866711151 9856
0.006196016402933208 -0.3076299166104467 9857
0.21758649566480148 -0.22653153793683653 9858
0.21298069778936435 -0.23086715475544553 9859
0.20828852728545635 -0.23510914524317722 9860
0.20351188704296355 -0.23925578907925313 9861
0.19865271417762295 -0.24330540463703224 9862
0.19371297927871275 -0.24725634963473372 9863
0.18869468564827474 -0.25110702177324673 9864
0.18359986838593384 -0.25485585946648576 9865
0.17843059364308103 -0.25850134241027328 9866
0.17318895781649435 -0.26204199218097574 9867
0.16787708657454503 -0.26547637292042203 9868
0.16249713411106975 -0.26880309183755996 9869
0.15705128224441856 -0.27202079979503213 9870
0.15154173948325875 -0.27512819188541077 9871
0.14597074017261155 -0.27812400793388831 9872
0.14034054359813225 -0.28100703300510582 9873
0.13465343302632624 -0.28377609791872699 9874
0.12891171482656524 -0.28643007969874762 9875
0.12311771751260095 -0.28896790204146588 9876
0.11727379077323394 -0.29138853576185347 9877
0.11138230455779055 -0.29369099919330027 9878
0.10544564815223645 -0.29587435857390659 9879
0.099466229099776315 -0.29793772846760952 9880
0.093446472301701194 -0.29988027209227658 9881
0.087388819037463955 -0.30170120165987108 9882
0.081295725925508044 -0.30339977871122431 9883
0.075169663987067648 -0.30497531439749159 9884
0.069013117586611952 -0.30642716977571732 9885
0.062828583465050533 -0.30775475605676228 9886
0.056618569715863987 -0.30895753484761351 9887
0.050385594762494226 -0.31003501837085512 9888
0.044132186326858391 -0.31098676966359923 9889
0.037860880432916452 -0.31181240274985189 9890
0.031574220361396552 -0.31251158280032398 9891
0.02527475561826913 -0.31308402626808168 9892
0.018965040898105519 -0.31352950100354449 9893
0.012647635061152664 -0.31384782634767538 9894
0.0063251000779943082 -0.3140388732064972 9895
0.22202703639263435 -0.23115463054777144 9896
0.21732724264218933 -0.23557872934227062 9897
0.21253931355656985 -0.23990729106444592 9898
0.20766519086014953 -0.24413856028493172 9899
0.20270685120163964 -0.24827082105817594 9900
0.19766630538642604 -0.25230239758644307 9901
0.19254559760026566 -0.25623165487064037 9902
0.18734680447542884 -0.26005699945557853 9903
0.18207203432966154 -0.26377688001046407 9904
0.17672342634334934 -0.26738978793975254 9905
0.17130314956585085 -0.27089425808204504 9906
0.16581340215414203 -0.27428886922198215 9907
0.16025641045347835 -0.27757224468879105 9908
0.15463442804413244 -0.28074305294427998 9909
0.14894973487000324 -0.28380000809578798 9910
0.14320463632461694 -0.28674187041335752 9911
0.13740146227175423 -0.28956744685582869 9912
0.13154256614954984 -0.29227559152931959 9913
0.12563032399244395 -0.29486520616474721 9914
0.11966713344207004 -0.29733524057330651 9915
0.11365541281406705 -0.29968469305437517 9916
0.10759760015533894 -0.30191261078968817 9917
0.10149615214262504 -0.30401809027305932 9918
0.095353543164997806 -0.30600027764516929 9919
0.08917226432393982 -0.30785836904067448 9920
0.082954822372964795 -0.30959161092981108 9921
0.07670373876231168 -0.31119930040559479 9922
0.070421548557765404 -0.31268078548541772 9923
0.064110799454131631 -0.3140354653640357 9924
0.057774050730472246 -0.3152627906608233 9925
0.051413872206625855 -0.31636226364372377 9926
0.045032843190671114 -0.31733343843223882 9927
0.038633551462159021 -0.31817592117331372 9928
0.032218592205506283 -0.31888937020440838 9929
0.025790566957417212 -0.31947349619191712 9930
0.01935208254908713 -0.31992806224851261 9931
0.012905750062400611 -0.32025288402823882 9932
0.006454183753055457 -0.32044782980254738 9933
0.22646757712047563 -0.23577772315871504 9934
0.22167378749502226 -0.24029030392910422 9935
0.21679009982769085 -0.24470543688572322 9936
0.21181849467734273 -0.24902133149061884 9937
0.20676098822566313 -0.25323623747932805 9938
0.20161963149414575 -0.25734844553816077 9939
0.19639650955226254 -0.26135628796804206 9940
0.19109374056492953 -0.26525813944467908 9941
0.18571347501624735 -0.26905241761066256 9942
0.18025789487020935 -0.27273758369853723 9943
0.17472921255716145 -0.27631214324367587 9944
0.16912967019721883 -0.27977464660641188 9945
0.16346153866254234 -0.28312368958255718 9946
0.15772711660500974 -0.28635791400315608 9947
0.15192872956739834 -0.28947600825769465 9948
0.14606872905110474 -0.29247670782161572 9949
0.14014949151718525 -0.29535879579293661 9950
0.13417341747253705 -0.29812110335989772 9951
0.12814293047228945 -0.30076251028803408 9952
0.12206047611090834 -0.30328194538476488 9953
0.11592852107034564 -0.30567838691545551 9954
0.10974955215844324 -0.30795086300547531 9955
0.10352607518547534 -0.310098452078514 9956
0.097260614028295847 -0.31212028319806651 9957
0.090955709610416921 -0.31401553642148211 9958
0.084613918820422643 -0.31578344314840179 9959
0.078237813537556669 -0.3174232864137016 9960
0.071829979528919702 -0.31893440119512129 9961
0.065393015443213395 -0.32031617467131218 9962
0.058929531745080935 -0.32156804647403597 9963
0.052442149650757768 -0.32268950891659481 9964
0.045933500054484065 -0.32368010720088058 9965
0.039406222491401958 -0.32453943959677739 9966
0.032862964049616236 -0.32526715760849451 9967
0.02630637829656542 -0.32586296611575372 9968
0.019739124200068733 -0.32632662349348152 9969
0.013163865063648609 -0.32665794170880269 9970
0.0065832674281165009 -0.32685678639859778 9971
0.23090811784831564 -0.24040081576965724 9972
0.22602033234785404 -0.24500187851593652 9973
0.22104088609881095 -0.24950358270699924 9974
0.21597179849453485 -0.25390410269630476 9975
0.21081512524968565 -0.25820165390047906 9976
0.20557295760186453 -0.26239449348987715 9977
0.20024742150425875 -0.26648092106544258 9978
0.19484067665442945 -0.27045927943377868 9979
0.18935491570283244 -0.27432795521086017 9980
0.18379236339706875 -0.27808537945732054 9981
0.17815527554847124 -0.28173002840530548 9982
0.17244593824029505 -0.28526042399084045 9983
0.16666666687160556 -0.28867513447632204 9984
0.16081980516588673 -0.29197277506203118 9985
0.15490772426479316 -0.29515200841960026 9986
0.14893282177759223 -0.2982115452298732 9987
0.14289752076261575 -0.30115014473004359 9988
0.13680426879552393 -0.30396661519047502 9989
0.13065553695213455 -0.30665981441132018 9990
0.12445381877974634 -0.30922865019622259 9991
0.11820162932662394 -0.31167208077653491 9992
0.11190150416154734 -0.31398911522126122 9993
0.10555599822832544 -0.31617881388396779 9994
0.099167684891593652 -0.31824028875096311 9995
0.092739154896893911 -0.32017270380228918 9996
0.086273015267880337 -0.32197527536699211 9997
0.079771888312801548 -0.32364727242180791 9998
0.073238410500073778 -0.32518801690482457 9999
0.06667523143229509 -0.32659688397858821 10000
0.060085012759689631 -0.32787330228724809 10001
0.053470427094889687 -0.32901675418946541 10002
0.046834156918297017 -0.33002677596952212 10003
0.040178893520644778 -0.33090295802024078 10004
0.033507335893726065 -0.33164494501258018 10005
0.026822189635713648 -0.33225243603959009 10006
0.020126165851050377 -0.33272518473845042 10007
0.01342198006489659 -0.33306299938936651 10008
0.0067123511031776566 -0.33326574299464851 10009
0.23534865857615384 -0.24502390838059757 10010
0.23036687720068386 -0.24971345310276696 10011
0.22529167236992895 -0.25430172852827326 10012
0.22012510231172525 -0.25878687390198857 10013
0.21486926227370653 -0.26316707032162795 10014
0.20952628370958173 -0.26744054144159163 10015
0.20409833345625333 -0.27160555416284116 10016
0.19858761274392794 -0.27566041942287628 10017
0.19299635638941626 -0.27960349281105568 10018
0.18732683192392685 -0.28343317521610217 10019
0.18158133853977995 -0.28714791356693325 10020
0.17576220628337014 -0.29074620137526724 10021
0.16987179508066794 -0.29422657937008556 10022
0.16391249372676264 -0.29758763612090466 10023
0.15788671896218703 -0.30082800858150427 10024
0.15179691450407895 -0.30394638263812884 10025
0.14564555000804563 -0.30694149366714929 10026
0.13943512011851025 -0.30981212702105071 10027
0.13316814343197914 -0.31255711853460511 10028
0.12684716144858385 -0.3151753550076789 10029
0.12047473758290174 -0.31766577463761297 10030
0.11405345616465094 -0.32002736743704618 10031
0.10758592127117514 -0.32225917568942058 10032
0.10107475575489114 -0.32436029430385849 10033
0.094522600183370484 -0.32632987118309531 10034
0.087932111715337796 -0.32816710758558121 10035
0.081305963088046204 -0.32987125842991338 10036
0.074646841471227757 -0.33144163261452703 10037
0.067957447421376604 -0.33287759328586353 10038
0.061240493774298188 -0.33417855810045971 10039
0.054498704539021448 -0.33534399946233551 10040
0.047734813782109906 -0.33637344473816322 10041
0.04095156454988759 -0.33726647644370378 10042
0.034151707737835921 -0.33802273241666558 10043
0.027338000974861797 -0.33864190596342642 10044
0.020513207502032029 -0.33912374598341888 10045
0.013680095066144558 -0.33946805706993022 10046
0.006841434778238756 -0.3396746995906989 10047
0.23978919930400105 -0.24964700099154727 10048
0.23471342205352255 -0.25442502768960673 10049
0.22954245864105544 -0.25909987434955645 10050
0.22427840612892355 -0.26366964510768187 10051
0.21892339929773486 -0.26813248674278606 10052
0.21347960981730615 -0.27248658939331505 10053
0.20794924540825474 -0.27673018726024873 10054
0.20233454883343274 -0.28086155941198265 10055
0.19663779707600595 -0.28487903041125984 10056
0.19086130045079056 -0.28878097097489236 10057
0.18500740153109393 -0.29256579872856925 10058
0.17907847432645013 -0.29623197875970214 10059
0.17307692328973495 -0.29977802426385675 10060
0.16700518228764286 -0.30320249717978565 10061
0.16086571365958494 -0.30650400874341577 10062
0.15466100723056905 -0.30968122004639198 10063
0.14839357925347874 -0.31273284260426171 10064
0.14206597144149943 -0.31565763885163323 10065
0.13568074991182635 -0.31845442265789609 10066
0.12924050411742374 -0.32112205981914138 10067
0.12274784583918175 -0.3236594684986972 10068
0.11620540816775654 -0.32606561965283648 10069
0.10961584431402654 -0.32833953749487871 10070
0.10298182661819015 -0.33048029985675897 10071
0.096306045469848542 -0.33248703856390588 10072
0.089591208162796393 -0.33435893980417492 10073
0.082840037863291832 -0.33609524443802269 10074
0.076055272442382651 -0.33769524832423298 10075
0.069239663410458813 -0.33915830259314211 10076
0.062395974788907307 -0.34048381391367438 10077
0.05552698198315377 -0.34167124473520832 10078
0.048635470645923128 -0.34272011350680631 10079
0.041724235579130554 -0.34362999486716878 10080
0.03479607958194593 -0.3444005198207527 10081
0.027853812314010049 -0.34503137588726368 10082
0.020900249153013736 -0.3455223072283885 10083
0.013938210067392556 -0.34587311475049448 10084
0.0069705184532998293 -0.34608365618674952 10085
0.24422974003185063 -0.25427009360249958 10086
0.23905996690636336 -0.25913660227644897 10087
0.23379324491218414 -0.26389802017084235 10088
0.22843170994612394 -0.26855241631337717 10089
0.22297753632176515 -0.27309790316394644 10090
0.21743293592503224 -0.27753263734504108 10091
0.21180015736025784 -0.28185482035765863 10092
0.20608148492293923 -0.28606269940109125 10093
0.20027923776259723 -0.29015456801146627 10094
0.19439576897765565 -0.29412876673368465 10095
0.18843346452240914 -0.29798368389020746 10096
0.18239474236953143 -0.30171775614413904 10097
0.17628205149880294 -0.30532946915762993 10098
0.17009787084852415 -0.30881735823866885 10099
0.16384470835698364 -0.31218000890532893 10100
0.15752509995706016 -0.31541605745465667 10101
0.15114160849891276 -0.31852419154137618 10102
0.14469682276448945 -0.32150315068221719 10103
0.13819335639167435 -0.3243517267811889 10104
0.13163384678626436 -0.32706876463060552 10105
0.12502095409546235 -0.32965316235978259 10106
0.11835736017086264 -0.33210387186862839 10107
0.11164576735687845 -0.33441989930033811 10108
0.10488889748148965 -0.33660030540966063 10109
0.098089490756326864 -0.338644205944718 10110
0.091250304610255253 -0.34055077202276968 10111
0.084374112638537724 -0.34231923044613338 10112
0.077463703413537602 -0.34394886403394032 10113
0.070521879399541201 -0.34543901190042192 10114
0.063551455803516552 -0.34678906972688972 10115
0.05655525942728612 -0.34799849000808197 10116
0.049536127509736426 -0.3490667822754504 10117
0.042496906608373707 -0.34999351329063438 10118
0.035440451426056001 -0.35077830722484038 10119
0.028369623653158354 -0.35142084581110172 10120
0.021287290803995444 -0.35192086847335852 10121
0.014196325068640556 -0.35227817243105891 10122
0.0070996021283609686 -0.35249261278280042 10123
0.24867028075966915 -0.25889318621341928 10124
0.24340651175917455 -0.26384817686325907 10125
0.23804403118328454 -0.26869616599209628 10126
0.23258501376329743 -0.27343518751904128 10127
0.22703167334576996 -0.27806331958507574 10128
0.22138626203273434 -0.28257868529673608 10129
0.21565106931223815 -0.28697945345503817 10130
0.20982842101242435 -0.29126383939017025 10131
0.20392067844916825 -0.29543010561164357 10132
0.19793023750450184 -0.29947656249244814 10133
0.19185952751370675 -0.30340156905181764 10134
0.18571101041259594 -0.30720353352854868 10135
0.17948717970785563 -0.31088091405137658 10136
0.17319055940939093 -0.31443221929752574 10137
0.16682370305436914 -0.31785600906721695 10138
0.16038919268353924 -0.32115089486289694 10139
0.15388963774433564 -0.32431554047846678 10140
0.14732767408746913 -0.32734866251277889 10141
0.14070596287151305 -0.33024903090446001 10142
0.13402718945509653 -0.33301546944204868 10143
0.12729406235173543 -0.33564685622084828 10144
0.12050931217396205 -0.33814212408440142 10145
0.11367569039972433 -0.34050026110577952 10146
0.10679596834478373 -0.3427203109625454 10147
0.099872936042800606 -0.34480137332551403 10148
0.092909401057710214 -0.34674260424134962 10149
0.085908187413780215 -0.34854321645423009 10150
0.078872134384689818 -0.3502024797436345 10151
0.071804095388621259 -0.35171972120768991 10152
0.064706936818123881 -0.35309432554009479 10153
0.057583536871416985 -0.35432573528094619 10154
0.050436784373548559 -0.35541345104408623 10155
0.043269577637615957 -0.35635703171409278 10156
0.036084823270165468 -0.35715609462892201 10157
0.028885434992306374 -0.35781031573493483 10158
0.021674332454977015 -0.35831942971832481 10159
0.014454440069888464 -0.35868323011162118 10160
0.0072286858034220193 -0.35890156937885009 10161
0.25311082148752134 -0.26351627882437423 10162
0.24775305661201785 -0.26855975145010397 10163
0.24229481745441545 -0.27349431181338468 10164
0.23673831758050004 -0.27831795872473947 10165
0.23108581036980244 -0.28302873600623873 10166
0.22533958814046245 -0.28762473324846438 10167
0.21950198126424306 -0.29210408655245057 10168
0.21357535710193254 -0.29646497937928123 10169
0.20756211913576114 -0.30070564321185228 10170
0.20146470603136854 -0.30482435825124293 10171
0.19528559050502353 -0.30881945421345813 10172
0.18902727845567854 -0.31268931091298796 10173
0.18269230791692495 -0.31643235894515187 10174
0.17628324797027345 -0.32004708035641116 10175
0.16980269775176904 -0.32353200922913233 10176
0.16325328541003134 -0.32688573227116385 10177
0.15663766698977055 -0.33010688941558297 10178
0.14995852541046004 -0.33319417434336479 10179
0.14321856935136185 -0.33614633502775459 10180
0.13642053212393773 -0.33896217425351449 10181
0.12956717060801665 -0.34164055008193539 10182
0.12266126417706863 -0.34418037630019488 10183
0.11570561344257672 -0.34658062291124042 10184
0.10870303920808363 -0.3488403165154485 10185
0.10165638132927923 -0.35095854070632709 10186
0.094568497505169422 -0.35293443645994571 10187
0.087442262189026371 -0.35476720246234178 10188
0.080280565355845102 -0.35645609545334273 10189
0.073086311377703855 -0.35800043051497032 10190
0.065862417832733278 -0.35939958135331113 10191
0.058611814315549432 -0.36065298055382039 10192
0.051337441237361968 -0.36176011981273082 10193
0.044042248666859123 -0.36272055013755922 10194
0.036729195114275588 -0.36353388203301001 10195
0.029401246331454686 -0.36419978565877309 10196
0.022061374105958754 -0.36471799096329499 10197
0.014712555071136472 -0.36508828779218588 10198
0.0073577694784831274 -0.36531052597490088 10199
0.25755136221537356 -0.26813937143532907 10200
0.25209960146486116 -0.27327132603694887 10201
0.24654560372554646 -0.27829245763467314 10202
0.24089162139770254 -0.28320072993043743 10203
0.23513994739383473 -0.28799415242740184 10204
0.22929291424819045 -0.29267078120019263 10205
0.22335289321624793 -0.29722871964986275 10206
0.21732229319144075 -0.30166611936839238 10207
0.21120355982235403 -0.30598118081206105 10208
0.20499917455823524 -0.31017215401003734 10209
0.19871165349634023 -0.31423733937509857 10210
0.19234354649876115 -0.31817508829742697 10211
0.18589743612599424 -0.32198380383892716 10212
0.17937593653115586 -0.32566194141529625 10213
0.17278169244916886 -0.32920800939104777 10214
0.16611737813652355 -0.33262056967943043 10215
0.15938569623520543 -0.33589823835269916 10216
0.15258937673345085 -0.33903968617395097 10217
0.14573117583121045 -0.34204363915104907 10218
0.13881387479277904 -0.34490887906498041 10219
0.13184027886429783 -0.34763424394302261 10220
0.12481321618017532 -0.35021862851598828 10221
0.11773553648542913 -0.35266098471670132 10222
0.11061011007138342 -0.35496032206835171 10223
0.10343982661575803 -0.35711570808714038 10224
0.096227593952628629 -0.35912626867854158 10225
0.088976336964272582 -0.36099118847045347 10226
0.081688996327000371 -0.36270971116305067 10227
0.074368527366786424 -0.3642811398222508 10228
0.067017898847342702 -0.36570483716652741 10229
0.059640091759681921 -0.36698022582669487 10230
0.05223809810117537 -0.36810678858137552 10231
0.044814919696102282 -0.36908406856102532 10232
0.037373566958385687 -0.36991166943709819 10233
0.029917057670603011 -0.3705892555826113 10234
0.022448415756940499 -0.37111655220826512 10235
0.014970670072384453 -0.3714933454727507 10236
0.0074868531535442354 -0.37171948257095189 10237
0.26199190294320124 -0.27276246404625865 10238
0.25644614631768103 -0.27798290062376835 10239
0.25079638999665516 -0.28309060345593645 10240
0.24504492521488405 -0.28808350113611098 10241
0.23919408441784715 -0.29295956884854024 10242
0.23324624035589983 -0.29771682915189707 10243
0.22720380516823516 -0.30235335274725134 10244
0.22106922928093214 -0.30686725935748005 10245
0.21484500050893116 -0.31125671841224684 10246
0.20853364308508715 -0.31551994976880954 10247
0.20213771648764303 -0.31965522453671685 10248
0.19565981454183073 -0.32366086568184488 10249
0.18910256433505154 -0.32753524873268175 10250
0.18246862509202713 -0.33127680247416097 10251
0.17576068714655835 -0.33488400955294345 10252
0.16898147086300605 -0.33835540708767814 10253
0.16213372548063165 -0.34168958728979698 10254
0.15522022805643365 -0.34488519800451917 10255
0.14824378231105195 -0.34794094327432662 10256
0.14120721746161363 -0.35085558387642968 10257
0.13411338712057314 -0.35362793780409418 10258
0.12696516818327674 -0.35625688073176698 10259
0.11976545952827683 -0.35874134652214812 10260
0.11251718093467923 -0.36108032762124148 10261
0.10522327190223313 -0.36327287546794113 10262
0.097886690400084728 -0.36531810089712591 10263
0.090510411739516072 -0.36721517447855417 10264
0.083097427298153378 -0.36896332687274891 10265
0.075650743355867175 -0.37056184912952228 10266
0.0681733798619506 -0.37201009297973547 10267
0.06066836920381323 -0.37330747109956181 10268
0.053138754964987864 -0.37445345735001362 10269
0.045587590725344768 -0.37544758698448588 10270
0.038017938802495349 -0.37628945684118159 10271
0.030432869009751052 -0.37697872550644579 10272
0.022835457407922061 -0.37751511345323258 10273
0.0152287850736324 -0.37789840315331358 10274
0.0076159368286053252 -0.37812843916700178 10275
0.26643244367107632 -0.27738555665723724 10276
0.26079269117054626 -0.28269447521063695 10277
0.25504717626780676 -0.28788874927724828 10278
0.24919822903210626 -0.29296627234183203 10279
0.24324822144189814 -0.29792498526972627 10280
0.23719956646364565 -0.30276287710364796 10281
0.23105471712025674 -0.30747798584468577 10282
0.22481616537045604 -0.31206839934661285 10283
0.21848644119553876 -0.31653225601247714 10284
0.21206811161196765 -0.32086774552762504 10285
0.20556377947897275 -0.32507310969837794 10286
0.19897608258492536 -0.32914664306630398 10287
0.19230769254413194 -0.33308669362647647 10288
0.18556131365291995 -0.33689166353306516 10289
0.17873968184396785 -0.34056000971487704 10290
0.17184556358950714 -0.34409024449596276 10291
0.16488175472607464 -0.34748093622693027 10292
0.15785107937943194 -0.35073070983512178 10293
0.15075638879090744 -0.35383824739763708 10294
0.14360056013046116 -0.3568022886879107 10295
0.13638649537685996 -0.35962163166519601 10296
0.12911712018638835 -0.36229513294757432 10297
0.12179538257113363 -0.36482170832762217 10298
0.11442425179798293 -0.36720033317415701 10299
0.10700671718871523 -0.36943004284876602 10300
0.099545786847546933 -0.37150993311573272 10301
0.092044486514764753 -0.37343916048667603 10302
0.084505858269310716 -0.37521694258246652 10303
0.076932959344951493 -0.3768425584368113 10304
0.069328860876561413 -0.37831534879295942 10305
0.061696646647946843 -0.37963471637244289 10306
0.05403941182880212 -0.38080012611866432 10307
0.046360261754588593 -0.38181110540795721 10308
0.038662310646605913 -0.38266724424527399 10309
0.030948680348899679 -0.38336819543028772 10310
0.023222499058903969 -0.38391367469820531 10311
0.015486900074880509 -0.38430346083388012 10312
0.0077450205036664827 -0.38453739576305362 10313
0.27087298439895285 -0.28200864926821756 10314
0.26513923602341277 -0.28740604979750706 10315
0.25929796253895987 -0.29268689509856155 10316
0.25335153284932982 -0.29784904354755487 10317
0.24730235846595056 -0.30289040169091364 10318
0.24115289257139244 -0.30780892505540014 10319
0.23490562907227944 -0.31260261894212188 10320
0.22856310145998104 -0.31726953933574736 10321
0.22212788188214744 -0.32180779361270878 10322
0.21560258013884903 -0.32621554128644198 10323
0.20898984247030333 -0.33049099486004013 10324
0.20229235062802095 -0.33463242045076463 10325
0.19551282075321344 -0.33863813852027297 10326
0.18865400221381354 -0.34250652459197073 10327
0.18171867654137805 -0.34623600987681208 10328
0.17470965631600874 -0.34982508190424855 10329
0.16762978397151823 -0.35327228516406495 10330
0.16048193070243075 -0.35657622166572545 10331
0.15326899527076343 -0.35973555152094888 10332
0.14599390279930893 -0.36274899349939282 10333
0.13865960363314705 -0.36561532552629877 10334
0.13126907218950024 -0.36833338516338249 10335
0.12382530561399073 -0.37090207013309712 10336
0.11633132266128703 -0.37332033872707338 10337
0.10879016247519753 -0.37558721022959168 10338
0.10120488329500923 -0.37770176533434019 10339
0.093578561290013629 -0.3796631464947986 10340
0.08591428924046822 -0.38147055829218462 10341
0.07821517533403595 -0.38312326774410099 10342
0.07048434189117235 -0.38462060460618391 10343
0.062724924092080511 -0.38596196164532459 10344
0.054940068692616438 -0.38714679488731529 10345
0.047132932783832397 -0.38817462383142881 10346
0.039306682490716491 -0.38904503164936649 10347
0.031464491688048248 -0.38975766535412959 10348
0.023609540709885867 -0.39031223594317821 10349
0.015745015076128556 -0.39070851851444649 10350
0.0078741041787275777 -0.39094635235910552 10351
0.27531352512679752 -0.28663174187916468 10352
0.26948578087624897 -0.29211762438434408 10353
0.26354874881008405 -0.29748504091984235 10354
0.25750483666652596 -0.30273181475324545 10355
0.25135649548997674 -0.30785581811206908 10356
0.24510621867911495 -0.31285497300712123 10357
0.23875654102427896 -0.31772725203952684 10358
0.23231003754948423 -0.32247067932485135 10359
0.22576932256873564 -0.32708333121291067 10360
0.21913704866571124 -0.33156333704522978 10361
0.21241590546161573 -0.33590888002167396 10362
0.20560861867109956 -0.34011819783519737 10363
0.19871794896227904 -0.34418958341404177 10364
0.19174669077469256 -0.34812138565084977 10365
0.18469767123877476 -0.35191201003872158 10366
0.17757374904249804 -0.35555991931250946 10367
0.17037781321695056 -0.35906363410117537 10368
0.16311278202541915 -0.36242173349630608 10369
0.15578160175060995 -0.36563285564423814 10370
0.14838724546814824 -0.36869569831085369 10371
0.14093271188942644 -0.37160901938738111 10372
0.13342102419260535 -0.37437163737917151 10373
0.12585522865684173 -0.37698243193855369 10374
0.11823839352458564 -0.37944034427997247 10375
0.11057360776167513 -0.3817443776104012 10376
0.10286397974246753 -0.38389359755293267 10377
0.095112636065258938 -0.38588713250290702 10378
0.087322720211622823 -0.38772417400188969 10379
0.079497391323117977 -0.38940397705137858 10380
0.071639822905781289 -0.39092586041939781 10381
0.063753201536212625 -0.39228920691819669 10382
0.055840725556429563 -0.39349346365595811 10383
0.047905603813075383 -0.39453814225489342 10384
0.039951054334826458 -0.39542281905345328 10385
0.031980303027196573 -0.39614713527796669 10386
0.023996582360867488 -0.39671079718814761 10387
0.016003130077376509 -0.39711357619501081 10388
0.0080031878537886458 -0.39735530895515631 10389
0.27975406585467094 -0.29125483449014167 10390
0.27383232572911242 -0.29682919897121107 10391
0.26779953508123422 -0.30228318674115257 10392
0.26165814048374675 -0.30761458595896518 10393
0.25541063251402646 -0.31282123453325333 10394
0.24905954478685943 -0.31790102095887063 10395
0.24260745297629935 -0.32285188513695984 10396
0.23605697363900704 -0.32767181931398265 10397
0.22941076325534224 -0.33235886881313936 10398
0.22267151719259073 -0.33691113280404378 10399
0.21584196845294465 -0.34132676518333344 10400
0.20892488671419335 -0.34560397521965508 10401
0.20192307717135893 -0.34974102830783538 10402
0.19483937933558473 -0.35373624670975257 10403
0.18767666593618354 -0.35758801020065395 10404
0.18043784176899844 -0.36129475672079275 10405
0.17312584246239293 -0.36485498303830755 10406
0.16574363334841694 -0.36826724532690758 10407
0.15829420823046506 -0.37153015976754766 10408
0.15078058813699513 -0.37464240312233371 10409
0.14320582014571284 -0.37760271324848182 10410
0.13557297619571651 -0.3804098895949779 10411
0.12788515169969811 -0.38306279374402691 10412
0.12014546438788903 -0.38556034983288712 10413
0.11235705304815703 -0.3879015449912252 10414
0.10452307618992954 -0.39008542977153893 10415
0.09664671084050748 -0.39211111851102798 10416
0.088731151182780035 -0.39397778971160652 10417
0.080779607312202184 -0.39568468635866699 10418
0.072795303920392032 -0.39723111623262108 10419
0.064781478980346183 -0.39861645219107739 10420
0.056741382420243743 -0.39984013242460831 10421
0.048678274842319111 -0.40090166067836419 10422
0.040595426178936966 -0.4018006064575454 10423
0.032496114366345141 -0.40253660520180817 10424
0.024383624011849448 -0.40310935843312018 10425
0.016261245078624587 -0.40351863387557718 10426
0.0081322715288498024 -0.40376426555120792 10427
0.28419460658254914 -0.29587792710112354 10428
0.27817887058198054 -0.30154077355808273 10429
0.27205032135238866 -0.30708133256246745 10430
0.26581144430097164 -0.31249735716468957 10431
0.25946476953808006 -0.31778665095444247 10432
0.25301287089460767 -0.32294706891062464 10433
0.24645836492832324 -0.32797651823439733 10434
0.23980390972853305 -0.33287295930311833 10435
0.23305220394195195 -0.33763440641337245 10436
0.22620598571947326 -0.34225892856286233 10437
0.21926803144427615 -0.34674465034499724 10438
0.21224115475728975 -0.35108975260411718 10439
0.20512820538044094 -0.35529247320163293 10440
0.19793206789647894 -0.35935110776865925 10441
0.19065566063359443 -0.36326401036259037 10442
0.18330193449550075 -0.36702959412907976 10443
0.17587387170783714 -0.37064633197544355 10444
0.16837448467141636 -0.37411275715751258 10445
0.16080681471032143 -0.37742746389086035 10446
0.15317393080584341 -0.38058910793381673 10447
0.14547892840200033 -0.38359640710958581 10448
0.13772492819882881 -0.38644814181078713 10449
0.12991507474255551 -0.38914315554950268 10450
0.12205253525119333 -0.39168035538580431 10451
0.11414049833463963 -0.3940587123720517 10452
0.10618217263739203 -0.39627726199014718 10453
0.09818078561575648 -0.39833510451915111 10454
0.090139582153937678 -0.40023140542132518 10455
0.082061823301286765 -0.40196539566595729 10456
0.073950784935003025 -0.40353637204584608 10457
0.065809756424479934 -0.40494369746395942 10458
0.057642039284058116 -0.40618680119325978 10459
0.049450945871563026 -0.40726517910183652 10460
0.041239798023047676 -0.40817839386163862 10461
0.033011925705493814 -0.40892607512565038 10462
0.024770665662831353 -0.4095079196780933 10463
0.016519360079872744 -0.40992369155614378 10464
0.0082613552039108966 -0.41017322214725987 10465
0.28863514731039386 -0.30050101971207066 10466
0.28252541543481663 -0.30625234814491986 10467
0.27630110762351273 -0.31187947838374824 10468
0.26996474811816784 -0.31738012837038004 10469
0.26351890656210647 -0.32275206737559803 10470
0.25696619700233003 -0.32799311686234545 10471
0.25030927688032284 -0.33310115133180257 10472
0.24355084581803615 -0.33807409929222254 10473
0.23669364462853995 -0.34290994401357427 10474
0.22974045424633543 -0.34760672432165007 10475
0.22269409443558855 -0.35216253550663118 10476
0.21555742280036835 -0.35657552998854963 10477
0.20833333358950665 -0.36084391809540206 10478
0.20102475645735804 -0.36496596882753823 10479
0.19363465533099106 -0.36894001052449954 10480
0.18616602722198994 -0.37276443153734073 10481
0.17862190095326944 -0.37643768091255403 10482
0.17100533599440462 -0.37995826898809304 10483
0.16331942119016793 -0.38332476801414977 10484
0.1555672734746826 -0.38653581274527765 10485
0.14775203665827971 -0.38959010097066799 10486
0.13987688020193392 -0.39248639402657598 10487
0.13194499778540661 -0.39522351735495931 10488
0.12395960611449193 -0.39780036093870341 10489
0.11592394362111723 -0.40021587975286099 10490
0.10784126908485032 -0.40246909420873972 10491
0.099714860391001844 -0.40455909052725941 10492
0.091548013125092212 -0.40648502113103041 10493
0.083344039290368779 -0.4082461049732351 10494
0.07510626594961195 -0.40984162785905992 10495
0.066838033868612048 -0.41127094273683168 10496
0.058542696147871262 -0.41253346996190238 10497
0.050223616900805977 -0.41362869752530079 10498
0.041884169867157636 -0.41455618126572491 10499
0.033527737044642077 -0.41531554504948748 10500
0.025157707313813053 -0.41590648092306259 10501
0.016777475081120694 -0.41632874923670787 10502
0.0083904388789720341 -0.41658217874331038 10503
0.29307568803828232 -0.30512411232306347 10504
0.28687196028769457 -0.31096392273180223 10505
0.28055189389467666 -0.31667762420507378 10506
0.27411805193540173 -0.32226289957611498 10507
0.26757304358616846 -0.32771748379679727 10508
0.26091952311008615 -0.33303916481410978 10509
0.25416018883235425 -0.33822578442924994 10510
0.24729778190756946 -0.34327523928136827 10511
0.24033508531515643 -0.34818548161381718 10512
0.23327492277322415 -0.35295452008047795 10513
0.22612015742692596 -0.35758042066830426 10514
0.21887369084347014 -0.36206130737302084 10515
0.21153846179859395 -0.36639536298920855 10516
0.20411744501825715 -0.37058082988645363 10517
0.19661365002840644 -0.37461601068644446 10518
0.18903011994849631 -0.37849926894563596 10519
0.18136993019871731 -0.38222902984969764 10520
0.1736361873174074 -0.38580378081870553 10521
0.16583202767002753 -0.38922207213746968 10522
0.15796061614353371 -0.39248251755676777 10523
0.15002514491456972 -0.39558379483177841 10524
0.14202883220504853 -0.39852464624239159 10525
0.13397492082826593 -0.40130387916044108 10526
0.12586667697779791 -0.40392036649162621 10527
0.11770738890760134 -0.40637304713369282 10528
0.10950036553231424 -0.40866092642735302 10529
0.10124893516625202 -0.41078307653538731 10530
0.09295644409625084 -0.41273863684075318 10531
0.084626255279454166 -0.41452681428052918 10532
0.076261746964223609 -0.41614688367228853 10533
0.067866311312746258 -0.41759818800971688 10534
0.059443353011685997 -0.41888013873055657 10535
0.050996287930050142 -0.41999221594877528 10536
0.042528541711268374 -0.42093396866982002 10537
0.034043548383790853 -0.42170501497333118 10538
0.025544748964795045 -0.4223050421680371 10539
0.017035590082368823 -0.42273380691727558 10540
0.0085195225540331699 -0.42299113533936272 10541
0.29751622876616607 -0.30974720493405095 10542
0.29121850514056802 -0.31567549731867983 10543
0.28480268016583626 -0.32147577002639455 10544
0.27827135575263146 -0.32714567078184503 10545
0.27162718061022656 -0.33268290021799185 10546
0.26487284921783866 -0.33808521276586928 10547
0.25801110078438233 -0.34335041752669315 10548
0.25104471799709943 -0.34847637927050956 10549
0.24397652600176975 -0.35346101921405554 10550
0.23680939130010994 -0.35830231583930156 10551
0.22954622041826064 -0.36299830582997294 10552
0.22218995888656953 -0.36754708475748765 10553
0.21474359000767884 -0.37194680788301088 10554
0.20721013357915394 -0.37619569094536504 10555
0.19959264472581961 -0.38029201084838504 10556
0.19189421267500073 -0.38423410635392735 10557
0.18411795944416351 -0.38802037878683754 10558
0.17626703864040841 -0.39164929264931453 10559
0.16834463414988562 -0.39511937626078636 10560
0.16035395881238351 -0.39842922236825468 10561
0.15229825317085863 -0.40157748869288584 10562
0.14418078420816191 -0.40456289845820409 10563
0.13600484387112441 -0.40738424096592019 10564
0.12777374784110321 -0.41004037204454657 10565
0.11949083419408463 -0.4125302145145221 10566
0.11115946197977743 -0.41485275864596388 10567
0.10278300994150162 -0.41700706254351289 10568
0.094364875067408982 -0.41899225255047451 10569
0.085908471268539136 -0.42080752358782142 10570
0.077417227978834949 -0.42245213948551552 10571
0.068894588756880315 -0.42392543328260063 10572
0.060344009875500586 -0.4252268074992096 10573
0.051768958959294176 -0.42635573437224839 10574
0.043172913555379097 -0.42731175607391397 10575
0.034559359722939491 -0.42809448489717428 10576
0.025931790615776912 -0.42870360341301078 10577
0.017293705083616929 -0.42913886459784267 10578
0.0086486062290943404 -0.42940009193541501 10579
0.30195676949399014 -0.31437029754497675 10580
0.29556504999338445 -0.32038707190549565 10581
0.28905346643694163 -0.32627391584765414 10582
0.28242465956980967 -0.33202844198751463 10583
0.27568131763423587 -0.33764831663912676 10584
0.26882617532554526 -0.34313126071756994 10585
0.26186201273636667 -0.34847505062407796 10586
0.25479165408658827 -0.35367751925959373 10587
0.24761796668834435 -0.35873655681423783 10588
0.24034385982695963 -0.36365011159807037 10589
0.23297228340956133 -0.36841619099158807 10590
0.22550622692963715 -0.37303286214190218 10591
0.21794871821673426 -0.37749825277676208 10592
0.21030282214002341 -0.38181055200422698 10593
0.20257163942320741 -0.38596801101027767 10594
0.19475830540148181 -0.38996894376217217 10595
0.18686598868958831 -0.39381172772393247 10596
0.17889788996339021 -0.39749480447988006 10597
0.17085724062972601 -0.40101668038406146 10598
0.16274730148121722 -0.40437592717970167 10599
0.15457136142713301 -0.40757118255395508 10600
0.14633273621126261 -0.41060115067398067 10601
0.13803476691397143 -0.41346460277136482 10602
0.12968081870439821 -0.41616037759743429 10603
0.12127427948055922 -0.41868738189532101 10604
0.11281855842723312 -0.4210445908645466 10605
0.10431708471674472 -0.42323104855161198 10606
0.09577330603856167 -0.42524586826017091 10607
0.087190687257619595 -0.42708823289509151 10608
0.078572708993442666 -0.42875739529872231 10609
0.069922866201011444 -0.43025267855546651 10610
0.061244666739312954 -0.43157347626784681 10611
0.052541629988536571 -0.43271925279570822 10612
0.043817285399488752 -0.43368954347799682 10613
0.03507517106208756 -0.43448395482100821 10614
0.026318832266758539 -0.4351021646579778 10615
0.017551820084864819 -0.43554392227840522 10616
0.0087776899041553894 -0.43580904853146468 10617
0.30639731022187544 -0.31899339015596617 10618
0.29991159484625957 -0.32509864649237485 10619
0.29330425270810262 -0.33107206166897646 10620
0.28657796338704083 -0.33691121319324657 10621
0.27973545465829536 -0.34261373306032283 10622
0.27277950143329882 -0.34817730866933083 10623
0.26571292468839586 -0.35359968372152256 10624
0.25853859017611935 -0.35887865924873646 10625
0.25125940737495883 -0.36401209441447785 10626
0.24387832835384635 -0.36899790735689536 10627
0.23639834640089685 -0.37383407615325848 10628
0.22882249497273732 -0.37851863952637055 10629
0.22115384642581981 -0.38304969767056585 10630
0.21339551070092103 -0.38742541306313943 10631
0.20555063412062141 -0.39164401117221997 10632
0.1976223981279869 -0.39570378117046473 10633
0.18961401793503513 -0.39960307666107386 10634
0.1815287412863919 -0.40334031631049028 10635
0.17336984710958461 -0.40691398450737915 10636
0.16514064415006741 -0.41032263199118968 10637
0.15684446968342231 -0.41356487641506334 10638
0.14848468821437633 -0.41663940288979417 10639
0.14006468995683022 -0.41954496457684493 10640
0.13158788956770381 -0.42228038315035549 10641
0.12305772476704281 -0.42484454927615117 10642
0.11447765487469652 -0.42723642308315829 10643
0.10585115949199451 -0.42945503455973849 10644
0.097181737009719979 -0.43149948396989252 10645
0.08847290324670469 -0.4333689422023842 10646
0.079728190008054048 -0.43506265111194981 10647
0.07095114364514557 -0.43657992382835081 10648
0.062145323603127578 -0.43792014503650017 10649
0.053314301017780646 -0.43908277121918199 10650
0.044461657243599489 -0.44006733088209121 10651
0.035590982401236239 -0.44087342474485153 10652
0.02670587391774051 -0.44150072590295192 10653
0.01780993508611297 -0.44194897995897259 10654
0.0089067735792165235 -0.44221800512751691 10655
0.31083785094976235 -0.32361648276695726 10656
0.30425813969913584 -0.32981022107925556 10657
0.29755503897926516 -0.33587020749030033 10658
0.29073126720427322 -0.34179398439897957 10659
0.28378959168235612 -0.34757914948152063 10660
0.27673282754105377 -0.35322335662109355 10661
0.26956383664042627 -0.35872431681896855 10662
0.26228552626565144 -0.36407979923788086 10663
0.25490084806157415 -0.36928763201471937 10664
0.24741279688073414 -0.37434570311572174 10665
0.23982440939223343 -0.37925196131492983 10666
0.23213876301583833 -0.38400441691084014 10667
0.22435897463490631 -0.38860114256437084 10668
0.21648819926181942 -0.39304027412205367 10669
0.20852962881803591 -0.39732001133416317 10670
0.2004864908544926 -0.40143861857875868 10671
0.19236204718048253 -0.40539442559821615 10672
0.18415959260939402 -0.40918582814110144 10673
0.17588245358944363 -0.41281128863069794 10674
0.16753398681891801 -0.41626933680267864 10675
0.15911757793971193 -0.41955857027617277 10676
0.15063664021749062 -0.42267765510560878 10677
0.14209461299968923 -0.42562532638232581 10678
0.13349496043100953 -0.4284003887032774 10679
0.12484117005352671 -0.43100171665698223 10680
0.11613675132216021 -0.43342825530177098 10681
0.10738523426724451 -0.43567902056786562 10682
0.098590167980878413 -0.43775309967961512 10683
0.089755119235789924 -0.43964965150967772 10684
0.080883671022665679 -0.44136790692517758 10685
0.071979421089279752 -0.44290716910123551 10686
0.063045980466942278 -0.44426681380515398 10687
0.05408697204702477 -0.44544628964265592 10688
0.045106029087710199 -0.44644511828618572 10689
0.036106793740385085 -0.44726289466869518 10690
0.027092915568722477 -0.44789928714792582 10691
0.018068050087361117 -0.44835403763953968 10692
0.0090358572542776558 -0.4486269617235692 10693
0.31527839167758642 -0.32823957537788284 10694
0.30860468455195222 -0.33452179566607138 10695
0.30180582525037053 -0.34066835331155998 10696
0.29488457102145166 -0.34667675560464933 10697
0.28784372870636565 -0.35254456590265554 10698
0.28068615364876026 -0.35826940457279405 10699
0.27341474859241055 -0.36384894991635358 10700
0.26603246235514022 -0.36928093922696487 10701
0.25854228874814883 -0.37456316961490177 10702
0.25094726540758372 -0.37969349887449066 10703
0.24325047238353412 -0.38466984647654506 10704
0.23545503105890592 -0.38949019429525467 10705
0.22756410284396181 -0.39415258745812237 10706
0.21958088782268892 -0.39865513518091567 10707
0.21150862351542382 -0.40299601149605596 10708
0.20335058358097391 -0.40717345598700344 10709
0.19511007642590722 -0.41118577453531108 10710
0.1867904439323757 -0.41503133997166708 10711
0.17839506006928402 -0.41870859275397276 10712
0.16992732948775172 -0.42221604161412568 10713
0.16139068619598632 -0.42555226413724206 10714
0.15278859222059121 -0.42871590732138515 10715
0.14412453604253622 -0.43170568818777061 10716
0.13540203129430461 -0.43452039425616512 10717
0.12662461534000133 -0.43715888403778108 10718
0.11779584776961581 -0.43962008752035342 10719
0.10891930904248762 -0.44190300657596471 10720
0.099998598952031087 -0.44400671538931158 10721
0.091037335224870369 -0.4459303608169477 10722
0.082039152037273355 -0.44767316273838448 10723
0.073007698533410922 -0.44923441437410128 10724
0.063946637330754633 -0.45061348257379108 10725
0.054859643076267159 -0.45180980806611581 10726
0.045750400931819764 -0.45282290569026851 10727
0.03662260507953307 -0.45365236459252911 10728
0.027479957219704025 -0.45429784839289289 10729
0.018326165088609007 -0.45475909532010239 10730
0.0091649409293387829 -0.45503591831961898 10731
0.31971893240548926 -0.33286266798889058 10732
0.31295122940484393 -0.33923337025296857 10733
0.30605661152154745 -0.34546649913290034 10734
0.29903787483869787 -0.35155952681039876 10735
0.29189786573043947 -0.35750998232386927 10736
0.28463947975652754 -0.36331545252457248 10737
0.27726566054445245 -0.36897358301381517 10738
0.26977939844468346 -0.37448207921612436 10739
0.26218372943477453 -0.37983870721515783 10740
0.25448173393448126 -0.38504129463333175 10741
0.24667653537487963 -0.39008773163823107 10742
0.23877129910201531 -0.39497597167973825 10743
0.23076923105305611 -0.39970403235194107 10744
0.22267357638359453 -0.40426999623984267 10745
0.2144876182128452 -0.40867201165801215 10746
0.20621467630748572 -0.41290829339530977 10747
0.19785810567136031 -0.41697712347246557 10748
0.18942129525538312 -0.42087685180228995 10749
0.18090766654914781 -0.42460589687730288 10750
0.17232067215660662 -0.42816274642562535 10751
0.16366379445227983 -0.43154595799836143 10752
0.15494054422370893 -0.43475415953720953 10753
0.14615445908539842 -0.43778604999326048 10754
0.13730910215761311 -0.44064039980909597 10755
0.12840806062648752 -0.44331605141862018 10756
0.11945494421708161 -0.44581191973897361 10757
0.11045338381773932 -0.44812699258409883 10758
0.10140702992319102 -0.4502603310990404 10759
0.092319551213956824 -0.45221107012424699 10760
0.083194633051885888 -0.45397841855161769 10761
0.074035975977545854 -0.45556165964699091 10762
0.064847294194569929 -0.45696015134244938 10763
0.05563231410551172 -0.4581733264895933 10764
0.046394772775930876 -0.45920069309436629 10765
0.037138416418682034 -0.46004183451637509 10766
0.027866998870686117 -0.46069640963786879 10767
0.018584280089857217 -0.46116415300067087 10768
0.0092940246043998892 -0.46144487491567188 10769
0.32415947313337923 -0.33748576059988478 10770
0.31729777425772326 -0.34394494483985255 10771
0.31030739779271277 -0.35026464495422743 10772
0.30319117865593292 -0.35644229801613514 10773
0.29595200275450262 -0.36247539874507018 10774
0.28859280586428515 -0.36836150047633837 10775
0.28111657249648514 -0.37409821611126448 10776
0.27352633453421776 -0.37968321920527165 10777
0.26582517012139206 -0.38511424481540246 10778
0.25801620246137086 -0.39038909039216113 10779
0.25010259836621795 -0.39550561679990565 10780
0.24208756714511812 -0.40046174906421095 10781
0.23397435926214422 -0.40525547724574895 10782
0.22576626494449431 -0.40988485729875956 10783
0.21746661291026112 -0.41434801181995817 10784
0.20907876903399261 -0.41864313080360605 10785
0.20060613491680881 -0.42276847240961046 10786
0.19205214657838643 -0.42672236363290378 10787
0.18342027302900771 -0.43050320100062384 10788
0.17471401482545812 -0.43410945123711647 10789
0.16593690270857023 -0.43753965185947308 10790
0.15709249622682372 -0.44079241175302597 10791
0.14818438212825813 -0.44386641179874331 10792
0.13921617302091932 -0.44676040536201961 10793
0.13019150591297182 -0.44947321879945262 10794
0.12111404066454562 -0.45200375195758757 10795
0.11198745859298961 -0.45435097859222728 10796
0.10281546089434981 -0.45651394680876412 10797
0.093601767203042335 -0.45849177943154179 10798
0.084350114066497617 -0.4602836743648468 10799
0.075064253421680174 -0.4618889049198765 10800
0.06574795105838474 -0.46330682011110391 10801
0.056404985134755926 -0.46453684491306813 10802
0.047039144620041703 -0.46557848049846151 10803
0.037654227757830845 -0.46643130444021907 10804
0.028254040521668113 -0.4670949708828433 10805
0.018842395091105295 -0.46756921068123858 10806
0.0094231082794610267 -0.46785383151172422 10807
0.32860001386120463 -0.34210885321081175 10808
0.32164431911054103 -0.34865651942666986 10809
0.31455818406381936 -0.35506279077548836 10810
0.30734448247311252 -0.36132506922180618 10811
0.30000613977851304 -0.36744081516620636 10812
0.29254613197199236 -0.37340754842804014 10813
0.28496748444847042 -0.37922284920865068 10814
0.27727327062370732 -0.38488435919435704 10815
0.26946661080796752 -0.39038978241558597 10816
0.26155067098822127 -0.39573688615093117 10817
0.25352866135751945 -0.40092350196152204 10818
0.24540383518818643 -0.40594752644862653 10819
0.23717948747120013 -0.41080692213950115 10820
0.22885895350536442 -0.41549971835762228 10821
0.22044560760764961 -0.42002401198185163 10822
0.2119428617604743 -0.42437796821185203 10823
0.20335416416223423 -0.42855982134670634 10824
0.19468299790136831 -0.43256787546346998 10825
0.18593287950884863 -0.43640050512389966 10826
0.17710735749429213 -0.44005615604856435 10827
0.16821001096484503 -0.44353334572054304 10828
0.15924444822992462 -0.44683066396880305 10829
0.15021430517110543 -0.44994677360418872 10830
0.14112324388421463 -0.45288041091490799 10831
0.13197495119944661 -0.45563038618025231 10832
0.12277313711200152 -0.45819558417617079 10833
0.11352153336823281 -0.4605749646003271 10834
0.10422389186550252 -0.46276756251846107 10835
0.09488398319212285 -0.46477248873881227 10836
0.085505595081105404 -0.4665889301780542 10837
0.076092530865811372 -0.46821615019274282 10838
0.066648607922197151 -0.46965348887974151 10839
0.057177656163998357 -0.47090036333652818 10840
0.047683516464151386 -0.4719562679025443 10841
0.038170039096978747 -0.47282077436405312 10842
0.028641082172649674 -0.47349353212781042 10843
0.019100510092353223 -0.47397426836180118 10844
0.0095521919545221157 -0.47426278810777422 10845
0.33304055458910292 -0.34673194582181488 10846
0.32599086396342836 -0.35336809401356223 10847
0.31880897033499195 -0.35986093659682394 10848
0.31149778629035485 -0.36620784042755106 10849
0.30406027680258302 -0.37240623158741537 10850
0.29649945807975614 -0.37845359637981407 10851
0.28881839640050905 -0.38434748230610766 10852
0.28102020671324746 -0.39008549918351237 10853
0.27310805149459033 -0.39566532001583793 10854
0.26508513951511603 -0.40108468190976815 10855
0.25695472434886246 -0.40634138712320395 10856
0.24872010323129351 -0.41143330383310628 10857
0.24038461568029221 -0.41635836703331608 10858
0.231951642066268 -0.42111457941654595 10859
0.22342460230506903 -0.42570001214380437 10860
0.21480695448698453 -0.43011280562015475 10861
0.20610219340768562 -0.43435117028385728 10862
0.19731384922437423 -0.43841338729408957 10863
0.18844548598871103 -0.44229780924722667 10864
0.17950070016314582 -0.44600286086006108 10865
0.17048311922113732 -0.44952703958165974 10866
0.16139640023304122 -0.45286891618462466 10867
0.1522442282139666 -0.45602713540967627 10868
0.14303031474752231 -0.45900041646783629 10869
0.13375839648593213 -0.46178755356108908 10870
0.12443223355946662 -0.46438741639478892 10871
0.11505560814348402 -0.46679895060845927 10872
0.10563232283666202 -0.46902117822818817 10873
0.096166199181208958 -0.4710531980461099 10874
0.08666107609571766 -0.47289418599128602 10875
0.077120808309946137 -0.47454339546563101 10876
0.067549264786012281 -0.47600015764839809 10877
0.057950327193242793 -0.47726388176000478 10878
0.048327888308262297 -0.47833405530664119 10879
0.038685850436127663 -0.47921024428789849 10880
0.029028123823631725 -0.47989209337278588 10881
0.019358625093601374 -0.48037932604236949 10882
0.0096812756295832202 -0.48067174470382679 10883
0.33748109531699172 -0.35135503843280763 10884
0.33033740881630652 -0.35807966860044493 10885
0.32305975660615627 -0.36465908241814987 10886
0.31565109010758885 -0.37109061163328627 10887
0.30811441382664545 -0.37737164800861528 10888
0.30045278418751253 -0.38349964433157868 10889
0.29266930835254062 -0.38947211540355553 10890
0.28476714280278093 -0.39528663917265844 10891
0.27674949218120692 -0.40094085761608117 10892
0.26861960804200496 -0.40643247766859625 10893
0.26038078734020004 -0.41175927228487724 10894
0.25203637127439554 -0.41691908121757748 10895
0.24358974388937971 -0.42190981192712274 10896
0.23504433062716723 -0.42672944047546157 10897
0.22640359700248433 -0.43137601230574918 10898
0.21767104721349093 -0.43584764302845014 10899
0.2088502226531336 -0.44014251922100117 10900
0.19994470054737712 -0.44425889912470223 10901
0.19095809246857071 -0.44819511337054674 10902
0.181894042831997 -0.45194956567155137 10903
0.17275622747742742 -0.45552073344277033 10904
0.16354835223615583 -0.45890716840044044 10905
0.154274151256826 -0.46210749721515804 10906
0.14493738561082842 -0.46512042202075948 10907
0.13554184177241632 -0.46794472094192108 10908
0.12609133000693051 -0.47057924861340228 10909
0.11658968291873421 -0.47302293661658701 10910
0.10704075380782072 -0.47527479393791122 10911
0.097448415170294331 -0.47733390735340409 10912
0.087816557110329319 -0.47919944180451451 10913
0.078149085754080361 -0.48087064073851621 10914
0.068449921649827064 -0.48234682641705262 10915
0.058722998222486972 -0.48362740018347922 10916
0.048972260152373118 -0.48471184271073631 10917
0.039201661775276508 -0.48559971421174231 10918
0.02941516547461372 -0.48629065461776028 10919
0.0196167400948495 -0.4867843837229372 10920
0.0098103593046443959 -0.48708070129987913 10921
0.34192163604480252 -0.35597813104371978 10922
0.33468395366911047 -0.36279124318724726 10923
0.32731054287724953 -0.36945722823939597 10924
0.31980439392475563 -0.37597338283894238 10925
0.31216855085064404 -0.38233706442973664 10926
0.30440611029520864 -0.38854569228326608 10927
0.29652022030451552 -0.39459674850092774 10928
0.28851407889226066 -0.40048777916172984 10929
0.28039093286777306 -0.40621639521625114 10930
0.27215407656884644 -0.41178027342735274 10931
0.26380685033149304 -0.41717715744648043 10932
0.25535263931745605 -0.42240485860198035 10933
0.24679487209842862 -0.42746125682086278 10934
0.23813701918803062 -0.43234430153431214 10935
0.22938259169986661 -0.43705201246763115 10936
0.22053513993996682 -0.44158248043668458 10937
0.21159825189855361 -0.44593386815808617 10938
0.20257555187035442 -0.45010441095525827 10939
0.19347069894840702 -0.45409241749381246 10940
0.18428738550082702 -0.45789627048298936 10941
0.17502933573369861 -0.46151442730383108 10942
0.16570030423925353 -0.46494542061620858 10943
0.15630407429967053 -0.46818785902059534 10944
0.14684445647412131 -0.47124042757363988 10945
0.13732528705888883 -0.47410188832271311 10946
0.12775042645438442 -0.47677108083197839 10947
0.11812375769397591 -0.47924692262468033 10948
0.10844918477897211 -0.48152840964760252 10949
0.098730631159373791 -0.48361461666066929 10950
0.088972038124936176 -0.48550469761771697 10951
0.079177363198210879 -0.48719788601137831 10952
0.069350578513638933 -0.48869349518568628 10953
0.059495669251729 -0.48999091860693611 10954
0.049616631996482433 -0.49108963011481632 10955
0.039717473114424369 -0.49198918413557441 10956
0.02980220712559517 -0.49268921586272579 10957
0.019874855096097391 -0.49318944140349869 10958
0.0099394429797054762 -0.49348965789592852 10959
0.1803006118435912 -0.17318108836944826 10960
0.18375140891354944 -0.16951524923229044 10961
0.1871276870645103 -0.16578066453566492 10962
0.1904280770752842 -0.16197884880875532 10963
0.19365124049595456 -0.1581113438510279 10964
0.1967958701998849 -0.15417971809635034 10965
0.19986069090697264 -0.15018556598484273 10966
0.20284445970234929 -0.14613050731473559 10967
0.20574596654057883 -0.14201618658548407 10968
0.20856403474399587 -0.13784427231954649 10969
0.21129752146648934 -0.13361645640458553 10970
0.21394531816206452 -0.12933445340099056 10971
0.21650635103684868 -0.12499999984283544 10972
0.21897958148895219 -0.12061485352527405 10973
0.22136400651304677 -0.11618079282089522 10974
0.22365865913033828 -0.1116996159170619 10975
0.22586260875705702 -0.10717314013061574 10976
0.22797496160089215 -0.1026032011346223 10977
0.22999486102104794 -0.097991652215425093 10978
0.23192148784963584 -0.093340363581953162 10979
0.23375406076214961 -0.088651221521224829 10980
0.2354918365800239 -0.083926127660980981 10981
0.237134110560351 -0.079166998230015176 10982
0.2386802166902014 -0.074375763261417968 10983
0.24012952796268738 -0.069554365789768605 10984
0.24148145661821926 -0.064704761104134104 10985
0.24273545439450736 -0.059828915917740172 10986
0.24389101274542951 -0.054928807578617206 10987
0.24494766303872648 -0.050006423306076617 10988
0.24590497675746364 -0.04506375934064194 10989
0.24676256567696031 -0.040102820106868289 10990
0.24752008200237918 -0.035125617511091015 10991
0.24817721853130431 -0.030134170007903208 10992
0.24873370877065898 -0.025130501809414438 10993
0.24918932703628457 -0.020116642145338773 10994
0.24954388855695955 -0.015094624336888213 10995
0.24979724954360594 -0.010066485009648823 10996
0.24994930724646236 -0.0050342633039552331 10997
0.36060122368718239 -0.34636217673889652 10998
0.36750281782709887 -0.33903049846458089 10999
0.37425537412902071 -0.33156132907132996 11000
0.38085615415056839 -0.32395769761751064 11001
0.38730248099190911 -0.31622268770205575 11002
0.39359174039976974 -0.30835943619270062 11003
0.39972138181394523 -0.30037113196968546 11004
0.40568891940469859 -0.29226101462947118 11005
0.41149193308115761 -0.28403237317096808 11006
0.41712806948799164 -0.27568854463909293 11007
0.42259504293297862 -0.26723291280917094 11008
0.42789063632412894 -0.25866890680198101 11009
0.43301270207369735 -0.24999999968567088 11010
0.43795916297790449 -0.24122970705054816 11011
0.44272801302609355 -0.23236158564179044 11012
0.44731731826067656 -0.2233992318341238 11013
0.45172521751411393 -0.21434628026123143 11014
0.45594992320178429 -0.20520640226924464 11015
0.45998972204209587 -0.19598330443085021 11016
0.4638429756992718 -0.18668072716390638 11017
0.46750812152429921 -0.17730244304244966 11018
0.47098367316004791 -0.16785225532196207 11019
0.47426822112070199 -0.15833399646003035 11020
0.47736043338040279 -0.1487515265228361 11021
0.48025905592537488 -0.13910873157953713 11022
0.48296291323643858 -0.12940952220826832 11023
0.48547090878901478 -0.11965783183548026 11024
0.48778202549085903 -0.10985761515723441 11025
0.4898953260774529 -0.10001284661215332 11026
0.49180995351492723 -0.090127518681283825 11027
0.49352513135392073 -0.080205640213736634 11028
0.49504016400475859 -0.070251235022182029 11029
0.49635443706260873 -0.06026834001580636 11030
0.49746741754131801 -0.050261003618828792 11031
0.49837865407256915 -0.040233284290677546 11032
0.49908777711391905 -0.030189248673776453 11033
0.49959449908721176 -0.020132970019297702 11034
0.49989861449292478 -0.010068526607910522 11035
0.25635826384252336 -0.0051633469784156116 11036
0.25620230722420917 -0.010324600009896101 11037
0.25594244980200781 -0.015481665986551943 11038
0.25557879696028996 -0.020632453482398574 11039
0.25511149617503304 -0.025774873650681263 11040
0.25454073695518215 -0.030906841033746621 11041
0.25386675077166926 -0.036026274370349526 11042
0.25308981095072691 -0.041131097545505618 11043
0.2522102325717559 -0.046219240349376023 11044
0.25122837234741013 -0.051288639288283436 11045
0.25014462845684921 -0.056337238542171 11046
0.24895944040462153 -0.061362990684861313 11047
0.24767328883919784 -0.066363857542701299 11048
0.24628669534634473 -0.071337811066428961 11049
0.24480022224635917 -0.076282834114274542 11050
0.24321447236958965 -0.081196921261553562 11051
0.24153008880002341 -0.086078079652287795 11052
0.23974775462784464 -0.090924329765358428 11053
0.23786819266629217 -0.095733706237900243 11054
0.23589216514979183 -0.10050425868248687 11055
0.23382047343681156 -0.10523405244576603 11056
0.23165395769954475 -0.1099211693647337 11057
0.2293934965439359 -0.11456370863288359 11058
0.22704000668004726 -0.11915978750861013 11059
0.22459444255277083 -0.1237075420772038 11060
0.22205779593522879 -0.12820512804393347 11061
0.21943109555083481 -0.13265072143691303 11062
0.21671540663229621 -0.13704251938931811 11063
0.2139118305066619 -0.14137874084056018 11064
0.21102150414418314 -0.14565762726716294 11065
0.20804559969471687 -0.1498774433997285 11066
0.20498532400715108 -0.15403647793317179 11067
0.20184191815372779 -0.15813304420138469 11068
0.19861665691892752 -0.16216548087284893 11069
0.19531084828234255 -0.1661321526243642 11070
0.19192583288667714 -0.17003145080581011 11071
0.18846298350107626 -0.17386179408440039 11072
0.18492370445496537 -0.17762162909687004 11073
0.26276722043857698 -0.0052924306528759069 11074
0.26260736490480519 -0.010582715010143212 11075
0.26234101104704888 -0.015868707636215146 11076
0.26196826688428843 -0.021148264819457779 11077
0.26148928357940038 -0.026419245491947491 11078
0.26090425537905354 -0.031679512059589285 11079
0.26021341954095312 -0.036926931229607121 11080
0.25941705622448724 -0.042159374984142059 11081
0.25851548838604238 -0.047374721358109093 11082
0.25750908165608832 -0.052570855270489103 11083
0.25639824416826368 -0.05774566950572381 11084
0.25518342641473046 -0.062897065451981204 11085
0.25386512106017156 -0.06802295398126719 11086
0.2524438627299973 -0.073121256343087887 11087
0.25092022780251233 -0.078189904967129506 11088
0.24929483417882384 -0.083226844293090615 11089
0.2475683410200189 -0.088230031643593221 11090
0.24574144849353585 -0.093197438009490513 11091
0.24381489748294483 -0.098127048893845895 11092
0.24178946927853229 -0.10301686514954719 11093
0.23966598527272764 -0.10786490375690828 11094
0.23744530664202965 -0.1126691985988503 11095
0.23512833395753072 -0.11742780134870393 11096
0.23271600684704513 -0.12213878219632358 11097
0.23020930361658704 -0.1268002306291322 11098
0.22760924083360665 -0.13141025624503019 11099
0.22491687293960314 -0.13596698947283434 11100
0.22213329179810123 -0.14046858237404958 11101
0.21925962626932649 -0.14491320936157293 11102
0.21629704174778575 -0.14929906794884062 11103
0.21324673968708324 -0.15362437948472066 11104
0.21010995710732849 -0.15788738988150008 11105
0.20688796610756988 -0.16208637030641848 11106
0.20358207334189982 -0.16621961789466946 11107
0.20019361948940051 -0.17028545643997284 11108
0.19672397870884356 -0.17428223707595483 11109
0.19317455808860282 -0.17820833893651006 11110
0.18954679706633928 -0.18206216982429158 11111
0.26917617703463809 -0.0054215143273361743 11112
0.26901242258540836 -0.01084083001039049 11113
0.26873957229209722 -0.016255749285878807 11114
0.26835773680829378 -0.021664076156517678 11115
0.26786707098377438 -0.02706361733321426 11116
0.26726777380293126 -0.032452183085432712 11117
0.26656008831024303 -0.037827588088865591 11118
0.26574430149825384 -0.043187652422779402 11119
0.26482074420033469 -0.048530202366843231 11120
0.26378979096477201 -0.053853071252695769 11121
0.26265185987968331 -0.059154100469277757 11122
0.26140741242484461 -0.064431140219102429 11123
0.26005695328115014 -0.069682050419834357 11124
0.25860103011365465 -0.074904701619748229 11125
0.25704023335867016 -0.08009697581998601 11126
0.25537519598806241 -0.085256767324629071 11127
0.25360659324001822 -0.090381983634899909 11128
0.25173514235923083 -0.095470546253624042 11129
0.24976160229960115 -0.10052039154979298 11130
0.24768677340727605 -0.10552947161660894 11131
0.24551149710864703 -0.11049575506805201 11132
0.2432366555845174 -0.11541722783296819 11133
0.24086317137112834 -0.12029189406452563 11134
0.23839200701404553 -0.12511777688403855 11135
0.23582416468040571 -0.12989291918106191 11136
0.23316068573198678 -0.13461538444612814 11137
0.2304026503283734 -0.13928325750875675 11138
0.22755117696390814 -0.14389464535878221 11139
0.22460742203199252 -0.14844767788258653 11140
0.2215725793513898 -0.15294050863051936 11141
0.21844787967945076 -0.15737131556971354 11142
0.2152345902075069 -0.16173830182982907 11143
0.21193401406141282 -0.16603969641145291 11144
0.20854748976487267 -0.17027375491649041 11145
0.20507639069645883 -0.17443876025558172 11146
0.20152212453101034 -0.17853302334609997 11147
0.19788613267612967 -0.18255488378862 11148
0.19416988967771334 -0.18650271055171319 11149
0.27558513363069903 -0.0055505980017964696 11150
0.27541748026601154 -0.011098945010637878 11151
0.27513813353714545 -0.016642790935542551 11152
0.27474720673229924 -0.02217988749357741 11153
0.27424485838814827 -0.02770798917448114 11154
0.27363129222680904 -0.033224854111276181 11155
0.2729067570795331 -0.038728244948124019 11156
0.27207154677202039 -0.044215929861416814 11157
0.27112600001462706 -0.049685683375577244 11158
0.27007050027345569 -0.05513528723490263 11159
0.26890547559110317 -0.060562531432831718 11160
0.26763139843495876 -0.065965214986223583 11161
0.26624878550212866 -0.071341146858401538 11162
0.264758197497312 -0.076688146896408571 11163
0.26316023891482782 -0.082004046672842501 11164
0.2614555577973009 -0.087286690356167485 11165
0.25964484546001776 -0.092533935626206654 11166
0.25772883622492593 -0.097743654497757598 11167
0.25570830711625753 -0.10291373420574021 11168
0.25358407753601997 -0.10804207808367072 11169
0.25135700894456653 -0.11312660637919586 11170
0.24902800452700513 -0.11816525706708614 11171
0.24659800878472593 -0.12315598678034728 11172
0.24406800718104596 -0.12809677157175337 11173
0.24143902574422424 -0.13298560773299165 11174
0.23871213063036686 -0.13782051264722611 11175
0.23588842771714366 -0.14259952554467925 11176
0.2329690621297151 -0.14732070834351488 11177
0.22995521779465872 -0.1519821464036003 11178
0.22684811695499418 -0.15658194931219829 11179
0.22364901967181827 -0.16111825165470645 11180
0.2203592233076854 -0.16558921377815819 11181
0.21698006201525577 -0.16999302251648732 11182
0.21351290618784571 -0.1743278919383115 11183
0.20995916190351724 -0.17859206407119071 11184
0.20632027035317715 -0.18278380961624513 11185
0.20259770726365639 -0.18690142864072987 11186
0.19879298228908754 -0.190943251279135 11187
0.28199409022675259 -0.0056796816762567925 11188
0.28182253794660755 -0.011357060010884851 11189
0.28153669478218663 -0.017029832585205684 11190
0.28113667665629771 -0.022695698830636685 11191
0.28062264579251572 -0.028352361015747396 11192
0.27999481065068044 -0.033997525137118859 11193
0.27925342584881685 -0.039628901807381711 11194
0.27839879204578089 -0.045244207300053185 11195
0.27743125582891359 -0.050841164384310369 11196
0.27635120958213383 -0.056417503217108228 11197
0.27515909130251748 -0.061970962396384555 11198
0.27385538444506774 -0.067499289753343517 11199
0.27244061772310241 -0.073000243296967388 11200
0.27091536488096463 -0.078471592173067581 11201
0.26928024447098109 -0.083911117525697562 11202
0.26753591960653522 -0.08931661338770451 11203
0.26568309768001319 -0.094685887617512135 11204
0.26372253009061719 -0.10001676274188963 11205
0.26165501193291008 -0.10530707686168579 11206
0.25948138166476026 -0.110554684550731 11207
0.25720252078048267 -0.11575745769033816 11208
0.25481935346948992 -0.12091328630120265 11209
0.25233284619832086 -0.12602007949616764 11210
0.24974400734804386 -0.13107576625946685 11211
0.24705388680804052 -0.13607829628492013 11212
0.24426357552874478 -0.14102564084832281 11213
0.24137420510591215 -0.14591579358060058 11214
0.23838694729552018 -0.15074677132824635 11215
0.23530301355732303 -0.15551661492461283 11216
0.23212365455859679 -0.160223389993876 11217
0.22885015966418465 -0.16486518773969858 11218
0.22548385640786278 -0.16944012572648648 11219
0.22202610996909775 -0.173946348621521 11220
0.2184783226108179 -0.17838202896013183 11221
0.21484193311057512 -0.18274536788679924 11222
0.21111841617534349 -0.1870345958863899 11223
0.20730928185118294 -0.19124797349283956 11224
0.20341607490046146 -0.19538379200655662 11225
0.2884030468227935 -0.0058087653507166437 11226
0.28822759562719125 -0.011615175011131379 11227
0.28793525602721592 -0.017416874234868318 11228
0.28752614658028458 -0.023211510167695043 11229
0.28700043319687185 -0.028996732857012403 11230
0.28635832907454084 -0.034770196162960204 11231
0.28560009461809011 -0.040529558666637877 11232
0.28472603731953122 -0.046272484738687975 11233
0.28373651164319014 -0.051996645393041635 11234
0.28263191889080252 -0.057699719199311925 11235
0.28141270701392296 -0.063379393359935157 11236
0.2800793704551679 -0.069033364520461202 11237
0.27863244994406755 -0.074659339735530947 11238
0.27707253226460921 -0.08025503744972419 11239
0.27540025002712676 -0.085818188378550403 11240
0.27361628141576227 -0.09134653641923908 11241
0.27172134990000163 -0.096837839608814966 11242
0.26971622395630185 -0.10228987098601933 11243
0.26760171674955657 -0.10770041951762897 11244
0.26537868579349499 -0.11306729101778881 11245
0.26304803261639353 -0.11838830900147809 11246
0.26061070241196954 -0.12366131553531672 11247
0.25806768361191079 -0.1288841722119855 11248
0.25542000751503746 -0.13405476094717811 11249
0.25266874787185256 -0.13917098483684623 11250
0.24981502042711892 -0.1442307690494174 11251
0.24685998249467703 -0.14923206161651986 11252
0.24380483246132217 -0.15417283431297588 11253
0.24065080931998478 -0.15905108344562366 11254
0.23739919216219707 -0.16386483067555208 11255
0.23405129965654875 -0.16861212382468899 11256
0.23060848950803836 -0.1732910376748133 11257
0.22707215792293822 -0.17789967472655349 11258
0.22344373903378889 -0.18243616598195136 11259
0.21972470431763186 -0.18689867170240676 11260
0.21591656199750919 -0.19128538215653407 11261
0.21202085643870913 -0.19559451834494884 11262
0.20803916751183515 -0.1998243327339779 11263
0.29481200341883729 -0.0059378490251766614 11264
0.29463265330777766 -0.011873290011378046 11265
0.29433381727224783 -0.017803915884531007 11266
0.29391561650427411 -0.023727321504753596 11267
0.29337822060123042 -0.029641104698277632 11268
0.2927218474984038 -0.035542867188801813 11269
0.29194676338736575 -0.041430215525894293 11270
0.29105328259328384 -0.047300762177323069 11271
0.29004176745746912 -0.053152126401773248 11272
0.28891262819947339 -0.058981935181516107 11273
0.28766632272533016 -0.06478782432348637 11274
0.28630335646527022 -0.070567439287579553 11275
0.28482428216503486 -0.076318436174095103 11276
0.28322969964825556 -0.082038482726381506 11277
0.28152025558327404 -0.087725259231403591 11278
0.27969664322499088 -0.09337645945077426 11279
0.27775960211999162 -0.098989791600118324 11280
0.275709917821988 -0.10456297923014951 11281
0.27354842156620446 -0.11009376217357267 11282
0.2712759899222309 -0.11557989748484722 11283
0.26889354445230534 -0.12101916031261836 11284
0.26640205135445039 -0.12640934476943141 11285
0.26380252102550189 -0.13174826492780389 11286
0.26109600768203178 -0.13703375563488979 11287
0.25828360893566565 -0.14226367338877291 11288
0.2553664653254939 -0.14743589725051234 11289
0.25234575988344254 -0.15254832965243945 11290
0.24922271762712475 -0.15759889729770576 11291
0.24599860508264712 -0.16258555196663491 11292
0.24267472976579785 -0.16750627135722862 11293
0.23925243964891335 -0.17235905990967976 11294
0.23573312260821414 -0.17714194962314039 11295
0.23211820587677889 -0.18185300083158612 11296
0.22840915545676013 -0.18649030300377092 11297
0.22460747552468879 -0.19105197551801442 11298
0.22071470781967498 -0.19553616842667826 11299
0.21673243102623521 -0.19994106319705815 11300
0.21266226012320899 -0.20426487346139935 11301
0.30122096001486848 -0.0060669326996364847 11302
0.30103771098835175 -0.012131405011624241 11303
0.3007323785172677 -0.018190957534192947 11304
0.30030508642825204 -0.024243132841811205 11305
0.29975600800557772 -0.030285476539541806 11306
0.29908536592225582 -0.036315538214642201 11307
0.29829343215663084 -0.042330872385149265 11308
0.29738052786702629 -0.048329039615956582 11309
0.29634702327173823 -0.054307607410503111 11310
0.2951933375081347 -0.060264151163718235 11311
0.29391993843672842 -0.066196255287035446 11312
0.29252734247536372 -0.072101514054695712 11313
0.29101611438599378 -0.077977532612657025 11314
0.28938686703189409 -0.08382192800303627 11315
0.28764026113941377 -0.089632330084254405 11316
0.28577700503421233 -0.09540638248230697 11317
0.2837978543399749 -0.10114174359141938 11318
0.28170361168766755 -0.10683608747427716 11319
0.27949512638284613 -0.11248710482951388 11320
0.27717329405096103 -0.1180925039519031 11321
0.27473905628821177 -0.12365001162375627 11322
0.27219340029692607 -0.1291573740035436 11323
0.26953735843908833 -0.13461235764362012 11324
0.26677200784902177 -0.14001275032259916 11325
0.26389846999947453 -0.14535636194069726 11326
0.26091791022386518 -0.15064102545160524 11327
0.25783153727220481 -0.155864597688357 11328
0.25464060279292444 -0.16102496028243385 11329
0.25134640084530663 -0.16612002048764418 11330
0.24795026736939621 -0.17114771203890328 11331
0.24445357964127587 -0.1761059959946692 11332
0.24085775570838824 -0.18099286157146613 11333
0.2371642538306182 -0.18580632693661769 11334
0.23337457187972993 -0.19054444002558943 11335
0.22949024673174487 -0.1952052793336215 11336
0.22551285364183993 -0.19978695469682178 11337
0.22144400561376085 -0.20428760804916699 11338
0.21728535273458241 -0.20870541418882044 11339
0.30762991661091044 -0.0061960163740963359 11340
0.30744276866893661 -0.012389520011870769 11341
0.30713093976229811 -0.018577999183855554 11342
0.30669455635223997 -0.024758944178869563 11343
0.30613379540993491 -0.030929848380807035 11344
0.30544888434611717 -0.037088209240483699 11345
0.30464010092590504 -0.043231529244405459 11346
0.30370777314077757 -0.049357317054591454 11347
0.30265227908601577 -0.055463088419234585 11348
0.30147404681680434 -0.06154636714592214 11349
0.30017355414813462 -0.067604686250586188 11350
0.29875132848546465 -0.07363558882181355 11351
0.29720794660695959 -0.079636629051220709 11352
0.29554403441553939 -0.085605373279693225 11353
0.2937602666955601 -0.091539400937107357 11354
0.29185736684343994 -0.097436305513841776 11355
0.289836106559964 -0.10329369558272247 11356
0.28769730555335282 -0.10910919571840698 11357
0.28544183119949318 -0.1148804474854572 11358
0.28307059817969604 -0.12060511041896121 11359
0.28058456812412302 -0.12628086293489635 11360
0.27798474923940625 -0.13190540323765793 11361
0.27527219585267887 -0.13747645035943828 11362
0.27244800801601565 -0.14299174501031062 11363
0.26951333106328706 -0.14844905049262364 11364
0.26646935512223968 -0.15384615365270005 11365
0.26331731466096997 -0.15918086572427639 11366
0.26005848795872666 -0.1644510232671636 11367
0.25669419660796855 -0.16965448900865518 11368
0.25322580497299674 -0.17478915272057965 11369
0.24965471963364011 -0.17985293207965974 11370
0.24598238880856396 -0.18484377351979309 11371
0.24221030178445876 -0.18975965304165024 11372
0.23833998830270103 -0.19459857704740888 11373
0.23437301793880183 -0.19935858314922925 11374
0.2303109994640056 -0.20403774096696595 11375
0.2261555802012869 -0.20863415290127624 11376
0.22190844534595613 -0.21314595491624186 11377
0.31403887320695323 -0.0063251000485563258 11378
0.31384782634952191 -0.012647635012117381 11379
0.31352950100732896 -0.018965040833518132 11380
0.31308402627622844 -0.025274755515928005 11381
0.31251158281429259 -0.03157422022207218 11382
0.31181240276997912 -0.037860880266325225 11383
0.3109867696951798 -0.044132186103661819 11384
0.3100350184145293 -0.050385594493226382 11385
0.30895753490029376 -0.056618569427966031 11386
0.30775475612547426 -0.062828583128126128 11387
0.30642716985954105 -0.069013117214137248 11388
0.3049753144955662 -0.075169663588931693 11389
0.30339977882792624 -0.081295725489784643 11390
0.30170120179918503 -0.087388818556350181 11391
0.29988027225170677 -0.093446471789960378 11392
0.29793772865266793 -0.099466228545376678 11393
0.29587435877995349 -0.10544564757402571 11394
0.29369099941903842 -0.11138230396253704 11395
0.29138853601614045 -0.11727379014140064 11396
0.2889679023084315 -0.12311771688601936 11397
0.2864300799600345 -0.12891171424603648 11398
0.28377609818188665 -0.13465343247177236 11399
0.28100703326626952 -0.14034054307525645 11400
0.27812400818300953 -0.14597073969802196 11401
0.27512819212709971 -0.15154173904455009 11402
0.27202080002061441 -0.15705128185379491 11403
0.2688030920497354 -0.16249713376019589 11404
0.2654763731245291 -0.16787708625189332 11405
0.26204199237063053 -0.17318895752966609 11406
0.25850134257659729 -0.17843059340225587 11407
0.25485585962600454 -0.18359986816465043 11408
0.25110702190873968 -0.18869468546812013 11409
0.24725634973829944 -0.1937129791466829 11410
0.24330540472567219 -0.19865271406922849 11411
0.2392557891458586 -0.20351188696483685 11412
0.23510914528617138 -0.20828852723711014 11413
0.23086715478881303 -0.21298069775338549 11414
0.22653153795732989 -0.21758649564366322 11415
0.32044782980298436 -0.0064541837230161492 11416
0.32025288403009616 -0.012905750012363548 11417
0.31992806225234899 -0.0193520824831801 11418
0.31947349620020637 -0.025790566852985586 11419
0.31888937021863994 -0.032218592063336271 11420
0.31817592119383115 -0.038633551292165474 11421
0.31733343846444495 -0.045032842962916764 11422
0.31636226368827181 -0.051413871931859922 11423
0.31526279071456298 -0.057774050436695867 11424
0.31403546543413557 -0.064110799110328257 11425
0.31268078557093926 -0.070421548177686227 11426
0.31119930050565958 -0.076703738356047754 11427
0.30959161104888505 -0.082954821928346537 11428
0.30785836918282361 -0.089172263833005028 11429
0.30600027780784644 -0.095353542642811165 11430
0.30401809046188943 -0.10149615157690937 11431
0.30191261099993666 -0.10759759956532675 11432
0.29968469328471803 -0.11365541220666465 11433
0.29733524083278229 -0.11966713279734201 11434
0.29486520643716174 -0.12563032335307533 11435
0.29227559179594098 -0.13154256555717453 11436
0.28956744712436222 -0.13740146170588446 11437
0.2867418706798559 -0.14320463579107254 11438
0.28380000834999963 -0.14894973438573145 11439
0.2807430531909087 -0.15463442759647456 11440
0.27757224491898558 -0.16025641005488778 11441
0.27428886943849762 -0.16581340179611359 11442
0.2708942582903287 -0.17130314923662143 11443
0.26738978813329012 -0.17672342605067554 11444
0.26377688018019563 -0.18207203408393058 11445
0.26005699961836715 -0.18734680424963976 11446
0.25623165500891382 -0.19254559741644589 11447
0.25230239769213864 -0.19766630525171444 11448
0.24827082114864207 -0.20270685109104702 11449
0.24413856035291467 -0.20766519078044388 11450
0.2399072911083365 -0.21253931350725383 11451
0.23557872937633881 -0.21732724260549449 11452
0.23115463056870345 -0.22202703637108434 11453
0.32685678639902765 -0.0065832673974761668 11454
0.32665794171068208 -0.01316386501261016 11455
0.3263266234973804 -0.019739124132842845 11456
0.32586296612419541 -0.026306378190044083 11457
0.32526715762299807 -0.032862963904601472 11458
0.3245394396176936 -0.039406222318007111 11459
0.32368010723371998 -0.045933499822173207 11460
0.32268950896202386 -0.052442149370494906 11461
0.3215680465288413 -0.058929531445427397 11462
0.32031617474280605 -0.065393015092532453 11463
0.3189344012823464 -0.071829979141237371 11464
0.31742328651576146 -0.078237813123165967 11465
0.31578344326985197 -0.084613918366910554 11466
0.31401553656646952 -0.090955709109662178 11467
0.31212028336399339 -0.097260613495664422 11468
0.31009845227111765 -0.10352607460844444 11469
0.30795086321992643 -0.10974955155663002 11470
0.30567838715040385 -0.1159285204507948 11471
0.30328194564942978 -0.12206047545328555 11472
0.30076251056589726 -0.12814292982013356 11473
0.29812110363185279 -0.13417341686831485 11474
0.29535879606684301 -0.14014949093999923 11475
0.29247670809344689 -0.14606872850689095 11476
0.2894760085169939 -0.15192872907344304 11477
0.28635791425472151 -0.15772711614840107 11478
0.28312368981736041 -0.16346153825598264 11479
0.27977464682726311 -0.16912966983203315 11480
0.2763121434561312 -0.17472921222135121 11481
0.27273758389595226 -0.18025789457168667 11482
0.26905241778379635 -0.18571347476560707 11483
0.26525813961073164 -0.19109374033463053 11484
0.26135628810908962 -0.19639650936477299 11485
0.25734844564597942 -0.20161963135674707 11486
0.25323623757161334 -0.20676098811286664 11487
0.24902133155997161 -0.21181849459605159 11488
0.24470543693050217 -0.21679009977739805 11489
0.24029030396386494 -0.22167378745760374 11490
0.23577772318007706 -0.22646757709850568 11491
0.33326574299506895 -0.0067123510719360735 11492
0.33306299939126621 -0.01342198001285666 11493
0.33272518474241025 -0.020126165782505284 11494
0.33225243604818283 -0.026822189527102469 11495
0.33164494502735475 -0.033507335745866618 11496
0.33090295804155456 -0.040178893343848499 11497
0.33002677600299379 -0.046834156681429318 11498
0.3290167542357747 -0.053470426809129751 11499
0.32787330234311862 -0.060085012454158815 11500
0.32659688405147513 -0.066675231074736052 11501
0.3251880169937521 -0.07323841010478821 11502
0.32364727252586217 -0.079771887890283791 11503
0.32197527549081739 -0.086273014805474224 11504
0.3201727039501146 -0.09273915438631887 11505
0.31824028892013945 -0.099167684348517179 11506
0.31617881408034515 -0.10555599763997922 11507
0.31398911543991515 -0.11190150354793302 11508
0.3116720810160889 -0.11820162869492457 11509
0.3092286504660765 -0.1244538181092288 11510
0.30665981469463216 -0.13065553628719151 11511
0.30396661546776371 -0.13680426817945479 11512
0.3011501450093228 -0.14289752017411325 11513
0.29821154550703705 -0.14893282122270884 11514
0.29515200868398761 -0.15490772376115439 11515
0.29197277531853388 -0.16081980470032733 11516
0.2886751347157348 -0.16666666645707737 11517
0.28526042421602815 -0.17244593786795243 11518
0.2817300286219333 -0.1781552752060809 11519
0.27808537965861413 -0.18379236309269756 11520
0.27432795538739668 -0.18935491544728314 11521
0.27045927960309579 -0.19484067641962105 11522
0.26648092120926531 -0.20024742131309994 11523
0.26239449359981987 -0.20557295746177956 11524
0.25820165399458422 -0.21081512513468603 11525
0.25390410276702846 -0.21597179841165917 11526
0.2495035827526679 -0.22104088604754224 11527
0.24500187855139099 -0.22602033230971297 11528
0.24040081579145101 -0.23090811782592718 11529
0.33967469959110774 -0.0068414347463959801 11530
0.33946805707184768 -0.013680095013103216 11531
0.33912374598743722 -0.020513207432167835 11532
0.33864190597216759 -0.027338000864160605 11533
0.33802273243170883 -0.03415170758713143 11534
0.33726647646541297 -0.040951564369689664 11535
0.33637344477226505 -0.04773481354068515 11536
0.33534399950952315 -0.054498704247764207 11537
0.33417855815739345 -0.06124049346288965 11538
0.332877593360142 -0.06795744705693943 11539
0.3314416327051557 -0.074646841068338549 11540
0.32987125853596078 -0.081305962657401143 11541
0.32816710771178131 -0.087932111244037547 11542
0.32632987133375774 -0.094522599662975174 11543
0.32436029447628367 -0.10107475520136947 11544
0.32225917588957081 -0.10758592067151319 11545
0.32002736765990247 -0.11405345553923554 11546
0.31766577488177239 -0.1204747369390536 11547
0.31517535528272206 -0.12684716076517161 11548
0.31255711882336568 -0.13316814275424882 11549
0.30981212730367336 -0.13943511949059412 11550
0.30694149395180159 -0.14564554940822699 11551
0.30394638292062626 -0.15179691393852637 11552
0.30082800885098016 -0.15788671844886512 11553
0.29758763638234526 -0.16391249325225316 11554
0.29422657961410814 -0.16987179465817137 11555
0.29074620160479242 -0.17576220590387126 11556
0.2871479137877348 -0.18158133819081013 11557
0.28343317542127533 -0.18732683161370803 11558
0.27960349299099652 -0.19299635612895896 11559
0.2756604195954595 -0.19858761250461127 11560
0.27160555430944061 -0.20409833326142665 11561
0.26744054155366004 -0.2095262835668118 11562
0.26316707041755488 -0.2148692621565052 11563
0.25878687397408517 -0.22012510222726678 11564
0.2543017285748333 -0.2252916723176861 11565
0.24971345313891702 -0.23036687716182214 11566
0.2450239084028247 -0.23534865855334849 11567
0.34608365618715953 -0.0069705184208561088 11568
0.34587311475244198 -0.013938210013350105 11569
0.34552230723247668 -0.020900249081830857 11570
0.34503137589616462 -0.02785381220121988 11571
0.34440051983607467 -0.034796079428397492 11572
0.34362999488928286 -0.041724235395532022 11573
0.34272011354154741 -0.048635470399942565 11574
0.34167124478328226 -0.055526981686400384 11575
0.34048381397167859 -0.062395974471622456 11576
0.33915830266881897 -0.069239663039144861 11577
0.33769524841656884 -0.076055272031890941 11578
0.33609524454606865 -0.082840037424520757 11579
0.33435893993275395 -0.089591207682602994 11580
0.3324870387174092 -0.096306044939633725 11581
0.33048030003243606 -0.10298182605422421 11582
0.3283395376988042 -0.10961584370305014 11583
0.32606561987989691 -0.11620540753054055 11584
0.32365946874746271 -0.12274784518318543 11585
0.32112206009937372 -0.12924050342111681 11586
0.31845442295210524 -0.13568074922130879 11587
0.31565763913958889 -0.14206597080173622 11588
0.31273284289428555 -0.14839357864234304 11589
0.30968122033422041 -0.1546610066543464 11590
0.30650400901797742 -0.16086571313657835 11591
0.3032024974461609 -0.16700518180418111 11592
0.29977802451248559 -0.17307692285926785 11593
0.29623197899356013 -0.17907847393979215 11594
0.29256579895353935 -0.18500740117554113 11595
0.28878097118393931 -0.19086130013472033 11596
0.28487903059459896 -0.19663779681063653 11597
0.28086155958782555 -0.20233454858960304 11598
0.27673018740961752 -0.2079492452097545 11599
0.27248658950750182 -0.21347960967184537 11600
0.26813248684052693 -0.21892339917832548 11601
0.26366964518114266 -0.22427840604287494 11602
0.25909987439699955 -0.22954245858783079 11603
0.25442502772644343 -0.23471342201393167 11604
0.24964700101419851 -0.23978919928076997 11605
0.35249261278321481 -0.0070996020953164318 11606
0.35227817243303955 -0.014196325013597244 11607
0.35192086847751963 -0.021287290731494213 11608
0.35142084582016453 -0.028369623538279071 11609
0.35077830724044345 -0.035440451269663775 11610
0.34999351331315576 -0.042496906421375019 11611
0.34906678231083277 -0.049536127259200424 11612
0.34799849005704409 -0.05655525912503695 11613
0.34678906978596646 -0.063551455480355734 11614
0.34543901197749838 -0.070521879021350847 11615
0.34394886412798453 -0.077463702995444056 11616
0.34231923055617874 -0.084374112191640843 11617
0.34055077215372864 -0.09125030412116919 11618
0.33864420610106305 -0.098089490216293068 11619
0.33660030558859017 -0.10488889690707956 11620
0.33441989950803935 -0.11164576673458744 11621
0.33210387209989334 -0.1183573595218463 11622
0.32965316261315464 -0.12502095342731773 11623
0.32706876491602721 -0.13163384607706277 11624
0.32435172708084653 -0.13819335568836946 11625
0.32150315097550569 -0.14469682211287874 11626
0.318524191836771 -0.15114160787645992 11627
0.31541605774781589 -0.15752509937016701 11628
0.3121800091849759 -0.16384470782429206 11629
0.30881735850997771 -0.17009787035610996 11630
0.30532946941086403 -0.17628205106036487 11631
0.30171775638232901 -0.18239474197571379 11632
0.29798368411934495 -0.18843346416027307 11633
0.29412876694660428 -0.19439576865573338 11634
0.2901545681982019 -0.20027923749231447 11635
0.2860626995801922 -0.20608148467459533 11636
0.28185482050979521 -0.21180015715808304 11637
0.27753263746134404 -0.21743293577687919 11638
0.27309790326349936 -0.22297753620014613 11639
0.26855241638820071 -0.22843170985848363 11640
0.26389802021916609 -0.2337932448579757 11641
0.25913660231396995 -0.23905996686604133 11642
0.25427009362557257 -0.24422974000819161 11643
0.35890156937922507 -0.0072286857697756446 11644
0.35868323011359349 -0.014454440013842579 11645
0.35831942972251996 -0.021674332381155015 11646
0.35781031574412336 -0.028885434875335236 11647
0.35715609464477227 -0.03608482311092609 11648
0.35635703173698974 -0.043269577447213103 11649
0.35541345108008049 -0.050436784118452899 11650
0.35432573533076994 -0.057583536563667742 11651
0.35309432560021936 -0.064706936489082767 11652
0.35171972128614409 -0.071804095003549812 11653
0.35020247983936781 -0.078872133958989787 11654
0.34854321656625775 -0.085908186958753546 11655
0.3467426043746738 -0.092909400559727406 11656
0.34480137348468798 -0.099872935492944112 11657
0.34272031114471718 -0.10679596775992646 11658
0.34050026131724875 -0.11367568976611601 11659
0.33814212431986507 -0.12050931151314309 11660
0.33564685647882353 -0.12729406167144153 11661
0.33301546973265883 -0.13402718873299996 11662
0.33024903120956706 -0.14070596215542125 11663
0.32734866281140329 -0.14732767342401265 11664
0.32431554077923841 -0.15388963711056813 11665
0.32115089516139433 -0.16038919208597918 11666
0.31785600935195857 -0.16682370251199768 11667
0.31443221957377998 -0.1731905589080307 11668
0.31088091430922915 -0.17948717926145419 11669
0.30720353377108556 -0.18571101001162796 11670
0.30340156928513934 -0.19185952714499768 11671
0.29947656270925926 -0.19793023717673969 11672
0.29543010580179624 -0.20392067817398651 11673
0.29126383957255114 -0.20982842075958208 11674
0.28697945360996624 -0.21565106910640652 11675
0.28257868541518061 -0.22138626188190857 11676
0.27806331968646714 -0.22703167322196294 11677
0.27343518759525509 -0.23258501367408904 11678
0.2686961660413299 -0.23804403112811806 11679
0.26384817690149487 -0.24340651171814953 11680
0.25889318623694568 -0.24867028073561245 11681
0.36531052597528407 -0.0073577694442359953 11682
0.36508828779419467 -0.014712555014089829 11683
0.36471799096756619 -0.022061374030818592 11684
0.36419978566812694 -0.029401246212394899 11685
0.3635338820491445 -0.036729194952192679 11686
0.36272055016086568 -0.044042248473056267 11687
0.36176011984936873 -0.051337440977711257 11688
0.36065298060453466 -0.058611814002304807 11689
0.35939958141451001 -0.065862417497816489 11690
0.35800043059482645 -0.073086310985756381 11691
0.35645609555078617 -0.080280564922543374 11692
0.35476720257637057 -0.087442261725874437 11693
0.35293443659565094 -0.094568496998294171 11694
0.35095854086834422 -0.10165638076960418 11695
0.34884031670087373 -0.10870303861278253 11696
0.34658062312648619 -0.11570561279765421 11697
0.34418037653986344 -0.12266126350444947 11698
0.34164055034451751 -0.12956716991557454 11699
0.33896217454931415 -0.13642053138894661 11700
0.33614633533830984 -0.14321856862248267 11701
0.33319417464732171 -0.14995852473515595 11702
0.33010688972172531 -0.15663766634468573 11703
0.32688573257499115 -0.16325328480180051 11704
0.32353200951895833 -0.16980269719971217 11705
0.32004708063759779 -0.17628324745995999 11706
0.3164323592076087 -0.18269230746255191 11707
0.31268931115985527 -0.18902727804755018 11708
0.30881945445094583 -0.19528559012973007 11709
0.30482435847192485 -0.20146470569775304 11710
0.30070564340540001 -0.20756211885566506 11711
0.29646497956491819 -0.21357535684457468 11712
0.29210408671014443 -0.21950198105473531 11713
0.2876247333690235 -0.22533958798694298 11714
0.2830287361094399 -0.23108581024378375 11715
0.27831795880231325 -0.23673831748969787 11716
0.2734943118634966 -0.24229481739826311 11717
0.26855975148902156 -0.24775305657025934 11718
0.26351627884831963 -0.25311082146303399 11719
0.37171948257134302 -0.007486853118696235 11720
0.37149334547479584 -0.014970670014337106 11721
0.37111655221261264 -0.022448415680482142 11722
0.37058925559213024 -0.029917057549454479 11723
0.36991166945351661 -0.037373566793459462 11724
0.36908406858474152 -0.044814919498899541 11725
0.36810678861865687 -0.052238097836969449 11726
0.36698022587829959 -0.059640091440941956 11727
0.36570483722880065 -0.067017898506550294 11728
0.36428113990350847 -0.0743685269679627 11729
0.36270971126220442 -0.081688995886097016 11730
0.36099118858648316 -0.088976336492995106 11731
0.35912626881662812 -0.096227593436860909 11732
0.35711570825200023 -0.10343982604626409 11733
0.35496032225703028 -0.11061010946563872 11734
0.35266098493572351 -0.11773553582919206 11735
0.35021862875986176 -0.12481321549575589 11736
0.34763424421021155 -0.13184027815970778 11737
0.34490887936596931 -0.13881387404489332 11738
0.34204363946705291 -0.14573117508954414 11739
0.33903968648324023 -0.15258937604629935 11740
0.3358982386642122 -0.15938569557880325 11741
0.33262056998858802 -0.16611737751762182 11742
0.32920800968595809 -0.17278169188742681 11743
0.32566194170141577 -0.17937593601188934 11744
0.32198380410598809 -0.18589743566364952 11745
0.31817508854862508 -0.19234354608347229 11746
0.31423733961675204 -0.19871165311446223 11747
0.31017215423459044 -0.20499917421876646 11748
0.30598118100900379 -0.21120355953734354 11749
0.30166611955728551 -0.21732229292956751 11750
0.29722871981032262 -0.22335289300306424 11751
0.29267078132286611 -0.22929291409197719 11752
0.28799415253241273 -0.23513994726560469 11753
0.28320073000937146 -0.24089162130530667 11754
0.27829245768566324 -0.24654560366840808 11755
0.27327132607654836 -0.25209960142236931 11756
0.26813937145969374 -0.25755136219045577 11757
0.37812843916736671 -0.0076159367931559474 11758
0.37789840315536261 -0.015228785014582941 11759
0.37751511345762545 -0.022835457330143666 11760
0.37697872551610145 -0.030432868886511644 11761
0.37628945685785731 -0.038017938634722831 11762
0.37544758700858738 -0.045587590524739097 11763
0.37445345738791591 -0.053138754696223423 11764
0.37330747115203594 -0.060668368879574386 11765
0.37201009304306387 -0.068173379515278992 11766
0.3705618492121644 -0.075650742950163774 11767
0.36896332697359713 -0.083097426849644801 11768
0.3672151745965716 -0.090510411260110085 11769
0.36531810103758211 -0.097886689875421512 11770
0.36327287563563382 -0.10522327132291748 11771
0.36108032781316551 -0.11251718031848822 11772
0.35874134674494057 -0.11976545886072347 11773
0.35625688097984093 -0.12696516748705544 11774
0.35362793807588727 -0.13411338640383402 11775
0.35085558418260743 -0.14120721670083308 11776
0.34794094359577937 -0.14824378155659851 11777
0.34488519831914355 -0.15522022735743585 11778
0.341689587606685 -0.16213372481291405 11779
0.33835540740217157 -0.16898147023343646 11780
0.33488400985294553 -0.17576068657513472 11781
0.33127680276522231 -0.18246862456381241 11782
0.32753524900435715 -0.18910256386474106 11783
0.32366086593738519 -0.1956598141193886 11784
0.31965522478254982 -0.20213771609918912 11785
0.31551994999724842 -0.20853364273977476 11786
0.31125671861260074 -0.21484500021901737 11787
0.30686725954964666 -0.22106922901455583 11788
0.30235335291049548 -0.22720380495138909 11789
0.29771682927670434 -0.2332462401970079 11790
0.29295956895538183 -0.23919408428742259 11791
0.28808350121642678 -0.24504492512091303 11792
0.28309060350782783 -0.25079638993855136 11793
0.27798290066407377 -0.25644614627447787 11794
0.27276246407106708 -0.26199190291787666 11795
0.38453739576345863 -0.0077450204676168255 11796
0.38430346083599609 -0.01548690001483144 11797
0.38391367470270288 -0.023222498979809186 11798
0.38336819544013501 -0.03094868022357361 11799
0.38266724426225884 -0.038662310475992612 11800
0.3818111054324918 -0.046360261550585757 11801
0.38080012615723158 -0.054039411555485556 11802
0.37963471642582725 -0.061696646318215753 11803
0.37831534885738022 -0.069328860524017627 11804
0.37684255852087112 -0.076932958932375228 11805
0.37521694268503913 -0.0845058578132038 11806
0.3734391606067069 -0.092044486027236444 11807
0.37150993325858084 -0.099545786313994161 11808
0.36943004301931065 -0.10700671659958352 11809
0.36720033336934171 -0.11442425117135036 11810
0.36482170855419693 -0.12179538189226781 11811
0.36229513319985707 -0.12911711947836821 11812
0.35962163194159824 -0.13638649464797364 11813
0.35680228899927868 -0.1436005593567862 11814
0.35383824772453748 -0.1507563880236662 11815
0.35073071015507634 -0.15785107866858561 11816
0.34748093654918527 -0.16488175404703798 11817
0.34409024481578082 -0.17184556294926398 11818
0.34056001001995673 -0.17873968126285528 11819
0.33689166382905089 -0.18556131311574764 11820
0.33308669390274642 -0.1923076920658443 11821
0.32914664332616395 -0.1989760821553162 11822
0.32507310994836441 -0.20556377908392665 11823
0.32086774575992122 -0.21206811126079295 11824
0.31653225621621084 -0.21848644090070024 11825
0.31206839954201948 -0.22481616509955252 11826
0.30747798601067855 -0.23105471689972157 11827
0.30276287723055118 -0.23719956630204531 11828
0.29792498537835799 -0.2432482213092462 11829
0.29296627242348783 -0.24919822893652427 11830
0.28788874932999647 -0.25504717620869805 11831
0.28269447525160185 -0.26079269112658898 11832
0.2773855566824418 -0.26643244364529894 11833
0.39094635235955277 -0.0078741041420778979 11834
0.39070851851663152 -0.015745015015080105 11835
0.39031223594778242 -0.023609540629474651 11836
0.38975766536417078 -0.031464491560635882 11837
0.38904503166666238 -0.039306682317262337 11838
0.38817462385639778 -0.04713293257643264 11839
0.38714679492654924 -0.054940068414748106 11840
0.38596196169962049 -0.062724923756857592 11841
0.38462060467169823 -0.0704843415327564 11842
0.38312326782957951 -0.078215174914587099 11843
0.38147055839648258 -0.085914288776762993 11844
0.37966314661684397 -0.093578560794363247 11845
0.37770176547958156 -0.10120488275256725 11846
0.37558721040298898 -0.10879016187625001 11847
0.37332033892551941 -0.11633132202421306 11848
0.37090207036345446 -0.12382530492381265 11849
0.36833338541987459 -0.13126907146968153 11850
0.36561532580731038 -0.13865960289211363 11851
0.36274899381595127 -0.14599390201273993 11852
0.35973555185329653 -0.15326899449073453 11853
0.35657622199101002 -0.16048192997973582 11854
0.35327228549168627 -0.16762978328116224 11855
0.3498250822293909 -0.17470965566509189 11856
0.34623601018696881 -0.18171867595057614 11857
0.34250652489288019 -0.18865400166768331 11858
0.33863813880113613 -0.19551282026694788 11859
0.33463242071494331 -0.20229235019124414 11860
0.3304909951141794 -0.20898984206866444 11861
0.32621554152259469 -0.21560257978181152 11862
0.3218077938198215 -0.2221278815823835 11863
0.31726953953439274 -0.22856310118454959 11864
0.31260261911086185 -0.23490562884805422 11865
0.30780892518439812 -0.24115289240708293 11866
0.3028904018013342 -0.24730235833106992 11867
0.29784904363054882 -0.25335153275213546 11868
0.29268689515216517 -0.25929796247884485 11869
0.28740604983912976 -0.26513923597869998 11870
0.28200864929381653 -0.27087298437272134 11871
0.39735530895560089 -0.0080031878165380266 11872
0.3971135761972221 -0.0160031300153268 11873
0.39671079719281854 -0.023996582279137618 11874
0.39614713528816436 -0.031980302897694768 11875
0.39542281907102478 -0.039951054158528038 11876
0.39453814228026468 -0.047905603602274721 11877
0.39349346369582849 -0.055840725274004993 11878
0.39228920697337677 -0.063753201195493242 11879
0.39092586048598066 -0.071639822541488679 11880
0.3894039771382537 -0.07949739089679192 11881
0.38772417410789312 -0.087322719740314997 11882
0.38588713262694924 -0.095112635561482306 11883
0.38389359770055154 -0.10286397919113202 11884
0.38174437778663828 -0.11057360715290804 11885
0.37944034448166958 -0.11823839287706722 11886
0.37698243217268562 -0.12585522795534859 11887
0.37437163763986703 -0.13342102346098564 11888
0.37160901967299875 -0.14093271113624464 11889
0.36869569863260121 -0.14838724466868439 11890
0.3656328559820346 -0.15578160095779381 11891
0.36242173382692383 -0.16311278129087703 11892
0.359063634434169 -0.17037781251527775 11893
0.35555991964298372 -0.17757374838091117 11894
0.3519120103539648 -0.18469767063828868 11895
0.34812138595669467 -0.19174669021961083 11896
0.34418958369951252 -0.19871794846804366 11897
0.34011819810371008 -0.20560861822716459 11898
0.33590888027998317 -0.212415905053395 11899
0.33156333728525783 -0.21913704830282324 11900
0.32708333142342322 -0.22576932226406068 11901
0.32247067952675812 -0.23231003726954103 11902
0.31772725221103854 -0.23875654079638201 11903
0.31285497313823962 -0.24510621851211614 11904
0.30785581822430597 -0.25135649535288995 11905
0.30273181483760619 -0.25750483656774348 11906
0.29748504097433121 -0.26354874874898943 11907
0.29211762442665623 -0.26948578083080954 11908
0.28663174190519042 -0.27531352510014295 11909
0.40376426555169054 -0.0081322714909989324 11910
0.40351863387785325 -0.016261245015575437 11911
0.40310935843789386 -0.024383623928803028 11912
0.40253660521219603 -0.03249611423475679 11913
0.40180060647542426 -0.04059542599979743 11914
0.40090166070416711 -0.048678274628121271 11915
0.39984013246514233 -0.056741382133266932 11916
0.39861645224716624 -0.064781478634134304 11917
0.39723111630029512 -0.07279530355022687 11918
0.39568468644695864 -0.080779606879003041 11919
0.3939777898193334 -0.088731150703873413 11920
0.39211111863708292 -0.096646710328608304 11921
0.3900854299215491 -0.10452307562970425 11922
0.38790154517031361 -0.11235705242957356 11923
0.38556035003784439 -0.12014546372992901 11924
0.38306279398194054 -0.12788515098689249 11925
0.380409889859882 -0.13557297545229804 11926
0.37760271353870867 -0.14320581938038385 11927
0.37464240344927158 -0.15078058732463712 11928
0.37153016011079149 -0.15829420742486128 11929
0.36826724566285557 -0.16574363260202629 11930
0.36485498337666833 -0.17312584174940124 11931
0.36129475705659209 -0.18043784109673836 11932
0.35758801052097522 -0.18767666532600885 11933
0.35373624702052248 -0.19483937877154553 11934
0.34974102859790124 -0.20192307666914663 11935
0.34560397549248811 -0.20892488626309164 11936
0.3413267654457971 -0.2158419680381321 11937
0.33691113304793019 -0.22267151682384109 11938
0.33235886902703293 -0.2294107629457432 11939
0.3276718195191306 -0.23605697335453746 11940
0.32285188531122122 -0.24260745274471421 11941
0.31790102109208596 -0.24905954461715327 11942
0.31282123464728184 -0.25541063237471345 11943
0.3076145860446669 -0.26165814038335444 11944
0.30228318679649974 -0.267799535019136 11945
0.29682919901418414 -0.27383232568292054 11946
0.29125483451656503 -0.27975406582756507 11947
0.41017322214778695 -0.0082613551654598938 11948
0.4099236915584909 -0.016519360015824075 11949
0.40950791968297551 -0.024770665578468687 11950
0.40892607513623386 -0.033011925571819256 11951
0.4081783938798299 -0.041239797841067544 11952
0.40726517912807547 -0.049450945653968403 11953
0.40618680123446183 -0.057642038992529593 11954
0.40494369752096104 -0.065809756072776227 11955
0.40353637211461485 -0.073950784558965948 11956
0.40196539575566892 -0.082061822861215217 11957
0.40023140553077863 -0.090139581667433105 11958
0.39833510464722161 -0.098180785095735579 11959
0.39627726214255099 -0.10618217206827774 11960
0.39405871255399316 -0.11414049770624041 11961
0.39168035559402359 -0.12205253458279222 11962
0.3891431557911994 -0.12991507401843763 11963
0.38644814207990091 -0.13772492744361187 11964
0.38359640740442208 -0.14547892762452436 11965
0.38058910826594511 -0.15317392998059121 11966
0.37742746423955154 -0.16080681389192977 11967
0.37411275749879036 -0.16837448391317705 11968
0.37064633231917032 -0.17587387098352592 11969
0.367029594470203 -0.18330193381256668 11970
0.36326401068798808 -0.19065566001373019 11971
0.35935110808435256 -0.19793206732348156 11972
0.35529247349629173 -0.20512820487025057 11973
0.35108975288126798 -0.21224115429901991 11974
0.34674465061161258 -0.21926803102287018 11975
0.34225892881060416 -0.22620598534486 11976
0.33763440663064392 -0.23305220362742674 11977
0.33287295951150414 -0.23980390943953478 11978
0.32797651841140485 -0.24645836469304722 11979
0.32294706904593351 -0.25301287072219131 11980
0.31778665107025872 -0.25946476939653751 11981
0.31249735725172811 -0.2658114441989658 11982
0.3070813326186686 -0.27205032128928303 11983
0.30154077360171233 -0.2781788705350316 11984
0.29587792712793975 -0.28419460655498752 11985
0.41658217874383513 -0.008390438839919967 11986
0.41632874923908153 -0.016777475016070909 11987
0.41590648092801158 -0.025157707228131709 11988
0.41531554506022739 -0.033527736908877975 11989
0.41455618128419247 -0.041884169682333161 11990
0.41362869755194204 -0.050223616679810373 11991
0.4125334700037413 -0.058542695851786619 11992
0.41127094279471743 -0.066838033511412098 11993
0.40984162792889717 -0.07510626556769831 11994
0.40824610506434311 -0.083344038843420037 11995
0.40648502124218927 -0.091548012630985193 11996
0.40455909065732676 -0.099714859862854416 11997
0.40246909436352118 -0.10784126850684267 11998
0.40021587993764246 -0.11592394298289835 11999
0.39780036115017348 -0.12395960543564619 12000
0.39522351760043062 -0.1319449970499737 12001
0.3924863942998934 -0.13987687943491608 12002
0.3895901012701104 -0.14775203586865535 12003
0.38653581308259516 -0.1555672726365358 12004
0.38332476836828955 -0.16331942035898914 12005
0.37995826933470406 -0.17100533522431816 12006
0.37643768126165295 -0.17862190021764132 12007
0.37276443188379588 -0.18616602652838593 12008
0.36894001085498407 -0.19363465470144275 12009
0.36496596914816687 -0.20102475587540894 12010
0.36084391839466817 -0.20833333307134649 12011
0.35657553027003475 -0.21555742233494024 12012
0.35216253577741641 -0.22269409400760096 12013
0.34760672457326747 -0.22974045386587186 12014
0.34290994423424559 -0.23669364430910386 12015
0.33807409950386969 -0.24355084552452627 12016
0.33310115151158137 -0.25030927664137476 12017
0.32799311699977468 -0.25696619682722432 12018
0.3227520674932301 -0.26351890641835723 12019
0.31738012845878549 -0.26996474801457382 12020
0.31187947844083463 -0.27630110755942738 12021
0.30625234818923852 -0.2825254153871411 12022
0.30050101973931354 -0.28863514728240885 12023
0.42299113533994653 -0.0085195225143814557 12024
0.42273380691973372 -0.017035590016320185 12025
0.42230504217310749 -0.025544748877798201 12026
0.42170501498427904 -0.034043548245941496 12027
0.42093396868861122 -0.042528541523604524 12028
0.41999221597586328 -0.050996287705659282 12029
0.41888013877307312 -0.059443352711050945 12030
0.41759818806852445 -0.067866310950055964 12031
0.41614688374322861 -0.076261746576439554 12032
0.41452681437306438 -0.084626254825634462 12033
0.41273863695364521 -0.092956443594547217 12034
0.41078307666747566 -0.10124893462998433 12035
0.40866092658453312 -0.10950036494541876 12036
0.40637304732133162 -0.11770738825956786 12037
0.40392036670636183 -0.12586667628851222 12038
0.40130387940969819 -0.13397492008152179 12039
0.39852464651992026 -0.14202883142623271 12040
0.39558379513583153 -0.15002514411279874 12041
0.39248251789927602 -0.15796061529249275 12042
0.38922207249705654 -0.16583202682606077 12043
0.38580378117064518 -0.17363618653547175 12044
0.38222903020416121 -0.18136992945176894 12045
0.3784992692974124 -0.18903011924421709 12046
0.37461601102200204 -0.19661364938916684 12047
0.37058083021200178 -0.20411744442734764 12048
0.36639536329306321 -0.21153846127245304 12049
0.36206130765881883 -0.21887369037087104 12050
0.35758042094323556 -0.22612015699234123 12051
0.35295452033594465 -0.2332749223868929 12052
0.34818548183785969 -0.24033508499078948 12053
0.34327523949624578 -0.24729778160952545 12054
0.33822578461176728 -0.2541601885897094 12055
0.33303916495362401 -0.26091952293226378 12056
0.32771748391620825 -0.26757304344018268 12057
0.32226289966584787 -0.27411805183018623 12058
0.31667762426300455 -0.28055189382957529 12059
0.31096392277676749 -0.28687196023925293 12060
0.30512411235068865 -0.29307568800983147 12061
0.42940009193605089 -0.0086486061888424726 12062
0.42913886460037942 -0.017293705016569239 12063
0.42870360341819691 -0.025931790527464416 12064
0.4280944849083243 -0.034559359583004545 12065
0.42731175609302385 -0.043172913364875304 12066
0.42635573439977847 -0.051768958731507275 12067
0.42522680754239961 -0.060344009570314661 12068
0.42392543334232602 -0.068894588388699052 12069
0.42245213955755467 -0.077417227585179826 12070
0.42080752368178059 -0.085908470807847942 12071
0.4189922526650961 -0.094364874558108103 12072
0.41700706267761972 -0.1027830093971128 12073
0.4148527588055404 -0.1111594613839936 12074
0.41253021470501638 -0.11949083353623621 12075
0.41004037226254558 -0.12777374714137668 12076
0.40738424121896166 -0.1360048431130686 12077
0.40456289873994333 -0.14418078341754784 12078
0.40157748900154894 -0.15229825235694094 12079
0.39842922271595355 -0.16035395794844842 12080
0.39511937662582047 -0.16834463329313099 12081
0.39164929300658341 -0.17626703784662395 12082
0.38802037914666637 -0.1841179586858952 12083
0.38423410671102642 -0.191894211960047 12084
0.38029201118901784 -0.1995926440768897 12085
0.3761956912758343 -0.20721013297928512 12086
0.37194680819145604 -0.2147435894735584 12087
0.36754708504760081 -0.22218995840680061 12088
0.36299830610905331 -0.2295462199770808 12089
0.35830231609862029 -0.23680939090791286 12090
0.3534610194414724 -0.24397652567247416 12091
0.34847637948862076 -0.25104471769452374 12092
0.34335041771195224 -0.25801110053804338 12093
0.33808521290747218 -0.26487284903730224 12094
0.33268290033918563 -0.27162718046200729 12095
0.32714567087290969 -0.27827135564579825 12096
0.32147577008517375 -0.28480268009972276 12097
0.31567549736429601 -0.29121850509136438 12098
0.3097472049620637 -0.29751622873725408 12099
0.43580904853206937 -0.0087776898633020739 12100
0.43554392228094108 -0.017551820016814906 12101
0.43510216466320473 -0.026318832177125689 12102
0.43448395483229041 -0.035075170920061266 12103
0.43368954349735983 -0.043817285206138396 12104
0.43271925282361967 -0.052541629757346164 12105
0.43157347631165388 -0.061244666429568051 12106
0.43025267861605809 -0.069922865827330816 12107
0.42875739537181368 -0.078572708593907858 12108
0.42708823299043253 -0.087190686790048155 12109
0.42524586837648515 -0.095773305521655139 12110
0.42323104868770439 -0.10431708416422669 12111
0.42104459102649072 -0.11281855782255309 12112
0.41868738208864681 -0.12127427881288891 12113
0.41616037781867754 -0.12968081799422526 12114
0.41346460302817567 -0.13803476614459895 12115
0.41060115095991956 -0.14633273540884636 12116
0.40757118286722205 -0.15457136060106605 12117
0.40437592753258916 -0.16274730060438725 12118
0.40101668075454472 -0.17085723976018441 12119
0.39749480484248439 -0.17889788915775945 12120
0.39381172808913711 -0.18686598792000508 12121
0.38996894412460792 -0.19475830467586061 12122
0.38596801135600323 -0.20257163876459675 12123
0.38181055233963923 -0.21030282153120722 12124
0.37749825308982365 -0.21794871767464913 12125
0.37303286243635952 -0.22550622644271606 12126
0.36841619127484954 -0.23297228296180664 12127
0.36365011186127705 -0.24034385942892045 12128
0.35873655704506824 -0.24761796635414721 12129
0.35367751948098108 -0.25479165377951141 12130
0.34847505081212443 -0.26186201248636765 12131
0.34313126086130985 -0.26882617514233254 12132
0.33764831676215434 -0.27568131748382479 12133
0.33202844207996474 -0.28242465946140416 12134
0.32627391590733817 -0.28905346636986562 12135
0.32038707195182109 -0.29556504994347282 12136
0.31437029757343682 -0.30195676946467492 12137
0.44221800512817611 -0.0089067735377633683 12138
0.44194897996158899 -0.017809935017063933 12139
0.44150072590829625 -0.026705873826791959 12140
0.44087342475633795 -0.035590982257124565 12141
0.44006733090177452 -0.044461657047409259 12142
0.4390827712475367 -0.053314300783194379 12143
0.43792014508098215 -0.062145323288831961 12144
0.43657992388986155 -0.070951143265974154 12145
0.43506265118614162 -0.079728189602648436 12146
0.43336894229915035 -0.088472902772261941 12147
0.43149948408793792 -0.097181736485216663 12148
0.42945503469785018 -0.10585115893135572 12149
0.42723642324749944 -0.11447765426112846 12150
0.42484454947233286 -0.12305772408955737 12151
0.42228038337486307 -0.13158788884709036 12152
0.41954496483744047 -0.14006468917614609 12153
0.41663940317994408 -0.14848468740016213 12154
0.41356487673294084 -0.15684446884520861 12155
0.41032263234926775 -0.16514064326034328 12156
0.4069139848833096 -0.17336984622725521 12157
0.40334031667842352 -0.18152874046891199 12158
0.39960307703164322 -0.18961401715413181 12159
0.39570378153822289 -0.19762239739169102 12160
0.39164401152301981 -0.20555063345232 12161
0.38742541340347258 -0.21339551008314511 12162
0.3830496979882172 -0.22115384587575493 12163
0.37851863982514228 -0.22882249447864611 12164
0.37383407644066763 -0.23639834594654635 12165
0.36899790762395307 -0.24387832794994066 12166
0.36401209464868134 -0.25125940703583222 12167
0.35887865947335651 -0.25853858986451006 12168
0.35359968391230956 -0.26571292443470179 12169
0.34817730881515857 -0.27277950124737149 12170
0.34261373318513205 -0.27973545450564968 12171
0.33691121328702678 -0.28657796327701635 12172
0.33107206172950776 -0.29330425264001325 12173
0.32509864653934983 -0.29991159479558444 12174
0.31899339018481182 -0.30639731019209748 12175
0.44862696172428523 -0.0090358572122247183 12176
0.44835403764223886 -0.018068050017313181 12177
0.44789928715339 -0.027092915476458285 12178
0.44726289468038716 -0.036106793594187808 12179
0.44644511830619132 -0.045106028888680483 12180
0.44544628967145594 -0.054086971809042983 12181
0.4442668138503123 -0.063045980148096037 12182
0.44290716916366679 -0.071979420704617963 12183
0.44136790700047135 -0.080883670611389569 12184
0.43964965160786995 -0.089755118754475949 12185
0.43775309979939203 -0.098590167448778077 12186
0.43567902070799741 -0.10738523369848499 12187
0.43342825546850983 -0.11613675069970408 12188
0.43100171685602068 -0.12484116936622658 12189
0.42840038893104959 -0.13349495969995581 12190
0.42562532664670666 -0.14209461220769379 12191
0.42267765539996971 -0.15063663939147814 12192
0.41955857059866053 -0.15911757708935154 12193
0.41626933716594738 -0.16753398591629984 12194
0.41281128901207553 -0.17588245269432631 12195
0.40918582851436369 -0.18415959178006513 12196
0.40539442597415054 -0.19236204638825893 12197
0.40143861895183852 -0.20048649010752173 12198
0.39732001169003694 -0.20852962814004361 12199
0.39304027446730677 -0.21648819863508345 12200
0.38860114288661168 -0.22435897407686123 12201
0.38400441721392575 -0.23213876251457649 12202
0.37925196160648644 -0.23982440893128659 12203
0.3743457033866297 -0.24741279647096137 12204
0.36928763225229477 -0.25490084771751731 12205
0.36407979946573221 -0.26228552594950888 12206
0.35872431701249519 -0.26956383638303616 12207
0.3532233567690074 -0.27673282735241056 12208
0.34757914960810982 -0.28378959152747474 12209
0.34179398449408921 -0.29073126709262864 12210
0.33587020755167724 -0.29755503891016077 12211
0.3298102211268783 -0.30425813964769588 12212
0.32361648279618688 -0.3108378509195201 12213
0.4550359183203036 -0.0091649408866841808 12214
0.45475909532280046 -0.018326165017558904 12215
0.45429784839839782 -0.027479957126119586 12216
0.45365236460435354 -0.036622604931244473 12217
0.45282290571052747 -0.045750400729943408 12218
0.45180980809529692 -0.054859642834881817 12219
0.45061348261956669 -0.063946637007349594 12220
0.44923441443739875 -0.073007698143249644 12221
0.44767316281473046 -0.082039151620117601 12222
0.44593036091652183 -0.091037334736676356 12223
0.44400671551078114 -0.099998598412325196 12224
0.44190300671808203 -0.108919308465599 12225
0.43962008768946037 -0.1177958471382638 12226
0.43715888423965121 -0.12662461464287933 12227
0.4345203944871816 -0.13540203055280439 12228
0.43170568845592083 -0.14412453523922392 12229
0.42871590761994577 -0.15278859138277673 12230
0.42555226446433359 -0.16139068533347675 12231
0.42221604198258289 -0.16992732857223844 12232
0.41870859314079983 -0.17839505916137977 12233
0.41503134035026473 -0.18679044309120063 12234
0.41118577491662106 -0.19511007562236865 12235
0.40717345636542018 -0.20335058282333551 12236
0.40299601185702244 -0.21150862282775063 12237
0.39865513553111165 -0.21958088718700552 12238
0.39415258778497902 -0.22756410227795185 12239
0.38949019460268441 -0.23545503055049194 12240
0.38466984677228278 -0.24325047191601246 12241
0.37969349914928641 -0.25094726499196884 12242
0.37456316985589067 -0.25854228839919036 12243
0.36928093945809248 -0.26603246203449649 12244
0.36384895011266727 -0.27341474833136048 12245
0.35826940472284513 -0.28068615345744091 12246
0.35254456603107842 -0.28784372854929224 12247
0.34667675570114409 -0.29488457090823467 12248
0.34066835337384155 -0.30180582518030374 12249
0.33452179571440349 -0.30860468449980438 12250
0.3282395754075601 -0.31527839164694099 12251
0.46144487491643571 -0.0092940245611460026 12252
0.46116415300347291 -0.01858428001780893 12253
0.46069640964351338 -0.027866998775787383 12254
0.46004183452842412 -0.037138416268309521 12255
0.45920069311496481 -0.04639477257121663 12256
0.45817332651923603 -0.055632313860732752 12257
0.45696015138891588 -0.064847293866616529 12258
0.45556165971122264 -0.07403597558189623 12259
0.45397841862907778 -0.083194632628861648 12260
0.45221107022525875 -0.092319550718893861 12261
0.45026033122225201 -0.10140702937589066 12262
0.44812699272824508 -0.11045338323273227 12263
0.44581191991048585 -0.11945494357684355 12264
0.44331605162335314 -0.12840805991955248 12265
0.44064040004338229 -0.13730910140567412 12266
0.43778605026520007 -0.14615445827077606 12267
0.43475415983998411 -0.15494054337409732 12268
0.43154595833006537 -0.16366379357762426 12269
0.42816274679927391 -0.17232067122819963 12270
0.42460589726957632 -0.18090766562845545 12271
0.42087685218621468 -0.18942129440235805 12272
0.41697712385913771 -0.19785810485650024 12273
0.41290829377904442 -0.20621467553917042 12274
0.40867201202404785 -0.21448761751547865 12275
0.40426999659495316 -0.22267357573894792 12276
0.39970403268338028 -0.23076923047906195 12277
0.39497597199147394 -0.2387712985864261 12278
0.39008773193810709 -0.24667653490075611 12279
0.38504129491196804 -0.2544817335129928 12280
0.3798387074595086 -0.26218372908087867 12281
0.37448207945047224 -0.26977939811949825 12282
0.36897358321285639 -0.27726566027969757 12283
0.36331545267669679 -0.28463947956248209 12284
0.35750998245405879 -0.2918978655711193 12285
0.35155952690820819 -0.29903787472384846 12286
0.34546649919601258 -0.3060566114504526 12287
0.33923337030193307 -0.31295122935191677 12288
0.33286266801893555 -0.319718932374364 12289
0.46785383151254922 -0.0094231082356074081 12290
0.46756921068412727 -0.018842395018058317 12291
0.46709497088861135 -0.028254040425453986 12292
0.4664313044524776 -0.037654227605373264 12293
0.46557848051938544 -0.047039144412488326 12294
0.46453684494315939 -0.056404984886581661 12295
0.46330682015824998 -0.065747950725881327 12296
0.46188890498503143 -0.075064253020540483 12297
0.46028367444341123 -0.084350113637603363 12298
0.45849177953398168 -0.09360176670110873 12299
0.45651394693370961 -0.10281546033945316 12300
0.45435097873839581 -0.11198745799986243 12301
0.45200375213149935 -0.12111404001542006 12302
0.44947321900704384 -0.13019150519622261 12303
0.44676040559957175 -0.13921617225854055 12304
0.44386641207446875 -0.14818438130232453 12305
0.4407924120600123 -0.15709249536541439 12306
0.43753965219578783 -0.16593690182176821 12307
0.43410945161595571 -0.17471401388415705 12308
0.43050320139834436 -0.18342027209552747 12309
0.42672236402215696 -0.1920521457135122 12310
0.42276847280164664 -0.20060613409062833 12311
0.41864313119266194 -0.20907876825500205 12312
0.41434801219106665 -0.21746661220320318 12313
0.40988485765878863 -0.22576626429088692 12314
0.40525547758177588 -0.23397435868016891 12315
0.40046174938025847 -0.2420875666223572 12316
0.39550561710392701 -0.25010259788549694 12317
0.39038909067464583 -0.25801620203401426 12318
0.38511424506312308 -0.26582516976256454 12319
0.37968321944284866 -0.27352633420449762 12320
0.37409821631304258 -0.28111657222803244 12321
0.36836150063054629 -0.28859280566752171 12322
0.36247539887703711 -0.29595200259294474 12323
0.35644229811527084 -0.30319117853946104 12324
0.3502646450181825 -0.31030739772060045 12325
0.34394494488946192 -0.31729777420402866 12326
0.33748576063031066 -0.32415947310178672 12327
0.47426278810856948 -0.0095521919100668984 12328
0.47397426836469092 -0.019100510018304123 12329
0.473493532133621 -0.028641082075115315 12330
0.47282077437644571 -0.038170038942430012 12331
0.47195626792372314 -0.047683516253751557 12332
0.47090036336700175 -0.057177655912420883 12333
0.46965348892750591 -0.066648607585135022 12334
0.46821615025876495 -0.076092530459172608 12335
0.46658893025767167 -0.085505594646331617 12336
0.464772488842635 -0.094883982683309304 12337
0.46276756264510011 -0.10422389130300053 12338
0.4605749647484817 -0.11352153276697668 12339
0.45819558435245067 -0.12277313645397994 12340
0.45563038639067532 -0.13197495047287539 12341
0.45288041115570477 -0.14112324311138916 12342
0.44994677388368409 -0.15021430433385527 12343
0.44683066427998963 -0.15924444735671314 12344
0.4435333460614615 -0.1682100100658937 12345
0.44005615643259222 -0.17710735654009602 12346
0.43640050552706944 -0.18593287856258134 12347
0.43256787585805878 -0.19468299702464792 12348
0.42855982174411794 -0.20335416332473838 12349
0.42437796860624422 -0.21194286097081605 12350
0.4200240123580527 -0.22044560689091047 12351
0.41549971872259422 -0.22885895284280949 12352
0.410806922480144 -0.23717948688125989 12353
0.40594752676901769 -0.24540383465827303 12354
0.40092350226972373 -0.25352866087022313 12355
0.39573688643730293 -0.26155067055502201 12356
0.39038978266671942 -0.26946661044423792 12357
0.38488435943520932 -0.27727327028948556 12358
0.3792228494132151 -0.28496748417635698 12359
0.37340754858438419 -0.29254613177255218 12360
0.36744081530000577 -0.30000613961476219 12361
0.36132506932232578 -0.30734448235506717 12362
0.35506279084034686 -0.31455818399074348 12363
0.34865651947698717 -0.32164431905613711 12364
0.34210885324168405 -0.32860001382920767 12365
0.48067174470469515 -0.0096812755845286924 12366
0.48037932604535682 -0.019358625018553816 12367
0.47989209337873007 -0.029028123724782778 12368
0.47921024430051035 -0.038685850279494616 12369
0.47833405532815437 -0.048327888095024141 12370
0.47726388179093515 -0.057950326938271124 12371
0.47600015769684961 -0.067549264444401069 12372
0.47454339553258362 -0.077120807897818444 12373
0.472894186072014 -0.086661075655074832 12374
0.47105319815136704 -0.096166198665525893 12375
0.46902117835656626 -0.10563232226656485 12376
0.46679895075864042 -0.11505560753410882 12377
0.46438741657347199 -0.12443223289255859 12378
0.46178755377437353 -0.13375839574954759 12379
0.4590004167119015 -0.14303031396425783 12380
0.45602713569295961 -0.15224422736540599 12381
0.45286891650002414 -0.16139639934803246 12382
0.4495270399271899 -0.17048311831003993 12383
0.44600286124928012 -0.17950069919605596 12384
0.44229780965584298 -0.18844548502965577 12385
0.43841338769400595 -0.19731384833580434 12386
0.43435117068663182 -0.2061021925588688 12387
0.43011280601986607 -0.21480695368664995 12388
0.42570001252507578 -0.22342460157863725 12389
0.42111457978643357 -0.23195164139475069 12390
0.41635836737854326 -0.24038461508236905 12391
0.41143330415780555 -0.24872010269420614 12392
0.40634138743554649 -0.25695472385496587 12393
0.40108468219998311 -0.26508513907604503 12394
0.39566532027033618 -0.27310805112592546 12395
0.39008549942758797 -0.28102020637448649 12396
0.38434748251340289 -0.28881839612469307 12397
0.37845359653823518 -0.2964994578775928 12398
0.37240623172298537 -0.30406027663658874 12399
0.36620784052938943 -0.31149778617068058 12400
0.35986093666251751 -0.318808970260892 12401
0.35336809406451652 -0.32599086390824938 12402
0.34673194585305922 -0.33304055455663056 12403
0.48708070130080672 -0.0098103592589899036 12404
0.48678438372600941 -0.019616740018803175 12405
0.48629065462382653 -0.02941516537444927 12406
0.48559971422456227 -0.039201661616558248 12407
0.48471184273257389 -0.04897225993629567 12408
0.48362740021485678 -0.058722997964120061 12409
0.48234682646618188 -0.068449921303665645 12410
0.48087064080639108 -0.078149085336462448 12411
0.47919944188634583 -0.087816556663816214 12412
0.47733390746008858 -0.097448414647740345 12413
0.47527479406802253 -0.10704075323012696 12414
0.47302293676878948 -0.11658968230123856 12415
0.4705792487944841 -0.12609132933113465 12416
0.4679447211580629 -0.13554184102621722 12417
0.46512042226808981 -0.14493738481712387 12418
0.46210749750222735 -0.15427415039695419 12419
0.45890716872005133 -0.16354835133934922 12420
0.45552073379291125 -0.17275622655418335 12421
0.45194956606596115 -0.18189404185201291 12422
0.44819511378461019 -0.19095809149672746 12423
0.44425889952994729 -0.19994469964695799 12424
0.44014251962914019 -0.20885022179299653 12425
0.43584764343348265 -0.21767104640248108 12426
0.43137601269209414 -0.22640359626636153 12427
0.42672944085026865 -0.23504432994668945 12428
0.42190981227693836 -0.24358974328347568 12429
0.41691908154658952 -0.25203637073013679 12430
0.4117592726013658 -0.26038078683970628 12431
0.40643247796266035 -0.2686196075970661 12432
0.40094085787395012 -0.27674949180761099 12433
0.39528663941996411 -0.2847671424594857 12434
0.38947211561358897 -0.29266930807302788 12435
0.3834996444920844 -0.3004527839826322 12436
0.37737164814596363 -0.30811441365841408 12437
0.37109061173645191 -0.31565108998629299 12438
0.36465908248468731 -0.3230597565310398 12439
0.35807966865204544 -0.33033740876036127 12440
0.35135503846443428 -0.33748109528405318 12441
0.49348965789680621 -0.0099394429334492551 12442
0.49318944140655269 -0.019874855019048121 12443
0.49268921586881625 -0.029802207024109573 12444
0.49198918414851067 -0.039717472953613525 12445
0.49108963013689272 -0.049616631777556763 12446
0.48999091863868116 -0.059495668989956924 12447
0.48869349523542055 -0.069350578162916732 12448
0.48719788608010772 -0.079177362775091659 12449
0.48550469770059013 -0.088972037672541526 12450
0.48361461676872597 -0.098730630629937643 12451
0.48152840977939759 -0.10844918419367103 12452
0.47924692277886083 -0.11812375706834929 12453
0.47677108101542198 -0.12775042576969087 12454
0.474101888541681 -0.13732528630286617 12455
0.47124042782421027 -0.14684445566996873 12456
0.46818785931143037 -0.15630407342848088 12457
0.46494542094001706 -0.16570030333064409 12458
0.46151442765857448 -0.17502933479830485 12459
0.45789627088258722 -0.18428738450794799 12460
0.45409241791332555 -0.19347069796377717 12461
0.45010441136584006 -0.20257555095808966 12462
0.44593386857160289 -0.21159825102710253 12463
0.44158248084705726 -0.22053513911829126 12464
0.43705201285907286 -0.22938259095406494 12465
0.4323443019140672 -0.23813701849860819 12466
0.42746125717530004 -0.24679487148456303 12467
0.42240485893534307 -0.25535263876604919 12468
0.41717715776715758 -0.26380684982442948 12469
0.41178027372531301 -0.27215407611807096 12470
0.40621639547754229 -0.28039093248928154 12471
0.40048777941232128 -0.28851407854447114 12472
0.39459674871375833 -0.29652022002135003 12473
0.38854569244591974 -0.30440611008766072 12474
0.38233706456893013 -0.31216855068022986 12475
0.37597338294350546 -0.31980439380189779 12476
0.36945722830685052 -0.32731054280118177 12477
0.36279124323956979 -0.33468395361246889 12478
0.35597813107580728 -0.34192163601147374 12479
NMARK= 2
MARKER_TAG= inlet
MARKER_ELEMS= 312
3 0 4
3 4 5
3 5 6
3 6 7
3 7 8
3 8 9
3 9 10
3 10 11
3 11 12
3 12 13
3 13 14
3 14 15
3 15 16
3 16 17
3 17 18
3 18 19
3 19 20
3 20 21
3 21 22
3 22 23
3 23 24
3 24 25
3 25 26
3 26 27
3 27 28
3 28 29
3 29 30
3 30 31
3 31 32
3 32 33
3 33 34
3 34 35
3 35 36
3 36 37
3 37 38
3 38 39
3 39 40
3 40 41
3 41 3
3 3 1602
3 1602 1603
3 1603 1604
3 1604 1605
3 1605 1606
3 1606 1607
3 1607 1608
3 1608 1609
3 1609 1610
3 1610 1611
3 1611 1612
3 1612 1613
3 1613 1614
3 1614 1615
3 1615 1616
3 1616 1617
3 1617 1618
3 1618 1619
3 1619 1620
3 1620 1621
3 1621 1622
3 1622 1623
3 1623 1624
3 1624 1625
3 1625 1626
3 1626 1627
3 1627 1628
3 1628 1629
3 1629 1630
3 1630 1631
3 1631 1632
3 1632 1633
3 1633 1634
3 1634 1635
3 1635 1636
3 1636 1637
3 1637 1638
3 1638 1639
3 1639 1601
3 1601 3162
3 3162 3163
3 3163 3164
3 3164 3165
3 3165 3166
3 3166 3167
3 3167 3168
3 3168 3169
3 3169 3170
3 3170 3171
3 3171 3172
3 3172 3173
3 3173 3174
3 3174 3175
3 3175 3176
3 3176 3177
3 3177 3178
3 3178 3179
3 3179 3180
3 3180 3181
3 3181 3182
3 3182 3183
3 3183 3184
3 3184 3185
3 3185 3186
3 3186 3187
3 3187 3188
3 3188 3189
3 3189 3190
3 3190 3191
3 3191 3192
3 3192 3193
3 3193 3194
3 3194 3195
3 3195 3196
3 3196 3197
3 3197 3198
3 3198 3199
3 3199 3161
3 3161 4722
3 4722 4723
3 4723 4724
3 4724 4725
3 4725 4726
3 4726 4727
3 4727 4728
3 4728 4729
3 4729 4730
3 4730 4731
3 4731 4732
3 4732 4733
3 4733 4734
3 4734 4735
3 4735 4736
3 4736 4737
3 4737 4738
3 4738 4739
3 4739 4740
3 4740 4741
3 4741 4742
3 4742 4743
3 4743 4744
3 4744 4745
3 4745 4746
3 4746 4747
3 4747 4748
3 4748 4749
3 4749 4750
3 4750 4751
3 4751 4752
3 4752 4753
3 4753 4754
3 4754 4755
3 4755 4756
3 4756 4757
3 4757 4758
3 4758 4759
3 4759 4721
3 4721 6282
3 6282 6283
3 6283 6284
3 6284 6285
3 6285 6286
3 6286 6287
3 6287 6288
3 6288 6289
3 6289 6290
3 6290 6291
3 6291 6292
3 6292 6293
3 6293 6294
3 6294 6295
3 6295 6296
3 6296 6297
3 6297 6298
3 6298 6299
3 6299 6300
3 6300 6301
3 6301 6302
3 6302 6303
3 6303 6304
3 6304 6305
3 6305 6306
3 6306 6307
3 6307 6308
3 6308 6309
3 6309 6310
3 6310 6311
3 6311 6312
3 6312 6313
3 6313 6314
3 6314 6315
3 6315 6316
3 6316 6317
3 6317 6318
3 6318 6319
3 6319 6281
3 6281 7842
3 7842 7843
3 7843 7844
3 7844 7845
3 7845 7846
3 7846 7847
3 7847 7848
3 7848 7849
3 7849 7850
3 7850 7851
3 7851 7852
3 7852 7853
3 7853 7854
3 7854 7855
3 7855 7856
3 7856 7857
3 7857 7858
3 7858 7859
3 7859 7860
3 7860 7861
3 7861 7862
3 7862 7863
3 7863 7864
3 7864 7865
3 7865 7866
3 7866 7867
3 7867 7868
3 7868 7869
3 7869 7870
3 7870 7871
3 7871 7872
3 7872 7873
3 7873 7874
3 7874 7875
3 7875 7876
3 7876 7877
3 7877 7878
3 7878 7879
3 7879 7841
3 7841 9402
3 9402 9403
3 9403 9404
3 9404 9405
3 9405 9406
3 9406 9407
3 9407 9408
3 9408 9409
3 9409 9410
3 9410 9411
3 9411 9412
3 9412 9413
3 9413 9414
3 9414 9415
3 9415 9416
3 9416 9417
3 9417 9418
3 9418 9419
3 9419 9420
3 9420 9421
3 9421 9422
3 9422 9423
3 9423 9424
3 9424 9425
3 9425 9426
3 9426 9427
3 9427 9428
3 9428 9429
3 9429 9430
3 9430 9431
3 9431 9432
3 9432 9433
3 9433 9434
3 9434 9435
3 9435 9436
3 9436 9437
3 9437 9438
3 9438 9439
3 9439 9401
3 9401 10960
3 10960 10961
3 10961 10962
3 10962 10963
3 10963 10964
3 10964 10965
3 10965 10966
3 10966 10967
3 10967 10968
3 10968 10969
3 10969 10970
3 10970 10971
3 10971 10972
3 10972 10973
3 10973 10974
3 10974 10975
3 10975 10976
3 10976 10977
3 10977 10978
3 10978 10979
3 10979 10980
3 10980 10981
3 10981 10982
3 10982 10983
3 10983 10984
3 10984 10985
3 10985 10986
3 10986 10987
3 10987 10988
3 10988 10989
3 10989 10990
3 10990 10991
3 10991 10992
3 10992 10993
3 10993 10994
3 10994 10995
3 10995 10996
3 10996 10997
3 10997 0
MARKER_TAG= outlet
MARKER_ELEMS= 312
3 1 42
3 42 43
3 43 44
3 44 45
3 45 46
3 46 47
3 47 48
3 48 49
3 49 50
3 50 51
3 51 52
3 52 53
3 53 54
3 54 55
3 55 56
3 56 57
3 57 58
3 58 59
3 59 60
3 60 61
3 61 62
3 62 63
3 63 64
3 64 65
3 65 66
3 66 67
3 67 68
3 68 69
3 69 70
3 70 71
3 71 72
3 72 73
3 73 74
3 74 75
3 75 76
3 76 77
3 77 78
3 78 79
3 79 2
3 2 1640
3 1640 1641
3 1641 1642
3 1642 1643
3 1643 1644
3 1644 1645
3 1645 1646
3 1646 1647
3 1647 1648
3 1648 1649
3 1649 1650
3 1650 1651
3 1651 1652
3 1652 1653
3 1653 1654
3 1654 1655
3 1655 1656
3 1656 1657
3 1657 1658
3 1658 1659
3 1659 1660
3 1660 1661
3 1661 1662
3 1662 1663
3 1663 1664
3 1664 1665
3 1665 1666
3 1666 1667
3 1667 1668
3 1668 1669
3 1669 1670
3 1670 1671
3 1671 1672
3 1672 1673
3 1673 1674
3 1674 1675
3 1675 1676
3 1676 1677
3 1677 1600
3 1600 3200
3 3200 3201
3 3201 3202
3 3202 3203
3 3203 3204
3 3204 3205
3 3205 3206
3 3206 3207
3 3207 3208
3 3208 3209
3 3209 3210
3 3210 3211
3 3211 3212
3 3212 3213
3 3213 3214
3 3214 3215
3 3215 3216
3 3216 3217
3 3217 3218
3 3218 3219
3 3219 3220
3 3220 3221
3 3221 3222
3 3222 3223
3 3223 3224
3 3224 3225
3 3225 3226
3 3226 3227
3 3227 3228
3 3228 3229
3 3229 3230
3 3230 3231
3 3231 3232
3 3232 3233
3 3233 3234
3 3234 3235
3 3235 3236
3 3236 3237
3 3237 3160
3 3160 4760
3 4760 4761
3 4761 4762
3 4762 4763
3 4763 4764
3 4764 4765
3 4765 4766
3 4766 4767
3 4767 4768
3 4768 4769
3 4769 4770
3 4770 4771
3 4771 4772
3 4772 4773
3 4773 4774
3 4774 4775
3 4775 4776
3 4776 4777
3 4777 4778
3 4778 4779
3 4779 4780
3 4780 4781
3 4781 4782
3 4782 4783
3 4783 4784
3 4784 4785
3 4785 4786
3 4786 4787
3 4787 4788
3 4788 4789
3 4789 4790
3 4790 4791
3 4791 4792
3 4792 4793
3 4793 4794
3 4794 4795
3 4795 4796
3 4796 4797
3 4797 4720
3 4720 6320
3 6320 6321
3 6321 6322
3 6322 6323
3 6323 6324
3 6324 6325
3 6325 6326
3 6326 6327
3 6327 6328
3 6328 6329
3 6329 6330
3 6330 6331
3 6331 6332
3 6332 6333
3 6333 6334
3 6334 6335
3 6335 6336
3 6336 6337
3 6337 6338
3 6338 6339
3 6339 6340
3 6340 6341
3 6341 6342
3 6342 6343
3 6343 6344
3 6344 6345
3 6345 6346
3 6346 6347
3 6347 6348
3 6348 6349
3 6349 6350
3 6350 6351
3 6351 6352
3 6352 6353
3 6353 6354
3 6354 6355
3 6355 6356
3 6356 6357
3 6357 6280
3 6280 7880
3 7880 7881
3 7881 7882
3 7882 7883
3 7883 7884
3 7884 7885
3 7885 7886
3 7886 7887
3 7887 7888
3 7888 7889
3 7889 7890
3 7890 7891
3 7891 7892
3 7892 7893
3 7893 7894
3 7894 7895
3 7895 7896
3 7896 7897
3 7897 7898
3 7898 7899
3 7899 7900
3 7900 7901
3 7901 7902
3 7902 7903
3 7903 7904
3 7904 7905
3 7905 7906
3 7906 7907
3 7907 7908
3 7908 7909
3 7909 7910
3 7910 7911
3 7911 7912
3 7912 7913
3 7913 7914
3 7914 7915
3 7915 7916
3 7916 7917
3 7917 7840
3 7840 9440
3 9440 9441
3 9441 9442
3 9442 9443
3 9443 9444
3 9444 9445
3 9445 9446
3 9446 9447
3 9447 9448
3 9448 9449
3 9449 9450
3 9450 9451
3 9451 9452
3 9452 9453
3 9453 9454
3 9454 9455
3 9455 9456
3 9456 9457
3 9457 9458
3 9458 9459
3 9459 9460
3 9460 9461
3 9461 9462
3 9462 9463
3 9463 9464
3 9464 9465
3 9465 9466
3 9466 9467
3 9467 9468
3 9468 9469
3 9469 9470
3 9470 9471
3 9471 9472
3 9472 9473
3 9473 9474
3 9474 9475
3 9475 9476
3 9476 9477
3 9477 9400
3 9400 10998
3 10998 10999
3 10999 11000
3 11000 11001
3 11001 11002
3 11002 11003
3 11003 11004
3 11004 11005
3 11005 11006
3 11006 11007
3 11007 11008
3 11008 11009
3 11009 11010
3 11010 11011
3 11011 11012
3 11012 11013
3 11013 11014
3 11014 11015
3 11015 11016
3 11016 11017
3 11017 11018
3 11018 11019
3 11019 11020
3 11020 11021
3 11021 11022
3 11022 11023
3 11023 11024
3 11024 11025
3 11025 11026
3 11026 11027
3 11027 11028
3 11028 11029
3 11029 11030
3 11030 11031
3 11031 11032
3 11032 11033
3 11033 11034
3 11034 11035
3 11035 1
