NDIME= 2
NELEM= 1521
9 3 118 156 41 0
9 41 156 157 40 1
9 40 157 158 39 2
9 39 158 159 38 3
9 38 159 160 37 4
9 37 160 161 36 5
9 36 161 162 35 6
9 35 162 163 34 7
9 34 163 164 33 8
9 33 164 165 32 9
9 32 165 166 31 10
9 31 166 167 30 11
9 30 167 168 29 12
9 29 168 169 28 13
9 28 169 170 27 14
9 27 170 171 26 15
9 26 171 172 25 16
9 25 172 173 24 17
9 24 173 174 23 18
9 23 174 175 22 19
9 22 175 176 21 20
9 21 176 177 20 21
9 20 177 178 19 22
9 19 178 179 18 23
9 18 179 180 17 24
9 17 180 181 16 25
9 16 181 182 15 26
9 15 182 183 14 27
9 14 183 184 13 28
9 13 184 185 12 29
9 12 185 186 11 30
9 11 186 187 10 31
9 10 187 188 9 32
9 9 188 189 8 33
9 8 189 190 7 34
9 7 190 191 6 35
9 6 191 192 5 36
9 5 192 193 4 37
9 4 193 80 0 38
9 118 119 194 156 39
9 156 194 195 157 40
9 157 195 196 158 41
9 158 196 197 159 42
9 159 197 198 160 43
9 160 198 199 161 44
9 161 199 200 162 45
9 162 200 201 163 46
9 163 201 202 164 47
9 164 202 203 165 48
9 165 203 204 166 49
9 166 204 205 167 50
9 167 205 206 168 51
9 168 206 207 169 52
9 169 207 208 170 53
9 170 208 209 171 54
9 171 209 210 172 55
9 172 210 211 173 56
9 173 211 212 174 57
9 174 212 213 175 58
9 175 213 214 176 59
9 176 214 215 177 60
9 177 215 216 178 61
9 178 216 217 179 62
9 179 217 218 180 63
9 180 218 219 181 64
9 181 219 220 182 65
9 182 220 221 183 66
9 183 221 222 184 67
9 184 222 223 185 68
9 185 223 224 186 69
9 186 224 225 187 70
9 187 225 226 188 71
9 188 226 227 189 72
9 189 227 228 190 73
9 190 228 229 191 74
9 191 229 230 192 75
9 192 230 231 193 76
9 193 231 81 80 77
9 119 120 232 194 78
9 194 232 233 195 79
9 195 233 234 196 80
9 196 234 235 197 81
9 197 235 236 198 82
9 198 236 237 199 83
9 199 237 238 200 84
9 200 238 239 201 85
9 201 239 240 202 86
9 202 240 241 203 87
9 203 241 242 204 88
9 204 242 243 205 89
9 205 243 244 206 90
9 206 244 245 207 91
9 207 245 246 208 92
9 208 246 247 209 93
9 209 247 248 210 94
9 210 248 249 211 95
9 211 249 250 212 96
9 212 250 251 213 97
9 213 251 252 214 98
9 214 252 253 215 99
9 215 253 254 216 100
9 216 254 255 217 101
9 217 255 256 218 102
9 218 256 257 219 103
9 219 257 258 220 104
9 220 258 259 221 105
9 221 259 260 222 106
9 222 260 261 223 107
9 223 261 262 224 108
9 224 262 263 225 109
9 225 263 264 226 110
9 226 264 265 227 111
9 227 265 266 228 112
9 228 266 267 229 113
9 229 267 268 230 114
9 230 268 269 231 115
9 231 269 82 81 116
9 120 121 270 232 117
9 232 270 271 233 118
9 233 271 272 234 119
9 234 272 273 235 120
9 235 273 274 236 121
9 236 274 275 237 122
9 237 275 276 238 123
9 238 276 277 239 124
9 239 277 278 240 125
9 240 278 279 241 126
9 241 279 280 242 127
9 242 280 281 243 128
9 243 281 282 244 129
9 244 282 283 245 130
9 245 283 284 246 131
9 246 284 285 247 132
9 247 285 286 248 133
9 248 286 287 249 134
9 249 287 288 250 135
9 250 288 289 251 136
9 251 289 290 252 137
9 252 290 291 253 138
9 253 291 292 254 139
9 254 292 293 255 140
9 255 293 294 256 141
9 256 294 295 257 142
9 257 295 296 258 143
9 258 296 297 259 144
9 259 297 298 260 145
9 260 298 299 261 146
9 261 299 300 262 147
9 262 300 301 263 148
9 263 301 302 264 149
9 264 302 303 265 150
9 265 303 304 266 151
9 266 304 305 267 152
9 267 305 306 268 153
9 268 306 307 269 154
9 269 307 83 82 155
9 121 122 308 270 156
9 270 308 309 271 157
9 271 309 310 272 158
9 272 310 311 273 159
9 273 311 312 274 160
9 274 312 313 275 161
9 275 313 314 276 162
9 276 314 315 277 163
9 277 315 316 278 164
9 278 316 317 279 165
9 279 317 318 280 166
9 280 318 319 281 167
9 281 319 320 282 168
9 282 320 321 283 169
9 283 321 322 284 170
9 284 322 323 285 171
9 285 323 324 286 172
9 286 324 325 287 173
9 287 325 326 288 174
9 288 326 327 289 175
9 289 327 328 290 176
9 290 328 329 291 177
9 291 329 330 292 178
9 292 330 331 293 179
9 293 331 332 294 180
9 294 332 333 295 181
9 295 333 334 296 182
9 296 334 335 297 183
9 297 335 336 298 184
9 298 336 337 299 185
9 299 337 338 300 186
9 300 338 339 301 187
9 301 339 340 302 188
9 302 340 341 303 189
9 303 341 342 304 190
9 304 342 343 305 191
9 305 343 344 306 192
9 306 344 345 307 193
9 307 345 84 83 194
9 122 123 346 308 195
9 308 346 347 309 196
9 309 347 348 310 197
9 310 348 349 311 198
9 311 349 350 312 199
9 312 350 351 313 200
9 313 351 352 314 201
9 314 352 353 315 202
9 315 353 354 316 203
9 316 354 355 317 204
9 317 355 356 318 205
9 318 356 357 319 206
9 319 357 358 320 207
9 320 358 359 321 208
9 321 359 360 322 209
9 322 360 361 323 210
9 323 361 362 324 211
9 324 362 363 325 212
9 325 363 364 326 213
9 326 364 365 327 214
9 327 365 366 328 215
9 328 366 367 329 216
9 329 367 368 330 217
9 330 368 369 331 218
9 331 369 370 332 219
9 332 370 371 333 220
9 333 371 372 334 221
9 334 372 373 335 222
9 335 373 374 336 223
9 336 374 375 337 224
9 337 375 376 338 225
9 338 376 377 339 226
9 339 377 378 340 227
9 340 378 379 341 228
9 341 379 380 342 229
9 342 380 381 343 230
9 343 381 382 344 231
9 344 382 383 345 232
9 345 383 85 84 233
9 123 124 384 346 234
9 346 384 385 347 235
9 347 385 386 348 236
9 348 386 387 349 237
9 349 387 388 350 238
9 350 388 389 351 239
9 351 389 390 352 240
9 352 390 391 353 241
9 353 391 392 354 242
9 354 392 393 355 243
9 355 393 394 356 244
9 356 394 395 357 245
9 357 395 396 358 246
9 358 396 397 359 247
9 359 397 398 360 248
9 360 398 399 361 249
9 361 399 400 362 250
9 362 400 401 363 251
9 363 401 402 364 252
9 364 402 403 365 253
9 365 403 404 366 254
9 366 404 405 367 255
9 367 405 406 368 256
9 368 406 407 369 257
9 369 407 408 370 258
9 370 408 409 371 259
9 371 409 410 372 260
9 372 410 411 373 261
9 373 411 412 374 262
9 374 412 413 375 263
9 375 413 414 376 264
9 376 414 415 377 265
9 377 415 416 378 266
9 378 416 417 379 267
9 379 417 418 380 268
9 380 418 419 381 269
9 381 419 420 382 270
9 382 420 421 383 271
9 383 421 86 85 272
9 124 125 422 384 273
9 384 422 423 385 274
9 385 423 424 386 275
9 386 424 425 387 276
9 387 425 426 388 277
9 388 426 427 389 278
9 389 427 428 390 279
9 390 428 429 391 280
9 391 429 430 392 281
9 392 430 431 393 282
9 393 431 432 394 283
9 394 432 433 395 284
9 395 433 434 396 285
9 396 434 435 397 286
9 397 435 436 398 287
9 398 436 437 399 288
9 399 437 438 400 289
9 400 438 439 401 290
9 401 439 440 402 291
9 402 440 441 403 292
9 403 441 442 404 293
9 404 442 443 405 294
9 405 443 444 406 295
9 406 444 445 407 296
9 407 445 446 408 297
9 408 446 447 409 298
9 409 447 448 410 299
9 410 448 449 411 300
9 411 449 450 412 301
9 412 450 451 413 302
9 413 451 452 414 303
9 414 452 453 415 304
9 415 453 454 416 305
9 416 454 455 417 306
9 417 455 456 418 307
9 418 456 457 419 308
9 419 457 458 420 309
9 420 458 459 421 310
9 421 459 87 86 311
9 125 126 460 422 312
9 422 460 461 423 313
9 423 461 462 424 314
9 424 462 463 425 315
9 425 463 464 426 316
9 426 464 465 427 317
9 427 465 466 428 318
9 428 466 467 429 319
9 429 467 468 430 320
9 430 468 469 431 321
9 431 469 470 432 322
9 432 470 471 433 323
9 433 471 472 434 324
9 434 472 473 435 325
9 435 473 474 436 326
9 436 474 475 437 327
9 437 475 476 438 328
9 438 476 477 439 329
9 439 477 478 440 330
9 440 478 479 441 331
9 441 479 480 442 332
9 442 480 481 443 333
9 443 481 482 444 334
9 444 482 483 445 335
9 445 483 484 446 336
9 446 484 485 447 337
9 447 485 486 448 338
9 448 486 487 449 339
9 449 487 488 450 340
9 450 488 489 451 341
9 451 489 490 452 342
9 452 490 491 453 343
9 453 491 492 454 344
9 454 492 493 455 345
9 455 493 494 456 346
9 456 494 495 457 347
9 457 495 496 458 348
9 458 496 497 459 349
9 459 497 88 87 350
9 126 127 498 460 351
9 460 498 499 461 352
9 461 499 500 462 353
9 462 500 501 463 354
9 463 501 502 464 355
9 464 502 503 465 356
9 465 503 504 466 357
9 466 504 505 467 358
9 467 505 506 468 359
9 468 506 507 469 360
9 469 507 508 470 361
9 470 508 509 471 362
9 471 509 510 472 363
9 472 510 511 473 364
9 473 511 512 474 365
9 474 512 513 475 366
9 475 513 514 476 367
9 476 514 515 477 368
9 477 515 516 478 369
9 478 516 517 479 370
9 479 517 518 480 371
9 480 518 519 481 372
9 481 519 520 482 373
9 482 520 521 483 374
9 483 521 522 484 375
9 484 522 523 485 376
9 485 523 524 486 377
9 486 524 525 487 378
9 487 525 526 488 379
9 488 526 527 489 380
9 489 527 528 490 381
9 490 528 529 491 382
9 491 529 530 492 383
9 492 530 531 493 384
9 493 531 532 494 385
9 494 532 533 495 386
9 495 533 534 496 387
9 496 534 535 497 388
9 497 535 89 88 389
9 127 128 536 498 390
9 498 536 537 499 391
9 499 537 538 500 392
9 500 538 539 501 393
9 501 539 540 502 394
9 502 540 541 503 395
9 503 541 542 504 396
9 504 542 543 505 397
9 505 543 544 506 398
9 506 544 545 507 399
9 507 545 546 508 400
9 508 546 547 509 401
9 509 547 548 510 402
9 510 548 549 511 403
9 511 549 550 512 404
9 512 550 551 513 405
9 513 551 552 514 406
9 514 552 553 515 407
9 515 553 554 516 408
9 516 554 555 517 409
9 517 555 556 518 410
9 518 556 557 519 411
9 519 557 558 520 412
9 520 558 559 521 413
9 521 559 560 522 414
9 522 560 561 523 415
9 523 561 562 524 416
9 524 562 563 525 417
9 525 563 564 526 418
9 526 564 565 527 419
9 527 565 566 528 420
9 528 566 567 529 421
9 529 567 568 530 422
9 530 568 569 531 423
9 531 569 570 532 424
9 532 570 571 533 425
9 533 571 572 534 426
9 534 572 573 535 427
9 535 573 90 89 428
9 128 129 574 536 429
9 536 574 575 537 430
9 537 575 576 538 431
9 538 576 577 539 432
9 539 577 578 540 433
9 540 578 579 541 434
9 541 579 580 542 435
9 542 580 581 543 436
9 543 581 582 544 437
9 544 582 583 545 438
9 545 583 584 546 439
9 546 584 585 547 440
9 547 585 586 548 441
9 548 586 587 549 442
9 549 587 588 550 443
9 550 588 589 551 444
9 551 589 590 552 445
9 552 590 591 553 446
9 553 591 592 554 447
9 554 592 593 555 448
9 555 593 594 556 449
9 556 594 595 557 450
9 557 595 596 558 451
9 558 596 597 559 452
9 559 597 598 560 453
9 560 598 599 561 454
9 561 599 600 562 455
9 562 600 601 563 456
9 563 601 602 564 457
9 564 602 603 565 458
9 565 603 604 566 459
9 566 604 605 567 460
9 567 605 606 568 461
9 568 606 607 569 462
9 569 607 608 570 463
9 570 608 609 571 464
9 571 609 610 572 465
9 572 610 611 573 466
9 573 611 91 90 467
9 129 130 612 574 468
9 574 612 613 575 469
9 575 613 614 576 470
9 576 614 615 577 471
9 577 615 616 578 472
9 578 616 617 579 473
9 579 617 618 580 474
9 580 618 619 581 475
9 581 619 620 582 476
9 582 620 621 583 477
9 583 621 622 584 478
9 584 622 623 585 479
9 585 623 624 586 480
9 586 624 625 587 481
9 587 625 626 588 482
9 588 626 627 589 483
9 589 627 628 590 484
9 590 628 629 591 485
9 591 629 630 592 486
9 592 630 631 593 487
9 593 631 632 594 488
9 594 632 633 595 489
9 595 633 634 596 490
9 596 634 635 597 491
9 597 635 636 598 492
9 598 636 637 599 493
9 599 637 638 600 494
9 600 638 639 601 495
9 601 639 640 602 496
9 602 640 641 603 497
9 603 641 642 604 498
9 604 642 643 605 499
9 605 643 644 606 500
9 606 644 645 607 501
9 607 645 646 608 502
9 608 646 647 609 503
9 609 647 648 610 504
9 610 648 649 611 505
9 611 649 92 91 506
9 130 131 650 612 507
9 612 650 651 613 508
9 613 651 652 614 509
9 614 652 653 615 510
9 615 653 654 616 511
9 616 654 655 617 512
9 617 655 656 618 513
9 618 656 657 619 514
9 619 657 658 620 515
9 620 658 659 621 516
9 621 659 660 622 517
9 622 660 661 623 518
9 623 661 662 624 519
9 624 662 663 625 520
9 625 663 664 626 521
9 626 664 665 627 522
9 627 665 666 628 523
9 628 666 667 629 524
9 629 667 668 630 525
9 630 668 669 631 526
9 631 669 670 632 527
9 632 670 671 633 528
9 633 671 672 634 529
9 634 672 673 635 530
9 635 673 674 636 531
9 636 674 675 637 532
9 637 675 676 638 533
9 638 676 677 639 534
9 639 677 678 640 535
9 640 678 679 641 536
9 641 679 680 642 537
9 642 680 681 643 538
9 643 681 682 644 539
9 644 682 683 645 540
9 645 683 684 646 541
9 646 684 685 647 542
9 647 685 686 648 543
9 648 686 687 649 544
9 649 687 93 92 545
9 131 132 688 650 546
9 650 688 689 651 547
9 651 689 690 652 548
9 652 690 691 653 549
9 653 691 692 654 550
9 654 692 693 655 551
9 655 693 694 656 552
9 656 694 695 657 553
9 657 695 696 658 554
9 658 696 697 659 555
9 659 697 698 660 556
9 660 698 699 661 557
9 661 699 700 662 558
9 662 700 701 663 559
9 663 701 702 664 560
9 664 702 703 665 561
9 665 703 704 666 562
9 666 704 705 667 563
9 667 705 706 668 564
9 668 706 707 669 565
9 669 707 708 670 566
9 670 708 709 671 567
9 671 709 710 672 568
9 672 710 711 673 569
9 673 711 712 674 570
9 674 712 713 675 571
9 675 713 714 676 572
9 676 714 715 677 573
9 677 715 716 678 574
9 678 716 717 679 575
9 679 717 718 680 576
9 680 718 719 681 577
9 681 719 720 682 578
9 682 720 721 683 579
9 683 721 722 684 580
9 684 722 723 685 581
9 685 723 724 686 582
9 686 724 725 687 583
9 687 725 94 93 584
9 132 133 726 688 585
9 688 726 727 689 586
9 689 727 728 690 587
9 690 728 729 691 588
9 691 729 730 692 589
9 692 730 731 693 590
9 693 731 732 694 591
9 694 732 733 695 592
9 695 733 734 696 593
9 696 734 735 697 594
9 697 735 736 698 595
9 698 736 737 699 596
9 699 737 738 700 597
9 700 738 739 701 598
9 701 739 740 702 599
9 702 740 741 703 600
9 703 741 742 704 601
9 704 742 743 705 602
9 705 743 744 706 603
9 706 744 745 707 604
9 707 745 746 708 605
9 708 746 747 709 606
9 709 747 748 710 607
9 710 748 749 711 608
9 711 749 750 712 609
9 712 750 751 713 610
9 713 751 752 714 611
9 714 752 753 715 612
9 715 753 754 716 613
9 716 754 755 717 614
9 717 755 756 718 615
9 718 756 757 719 616
9 719 757 758 720 617
9 720 758 759 721 618
9 721 759 760 722 619
9 722 760 761 723 620
9 723 761 762 724 621
9 724 762 763 725 622
9 725 763 95 94 623
9 133 134 764 726 624
9 726 764 765 727 625
9 727 765 766 728 626
9 728 766 767 729 627
9 729 767 768 730 628
9 730 768 769 731 629
9 731 769 770 732 630
9 732 770 771 733 631
9 733 771 772 734 632
9 734 772 773 735 633
9 735 773 774 736 634
9 736 774 775 737 635
9 737 775 776 738 636
9 738 776 777 739 637
9 739 777 778 740 638
9 740 778 779 741 639
9 741 779 780 742 640
9 742 780 781 743 641
9 743 781 782 744 642
9 744 782 783 745 643
9 745 783 784 746 644
9 746 784 785 747 645
9 747 785 786 748 646
9 748 786 787 749 647
9 749 787 788 750 648
9 750 788 789 751 649
9 751 789 790 752 650
9 752 790 791 753 651
9 753 791 792 754 652
9 754 792 793 755 653
9 755 793 794 756 654
9 756 794 795 757 655
9 757 795 796 758 656
9 758 796 797 759 657
9 759 797 798 760 658
9 760 798 799 761 659
9 761 799 800 762 660
9 762 800 801 763 661
9 763 801 96 95 662
9 134 135 802 764 663
9 764 802 803 765 664
9 765 803 804 766 665
9 766 804 805 767 666
9 767 805 806 768 667
9 768 806 807 769 668
9 769 807 808 770 669
9 770 808 809 771 670
9 771 809 810 772 671
9 772 810 811 773 672
9 773 811 812 774 673
9 774 812 813 775 674
9 775 813 814 776 675
9 776 814 815 777 676
9 777 815 816 778 677
9 778 816 817 779 678
9 779 817 818 780 679
9 780 818 819 781 680
9 781 819 820 782 681
9 782 820 821 783 682
9 783 821 822 784 683
9 784 822 823 785 684
9 785 823 824 786 685
9 786 824 825 787 686
9 787 825 826 788 687
9 788 826 827 789 688
9 789 827 828 790 689
9 790 828 829 791 690
9 791 829 830 792 691
9 792 830 831 793 692
9 793 831 832 794 693
9 794 832 833 795 694
9 795 833 834 796 695
9 796 834 835 797 696
9 797 835 836 798 697
9 798 836 837 799 698
9 799 837 838 800 699
9 800 838 839 801 700
9 801 839 97 96 701
9 135 136 840 802 702
9 802 840 841 803 703
9 803 841 842 804 704
9 804 842 843 805 705
9 805 843 844 806 706
9 806 844 845 807 707
9 807 845 846 808 708
9 808 846 847 809 709
9 809 847 848 810 710
9 810 848 849 811 711
9 811 849 850 812 712
9 812 850 851 813 713
9 813 851 852 814 714
9 814 852 853 815 715
9 815 853 854 816 716
9 816 854 855 817 717
9 817 855 856 818 718
9 818 856 857 819 719
9 819 857 858 820 720
9 820 858 859 821 721
9 821 859 860 822 722
9 822 860 861 823 723
9 823 861 862 824 724
9 824 862 863 825 725
9 825 863 864 826 726
9 826 864 865 827 727
9 827 865 866 828 728
9 828 866 867 829 729
9 829 867 868 830 730
9 830 868 869 831 731
9 831 869 870 832 732
9 832 870 871 833 733
9 833 871 872 834 734
9 834 872 873 835 735
9 835 873 874 836 736
9 836 874 875 837 737
9 837 875 876 838 738
9 838 876 877 839 739
9 839 877 98 97 740
9 136 137 878 840 741
9 840 878 879 841 742
9 841 879 880 842 743
9 842 880 881 843 744
9 843 881 882 844 745
9 844 882 883 845 746
9 845 883 884 846 747
9 846 884 885 847 748
9 847 885 886 848 749
9 848 886 887 849 750
9 849 887 888 850 751
9 850 888 889 851 752
9 851 889 890 852 753
9 852 890 891 853 754
9 853 891 892 854 755
9 854 892 893 855 756
9 855 893 894 856 757
9 856 894 895 857 758
9 857 895 896 858 759
9 858 896 897 859 760
9 859 897 898 860 761
9 860 898 899 861 762
9 861 899 900 862 763
9 862 900 901 863 764
9 863 901 902 864 765
9 864 902 903 865 766
9 865 903 904 866 767
9 866 904 905 867 768
9 867 905 906 868 769
9 868 906 907 869 770
9 869 907 908 870 771
9 870 908 909 871 772
9 871 909 910 872 773
9 872 910 911 873 774
9 873 911 912 874 775
9 874 912 913 875 776
9 875 913 914 876 777
9 876 914 915 877 778
9 877 915 99 98 779
9 137 138 916 878 780
9 878 916 917 879 781
9 879 917 918 880 782
9 880 918 919 881 783
9 881 919 920 882 784
9 882 920 921 883 785
9 883 921 922 884 786
9 884 922 923 885 787
9 885 923 924 886 788
9 886 924 925 887 789
9 887 925 926 888 790
9 888 926 927 889 791
9 889 927 928 890 792
9 890 928 929 891 793
9 891 929 930 892 794
9 892 930 931 893 795
9 893 931 932 894 796
9 894 932 933 895 797
9 895 933 934 896 798
9 896 934 935 897 799
9 897 935 936 898 800
9 898 936 937 899 801
9 899 937 938 900 802
9 900 938 939 901 803
9 901 939 940 902 804
9 902 940 941 903 805
9 903 941 942 904 806
9 904 942 943 905 807
9 905 943 944 906 808
9 906 944 945 907 809
9 907 945 946 908 810
9 908 946 947 909 811
9 909 947 948 910 812
9 910 948 949 911 813
9 911 949 950 912 814
9 912 950 951 913 815
9 913 951 952 914 816
9 914 952 953 915 817
9 915 953 100 99 818
9 138 139 954 916 819
9 916 954 955 917 820
9 917 955 956 918 821
9 918 956 957 919 822
9 919 957 958 920 823
9 920 958 959 921 824
9 921 959 960 922 825
9 922 960 961 923 826
9 923 961 962 924 827
9 924 962 963 925 828
9 925 963 964 926 829
9 926 964 965 927 830
9 927 965 966 928 831
9 928 966 967 929 832
9 929 967 968 930 833
9 930 968 969 931 834
9 931 969 970 932 835
9 932 970 971 933 836
9 933 971 972 934 837
9 934 972 973 935 838
9 935 973 974 936 839
9 936 974 975 937 840
9 937 975 976 938 841
9 938 976 977 939 842
9 939 977 978 940 843
9 940 978 979 941 844
9 941 979 980 942 845
9 942 980 981 943 846
9 943 981 982 944 847
9 944 982 983 945 848
9 945 983 984 946 849
9 946 984 985 947 850
9 947 985 986 948 851
9 948 986 987 949 852
9 949 987 988 950 853
9 950 988 989 951 854
9 951 989 990 952 855
9 952 990 991 953 856
9 953 991 101 100 857
9 139 140 992 954 858
9 954 992 993 955 859
9 955 993 994 956 860
9 956 994 995 957 861
9 957 995 996 958 862
9 958 996 997 959 863
9 959 997 998 960 864
9 960 998 999 961 865
9 961 999 1000 962 866
9 962 1000 1001 963 867
9 963 1001 1002 964 868
9 964 1002 1003 965 869
9 965 1003 1004 966 870
9 966 1004 1005 967 871
9 967 1005 1006 968 872
9 968 1006 1007 969 873
9 969 1007 1008 970 874
9 970 1008 1009 971 875
9 971 1009 1010 972 876
9 972 1010 1011 973 877
9 973 1011 1012 974 878
9 974 1012 1013 975 879
9 975 1013 1014 976 880
9 976 1014 1015 977 881
9 977 1015 1016 978 882
9 978 1016 1017 979 883
9 979 1017 1018 980 884
9 980 1018 1019 981 885
9 981 1019 1020 982 886
9 982 1020 1021 983 887
9 983 1021 1022 984 888
9 984 1022 1023 985 889
9 985 1023 1024 986 890
9 986 1024 1025 987 891
9 987 1025 1026 988 892
9 988 1026 1027 989 893
9 989 1027 1028 990 894
9 990 1028 1029 991 895
9 991 1029 102 101 896
9 140 141 1030 992 897
9 992 1030 1031 993 898
9 993 1031 1032 994 899
9 994 1032 1033 995 900
9 995 1033 1034 996 901
9 996 1034 1035 997 902
9 997 1035 1036 998 903
9 998 1036 1037 999 904
9 999 1037 1038 1000 905
9 1000 1038 1039 1001 906
9 1001 1039 1040 1002 907
9 1002 1040 1041 1003 908
9 1003 1041 1042 1004 909
9 1004 1042 1043 1005 910
9 1005 1043 1044 1006 911
9 1006 1044 1045 1007 912
9 1007 1045 1046 1008 913
9 1008 1046 1047 1009 914
9 1009 1047 1048 1010 915
9 1010 1048 1049 1011 916
9 1011 1049 1050 1012 917
9 1012 1050 1051 1013 918
9 1013 1051 1052 1014 919
9 1014 1052 1053 1015 920
9 1015 1053 1054 1016 921
9 1016 1054 1055 1017 922
9 1017 1055 1056 1018 923
9 1018 1056 1057 1019 924
9 1019 1057 1058 1020 925
9 1020 1058 1059 1021 926
9 1021 1059 1060 1022 927
9 1022 1060 1061 1023 928
9 1023 1061 1062 1024 929
9 1024 1062 1063 1025 930
9 1025 1063 1064 1026 931
9 1026 1064 1065 1027 932
9 1027 1065 1066 1028 933
9 1028 1066 1067 1029 934
9 1029 1067 103 102 935
9 141 142 1068 1030 936
9 1030 1068 1069 1031 937
9 1031 1069 1070 1032 938
9 1032 1070 1071 1033 939
9 1033 1071 1072 1034 940
9 1034 1072 1073 1035 941
9 1035 1073 1074 1036 942
9 1036 1074 1075 1037 943
9 1037 1075 1076 1038 944
9 1038 1076 1077 1039 945
9 1039 1077 1078 1040 946
9 1040 1078 1079 1041 947
9 1041 1079 1080 1042 948
9 1042 1080 1081 1043 949
9 1043 1081 1082 1044 950
9 1044 1082 1083 1045 951
9 1045 1083 1084 1046 952
9 1046 1084 1085 1047 953
9 1047 1085 1086 1048 954
9 1048 1086 1087 1049 955
9 1049 1087 1088 1050 956
9 1050 1088 1089 1051 957
9 1051 1089 1090 1052 958
9 1052 1090 1091 1053 959
9 1053 1091 1092 1054 960
9 1054 1092 1093 1055 961
9 1055 1093 1094 1056 962
9 1056 1094 1095 1057 963
9 1057 1095 1096 1058 964
9 1058 1096 1097 1059 965
9 1059 1097 1098 1060 966
9 1060 1098 1099 1061 967
9 1061 1099 1100 1062 968
9 1062 1100 1101 1063 969
9 1063 1101 1102 1064 970
9 1064 1102 1103 1065 971
9 1065 1103 1104 1066 972
9 1066 1104 1105 1067 973
9 1067 1105 104 103 974
9 142 143 1106 1068 975
9 1068 1106 1107 1069 976
9 1069 1107 1108 1070 977
9 1070 1108 1109 1071 978
9 1071 1109 1110 1072 979
9 1072 1110 1111 1073 980
9 1073 1111 1112 1074 981
9 1074 1112 1113 1075 982
9 1075 1113 1114 1076 983
9 1076 1114 1115 1077 984
9 1077 1115 1116 1078 985
9 1078 1116 1117 1079 986
9 1079 1117 1118 1080 987
9 1080 1118 1119 1081 988
9 1081 1119 1120 1082 989
9 1082 1120 1121 1083 990
9 1083 1121 1122 1084 991
9 1084 1122 1123 1085 992
9 1085 1123 1124 1086 993
9 1086 1124 1125 1087 994
9 1087 1125 1126 1088 995
9 1088 1126 1127 1089 996
9 1089 1127 1128 1090 997
9 1090 1128 1129 1091 998
9 1091 1129 1130 1092 999
9 1092 1130 1131 1093 1000
9 1093 1131 1132 1094 1001
9 1094 1132 1133 1095 1002
9 1095 1133 1134 1096 1003
9 1096 1134 1135 1097 1004
9 1097 1135 1136 1098 1005
9 1098 1136 1137 1099 1006
9 1099 1137 1138 1100 1007
9 1100 1138 1139 1101 1008
9 1101 1139 1140 1102 1009
9 1102 1140 1141 1103 1010
9 1103 1141 1142 1104 1011
9 1104 1142 1143 1105 1012
9 1105 1143 105 104 1013
9 143 144 1144 1106 1014
9 1106 1144 1145 1107 1015
9 1107 1145 1146 1108 1016
9 1108 1146 1147 1109 1017
9 1109 1147 1148 1110 1018
9 1110 1148 1149 1111 1019
9 1111 1149 1150 1112 1020
9 1112 1150 1151 1113 1021
9 1113 1151 1152 1114 1022
9 1114 1152 1153 1115 1023
9 1115 1153 1154 1116 1024
9 1116 1154 1155 1117 1025
9 1117 1155 1156 1118 1026
9 1118 1156 1157 1119 1027
9 1119 1157 1158 1120 1028
9 1120 1158 1159 1121 1029
9 1121 1159 1160 1122 1030
9 1122 1160 1161 1123 1031
9 1123 1161 1162 1124 1032
9 1124 1162 1163 1125 1033
9 1125 1163 1164 1126 1034
9 1126 1164 1165 1127 1035
9 1127 1165 1166 1128 1036
9 1128 1166 1167 1129 1037
9 1129 1167 1168 1130 1038
9 1130 1168 1169 1131 1039
9 1131 1169 1170 1132 1040
9 1132 1170 1171 1133 1041
9 1133 1171 1172 1134 1042
9 1134 1172 1173 1135 1043
9 1135 1173 1174 1136 1044
9 1136 1174 1175 1137 1045
9 1137 1175 1176 1138 1046
9 1138 1176 1177 1139 1047
9 1139 1177 1178 1140 1048
9 1140 1178 1179 1141 1049
9 1141 1179 1180 1142 1050
9 1142 1180 1181 1143 1051
9 1143 1181 106 105 1052
9 144 145 1182 1144 1053
9 1144 1182 1183 1145 1054
9 1145 1183 1184 1146 1055
9 1146 1184 1185 1147 1056
9 1147 1185 1186 1148 1057
9 1148 1186 1187 1149 1058
9 1149 1187 1188 1150 1059
9 1150 1188 1189 1151 1060
9 1151 1189 1190 1152 1061
9 1152 1190 1191 1153 1062
9 1153 1191 1192 1154 1063
9 1154 1192 1193 1155 1064
9 1155 1193 1194 1156 1065
9 1156 1194 1195 1157 1066
9 1157 1195 1196 1158 1067
9 1158 1196 1197 1159 1068
9 1159 1197 1198 1160 1069
9 1160 1198 1199 1161 1070
9 1161 1199 1200 1162 1071
9 1162 1200 1201 1163 1072
9 1163 1201 1202 1164 1073
9 1164 1202 1203 1165 1074
9 1165 1203 1204 1166 1075
9 1166 1204 1205 1167 1076
9 1167 1205 1206 1168 1077
9 1168 1206 1207 1169 1078
9 1169 1207 1208 1170 1079
9 1170 1208 1209 1171 1080
9 1171 1209 1210 1172 1081
9 1172 1210 1211 1173 1082
9 1173 1211 1212 1174 1083
9 1174 1212 1213 1175 1084
9 1175 1213 1214 1176 1085
9 1176 1214 1215 1177 1086
9 1177 1215 1216 1178 1087
9 1178 1216 1217 1179 1088
9 1179 1217 1218 1180 1089
9 1180 1218 1219 1181 1090
9 1181 1219 107 106 1091
9 145 146 1220 1182 1092
9 1182 1220 1221 1183 1093
9 1183 1221 1222 1184 1094
9 1184 1222 1223 1185 1095
9 1185 1223 1224 1186 1096
9 1186 1224 1225 1187 1097
9 1187 1225 1226 1188 1098
9 1188 1226 1227 1189 1099
9 1189 1227 1228 1190 1100
9 1190 1228 1229 1191 1101
9 1191 1229 1230 1192 1102
9 1192 1230 1231 1193 1103
9 1193 1231 1232 1194 1104
9 1194 1232 1233 1195 1105
9 1195 1233 1234 1196 1106
9 1196 1234 1235 1197 1107
9 1197 1235 1236 1198 1108
9 1198 1236 1237 1199 1109
9 1199 1237 1238 1200 1110
9 1200 1238 1239 1201 1111
9 1201 1239 1240 1202 1112
9 1202 1240 1241 1203 1113
9 1203 1241 1242 1204 1114
9 1204 1242 1243 1205 1115
9 1205 1243 1244 1206 1116
9 1206 1244 1245 1207 1117
9 1207 1245 1246 1208 1118
9 1208 1246 1247 1209 1119
9 1209 1247 1248 1210 1120
9 1210 1248 1249 1211 1121
9 1211 1249 1250 1212 1122
9 1212 1250 1251 1213 1123
9 1213 1251 1252 1214 1124
9 1214 1252 1253 1215 1125
9 1215 1253 1254 1216 1126
9 1216 1254 1255 1217 1127
9 1217 1255 1256 1218 1128
9 1218 1256 1257 1219 1129
9 1219 1257 108 107 1130
9 146 147 1258 1220 1131
9 1220 1258 1259 1221 1132
9 1221 1259 1260 1222 1133
9 1222 1260 1261 1223 1134
9 1223 1261 1262 1224 1135
9 1224 1262 1263 1225 1136
9 1225 1263 1264 1226 1137
9 1226 1264 1265 1227 1138
9 1227 1265 1266 1228 1139
9 1228 1266 1267 1229 1140
9 1229 1267 1268 1230 1141
9 1230 1268 1269 1231 1142
9 1231 1269 1270 1232 1143
9 1232 1270 1271 1233 1144
9 1233 1271 1272 1234 1145
9 1234 1272 1273 1235 1146
9 1235 1273 1274 1236 1147
9 1236 1274 1275 1237 1148
9 1237 1275 1276 1238 1149
9 1238 1276 1277 1239 1150
9 1239 1277 1278 1240 1151
9 1240 1278 1279 1241 1152
9 1241 1279 1280 1242 1153
9 1242 1280 1281 1243 1154
9 1243 1281 1282 1244 1155
9 1244 1282 1283 1245 1156
9 1245 1283 1284 1246 1157
9 1246 1284 1285 1247 1158
9 1247 1285 1286 1248 1159
9 1248 1286 1287 1249 1160
9 1249 1287 1288 1250 1161
9 1250 1288 1289 1251 1162
9 1251 1289 1290 1252 1163
9 1252 1290 1291 1253 1164
9 1253 1291 1292 1254 1165
9 1254 1292 1293 1255 1166
9 1255 1293 1294 1256 1167
9 1256 1294 1295 1257 1168
9 1257 1295 109 108 1169
9 147 148 1296 1258 1170
9 1258 1296 1297 1259 1171
9 1259 1297 1298 1260 1172
9 1260 1298 1299 1261 1173
9 1261 1299 1300 1262 1174
9 1262 1300 1301 1263 1175
9 1263 1301 1302 1264 1176
9 1264 1302 1303 1265 1177
9 1265 1303 1304 1266 1178
9 1266 1304 1305 1267 1179
9 1267 1305 1306 1268 1180
9 1268 1306 1307 1269 1181
9 1269 1307 1308 1270 1182
9 1270 1308 1309 1271 1183
9 1271 1309 1310 1272 1184
9 1272 1310 1311 1273 1185
9 1273 1311 1312 1274 1186
9 1274 1312 1313 1275 1187
9 1275 1313 1314 1276 1188
9 1276 1314 1315 1277 1189
9 1277 1315 1316 1278 1190
9 1278 1316 1317 1279 1191
9 1279 1317 1318 1280 1192
9 1280 1318 1319 1281 1193
9 1281 1319 1320 1282 1194
9 1282 1320 1321 1283 1195
9 1283 1321 1322 1284 1196
9 1284 1322 1323 1285 1197
9 1285 1323 1324 1286 1198
9 1286 1324 1325 1287 1199
9 1287 1325 1326 1288 1200
9 1288 1326 1327 1289 1201
9 1289 1327 1328 1290 1202
9 1290 1328 1329 1291 1203
9 1291 1329 1330 1292 1204
9 1292 1330 1331 1293 1205
9 1293 1331 1332 1294 1206
9 1294 1332 1333 1295 1207
9 1295 1333 110 109 1208
9 148 149 1334 1296 1209
9 1296 1334 1335 1297 1210
9 1297 1335 1336 1298 1211
9 1298 1336 1337 1299 1212
9 1299 1337 1338 1300 1213
9 1300 1338 1339 1301 1214
9 1301 1339 1340 1302 1215
9 1302 1340 1341 1303 1216
9 1303 1341 1342 1304 1217
9 1304 1342 1343 1305 1218
9 1305 1343 1344 1306 1219
9 1306 1344 1345 1307 1220
9 1307 1345 1346 1308 1221
9 1308 1346 1347 1309 1222
9 1309 1347 1348 1310 1223
9 1310 1348 1349 1311 1224
9 1311 1349 1350 1312 1225
9 1312 1350 1351 1313 1226
9 1313 1351 1352 1314 1227
9 1314 1352 1353 1315 1228
9 1315 1353 1354 1316 1229
9 1316 1354 1355 1317 1230
9 1317 1355 1356 1318 1231
9 1318 1356 1357 1319 1232
9 1319 1357 1358 1320 1233
9 1320 1358 1359 1321 1234
9 1321 1359 1360 1322 1235
9 1322 1360 1361 1323 1236
9 1323 1361 1362 1324 1237
9 1324 1362 1363 1325 1238
9 1325 1363 1364 1326 1239
9 1326 1364 1365 1327 1240
9 1327 1365 1366 1328 1241
9 1328 1366 1367 1329 1242
9 1329 1367 1368 1330 1243
9 1330 1368 1369 1331 1244
9 1331 1369 1370 1332 1245
9 1332 1370 1371 1333 1246
9 1333 1371 111 110 1247
9 149 150 1372 1334 1248
9 1334 1372 1373 1335 1249
9 1335 1373 1374 1336 1250
9 1336 1374 1375 1337 1251
9 1337 1375 1376 1338 1252
9 1338 1376 1377 1339 1253
9 1339 1377 1378 1340 1254
9 1340 1378 1379 1341 1255
9 1341 1379 1380 1342 1256
9 1342 1380 1381 1343 1257
9 1343 1381 1382 1344 1258
9 1344 1382 1383 1345 1259
9 1345 1383 1384 1346 1260
9 1346 1384 1385 1347 1261
9 1347 1385 1386 1348 1262
9 1348 1386 1387 1349 1263
9 1349 1387 1388 1350 1264
9 1350 1388 1389 1351 1265
9 1351 1389 1390 1352 1266
9 1352 1390 1391 1353 1267
9 1353 1391 1392 1354 1268
9 1354 1392 1393 1355 1269
9 1355 1393 1394 1356 1270
9 1356 1394 1395 1357 1271
9 1357 1395 1396 1358 1272
9 1358 1396 1397 1359 1273
9 1359 1397 1398 1360 1274
9 1360 1398 1399 1361 1275
9 1361 1399 1400 1362 1276
9 1362 1400 1401 1363 1277
9 1363 1401 1402 1364 1278
9 1364 1402 1403 1365 1279
9 1365 1403 1404 1366 1280
9 1366 1404 1405 1367 1281
9 1367 1405 1406 1368 1282
9 1368 1406 1407 1369 1283
9 1369 1407 1408 1370 1284
9 1370 1408 1409 1371 1285
9 1371 1409 112 111 1286
9 150 151 1410 1372 1287
9 1372 1410 1411 1373 1288
9 1373 1411 1412 1374 1289
9 1374 1412 1413 1375 1290
9 1375 1413 1414 1376 1291
9 1376 1414 1415 1377 1292
9 1377 1415 1416 1378 1293
9 1378 1416 1417 1379 1294
9 1379 1417 1418 1380 1295
9 1380 1418 1419 1381 1296
9 1381 1419 1420 1382 1297
9 1382 1420 1421 1383 1298
9 1383 1421 1422 1384 1299
9 1384 1422 1423 1385 1300
9 1385 1423 1424 1386 1301
9 1386 1424 1425 1387 1302
9 1387 1425 1426 1388 1303
9 1388 1426 1427 1389 1304
9 1389 1427 1428 1390 1305
9 1390 1428 1429 1391 1306
9 1391 1429 1430 1392 1307
9 1392 1430 1431 1393 1308
9 1393 1431 1432 1394 1309
9 1394 1432 1433 1395 1310
9 1395 1433 1434 1396 1311
9 1396 1434 1435 1397 1312
9 1397 1435 1436 1398 1313
9 1398 1436 1437 1399 1314
9 1399 1437 1438 1400 1315
9 1400 1438 1439 1401 1316
9 1401 1439 1440 1402 1317
9 1402 1440 1441 1403 1318
9 1403 1441 1442 1404 1319
9 1404 1442 1443 1405 1320
9 1405 1443 1444 1406 1321
9 1406 1444 1445 1407 1322
9 1407 1445 1446 1408 1323
9 1408 1446 1447 1409 1324
9 1409 1447 113 112 1325
9 151 152 1448 1410 1326
9 1410 1448 1449 1411 1327
9 1411 1449 1450 1412 1328
9 1412 1450 1451 1413 1329
9 1413 1451 1452 1414 1330
9 1414 1452 1453 1415 1331
9 1415 1453 1454 1416 1332
9 1416 1454 1455 1417 1333
9 1417 1455 1456 1418 1334
9 1418 1456 1457 1419 1335
9 1419 1457 1458 1420 1336
9 1420 1458 1459 1421 1337
9 1421 1459 1460 1422 1338
9 1422 1460 1461 1423 1339
9 1423 1461 1462 1424 1340
9 1424 1462 1463 1425 1341
9 1425 1463 1464 1426 1342
9 1426 1464 1465 1427 1343
9 1427 1465 1466 1428 1344
9 1428 1466 1467 1429 1345
9 1429 1467 1468 1430 1346
9 1430 1468 1469 1431 1347
9 1431 1469 1470 1432 1348
9 1432 1470 1471 1433 1349
9 1433 1471 1472 1434 1350
9 1434 1472 1473 1435 1351
9 1435 1473 1474 1436 1352
9 1436 1474 1475 1437 1353
9 1437 1475 1476 1438 1354
9 1438 1476 1477 1439 1355
9 1439 1477 1478 1440 1356
9 1440 1478 1479 1441 1357
9 1441 1479 1480 1442 1358
9 1442 1480 1481 1443 1359
9 1443 1481 1482 1444 1360
9 1444 1482 1483 1445 1361
9 1445 1483 1484 1446 1362
9 1446 1484 1485 1447 1363
9 1447 1485 114 113 1364
9 152 153 1486 1448 1365
9 1448 1486 1487 1449 1366
9 1449 1487 1488 1450 1367
9 1450 1488 1489 1451 1368
9 1451 1489 1490 1452 1369
9 1452 1490 1491 1453 1370
9 1453 1491 1492 1454 1371
9 1454 1492 1493 1455 1372
9 1455 1493 1494 1456 1373
9 1456 1494 1495 1457 1374
9 1457 1495 1496 1458 1375
9 1458 1496 1497 1459 1376
9 1459 1497 1498 1460 1377
9 1460 1498 1499 1461 1378
9 1461 1499 1500 1462 1379
9 1462 1500 1501 1463 1380
9 1463 1501 1502 1464 1381
9 1464 1502 1503 1465 1382
9 1465 1503 1504 1466 1383
9 1466 1504 1505 1467 1384
9 1467 1505 1506 1468 1385
9 1468 1506 1507 1469 1386
9 1469 1507 1508 1470 1387
9 1470 1508 1509 1471 1388
9 1471 1509 1510 1472 1389
9 1472 1510 1511 1473 1390
9 1473 1511 1512 1474 1391
9 1474 1512 1513 1475 1392
9 1475 1513 1514 1476 1393
9 1476 1514 1515 1477 1394
9 1477 1515 1516 1478 1395
9 1478 1516 1517 1479 1396
9 1479 1517 1518 1480 1397
9 1480 1518 1519 1481 1398
9 1481 1519 1520 1482 1399
9 1482 1520 1521 1483 1400
9 1483 1521 1522 1484 1401
9 1484 1522 1523 1485 1402
9 1485 1523 115 114 1403
9 153 154 1524 1486 1404
9 1486 1524 1525 1487 1405
9 1487 1525 1526 1488 1406
9 1488 1526 1527 1489 1407
9 1489 1527 1528 1490 1408
9 1490 1528 1529 1491 1409
9 1491 1529 1530 1492 1410
9 1492 1530 1531 1493 1411
9 1493 1531 1532 1494 1412
9 1494 1532 1533 1495 1413
9 1495 1533 1534 1496 1414
9 1496 1534 1535 1497 1415
9 1497 1535 1536 1498 1416
9 1498 1536 1537 1499 1417
9 1499 1537 1538 1500 1418
9 1500 1538 1539 1501 1419
9 1501 1539 1540 1502 1420
9 1502 1540 1541 1503 1421
9 1503 1541 1542 1504 1422
9 1504 1542 1543 1505 1423
9 1505 1543 1544 1506 1424
9 1506 1544 1545 1507 1425
9 1507 1545 1546 1508 1426
9 1508 1546 1547 1509 1427
9 1509 1547 1548 1510 1428
9 1510 1548 1549 1511 1429
9 1511 1549 1550 1512 1430
9 1512 1550 1551 1513 1431
9 1513 1551 1552 1514 1432
9 1514 1552 1553 1515 1433
9 1515 1553 1554 1516 1434
9 1516 1554 1555 1517 1435
9 1517 1555 1556 1518 1436
9 1518 1556 1557 1519 1437
9 1519 1557 1558 1520 1438
9 1520 1558 1559 1521 1439
9 1521 1559 1560 1522 1440
9 1522 1560 1561 1523 1441
9 1523 1561 116 115 1442
9 154 155 1562 1524 1443
9 1524 1562 1563 1525 1444
9 1525 1563 1564 1526 1445
9 1526 1564 1565 1527 1446
9 1527 1565 1566 1528 1447
9 1528 1566 1567 1529 1448
9 1529 1567 1568 1530 1449
9 1530 1568 1569 1531 1450
9 1531 1569 1570 1532 1451
9 1532 1570 1571 1533 1452
9 1533 1571 1572 1534 1453
9 1534 1572 1573 1535 1454
9 1535 1573 1574 1536 1455
9 1536 1574 1575 1537 1456
9 1537 1575 1576 1538 1457
9 1538 1576 1577 1539 1458
9 1539 1577 1578 1540 1459
9 1540 1578 1579 1541 1460
9 1541 1579 1580 1542 1461
9 1542 1580 1581 1543 1462
9 1543 1581 1582 1544 1463
9 1544 1582 1583 1545 1464
9 1545 1583 1584 1546 1465
9 1546 1584 1585 1547 1466
9 1547 1585 1586 1548 1467
9 1548 1586 1587 1549 1468
9 1549 1587 1588 1550 1469
9 1550 1588 1589 1551 1470
9 1551 1589 1590 1552 1471
9 1552 1590 1591 1553 1472
9 1553 1591 1592 1554 1473
9 1554 1592 1593 1555 1474
9 1555 1593 1594 1556 1475
9 1556 1594 1595 1557 1476
9 1557 1595 1596 1558 1477
9 1558 1596 1597 1559 1478
9 1559 1597 1598 1560 1479
9 1560 1598 1599 1561 1480
9 1561 1599 117 116 1481
9 155 2 79 1562 1482
9 1562 79 78 1563 1483
9 1563 78 77 1564 1484
9 1564 77 76 1565 1485
9 1565 76 75 1566 1486
9 1566 75 74 1567 1487
9 1567 74 73 1568 1488
9 1568 73 72 1569 1489
9 1569 72 71 1570 1490
9 1570 71 70 1571 1491
9 1571 70 69 1572 1492
9 1572 69 68 1573 1493
9 1573 68 67 1574 1494
9 1574 67 66 1575 1495
9 1575 66 65 1576 1496
9 1576 65 64 1577 1497
9 1577 64 63 1578 1498
9 1578 63 62 1579 1499
9 1579 62 61 1580 1500
9 1580 61 60 1581 1501
9 1581 60 59 1582 1502
9 1582 59 58 1583 1503
9 1583 58 57 1584 1504
9 1584 57 56 1585 1505
9 1585 56 55 1586 1506
9 1586 55 54 1587 1507
9 1587 54 53 1588 1508
9 1588 53 52 1589 1509
9 1589 52 51 1590 1510
9 1590 51 50 1591 1511
9 1591 50 49 1592 1512
9 1592 49 48 1593 1513
9 1593 48 47 1594 1514
9 1594 47 46 1595 1515
9 1595 46 45 1596 1516
9 1596 45 44 1597 1517
9 1597 44 43 1598 1518
9 1598 43 42 1599 1519
9 1599 42 1 117 1520
NPOIN= 1600
0.25 0 0
0.5 0 1
0.35355339059327368 0.35355339059327368 2
0.17677669529663689 0.17677669529663689 3
0.24994930724599049 0.0050342633273833468 4
0.24979724954203331 0.0100664850486728 5
0.24954388855385029 0.015094624388288611 6
0.24918932702970939 0.020116642226786632 7
0.24873370875945619 0.025130501920296741 8
0.2481772185152058 0.03013417014048669 9
0.2475200819771709 0.035125617688726983 10
0.2467625656421325 0.040102820321172697 11
0.24590497671547359 0.045063759569774077 12
0.2449476629839826 0.050006423574229818 13
0.24389101267866381 0.054928807875065627 14
0.2427354543164052 0.059828916234613359 15
0.24148145652529709 0.064704761450924533 16
0.24012952785177369 0.069554366172686899 17
0.23868021656328281 0.074375763668714137 18
0.23713411041304 0.07916699867126549 19
0.23549183641601359 0.083926128121184648 20
0.23375406058247231 0.088651221994994964 21
0.23192148764724141 0.093340364084839769 22
0.2299948608085679 0.097991652714134098 23
0.2279749613929371 0.10260320159667941 24
0.22586260854761669 0.1071731405720017 25
0.22365865892249179 0.11169961633323761 26
0.22136400631478989 0.11618079319864209 27
0.2189795812966159 0.12061485387446599 28
0.21650635085733669 0.1250000001537592 29
0.21394531799322791 0.12933445368028029 30
0.21129752130407911 0.13361645666141669 31
0.2085640345930927 0.13784427254786921 32
0.20574596640824941 0.14201618677719641 33
0.2028444595754402 0.1461305074908987 34
0.19986069079919 0.1501855661282753 35
0.19679587011751759 0.15417971820148441 36
0.19365124042547049 0.1581113439373551 37
0.19042807702234121 0.16197884887099701 38
0.18712768703036331 0.16578066457420909 39
0.18375140888706731 0.16951524926099659 40
0.18030061182735871 0.1731810883863481 41
0.49989861449198097 0.01006852665476669 42
0.49959449908406661 0.0201329700973456 43
0.49908777710770069 0.030189248776577221 44
0.49837865405941878 0.040233284453573263 45
0.49746741751891232 0.050261003840593489 46
0.49635443703041149 0.06026834028097338 47
0.49504016395434169 0.070251235377453952 48
0.49352513128426501 0.080205640642345394 49
0.49180995343094708 0.090127519139548168 50
0.48989532596796509 0.10001284714845959 51
0.48778202535732751 0.1098576157501313 52
0.48547090863281028 0.1196578324692267 53
0.48296291305059419 0.12940952290184909 54
0.48025905570354749 0.1391087323453738 55
0.47736043312656562 0.1487515273374283 56
0.47426822082608 0.15833399734253101 57
0.47098367283202708 0.1678522562423693 58
0.46750812116494461 0.1773024439899899 59
0.46384297529448282 0.18668072816967951 60
0.45998972161713592 0.1959833054282682 61
0.45594992278587421 0.20520640319335881 62
0.4517252170952335 0.21434628114400339 63
0.44731731784498358 0.22339923266647521 64
0.44272801262957989 0.2323615863972841 65
0.43795916259323181 0.2412297077489321 66
0.43301270171467349 0.2500000003075184 67
0.42789063598645583 0.2586689073605607 68
0.42259504260815822 0.26723291332283339 69
0.41712806918618539 0.27568854509573831 70
0.41149193281649871 0.28403237355439281 71
0.40568891915088051 0.29226101498179741 72
0.39972138159838011 0.30037113225655071 73
0.39359174023503518 0.30835943640296892 74
0.38730248085094099 0.31622268787471031 75
0.38085615404468243 0.32395769774199401 76
0.37425537406072662 0.33156132914841813 77
0.36750281777413468 0.33903049852199307 78
0.36060122365471747 0.34636217677269621 79
0.25641025641025639 0 80
0.26282051282051277 0 81
0.26923076923076922 0 82
0.27564102564102572 0 83
0.28205128205128199 0 84
0.28846153846153838 0 85
0.29487179487179488 0 86
0.30128205128205132 0 87
0.30769230769230771 0 88
0.3141025641025641 0 89
0.32051282051282048 0 90
0.32692307692307693 0 91
0.33333333333333331 0 92
0.33974358974358981 0 93
0.34615384615384609 0 94
0.35256410256410248 0 95
0.35897435897435898 0 96
0.36538461538461542 0 97
0.37179487179487181 0 98
0.37820512820512819 0 99
0.38461538461538458 0 100
0.39102564102564102 0 101
0.39743589743589752 0 102
0.40384615384615391 0 103
0.41025641025641019 0 104
0.41666666666666657 0 105
0.42307692307692307 0 106
0.42948717948717952 0 107
0.4358974358974359 0 108
0.44230769230769229 0 109
0.44871794871794868 0 110
0.45512820512820512 0 111
0.46153846153846162 0 112
0.46794871794871801 0 113
0.47435897435897428 0 114
0.48076923076923073 0 115
0.48717948717948723 0 116
0.49358974358974361 0 117
0.18130943107347219 0.18130943107347219 118
0.18584216685030211 0.18584216685030211 119
0.19037490262713741 0.19037490262713741 120
0.19490763840397271 0.19490763840397271 121
0.1994403741808026 0.1994403741808026 122
0.2039731099576233 0.2039731099576233 123
0.20850584573444611 0.20850584573444611 124
0.21303858151125979 0.21303858151125979 125
0.2175713172880813 0.2175713172880813 126
0.2221040530649033 0.2221040530649033 127
0.2266367888417169 0.2266367888417169 128
0.23116952461853929 0.23116952461853929 129
0.23570226039536041 0.23570226039536041 130
0.2402349961721795 0.2402349961721795 131
0.24476773194900811 0.24476773194900811 132
0.2493004677258393 0.2493004677258393 133
0.25383320350263783 0.25383320350263783 134
0.2583659392794716 0.2583659392794716 135
0.26289867505630538 0.26289867505630538 136
0.26743141083311361 0.26743141083311361 137
0.27196414660997131 0.27196414660997131 138
0.27649688238683062 0.27649688238683062 139
0.28102961816365662 0.28102961816365662 140
0.28556235394051271 0.28556235394051271 141
0.29009508971737369 0.29009508971737369 142
0.29462782549419958 0.29462782549419958 143
0.29916056127107149 0.29916056127107149 144
0.3036932970479384 0.3036932970479384 145
0.3082260328247427 0.3082260328247427 146
0.31275876860161123 0.31275876860161123 147
0.31729150437848141 0.31729150437848141 148
0.32182424015528582 0.32182424015528582 149
0.32635697593217261 0.32635697593217261 150
0.33088971170904607 0.33088971170904607 151
0.33542244748585193 0.33542244748585193 152
0.339955183262734 0.339955183262734 153
0.34448791903960618 0.34448791903960618 154
0.34902065481639649 0.34902065481639649 155
0.1849237044383151 0.17762162911420171 156
0.18846298347391369 0.17386179411384131 157
0.19192583285165321 0.1700314508453413 158
0.19531084822804079 0.16613215268820081 159
0.19861665684663499 0.16216548096138869 160
0.20184191806924739 0.15813304430921371 161
0.20498532389660379 0.15403647808028131 162
0.20804559956455271 0.149877443580408 163
0.21102150400845951 0.14565762746379021 164
0.2139118303518886 0.14137874107473669 165
0.21671540646572071 0.13704251965273431 166
0.21943109537766839 0.1326507217233637 167
0.22205779575111331 0.12820512836282921 168
0.2245944423555023 0.12370754243534909 169
0.2270400064767065 0.11915978789604249 170
0.2293934963307597 0.1145637090597304 171
0.231653957484734 0.1099211698174371 172
0.2338204732235242 0.1052340529196707 173
0.23589216493186349 0.1005042591939833 174
0.23786819245870819 0.095733706753681425 175
0.23974775444356039 0.090924330251276553 176
0.24153008863180789 0.086078080124291606 177
0.2432144722185017 0.081196921714118173 178
0.24480022211618671 0.076282834532014232 179
0.2462866952325877 0.071337811459165831 180
0.2476732887438938 0.066363857898383921 181
0.2489594403245175 0.061362991009859681 182
0.25014462838837248 0.056337238846221042 183
0.2512283722912636 0.051288639563312498 184
0.25221023252869051 0.04621924058438362 185
0.25308981091500721 0.041131097765305297 186
0.25386675074581588 0.036026274552540427 187
0.25454073693867219 0.030906841169729912 188
0.2551114961635445 0.025774873764406861 189
0.25557879695354779 0.020632453565935009 190
0.25594244979882069 0.015481666039270391 191
0.25620230722259812 0.010324600049920821 192
0.25635826384204158 0.0051633470024444626 193
0.18954679704926619 0.18206216984205009 194
0.19317455806075479 0.17820833896668101 195
0.1967239786729377 0.17428223711646881 196
0.20019361943373509 0.1702854565054002 197
0.20358207326779429 0.16621961798541801 198
0.20688796602097209 0.16208637041693899 199
0.2101099569940125 0.15788739003228361 200
0.21324673955366011 0.15362437966991349 201
0.21629704160866481 0.14929906815038069 202
0.21925962611067981 0.14491320960160109 203
0.2221332916273579 0.14046858264404891 204
0.22491687276210429 0.13596698976644431 205
0.22760924064488561 0.1314102565718967 206
0.23020930341438431 0.12680023099622981 207
0.23271600663861869 0.1221387825934408 208
0.2351283337390235 0.117427801786221 209
0.2374453064218475 0.11266919906287071 210
0.23966598505410749 0.10786490424266031 211
0.2417894690551555 0.10301686567383091 212
0.2438148972701715 0.098127049422521692 213
0.24574144830464509 0.093197438507556851 214
0.24756834084759921 0.088230032127397481 215
0.24929483402396049 0.083226844756969856 216
0.25092022766908778 0.078189905395313522 217
0.25244386261339902 0.073121256745644014 218
0.25386512096248798 0.068022954345842657 219
0.25518342633262753 0.062897065785105455 220
0.2563982440980791 0.05774566981737593 221
0.25750908159854291 0.05257085555239481 222
0.25851548834190541 0.047374721598992801 223
0.25941705618788052 0.042159375209437598 224
0.26021341951445959 0.036926931416353677 225
0.26090425536213763 0.03167951219897297 226
0.26148928356763201 0.026419245608516911 227
0.26196826687738572 0.0211482649050833 228
0.26234101104379048 0.015868707690252129 229
0.26260736490316261 0.01058271505116882 230
0.26276722043809231 0.0052924306775055706 231
0.19416988966022261 0.18650271056990381 232
0.1978861326476011 0.1825548838195257 233
0.2015221244942276 0.1785330233876011 234
0.2050763906394347 0.17443876032260389 235
0.2085474896889587 0.17027375500945161 236
0.21193401397270181 0.16603969652466821 237
0.21523459009142609 0.16173830198428951 238
0.21844787954277259 0.15737131575942279 239
0.22157257920887499 0.15294050883697449 240
0.2246074218694756 0.14844767812846871 241
0.22755117678899961 0.14389464563536641 242
0.23040265014654479 0.13928325780952761 243
0.2331606855386622 0.13461538478096671 244
0.2358241644732707 0.12989291955711291 245
0.23839200680053529 0.12511777729084131 246
0.24086317114729139 0.1202918945127137 247
0.2432366553589646 0.1154172283083061 248
0.24551149688469451 0.1104957555656516 249
0.24768677317845109 0.1055294721536801 250
0.2497616020816382 0.10052039209136331 251
0.25173514216573317 0.095470546763838426 252
0.2536065930633935 0.090381984130504495 253
0.2553751958294222 0.085256767799822511 254
0.25704023322199171 0.080096976258613548 255
0.25860102999421303 0.074904702032123002 256
0.26005695318108463 0.069682050793302128 257
0.26140741234073978 0.064431140560351791 258
0.26265185980778782 0.059154100788531352 259
0.26378979090582388 0.053853071541477532 260
0.26482074415512208 0.048530202613602247 261
0.26574430146075517 0.043187652653570163 262
0.26656008828310451 0.037827588280167149 263
0.26726777378560412 0.032452183228216178 264
0.26786707097172019 0.027063617452627049 265
0.2683577368012241 0.02166407624423166 266
0.26873957228876078 0.016255749341233881 267
0.26901242258372748 0.01084083005241686 268
0.2691761770341432 0.0054215143525667021 269
0.19879298227117889 0.19094325129775741 270
0.2025977072344475 0.18690142867237031 271
0.2063202703155175 0.18278380965873331 272
0.2099591618451343 0.1785920641398078 273
0.21351290611012311 0.17432789203348509 274
0.21698006192443159 0.16999302263239741 275
0.2203592231888398 0.16558921393629561 276
0.2236490195318851 0.161118251848932 277
0.22684811680908509 0.15658194952356841 278
0.22995521762827159 0.15198214665533619 279
0.2329690619506414 0.147320708626684 280
0.23588842753098521 0.14259952585261099 281
0.2387121304324388 0.1378205129900367 282
0.2414390255321571 0.13298560811799601 283
0.24406800696245179 0.12809677198824171 284
0.24659800855555919 0.1231559872392064 285
0.24902800429608191 0.1181652575537416 286
0.2513570087152816 0.1131266068886429 287
0.25358407730174681 0.1080420786335292 288
0.25570830689310498 0.102913734760205 289
0.2577288360268214 0.097743655020120002 290
0.2596448452791878 0.092533936133611425 291
0.26145555763488387 0.087286690842675221 292
0.26316023877489553 0.082004047121913698 293
0.26475819737502693 0.076688147318601879 294
0.26624878539968128 0.071341147240761529 295
0.26763139834885202 0.065965215335598112 296
0.26890547551749661 0.060562531759686761 297
0.27007050021310502 0.055135287530560233 298
0.27112599996833908 0.049685683628211803 299
0.27207154673362988 0.044215930097702721 300
0.2729067570517496 0.0387282451439806 301
0.27363129220907062 0.033224854257459392 302
0.27424485837580859 0.027707989296737189 303
0.27474720672506259 0.02217988758338001 304
0.27513813353373118 0.016642790992215609 305
0.27541748026429219 0.01109894505366486 306
0.27558513363019432 0.0055505980276278136 307
0.20341607488213001 0.1953837920256058 308
0.20730928182128849 0.19124797352521011 309
0.21111841613680199 0.18703459592986091 310
0.2148419330508286 0.1827453679570071 311
0.21847832253128249 0.17838202905751441 312
0.22202610987615631 0.17394634874012271 313
0.22548385628624851 0.16944012588829771 314
0.22885015952099261 0.16486518793843771 315
0.2321236544092905 0.16022339021015891 316
0.23530301338706269 0.15551661518220061 317
0.23838694711227851 0.15074677161799849 318
0.24137420491542119 0.14591579389569159 319
0.24426357532621101 0.14102564119910421 320
0.24705388659103919 0.13607829667887669 321
0.24974400712436409 0.13107576668564 322
0.2523328459638231 0.12602007996569711 323
0.25481935323319538 0.1209132867991751 324
0.2572025205458649 0.11575745821163259 325
0.25948138142503868 0.11055468511337679 326
0.26165501170456817 0.1053070774290452 327
0.26372252988790618 0.1000167632764003 328
0.26568309749497898 0.094685888136717314 329
0.26753591944034272 0.089316613885526919 330
0.26928024432779663 0.08391111798521296 331
0.27091536475583838 0.078471592605080048 332
0.27244061761827548 0.073000243688220265 333
0.27385538435696222 0.067499290110843962 334
0.27515909122720322 0.061970962730841683 335
0.276351209520384 0.056417503519642517 336
0.27743125578155398 0.050841164642820971 337
0.27839879200650319 0.04524420754183503 338
0.27925342582039331 0.039628902007793843 339
0.2799948106325359 0.033997525286702433 340
0.28062264577989587 0.028352361140847292 341
0.28113667664890041 0.022695698922528311 342
0.28153669477870091 0.01702983264319732 343
0.28182253794485668 0.011357060054912851 344
0.28199409022624511 0.0056796817026888947 345
0.2080391674930718 0.19982433275344549 346
0.21202085640812049 0.19559451837804151 347
0.21591656195807771 0.19128538220098051 348
0.21972470425651411 0.18689867177419889 349
0.223443738952433 0.18243616608153659 350
0.2270721578278723 0.17789967484784111 351
0.2306084893836487 0.17329103784029351 352
0.23405129951009179 0.16861212402793729 353
0.2373991920094875 0.16386483089674361 354
0.2406508091458458 0.15905108370905971 355
0.24380483227390781 0.15417283460930831 356
0.24685998229984929 0.14923206193876751 357
0.24981502021997559 0.14423076940816729 358
0.25266874764991393 0.13917098523975341 359
0.25542000728626951 0.13405476138303449 360
0.25806768337208008 0.12888417269218441 361
0.26061070217030202 0.12366131604460549 362
0.26304803237644192 0.1183883095346193 363
0.26537868554832461 0.11306729159322181 364
0.26760171651602571 0.10770042009788321 365
0.26971622374898552 0.1022898715326785 366
0.27172134971076478 0.096837840139821274 367
0.27361628124579629 0.091346536928376909 368
0.27540024988069312 0.085818188848510751 369
0.27707253213664512 0.080255037891556913 370
0.27863244983686553 0.074659340135677918 371
0.28007937036506841 0.06903336488608873 372
0.28141270693690629 0.063379393701995801 373
0.28263191882765998 0.057699719508724191 374
0.28373651159476609 0.05199664565742964 375
0.28472603727937368 0.046272484985966922 376
0.28560009458903468 0.040529558871606808 377
0.28635832905599928 0.034770196315945287 378
0.28700043318398172 0.02899673298495712 379
0.28752614657273667 0.023211510261676501 380
0.28793525602366982 0.017416874294178979 381
0.28822759562542061 0.01161517505616085 382
0.28840304682229551 0.0058087653777499949 383
0.21266226010401579 0.20426487348128719 384
0.21673243099495451 0.19994106323087479 385
0.22071470777935531 0.1955361684721019 386
0.22460747546220161 0.19105197559139239 387
0.22840915537358539 0.18649030310556039 388
0.2321182057795903 0.1818530009555612 389
0.2357331224810508 0.17714194979229081 390
0.23925243949919281 0.17235906011743829 391
0.2426747296096865 0.16750627158332981 392
0.2459986049046308 0.16258555223592 393
0.2492227174355387 0.1575988976006189 394
0.25234575968427941 0.1525483299818445 395
0.25536646511374211 0.1474358976172315 396
0.25828360870879041 0.1422636738006309 397
0.26109600744817629 0.13703375608042989 398
0.26380252078033861 0.13174826541867241 399
0.26640205110741022 0.1264093452900367 400
0.26889354420702027 0.12101916085760669 401
0.27127598967161182 0.1155798980730674 402
0.27354842132748441 0.1100937627667216 403
0.2757099176100658 0.10456297978895721 404
0.27775960192655191 0.098989792142925651 405
0.27969664305125108 0.093376459971227288 406
0.28152025543359038 0.087725259711808806 407
0.28322969951745303 0.082038483178034083 408
0.2848242820554564 0.076318436583135835 409
0.28630335637317528 0.070567439661333733 410
0.28766632264661002 0.064787824673150113 411
0.28891262813493662 0.058981935497805983 412
0.29004176740797888 0.05315212667203835 413
0.29105328255224477 0.047300762430098939 414
0.29194676335767639 0.04143021573541978 415
0.29272184747946289 0.035542867345188148 416
0.29337822058806778 0.02964110482906707 417
0.29391561649657322 0.02372732160082474 418
0.29433381726863878 0.017803915945160651 419
0.29463265330598448 0.01187329005740881 420
0.29481200341834612 0.0059378490528111229 421
0.2172853527149507 0.20870541420912009 422
0.22144400558177951 0.2042876080836997 423
0.2255128536006239 0.19978695474321531 424
0.2294902466678802 0.19520527940857829 425
0.23337457179472909 0.190544440129577 426
0.23716425373129971 0.18580632706327441 427
0.24085775557844441 0.1809928617442817 428
0.2444535794882855 0.17610599620693321 429
0.2479502672098772 0.17114771226991021 430
0.25134640066340758 0.16612002076277499 431
0.25464060259716181 0.1610249605919247 432
0.25783153706870171 0.15586459802491681 433
0.26091791000750109 0.1506410258262913 434
0.26389846976765952 0.14535636236150459 435
0.26677200761007608 0.1400127507778216 436
0.26953735818859031 0.13461235814515701 437
0.27219340004451198 0.12915737453546469 438
0.27473905603759219 0.1236500121805912 439
0.27717329379489292 0.1180925045529104 440
0.27949512613893729 0.1124871054355577 441
0.28170361147114059 0.1068360880452337 442
0.28379785414233361 0.1011417441460281 443
0.28577700485670099 0.095406383014075946 444
0.28764026098648299 0.08963233057510539 445
0.28938686689825632 0.083821928464509962 446
0.29101611427404322 0.0779775330305926 447
0.29252734238127842 0.072101514436577849 448
0.29391993835631042 0.066196255644303606 449
0.29519333744220988 0.06026415148688713 450
0.29634702322118861 0.05430760768664665 451
0.29738052782511348 0.048329039874230449 452
0.29829343212631598 0.042330872599232489 453
0.29908536590292478 0.036315538374430807 454
0.29975600799215207 0.03028547667317678 455
0.30030508642040871 0.024243132939972819 456
0.30073237851360668 0.018190957596142272 457
0.30103771098654769 0.01213140505865676 458
0.30122096001439619 0.0060669327278721919 459
0.22190844532589329 0.21314595493696059 460
0.22615558016861231 0.2086341529365319 461
0.23031099942190039 0.20403774101433569 462
0.2343730178735664 0.1993585832257708 463
0.23833998821588051 0.19459857715359979 464
0.24221030168301649 0.18975965317099339 465
0.24598238867584529 0.18484377369627811 466
0.24965471947738541 0.1798529322964334 467
0.25322580481007512 0.1747891529564955 468
0.25669419642219149 0.16965448928963461 469
0.2600584877587917 0.16445102358323491 470
0.2633173144531305 0.1591808660679932 471
0.26646935490126622 0.15384615403535479 472
0.269513330826535 0.14844905092238159 473
0.27244800777198203 0.14299174547521651 474
0.2752721955968479 0.13747645087164459 475
0.27798474898161929 0.13190540378089541 476
0.28058456786816971 0.1262808635035782 477
0.28307059791817929 0.1206051110327557 478
0.28544183095039521 0.1148804481043957 479
0.28769730533222032 0.1091091963015121 480
0.28983610635812002 0.10329369614913229 481
0.29185736666215523 0.097436306056926145 482
0.29376026653937981 0.091539401438403292 483
0.29554403427906362 0.085605373750986952 484
0.29720794649263371 0.079636629478050322 485
0.2987513283893849 0.073635589211822727 486
0.30017355406601381 0.067604686615457751 487
0.30147404674948608 0.061546367475968831 488
0.30265227903440112 0.055463088701255311 489
0.30370777309798419 0.049357317318362348 490
0.30464010089495758 0.043231529463045468 491
0.30544888432638828 0.037088209403673647 492
0.30613379539623797 0.03092984851728673 493
0.30669455634424531 0.024758944279121009 494
0.30713093975857553 0.018577999247123909 495
0.30744276866711151 0.012389520059904711 496
0.3076299166104467 0.0061960164029332644 497
0.2265315379368365 0.21758649566480151 498
0.2308671547554455 0.2129806977893644 499
0.23510914524317719 0.20828852728545641 500
0.2392557890792531 0.20351188704296361 501
0.24330540463703221 0.19865271417762301 502
0.2472563496347337 0.19371297927871281 503
0.25110702177324667 0.1886946856482748 504
0.2548558594664857 0.1835998683859339 505
0.25850134241027323 0.17843059364308109 506
0.26204199218097568 0.1731889578164944 507
0.26547637292042198 0.16787708657454509 508
0.2688030918375599 0.16249713411106981 509
0.27202079979503208 0.15705128224441861 510
0.27512819188541071 0.1515417394832588 511
0.27812400793388831 0.14597074017261161 512
0.28100703300510582 0.14034054359813231 513
0.28377609791872699 0.13465343302632629 514
0.28643007969874762 0.1289117148265653 515
0.28896790204146588 0.123117717512601 516
0.29138853576185347 0.11727379077323399 517
0.29369099919330027 0.11138230455779061 518
0.29587435857390659 0.1054456481522365 519
0.29793772846760952 0.099466229099776371 520
0.29988027209227658 0.09344647230170125 521
0.30170120165987108 0.087388819037464011 522
0.30339977871122431 0.0812957259255081 523
0.30497531439749159 0.075169663987067703 524
0.30642716977571732 0.069013117586612008 525
0.30775475605676228 0.062828583465050589 526
0.30895753484761351 0.056618569715864042 527
0.31003501837085512 0.050385594762494282 528
0.31098676966359923 0.044132186326858447 529
0.31181240274985189 0.037860880432916508 530
0.31251158280032398 0.031574220361396607 531
0.31308402626808168 0.025274755618269189 532
0.31352950100354449 0.018965040898105578 533
0.31384782634767538 0.012647635061152721 534
0.3140388732064972 0.0063251000779943663 535
0.23115463054777141 0.22202703639263441 536
0.23557872934227059 0.21732724264218939 537
0.23990729106444589 0.21253931355656991 538
0.24413856028493169 0.20766519086014959 539
0.24827082105817591 0.2027068512016397 540
0.25230239758644302 0.1976663053864261 541
0.25623165487064031 0.19254559760026571 542
0.26005699945557847 0.1873468044754289 543
0.26377688001046401 0.1820720343296616 544
0.26738978793975249 0.17672342634334939 545
0.27089425808204498 0.17130314956585091 546
0.27428886922198209 0.16581340215414209 547
0.27757224468879099 0.16025641045347841 548
0.28074305294427992 0.15463442804413249 549
0.28380000809578798 0.14894973487000329 550
0.28674187041335752 0.143204636324617 551
0.28956744685582869 0.13740146227175429 552
0.29227559152931959 0.1315425661495499 553
0.29486520616474721 0.125630323992444 554
0.29733524057330651 0.1196671334420701 555
0.29968469305437517 0.1136554128140671 556
0.30191261078968817 0.10759760015533899 557
0.30401809027305932 0.1014961521426251 558
0.30600027764516929 0.095353543164997862 559
0.30785836904067448 0.089172264323939876 560
0.30959161092981108 0.082954822372964851 561
0.31119930040559479 0.076703738762311735 562
0.31268078548541772 0.070421548557765459 563
0.3140354653640357 0.064110799454131687 564
0.3152627906608233 0.057774050730472301 565
0.31636226364372377 0.05141387220662591 566
0.31733343843223882 0.045032843190671169 567
0.31817592117331372 0.038633551462159077 568
0.31888937020440838 0.032218592205506338 569
0.31947349619191712 0.025790566957417271 570
0.31992806224851261 0.019352082549087189 571
0.32025288402823882 0.01290575006240067 572
0.32044782980254738 0.006454183753055516 573
0.23577772315871501 0.22646757712047569 574
0.24029030392910419 0.22167378749502231 575
0.24470543688572319 0.2167900998276909 576
0.24902133149061881 0.21181849467734279 577
0.253236237479328 0.20676098822566319 578
0.25734844553816072 0.2016196314941458 579
0.261356287968042 0.19639650955226259 580
0.26525813944467902 0.19109374056492959 581
0.26905241761066251 0.18571347501624741 582
0.27273758369853718 0.18025789487020941 583
0.27631214324367581 0.17472921255716151 584
0.27977464660641183 0.16912967019721889 585
0.28312368958255713 0.1634615386625424 586
0.28635791400315602 0.15772711660500979 587
0.28947600825769459 0.15192872956739839 588
0.29247670782161572 0.1460687290511048 589
0.29535879579293661 0.14014949151718531 590
0.29812110335989772 0.13417341747253711 591
0.30076251028803408 0.1281429304722895 592
0.30328194538476488 0.12206047611090839 593
0.30567838691545551 0.11592852107034569 594
0.30795086300547531 0.1097495521584433 595
0.310098452078514 0.10352607518547539 596
0.31212028319806651 0.097260614028295903 597
0.31401553642148211 0.090955709610416977 598
0.31578344314840179 0.084613918820422698 599
0.3174232864137016 0.078237813537556725 600
0.31893440119512129 0.071829979528919757 601
0.32031617467131218 0.065393015443213451 602
0.32156804647403597 0.058929531745080997 603
0.32268950891659481 0.05244214965075783 604
0.32368010720088058 0.045933500054484128 605
0.32453943959677739 0.039406222491402021 606
0.32526715760849451 0.032862964049616299 607
0.32586296611575372 0.026306378296565479 608
0.32632662349348152 0.019739124200068792 609
0.32665794170880269 0.01316386506364867 610
0.32685678639859778 0.0065832674281165607 611
0.24040081576965719 0.23090811784831569 612
0.24500187851593649 0.2260203323478541 613
0.24950358270699921 0.22104088609881101 614
0.2539041026963047 0.21597179849453491 615
0.258201653900479 0.21081512524968571 616
0.26239449348987709 0.20557295760186459 617
0.26648092106544252 0.20024742150425881 618
0.27045927943377862 0.1948406766544295 619
0.27432795521086012 0.1893549157028325 620
0.27808537945732048 0.18379236339706881 621
0.28173002840530542 0.1781552755484713 622
0.28526042399084039 0.17244593824029511 623
0.28867513447632198 0.16666666687160561 624
0.29197277506203112 0.16081980516588679 625
0.29515200841960021 0.15490772426479321 626
0.2982115452298732 0.14893282177759229 627
0.30115014473004359 0.1428975207626158 628
0.30396661519047502 0.13680426879552399 629
0.30665981441132018 0.13065553695213461 630
0.30922865019622259 0.1244538187797464 631
0.31167208077653491 0.11820162932662399 632
0.31398911522126122 0.1119015041615474 633
0.31617881388396779 0.1055559982283255 634
0.31824028875096311 0.099167684891593708 635
0.32017270380228918 0.092739154896893966 636
0.32197527536699211 0.086273015267880393 637
0.32364727242180791 0.079771888312801603 638
0.32518801690482457 0.073238410500073833 639
0.32659688397858821 0.066675231432295146 640
0.32787330228724809 0.060085012759689693 641
0.32901675418946541 0.05347042709488975 642
0.33002677596952212 0.046834156918297079 643
0.33090295802024078 0.04017889352064484 644
0.33164494501258018 0.033507335893726127 645
0.33225243603959009 0.026822189635713711 646
0.33272518473845042 0.02012616585105044 647
0.33306299938936651 0.013421980064896651 648
0.33326574299464851 0.0067123511031777182 649
0.24502390838059751 0.23534865857615389 650
0.24971345310276691 0.23036687720068391 651
0.25430172852827321 0.225291672369929 652
0.25878687390198851 0.2201251023117253 653
0.26316707032162789 0.21486926227370659 654
0.26744054144159157 0.20952628370958179 655
0.2716055541628411 0.20409833345625339 656
0.27566041942287622 0.198587612743928 657
0.27960349281105562 0.19299635638941631 658
0.28343317521610212 0.18732683192392691 659
0.2871479135669332 0.18158133853978001 660
0.29074620137526719 0.17576220628337019 661
0.29422657937008551 0.16987179508066799 662
0.29758763612090461 0.1639124937267627 663
0.30082800858150421 0.15788671896218709 664
0.30394638263812879 0.15179691450407901 665
0.30694149366714929 0.14564555000804569 666
0.30981212702105071 0.13943512011851031 667
0.31255711853460511 0.13316814343197919 668
0.3151753550076789 0.12684716144858391 669
0.31766577463761297 0.12047473758290179 670
0.32002736743704618 0.114053456164651 671
0.32225917568942058 0.10758592127117519 672
0.32436029430385849 0.10107475575489119 673
0.32632987118309531 0.094522600183370539 674
0.32816710758558121 0.087932111715337852 675
0.32987125842991338 0.08130596308804626 676
0.33144163261452703 0.074646841471227812 677
0.33287759328586353 0.06795744742137666 678
0.33417855810045971 0.061240493774298251 679
0.33534399946233551 0.05449870453902151 680
0.33637344473816322 0.047734813782109968 681
0.33726647644370378 0.040951564549887652 682
0.33802273241666558 0.034151707737835983 683
0.33864190596342642 0.027338000974861859 684
0.33912374598341888 0.020513207502032092 685
0.33946805706993022 0.013680095066144621 686
0.3396746995906989 0.0068414347782388184 687
0.24964700099154721 0.23978919930400111 688
0.25442502768960668 0.23471342205352261 689
0.25909987434955639 0.22954245864105549 690
0.26366964510768182 0.22427840612892361 691
0.268132486742786 0.21892339929773491 692
0.27248658939331499 0.21347960981730621 693
0.27673018726024867 0.2079492454082548 694
0.2808615594119826 0.2023345488334328 695
0.28487903041125978 0.19663779707600601 696
0.2887809709748923 0.19086130045079061 697
0.29256579872856919 0.18500740153109399 698
0.29623197875970209 0.17907847432645019 699
0.29977802426385669 0.17307692328973501 700
0.30320249717978559 0.16700518228764291 701
0.30650400874341571 0.16086571365958499 702
0.30968122004639193 0.15466100723056911 703
0.31273284260426171 0.14839357925347879 704
0.31565763885163323 0.14206597144149949 705
0.31845442265789609 0.13568074991182641 706
0.32112205981914138 0.1292405041174238 707
0.3236594684986972 0.1227478458391818 708
0.32606561965283648 0.1162054081677566 709
0.32833953749487871 0.1096158443140266 710
0.33048029985675897 0.10298182661819021 711
0.33248703856390588 0.096306045469848597 712
0.33435893980417492 0.089591208162796448 713
0.33609524443802269 0.082840037863291888 714
0.33769524832423298 0.076055272442382707 715
0.33915830259314211 0.069239663410458868 716
0.34048381391367438 0.06239597478890737 717
0.34167124473520832 0.055526981983153832 718
0.34272011350680631 0.04863547064592319 719
0.34362999486716878 0.041724235579130617 720
0.3444005198207527 0.034796079581945992 721
0.34503137588726368 0.027853812314010112 722
0.3455223072283885 0.020900249153013799 723
0.34587311475049448 0.01393821006739262 724
0.34608365618674952 0.0069705184532998926 725
0.25427009360249953 0.24422974003185069 726
0.25913660227644891 0.23905996690636341 727
0.2638980201708423 0.2337932449121842 728
0.26855241631337712 0.228431709946124 729
0.27309790316394639 0.2229775363217652 730
0.27753263734504102 0.21743293592503229 731
0.28185482035765858 0.2118001573602579 732
0.28606269940109119 0.20608148492293929 733
0.29015456801146622 0.20027923776259729 734
0.2941287667336846 0.1943957689776557 735
0.29798368389020741 0.18843346452240919 736
0.30171775614413898 0.18239474236953149 737
0.30532946915762987 0.17628205149880299 738
0.30881735823866879 0.17009787084852421 739
0.31218000890532888 0.1638447083569837 740
0.31541605745465662 0.15752509995706021 741
0.31852419154137612 0.15114160849891281 742
0.32150315068221719 0.1446968227644895 743
0.3243517267811889 0.1381933563916744 744
0.32706876463060552 0.13163384678626441 745
0.32965316235978259 0.12502095409546241 746
0.33210387186862839 0.11835736017086269 747
0.33441989930033811 0.11164576735687851 748
0.33660030540966063 0.1048888974814897 749
0.338644205944718 0.098089490756326919 750
0.34055077202276968 0.091250304610255323 751
0.34231923044613338 0.084374112638537793 752
0.34394886403394032 0.077463703413537671 753
0.34543901190042192 0.070521879399541271 754
0.34678906972688972 0.063551455803516621 755
0.34799849000808197 0.056555259427286182 756
0.3490667822754504 0.049536127509736488 757
0.34999351329063438 0.042496906608373769 758
0.35077830722484038 0.035440451426056063 759
0.35142084581110172 0.02836962365315842 760
0.35192086847335852 0.021287290803995509 761
0.35227817243105891 0.01419632506864062 762
0.35249261278280042 0.0070996021283610336 763
0.25889318621341922 0.24867028075966921 764
0.26384817686325901 0.2434065117591746 765
0.26869616599209623 0.2380440311832846 766
0.27343518751904122 0.23258501376329749 767
0.27806331958507569 0.22703167334577001 768
0.28257868529673602 0.2213862620327344 769
0.28697945345503811 0.21565106931223821 770
0.2912638393901702 0.20982842101242441 771
0.29543010561164351 0.20392067844916831 772
0.29947656249244808 0.19793023750450189 773
0.30340156905181759 0.1918595275137068 774
0.30720353352854862 0.18571101041259599 775
0.31088091405137652 0.17948717970785569 776
0.31443221929752568 0.17319055940939099 777
0.31785600906721689 0.16682370305436919 778
0.32115089486289689 0.16038919268353929 779
0.32431554047846672 0.1538896377443357 780
0.32734866251277889 0.14732767408746919 781
0.33024903090446001 0.1407059628715131 782
0.33301546944204868 0.13402718945509659 783
0.33564685622084828 0.12729406235173549 784
0.33814212408440142 0.1205093121739621 785
0.34050026110577952 0.1136756903997244 786
0.3427203109625454 0.1067959683447838 787
0.34480137332551403 0.099872936042800675 788
0.34674260424134962 0.092909401057710284 789
0.34854321645423009 0.085908187413780285 790
0.3502024797436345 0.078872134384689888 791
0.35171972120768991 0.071804095388621328 792
0.35309432554009479 0.06470693681812395 793
0.35432573528094619 0.057583536871417047 794
0.35541345104408623 0.050436784373548621 795
0.35635703171409278 0.043269577637616019 796
0.35715609462892201 0.036084823270165531 797
0.35781031573493483 0.02888543499230644 798
0.35831942971832481 0.021674332454977081 799
0.35868323011162118 0.01445444006988853 800
0.35890156937885009 0.0072286858034220853 801
0.26351627882437417 0.2531108214875214 802
0.26855975145010391 0.24775305661201791 803
0.27349431181338463 0.2422948174544155 804
0.27831795872473941 0.2367383175805001 805
0.28302873600623868 0.2310858103698025 806
0.28762473324846433 0.22533958814046251 807
0.29210408655245051 0.21950198126424311 808
0.29646497937928118 0.21357535710193259 809
0.30070564321185222 0.2075621191357612 810
0.30482435825124288 0.2014647060313686 811
0.30881945421345808 0.19528559050502359 812
0.31268931091298791 0.1890272784556786 813
0.31643235894515181 0.18269230791692501 814
0.32004708035641111 0.1762832479702735 815
0.32353200922913228 0.16980269775176909 816
0.3268857322711638 0.1632532854100314 817
0.33010688941558292 0.15663766698977061 818
0.33319417434336479 0.14995852541046009 819
0.33614633502775459 0.1432185693513619 820
0.33896217425351449 0.13642053212393779 821
0.34164055008193539 0.1295671706080167 822
0.34418037630019488 0.1226612641770687 823
0.34658062291124042 0.11570561344257679 824
0.3488403165154485 0.1087030392080837 825
0.35095854070632709 0.1016563813292793 826
0.35293443645994571 0.094568497505169491 827
0.35476720246234178 0.08744226218902644 828
0.35645609545334273 0.080280565355845171 829
0.35800043051497032 0.073086311377703925 830
0.35939958135331113 0.065862417832733347 831
0.36065298055382039 0.058611814315549501 832
0.36176011981273082 0.051337441237362037 833
0.36272055013755922 0.044042248666859192 834
0.36353388203301001 0.036729195114275658 835
0.36419978565877309 0.029401246331454751 836
0.36471799096329499 0.02206137410595882 837
0.36508828779218588 0.01471255507113654 838
0.36531052597490088 0.0073577694784831942 839
0.26813937143532901 0.25755136221537361 840
0.27327132603694881 0.25209960146486121 841
0.27829245763467308 0.24654560372554651 842
0.28320072993043738 0.24089162139770259 843
0.28799415242740178 0.23513994739383479 844
0.29267078120019258 0.22929291424819051 845
0.29722871964986269 0.22335289321624799 846
0.30166611936839233 0.21732229319144081 847
0.30598118081206099 0.21120355982235409 848
0.31017215401003728 0.2049991745582353 849
0.31423733937509851 0.19871165349634029 850
0.31817508829742691 0.1923435464987612 851
0.32198380383892711 0.1858974361259943 852
0.3256619414152962 0.17937593653115591 853
0.32920800939104772 0.17278169244916891 854
0.33262056967943038 0.16611737813652361 855
0.33589823835269911 0.15938569623520549 856
0.33903968617395092 0.15258937673345091 857
0.34204363915104907 0.14573117583121051 858
0.34490887906498041 0.1388138747927791 859
0.34763424394302261 0.13184027886429789 860
0.35021862851598828 0.12481321618017539 861
0.35266098471670132 0.1177355364854292 862
0.35496032206835171 0.11061011007138349 863
0.35711570808714038 0.1034398266157581 864
0.35912626867854158 0.096227593952628698 865
0.36099118847045347 0.088976336964272651 866
0.36270971116305067 0.08168899632700044 867
0.3642811398222508 0.074368527366786494 868
0.36570483716652741 0.067017898847342772 869
0.36698022582669487 0.05964009175968199 870
0.36810678858137552 0.05223809810117544 871
0.36908406856102532 0.044814919696102351 872
0.36991166943709819 0.037373566958385757 873
0.3705892555826113 0.02991705767060308 874
0.37111655220826512 0.022448415756940569 875
0.3714933454727507 0.01497067007238452 876
0.37171948257095189 0.0074868531535443039 877
0.27276246404625859 0.26199190294320129 878
0.27798290062376829 0.25644614631768109 879
0.2830906034559364 0.25079638999665521 880
0.28808350113611092 0.24504492521488411 881
0.29295956884854019 0.2391940844178472 882
0.29771682915189701 0.23324624035589989 883
0.30235335274725128 0.22720380516823521 884
0.30686725935747999 0.2210692292809322 885
0.31125671841224678 0.21484500050893121 886
0.31551994976880948 0.20853364308508721 887
0.3196552245367168 0.20213771648764309 888
0.32366086568184482 0.19565981454183079 889
0.32753524873268169 0.1891025643350516 890
0.33127680247416091 0.18246862509202719 891
0.3348840095529434 0.1757606871465584 892
0.33835540708767808 0.16898147086300611 893
0.34168958728979693 0.16213372548063171 894
0.34488519800451911 0.15522022805643371 895
0.34794094327432662 0.14824378231105201 896
0.35085558387642968 0.14120721746161369 897
0.35362793780409418 0.13411338712057319 898
0.35625688073176698 0.1269651681832768 899
0.35874134652214812 0.1197654595282769 900
0.36108032762124148 0.1125171809346793 901
0.36327287546794113 0.1052232719022332 902
0.36531810089712591 0.097886690400084797 903
0.36721517447855417 0.090510411739516142 904
0.36896332687274891 0.083097427298153448 905
0.37056184912952228 0.075650743355867245 906
0.37201009297973547 0.06817337986195067 907
0.37330747109956181 0.060668369203813299 908
0.37445345735001362 0.053138754964987933 909
0.37544758698448588 0.045587590725344837 910
0.37628945684118159 0.038017938802495418 911
0.37697872550644579 0.030432869009751121 912
0.37751511345323258 0.02283545740792213 913
0.37789840315331358 0.01522878507363247 914
0.37812843916700178 0.0076159368286053946 915
0.27738555665723719 0.26643244367107638 916
0.2826944752106369 0.26079269117054632 917
0.28788874927724822 0.25504717626780682 918
0.29296627234183198 0.24919822903210631 919
0.29792498526972622 0.2432482214418982 920
0.30276287710364791 0.23719956646364571 921
0.30747798584468572 0.2310547171202568 922
0.31206839934661279 0.22481616537045609 923
0.31653225601247709 0.21848644119553881 924
0.32086774552762498 0.2120681116119677 925
0.32507310969837788 0.20556377947897281 926
0.32914664306630392 0.19897608258492541 927
0.33308669362647642 0.19230769254413199 928
0.3368916635330651 0.18556131365292 929
0.34056000971487699 0.17873968184396791 930
0.3440902444959627 0.1718455635895072 931
0.34748093622693021 0.16488175472607469 932
0.35073070983512172 0.15785107937943199 933
0.35383824739763708 0.1507563887909075 934
0.3568022886879107 0.14360056013046121 935
0.35962163166519601 0.13638649537686001 936
0.36229513294757432 0.12911712018638841 937
0.36482170832762217 0.1217953825711337 938
0.36720033317415701 0.114424251797983 939
0.36943004284876602 0.10700671718871529 940
0.37150993311573272 0.099545786847547002 941
0.37343916048667603 0.092044486514764823 942
0.37521694258246652 0.084505858269310785 943
0.3768425584368113 0.076932959344951563 944
0.37831534879295942 0.069328860876561482 945
0.37963471637244289 0.061696646647946912 946
0.38080012611866432 0.054039411828802189 947
0.38181110540795721 0.046360261754588662 948
0.38266724424527399 0.038662310646605982 949
0.38336819543028772 0.030948680348899749 950
0.38391367469820531 0.023222499058904039 951
0.38430346083388012 0.015486900074880581 952
0.38453739576305362 0.0077450205036665529 953
0.2820086492682175 0.27087298439895291 954
0.287406049797507 0.26513923602341283 955
0.29268689509856149 0.25929796253895993 956
0.29784904354755481 0.25335153284932987 957
0.30289040169091358 0.24730235846595061 958
0.30780892505540008 0.2411528925713925 959
0.31260261894212182 0.23490562907227949 960
0.31726953933574731 0.2285631014599811 961
0.32180779361270873 0.22212788188214749 962
0.32621554128644192 0.21560258013884909 963
0.33049099486004008 0.20898984247030339 964
0.33463242045076458 0.20229235062802101 965
0.33863813852027291 0.1955128207532135 966
0.34250652459197067 0.18865400221381359 967
0.34623600987681202 0.1817186765413781 968
0.34982508190424849 0.17470965631600879 969
0.35327228516406489 0.16762978397151829 970
0.35657622166572539 0.1604819307024308 971
0.35973555152094883 0.15326899527076349 972
0.36274899349939282 0.14599390279930899 973
0.36561532552629877 0.13865960363314711 974
0.36833338516338249 0.13126907218950029 975
0.37090207013309712 0.1238253056139908 976
0.37332033872707338 0.1163313226612871 977
0.37558721022959168 0.1087901624751976 978
0.37770176533434019 0.1012048832950093 979
0.3796631464947986 0.093578561290013698 980
0.38147055829218462 0.085914289240468289 981
0.38312326774410099 0.078215175334036019 982
0.38462060460618391 0.07048434189117242 983
0.38596196164532459 0.062724924092080581 984
0.38714679488731529 0.054940068692616507 985
0.38817462383142881 0.047132932783832467 986
0.38904503164936649 0.03930668249071656 987
0.38975766535412959 0.031464491688048317 988
0.39031223594317821 0.02360954070988594 989
0.39070851851444649 0.015745015076128629 990
0.39094635235910552 0.0078741041787276488 991
0.28663174187916463 0.27531352512679758 992
0.29211762438434402 0.26948578087624903 993
0.29748504091984229 0.26354874881008411 994
0.3027318147532454 0.25750483666652602 995
0.30785581811206902 0.25135649548997679 996
0.31285497300712117 0.245106218679115 997
0.31772725203952679 0.23875654102427901 998
0.32247067932485129 0.23231003754948429 999
0.32708333121291061 0.22576932256873569 1000
0.33156333704522972 0.21913704866571129 1001
0.33590888002167391 0.21241590546161579 1002
0.34011819783519731 0.20560861867109961 1003
0.34418958341404171 0.1987179489622791 1004
0.34812138565084971 0.19174669077469261 1005
0.35191201003872152 0.18469767123877481 1006
0.35555991931250941 0.17757374904249809 1007
0.35906363410117531 0.17037781321695061 1008
0.36242173349630602 0.16311278202541921 1009
0.36563285564423809 0.15578160175061001 1010
0.36869569831085369 0.1483872454681483 1011
0.37160901938738111 0.14093271188942649 1012
0.37437163737917151 0.1334210241926054 1013
0.37698243193855369 0.12585522865684179 1014
0.37944034427997247 0.11823839352458571 1015
0.3817443776104012 0.1105736077616752 1016
0.38389359755293267 0.1028639797424676 1017
0.38588713250290702 0.095112636065259007 1018
0.38772417400188969 0.087322720211622892 1019
0.38940397705137858 0.079497391323118047 1020
0.39092586041939781 0.071639822905781358 1021
0.39228920691819669 0.063753201536212695 1022
0.39349346365595811 0.055840725556429632 1023
0.39453814225489342 0.047905603813075452 1024
0.39542281905345328 0.039951054334826527 1025
0.39614713527796669 0.031980303027196642 1026
0.39671079718814761 0.02399658236086756 1027
0.39711357619501081 0.016003130077376582 1028
0.39735530895515631 0.0080031878537887187 1029
0.29125483449014161 0.279754065854671 1030
0.29682919897121102 0.27383232572911248 1031
0.30228318674115251 0.26779953508123427 1032
0.30761458595896513 0.2616581404837468 1033
0.31282123453325328 0.25541063251402651 1034
0.31790102095887057 0.24905954478685949 1035
0.32285188513695978 0.2426074529762994 1036
0.32767181931398259 0.2360569736390071 1037
0.33235886881313931 0.22941076325534229 1038
0.33691113280404372 0.22267151719259079 1039
0.34132676518333338 0.2158419684529447 1040
0.34560397521965502 0.2089248867141934 1041
0.34974102830783532 0.20192307717135899 1042
0.35373624670975251 0.19483937933558479 1043
0.35758801020065389 0.1876766659361836 1044
0.3612947567207927 0.18043784176899849 1045
0.36485498303830749 0.17312584246239299 1046
0.36826724532690752 0.16574363334841699 1047
0.37153015976754761 0.15829420823046511 1048
0.37464240312233371 0.15078058813699519 1049
0.37760271324848182 0.1432058201457129 1050
0.3804098895949779 0.13557297619571659 1051
0.38306279374402691 0.12788515169969819 1052
0.38556034983288712 0.1201454643878891 1053
0.3879015449912252 0.1123570530481571 1054
0.39008542977153893 0.10452307618992961 1055
0.39211111851102798 0.096646710840507549 1056
0.39397778971160652 0.088731151182780105 1057
0.39568468635866699 0.080779607312202253 1058
0.39723111623262108 0.072795303920392102 1059
0.39861645219107739 0.064781478980346252 1060
0.39984013242460831 0.056741382420243819 1061
0.40090166067836419 0.048678274842319187 1062
0.4018006064575454 0.040595426178937043 1063
0.40253660520180817 0.032496114366345218 1064
0.40310935843312018 0.024383624011849521 1065
0.40351863387557718 0.016261245078624659 1066
0.40376426555120792 0.008132271528849877 1067
0.29587792710112348 0.28419460658254919 1068
0.30154077355808268 0.2781788705819806 1069
0.30708133256246739 0.27205032135238871 1070
0.31249735716468952 0.2658114443009717 1071
0.31778665095444242 0.25946476953808012 1072
0.32294706891062458 0.25301287089460772 1073
0.32797651823439727 0.24645836492832329 1074
0.33287295930311828 0.2398039097285331 1075
0.33763440641337239 0.233052203941952 1076
0.34225892856286227 0.22620598571947331 1077
0.34674465034499719 0.2192680314442762 1078
0.35108975260411712 0.2122411547572898 1079
0.35529247320163287 0.20512820538044099 1080
0.35935110776865919 0.19793206789647899 1081
0.36326401036259032 0.19065566063359449 1082
0.36702959412907971 0.18330193449550081 1083
0.3706463319754435 0.17587387170783719 1084
0.37411275715751252 0.16837448467141641 1085
0.37742746389086029 0.16080681471032149 1086
0.38058910793381667 0.15317393080584349 1087
0.38359640710958581 0.14547892840200041 1088
0.38644814181078713 0.13772492819882889 1089
0.38914315554950268 0.12991507474255559 1090
0.39168035538580431 0.1220525352511934 1091
0.3940587123720517 0.1141404983346397 1092
0.39627726199014718 0.1061821726373921 1093
0.39833510451915111 0.09818078561575655 1094
0.40023140542132518 0.090139582153937747 1095
0.40196539566595729 0.082061823301286835 1096
0.40353637204584608 0.073950784935003094 1097
0.40494369746395942 0.065809756424480004 1098
0.40618680119325978 0.057642039284058193 1099
0.40726517910183652 0.049450945871563103 1100
0.40817839386163862 0.041239798023047752 1101
0.40892607512565038 0.03301192570549389 1102
0.4095079196780933 0.024770665662831429 1103
0.40992369155614378 0.01651936007987282 1104
0.41017322214725987 0.0082613552039109712 1105
0.30050101971207061 0.28863514731039391 1106
0.30625234814491981 0.28252541543481668 1107
0.31187947838374819 0.27630110762351279 1108
0.31738012837037999 0.2699647481181679 1109
0.32275206737559797 0.26351890656210653 1110
0.32799311686234539 0.25696619700233009 1111
0.33310115133180251 0.2503092768803229 1112
0.33807409929222249 0.24355084581803621 1113
0.34290994401357422 0.23669364462854001 1114
0.34760672432165002 0.22974045424633549 1115
0.35216253550663112 0.2226940944355886 1116
0.35657552998854958 0.21555742280036841 1117
0.36084391809540201 0.2083333335895067 1118
0.36496596882753818 0.20102475645735809 1119
0.36894001052449948 0.19363465533099111 1120
0.37276443153734068 0.18616602722198999 1121
0.37643768091255397 0.17862190095326949 1122
0.37995826898809298 0.17100533599440471 1123
0.38332476801414972 0.16331942119016801 1124
0.3865358127452776 0.15556727347468269 1125
0.38959010097066799 0.1477520366582798 1126
0.39248639402657598 0.13987688020193401 1127
0.39522351735495931 0.13194499778540669 1128
0.39780036093870341 0.123959606114492 1129
0.40021587975286099 0.1159239436211173 1130
0.40246909420873972 0.10784126908485039 1131
0.40455909052725941 0.099714860391001914 1132
0.40648502113103041 0.091548013125092281 1133
0.4082461049732351 0.083344039290368849 1134
0.40984162785905992 0.075106265949612019 1135
0.41127094273683168 0.066838033868612118 1136
0.41253346996190238 0.058542696147871338 1137
0.41362869752530079 0.050223616900806053 1138
0.41455618126572491 0.041884169867157713 1139
0.41531554504948748 0.033527737044642153 1140
0.41590648092306259 0.02515770731381313 1141
0.41632874923670787 0.01677747508112077 1142
0.41658217874331038 0.0083904388789721104 1143
0.30512411232306341 0.29307568803828238 1144
0.31096392273180218 0.28687196028769463 1145
0.31667762420507373 0.28055189389467672 1146
0.32226289957611493 0.27411805193540179 1147
0.32771748379679722 0.26757304358616851 1148
0.33303916481410972 0.2609195231100862 1149
0.33822578442924989 0.25416018883235431 1150
0.34327523928136822 0.24729778190756951 1151
0.34818548161381713 0.24033508531515649 1152
0.3529545200804779 0.2332749227732242 1153
0.3575804206683042 0.22612015742692601 1154
0.36206130737302078 0.21887369084347019 1155
0.3663953629892085 0.21153846179859401 1156
0.37058082988645358 0.20411744501825721 1157
0.3746160106864444 0.1966136500284065 1158
0.3784992689456359 0.18903011994849639 1159
0.38222902984969759 0.18136993019871739 1160
0.38580378081870548 0.17363618731740749 1161
0.38922207213746962 0.16583202767002761 1162
0.39248251755676772 0.15796061614353379 1163
0.39558379483177841 0.15002514491456981 1164
0.39852464624239159 0.14202883220504861 1165
0.40130387916044108 0.13397492082826601 1166
0.40392036649162621 0.12586667697779799 1167
0.40637304713369282 0.11770738890760141 1168
0.40866092642735302 0.10950036553231431 1169
0.41078307653538731 0.10124893516625209 1170
0.41273863684075318 0.092956444096250909 1171
0.41452681428052918 0.084626255279454235 1172
0.41614688367228853 0.076261746964223692 1173
0.41759818800971688 0.067866311312746341 1174
0.41888013873055657 0.059443353011686073 1175
0.41999221594877528 0.050996287930050219 1176
0.42093396866982002 0.04252854171126845 1177
0.42170501497333118 0.034043548383790929 1178
0.4223050421680371 0.025544748964795121 1179
0.42273380691727558 0.0170355900823689 1180
0.42299113533936272 0.008519522554033248 1181
0.30974720493405089 0.29751622876616612 1182
0.31567549731867978 0.29121850514056807 1183
0.32147577002639449 0.28480268016583632 1184
0.32714567078184498 0.27827135575263151 1185
0.33268290021799179 0.27162718061022662 1186
0.33808521276586923 0.26487284921783871 1187
0.3433504175266931 0.25801110078438239 1188
0.34847637927050951 0.25104471799709949 1189
0.35346101921405548 0.24397652600176981 1190
0.3583023158393015 0.23680939130011 1191
0.36299830582997289 0.2295462204182607 1192
0.3675470847574876 0.22218995888656959 1193
0.37194680788301082 0.2147435900076789 1194
0.37619569094536498 0.20721013357915399 1195
0.38029201084838499 0.1995926447258197 1196
0.3842341063539273 0.19189421267500081 1197
0.38802037878683748 0.18411795944416359 1198
0.39164929264931447 0.17626703864040849 1199
0.3951193762607863 0.16834463414988571 1200
0.39842922236825462 0.1603539588123836 1201
0.40157748869288579 0.15229825317085871 1202
0.40456289845820409 0.14418078420816199 1203
0.40738424096592019 0.13600484387112449 1204
0.41004037204454657 0.12777374784110329 1205
0.4125302145145221 0.1194908341940847 1206
0.41485275864596388 0.1111594619797775 1207
0.41700706254351289 0.1027830099415017 1208
0.41899225255047451 0.094364875067409065 1209
0.42080752358782142 0.085908471268539219 1210
0.42245213948551552 0.077417227978835032 1211
0.42392543328260063 0.068894588756880398 1212
0.4252268074992096 0.060344009875500662 1213
0.42635573437224839 0.051768958959294252 1214
0.42731175607391397 0.043172913555379173 1215
0.42809448489717428 0.034559359722939567 1216
0.42870360341301078 0.025931790615776992 1217
0.42913886459784267 0.017293705083617009 1218
0.42940009193541501 0.0086486062290944184 1219
0.3143702975449767 0.3019567694939902 1220
0.32038707190549559 0.29556504999338451 1221
0.32627391584765408 0.28905346643694169 1222
0.33202844198751458 0.28242465956980972 1223
0.3376483166391267 0.27568131763423592 1224
0.34313126071756989 0.26882617532554531 1225
0.34847505062407791 0.26186201273636672 1226
0.35367751925959368 0.25479165408658833 1227
0.35873655681423777 0.2476179666883444 1228
0.36365011159807031 0.24034385982695969 1229
0.36841619099158801 0.23297228340956139 1230
0.37303286214190212 0.2255062269296372 1231
0.37749825277676202 0.21794871821673431 1232
0.38181055200422692 0.21030282214002349 1233
0.38596801101027761 0.20257163942320749 1234
0.38996894376217212 0.1947583054014819 1235
0.39381172772393241 0.1868659886895884 1236
0.39749480447988 0.17889788996339029 1237
0.40101668038406141 0.1708572406297261 1238
0.40437592717970161 0.1627473014812173 1239
0.40757118255395502 0.1545713614271331 1240
0.41060115067398067 0.14633273621126269 1241
0.41346460277136482 0.13803476691397151 1242
0.41616037759743429 0.12968081870439829 1243
0.41868738189532101 0.1212742794805593 1244
0.4210445908645466 0.11281855842723321 1245
0.42323104855161198 0.10431708471674481 1246
0.42524586826017091 0.095773306038561754 1247
0.42708823289509151 0.087190687257619678 1248
0.42875739529872231 0.07857270899344275 1249
0.43025267855546651 0.069922866201011527 1250
0.43157347626784681 0.061244666739313031 1251
0.43271925279570822 0.052541629988536648 1252
0.43368954347799682 0.043817285399488828 1253
0.43448395482100821 0.035075171062087643 1254
0.4351021646579778 0.026318832266758619 1255
0.43554392227840522 0.017551820084864899 1256
0.43580904853146468 0.0087776899041554692 1257
0.31899339015596612 0.3063973102218755 1258
0.3250986464923748 0.29991159484625962 1259
0.3310720616689764 0.29330425270810268 1260
0.33691121319324652 0.28657796338704089 1261
0.34261373306032278 0.27973545465829541 1262
0.34817730866933078 0.27277950143329888 1263
0.35359968372152251 0.26571292468839591 1264
0.35887865924873641 0.25853859017611941 1265
0.36401209441447779 0.25125940737495889 1266
0.3689979073568953 0.2438783283538464 1267
0.37383407615325842 0.23639834640089691 1268
0.37851863952637049 0.22882249497273741 1269
0.38304969767056579 0.22115384642581989 1270
0.38742541306313938 0.21339551070092111 1271
0.39164401117221992 0.20555063412062149 1272
0.39570378117046467 0.19762239812798699 1273
0.39960307666107381 0.18961401793503521 1274
0.40334031631049022 0.18152874128639199 1275
0.40691398450737909 0.1733698471095847 1276
0.41032263199118962 0.16514064415006749 1277
0.41356487641506329 0.15684446968342239 1278
0.41663940288979417 0.14848468821437641 1279
0.41954496457684493 0.1400646899568303 1280
0.42228038315035549 0.1315878895677039 1281
0.42484454927615117 0.12305772476704289 1282
0.42723642308315829 0.1144776548746966 1283
0.42945503455973849 0.1058511594919946 1284
0.43149948396989252 0.097181737009720062 1285
0.4333689422023842 0.088472903246704773 1286
0.43506265111194981 0.079728190008054131 1287
0.43657992382835081 0.070951143645145653 1288
0.43792014503650017 0.062145323603127661 1289
0.43908277121918199 0.05331430101778073 1290
0.44006733088209121 0.044461657243599573 1291
0.44087342474485153 0.035590982401236322 1292
0.44150072590295192 0.02670587391774059 1293
0.44194897995897259 0.01780993508611305 1294
0.44221800512751691 0.008906773579216605 1295
0.3236164827669572 0.31083785094976241 1296
0.32981022107925551 0.3042581396991359 1297
0.33587020749030028 0.29755503897926522 1298
0.34179398439897951 0.29073126720427328 1299
0.34757914948152058 0.28378959168235618 1300
0.3532233566210935 0.27673282754105383 1301
0.35872431681896849 0.26956383664042632 1302
0.36407979923788081 0.26228552626565149 1303
0.36928763201471931 0.2549008480615742 1304
0.37434570311572168 0.2474127968807342 1305
0.37925196131492978 0.23982440939223351 1306
0.38400441691084009 0.23213876301583841 1307
0.38860114256437078 0.22435897463490639 1308
0.39304027412205361 0.2164881992618195 1309
0.39732001133416311 0.20852962881803599 1310
0.40143861857875862 0.20048649085449269 1311
0.40539442559821609 0.19236204718048261 1312
0.40918582814110138 0.1841595926093941 1313
0.41281128863069788 0.17588245358944371 1314
0.41626933680267858 0.1675339868189181 1315
0.41955857027617272 0.15911757793971201 1316
0.42267765510560878 0.15063664021749071 1317
0.42562532638232581 0.14209461299968931 1318
0.4284003887032774 0.13349496043100961 1319
0.43100171665698223 0.1248411700535268 1320
0.43342825530177098 0.11613675132216029 1321
0.43567902056786562 0.1073852342672446 1322
0.43775309967961512 0.098590167980878496 1323
0.43964965150967772 0.089755119235790007 1324
0.44136790692517758 0.080883671022665762 1325
0.44290716910123551 0.071979421089279835 1326
0.44426681380515398 0.063045980466942361 1327
0.44544628964265592 0.054086972047024853 1328
0.44644511828618572 0.045106029087710282 1329
0.44726289466869518 0.036106793740385168 1330
0.44789928714792582 0.027092915568722561 1331
0.44835403763953968 0.0180680500873612 1332
0.4486269617235692 0.0090358572542777391 1333
0.32823957537788279 0.31527839167758648 1334
0.33452179566607132 0.30860468455195228 1335
0.34066835331155992 0.30180582525037059 1336
0.34667675560464928 0.29488457102145171 1337
0.35254456590265548 0.28784372870636571 1338
0.35826940457279399 0.28068615364876032 1339
0.36384894991635353 0.27341474859241061 1340
0.36928093922696481 0.26603246235514028 1341
0.37456316961490171 0.25854228874814889 1342
0.37969349887449061 0.25094726540758377 1343
0.38466984647654501 0.2432504723835342 1344
0.38949019429525461 0.235455031058906 1345
0.39415258745812232 0.22756410284396189 1346
0.39865513518091561 0.219580887822689 1347
0.40299601149605591 0.2115086235154239 1348
0.40717345598700339 0.20335058358097399 1349
0.41118577453531102 0.1951100764259073 1350
0.41503133997166702 0.18679044393237579 1351
0.41870859275397271 0.1783950600692841 1352
0.42221604161412563 0.1699273294877518 1353
0.42555226413724201 0.1613906861959864 1354
0.42871590732138509 0.1527885922205913 1355
0.43170568818777061 0.14412453604253631 1356
0.43452039425616512 0.1354020312943047 1357
0.43715888403778108 0.12662461534000141 1358
0.43962008752035342 0.11779584776961589 1359
0.44190300657596471 0.1089193090424877 1360
0.44400671538931158 0.09999859895203117 1361
0.4459303608169477 0.091037335224870453 1362
0.44767316273838448 0.082039152037273438 1363
0.44923441437410128 0.073007698533411006 1364
0.45061348257379108 0.063946637330754716 1365
0.45180980806611581 0.054859643076267242 1366
0.45282290569026851 0.045750400931819847 1367
0.45365236459252911 0.036622605079533153 1368
0.45429784839289289 0.027479957219704108 1369
0.45475909532010239 0.018326165088609091 1370
0.45503591831961898 0.0091649409293388662 1371
0.33286266798889053 0.31971893240548932 1372
0.33923337025296851 0.31295122940484399 1373
0.34546649913290028 0.30605661152154751 1374
0.3515595268103987 0.29903787483869793 1375
0.35750998232386921 0.29189786573043952 1376
0.36331545252457242 0.28463947975652759 1377
0.36897358301381511 0.27726566054445251 1378
0.37448207921612431 0.26977939844468352 1379
0.37983870721515778 0.26218372943477458 1380
0.3850412946333317 0.25448173393448131 1381
0.39008773163823102 0.24667653537487971 1382
0.39497597167973819 0.23877129910201539 1383
0.39970403235194102 0.23076923105305619 1384
0.40426999623984261 0.22267357638359461 1385
0.40867201165801209 0.21448761821284529 1386
0.41290829339530971 0.2062146763074858 1387
0.41697712347246552 0.19785810567136039 1388
0.4208768518022899 0.1894212952553832 1389
0.42460589687730282 0.18090766654914789 1390
0.4281627464256253 0.17232067215660671 1391
0.43154595799836137 0.16366379445227991 1392
0.43475415953720947 0.15494054422370901 1393
0.43778604999326048 0.14615445908539851 1394
0.44064039980909597 0.13730910215761319 1395
0.44331605141862018 0.1284080606264876 1396
0.44581191973897361 0.11945494421708169 1397
0.44812699258409883 0.11045338381773941 1398
0.4502603310990404 0.1014070299231911 1399
0.45221107012424699 0.092319551213956907 1400
0.45397841855161769 0.083194633051885972 1401
0.45556165964699091 0.074035975977545937 1402
0.45696015134244938 0.064847294194570013 1403
0.4581733264895933 0.055632314105511803 1404
0.45920069309436629 0.046394772775930959 1405
0.46004183451637509 0.037138416418682117 1406
0.46069640963786879 0.027866998870686201 1407
0.46116415300067087 0.0185842800898573 1408
0.46144487491567188 0.0092940246043999742 1409
0.33748576059988472 0.32415947313337928 1410
0.3439449448398525 0.31729777425772332 1411
0.35026464495422738 0.31030739779271282 1412
0.35644229801613508 0.30319117865593298 1413
0.36247539874507012 0.29595200275450267 1414
0.36836150047633831 0.28859280586428521 1415
0.37409821611126443 0.2811165724964852 1416
0.37968321920527159 0.27352633453421782 1417
0.38511424481540241 0.26582517012139212 1418
0.39038909039216108 0.25801620246137091 1419
0.39550561679990559 0.25010259836621801 1420
0.40046174906421089 0.2420875671451182 1421
0.4052554772457489 0.2339743592621443 1422
0.40988485729875951 0.22576626494449439 1423
0.41434801181995812 0.2174666129102612 1424
0.41864313080360599 0.2090787690339927 1425
0.42276847240961041 0.2006061349168089 1426
0.42672236363290372 0.19205214657838651 1427
0.43050320100062378 0.18342027302900779 1428
0.43410945123711642 0.1747140148254582 1429
0.43753965185947302 0.16593690270857031 1430
0.44079241175302591 0.15709249622682381 1431
0.44386641179874331 0.14818438212825821 1432
0.44676040536201961 0.1392161730209194 1433
0.44947321879945262 0.13019150591297191 1434
0.45200375195758757 0.1211140406645457 1435
0.45435097859222728 0.1119874585929897 1436
0.45651394680876412 0.1028154608943499 1437
0.45849177943154179 0.093601767203042419 1438
0.4602836743648468 0.0843501140664977 1439
0.4618889049198765 0.075064253421680258 1440
0.46330682011110391 0.065747951058384824 1441
0.46453684491306813 0.05640498513475601 1442
0.46557848049846151 0.047039144620041787 1443
0.46643130444021907 0.037654227757830928 1444
0.4670949708828433 0.028254040521668199 1445
0.46756921068123858 0.018842395091105382 1446
0.46785383151172422 0.0094231082794611135 1447
0.34210885321081169 0.32860001386120469 1448
0.34865651942666981 0.32164431911054109 1449
0.3550627907754883 0.31455818406381941 1450
0.36132506922180613 0.30734448247311258 1451
0.3674408151662063 0.30000613977851309 1452
0.37340754842804008 0.29254613197199242 1453
0.37922284920865063 0.28496748444847048 1454
0.38488435919435698 0.27727327062370738 1455
0.39038978241558592 0.26946661080796758 1456
0.39573688615093111 0.26155067098822132 1457
0.40092350196152199 0.2535286613575195 1458
0.40594752644862647 0.24540383518818651 1459
0.4108069221395011 0.23717948747120021 1460
0.41549971835762223 0.2288589535053645 1461
0.42002401198185157 0.2204456076076497 1462
0.42437796821185197 0.21194286176047439 1463
0.42855982134670628 0.20335416416223431 1464
0.43256787546346992 0.19468299790136839 1465
0.43640050512389961 0.18593287950884871 1466
0.4400561560485643 0.17710735749429221 1467
0.44353334572054298 0.16821001096484511 1468
0.446830663968803 0.1592444482299247 1469
0.44994677360418872 0.15021430517110551 1470
0.45288041091490799 0.14112324388421471 1471
0.45563038618025231 0.13197495119944669 1472
0.45819558417617079 0.12277313711200161 1473
0.4605749646003271 0.1135215333682329 1474
0.46276756251846107 0.1042238918655026 1475
0.46477248873881227 0.094883983192122934 1476
0.4665889301780542 0.085505595081105487 1477
0.46821615019274282 0.076092530865811456 1478
0.46965348887974151 0.066648607922197234 1479
0.47090036333652818 0.05717765616399844 1480
0.4719562679025443 0.047683516464151469 1481
0.47282077436405312 0.038170039096978838 1482
0.47349353212781042 0.028641082172649761 1483
0.47397426836180118 0.01910051009235331 1484
0.47426278810777422 0.0095521919545222024 1485
0.34673194582181482 0.33304055458910298 1486
0.35336809401356217 0.32599086396342841 1487
0.35986093659682389 0.318808970334992 1488
0.366207840427551 0.31149778629035491 1489
0.37240623158741532 0.30406027680258307 1490
0.37845359637981402 0.2964994580797562 1491
0.3843474823061076 0.2888183964005091 1492
0.39008549918351232 0.28102020671324751 1493
0.39566532001583787 0.27310805149459039 1494
0.40108468190976809 0.26508513951511609 1495
0.40634138712320389 0.25695472434886252 1496
0.41143330383310622 0.24872010323129359 1497
0.41635836703331602 0.24038461568029229 1498
0.4211145794165459 0.23195164206626809 1499
0.42570001214380432 0.22342460230506911 1500
0.43011280562015469 0.21480695448698461 1501
0.43435117028385722 0.20610219340768571 1502
0.43841338729408952 0.19731384922437431 1503
0.44229780924722661 0.18844548598871111 1504
0.44600286086006102 0.1795007001631459 1505
0.44952703958165968 0.1704831192211374 1506
0.4528689161846246 0.1613964002330413 1507
0.45602713540967621 0.15224422821396669 1508
0.45900041646783629 0.1430303147475224 1509
0.46178755356108908 0.13375839648593221 1510
0.46438741639478892 0.1244322335594667 1511
0.46679895060845927 0.1150556081434841 1512
0.46902117822818817 0.1056323228366621 1513
0.4710531980461099 0.096166199181209042 1514
0.47289418599128602 0.086661076095717743 1515
0.47454339546563101 0.07712080830994622 1516
0.47600015764839809 0.067549264786012364 1517
0.47726388176000478 0.057950327193242883 1518
0.47833405530664119 0.048327888308262387 1519
0.47921024428789849 0.038685850436127753 1520
0.47989209337278588 0.029028123823631811 1521
0.48037932604236949 0.019358625093601461 1522
0.48067174470382679 0.0096812756295833087 1523
0.35135503843280758 0.33748109531699177 1524
0.35807966860044488 0.33033740881630658 1525
0.36465908241814982 0.32305975660615632 1526
0.37109061163328622 0.31565109010758891 1527
0.37737164800861522 0.30811441382664551 1528
0.38349964433157863 0.30045278418751259 1529
0.38947211540355547 0.29266930835254068 1530
0.39528663917265838 0.28476714280278098 1531
0.40094085761608111 0.27674949218120698 1532
0.40643247766859619 0.26861960804200502 1533
0.41175927228487719 0.26038078734020009 1534
0.41691908121757743 0.2520363712743956 1535
0.42190981192712268 0.24358974388937979 1536
0.42672944047546152 0.23504433062716731 1537
0.43137601230574912 0.22640359700248441 1538
0.43584764302845008 0.21767104721349101 1539
0.44014251922100112 0.20885022265313369 1540
0.44425889912470218 0.1999447005473772 1541
0.44819511337054668 0.19095809246857079 1542
0.45194956567155131 0.18189404283199709 1543
0.45552073344277028 0.1727562274774275 1544
0.45890716840044038 0.16354835223615591 1545
0.46210749721515798 0.15427415125682609 1546
0.46512042202075948 0.1449373856108285 1547
0.46794472094192108 0.1355418417724164 1548
0.47057924861340228 0.1260913300069306 1549
0.47302293661658701 0.1165896829187343 1550
0.47527479393791122 0.1070407538078208 1551
0.47733390735340409 0.097448415170294414 1552
0.47919944180451451 0.087816557110329402 1553
0.48087064073851621 0.078149085754080444 1554
0.48234682641705262 0.068449921649827147 1555
0.48362740018347922 0.058722998222487062 1556
0.48471184271073631 0.048972260152373208 1557
0.48559971421174231 0.039201661775276599 1558
0.48629065461776028 0.02941516547461381 1559
0.4867843837229372 0.019616740094849591 1560
0.48708070129987913 0.0098103593046444861 1561
0.35597813104371973 0.34192163604480258 1562
0.3627912431872472 0.33468395366911052 1563
0.36945722823939592 0.32731054287724959 1564
0.37597338283894233 0.31980439392475568 1565
0.38233706442973658 0.3121685508506441 1566
0.38854569228326602 0.3044061102952087 1567
0.39459674850092769 0.29652022030451558 1568
0.40048777916172978 0.28851407889226072 1569
0.40621639521625108 0.28039093286777311 1570
0.41178027342735268 0.27215407656884649 1571
0.41717715744648037 0.26380685033149309 1572
0.42240485860198029 0.25535263931745611 1573
0.42746125682086272 0.24679487209842871 1574
0.43234430153431208 0.23813701918803071 1575
0.43705201246763109 0.22938259169986669 1576
0.44158248043668452 0.2205351399399669 1577
0.44593386815808611 0.21159825189855369 1578
0.45010441095525822 0.2025755518703545 1579
0.45409241749381241 0.1934706989484071 1580
0.45789627048298931 0.1842873855008271 1581
0.46151442730383102 0.17502933573369869 1582
0.46494542061620853 0.16570030423925361 1583
0.46818785902059529 0.15630407429967061 1584
0.47124042757363988 0.14684445647412139 1585
0.47410188832271311 0.13732528705888891 1586
0.47677108083197839 0.1277504264543845 1587
0.47924692262468033 0.118123757693976 1588
0.48152840964760252 0.1084491847789722 1589
0.48361461666066929 0.098730631159373874 1590
0.48550469761771697 0.088972038124936259 1591
0.48719788601137831 0.079177363198210962 1592
0.48869349518568628 0.069350578513639016 1593
0.48999091860693611 0.05949566925172909 1594
0.49108963011481632 0.049616631996482523 1595
0.49198918413557441 0.039717473114424459 1596
0.49268921586272579 0.029802207125595261 1597
0.49318944140349869 0.019874855096097481 1598
0.49348965789592852 0.0099394429797055664 1599
NMARK= 4
MARKER_TAG= inlet
MARKER_ELEMS= 39
3 0 4
3 4 5
3 5 6
3 6 7
3 7 8
3 8 9
3 9 10
3 10 11
3 11 12
3 12 13
3 13 14
3 14 15
3 15 16
3 16 17
3 17 18
3 18 19
3 19 20
3 20 21
3 21 22
3 22 23
3 23 24
3 24 25
3 25 26
3 26 27
3 27 28
3 28 29
3 29 30
3 30 31
3 31 32
3 32 33
3 33 34
3 34 35
3 35 36
3 36 37
3 37 38
3 38 39
3 39 40
3 40 41
3 41 3
MARKER_TAG= outlet
MARKER_ELEMS= 39
3 1 42
3 42 43
3 43 44
3 44 45
3 45 46
3 46 47
3 47 48
3 48 49
3 49 50
3 50 51
3 51 52
3 52 53
3 53 54
3 54 55
3 55 56
3 56 57
3 57 58
3 58 59
3 59 60
3 60 61
3 61 62
3 62 63
3 63 64
3 64 65
3 65 66
3 66 67
3 67 68
3 68 69
3 69 70
3 70 71
3 71 72
3 72 73
3 73 74
3 74 75
3 75 76
3 76 77
3 77 78
3 78 79
3 79 2
MARKER_TAG= per1
MARKER_ELEMS= 39
3 0 80
3 80 81
3 81 82
3 82 83
3 83 84
3 84 85
3 85 86
3 86 87
3 87 88
3 88 89
3 89 90
3 90 91
3 91 92
3 92 93
3 93 94
3 94 95
3 95 96
3 96 97
3 97 98
3 98 99
3 99 100
3 100 101
3 101 102
3 102 103
3 103 104
3 104 105
3 105 106
3 106 107
3 107 108
3 108 109
3 109 110
3 110 111
3 111 112
3 112 113
3 113 114
3 114 115
3 115 116
3 116 117
3 117 1
MARKER_TAG= per2
MARKER_ELEMS= 39
3 3 118
3 118 119
3 119 120
3 120 121
3 121 122
3 122 123
3 123 124
3 124 125
3 125 126
3 126 127
3 127 128
3 128 129
3 129 130
3 130 131
3 131 132
3 132 133
3 133 134
3 134 135
3 135 136
3 136 137
3 137 138
3 138 139
3 139 140
3 140 141
3 141 142
3 142 143
3 143 144
3 144 145
3 145 146
3 146 147
3 147 148
3 148 149
3 149 150
3 150 151
3 151 152
3 152 153
3 153 154
3 154 155
3 155 2
