Time_Iter,Outer_Iter,Inner_Iter,    "rms[Rho]"    ,    "rms[RhoU]"   ,    "rms[RhoV]"   ,    "rms[RhoE]"   
          0,           0,           0,      -1.496383269,      0.6018050362,   -0.005077021083,       3.985183533
          0,           0,           1,      -1.689130106,      0.3284919213,      0.5112175161,       3.792499429
          0,           0,           2,      -1.855435245,      0.3920867935,      0.4711768986,        3.62431591
          0,           0,           3,      -2.068427184,      0.4635006696,      0.4793281931,       3.410583392
          0,           0,           4,      -2.105558734,      0.4685747382,      0.4387990229,       3.372248846
          0,           0,           5,      -2.015942972,      0.4395681693,       0.353145432,       3.461237122
          0,           0,           6,      -1.989574544,       0.411582446,      0.2901898327,       3.487104133
          0,           0,           7,      -2.035600227,      0.3992283512,      0.3146117601,       3.440237866
          0,           0,           8,       -2.13041376,      0.3882720158,       0.362457528,       3.343998178
          0,           0,           9,      -2.216264664,      0.3640270553,      0.3805556738,       3.257033868
          0,           0,          10,       -2.22842116,      0.3182897609,      0.3542835231,       3.246419984
          0,           0,          11,      -2.194358442,      0.2742876047,      0.3016449861,       3.282489682
          0,           0,          12,      -2.185225492,      0.2547021167,      0.2451589744,       3.292731708
          0,           0,          13,      -2.206546599,      0.2544259182,      0.2077669636,       3.271715439
          0,           0,          14,      -2.219110441,      0.2534048169,      0.1890073098,       3.258976054
          0,           0,          15,      -2.193470807,      0.2399414521,      0.1780280807,       3.284725176
          0,           0,          16,      -2.158246511,      0.2129871705,      0.1769698211,       3.320562278
          0,           0,          17,      -2.153137302,      0.1780951924,       0.196432519,       3.326425869
          0,           0,          18,      -2.196431156,      0.1426071019,      0.2337595842,       3.283847373
          0,           0,          19,      -2.292300839,      0.1117056729,      0.2707061401,       3.188692659
          0,           0,          20,      -2.415890875,     0.08172730412,       0.292723268,       3.065140476
          0,           0,          21,      -2.465243342,     0.05402585778,      0.2898507396,       3.012500364
          0,           0,          22,       -2.40333866,     0.03937836382,        0.25894922,       3.069619533
          0,           0,          23,      -2.344597868,     0.04628032136,      0.2036395776,       3.124288256
          0,           0,          24,      -2.343434934,     0.06337160866,      0.1340994275,       3.120557869
          0,           0,          25,      -2.384434769,     0.08144192147,     0.07226457904,       3.074020977
          0,           0,          26,      -2.460113392,     0.09171470431,      0.0331296187,       2.992599226
          0,           0,          27,      -2.539660931,     0.09095900361,     0.01982802621,       2.912574785
          0,           0,          28,      -2.586447829,     0.07380424965,     0.01126938256,       2.879448949
          0,           0,          29,       -2.57900722,      0.0363551744,    0.002501578404,       2.903238783
          0,           0,          30,       -2.55812451,    -0.02273272269,   -0.005020600391,       2.929726664
          0,           0,          31,      -2.549845491,    -0.09730483294,     -0.0139599808,       2.935609762
          0,           0,          32,      -2.549551122,      -0.170231353,    -0.03097972766,       2.929852419
          0,           0,          33,      -2.551553123,     -0.2168893453,    -0.06047231506,       2.921925886
          0,           0,          34,       -2.56241627,     -0.2213992051,    -0.09807087104,       2.907421323
          0,           0,          35,       -2.60153051,     -0.1983710798,     -0.1320272604,       2.866611132
          0,           0,          36,      -2.653054005,     -0.1617069086,     -0.1448470788,       2.816004421
          0,           0,          37,      -2.718371622,     -0.1298936325,      -0.141631423,       2.754503989
          0,           0,          38,      -2.770758489,     -0.1158338825,     -0.1344622089,       2.709453307
          0,           0,          39,      -2.784956216,     -0.1236864977,     -0.1310733399,       2.701516289
          0,           0,          40,      -2.774455651,     -0.1522684476,      -0.132403204,       2.712809486
          0,           0,          41,      -2.767336409,     -0.1974480738,     -0.1366031315,       2.716329828
          0,           0,          42,      -2.774653648,     -0.2526826351,     -0.1433825656,       2.702839325
          0,           0,          43,      -2.793507161,     -0.3091580004,     -0.1545673958,       2.676645936
          0,           0,          44,      -2.817578625,     -0.3562340746,     -0.1720596871,       2.646068406
          0,           0,          45,      -2.845042356,     -0.3834757953,     -0.1956625091,       2.614952378
          0,           0,          46,      -2.879725623,     -0.3867292763,     -0.2222066317,       2.579969799
          0,           0,          47,      -2.923961303,      -0.372669712,     -0.2468781742,       2.538122361
          0,           0,          48,      -2.971228553,     -0.3537481853,     -0.2660362377,       2.495382881
          0,           0,          49,      -3.008361183,     -0.3401201649,     -0.2788366665,        2.46402469
          0,           0,          50,      -3.030467555,     -0.3365790604,     -0.2858896471,       2.446999859
          0,           0,          51,       -3.04712654,     -0.3433650904,     -0.2876596504,       2.433362884
          0,           0,          52,      -3.067767297,      -0.358553329,     -0.2853359036,       2.413518265
          0,           0,          53,      -3.089024276,     -0.3796889828,     -0.2814928285,       2.390691447
          0,           0,          54,      -3.097877267,     -0.4038366194,     -0.2793492387,       2.377977292
          0,           0,          55,       -3.08749131,     -0.4267781386,     -0.2815123665,        2.38375727
          0,           0,          56,      -3.067750525,     -0.4428653845,     -0.2889740979,       2.400033538
          0,           0,          57,      -3.053871496,     -0.4470930891,     -0.3007589537,         2.4120493
          0,           0,          58,      -3.053964362,     -0.4385823865,     -0.3142846296,       2.411516017
          0,           0,          59,      -3.067660885,     -0.4217292695,     -0.3262842507,       2.398955913
          0,           0,          60,      -3.089170085,     -0.4034313317,     -0.3340183852,       2.380526052
          0,           0,          61,      -3.111814557,      -0.389568981,     -0.3362553178,       2.362620999
          0,           0,          62,      -3.132612246,     -0.3833873532,     -0.3333975728,       2.346781987
          0,           0,          63,       -3.15251967,     -0.3856440054,     -0.3271210205,        2.33015191
          0,           0,          64,       -3.17163095,     -0.3954944383,      -0.319832307,       2.311110883
          0,           0,          65,      -3.185521634,     -0.4110807895,     -0.3139965516,       2.293379661
          0,           0,          66,      -3.187964917,     -0.4297466416,     -0.3114781553,       2.284282448
          0,           0,          67,      -3.178499691,     -0.4480519413,     -0.3131887091,       2.287304998
          0,           0,          68,      -3.164868691,     -0.4621593087,     -0.3190033199,       2.297185912
          0,           0,          69,      -3.156858443,     -0.4690732588,     -0.3278801102,       2.304481644
          0,           0,          70,       -3.16027161,     -0.4681988521,     -0.3381563238,       2.302696033
          0,           0,          71,      -3.175363037,     -0.4617818766,     -0.3480158021,       2.290938198
          0,           0,          72,      -3.197761893,     -0.4536466598,     -0.3559856875,       2.272982136
          0,           0,          73,      -3.220913369,     -0.4473744835,     -0.3612462665,       2.254356909
          0,           0,          74,      -3.239835026,      -0.445213044,     -0.3637097125,       2.238609719
          0,           0,          75,      -3.253495533,     -0.4478881271,     -0.3639305119,        2.22571778
          0,           0,          76,      -3.267402291,     -0.4531678541,      -0.360843339,       2.209461895
          0,           0,          77,       -3.26933123,     -0.4596873132,     -0.3593391589,        2.20392246
          0,           0,          78,      -3.260577915,     -0.4682739912,     -0.3597751101,       2.209748282
          0,           0,          79,      -3.246075607,     -0.4778212361,     -0.3623952022,       2.222980727
          0,           0,          80,      -3.228779412,     -0.4878234857,     -0.3689397323,        2.24088205
          0,           0,          81,      -3.221200392,     -0.4959646299,     -0.3758226578,        2.24947683
          0,           0,          82,      -3.223204048,     -0.4990901628,     -0.3829713641,       2.248423913
          0,           0,          83,      -3.233235736,     -0.4963628426,     -0.3901422702,       2.239051982
          0,           0,          84,       -3.24844023,     -0.4898629039,     -0.3966793835,       2.224115347
          0,           0,          85,      -3.267993598,     -0.4802310261,     -0.3994989152,       2.204096929
          0,           0,          86,      -3.279098329,     -0.4704050382,     -0.4018686946,       2.192691283
          0,           0,          87,      -3.279442321,     -0.4658569026,      -0.403560318,       2.192511687
          0,           0,          88,      -3.274270658,     -0.4679816464,     -0.4047026845,       2.198106723
          0,           0,          89,      -3.269664759,     -0.4753001258,     -0.4056304517,        2.20318166
          0,           0,          90,      -3.267600446,        -0.4851263,     -0.4068953228,       2.205738079
          0,           0,          91,      -3.266705776,     -0.4947154939,     -0.4090856579,       2.207152057
          0,           0,          92,      -3.265389435,     -0.5020163682,     -0.4125181201,       2.208910348
          0,           0,          93,      -3.263837606,     -0.5060845643,     -0.4170656706,       2.210655835
          0,           0,          94,      -3.259688515,     -0.5098768632,     -0.4242652492,       2.215017369
          0,           0,          95,      -3.270261747,     -0.5118811715,     -0.4277990454,       2.203580524
          0,           0,          96,      -3.282048104,     -0.5095931589,     -0.4308678716,       2.190836079
          0,           0,          97,      -3.291637237,      -0.505801233,     -0.4334418764,       2.180545623
          0,           0,          98,      -3.297222452,     -0.5035645572,     -0.4352821106,        2.17470665
          0,           0,          99,      -3.299395743,     -0.5044249556,     -0.4363366705,       2.172663275
          0,           0,         100,      -3.299805209,     -0.5082854575,       -0.43682394,       2.172556641
          0,           0,         101,      -3.299516736,     -0.5140372668,     -0.4371593165,       2.173114779
          0,           0,         102,       -3.29863419,      -0.520220812,     -0.4377880211,       2.174097609
          0,           0,         103,      -3.296981499,     -0.5255164846,     -0.4390108359,       2.175626434
          0,           0,         104,      -3.294819791,     -0.5290384015,     -0.4408890574,       2.177464426
          0,           0,         105,      -3.292911807,     -0.5304637042,     -0.4432509172,       2.178936893
          0,           0,         106,      -3.292102952,     -0.5299952299,     -0.4457666984,       2.179313394
          0,           0,         107,      -3.287777953,     -0.5320209551,      -0.449994191,       2.183518773
          0,           0,         108,      -3.300480858,     -0.5321917694,     -0.4509417413,       2.170477067
          0,           0,         109,       -3.31087724,     -0.5290804309,     -0.4511564165,       2.159832023
          0,           0,         110,      -3.315306392,     -0.5247730203,     -0.4511668997,       2.155376605
          0,           0,         111,      -3.313668475,      -0.521587145,     -0.4511122463,       2.157151869
          0,           0,         112,      -3.308599196,     -0.5204325027,     -0.4510507709,       2.162351709
          0,           0,         113,      -3.302867596,     -0.5208891585,     -0.4510779089,       2.168083146
          0,           0,         114,      -3.297999344,     -0.5219212893,      -0.451339679,       2.172803246
          0,           0,         115,       -3.29439558,     -0.5225442209,     -0.4519660806,       2.176169842
          0,           0,         116,      -3.286064752,     -0.5268792119,     -0.4550957295,        2.18430527
          0,           0,         117,      -3.296134495,      -0.527916511,     -0.4557585913,       2.173858215
          0,           0,         118,      -3.303241854,     -0.5247044719,     -0.4563061472,       2.166498828
          0,           0,         119,      -3.305178953,     -0.5194417902,      -0.457200376,       2.164565239
          0,           0,         120,      -3.302840638,      -0.514771802,     -0.4584401823,       2.167143886
          0,           0,         121,      -3.292647305,     -0.5177715313,     -0.4622041034,       2.177779581
          0,           0,         122,      -3.301946053,     -0.5190667393,     -0.4628983712,       2.168443504
          0,           0,         123,      -3.308726087,     -0.5179950115,     -0.4629046585,        2.16165391
          0,           0,         124,      -3.310311516,     -0.5156986256,     -0.4632153007,       2.160174431
          0,           0,         125,      -3.307479182,     -0.5140023402,     -0.4641990457,       2.163200151
          0,           0,         126,       -3.30311892,     -0.5137797746,      -0.465801341,       2.167753905
          0,           0,         127,      -3.292914514,     -0.5208358521,     -0.4699392071,       2.178441365
          0,           0,         128,      -3.304653167,     -0.5249854234,     -0.4713547841,       2.166328451
          0,           0,         129,       -3.31409404,     -0.5251197493,     -0.4722372681,       2.156584052
          0,           0,         130,      -3.318555323,     -0.5229033466,     -0.4734437088,       2.152126793
          0,           0,         131,      -3.318732479,     -0.5209179253,     -0.4751470854,        2.15227616
          0,           0,         132,      -3.317289297,     -0.5205949381,     -0.4771486887,       2.154188924
          0,           0,         133,      -3.316622449,     -0.5220368189,     -0.4791512234,       2.155271292
          0,           0,         134,       -3.31778615,      -0.524645118,     -0.4809876159,       2.154366883
          0,           0,         135,      -3.320606213,     -0.5277261403,     -0.4826780463,        2.15164992
          0,           0,         136,       -3.32434819,     -0.5308190318,      -0.484340459,       2.147916012
          0,           0,         137,      -3.328332336,     -0.5337384383,     -0.4860846642,       2.143921995
          0,           0,         138,       -3.33219917,     -0.5364693156,     -0.4879632592,       2.140088826
          0,           0,         139,       -3.33589378,     -0.5390451141,     -0.4899702894,       2.136503488
          0,           0,         140,      -3.339516557,     -0.5414895403,     -0.4920606422,       2.133069408
          0,           0,         141,      -3.343181286,     -0.5438160374,     -0.4941751373,       2.129656842
          0,           0,         142,      -3.346937078,     -0.5460484489,     -0.4962591466,       2.126190566
          0,           0,         143,      -3.350752729,     -0.5482300985,     -0.4982774267,       2.122673792
          0,           0,         144,      -3.354541815,     -0.5504135831,     -0.5002189154,       2.119169953
          0,           0,         145,       -3.35819451,     -0.5526469695,     -0.5020946191,       2.115776645
          0,           0,         146,      -3.361630097,     -0.5549457635,     -0.5039317833,       2.112575044
          0,           0,         147,      -3.364803117,     -0.5572876942,     -0.5057605617,       2.109622229
          0,           0,         148,      -3.367704862,     -0.5596195566,     -0.5076042877,       2.106944286
          0,           0,         149,      -3.370354934,     -0.5618724504,     -0.5094731018,       2.104537167
          0,           0,         150,      -3.372786626,     -0.5639807716,     -0.5113624989,       2.102374589
          0,           0,         151,      -3.375031524,     -0.5658985672,     -0.5132561277,        2.10042046
          0,           0,         152,       -3.37710991,      -0.567607883,      -0.515130648,       2.098640029
          0,           0,         153,      -3.370251045,     -0.5763965389,     -0.5178710494,       2.105816481
          0,           0,         154,      -3.385851577,      -0.580296422,     -0.5193294902,       2.090453054
          0,           0,         155,      -3.396283471,     -0.5796101232,     -0.5205101149,       2.080022064
          0,           0,         156,      -3.399738486,     -0.5768931909,      -0.521848459,       2.076658769
          0,           0,         157,      -3.389656899,     -0.5827438968,     -0.5243670565,       2.086825503
          0,           0,         158,      -3.400051274,     -0.5843537507,     -0.5258296583,       2.076860203
          0,           0,         159,      -3.405279335,     -0.5828753617,     -0.5268929636,       2.071743573
          0,           0,         160,      -3.404768901,       -0.58024853,     -0.5280449127,       2.072246165
          0,           0,         161,      -3.392562907,     -0.5863146113,     -0.5304484978,       2.084227924
          0,           0,         162,       -3.40137669,     -0.5880687869,     -0.5317386609,       2.075708197
          0,           0,         163,      -3.405848475,     -0.5866064656,     -0.5327134612,         2.0712238
          0,           0,         164,      -3.397454952,     -0.5921542955,     -0.5347236504,        2.07920527
          0,           0,         165,      -3.407151194,     -0.5923207233,     -0.5358427146,       2.069766114
          0,           0,         166,      -3.410611754,     -0.5893887062,     -0.5367713511,       2.066233442
          0,           0,         167,      -3.401035694,     -0.5942494258,     -0.5387559771,       2.075286692
          0,           0,         168,      -3.408697316,     -0.5941658649,     -0.5398205663,       2.067894368
          0,           0,         169,      -3.410783399,     -0.5913989531,     -0.5406532126,       2.065707845
          0,           0,         170,      -3.401185559,     -0.5964121374,     -0.5425281934,       2.074734227
          0,           0,         171,      -3.401261148,      -0.603578008,     -0.5440255116,       2.074707547
          0,           0,         172,      -3.415315161,     -0.6032286303,     -0.5445533695,       2.061135953
          0,           0,         173,      -3.419869326,     -0.5979794302,     -0.5451935278,       2.056312725
          0,           0,         174,       -3.41056667,     -0.6010590366,     -0.5470103809,        2.06473337
          0,           0,         175,      -3.408789266,     -0.6068969343,     -0.5486024045,       2.066430497
          0,           0,         176,      -3.419414775,     -0.6061956294,      -0.549173243,       2.056194817
          0,           0,         177,      -3.421768046,     -0.6015626122,     -0.5497528274,       2.053535582
          0,           0,         178,      -3.412724504,     -0.6050985564,     -0.5513979397,       2.061837561
          0,           0,         179,      -3.411070386,     -0.6114170629,     -0.5527373065,       2.063580622
          0,           0,         180,       -3.41586828,     -0.6180676197,     -0.5534743656,       2.059157841
          0,           0,         181,      -3.427928403,     -0.6160841296,     -0.5538588846,       2.047428541
          0,           0,         182,      -3.429673395,     -0.6098491297,     -0.5547197675,       2.045137261
          0,           0,         183,      -3.421092437,      -0.612483979,     -0.5565846976,       2.052914393
          0,           0,         184,      -3.418576942,      -0.618510017,     -0.5580797996,       2.055546737
          0,           0,         185,      -3.422210841,     -0.6254120618,     -0.5588809319,       2.052283352
          0,           0,         186,      -3.432216125,     -0.6243978625,     -0.5593417927,       2.042468454
          0,           0,         187,       -3.43236736,      -0.627092586,     -0.5606224979,       2.041729439
          0,           0,         188,      -3.434484083,     -0.6309889814,     -0.5618060525,       2.039505767
          0,           0,         189,      -3.440610128,     -0.6285788778,     -0.5626937801,       2.033452304
          0,           0,         190,      -3.439913189,     -0.6241320348,     -0.5638561579,       2.033846276
          0,           0,         191,      -3.433992179,      -0.627901082,     -0.5655711873,       2.039497836
          0,           0,         192,      -3.433037436,     -0.6348928765,      -0.566637433,        2.04080634
          0,           0,         193,       -3.43725896,     -0.6424768047,      -0.567090745,       2.036902545
          0,           0,         194,      -3.445313645,     -0.6423711749,     -0.5676435303,       2.028825584
          0,           0,         195,      -3.447181876,      -0.638462504,      -0.569019499,       2.026556379
          0,           0,         196,       -3.44537162,     -0.6418247433,     -0.5708200533,       2.028054392
          0,           0,         197,      -3.446576807,     -0.6480686757,     -0.5718786565,       2.027150231
          0,           0,         198,      -3.451338235,     -0.6493654629,      -0.572526015,       2.022632419
          0,           0,         199,      -3.452619387,      -0.647784989,     -0.5736987079,       2.021219172
          0,           0,         200,      -3.451227775,     -0.6461236555,     -0.5751327311,        2.02256529
          0,           0,         201,      -3.449917891,     -0.6519858868,     -0.5764657223,       2.023906008
          0,           0,         202,      -3.452152036,      -0.655120467,      -0.576890492,       2.022044448
          0,           0,         203,      -3.453644186,      -0.656429544,     -0.5775327794,       2.020606514
          0,           0,         204,      -3.454155575,     -0.6570064219,     -0.5783943858,       2.020103595
          0,           0,         205,      -3.453929305,     -0.6579368471,      -0.579245016,       2.020411267
          0,           0,         206,      -3.453464524,     -0.6596527094,     -0.5799113788,       2.020998549
          0,           0,         207,      -3.453285773,     -0.6620060091,     -0.5803404726,       2.021267043
          0,           0,         208,       -3.45375624,     -0.6646111343,     -0.5805501938,       2.020814885
          0,           0,         209,      -3.454957258,     -0.6671321418,     -0.5805741879,       2.019568248
          0,           0,         210,      -3.456712956,     -0.6693995224,     -0.5804342536,       2.017731379
          0,           0,         211,      -3.458716224,     -0.6713872433,     -0.5801383092,       2.015635151
          0,           0,         212,      -3.460662105,     -0.6731387275,     -0.5796887781,       2.013593784
          0,           0,         213,      -3.462334848,     -0.6747040314,     -0.5790891498,       2.011820789
          0,           0,         214,        -3.4636346,     -0.6761088371,     -0.5783456217,        2.01040955
          0,           0,         215,      -3.464556461,     -0.6773519301,      -0.577466465,       2.009359188
          0,           0,         216,      -3.465151751,     -0.6784127413,     -0.5764619921,       2.008614802
          0,           0,         217,      -3.465490591,     -0.6792635074,     -0.5753448484,        2.00810431
          0,           0,         218,      -3.465639933,     -0.6798791415,     -0.5741307446,       2.007759667
          0,           0,         219,      -3.465656541,     -0.6802436567,     -0.5728378498,       2.007523748
          0,           0,         220,      -3.465585311,     -0.6803526667,     -0.5714858231,       2.007352314
          0,           0,         221,      -3.465460818,     -0.6802124972,     -0.5700947402,       2.007212953
          0,           0,         222,      -3.465308742,     -0.6798372906,     -0.5686848056,       2.007083873
          0,           0,         223,      -3.465146175,     -0.6792452757,     -0.5672762843,       2.006953538
          0,           0,         224,      -3.464982648,     -0.6784555629,     -0.5658900029,       2.006819156
          0,           0,         225,      -3.464823974,     -0.6774858418,     -0.5645475715,        2.00668244
          0,           0,         226,      -3.464676194,     -0.6763517423,     -0.5632715784,       2.006545115
          0,           0,         227,       -3.46454678,     -0.6750674254,     -0.5620855208,       2.006407225
          0,           0,         228,       -3.46444832,     -0.6736457359,     -0.5610127836,       2.006262972
          0,           0,         229,      -3.464397436,     -0.6720998904,     -0.5600754435,       2.006101431
          0,           0,         230,      -3.464410686,     -0.6704440326,      -0.559293324,       2.005910609
          0,           0,         231,      -3.464499488,     -0.6686938388,     -0.5586830976,       2.005682636
          0,           0,         232,      -3.464669786,     -0.6668659242,     -0.5582581387,       2.005414328
          0,           0,         233,      -3.464921416,     -0.6649772699,     -0.5580284196,       2.005107791
          0,           0,         234,      -3.465244125,     -0.6630444866,     -0.5580007904,       2.004774618
          0,           0,         235,      -3.465619954,     -0.6610828958,     -0.5581795898,       2.004433359
          0,           0,         236,      -3.466025179,     -0.6591056262,     -0.5585669393,       2.004107486
          0,           0,         237,      -3.466431991,     -0.6571250593,     -0.5591621004,       2.003823144
          0,           0,         238,      -3.466812966,     -0.6551513607,     -0.5599628472,       2.003605019
          0,           0,         239,      -3.467142155,     -0.6531926447,     -0.5609653353,       2.003475003
          0,           0,         240,      -3.467395389,     -0.6512555341,     -0.5621638153,       2.003452002
          0,           0,         241,      -3.467549856,     -0.6493454467,     -0.5635511568,       2.003552764
          0,           0,         242,      -3.467584261,     -0.6474678284,     -0.5651193276,       2.003792001
          0,           0,         243,      -3.467481972,     -0.6456280932,     -0.5668581745,        2.00417949
          0,           0,         244,      -3.467231566,     -0.6438299844,      -0.568756106,       2.004720393
          0,           0,         245,      -3.466822647,     -0.6420765526,     -0.5708003432,       2.005419561
          0,           0,         246,      -3.466247806,     -0.6403707325,     -0.5729777325,        2.00627954
          0,           0,         247,      -3.465503644,     -0.6387138273,     -0.5752742587,       2.007299551
          0,           0,         248,      -3.464587029,     -0.6371076788,     -0.5776746387,       2.008478961
          0,           0,         249,      -3.463498078,     -0.6355538414,     -0.5801639421,       2.009814477
          0,           0,         250,      -3.462241128,     -0.6340528981,     -0.5827272689,        2.01129927
          0,           0,         251,      -3.460821994,     -0.6326052313,     -0.5853499988,       2.012925752
          0,           0,         252,      -3.459245854,     -0.6312113541,     -0.5880180835,       2.014687791
          0,           0,         253,      -3.457520222,     -0.6298725864,     -0.5907179453,       2.016577545
          0,           0,         254,      -3.455656303,     -0.6285887757,     -0.5934368976,       2.018584386
          0,           0,         255,      -3.453666402,     -0.6273593333,     -0.5961627935,       2.020697176
          0,           0,         256,      -3.451564291,     -0.6261833432,     -0.5988839993,       2.022903968
          0,           0,         257,      -3.449363967,     -0.6250601836,     -0.6015890928,       2.025192855
          0,           0,         258,      -3.447080845,     -0.6239897734,     -0.6042668938,       2.027550433
          0,           0,         259,      -3.444731817,     -0.6229710676,     -0.6069065439,       2.029961686
          0,           0,         260,      -3.442333198,     -0.6220033846,     -0.6094971437,       2.032411968
          0,           0,         261,      -3.439898109,     -0.6210870234,     -0.6120287447,       2.034889579
          0,           0,         262,      -3.459755332,     -0.6310713148,     -0.6116652705,       2.015307064
          0,           0,         263,      -3.442565135,     -0.6248080181,     -0.6161493564,        2.03261276
          0,           0,         264,      -3.435741858,     -0.6207238362,     -0.6192585879,        2.03918499
          0,           0,         265,      -3.459584404,      -0.630204396,     -0.6186603008,       2.015320082
          0,           0,         266,      -3.438992508,     -0.6227647088,     -0.6229741762,       2.036034352
          0,           0,         267,      -3.458313685,     -0.6305519334,     -0.6227190218,       2.016780234
          0,           0,         268,      -3.435198341,     -0.6220494968,     -0.6270463323,       2.039868676
          0,           0,         269,      -3.456024196,      -0.629986381,      -0.626557708,       2.019028718
          0,           0,         270,      -3.432190387,     -0.6214276232,     -0.6305989912,       2.042849228
          0,           0,         271,      -3.453092297,     -0.6294873346,     -0.6298881188,       2.021983035
          0,           0,         272,      -3.428969337,     -0.6211011321,     -0.6336670345,       2.046094207
          0,           0,         273,      -3.449813271,     -0.6292560878,     -0.6327896245,       2.025311091
          0,           0,         274,       -3.42593343,      -0.621117349,     -0.6362806086,       2.049133863
          0,           0,         275,      -3.446771032,      -0.629323661,     -0.6352535517,       2.028358533
          0,           0,         276,      -3.451235001,     -0.6326509863,     -0.6356251072,       2.024130033
          0,           0,         277,       -3.42257735,     -0.6226228176,     -0.6392046849,       2.052451394
          0,           0,         278,      -3.444302947,     -0.6304120784,      -0.638132875,       2.030652224
          0,           0,         279,       -3.44904411,     -0.6334106106,     -0.6383463082,       2.026068811
          0,           0,         280,      -3.448499081,     -0.6343350744,     -0.6390913148,       2.026651402
          0,           0,         281,      -3.447914344,     -0.6347687304,     -0.6398175143,       2.027128576
          0,           0,         282,      -3.447852898,     -0.6351361198,      -0.640442651,       2.027041698
          0,           0,         283,      -3.447512593,     -0.6353579756,     -0.6410568026,       2.027267187
          0,           0,         284,      -3.446532934,     -0.6353712332,     -0.6417288084,       2.028180614
          0,           0,         285,      -3.445128874,     -0.6352423454,     -0.6424561409,       2.029551227
          0,           0,         286,       -3.44368031,     -0.6350945531,     -0.6431880587,       2.030981974
          0,           0,         287,      -3.442443077,     -0.6350270596,     -0.6438633685,       2.032208526
          0,           0,         288,       -3.44148615,     -0.6350830537,     -0.6444371479,       2.033159141
          0,           0,         289,      -3.440756478,     -0.6352583761,     -0.6448893569,       2.033885062
          0,           0,         290,      -3.440153865,     -0.6355237162,     -0.6452232845,       2.034483479
          0,           0,         291,      -3.439590384,     -0.6358425603,     -0.6454591252,       2.035038191
          0,           0,         292,      -3.439019946,     -0.6361777408,      -0.645625458,       2.035590977
          0,           0,         293,      -3.438430763,     -0.6364963661,     -0.6457528872,       2.036150565
          0,           0,         294,      -3.437832093,     -0.6367730443,     -0.6458698138,       2.036707048
          0,           0,         295,      -3.437240985,     -0.6369899073,      -0.645999364,          2.037246
          0,           0,         296,      -3.436671383,     -0.6371374733,     -0.6461565614,       2.037759054
          0,           0,         297,      -3.436123434,      -0.637218008,     -0.6463501002,       2.038253941
          0,           0,         298,      -3.435602637,     -0.6372407028,     -0.6465824375,       2.038732904
          0,           0,         299,      -3.435115935,     -0.6372201836,     -0.6468503074,       2.039195094
          0,           0,         300,      -3.434673221,     -0.6371754802,     -0.6471449297,       2.039633534
          0,           0,         301,       -3.43429149,     -0.6371246971,     -0.6474549551,       2.040030541
          0,           0,         302,      -3.433991716,     -0.6370831547,      -0.647766519,       2.040361224
          0,           0,         303,      -3.433789317,     -0.6370653281,      -0.648066652,       2.040604425
          0,           0,         304,      -3.433699256,     -0.6370820874,      -0.648345104,       2.040739092
          0,           0,         305,      -3.433733975,     -0.6371409433,     -0.6485970655,       2.040747787
          0,           0,         306,      -3.433897052,     -0.6372470254,     -0.6488250079,       2.040624204
          0,           0,         307,      -3.434183186,     -0.6374028453,     -0.6490386487,       2.040373682
          0,           0,         308,      -3.434579866,     -0.6376071883,     -0.6492535479,        2.04001088
          0,           0,         309,      -3.435064987,     -0.6378606047,     -0.6494884761,       2.039561346
          0,           0,         310,      -3.435628551,     -0.6381606423,     -0.6497624348,       2.039038433
          0,           0,         311,       -3.43627021,      -0.638505506,     -0.6500905938,       2.038444724
          0,           0,         312,      -3.437001825,     -0.6388957674,      -0.650481265,       2.037768961
          0,           0,         313,      -3.437841021,     -0.6393339289,     -0.6509331976,       2.036992543
          0,           0,         314,      -3.438811489,     -0.6398279496,     -0.6514384058,       2.036089694
          0,           0,         315,      -3.439926858,     -0.6403944721,     -0.6519847016,       2.035044672
          0,           0,         316,      -3.441206521,     -0.6410534229,      -0.652559101,       2.033836067
          0,           0,         317,      -3.442662092,     -0.6418228812,     -0.6531527968,       2.032451111
          0,           0,         318,      -3.444291072,     -0.6427199268,     -0.6537620014,       2.030891996
          0,           0,         319,      -3.446086083,     -0.6437578176,     -0.6543897197,       2.029166368
          0,           0,         320,      -3.448029672,      -0.644946951,     -0.6550435035,       2.027292451
          0,           0,         321,      -3.450107043,     -0.6462934856,     -0.6557350616,       2.025285804
          0,           0,         322,      -3.452308593,     -0.6477970569,     -0.6564769584,       2.023156388
          0,           0,         323,      -3.454628964,     -0.6494544019,     -0.6572808306,       2.020909486
          0,           0,         324,      -3.457067124,     -0.6512625954,     -0.6581571372,       2.018545745
          0,           0,         325,       -3.45961842,     -0.6532247395,     -0.6591134873,        2.01606965
          0,           0,         326,      -3.462284116,     -0.6553466796,      -0.660154361,       2.013480205
          0,           0,         327,      -3.465067716,     -0.6576323021,     -0.6612819029,       2.010774705
          0,           0,         328,      -3.467963938,     -0.6600876585,     -0.6624994345,       2.007959616
          0,           0,         329,      -3.470962257,     -0.6627178544,     -0.6638123324,       2.005046804
          0,           0,         330,      -3.474040628,      -0.665528214,     -0.6652264223,       2.002059659
          0,           0,         331,      -3.477176191,     -0.6685203196,     -0.6667491163,       1.999021646
          0,           0,         332,      -3.480351859,     -0.6716908784,     -0.6683895796,       1.995949483
          0,           0,         333,      -3.483550765,     -0.6750311439,     -0.6701579406,       1.992858613
          0,           0,         334,      -3.486758459,     -0.6785272054,     -0.6720623202,       1.989761349
          0,           0,         335,      -3.489961519,     -0.6821667249,     -0.6741069137,       1.986668717
          0,           0,         336,      -3.493156119,     -0.6859339603,     -0.6762956473,       1.983582141
          0,           0,         337,      -3.496339502,     -0.6898136441,      -0.678629911,       1.980502356
          0,           0,         338,      -3.499503297,     -0.6937843445,     -0.6811089768,       1.977436097
          0,           0,         339,      -3.502628431,     -0.6978316862,     -0.6837293424,       1.974401567
          0,           0,         340,      -3.505702073,     -0.7019396994,     -0.6864884811,        1.97141086
          0,           0,         341,      -3.508709077,     -0.7060900205,      -0.689380918,       1.968478294
          0,           0,         342,      -3.511634231,     -0.7102633582,     -0.6924027221,       1.965617897
          0,           0,         343,       -3.51446547,     -0.7144429598,     -0.6955438689,       1.962840513
          0,           0,         344,      -3.517197398,      -0.718607805,     -0.6987937733,       1.960149623
          0,           0,         345,       -3.51983056,      -0.722735591,     -0.7021430561,       1.957542702
          0,           0,         346,      -3.522368184,     -0.7268071179,       -0.70557669,       1.955015371
          0,           0,         347,      -3.524816501,     -0.7308067454,      -0.709074988,       1.952560808
          0,           0,         348,      -3.527181764,     -0.7347190318,     -0.7126174346,       1.950172823
          0,           0,         349,      -3.529469411,     -0.7385333064,     -0.7161868047,       1.947847094
          0,           0,         350,      -3.531681522,     -0.7422432985,     -0.7197611081,       1.945583669
          0,           0,         351,      -3.533815561,     -0.7458427357,     -0.7233206256,       1.943387581
          0,           0,         352,      -3.535869634,     -0.7493260721,      -0.726850797,       1.941263715
          0,           0,         353,      -3.537839103,     -0.7526954349,     -0.7303360402,       1.939219917
          0,           0,         354,      -3.539720356,     -0.7559499644,     -0.7337640754,       1.937262436
          0,           0,         355,      -3.541512755,      -0.759091446,     -0.7371250856,       1.935394374
          0,           0,         356,      -3.543213739,     -0.7621249087,     -0.7404085539,       1.933620342
          0,           0,         357,      -3.544826024,     -0.7650547777,     -0.7436070749,       1.931939115
          0,           0,         358,      -3.546355807,     -0.7678866775,     -0.7467158441,       1.930345864
          0,           0,         359,      -3.547808243,     -0.7706285819,     -0.7497321667,       1.928836621
          0,           0,         360,      -3.549187602,     -0.7732901736,     -0.7526537553,       1.927407977
          0,           0,         361,      -3.550495099,     -0.7758821159,     -0.7554797805,       1.926059198
          0,           0,         362,      -3.551733744,     -0.7784156666,     -0.7582114816,       1.924787242
          0,           0,         363,      -3.552902527,     -0.7809007892,     -0.7608525415,       1.923592252
          0,           0,         364,      -3.554002871,     -0.7833470072,     -0.7634081709,       1.922471574
          0,           0,         365,      -3.555037853,     -0.7857610479,     -0.7658843271,       1.921420305
          0,           0,         366,      -3.556011555,      -0.788150708,     -0.7682869611,       1.920432154
          0,           0,         367,       -3.55692603,     -0.7905219634,     -0.7706208995,       1.919502345
          0,           0,         368,      -3.557788523,     -0.7928799318,     -0.7728926566,       1.918620646
          0,           0,         369,       -3.55860447,     -0.7952282379,     -0.7751063365,       1.917778509
          0,           0,         370,       -3.55937957,      -0.797570126,     -0.7772649209,       1.916967226
          0,           0,         371,      -3.560122219,     -0.7999095648,     -0.7793704673,       1.916175822
          0,           0,         372,      -3.560840941,      -0.802250037,     -0.7814236024,       1.915393454
          0,           0,         373,      -3.561543831,     -0.8045959788,     -0.7834237084,       1.914610123
          0,           0,         374,      -3.562238069,      -0.806950812,     -0.7853691305,       1.913817136
          0,           0,         375,      -3.562933353,     -0.8093189324,     -0.7872570746,       1.913003756
          0,           0,         376,      -3.563634553,     -0.8117034281,     -0.7890836387,       1.912164438
          0,           0,         377,      -3.564348659,      -0.814108049,     -0.7908442252,       1.911292017
          0,           0,         378,      -3.565085001,     -0.8165370774,     -0.7925338294,       1.910377386
          0,           0,         379,      -3.565852412,     -0.8189941803,     -0.7941462054,       1.909412352
          0,           0,         380,      -3.566657654,     -0.8214828461,     -0.7956746591,       1.908391131
          0,           0,         381,      -3.567509537,     -0.8240065946,     -0.7971123081,       1.907306282
          0,           0,         382,      -3.568414971,      -0.826568679,     -0.7984520929,       1.906152594
          0,           0,         383,      -3.569378213,     -0.8291719292,     -0.7996870456,       1.904927775
          0,           0,         384,      -3.570405818,     -0.8318199191,     -0.8008104783,       1.903627562
          0,           0,         385,      -3.571504359,     -0.8345156397,     -0.8018159774,       1.902247721
          0,           0,         386,      -3.572679038,     -0.8372614399,     -0.8026979148,       1.900785513
          0,           0,         387,      -3.573931985,     -0.8400582234,     -0.8034506154,       1.899241373
          0,           0,         388,      -3.575268404,     -0.8429073025,     -0.8040693341,       1.897612655
          0,           0,         389,      -3.576689885,     -0.8458083275,     -0.8045494806,       1.895900303
          0,           0,         390,      -3.578198298,      -0.848759941,     -0.8048873003,       1.894104852
          0,           0,         391,      -3.579797977,      -0.851760388,     -0.8050802166,       1.892224363
          0,           0,         392,      -3.581491503,     -0.8548055324,      -0.805125635,       1.890258444
          0,           0,         393,      -3.583280347,     -0.8578907503,     -0.8050219569,         1.8882077
          0,           0,         394,      -3.585164565,     -0.8610094819,     -0.8047675885,       1.886073937
          0,           0,         395,      -3.587148586,     -0.8641551226,      -0.804361993,       1.883854265
          0,           0,         396,      -3.589231945,     -0.8673184688,     -0.8038053437,       1.881550396
          0,           0,         397,      -3.591414228,     -0.8704887298,     -0.8030985229,       1.879163894
          0,           0,         398,      -3.593697925,     -0.8736547964,     -0.8022439031,       1.876693211
          0,           0,         399,      -3.596084634,     -0.8768036983,     -0.8012441382,       1.874137431
          0,           0,         400,      -3.598575703,     -0.8799221801,     -0.8001031998,       1.871495708
          0,           0,         401,      -3.601171534,     -0.8829950906,     -0.7988256705,       1.868767888
          0,           0,         402,      -3.603875812,     -0.8860068658,     -0.7974179592,       1.865950396
          0,           0,         403,      -3.606687536,     -0.8889401327,     -0.7958874704,       1.863044303
          0,           0,         404,      -3.609607045,     -0.8917773445,     -0.7942438205,       1.860049397
          0,           0,         405,      -3.612637214,     -0.8945017334,     -0.7924979525,       1.856962699
          0,           0,         406,      -3.615780719,     -0.8970963847,     -0.7906611321,       1.853781165
          0,           0,         407,      -3.619037244,     -0.8995438791,     -0.7887470532,        1.85050487
          0,           0,         408,      -3.622404199,     -0.9018261782,     -0.7867702092,       1.847136264
          0,           0,         409,      -3.625883079,     -0.9039271477,      -0.784747156,        1.84367379
          0,           0,         410,      -3.629471068,     -0.9058308536,     -0.7826959173,       1.840120054
          0,           0,         411,      -3.633167683,     -0.9075224353,     -0.7806373721,       1.836475456
          0,           0,         412,      -3.636974345,     -0.9089909973,     -0.7785930397,       1.832738822
          0,           0,         413,      -3.640883685,     -0.9102272193,     -0.7765825656,       1.828917484
          0,           0,         414,      -3.644887247,     -0.9112226183,     -0.7746272746,       1.825020027
          0,           0,         415,      -3.648974971,     -0.9119712308,     -0.7727488184,       1.821056389
          0,           0,         416,      -3.653138303,     -0.9124709183,     -0.7709697956,       1.817035455
          0,           0,         417,      -3.657367141,     -0.9127208083,     -0.7693126233,        1.81296742
          0,           0,         418,      -3.661645114,     -0.9127217812,     -0.7678004614,       1.808869392
          0,           0,         419,       -3.66595155,     -0.9124770267,     -0.7664551476,       1.804762144
          0,           0,         420,      -3.670269792,     -0.9119947716,     -0.7652992298,        1.80066341
          0,           0,         421,      -3.674582686,     -0.9112854651,     -0.7643535373,       1.796590668
          0,           0,         422,       -3.67886014,      -0.910361135,     -0.7636388379,       1.792574311
          0,           0,         423,      -3.683077138,     -0.9092342483,     -0.7631751913,       1.788639173
          0,           0,         424,      -3.687203292,     -0.9079189805,     -0.7629810248,        1.78481579
          0,           0,         425,      -3.691203354,     -0.9064327953,     -0.7630738801,       1.781139494
          0,           0,         426,      -3.695043795,     -0.9047950741,     -0.7634707301,       1.777643606
          0,           0,         427,      -3.698685937,     -0.9030272107,     -0.7641866657,       1.774365624
          0,           0,         428,      -3.702094465,     -0.9011427863,     -0.7652379814,       1.771339108
          0,           0,         429,      -3.705215227,     -0.8991597903,     -0.7666375434,       1.768617069
          0,           0,         430,      -3.708011457,     -0.8970986014,     -0.7683982723,       1.766233993
          0,           0,         431,      -3.710446586,     -0.8949784432,     -0.7705311131,       1.764223575
          0,           0,         432,      -3.712487098,     -0.8928178286,     -0.7730447065,       1.762616195
          0,           0,         433,      -3.714105445,     -0.8906365207,     -0.7759444871,       1.761436522
          0,           0,         434,       -3.71527664,     -0.8884518585,     -0.7792333952,       1.760705378
          0,           0,         435,      -3.715980904,     -0.8862789079,     -0.7829117407,       1.760437722
          0,           0,         436,       -3.71620397,     -0.8841321623,     -0.7869778982,        1.76064295
          0,           0,         437,       -3.71593919,     -0.8820268088,     -0.7914252682,       1.761322642
          0,           0,         438,      -3.715195095,     -0.8799773665,     -0.7962453777,         1.7624634
          0,           0,         439,      -3.713988325,     -0.8779941824,      -0.801430992,       1.764046519
          0,           0,         440,      -3.712338479,     -0.8760930344,     -0.8069637646,       1.766048322
          0,           0,         441,      -3.710288336,     -0.8742836996,     -0.8128328917,       1.768425192
          0,           0,         442,      -3.707878965,      -0.872575491,     -0.8190287912,       1.771135011
          0,           0,         443,      -3.705151925,     -0.8709777977,     -0.8255381846,       1.774134528
          0,           0,         444,      -3.702148802,     -0.8694976395,     -0.8323421362,       1.777380134
          0,           0,         445,       -3.69891441,     -0.8681405687,     -0.8394132416,       1.780825662
          0,           0,         446,      -3.695496032,     -0.8669105991,     -0.8467183406,       1.784422484
          0,           0,         447,      -3.691932205,     -0.8658074586,     -0.8542225363,       1.788130824
          0,           0,         448,      -3.688256512,     -0.8648289673,     -0.8618885993,       1.791916886
          0,           0,         449,      -3.684502301,     -0.8639728836,     -0.8696759876,        1.79574808
          0,           0,         450,      -3.680705988,     -0.8632380929,     -0.8775395859,       1.799589535
          0,           0,         451,      -3.676909944,     -0.8626247898,     -0.8854293258,       1.803400742
          0,           0,         452,       -3.67315717,     -0.8621359859,     -0.8932896411,       1.807140285
          0,           0,         453,      -3.669475941,     -0.8617711613,     -0.9010626201,       1.810782435
          0,           0,         454,      -3.665916449,      -0.861537938,     -0.9086830303,       1.814278632
          0,           0,         455,       -3.66250569,     -0.8614394295,     -0.9160859616,       1.817603643
          0,           0,         456,      -3.659265823,     -0.8614775031,     -0.9232033679,       1.820736666
          0,           0,         457,      -3.656213842,     -0.8616524205,      -0.929969256,       1.823661769
          0,           0,         458,       -3.65336158,     -0.8619644145,     -0.9363311284,       1.826368361
          0,           0,         459,      -3.650728611,     -0.8624138182,     -0.9422318984,       1.828837818
          0,           0,         460,      -3.648327772,     -0.8629986089,     -0.9476200857,        1.83105843
          0,           0,         461,      -3.646170885,     -0.8637162243,     -0.9524506274,       1.833019644
          0,           0,         462,       -3.64427323,     -0.8645668012,     -0.9566863335,       1.834707959
          0,           0,         463,      -3.642640247,     -0.8655479022,     -0.9603021476,       1.836118811
          0,           0,         464,      -3.695284076,     -0.8780144261,     -0.9625144294,       1.783341833
          0,           0,         465,      -3.650807806,     -0.8702043912,     -0.9656202284,         1.8270974
          0,           0,         466,      -3.635265157,     -0.8680158753,     -0.9669799169,       1.842580975
          0,           0,         467,      -3.691567507,     -0.8819525468,     -0.9665400918,       1.786211617
          0,           0,         468,      -3.649727858,     -0.8748412538,     -0.9675349355,       1.827477667
          0,           0,         469,      -3.635454052,     -0.8731884753,     -0.9676184357,       1.841645682
          0,           0,         470,       -3.69100741,     -0.8875870176,     -0.9658447106,       1.785870671
          0,           0,         471,      -3.649985625,     -0.8805174413,     -0.9660068249,       1.826410856
          0,           0,         472,       -3.63584421,     -0.8787649175,     -0.9654021698,       1.840489924
          0,           0,         473,      -3.692163993,     -0.8937404651,     -0.9623425477,       1.783930377
          0,           0,         474,      -3.653080423,     -0.8868961537,     -0.9615116417,       1.822633819
          0,           0,         475,      -3.640062481,     -0.8853445211,      -0.960070058,       1.835612565
          0,           0,         476,      -3.698076371,     -0.9011462035,     -0.9558780263,        1.77735155
          0,           0,         477,      -3.660501006,     -0.8947277668,     -0.9543883697,       1.814538187
          0,           0,         478,      -3.647796952,      -0.893341769,     -0.9526263882,       1.827169969
          0,           0,         479,      -3.707163925,      -0.909900745,     -0.9479698601,       1.767517092
          0,           0,         480,      -3.670200257,     -0.9036843994,     -0.9464785087,       1.804075148
          0,           0,         481,      -3.657206599,      -0.902187714,     -0.9449520048,       1.816993536
          0,           0,         482,       -3.65786313,     -0.9039029717,     -0.9433771734,       1.816191292
          0,           0,         483,      -3.721138267,     -0.9216430538,     -0.9386248669,       1.752647562
          0,           0,         484,      -3.687771271,     -0.9163628696,     -0.9371419308,       1.785661009
          0,           0,         485,       -3.67481728,     -0.9149064096,       -0.93583211,       1.798666949
          0,           0,         486,      -3.675452883,     -0.9166186162,     -0.9346127913,       1.797993482
          0,           0,         487,      -3.681417597,     -0.9196826239,     -0.9332798915,       1.791925835
          0,           0,         488,      -3.688683188,     -0.9231925245,     -0.9317760287,       1.784579662
          0,           0,         489,      -3.696075289,     -0.9269020561,     -0.9301797438,       1.777174395
          0,           0,         490,      -3.703450159,     -0.9307932367,     -0.9286229356,       1.769843135
          0,           0,         491,      -3.710802633,      -0.934869847,     -0.9272357909,       1.762549083
          0,           0,         492,      -3.718047303,     -0.9390873465,       -0.92611764,        1.75533455
          0,           0,         493,      -3.725009964,      -0.943348149,     -0.9253342579,       1.748345583
          0,           0,         494,       -3.73155873,     -0.9475300751,     -0.9249233844,       1.741719307
          0,           0,         495,      -3.737670462,      -0.951528805,     -0.9248967866,       1.735509227
          0,           0,         496,      -3.743437976,     -0.9552860473,     -0.9252419021,       1.729665341
          0,           0,         497,      -3.749039897,     -0.9588033983,     -0.9259307691,        1.72405286
          0,           0,         498,      -3.754675587,     -0.9621340053,     -0.9269282213,       1.718504028
          0,           0,         499,      -3.760499552,     -0.9653588247,      -0.928204653,       1.712877912
          0,           0,         500,      -3.766575178,     -0.9685568533,     -0.9297401414,       1.707105984
          0,           0,         501,      -3.772869878,     -0.9717828742,     -0.9315272577,       1.701200708
          0,           0,         502,      -3.779279016,     -0.9750580818,     -0.9335626611,       1.695236241
          0,           0,         503,      -3.785664015,     -0.9783656741,     -0.9358490152,       1.689319749
          0,           0,         504,      -3.791887864,     -0.9816617684,     -0.9383911864,        1.68356256
          0,           0,         505,      -3.797846588,     -0.9848909808,     -0.9411904045,       1.678056016
          0,           0,         506,      -3.803485461,     -0.9880014502,     -0.9442428514,        1.67285616
          0,           0,         507,      -3.808789519,     -0.9909550916,     -0.9475422009,        1.66799038
          0,           0,         508,      -3.813757613,     -0.9937325483,     -0.9510821599,       1.663477186
          0,           0,         509,      -3.818390508,     -0.9963303661,     -0.9548595708,       1.659331047
          0,           0,         510,      -3.822677921,     -0.9987526346,     -0.9588759749,       1.655570062
          0,           0,         511,      -3.826603586,      -1.001006209,     -0.9631367262,       1.652206842
          0,           0,         512,      -3.830144566,      -1.003095543,     -0.9676478232,       1.649251755
          0,           0,         513,      -3.833299016,       -1.00502227,     -0.9724127234,       1.646686129
          0,           0,         514,      -3.836080252,      -1.006781475,     -0.9774333217,        1.64447586
          0,           0,         515,      -3.838514647,      -1.008369711,     -0.9826970776,       1.642577713
          0,           0,         516,      -3.840646172,      -1.009785682,     -0.9881837931,        1.64093645
          0,           0,         517,      -3.842520503,      -1.011031267,      -0.993869639,       1.639503514
          0,           0,         518,      -3.844173854,      -1.012113356,     -0.9997289484,       1.638246418
          0,           0,         519,      -3.845630967,      -1.013044067,      -1.005737641,       1.637147573
          0,           0,         520,       -3.84690418,      -1.013838447,      -1.011876139,       1.636201524
          0,           0,         521,      -3.847998833,       -1.01451263,      -1.018130506,       1.635406842
          0,           0,         522,      -3.848920413,      -1.015082702,      -1.024491804,       1.634757737
          0,           0,         523,      -3.849680894,      -1.015562822,      -1.030954259,       1.634238669
          0,           0,         524,      -3.850302095,      -1.015965628,      -1.037512239,       1.633822327
          0,           0,         525,      -3.850816694,      -1.016303392,      -1.044157328,       1.633470941
          0,           0,         526,      -3.851266359,      -1.016589777,       -1.05087671,       1.633140174
          0,           0,         527,      -3.851696915,      -1.016841101,      -1.057652596,       1.632784862
          0,           0,         528,      -3.852152628,      -1.017076586,      -1.064463189,       1.632364711
          0,           0,         529,       -3.85267067,      -1.017318333,      -1.071284666,       1.631848869
          0,           0,         530,      -3.853278171,      -1.017589551,      -1.078093334,        1.63121718
          0,           0,         531,      -3.853992133,       -1.01791266,      -1.084867407,         1.6304589
          0,           0,         532,      -3.854821751,      -1.018309094,      -1.091588064,       1.629569492
          0,           0,         533,      -3.855773654,      -1.018797518,      -1.098239389,        1.62854526
          0,           0,         534,      -3.856855286,      -1.019394135,       -1.10480751,        1.62738026
          0,           0,         535,      -3.858076887,      -1.020113276,      -1.111279632,       1.626064918
          0,           0,         536,       -3.85945178,      -1.020967905,      -1.117643292,       1.624586457
          0,           0,         537,      -3.860994644,      -1.021970499,      -1.123886097,       1.622931292
          0,           0,         538,      -3.862718663,      -1.023133276,      -1.129996035,       1.621088101
          0,           0,         539,      -3.864632713,      -1.024467769,      -1.135962254,       1.619050551
          0,           0,         540,      -3.866739444,      -1.025985088,      -1.141775826,       1.616818875
          0,           0,         541,      -3.869035637,       -1.02769517,      -1.147430444,       1.614398957
          0,           0,         542,      -3.871514524,      -1.029605339,      -1.152922494,        1.61179978
          0,           0,         543,      -3.874166313,      -1.031720205,      -1.158250771,        1.60903258
          0,           0,         544,       -3.87697997,      -1.034041427,      -1.163416144,       1.606109076
          0,           0,         545,      -3.879944509,      -1.036569029,      -1.168420093,       1.603040545
          0,           0,         546,      -3.883048292,      -1.039300843,      -1.173266958,       1.599838599
          0,           0,         547,      -3.886283687,      -1.042234039,      -1.177960018,       1.596510829
          0,           0,         548,      -3.889643362,      -1.045364963,      -1.182502261,       1.593064771
          0,           0,         549,      -3.893118668,      -1.048690241,      -1.186896657,       1.589509453
          0,           0,         550,      -3.896701463,      -1.052207186,      -1.191147792,       1.585853555
          0,           0,         551,      -3.900383239,      -1.055912763,      -1.195260274,       1.582106108
          0,           0,         552,      -3.904154425,      -1.059803089,      -1.199238969,       1.578276891
          0,           0,         553,      -3.908004607,      -1.063873063,      -1.203089195,       1.574376063
          0,           0,         554,      -3.911923093,      -1.068115551,         -1.206816,       1.570413641
          0,           0,         555,      -3.915898143,       -1.07252312,      -1.210424994,       1.566400294
          0,           0,         556,      -3.919920544,      -1.077086664,      -1.213921332,       1.562344166
          0,           0,         557,      -3.923982139,      -1.081796281,      -1.217309551,       1.558252382
          0,           0,         558,      -3.928074946,      -1.086641421,      -1.220593687,        1.55413199
          0,           0,         559,      -3.932190424,      -1.091611431,      -1.223777516,       1.549990788
          0,           0,         560,      -3.936319695,      -1.096695891,       -1.22686492,       1.545837065
          0,           0,         561,      -3.940454344,      -1.101884507,      -1.229858786,       1.541678841
          0,           0,         562,      -3.944585226,      -1.107168262,      -1.232764272,       1.537524677
          0,           0,         563,      -3.948706442,      -1.112538333,       -1.23558698,       1.533379867
          0,           0,         564,      -3.952815598,      -1.117985875,      -1.238331973,       1.529246158
          0,           0,         565,      -3.956912658,      -1.123502278,      -1.241003857,       1.525122861
          0,           0,         566,       -3.96099959,      -1.129079053,      -1.243606438,       1.521007317
          0,           0,         567,      -3.965079572,      -1.134708185,      -1.246142926,       1.516895779
          0,           0,         568,      -3.969156933,         -1.140382,      -1.248616023,       1.512783519
          0,           0,         569,      -3.973236193,      -1.146093178,      -1.251028148,        1.50866582
          0,           0,         570,      -3.977320805,      -1.151834786,      -1.253381764,       1.504539192
          0,           0,         571,      -3.981412321,      -1.157600318,      -1.255679758,       1.500402113
          0,           0,         572,      -3.985510367,      -1.163383969,        -1.2579261,       1.496254977
          0,           0,         573,      -3.989613782,       -1.16917996,      -1.260125635,       1.492098914
          0,           0,         574,       -3.99372099,      -1.174982702,      -1.262284057,       1.487935401
          0,           0,         575,       -3.99783051,      -1.180786982,      -1.264407531,       1.483765759
          0,           0,         576,      -4.001942213,      -1.186588084,      -1.266502392,       1.479589975
          0,           0,         577,      -4.006057535,      -1.192381701,      -1.268574789,       1.475406575
          0,           0,         578,      -4.010179359,      -1.198164102,      -1.270630443,       1.471212779
          0,           0,         579,      -4.014311571,      -1.203932093,      -1.272674417,       1.467004962
          0,           0,         580,      -4.018458696,      -1.209683173,      -1.274711189,       1.462778985
          0,           0,         581,      -4.022624828,      -1.215415384,      -1.276744716,       1.458531216
          0,           0,         582,      -4.026812874,      -1.221127138,      -1.278778622,        1.45425918
          0,           0,         583,      -4.031024012,      -1.226817079,      -1.280816334,       1.449962044
          0,           0,         584,      -4.035257487,      -1.232483852,       -1.28286121,       1.445640794
          0,           0,         585,      -4.039510928,      -1.238125946,      -1.284916564,       1.441297911
          0,           0,         586,      -4.043780651,      -1.243741631,      -1.286985654,         1.4369371
          0,           0,         587,      -4.048062019,      -1.249329079,      -1.289071422,       1.432562984
          0,           0,         588,      -4.052350598,       -1.25488628,      -1.291176653,       1.428180015
          0,           0,         589,      -4.056642203,      -1.260411065,      -1.293303717,       1.423792482
          0,           0,         590,        -4.0609332,      -1.265901254,       -1.29545447,        1.41940423
          0,           0,         591,      -4.065220673,      -1.271354698,      -1.297630194,       1.415018497
          0,           0,         592,      -4.069502243,       -1.27676947,      -1.299831576,       1.410638035
          0,           0,         593,      -4.073775887,      -1.282143864,      -1.302058748,       1.406265243
          0,           0,         594,      -4.078039678,      -1.287476366,      -1.304311343,       1.401902378
          0,           0,         595,      -4.082291524,       -1.29276558,      -1.306588575,       1.397551778
          0,           0,         596,      -4.086528949,      -1.298010195,      -1.308889334,       1.393216089
          0,           0,         597,      -4.090749091,      -1.303208906,      -1.311212261,       1.388898262
          0,           0,         598,      -4.094948776,      -1.308360409,      -1.313555842,       1.384601512
          0,           0,         599,      -4.099124595,      -1.313463353,      -1.315918457,       1.380329275
          0,           0,         600,      -4.103273107,      -1.318516328,      -1.318298455,       1.376085041
          0,           0,         601,         -4.107391,      -1.323517927,      -1.320694173,       1.371872179
          0,           0,         602,      -4.111475421,      -1.328466728,      -1.323103979,       1.367693626
          0,           0,         603,      -4.115524067,      -1.333361356,      -1.325526287,        1.36355177
          0,           0,         604,      -4.119535265,      -1.338200518,       -1.32795958,       1.359448355
          0,           0,         605,      -4.123508042,      -1.342983036,      -1.330402432,       1.355384386
          0,           0,         606,      -4.127442142,      -1.347707909,      -1.332853484,       1.351360115
          0,           0,         607,      -4.131337831,      -1.352374405,      -1.335311473,       1.347375218
          0,           0,         608,      -4.135195886,      -1.356981976,      -1.337775269,       1.343428839
          0,           0,         609,      -4.139017337,      -1.361530262,      -1.340243923,        1.33951986
          0,           0,         610,      -4.142803447,       -1.36601911,      -1.342716697,       1.335646927
          0,           0,         611,      -4.146555661,      -1.370448459,      -1.345193192,       1.331808534
          0,           0,         612,      -4.150275233,      -1.374818663,      -1.347672954,       1.328003285
          0,           0,         613,      -4.153963479,      -1.379130024,      -1.350155938,       1.324229757
          0,           0,         614,      -4.157621675,      -1.383382906,      -1.352642388,       1.320486549
          0,           0,         615,       -4.16125133,      -1.387577698,      -1.355132797,       1.316772009
          0,           0,         616,       -4.16485414,      -1.391714875,      -1.357627884,       1.313084258
          0,           0,         617,      -4.168431998,      -1.395794945,      -1.360128554,       1.309421222
          0,           0,         618,      -4.171987022,      -1.399818476,      -1.362635909,       1.305780592
          0,           0,         619,      -4.175521558,      -1.403786106,      -1.365151209,       1.302159847
          0,           0,         620,      -4.179038063,      -1.407698525,      -1.367675859,       1.298556375
          0,           0,         621,       -4.18253903,      -1.411556552,      -1.370211402,       1.294967549
          0,           0,         622,      -4.186026851,      -1.415361013,      -1.372759495,       1.291390876
          0,           0,         623,      -4.189503709,      -1.419112763,      -1.375321902,       1.287824093
          0,           0,         624,      -4.192971552,      -1.422812635,      -1.377900483,       1.284265181
          0,           0,         625,      -4.196432084,      -1.426461417,      -1.380497164,       1.280712366
          0,           0,         626,      -4.199886785,      -1.430059867,      -1.383113924,       1.277164103
          0,           0,         627,       -4.20333676,       -1.43360868,       -1.38575266,       1.273619187
          0,           0,         628,      -4.206782946,      -1.437108438,      -1.388415266,       1.270076594
          0,           0,         629,      -4.210225983,      -1.440559642,      -1.391103603,       1.266535607
          0,           0,         630,      -4.213666245,       -1.44396266,      -1.393819481,       1.262995794
          0,           0,         631,      -4.217103893,      -1.447317856,       -1.39656463,       1.259456967
          0,           0,         632,      -4.220538808,      -1.450625559,      -1.399340696,       1.255919256
          0,           0,         633,      -4.132417113,      -1.423324875,      -1.407103803,        1.34421942
          0,           0,         634,      -4.250220677,      -1.460575018,      -1.407427385,       1.223318005
          0,           0,         635,      -4.243276076,      -1.462150046,      -1.409477558,       1.232791389
          0,           0,         636,      -4.237498267,      -1.463835093,      -1.411548176,       1.239356108
          0,           0,         637,      -4.239578126,      -1.467422978,       -1.41358317,        1.23704335
          0,           0,         638,      -4.156378405,      -1.442608043,      -1.419992297,       1.319887871
          0,           0,         639,      -4.277252861,      -1.479794301,       -1.42012651,       1.196244949
          0,           0,         640,      -4.186814818,      -1.456350244,       -1.42582472,       1.289219165
          0,           0,         641,      -4.232635156,      -1.472110199,      -1.427548303,       1.243236935
          0,           0,         642,      -4.255448129,      -1.481062252,      -1.429410077,       1.220461725
          0,           0,         643,      -4.265720142,      -1.486787964,      -1.431550083,       1.210016469
          0,           0,         644,      -4.186453451,      -1.464377336,      -1.437551108,       1.289096537
          0,           0,         645,      -4.307783384,      -1.500325836,      -1.438129585,        1.16566902
          0,           0,         646,       -4.21171702,       -1.47620176,      -1.443804071,       1.263836188
          0,           0,         647,      -4.255692274,      -1.490887935,      -1.445715197,       1.219678024
          0,           0,         648,      -4.277300569,      -1.498951417,      -1.447946208,       1.197970434
          0,           0,         649,      -4.286752129,      -1.503848415,      -1.450605584,       1.188249386
          0,           0,         650,       -4.20525329,      -1.480543473,      -1.456999345,       1.269605882
          0,           0,         651,      -4.266068704,      -1.499828784,      -1.459758192,       1.208197895
          0,           0,         652,      -4.293394291,      -1.509004387,      -1.462678763,       1.181050613
          0,           0,         653,      -4.301510544,       -1.51346031,      -1.465879625,       1.173012784
          0,           0,         654,      -4.218806973,      -1.490359804,      -1.472442339,       1.255688746
          0,           0,         655,       -4.27879436,      -1.509203593,      -1.475213147,       1.195216284
          0,           0,         656,      -4.305873993,      -1.518335661,      -1.478091845,       1.168222798
          0,           0,         657,      -4.313930101,       -1.52283648,       -1.48124035,       1.160139307
          0,           0,         658,      -4.231002956,      -1.500030321,      -1.487711061,       1.243045758
          0,           0,         659,      -4.290831422,      -1.518590201,      -1.490494742,       1.182842219
          0,           0,         660,       -4.31717558,      -1.527457131,      -1.493517835,       1.156570773
          0,           0,         661,      -4.324455531,      -1.531721725,      -1.496891804,       1.149206223
          0,           0,         662,      -4.240699009,      -1.508776242,      -1.503686794,       1.232954274
          0,           0,         663,      -4.300733786,      -1.527184929,      -1.506712439,       1.172631155
          0,           0,         664,      -4.326744621,      -1.535894346,      -1.509983957,       1.146665299
          0,           0,         665,      -4.333639612,      -1.540038256,      -1.513579682,       1.139634683
          0,           0,         666,      -4.249626579,      -1.517151279,      -1.520677111,       1.223669115
          0,           0,         667,      -4.309757779,      -1.535462321,      -1.523798586,       1.163335655
          0,           0,         668,      -4.335381587,      -1.544088186,      -1.527117532,       1.137732309
          0,           0,         669,      -4.341935365,      -1.548214781,      -1.530721562,       1.130999085
          0,           0,         670,      -4.342444049,      -1.550686392,      -1.534406482,       1.130186042
          0,           0,         671,      -4.255116276,      -1.526406548,      -1.541807521,         1.2177097
          0,           0,         672,      -4.381110534,      -1.560733888,      -1.543621595,       1.091624866
          0,           0,         673,       -4.28026092,       -1.53664377,      -1.550974892,       1.192938059
          0,           0,         674,      -4.325634366,      -1.550639295,      -1.553697948,        1.14742428
          0,           0,         675,      -4.345154107,      -1.557978287,      -1.556619945,       1.127561969
          0,           0,         676,      -4.351965117,      -1.562400279,      -1.559808345,       1.120341803
          0,           0,         677,      -4.354062007,      -1.565511325,      -1.563125148,       1.117922486
          0,           0,         678,      -4.354162623,      -1.567802679,      -1.566503606,        1.11761937
          0,           0,         679,      -4.353397212,      -1.569556485,      -1.569939734,       1.118262338
          0,           0,         680,      -4.352766905,       -1.57111858,      -1.573450725,       1.118801822
          0,           0,         681,      -4.352883845,      -1.572773945,      -1.577052407,       1.118600072
          0,           0,         682,      -4.353747268,        -1.5746348,       -1.58073917,       1.117653708
          0,           0,         683,      -4.355021288,      -1.576674527,      -1.584466639,       1.116302591
          0,           0,         684,      -4.356404678,      -1.578824268,      -1.588153557,       1.114850539
          0,           0,         685,      -4.357778469,      -1.581041073,       -1.59170418,       1.113415323
          0,           0,         686,      -4.359164325,      -1.583325844,      -1.595035688,       1.111971386
          0,           0,         687,      -4.360637618,      -1.585711111,      -1.598096277,       1.110438155
          0,           0,         688,      -4.362265525,      -1.588237232,      -1.600869609,       1.108742917
          0,           0,         689,      -4.364072047,      -1.590929477,      -1.603369465,       1.106856832
          0,           0,         690,      -4.366022773,      -1.593783737,      -1.605630179,       1.104811388
          0,           0,         691,      -4.368031265,      -1.596764907,      -1.607696465,       1.102692986
          0,           0,         692,      -4.369984581,      -1.599816575,      -1.609614526,       1.100617611
          0,           0,         693,      -4.371775641,      -1.602876339,      -1.611425117,       1.098697751
          0,           0,         694,      -4.373329502,      -1.605890503,      -1.613158984,       1.097014726
          0,           0,         695,      -4.374618471,      -1.608824414,      -1.614834235,       1.095601986
          0,           0,         696,      -4.375667543,      -1.611667492,      -1.616455474,       1.094438379
          0,           0,         697,      -4.376552186,       -1.61443342,      -1.618014538,       1.093449719
          0,           0,         698,      -4.377388101,      -1.617156262,      -1.619492679,       1.092519162
          0,           0,         699,      -4.378311528,      -1.619883363,      -1.620864199,        1.09150766
          0,           0,         700,      -4.379452412,      -1.622665562,      -1.622101155,       1.090281874
          0,           0,         701,      -4.380907202,      -1.625548437,      -1.623178506,       1.088742404
          0,           0,         702,      -4.382719993,      -1.628563338,      -1.624078689,       1.086843281
          0,           0,         703,      -4.384877394,      -1.631723798,      -1.624794709,       1.084597251
          0,           0,         704,       -4.38731761,      -1.635025465,      -1.625331314,       1.082066378
          0,           0,         705,      -4.389948885,      -1.638448966,      -1.625704139,       1.079343037
          0,           0,         706,      -4.392670492,      -1.641964421,      -1.625937302,       1.076528413
          0,           0,         707,      -4.395391281,      -1.645536413,      -1.626059928,       1.073713709
          0,           0,         708,      -4.398042227,      -1.649128704,      -1.626102591,        1.07096772
          0,           0,         709,      -4.400582694,      -1.652708376,      -1.626094003,        1.06833095
          0,           0,         710,      -4.403001808,       -1.65624931,      -1.626058305,       1.065814666
          0,           0,         711,      -4.405316814,      -1.659734799,      -1.626013278,       1.063402807
          0,           0,         712,      -4.407569423,      -1.663159182,      -1.625969499,       1.061055664
          0,           0,         713,      -4.409819704,      -1.666527919,      -1.625930131,       1.058715693
          0,           0,         714,      -4.412137516,      -1.669855822,      -1.625892738,       1.056315624
          0,           0,         715,      -4.414591565,      -1.673163848,      -1.625850417,       1.053788843
          0,           0,         716,      -4.417237944,       -1.67647445,       -1.62579451,        1.05108045
          0,           0,         717,      -4.420110927,      -1.679806745,      -1.625717448,       1.048156247
          0,           0,         718,      -4.423218252,       -1.68317221,      -1.625614806,       1.045007466
          0,           0,         719,      -4.426541815,      -1.686572377,      -1.625487112,       1.041650326
          0,           0,         720,      -4.430043982,      -1.689998237,      -1.625340281,       1.038120131
          0,           0,         721,      -4.433676787,      -1.693431637,      -1.625185332,       1.034462689
          0,           0,         722,      -4.437391813,      -1.696847925,      -1.625037439,       1.030725027
          0,           0,         723,      -4.441147588,      -1.700219709,      -1.624914563,       1.026948456
          0,           0,         724,      -4.444914938,      -1.703519732,      -1.624834854,       1.023163325
          0,           0,         725,      -4.448678612,       -1.70672411,      -1.624815061,       1.019387318
          0,           0,         726,      -4.452436909,      -1.709814728,      -1.624869437,       1.015625376
          0,           0,         727,       -4.45619966,      -1.712780105,      -1.625008553,       1.011871029
          0,           0,         728,      -4.459984565,       -1.71561494,      -1.625238844,       1.008109351
          0,           0,         729,      -4.463812651,      -1.718319217,      -1.625563105,       1.004320967
          0,           0,         730,      -4.467703681,      -1.720895657,      -1.625980639,       1.000486495
          0,           0,         731,      -4.471672099,      -1.723347935,      -1.626489041,       0.996590646
          0,           0,         732,      -4.475724082,      -1.725678265,      -1.627085433,      0.9926256938
          0,           0,         733,      -4.479856292,      -1.727885895,      -1.627767664,      0.9885932424
          0,           0,         734,      -4.484056399,      -1.729966477,      -1.628535254,      0.9845042061
          0,           0,         735,      -4.488304884,      -1.731912309,      -1.629389928,      0.9803773609
          0,           0,         736,      -4.492577668,      -1.733713235,      -1.630335718,      0.9762368448
          0,           0,         737,      -4.496848861,       -1.73535802,      -1.631378741,      0.9721093043
          0,           0,         738,       -4.50109307,      -1.736835783,      -1.632526484,      0.9680212843
          0,           0,         739,      -4.505287289,      -1.738137226,      -1.633786929,      0.9639969385
          0,           0,         740,      -4.509411967,      -1.739255481,      -1.635168037,      0.9600565907
          0,           0,         741,       -4.51345108,      -1.740186501,      -1.636676968,      0.9562164246
          0,           0,         742,       -4.43995462,      -1.719502013,      -1.635598357,       1.031050285
          0,           0,         743,      -4.494110723,      -1.732148023,       -1.63803034,      0.9762305372
          0,           0,         744,      -4.522204046,      -1.737798723,      -1.640690849,       0.948178068
          0,           0,         745,      -4.534823503,      -1.740632791,      -1.643473912,      0.9360461293
          0,           0,         746,      -4.469116315,      -1.723779088,      -1.643088811,       1.002955098
          0,           0,         747,       -4.52164781,      -1.735674423,      -1.646001034,      0.9500113649
          0,           0,         748,      -4.546957017,      -1.741017114,      -1.649074141,      0.9246594864
          0,           0,         749,      -4.555661411,        -1.7430508,      -1.652205119,      0.9161532503
          0,           0,         750,        -4.4867136,      -1.725307133,      -1.651637846,      0.9859812538
          0,           0,         751,       -4.53571372,      -1.734917418,      -1.654976823,      0.9365800122
          0,           0,         752,      -4.557507119,      -1.738432192,      -1.658966413,      0.9147963031
          0,           0,         753,      -4.494993113,      -1.721814215,      -1.659322191,      0.9783019049
          0,           0,         754,      -4.541754161,      -1.730493117,      -1.663886899,         0.9314776
          0,           0,         755,      -4.561742413,      -1.733765239,      -1.669113704,      0.9116568347
          0,           0,         756,      -4.500377237,      -1.717718702,      -1.670134672,      0.9738191375
          0,           0,         757,      -4.546758978,      -1.726204923,      -1.675188985,      0.9273930096
          0,           0,         758,      -4.566047707,      -1.729370347,      -1.680829572,      0.9080884037
          0,           0,         759,      -4.505817818,       -1.71366549,      -1.681837471,      0.9688871971
          0,           0,         760,       -4.55113186,      -1.721636671,      -1.687109095,      0.9234777546
          0,           0,         761,      -4.568831548,       -1.72447138,      -1.693199038,      0.9056931131
          0,           0,         762,      -4.509545567,      -1.709027571,      -1.694483428,      0.9655560473
          0,           0,         763,      -4.552615345,       -1.71643227,      -1.700247788,      0.9224726069
          0,           0,         764,      -4.568273265,      -1.719021317,      -1.706994954,      0.9067613202
          0,           0,         765,      -4.569738742,      -1.719048481,      -1.713925314,      0.9053434555
          0,           0,         766,      -4.504961387,      -1.701779236,      -1.714965298,      0.9707538758
          0,           0,         767,       -4.54777037,       -1.70874188,      -1.720391295,      0.9279506725
          0,           0,         768,      -4.563260076,      -1.711258124,      -1.727162736,      0.9122895385
          0,           0,         769,      -4.564352637,      -1.711531975,      -1.734507614,       0.911092422
          0,           0,         770,      -4.561149657,      -1.710683466,      -1.741675807,      0.9142701395
          0,           0,         771,      -4.496872956,      -1.692996663,      -1.742187291,      0.9791401722
          0,           0,         772,      -4.540694485,      -1.700408686,       -1.74729068,      0.9351859412
          0,           0,         773,      -4.556013652,       -1.70356352,      -1.754237404,      0.9195713058
          0,           0,         774,      -4.556622071,      -1.704625632,      -1.762080003,      0.9188004456
          0,           0,         775,      -4.553247909,      -1.704600897,      -1.769817073,      0.9221326041
          0,           0,         776,      -4.550184117,      -1.703934869,      -1.776779131,      0.9252024835
          0,           0,         777,      -4.548107132,      -1.702844225,      -1.782713982,      0.9272997161
          0,           0,         778,      -4.546743947,      -1.701565624,      -1.787746714,      0.9286847162
          0,           0,         779,      -4.545854231,      -1.700393526,      -1.792252515,      0.9295830782
          0,           0,         780,      -4.545217336,      -1.699570313,      -1.796663014,      0.9301982703
          0,           0,         781,      -4.544557697,       -1.69919315,      -1.801276519,      0.9307965755
          0,           0,         782,      -4.543673413,      -1.699215305,      -1.806164406,      0.9315837595
          0,           0,         783,      -4.542551284,      -1.699512924,      -1.811203376,      0.9325868055
          0,           0,         784,      -4.541319614,      -1.699956733,      -1.816181286,      0.9336940598
          0,           0,         785,      -4.540120825,      -1.700454664,      -1.820901563,      0.9347766805
          0,           0,         786,      -4.539034197,      -1.700964869,      -1.825242801,      0.9357627729
          0,           0,         787,      -4.538079029,      -1.701490445,      -1.829170275,      0.9366335966
          0,           0,         788,      -4.537250076,       -1.70206494,      -1.832714963,      0.9373894471
          0,           0,         789,      -4.536539179,      -1.702733406,      -1.835938743,      0.9380307568
          0,           0,         790,      -4.535939614,      -1.703534266,      -1.838900689,      0.9385567883
          0,           0,         791,      -4.535450469,      -1.704490401,      -1.841633209,      0.9389634612
          0,           0,         792,      -4.535082985,      -1.705608992,      -1.844135381,      0.9392377651
          0,           0,         793,      -4.534860463,      -1.706887522,      -1.846380946,      0.9393574872
          0,           0,         794,        -4.5348079,      -1.708320354,      -1.848334164,      0.9393006257
          0,           0,         795,      -4.534939077,      -1.709902636,       -1.84996514,      0.9390571848
          0,           0,         796,      -4.535250771,      -1.711631295,      -1.851259197,      0.9386338774
          0,           0,         797,      -4.535726441,      -1.713504308,      -1.852219131,      0.9380495751
          0,           0,         798,      -4.536344659,      -1.715519471,      -1.852862169,      0.9373264202
          0,           0,         799,      -4.537086271,      -1.717673406,      -1.853214427,      0.9364827182
          0,           0,         800,      -4.537937814,       -1.71996121,      -1.853305229,      0.9355300205
          0,           0,         801,      -4.538891899,      -1.722376918,      -1.853162854,      0.9344734625
          0,           0,         802,      -4.539946314,      -1.724914575,      -1.852812144,      0.9333133179
          0,           0,         803,      -4.541102656,       -1.72756948,      -1.852273882,       0.932046829
          0,           0,         804,      -4.542364894,      -1.730339027,      -1.851565438,      0.9306697948
          0,           0,         805,      -4.543738013,      -1.733222886,      -1.850701956,      0.9291778261
          0,           0,         806,      -4.545226889,      -1.736222495,      -1.849697597,      0.9275671801
          0,           0,         807,      -4.546835574,      -1.739339972,      -1.848566472,       0.925835098
          0,           0,         808,      -4.548566976,       -1.74257754,      -1.847323347,      0.9239797708
          0,           0,         809,      -4.550422748,       -1.74593669,      -1.845983928,      0.9220002286
          0,           0,         810,      -4.552403235,      -1.749417857,      -1.844564909,      0.9198963165
          0,           0,         811,      -4.554507423,      -1.753020136,      -1.843083724,      0.9176688216
          0,           0,         812,      -4.556732874,      -1.756741529,      -1.841558209,      0.9153196983
          0,           0,         813,      -4.559075784,      -1.760579494,      -1.840006197,      0.9128522266
          0,           0,         814,      -4.561531191,      -1.764530838,      -1.838445006,       0.910270973
          0,           0,         815,      -4.564093421,      -1.768591894,      -1.836890821,      0.9075814338
          0,           0,         816,      -4.566756839,       -1.77275871,      -1.835358444,      0.9047892802
          0,           0,         817,      -4.569516755,      -1.777027192,      -1.833861006,      0.9018993896
          0,           0,         818,      -4.572370322,      -1.781393354,      -1.832409815,      0.8989148392
          0,           0,         819,      -4.575317197,      -1.785853609,      -1.831014365,      0.8958361689
          0,           0,         820,      -4.578359759,      -1.790405089,      -1.829682506,       0.892661119
          0,           0,         821,       -4.58150268,      -1.795045808,      -1.828420713,      0.8893850914
          0,           0,         822,      -4.584751969,      -1.799774649,      -1.827234461,      0.8860021684
          0,           0,         823,       -4.58811367,        -1.8045911,       -1.82612867,      0.8825064884
          0,           0,         824,      -4.591592355,      -1.809494816,      -1.825107948,      0.8788938057
          0,           0,         825,      -4.595190185,      -1.814484988,      -1.824176975,      0.8751624254
          0,           0,         826,      -4.598906236,      -1.819559738,      -1.823340678,      0.8713138162
          0,           0,         827,       -4.60273639,      -1.824715662,      -1.822604229,      0.8673526209
          0,           0,         828,      -4.606673827,      -1.829947633,      -1.821972952,      0.8632860562
          0,           0,         829,      -4.610709946,       -1.83524892,      -1.821452096,      0.8591229241
          0,           0,         830,      -4.614835602,      -1.840611597,      -1.821046651,      0.8548723604
          0,           0,         831,      -4.619042159,      -1.846027242,      -1.820760826,      0.8505428294
          0,           0,         832,      -4.623322805,       -1.85148757,       -1.82059798,      0.8461409184
          0,           0,         833,      -4.627673233,      -1.856985031,      -1.820560559,      0.8416708087
          0,           0,         834,      -4.632091752,      -1.862513191,      -1.820650013,      0.8371342772
          0,           0,         835,      -4.636578944,      -1.868066745,      -1.820866945,      0.8325311247
          0,           0,         836,      -4.641136671,      -1.873641353,      -1.821211377,      0.8278601644
          0,           0,         837,      -4.645766881,      -1.879232999,      -1.821683075,       0.823120342
          0,           0,         838,       -4.65047017,      -1.884837315,      -1.822281867,      0.8183120458
          0,           0,         839,      -4.655244562,      -1.890448969,      -1.823007878,      0.8134381719
          0,           0,         840,      -4.660084861,      -1.896061222,      -1.823861643,      0.8085046358
          0,           0,         841,       -4.66498259,      -1.901665775,      -1.824844112,      0.8035203454
          0,           0,         842,      -4.669926596,      -1.907252944,      -1.825956509,      0.7984965919
          0,           0,         843,      -4.674904101,      -1.912812025,      -1.827200109,      0.7934460691
          0,           0,         844,       -4.67990197,      -1.918332014,      -1.828575953,      0.7883817473
          0,           0,         845,      -4.684908012,      -1.923802409,      -1.830084815,       0.783315713
          0,           0,         846,      -4.620865265,      -1.903326896,       -1.83620096,      0.8483972409
          0,           0,         847,      -4.667181036,      -1.920144339,      -1.837980983,      0.8009207729
          0,           0,         848,      -4.689438156,      -1.931150228,      -1.839007845,      0.7784828869
          0,           0,         849,      -4.700335332,      -1.940273691,      -1.839702044,      0.7678000687
          0,           0,         850,      -4.708227633,      -1.948942798,      -1.840293461,      0.7601518585
          0,           0,         851,      -4.653251007,      -1.933410373,      -1.844901646,      0.8160687598
          0,           0,         852,      -4.700976022,      -1.952202636,       -1.84602026,      0.7674926643
          0,           0,         853,      -4.723400819,      -1.963716643,      -1.847059127,      0.7449905064
          0,           0,         854,      -4.671172179,      -1.948985853,      -1.851911973,      0.7980985873
          0,           0,         855,      -4.717970832,      -1.967307567,      -1.853406568,      0.7505084162
          0,           0,         856,       -4.73949473,      -1.978647304,      -1.854833091,      0.7289161885
          0,           0,         857,      -4.687721693,      -1.964255905,      -1.859884689,       0.781567335
          0,           0,         858,      -4.735274595,       -1.98270382,       -1.86161631,      0.7333234364
          0,           0,         859,      -4.756683211,      -1.993655557,      -1.863380644,      0.7119126426
          0,           0,         860,      -4.702643206,      -1.978273235,      -1.868803889,       0.766861412
          0,           0,         861,        -4.7516455,      -1.996582553,       -1.87093976,      0.7172177481
          0,           0,         862,      -4.772884795,      -2.006835914,      -1.873216677,      0.6959648665
          0,           0,         863,      -4.715955667,      -1.990313309,      -1.879198879,      0.7537924154
          0,           0,         864,       -4.76605642,      -2.008291061,      -1.881815876,      0.7030766197
          0,           0,         865,      -4.786838669,      -2.017790944,      -1.884601217,      0.6822650145
          0,           0,         866,      -4.727254582,      -2.000366523,      -1.891092954,      0.7427618582
          0,           0,         867,      -4.778333529,       -2.01813394,      -1.894063286,      0.6911253138
          0,           0,         868,       -4.73205252,      -2.004438508,      -1.900541712,       0.738134035
          0,           0,         869,       -4.78541272,      -2.022896038,      -1.903585063,      0.6842671889
          0,           0,         870,      -4.805086121,      -2.032201428,       -1.90674477,      0.6646140708
          0,           0,         871,      -4.744811504,      -2.015580998,      -1.913426106,      0.7257910737
          0,           0,         872,      -4.796344237,      -2.033562703,      -1.916471298,      0.6738932997
          0,           0,         873,      -4.748593846,      -2.019984846,      -1.923143214,      0.7223225039
          0,           0,         874,      -4.803058206,      -2.038454167,      -1.926359877,      0.6674781922
          0,           0,         875,      -4.755617292,      -2.025372977,      -1.933220477,      0.7155205632
          0,           0,         876,       -4.80915434,      -2.043584073,      -1.936538145,      0.6616424089
          0,           0,         877,      -4.761476063,      -2.030758743,      -1.943450153,      0.7099086996
          0,           0,         878,      -4.814945203,      -2.048955267,       -1.94670654,      0.6561674589
          0,           0,         879,       -4.76663245,      -2.036109993,      -1.953595369,      0.7050513202
          0,           0,         880,      -4.820444756,       -2.05431562,      -1.956775669,      0.6510206593
          0,           0,         881,       -4.77135858,      -2.041327765,      -1.963698787,      0.7006268509
          0,           0,         882,      -4.825670848,      -2.059544777,      -1.966863437,      0.6461218541
          0,           0,         883,      -4.775790909,       -2.04638738,      -1.973871028,      0.6964591586
          0,           0,         884,      -4.830483872,      -2.064596551,      -1.977019613,      0.6415823683
          0,           0,         885,      -4.847588546,      -2.072516027,      -1.980419401,      0.6243374726
          0,           0,         886,      -4.780546496,      -2.054545662,      -1.987827397,      0.6919793344
          0,           0,         887,      -4.835559655,      -2.072595625,      -1.990936835,      0.6368515052
          0,           0,         888,      -4.782049141,      -2.057883746,      -1.998162957,      0.6907607439
          0,           0,         889,      -4.839607957,      -2.076532481,      -2.001182804,      0.6330110948
          0,           0,         890,      -4.857410298,       -2.08440184,      -2.004355393,       0.614950169
          0,           0,         891,      -4.788058389,      -2.066087043,      -2.011513275,      0.6848171935
          0,           0,         892,      -4.843623077,      -2.084580891,      -2.014086189,      0.6291016365
          0,           0,         893,      -4.862194586,      -2.092748968,       -2.01668884,      0.6102846207
          0,           0,         894,      -4.791967465,      -2.074147979,      -2.023323614,      0.6810370815
          0,           0,         895,      -4.847996229,      -2.092922783,      -2.025454476,      0.6248159365
          0,           0,         896,      -4.866782164,      -2.101155183,      -2.027624536,      0.6057270379
          0,           0,         897,      -4.795984485,      -2.082308501,      -2.033791275,       0.677048902
          0,           0,         898,      -4.851878427,       -2.10118316,      -2.035527669,      0.6209005317
          0,           0,         899,      -4.870643824,       -2.10942867,      -2.037218964,      0.6017952481
          0,           0,         900,      -4.799727229,      -2.090414753,      -2.042695802,      0.6732782722
          0,           0,         901,      -4.855373257,      -2.109422576,      -2.043910154,      0.6173223547
          0,           0,         902,      -4.874274732,      -2.117802718,      -2.045007696,      0.5980650444
          0,           0,         903,      -4.804369955,      -2.099030716,       -2.04958095,      0.6685798445
          0,           0,         904,      -4.859797785,      -2.118219345,      -2.050255967,      0.6127842271
          0,           0,         905,      -4.879064967,      -2.126807594,      -2.050787723,      0.5931484515
          0,           0,         906,      -4.810537197,      -2.108390611,      -2.054446509,      0.6623255764
          0,           0,         907,       -4.86552337,      -2.127563963,       -2.05467935,      0.6069107952
          0,           0,         908,      -4.885025542,      -2.136189267,      -2.054765184,      0.5870358828
          0,           0,         909,      -4.889705724,      -2.141152863,      -2.054848024,      0.5822147966
          0,           0,         910,      -4.817299032,      -2.121190933,      -2.057603558,      0.6554768126
          0,           0,         911,      -4.873092625,      -2.140611952,       -2.05763716,      0.5991731963
          0,           0,         912,      -4.893270602,      -2.148893928,      -2.057532804,      0.5785978082
          0,           0,         913,      -4.824375449,      -2.129411943,      -2.059600666,      0.6482874134
          0,           0,         914,      -4.878407455,      -2.147694578,      -2.059466719,      0.5937090558
          0,           0,         915,      -4.898817559,       -2.15580722,      -2.059119297,      0.5729597698
          0,           0,         916,      -4.833427565,      -2.137593033,      -2.060239329,      0.6391822411
          0,           0,         917,      -4.887464841,      -2.155978766,      -2.059831452,      0.5845551196
          0,           0,         918,       -4.90858857,      -2.164592577,      -2.059248524,      0.5630846111
          0,           0,         919,      -4.845419794,      -2.147513766,      -2.059623462,      0.6270831692
          0,           0,         920,      -4.898365601,      -2.165468092,      -2.059199125,      0.5734804327
          0,           0,         921,      -4.919349564,      -2.173826737,      -2.058711021,      0.5521491847
          0,           0,         922,      -4.856319583,      -2.156541632,      -2.058730873,      0.6160817683
          0,           0,         923,      -4.908027352,      -2.173368557,      -2.058576743,      0.5636925268
          0,           0,         924,      -4.928700596,      -2.180858382,      -2.058423919,      0.5427208265
          0,           0,         925,       -4.86511309,      -2.162876178,      -2.058221075,      0.6073176033
          0,           0,         926,      -4.916190352,      -2.178601251,      -2.058415769,      0.5555782978
          0,           0,         927,      -4.937283318,      -2.185505294,      -2.058630871,      0.5342343876
          0,           0,         928,      -4.875059896,      -2.167746071,      -2.058172097,      0.5974920928
          0,           0,         929,       -4.92596733,      -2.182674697,      -2.058680352,      0.5459211975
          0,           0,         930,      -4.947836956,       -2.18935979,      -2.059242274,      0.5237984856
          0,           0,         931,      -4.887792318,      -2.172356926,      -2.058560252,      0.5848541386
          0,           0,         932,      -4.937998886,      -2.186343568,      -2.059381993,       0.533962929
          0,           0,         933,      -4.893825485,      -2.172815885,      -2.058558856,      0.5788833773
          0,           0,         934,      -4.945587709,      -2.186374004,      -2.059811203,      0.5264447313
          0,           0,         935,      -4.904005826,      -2.173837204,      -2.059227156,      0.5688013997
          0,           0,         936,      -4.954513008,      -2.186849073,      -2.060964564,      0.5176645213
          0,           0,         937,      -4.914077243,      -2.175070446,      -2.060561616,      0.5588536422
          0,           0,         938,      -4.963523387,      -2.187571825,      -2.062674358,      0.5087708546
          0,           0,         939,      -4.923385738,       -2.17591409,      -2.062358473,       0.549647494
          0,           0,         940,      -4.971394436,       -2.18743889,      -2.064828165,      0.5010082502
          0,           0,         941,      -4.930832908,      -2.175349919,       -2.06463706,      0.5423420264
          0,           0,         942,      -4.977331114,      -2.185756642,      -2.067536068,      0.4952563499
          0,           0,         943,      -4.936263506,      -2.173213239,      -2.067523914,      0.5371350817
          0,           0,         944,       -4.98154602,      -2.182754326,      -2.070879341,      0.4913134976
          0,           0,         945,      -4.940663223,      -2.170122487,      -2.071043064,      0.5329982151
          0,           0,         946,      -4.985089762,       -2.17912744,      -2.074825392,       0.488045741
          0,           0,         947,      -4.945165912,      -2.166765024,      -2.075155892,      0.5287138295
          0,           0,         948,      -4.988729106,      -2.175386439,      -2.079341185,      0.4845989233
          0,           0,         949,      -4.949925125,       -2.16338374,      -2.079859129,      0.5240860042
          0,           0,         950,      -4.992228651,      -2.171587815,      -2.084447237,      0.4811973902
          0,           0,         951,      -4.954182305,      -2.159812216,      -2.085178064,      0.5199005193
          0,           0,         952,      -4.994830217,      -2.167531544,       -2.09017418,      0.4786559354
          0,           0,         953,      -4.957138336,       -2.15582782,       -2.09112817,      0.5170114794
          0,           0,         954,      -4.996013205,      -2.163089656,      -2.096533597,      0.4775490058
          0,           0,         955,      -4.958513307,      -2.151414324,      -2.097714652,      0.5157213528
          0,           0,         956,       -4.99574216,       -2.15834732,      -2.103526961,      0.4779096526
          0,           0,         957,      -4.958524695,      -2.146764603,      -2.104940149,      0.5157850953
          0,           0,         958,      -4.994319605,      -2.153523732,      -2.111146037,      0.4793886835
          0,           0,         959,      -4.957606641,      -2.142128857,      -2.112789148,       0.516725616
          0,           0,         960,      -4.992133483,      -2.148825592,      -2.119354895,      0.4815601327
          0,           0,         961,      -4.956122869,      -2.137680328,      -2.121208632,      0.5181638473
          0,           0,         962,      -4.989449314,      -2.144366418,      -2.128080787,      0.4841629097
          0,           0,         963,      -4.954224215,      -2.133484091,      -2.130112056,      0.5199691889
          0,           0,         964,      -4.986355676,      -2.140180509,      -2.137229551,      0.4871417721
          0,           0,         965,      -4.951897112,      -2.129548822,       -2.13940534,      0.5221846072
          0,           0,         966,       -4.98284915,      -2.136282318,      -2.146711602,      0.4905259555
          0,           0,         967,      -4.949100072,      -2.125891517,      -2.149008508,      0.5248628164
          0,           0,         968,      -4.978942961,      -2.132709176,      -2.156450878,      0.4943015565
          0,           0,         969,       -4.94586512,      -2.122563473,      -2.158849592,      0.5279623027
          0,           0,         970,      -4.974723156,      -2.129522908,      -2.166366065,      0.4983665965
          0,           0,         971,      -4.980979974,        -2.1329445,       -2.17506396,      0.4917101591
          0,           0,         972,      -4.939398044,      -2.120260359,      -2.177432261,      0.5341728353
          0,           0,         973,      -4.968837515,      -2.126458954,      -2.183382688,      0.5040066926
          0,           0,         974,      -4.977075082,      -2.129520622,      -2.190397858,      0.4953704551
          0,           0,         975,      -4.935722911,      -2.116503262,      -2.191193496,      0.5376321891
          0,           0,         976,      -4.965245998,      -2.123137309,      -2.196216496,       0.507304978
          0,           0,         977,      -4.972481926,      -2.126959165,      -2.202922557,      0.4996360263
          0,           0,         978,      -4.931950658,      -2.114898696,        -2.2040928,      0.5410251237
          0,           0,         979,      -4.959578649,      -2.122167587,      -2.209130985,      0.5125358315
          0,           0,         980,      -4.966086407,      -2.126552541,      -2.215633974,      0.5055963861
          0,           0,         981,      -4.964822244,      -2.129154209,       -2.22222193,      0.5066986323
          0,           0,         982,      -4.923014262,      -2.115336918,      -2.222856967,      0.5495163574
          0,           0,         983,      -4.953571142,      -2.122452463,      -2.225653015,      0.5180193614
          0,           0,         984,      -4.962217101,      -2.126842371,      -2.229945006,      0.5089377135
          0,           0,         985,      -4.961695409,      -2.129840776,      -2.234785821,       0.509332298
          0,           0,         986,      -4.959993121,        -2.1319588,      -2.239235085,      0.5109833199
          0,           0,         987,      -4.959757242,      -2.133422674,      -2.242739781,      0.5111494431
          0,           0,         988,      -4.917617844,      -2.117642113,      -2.241098194,      0.5543471163
          0,           0,         989,      -4.951577186,      -2.125293396,       -2.24075744,      0.5192572901
          0,           0,         990,      -4.960825179,      -2.130743894,      -2.242535049,      0.5095381332
          0,           0,         991,      -4.959702304,      -2.135315659,        -2.2454717,      0.5105648932
          0,           0,         992,      -4.957652393,      -2.139227427,        -2.2483966,      0.5125819842
          0,           0,         993,      -4.957721608,      -2.142399215,      -2.250611113,      0.5124375487
          0,           0,         994,      -4.959535662,      -2.144746091,      -2.251901724,      0.5105126853
          0,           0,         995,      -4.961976627,      -2.146404516,      -2.252339842,      0.5079451512
          0,           0,         996,      -4.964392948,       -2.14776997,      -2.252140937,      0.5053850987
          0,           0,         997,      -4.966569386,      -2.149309433,      -2.251596684,      0.5030413759
          0,           0,         998,      -4.968376464,      -2.151328714,      -2.250982634,      0.5010531998
          0,           0,         999,      -4.969756194,      -2.153885518,      -2.250450658,      0.4994997733
          0,           0,        1000,      -4.970862795,      -2.156862084,      -2.249999352,      0.4982416449
          0,           0,        1001,      -4.971995728,      -2.160085929,      -2.249538498,      0.4969803704
          0,           0,        1002,      -4.973379561,      -2.163409764,        -2.2489768,       0.495484541
          0,           0,        1003,      -4.975038627,      -2.166738837,      -2.248271491,      0.4937225701
          0,           0,        1004,      -4.976848753,        -2.1700325,      -2.247431658,      0.4918133285
          0,           0,        1005,      -4.978668785,      -2.173298437,      -2.246497974,      0.4898938564
          0,           0,        1006,      -4.980431974,      -2.176579553,      -2.245520313,      0.4880279087
          0,           0,        1007,      -4.982158785,      -2.179931994,      -2.244541637,      0.4861943775
          0,           0,        1008,      -4.983926097,      -2.183402763,      -2.243588313,      0.4843186495
          0,           0,        1009,       -4.98583393,      -2.187018738,      -2.242666731,      0.4823045577
          0,           0,        1010,      -4.987979193,      -2.190788776,       -2.24176662,      0.4800584898
          0,           0,        1011,      -4.990430683,      -2.194712587,      -2.240869579,      0.4775129823
          0,           0,        1012,      -4.993209208,      -2.198787767,      -2.239959209,      0.4746464753
          0,           0,        1013,      -4.996283577,      -2.203012348,      -2.239028299,      0.4714879331
          0,           0,        1014,      -4.999585899,      -2.207383617,       -2.23808154,      0.4681022954
          0,           0,        1015,      -5.003037001,      -2.211895731,      -2.237134268,      0.4645657769
          0,           0,        1016,      -5.006568994,      -2.216538223,      -2.236208888,      0.4609439883
          0,           0,        1017,      -5.010137779,      -2.221296145,      -2.235330716,      0.4572799852
          0,           0,        1018,      -4.966745448,      -2.204623903,      -2.238178178,      0.5016381381
          0,           0,        1019,      -4.998102435,      -2.215876727,      -2.236883078,      0.4691283571
          0,           0,        1020,      -5.009197866,      -2.225368568,      -2.235506869,      0.4578749768
          0,           0,        1021,      -5.012984611,      -2.234633747,      -2.234166267,      0.4542786636
          0,           0,        1022,      -5.016905935,      -2.243719104,       -2.23279879,      0.4504981298
          0,           0,        1023,       -5.02286779,       -2.25211675,       -2.23152897,      0.4445368873
          0,           0,        1024,      -4.986992068,      -2.237844814,      -2.235102837,      0.4811360701
          0,           0,        1025,       -5.02043294,      -2.250488072,      -2.234193397,      0.4466273605
          0,           0,        1026,      -5.035053906,      -2.260202524,      -2.233021341,      0.4317616935
          0,           0,        1027,      -5.041678994,      -2.269116329,      -2.231892166,      0.4251823854
          0,           0,        1028,      -5.047101889,      -2.277787417,      -2.230909723,      0.4197744195
          0,           0,        1029,      -5.011050913,      -2.264581857,       -2.23459025,      0.4564977576
          0,           0,        1030,       -5.04394547,      -2.278626082,      -2.233970698,      0.4225767125
          0,           0,        1031,      -5.058870124,      -2.289531459,      -2.233150517,      0.4074484978
          0,           0,        1032,      -5.066344912,      -2.299277066,      -2.232393984,      0.4000356713
          0,           0,        1033,      -5.030977023,      -2.287116653,      -2.236107429,      0.4361243364
          0,           0,        1034,      -5.062719229,      -2.302197148,      -2.235663499,      0.4034657056
          0,           0,        1035,      -5.077302671,      -2.314003786,      -2.235111165,      0.3887276282
          0,           0,        1036,      -5.044312456,      -2.303168439,      -2.238815466,      0.4224534303
          0,           0,        1037,      -5.074922141,      -2.318888574,      -2.238499023,       0.391059551
          0,           0,        1038,      -5.089090329,      -2.331331279,      -2.238098286,      0.3768189888
          0,           0,        1039,      -5.057245045,      -2.320939393,      -2.241941833,       0.409389611
          0,           0,        1040,      -5.088914584,      -2.337285721,       -2.24179365,      0.3769575377
          0,           0,        1041,      -5.063897814,      -2.328642676,      -2.245525842,      0.4025572899
          0,           0,        1042,      -5.096684026,      -2.345862798,      -2.245361824,      0.3690667028
          0,           0,        1043,      -5.073422497,      -2.339157132,      -2.248795023,       0.392942164
          0,           0,        1044,      -5.105209325,      -2.357466504,      -2.248529946,      0.3605775196
          0,           0,        1045,      -5.083257309,      -2.351997276,      -2.251853036,      0.3831318587
          0,           0,        1046,      -5.115493468,      -2.371077417,      -2.251597524,      0.3503480177
          0,           0,        1047,      -5.093889988,       -2.36544376,      -2.255076628,       0.372529495
          0,           0,        1048,      -5.127269502,      -2.384609046,      -2.255005766,      0.3385580385
          0,           0,        1049,      -5.104975335,      -2.378021009,      -2.258814831,      0.3614265211
          0,           0,        1050,      -5.139429708,      -2.396978175,      -2.259031389,      0.3263204762
          0,           0,        1051,         -5.115943,      -2.389430232,      -2.263192439,      0.3504135203
          0,           0,        1052,      -5.151107374,      -2.408249887,      -2.263684252,      0.3145637212
          0,           0,        1053,      -5.126389603,      -2.400086111,      -2.268118734,      0.3399448059
          0,           0,        1054,      -5.118800137,      -2.396181221,      -2.272421256,      0.3476845863
          0,           0,        1055,      -5.161488228,      -2.417646805,      -2.273054413,      0.3041302528
          0,           0,        1056,      -5.139289407,      -2.412580887,      -2.277222973,      0.3270390505
          0,           0,        1057,       -5.17224736,      -2.432856724,      -2.277838819,      0.2935903765
          0,           0,        1058,      -5.148102469,      -2.426874605,       -2.28216889,      0.3184904194
          0,           0,        1059,      -5.141779041,      -2.424877385,      -2.286435876,       0.325044983
          0,           0,        1060,      -5.185582109,      -2.447346332,      -2.287225135,      0.2803982637
          0,           0,        1061,      -5.162154672,      -2.440938937,      -2.291861156,      0.3045409472
          0,           0,        1062,      -5.155345699,      -2.438639377,      -2.296349849,      0.3116097871
          0,           0,        1063,      -5.199215445,      -2.461076278,      -2.297323989,      0.2668808582
          0,           0,        1064,      -5.174568995,      -2.454527016,      -2.302102686,      0.2923164016
          0,           0,        1065,       -5.16769391,       -2.45253257,      -2.306636558,      0.2995134228
          0,           0,        1066,      -5.169033491,      -2.453269059,      -2.310978642,      0.2982657788
          0,           0,        1067,      -5.214343979,      -2.476906893,      -2.311986653,      0.2520648056
          0,           0,        1068,      -5.189164319,      -2.471832193,      -2.316665381,      0.2780654106
          0,           0,        1069,      -5.182628837,      -2.471469352,      -2.321036854,      0.2849650651
          0,           0,        1070,       -5.18447398,      -2.473390796,      -2.325300628,      0.2832437631
          0,           0,        1071,       -5.23033242,        -2.4973584,      -2.326360636,      0.2364720042
          0,           0,        1072,      -5.204317156,      -2.491211122,      -2.331203917,       0.263318114
          0,           0,        1073,      -5.197794609,      -2.489895292,      -2.335750695,      0.2702220333
          0,           0,        1074,      -5.199494947,      -2.490735764,      -2.340188662,      0.2686564874
          0,           0,        1075,      -5.202750296,      -2.492276174,      -2.344507762,      0.2654468597
          0,           0,        1076,      -5.205593926,      -2.494524863,      -2.348658471,      0.2626356659
          0,           0,        1077,      -5.208024547,      -2.497787511,      -2.352621939,      0.2602535114
          0,           0,        1078,      -5.251310529,      -2.522312936,        -2.3536504,      0.2160337835
          0,           0,        1079,       -5.22421939,      -2.518114391,      -2.358024545,      0.2440147529
          0,           0,        1080,      -5.218845832,      -2.519109581,      -2.361954676,      0.2497896268
          0,           0,        1081,      -5.221872698,      -2.521563239,      -2.365836337,      0.2468824844
          0,           0,        1082,      -5.225779882,      -2.523500009,      -2.369732917,      0.2429878932
          0,           0,        1083,      -5.228547073,      -2.524938912,      -2.373565265,      0.2402167446
          0,           0,        1084,      -5.230500727,      -2.526543325,      -2.377240267,      0.2382719109
          0,           0,        1085,      -5.232307972,      -2.528858415,      -2.380709978,      0.2364847059
          0,           0,        1086,      -5.234355721,      -2.532100982,      -2.383973645,      0.2344583991
          0,           0,        1087,      -5.279328795,      -2.556605885,      -2.384837881,      0.1883423791
          0,           0,        1088,      -5.250966596,      -2.551686633,      -2.388467609,      0.2176541502
          0,           0,        1089,      -5.245380562,       -2.55231404,      -2.391536287,      0.2235967313
          0,           0,        1090,      -5.247992819,      -2.554151766,      -2.394475454,      0.2210243876
          0,           0,        1091,      -5.251026627,      -2.555089401,      -2.397338708,      0.2179365885
          0,           0,        1092,       -5.25275845,      -2.555289814,      -2.400057774,      0.2161608781
          0,           0,        1093,      -5.253889449,      -2.555642436,      -2.402572631,      0.2150113183
          0,           0,        1094,      -5.255272053,      -2.556865727,      -2.404874396,      0.2136161879
          0,           0,        1095,      -5.257281722,      -2.559242692,      -2.406989429,      0.2115829278
          0,           0,        1096,      -5.303023189,      -2.582854941,      -2.407873149,      0.1644786421
          0,           0,        1097,      -5.275405853,      -2.578011546,      -2.410288667,      0.1931455851
          0,           0,        1098,       -5.26995535,      -2.578280267,      -2.411993032,      0.1989104098
          0,           0,        1099,       -5.27247387,      -2.579286381,        -2.4134595,      0.1963792964
          0,           0,        1100,       -5.27527097,      -2.579001732,      -2.414793956,      0.1935301889
          0,           0,        1101,      -5.276746347,      -2.577727327,        -2.4160002,       0.192069443
          0,           0,        1102,      -5.277782042,      -2.576506383,      -2.417082318,      0.1910968155
          0,           0,        1103,      -5.279362584,      -2.576174568,      -2.418069746,       0.189574441
          0,           0,        1104,      -5.281875799,        -2.5770677,      -2.418999006,      0.1870793711
          0,           0,        1105,      -5.285253262,       -2.57905367,      -2.419890055,      0.1836741434
          0,           0,        1106,      -5.289250167,      -2.581682859,      -2.420738405,       0.179617974
          0,           0,        1107,      -5.293592213,      -2.584369975,      -2.421522643,      0.1752086482
          0,           0,        1108,       -5.29799176,      -2.586562985,      -2.422216484,      0.1707595499
          0,           0,        1109,       -5.30214308,      -2.587872601,      -2.422798359,      0.1666003304
          0,           0,        1110,       -5.30577952,      -2.588145931,       -2.42325653,      0.1630142228
          0,           0,        1111,      -5.308780979,      -2.587474949,       -2.42359386,      0.1601232651
          0,           0,        1112,      -5.311245582,      -2.586140884,      -2.423832733,      0.1578124307
          0,           0,        1113,      -5.313450618,      -2.584510261,      -2.424016508,      0.1557726873
          0,           0,        1114,      -5.315714602,      -2.582916693,      -2.424202398,       0.153650321
          0,           0,        1115,      -5.318254362,       -2.58156861,      -2.424446239,      0.1512022748
          0,           0,        1116,      -5.321121892,      -2.580510612,      -2.424785971,      0.1483665895
          0,           0,        1117,      -5.324232511,      -2.579641212,      -2.425232381,      0.1452347275
          0,           0,        1118,      -5.327435662,      -2.578769876,      -2.425771274,      0.1419764408
          0,           0,        1119,      -5.330574181,       -2.57768803,      -2.426374745,      0.1387743021
          0,           0,        1120,      -5.333511911,      -2.576231101,      -2.427015496,      0.1357899486
          0,           0,        1121,       -5.33614247,       -2.57431674,      -2.427678432,      0.1331498573
          0,           0,        1122,      -5.338398324,      -2.571954178,      -2.428366466,      0.1309317727
          0,           0,        1123,      -5.340263845,      -2.569227813,      -2.429099884,      0.1291490649
          0,           0,        1124,      -5.341779969,      -2.566264068,      -2.429910843,      0.1277467647
          0,           0,        1125,      -5.343029675,      -2.563192962,      -2.430834986,      0.1266204555
          0,           0,        1126,      -5.344107069,      -2.560115558,      -2.431902558,      0.1256538837
          0,           0,        1127,       -5.34508501,      -2.557085346,      -2.433131697,      0.1247577652
          0,           0,        1128,      -5.345996127,       -2.55410643,      -2.434525778,      0.1238927113
          0,           0,        1129,      -5.346831759,      -2.551145962,      -2.436075349,      0.1230708435
          0,           0,        1130,       -5.34755332,       -2.54815455,      -2.437763569,      0.1223420256
          0,           0,        1131,      -5.348107458,      -2.545087052,      -2.439573051,      0.1217745161
          0,           0,        1132,      -5.348439307,      -2.541917778,      -2.441491722,      0.1214371305
          0,           0,        1133,       -5.34850238,      -2.538646894,      -2.443516047,      0.1213855803
          0,           0,        1134,      -5.348265534,      -2.535298096,      -2.445651005,      0.1216534264
          0,           0,        1135,      -5.347717017,      -2.531910123,      -2.447907342,      0.1222480451
          0,           0,        1136,      -5.346864696,      -2.528525858,      -2.450297329,      0.1231523062
          0,           0,        1137,      -5.345732038,      -2.525182571,       -2.45283054,      0.1243316972
          0,           0,        1138,      -5.344350893,      -2.521905766,      -2.455510889,      0.1257447587
          0,           0,        1139,      -5.342753594,      -2.518707525,      -2.458335596,      0.1273533685
          0,           0,        1140,      -5.340966946,      -2.515588791,       -2.46129607,      0.1291296929
          0,           0,        1141,      -5.339009593,      -2.512544097,      -2.464380126,      0.1310582946
          0,           0,        1142,      -5.336892704,      -2.509566866,      -2.467574641,      0.1331338479
          0,           0,        1143,      -5.334622887,      -2.506653694,      -2.470867797,      0.1353562131
          0,           0,        1144,      -5.332205894,      -2.503806649,      -2.474250275,      0.1377249447
          0,           0,        1145,      -5.329649909,      -2.501033404,      -2.477715216,      0.1402348844
          0,           0,        1146,      -5.326967679,      -2.498345656,      -2.481257147,      0.1428737734
          0,           0,        1147,      -5.324177112,      -2.495756696,      -2.484870359,      0.1456221521
          0,           0,        1148,      -5.321300397,         -2.493279,      -2.488547354,      0.1484551976
          0,           0,        1149,       -5.31836204,      -2.490922523,      -2.492277846,      0.1513457486
          0,           0,        1150,      -5.327795948,      -2.499264265,      -2.502173747,      0.1409540834
          0,           0,        1151,      -5.316690807,      -2.494866137,      -2.507343831,      0.1526888651
          0,           0,        1152,      -5.314217895,      -2.489859033,      -2.509181084,      0.1553522824
          0,           0,        1153,      -5.314653197,      -2.485063771,      -2.509354769,       0.154855797
          0,           0,        1154,      -5.327354535,      -2.492391046,      -2.516427273,       0.141065292
          0,           0,        1155,      -5.313671768,      -2.487354773,      -2.519653748,      0.1553846968
          0,           0,        1156,      -5.308031637,      -2.482605696,      -2.520594481,      0.1611442806
          0,           0,        1157,      -5.319489035,      -2.490274548,      -2.527389957,      0.1486388139
          0,           0,        1158,      -5.306174865,      -2.485011504,      -2.530172343,      0.1625290085
          0,           0,        1159,      -5.315581076,      -2.491852481,      -2.536478445,      0.1522849344
          0,           0,        1160,      -5.303022192,      -2.485228486,      -2.538192428,      0.1654741096
          0,           0,        1161,      -5.314999519,      -2.491448015,      -2.542927935,      0.1525911148
          0,           0,        1162,      -5.302156406,      -2.484066233,      -2.543368296,      0.1660756105
          0,           0,        1163,      -5.313945628,      -2.490298595,      -2.547204722,      0.1533860921
          0,           0,        1164,      -5.300049532,      -2.483192537,      -2.547367033,       0.167930396
          0,           0,        1165,      -5.310644886,      -2.489968047,      -2.550983512,       0.156503995
          0,           0,        1166,      -5.296580978,      -2.483445864,      -2.551359394,      0.1712037598
          0,           0,        1167,      -5.306840032,      -2.490770737,       -2.55473956,      0.1601742781
          0,           0,        1168,      -5.307316096,      -2.496721984,      -2.559018684,      0.1596138548
          0,           0,        1169,      -5.292898124,      -2.488897083,      -2.559681999,      0.1747916309
          0,           0,        1170,      -5.307403362,      -2.495540597,       -2.56117666,      0.1594006382
          0,           0,        1171,      -5.294889851,      -2.487710437,      -2.559935412,      0.1724610454
          0,           0,        1172,      -5.307675266,      -2.495069412,      -2.560946252,      0.1588355153
          0,           0,        1173,      -5.308367283,      -2.501515383,      -2.563283112,      0.1581073082
          0,           0,        1174,      -5.293332733,      -2.494371921,      -2.563552792,      0.1738577656
          0,           0,        1175,      -5.306888095,       -2.50212233,      -2.564187838,      0.1595342689
          0,           0,        1176,      -5.310753361,      -2.508508185,      -2.565392196,      0.1555578284
          0,           0,        1177,      -5.296842435,      -2.500414673,      -2.565092079,      0.1701240705
          0,           0,        1178,      -5.312150452,      -2.508094444,      -2.564541078,      0.1539776227
          0,           0,        1179,      -5.316262072,      -2.514721436,       -2.56475857,      0.1497462621
          0,           0,        1180,      -5.301488121,      -2.506908698,      -2.564382208,      0.1651432147
          0,           0,        1181,      -5.316005378,      -2.515254417,      -2.563536755,      0.1498310011
          0,           0,        1182,      -5.319888594,      -2.522627238,      -2.563459461,      0.1458670629
          0,           0,        1183,      -5.305513721,      -2.515311847,      -2.563504521,      0.1608221223
          0,           0,        1184,      -5.320176376,       -2.52420272,      -2.562492979,      0.1454107734
          0,           0,        1185,      -5.324873006,      -2.532058095,      -2.562078599,      0.1406461402
          0,           0,        1186,        -5.3110582,      -2.524837005,      -2.562404616,      0.1550011346
          0,           0,        1187,      -5.326302838,      -2.534127299,      -2.561167177,      0.1390182969
          0,           0,        1188,      -5.331710283,      -2.542413329,      -2.560449138,      0.1335419494
          0,           0,        1189,      -5.318160613,      -2.535327213,      -2.561029453,      0.1475930678
          0,           0,        1190,      -5.333791435,      -2.545084301,      -2.559685458,      0.1312367862
          0,           0,        1191,      -5.339803041,      -2.553876341,      -2.558804799,      0.1251603953
          0,           0,        1192,      -5.326619275,      -2.547011227,      -2.559687385,      0.1388090032
          0,           0,        1193,      -5.342640426,      -2.557283945,       -2.55833664,      0.1220783924
          0,           0,        1194,      -5.331471731,      -2.551413001,      -2.558868876,      0.1335925579
          0,           0,        1195,      -5.345882226,      -2.562740183,      -2.557590837,      0.1186239164
          0,           0,        1196,      -5.351059346,       -2.57354667,      -2.556776851,      0.1135427003
          0,           0,        1197,      -5.339668835,      -2.568798597,      -2.558235167,      0.1253401125
          0,           0,        1198,      -5.356047569,      -2.580703859,       -2.55710207,      0.1083635687
          0,           0,        1199,      -5.346934327,      -2.575521261,      -2.558418661,      0.1177464795
          0,           0,        1200,      -5.363478029,      -2.587652824,      -2.557251609,      0.1006186858
          0,           0,        1201,      -5.353882141,      -2.583569237,      -2.558555869,      0.1105306718
          0,           0,        1202,      -5.369014638,        -2.5967032,      -2.557502017,     0.09495445808
          0,           0,        1203,      -5.360338211,      -2.593889126,      -2.559004736,      0.1039468022
          0,           0,        1204,      -5.375859267,      -2.607884172,      -2.558044648,     0.08803583738
          0,           0,        1205,      -5.368398177,      -2.605393926,       -2.55977476,     0.09577617487
          0,           0,        1206,      -5.385066873,      -2.619733961,      -2.558865458,     0.07868598217
          0,           0,        1207,       -5.37796643,      -2.616983377,       -2.56080141,     0.08602841481
          0,           0,        1208,      -5.376483839,      -2.614469707,      -2.562317371,      0.0873607972
          0,           0,        1209,       -5.39532827,       -2.63008695,      -2.561475836,     0.06800226246
          0,           0,        1210,       -5.38828838,      -2.629881426,      -2.563344181,     0.07536882086
          0,           0,        1211,      -5.403435076,      -2.646349396,       -2.56270284,     0.06000772573
          0,           0,        1212,      -5.397920449,      -2.645823654,      -2.564978636,     0.06576401297
          0,           0,        1213,      -5.398110862,      -2.644824188,      -2.567062928,     0.06543277332
          0,           0,        1214,      -5.400439124,      -2.644448381,      -2.568847086,     0.06285829031
          0,           0,        1215,       -5.41937133,      -2.662178219,      -2.568328139,      0.0435632351
          0,           0,        1216,      -5.413604002,      -2.664193226,      -2.570558887,     0.04970943105
          0,           0,        1217,      -5.413505084,       -2.66632912,      -2.572680939,     0.04983512182
          0,           0,        1218,      -5.416418653,      -2.668840076,      -2.574713041,     0.04680963191
          0,           0,        1219,      -5.435878958,      -2.688450871,      -2.574379497,     0.02708457932
          0,           0,        1220,      -5.432344591,       -2.69090153,      -2.576911321,     0.03092757241
          0,           0,        1221,        -5.4341159,      -2.692732493,      -2.579384059,     0.02909687228
          0,           0,        1222,       -5.43836162,      -2.694440034,      -2.581785234,     0.02463671488
          0,           0,        1223,      -5.442422512,      -2.696630131,      -2.584075969,      0.0203943098
          0,           0,        1224,      -5.445460335,      -2.700003526,      -2.586295378,     0.01729424498
          0,           0,        1225,      -5.447785749,      -2.704884921,      -2.588525508,     0.01502965305
          0,           0,        1226,      -5.450120364,      -2.711128128,      -2.590821521,     0.01283303285
          0,           0,        1227,      -5.453125301,      -2.718266808,      -2.593192977,    0.009982463945
          0,           0,        1228,      -5.457173827,      -2.725727111,      -2.595627216,    0.006054995015
          0,           0,        1229,      -5.462307307,      -2.733004428,      -2.598113454,   0.0009824711259
          0,           0,        1230,      -5.468296703,      -2.739763598,      -2.600649205,   -0.005009360097
          0,           0,        1231,      -5.474750045,      -2.745864616,      -2.603234497,    -0.01151385887
          0,           0,        1232,      -5.481232829,      -2.751340546,      -2.605865289,    -0.01807245935
          0,           0,        1233,      -5.487374342,      -2.756354448,      -2.608533087,    -0.02429024978
          0,           0,        1234,      -5.492934173,      -2.761141561,      -2.611230904,    -0.02990967987
          0,           0,        1235,       -5.49781958,      -2.765942169,      -2.613960264,    -0.03483078771
          0,           0,        1236,       -5.50206808,      -2.770934709,      -2.616733181,    -0.03909240761
          0,           0,        1237,      -5.505816103,      -2.776188584,       -2.61956731,    -0.04283733302
          0,           0,        1238,      -5.509262676,      -2.781653494,      -2.622477654,    -0.04627264246
          0,           0,        1239,      -5.512625908,       -2.78718788,      -2.625469799,    -0.04962383005
          0,           0,        1240,      -5.516092936,      -2.792612485,      -2.628537428,    -0.05308307314
          0,           0,        1241,      -5.519774793,      -2.797768893,       -2.63166369,    -0.05676283223
          0,           0,        1242,      -5.523683867,      -2.802563752,      -2.634824754,    -0.06067291506
          0,           0,        1243,      -5.527744694,      -2.806988025,      -2.637994157,    -0.06473231119
          0,           0,        1244,      -5.531833216,      -2.811110473,      -2.641147443,    -0.06881082032
          0,           0,        1245,      -5.535826234,      -2.815050798,      -2.644266258,    -0.07278110029
          0,           0,        1246,      -5.539640474,      -2.818941883,      -2.647341037,    -0.07655919987
          0,           0,        1247,      -5.543249755,      -2.822891805,      -2.650371174,    -0.08012144502
          0,           0,        1248,      -5.546681446,      -2.826956151,      -2.653362397,    -0.08349936168
          0,           0,        1249,       -5.55000019,      -2.831127513,      -2.656322051,    -0.08676172433
          0,           0,        1250,      -5.553286546,      -2.835344666,      -2.659254686,    -0.08999212489
          0,           0,        1251,       -5.55661498,      -2.839515221,      -2.662159151,    -0.09326665272
          0,           0,        1252,      -5.560034707,      -2.843544191,      -2.665028087,    -0.09663484389
          0,           0,        1253,      -5.563557872,      -2.847359366,      -2.667849472,     -0.1001081703
          0,           0,        1254,       -5.56715875,      -2.850926168,       -2.67060936,     -0.1036597119
          0,           0,        1255,      -5.570784072,      -2.854250502,      -2.673294937,     -0.1072351115
          0,           0,        1256,      -5.574370756,      -2.857370053,      -2.675896906,     -0.1107709843
          0,           0,        1257,      -5.577863984,      -2.860338088,      -2.678410766,     -0.1142134173
          0,           0,        1258,      -5.581229763,      -2.863205537,      -2.680836709,      -0.117530446
          0,           0,        1259,      -5.584459074,      -2.866006229,      -2.683178273,     -0.1207156747
          0,           0,        1260,      -5.587564418,      -2.868748526,      -2.685440274,     -0.1237840618
          0,           0,        1261,      -5.590571707,      -2.871415071,      -2.687626767,     -0.1267631576
          0,           0,        1262,      -5.593510826,      -2.873969504,      -2.689739674,     -0.1296833227
          0,           0,        1263,      -5.596407247,      -2.876367504,      -2.691778434,     -0.1325693372
          0,           0,        1264,      -5.599276357,      -2.878568336,      -2.693740656,     -0.1354349854
          0,           0,        1265,      -5.602121392,      -2.880544066,      -2.695623375,     -0.1382813971
          0,           0,        1266,      -5.604934865,      -2.882283836,       -2.69742451,     -0.1410989328
          0,           0,        1267,      -5.607702825,      -2.883793085,      -2.699143997,     -0.1438718534
          0,           0,        1268,      -5.610410278,      -2.885088898,       -2.70078421,      -0.146584029
          0,           0,        1269,      -5.613045733,      -2.886192898,      -2.702349815,     -0.1492235549
          0,           0,        1270,       -5.61560405,      -2.887124287,      -2.703847047,     -0.1517854588
          0,           0,        1271,      -5.618086881,      -2.887894798,        -2.7052827,     -0.1542718258
          0,           0,        1272,      -5.620501035,      -2.888506877,      -2.706663018,     -0.1566898091
          0,           0,        1273,      -5.622855559,      -2.888954581,      -2.707993246,     -0.1590484081
          0,           0,        1274,      -5.625158937,      -2.889226904,      -2.709277467,     -0.1613555396
          0,           0,        1275,      -5.627416836,      -2.889312221,      -2.710518953,     -0.1636158205
          0,           0,        1276,      -5.629630876,      -2.889202157,      -2.711720754,     -0.1658295465
          0,           0,        1277,      -5.631798526,      -2.888894213,      -2.712886222,     -0.1679928555
          0,           0,        1278,      -5.633913827,      -2.888392358,      -2.714019691,     -0.1700987298
          0,           0,        1279,      -5.635968671,      -2.887705965,      -2.715126596,     -0.1721384754
          0,           0,        1280,      -5.637954141,      -2.886847574,      -2.716213313,      -0.174103143
          0,           0,        1281,      -5.639861544,      -2.885830435,      -2.717286738,     -0.1759844992
          0,           0,        1282,      -5.641682951,      -2.884666173,      -2.718353807,     -0.1777754083
          0,           0,        1283,      -5.643411191,      -2.883363654,      -2.719421022,      -0.179469593
          0,           0,        1284,      -5.645039514,      -2.881928879,      -2.720494185,     -0.1810610882
          0,           0,        1285,      -5.646561171,      -2.880365756,      -2.721578344,     -0.1825436718
          0,           0,        1286,      -5.647969117,      -2.878677586,      -2.722677921,     -0.1839105123
          0,           0,        1287,      -5.649256005,      -2.876868325,      -2.723796985,     -0.1851542201
          0,           0,        1288,      -5.650414433,      -2.874943545,      -2.724939518,     -0.1862672065
          0,           0,        1289,      -5.651437364,      -2.872910857,      -2.726109585,     -0.1872422412
          0,           0,        1290,      -5.652318578,      -2.870779721,      -2.727311379,     -0.1880730307
          0,           0,        1291,      -5.653053006,      -2.868560783,      -2.728549136,     -0.1887546322
          0,           0,        1292,       -5.65363685,      -2.866265095,      -2.729826943,     -0.1892835894
          0,           0,        1293,      -5.654067493,      -2.863903483,      -2.731148513,     -0.1896577981
          0,           0,        1294,      -5.654343272,      -2.861485921,      -2.732517043,     -0.1898762158
          0,           0,        1295,       -5.65446319,      -2.859021442,      -2.733935107,     -0.1899384689
          0,           0,        1296,      -5.654426692,      -2.856518299,      -2.735404659,     -0.1898445561
          0,           0,        1297,      -5.654233692,      -2.853984275,      -2.736927127,     -0.1895948267
          0,           0,        1298,      -5.653884653,      -2.851427036,       -2.73850352,     -0.1891900391
          0,           0,        1299,      -5.653380883,      -2.848854408,      -2.740134532,     -0.1886316644
          0,           0,        1300,      -5.652724871,      -2.846274438,      -2.741820608,     -0.1879222598
          0,           0,        1301,      -5.651920525,      -2.843695494,       -2.74356192,     -0.1870657479
          0,           0,        1302,      -5.650973314,      -2.841125979,      -2.745358344,     -0.1860676067
          0,           0,        1303,      -5.649890189,      -2.838574124,      -2.747209368,     -0.1849348202
          0,           0,        1304,      -5.648679315,      -2.836047812,      -2.749114007,     -0.1836756362
          0,           0,        1305,      -5.647349697,      -2.833554459,      -2.751070749,     -0.1822991954
          0,           0,        1306,      -5.645910784,       -2.83110099,      -2.753077547,      -0.180815129
          0,           0,        1307,      -5.644372138,      -2.828693882,      -2.755131856,     -0.1792332162
          0,           0,        1308,      -5.642743243,      -2.826339263,      -2.757230701,     -0.1775631691
          0,           0,        1309,      -5.641033467,         -2.824043,       -2.75937075,     -0.1758145698
          0,           0,        1310,      -5.639252145,      -2.821810764,      -2.761548384,     -0.1739969401
          0,           0,        1311,      -5.637408747,      -2.819648052,      -2.763759728,     -0.1721198866
          0,           0,        1312,      -5.635513028,      -2.817560156,      -2.766000671,     -0.1701932562
          0,           0,        1313,      -5.633575132,      -2.815552121,       -2.76826684,     -0.1682272372
          0,           0,        1314,      -5.631605579,      -2.813628684,      -2.770553583,     -0.1662323698
          0,           0,        1315,      -5.629615167,      -2.811794243,      -2.772855951,     -0.1642194571
          0,           0,        1316,      -5.627614778,      -2.810052833,        -2.7751687,     -0.1621993965
          0,           0,        1317,      -5.625615151,       -2.80840818,      -2.777486318,     -0.1601829666
          0,           0,        1318,      -5.623626679,      -2.806863732,      -2.779803082,     -0.1581806293
          0,           0,        1319,      -5.621659253,      -2.805422697,      -2.782113134,     -0.1562023729
          0,           0,        1320,      -5.619722173,      -2.804088093,      -2.784410558,     -0.1542576174
          0,           0,        1321,      -5.617824146,      -2.802862775,      -2.786689456,     -0.1523551982
          0,           0,        1322,      -5.615973346,       -2.80174944,      -2.788944008,     -0.1505034097
          0,           0,        1323,      -5.614177505,      -2.800750613,      -2.791168522,     -0.1487100874
          0,           0,        1324,      -5.612444009,      -2.799868623,      -2.793357467,     -0.1469826972
          0,           0,        1325,       -5.61077997,      -2.799105584,      -2.795505496,     -0.1453284075
          0,           0,        1326,      -5.609192263,      -2.798463377,      -2.797607473,     -0.1437541267
          0,           0,        1327,      -5.607687508,      -2.797943658,      -2.799658497,     -0.1422665012
          0,           0,        1328,      -5.606272038,      -2.797547869,      -2.801653942,       -0.14087188
          0,           0,        1329,      -5.604951823,      -2.797277274,      -2.803589506,     -0.1395762588
          0,           0,        1330,      -5.603732421,       -2.79713297,      -2.805461265,     -0.1383852208
          0,           0,        1331,      -5.602618917,       -2.79711606,      -2.807265734,     -0.1373038877
          0,           0,        1332,       -5.60161578,       -2.79722735,      -2.808999892,      -0.136336768
          0,           0,        1333,      -5.600727153,      -2.797467577,      -2.810661243,     -0.1354880435
          0,           0,        1334,      -5.599975311,      -2.808800446,      -2.815463997,     -0.1348683759
          0,           0,        1335,      -5.601431672,      -2.808776567,      -2.818464547,     -0.1361912407
          0,           0,        1336,      -5.606857178,      -2.806802658,      -2.818950425,     -0.1418286773
          0,           0,        1337,      -5.611609213,      -2.803930224,      -2.817972382,     -0.1469217081
          0,           0,        1338,      -5.612629413,      -2.801410517,      -2.816699664,     -0.1482172054
          0,           0,        1339,      -5.609686274,      -2.800191498,      -2.816098107,      -0.145392135
          0,           0,        1340,       -5.60527274,      -2.811940549,      -2.819458527,     -0.1409717131
          0,           0,        1341,      -5.602209493,      -2.813222715,      -2.822356281,     -0.1376797817
          0,           0,        1342,      -5.604265548,      -2.812869896,      -2.823514423,     -0.1398725061
          0,           0,        1343,      -5.607166453,      -2.811509676,      -2.823556747,       -0.14304714
          0,           0,        1344,      -5.610209547,       -2.82235408,      -2.825319808,     -0.1463672623
          0,           0,        1345,      -5.610125285,      -2.821517518,      -2.826843112,      -0.146162613
          0,           0,        1346,      -5.612877149,      -2.819512651,      -2.826783004,      -0.149103457
          0,           0,        1347,      -5.615001779,      -2.817316475,      -2.825944156,     -0.1514890197
          0,           0,        1348,      -5.616998412,      -2.828471862,      -2.826944654,     -0.1536299086
          0,           0,        1349,      -5.615739398,      -2.828513404,      -2.828289015,     -0.1521821445
          0,           0,        1350,      -5.617715545,       -2.82760285,      -2.828397056,      -0.154285592
          0,           0,        1351,      -5.619480833,      -2.826513275,      -2.827907443,     -0.1562643912
          0,           0,        1352,       -5.62160676,      -2.838775265,      -2.828657934,     -0.1584548591
          0,           0,        1353,      -5.620880968,      -2.839664833,      -2.830119506,     -0.1575830323
          0,           0,        1354,      -5.623222907,      -2.839340655,      -2.830515239,     -0.1600852485
          0,           0,        1355,      -5.625543275,      -2.838603688,      -2.830360873,     -0.1626448667
          0,           0,        1356,      -5.628993373,      -2.851247762,      -2.830777586,     -0.1661452991
          0,           0,        1357,       -5.62947217,      -2.852259753,      -2.832209986,     -0.1665063135
          0,           0,        1358,      -5.632873362,      -2.852036179,      -2.832663107,     -0.1700816066
          0,           0,        1359,      -5.636148725,      -2.851441501,       -2.83257155,     -0.1736034362
          0,           0,        1360,      -5.637368142,      -2.851518786,      -2.832387479,     -0.1749698454
          0,           0,        1361,      -5.639176168,       -2.86574029,      -2.832709135,     -0.1765938143
          0,           0,        1362,      -5.639794152,      -2.868940601,      -2.834372469,     -0.1770526392
          0,           0,        1363,      -5.643845216,      -2.870650219,      -2.835279439,     -0.1812684887
          0,           0,        1364,      -5.648352647,      -2.871464283,       -2.83572964,     -0.1860577531
          0,           0,        1365,      -5.651232208,      -2.872341584,       -2.83600083,     -0.1891636668
          0,           0,        1366,      -5.652190234,      -2.874157333,      -2.836379143,     -0.1902136805
          0,           0,        1367,      -5.654637206,      -2.890044556,      -2.836630587,     -0.1924014467
          0,           0,        1368,      -5.657084044,      -2.894446762,      -2.838495171,     -0.1947410406
          0,           0,        1369,      -5.662888459,       -2.89684617,      -2.839735511,     -0.2007756153
          0,           0,        1370,      -5.669067001,      -2.897906739,      -2.840565331,     -0.2073157661
          0,           0,        1371,      -5.673386676,      -2.898750429,      -2.841164521,     -0.2119454735
          0,           0,        1372,      -5.675354989,      -2.900461256,      -2.841777986,      -0.214075576
          0,           0,        1373,      -5.675715028,      -2.903582786,       -2.84262633,     -0.2144412444
          0,           0,        1374,      -5.675707977,      -2.908080449,      -2.843794447,     -0.2143393864
          0,           0,        1375,      -5.676433134,      -2.913554231,      -2.845228566,     -0.2149440151
          0,           0,        1376,       -5.67850502,      -2.919485272,       -2.84680986,     -0.2169279382
          0,           0,        1377,      -5.682034033,      -2.925420654,      -2.848425508,     -0.2204315409
          0,           0,        1378,       -5.68678133,      -2.931068356,       -2.85000258,     -0.2252211714
          0,           0,        1379,      -5.692335173,      -2.936311845,      -2.851511001,     -0.2308733127
          0,           0,        1380,      -5.698244212,      -2.941176018,      -2.852952733,     -0.2369156818
          0,           0,        1381,      -5.704103793,       -2.94577765,      -2.854349307,     -0.2429207882
          0,           0,        1382,      -5.709606509,      -2.950278498,      -2.855733604,     -0.2485623884
          0,           0,        1383,      -5.714567804,      -2.954842698,      -2.857145164,     -0.2536444294
          0,           0,        1384,      -5.718934564,      -2.959595566,      -2.858625148,     -0.2581100508
          0,           0,        1385,      -5.722778038,      -2.964591968,      -2.860208952,      -0.262032724
          0,           0,        1386,      -5.726268151,      -2.969804206,      -2.861918432,     -0.2655880545
          0,           0,        1387,      -5.729628485,      -2.975135869,      -2.863757448,     -0.2690065108
          0,           0,        1388,      -5.733078954,      -2.980456437,      -2.865712584,     -0.2725143126
          0,           0,        1389,      -5.736780945,      -2.985642181,      -2.867758154,     -0.2762770967
          0,           0,        1390,      -5.740800652,      -2.990611624,        -2.8698634,     -0.2803621287
          0,           0,        1391,      -5.745101851,      -2.995343634,      -2.871999464,     -0.2847308698
          0,           0,        1392,      -5.749569219,      -2.999876008,      -2.874144915,     -0.2892632648
          0,           0,        1393,      -5.754052312,      -3.004288185,      -2.876288957,     -0.2938035381
          0,           0,        1394,      -5.758413865,      -3.008675192,      -2.878431972,      -0.298210327
          0,           0,        1395,      -5.762566721,      -3.013119596,      -2.880583364,     -0.3023946533
          0,           0,        1396,      -5.766490057,      -3.017668629,      -2.882756926,     -0.3063361599
          0,           0,        1397,      -5.770224671,      -3.022324233,      -2.884965756,      -0.310077684
          0,           0,        1398,      -5.773852124,      -3.027046089,      -2.887217698,     -0.3137035536
          0,           0,        1399,      -5.777466324,       -3.03176656,       -2.88951303,      -0.317310456
          0,           0,        1400,      -5.781145823,      -3.036411761,      -2.891844685,     -0.3209792108
          0,           0,        1401,      -5.784933848,      -3.040921897,      -2.894200486,      -0.324754467
          0,           0,        1402,      -5.788830468,       -3.04526499,       -2.89656637,      -0.328636766
          0,           0,        1403,      -5.792797612,       -3.04944091,      -2.898929562,     -0.3325877571
          0,           0,        1404,      -5.796773891,      -3.053475936,      -2.901280917,     -0.3365454728
          0,           0,        1405,       -5.80069362,      -3.057410737,      -2.903615972,     -0.3404438616
          0,           0,        1406,      -5.804503879,      -3.061286028,      -2.905934631,     -0.3442302099
          0,           0,        1407,      -5.808175106,       -3.06513014,      -2.908239732,     -0.3478757952
          0,           0,        1408,      -5.811703462,      -3.068951627,      -2.910535059,     -0.3513780454
          0,           0,        1409,      -5.815105972,      -3.072738264,      -2.912823422,     -0.3547553345
          0,           0,        1410,      -5.818411222,      -3.076461922,      -2.915105367,     -0.3580373659
          0,           0,        1411,      -5.821649001,      -3.080087231,      -2.917378767,     -0.3612546109
          0,           0,        1412,      -5.824841816,      -3.083581147,      -2.919639266,     -0.3644297677
          0,           0,        1413,      -5.828000165,      -3.086920649,      -2.921881302,      -0.367573102
          0,           0,        1414,       -5.83112213,      -3.090096672,      -2.924099324,     -0.3706821922
          0,           0,        1415,      -5.834196607,      -3.093113743,      -2.926288833,     -0.3737453554
          0,           0,        1416,      -5.837208604,      -3.095986111,       -2.92844702,     -0.3767471173
          0,           0,        1417,      -5.840144759,      -3.098731413,      -2.930572754,     -0.3796738504
          0,           0,        1418,      -5.842997376,      -3.101365161,      -2.932666277,     -0.3825177874
          0,           0,        1419,      -5.845766146,      -3.103896276,       -2.93472848,     -0.3852786858
          0,           0,        1420,      -5.848457389,      -3.106325291,       -2.93676018,     -0.3879629401
          0,           0,        1421,       -5.85108159,      -3.108645217,      -2.938761588,     -0.3905809973
          0,           0,        1422,       -5.85365024,      -3.110844431,       -2.94073209,     -0.3931441309
          0,           0,        1423,      -5.856173007,      -3.112910467,      -2.942670366,     -0.3956616075
          0,           0,        1424,      -5.858655951,       -3.11483352,      -2.944574753,     -0.3981389614
          0,           0,        1425,      -5.861101053,      -3.116608723,      -2.946443718,      -0.400577629
          0,           0,        1426,      -5.863506925,      -3.118236766,      -2.948276272,     -0.4029757569
          0,           0,        1427,       -5.86587022,      -3.119722917,      -2.950072218,      -0.405329693
          0,           0,        1428,       -5.86818717,      -3.121074998,      -2.951832185,     -0.4076355636
          0,           0,        1429,      -5.870454761,      -3.122301014,      -2.953557462,     -0.4098904273
          0,           0,        1430,      -5.872671219,       -3.12340718,      -2.955249716,     -0.4120927059
          0,           0,        1431,      -5.874835867,      -3.124396808,      -2.956910696,     -0.4142419584
          0,           0,        1432,      -5.876948421,      -3.125270236,      -2.958542008,     -0.4163380986
          0,           0,        1433,      -5.879008166,      -3.126025634,      -2.960145029,     -0.4183805107
          0,           0,        1434,      -5.881013295,      -3.126660329,      -2.961720947,     -0.4203673602
          0,           0,        1435,      -5.882960647,      -3.127172188,      -2.963270915,     -0.4222953528
          0,           0,        1436,      -5.884845925,      -3.127560666,      -2.964796216,     -0.4241599807
          0,           0,        1437,      -5.886664242,       -3.12782728,      -2.966298419,     -0.4259561327
          0,           0,        1438,      -5.888410828,      -3.127975489,       -2.96777944,     -0.4276788414
          0,           0,        1439,      -5.890081634,      -3.128010109,      -2.969241521,     -0.4293239303
          0,           0,        1440,      -5.891673679,      -3.127936526,      -2.970687119,     -0.4308883748
          0,           0,        1441,      -5.893185057,      -3.127759827,       -2.97211879,     -0.4323703034
          0,           0,        1442,      -5.894614642,      -3.127484536,      -2.973539005,     -0.4337686784
          0,           0,        1443,       -5.89596162,      -3.127114457,      -2.974950059,     -0.4350828039
          0,           0,        1444,      -5.897225045,      -3.126652824,      -2.976354048,     -0.4363118491
          0,           0,        1445,      -5.898403545,      -3.126102551,      -2.977752916,     -0.4374545319
          0,           0,        1446,      -5.899495259,      -3.125466725,      -2.979148515,     -0.4385090358
          0,           0,        1447,      -5.900498011,      -3.124748929,      -2.980542677,     -0.4394731829
          0,           0,        1448,       -5.90140965,      -3.123953504,      -2.981937263,     -0.4403447843
          0,           0,        1449,      -5.902228471,      -3.123085591,      -2.983334165,     -0.4411220789
          0,           0,        1450,      -5.902953586,      -3.122150778,      -2.984735304,     -0.4418041283
          0,           0,        1451,       -5.90358506,      -3.121154785,      -2.986142617,     -0.4423909699
          0,           0,        1452,      -5.904123962,      -3.120103529,      -2.987557807,     -0.4428836838
          0,           0,        1453,      -5.904572112,      -3.119002592,      -2.988982425,     -0.4432841415
          0,           0,        1454,       -5.90493175,      -3.117857438,      -2.990417798,     -0.4435946793
          0,           0,        1455,      -5.905205324,      -3.116673231,      -2.991865041,     -0.4438178802
          0,           0,        1456,      -5.905395232,      -3.115454984,      -2.993325067,     -0.4439563063
          0,           0,        1457,      -5.905503708,      -3.114207677,      -2.994798624,     -0.4440123635
          0,           0,        1458,      -5.905532841,      -3.112936565,      -2.996286284,     -0.4439883089
          0,           0,        1459,      -5.905484739,      -3.111646964,      -2.997788545,     -0.4438864095
          0,           0,        1460,      -5.905361719,      -3.110344301,      -2.999305821,     -0.4437091281
          0,           0,        1461,      -5.905166501,      -3.109034043,      -3.000838425,     -0.4434593165
          0,           0,        1462,      -5.904902337,      -3.107721591,      -3.002386541,     -0.4431403501
          0,           0,        1463,      -5.904573048,      -3.106412185,      -3.003950189,     -0.4427561688
          0,           0,        1464,      -5.904182952,      -3.105110844,      -3.005529198,     -0.4423112195
          0,           0,        1465,      -5.903736734,      -3.103822292,      -3.007123201,     -0.4418103239
          0,           0,        1466,      -5.903239255,      -3.102551104,      -3.008731614,     -0.4412584914
          0,           0,        1467,      -5.902695421,      -3.101301683,      -3.010353674,     -0.4406607913
          0,           0,        1468,      -5.902110066,      -3.100078274,      -3.011988471,      -0.440022235
          0,           0,        1469,      -5.901487892,      -3.098885032,      -3.013634974,      -0.439347702
          0,           0,        1470,      -5.900833475,      -3.097726046,      -3.015292056,      -0.438641945
          0,           0,        1471,      -5.900151324,      -3.096605324,      -3.016958517,     -0.4379096444
          0,           0,        1472,      -5.899445965,      -3.095526768,      -3.018633085,     -0.4371554851
          0,           0,        1473,      -5.898722013,       -3.09449413,      -3.020314416,     -0.4363842283
          0,           0,        1474,      -5.897984208,      -3.093510974,      -3.022001082,     -0.4356007535
          0,           0,        1475,      -5.897237425,      -3.092580647,      -3.023691571,     -0.4348100619
          0,           0,        1476,      -5.896486626,      -3.091706277,      -3.025384277,     -0.4340172385
          0,           0,        1477,      -5.895736795,      -3.090890779,      -3.027077517,     -0.4332273864
          0,           0,        1478,      -5.894992857,      -3.090136885,      -3.028769541,     -0.4324455473
          0,           0,        1479,        -5.8942596,      -3.089447167,      -3.030458555,     -0.4316766282
          0,           0,        1480,      -5.893541624,      -3.088824065,       -3.03214275,     -0.4309253457
          0,           0,        1481,       -5.89284331,      -3.088269906,      -3.033820322,     -0.4301961967
          0,           0,        1482,      -5.892168821,      -3.087786898,      -3.035489497,     -0.4294934568
          0,           0,        1483,      -5.891522123,      -3.087377131,       -3.03714854,     -0.4288211989
          0,           0,        1484,      -5.890907018,       -3.08704256,      -3.038795772,      -0.428183325
          0,           0,        1485,      -5.890327181,      -3.086784989,      -3.040429571,     -0.4275835991
          0,           0,        1486,      -5.889786183,      -3.086606063,      -3.042048377,     -0.4270256728
          0,           0,        1487,      -5.889287507,      -3.086507264,        -3.0436507,     -0.4265130995
          0,           0,        1488,      -5.888834545,      -3.086489914,      -3.045235121,     -0.4260493329
          0,           0,        1489,      -5.888430585,      -3.086555191,      -3.046800308,     -0.4256377144
          0,           0,        1490,      -5.888078789,       -3.08670414,      -3.048345021,     -0.4252814528
          0,           0,        1491,      -5.887782171,      -3.086937691,      -3.049868131,     -0.4249836018
          0,           0,        1492,      -5.887543579,      -3.087256712,       -3.05136864,     -0.4247470414
          0,           0,        1493,      -5.887365645,      -3.087661946,      -3.052845682,     -0.4245744308
          0,           0,        1494,      -5.887250822,      -3.088153961,      -3.054298518,     -0.4244682437
          0,           0,        1495,      -5.887201465,      -3.088733292,      -3.055726575,     -0.4244308425
          0,           0,        1496,      -5.887219741,      -3.089400375,      -3.057129432,     -0.4244643956
          0,           0,        1497,      -5.887307662,      -3.090155539,      -3.058506824,     -0.4245708987
          0,           0,        1498,      -5.887467091,      -3.090999004,      -3.059858647,     -0.4247521938
          0,           0,        1499,      -5.887699765,      -3.091930882,      -3.061184949,     -0.4250099824
          0,           0,        1500,      -5.888007299,      -3.092951181,      -3.062485935,     -0.4253458354
          0,           0,        1501,      -5.888391193,      -3.094059815,      -3.063761959,     -0.4257611978
          0,           0,        1502,      -5.888852831,      -3.095256608,      -3.065013531,      -0.426257389
          0,           0,        1503,      -5.889393476,      -3.096541303,      -3.066241313,     -0.4268355989
          0,           0,        1504,      -5.890014267,      -3.097913515,      -3.067446115,     -0.4274968832
          0,           0,        1505,      -5.890716187,      -3.099372858,      -3.068628876,     -0.4282421328
          0,           0,        1506,      -5.891500088,      -3.100918861,       -3.06979067,     -0.4290721028
          0,           0,        1507,      -5.892366688,      -3.102550882,      -3.070932705,     -0.4299874047
          0,           0,        1508,      -5.893316521,      -3.104268394,      -3.072056312,     -0.4309884631
          0,           0,        1509,      -5.894350009,      -3.106070684,      -3.073162939,     -0.4320755812
          0,           0,        1510,      -5.895467415,      -3.107956946,       -3.07425414,     -0.4332489007
          0,           0,        1511,      -5.896668851,      -3.109926292,       -3.07533156,     -0.4345084048
          0,           0,        1512,      -5.897954287,      -3.111977747,      -3.076396926,     -0.4358539277
          0,           0,        1513,      -5.899323554,      -3.114110257,       -3.07745203,      -0.437285162
          0,           0,        1514,      -5.900776352,      -3.116322637,      -3.078498725,      -0.438801663
          0,           0,        1515,      -5.902312227,      -3.118613644,      -3.079538901,       -0.44040283
          0,           0,        1516,      -5.903930582,      -3.120982084,      -3.080574471,     -0.4420879149
          0,           0,        1517,      -5.905630718,      -3.123426586,      -3.081607385,     -0.4438560726
          0,           0,        1518,      -5.907411785,       -3.12594558,      -3.082639609,     -0.4457063059
          0,           0,        1519,      -5.909272736,      -3.128537693,      -3.083673084,     -0.4476374104
          0,           0,        1520,      -5.911212433,      -3.131201244,      -3.084709761,     -0.4496481037
          0,           0,        1521,      -5.913229556,      -3.133934535,      -3.085751561,     -0.4517369149
          0,           0,        1522,      -5.915322637,      -3.136735895,      -3.086800375,     -0.4539022241
          0,           0,        1523,      -5.917490104,      -3.139603221,      -3.087858068,     -0.4561423145
          0,           0,        1524,      -5.919730213,      -3.142534481,      -3.088926421,     -0.4584552881
          0,           0,        1525,      -5.922041108,      -3.145528023,      -3.090007134,     -0.4608391393
          0,           0,        1526,      -5.924420822,      -3.148581738,      -3.091101878,     -0.4632917606
          0,           0,        1527,      -5.926867268,      -3.151693428,      -3.092212254,     -0.4658109262
          0,           0,        1528,      -5.929378259,       -3.15486082,      -3.093339783,     -0.4683943101
          0,           0,        1529,      -5.931951515,      -3.158081564,      -3.094485879,     -0.4710394913
          0,           0,        1530,      -5.934584672,      -3.161353231,      -3.095651845,     -0.4737439673
          0,           0,        1531,      -5.937275286,      -3.164673327,      -3.096838885,     -0.4765051568
          0,           0,        1532,      -5.940020825,      -3.168039287,      -3.098048086,     -0.4793203936
          0,           0,        1533,      -5.942818667,      -3.171448481,      -3.099280427,     -0.4821869286
          0,           0,        1534,      -5.945666108,      -3.174898209,      -3.100536767,     -0.4851019337
          0,           0,        1535,      -5.948560366,      -3.178385707,      -3.101817851,     -0.4880625088
          0,           0,        1536,      -5.951498587,      -3.181908145,      -3.103124305,     -0.4910656907
          0,           0,        1537,      -5.954477863,      -3.185462633,      -3.104456639,     -0.4941084646
          0,           0,        1538,       -5.95749524,      -3.189046224,      -3.105815246,     -0.4971877771
          0,           0,        1539,      -5.960547731,      -3.192655915,      -3.107200399,     -0.5003005489
          0,           0,        1540,      -5.963632333,      -3.196288653,      -3.108612258,     -0.5034436875
          0,           0,        1541,      -5.966746031,      -3.199941337,      -3.110050864,     -0.5066140981
          0,           0,        1542,      -5.969885811,      -3.203610824,      -3.111516144,     -0.5098086921
          0,           0,        1543,      -5.973048667,      -3.207293931,      -3.113007916,     -0.5130243935
          0,           0,        1544,      -5.976231597,      -3.210987441,      -3.114525887,     -0.5162581433
          0,           0,        1545,      -5.979431619,      -3.214688111,       -3.11606966,     -0.5195069043
          0,           0,        1546,      -5.982645764,       -3.21839267,      -3.117638737,     -0.5227676658
          0,           0,        1547,      -5.985871089,      -3.222097831,      -3.119232525,     -0.5260374496
          0,           0,        1548,      -5.989104686,      -3.225800293,      -3.120850341,     -0.5293133181
          0,           0,        1549,      -5.992343682,      -3.229496745,      -3.122491413,     -0.5325923824
          0,           0,        1550,      -5.995585258,      -3.233183877,      -3.124154891,     -0.5358718115
          0,           0,        1551,      -5.998826654,      -3.236858379,      -3.125839851,     -0.5391488419
          0,           0,        1552,      -6.002065176,      -3.240516953,      -3.127545296,     -0.5424207853
          0,           0,        1553,      -6.005298208,      -3.244156315,      -3.129270168,      -0.545685036
          0,           0,        1554,      -6.008523214,      -3.247773205,       -3.13101335,     -0.5489390764
          0,           0,        1555,      -6.011737744,      -3.251364388,      -3.132773671,     -0.5521804805
          0,           0,        1556,      -6.014939433,      -3.254926666,      -3.134549916,     -0.5554069165
          0,           0,        1557,       -6.01812601,      -3.258456884,       -3.13634083,     -0.5586161481
          0,           0,        1558,      -6.021295291,      -3.261951932,      -3.138145123,     -0.5618060355
          0,           0,        1559,      -6.024445186,      -3.265408752,      -3.139961478,     -0.5649745355
          0,           0,        1560,      -6.027573697,       -3.26882435,      -3.141788559,      -0.568119701
          0,           0,        1561,      -6.030678918,      -3.272195794,      -3.143625012,     -0.5712396822
          0,           0,        1562,      -6.033759037,      -3.275520225,      -3.145469478,     -0.5743327262
          0,           0,        1563,      -6.036812336,      -3.278794861,      -3.147320593,     -0.5773971756
          0,           0,        1564,       -6.03983719,         -3.282017,      -3.149176999,     -0.5804314677
          0,           0,        1565,      -6.042832065,      -3.285184031,       -3.15103735,     -0.5834341327
          0,           0,        1566,      -6.045795518,      -3.288293434,      -3.152900314,     -0.5864037916
          0,           0,        1567,      -6.048726191,      -3.291342788,      -3.154764583,     -0.5893391529
          0,           0,        1568,      -6.051622811,      -3.294329774,      -3.156628876,     -0.5922390074
          0,           0,        1569,      -6.054484183,       -3.29725218,      -3.158491945,     -0.5951022237
          0,           0,        1570,      -6.057309185,      -3.300107906,      -3.160352582,     -0.5979277424
          0,           0,        1571,      -6.060096762,      -3.302894964,      -3.162209622,     -0.6007145705
          0,           0,        1572,      -6.062845925,      -3.305611486,      -3.164061948,     -0.6034617756
          0,           0,        1573,       -6.06555574,      -3.308255728,      -3.165908499,     -0.6061684805
          0,           0,        1574,      -6.068225326,      -3.310826065,      -3.167748268,     -0.6088338576
          0,           0,        1575,      -6.070853852,      -3.313321006,      -3.169580313,     -0.6114571246
          0,           0,        1576,       -6.07344053,      -3.315739188,      -3.171403753,     -0.6140375389
          0,           0,        1577,      -6.075984611,      -3.318079396,      -3.173217782,     -0.6165743924
          0,           0,        1578,      -6.078485371,        -3.3203406,      -3.175021674,     -0.6190669993
          0,           0,        1579,       -6.08094211,      -3.322521756,      -3.176814745,     -0.6215146966
          0,           0,        1580,      -6.083354184,      -3.324622043,      -3.178596405,     -0.6239168675
          0,           0,        1581,      -6.085720987,      -3.326640796,      -3.180366143,     -0.6262729273
          0,           0,        1582,      -6.088041927,      -3.328577493,      -3.182123524,     -0.6285823046
          0,           0,        1583,      -6.090316426,      -3.330431756,      -3.183868192,     -0.6308444352
          0,           0,        1584,      -6.092543915,      -3.332203351,      -3.185599869,     -0.6330587624
          0,           0,        1585,      -6.094723839,       -3.33389219,      -3.187318357,     -0.6352247371
          0,           0,        1586,      -6.096855652,      -3.335498336,      -3.189023535,     -0.6373418195
          0,           0,        1587,       -6.09893883,      -3.337021998,      -3.190715355,     -0.6394094874
          0,           0,        1588,      -6.100972865,      -3.338463538,      -3.192393847,     -0.6414272313
          0,           0,        1589,      -6.102957264,      -3.339823464,      -3.194059111,     -0.6433945527
          0,           0,        1590,      -6.104891545,      -3.341102433,      -3.195711321,      -0.645310962
          0,           0,        1591,      -6.106775243,       -3.34230125,      -3.197350713,     -0.6471759839
          0,           0,        1592,      -6.108607912,      -3.343420867,      -3.198977591,     -0.6489891632
          0,           0,        1593,      -6.110389134,      -3.344462381,      -3.200592316,      -0.650750069
          0,           0,        1594,      -6.112118517,       -3.34542703,      -3.202195306,     -0.6524582987
          0,           0,        1595,      -6.113795703,      -3.346316194,       -3.20378703,     -0.6541134811
          0,           0,        1596,      -6.115420366,      -3.347131387,      -3.205368003,     -0.6557152798
          0,           0,        1597,       -6.11699222,      -3.347874256,      -3.206938781,     -0.6572633974
          0,           0,        1598,      -6.118511019,      -3.348546576,      -3.208499958,       -0.65875758
          0,           0,        1599,      -6.119976564,      -3.349150248,      -3.210052157,     -0.6601976219
          0,           0,        1600,      -6.121388708,      -3.349687295,      -3.211596027,      -0.661583371
          0,           0,        1601,      -6.122747358,      -3.350159852,      -3.213132239,     -0.6629147345
          0,           0,        1602,      -6.124052487,      -3.350570166,      -3.214661479,     -0.6641916852
          0,           0,        1603,      -6.125304132,      -3.350920589,      -3.216184442,     -0.6654142673
          0,           0,        1604,      -6.126502405,      -3.351213567,      -3.217701826,     -0.6665826024
          0,           0,        1605,      -6.127647498,      -3.351451642,      -3.219214332,     -0.6676968956
          0,           0,        1606,      -6.128739687,      -3.351637435,       -3.22072265,     -0.6687574406
          0,           0,        1607,      -6.129779336,      -3.351773648,      -3.222227461,     -0.6697646249
          0,           0,        1608,      -6.130766904,       -3.35186305,      -3.223729429,      -0.670718934
          0,           0,        1609,      -6.131702946,      -3.351908475,      -3.225229196,     -0.6716209551
          0,           0,        1610,      -6.132588119,      -3.351912811,      -3.226727378,     -0.6724713809
          0,           0,        1611,      -6.133423181,      -3.351878994,      -3.228224561,     -0.6732710117
          0,           0,        1612,      -6.134208998,          -3.35181,      -3.229721297,     -0.6740207579
          0,           0,        1613,      -6.134946541,       -3.35170884,      -3.231218099,     -0.6747216418
          0,           0,        1614,      -6.135636889,       -3.35157855,      -3.232715442,     -0.6753747981
          0,           0,        1615,      -6.136281233,      -3.351422182,      -3.234213752,     -0.6759814746
          0,           0,        1616,       -6.13688087,      -3.351242802,      -3.235713413,      -0.676543032
          0,           0,        1617,      -6.137437204,      -3.351043477,      -3.237214758,     -0.6770609423
          0,           0,        1618,      -6.137951747,      -3.350827272,      -3.238718069,     -0.6775367875
          0,           0,        1619,      -6.138426116,      -3.350597242,      -3.240223576,     -0.6779722568
          0,           0,        1620,      -6.138862026,      -3.350356425,      -3.241731456,     -0.6783691439
          0,           0,        1621,      -6.139261292,      -3.350107835,      -3.243241831,     -0.6787293415
          0,           0,        1622,      -6.139625821,      -3.349854458,       -3.24475477,      -0.679054838
          0,           0,        1623,      -6.139957608,      -3.349599244,      -3.246270285,     -0.6793477118
          0,           0,        1624,       -6.14025873,      -3.349345105,      -3.247788338,     -0.6796101253
          0,           0,        1625,      -6.140531341,      -3.349094905,      -3.249308835,     -0.6798443186
          0,           0,        1626,      -6.140777667,      -3.348851459,      -3.250831633,     -0.6800526032
          0,           0,        1627,      -6.140999996,      -3.348617527,      -3.252356537,     -0.6802373545
          0,           0,        1628,      -6.141200672,      -3.348395808,      -3.253883305,     -0.6804010049
          0,           0,        1629,       -6.14138209,      -3.348188941,       -3.25541165,     -0.6805460358
          0,           0,        1630,      -6.141546687,      -3.347999495,      -3.256941241,     -0.6806749703
          0,           0,        1631,      -6.141696935,       -3.34782997,      -3.258471708,     -0.6807903654
          0,           0,        1632,      -6.141835334,      -3.347682795,      -3.260002645,     -0.6808948039
          0,           0,        1633,      -6.141964401,      -3.347560319,      -3.261533611,     -0.6809908871
          0,           0,        1634,       -6.14208667,      -3.347464818,      -3.263064139,     -0.6810812266
          0,           0,        1635,      -6.142204677,      -3.347398483,      -3.264593732,     -0.6811684365
          0,           0,        1636,      -6.142320957,      -3.347363427,      -3.266121876,     -0.6812551265
          0,           0,        1637,      -6.142438035,      -3.347361678,      -3.267648038,     -0.6813438941
          0,           0,        1638,      -6.142558422,       -3.34739518,      -3.269171673,     -0.6814373177
          0,           0,        1639,      -6.142684605,       -3.34746579,      -3.270692226,     -0.6815379491
          0,           0,        1640,      -6.142819042,      -3.347575281,      -3.272209142,     -0.6816483075
          0,           0,        1641,      -6.142964154,      -3.347725336,      -3.273721863,     -0.6817708728
          0,           0,        1642,      -6.143122325,      -3.347917555,       -3.27522984,     -0.6819080796
          0,           0,        1643,      -6.143295889,      -3.348153446,      -3.276732532,     -0.6820623117
          0,           0,        1644,      -6.143487127,      -3.348434432,      -3.278229414,     -0.6822358965
          0,           0,        1645,      -6.143698268,      -3.348761849,      -3.279719977,        -0.6824311
          0,           0,        1646,      -6.143931476,      -3.349136946,      -3.281203738,     -0.6826501227
          0,           0,        1647,      -6.144188849,      -3.349560885,      -3.282680239,     -0.6828950949
          0,           0,        1648,      -6.144472419,      -3.350034742,      -3.284149055,     -0.6831680728
          0,           0,        1649,      -6.144784144,      -3.350559508,      -3.285609792,     -0.6834710352
          0,           0,        1650,      -6.145125903,       -3.35113609,      -3.287062096,     -0.6838058801
          0,           0,        1651,        -6.1454995,      -3.351765311,      -3.288505653,     -0.6841744216
          0,           0,        1652,      -6.145906655,      -3.352447912,      -3.289940192,     -0.6845783876
          0,           0,        1653,      -6.146349005,      -3.353184583,      -3.291365495,     -0.6850194169
          0,           0,        1654,      -6.146828075,      -3.353975898,      -3.292781386,     -0.6854990342
          0,           0,        1655,      -6.147345317,      -3.354822319,      -3.294187731,     -0.6860186867
          0,           0,        1656,      -6.147902128,      -3.355724262,      -3.295584455,     -0.6865797599
          0,           0,        1657,      -6.148499805,      -3.356682073,      -3.296971533,     -0.6871835357
          0,           0,        1658,      -6.149139548,      -3.357696015,      -3.298348994,     -0.6878311943
          0,           0,        1659,      -6.149822459,       -3.35876628,      -3.299716917,     -0.6885238148
          0,           0,        1660,      -6.150549543,      -3.359892981,      -3.301075436,     -0.6892623762
          0,           0,        1661,      -6.151321711,      -3.361076161,      -3.302424736,     -0.6900477583
          0,           0,        1662,      -6.152139777,      -3.362315791,      -3.303765054,     -0.6908807426
          0,           0,        1663,      -6.153004462,      -3.363611768,      -3.305096677,     -0.6917620135
          0,           0,        1664,      -6.153916396,      -3.364963924,      -3.306419943,     -0.6926921604
          0,           0,        1665,      -6.154876117,      -3.366372018,      -3.307735236,     -0.6936716789
          0,           0,        1666,      -6.155884073,      -3.367835744,      -3.309042987,     -0.6947009717
          0,           0,        1667,      -6.156940626,      -3.369354726,      -3.310343668,     -0.6957803501
          0,           0,        1668,      -6.158046046,      -3.370928524,      -3.311637794,     -0.6969100345
          0,           0,        1669,      -6.159200519,      -3.372556634,      -3.312925917,     -0.6980901568
          0,           0,        1670,      -6.160404144,      -3.374238488,      -3.314208617,     -0.6993207609
          0,           0,        1671,      -6.161656937,      -3.375973453,      -3.315486512,     -0.7006018036
          0,           0,        1672,      -6.162958827,      -3.377760839,      -3.316760242,     -0.7019331553
          0,           0,        1673,      -6.164309662,      -3.379599891,      -3.318030475,     -0.7033146022
          0,           0,        1674,       -6.16570921,      -3.381489798,      -3.319297896,     -0.7047458477
          0,           0,        1675,      -6.167157157,      -3.383429692,       -3.32056321,     -0.7062265154
          0,           0,        1676,      -6.168653115,      -3.385418647,      -3.321827133,     -0.7077561509
          0,           0,        1677,      -6.170196621,      -3.387455682,       -3.32309039,     -0.7093342245
          0,           0,        1678,       -6.17178714,      -3.389539761,      -3.324353715,     -0.7109601333
          0,           0,        1679,      -6.173424067,      -3.391669793,      -3.325617838,     -0.7126332036
          0,           0,        1680,      -6.175106728,      -3.393844637,      -3.326883493,     -0.7143526936
          0,           0,        1681,      -6.176834386,      -3.396063102,      -3.328151404,     -0.7161177959
          0,           0,        1682,       -6.17860624,      -3.398323943,      -3.329422287,     -0.7179276397
          0,           0,        1683,       -6.18042143,       -3.40062587,      -3.330696847,     -0.7197812938
          0,           0,        1684,      -6.182279035,      -3.402967547,      -3.331975771,     -0.7216777683
          0,           0,        1685,       -6.18417808,       -3.40534759,      -3.333259727,     -0.7236160178
          0,           0,        1686,      -6.186117536,      -3.407764571,      -3.334549362,     -0.7255949428
          0,           0,        1687,      -6.188096322,       -3.41021702,      -3.335845296,     -0.7276133933
          0,           0,        1688,      -6.190113308,      -3.412703427,      -3.337148124,     -0.7296701703
          0,           0,        1689,      -6.192167318,       -3.41522224,      -3.338458409,     -0.7317640289
          0,           0,        1690,      -6.194257131,      -3.417771869,      -3.339776681,      -0.733893681
          0,           0,        1691,      -6.196381484,       -3.42035069,      -3.341103438,     -0.7360577978
          0,           0,        1692,      -6.198539075,       -3.42295704,       -3.34243914,     -0.7382550124
          0,           0,        1693,      -6.200728568,      -3.425589226,       -3.34378421,     -0.7404839231
          0,           0,        1694,       -6.20294859,      -3.428245523,      -3.345139031,     -0.7427430953
          0,           0,        1695,      -6.205197738,      -3.430924176,      -3.346503946,     -0.7450310651
          0,           0,        1696,       -6.20747458,      -3.433623401,      -3.347879256,     -0.7473463413
          0,           0,        1697,       -6.20977766,      -3.436341391,      -3.349265219,     -0.7496874087
          0,           0,        1698,      -6.212105496,      -3.439076313,      -3.350662053,     -0.7520527303
          0,           0,        1699,      -6.214456587,      -3.441826314,       -3.35206993,     -0.7544407505
          0,           0,        1700,      -6.216829412,       -3.44458952,      -3.353488981,     -0.7568498973
          0,           0,        1701,      -6.219222436,      -3.447364044,      -3.354919294,     -0.7592785855
          0,           0,        1702,      -6.221634108,      -3.450147979,      -3.356360909,     -0.7617252177
          0,           0,        1703,      -6.224062873,      -3.452939406,      -3.357813827,     -0.7641881923
          0,           0,        1704,      -6.226507166,      -3.455736396,      -3.359278008,     -0.7666659014
          0,           0,        1705,      -6.228965415,      -3.458537011,      -3.360753369,     -0.7691567333
          0,           0,        1706,      -6.231436045,      -3.461339309,      -3.362239789,     -0.7716590749
          0,           0,        1707,      -6.233917482,      -3.464141345,      -3.363737107,     -0.7741713155
          0,           0,        1708,      -6.236408152,      -3.466941176,      -3.365245125,     -0.7766918501
          0,           0,        1709,      -6.238906489,      -3.469736858,       -3.36676361,     -0.7792190822
          0,           0,        1710,      -6.241410937,      -3.472526456,      -3.368292291,     -0.7817514266
          0,           0,        1711,      -6.243919949,      -3.475308042,      -3.369830869,     -0.7842873118
          0,           0,        1712,      -6.246431992,      -3.478079697,      -3.371379012,     -0.7868251819
          0,           0,        1713,      -6.248945549,      -3.480839518,      -3.372936357,     -0.7893634992
          0,           0,        1714,       -6.25145912,       -3.48358562,      -3.374502519,     -0.7919007457
          0,           0,        1715,      -6.253971224,      -3.486316134,      -3.376077084,     -0.7944354251
          0,           0,        1716,      -6.256480403,      -3.489029219,      -3.377659618,     -0.7969660647
          0,           0,        1717,      -6.258985219,      -3.491723055,      -3.379249666,     -0.7994912178
          0,           0,        1718,      -6.261484263,      -3.494395854,      -3.380846756,     -0.8020094646
          0,           0,        1719,      -6.263976148,       -3.49704586,      -3.382450399,     -0.8045194134
          0,           0,        1720,       -6.26645952,      -3.499671348,      -3.384060095,     -0.8070197029
          0,           0,        1721,       -6.26893305,      -3.502270635,      -3.385675334,     -0.8095090036
          0,           0,        1722,      -6.271395443,      -3.504842078,      -3.387295596,     -0.8119860188
          0,           0,        1723,      -6.273845436,      -3.507384076,      -3.388920358,     -0.8144494857
          0,           0,        1724,      -6.276281797,      -3.509895076,      -3.390549093,     -0.8168981764
          0,           0,        1725,      -6.278703331,      -3.512373573,      -3.392181273,     -0.8193308985
          0,           0,        1726,      -6.281108875,      -3.514818116,      -3.393816373,     -0.8217464954
          0,           0,        1727,      -6.283497303,      -3.517227309,      -3.395453871,     -0.8241438469
          0,           0,        1728,      -6.285867522,      -3.519599813,      -3.397093255,     -0.8265218696
          0,           0,        1729,      -6.288218479,      -3.521934348,      -3.398734017,     -0.8288795172
          0,           0,        1730,      -6.290549152,      -3.524229701,      -3.400375664,       -0.83121578
          0,           0,        1731,      -6.292858558,       -3.52648472,      -3.402017715,     -0.8335296853
          0,           0,        1732,       -6.29514575,      -3.528698325,      -3.403659704,     -0.8358202974
          0,           0,        1733,      -6.297409817,      -3.530869504,       -3.40530118,     -0.8380867178
          0,           0,        1734,      -6.299649885,      -3.532997314,      -3.406941713,     -0.8403280867
          0,           0,        1735,      -6.301865117,      -3.535080889,      -3.408580892,     -0.8425435812
          0,           0,        1736,      -6.304054712,      -3.537119437,      -3.410218328,     -0.8447324128
          0,           0,        1737,        -6.3062179,      -3.539112274,      -3.411853662,     -0.8468938265
          0,           0,        1738,      -6.308353934,      -3.541058758,       -3.41348655,      -0.849027092
          0,           0,        1739,      -6.310462113,      -3.542958303,      -3.415116672,     -0.8511315229
          0,           0,        1740,      -6.312541785,      -3.544810436,      -3.416743736,     -0.8532064835
          0,           0,        1741,      -6.314592334,      -3.546614771,       -3.41836748,     -0.8552513739
          0,           0,        1742,      -6.316613179,      -3.548371003,      -3.419987667,     -0.8572656261
          0,           0,        1743,      -6.318603767,      -3.550078914,      -3.421604088,     -0.8592487039
          0,           0,        1744,      -6.320563577,      -3.551738365,      -3.423216562,      -0.861200104
          0,           0,        1745,      -6.322492124,      -3.553349305,      -3.424824936,     -0.8631193563
          0,           0,        1746,      -6.324388955,      -3.554911766,      -3.426429082,     -0.8650060253
          0,           0,        1747,      -6.326253651,      -3.556425867,      -3.428028902,     -0.8668597106
          0,           0,        1748,      -6.328085832,      -3.557891813,      -3.429624323,     -0.8686800478
          0,           0,        1749,      -6.329885152,      -3.559309895,      -3.431215299,     -0.8704667092
          0,           0,        1750,      -6.331651302,      -3.560680486,      -3.432801809,     -0.8722194046
          0,           0,        1751,      -6.333384013,      -3.562004043,      -3.434383858,     -0.8739378825
          0,           0,        1752,      -6.335083054,      -3.563281106,      -3.435961473,     -0.8756219302
          0,           0,        1753,      -6.336748233,      -3.564512294,      -3.437534701,     -0.8772713749
          0,           0,        1754,      -6.338379398,      -3.565698305,      -3.439103613,     -0.8788860842
          0,           0,        1755,      -6.339976438,      -3.566839916,      -3.440668298,     -0.8804659667
          0,           0,        1756,      -6.341539281,      -3.567937977,      -3.442228861,     -0.8820109723
          0,           0,        1757,      -6.343067898,      -3.568993412,      -3.443785424,     -0.8835210934
          0,           0,        1758,      -6.344562303,      -3.570007217,      -3.445338124,     -0.8849963653
          0,           0,        1759,      -6.346022551,      -3.570980456,       -3.44688711,     -0.8864368671
          0,           0,        1760,      -6.347448741,      -3.571914261,      -3.448432541,     -0.8878427227
          0,           0,        1761,      -6.348841019,      -3.572809826,      -3.449974586,     -0.8892141016
          0,           0,        1762,      -6.350199574,      -3.573668404,      -3.451513421,     -0.8905512203
          0,           0,        1763,      -6.351524644,       -3.57449131,      -3.453049228,     -0.8918543433
          0,           0,        1764,      -6.352816514,      -3.575279908,      -3.454582192,     -0.8931237841
          0,           0,        1765,      -6.354075518,      -3.576035615,        -3.4561125,     -0.8943599062
          0,           0,        1766,      -6.355302039,      -3.576759896,      -3.457640338,     -0.8955631237
          0,           0,        1767,      -6.356496511,      -3.577454258,      -3.459165892,     -0.8967339019
          0,           0,        1768,      -6.357659417,       -3.57812025,      -3.460689342,     -0.8978727577
          0,           0,        1769,      -6.358791293,      -3.578759456,      -3.462210866,     -0.8989802596
          0,           0,        1770,      -6.359892724,      -3.579373495,      -3.463730631,     -0.9000570277
          0,           0,        1771,      -6.360964343,      -3.579964012,      -3.465248799,     -0.9011037335
          0,           0,        1772,      -6.362006837,      -3.580532683,      -3.466765521,     -0.9021210998
          0,           0,        1773,      -6.363020941,      -3.581081201,      -3.468280938,     -0.9031099001
          0,           0,        1774,      -6.364007439,      -3.581611279,      -3.469795179,     -0.9040709582
          0,           0,        1775,      -6.364967163,      -3.582124646,       -3.47130836,     -0.9050051475
          0,           0,        1776,      -6.365900995,      -3.582623041,      -3.472820581,     -0.9059133899
          0,           0,        1777,      -6.366809863,      -3.583108208,      -3.474331931,     -0.9067966553
          0,           0,        1778,       -6.36769474,      -3.583581898,      -3.475842481,     -0.9076559598
          0,           0,        1779,      -6.368556645,       -3.58404586,      -3.477352286,     -0.9084923647
          0,           0,        1780,      -6.369396637,      -3.584501841,      -3.478861386,     -0.9093069744
          0,           0,        1781,      -6.370215819,      -3.584951581,      -3.480369805,     -0.9101009345
          0,           0,        1782,      -6.371015332,      -3.585396811,      -3.481877548,     -0.9108754301
          0,           0,        1783,      -6.371796354,      -3.585839249,      -3.483384606,      -0.911631683
          0,           0,        1784,      -6.372560097,      -3.586280597,      -3.484890951,     -0.9123709495
          0,           0,        1785,      -6.373307805,      -3.586722538,       -3.48639654,     -0.9130945179
          0,           0,        1786,      -6.374040752,      -3.587166736,      -3.487901315,     -0.9138037054
          0,           0,        1787,      -6.374760239,      -3.587614828,      -3.489405202,     -0.9144998556
          0,           0,        1788,      -6.375467591,      -3.588068426,      -3.490908112,     -0.9151843355
          0,           0,        1789,      -6.376164152,      -3.588529113,      -3.492409945,     -0.9158585322
          0,           0,        1790,      -6.376851288,      -3.588998441,      -3.493910584,     -0.9165238503
          0,           0,        1791,      -6.377530376,      -3.589477928,      -3.495409904,     -0.9171817083
          0,           0,        1792,      -6.378202807,      -3.589969057,      -3.496907768,     -0.9178335357
          0,           0,        1793,      -6.378869982,      -3.590473275,      -3.498404028,     -0.9184807697
          0,           0,        1794,      -6.379533306,      -3.590991989,      -3.499898531,     -0.9191248518
          0,           0,        1795,      -6.380194187,      -3.591526565,      -3.501391114,     -0.9197672246
          0,           0,        1796,      -6.380854033,      -3.592078328,      -3.502881611,     -0.9204093288
          0,           0,        1797,      -6.381514248,      -3.592648561,       -3.50436985,     -0.9210525993
          0,           0,        1798,      -6.382176228,        -3.5932385,      -3.505855658,     -0.9216984625
          0,           0,        1799,       -6.38284136,      -3.593849336,       -3.50733886,     -0.9223483331
          0,           0,        1800,      -6.383511018,      -3.594482215,      -3.508819282,     -0.9230036105
          0,           0,        1801,       -6.38418656,      -3.595138234,      -3.510296751,     -0.9236656764
          0,           0,        1802,      -6.384869324,      -3.595818442,      -3.511771099,     -0.9243358916
          0,           0,        1803,      -6.385560628,      -3.596523838,      -3.513242162,     -0.9250155931
          0,           0,        1804,      -6.386261764,      -3.597255373,      -3.514709784,     -0.9257060913
          0,           0,        1805,      -6.386973998,      -3.598013947,      -3.516173815,      -0.926408668
          0,           0,        1806,      -6.387698566,      -3.598800409,      -3.517634115,     -0.9271245732
          0,           0,        1807,      -6.388436674,      -3.599615558,      -3.519090556,     -0.9278550232
          0,           0,        1808,      -6.389189492,      -3.600460141,      -3.520543019,     -0.9286011984
          0,           0,        1809,      -6.389958154,      -3.601334854,      -3.521991403,     -0.9293642407
          0,           0,        1810,      -6.390743757,      -3.602240343,      -3.523435615,     -0.9301452525
          0,           0,        1811,      -6.391547359,      -3.603177199,      -3.524875583,     -0.9309452936
          0,           0,        1812,      -6.392369975,      -3.604145965,      -3.526311248,     -0.9317653808
          0,           0,        1813,      -6.393212577,      -3.605147131,      -3.527742569,     -0.9326064853
          0,           0,        1814,      -6.394076092,      -3.606181136,      -3.529169521,     -0.9334695319
          0,           0,        1815,      -6.394961403,      -3.607248367,      -3.530592101,     -0.9343553978
          0,           0,        1816,      -6.395869344,      -3.608349162,       -3.53201032,      -0.935264911
          0,           0,        1817,      -6.396800702,      -3.609483809,      -3.533424213,     -0.9361988496
          0,           0,        1818,      -6.397756213,      -3.610652577,      -3.534833839,     -0.9371579394
          0,           0,        1819,      -6.398736542,      -3.611855614,      -3.536239261,     -0.9381428338
          0,           0,        1820,      -6.399742341,      -3.613093055,       -3.53764057,     -0.9391541706
          0,           0,        1821,      -6.400774207,      -3.614364988,      -3.539037878,     -0.9401925312
          0,           0,        1822,      -6.401832681,      -3.615671453,      -3.540431312,       -0.94125844
          0,           0,        1823,      -6.402918253,      -3.617012444,       -3.54182102,     -0.9423523661
          0,           0,        1824,      -6.404031355,      -3.618387905,      -3.543207166,     -0.9434747227
          0,           0,        1825,      -6.405172368,      -3.619797732,      -3.544589935,     -0.9446258682
          0,           0,        1826,      -6.406341618,      -3.621241777,      -3.545969525,     -0.9458061067
          0,           0,        1827,      -6.407539381,      -3.622719845,      -3.547346151,     -0.9470156885
          0,           0,        1828,      -6.408765878,      -3.624231699,      -3.548720044,     -0.9482548114
          0,           0,        1829,      -6.410021284,      -3.625777054,      -3.550091448,     -0.9495236218
          0,           0,        1830,       -6.41130572,      -3.627355584,      -3.551460623,     -0.9508222144
          0,           0,        1831,      -6.412619259,       -3.62896692,      -3.552827836,     -0.9521506333
          0,           0,        1832,      -6.413961926,       -3.63061065,      -3.554193371,     -0.9535088731
          0,           0,        1833,      -6.415333696,       -3.63228632,      -3.555557515,     -0.9548968791
          0,           0,        1834,      -6.416734499,      -3.633993438,      -3.556920567,     -0.9563145483
          0,           0,        1835,      -6.418164216,      -3.635731471,      -3.558282832,     -0.9577617299
          0,           0,        1836,      -6.419622681,      -3.637499847,      -3.559644619,      -0.959238226
          0,           0,        1837,      -6.421109684,      -3.639297958,      -3.561006241,     -0.9607437922
          0,           0,        1838,       -6.42262497,      -3.641125156,      -3.562368015,     -0.9622781388
          0,           0,        1839,      -6.424168239,       -3.64298076,      -3.563730256,     -0.9638409313
          0,           0,        1840,      -6.425739148,      -3.644864054,      -3.565093282,     -0.9654317922
          0,           0,        1841,      -6.427337313,      -3.646774287,      -3.566457406,     -0.9670503014
          0,           0,        1842,      -6.428962309,      -3.648710675,      -3.567822941,     -0.9686959985
          0,           0,        1843,      -6.430613672,      -3.650672404,      -3.569190194,     -0.9703683839
          0,           0,        1844,      -6.432290901,      -3.652658627,      -3.570559466,     -0.9720669201
          0,           0,        1845,      -6.433993458,      -3.654668468,      -3.571931052,     -0.9737910337
          0,           0,        1846,      -6.435720773,      -3.656701023,      -3.573305238,     -0.9755401165
          0,           0,        1847,      -6.437472239,      -3.658755361,        -3.5746823,     -0.9773135272
          0,           0,        1848,       -6.43924722,      -3.660830524,      -3.576062504,     -0.9791105927
          0,           0,        1849,      -6.441045049,      -3.662925529,      -3.577446105,     -0.9809306097
          0,           0,        1850,      -6.442865029,      -3.665039369,      -3.578833345,      -0.982772846
          0,           0,        1851,      -6.444706436,      -3.667171017,       -3.58022445,     -0.9846365421
          0,           0,        1852,      -6.446568519,      -3.669319423,      -3.581619636,     -0.9865209124
          0,           0,        1853,      -6.448450505,      -3.671483517,      -3.583019101,     -0.9884251475
          0,           0,        1854,      -6.450351595,      -3.673662212,      -3.584423028,     -0.9903484152
          0,           0,        1855,       -6.45227097,      -3.675854403,      -3.585831583,     -0.9922898623
          0,           0,        1856,      -6.454207791,       -3.67805897,      -3.587244917,     -0.9942486167
          0,           0,        1857,        -6.4561612,       -3.68027478,      -3.588663161,     -0.9962237887
          0,           0,        1858,      -6.458130324,      -3.682500686,      -3.590086431,      -0.998214473
          0,           0,        1859,      -6.460114276,       -3.68473553,      -3.591514825,       -1.00021975
          0,           0,        1860,      -6.462112153,      -3.686978146,      -3.592948422,      -1.002238688
          0,           0,        1861,      -6.464123043,       -3.68922736,      -3.594387284,      -1.004270346
          0,           0,        1862,      -6.466146023,      -3.691481989,      -3.595831452,       -1.00631377
          0,           0,        1863,      -6.468180163,      -3.693740849,      -3.597280954,      -1.008368004
          0,           0,        1864,      -6.470224524,      -3.696002751,      -3.598735797,      -1.010432081
          0,           0,        1865,      -6.472278163,      -3.698266506,      -3.600195972,      -1.012505034
          0,           0,        1866,      -6.474340134,      -3.700530923,      -3.601661451,       -1.01458589
          0,           0,        1867,      -6.476409487,      -3.702794815,      -3.603132191,      -1.016673676
          0,           0,        1868,      -6.478485272,      -3.705056999,      -3.604608132,      -1.018767421
          0,           0,        1869,       -6.48056654,      -3.707316297,        -3.6060892,      -1.020866153
          0,           0,        1870,      -6.482652345,      -3.709571536,      -3.607575303,      -1.022968904
          0,           0,        1871,      -6.484741742,      -3.711821555,      -3.609066337,      -1.025074713
          0,           0,        1872,      -6.486833792,      -3.714065203,      -3.610562183,      -1.027182621
          0,           0,        1873,      -6.488927564,       -3.71630134,       -3.61206271,      -1.029291679
          0,           0,        1874,      -6.491022132,      -3.718528842,      -3.613567774,      -1.031400946
          0,           0,        1875,       -6.49311658,      -3.720746598,       -3.61507722,      -1.033509493
          0,           0,        1876,      -6.495210001,      -3.722953519,      -3.616590883,      -1.035616398
          0,           0,        1877,      -6.497301502,       -3.72514853,      -3.618108588,      -1.037720754
          0,           0,        1878,      -6.499390198,      -3.727330581,      -3.619630151,      -1.039821668
          0,           0,        1879,       -6.50147522,      -3.729498644,      -3.621155382,      -1.041918258
          0,           0,        1880,      -6.503555712,      -3.731651713,      -3.622684082,      -1.044009661
          0,           0,        1881,      -6.505630834,      -3.733788811,      -3.624216048,      -1.046095027
          0,           0,        1882,       -6.50769976,      -3.735908986,      -3.625751072,      -1.048173526
          0,           0,        1883,      -6.509761683,      -3.738011316,      -3.627288942,      -1.050244343
          0,           0,        1884,      -6.511815812,      -3.740094911,      -3.628829443,      -1.052306685
          0,           0,        1885,      -6.513861375,       -3.74215891,      -3.630372359,      -1.054359773
          0,           0,        1886,       -6.51589762,      -3.744202488,      -3.631917472,      -1.056402854
          0,           0,        1887,      -6.517923812,      -3.746224854,      -3.633464565,      -1.058435192
          0,           0,        1888,      -6.519939238,      -3.748225253,      -3.635013422,      -1.060456072
          0,           0,        1889,      -6.521943207,      -3.750202967,      -3.636563829,      -1.062464803
          0,           0,        1890,      -6.523935046,      -3.752157347,       -3.63811558,      -1.064460715
          0,           0,        1891,      -6.525914094,      -3.754087731,      -3.639668463,      -1.066443147
          0,           0,        1892,      -6.527879727,      -3.755993511,      -3.641222271,      -1.068411479
          0,           0,        1893,      -6.529831348,      -3.757874131,      -3.642776808,      -1.070365118
          0,           0,        1894,      -6.531768384,      -3.759729079,      -3.644331878,      -1.072303494
          0,           0,        1895,      -6.533690282,      -3.761557889,      -3.645887296,      -1.074226059
          0,           0,        1896,      -6.535596511,      -3.763360135,      -3.647442882,      -1.076132287
          0,           0,        1897,      -6.537486563,      -3.765135439,      -3.648998462,      -1.078021677
          0,           0,        1898,      -6.539359953,      -3.766883467,      -3.650553872,      -1.079893751
          0,           0,        1899,       -6.54121622,      -3.768603931,      -3.652108955,      -1.081748054
          0,           0,        1900,      -6.543054927,      -3.770296592,      -3.653663563,      -1.083584161
          0,           0,        1901,      -6.544875663,      -3.771961256,      -3.655217557,      -1.085401669
          0,           0,        1902,      -6.546678045,      -3.773597778,      -3.656770808,      -1.087200203
          0,           0,        1903,      -6.548461713,      -3.775206062,      -3.658323194,      -1.088979415
          0,           0,        1904,      -6.550226338,      -3.776786057,      -3.659874606,      -1.090738985
          0,           0,        1905,      -6.551971615,      -3.778337762,      -3.661424941,      -1.092478621
          0,           0,        1906,      -6.553697267,       -3.77986122,      -3.662974109,      -1.094198056
          0,           0,        1907,      -6.555403045,      -3.781356526,      -3.664522026,      -1.095897054
          0,           0,        1908,      -6.557088726,      -3.782823817,      -3.666068619,      -1.097575406
          0,           0,        1909,      -6.558754115,       -3.78426328,      -3.667613823,      -1.099232929
          0,           0,        1910,      -6.560399046,      -3.785675146,      -3.669157582,       -1.10086947
          0,           0,        1911,      -6.562023377,      -3.787059691,       -3.67069985,      -1.102484903
          0,           0,        1912,      -6.563626997,      -3.788417239,      -3.672240588,      -1.104079132
          0,           0,        1913,      -6.565209821,      -3.789748153,      -3.673779763,      -1.105652085
          0,           0,        1914,      -6.566771792,      -3.791052844,      -3.675317353,      -1.107203724
          0,           0,        1915,      -6.568312881,      -3.792331761,       -3.67685334,      -1.108734036
          0,           0,        1916,      -6.569833089,      -3.793585396,      -3.678387716,      -1.110243038
          0,           0,        1917,      -6.571332446,      -3.794814279,      -3.679920476,      -1.111730777
          0,           0,        1918,       -6.57281101,      -3.796018982,      -3.681451621,       -1.11319733
          0,           0,        1919,      -6.574268868,       -3.79720011,       -3.68298116,      -1.114642803
          0,           0,        1920,      -6.575706137,      -3.798358305,      -3.684509102,      -1.116067332
          0,           0,        1921,      -6.577122964,      -3.799494244,      -3.686035463,      -1.117471082
          0,           0,        1922,      -6.578519524,      -3.800608636,      -3.687560262,      -1.118854249
          0,           0,        1923,      -6.579896022,      -3.801702223,      -3.689083518,      -1.120217057
          0,           0,        1924,      -6.581252689,      -3.802775774,      -3.690605256,      -1.121559761
          0,           0,        1925,      -6.582589789,      -3.803830088,      -3.692125499,      -1.122882644
          0,           0,        1926,      -6.583907612,      -3.804865989,      -3.693644274,      -1.124186017
          0,           0,        1927,      -6.585206475,      -3.805884327,      -3.695161607,      -1.125470222
          0,           0,        1928,      -6.586486725,      -3.806885972,      -3.696677524,      -1.126735627
          0,           0,        1929,      -6.587748738,      -3.807871819,      -3.698192051,      -1.127982629
          0,           0,        1930,      -6.588992914,      -3.808842777,      -3.699705213,      -1.129211655
          0,           0,        1931,      -6.590219682,      -3.809799777,      -3.701217032,      -1.130423155
          0,           0,        1932,      -6.591429499,      -3.810743762,       -3.70272753,       -1.13161761
          0,           0,        1933,      -6.592622845,       -3.81167569,      -3.704236727,      -1.132795525
          0,           0,        1934,      -6.593800226,      -3.812596529,      -3.705744638,      -1.133957431
          0,           0,        1935,      -6.594962176,       -3.81350726,      -3.707251276,      -1.135103883
          0,           0,        1936,      -6.596109248,      -3.814408868,      -3.708756653,      -1.136235462
          0,           0,        1937,      -6.597242021,      -3.815302346,      -3.710260774,       -1.13735277
          0,           0,        1938,      -6.598361095,      -3.816188691,      -3.711763643,      -1.138456432
          0,           0,        1939,      -6.599467092,      -3.817068902,      -3.713265258,      -1.139547094
          0,           0,        1940,      -6.600560653,       -3.81794398,      -3.714765616,      -1.140625422
          0,           0,        1941,      -6.601642438,      -3.818814923,      -3.716264706,      -1.141692101
          0,           0,        1942,      -6.602713126,      -3.819682726,      -3.717762517,      -1.142747834
          0,           0,        1943,      -6.603773412,       -3.82054838,      -3.719259031,      -1.143793339
          0,           0,        1944,      -6.604824007,      -3.821412872,      -3.720754229,      -1.144829351
          0,           0,        1945,      -6.605865636,      -3.822277176,      -3.722248085,       -1.14585662
          0,           0,        1946,      -6.606899036,      -3.823142262,      -3.723740571,      -1.146875905
          0,           0,        1947,      -6.607924959,      -3.824009086,      -3.725231657,       -1.14788798
          0,           0,        1948,      -6.608944163,      -3.824878593,      -3.726721306,      -1.148893626
          0,           0,        1949,      -6.609957418,      -3.825751712,      -3.728209483,      -1.149893635
          0,           0,        1950,      -6.610965501,      -3.826629359,      -3.729696145,      -1.150888803
          0,           0,        1951,      -6.611969193,      -3.827512435,      -3.731181252,      -1.151879935
          0,           0,        1952,      -6.612969282,      -3.828401819,      -3.732664758,      -1.152867836
          0,           0,        1953,      -6.613966557,      -3.829298375,      -3.734146617,      -1.153853316
          0,           0,        1954,       -6.61496181,      -3.830202945,      -3.735626782,      -1.154837184
          0,           0,        1955,      -6.615955832,       -3.83111635,      -3.737105205,       -1.15582025
          0,           0,        1956,      -6.616949413,      -3.832039391,      -3.738581839,      -1.156803319
          0,           0,        1957,      -6.617943338,      -3.832972842,      -3.740056635,      -1.157787194
          0,           0,        1958,      -6.618938392,      -3.833917458,      -3.741529546,      -1.158772674
          0,           0,        1959,      -6.619935349,      -3.834873964,      -3.743000527,      -1.159760547
          0,           0,        1960,      -6.620934979,      -3.835843065,      -3.744469533,      -1.160751597
          0,           0,        1961,      -6.621938041,      -3.836825434,      -3.745936522,      -1.161746596
          0,           0,        1962,      -6.622945287,      -3.837821722,      -3.747401455,      -1.162746306
          0,           0,        1963,      -6.623957454,      -3.838832549,      -3.748864296,      -1.163751474
          0,           0,        1964,      -6.624975268,      -3.839858508,      -3.750325012,      -1.164762837
          0,           0,        1965,       -6.62599944,      -3.840900164,      -3.751783573,      -1.165781114
          0,           0,        1966,      -6.627030667,      -3.841958052,      -3.753239957,      -1.166807009
          0,           0,        1967,      -6.628069628,      -3.843032678,      -3.754694144,      -1.167841206
          0,           0,        1968,      -6.629116984,      -3.844124517,      -3.756146119,      -1.168884374
          0,           0,        1969,       -6.63017338,      -3.845234016,      -3.757595874,      -1.169937159
          0,           0,        1970,      -6.631239437,      -3.846361589,      -3.759043406,      -1.171000189
          0,           0,        1971,      -6.632315759,      -3.847507622,      -3.760488719,      -1.172074066
          0,           0,        1972,      -6.633402925,      -3.848672467,      -3.761931823,      -1.173159374
          0,           0,        1973,      -6.634501494,      -3.849856448,      -3.763372734,      -1.174256668
          0,           0,        1974,      -6.635611999,      -3.851059855,      -3.764811477,      -1.175366483
          0,           0,        1975,       -6.63673495,      -3.852282951,      -3.766248081,      -1.176489326
          0,           0,        1976,      -6.637870833,      -3.853525963,      -3.767682586,      -1.177625681
          0,           0,        1977,      -6.639020107,       -3.85478909,      -3.769115035,      -1.178776001
          0,           0,        1978,      -6.640183206,      -3.856072501,      -3.770545481,      -1.179940717
          0,           0,        1979,      -6.641360536,       -3.85737633,      -3.771973983,      -1.181120228
          0,           0,        1980,      -6.642552478,      -3.858700684,      -3.773400609,      -1.182314909
          0,           0,        1981,      -6.643759383,      -3.860045637,      -3.774825431,      -1.183525103
          0,           0,        1982,      -6.644981576,      -3.861411235,      -3.776248531,      -1.184751125
          0,           0,        1983,      -6.646219352,      -3.862797491,      -3.777669996,      -1.185993263
          0,           0,        1984,       -6.64747298,      -3.864204392,       -3.77908992,      -1.187251774
          0,           0,        1985,      -6.648742698,      -3.865631891,      -3.780508402,      -1.188526885
          0,           0,        1986,      -6.650028718,      -3.867079914,       -3.78192555,      -1.189818796
          0,           0,        1987,       -6.65133122,      -3.868548359,      -3.783341474,      -1.191127676
          0,           0,        1988,      -6.652650358,      -3.870037094,      -3.784756293,      -1.192453664
          0,           0,        1989,      -6.653986257,       -3.87154596,      -3.786170127,      -1.193796871
          0,           0,        1990,      -6.655339012,      -3.873074769,      -3.787583105,      -1.195157377
          0,           0,        1991,      -6.656708691,      -3.874623306,      -3.788995355,      -1.196535236
          0,           0,        1992,      -6.658095333,      -3.876191332,      -3.790407013,      -1.197930471
          0,           0,        1993,       -6.65949895,      -3.877778578,      -3.791818216,      -1.199343076
          0,           0,        1994,      -6.660919526,      -3.879384751,      -3.793229104,      -1.200773018
          0,           0,        1995,      -6.662357016,      -3.881009535,      -3.794639818,      -1.202220237
          0,           0,        1996,      -6.663811351,      -3.882652585,      -3.796050504,      -1.203684643
          0,           0,        1997,      -6.665282434,      -3.884313537,      -3.797461305,      -1.205166122
          0,           0,        1998,      -6.666770141,         -3.885992,      -3.798872367,      -1.206664531
          0,           0,        1999,      -6.668274324,      -3.887687562,      -3.800283835,      -1.208179703
          0,           0,        2000,      -6.669794809,       -3.88939979,      -3.801695854,      -1.209711445
          0,           0,        2001,      -6.671331399,      -3.891128227,      -3.803108568,      -1.211259539
          0,           0,        2002,      -6.672883872,      -3.892872398,      -3.804522119,      -1.212823743
          0,           0,        2003,      -6.674451982,      -3.894631807,      -3.805936646,      -1.214403793
          0,           0,        2004,      -6.676035462,       -3.89640594,      -3.807352288,      -1.215999399
          0,           0,        2005,      -6.677634023,      -3.898194263,      -3.808769178,      -1.217610254
          0,           0,        2006,      -6.679247354,      -3.899996227,      -3.810187447,      -1.219236024
          0,           0,        2007,      -6.680875124,      -3.901811263,      -3.811607222,       -1.22087636
          0,           0,        2008,      -6.682516983,       -3.90363879,      -3.813028624,      -1.222530889
          0,           0,        2009,      -6.684172562,      -3.905478208,      -3.814451772,      -1.224199222
          0,           0,        2010,      -6.685841472,      -3.907328906,      -3.815876776,      -1.225880951
          0,           0,        2011,       -6.68752331,      -3.909190259,      -3.817303744,       -1.22757565
          0,           0,        2012,      -6.689217654,      -3.911061628,      -3.818732775,      -1.229282879
          0,           0,        2013,      -6.690924067,      -3.912942365,      -3.820163963,       -1.23100218
          0,           0,        2014,      -6.692642099,      -3.914831809,      -3.821597395,      -1.232733082
          0,           0,        2015,      -6.694371285,      -3.916729292,      -3.823033152,      -1.234475101
          0,           0,        2016,      -6.696111145,      -3.918634135,      -3.824471308,      -1.236227738
          0,           0,        2017,      -6.697861191,      -3.920545652,      -3.825911928,      -1.237990486
          0,           0,        2018,      -6.699620921,       -3.92246315,      -3.827355071,      -1.239762823
          0,           0,        2019,      -6.701389824,      -3.924385933,      -3.828800788,       -1.24154422
          0,           0,        2020,       -6.70316738,      -3.926313296,      -3.830249124,      -1.243334137
          0,           0,        2021,      -6.704953057,      -3.928244533,      -3.831700114,      -1.245132028
          0,           0,        2022,      -6.706746322,      -3.930178935,      -3.833153786,      -1.246937339
          0,           0,        2023,      -6.708546628,       -3.93211579,       -3.83461016,      -1.248749509
          0,           0,        2024,      -6.710353429,      -3.934054386,      -3.836069251,      -1.250567974
          0,           0,        2025,      -6.712166169,      -3.935994012,      -3.837531063,      -1.252392162
          0,           0,        2026,      -6.713984291,      -3.937933957,      -3.838995594,        -1.2542215
          0,           0,        2027,      -6.715807234,      -3.939873514,      -3.840462836,      -1.256055413
          0,           0,        2028,      -6.717634434,      -3.941811979,       -3.84193277,      -1.257893324
          0,           0,        2029,      -6.719465327,      -3.943748651,      -3.843405375,      -1.259734653
          0,           0,        2030,      -6.721299348,      -3.945682836,      -3.844880619,      -1.261578822
          0,           0,        2031,      -6.723135932,      -3.947613845,      -3.846358466,      -1.263425254
          0,           0,        2032,      -6.724974514,         -3.949541,      -3.847838873,      -1.265273373
          0,           0,        2033,      -6.726814535,      -3.951463627,      -3.849321791,      -1.267122605
          0,           0,        2034,      -6.728655433,      -3.953381064,      -3.850807165,      -1.268972382
          0,           0,        2035,      -6.730496655,       -3.95529266,      -3.852294934,      -1.270822138
          0,           0,        2036,      -6.732337648,      -3.957197774,      -3.853785034,      -1.272671311
          0,           0,        2037,      -6.734177866,      -3.959095778,      -3.855277394,      -1.274519346
          0,           0,        2038,      -6.736016769,      -3.960986058,      -3.856771941,      -1.276365695
          0,           0,        2039,      -6.737853822,      -3.962868013,      -3.858268595,      -1.278209816
          0,           0,        2040,      -6.739688498,       -3.96474106,      -3.859767276,      -1.280051175
          0,           0,        2041,      -6.741520279,      -3.966604628,      -3.861267896,      -1.281889246
          0,           0,        2042,      -6.743348652,      -3.968458167,       -3.86277037,      -1.283723512
          0,           0,        2043,      -6.745173116,      -3.970301142,      -3.864274605,      -1.285553467
          0,           0,        2044,      -6.746993179,       -3.97213304,      -3.865780508,      -1.287378614
          0,           0,        2045,      -6.748808358,      -3.973953363,      -3.867287987,      -1.289198467
          0,           0,        2046,      -6.750618182,      -3.975761636,      -3.868796943,      -1.291012551
          0,           0,        2047,       -6.75242219,      -3.977557405,      -3.870307281,      -1.292820403
          0,           0,        2048,      -6.754219935,      -3.979340238,      -3.871818903,      -1.294621574
          0,           0,        2049,      -6.756010979,      -3.981109723,      -3.873331711,      -1.296415626
          0,           0,        2050,        -6.7577949,      -3.982865474,      -3.874845607,      -1.298202134
          0,           0,        2051,      -6.759571287,      -3.984607125,      -3.876360493,      -1.299980689
          0,           0,        2052,      -6.761339744,      -3.986334337,      -3.877876273,      -1.301750894
          0,           0,        2053,      -6.763099888,      -3.988046794,      -3.879392852,      -1.303512368
          0,           0,        2054,       -6.76485135,      -3.989744206,      -3.880910133,      -1.305264744
          0,           0,        2055,      -6.766593777,      -3.991426308,      -3.882428025,      -1.307007671
          0,           0,        2056,      -6.768326832,      -3.993092861,      -3.883946437,      -1.308740813
          0,           0,        2057,       -6.77005019,       -3.99474365,      -3.885465279,      -1.310463851
          0,           0,        2058,      -6.771763545,       -3.99637849,      -3.886984463,      -1.312176482
          0,           0,        2059,      -6.773466607,       -3.99799722,      -3.888503907,      -1.313878418
          0,           0,        2060,        -6.7751591,      -3.999599707,      -3.890023527,       -1.31556939
          0,           0,        2061,      -6.776840766,      -4.001185844,      -3.891543245,      -1.317249145
          0,           0,        2062,      -6.778511364,      -4.002755552,      -3.893062985,      -1.318917449
          0,           0,        2063,       -6.78017067,      -4.004308778,      -3.894582672,      -1.320574082
          0,           0,        2064,      -6.781818477,      -4.005845496,      -3.896102238,      -1.322218845
          0,           0,        2065,      -6.783454597,       -4.00736571,      -3.897621615,      -1.323851555
          0,           0,        2066,      -6.785078856,      -4.008869446,      -3.899140739,      -1.325472049
          0,           0,        2067,      -6.786691102,      -4.010356759,      -3.900659549,       -1.32708018
          0,           0,        2068,      -6.788291199,      -4.011827732,      -3.902177989,      -1.328675821
          0,           0,        2069,      -6.789879027,      -4.013282471,      -3.903696004,      -1.330258864
          0,           0,        2070,      -6.791454489,      -4.014721111,      -3.905213543,      -1.331829216
          0,           0,        2071,      -6.793017502,       -4.01614381,      -3.906730558,      -1.333386807
          0,           0,        2072,      -6.794568004,      -4.017550752,      -3.908247004,      -1.334931583
          0,           0,        2073,      -6.796105948,      -4.018942145,      -3.909762841,       -1.33646351
          0,           0,        2074,       -6.79763131,      -4.020318224,      -3.911278028,      -1.337982572
          0,           0,        2075,      -6.799144081,      -4.021679243,      -3.912792531,      -1.339488772
          0,           0,        2076,      -6.800644272,      -4.023025483,      -3.914306315,      -1.340982131
          0,           0,        2077,       -6.80213191,      -4.024357245,      -3.915819349,      -1.342462691
          0,           0,        2078,      -6.803607045,      -4.025674852,      -3.917331607,      -1.343930509
          0,           0,        2079,      -6.805069739,       -4.02697865,       -3.91884306,      -1.345385664
          0,           0,        2080,      -6.806520078,      -4.028269002,      -3.920353686,      -1.346828251
          0,           0,        2081,      -6.807958163,      -4.029546293,      -3.921863461,      -1.348258384
          0,           0,        2082,      -6.809384112,      -4.030810926,      -3.923372367,      -1.349676196
          0,           0,        2083,      -6.810798063,      -4.032063321,      -3.924880384,      -1.351081836
          0,           0,        2084,      -6.812200171,      -4.033303916,      -3.926387496,      -1.352475474
          0,           0,        2085,      -6.813590606,      -4.034533165,      -3.927893685,      -1.353857293
          0,           0,        2086,      -6.814969558,      -4.035751538,      -3.929398939,      -1.355227496
          0,           0,        2087,      -6.816337232,      -4.036959516,      -3.930903242,      -1.356586303
          0,           0,        2088,       -6.81769385,      -4.038157597,      -3.932406583,       -1.35793395
          0,           0,        2089,      -6.819039651,      -4.039346291,      -3.933908949,      -1.359270688
          0,           0,        2090,      -6.820374888,      -4.040526116,      -3.935410328,      -1.360596787
          0,           0,        2091,      -6.821699829,      -4.041697604,       -3.93691071,      -1.361912529
          0,           0,        2092,       -6.82301476,      -4.042861296,      -3.938410083,      -1.363218213
          0,           0,        2093,      -6.824319978,       -4.04401774,      -3.939908438,      -1.364514152
          0,           0,        2094,      -6.825615798,      -4.045167491,      -3.941405762,      -1.365800674
          0,           0,        2095,      -6.826902543,      -4.046311112,      -3.942902047,      -1.367078119
          0,           0,        2096,      -6.828180555,      -4.047449172,      -3.944397281,      -1.368346841
          0,           0,        2097,      -6.829450185,      -4.048582241,      -3.945891453,      -1.369607205
          0,           0,        2098,      -6.830711796,      -4.049710896,      -3.947384553,      -1.370859591
          0,           0,        2099,      -6.831965764,      -4.050835715,       -3.94887657,      -1.372104388
          0,           0,        2100,      -6.833212474,      -4.051957276,      -3.950367491,      -1.373341995
          0,           0,        2101,      -6.834452321,       -4.05307616,      -3.951857305,      -1.374572822
          0,           0,        2102,      -6.835685712,      -4.054192946,      -3.953346001,      -1.375797288
          0,           0,        2103,      -6.836913059,      -4.055308211,      -3.954833565,       -1.37701582
          0,           0,        2104,      -6.838134786,      -4.056422531,      -3.956319986,      -1.378228855
          0,           0,        2105,       -6.83935132,      -4.057536478,      -3.957805251,      -1.379436835
          0,           0,        2106,      -6.840563097,      -4.058650618,      -3.959289347,      -1.380640207
          0,           0,        2107,       -6.84177056,      -4.059765516,      -3.960772261,      -1.381839427
          0,           0,        2108,      -6.842974154,      -4.060881726,       -3.96225398,      -1.383034954
          0,           0,        2109,       -6.84417433,        -4.0619998,      -3.963734492,       -1.38422725
          0,           0,        2110,      -6.845371543,      -4.063120278,      -3.965213784,      -1.385416781
          0,           0,        2111,      -6.846566249,      -4.064243695,      -3.966691844,      -1.386604016
          0,           0,        2112,      -6.847758907,      -4.065370576,       -3.96816866,      -1.387789424
          0,           0,        2113,      -6.848949978,      -4.066501434,      -3.969644221,      -1.388973477
          0,           0,        2114,       -6.85013992,      -4.067636774,      -3.971118516,      -1.390156645
          0,           0,        2115,      -6.851329195,      -4.068777088,      -3.972591535,      -1.391339396
          0,           0,        2116,      -6.852518261,      -4.069922856,       -3.97406327,        -1.3925222
          0,           0,        2117,      -6.853707572,      -4.071074548,      -3.975533713,       -1.39370552
          0,           0,        2118,      -6.854897584,      -4.072232618,      -3.977002857,       -1.39488982
          0,           0,        2119,      -6.856088746,      -4.073397506,      -3.978470698,      -1.396075556
          0,           0,        2120,      -6.857281503,       -4.07456964,      -3.979937232,      -1.397263181
          0,           0,        2121,      -6.858476295,      -4.075749432,      -3.981402456,      -1.398453142
          0,           0,        2122,      -6.859673557,      -4.076937279,      -3.982866371,       -1.39964588
          0,           0,        2123,      -6.860873715,      -4.078133561,      -3.984328978,      -1.400841829
          0,           0,        2124,      -6.862077191,      -4.079338644,      -3.985790282,      -1.402041413
          0,           0,        2125,      -6.863284397,      -4.080552876,      -3.987250289,       -1.40324505
          0,           0,        2126,      -6.864495735,      -4.081776589,      -3.988709006,      -1.404453146
          0,           0,        2127,        -6.8657116,      -4.083010097,      -3.990166445,      -1.405666101
          0,           0,        2128,      -6.866932376,      -4.084253696,      -3.991622618,        -1.4068843
          0,           0,        2129,      -6.868158437,      -4.085507667,      -3.993077543,       -1.40810812
          0,           0,        2130,      -6.869390145,       -4.08677227,      -3.994531237,      -1.409337925
          0,           0,        2131,       -6.87062785,      -4.088047747,      -3.995983722,      -1.410574067
          0,           0,        2132,      -6.871871891,      -4.089334325,      -3.997435021,      -1.411816885
          0,           0,        2133,      -6.873122594,      -4.090632208,      -3.998885163,      -1.413066705
          0,           0,        2134,      -6.874380271,      -4.091941584,      -4.000334176,      -1.414323838
          0,           0,        2135,       -6.87564522,      -4.093262622,      -4.001782094,      -1.415588583
          0,           0,        2136,      -6.876917727,      -4.094595471,      -4.003228951,      -1.416861223
          0,           0,        2137,      -6.878198062,      -4.095940262,      -4.004674787,      -1.418142025
          0,           0,        2138,       -6.87948648,      -4.097297107,      -4.006119643,      -1.419431243
          0,           0,        2139,      -6.880783222,        -4.0986661,      -4.007563562,      -1.420729114
          0,           0,        2140,      -6.882088513,      -4.100047315,      -4.009006592,       -1.42203586
          0,           0,        2141,      -6.883402562,      -4.101440807,      -4.010448783,      -1.423351685
          0,           0,        2142,      -6.884725563,      -4.102846612,      -4.011890185,      -1.424676778
          0,           0,        2143,      -6.886057694,       -4.10426475,      -4.013330854,      -1.426011313
          0,           0,        2144,      -6.887399116,       -4.10569522,      -4.014770846,      -1.427355444
          0,           0,        2145,      -6.888749974,      -4.107138003,      -4.016210221,       -1.42870931
          0,           0,        2146,      -6.890110396,      -4.108593062,       -4.01764904,      -1.430073034
          0,           0,        2147,      -6.891480496,      -4.110060343,      -4.019087366,       -1.43144672
          0,           0,        2148,      -6.892860368,      -4.111539773,      -4.020525264,      -1.432830457
          0,           0,        2149,      -6.894250091,      -4.113031263,        -4.0219628,      -1.434224315
          0,           0,        2150,      -6.895649728,      -4.114534704,      -4.023400043,      -1.435628349
          0,           0,        2151,      -6.897059325,      -4.116049974,      -4.024837063,      -1.437042597
          0,           0,        2152,      -6.898478913,      -4.117576931,      -4.026273928,      -1.438467079
          0,           0,        2153,      -6.899908503,      -4.119115418,      -4.027710711,        -1.4399018
          0,           0,        2154,      -6.901348094,      -4.120665262,      -4.029147484,      -1.441346746
          0,           0,        2155,      -6.902797667,      -4.122226273,      -4.030584318,      -1.442801889
          0,           0,        2156,      -6.904257188,      -4.123798249,      -4.032021286,      -1.444267185
          0,           0,        2157,      -6.905726606,       -4.12538097,      -4.033458462,      -1.445742573
          0,           0,        2158,      -6.907205856,      -4.126974201,      -4.034895916,      -1.447227977
          0,           0,        2159,      -6.908694857,      -4.128577697,      -4.036333721,      -1.448723306
          0,           0,        2160,      -6.910193514,      -4.130191195,      -4.037771949,      -1.450228452
          0,           0,        2161,      -6.911701718,      -4.131814421,       -4.03921067,      -1.451743295
          0,           0,        2162,      -6.913219344,      -4.133447088,      -4.040649952,      -1.453267699
          0,           0,        2163,      -6.914746254,      -4.135088897,      -4.042089865,      -1.454801515
          0,           0,        2164,      -6.916282296,      -4.136739536,      -4.043530475,      -1.456344579
          0,           0,        2165,      -6.917827307,      -4.138398683,      -4.044971846,      -1.457896716
          0,           0,        2166,      -6.919381109,      -4.140066004,      -4.046414041,      -1.459457735
          0,           0,        2167,      -6.920943512,      -4.141741157,      -4.047857122,      -1.461027437
          0,           0,        2168,      -6.922514315,      -4.143423789,      -4.049301147,      -1.462605606
          0,           0,        2169,      -6.924093305,      -4.145113537,      -4.050746173,      -1.464192018
          0,           0,        2170,      -6.925680257,       -4.14681003,      -4.052192253,      -1.465786437
          0,           0,        2171,      -6.927274938,      -4.148512891,      -4.053639438,      -1.467388617
          0,           0,        2172,      -6.928877103,      -4.150221733,      -4.055087776,      -1.468998302
          0,           0,        2173,      -6.930486497,      -4.151936163,      -4.056537313,      -1.470615225
          0,           0,        2174,      -6.932102858,      -4.153655783,      -4.057988091,      -1.472239111
          0,           0,        2175,      -6.933725913,      -4.155380187,      -4.059440147,      -1.473869677
          0,           0,        2176,      -6.935355383,      -4.157108967,      -4.060893519,      -1.475506631
          0,           0,        2177,      -6.936990979,      -4.158841708,      -4.062348238,      -1.477149675
          0,           0,        2178,      -6.938632408,      -4.160577993,      -4.063804333,      -1.478798503
          0,           0,        2179,      -6.940279369,        -4.1623174,      -4.065261829,      -1.480452803
          0,           0,        2180,      -6.941931553,      -4.164059507,      -4.066720748,      -1.482112256
          0,           0,        2181,      -6.943588649,      -4.165803888,      -4.068181109,       -1.48377654
          0,           0,        2182,       -6.94525034,      -4.167550117,      -4.069642925,      -1.485445327
          0,           0,        2183,      -6.946916302,      -4.169297767,      -4.071106209,      -1.487118285
          0,           0,        2184,      -6.948586211,      -4.171046412,      -4.072570968,      -1.488795078
          0,           0,        2185,      -6.950259738,      -4.172795624,      -4.074037205,      -1.490475367
          0,           0,        2186,       -6.95193655,      -4.174544979,      -4.075504922,      -1.492158812
          0,           0,        2187,      -6.953616313,      -4.176294054,      -4.076974116,      -1.493845068
          0,           0,        2188,      -6.955298691,      -4.178042429,      -4.078444781,      -1.495533791
          0,           0,        2189,      -6.956983347,      -4.179789686,      -4.079916906,      -1.497224637
          0,           0,        2190,      -6.958669944,      -4.181535413,       -4.08139048,      -1.498917257
          0,           0,        2191,      -6.960358142,      -4.183279199,      -4.082865487,      -1.500611307
          0,           0,        2192,      -6.962047604,      -4.185020641,      -4.084341908,      -1.502306441
          0,           0,        2193,      -6.963737993,      -4.186759342,      -4.085819722,      -1.504002315
          0,           0,        2194,      -6.965428974,      -4.188494908,      -4.087298903,      -1.505698586
          0,           0,        2195,      -6.967120211,      -4.190226954,      -4.088779424,      -1.507394914
          0,           0,        2196,      -6.968811373,      -4.191955104,      -4.090261257,      -1.509090962
          0,           0,        2197,      -6.970502131,      -4.193678985,      -4.091744369,      -1.510786393
          0,           0,        2198,      -6.972192159,      -4.195398238,      -4.093228726,      -1.512480877
          0,           0,        2199,      -6.973881135,      -4.197112509,      -4.094714291,      -1.514174086
          0,           0,        2200,      -6.975568739,      -4.198821456,      -4.096201025,      -1.515865698
          0,           0,        2201,      -6.977254658,      -4.200524745,       -4.09768889,      -1.517555394
          0,           0,        2202,      -6.978938583,      -4.202222054,      -4.099177843,      -1.519242861
          0,           0,        2203,       -6.98062021,      -4.203913072,       -4.10066784,      -1.520927793
          0,           0,        2204,      -6.982299241,      -4.205597497,      -4.102158838,      -1.522609887
          0,           0,        2205,      -6.983975383,      -4.207275043,       -4.10365079,      -1.524288849
          0,           0,        2206,       -6.98564835,      -4.208945433,      -4.105143649,       -1.52596439
          0,           0,        2207,      -6.987317864,      -4.210608403,      -4.106637369,      -1.527636231
          0,           0,        2208,      -6.988983652,      -4.212263703,        -4.1081319,      -1.529304096
          0,           0,        2209,       -6.99064545,      -4.213911096,      -4.109627193,      -1.530967722
          0,           0,        2210,      -6.992303001,      -4.215550359,        -4.1111232,      -1.532626849
          0,           0,        2211,      -6.993956056,      -4.217181283,       -4.11261987,      -1.534281229
          0,           0,        2212,      -6.995604374,      -4.218803671,      -4.114117155,      -1.535930621
          0,           0,        2213,      -6.997247724,      -4.220417345,      -4.115615003,      -1.537574794
          0,           0,        2214,      -6.998885883,      -4.222022137,      -4.117113366,      -1.539213525
          0,           0,        2215,      -7.000518636,      -4.223617898,      -4.118612195,      -1.540846602
          0,           0,        2216,      -7.002145779,       -4.22520449,       -4.12011144,      -1.542473821
          0,           0,        2217,      -7.003767118,      -4.226781795,      -4.121611052,       -1.54409499
          0,           0,        2218,      -7.005382466,      -4.228349707,      -4.123110984,      -1.545709924
          0,           0,        2219,      -7.006991649,      -4.229908135,      -4.124611189,      -1.547318451
          0,           0,        2220,      -7.008594501,      -4.231457007,       -4.12611162,       -1.54892041
          0,           0,        2221,      -7.010190869,      -4.232996265,      -4.127612232,      -1.550515648
          0,           0,        2222,      -7.011780607,      -4.234525864,      -4.129112979,      -1.552104024
          0,           0,        2223,      -7.013363583,      -4.236045779,      -4.130613819,       -1.55368541
          0,           0,        2224,      -7.014939673,      -4.237555997,      -4.132114707,      -1.555259685
          0,           0,        2225,      -7.016508766,      -4.239056523,      -4.133615604,      -1.556826743
          0,           0,        2226,       -7.01807076,      -4.240547377,      -4.135116468,      -1.558386487
          0,           0,        2227,      -7.019625567,      -4.242028593,       -4.13661726,      -1.559938833
          0,           0,        2228,      -7.021173107,      -4.243500221,      -4.138117942,      -1.561483706
          0,           0,        2229,      -7.022713314,      -4.244962326,      -4.139618477,      -1.563021046
          0,           0,        2230,       -7.02424613,      -4.246414989,      -4.141118829,      -1.564550801
          0,           0,        2231,      -7.025771512,      -4.247858303,      -4.142618965,      -1.566072932
          0,           0,        2232,      -7.027289425,      -4.249292378,       -4.14411885,      -1.567587413
          0,           0,        2233,      -7.028799848,      -4.250717335,      -4.145618454,      -1.569094227
          0,           0,        2234,       -7.03030277,      -4.252133313,      -4.147117746,      -1.570593371
          0,           0,        2235,      -7.031798191,      -4.253540462,      -4.148616695,       -1.57208485
          0,           0,        2236,      -7.033286123,      -4.254938944,      -4.150115275,      -1.573568685
          0,           0,        2237,      -7.034766588,      -4.256328936,      -4.151613457,      -1.575044904
          0,           0,        2238,      -7.036239621,      -4.257710626,      -4.153111217,       -1.57651355
          0,           0,        2239,      -7.037705267,      -4.259084216,      -4.154608529,      -1.577974675
          0,           0,        2240,      -7.039163582,      -4.260449917,       -4.15610537,      -1.579428342
          0,           0,        2241,      -7.040614631,      -4.261807953,      -4.157601717,      -1.580874626
          0,           0,        2242,      -7.042058494,      -4.263158558,      -4.159097549,      -1.582313613
          0,           0,        2243,      -7.043495257,      -4.264501976,      -4.160592845,      -1.583745397
          0,           0,        2244,      -7.044925019,      -4.265838462,      -4.162087586,      -1.585170087
          0,           0,        2245,      -7.046347889,      -4.267168279,      -4.163581754,      -1.586587798
          0,           0,        2246,      -7.047763984,        -4.2684917,       -4.16507533,      -1.587998657
          0,           0,        2247,      -7.049173433,      -4.269809006,      -4.166568297,      -1.589402802
          0,           0,        2248,      -7.050576375,      -4.271120484,       -4.16806064,      -1.590800378
          0,           0,        2249,      -7.051972955,       -4.27242643,      -4.169552343,      -1.592191541
          0,           0,        2250,       -7.05336333,      -4.273727147,      -4.171043392,      -1.593576456
          0,           0,        2251,      -7.054747666,      -4.275022943,      -4.172533773,      -1.594955296
          0,           0,        2252,      -7.056126135,      -4.276314132,      -4.174023472,      -1.596328244
          0,           0,        2253,      -7.057498919,      -4.277601033,      -4.175512477,      -1.597695491
          0,           0,        2254,      -7.058866209,       -4.27888397,      -4.177000776,      -1.599057234
          0,           0,        2255,      -7.060228201,       -4.28016327,      -4.178488358,       -1.60041368
          0,           0,        2256,        -7.0615851,      -4.281439264,      -4.179975212,      -1.601765041
          0,           0,        2257,      -7.062937117,      -4.282712285,      -4.181461327,      -1.603111538
          0,           0,        2258,      -7.064284471,      -4.283982669,      -4.182946695,      -1.604453397
          0,           0,        2259,      -7.065627385,      -4.285250753,      -4.184431305,      -1.605790851
          0,           0,        2260,      -7.066966091,      -4.286516877,       -4.18591515,      -1.607124139
          0,           0,        2261,      -7.068300822,      -4.287781378,      -4.187398222,      -1.608453504
          0,           0,        2262,       -7.06963182,      -4.289044596,      -4.188880512,      -1.609779194
          0,           0,        2263,      -7.070959329,      -4.290306869,      -4.190362015,      -1.611101464
          0,           0,        2264,        -7.0722836,      -4.291568534,      -4.191842723,      -1.612420569
          0,           0,        2265,      -7.073604886,      -4.292829927,      -4.193322631,      -1.613736772
          0,           0,        2266,      -7.074923443,      -4.294091381,      -4.194801733,      -1.615050337
          0,           0,        2267,      -7.076239531,      -4.295353228,      -4.196280026,       -1.61636153
          0,           0,        2268,      -7.077553412,      -4.296615794,      -4.197757505,      -1.617670621
          0,           0,        2269,      -7.078865349,      -4.297879404,      -4.199234166,      -1.618977881
          0,           0,        2270,       -7.08017561,      -4.299144377,      -4.200710008,      -1.620283582
          0,           0,        2271,       -7.08148446,      -4.300411029,      -4.202185027,      -1.621587999
          0,           0,        2272,      -7.082792169,       -4.30167967,      -4.203659224,      -1.622891405
          0,           0,        2273,      -7.084099003,      -4.302950604,      -4.205132598,      -1.624194075
          0,           0,        2274,      -7.085405231,       -4.30422413,      -4.206605148,      -1.625496283
          0,           0,        2275,       -7.08671112,       -4.30550054,      -4.208076877,      -1.626798301
          0,           0,        2276,      -7.088016937,      -4.306780119,      -4.209547787,      -1.628100401
          0,           0,        2277,      -7.089322947,      -4.308063147,       -4.21101788,      -1.629402854
          0,           0,        2278,      -7.090629413,      -4.309349894,      -4.212487161,      -1.630705927
          0,           0,        2279,      -7.091936595,      -4.310640623,      -4.213955635,      -1.632009886
          0,           0,        2280,      -7.093244752,      -4.311935589,      -4.215423307,      -1.633314993
          0,           0,        2281,      -7.094554139,      -4.313235038,      -4.216890186,      -1.634621507
          0,           0,        2282,      -7.095865007,      -4.314539207,      -4.218356279,      -1.635929683
          0,           0,        2283,      -7.097177604,      -4.315848326,      -4.219821596,      -1.637239772
          0,           0,        2284,      -7.098492173,      -4.317162613,      -4.221286147,       -1.63855202
          0,           0,        2285,      -7.099808953,      -4.318482278,      -4.222749943,      -1.639866669
          0,           0,        2286,      -7.101128177,       -4.31980752,      -4.224212999,      -1.641183953
          0,           0,        2287,      -7.102450072,      -4.321138528,      -4.225675328,      -1.642504104
          0,           0,        2288,      -7.103774862,      -4.322475482,      -4.227136945,      -1.643827345
          0,           0,        2289,      -7.105102763,      -4.323818551,      -4.228597867,      -1.645153894
          0,           0,        2290,      -7.106433984,      -4.325167892,      -4.230058112,      -1.646483961
          0,           0,        2291,      -7.107768729,      -4.326523653,        -4.2315177,      -1.647817751
          0,           0,        2292,      -7.109107193,      -4.327885971,      -4.232976649,       -1.64915546
          0,           0,        2293,      -7.110449566,      -4.329254971,      -4.234434983,      -1.650497276
          0,           0,        2294,      -7.111796028,      -4.330630767,      -4.235892723,      -1.651843382
          0,           0,        2295,      -7.113146753,      -4.332013462,      -4.237349895,      -1.653193949
          0,           0,        2296,      -7.114501908,      -4.333403148,      -4.238806523,      -1.654549142
          0,           0,        2297,      -7.115861648,      -4.334799907,      -4.240262634,      -1.655909118
          0,           0,        2298,      -7.117226122,      -4.336203806,      -4.241718255,      -1.657274023
          0,           0,        2299,      -7.118595472,      -4.337614904,      -4.243173415,      -1.658643996
          0,           0,        2300,      -7.119969827,      -4.339033248,      -4.244628144,      -1.660019166
          0,           0,        2301,      -7.121349311,      -4.340458872,      -4.246082472,      -1.661399653
          0,           0,        2302,      -7.122734038,      -4.341891801,      -4.247536432,      -1.662785568
          0,           0,        2303,       -7.12412411,      -4.343332048,      -4.248990056,      -1.664177013
          0,           0,        2304,      -7.125519624,      -4.344779614,      -4.250443377,      -1.665574078
          0,           0,        2305,      -7.126920665,      -4.346234489,       -4.25189643,      -1.666976845
          0,           0,        2306,      -7.128327309,      -4.347696654,      -4.253349249,      -1.668385388
          0,           0,        2307,      -7.129739622,      -4.349166077,      -4.254801871,      -1.669799769
          0,           0,        2308,      -7.131157662,      -4.350642715,      -4.256254332,       -1.67122004
          0,           0,        2309,      -7.132581477,      -4.352126517,      -4.257706667,      -1.672646245
          0,           0,        2310,      -7.134011104,      -4.353617418,      -4.259158915,      -1.674078416
          0,           0,        2311,      -7.135446573,      -4.355115346,      -4.260611113,      -1.675516579
          0,           0,        2312,      -7.136887902,      -4.356620217,      -4.262063298,      -1.676960746
          0,           0,        2313,      -7.138335101,      -4.358131938,      -4.263515508,      -1.678410922
          0,           0,        2314,       -7.13978817,      -4.359650406,       -4.26496778,      -1.679867102
          0,           0,        2315,      -7.141247101,      -4.361175507,      -4.266420154,      -1.681329271
          0,           0,        2316,      -7.142711876,       -4.36270712,      -4.267872666,      -1.682797405
          0,           0,        2317,      -7.144182467,      -4.364245114,      -4.269325354,      -1.684271471
          0,           0,        2318,      -7.145658838,      -4.365789349,      -4.270778255,      -1.685751426
          0,           0,        2319,      -7.147140944,      -4.367339677,      -4.272231406,       -1.68723722
          0,           0,        2320,      -7.148628732,      -4.368895943,      -4.273684842,      -1.688728791
          0,           0,        2321,      -7.150122138,       -4.37045798,        -4.2751386,      -1.690226072
          0,           0,        2322,      -7.151621094,      -4.372025617,      -4.276592715,      -1.691728985
          0,           0,        2323,       -7.15312552,      -4.373598676,       -4.27804722,      -1.693237444
          0,           0,        2324,      -7.154635329,      -4.375176968,       -4.27950215,      -1.694751357
          0,           0,        2325,      -7.156150427,      -4.376760301,      -4.280957536,      -1.696270622
          0,           0,        2326,      -7.157670712,      -4.378348476,       -4.28241341,      -1.697795129
          0,           0,        2327,      -7.159196075,      -4.379941286,      -4.283869802,      -1.699324763
          0,           0,        2328,      -7.160726399,       -4.38153852,      -4.285326741,      -1.700859401
          0,           0,        2329,      -7.162261561,      -4.383139961,      -4.286784256,      -1.702398912
          0,           0,        2330,      -7.163801432,      -4.384745387,      -4.288242372,      -1.703943159
          0,           0,        2331,      -7.165345875,      -4.386354571,      -4.289701115,      -1.705491999
          0,           0,        2332,      -7.166894748,      -4.387967283,       -4.29116051,      -1.707045284
          0,           0,        2333,      -7.168447903,      -4.389583287,      -4.292620577,      -1.708602858
          0,           0,        2334,      -7.170005186,      -4.391202344,      -4.294081339,       -1.71016456
          0,           0,        2335,       -7.17156644,      -4.392824214,      -4.295542814,      -1.711730227
          0,           0,        2336,        -7.1731315,      -4.394448651,      -4.297005019,      -1.713299686
          0,           0,        2337,      -7.174700198,      -4.396075408,      -4.298467972,      -1.714872763
          0,           0,        2338,      -7.176272361,      -4.397704236,      -4.299931687,       -1.71644928
          0,           0,        2339,      -7.177847814,      -4.399334883,      -4.301396175,      -1.718029052
          0,           0,        2340,      -7.179426375,      -4.400967099,      -4.302861449,      -1.719611893
          0,           0,        2341,      -7.181007861,      -4.402600629,      -4.304327518,      -1.721197613
          0,           0,        2342,      -7.182592086,       -4.40423522,      -4.305794388,       -1.72278602
          0,           0,        2343,      -7.184178859,      -4.405870618,      -4.307262067,      -1.724376917
          0,           0,        2344,      -7.185767988,      -4.407506569,      -4.308730558,      -1.725970107
          0,           0,        2345,       -7.18735928,      -4.409142821,      -4.310199863,      -1.727565389
          0,           0,        2346,      -7.188952537,       -4.41077912,      -4.311669984,      -1.729162562
          0,           0,        2347,      -7.190547563,      -4.412415217,       -4.31314092,      -1.730761423
          0,           0,        2348,      -7.192144159,      -4.414050862,      -4.314612668,      -1.732361768
          0,           0,        2349,      -7.193742125,      -4.415685809,      -4.316085224,      -1.733963391
          0,           0,        2350,       -7.19534126,      -4.417319813,      -4.317558582,      -1.735566088
          0,           0,        2351,      -7.196941364,      -4.418952633,      -4.319032736,      -1.737169654
          0,           0,        2352,      -7.198542236,       -4.42058403,      -4.320507676,      -1.738773882
          0,           0,        2353,      -7.200143676,      -4.422213769,      -4.321983393,      -1.740378568
          0,           0,        2354,      -7.201745484,       -4.42384162,      -4.323459874,      -1.741983509
          0,           0,        2355,      -7.203347461,      -4.425467356,      -4.324937107,      -1.743588502
          0,           0,        2356,      -7.204949409,      -4.427090754,      -4.326415078,      -1.745193345
          0,           0,        2357,      -7.206551133,      -4.428711597,      -4.327893771,      -1.746797839
          0,           0,        2358,      -7.208152438,      -4.430329673,       -4.32937317,      -1.748401785
          0,           0,        2359,      -7.209753132,      -4.431944776,      -4.330853256,       -1.75000499
          0,           0,        2360,      -7.211353023,      -4.433556705,      -4.332334011,      -1.751607258
          0,           0,        2361,      -7.212951926,      -4.435165265,      -4.333815416,      -1.753208401
          0,           0,        2362,      -7.214549654,      -4.436770267,      -4.335297449,      -1.754808231
          0,           0,        2363,      -7.216146027,       -4.43837153,      -4.336780088,      -1.756406565
          0,           0,        2364,      -7.217740866,      -4.439968878,      -4.338263312,      -1.758003222
          0,           0,        2365,      -7.219333996,      -4.441562145,      -4.339747098,      -1.759598025
          0,           0,        2366,      -7.220925247,      -4.443151168,      -4.341231421,      -1.761190803
          0,           0,        2367,       -7.22251445,      -4.444735797,      -4.342716257,      -1.762781387
          0,           0,        2368,      -7.224101444,      -4.446315884,      -4.344201581,      -1.764369613
          0,           0,        2369,      -7.225686071,      -4.447891293,      -4.345687368,      -1.765955323
          0,           0,        2370,      -7.227268176,      -4.449461895,      -4.347173593,      -1.767538361
          0,           0,        2371,       -7.22884761,      -4.451027568,      -4.348660228,      -1.769118579
          0,           0,        2372,       -7.23042423,      -4.452588201,      -4.350147248,      -1.770695833
          0,           0,        2373,      -7.231997897,      -4.454143689,      -4.351634627,      -1.772269985
          0,           0,        2374,      -7.233568477,      -4.455693937,      -4.353122337,        -1.7738409
          0,           0,        2375,      -7.235135844,      -4.457238859,      -4.354610352,      -1.775408453
          0,           0,        2376,      -7.236699875,      -4.458778377,      -4.356098645,      -1.776972522
          0,           0,        2377,      -7.238260453,      -4.460312423,      -4.357587189,      -1.778532991
          0,           0,        2378,      -7.239817468,      -4.461840936,      -4.359075958,      -1.780089752
          0,           0,        2379,      -7.241370816,      -4.463363867,      -4.360564925,      -1.781642701
          0,           0,        2380,      -7.242920399,      -4.464881174,      -4.362054064,      -1.783191743
          0,           0,        2381,      -7.244466125,      -4.466392824,      -4.363543349,      -1.784736786
          0,           0,        2382,      -7.246007909,      -4.467898794,      -4.365032754,      -1.786277749
          0,           0,        2383,      -7.247545671,      -4.469399071,      -4.366522252,      -1.787814554
          0,           0,        2384,       -7.24907934,      -4.470893649,       -4.36801182,      -1.789347131
          0,           0,        2385,      -7.250608849,      -4.472382532,      -4.369501432,      -1.790875417
          0,           0,        2386,       -7.25213414,      -4.473865732,      -4.370991063,      -1.792399356
          0,           0,        2387,      -7.253655161,      -4.475343273,       -4.37248069,      -1.793918898
          0,           0,        2388,      -7.255171865,      -4.476815184,      -4.373970289,      -1.795434001
          0,           0,        2389,      -7.256684214,      -4.478281504,      -4.375459838,       -1.79694463
          0,           0,        2390,      -7.258192176,      -4.479742282,      -4.376949312,      -1.798450756
          0,           0,        2391,      -7.259695727,      -4.481197574,      -4.378438691,      -1.799952358
          0,           0,        2392,      -7.261194847,      -4.482647445,      -4.379927953,      -1.801449421
          0,           0,        2393,      -7.262689526,      -4.484091966,      -4.381417077,      -1.802941937
          0,           0,        2394,      -7.264179758,       -4.48553122,      -4.382906042,      -1.804429907
          0,           0,        2395,      -7.265665547,      -4.486965294,      -4.384394828,      -1.805913336
          0,           0,        2396,      -7.267146901,      -4.488394285,      -4.385883417,      -1.807392238
          0,           0,        2397,      -7.268623837,      -4.489818296,      -4.387371789,      -1.808866632
          0,           0,        2398,      -7.270096375,      -4.491237438,      -4.388859927,      -1.810336546
          0,           0,        2399,      -7.271564545,      -4.492651829,      -4.390347813,      -1.811802013
          0,           0,        2400,      -7.273028383,      -4.494061593,      -4.391835429,      -1.813263073
          0,           0,        2401,       -7.27448793,      -4.495466861,      -4.393322761,      -1.814719773
          0,           0,        2402,      -7.275943235,      -4.496867771,      -4.394809791,      -1.816172165
          0,           0,        2403,      -7.277394352,      -4.498264464,      -4.396296505,       -1.81762031
          0,           0,        2404,      -7.278841341,      -4.499657091,      -4.397782889,      -1.819064271
          0,           0,        2405,      -7.280284269,      -4.501045806,      -4.399268927,      -1.820504122
          0,           0,        2406,      -7.281723209,      -4.502430767,      -4.400754607,      -1.821939939
          0,           0,        2407,      -7.283158239,      -4.503812138,      -4.402239917,      -1.823371806
          0,           0,        2408,      -7.284589441,      -4.505190089,      -4.403724843,      -1.824799811
          0,           0,        2409,      -7.286016906,      -4.506564793,      -4.405209374,       -1.82622405
          0,           0,        2410,      -7.287440728,      -4.507936425,      -4.406693499,       -1.82764462
          0,           0,        2411,      -7.288861007,      -4.509305167,      -4.408177207,      -1.829061628
          0,           0,        2412,      -7.290277846,      -4.510671203,      -4.409660489,      -1.830475183
          0,           0,        2413,      -7.291691355,      -4.512034718,      -4.411143334,      -1.831885398
          0,           0,        2414,      -7.293101648,      -4.513395902,      -4.412625735,      -1.833292394
          0,           0,        2415,      -7.294508842,      -4.514754947,      -4.414107682,      -1.834696293
          0,           0,        2416,      -7.295913061,      -4.516112047,      -4.415589168,      -1.836097222
          0,           0,        2417,      -7.297314429,      -4.517467397,      -4.417070186,      -1.837495313
          0,           0,        2418,      -7.298713078,      -4.518821193,      -4.418550728,      -1.838890701
          0,           0,        2419,       -7.30010914,      -4.520173633,      -4.420030789,      -1.840283524
          0,           0,        2420,      -7.301502753,      -4.521524916,      -4.421510364,      -1.841673924
          0,           0,        2421,      -7.302894055,       -4.52287524,      -4.422989446,      -1.843062045
          0,           0,        2422,      -7.304283189,      -4.524224804,      -4.424468031,      -1.844448035
          0,           0,        2423,      -7.305670301,      -4.525573808,      -4.425946117,      -1.845832042
          0,           0,        2424,      -7.307055537,      -4.526922449,      -4.427423698,       -1.84721422
          0,           0,        2425,      -7.308439047,      -4.528270923,      -4.428900772,      -1.848594723
          0,           0,        2426,      -7.309820983,      -4.529619428,      -4.430377338,      -1.849973705
          0,           0,        2427,      -7.311201498,      -4.530968158,      -4.431853393,      -1.851351325
          0,           0,        2428,      -7.312580745,      -4.532317306,      -4.433328936,      -1.852727741
          0,           0,        2429,       -7.31395888,      -4.533667062,      -4.434803966,      -1.854103111
          0,           0,        2430,      -7.315336059,      -4.535017615,      -4.436278484,      -1.855477597
          0,           0,        2431,      -7.316712438,       -4.53636915,       -4.43775249,      -1.856851358
          0,           0,        2432,      -7.318088176,      -4.537721851,      -4.439225986,      -1.858224556
          0,           0,        2433,      -7.319463428,      -4.539075897,      -4.440698973,      -1.859597351
          0,           0,        2434,      -7.320838352,      -4.540431465,      -4.442171454,      -1.860969903
          0,           0,        2435,      -7.322213105,      -4.541788727,      -4.443643431,      -1.862342373
          0,           0,        2436,      -7.323587841,      -4.543147852,       -4.44511491,      -1.863714918
          0,           0,        2437,      -7.324962717,      -4.544509005,      -4.446585893,      -1.865087698
          0,           0,        2438,      -7.326337885,      -4.545872347,      -4.448056386,      -1.866460867
          0,           0,        2439,      -7.327713498,      -4.547238032,      -4.449526395,      -1.867834581
          0,           0,        2440,      -7.329089707,      -4.548606213,      -4.450995926,      -1.869208994
          0,           0,        2441,       -7.33046666,      -4.549977035,      -4.452464985,      -1.870584256
          0,           0,        2442,      -7.331844503,      -4.551350639,      -4.453933581,      -1.871960515
          0,           0,        2443,      -7.333223382,       -4.55272716,      -4.455401722,      -1.873337918
          0,           0,        2444,      -7.334603438,       -4.55410673,      -4.456869416,      -1.874716609
          0,           0,        2445,       -7.33598481,      -4.555489472,      -4.458336673,      -1.876096727
          0,           0,        2446,      -7.337367633,      -4.556875505,      -4.459803504,      -1.877478411
          0,           0,        2447,      -7.338752041,      -4.558264942,      -4.461269919,      -1.878861793
          0,           0,        2448,      -7.340138163,      -4.559657889,       -4.46273593,      -1.880247005
          0,           0,        2449,      -7.341526125,      -4.561054448,      -4.464201549,      -1.881634173
          0,           0,        2450,      -7.342916049,      -4.562454712,      -4.465666789,      -1.883023419
          0,           0,        2451,      -7.344308053,      -4.563858769,      -4.467131662,      -1.884414863
          0,           0,        2452,      -7.345702252,      -4.565266701,      -4.468596184,      -1.885808619
          0,           0,        2453,      -7.347098755,      -4.566678583,      -4.470060369,      -1.887204796
          0,           0,        2454,      -7.348497667,      -4.568094482,      -4.471524231,      -1.888603499
          0,           0,        2455,      -7.349899091,      -4.569514461,      -4.472987787,      -1.890004831
          0,           0,        2456,      -7.351303122,      -4.570938575,      -4.474451052,      -1.891408886
          0,           0,        2457,      -7.352709852,      -4.572366872,      -4.475914044,      -1.892815755
          0,           0,        2458,      -7.354119367,      -4.573799393,       -4.47737678,      -1.894225524
          0,           0,        2459,       -7.35553175,      -4.575236174,      -4.478839277,      -1.895638273
          0,           0,        2460,      -7.356947076,      -4.576677241,      -4.480301554,      -1.897054079
          0,           0,        2461,      -7.358365418,      -4.578122617,      -4.481763629,       -1.89847301
          0,           0,        2462,      -7.359786841,      -4.579572316,      -4.483225521,      -1.899895132
          0,           0,        2463,      -7.361211406,      -4.581026345,       -4.48468725,      -1.901320504
          0,           0,        2464,       -7.36263917,      -4.582484706,      -4.486148834,      -1.902749179
          0,           0,        2465,      -7.364070181,      -4.583947394,      -4.487610294,      -1.904181204
          0,           0,        2466,      -7.365504484,      -4.585414395,       -4.48907165,      -1.905616623
          0,           0,        2467,      -7.366942119,      -4.586885693,      -4.490532923,      -1.907055473
          0,           0,        2468,       -7.36838312,      -4.588361261,      -4.491994132,      -1.908497783
          0,           0,        2469,      -7.369827513,      -4.589841068,      -4.493455298,       -1.90994358
          0,           0,        2470,      -7.371275322,      -4.591325076,      -4.494916442,      -1.911392883
          0,           0,        2471,      -7.372726563,      -4.592813243,      -4.496377585,      -1.912845707
          0,           0,        2472,      -7.374181248,      -4.594305517,      -4.497838748,      -1.914302059
          0,           0,        2473,      -7.375639384,      -4.595801843,       -4.49929995,      -1.915761942
          0,           0,        2474,      -7.377100969,       -4.59730216,      -4.500761214,      -1.917225355
          0,           0,        2475,         -7.378566,        -4.5988064,      -4.502222558,      -1.918692287
          0,           0,        2476,      -7.380034466,       -4.60031449,      -4.503684005,      -1.920162726
          0,           0,        2477,      -7.381506352,      -4.601826353,      -4.505145573,      -1.921636652
          0,           0,        2478,      -7.382981636,      -4.603341904,      -4.506607282,      -1.923114042
          0,           0,        2479,      -7.384460293,      -4.604861055,      -4.508069153,      -1.924594865
          0,           0,        2480,      -7.385942292,      -4.606383713,      -4.509531204,      -1.926079086
          0,           0,        2481,      -7.387427596,       -4.60790978,      -4.510993454,      -1.927566665
          0,           0,        2482,      -7.388916164,      -4.609439152,      -4.512455922,      -1.929057558
          0,           0,        2483,      -7.390407951,      -4.610971722,      -4.513918625,      -1.930551715
          0,           0,        2484,      -7.391902906,       -4.61250738,      -4.515381582,      -1.932049081
          0,           0,        2485,      -7.393400974,      -4.614046009,      -4.516844809,      -1.933549596
          0,           0,        2486,      -7.394902096,      -4.615587491,      -4.518308322,      -1.935053199
          0,           0,        2487,      -7.396406207,      -4.617131702,      -4.519772138,       -1.93655982
          0,           0,        2488,       -7.39791324,      -4.618678518,      -4.521236272,      -1.938069388
          0,           0,        2489,      -7.399423122,      -4.620227807,      -4.522700737,      -1.939581826
          0,           0,        2490,      -7.400935778,      -4.621779438,      -4.524165548,      -1.941097054
          0,           0,        2491,      -7.402451127,      -4.623333276,      -4.525630718,      -1.942614988
          0,           0,        2492,      -7.403969087,      -4.624889183,       -4.52709626,      -1.944135542
          0,           0,        2493,      -7.405489571,       -4.62644702,      -4.528562185,      -1.945658623
          0,           0,        2494,      -7.407012488,      -4.628006643,      -4.530028503,      -1.947184139
          0,           0,        2495,      -7.408537746,       -4.62956791,      -4.531495226,      -1.948711991
          0,           0,        2496,      -7.410065247,      -4.631130675,      -4.532962361,       -1.95024208
          0,           0,        2497,      -7.411594894,      -4.632694791,      -4.534429918,      -1.951774303
          0,           0,        2498,      -7.413126585,      -4.634260109,      -4.535897903,      -1.953308554
          0,           0,        2499,      -7.414660216,      -4.635826482,      -4.537366325,      -1.954844725
          0,           0,        2500,       -7.41619568,      -4.637393759,      -4.538835187,      -1.956382708
          0,           0,        2501,       -7.41773287,       -4.63896179,      -4.540304497,      -1.957922389
          0,           0,        2502,      -7.419271676,      -4.640530424,      -4.541774256,      -1.959463655
          0,           0,        2503,      -7.420811985,      -4.642099512,      -4.543244469,      -1.961006391
          0,           0,        2504,      -7.422353684,      -4.643668902,      -4.544715139,       -1.96255048
          0,           0,        2505,      -7.423896659,      -4.645238446,      -4.546186265,      -1.964095803
          0,           0,        2506,      -7.425440793,      -4.646807994,       -4.54765785,      -1.965642242
          0,           0,        2507,      -7.426985971,      -4.648377398,      -4.549129893,      -1.967189676
          0,           0,        2508,      -7.428532074,      -4.649946511,      -4.550602392,      -1.968737986
          0,           0,        2509,      -7.430078985,      -4.651515187,      -4.552075346,       -1.97028705
          0,           0,        2510,      -7.431626585,      -4.653083283,      -4.553548752,      -1.971836746
          0,           0,        2511,      -7.433174755,      -4.654650655,      -4.555022607,      -1.973386953
          0,           0,        2512,      -7.434723376,      -4.656217163,      -4.556496906,       -1.97493755
          0,           0,        2513,      -7.436272331,      -4.657782669,      -4.557971645,      -1.976488415
          0,           0,        2514,        -7.4378215,      -4.659347037,      -4.559446817,      -1.978039428
          0,           0,        2515,      -7.439370766,      -4.660910135,      -4.560922416,      -1.979590469
          0,           0,        2516,      -7.440920012,      -4.662471831,      -4.562398434,      -1.981141417
          0,           0,        2517,      -7.442469121,      -4.664031997,      -4.563874865,      -1.982692156
          0,           0,        2518,      -7.444017979,      -4.665590511,      -4.565351699,      -1.984242567
          0,           0,        2519,      -7.445566471,       -4.66714725,      -4.566828927,      -1.985792536
          0,           0,        2520,      -7.447114485,      -4.668702096,      -4.568306539,      -1.987341946
          0,           0,        2521,      -7.448661909,      -4.670254937,      -4.569784526,      -1.988890687
          0,           0,        2522,      -7.450208633,      -4.671805662,      -4.571262876,      -1.990438645
          0,           0,        2523,      -7.451754551,      -4.673354164,      -4.572741578,      -1.991985714
          0,           0,        2524,      -7.453299556,      -4.674900342,      -4.574220621,      -1.993531786
          0,           0,        2525,      -7.454843545,      -4.676444098,      -4.575699992,      -1.995076756
          0,           0,        2526,      -7.456386417,      -4.677985339,      -4.577179678,      -1.996620521
          0,           0,        2527,      -7.457928071,      -4.679523975,      -4.578659667,      -1.998162983
          0,           0,        2528,      -7.459468413,      -4.681059921,      -4.580139945,      -1.999704044
          0,           0,        2529,      -7.461007348,        -4.6825931,      -4.581620498,       -2.00124361
          0,           0,        2530,      -7.462544785,      -4.684123434,      -4.583101313,      -2.002781589
          0,           0,        2531,      -7.464080636,      -4.685650856,      -4.584582376,      -2.004317894
          0,           0,        2532,      -7.465614815,      -4.687175299,      -4.586063672,      -2.005852438
          0,           0,        2533,      -7.467147241,      -4.688696703,      -4.587545186,       -2.00738514
          0,           0,        2534,      -7.468677835,      -4.690215014,      -4.589026904,      -2.008915921
          0,           0,        2535,      -7.470206522,      -4.691730183,      -4.590508811,      -2.010444707
          0,           0,        2536,      -7.471733228,      -4.693242164,      -4.591990892,      -2.011971425
          0,           0,        2537,      -7.473257886,      -4.694750919,      -4.593473132,      -2.013496007
          0,           0,        2538,      -7.474780431,      -4.696256414,      -4.594955516,      -2.015018389
          0,           0,        2539,      -7.476300801,      -4.697758619,      -4.596438029,      -2.016538511
          0,           0,        2540,      -7.477818938,      -4.699257513,      -4.597920655,      -2.018056315
          0,           0,        2541,      -7.479334788,      -4.700753076,       -4.59940338,       -2.01957175
          0,           0,        2542,      -7.480848302,      -4.702245297,      -4.600886189,      -2.021084766
          0,           0,        2543,      -7.482359433,      -4.703734168,      -4.602369067,      -2.022595317
          0,           0,        2544,      -7.483868138,      -4.705219687,      -4.603851999,      -2.024103364
          0,           0,        2545,      -7.485374381,      -4.706701857,       -4.60533497,       -2.02560887
          0,           0,        2546,      -7.486878125,      -4.708180688,      -4.606817965,      -2.027111802
          0,           0,        2547,      -7.488379341,      -4.709656191,      -4.608300972,       -2.02861213
          0,           0,        2548,      -7.489878003,      -4.711128387,      -4.609783974,      -2.030109832
          0,           0,        2549,      -7.491374089,      -4.712597299,      -4.611266959,      -2.031604887
          0,           0,        2550,       -7.49286758,      -4.714062957,      -4.612749912,      -2.033097279
          0,           0,        2551,      -7.494358462,      -4.715525393,       -4.61423282,      -2.034586996
          0,           0,        2552,      -7.495846727,      -4.716984647,      -4.615715669,       -2.03607403
          0,           0,        2553,      -7.497332366,      -4.718440761,      -4.617198447,      -2.037558378
          0,           0,        2554,       -7.49881538,      -4.719893784,      -4.618681141,       -2.03904004
          0,           0,        2555,       -7.50029577,      -4.721343769,      -4.620163738,      -2.040519022
          0,           0,        2556,      -7.501773542,      -4.722790771,      -4.621646226,      -2.041995332
          0,           0,        2557,      -7.503248707,      -4.724234853,      -4.623128594,      -2.043468982
          0,           0,        2558,      -7.504721279,       -4.72567608,      -4.624610828,       -2.04493999
          0,           0,        2559,      -7.506191277,      -4.727114522,      -4.626092919,      -2.046408377
          0,           0,        2560,       -7.50765872,      -4.728550251,      -4.627574855,      -2.047874167
          0,           0,        2561,      -7.509123637,      -4.729983344,      -4.629056626,      -2.049337389
          0,           0,        2562,      -7.510586055,      -4.731413884,      -4.630538221,      -2.050798075
          0,           0,        2563,      -7.512046009,      -4.732841953,      -4.632019631,      -2.052256261
          0,           0,        2564,      -7.513503535,      -4.734267639,      -4.633500845,      -2.053711987
          0,           0,        2565,      -7.514958673,      -4.735691033,      -4.634981855,      -2.055165297
          0,           0,        2566,      -7.516411467,      -4.737112229,      -4.636462652,      -2.056616236
          0,           0,        2567,      -7.517861963,      -4.738531323,      -4.637943226,      -2.058064855
          0,           0,        2568,      -7.519310213,      -4.739948413,      -4.639423571,      -2.059511208
          0,           0,        2569,       -7.52075627,      -4.741363602,      -4.640903678,       -2.06095535
          0,           0,        2570,       -7.52220019,      -4.742776994,       -4.64238354,      -2.062397342
          0,           0,        2571,      -7.523642032,      -4.744188694,       -4.64386315,      -2.063837246
          0,           0,        2572,       -7.52508186,       -4.74559881,      -4.645342501,      -2.065275128
          0,           0,        2573,      -7.526519738,      -4.747007452,      -4.646821587,      -2.066711055
          0,           0,        2574,      -7.527955734,      -4.748414731,      -4.648300402,      -2.068145098
          0,           0,        2575,      -7.529389918,      -4.749820759,      -4.649778941,      -2.069577332
          0,           0,        2576,      -7.530822363,       -4.75122565,      -4.651257199,      -2.071007831
          0,           0,        2577,      -7.532253143,      -4.752629519,       -4.65273517,      -2.072436673
          0,           0,        2578,      -7.533682337,      -4.754032482,      -4.654212851,      -2.073863939
          0,           0,        2579,      -7.535110022,      -4.755434653,      -4.655690237,      -2.075289709
          0,           0,        2580,       -7.53653628,      -4.756836151,      -4.657167326,      -2.076714069
          0,           0,        2581,      -7.537961193,       -4.75823709,      -4.658644113,      -2.078137104
          0,           0,        2582,      -7.539384845,       -4.75963759,      -4.660120597,        -2.0795589
          0,           0,        2583,      -7.540807323,      -4.761037765,      -4.661596775,      -2.080979546
          0,           0,        2584,      -7.542228713,      -4.762437733,      -4.663072645,      -2.082399132
          0,           0,        2585,      -7.543649102,       -4.76383761,      -4.664548206,      -2.083817748
          0,           0,        2586,      -7.545068582,       -4.76523751,      -4.666023457,      -2.085235487
          0,           0,        2587,       -7.54648724,      -4.766637548,      -4.667498396,       -2.08665244
          0,           0,        2588,      -7.547905169,      -4.768037838,      -4.668973024,      -2.088068702
          0,           0,        2589,       -7.54932246,      -4.769438491,      -4.670447341,      -2.089484364
          0,           0,        2590,      -7.550739203,      -4.770839618,      -4.671921347,      -2.090899523
          0,           0,        2591,      -7.552155492,      -4.772241329,      -4.673395044,      -2.092314272
          0,           0,        2592,      -7.553571418,      -4.773643732,      -4.674868432,      -2.093728704
          0,           0,        2593,      -7.554987073,      -4.775046932,      -4.676341513,      -2.095142915
          0,           0,        2594,      -7.556402551,      -4.776451032,       -4.67781429,      -2.096556999
          0,           0,        2595,      -7.557817941,      -4.777856136,      -4.679286766,      -2.097971049
          0,           0,        2596,      -7.559233336,      -4.779262341,      -4.680758942,      -2.099385158
          0,           0,        2597,      -7.560648827,      -4.780669746,      -4.682230823,      -2.100799418
          0,           0,        2598,      -7.562064502,      -4.782078445,      -4.683702413,      -2.102213922
          0,           0,        2599,      -7.563480452,      -4.783488529,      -4.685173715,      -2.103628759
          0,           0,        2600,      -7.564896764,      -4.784900088,      -4.686644735,      -2.105044019
          0,           0,        2601,      -7.566313526,      -4.786313208,      -4.688115477,       -2.10645979
          0,           0,        2602,      -7.567730822,      -4.787727971,      -4.689585946,       -2.10787616
          0,           0,        2603,      -7.569148738,      -4.789144458,      -4.691056149,      -2.109293213
          0,           0,        2604,      -7.570567357,      -4.790562746,      -4.692526091,      -2.110711034
          0,           0,        2605,      -7.571986758,      -4.791982908,      -4.693995779,      -2.112129704
          0,           0,        2606,      -7.573407022,      -4.793405015,       -4.69546522,      -2.113549303
          0,           0,        2607,      -7.574828227,      -4.794829131,      -4.696934421,      -2.114969911
          0,           0,        2608,      -7.576250447,      -4.796255322,      -4.698403391,      -2.116391602
          0,           0,        2609,      -7.577673757,      -4.797683646,      -4.699872135,       -2.11781445
          0,           0,        2610,      -7.579098228,      -4.799114158,      -4.701340664,      -2.119238528
          0,           0,        2611,      -7.580523928,      -4.800546911,      -4.702808985,      -2.120663905
          0,           0,        2612,      -7.581950924,      -4.801981953,      -4.704277107,      -2.122090646
          0,           0,        2613,       -7.58337928,      -4.803419327,       -4.70574504,      -2.123518817
          0,           0,        2614,      -7.584809058,      -4.804859075,      -4.707212793,      -2.124948478
          0,           0,        2615,      -7.586240318,      -4.806301232,      -4.708680375,      -2.126379689
          0,           0,        2616,      -7.587673114,      -4.807745831,      -4.710147797,      -2.127812505
          0,           0,        2617,        -7.5891075,      -4.809192901,      -4.711615069,      -2.129246979
          0,           0,        2618,      -7.590543528,      -4.810642465,      -4.713082202,      -2.130683161
          0,           0,        2619,      -7.591981244,      -4.812094545,      -4.714549205,      -2.132121099
          0,           0,        2620,      -7.593420693,      -4.813549156,      -4.716016091,      -2.133560835
          0,           0,        2621,      -7.594861918,      -4.815006312,      -4.717482869,      -2.135002412
          0,           0,        2622,      -7.596304956,       -4.81646602,      -4.718949551,      -2.136445866
          0,           0,        2623,      -7.597749844,      -4.817928285,      -4.720416149,      -2.137891232
          0,           0,        2624,      -7.599196613,      -4.819393108,      -4.721882673,      -2.139338542
          0,           0,        2625,      -7.600645292,      -4.820860484,      -4.723349136,      -2.140787823
          0,           0,        2626,      -7.602095908,      -4.822330408,      -4.724815549,      -2.142239099
          0,           0,        2627,      -7.603548484,      -4.823802866,      -4.726281924,      -2.143692393
          0,           0,        2628,      -7.605003039,      -4.825277845,      -4.727748272,      -2.145147722
          0,           0,        2629,      -7.606459589,      -4.826755326,      -4.729214605,      -2.146605101
          0,           0,        2630,      -7.607918148,      -4.828235285,      -4.730680936,      -2.148064542
          0,           0,        2631,      -7.609378725,      -4.829717698,      -4.732147275,      -2.149526053
          0,           0,        2632,      -7.610841327,      -4.831202533,      -4.733613634,      -2.150989638
          0,           0,        2633,      -7.612305958,      -4.832689758,      -4.735080026,        -2.1524553
          0,           0,        2634,      -7.613772618,      -4.834179336,      -4.736546461,      -2.153923036
          0,           0,        2635,      -7.615241303,      -4.835671228,      -4.738012951,      -2.155392842
          0,           0,        2636,      -7.616712008,      -4.837165388,      -4.739479507,      -2.156864709
          0,           0,        2637,      -7.618184724,      -4.838661771,      -4.740946141,      -2.158338627
          0,           0,        2638,      -7.619659438,      -4.840160327,      -4.742412864,      -2.159814581
          0,           0,        2639,      -7.621136135,      -4.841661004,      -4.743879685,      -2.161292554
          0,           0,        2640,      -7.622614797,      -4.843163745,      -4.745346617,      -2.162772524
          0,           0,        2641,      -7.624095403,      -4.844668492,      -4.746813668,       -2.16425447
          0,           0,        2642,      -7.625577928,      -4.846175185,       -4.74828085,      -2.165738363
          0,           0,        2643,      -7.627062346,      -4.847683759,      -4.749748172,      -2.167224175
          0,           0,        2644,      -7.628548627,      -4.849194148,      -4.751215644,      -2.168711875
          0,           0,        2645,      -7.630036739,      -4.850706283,      -4.752683274,      -2.170201427
          0,           0,        2646,      -7.631526646,      -4.852220094,      -4.754151073,      -2.171692794
          0,           0,        2647,      -7.633018312,      -4.853735508,      -4.755619048,      -2.173185937
          0,           0,        2648,      -7.634511696,       -4.85525245,      -4.757087208,      -2.174680812
          0,           0,        2649,      -7.636006756,      -4.856770843,      -4.758555561,      -2.176177375
          0,           0,        2650,      -7.637503447,      -4.858290608,      -4.760024113,      -2.177675579
          0,           0,        2651,      -7.639001723,      -4.859811665,      -4.761492873,      -2.179175375
          0,           0,        2652,      -7.640501534,      -4.861333933,      -4.762961847,      -2.180676712
          0,           0,        2653,      -7.642002829,      -4.862857329,      -4.764431041,      -2.182179534
          0,           0,        2654,      -7.643505555,      -4.864381768,      -4.765900462,      -2.183683789
          0,           0,        2655,      -7.645009658,      -4.865907166,      -4.767370114,      -2.185189417
          0,           0,        2656,      -7.646515081,      -4.867433436,      -4.768840003,      -2.186696361
          0,           0,        2657,      -7.648021765,       -4.86896049,      -4.770310132,       -2.18820456
          0,           0,        2658,      -7.649529651,      -4.870488243,      -4.771780508,      -2.189713951
          0,           0,        2659,      -7.651038678,      -4.872016604,      -4.773251132,      -2.191224472
          0,           0,        2660,      -7.652548783,      -4.873545486,      -4.774722008,      -2.192736058
          0,           0,        2661,      -7.654059902,      -4.875074801,       -4.77619314,      -2.194248641
          0,           0,        2662,      -7.655571971,      -4.876604458,      -4.777664528,      -2.195762156
          0,           0,        2663,      -7.657084923,       -4.87813437,      -4.779136176,      -2.197276534
          0,           0,        2664,      -7.658598692,      -4.879664447,      -4.780608084,      -2.198791707
          0,           0,        2665,      -7.660113209,      -4.881194602,      -4.782080253,      -2.200307605
          0,           0,        2666,      -7.661628407,      -4.882724746,      -4.783552684,      -2.201824157
          0,           0,        2667,      -7.663144217,      -4.884254791,      -4.785025377,      -2.203341293
          0,           0,        2668,      -7.664660569,      -4.885784652,       -4.78649833,      -2.204858941
          0,           0,        2669,      -7.666177394,      -4.887314243,      -4.787971544,      -2.206377031
          0,           0,        2670,      -7.667694622,      -4.888843477,      -4.789445017,      -2.207895491
          0,           0,        2671,      -7.669212182,      -4.890372273,      -4.790918747,      -2.209414247
          0,           0,        2672,      -7.670730005,      -4.891900546,      -4.792392732,      -2.210933229
          0,           0,        2673,       -7.67224802,      -4.893428216,      -4.793866969,      -2.212452366
          0,           0,        2674,      -7.673766157,      -4.894955203,      -4.795341456,      -2.213971586
          0,           0,        2675,      -7.675284348,      -4.896481429,      -4.796816188,      -2.215490817
          0,           0,        2676,      -7.676802522,      -4.898006818,      -4.798291162,       -2.21700999
          0,           0,        2677,      -7.678320611,      -4.899531293,      -4.799766374,      -2.218529035
          0,           0,        2678,      -7.679838548,      -4.901054783,      -4.801241819,      -2.220047882
          0,           0,        2679,      -7.681356263,      -4.902577216,      -4.802717493,      -2.221566463
          0,           0,        2680,      -7.682873693,      -4.904098523,       -4.80419339,       -2.22308471
          0,           0,        2681,      -7.684390768,      -4.905618639,      -4.805669504,      -2.224602557
          0,           0,        2682,      -7.685907427,      -4.907137498,       -4.80714583,      -2.226119938
          0,           0,        2683,      -7.687423605,      -4.908655038,      -4.808622361,      -2.227636788
          0,           0,        2684,      -7.688939239,        -4.9101712,      -4.810099092,      -2.229153045
          0,           0,        2685,      -7.690454268,      -4.911685927,      -4.811576015,      -2.230668647
          0,           0,        2686,      -7.691968633,      -4.913199164,      -4.813053124,      -2.232183532
          0,           0,        2687,      -7.693482274,      -4.914710859,      -4.814530411,      -2.233697643
          0,           0,        2688,      -7.694995135,      -4.916220964,      -4.816007869,      -2.235210922
          0,           0,        2689,      -7.696507161,      -4.917729431,       -4.81748549,      -2.236723313
          0,           0,        2690,      -7.698018298,      -4.919236218,      -4.818963267,      -2.238234763
          0,           0,        2691,      -7.699528493,      -4.920741284,      -4.820441192,      -2.239745219
          0,           0,        2692,      -7.701037697,       -4.92224459,      -4.821919257,      -2.241254631
          0,           0,        2693,      -7.702545861,      -4.923746102,      -4.823397453,      -2.242762951
          0,           0,        2694,      -7.704052939,       -4.92524579,      -4.824875772,      -2.244270132
          0,           0,        2695,      -7.705558886,      -4.926743623,      -4.826354206,       -2.24577613
          0,           0,        2696,      -7.707063659,      -4.928239577,      -4.827832746,      -2.247280903
          0,           0,        2697,      -7.708567219,      -4.929733629,      -4.829311384,      -2.248784411
          0,           0,        2698,      -7.710069527,      -4.931225759,      -4.830790111,      -2.250286616
          0,           0,        2699,      -7.711570547,      -4.932715952,      -4.832268918,      -2.251787482
          0,           0,        2700,      -7.713070245,      -4.934204194,      -4.833747796,      -2.253286976
          0,           0,        2701,       -7.71456859,      -4.935690475,      -4.835226738,      -2.254785068
          0,           0,        2702,      -7.716065552,      -4.937174788,      -4.836705733,      -2.256281728
          0,           0,        2703,      -7.717561105,       -4.93865713,      -4.838184774,      -2.257776932
          0,           0,        2704,      -7.719055223,        -4.9401375,      -4.839663851,      -2.259270653
          0,           0,        2705,      -7.720547884,        -4.9416159,      -4.841142957,      -2.260762872
          0,           0,        2706,      -7.722039068,      -4.943092335,      -4.842622082,      -2.262253569
          0,           0,        2707,      -7.723528758,      -4.944566815,      -4.844101217,      -2.263742728
          0,           0,        2708,      -7.725016938,      -4.946039351,      -4.845580355,      -2.265230334
          0,           0,        2709,      -7.726503597,      -4.947509957,      -4.847059487,      -2.266716377
          0,           0,        2710,      -7.727988723,       -4.94897865,      -4.848538605,      -2.268200848
          0,           0,        2711,      -7.729472309,      -4.950445451,        -4.8500177,      -2.269683738
          0,           0,        2712,      -7.730954349,      -4.951910383,      -4.851496764,      -2.271165045
          0,           0,        2713,       -7.73243484,      -4.953373472,       -4.85297579,      -2.272644768
          0,           0,        2714,      -7.733913783,      -4.954834746,       -4.85445477,      -2.274122906
          0,           0,        2715,      -7.735391177,      -4.956294236,      -4.855933695,      -2.275599464
          0,           0,        2716,      -7.736867029,      -4.957751977,       -4.85741256,      -2.277074445
          0,           0,        2717,      -7.738341343,      -4.959208003,      -4.858891355,       -2.27854786
          0,           0,        2718,       -7.73981413,      -4.960662355,      -4.860370074,      -2.280019718
          0,           0,        2719,      -7.741285399,      -4.962115073,      -4.861848711,      -2.281490031
          0,           0,        2720,      -7.742755165,      -4.963566201,      -4.863327257,      -2.282958816
          0,           0,        2721,      -7.744223442,      -4.965015783,      -4.864805708,      -2.284426088
          0,           0,        2722,       -7.74569025,      -4.966463869,      -4.866284055,      -2.285891869
          0,           0,        2723,      -7.747155608,      -4.967910506,      -4.867762293,      -2.287356179
          0,           0,        2724,      -7.748619538,      -4.969355748,      -4.869240417,      -2.288819043
          0,           0,        2725,      -7.750082064,      -4.970799646,      -4.870718419,      -2.290280486
          0,           0,        2726,      -7.751543212,      -4.972242258,      -4.872196295,      -2.291740536
          0,           0,        2727,      -7.753003011,      -4.973683638,      -4.873674039,      -2.293199224
          0,           0,        2728,       -7.75446149,      -4.975123846,      -4.875151647,      -2.294656581
          0,           0,        2729,      -7.755918682,      -4.976562941,      -4.876629112,      -2.296112641
          0,           0,        2730,       -7.75737462,      -4.978000985,      -4.878106431,      -2.297567439
          0,           0,        2731,       -7.75882934,       -4.97943804,        -4.8795836,      -2.299021013
          0,           0,        2732,      -7.760282879,      -4.980874169,      -4.881060613,      -2.300473402
          0,           0,        2733,      -7.761735275,      -4.982309437,      -4.882537467,      -2.301924646
          0,           0,        2734,       -7.76318657,      -4.983743909,      -4.884014159,      -2.303374787
          0,           0,        2735,      -7.764636803,      -4.985177651,      -4.885490684,      -2.304823869
          0,           0,        2736,      -7.766086019,       -4.98661073,      -4.886967041,      -2.306271937
          0,           0,        2737,      -7.767534262,      -4.988043214,      -4.888443225,      -2.307719036
          0,           0,        2738,      -7.768981578,       -4.98947517,      -4.889919234,      -2.309165215
          0,           0,        2739,      -7.770428013,      -4.990906667,      -4.891395067,      -2.310610522
          0,           0,        2740,      -7.771873615,      -4.992337773,       -4.89287072,      -2.312055005
          0,           0,        2741,      -7.773318433,      -4.993768557,      -4.894346191,      -2.313498716
          0,           0,        2742,      -7.774762516,      -4.995199088,       -4.89582148,      -2.314941707
          0,           0,        2743,      -7.776205917,      -4.996629433,      -4.897296585,      -2.316384029
          0,           0,        2744,      -7.777648684,      -4.998059663,      -4.898771505,      -2.317825734
          0,           0,        2745,      -7.779090872,      -4.999489844,      -4.900246238,      -2.319266878
          0,           0,        2746,       -7.78053253,      -5.000920045,      -4.901720785,      -2.320707513
          0,           0,        2747,      -7.781973715,      -5.002350332,      -4.903195145,      -2.322147695
          0,           0,        2748,      -7.783414478,      -5.003780773,      -4.904669319,      -2.323587478
          0,           0,        2749,      -7.784854874,      -5.005211434,      -4.906143305,      -2.325026917
          0,           0,        2750,      -7.786294956,      -5.006642379,      -4.907617105,      -2.326466068
          0,           0,        2751,      -7.787734778,      -5.008073673,       -4.90909072,      -2.327904986
          0,           0,        2752,      -7.789174396,      -5.009505379,      -4.910564151,      -2.329343727
          0,           0,        2753,      -7.790613862,       -5.01093756,      -4.912037399,      -2.330782346
          0,           0,        2754,      -7.792053231,      -5.012370276,      -4.913510465,      -2.332220898
          0,           0,        2755,      -7.793492556,      -5.013803588,      -4.914983351,      -2.333659437
          0,           0,        2756,      -7.794931892,      -5.015237554,       -4.91645606,       -2.33509802
          0,           0,        2757,      -7.796371292,       -5.01667223,      -4.917928593,      -2.336536699
          0,           0,        2758,      -7.797810808,      -5.018107674,      -4.919400953,      -2.337975528
          0,           0,        2759,      -7.799250492,      -5.019543938,      -4.920873144,      -2.339414562
          0,           0,        2760,      -7.800690397,      -5.020981074,      -4.922345167,      -2.340853851
          0,           0,        2761,      -7.802130573,      -5.022419135,      -4.923817027,      -2.342293449
          0,           0,        2762,       -7.80357107,      -5.023858168,      -4.925288726,      -2.343733405
          0,           0,        2763,      -7.805011938,      -5.025298221,      -4.926760269,      -2.345173769
          0,           0,        2764,      -7.806453226,      -5.026739338,      -4.928231659,      -2.346614592
          0,           0,        2765,      -7.807894981,      -5.028181563,        -4.9297029,       -2.34805592
          0,           0,        2766,      -7.809337248,      -5.029624938,      -4.931173998,      -2.349497801
          0,           0,        2767,      -7.810780075,      -5.031069501,      -4.932644955,       -2.35094028
          0,           0,        2768,      -7.812223504,      -5.032515289,      -4.934115778,      -2.352383402
          0,           0,        2769,      -7.813667579,      -5.033962337,      -4.935586471,      -2.353827211
          0,           0,        2770,      -7.815112341,      -5.035410678,      -4.937057039,      -2.355271747
          0,           0,        2771,      -7.816557832,      -5.036860343,      -4.938527488,      -2.356717052
          0,           0,        2772,      -7.818004089,      -5.038311359,      -4.939997822,      -2.358163164
          0,           0,        2773,      -7.819451151,      -5.039763753,      -4.941468048,      -2.359610121
          0,           0,        2774,      -7.820899053,      -5.041217548,      -4.942938172,      -2.361057959
          0,           0,        2775,       -7.82234783,      -5.042672766,      -4.944408198,      -2.362506711
          0,           0,        2776,      -7.823797514,      -5.044129425,      -4.945878134,      -2.363956411
          0,           0,        2777,      -7.825248137,      -5.045587542,      -4.947347985,      -2.365407089
          0,           0,        2778,      -7.826699728,      -5.047047131,      -4.948817758,      -2.366858776
          0,           0,        2779,      -7.828152315,      -5.048508205,      -4.950287458,      -2.368311497
          0,           0,        2780,      -7.829605925,      -5.049970773,      -4.951757094,      -2.369765279
          0,           0,        2781,       -7.83106058,      -5.051434841,       -4.95322667,      -2.371220146
          0,           0,        2782,      -7.832516305,      -5.052900415,      -4.954696193,      -2.372676119
          0,           0,        2783,      -7.833973119,      -5.054367497,      -4.956165671,      -2.374133218
          0,           0,        2784,      -7.835431042,      -5.055836088,       -4.95763511,      -2.375591462
          0,           0,        2785,       -7.83689009,      -5.057306184,      -4.959104517,      -2.377050867
          0,           0,        2786,      -7.838350279,      -5.058777782,      -4.960573899,      -2.378511448
          0,           0,        2787,      -7.839811621,      -5.060250875,      -4.962043261,      -2.379973216
          0,           0,        2788,      -7.841274129,      -5.061725453,      -4.963512612,      -2.381436182
          0,           0,        2789,      -7.842737811,      -5.063201505,      -4.964981958,      -2.382900355
          0,           0,        2790,      -7.844202676,      -5.064679018,      -4.966451305,      -2.384365741
          0,           0,        2791,      -7.845668729,      -5.066157976,      -4.967920661,      -2.385832346
          0,           0,        2792,      -7.847135973,      -5.067638361,      -4.969390032,      -2.387300172
          0,           0,        2793,      -7.848604411,      -5.069120154,      -4.970859425,      -2.388769218
          0,           0,        2794,      -7.850074042,      -5.070603331,      -4.972328847,      -2.390239485
          0,           0,        2795,      -7.851544865,      -5.072087871,      -4.973798303,      -2.391710969
          0,           0,        2796,      -7.853016877,      -5.073573746,        -4.9752678,      -2.393183667
          0,           0,        2797,      -7.854490071,      -5.075060928,      -4.976737346,       -2.39465757
          0,           0,        2798,      -7.855964441,      -5.076549389,      -4.978206945,      -2.396132671
          0,           0,        2799,      -7.857439977,      -5.078039097,      -4.979676605,      -2.397608958
          0,           0,        2800,      -7.858916668,      -5.079530018,       -4.98114633,       -2.39908642
          0,           0,        2801,      -7.860394502,      -5.081022119,      -4.982616127,      -2.400565043
          0,           0,        2802,      -7.861873465,      -5.082515362,      -4.984086002,      -2.402044812
          0,           0,        2803,       -7.86335354,      -5.084009711,       -4.98555596,      -2.403525709
          0,           0,        2804,      -7.864834711,      -5.085505125,      -4.987026007,      -2.405007715
          0,           0,        2805,      -7.866316958,      -5.087001564,      -4.988496147,       -2.40649081
          0,           0,        2806,      -7.867800261,      -5.088498986,      -4.989966386,      -2.407974972
          0,           0,        2807,      -7.869284597,      -5.089997347,      -4.991436728,      -2.409460177
          0,           0,        2808,      -7.870769943,      -5.091496604,      -4.992907179,      -2.410946401
          0,           0,        2809,      -7.872256273,      -5.092996711,      -4.994377742,      -2.412433616
          0,           0,        2810,      -7.873743563,      -5.094497621,      -4.995848422,      -2.413921796
          0,           0,        2811,      -7.875231782,      -5.095999287,      -4.997319222,       -2.41541091
          0,           0,        2812,      -7.876720904,       -5.09750166,      -4.998790147,      -2.416900929
          0,           0,        2813,      -7.878210898,      -5.099004691,      -5.000261201,      -2.418391821
          0,           0,        2814,      -7.879701732,      -5.100508331,      -5.001732385,      -2.419883554
          0,           0,        2815,      -7.881193375,       -5.10201253,      -5.003203704,      -2.421376095
          0,           0,        2816,      -7.882685792,      -5.103517235,       -5.00467516,      -2.422869406
          0,           0,        2817,       -7.88417895,      -5.105022397,      -5.006146756,      -2.424363454
          0,           0,        2818,      -7.885672813,      -5.106527962,      -5.007618494,      -2.425858203
          0,           0,        2819,      -7.887167345,      -5.108033879,      -5.009090376,      -2.427353613
          0,           0,        2820,       -7.88866251,      -5.109540096,      -5.010562404,      -2.428849647
          0,           0,        2821,      -7.890158269,       -5.11104656,       -5.01203458,      -2.430346267
          0,           0,        2822,      -7.891654584,       -5.11255322,      -5.013506904,      -2.431843431
          0,           0,        2823,      -7.893151417,      -5.114060022,      -5.014979379,      -2.433341103
          0,           0,        2824,      -7.894648727,      -5.115566913,      -5.016452004,      -2.434839238
          0,           0,        2825,      -7.896146476,      -5.117073843,       -5.01792478,      -2.436337797
          0,           0,        2826,      -7.897644622,      -5.118580759,      -5.019397707,      -2.437836739
          0,           0,        2827,      -7.899143126,       -5.12008761,      -5.020870786,      -2.439336022
          0,           0,        2828,      -7.900641946,      -5.121594345,      -5.022344016,      -2.440835603
          0,           0,        2829,      -7.902141042,      -5.123100912,      -5.023817397,      -2.442335441
          0,           0,        2830,      -7.903640371,      -5.124607263,      -5.025290928,      -2.443835492
          0,           0,        2831,      -7.905139892,      -5.126113348,      -5.026764608,      -2.445335716
          0,           0,        2832,      -7.906639565,      -5.127619118,      -5.028238436,      -2.446836069
          0,           0,        2833,      -7.908139348,      -5.129124526,      -5.029712411,       -2.44833651
          0,           0,        2834,      -7.909639199,      -5.130629525,       -5.03118653,      -2.449836995
          0,           0,        2835,      -7.911139077,      -5.132134068,      -5.032660792,      -2.451337484
          0,           0,        2836,      -7.912638942,      -5.133638112,      -5.034135194,      -2.452837935
          0,           0,        2837,      -7.914138755,      -5.135141611,      -5.035609735,      -2.454338306
          0,           0,        2838,      -7.915638472,      -5.136644523,      -5.037084413,      -2.455838557
          0,           0,        2839,      -7.917138056,      -5.138146807,      -5.038559223,      -2.457338647
          0,           0,        2840,      -7.918637467,      -5.139648422,      -5.040034164,      -2.458838537
          0,           0,        2841,      -7.920136666,      -5.141149329,      -5.041509232,      -2.460338186
          0,           0,        2842,      -7.921635616,       -5.14264949,      -5.042984423,      -2.461837558
          0,           0,        2843,      -7.923134277,      -5.144148871,      -5.044459736,      -2.463336612
          0,           0,        2844,      -7.924632616,      -5.145647434,      -5.045935165,      -2.464835314
          0,           0,        2845,      -7.926130593,      -5.147145147,      -5.047410707,      -2.466333625
          0,           0,        2846,      -7.927628175,      -5.148641978,      -5.048886359,       -2.46783151
          0,           0,        2847,      -7.929125327,      -5.150137897,      -5.050362116,      -2.469328935
          0,           0,        2848,      -7.930622015,      -5.151632875,      -5.051837973,      -2.470825866
          0,           0,        2849,      -7.932118207,      -5.153126885,      -5.053313928,      -2.472322269
          0,           0,        2850,      -7.933613872,      -5.154619903,      -5.054789974,      -2.473818114
          0,           0,        2851,      -7.935108978,      -5.156111904,      -5.056266108,       -2.47531337
          0,           0,        2852,      -7.936603496,      -5.157602865,      -5.057742326,      -2.476808006
          0,           0,        2853,      -7.938097398,      -5.159092769,      -5.059218622,      -2.478301996
          0,           0,        2854,      -7.939590656,      -5.160581594,      -5.060694991,      -2.479795311
          0,           0,        2855,      -7.941083244,      -5.162069327,      -5.062171429,      -2.481287925
          0,           0,        2856,      -7.942575138,       -5.16355595,      -5.063647931,      -2.482779814
          0,           0,        2857,      -7.944066312,      -5.165041453,      -5.065124492,      -2.484270954
          0,           0,        2858,      -7.945556747,      -5.166525823,      -5.066601106,      -2.485761323
          0,           0,        2859,      -7.947046418,      -5.168009051,       -5.06807777,        -2.4872509
          0,           0,        2860,      -7.948535309,      -5.169491131,      -5.069554477,      -2.488739666
          0,           0,        2861,      -7.950023398,      -5.170972055,      -5.071031222,      -2.490227602
          0,           0,        2862,      -7.951510671,      -5.172451821,      -5.072508001,      -2.491714693
          0,           0,        2863,      -7.952997111,      -5.173930426,      -5.073984809,      -2.493200922
          0,           0,        2864,      -7.954482702,      -5.175407871,      -5.075461639,      -2.494686276
          0,           0,        2865,      -7.955967433,      -5.176884157,      -5.076938487,      -2.496170742
          0,           0,        2866,      -7.957451291,      -5.178359287,      -5.078415349,      -2.497654309
          0,           0,        2867,      -7.958934267,      -5.179833267,      -5.079892218,      -2.499136968
          0,           0,        2868,      -7.960416352,      -5.181306104,       -5.08136909,      -2.500618711
          0,           0,        2869,      -7.961897539,      -5.182777807,       -5.08284596,      -2.502099531
          0,           0,        2870,      -7.963377821,      -5.184248385,      -5.084322823,      -2.503579423
          0,           0,        2871,      -7.964857196,      -5.185717851,      -5.085799675,      -2.505058384
          0,           0,        2872,      -7.966335659,       -5.18718622,      -5.087276509,      -2.506536412
          0,           0,        2873,      -7.967813208,      -5.188653506,      -5.088753321,      -2.508013504
          0,           0,        2874,      -7.969289844,      -5.190119725,      -5.090230108,      -2.509489663
          0,           0,        2875,      -7.970765568,      -5.191584898,      -5.091706863,       -2.51096489
          0,           0,        2876,      -7.972240383,      -5.193049044,      -5.093183583,      -2.512439189
          0,           0,        2877,      -7.973714292,      -5.194512184,      -5.094660263,      -2.513912565
          0,           0,        2878,      -7.975187301,      -5.195974341,      -5.096136899,      -2.515385024
          0,           0,        2879,      -7.976659418,       -5.19743554,      -5.097613486,      -2.516856574
          0,           0,        2880,      -7.978130649,      -5.198895806,      -5.099090021,      -2.518327224
          0,           0,        2881,      -7.979601005,      -5.200355166,        -5.1005665,      -2.519796985
          0,           0,        2882,      -7.981070496,      -5.201813648,      -5.102042917,      -2.521265869
          0,           0,        2883,      -7.982539134,      -5.203271282,      -5.103519271,      -2.522733888
          0,           0,        2884,      -7.984006933,      -5.204728098,      -5.104995556,      -2.524201056
          0,           0,        2885,      -7.985473906,      -5.206184127,      -5.106471771,      -2.525667389
          0,           0,        2886,      -7.986940071,      -5.207639403,       -5.10794791,      -2.527132905
          0,           0,        2887,      -7.988405443,      -5.209093958,      -5.109423971,       -2.52859762
          0,           0,        2888,       -7.98987004,      -5.210547827,       -5.11089995,      -2.530061554
          0,           0,        2889,      -7.991333881,      -5.212001045,      -5.112375846,      -2.531524726
          0,           0,        2890,      -7.992796987,      -5.213453649,      -5.113851654,      -2.532987159
          0,           0,        2891,      -7.994259377,      -5.214905674,      -5.115327373,      -2.534448874
          0,           0,        2892,      -7.995721075,       -5.21635716,      -5.116802999,      -2.535909893
          0,           0,        2893,      -7.997182104,      -5.217808141,       -5.11827853,      -2.537370243
          0,           0,        2894,      -7.998642487,      -5.219258659,      -5.119753964,      -2.538829946
          0,           0,        2895,       -8.00010225,      -5.220708752,        -5.1212293,      -2.540289029
          0,           0,        2896,      -8.001561416,      -5.222158458,      -5.122704534,      -2.541747519
          0,           0,        2897,      -8.003020014,      -5.223607818,      -5.124179665,      -2.543205443
          0,           0,        2898,      -8.004478069,      -5.225056872,      -5.125654692,      -2.544662828
          0,           0,        2899,      -8.005935609,       -5.22650566,      -5.127129613,      -2.546119704
          0,           0,        2900,      -8.007392663,      -5.227954223,      -5.128604427,      -2.547576099
          0,           0,        2901,      -8.008849259,      -5.229402599,      -5.130079133,      -2.549032044
          0,           0,        2902,      -8.010305428,      -5.230850831,       -5.13155373,       -2.55048757
          0,           0,        2903,      -8.011761199,      -5.232298958,      -5.133028217,      -2.551942706
          0,           0,        2904,      -8.013216601,      -5.233747021,      -5.134502593,      -2.553397484
          0,           0,        2905,      -8.014671666,       -5.23519506,      -5.135976858,      -2.554851936
          0,           0,        2906,      -8.016126424,      -5.236643114,      -5.137451012,      -2.556306092
          0,           0,        2907,      -8.017580909,      -5.238091223,      -5.138925055,      -2.557759987
          0,           0,        2908,      -8.019035148,      -5.239539426,      -5.140398986,       -2.55921365
          0,           0,        2909,      -8.020489177,      -5.240987763,      -5.141872806,      -2.560667117
          0,           0,        2910,      -8.021943025,      -5.242436271,      -5.143346515,      -2.562120419
          0,           0,        2911,      -8.023396724,      -5.243884989,      -5.144820114,      -2.563573588
          0,           0,        2912,      -8.024850308,      -5.245333953,      -5.146293603,      -2.565026657
          0,           0,        2913,      -8.026303806,      -5.246783199,      -5.147766983,      -2.566479658
          0,           0,        2914,      -8.027757251,      -5.248232766,      -5.149240255,      -2.567932624
          0,           0,        2915,      -8.029210675,      -5.249682686,      -5.150713421,      -2.569385588
          0,           0,        2916,       -8.03066411,      -5.251132994,      -5.152186482,      -2.570838581
          0,           0,        2917,      -8.032117586,      -5.252583725,      -5.153659439,      -2.572291635
          0,           0,        2918,      -8.033571136,      -5.254034911,      -5.155132294,      -2.573744783
          0,           0,        2919,      -8.035024788,      -5.255486583,      -5.156605048,      -2.575198054
          0,           0,        2920,      -8.036478575,      -5.256938772,      -5.158077703,      -2.576651482
          0,           0,        2921,      -8.037932525,      -5.258391508,      -5.159550263,      -2.578105094
          0,           0,        2922,      -8.039386668,       -5.25984482,      -5.161022728,      -2.579558921
          0,           0,        2923,      -8.040841032,      -5.261298736,      -5.162495101,      -2.581012991
          0,           0,        2924,      -8.042295648,      -5.262753281,      -5.163967384,      -2.582467336
          0,           0,        2925,      -8.043750541,      -5.264208482,       -5.16543958,      -2.583921981
          0,           0,        2926,       -8.04520574,      -5.265664362,      -5.166911692,      -2.585376955
          0,           0,        2927,       -8.04666127,      -5.267120944,      -5.168383722,      -2.586832284
          0,           0,        2928,      -8.048117159,      -5.268578251,      -5.169855673,      -2.588287995
          0,           0,        2929,      -8.049573431,      -5.270036303,      -5.171327549,      -2.589744112
          0,           0,        2930,      -8.051030111,      -5.271495118,      -5.172799352,      -2.591200662
          0,           0,        2931,      -8.052487221,      -5.272954714,      -5.174271086,      -2.592657665
          0,           0,        2932,      -8.053944786,       -5.27441511,      -5.175742754,      -2.594115148
          0,           0,        2933,      -8.055402827,      -5.275876318,      -5.177214359,       -2.59557313
          0,           0,        2934,      -8.056861365,      -5.277338353,      -5.178685904,      -2.597031633
          0,           0,        2935,       -8.05832042,      -5.278801227,      -5.180157394,      -2.598490676
          0,           0,        2936,      -8.059780012,      -5.280264952,      -5.181628832,       -2.59995028
          0,           0,        2937,      -8.061240157,      -5.281729537,      -5.183100221,      -2.601410461
          0,           0,        2938,      -8.062700874,      -5.283194991,      -5.184571566,      -2.602871236
          0,           0,        2939,      -8.064162179,      -5.284661321,       -5.18604287,      -2.604332623
          0,           0,        2940,      -8.065624088,      -5.286128532,      -5.187514136,      -2.605794636
          0,           0,        2941,      -8.067086614,      -5.287596628,       -5.18898537,      -2.607257288
          0,           0,        2942,       -8.06854977,       -5.28906561,      -5.190456574,      -2.608720593
          0,           0,        2943,      -8.070013569,      -5.290535483,      -5.191927753,      -2.610184562
          0,           0,        2944,      -8.071478022,      -5.292006244,       -5.19339891,      -2.611649207
          0,           0,        2945,      -8.072943138,      -5.293477892,       -5.19487005,      -2.613114534
          0,           0,        2946,      -8.074408927,      -5.294950425,      -5.196341176,      -2.614580556
          0,           0,        2947,      -8.075875394,      -5.296423838,      -5.197812293,      -2.616047276
          0,           0,        2948,      -8.077342548,      -5.297898127,      -5.199283404,      -2.617514702
          0,           0,        2949,      -8.078810395,      -5.299373283,      -5.200754514,       -2.61898284
          0,           0,        2950,      -8.080278938,      -5.300849299,      -5.202225627,      -2.620451691
          0,           0,        2951,       -8.08174818,      -5.302326166,      -5.203696745,      -2.621921259
          0,           0,        2952,      -8.083218124,      -5.303803873,      -5.205167874,      -2.623391547
          0,           0,        2953,      -8.084688771,      -5.305282409,      -5.206639016,      -2.624862554
          0,           0,        2954,       -8.08616012,      -5.306761759,      -5.208110176,      -2.626334278
          0,           0,        2955,       -8.08763217,       -5.30824191,      -5.209581359,      -2.627806719
          0,           0,        2956,       -8.08910492,      -5.309722846,      -5.211052566,      -2.629279874
          0,           0,        2957,      -8.090578366,      -5.311204551,      -5.212523803,      -2.630753738
          0,           0,        2958,      -8.092052504,      -5.312687008,      -5.213995071,      -2.632228307
          0,           0,        2959,      -8.093527326,      -5.314170197,      -5.215466376,      -2.633703573
          0,           0,        2960,      -8.095002829,      -5.315654099,      -5.216937721,      -2.635179531
          0,           0,        2961,      -8.096479004,      -5.317138694,      -5.218409108,      -2.636656171
          0,           0,        2962,      -8.097955843,       -5.31862396,      -5.219880542,      -2.638133485
          0,           0,        2963,      -8.099433336,      -5.320109873,      -5.221352025,      -2.639611462
          0,           0,        2964,      -8.100911473,      -5.321596412,      -5.222823561,      -2.641090091
          0,           0,        2965,      -8.102390243,      -5.323083553,      -5.224295151,      -2.642569361
          0,           0,        2966,      -8.103869633,      -5.324571269,        -5.2257668,      -2.644049257
          0,           0,        2967,       -8.10534963,      -5.326059536,       -5.22723851,      -2.645529766
          0,           0,        2968,      -8.106830219,      -5.327548328,      -5.228710283,      -2.647010872
          0,           0,        2969,      -8.108311388,      -5.329037617,      -5.230182123,      -2.648492562
          0,           0,        2970,      -8.109793121,      -5.330527375,      -5.231654031,      -2.649974819
          0,           0,        2971,      -8.111275399,      -5.332017575,       -5.23312601,      -2.651457624
          0,           0,        2972,      -8.112758207,      -5.333508188,      -5.234598062,       -2.65294096
          0,           0,        2973,      -8.114241526,      -5.334999186,      -5.236070189,      -2.654424808
          0,           0,        2974,      -8.115725339,      -5.336490538,      -5.237542393,      -2.655909149
          0,           0,        2975,      -8.117209627,      -5.337982217,      -5.239014675,      -2.657393965
          0,           0,        2976,      -8.118694369,      -5.339474189,      -5.240487038,      -2.658879233
          0,           0,        2977,      -8.120179546,      -5.340966427,      -5.241959482,      -2.660364933
          0,           0,        2978,      -8.121665135,      -5.342458897,       -5.24343201,      -2.661851043
          0,           0,        2979,      -8.123151117,      -5.343951572,      -5.244904621,      -2.663337541
          0,           0,        2980,       -8.12463747,      -5.345444418,      -5.246377318,      -2.664824405
          0,           0,        2981,       -8.12612417,      -5.346937406,        -5.2478501,      -2.666311611
          0,           0,        2982,      -8.127611196,      -5.348430505,       -5.24932297,      -2.667799137
          0,           0,        2983,      -8.129098524,      -5.349923684,      -5.250795927,      -2.669286958
          0,           0,        2984,      -8.130586132,      -5.351416911,      -5.252268972,       -2.67077505
          0,           0,        2985,      -8.132073995,      -5.352910157,      -5.253742104,      -2.672263389
          0,           0,        2986,       -8.13356209,       -5.35440339,      -5.255215326,      -2.673751951
          0,           0,        2987,      -8.135050394,      -5.355896581,      -5.256688636,      -2.675240712
          0,           0,        2988,      -8.136538881,      -5.357389699,      -5.258162034,      -2.676729647
          0,           0,        2989,      -8.138027528,      -5.358882715,       -5.25963552,      -2.678218729
          0,           0,        2990,       -8.13951631,      -5.360375599,      -5.261109094,      -2.679707935
          0,           0,        2991,      -8.141005203,      -5.361868323,      -5.262582754,       -2.68119724
          0,           0,        2992,      -8.142494184,      -5.363360857,      -5.264056501,       -2.68268662
          0,           0,        2993,      -8.143983225,      -5.364853174,      -5.265530334,      -2.684176048
          0,           0,        2994,      -8.145472305,      -5.366345245,      -5.267004251,      -2.685665499
          0,           0,        2995,      -8.146961398,      -5.367837045,      -5.268478252,       -2.68715495
          0,           0,        2996,      -8.148450482,      -5.369328547,      -5.269952334,      -2.688644376
          0,           0,        2997,       -8.14993953,      -5.370819724,      -5.271426499,      -2.690133752
          0,           0,        2998,      -8.151428519,      -5.372310552,      -5.272900742,      -2.691623054
          0,           0,        2999,      -8.152917429,      -5.373801008,      -5.274375064,      -2.693112259
          0,           0,        3000,      -8.154406233,      -5.375291065,      -5.275849462,      -2.694601344
          0,           0,        3001,       -8.15589491,      -5.376780703,      -5.277323935,      -2.696090284
          0,           0,        3002,      -8.157383438,      -5.378269898,       -5.27879848,      -2.697579058
          0,           0,        3003,      -8.158871794,      -5.379758631,      -5.280273096,      -2.699067643
          0,           0,        3004,      -8.160359955,      -5.381246879,      -5.281747781,      -2.700556016
          0,           0,        3005,      -8.161847903,      -5.382734624,      -5.283222533,      -2.702044158
          0,           0,        3006,      -8.163335614,      -5.384221847,      -5.284697349,      -2.703532046
          0,           0,        3007,       -8.16482307,       -5.38570853,      -5.286172226,       -2.70501966
          0,           0,        3008,       -8.16631025,      -5.387194657,      -5.287647163,       -2.70650698
          0,           0,        3009,      -8.167797134,      -5.388680212,      -5.289122157,      -2.707993987
          0,           0,        3010,      -8.169283707,      -5.390165181,      -5.290597206,      -2.709480663
          0,           0,        3011,      -8.170769948,      -5.391649548,      -5.292072306,       -2.71096699
          0,           0,        3012,       -8.17225584,      -5.393133303,      -5.293547455,       -2.71245295
          0,           0,        3013,      -8.173741366,      -5.394616432,      -5.295022651,      -2.713938525
          0,           0,        3014,      -8.175226511,      -5.396098926,      -5.296497891,      -2.715423702
          0,           0,        3015,      -8.176711259,      -5.397580775,      -5.297973171,      -2.716908463
          0,           0,        3016,      -8.178195597,      -5.399061969,       -5.29944849,      -2.718392795
          0,           0,        3017,      -8.179679509,      -5.400542502,      -5.300923843,      -2.719876684
          0,           0,        3018,      -8.181162982,      -5.402022368,      -5.302399228,      -2.721360116
          0,           0,        3019,      -8.182646005,      -5.403501562,      -5.303874642,      -2.722843081
          0,           0,        3020,      -8.184128566,      -5.404980078,      -5.305350083,      -2.724325566
          0,           0,        3021,      -8.185610653,      -5.406457913,      -5.306825547,      -2.725807561
          0,           0,        3022,      -8.187092258,      -5.407935067,      -5.308301031,      -2.727289057
          0,           0,        3023,      -8.188573371,      -5.409411538,      -5.309776531,      -2.728770043
          0,           0,        3024,      -8.190053983,      -5.410887324,      -5.311252046,      -2.730250513
          0,           0,        3025,      -8.191534087,       -5.41236243,      -5.312727572,      -2.731730458
          0,           0,        3026,      -8.193013675,      -5.413836854,      -5.314203105,      -2.733209873
          0,           0,        3027,      -8.194492744,      -5.415310603,      -5.315678644,      -2.734688753
          0,           0,        3028,      -8.195971285,      -5.416783678,      -5.317154185,       -2.73616709
          0,           0,        3029,      -8.197449296,      -5.418256087,      -5.318629725,      -2.737644883
          0,           0,        3030,      -8.198926774,      -5.419727834,      -5.320105261,      -2.739122129
          0,           0,        3031,      -8.200403715,      -5.421198929,      -5.321580791,      -2.740598824
          0,           0,        3032,       -8.20188012,      -5.422669378,       -5.32305631,      -2.742074971
          0,           0,        3033,      -8.203355987,       -5.42413919,      -5.324531817,      -2.743550566
          0,           0,        3034,      -8.204831316,      -5.425608378,      -5.326007309,      -2.745025612
          0,           0,        3035,      -8.206306108,      -5.427076949,      -5.327482783,       -2.74650011
          0,           0,        3036,      -8.207780364,      -5.428544917,      -5.328958236,       -2.74797406
          0,           0,        3037,      -8.209254086,      -5.430012296,      -5.330433665,      -2.749447466
          0,           0,        3038,      -8.210727279,      -5.431479097,      -5.331909069,      -2.750920334
          0,           0,        3039,      -8.212199945,      -5.432945336,      -5.333384444,      -2.752392665
          0,           0,        3040,      -8.213672093,      -5.434411029,      -5.334859788,      -2.753864469
          0,           0,        3041,      -8.215143723,      -5.435876189,      -5.336335098,      -2.755335747
          0,           0,        3042,      -8.216614846,      -5.437340835,      -5.337810373,      -2.756806511
          0,           0,        3043,      -8.218085468,      -5.438804983,      -5.339285609,      -2.758276766
          0,           0,        3044,      -8.219555595,      -5.440268652,      -5.340760805,      -2.759746522
          0,           0,        3045,      -8.221025238,       -5.44173186,      -5.342235959,      -2.761215786
          0,           0,        3046,      -8.222494405,      -5.443194627,      -5.343711069,       -2.76268457
          0,           0,        3047,      -8.223963106,      -5.444656972,      -5.345186132,      -2.764152882
          0,           0,        3048,      -8.225431352,      -5.446118916,      -5.346661147,      -2.765620738
          0,           0,        3049,      -8.226899155,      -5.447580481,      -5.348136112,      -2.767088146
          0,           0,        3050,      -8.228366526,      -5.449041685,      -5.349611025,       -2.76855512
          0,           0,        3051,      -8.229833479,      -5.450502551,      -5.351085885,      -2.770021674
          0,           0,        3052,      -8.231300026,      -5.451963101,      -5.352560689,      -2.771487821
          0,           0,        3053,       -8.23276618,      -5.453423358,      -5.354035438,      -2.772953575
          0,           0,        3054,      -8.234231957,      -5.454883344,      -5.355510128,       -2.77441895
          0,           0,        3055,      -8.235697369,      -5.456343083,       -5.35698476,      -2.775883963
          0,           0,        3056,      -8.237162432,      -5.457802596,      -5.358459331,      -2.777348627
          0,           0,        3057,      -8.238627162,       -5.45926191,      -5.359933842,      -2.778812961
          0,           0,        3058,      -8.240091575,      -5.460721046,       -5.36140829,      -2.780276979
          0,           0,        3059,      -8.241555687,      -5.462180028,      -5.362882676,        -2.7817407
          0,           0,        3060,      -8.243019516,      -5.463638879,      -5.364356998,      -2.783204142
          0,           0,        3061,      -8.244483077,      -5.465097623,      -5.365831256,      -2.784667319
          0,           0,        3062,      -8.245946389,      -5.466556286,      -5.367305448,      -2.786130253
          0,           0,        3063,      -8.247409469,      -5.468014889,      -5.368779575,       -2.78759296
          0,           0,        3064,      -8.248872335,      -5.469473457,      -5.370253637,      -2.789055458
          0,           0,        3065,      -8.250335004,      -5.470932014,      -5.371727632,      -2.790517768
          0,           0,        3066,      -8.251797496,      -5.472390582,      -5.373201562,      -2.791979906
          0,           0,        3067,       -8.25325983,      -5.473849187,      -5.374675425,      -2.793441894
          0,           0,        3068,      -8.254722022,      -5.475307848,      -5.376149223,      -2.794903747
          0,           0,        3069,      -8.256184092,      -5.476766591,      -5.377622954,      -2.796365488
          0,           0,        3070,      -8.257646058,      -5.478225437,      -5.379096619,      -2.797827132
          0,           0,        3071,       -8.25910794,      -5.479684409,       -5.38057022,      -2.799288702
          0,           0,        3072,      -8.260569755,      -5.481143528,      -5.382043755,      -2.800750216
          0,           0,        3073,      -8.262031522,      -5.482602817,      -5.383517226,      -2.802211692
          0,           0,        3074,      -8.263493263,      -5.484062296,      -5.384990633,      -2.803673152
          0,           0,        3075,      -8.264954994,      -5.485521985,      -5.386463978,      -2.805134613
          0,           0,        3076,      -8.266416732,      -5.486981907,       -5.38793726,      -2.806596093
          0,           0,        3077,      -8.267878498,      -5.488442078,      -5.389410481,      -2.808057611
          0,           0,        3078,      -8.269340309,       -5.48990252,      -5.390883641,      -2.809519187
          0,           0,        3079,      -8.270802181,       -5.49136325,      -5.392356742,      -2.810980837
          0,           0,        3080,      -8.272264136,      -5.492824287,      -5.393829785,      -2.812442582
          0,           0,        3081,      -8.273726189,      -5.494285649,      -5.395302771,      -2.813904436
          0,           0,        3082,      -8.275188358,      -5.495747352,      -5.396775702,      -2.815366421
          0,           0,        3083,      -8.276650661,      -5.497209412,      -5.398248579,      -2.816828553
          0,           0,        3084,      -8.278113113,      -5.498671843,      -5.399721403,      -2.818290847
          0,           0,        3085,      -8.279575731,      -5.500134663,      -5.401194176,      -2.819753321
          0,           0,        3086,       -8.28103853,      -5.501597884,        -5.4026669,      -2.821215989
          0,           0,        3087,      -8.282501526,      -5.503061521,      -5.404139576,      -2.822678868
          0,           0,        3088,      -8.283964735,      -5.504525586,      -5.405612205,      -2.824141975
          0,           0,        3089,      -8.285428171,       -5.50599009,      -5.407084791,      -2.825605321
          0,           0,        3090,      -8.286891849,      -5.507455047,      -5.408557334,      -2.827068924
          0,           0,        3091,      -8.288355782,      -5.508920464,      -5.410029837,      -2.828532796
          0,           0,        3092,      -8.289819986,      -5.510386354,      -5.411502302,      -2.829996952
          0,           0,        3093,       -8.29128447,      -5.511852723,      -5.412974729,      -2.831461403
          0,           0,        3094,      -8.292749248,       -5.51331958,      -5.414447123,      -2.832926162
          0,           0,        3095,      -8.294214333,      -5.514786933,      -5.415919484,      -2.834391242
          0,           0,        3096,      -8.295679734,      -5.516254788,      -5.417391816,      -2.835856652
          0,           0,        3097,      -8.297145463,       -5.51772315,      -5.418864119,      -2.837322404
          0,           0,        3098,       -8.29861153,      -5.519192025,      -5.420336397,      -2.838788506
          0,           0,        3099,      -8.300077944,      -5.520661415,       -5.42180865,       -2.84025497
          0,           0,        3100,      -8.301544713,      -5.522131325,      -5.423280883,      -2.841721802
          0,           0,        3101,      -8.303011847,      -5.523601756,      -5.424753098,      -2.843189013
          0,           0,        3102,      -8.304479353,       -5.52507271,      -5.426225295,      -2.844656607
          0,           0,        3103,      -8.305947238,       -5.52654419,      -5.427697478,      -2.846124593
          0,           0,        3104,      -8.307415507,      -5.528016192,      -5.429169649,      -2.847592977
          0,           0,        3105,      -8.308884169,      -5.529488717,      -5.430641811,      -2.849061765
          0,           0,        3106,      -8.310353226,      -5.530961764,      -5.432113965,      -2.850530961
          0,           0,        3107,      -8.311822686,      -5.532435327,      -5.433586115,       -2.85200057
          0,           0,        3108,       -8.31329255,      -5.533909407,      -5.435058262,      -2.853470595
          0,           0,        3109,      -8.314762821,      -5.535383999,      -5.436530408,      -2.854941038
          0,           0,        3110,      -8.316233502,      -5.536859095,      -5.438002556,      -2.856411902
          0,           0,        3111,      -8.317704596,      -5.538334692,      -5.439474709,      -2.857883189
          0,           0,        3112,      -8.319176102,      -5.539810784,      -5.440946869,      -2.859354898
          0,           0,        3113,      -8.320648023,      -5.541287363,      -5.442419036,      -2.860827032
          0,           0,        3114,      -8.322120357,      -5.542764421,      -5.443891216,      -2.862299588
          0,           0,        3115,      -8.323593103,       -5.54424195,      -5.445363408,      -2.863772565
          0,           0,        3116,      -8.325066262,       -5.54571994,      -5.446835616,      -2.865245964
          0,           0,        3117,       -8.32653983,      -5.547198382,      -5.448307841,      -2.866719779
          0,           0,        3118,      -8.328013804,      -5.548677267,      -5.449780086,      -2.868194007
          0,           0,        3119,      -8.329488181,      -5.550156581,      -5.451252352,      -2.869668646
          0,           0,        3120,       -8.33096296,      -5.551636315,      -5.452724643,      -2.871143693
          0,           0,        3121,      -8.332438134,      -5.553116456,      -5.454196959,      -2.872619142
          0,           0,        3122,      -8.333913698,      -5.554596987,      -5.455669302,      -2.874094986
          0,           0,        3123,      -8.335389646,      -5.556077902,      -5.457141675,      -2.875571221
          0,           0,        3124,      -8.336865974,      -5.557559181,      -5.458614078,      -2.877047838
          0,           0,        3125,      -8.338342672,      -5.559040813,      -5.460086514,      -2.878524831
          0,           0,        3126,      -8.339819736,      -5.560522784,      -5.461558985,      -2.880002193
          0,           0,        3127,      -8.341297154,      -5.562005077,      -5.463031492,      -2.881479913
          0,           0,        3128,      -8.342774923,      -5.563487678,      -5.464504036,      -2.882957987
          0,           0,        3129,      -8.344253031,      -5.564970569,      -5.465976619,      -2.884436401
          0,           0,        3130,      -8.345731472,      -5.566453736,      -5.467449243,      -2.885915152
          0,           0,        3131,      -8.347210232,       -5.56793716,      -5.468921909,       -2.88739422
          0,           0,        3132,      -8.348689302,      -5.569420825,      -5.470394617,      -2.888873601
          0,           0,        3133,      -8.350168672,      -5.570904715,      -5.471867369,      -2.890353283
          0,           0,        3134,      -8.351648336,      -5.572388812,      -5.473340167,      -2.891833258
          0,           0,        3135,      -8.353128275,      -5.573873098,      -5.474813011,      -2.893313508
          0,           0,        3136,       -8.35460848,      -5.575357554,      -5.476285902,      -2.894794023
          0,           0,        3137,      -8.356088939,      -5.576842165,       -5.47775884,      -2.896274791
          0,           0,        3138,      -8.357569642,      -5.578326911,      -5.479231828,        -2.8977558
          0,           0,        3139,      -8.359050573,      -5.579811775,      -5.480704865,      -2.899237034
          0,           0,        3140,      -8.360531721,      -5.581296738,      -5.482177952,      -2.900718483
          0,           0,        3141,      -8.362013073,      -5.582781783,      -5.483651089,      -2.902200133
          0,           0,        3142,      -8.363494617,       -5.58426689,      -5.485124277,       -2.90368197
          0,           0,        3143,      -8.364976336,      -5.585752042,      -5.486597517,      -2.905163978
          0,           0,        3144,      -8.366458219,       -5.58723722,      -5.488070808,      -2.906646146
          0,           0,        3145,      -8.367940249,      -5.588722406,       -5.48954415,      -2.908128456
          0,           0,        3146,      -8.369422416,      -5.590207583,      -5.491017545,      -2.909610899
          0,           0,        3147,      -8.370904703,      -5.591692733,      -5.492490991,      -2.911093453
          0,           0,        3148,      -8.372387098,      -5.593177838,      -5.493964489,       -2.91257611
          0,           0,        3149,      -8.373869586,      -5.594662879,      -5.495438038,      -2.914058854
          0,           0,        3150,      -8.375352152,      -5.596147841,      -5.496911639,      -2.915541669
          0,           0,        3151,      -8.376834781,      -5.597632705,      -5.498385291,       -2.91702454
          0,           0,        3152,      -8.378317458,      -5.599117456,      -5.499858993,      -2.918507451
          0,           0,        3153,      -8.379800172,      -5.600602078,      -5.501332746,      -2.919990392
          0,           0,        3154,      -8.381282906,      -5.602086552,      -5.502806548,      -2.921473344
          0,           0,        3155,      -8.382765646,      -5.603570865,      -5.504280399,      -2.922956293
          0,           0,        3156,       -8.38424838,         -5.605055,      -5.505754299,      -2.924439228
          0,           0,        3157,       -8.38573109,      -5.606538941,      -5.507228246,       -2.92592213
          0,           0,        3158,      -8.387213767,      -5.608022674,      -5.508702239,       -2.92740499
          0,           0,        3159,      -8.388696392,      -5.609506187,      -5.510176279,      -2.928887788
          0,           0,        3160,      -8.390178955,      -5.610989464,      -5.511650363,      -2.930370515
          0,           0,        3161,      -8.391661441,      -5.612472491,      -5.513124491,      -2.931853156
          0,           0,        3162,      -8.393143839,      -5.613955255,      -5.514598661,      -2.933335697
          0,           0,        3163,      -8.394626132,      -5.615437745,      -5.516072874,      -2.934818124
          0,           0,        3164,      -8.396108309,      -5.616919949,      -5.517547126,      -2.936300425
          0,           0,        3165,       -8.39759036,      -5.618401856,      -5.519021418,      -2.937782589
          0,           0,        3166,      -8.399072269,      -5.619883453,      -5.520495748,      -2.939264601
          0,           0,        3167,      -8.400554027,      -5.621364731,      -5.521970114,      -2.940746451
          0,           0,        3168,      -8.402035622,       -5.62284568,      -5.523444514,      -2.942228126
          0,           0,        3169,      -8.403517041,      -5.624326291,      -5.524918949,      -2.943709617
          0,           0,        3170,      -8.404998273,      -5.625806554,      -5.526393415,      -2.945190909
          0,           0,        3171,      -8.406479309,      -5.627286464,      -5.527867912,      -2.946671994
          0,           0,        3172,      -8.407960141,       -5.62876601,      -5.529342438,      -2.948152863
          0,           0,        3173,      -8.409440753,      -5.630245189,      -5.530816991,      -2.949633503
          0,           0,        3174,       -8.41092114,      -5.631723991,       -5.53229157,      -2.951113907
          0,           0,        3175,      -8.412401293,      -5.633202413,      -5.533766173,      -2.952594067
          0,           0,        3176,      -8.413881202,       -5.63468045,      -5.535240798,      -2.954073971
          0,           0,        3177,       -8.41536086,      -5.636158097,      -5.536715445,      -2.955553613
          0,           0,        3178,      -8.416840259,      -5.637635349,       -5.53819011,      -2.957032987
          0,           0,        3179,      -8.418319389,      -5.639112205,      -5.539664792,      -2.958512082
          0,           0,        3180,      -8.419798248,      -5.640588662,       -5.54113949,      -2.959990895
          0,           0,        3181,      -8.421276827,      -5.642064718,      -5.542614201,      -2.961469418
          0,           0,        3182,      -8.422755119,      -5.643540373,      -5.544088923,      -2.962947644
          0,           0,        3183,      -8.424233121,      -5.645015625,      -5.545563657,      -2.964425571
          0,           0,        3184,      -8.425710826,      -5.646490474,      -5.547038399,      -2.965903191
          0,           0,        3185,      -8.427188236,      -5.647964922,      -5.548513146,      -2.967380507
          0,           0,        3186,      -8.428665337,      -5.649438969,      -5.549987899,      -2.968857504
          0,           0,        3187,      -8.430142133,      -5.650912618,      -5.551462655,      -2.970334187
          0,           0,        3188,      -8.431618616,       -5.65238587,      -5.552937412,      -2.971810549
          0,           0,        3189,      -8.433094788,      -5.653858731,      -5.554412168,      -2.973286592
          0,           0,        3190,      -8.434570645,      -5.655331204,      -5.555886923,      -2.974762311
          0,           0,        3191,      -8.436046187,      -5.656803292,      -5.557361672,      -2.976237706
          0,           0,        3192,      -8.437521412,      -5.658275001,      -5.558836417,      -2.977712778
          0,           0,        3193,      -8.438996318,      -5.659746335,      -5.560311154,      -2.979187524
          0,           0,        3194,      -8.440470909,      -5.661217302,      -5.561785882,      -2.980661946
          0,           0,        3195,      -8.441945183,      -5.662687908,      -5.563260599,      -2.982136046
          0,           0,        3196,      -8.443419142,      -5.664158158,      -5.564735305,      -2.983609824
          0,           0,        3197,      -8.444892787,      -5.665628062,      -5.566209995,      -2.985083282
          0,           0,        3198,       -8.44636612,      -5.667097628,      -5.567684671,      -2.986556421
          0,           0,        3199,      -8.447839143,      -5.668566863,       -5.56915933,      -2.988029247
          0,           0,        3200,      -8.449311858,      -5.670035777,       -5.57063397,      -2.989501758
          0,           0,        3201,      -8.450784271,      -5.671504378,       -5.57210859,      -2.990973964
          0,           0,        3202,      -8.452256382,      -5.672972678,      -5.573583189,      -2.992445863
          0,           0,        3203,      -8.453728201,      -5.674440686,      -5.575057766,      -2.993917465
          0,           0,        3204,      -8.455199729,      -5.675908414,      -5.576532319,      -2.995388772
          0,           0,        3205,      -8.456670975,      -5.677375874,      -5.578006847,      -2.996859795
          0,           0,        3206,      -8.458141939,      -5.678843072,      -5.579481348,      -2.998330533
          0,           0,        3207,      -8.459612629,      -5.680310024,      -5.580955822,      -2.999800994
          0,           0,        3208,      -8.461083053,      -5.681776741,      -5.582430267,      -3.001271187
          0,           0,        3209,      -8.462553215,      -5.683243236,      -5.583904682,      -3.002741117
          0,           0,        3210,      -8.464023125,       -5.68470952,      -5.585379067,      -3.004210793
          0,           0,        3211,      -8.465492789,      -5.686175607,      -5.586853419,      -3.005680222
          0,           0,        3212,      -8.466962216,      -5.687641509,       -5.58832774,      -3.007149412
          0,           0,        3213,      -8.468431411,       -5.68910724,      -5.589802027,      -3.008618372
          0,           0,        3214,      -8.469900383,      -5.690572814,      -5.591276279,      -3.010087106
          0,           0,        3215,      -8.471369142,      -5.692038242,      -5.592750497,      -3.011555629
          0,           0,        3216,      -8.472837697,      -5.693503542,      -5.594224679,       -3.01302395
          0,           0,        3217,      -8.474306058,      -5.694968723,      -5.595698825,      -3.014492077
          0,           0,        3218,      -8.475774234,      -5.696433802,      -5.597172934,      -3.015960021
          0,           0,        3219,      -8.477242233,      -5.697898793,      -5.598647005,       -3.01742779
          0,           0,        3220,      -8.478710067,      -5.699363706,      -5.600121039,      -3.018895395
          0,           0,        3221,      -8.480177743,      -5.700828559,      -5.601595035,      -3.020362847
          0,           0,        3222,      -8.481645275,      -5.702293367,      -5.603068992,      -3.021830156
          0,           0,        3223,      -8.483112672,      -5.703758141,       -5.60454291,      -3.023297332
          0,           0,        3224,      -8.484579943,      -5.705222895,       -5.60601679,      -3.024764389
          0,           0,        3225,      -8.486047101,      -5.706687644,       -5.60749063,      -3.026231333
          0,           0,        3226,      -8.487514154,      -5.708152402,      -5.608964431,      -3.027698179
          0,           0,        3227,      -8.488981117,      -5.709617182,      -5.610438193,      -3.029164939
          0,           0,        3228,      -8.490447996,      -5.711081998,      -5.611911916,      -3.030631619
          0,           0,        3229,      -8.491914804,      -5.712546864,        -5.6133856,      -3.032098234
          0,           0,        3230,      -8.493381554,       -5.71401179,      -5.614859245,      -3.033564796
          0,           0,        3231,      -8.494848254,      -5.715476794,      -5.616332852,      -3.035031313
          0,           0,        3232,      -8.496314919,      -5.716941885,       -5.61780642,      -3.036497799
          0,           0,        3233,      -8.497781556,      -5.718407077,       -5.61927995,      -3.037964266
          0,           0,        3234,      -8.499248178,      -5.719872384,      -5.620753442,      -3.039430723
          0,           0,        3235,      -8.500714795,      -5.721337817,      -5.622226897,      -3.040897181
          0,           0,        3236,       -8.50218142,      -5.722803388,      -5.623700316,      -3.042363656
          0,           0,        3237,      -8.503648061,      -5.724269105,      -5.625173698,      -3.043830152
          0,           0,        3238,      -8.505114733,      -5.725734984,      -5.626647045,      -3.045296686
          0,           0,        3239,      -8.506581441,      -5.727201033,      -5.628120357,      -3.046763264
          0,           0,        3240,      -8.508048197,      -5.728667265,      -5.629593635,      -3.048229898
          0,           0,        3241,      -8.509515015,      -5.730133692,      -5.631066878,      -3.049696599
          0,           0,        3242,      -8.510981901,      -5.731600317,       -5.63254009,      -3.051163377
          0,           0,        3243,      -8.512448867,      -5.733067156,       -5.63401327,      -3.052630243
          0,           0,        3244,      -8.513915922,      -5.734534215,      -5.635486419,      -3.054097206
          0,           0,        3245,      -8.515383075,      -5.736001504,      -5.636959538,      -3.055564275
          0,           0,        3246,       -8.51685034,      -5.737469029,      -5.638432628,      -3.057031464
          0,           0,        3247,      -8.518317719,      -5.738936802,      -5.639905689,      -3.058498775
          0,           0,        3248,      -8.519785224,      -5.740404826,      -5.641378724,      -3.059966221
          0,           0,        3249,      -8.521252868,      -5.741873113,      -5.642851733,      -3.061433813
          0,           0,        3250,      -8.522720652,      -5.743341663,      -5.644324717,      -3.062901554
          0,           0,        3251,      -8.524188588,      -5.744810487,      -5.645797678,      -3.064369455
          0,           0,        3252,      -8.525656683,       -5.74627959,      -5.647270616,      -3.065837523
          0,           0,        3253,      -8.527124947,      -5.747748976,      -5.648743533,      -3.067305769
          0,           0,        3254,      -8.528593382,       -5.74921865,       -5.65021643,      -3.068774194
          0,           0,        3255,      -8.530062001,      -5.750688618,      -5.651689309,       -3.07024281
          0,           0,        3256,      -8.531530806,      -5.752158881,       -5.65316217,      -3.071711622
          0,           0,        3257,      -8.532999805,      -5.753629442,      -5.654635014,      -3.073180635
          0,           0,        3258,      -8.534469003,      -5.755100308,      -5.656107844,      -3.074649856
          0,           0,        3259,      -8.535938408,      -5.756571478,      -5.657580661,       -3.07611929
          0,           0,        3260,      -8.537408023,      -5.758042953,      -5.659053464,      -3.077588943
          0,           0,        3261,      -8.538877853,      -5.759514735,      -5.660526258,      -3.079058819
          0,           0,        3262,      -8.540347901,      -5.760986826,      -5.661999041,      -3.080528921
          0,           0,        3263,      -8.541818174,      -5.762459226,      -5.663471817,      -3.081999255
          0,           0,        3264,      -8.543288675,      -5.763931935,      -5.664944587,      -3.083469823
          0,           0,        3265,      -8.544759407,      -5.765404953,       -5.66641735,      -3.084940631
          0,           0,        3266,      -8.546230372,      -5.766878278,       -5.66789011,      -3.086411678
          0,           0,        3267,      -8.547701578,      -5.768351907,      -5.669362867,      -3.087882972
          0,           0,        3268,      -8.549173019,      -5.769825839,      -5.670835623,      -3.089354509
          0,           0,        3269,      -8.550644701,      -5.771300072,      -5.672308378,      -3.090826294
          0,           0,        3270,      -8.552116625,      -5.772774603,      -5.673781136,      -3.092298327
          0,           0,        3271,       -8.55358879,       -5.77424943,      -5.675253895,      -3.093770605
          0,           0,        3272,        -8.5550612,      -5.775724545,       -5.67672666,      -3.095243136
          0,           0,        3273,      -8.556533853,      -5.777199949,       -5.67819943,      -3.096715916
          0,           0,        3274,      -8.558006748,      -5.778675634,      -5.679672206,      -3.098188941
          0,           0,        3275,      -8.559479887,      -5.780151595,      -5.681144991,      -3.099662218
          0,           0,        3276,      -8.560953269,      -5.781627829,      -5.682617785,      -3.101135741
          0,           0,        3277,      -8.562426895,      -5.783104329,       -5.68409059,      -3.102609514
          0,           0,        3278,      -8.563900759,      -5.784581087,      -5.685563406,      -3.104083527
          0,           0,        3279,       -8.56537486,      -5.786058098,      -5.687036236,      -3.105557783
          0,           0,        3280,      -8.566849197,      -5.787535354,      -5.688509079,      -3.107032279
          0,           0,        3281,      -8.568323764,      -5.789012851,      -5.689981937,      -3.108507008
          0,           0,        3282,      -8.569798562,      -5.790490577,      -5.691454812,      -3.109981971
          0,           0,        3283,      -8.571273585,      -5.791968527,      -5.692927704,      -3.111457163
          0,           0,        3284,      -8.572748833,       -5.79344669,      -5.694400616,      -3.112932581
          0,           0,        3285,      -8.574224297,      -5.794925063,      -5.695873546,      -3.114408218
          0,           0,        3286,      -8.575699978,      -5.796403632,      -5.697346496,      -3.115884076
          0,           0,        3287,      -8.577175866,       -5.79788239,      -5.698819468,      -3.117360142
          0,           0,        3288,      -8.578651958,      -5.799361327,      -5.700292463,      -3.118836413
          0,           0,        3289,      -8.580128251,      -5.800840435,       -5.70176548,      -3.120312887
          0,           0,        3290,       -8.58160474,      -5.802319705,      -5.703238521,      -3.121789559
          0,           0,        3291,      -8.583081415,      -5.803799125,      -5.704711587,      -3.123266416
          0,           0,        3292,      -8.584558272,      -5.805278685,      -5.706184679,      -3.124743457
          0,           0,        3293,      -8.586035307,      -5.806758376,      -5.707657795,      -3.126220675
          0,           0,        3294,      -8.587512513,      -5.808238189,      -5.709130939,      -3.127698065
          0,           0,        3295,      -8.588989878,       -5.80971811,       -5.71060411,      -3.129175614
          0,           0,        3296,      -8.590467402,      -5.811198131,      -5.712077308,       -3.13065332
          0,           0,        3297,      -8.591945073,      -5.812678242,      -5.713550535,      -3.132131171
          0,           0,        3298,      -8.593422887,      -5.814158432,      -5.715023791,      -3.133609164
          0,           0,        3299,      -8.594900837,      -5.815638688,      -5.716497075,      -3.135087293
          0,           0,        3300,      -8.596378911,      -5.817119002,      -5.717970389,      -3.136565545
          0,           0,        3301,      -8.597857104,      -5.818599363,      -5.719443733,      -3.138043914
          0,           0,        3302,      -8.599335409,      -5.820079759,      -5.720917107,       -3.13952239
          0,           0,        3303,      -8.600813819,      -5.821560181,      -5.722390511,       -3.14100097
          0,           0,        3304,      -8.602292323,      -5.823040614,      -5.723863945,      -3.142479642
          0,           0,        3305,      -8.603770913,      -5.824521053,      -5.725337409,      -3.143958398
          0,           0,        3306,      -8.605249583,      -5.826001482,      -5.726810904,      -3.145437226
          0,           0,        3307,      -8.606728321,      -5.827481898,      -5.728284429,      -3.146916124
          0,           0,        3308,      -8.608207123,      -5.828962283,      -5.729757985,      -3.148395079
          0,           0,        3309,      -8.609685978,       -5.83044263,      -5.731231571,      -3.149874084
          0,           0,        3310,      -8.611164878,      -5.831922931,      -5.732705187,      -3.151353131
          0,           0,        3311,      -8.612643815,       -5.83340317,      -5.734178833,       -3.15283221
          0,           0,        3312,      -8.614122778,      -5.834883342,      -5.735652509,      -3.154311311
          0,           0,        3313,      -8.615601762,      -5.836363438,      -5.737126214,      -3.155790426
          0,           0,        3314,      -8.617080756,      -5.837843444,      -5.738599948,      -3.157269548
          0,           0,        3315,      -8.618559753,      -5.839323354,      -5.740073711,      -3.158748669
          0,           0,        3316,      -8.620038744,      -5.840803159,      -5.741547503,      -3.160227777
          0,           0,        3317,      -8.621517723,      -5.842282848,      -5.743021322,      -3.161706868
          0,           0,        3318,      -8.622996678,      -5.843762412,       -5.74449517,       -3.16318593
          0,           0,        3319,      -8.624475605,      -5.845241846,      -5.745969043,      -3.164664958
          0,           0,        3320,      -8.625954491,      -5.846721141,      -5.747442943,       -3.16614394
          0,           0,        3321,      -8.627433333,      -5.848200287,      -5.748916868,      -3.167622871
          0,           0,        3322,      -8.628912121,      -5.849679278,      -5.750390819,      -3.169101742
          0,           0,        3323,      -8.630390847,      -5.851158104,      -5.751864794,      -3.170580546
          0,           0,        3324,      -8.631869505,      -5.852636761,      -5.753338793,      -3.172059277
          0,           0,        3325,      -8.633348085,      -5.854115243,      -5.754812814,      -3.173537924
          0,           0,        3326,      -8.634826582,      -5.855593541,      -5.756286858,      -3.175016479
          0,           0,        3327,      -8.636304986,      -5.857071652,      -5.757760923,      -3.176494936
          0,           0,        3328,      -8.637783292,      -5.858549567,      -5.759235008,      -3.177973291
          0,           0,        3329,      -8.639261497,      -5.860027284,      -5.760709115,      -3.179451536
          0,           0,        3330,      -8.640739592,      -5.861504795,      -5.762183238,      -3.180929665
          0,           0,        3331,      -8.642217569,      -5.862982095,      -5.763657381,       -3.18240767
          0,           0,        3332,      -8.643695424,      -5.864459183,      -5.765131539,      -3.183885547
          0,           0,        3333,      -8.645173153,      -5.865936051,      -5.766605715,      -3.185363291
          0,           0,        3334,      -8.646650746,      -5.867412698,      -5.768079906,      -3.186840895
          0,           0,        3335,        -8.6481282,       -5.86888912,       -5.76955411,      -3.188318351
          0,           0,        3336,       -8.64960551,      -5.870365315,      -5.771028327,      -3.189795657
          0,           0,        3337,      -8.651082672,       -5.87184128,      -5.772502557,      -3.191272811
          0,           0,        3338,      -8.652559678,      -5.873317014,      -5.773976798,        -3.1927498
          0,           0,        3339,      -8.654036528,      -5.874792514,      -5.775451048,      -3.194226628
          0,           0,        3340,      -8.655513215,      -5.876267779,      -5.776925308,      -3.195703288
          0,           0,        3341,      -8.656989739,      -5.877742806,      -5.778399576,      -3.197179777
          0,           0,        3342,      -8.658466093,      -5.879217597,      -5.779873851,      -3.198656092
          0,           0,        3343,      -8.659942274,      -5.880692151,      -5.781348131,      -3.200132229
          0,           0,        3344,      -8.661418284,       -5.88216647,      -5.782822417,      -3.201608188
          0,           0,        3345,      -8.662894114,      -5.883640548,      -5.784296706,      -3.203083961
          0,           0,        3346,      -8.664369767,      -5.885114393,      -5.785770998,      -3.204559551
          0,           0,        3347,      -8.665845236,      -5.886588004,      -5.787245292,      -3.206034954
          0,           0,        3348,      -8.667320525,      -5.888061382,      -5.788719586,      -3.207510171
          0,           0,        3349,      -8.668795627,      -5.889534529,       -5.79019388,      -3.208985196
          0,           0,        3350,      -8.670270548,      -5.891007447,      -5.791668172,      -3.210460035
          0,           0,        3351,      -8.671745277,      -5.892480139,      -5.793142462,      -3.211934675
          0,           0,        3352,       -8.67321982,      -5.893952607,      -5.794616749,      -3.213409128
          0,           0,        3353,      -8.674694178,       -5.89542486,       -5.79609103,       -3.21488339
          0,           0,        3354,       -8.67616835,      -5.896896892,      -5.797565308,      -3.216357463
          0,           0,        3355,      -8.677642334,      -5.898368713,      -5.799039578,      -3.217831344
          0,           0,        3356,      -8.679116131,      -5.899840327,      -5.800513841,      -3.219305034
          0,           0,        3357,      -8.680589745,      -5.901311736,      -5.801988096,      -3.220778539
          0,           0,        3358,      -8.682063174,      -5.902782947,      -5.803462341,      -3.222251854
          0,           0,        3359,      -8.683536422,      -5.904253964,      -5.804936576,      -3.223724984
          0,           0,        3360,      -8.685009488,      -5.905724792,      -5.806410801,       -3.22519793
          0,           0,        3361,      -8.686482374,      -5.907195434,      -5.807885014,      -3.226670693
          0,           0,        3362,      -8.687955091,      -5.908665902,      -5.809359215,      -3.228143286
          0,           0,        3363,       -8.68942763,      -5.910136197,      -5.810833401,      -3.229615695
          0,           0,        3364,      -8.690899999,      -5.911606331,      -5.812307573,      -3.231087936
          0,           0,        3365,      -8.692372201,      -5.913076306,      -5.813781731,      -3.232560005
          0,           0,        3366,      -8.693844238,      -5.914546129,      -5.815255873,      -3.234031909
          0,           0,        3367,      -8.695316114,      -5.916015809,      -5.816729999,      -3.235503651
          0,           0,        3368,      -8.696787835,      -5.917485349,      -5.818204108,      -3.236975236
          0,           0,        3369,      -8.698259401,       -5.91895476,      -5.819678199,      -3.238446665
          0,           0,        3370,      -8.699730822,      -5.920424047,      -5.821152271,      -3.239917946
          0,           0,        3371,      -8.701202094,      -5.921893219,      -5.822626326,       -3.24138908
          0,           0,        3372,       -8.70267323,      -5.923362286,       -5.82410036,      -3.242860076
          0,           0,        3373,      -8.704144231,      -5.924831251,      -5.825574375,       -3.24433094
          0,           0,        3374,      -8.705615102,      -5.926300123,       -5.82704837,       -3.24580167
          0,           0,        3375,      -8.707085846,      -5.927768914,      -5.828522344,      -3.247272276
          0,           0,        3376,      -8.708556471,      -5.929237627,      -5.829996296,      -3.248742763
          0,           0,        3377,      -8.710026982,      -5.930706273,      -5.831470227,      -3.250213136
          0,           0,        3378,      -8.711497386,       -5.93217486,      -5.832944137,      -3.251683404
          0,           0,        3379,      -8.712967682,      -5.933643394,      -5.834418025,      -3.253153564
          0,           0,        3380,      -8.714437888,      -5.935111884,      -5.835891891,      -3.254623636
          0,           0,        3381,      -8.715907999,       -5.93658034,      -5.837365732,      -3.256093615
          0,           0,        3382,      -8.717378026,       -5.93804877,      -5.838839552,       -3.25756351
          0,           0,        3383,      -8.718847974,      -5.939517182,      -5.840313349,      -3.259033328
          0,           0,        3384,      -8.720317851,      -5.940985585,      -5.841787122,      -3.260503078
          0,           0,        3385,      -8.721787663,      -5.942453985,      -5.843260874,      -3.261972765
          0,           0,        3386,      -8.723257408,      -5.943922389,      -5.844734602,      -3.263442388
          0,           0,        3387,      -8.724727103,      -5.945390809,      -5.846208306,      -3.264911964
          0,           0,        3388,      -8.726196753,      -5.946859251,      -5.847681987,      -3.266381498
          0,           0,        3389,      -8.727666359,      -5.948327723,      -5.849155646,       -3.26785099
          0,           0,        3390,      -8.729135935,      -5.949796234,      -5.850629281,      -3.269320456
          0,           0,        3391,       -8.73060548,      -5.951264788,      -5.852102894,      -3.270789894
          0,           0,        3392,      -8.732075006,      -5.952733397,      -5.853576484,      -3.272259316
          0,           0,        3393,      -8.733544517,      -5.954202065,      -5.855050052,      -3.273728726
          0,           0,        3394,      -8.735014017,        -5.9556708,      -5.856523597,      -3.275198131
          0,           0,        3395,      -8.736483521,      -5.957139612,       -5.85799712,      -3.276667542
          0,           0,        3396,      -8.737953023,      -5.958608502,      -5.859470622,      -3.278136954
          0,           0,        3397,      -8.739422537,      -5.960077487,      -5.860944102,      -3.279606384
          0,           0,        3398,      -8.740892069,      -5.961546564,      -5.862417563,      -3.281075836
          0,           0,        3399,      -8.742361628,      -5.963015744,      -5.863891002,      -3.282545318
          0,           0,        3400,      -8.743831216,      -5.964485033,      -5.865364421,      -3.284014835
          0,           0,        3401,      -8.745300836,      -5.965954435,       -5.86683782,      -3.285484388
          0,           0,        3402,        -8.7467705,      -5.967423954,      -5.868311201,      -3.286953989
          0,           0,        3403,      -8.748240215,      -5.968893599,      -5.869784563,      -3.288423646
          0,           0,        3404,      -8.749709979,      -5.970363376,      -5.871257907,      -3.289893356
          0,           0,        3405,      -8.751179805,       -5.97183329,      -5.872731232,      -3.291363132
          0,           0,        3406,      -8.752649694,      -5.973303341,      -5.874204541,      -3.292832978
          0,           0,        3407,      -8.754119651,       -5.97477354,      -5.875677833,      -3.294302894
          0,           0,        3408,      -8.755589686,      -5.976243889,      -5.877151109,      -3.295772894
          0,           0,        3409,      -8.757059798,      -5.977714391,      -5.878624371,      -3.297242975
          0,           0,        3410,      -8.758529997,      -5.979185048,      -5.880097619,      -3.298713149
          0,           0,        3411,      -8.760000284,      -5.980655868,      -5.881570853,      -3.300183419
          0,           0,        3412,      -8.761470668,      -5.982126856,      -5.883044073,      -3.301653786
          0,           0,        3413,      -8.762941152,      -5.983598009,      -5.884517281,      -3.303124259
          0,           0,        3414,       -8.76441174,      -5.985069331,      -5.885990477,      -3.304594843
          0,           0,        3415,      -8.765882431,      -5.986540824,      -5.887463662,      -3.306065534
          0,           0,        3416,      -8.767353234,      -5.988012495,      -5.888936838,      -3.307536341
          0,           0,        3417,      -8.768824151,      -5.989484339,      -5.890410004,      -3.309007269
          0,           0,        3418,      -8.770295185,      -5.990956364,      -5.891883161,      -3.310478316
          0,           0,        3419,      -8.771766344,      -5.992428569,      -5.893356311,      -3.311949493
          0,           0,        3420,      -8.773237626,      -5.993900954,      -5.894829454,      -3.313420798
          0,           0,        3421,      -8.774709035,      -5.995373519,      -5.896302591,      -3.314892233
          0,           0,        3422,      -8.776180571,      -5.996846267,      -5.897775721,      -3.316363802
          0,           0,        3423,      -8.777652245,        -5.9983192,      -5.899248847,      -3.317835514
          0,           0,        3424,      -8.779124053,       -5.99979231,       -5.90072197,      -3.319307362
          0,           0,        3425,      -8.780595992,        -6.0012656,      -5.902195089,      -3.320779345
          0,           0,        3426,      -8.782068074,      -6.002739073,      -5.903668208,      -3.322251474
          0,           0,        3427,      -8.783540293,      -6.004212728,      -5.905141322,      -3.323723747
          0,           0,        3428,      -8.785012651,      -6.005686557,      -5.906614438,      -3.325196162
          0,           0,        3429,       -8.78648515,      -6.007160568,      -5.908087553,      -3.326668722
          0,           0,        3430,      -8.787957795,      -6.008634752,       -5.90956067,      -3.328141432
          0,           0,        3431,      -8.789430578,      -6.010109109,      -5.911033789,      -3.329614281
          0,           0,        3432,       -8.79090351,      -6.011583636,       -5.91250691,      -3.331087285
          0,           0,        3433,      -8.792376581,      -6.013058332,      -5.913980034,       -3.33256043
          0,           0,        3434,        -8.7938498,      -6.014533195,      -5.915453162,      -3.334033728
          0,           0,        3435,      -8.795323162,      -6.016008222,      -5.916926296,       -3.33550717
          0,           0,        3436,      -8.796796663,      -6.017483407,      -5.918399434,      -3.336980755
          0,           0,        3437,      -8.798270312,      -6.018958746,      -5.919872581,      -3.338454489
          0,           0,        3438,      -8.799744099,      -6.020434239,      -5.921345732,      -3.339928367
          0,           0,        3439,      -8.801218021,       -6.02190988,      -5.922818892,       -3.34140238
          0,           0,        3440,      -8.802692086,      -6.023385659,       -5.92429206,      -3.342876537
          0,           0,        3441,      -8.804166281,      -6.024861588,      -5.925765238,      -3.344350829
          0,           0,        3442,      -8.805640617,      -6.026337651,      -5.927238425,      -3.345825261
          0,           0,        3443,      -8.807115081,      -6.027813841,      -5.928711623,      -3.347299826
          0,           0,        3444,      -8.808589678,       -6.02929016,      -5.930184831,      -3.348774523
          0,           0,        3445,      -8.810064407,      -6.030766598,      -5.931658052,      -3.350249356
          0,           0,        3446,      -8.811539262,      -6.032243154,      -5.933131285,      -3.351724313
          0,           0,        3447,      -8.813014241,      -6.033719822,      -5.934604528,      -3.353199398
          0,           0,        3448,      -8.814489336,      -6.035196589,      -5.936077787,      -3.354674601
          0,           0,        3449,      -8.815964556,       -6.03667346,      -5.937551059,      -3.356149928
          0,           0,        3450,      -8.817439882,      -6.038150421,      -5.939024344,      -3.357625361
          0,           0,        3451,      -8.818915317,      -6.039627472,      -5.940497644,      -3.359100902
          0,           0,        3452,      -8.820390861,      -6.041104605,      -5.941970959,      -3.360576556
          0,           0,        3453,      -8.821866506,      -6.042581817,      -5.943444289,      -3.362052306
          0,           0,        3454,      -8.823342255,        -6.0440591,      -5.944917636,      -3.363528164
          0,           0,        3455,      -8.824818096,      -6.045536444,      -5.946390998,      -3.365004113
          0,           0,        3456,      -8.826294033,      -6.047013844,      -5.947864377,      -3.366480156
          0,           0,        3457,      -8.827770055,      -6.048491301,      -5.949337772,      -3.367956284
          0,           0,        3458,      -8.829246157,      -6.049968798,      -5.950811184,      -3.369432493
          0,           0,        3459,      -8.830722343,      -6.051446339,      -5.952284614,      -3.370908784
          0,           0,        3460,      -8.832198602,      -6.052923911,       -5.95375806,      -3.372385147
          0,           0,        3461,       -8.83367493,      -6.054401507,      -5.955231524,      -3.373861578
          0,           0,        3462,      -8.835151324,      -6.055879126,      -5.956705005,      -3.375338074
          0,           0,        3463,      -8.836627775,      -6.057356759,      -5.958178505,      -3.376814624
          0,           0,        3464,      -8.838104285,      -6.058834396,      -5.959652022,      -3.378291232
          0,           0,        3465,      -8.839580842,      -6.060312036,      -5.961125557,      -3.379767886
          0,           0,        3466,      -8.841057442,       -6.06178967,      -5.962599109,       -3.38124458
          0,           0,        3467,      -8.842534087,      -6.063267296,       -5.96407268,       -3.38272132
          0,           0,        3468,      -8.844010768,      -6.064744903,      -5.965546269,      -3.384198091
          0,           0,        3469,      -8.845487478,      -6.066222488,      -5.967019875,      -3.385674889
          0,           0,        3470,      -8.846964213,      -6.067700042,      -5.968493499,      -3.387151709
          0,           0,        3471,      -8.848440972,      -6.069177562,      -5.969967142,      -3.388628555
          0,           0,        3472,      -8.849917751,       -6.07065504,      -5.971440801,      -3.390105411
          0,           0,        3473,      -8.851394535,       -6.07213247,      -5.972914477,      -3.391582274
          0,           0,        3474,      -8.852871326,      -6.073609848,       -5.97438817,      -3.393059138
          0,           0,        3475,       -8.85434812,      -6.075087169,       -5.97586188,      -3.394536004
          0,           0,        3476,      -8.855824905,      -6.076564428,      -5.977335607,      -3.396012858
          0,           0,        3477,      -8.857301685,      -6.078041614,      -5.978809351,      -3.397489701
          0,           0,        3478,       -8.85877845,      -6.079518733,       -5.98028311,       -3.39896653
          0,           0,        3479,      -8.860255195,      -6.080995772,      -5.981756885,      -3.400443335
          0,           0,        3480,      -8.861731918,      -6.082472727,      -5.983230676,      -3.401920114
          0,           0,        3481,      -8.863208614,      -6.083949594,      -5.984704481,      -3.403396865
          0,           0,        3482,      -8.864685277,      -6.085426371,      -5.986178302,      -3.404873575
          0,           0,        3483,      -8.866161905,      -6.086903048,      -5.987652137,      -3.406350249
          0,           0,        3484,      -8.867638494,      -6.088379625,      -5.989125986,      -3.407826879
          0,           0,        3485,      -8.869115034,      -6.089856099,      -5.990599848,      -3.409303457
          0,           0,        3486,      -8.870591525,      -6.091332464,      -5.992073724,      -3.410779984
          0,           0,        3487,      -8.872067958,      -6.092808716,      -5.993547611,      -3.412256448
          0,           0,        3488,      -8.873544337,      -6.094284854,       -5.99502151,      -3.413732855
          0,           0,        3489,      -8.875020651,      -6.095760876,       -5.99649542,      -3.415209192
          0,           0,        3490,      -8.876496903,      -6.097236778,      -5.997969344,      -3.416685463
          0,           0,        3491,      -8.877973083,      -6.098712553,      -5.999443277,      -3.418161659
          0,           0,        3492,      -8.879449193,      -6.100188202,       -6.00091722,      -3.419637781
          0,           0,        3493,      -8.880925226,      -6.101663725,      -6.002391172,      -3.421113823
          0,           0,        3494,      -8.882401181,      -6.103139114,      -6.003865132,      -3.422589783
          0,           0,        3495,      -8.883877051,      -6.104614371,      -6.005339102,      -3.424065654
          0,           0,        3496,      -8.885352838,      -6.106089494,       -6.00681308,      -3.425541439
          0,           0,        3497,      -8.886828542,      -6.107564481,      -6.008287064,      -3.427017135
          0,           0,        3498,      -8.888304147,      -6.109039331,      -6.009761053,      -3.428492732
          0,           0,        3499,      -8.889779666,      -6.110514045,       -6.01123505,      -3.429968237
          0,           0,        3500,      -8.891255083,      -6.111988616,      -6.012709052,      -3.431443637
          0,           0,        3501,      -8.892730403,      -6.113463053,      -6.014183058,      -3.432918938
          0,           0,        3502,      -8.894205626,      -6.114937351,      -6.015657067,      -3.434394136
          0,           0,        3503,      -8.895680744,      -6.116411506,      -6.017131082,      -3.435869227
          0,           0,        3504,      -8.897155762,      -6.117885524,      -6.018605097,      -3.437344214
          0,           0,        3505,      -8.898630674,        -6.1193594,      -6.020079118,      -3.438819094
          0,           0,        3506,      -8.900105485,      -6.120833139,      -6.021553137,      -3.440293868
          0,           0,        3507,      -8.901580184,      -6.122306739,      -6.023027158,      -3.441768527
          0,           0,        3508,      -8.903054777,        -6.1237802,      -6.024501179,      -3.443243077
          0,           0,        3509,      -8.904529258,      -6.125253527,        -6.0259752,      -3.444717514
          0,           0,        3510,       -8.90600363,      -6.126726719,      -6.027449219,      -3.446191835
          0,           0,        3511,      -8.907477894,      -6.128199782,      -6.028923239,      -3.447666047
          0,           0,        3512,      -8.908952048,      -6.129672713,      -6.030397256,      -3.449140148
          0,           0,        3513,      -8.910426092,      -6.131145512,      -6.031871273,      -3.450614138
          0,           0,        3514,      -8.911900027,      -6.132618189,      -6.033345281,      -3.452088011
          0,           0,        3515,      -8.913373851,      -6.134090731,       -6.03481929,      -3.453561775
          0,           0,        3516,      -8.914847566,      -6.135563158,      -6.036293292,      -3.455035427
          0,           0,        3517,      -8.916321172,      -6.137035462,      -6.037767289,      -3.456508966
          0,           0,        3518,      -8.917794671,      -6.138507651,      -6.039241281,      -3.457982397
          0,           0,        3519,      -8.919268067,       -6.13997973,      -6.040715266,      -3.459455724
          0,           0,        3520,      -8.920741352,      -6.141451693,      -6.042189247,      -3.460928936
          0,           0,        3521,      -8.922214527,       -6.14292355,      -6.043663221,       -3.46240204
          0,           0,        3522,      -8.923687606,      -6.144395306,      -6.045137183,      -3.463875046
          0,           0,        3523,      -8.925160576,      -6.145866961,      -6.046611141,       -3.46534794
          0,           0,        3524,      -8.926633447,      -6.147338519,      -6.048085091,      -3.466820735
          0,           0,        3525,      -8.928106226,      -6.148809985,       -6.04955903,      -3.468293436
          0,           0,        3526,      -8.929578905,      -6.150281363,      -6.051032961,      -3.469766033
          0,           0,        3527,      -8.931051488,      -6.151752649,      -6.052506882,       -3.47123854
          0,           0,        3528,      -8.932523981,       -6.15322386,      -6.053980793,      -3.472710951
          0,           0,        3529,      -8.933996385,      -6.154694996,      -6.055454694,      -3.474183275
          0,           0,        3530,      -8.935468701,       -6.15616606,      -6.056928583,      -3.475655507
          0,           0,        3531,      -8.936940929,      -6.157637056,      -6.058402462,      -3.477127655
          0,           0,        3532,      -8.938413082,       -6.15910799,       -6.05987633,      -3.478599725
          0,           0,        3533,      -8.939885154,      -6.160578864,      -6.061350187,      -3.480071717
          0,           0,        3534,      -8.941357147,      -6.162049687,      -6.062824029,      -3.481543628
          0,           0,        3535,      -8.942829067,      -6.163520458,       -6.06429786,      -3.483015466
          0,           0,        3536,      -8.944300917,      -6.164991185,      -6.065771678,      -3.484487234
          0,           0,        3537,        -8.9457727,      -6.166461872,      -6.067245486,      -3.485958939
          0,           0,        3538,      -8.947244423,      -6.167932528,      -6.068719277,      -3.487430578
          0,           0,        3539,      -8.948716082,      -6.169403151,      -6.070193057,       -3.48890216
          0,           0,        3540,      -8.950187685,      -6.170873756,      -6.071666825,      -3.490373685
          0,           0,        3541,      -8.951659234,      -6.172344333,       -6.07314058,      -3.491845153
          0,           0,        3542,      -8.953130741,      -6.173814897,      -6.074614319,      -3.493316583
          0,           0,        3543,      -8.954602194,      -6.175285455,      -6.076088045,      -3.494787962
          0,           0,        3544,      -8.956073606,      -6.176756008,      -6.077561757,        -3.4962593
          0,           0,        3545,      -8.957544982,      -6.178226557,      -6.079035456,        -3.4977306
          0,           0,        3546,      -8.959016322,       -6.17969711,      -6.080509143,      -3.499201871
          0,           0,        3547,      -8.960487631,      -6.181167673,      -6.081982815,      -3.500673111
          0,           0,        3548,       -8.96195891,      -6.182638251,      -6.083456474,       -3.50214432
          0,           0,        3549,      -8.963430169,      -6.184108843,      -6.084930118,      -3.503615513
          0,           0,        3550,      -8.964901406,      -6.185579459,       -6.08640375,      -3.505086684
          0,           0,        3551,      -8.966372629,      -6.187050104,      -6.087877367,      -3.506557842
          0,           0,        3552,      -8.967843838,      -6.188520779,      -6.089350971,      -3.508028994
          0,           0,        3553,      -8.969315043,      -6.189991493,      -6.090824564,      -3.509500139
          0,           0,        3554,      -8.970786243,      -6.191462247,      -6.092298142,      -3.510971282
          0,           0,        3555,      -8.972257439,      -6.192933044,      -6.093771708,      -3.512442423
          0,           0,        3556,      -8.973728642,      -6.194403886,      -6.095245261,      -3.513913575
          0,           0,        3557,      -8.975199848,      -6.195874786,      -6.096718801,      -3.515384731
          0,           0,        3558,      -8.976671065,      -6.197345741,      -6.098192327,      -3.516855901
          0,           0,        3559,        -8.9781423,       -6.19881676,      -6.099665843,      -3.518327088
          0,           0,        3560,      -8.979613548,       -6.20028784,      -6.101139348,      -3.519798297
          0,           0,        3561,      -8.981084816,      -6.201758986,      -6.102612842,      -3.521269524
          0,           0,        3562,      -8.982556113,      -6.203230206,      -6.104086325,      -3.522740788
          0,           0,        3563,      -8.984027444,      -6.204701499,      -6.105559793,      -3.524212082
          0,           0,        3564,      -8.985498802,      -6.206172874,      -6.107033251,       -3.52568341
          0,           0,        3565,      -8.986970193,      -6.207644323,      -6.108506702,       -3.52715477
          0,           0,        3566,      -8.988441625,      -6.209115858,      -6.109980142,      -3.528626175
          0,           0,        3567,      -8.989913103,      -6.210587475,      -6.111453572,      -3.530097631
          0,           0,        3568,      -8.991384623,      -6.212059183,      -6.112926992,      -3.531569133
          0,           0,        3569,      -8.992856184,      -6.213530985,      -6.114400403,      -3.533040675
          0,           0,        3570,      -8.994327797,      -6.215002876,      -6.115873807,      -3.534512274
          0,           0,        3571,      -8.995799469,      -6.216474866,      -6.117347202,      -3.535983935
          0,           0,        3572,      -8.997271193,       -6.21794695,      -6.118820589,      -3.537455654
          0,           0,        3573,      -8.998742981,      -6.219419134,      -6.120293971,      -3.538927436
          0,           0,        3574,      -9.000214825,      -6.220891419,      -6.121767345,      -3.540399275
          0,           0,        3575,      -9.001686737,      -6.222363802,      -6.123240711,      -3.541871188
          0,           0,        3576,      -9.003158711,      -6.223836287,      -6.124714072,      -3.543343164
          0,           0,        3577,      -9.004630752,      -6.225308883,      -6.126187428,       -3.54481521
          0,           0,        3578,      -9.006102863,      -6.226781585,      -6.127660778,       -3.54628733
          0,           0,        3579,      -9.007575044,      -6.228254386,      -6.129134126,      -3.547759524
          0,           0,        3580,      -9.009047304,      -6.229727295,      -6.130607468,      -3.549231795
          0,           0,        3581,      -9.010519633,      -6.231200312,      -6.132080806,      -3.550704139
          0,           0,        3582,      -9.011992036,      -6.232673439,      -6.133554141,      -3.552176562
          0,           0,        3583,       -9.01346452,      -6.234146673,      -6.135027475,      -3.553649069
          0,           0,        3584,      -9.014937086,      -6.235620012,      -6.136500808,      -3.555121661
          0,           0,        3585,      -9.016409738,      -6.237093458,      -6.137974135,      -3.556594341
          0,           0,        3586,      -9.017882466,      -6.238567008,      -6.139447464,      -3.558067094
          0,           0,        3587,      -9.019355277,      -6.240040668,       -6.14092079,      -3.559539935
          0,           0,        3588,      -9.020828172,      -6.241514426,      -6.142394118,      -3.561012867
          0,           0,        3589,      -9.022301143,      -6.242988291,      -6.143867444,      -3.562485873
          0,           0,        3590,        -9.0237742,      -6.244462261,      -6.145340773,      -3.563958971
          0,           0,        3591,      -9.025247348,      -6.245936336,      -6.146814102,      -3.565432157
          0,           0,        3592,      -9.026720572,      -6.247410506,      -6.148287432,      -3.566905423
          0,           0,        3593,      -9.028193891,      -6.248884781,      -6.149760765,      -3.568378786
          0,           0,        3594,      -9.029667287,      -6.250359151,        -6.1512341,      -3.569852229
          0,           0,        3595,      -9.031140765,      -6.251833613,       -6.15270744,      -3.571325756
          0,           0,        3596,      -9.032614331,      -6.253308168,      -6.154180783,      -3.572799372
          0,           0,        3597,      -9.034087986,      -6.254782821,      -6.155654127,      -3.574273077
          0,           0,        3598,      -9.035561722,      -6.256257559,      -6.157127474,      -3.575746861
          0,           0,        3599,      -9.037035536,      -6.257732383,       -6.15860083,      -3.577220729
          0,           0,        3600,       -9.03850944,      -6.259207294,      -6.160074187,      -3.578694693
          0,           0,        3601,      -9.039983412,      -6.260682288,      -6.161547552,      -3.580168719
          0,           0,        3602,      -9.041457471,       -6.26215736,      -6.163020923,      -3.581642839
          0,           0,        3603,      -9.042931599,      -6.263632508,      -6.164494299,      -3.583117024
          0,           0,        3604,      -9.044405808,      -6.265107733,      -6.165967683,      -3.584591291
          0,           0,        3605,      -9.045880096,      -6.266583032,      -6.167441073,      -3.586065641
          0,           0,        3606,      -9.047354455,      -6.268058396,      -6.168914471,      -3.587540064
          0,           0,        3607,      -9.048828888,      -6.269533823,      -6.170387872,      -3.589014558
          0,           0,        3608,      -9.050303391,      -6.271009312,      -6.171861286,      -3.590489123
          0,           0,        3609,      -9.051777962,      -6.272484855,      -6.173334707,      -3.591963758
          0,           0,        3610,      -9.053252602,      -6.273960457,      -6.174808136,      -3.593438461
          0,           0,        3611,      -9.054727305,      -6.275436111,      -6.176281571,      -3.594913225
          0,           0,        3612,      -9.056202067,      -6.276911809,       -6.17775502,       -3.59638805
          0,           0,        3613,      -9.057676892,      -6.278387558,      -6.179228474,      -3.597862938
          0,           0,        3614,      -9.059151779,      -6.279863342,       -6.18070194,      -3.599337892
          0,           0,        3615,      -9.060626729,      -6.281339161,      -6.182175413,      -3.600812903
          0,           0,        3616,      -9.062101723,      -6.282815021,      -6.183648896,      -3.602287959
          0,           0,        3617,      -9.063576772,      -6.284290905,       -6.18512239,      -3.603763073
          0,           0,        3618,      -9.065051865,      -6.285766817,      -6.186595892,      -3.605238224
          0,           0,        3619,      -9.066527001,      -6.287242754,      -6.188069404,      -3.606713424
          0,           0,        3620,      -9.068002181,      -6.288718706,      -6.189542928,      -3.608188667
          0,           0,        3621,      -9.069477408,      -6.290194676,      -6.191016464,      -3.609663955
          0,           0,        3622,      -9.070952674,      -6.291670664,      -6.192490005,      -3.611139278
          0,           0,        3623,       -9.07242796,      -6.293146651,      -6.193963561,      -3.612614628
          0,           0,        3624,      -9.073903296,      -6.294622644,      -6.195437127,       -3.61409002
          0,           0,        3625,      -9.075378658,      -6.296098633,      -6.196910703,       -3.61556544
          0,           0,        3626,      -9.076854046,      -6.297574618,       -6.19838429,       -3.61704088
          0,           0,        3627,      -9.078329458,      -6.299050604,      -6.199857884,      -3.618516348
          0,           0,        3628,       -9.07980489,      -6.300526575,      -6.201331492,      -3.619991832
          0,           0,        3629,      -9.081280334,      -6.302002531,       -6.20280511,      -3.621467329
          0,           0,        3630,       -9.08275579,      -6.303478468,      -6.204278739,      -3.622942835
          0,           0,        3631,      -9.084231271,       -6.30495439,      -6.205752378,      -3.624418363
          0,           0,        3632,      -9.085706756,      -6.306430283,      -6.207226025,      -3.625893895
          0,           0,        3633,       -9.08718224,      -6.307906148,      -6.208699683,      -3.627369423
          0,           0,        3634,      -9.088657733,      -6.309381981,      -6.210173351,      -3.628844962
          0,           0,        3635,       -9.09013322,      -6.310857782,      -6.211647029,      -3.630320492
          0,           0,        3636,      -9.091608705,      -6.312333549,      -6.213120718,      -3.631796018
          0,           0,        3637,      -9.093084188,      -6.313809264,      -6.214594417,      -3.633271538
          0,           0,        3638,      -9.094559667,      -6.315284947,      -6.216068127,      -3.634747056
          0,           0,        3639,       -9.09603513,      -6.316760574,      -6.217541843,       -3.63622255
          0,           0,        3640,      -9.097510585,      -6.318236159,      -6.219015568,      -3.637698039
          0,           0,        3641,      -9.098986026,       -6.31971169,      -6.220489304,       -3.63917351
          0,           0,        3642,      -9.100461443,      -6.321187158,      -6.221963047,      -3.640648956
          0,           0,        3643,      -9.101936835,      -6.322662574,      -6.223436796,      -3.642124374
          0,           0,        3644,      -9.103412199,      -6.324137935,      -6.224910555,      -3.643599762
          0,           0,        3645,      -9.104887531,      -6.325613231,      -6.226384324,      -3.645075121
          0,           0,        3646,      -9.106362838,      -6.327088466,        -6.2278581,      -3.646550445
          0,           0,        3647,      -9.107838118,      -6.328563634,      -6.229331883,      -3.648025744
          0,           0,        3648,      -9.109313358,      -6.330038732,      -6.230805675,      -3.649500997
          0,           0,        3649,      -9.110788569,      -6.331513762,      -6.232279472,      -3.650976224
          0,           0,        3650,      -9.112263737,      -6.332988718,      -6.233753275,      -3.652451405
          0,           0,        3651,      -9.113738876,      -6.334463603,      -6.235227083,       -3.65392655
          0,           0,        3652,      -9.115213962,      -6.335938412,      -6.236700899,      -3.655401645
          0,           0,        3653,      -9.116689009,      -6.337413144,      -6.238174717,      -3.656876696
          0,           0,        3654,         -9.118164,      -6.338887802,      -6.239648543,      -3.658351689
          0,           0,        3655,      -9.119638937,      -6.340362379,      -6.241122373,      -3.659826629
          0,           0,        3656,      -9.121113838,      -6.341836884,      -6.242596208,      -3.661301527
          0,           0,        3657,       -9.12258867,      -6.343311296,      -6.244070047,      -3.662776353
          0,           0,        3658,      -9.124063464,      -6.344785637,       -6.24554389,      -3.664251139
          0,           0,        3659,       -9.12553819,      -6.346259894,      -6.247017736,      -3.665725858
          0,           0,        3660,      -9.127012872,      -6.347734069,      -6.248491585,      -3.667200529
          0,           0,        3661,      -9.128487481,      -6.349208165,      -6.249965439,      -3.668675127
          0,           0,        3662,      -9.129962041,      -6.350682174,      -6.251439294,      -3.670149675
          0,           0,        3663,      -9.131436546,      -6.352156109,      -6.252913148,      -3.671624162
          0,           0,        3664,      -9.132910978,      -6.353629952,      -6.254387008,      -3.673098576
          0,           0,        3665,      -9.134385365,      -6.355103715,      -6.255860867,      -3.674572946
          0,           0,        3666,       -9.13585968,      -6.356577395,      -6.257334726,      -3.676047237
          0,           0,        3667,      -9.137333929,      -6.358050993,      -6.258808587,      -3.677521461
          0,           0,        3668,       -9.13880812,      -6.359524515,      -6.260282448,      -3.678995626
          0,           0,        3669,      -9.140282248,      -6.360997959,      -6.261756309,       -3.68046973
          0,           0,        3670,      -9.141756303,      -6.362471317,      -6.263230169,      -3.681943754
          0,           0,        3671,      -9.143230295,      -6.363944615,      -6.264704025,      -3.683417716
          0,           0,        3672,      -9.144704223,      -6.365417814,      -6.266177883,      -3.684891611
          0,           0,        3673,      -9.146178088,      -6.366890947,      -6.267651741,      -3.686365444
          0,           0,        3674,      -9.147651887,         -6.368364,      -6.269125593,      -3.687839208
          0,           0,        3675,      -9.149125624,      -6.369836987,      -6.270599446,      -3.689312909
          0,           0,        3676,      -9.150599299,      -6.371309901,      -6.272073296,      -3.690786547
          0,           0,        3677,       -9.15207291,      -6.372782741,      -6.273547144,      -3.692260119
          0,           0,        3678,      -9.153546449,       -6.37425551,      -6.275020988,      -3.693733621
          0,           0,        3679,       -9.15501993,      -6.375728218,      -6.276494827,      -3.695207055
          0,           0,        3680,      -9.156493353,      -6.377200852,      -6.277968661,       -3.69668044
          0,           0,        3681,       -9.15796671,      -6.378673433,      -6.279442492,      -3.698153752
          0,           0,        3682,      -9.159439998,      -6.380145948,      -6.280916322,      -3.699626997
          0,           0,        3683,      -9.160913238,      -6.381618409,      -6.282390144,      -3.701100187
          0,           0,        3684,      -9.162386413,      -6.383090813,      -6.283863959,      -3.702573319
          0,           0,        3685,      -9.163859532,      -6.384563164,      -6.285337771,      -3.704046391
          0,           0,        3686,      -9.165332599,      -6.386035455,      -6.286811576,      -3.705519413
          0,           0,        3687,      -9.166805602,      -6.387507701,       -6.28828538,       -3.70699237
          0,           0,        3688,      -9.168278562,      -6.388979903,      -6.289759175,      -3.708465281
          0,           0,        3689,       -9.16975146,      -6.390452055,      -6.291232964,      -3.709938133
          0,           0,        3690,       -9.17122432,      -6.391924169,      -6.292706745,      -3.711410944
          0,           0,        3691,      -9.172697109,      -6.393396238,      -6.294180522,      -3.712883687
          0,           0,        3692,      -9.174169865,      -6.394868282,      -6.295654286,       -3.71435639
          0,           0,        3693,      -9.175642568,      -6.396340281,      -6.297128051,      -3.715829047
          0,           0,        3694,      -9.177115229,      -6.397812258,      -6.298601806,       -3.71730166
          0,           0,        3695,      -9.178587836,      -6.399284198,      -6.300075555,      -3.718774217
          0,           0,        3696,      -9.180060415,      -6.400756116,      -6.301549295,      -3.720246753
          0,           0,        3697,      -9.181532959,      -6.402228014,      -6.303023026,      -3.721719248
          0,           0,        3698,      -9.183005452,       -6.40369989,      -6.304496752,      -3.723191693
          0,           0,        3699,      -9.184477923,      -6.405171744,       -6.30597047,      -3.724664115
          0,           0,        3700,      -9.185950361,      -6.406643589,      -6.307444179,      -3.726136508
          0,           0,        3701,      -9.187422759,      -6.408115418,       -6.30891788,      -3.727608865
          0,           0,        3702,       -9.18889513,      -6.409587247,      -6.310391578,      -3.729081187
          0,           0,        3703,      -9.190367476,      -6.411059062,      -6.311865258,      -3.730553491
          0,           0,        3704,      -9.191839787,       -6.41253088,      -6.313338939,      -3.732025757
          0,           0,        3705,      -9.193312091,      -6.414002695,      -6.314812608,      -3.733498019
          0,           0,        3706,      -9.194784367,      -6.415474511,      -6.316286271,      -3.734970255
          0,           0,        3707,      -9.196256626,      -6.416946333,      -6.317759927,       -3.73644247
          0,           0,        3708,      -9.197728874,      -6.418418164,       -6.31923357,      -3.737914675
          0,           0,        3709,      -9.199201102,      -6.419890009,       -6.32070721,      -3.739386864
          0,           0,        3710,      -9.200673324,      -6.421361869,      -6.322180838,      -3.740859048
          0,           0,        3711,       -9.20214554,      -6.422833744,      -6.323654463,      -3.742331224
          0,           0,        3712,      -9.203617752,      -6.424305634,      -6.325128077,      -3.743803399
          0,           0,        3713,      -9.205089952,      -6.425777554,      -6.326601681,      -3.745275569
          0,           0,        3714,      -9.206562147,      -6.427249482,      -6.328075279,      -3.746747732
          0,           0,        3715,       -9.20803435,      -6.428721451,      -6.329548869,      -3.748219899
          0,           0,        3716,      -9.209506541,      -6.430193451,      -6.331022453,      -3.749692059
          0,           0,        3717,      -9.210978742,      -6.431665474,       -6.33249603,      -3.751164231
          0,           0,        3718,      -9.212450955,      -6.433137539,      -6.333969598,      -3.752636418
          0,           0,        3719,      -9.213923167,      -6.434609631,      -6.335443163,      -3.754108606
          0,           0,        3720,      -9.215395402,      -6.436081767,      -6.336916715,      -3.755580818
          0,           0,        3721,      -9.216867646,      -6.437553931,      -6.338390266,      -3.757053038
          0,           0,        3722,      -9.218339906,      -6.439026155,      -6.339863808,      -3.758525279
          0,           0,        3723,      -9.219812177,      -6.440498414,       -6.34133734,       -3.75999753
          0,           0,        3724,      -9.221284473,      -6.441970721,       -6.34281087,       -3.76146981
          0,           0,        3725,      -9.222756791,      -6.443443069,      -6.344284391,       -3.76294211
          0,           0,        3726,      -9.224229131,       -6.44491547,      -6.345757908,      -3.764414435
          0,           0,        3727,      -9.225701491,      -6.446387922,      -6.347231422,      -3.765886779
          0,           0,        3728,      -9.227173868,      -6.447860427,      -6.348704927,      -3.767359149
          0,           0,        3729,       -9.22864629,      -6.449332996,      -6.350178427,      -3.768831558
          0,           0,        3730,      -9.230118737,      -6.450805605,      -6.351651923,      -3.770303999
          0,           0,        3731,       -9.23159122,      -6.452278278,      -6.353125415,      -3.771776476
          0,           0,        3732,      -9.233063732,      -6.453751008,      -6.354598901,      -3.773248984
          0,           0,        3733,      -9.234536287,       -6.45522378,      -6.356072385,      -3.774721538
          0,           0,        3734,      -9.236008871,      -6.456696635,      -6.357545863,      -3.776194116
          0,           0,        3735,      -9.237481487,      -6.458169531,      -6.359019338,      -3.777666735
          0,           0,        3736,      -9.238954147,      -6.459642496,      -6.360492811,      -3.779139395
          0,           0,        3737,      -9.240426838,      -6.461115525,      -6.361966277,      -3.780612088
          0,           0,        3738,      -9.241899583,      -6.462588615,      -6.363439741,      -3.782084839
          0,           0,        3739,      -9.243372365,       -6.46406177,      -6.364913205,      -3.783557627
          0,           0,        3740,      -9.244845192,      -6.465534985,       -6.36638667,      -3.785030458
          0,           0,        3741,      -9.246318072,      -6.467008265,      -6.367860126,      -3.786503353
          0,           0,        3742,       -9.24779099,      -6.468481604,      -6.369333583,      -3.787976283
          0,           0,        3743,       -9.24926396,      -6.469955009,      -6.370807038,      -3.789449264
          0,           0,        3744,       -9.25073697,       -6.47142847,       -6.37228049,      -3.790922288
          0,           0,        3745,      -9.252210024,      -6.472902002,      -6.373753943,      -3.792395359
          0,           0,        3746,      -9.253683129,        -6.4743756,      -6.375227392,      -3.793868476
          0,           0,        3747,       -9.25515628,      -6.475849255,      -6.376700846,      -3.795341645
          0,           0,        3748,      -9.256629489,      -6.477322962,      -6.378174302,      -3.796814882
          0,           0,        3749,      -9.258102744,      -6.478796747,       -6.37964775,      -3.798288153
          0,           0,        3750,      -9.259576043,      -6.480270587,      -6.381121203,      -3.799761475
          0,           0,        3751,        -9.2610494,      -6.481744492,      -6.382594656,      -3.801234855
          0,           0,        3752,      -9.262522799,      -6.483218453,      -6.384068108,       -3.80270828
          0,           0,        3753,      -9.263996238,      -6.484692463,      -6.385541566,      -3.804181746
          0,           0,        3754,      -9.265469739,       -6.48616654,       -6.38701502,      -3.805655278
          0,           0,        3755,      -9.266943301,      -6.487640665,      -6.388488479,      -3.807128863
          0,           0,        3756,      -9.268416889,      -6.489114842,       -6.38996194,      -3.808602482
          0,           0,        3757,      -9.269890536,      -6.490589078,      -6.391435405,      -3.810076159
          0,           0,        3758,      -9.271364236,      -6.492063372,      -6.392908866,      -3.811549888
          0,           0,        3759,      -9.272837971,      -6.493537707,      -6.394382336,      -3.813023653
          0,           0,        3760,      -9.274311761,      -6.495012103,      -6.395855808,      -3.814497479
          0,           0,        3761,      -9.275785596,      -6.496486539,      -6.397329283,      -3.815971349
          0,           0,        3762,      -9.277259479,      -6.497961029,      -6.398802761,      -3.817445264
          0,           0,        3763,      -9.278733419,      -6.499435561,      -6.400276243,      -3.818919239
          0,           0,        3764,      -9.280207391,      -6.500910126,      -6.401749729,      -3.820393247
          0,           0,        3765,      -9.281681421,      -6.502384746,      -6.403223219,       -3.82186731
          0,           0,        3766,      -9.283155501,      -6.503859412,      -6.404696712,       -3.82334143
          0,           0,        3767,       -9.28462961,      -6.505334099,      -6.406170207,      -3.824815575
          0,           0,        3768,      -9.286103754,      -6.506808826,      -6.407643715,      -3.826289756
          0,           0,        3769,      -9.287577954,      -6.508283587,      -6.409117219,      -3.827763994
          0,           0,        3770,      -9.289052176,      -6.509758382,      -6.410590729,      -3.829238255
          0,           0,        3771,      -9.290526439,      -6.511233214,      -6.412064245,       -3.83071255
          0,           0,        3772,      -9.292000742,      -6.512708069,      -6.413537769,      -3.832186896
          0,           0,        3773,      -9.293475083,      -6.514182948,      -6.415011299,      -3.833661271
          0,           0,        3774,      -9.294949454,      -6.515657854,      -6.416484833,      -3.835135682
          0,           0,        3775,      -9.296423862,      -6.517132785,      -6.417958372,      -3.836610128
          0,           0,        3776,      -9.297898305,      -6.518607728,      -6.419431917,      -3.838084607
          0,           0,        3777,      -9.299372778,      -6.520082683,      -6.420905467,      -3.839559124
          0,           0,        3778,      -9.300847278,      -6.521557651,      -6.422379023,      -3.841033655
          0,           0,        3779,      -9.302321802,      -6.523032644,      -6.423852586,      -3.842508216
          0,           0,        3780,      -9.303796344,      -6.524507642,      -6.425326151,      -3.843982789
          0,           0,        3781,      -9.305270915,      -6.525982653,      -6.426799724,      -3.845457395
          0,           0,        3782,      -9.306745504,      -6.527457669,      -6.428273306,      -3.846932019
          0,           0,        3783,      -9.308220109,      -6.528932694,      -6.429746893,      -3.848406654
          0,           0,        3784,      -9.309694743,      -6.530407719,      -6.431220486,      -3.849881322
          0,           0,        3785,      -9.311169394,      -6.531882745,      -6.432694084,      -3.851356011
          0,           0,        3786,       -9.31264407,      -6.533357757,       -6.43416769,      -3.852830725
          0,           0,        3787,      -9.314118753,      -6.534832773,      -6.435641303,      -3.854305433
          0,           0,        3788,      -9.315593446,      -6.536307772,      -6.437114919,      -3.855780162
          0,           0,        3789,      -9.317068148,      -6.537782778,       -6.43858854,      -3.857254891
          0,           0,        3790,      -9.318542854,      -6.539257764,      -6.440062172,      -3.858729634
          0,           0,        3791,      -9.320017568,      -6.540732735,      -6.441535807,      -3.860204372
          0,           0,        3792,      -9.321492292,      -6.542207701,       -6.44300945,       -3.86167912
          0,           0,        3793,      -9.322967023,      -6.543682646,      -6.444483098,       -3.86315388
          0,           0,        3794,      -9.324441749,       -6.54515758,      -6.445956752,      -3.864628629
          0,           0,        3795,      -9.325916477,       -6.54663247,      -6.447430408,      -3.866103381
          0,           0,        3796,      -9.327391197,      -6.548107359,      -6.448904074,      -3.867578124
          0,           0,        3797,      -9.328865914,      -6.549582216,       -6.45037775,      -3.869052865
          0,           0,        3798,       -9.33034064,      -6.551057051,       -6.45185142,      -3.870527613
          0,           0,        3799,      -9.331815342,       -6.55253186,      -6.453325104,      -3.872002339
          0,           0,        3800,      -9.333290044,       -6.55400664,       -6.45479879,      -3.873477053
          0,           0,        3801,      -9.334764734,      -6.555481381,      -6.456272484,      -3.874951766
          0,           0,        3802,      -9.336239422,      -6.556956091,      -6.457746185,      -3.876426473
          0,           0,        3803,       -9.33771408,      -6.558430764,      -6.459219887,      -3.877901145
          0,           0,        3804,      -9.339188734,       -6.55990541,      -6.460693594,      -3.879375813
          0,           0,        3805,      -9.340663365,      -6.561380016,      -6.462167303,      -3.880850456
          0,           0,        3806,      -9.342137978,      -6.562854596,      -6.463641017,       -3.88232508
          0,           0,        3807,      -9.343612591,      -6.564329124,      -6.465114737,      -3.883799704
          0,           0,        3808,      -9.345087169,      -6.565803609,      -6.466588466,      -3.885274292
          0,           0,        3809,       -9.34656172,      -6.567278065,      -6.468062196,      -3.886748854
          0,           0,        3810,      -9.348036265,      -6.568752458,      -6.469535928,      -3.888223404
          0,           0,        3811,      -9.349510764,      -6.570226825,      -6.471009665,       -3.88969791
          0,           0,        3812,      -9.350985249,      -6.571701148,      -6.472483399,      -3.891172394
          0,           0,        3813,      -9.352459703,      -6.573175431,      -6.473957141,      -3.892646856
          0,           0,        3814,      -9.353934117,      -6.574649656,      -6.475430893,      -3.894121271
          0,           0,        3815,      -9.355408531,      -6.576123838,      -6.476904639,      -3.895595691
          0,           0,        3816,      -9.356882902,      -6.577597974,      -6.478378394,      -3.897070055
          0,           0,        3817,      -9.358357259,      -6.579072063,      -6.479852143,      -3.898544407
          0,           0,        3818,      -9.359831564,      -6.580546101,      -6.481325901,       -3.90001871
          0,           0,        3819,      -9.361305824,      -6.582020091,      -6.482799656,      -3.901492963
          0,           0,        3820,      -9.362780069,       -6.58349403,      -6.484273419,      -3.902967204
          0,           0,        3821,      -9.364254278,      -6.584967929,      -6.485747176,      -3.904441404
          0,           0,        3822,      -9.365728437,      -6.586441778,       -6.48722094,      -3.905915554
          0,           0,        3823,      -9.367202584,      -6.587915572,      -6.488694705,      -3.907389691
          0,           0,        3824,      -9.368676679,      -6.589389327,      -6.490168471,      -3.908863774
          0,           0,        3825,      -9.370150765,       -6.59086303,      -6.491642238,      -3.910337846
          0,           0,        3826,      -9.371624795,      -6.592336693,      -6.493116001,       -3.91181186
          0,           0,        3827,      -9.373098796,      -6.593810305,      -6.494589767,      -3.913285853
          0,           0,        3828,       -9.37457275,      -6.595283863,      -6.496063533,      -3.914759793
          0,           0,        3829,       -9.37604667,      -6.596757372,      -6.497537299,      -3.916233695
          0,           0,        3830,      -9.377520549,      -6.598230841,      -6.499011063,       -3.91770756
          0,           0,        3831,      -9.378994404,      -6.599704263,      -6.500484828,      -3.919181402
          0,           0,        3832,      -9.380468196,      -6.601177632,       -6.50195859,      -3.920655167
          0,           0,        3833,      -9.381941959,      -6.602650965,      -6.503432355,      -3.922128917
          0,           0,        3834,      -9.383415675,      -6.604124248,      -6.504906112,      -3.923602609
          0,           0,        3835,      -9.384889348,      -6.605597493,      -6.506379873,      -3.925076264
          0,           0,        3836,      -9.386363005,      -6.607070698,      -6.507853633,      -3.926549895
          0,           0,        3837,      -9.387836598,      -6.608543855,      -6.509327396,      -3.928023465
          0,           0,        3838,      -9.389310177,       -6.61001698,      -6.510801148,      -3.929497019
          0,           0,        3839,      -9.390783724,      -6.611490057,      -6.512274908,      -3.930970537
          0,           0,        3840,       -9.39225723,      -6.612963104,       -6.51374866,      -3.932444022
          0,           0,        3841,      -9.393730699,      -6.614436112,      -6.515222406,      -3.933917469
          0,           0,        3842,      -9.395204121,      -6.615909075,      -6.516696153,      -3.935390863
          0,           0,        3843,      -9.396677522,      -6.617382015,      -6.518169895,      -3.936864239
          0,           0,        3844,      -9.398150876,      -6.618854915,      -6.519643634,      -3.938337563
          0,           0,        3845,      -9.399624203,      -6.620327782,      -6.521117369,      -3.939810865
          0,           0,        3846,      -9.401097483,      -6.621800616,      -6.522591102,      -3.941284116
          0,           0,        3847,      -9.402570736,      -6.623273425,      -6.524064836,      -3.942757334
          0,           0,        3848,      -9.404043962,        -6.6247462,      -6.525538564,      -3.944230541
          0,           0,        3849,      -9.405517155,      -6.626218962,      -6.527012282,      -3.945703703
          0,           0,        3850,      -9.406990326,      -6.627691708,      -6.528486002,      -3.947176848
          0,           0,        3851,      -9.408463461,       -6.62916442,       -6.52995972,      -3.948649949
          0,           0,        3852,      -9.409936568,      -6.630637111,       -6.53143343,      -3.950123026
          0,           0,        3853,      -9.411409644,      -6.632109774,      -6.532907144,       -3.95159607
          0,           0,        3854,      -9.412882727,      -6.633582437,      -6.534380841,       -3.95306913
          0,           0,        3855,       -9.41435575,       -6.63505507,      -6.535854542,      -3.954542126
          0,           0,        3856,      -9.415828767,       -6.63652768,      -6.537328235,       -3.95601511
          0,           0,        3857,      -9.417301753,      -6.638000296,      -6.538801927,      -3.957488076
          0,           0,        3858,      -9.418774703,      -6.639472885,      -6.540275611,      -3.958961001
          0,           0,        3859,      -9.420247655,       -6.64094547,      -6.541749288,      -3.960433917
          0,           0,        3860,      -9.421720567,      -6.642418051,      -6.543222963,      -3.961906805
          0,           0,        3861,      -9.423193463,      -6.643890618,      -6.544696637,      -3.963379681
          0,           0,        3862,       -9.42466634,      -6.645363175,      -6.546170306,      -3.964852529
          0,           0,        3863,      -9.426139214,      -6.646835737,      -6.547643974,      -3.966325372
          0,           0,        3864,      -9.427612068,      -6.648308297,      -6.549117631,      -3.967798199
          0,           0,        3865,       -9.42908491,      -6.649780862,      -6.550591277,      -3.969271013
          0,           0,        3866,      -9.430557728,      -6.651253429,      -6.552064927,      -3.970743811
          0,           0,        3867,      -9.432030556,      -6.652725993,      -6.553538576,      -3.972216615
          0,           0,        3868,      -9.433503372,      -6.654198562,      -6.555012212,      -3.973689411
          0,           0,        3869,      -9.434976191,      -6.655671141,      -6.556485844,      -3.975162208
          0,           0,        3870,      -9.436448982,      -6.657143737,      -6.557959471,      -3.976634973
          0,           0,        3871,      -9.437921768,      -6.658616332,      -6.559433101,      -3.978107742
          0,           0,        3872,      -9.439394564,      -6.660088945,      -6.560906721,       -3.97958052
          0,           0,        3873,      -9.440867353,      -6.661561549,       -6.56238034,      -3.981053287
          0,           0,        3874,      -9.442340144,      -6.663034192,      -6.563853952,      -3.982526054
          0,           0,        3875,      -9.443812942,       -6.66450684,      -6.565327555,       -3.98399883
          0,           0,        3876,       -9.44528574,      -6.665979495,      -6.566801152,       -3.98547161
          0,           0,        3877,      -9.446758529,      -6.667452191,       -6.56827475,      -3.986944376
          0,           0,        3878,      -9.448231316,      -6.668924907,      -6.569748341,      -3.988417148
          0,           0,        3879,      -9.449704114,       -6.67039764,      -6.571221931,      -3.989889942
          0,           0,        3880,      -9.451176912,      -6.671870397,      -6.572695518,       -3.99136271
          0,           0,        3881,      -9.452649719,      -6.673343171,      -6.574169101,      -3.992835515
          0,           0,        3882,       -9.45412255,      -6.674815973,      -6.575642676,      -3.994308327
          0,           0,        3883,      -9.455595384,      -6.676288793,      -6.577116258,      -3.995781158
          0,           0,        3884,      -9.457068246,      -6.677761644,      -6.578589825,      -3.997254007
          0,           0,        3885,      -9.458541102,      -6.679234527,      -6.580063391,       -3.99872685
          0,           0,        3886,      -9.460013982,      -6.680707445,      -6.581536952,      -4.000199727
          0,           0,        3887,      -9.461486871,      -6.682180387,      -6.583010507,        -4.0016726
          0,           0,        3888,      -9.462959766,      -6.683653358,      -6.584484066,      -4.003145485
          0,           0,        3889,      -9.464432685,      -6.685126364,      -6.585957617,      -4.004618406
          0,           0,        3890,      -9.465905608,      -6.686599391,      -6.587431175,      -4.006091324
          0,           0,        3891,      -9.467378561,      -6.688072454,      -6.588904723,      -4.007564271
          0,           0,        3892,      -9.468851539,      -6.689545562,      -6.590378266,      -4.009037252
          0,           0,        3893,      -9.470324529,        -6.6910187,      -6.591851808,      -4.010510239
          0,           0,        3894,      -9.471797545,      -6.692491878,      -6.593325352,      -4.011983254
          0,           0,        3895,      -9.473270595,      -6.693965093,      -6.594798886,      -4.013456307
          0,           0,        3896,      -9.474743647,      -6.695438333,      -6.596272426,      -4.014929356
          0,           0,        3897,      -9.476216727,      -6.696911611,       -6.59774596,      -4.016402442
          0,           0,        3898,      -9.477689852,      -6.698384925,      -6.599219494,      -4.017875567
          0,           0,        3899,       -9.47916298,      -6.699858281,      -6.600693026,      -4.019348703
          0,           0,        3900,      -9.480636149,      -6.701331688,      -6.602166557,      -4.020821873
          0,           0,        3901,      -9.482109341,      -6.702805102,      -6.603640084,      -4.022295074
          0,           0,        3902,      -9.483582567,      -6.704278563,      -6.605113612,      -4.023768307
          0,           0,        3903,      -9.485055807,      -6.705752071,      -6.606587131,      -4.025241551
          0,           0,        3904,      -9.486529052,       -6.70722559,      -6.608060664,      -4.026714809
          0,           0,        3905,      -9.488002344,      -6.708699178,      -6.609534188,      -4.028188114
          0,           0,        3906,      -9.489475658,       -6.71017279,      -6.611007716,      -4.029661434
          0,           0,        3907,      -9.490949007,      -6.711646446,      -6.612481244,      -4.031134786
          0,           0,        3908,      -9.492422389,      -6.713120133,      -6.613954771,      -4.032608186
          0,           0,        3909,      -9.493895817,      -6.714593844,      -6.615428296,      -4.034081626
          0,           0,        3910,      -9.495369268,        -6.7160676,      -6.616901818,      -4.035555088
          0,           0,        3911,      -9.496842729,      -6.717541399,      -6.618375346,      -4.037028562
          0,           0,        3912,      -9.498316231,      -6.719015232,      -6.619848869,      -4.038502076
          0,           0,        3913,      -9.499789749,      -6.720489092,      -6.621322403,      -4.039975613
          0,           0,        3914,      -9.501263326,      -6.721963001,      -6.622795928,      -4.041449202
          0,           0,        3915,      -9.502736927,      -6.723436907,      -6.624269452,      -4.042922824
          0,           0,        3916,      -9.504210551,      -6.724910861,      -6.625742988,      -4.044396464
          0,           0,        3917,      -9.505684191,      -6.726384865,      -6.627216517,      -4.045870124
          0,           0,        3918,      -9.507157852,      -6.727858896,      -6.628690046,      -4.047343804
          0,           0,        3919,      -9.508631562,      -6.729332961,      -6.630163584,      -4.048817531
          0,           0,        3920,      -9.510105278,      -6.730807042,      -6.631637117,      -4.050291267
          0,           0,        3921,       -9.51157902,      -6.732281147,      -6.633110662,      -4.051765035
          0,           0,        3922,       -9.51305281,      -6.733755288,      -6.634584199,      -4.053238842
          0,           0,        3923,      -9.514526635,      -6.735229441,      -6.636057748,       -4.05471269
          0,           0,        3924,      -9.516000465,      -6.736703634,      -6.637531292,      -4.056186534
          0,           0,        3925,      -9.517474331,      -6.738177847,      -6.639004841,      -4.057660424
          0,           0,        3926,      -9.518948225,      -6.739652082,      -6.640478384,      -4.059134342
          0,           0,        3927,      -9.520422127,      -6.741126332,      -6.641951942,      -4.060608259
          0,           0,        3928,       -9.52189606,      -6.742600628,      -6.643425492,      -4.062082219
          0,           0,        3929,      -9.523370019,      -6.744074919,      -6.644899059,      -4.063556207
          0,           0,        3930,      -9.524844011,      -6.745549227,       -6.64637262,      -4.065030213
          0,           0,        3931,      -9.526318015,      -6.747023578,      -6.647846176,       -4.06650423
          0,           0,        3932,      -9.527792036,      -6.748497926,      -6.649319752,      -4.067978276
          0,           0,        3933,      -9.529266099,      -6.749972299,      -6.650793321,      -4.069452367
          0,           0,        3934,      -9.530740177,      -6.751446673,      -6.652266891,      -4.070926457
          0,           0,        3935,      -9.532214269,      -6.752921068,      -6.653740471,      -4.072400578
          0,           0,        3936,      -9.533688383,       -6.75439548,      -6.655214049,      -4.073874717
          0,           0,        3937,      -9.535162532,      -6.755869902,      -6.656687631,      -4.075348885
          0,           0,        3938,      -9.536636666,      -6.757344324,      -6.658161217,      -4.076823039
          0,           0,        3939,      -9.538110828,      -6.758818748,      -6.659634815,       -4.07829722
          0,           0,        3940,      -9.539584988,      -6.760293193,       -6.66110841,      -4.079771404
          0,           0,        3941,      -9.541059169,      -6.761767627,      -6.662582002,      -4.081245606
          0,           0,        3942,      -9.542533377,      -6.763242085,      -6.664055608,      -4.082719843
          0,           0,        3943,      -9.544007599,      -6.764716548,      -6.665529208,      -4.084194088
          0,           0,        3944,       -9.54548182,      -6.766190981,      -6.667002821,      -4.085668324
          0,           0,        3945,      -9.546956062,      -6.767665426,      -6.668476427,      -4.087142584
          0,           0,        3946,       -9.54843029,       -6.76913987,       -6.66995004,      -4.088616839
          0,           0,        3947,      -9.549904527,      -6.770614321,      -6.671423663,      -4.090091098
          0,           0,        3948,      -9.551378771,      -6.772088759,      -6.672897292,      -4.091565349
          0,           0,        3949,      -9.552853036,      -6.773563194,      -6.674370917,      -4.093039628
          0,           0,        3950,      -9.554327298,      -6.775037617,      -6.675844547,      -4.094513913
          0,           0,        3951,      -9.555801572,      -6.776512052,      -6.677318182,      -4.095988215
          0,           0,        3952,      -9.557275832,       -6.77798646,      -6.678791814,      -4.097462482
          0,           0,        3953,      -9.558750119,      -6.779460865,       -6.68026546,       -4.09893679
          0,           0,        3954,      -9.560224392,      -6.780935263,      -6.681739106,      -4.100411067
          0,           0,        3955,      -9.561698677,       -6.78240963,       -6.68321275,      -4.101885364
          0,           0,        3956,       -9.56317297,      -6.783883992,      -6.684686407,      -4.103359666
          0,           0,        3957,      -9.564647239,      -6.785358356,      -6.686160053,      -4.104833954
          0,           0,        3958,      -9.566121516,      -6.786832676,      -6.687633719,      -4.106308232
          0,           0,        3959,      -9.567595769,      -6.788307012,      -6.689107377,        -4.1077825
          0,           0,        3960,      -9.569070022,      -6.789781305,      -6.690581041,      -4.109256773
          0,           0,        3961,      -9.570544279,      -6.791255599,      -6.692054709,      -4.110731045
          0,           0,        3962,      -9.572018527,      -6.792729875,       -6.69352838,      -4.112205297
          0,           0,        3963,      -9.573492785,      -6.794204115,       -6.69500205,      -4.113679577
          0,           0,        3964,      -9.574967008,      -6.795678339,      -6.696475723,      -4.115153796
          0,           0,        3965,      -9.576441238,      -6.797152529,      -6.697949406,      -4.116628042
          0,           0,        3966,      -9.577915446,      -6.798626704,      -6.699423086,      -4.118102252
          0,           0,        3967,       -9.57938965,      -6.800100858,      -6.700896768,      -4.119576459
          0,           0,        3968,      -9.580863831,      -6.801574995,      -6.702370454,      -4.121050648
          0,           0,        3969,      -9.582337987,      -6.803049093,      -6.703844144,      -4.122524804
          0,           0,        3970,      -9.583812144,      -6.804523197,      -6.705317832,      -4.123998959
          0,           0,        3971,      -9.585286268,      -6.805997249,      -6.706791527,       -4.12547309
          0,           0,        3972,      -9.586760424,      -6.807471281,       -6.70826522,      -4.126947261
          0,           0,        3973,      -9.588234524,      -6.808945297,      -6.709738918,      -4.128421357
          0,           0,        3974,      -9.589708621,      -6.810419274,      -6.711212619,      -4.129895466
          0,           0,        3975,      -9.591182699,      -6.811893228,      -6.712686321,      -4.131369535
          0,           0,        3976,      -9.592656775,      -6.813367141,      -6.714160025,      -4.132843613
          0,           0,        3977,      -9.594130832,      -6.814841046,      -6.715633724,       -4.13431766
          0,           0,        3978,      -9.595604872,      -6.816314906,      -6.717107427,      -4.135791696
          0,           0,        3979,       -9.59707887,       -6.81778876,      -6.718581129,      -4.137265698
          0,           0,        3980,      -9.598552849,      -6.819262573,      -6.720054835,      -4.138739665
          0,           0,        3981,      -9.600026818,      -6.820736349,      -6.721528546,      -4.140213643
          0,           0,        3982,      -9.601500771,      -6.822210106,      -6.723002259,      -4.141687595
          0,           0,        3983,      -9.602974695,      -6.823683833,      -6.724475966,      -4.143161508
          0,           0,        3984,      -9.604448598,       -6.82515754,      -6.725949668,      -4.144635395
          0,           0,        3985,      -9.605922478,      -6.826631198,      -6.727423385,      -4.146109278
          0,           0,        3986,      -9.607396335,      -6.828104822,      -6.728897099,      -4.147583122
          0,           0,        3987,      -9.608870174,      -6.829578445,      -6.730370802,       -4.14905696
          0,           0,        3988,      -9.610344004,      -6.831052036,      -6.731844515,      -4.150530773
          0,           0,        3989,      -9.611817777,      -6.832525589,      -6.733318228,      -4.152004528
          0,           0,        3990,       -9.61329156,      -6.833999136,      -6.734791936,      -4.153478303
          0,           0,        3991,      -9.614765336,      -6.835472647,      -6.736265646,      -4.154952073
          0,           0,        3992,      -9.616239078,      -6.836946107,      -6.737739353,      -4.156425806
          0,           0,        3993,      -9.617712791,      -6.838419554,       -6.73921306,      -4.157899505
          0,           0,        3994,      -9.619186443,      -6.839892979,       -6.74068677,      -4.159373127
          0,           0,        3995,      -9.620660111,      -6.841366376,       -6.74216048,      -4.160846795
          0,           0,        3996,      -9.622133768,      -6.842839764,      -6.743634184,      -4.162320436
          0,           0,        3997,      -9.623607371,      -6.844313107,       -6.74510789,      -4.163794023
          0,           0,        3998,      -9.625080968,      -6.845786432,      -6.746581593,      -4.165267604
          0,           0,        3999,      -9.626554548,       -6.84725973,      -6.748055294,      -4.166741171
          0,           0,        4000,      -9.628028081,      -6.848733015,      -6.749528998,      -4.168214696
          0,           0,        4001,      -9.629501615,      -6.850206282,      -6.751002693,      -4.169688213
          0,           0,        4002,      -9.630975129,      -6.851679529,       -6.75247639,      -4.171161712
          0,           0,        4003,       -9.63244861,      -6.853152743,      -6.753950091,      -4.172635169
          0,           0,        4004,      -9.633922075,      -6.854625943,      -6.755423793,      -4.174108626
          0,           0,        4005,      -9.635395542,      -6.856099126,      -6.756897477,      -4.175582077
          0,           0,        4006,      -9.636868978,       -6.85757228,      -6.758371171,      -4.177055501
          0,           0,        4007,      -9.638342362,      -6.859045411,      -6.759844862,      -4.178528862
          0,           0,        4008,      -9.639815764,      -6.860518558,       -6.76131854,      -4.180002257
          0,           0,        4009,       -9.64128911,      -6.861991669,      -6.762792225,      -4.181475581
          0,           0,        4010,      -9.642762464,      -6.863464761,      -6.764265912,      -4.182948931
          0,           0,        4011,      -9.644235807,      -6.864937846,      -6.765739588,      -4.184422244
          0,           0,        4012,      -9.645709118,      -6.866410915,      -6.767213272,      -4.185895541
          0,           0,        4013,      -9.647182422,      -6.867883989,      -6.768686942,      -4.187368828
          0,           0,        4014,      -9.648655723,      -6.869357034,      -6.770160621,      -4.188842115
          0,           0,        4015,      -9.650128997,      -6.870830085,        -6.7716343,      -4.190315381
          0,           0,        4016,      -9.651602268,      -6.872303114,      -6.773107959,      -4.191788622
          0,           0,        4017,      -9.653075499,      -6.873776138,       -6.77458163,      -4.193261846
          0,           0,        4018,      -9.654548735,      -6.875249164,      -6.776055284,      -4.194735066
          0,           0,        4019,      -9.656021963,      -6.876722171,      -6.777528944,      -4.196208283
          0,           0,        4020,      -9.657495175,      -6.878195208,      -6.779002604,       -4.19768148
          0,           0,        4021,      -9.658968368,      -6.879668196,      -6.780476261,      -4.199154653
          0,           0,        4022,      -9.660441571,      -6.881141209,      -6.781949913,      -4.200627839
          0,           0,        4023,      -9.661914759,      -6.882614204,      -6.783423568,      -4.202101022
          0,           0,        4024,      -9.663387938,      -6.884087201,      -6.784897204,      -4.203574179
          0,           0,        4025,      -9.664861124,       -6.88556023,      -6.786370844,      -4.205047348
          0,           0,        4026,      -9.666334259,      -6.887033218,      -6.787844492,       -4.20652046
          0,           0,        4027,      -9.667807426,      -6.888506203,      -6.789318128,      -4.207993612
          0,           0,        4028,      -9.669280568,       -6.88997922,      -6.790791758,      -4.209466759
          0,           0,        4029,       -9.67075371,       -6.89145224,       -6.79226539,      -4.210939883
          0,           0,        4030,      -9.672226844,      -6.892925238,      -6.793739021,      -4.212412993
          0,           0,        4031,      -9.673699986,      -6.894398275,      -6.795212649,      -4.213886126
          0,           0,        4032,       -9.67517313,      -6.895871302,      -6.796686279,      -4.215359262
          0,           0,        4033,      -9.676646229,      -6.897344322,        -6.7981599,      -4.216832333
          0,           0,        4034,       -9.67811939,      -6.898817379,      -6.799633515,      -4.218305493
          0,           0,        4035,      -9.679592524,      -6.900290419,      -6.801107128,      -4.219778621
          0,           0,        4036,      -9.681065632,      -6.901763515,      -6.802580738,      -4.221251717
          0,           0,        4037,      -9.682538768,      -6.903236594,      -6.804054347,       -4.22272484
          0,           0,        4038,      -9.684011917,      -6.904709678,      -6.805527959,      -4.224197985
          0,           0,        4039,      -9.685485056,      -6.906182765,       -6.80700157,      -4.225671113
          0,           0,        4040,        -9.6869582,      -6.907655879,      -6.808475173,      -4.227144245
          0,           0,        4041,      -9.688431343,      -6.909129007,      -6.809948777,      -4.228617371
          0,           0,        4042,      -9.689904516,      -6.910602159,      -6.811422369,      -4.230090546
          0,           0,        4043,      -9.691377679,      -6.912075308,      -6.812895964,      -4.231563709
          0,           0,        4044,      -9.692850857,      -6.913548474,      -6.814369557,      -4.233036863
          0,           0,        4045,      -9.694324014,      -6.915021656,      -6.815843159,      -4.234510026
          0,           0,        4046,      -9.695797205,      -6.916494885,      -6.817316743,      -4.235983204
          0,           0,        4047,      -9.697270392,      -6.917968098,      -6.818790327,      -4.237456376
          0,           0,        4048,      -9.698743589,      -6.919441368,      -6.820263923,      -4.238929577
          0,           0,        4049,      -9.700216826,      -6.920914626,      -6.821737507,      -4.240402802
          0,           0,        4050,      -9.701690053,      -6.922387919,      -6.823211088,      -4.241876047
          0,           0,        4051,      -9.703163301,      -6.923861237,      -6.824684662,      -4.243349285
          0,           0,        4052,      -9.704636559,      -6.925334526,       -6.82615825,      -4.244822539
          0,           0,        4053,      -9.706109791,      -6.926807884,      -6.827631823,      -4.246295767
          0,           0,        4054,      -9.707583069,      -6.928281221,      -6.829105402,      -4.247769054
          0,           0,        4055,      -9.709056344,      -6.929754617,      -6.830578981,      -4.249242321
          0,           0,        4056,      -9.710529638,      -6.931228014,      -6.832052559,      -4.250715616
          0,           0,        4057,      -9.712002944,      -6.932701457,      -6.833526125,       -4.25218892
          0,           0,        4058,      -9.713476268,      -6.934174904,      -6.834999707,      -4.253662258
          0,           0,        4059,      -9.714949599,       -6.93564837,      -6.836473278,      -4.255135581
          0,           0,        4060,      -9.716422964,      -6.937121855,      -6.837946849,      -4.256608963
          0,           0,        4061,      -9.717896328,      -6.938595372,      -6.839420418,       -4.25808231
          0,           0,        4062,      -9.719369723,      -6.940068915,      -6.840893984,      -4.259555706
          0,           0,        4063,       -9.72084313,      -6.941542484,      -6.842367555,      -4.261029131
          0,           0,        4064,      -9.722316539,      -6.943016063,      -6.843841132,      -4.262502548
          0,           0,        4065,      -9.723790014,      -6.944489667,      -6.845314695,      -4.263976038
          0,           0,        4066,      -9.725263449,      -6.945963265,      -6.846788267,      -4.265449474
          0,           0,        4067,      -9.726736917,      -6.947436922,      -6.848261825,      -4.266922936
          0,           0,        4068,      -9.728210399,      -6.948910593,        -6.8497354,       -4.26839643
          0,           0,        4069,      -9.729683878,      -6.950384268,      -6.851208972,      -4.269869917
          0,           0,        4070,      -9.731157411,      -6.951857962,      -6.852682545,      -4.271343472
          0,           0,        4071,      -9.732630947,      -6.953331696,      -6.854156104,       -4.27281702
          0,           0,        4072,       -9.73410454,       -6.95480546,      -6.855629672,      -4.274290605
          0,           0,        4073,      -9.735578113,      -6.956279247,      -6.857103239,      -4.275764199
          0,           0,        4074,      -9.737051691,      -6.957753019,       -6.85857682,      -4.277237779
          0,           0,        4075,      -9.738525299,      -6.959226801,       -6.86005039,      -4.278711397
          0,           0,        4076,      -9.739998913,      -6.960700669,       -6.86152396,      -4.280185034
          0,           0,        4077,       -9.74147255,      -6.962174497,      -6.862997537,      -4.281658665
          0,           0,        4078,      -9.742946194,      -6.963648355,       -6.86447111,      -4.283132315
          0,           0,        4079,      -9.744419876,      -6.965122222,      -6.865944676,      -4.284606021
          0,           0,        4080,      -9.745893569,       -6.96659615,      -6.867418256,      -4.286079718
          0,           0,        4081,      -9.747367273,      -6.968070077,      -6.868891824,      -4.287553425
          0,           0,        4082,      -9.748840994,      -6.969544003,       -6.87036541,      -4.289027172
          0,           0,        4083,      -9.750314757,      -6.971017931,      -6.871838995,      -4.290500942
          0,           0,        4084,      -9.751788503,      -6.972491899,      -6.873312569,      -4.291974696
          0,           0,        4085,       -9.75326227,      -6.973965862,      -6.874786152,      -4.293448475
          0,           0,        4086,      -9.754736078,      -6.975439849,      -6.876259735,      -4.294922301
          0,           0,        4087,      -9.756209857,      -6.976913856,      -6.877733313,      -4.296396095
          0,           0,        4088,      -9.757683657,      -6.978387896,      -6.879206898,      -4.297869923
          0,           0,        4089,      -9.759157487,      -6.979861903,      -6.880680493,      -4.299343756
          0,           0,        4090,      -9.760631348,      -6.981335948,      -6.882154085,      -4.300817634
          0,           0,        4091,      -9.762105203,       -6.98280999,      -6.883627676,      -4.302291501
          0,           0,        4092,      -9.763579049,      -6.984284043,      -6.885101266,      -4.303765346
          0,           0,        4093,      -9.765052917,        -6.9857581,      -6.886574872,      -4.305239231
          0,           0,        4094,      -9.766526804,      -6.987232173,      -6.888048462,      -4.306713136
          0,           0,        4095,      -9.768000735,      -6.988706291,      -6.889522054,      -4.308187056
          0,           0,        4096,      -9.769474621,      -6.990180351,      -6.890995663,       -4.30966096
          0,           0,        4097,      -9.770948557,      -6.991654462,      -6.892469254,      -4.311134916
          0,           0,        4098,      -9.772422479,      -6.993128547,      -6.893942866,      -4.312608848
          0,           0,        4099,      -9.773896405,      -6.994602658,       -6.89541648,      -4.314082789
          0,           0,        4100,      -9.775370366,      -6.996076719,      -6.896890092,      -4.315556762
          0,           0,        4101,      -9.776844323,      -6.997550836,      -6.898363693,      -4.317030745
          0,           0,        4102,      -9.778318312,      -6.999024963,      -6.899837311,      -4.318504751
          0,           0,        4103,      -9.779792261,      -7.000499068,      -6.901310925,      -4.319978695
          0,           0,        4104,      -9.781266232,      -7.001973198,      -6.902784539,       -4.32145267
          0,           0,        4105,      -9.782740205,      -7.003447314,       -6.90425816,      -4.322926671
          0,           0,        4106,      -9.784214217,      -7.004921462,      -6.905731783,      -4.324400697
          0,           0,        4107,      -9.785688213,      -7.006395574,        -6.9072054,      -4.325874707
          0,           0,        4108,      -9.787162225,      -7.007869671,      -6.908679036,      -4.327348735
          0,           0,        4109,      -9.788636253,      -7.009343776,      -6.910152672,      -4.328822767
          0,           0,        4110,      -9.790110274,      -7.010817859,      -6.911626291,      -4.330296797
          0,           0,        4111,      -9.791584246,      -7.012291925,      -6.913099929,      -4.331770768
          0,           0,        4112,      -9.793058303,      -7.013766015,      -6.914573563,      -4.333244831
          0,           0,        4113,      -9.794532313,      -7.015240115,      -6.916047206,      -4.334718863
          0,           0,        4114,      -9.796006301,      -7.016714174,       -6.91752084,      -4.336192868
          0,           0,        4115,      -9.797480312,       -7.01818826,      -6.918994474,       -4.33766686
          0,           0,        4116,      -9.798954337,      -7.019662332,      -6.920468107,      -4.339140903
          0,           0,        4117,      -9.800428283,      -7.021136395,      -6.921941757,      -4.340614852
          0,           0,        4118,      -9.801902286,       -7.02261043,      -6.923415411,      -4.342088871
          0,           0,        4119,      -9.803376306,      -7.024084475,      -6.924889073,      -4.343562892
          0,           0,        4120,       -9.80485031,      -7.025558494,       -6.92636272,      -4.345036906
          0,           0,        4121,      -9.806324335,      -7.027032512,      -6.927836366,       -4.34651093
          0,           0,        4122,      -9.807798314,      -7.028506499,      -6.929310027,      -4.347984928
          0,           0,        4123,      -9.809272356,        -7.0299805,      -6.930783671,       -4.34945897
          0,           0,        4124,      -9.810746327,      -7.031454487,      -6.932257322,      -4.350932951
          0,           0,        4125,      -9.812220297,       -7.03292844,      -6.933730993,        -4.3524069
          0,           0,        4126,      -9.813694277,      -7.034402388,      -6.935204654,      -4.353880887
          0,           0,        4127,      -9.815168228,      -7.035876337,      -6.936678307,      -4.355354847
          0,           0,        4128,      -9.816642174,      -7.037350279,      -6.938151976,      -4.356828809
          0,           0,        4129,      -9.818116139,      -7.038824177,      -6.939625638,      -4.358302769
          0,           0,        4130,      -9.819590065,      -7.040298091,      -6.941099301,      -4.359776711
          0,           0,        4131,       -9.82106398,       -7.04177195,      -6.942572975,      -4.361250614
          0,           0,        4132,      -9.822537901,       -7.04324581,      -6.944046651,       -4.36272454
          0,           0,        4133,      -9.824011833,      -7.044719653,      -6.945520311,      -4.364198486
          0,           0,        4134,      -9.825485732,      -7.046193507,      -6.946993985,      -4.365672376
          0,           0,        4135,      -9.826959606,      -7.047667334,      -6.948467651,      -4.367146254
          0,           0,        4136,      -9.828433517,      -7.049141131,      -6.949941337,       -4.36862016
          0,           0,        4137,      -9.829907376,      -7.050614922,      -6.951415002,      -4.370094033
          0,           0,        4138,      -9.831381268,       -7.05208869,      -6.952888671,      -4.371567913
          0,           0,        4139,      -9.832855118,       -7.05356242,      -6.954362361,      -4.373041783
          0,           0,        4140,      -9.834328973,      -7.055036149,      -6.955836028,      -4.374515619
          0,           0,        4141,      -9.835802768,      -7.056509858,      -6.957309699,      -4.375989424
          0,           0,        4142,      -9.837276586,      -7.057983577,      -6.958783368,      -4.377463226
          0,           0,        4143,      -9.838750353,      -7.059457255,      -6.960257061,      -4.378936976
          0,           0,        4144,      -9.840224137,       -7.06093095,       -6.96173074,      -4.380410781
          0,           0,        4145,      -9.841697928,      -7.062404584,      -6.963204415,      -4.381884563
          0,           0,        4146,      -9.843171708,      -7.063878229,      -6.964678097,      -4.383358333
          0,           0,        4147,      -9.844645437,      -7.065351835,      -6.966151772,       -4.38483206
          0,           0,        4148,      -9.846119184,      -7.066825454,      -6.967625441,      -4.386305781
          0,           0,        4149,      -9.847592932,      -7.068299026,      -6.969099119,      -4.387779528
          0,           0,        4150,      -9.849066644,        -7.0697726,        -6.9705728,       -4.38925325
          0,           0,        4151,      -9.850540352,      -7.071246152,      -6.972046469,      -4.390726935
          0,           0,        4152,      -9.852014041,      -7.072719692,      -6.973520161,      -4.392200633
          0,           0,        4153,      -9.853487686,      -7.074193196,      -6.974993836,      -4.393674262
          0,           0,        4154,      -9.854961407,      -7.075666713,      -6.976467502,      -4.395147962
          0,           0,        4155,      -9.856435029,      -7.077140204,      -6.977941177,      -4.396621581
          0,           0,        4156,      -9.857908648,      -7.078613674,      -6.979414855,      -4.398095214
          0,           0,        4157,      -9.859382292,      -7.080087161,      -6.980888526,       -4.39956885
          0,           0,        4158,      -9.860855881,      -7.081560605,      -6.982362205,      -4.401042428
          0,           0,        4159,      -9.862329503,      -7.083034055,      -6.983835867,      -4.402516036
          0,           0,        4160,      -9.863803065,      -7.084507468,      -6.985309553,        -4.4039896
          0,           0,        4161,      -9.865276623,      -7.085980859,      -6.986783218,      -4.405463146
          0,           0,        4162,      -9.866750183,      -7.087454282,       -6.98825689,      -4.406936709
          0,           0,        4163,      -9.868223732,      -7.088927656,      -6.989730557,      -4.408410249
          0,           0,        4164,      -9.869697281,      -7.090401035,      -6.991204213,      -4.409883773
          0,           0,        4165,      -9.871170753,      -7.091874413,      -6.992677876,      -4.411357223
          0,           0,        4166,       -9.87264428,      -7.093347774,      -6.994151562,       -4.41283075
          0,           0,        4167,      -9.874117765,      -7.094821074,       -6.99562524,      -4.414304233
          0,           0,        4168,      -9.875591298,       -7.09629441,      -6.997098886,      -4.415777747
          0,           0,        4169,      -9.877064785,      -7.097767728,      -6.998572543,      -4.417251228
          0,           0,        4170,       -9.87853822,       -7.09924102,      -7.000046209,      -4.418724646
          0,           0,        4171,      -9.880011647,      -7.100714374,      -7.001519867,      -4.420198065
          0,           0,        4172,      -9.881485085,       -7.10218766,      -7.002993527,      -4.421671469
          0,           0,        4173,      -9.882958531,      -7.103660965,       -7.00446718,      -4.423144925
          0,           0,        4174,      -9.884431939,      -7.105134235,      -7.005940847,      -4.424618307
          0,           0,        4175,      -9.885905381,      -7.106607548,      -7.007414497,      -4.426091753
          0,           0,        4176,      -9.887378843,      -7.108080838,      -7.008888141,      -4.427565188
          0,           0,        4177,      -9.888852269,      -7.109554092,      -7.010361807,      -4.429038625
          0,           0,        4178,       -9.89032569,      -7.111027366,      -7.011835442,      -4.430512031
          0,           0,        4179,       -9.89179908,      -7.112500633,      -7.013309095,      -4.431985409
          0,           0,        4180,      -9.893272428,      -7.113973893,      -7.014782745,      -4.433458731
          0,           0,        4181,        -9.8947458,      -7.115447144,      -7.016256375,      -4.434932126
          0,           0,        4182,       -9.89621916,      -7.116920436,      -7.017730019,      -4.436405465
          0,           0,        4183,       -9.89769255,      -7.118393683,      -7.019203669,      -4.437878854
          0,           0,        4184,      -9.899165907,      -7.119866941,      -7.020677297,      -4.439352202
          0,           0,        4185,      -9.900639213,      -7.121340167,      -7.022150945,      -4.440825505
          0,           0,        4186,      -9.902112563,      -7.122813444,      -7.023624577,      -4.442298852
          0,           0,        4187,      -9.903585937,       -7.12428673,      -7.025098208,      -4.443772216
          0,           0,        4188,      -9.905059256,      -7.125759979,      -7.026571854,       -4.44524552
          0,           0,        4189,      -9.906532635,      -7.127233232,      -7.028045477,       -4.44671888
          0,           0,        4190,      -9.908005958,      -7.128706498,      -7.029519106,      -4.448192211
          0,           0,        4191,      -9.909479321,       -7.13017979,      -7.030992727,      -4.449665542
          0,           0,        4192,      -9.910952641,      -7.131653055,      -7.032466351,      -4.451138843
          0,           0,        4193,       -9.91242598,      -7.133126353,      -7.033939973,      -4.452612192
          0,           0,        4194,      -9.913899327,      -7.134599641,      -7.035413606,      -4.454085529
          0,           0,        4195,      -9.915372661,      -7.136072912,      -7.036887236,       -4.45555886
          0,           0,        4196,      -9.916845929,      -7.137546204,      -7.038360845,       -4.45703212
          0,           0,        4197,      -9.918319267,      -7.139019522,      -7.039834461,      -4.458505461
          0,           0,        4198,      -9.919792598,      -7.140492824,      -7.041308093,      -4.459978779
          0,           0,        4199,      -9.921265997,      -7.141966169,      -7.042781703,      -4.461452187
          0,           0,        4200,      -9.922739325,      -7.143439494,      -7.044255321,      -4.462925497
          0,           0,        4201,      -9.924212711,       -7.14491282,      -7.045728923,      -4.464398881
          0,           0,        4202,      -9.925686051,      -7.146386165,      -7.047202547,      -4.465872218
          0,           0,        4203,      -9.927159437,      -7.147859504,      -7.048676154,      -4.467345586
          0,           0,        4204,      -9.928632788,      -7.149332881,      -7.050149752,      -4.468818943
          0,           0,        4205,      -9.930106125,      -7.150806228,      -7.051623378,      -4.470292288
          0,           0,        4206,      -9.931579466,      -7.152279633,      -7.053096966,      -4.471765628
          0,           0,        4207,      -9.933052816,      -7.153752986,      -7.054570586,      -4.473238986
          0,           0,        4208,      -9.934526196,      -7.155226385,      -7.056044192,       -4.47471236
          0,           0,        4209,      -9.935999601,      -7.156699845,      -7.057517777,      -4.476185773
          0,           0,        4210,      -9.937472952,      -7.158173242,      -7.058991395,      -4.477659115
          0,           0,        4211,      -9.938946384,      -7.159646707,      -7.060464989,      -4.479132536
          0,           0,        4212,      -9.940419784,      -7.161120146,      -7.061938608,       -4.48060596
          0,           0,        4213,      -9.941893218,      -7.162593611,      -7.063412197,      -4.482079362
          0,           0,        4214,      -9.943366647,      -7.164067105,      -7.064885804,      -4.483552782
          0,           0,        4215,      -9.944840078,      -7.165540552,      -7.066359408,      -4.485026226
          0,           0,        4216,      -9.946313511,      -7.167014077,      -7.067832998,      -4.486499683
          0,           0,        4217,      -9.947786968,      -7.168487599,      -7.069306587,       -4.48797314
          0,           0,        4218,      -9.949260426,       -7.16996112,      -7.070780183,      -4.489446589
          0,           0,        4219,      -9.950733874,      -7.171434672,       -7.07225377,      -4.490920041
          0,           0,        4220,       -9.95220735,      -7.172908249,      -7.073727356,      -4.492393512
          0,           0,        4221,      -9.953680801,      -7.174381789,      -7.075200968,      -4.493866939
          0,           0,        4222,      -9.955154301,       -7.17585539,      -7.076674562,      -4.495340461
          0,           0,        4223,      -9.956627771,      -7.177328956,      -7.078148153,      -4.496813923
          0,           0,        4224,      -9.958101287,       -7.17880254,       -7.07962175,      -4.498287468
          0,           0,        4225,      -9.959574831,       -7.18027615,      -7.081095346,      -4.499761011
          0,           0,        4226,       -9.96104834,      -7.181749787,      -7.082568936,      -4.501234523
          0,           0,        4227,      -9.962521877,      -7.183223412,      -7.084042528,       -4.50270805
          0,           0,        4228,      -9.963995406,      -7.184697065,      -7.085516151,      -4.504181607
          0,           0,        4229,      -9.965468973,      -7.186170716,      -7.086989733,      -4.505655158
          0,           0,        4230,       -9.96694256,      -7.187644415,      -7.088463302,      -4.507128757
          0,           0,        4231,      -9.968416123,      -7.189118155,      -7.089936906,      -4.508602341
          0,           0,        4232,       -9.96988973,      -7.190591827,      -7.091410511,      -4.510075922
          0,           0,        4233,      -9.971363296,      -7.192065533,      -7.092884097,      -4.511549504
          0,           0,        4234,      -9.972836901,      -7.193539295,      -7.094357687,      -4.513023105
          0,           0,        4235,      -9.974310551,      -7.195013022,      -7.095831284,      -4.514496765
          0,           0,        4236,      -9.975784178,      -7.196486728,      -7.097304894,      -4.515970416
          0,           0,        4237,      -9.977257802,      -7.197960509,      -7.098778476,      -4.517444027
          0,           0,        4238,      -9.978731429,       -7.19943427,      -7.100252086,      -4.518917654
          0,           0,        4239,      -9.980205124,      -7.200908045,      -7.101725668,      -4.520391361
          0,           0,        4240,      -9.981678776,      -7.202381814,      -7.103199268,      -4.521865015
          0,           0,        4241,      -9.983152459,      -7.203855627,      -7.104672864,      -4.523338711
          0,           0,        4242,      -9.984626157,      -7.205329455,      -7.106146461,      -4.524812411
          0,           0,        4243,      -9.986099831,      -7.206803294,      -7.107620077,      -4.526286077
          0,           0,        4244,      -9.987573532,      -7.208277095,      -7.109093684,       -4.52775979
          0,           0,        4245,      -9.989047273,      -7.209750934,      -7.110567277,      -4.529233565
          0,           0,        4246,       -9.99052103,      -7.211224781,      -7.112040891,      -4.530707321
          0,           0,        4247,      -9.991994745,      -7.212698581,      -7.113514481,      -4.532181056
          0,           0,        4248,      -9.993468468,      -7.214172443,      -7.114988069,      -4.533654747
          0,           0,        4249,       -9.99494223,      -7.215646355,      -7.116461689,      -4.535128525
          0,           0,        4250,      -9.996415959,      -7.217120224,      -7.117935293,      -4.536602246
          0,           0,        4251,       -9.99788974,       -7.21859412,        -7.1194089,      -4.538076057
          0,           0,        4252,      -9.999363527,      -7.220068009,      -7.120882513,      -4.539549826
          0,           0,        4253,      -10.00083733,      -7.221541923,      -7.122356116,      -4.541023655
          0,           0,        4254,      -10.00231113,      -7.223015808,      -7.123829734,      -4.542497467
          0,           0,        4255,      -10.00378492,       -7.22448965,      -7.125303345,      -4.543971286
          0,           0,        4256,      -10.00525866,      -7.225963578,      -7.126776966,      -4.545445042
          0,           0,        4257,      -10.00673243,      -7.227437494,      -7.128250564,      -4.546918831
          0,           0,        4258,      -10.00820625,      -7.228911359,      -7.129724187,      -4.548392667
          0,           0,        4259,       -10.0096801,      -7.230385271,      -7.131197803,      -4.549866521
          0,           0,        4260,      -10.01115392,      -7.231859188,      -7.132671418,      -4.551340327
          0,           0,        4261,      -10.01262769,      -7.233333106,      -7.134145037,      -4.552814124
          0,           0,        4262,      -10.01410155,      -7.234807032,      -7.135618667,      -4.554287985
          0,           0,        4263,      -10.01557538,      -7.236280918,       -7.13709229,      -4.555761801
          0,           0,        4264,      -10.01704919,      -7.237754839,      -7.138565901,      -4.557235615
          0,           0,        4265,      -10.01852303,      -7.239228776,      -7.140039534,      -4.558709486
          0,           0,        4266,      -10.01999689,      -7.240702668,      -7.141513159,      -4.560183343
          0,           0,        4267,      -10.02147079,      -7.242176607,      -7.142986797,      -4.561657242
          0,           0,        4268,      -10.02294464,      -7.243650486,      -7.144460416,      -4.563131066
          0,           0,        4269,      -10.02441848,       -7.24512441,      -7.145934035,      -4.564604932
          0,           0,        4270,      -10.02589227,      -7.246598336,      -7.147407673,      -4.566078714
          0,           0,        4271,      -10.02736616,       -7.24807226,      -7.148881295,      -4.567552614
          0,           0,        4272,         -10.02884,      -7.249546128,      -7.150354958,      -4.569026486
          0,           0,        4273,      -10.03031393,      -7.251020039,      -7.151828583,      -4.570500421
          0,           0,        4274,      -10.03178781,      -7.252493944,      -7.153302216,      -4.571974278
          0,           0,        4275,      -10.03326165,      -7.253967815,       -7.15477586,      -4.573448154
          0,           0,        4276,      -10.03473553,      -7.255441674,      -7.156249482,      -4.574922001
          0,           0,        4277,      -10.03620931,      -7.256915579,      -7.157723113,      -4.576395804
          0,           0,        4278,      -10.03768323,      -7.258389469,      -7.159196756,       -4.57786973
          0,           0,        4279,      -10.03915697,      -7.259863335,       -7.16067042,      -4.579343498
          0,           0,        4280,       -10.0406308,       -7.26133721,      -7.162144045,       -4.58081731
          0,           0,        4281,      -10.04210472,       -7.26281105,      -7.163617699,      -4.582291262
          0,           0,        4282,      -10.04357859,      -7.264284868,      -7.165091327,      -4.583765112
          0,           0,        4283,      -10.04505239,      -7.265758707,      -7.166564982,       -4.58523891
          0,           0,        4284,      -10.04652626,      -7.267232563,      -7.168038613,      -4.586712793
          0,           0,        4285,      -10.04800005,      -7.268706406,      -7.169512275,      -4.588186604
          0,           0,        4286,      -10.04947389,      -7.270180222,      -7.170985917,      -4.589660433
          0,           0,        4287,      -10.05094768,      -7.271654029,      -7.172459554,      -4.591134228
          0,           0,        4288,      -10.05242152,      -7.273127853,      -7.173933213,      -4.592608072
          0,           0,        4289,       -10.0538953,      -7.274601614,      -7.175406889,      -4.594081845
          0,           0,        4290,      -10.05536918,      -7.276075376,      -7.176880524,      -4.595555746
          0,           0,        4291,      -10.05684298,      -7.277549115,      -7.178354184,      -4.597029555
          0,           0,        4292,      -10.05831673,      -7.279022913,      -7.179827839,      -4.598503301
          0,           0,        4293,       -10.0597905,      -7.280496691,      -7.181301498,      -4.599977092
          0,           0,        4294,      -10.06126436,      -7.281970432,      -7.182775138,      -4.601450919
          0,           0,        4295,      -10.06273811,      -7.283444134,      -7.184248799,      -4.602924653
          0,           0,        4296,      -10.06421189,      -7.284917906,      -7.185722474,      -4.604398448
          0,           0,        4297,      -10.06568569,      -7.286391637,       -7.18719612,      -4.605872218
          0,           0,        4298,      -10.06715948,      -7.287865326,      -7.188669766,      -4.607346056
          0,           0,        4299,      -10.06863325,      -7.289339055,      -7.190143426,      -4.608819759
          0,           0,        4300,        -10.070107,      -7.290812738,      -7.191617093,      -4.610293543
          0,           0,        4301,      -10.07158083,      -7.292286405,      -7.193090751,      -4.611767354
          0,           0,        4302,      -10.07305453,      -7.293760029,      -7.194564415,      -4.613241034
          0,           0,        4303,      -10.07452829,      -7.295233743,      -7.196038044,      -4.614714813
          0,           0,        4304,      -10.07600194,      -7.296707416,      -7.197511692,      -4.616188478
          0,           0,        4305,      -10.07747562,      -7.298181075,      -7.198985359,      -4.617662127
          0,           0,        4306,       -10.0789493,      -7.299654659,      -7.200459044,      -4.619135827
          0,           0,        4307,      -10.08042306,      -7.301128352,      -7.201932693,      -4.620609588
          0,           0,        4308,      -10.08189677,      -7.302601931,      -7.203406341,      -4.622083316
          0,           0,        4309,      -10.08337043,      -7.304075523,      -7.204879983,      -4.623556938
          0,           0,        4310,       -10.0848441,      -7.305549082,      -7.206353658,      -4.625030612
          0,           0,        4311,       -10.0863177,      -7.307022664,      -7.207827317,      -4.626504218
          0,           0,        4312,      -10.08779142,      -7.308496217,      -7.209300963,      -4.627977913
          0,           0,        4313,      -10.08926502,      -7.309969753,      -7.210774632,      -4.629451512
          0,           0,        4314,      -10.09073867,      -7.311443354,      -7.212248285,      -4.630925122
          0,           0,        4315,      -10.09221233,      -7.312916903,      -7.213721968,      -4.632398778
          0,           0,        4316,      -10.09368597,      -7.314390473,      -7.215195593,       -4.63387245
          0,           0,        4317,      -10.09515965,      -7.315864034,      -7.216669245,      -4.635346111
          0,           0,        4318,      -10.09663322,      -7.317337507,      -7.218142912,      -4.636819662
          0,           0,        4319,      -10.09810684,      -7.318811073,      -7.219616551,      -4.638293315
          0,           0,        4320,      -10.09958038,      -7.320284585,        -7.2210902,      -4.639766845
          0,           0,        4321,      -10.10105395,      -7.321758031,      -7.222563878,       -4.64124039
          0,           0,        4322,      -10.10252755,      -7.323231488,      -7.224037533,      -4.642713983
          0,           0,        4323,      -10.10400115,      -7.324705003,      -7.225511182,       -4.64418757
          0,           0,        4324,      -10.10547477,      -7.326178451,      -7.226984849,      -4.645661165
          0,           0,        4325,      -10.10694835,      -7.327651935,      -7.228458494,      -4.647134767
          0,           0,        4326,      -10.10842191,      -7.329125389,      -7.229932135,      -4.648608323
          0,           0,        4327,      -10.10989544,      -7.330598862,      -7.231405771,      -4.650081853
          0,           0,        4328,      -10.11136902,      -7.332072352,      -7.232879434,      -4.651555428
          0,           0,        4329,      -10.11284256,      -7.333545762,      -7.234353095,      -4.653028964
          0,           0,        4330,      -10.11431606,      -7.335019189,       -7.23582673,       -4.65450245
          0,           0,        4331,      -10.11578963,      -7.336492643,      -7.237300389,      -4.655975985
          0,           0,        4332,      -10.11726305,      -7.337966108,      -7.238774033,      -4.657449412
          0,           0,        4333,      -10.11873661,      -7.339439537,      -7.240247673,      -4.658922948
          0,           0,        4334,      -10.12021013,      -7.340912953,      -7.241721321,      -4.660396494
          0,           0,        4335,      -10.12168368,      -7.342386384,      -7.243194955,      -4.661870046
          0,           0,        4336,      -10.12315716,      -7.343859803,      -7.244668613,      -4.663343504
          0,           0,        4337,      -10.12463073,      -7.345333234,      -7.246142242,      -4.664817108
          0,           0,        4338,      -10.12610418,      -7.346806643,      -7.247615878,      -4.666290562
          0,           0,        4339,      -10.12757764,      -7.348280051,      -7.249089523,      -4.667763996
          0,           0,        4340,      -10.12905108,       -7.34975348,      -7.250563158,       -4.66923744
          0,           0,        4341,      -10.13052453,      -7.351226889,       -7.25203679,      -4.670710886
          0,           0,        4342,      -10.13199802,      -7.352700325,      -7.253510439,       -4.67218435
          0,           0,        4343,       -10.1334715,      -7.354173758,       -7.25498408,      -4.673657838
          0,           0,        4344,      -10.13494498,      -7.355647198,      -7.256457697,        -4.6751313
          0,           0,        4345,      -10.13641845,      -7.357120591,       -7.25793136,      -4.676604787
          0,           0,        4346,      -10.13789193,      -7.358594002,      -7.259404973,      -4.678078259
          0,           0,        4347,      -10.13936537,      -7.360067398,      -7.260878619,      -4.679551697
          0,           0,        4348,      -10.14083881,      -7.361540769,      -7.262352253,      -4.681025143
          0,           0,        4349,      -10.14231232,      -7.363014197,      -7.263825866,      -4.682498642
          0,           0,        4350,      -10.14378572,       -7.36448757,      -7.265299486,      -4.683972023
          0,           0,        4351,      -10.14525922,      -7.365961047,      -7.266773162,      -4.685445534
          0,           0,        4352,      -10.14673268,      -7.367434458,      -7.268246748,      -4.686919025
          0,           0,        4353,      -10.14820617,      -7.368907861,      -7.269720405,      -4.688392475
          0,           0,        4354,      -10.14967956,      -7.370381345,      -7.271193999,      -4.689865878
          0,           0,        4355,      -10.15115303,       -7.37185474,      -7.272667645,      -4.691339359
          0,           0,        4356,       -10.1526265,      -7.373328255,      -7.274141266,      -4.692812824
          0,           0,        4357,      -10.15410001,      -7.374801673,      -7.275614892,      -4.694286263
          0,           0,        4358,      -10.15557348,      -7.376275118,      -7.277088509,      -4.695759781
          0,           0,        4359,      -10.15704691,      -7.377748557,       -7.27856215,      -4.697233197
          0,           0,        4360,      -10.15852042,      -7.379221969,      -7.280035764,      -4.698706694
          0,           0,        4361,      -10.15999388,      -7.380695418,      -7.281509368,      -4.700180128
          0,           0,        4362,       -10.1614673,      -7.382168895,      -7.282982999,      -4.701653575
          0,           0,        4363,       -10.1629408,      -7.383642362,      -7.284456596,      -4.703127099
          0,           0,        4364,      -10.16441434,      -7.385115852,      -7.285930209,      -4.704600566
          0,           0,        4365,      -10.16588774,       -7.38658934,      -7.287403839,      -4.706073987
          0,           0,        4366,      -10.16736119,      -7.388062842,      -7.288877463,      -4.707547402
          0,           0,        4367,      -10.16883468,      -7.389536349,      -7.290351071,      -4.709020916
          0,           0,        4368,      -10.17030815,      -7.391009859,      -7.291824702,      -4.710494402
          0,           0,        4369,      -10.17178166,      -7.392483312,      -7.293298321,       -4.71196791
          0,           0,        4370,      -10.17325521,      -7.393956852,      -7.294771924,      -4.713441436
          0,           0,        4371,      -10.17472872,       -7.39543035,      -7.296245531,      -4.714914938
          0,           0,        4372,       -10.1762022,      -7.396903809,      -7.297719167,        -4.7163884
          0,           0,        4373,      -10.17767573,      -7.398377318,      -7.299192772,      -4.717861949
          0,           0,        4374,      -10.17914919,      -7.399850907,       -7.30066635,      -4.719335409
          0,           0,        4375,      -10.18062266,      -7.401324465,      -7.302139975,      -4.720808853
          0,           0,        4376,      -10.18209614,      -7.402798057,      -7.303613577,      -4.722282376
          0,           0,        4377,       -10.1835697,      -7.404271611,      -7.305087194,      -4.723755951
          0,           0,        4378,      -10.18504323,      -7.405745215,      -7.306560798,      -4.725229494
          0,           0,        4379,      -10.18651678,      -7.407218825,      -7.308034407,      -4.726703043
          0,           0,        4380,      -10.18799032,      -7.408692438,      -7.309508022,      -4.728176563
          0,           0,        4381,      -10.18946377,      -7.410165944,      -7.310981676,      -4.729650041
          0,           0,        4382,      -10.19093748,      -7.411639528,      -7.312455275,      -4.731123765
          0,           0,        4383,      -10.19241106,      -7.413113106,      -7.313928867,      -4.732597327
          0,           0,        4384,      -10.19388455,      -7.414586762,      -7.315402456,       -4.73407081
          0,           0,        4385,      -10.19535813,      -7.416060428,      -7.316876079,      -4.735544405
          0,           0,        4386,       -10.1968317,       -7.41753402,      -7.318349672,      -4.737017972
          0,           0,        4387,       -10.1983052,      -7.419007612,      -7.319823302,      -4.738491456
          0,           0,        4388,      -10.19977876,       -7.42048123,      -7.321296907,      -4.739965023
          0,           0,        4389,      -10.20125237,      -7.421954926,      -7.322770532,      -4.741438644
          0,           0,        4390,      -10.20272591,      -7.423428603,      -7.324244092,       -4.74291215
          0,           0,        4391,       -10.2041995,      -7.424902296,      -7.325717745,      -4.744385791
          0,           0,        4392,      -10.20567316,      -7.426375959,      -7.327191363,      -4.745859449
          0,           0,        4393,       -10.2071468,      -7.427849673,      -7.328664945,      -4.747333069
          0,           0,        4394,      -10.20862044,      -7.429323332,      -7.330138565,      -4.748806694
          0,           0,        4395,      -10.21009407,      -7.430796992,      -7.331612199,      -4.750280342
          0,           0,        4396,      -10.21156766,      -7.432270646,      -7.333085791,      -4.751753933
          0,           0,        4397,      -10.21304129,      -7.433744392,      -7.334559389,      -4.753227579
          0,           0,        4398,      -10.21451489,      -7.435218104,      -7.336032986,      -4.754701208
          0,           0,        4399,      -10.21598854,      -7.436691808,      -7.337506637,      -4.756174824
          0,           0,        4400,      -10.21746223,      -7.438165543,      -7.338980217,      -4.757648509
          0,           0,        4401,      -10.21893585,      -7.439639285,      -7.340453829,       -4.75912214
          0,           0,        4402,      -10.22040955,      -7.441113025,      -7.341927475,      -4.760595841
          0,           0,        4403,      -10.22188326,      -7.442586759,       -7.34340109,      -4.762069562
          0,           0,        4404,      -10.22335701,      -7.444060492,      -7.344874687,      -4.763543337
          0,           0,        4405,      -10.22483062,      -7.445534235,      -7.346348302,      -4.765016915
          0,           0,        4406,      -10.22630427,      -7.447007963,      -7.347821916,      -4.766490564
          0,           0,        4407,      -10.22777804,      -7.448481794,      -7.349295523,      -4.767964375
          0,           0,        4408,       -10.2292517,      -7.449955528,      -7.350769151,      -4.769437995
          0,           0,        4409,      -10.23072535,      -7.451429331,      -7.352242769,      -4.770911633
          0,           0,        4410,      -10.23219908,      -7.452903118,      -7.353716374,        -4.7723854
          0,           0,        4411,      -10.23367287,      -7.454376889,      -7.355189982,      -4.773859178
          0,           0,        4412,      -10.23514651,      -7.455850719,      -7.356663607,      -4.775332842
          0,           0,        4413,       -10.2366202,      -7.457324457,      -7.358137234,      -4.776806534
          0,           0,        4414,      -10.23809396,      -7.458798273,      -7.359610872,      -4.778280331
          0,           0,        4415,      -10.23956776,      -7.460272029,      -7.361084449,      -4.779754152
          0,           0,        4416,      -10.24104135,       -7.46174572,      -7.362558058,      -4.781227727
          0,           0,        4417,      -10.24251499,      -7.463219528,      -7.364031692,      -4.782701397
          0,           0,        4418,      -10.24398878,      -7.464693309,      -7.365505321,      -4.784175167
          0,           0,        4419,      -10.24546253,      -7.466167081,      -7.366978953,      -4.785648973
          0,           0,        4420,      -10.24693621,      -7.467640897,      -7.368452583,      -4.787122598
          0,           0,        4421,      -10.24840992,      -7.469114692,       -7.36992621,      -4.788596299
          0,           0,        4422,      -10.24988372,      -7.470588573,      -7.371399818,      -4.790070106
          0,           0,        4423,      -10.25135742,      -7.472062317,      -7.372873483,      -4.791543837
          0,           0,        4424,      -10.25283118,      -7.473536132,      -7.374347086,      -4.793017635
          0,           0,        4425,        -10.254305,      -7.475009975,      -7.375820709,      -4.794491416
          0,           0,        4426,      -10.25577881,      -7.476483754,      -7.377294337,      -4.795965239
          0,           0,        4427,      -10.25725261,       -7.47795754,      -7.378767945,      -4.797439019
          0,           0,        4428,       -10.2587264,      -7.479431383,      -7.380241568,      -4.798912849
          0,           0,        4429,      -10.26020012,      -7.480905046,       -7.38171522,      -4.800386531
          0,           0,        4430,      -10.26167386,      -7.482378865,      -7.383188846,      -4.801860311
          0,           0,        4431,      -10.26314765,      -7.483852649,      -7.384662469,      -4.803334085
          0,           0,        4432,      -10.26462138,      -7.485326458,      -7.386136121,      -4.804807774
          0,           0,        4433,       -10.2660952,      -7.486800299,      -7.387609754,      -4.806281609
          0,           0,        4434,      -10.26756894,      -7.488274089,      -7.389083371,      -4.807755347
          0,           0,        4435,       -10.2690427,      -7.489747849,      -7.390557013,      -4.809229142
          0,           0,        4436,      -10.27051657,      -7.491221705,      -7.392030626,      -4.810702993
          0,           0,        4437,      -10.27199028,      -7.492695377,      -7.393504267,      -4.812176674
          0,           0,        4438,      -10.27346406,      -7.494169197,      -7.394977912,      -4.813650442
          0,           0,        4439,      -10.27493773,       -7.49564292,      -7.396451541,       -4.81512417
          0,           0,        4440,      -10.27641145,       -7.49711671,      -7.397925175,      -4.816597902
          0,           0,        4441,      -10.27788513,       -7.49859052,      -7.399398845,      -4.818071525
          0,           0,        4442,      -10.27935896,      -7.500064242,      -7.400872454,      -4.819545442
          0,           0,        4443,      -10.28083268,      -7.501537901,       -7.40234611,      -4.821019138
          0,           0,        4444,      -10.28230642,      -7.503011729,      -7.403819752,      -4.822492881
          0,           0,        4445,      -10.28378016,       -7.50448545,      -7.405293387,      -4.823966665
          0,           0,        4446,      -10.28525387,      -7.505959184,      -7.406767031,      -4.825440353
          0,           0,        4447,      -10.28672761,      -7.507432877,      -7.408240678,      -4.826914079
          0,           0,        4448,      -10.28820139,      -7.508906668,      -7.409714329,      -4.828387905
          0,           0,        4449,      -10.28967518,       -7.51038048,      -7.411187947,      -4.829861675
          0,           0,        4450,      -10.29114894,      -7.511854122,      -7.412661601,      -4.831335409
          0,           0,        4451,      -10.29262274,       -7.51332786,      -7.414135245,      -4.832809227
          0,           0,        4452,      -10.29409644,      -7.514801561,      -7.415608899,      -4.834282946
          0,           0,        4453,      -10.29557017,      -7.516275297,      -7.417082503,      -4.835756655
          0,           0,        4454,      -10.29704384,      -7.517748998,      -7.418556176,      -4.837230323
          0,           0,        4455,      -10.29851765,      -7.519222686,      -7.420029789,      -4.838704128
          0,           0,        4456,      -10.29999138,      -7.520696384,       -7.42150344,      -4.840177894
          0,           0,        4457,      -10.30146506,      -7.522170076,      -7.422977124,      -4.841651565
          0,           0,        4458,      -10.30293884,      -7.523643721,       -7.42445074,      -4.843125308
          0,           0,        4459,      -10.30441259,      -7.525117406,      -7.425924409,       -4.84459908
          0,           0,        4460,      -10.30588619,      -7.526591055,      -7.427398028,      -4.846072642
          0,           0,        4461,      -10.30735988,      -7.528064775,      -7.428871701,       -4.84754639
          0,           0,        4462,      -10.30883359,      -7.529538405,      -7.430345321,      -4.849020092
          0,           0,        4463,      -10.31030728,      -7.531012018,      -7.431819006,      -4.850493754
          0,           0,        4464,      -10.31178095,      -7.532485566,      -7.433292642,      -4.851967395
          0,           0,        4465,      -10.31325464,      -7.533959233,      -7.434766267,      -4.853441108
          0,           0,        4466,      -10.31472841,      -7.535432856,      -7.436239904,      -4.854914856
          0,           0,        4467,      -10.31620196,      -7.536906517,      -7.437713537,      -4.856388375
          0,           0,        4468,      -10.31767552,      -7.538380261,      -7.439187211,      -4.857861997
          0,           0,        4469,      -10.31914916,        -7.5398538,      -7.440660827,      -4.859335623
          0,           0,        4470,      -10.32062283,      -7.541327351,        -7.4421345,      -4.860809257
          0,           0,        4471,      -10.32209652,      -7.542800921,       -7.44360813,      -4.862282952
          0,           0,        4472,      -10.32357013,      -7.544274531,      -7.445081787,      -4.863756562
          0,           0,        4473,       -10.3250438,      -7.545748168,      -7.446555449,      -4.865230237
          0,           0,        4474,      -10.32651748,      -7.547221824,      -7.448029073,      -4.866703949
          0,           0,        4475,      -10.32799113,      -7.548695296,      -7.449502744,      -4.868177513
          0,           0,        4476,      -10.32946488,      -7.550168913,      -7.450976383,      -4.869651247
          0,           0,        4477,      -10.33093846,      -7.551642483,      -7.452450031,      -4.871124847
          0,           0,        4478,      -10.33241217,      -7.553116056,      -7.453923672,      -4.872598549
          0,           0,        4479,      -10.33388581,      -7.554589543,      -7.455397328,      -4.874072236
          0,           0,        4480,      -10.33535924,      -7.556063138,      -7.456870917,      -4.875545625
          0,           0,        4481,      -10.33683289,      -7.557536744,      -7.458344567,       -4.87701927
          0,           0,        4482,       -10.3383065,      -7.559010296,      -7.459818249,      -4.878492886
          0,           0,        4483,      -10.33978019,       -7.56048391,      -7.461291891,      -4.879966568
          0,           0,        4484,      -10.34125369,      -7.561957379,       -7.46276557,      -4.881440069
          0,           0,        4485,       -10.3427273,      -7.563430848,      -7.464239183,      -4.882913626
          0,           0,        4486,      -10.34420091,      -7.564904488,      -7.465712816,      -4.884387274
          0,           0,        4487,      -10.34567456,      -7.566378021,       -7.46718648,      -4.885860921
          0,           0,        4488,      -10.34714826,      -7.567851471,      -7.468660112,      -4.887334596
          0,           0,        4489,      -10.34862166,      -7.569324995,      -7.470133729,      -4.888808072
          0,           0,        4490,      -10.35009523,      -7.570798489,      -7.471607372,      -4.890281567
          0,           0,        4491,      -10.35156868,      -7.572272056,      -7.473081016,      -4.891755077
          0,           0,        4492,      -10.35304224,      -7.573745531,      -7.474554656,       -4.89322869
          0,           0,        4493,      -10.35451581,      -7.575219135,      -7.476028308,      -4.894702205
          0,           0,        4494,      -10.35598938,      -7.576692632,      -7.477501949,      -4.896175731
          0,           0,        4495,      -10.35746294,      -7.578166172,      -7.478975595,      -4.897649281
          0,           0,        4496,       -10.3589366,      -7.579639637,      -7.480449224,      -4.899122971
          0,           0,        4497,       -10.3604101,      -7.581113079,      -7.481922882,       -4.90059646
          0,           0,        4498,      -10.36188366,      -7.582586629,       -7.48339649,      -4.902070013
          0,           0,        4499,      -10.36335725,      -7.584060122,      -7.484870128,      -4.903543622
          0,           0,        4500,      -10.36483064,       -7.58553358,      -7.486343762,      -4.905016965
          0,           0,        4501,      -10.36630425,      -7.587007035,       -7.48781743,      -4.906490643
          0,           0,        4502,      -10.36777782,      -7.588480608,      -7.489291021,      -4.907964135
          0,           0,        4503,      -10.36925127,      -7.589954098,      -7.490764665,      -4.909437597
          0,           0,        4504,      -10.37072488,       -7.59142769,      -7.492238297,      -4.910911192
          0,           0,        4505,       -10.3721983,      -7.592901216,      -7.493711946,      -4.912384602
          0,           0,        4506,       -10.3736719,      -7.594374727,      -7.495185584,      -4.913858192
          0,           0,        4507,      -10.37514548,      -7.595848312,      -7.496659186,       -4.91533187
          0,           0,        4508,      -10.37661902,      -7.597321613,      -7.498132868,      -4.916805342
          0,           0,        4509,      -10.37809251,      -7.598795066,      -7.499606488,      -4.918278836
          0,           0,        4510,      -10.37956619,      -7.600268692,      -7.501080058,      -4.919752491
          0,           0,        4511,      -10.38103957,       -7.60174211,      -7.502553715,      -4.921225902
          0,           0,        4512,      -10.38251309,      -7.603215572,      -7.504027378,      -4.922699439
          0,           0,        4513,      -10.38398661,      -7.604689113,      -7.505500989,      -4.924172934
          0,           0,        4514,      -10.38546019,      -7.606162668,      -7.506974622,      -4.925646491
          0,           0,        4515,      -10.38693364,      -7.607636194,      -7.508448246,      -4.927119867
          0,           0,        4516,      -10.38840719,      -7.609109661,      -7.509921886,      -4.928593409
          0,           0,        4517,      -10.38988073,      -7.610583233,      -7.511395474,      -4.930066963
          0,           0,        4518,      -10.39135426,      -7.612056797,      -7.512869104,       -4.93154045
          0,           0,        4519,      -10.39282783,       -7.61353029,      -7.514342764,        -4.9330141
          0,           0,        4520,      -10.39430136,       -7.61500387,      -7.515816392,      -4.934487605
          0,           0,        4521,      -10.39577495,      -7.616477364,      -7.517289992,      -4.935961179
          0,           0,        4522,      -10.39724847,      -7.617950913,      -7.518763614,      -4.937434787
          0,           0,        4523,      -10.39872198,      -7.619424475,      -7.520237235,       -4.93890828
          0,           0,        4524,      -10.40019562,      -7.620898014,      -7.521710902,      -4.940381875
          0,           0,        4525,      -10.40166918,      -7.622371469,      -7.523184476,      -4.941855447
          0,           0,        4526,      -10.40314264,      -7.623844967,      -7.524658098,      -4.943328958
          0,           0,        4527,      -10.40461608,      -7.625318544,      -7.526131698,      -4.944802379
          0,           0,        4528,      -10.40608954,      -7.626792171,      -7.527605335,      -4.946275867
          0,           0,        4529,      -10.40756307,      -7.628265727,      -7.529078958,       -4.94774937
          0,           0,        4530,      -10.40903659,      -7.629739273,        -7.5305526,      -4.949222926
          0,           0,        4531,      -10.41051027,      -7.631212881,      -7.532026207,       -4.95069656
          0,           0,        4532,      -10.41198377,      -7.632686361,      -7.533499801,      -4.952170135
          0,           0,        4533,      -10.41345725,       -7.63416001,      -7.534973423,      -4.953643571
          0,           0,        4534,      -10.41493096,      -7.635633576,      -7.536447023,      -4.955117302
          0,           0,        4535,      -10.41640453,      -7.637107146,      -7.537920679,      -4.956590874
          0,           0,        4536,      -10.41787809,      -7.638580712,      -7.539394281,      -4.958064405
          0,           0,        4537,      -10.41935158,      -7.640054254,      -7.540867905,      -4.959537941
          0,           0,        4538,      -10.42082516,      -7.641527896,      -7.542341529,      -4.961011439
          0,           0,        4539,      -10.42229878,      -7.643001573,      -7.543815138,      -4.962485024
          0,           0,        4540,      -10.42377234,      -7.644475144,      -7.545288803,      -4.963958659
          0,           0,        4541,      -10.42524606,      -7.645948715,       -7.54676239,       -4.96543237
          0,           0,        4542,       -10.4267196,      -7.647422256,      -7.548236044,      -4.966905856
          0,           0,        4543,      -10.42819317,      -7.648895918,      -7.549709652,      -4.968379494
          0,           0,        4544,      -10.42966685,      -7.650369518,      -7.551183217,      -4.969853142
          0,           0,        4545,      -10.43114034,      -7.651843106,      -7.552656859,      -4.971326695
          0,           0,        4546,      -10.43261392,      -7.653316725,       -7.55413049,      -4.972800198
          0,           0,        4547,      -10.43408754,      -7.654790432,      -7.555604068,      -4.974273751
          0,           0,        4548,      -10.43556111,      -7.656264165,      -7.557077727,      -4.975747412
          0,           0,        4549,      -10.43703475,      -7.657737797,      -7.558551337,      -4.977221054
          0,           0,        4550,      -10.43850817,      -7.659211418,      -7.560024963,      -4.978694473
          0,           0,        4551,      -10.43998205,      -7.660685115,      -7.561498561,      -4.980168345
          0,           0,        4552,      -10.44145573,      -7.662158693,      -7.562972188,      -4.981642064
          0,           0,        4553,      -10.44292922,      -7.663632371,      -7.564445851,      -4.983115512
          0,           0,        4554,      -10.44440302,      -7.665106112,      -7.565919426,      -4.984589322
          0,           0,        4555,      -10.44587661,      -7.666579693,      -7.567393036,      -4.986062961
          0,           0,        4556,      -10.44735011,       -7.66805339,      -7.568866678,      -4.987536441
          0,           0,        4557,       -10.4488237,      -7.669527012,      -7.570340258,      -4.989009949
          0,           0,        4558,       -10.4502974,      -7.671000675,      -7.571813885,      -4.990483731
          0,           0,        4559,      -10.45177091,      -7.672474407,      -7.573287513,      -4.991957244
          0,           0,        4560,       -10.4532446,      -7.673948065,      -7.574761126,      -4.993430874
          0,           0,        4561,      -10.45471833,      -7.675421783,      -7.576234775,      -4.994904688
          0,           0,        4562,      -10.45619199,      -7.676895562,      -7.577708323,      -4.996378307
          0,           0,        4563,      -10.45766554,      -7.678369199,      -7.579181934,      -4.997851854
          0,           0,        4564,      -10.45913918,      -7.679842879,      -7.580655595,      -4.999325472
          0,           0,        4565,      -10.46061272,      -7.681316517,      -7.582129287,      -5.000799075
          0,           0,        4566,      -10.46208641,      -7.682790335,       -7.58360289,      -5.002272741
          0,           0,        4567,      -10.46356014,       -7.68426403,      -7.585076506,      -5.003746491
          0,           0,        4568,      -10.46503386,      -7.685737557,      -7.586550102,      -5.005220168
          0,           0,        4569,      -10.46650763,      -7.687211301,       -7.58802378,      -5.006693993
          0,           0,        4570,      -10.46798126,      -7.688685163,      -7.589497332,       -5.00816754
          0,           0,        4571,      -10.46945489,      -7.690158841,      -7.590970998,       -5.00964122
          0,           0,        4572,      -10.47092869,      -7.691632628,      -7.592444607,      -5.011115008
          0,           0,        4573,      -10.47240236,      -7.693106204,      -7.593918233,      -5.012588761
          0,           0,        4574,      -10.47387607,      -7.694579916,      -7.595391826,      -5.014062456
          0,           0,        4575,      -10.47534958,      -7.696053704,      -7.596865395,      -5.015535986
          0,           0,        4576,      -10.47682315,      -7.697527382,      -7.598339088,      -5.017009556
          0,           0,        4577,      -10.47829683,      -7.699001157,      -7.599812718,      -5.018483283
          0,           0,        4578,      -10.47977054,      -7.700474931,      -7.601286338,      -5.019956931
          0,           0,        4579,       -10.4812443,      -7.701948704,      -7.602759995,      -5.021430671
          0,           0,        4580,      -10.48271812,       -7.70342235,      -7.604233603,      -5.022904557
          0,           0,        4581,      -10.48419188,      -7.704896001,      -7.605707249,      -5.024378285
          0,           0,        4582,      -10.48566554,       -7.70636972,      -7.607180904,      -5.025851926
          0,           0,        4583,      -10.48713938,      -7.707843551,      -7.608654464,      -5.027325822
          0,           0,        4584,      -10.48861292,      -7.709317348,      -7.610128081,      -5.028799348
          0,           0,        4585,      -10.49008667,      -7.710791026,      -7.611601733,      -5.030273105
          0,           0,        4586,      -10.49156037,      -7.712264749,      -7.613075352,       -5.03174679
          0,           0,        4587,      -10.49303406,      -7.713738446,      -7.614549009,        -5.0332205
          0,           0,        4588,      -10.49450771,      -7.715212111,      -7.616022655,       -5.03469409
          0,           0,        4589,      -10.49598153,      -7.716685845,      -7.617496278,      -5.036167876
          0,           0,        4590,      -10.49745527,      -7.718159687,      -7.618969873,      -5.037641728
          0,           0,        4591,      -10.49892886,      -7.719633313,       -7.62044352,      -5.039115282
          0,           0,        4592,      -10.50040248,      -7.721106889,      -7.621917194,      -5.040588847
          0,           0,        4593,      -10.50187624,      -7.722580745,      -7.623390775,      -5.042062667
          0,           0,        4594,      -10.50334992,      -7.724054573,      -7.624864391,      -5.043536338
          0,           0,        4595,       -10.5048237,      -7.725528234,      -7.626338106,      -5.045010064
          0,           0,        4596,       -10.5062974,      -7.727001956,      -7.627811744,      -5.046483749
          0,           0,        4597,      -10.50777131,      -7.728475742,      -7.629285374,       -5.04795782
          0,           0,        4598,      -10.50924505,      -7.729949235,      -7.630759039,      -5.049431448
          0,           0,        4599,      -10.51071882,      -7.731422979,      -7.632232606,       -5.05090521
          0,           0,        4600,      -10.51219225,      -7.732896699,      -7.633706176,      -5.052378685
          0,           0,        4601,      -10.51366608,      -7.734370627,      -7.635179813,      -5.053852445
          0,           0,        4602,      -10.51513965,      -7.735844209,      -7.636653469,      -5.055326026
          0,           0,        4603,      -10.51661338,      -7.737317901,      -7.638127112,      -5.056799757
          0,           0,        4604,      -10.51808684,      -7.738791625,      -7.639600777,      -5.058273182
          0,           0,        4605,      -10.51956068,      -7.740265516,      -7.641074367,      -5.059747096
          0,           0,        4606,      -10.52103441,      -7.741739073,      -7.642548024,      -5.061220855
          0,           0,        4607,      -10.52250819,      -7.743212764,       -7.64402169,      -5.062694606
          0,           0,        4608,      -10.52398174,      -7.744686414,      -7.645495284,      -5.064168129
          0,           0,        4609,       -10.5254554,      -7.746160042,      -7.646968931,      -5.065641759
          0,           0,        4610,      -10.52692913,       -7.74763379,      -7.648442555,      -5.067115587
          0,           0,        4611,      -10.52840278,      -7.749107494,      -7.649916221,      -5.068589236
          0,           0,        4612,      -10.52987645,      -7.750581087,      -7.651389844,      -5.070062979
          0,           0,        4613,      -10.53135033,      -7.752054726,      -7.652863523,      -5.071536807
          0,           0,        4614,      -10.53282391,      -7.753528344,      -7.654337108,      -5.073010323
          0,           0,        4615,      -10.53429758,       -7.75500199,      -7.655810798,      -5.074483977
          0,           0,        4616,      -10.53577111,       -7.75647567,      -7.657284452,       -5.07595753
          0,           0,        4617,      -10.53724487,      -7.757949298,      -7.658758104,      -5.077431365
          0,           0,        4618,      -10.53871852,      -7.759423029,      -7.660231683,       -5.07890498
          0,           0,        4619,      -10.54019216,      -7.760896776,      -7.661705353,       -5.08037864
          0,           0,        4620,      -10.54166594,      -7.762370485,      -7.663178971,       -5.08185249
          0,           0,        4621,      -10.54313966,      -7.763844028,      -7.664652608,      -5.083326187
          0,           0,        4622,      -10.54461334,       -7.76531767,      -7.666126257,      -5.084799775
          0,           0,        4623,      -10.54608707,      -7.766791387,      -7.667599914,      -5.086273474
          0,           0,        4624,      -10.54756067,       -7.76826503,      -7.669073488,      -5.087747107
          0,           0,        4625,      -10.54903432,      -7.769738584,       -7.67054719,      -5.089220762
          0,           0,        4626,      -10.55050807,      -7.771212294,      -7.672020801,      -5.090694586
          0,           0,        4627,      -10.55198159,      -7.772685887,      -7.673494463,       -5.09216804
          0,           0,        4628,      -10.55345535,      -7.774159563,      -7.674968062,      -5.093641772
          0,           0,        4629,      -10.55492901,      -7.775632998,      -7.676441673,      -5.095115392
          0,           0,        4630,      -10.55640254,      -7.777106686,      -7.677915348,      -5.096589004
          0,           0,        4631,      -10.55787617,      -7.778580193,      -7.679388954,       -5.09806264
          0,           0,        4632,      -10.55934985,      -7.780054005,      -7.680862589,      -5.099536213
          0,           0,        4633,      -10.56082337,      -7.781527576,       -7.68233627,      -5.101009806
          0,           0,        4634,      -10.56229698,      -7.783001196,      -7.683809958,      -5.102483424
          0,           0,        4635,      -10.56377058,      -7.784474753,      -7.685283625,      -5.103956961
          0,           0,        4636,      -10.56524451,      -7.785948316,      -7.686757216,      -5.105430999
          0,           0,        4637,      -10.56671804,      -7.787421902,      -7.688230845,      -5.106904439
          0,           0,        4638,      -10.56819177,        -7.7888956,      -7.689704449,      -5.108378078
          0,           0,        4639,      -10.56966509,      -7.790369138,       -7.69117815,      -5.109851481
          0,           0,        4640,       -10.5711388,      -7.791842777,      -7.692651776,      -5.111325229
          0,           0,        4641,      -10.57261239,      -7.793316363,      -7.694125388,      -5.112798818
          0,           0,        4642,      -10.57408617,      -7.794789871,      -7.695599089,      -5.114272611
          0,           0,        4643,      -10.57555994,      -7.796263473,      -7.697072698,      -5.115746328
          0,           0,        4644,      -10.57703352,      -7.797737085,      -7.698546318,      -5.117219827
          0,           0,        4645,      -10.57850703,      -7.799210571,      -7.700019955,      -5.118693289
          0,           0,        4646,      -10.57998055,      -7.800684133,      -7.701493546,      -5.120166981
          0,           0,        4647,      -10.58145407,      -7.802157851,      -7.702967205,      -5.121640462
          0,           0,        4648,      -10.58292762,      -7.803631334,      -7.704440923,      -5.123113937
          0,           0,        4649,       -10.5844012,      -7.805104962,      -7.705914458,      -5.124587602
          0,           0,        4650,      -10.58587489,      -7.806578622,      -7.707388131,       -5.12606119
          0,           0,        4651,      -10.58734866,      -7.808052117,      -7.708861799,      -5.127534906
          0,           0,        4652,      -10.58882218,      -7.809525644,       -7.71033543,      -5.129008568
          0,           0,        4653,      -10.59029585,      -7.810999245,      -7.711809076,      -5.130482229
          0,           0,        4654,      -10.59176945,       -7.81247261,      -7.713282666,      -5.131955819
          0,           0,        4655,       -10.5932429,      -7.813946231,      -7.714756335,      -5.133429254
          0,           0,        4656,      -10.59471666,      -7.815419853,      -7.716229871,      -5.134903051
          0,           0,        4657,      -10.59619013,      -7.816893331,        -7.7177036,      -5.136376565
          0,           0,        4658,      -10.59766357,      -7.818366839,      -7.719177245,      -5.137849938
          0,           0,        4659,      -10.59913724,      -7.819840357,      -7.720650855,      -5.139323518
          0,           0,        4660,      -10.60061078,      -7.821313908,      -7.722124473,      -5.140796993
          0,           0,        4661,      -10.60208422,      -7.822787582,      -7.723598074,      -5.142270536
          0,           0,        4662,       -10.6035579,      -7.824261318,      -7.725071688,      -5.143744272
          0,           0,        4663,      -10.60503142,      -7.825734833,      -7.726545386,      -5.145217739
          0,           0,        4664,      -10.60650518,      -7.827208321,      -7.728019047,      -5.146691492
          0,           0,        4665,      -10.60797884,      -7.828681984,      -7.729492673,      -5.148165176
          0,           0,        4666,       -10.6094523,      -7.830155366,      -7.730966341,      -5.149638556
          0,           0,        4667,      -10.61092593,      -7.831629011,      -7.732439881,      -5.151112356
          0,           0,        4668,      -10.61239963,      -7.833102552,      -7.733913491,      -5.152585977
          0,           0,        4669,       -10.6138732,      -7.834575977,      -7.735387129,      -5.154059604
          0,           0,        4670,      -10.61534676,      -7.836049582,      -7.736860809,      -5.155533008
          0,           0,        4671,      -10.61682024,       -7.83752303,      -7.738334422,      -5.157006591
          0,           0,        4672,      -10.61829373,      -7.838996765,      -7.739808037,      -5.158480035
          0,           0,        4673,      -10.61976738,      -7.840470367,      -7.741281664,      -5.159953717
          0,           0,        4674,      -10.62124107,      -7.841943962,       -7.74275532,      -5.161427285
          0,           0,        4675,      -10.62271466,      -7.843417614,       -7.74422889,       -5.16290097
          0,           0,        4676,      -10.62418816,      -7.844891105,      -7.745702528,      -5.164374574
          0,           0,        4677,      -10.62566157,        -7.8463648,      -7.747176182,      -5.165847911
          0,           0,        4678,      -10.62713519,      -7.847838317,      -7.748649851,      -5.167321432
          0,           0,        4679,      -10.62860876,      -7.849311728,      -7.750123458,      -5.168795064
          0,           0,        4680,      -10.63008226,      -7.850785357,      -7.751597051,      -5.170268588
          0,           0,        4681,      -10.63155586,      -7.852258686,      -7.753070707,      -5.171742143
          0,           0,        4682,      -10.63302934,      -7.853732292,      -7.754544302,      -5.173215771
          0,           0,        4683,      -10.63450297,      -7.855205844,      -7.756018012,      -5.174689339
          0,           0,        4684,      -10.63597654,      -7.856679688,      -7.757491551,      -5.176162961
          0,           0,        4685,      -10.63745026,      -7.858153222,      -7.758965206,      -5.177636588
          0,           0,        4686,      -10.63892377,      -7.859626785,      -7.760438888,      -5.179110161
          0,           0,        4687,      -10.64039736,      -7.861100321,      -7.761912466,      -5.180583824
          0,           0,        4688,      -10.64187077,      -7.862573844,      -7.763386068,      -5.182057142
          0,           0,        4689,      -10.64334446,      -7.864047361,      -7.764859725,      -5.183530922
          0,           0,        4690,      -10.64481811,      -7.865521064,      -7.766333294,      -5.185004442
          0,           0,        4691,      -10.64629169,      -7.866994577,      -7.767806864,      -5.186478038
          0,           0,        4692,      -10.64776528,      -7.868468268,       -7.76928054,      -5.187951666
          0,           0,        4693,      -10.64923863,      -7.869941956,      -7.770754227,       -5.18942503
          0,           0,        4694,       -10.6507125,      -7.871415473,      -7.772227871,      -5.190898754
          0,           0,        4695,      -10.65218606,      -7.872889142,       -7.77370143,      -5.192372445
          0,           0,        4696,      -10.65365962,      -7.874362646,      -7.775175068,      -5.193845973
          0,           0,        4697,      -10.65513292,      -7.875836235,       -7.77664869,      -5.195319369
          0,           0,        4698,      -10.65660656,      -7.877309811,      -7.778122301,      -5.196792892
          0,           0,        4699,      -10.65808023,      -7.878783635,      -7.779595953,      -5.198266576
          0,           0,        4700,      -10.65955383,      -7.880257221,      -7.781069577,      -5.199740287
          0,           0,        4701,      -10.66102753,      -7.881730724,      -7.782543254,      -5.201213949
          0,           0,        4702,      -10.66250123,      -7.883204327,      -7.784016776,      -5.202687583
          0,           0,        4703,       -10.6639749,      -7.884678015,      -7.785490475,      -5.204161214
          0,           0,        4704,      -10.66544858,      -7.886151553,      -7.786964125,      -5.205634954
          0,           0,        4705,       -10.6669222,       -7.88762513,      -7.788437668,      -5.207108501
          0,           0,        4706,      -10.66839586,      -7.889098712,      -7.789911366,      -5.208582197
          0,           0,        4707,       -10.6698696,      -7.890572431,      -7.791384939,      -5.210055905
          0,           0,        4708,      -10.67134302,      -7.892046033,      -7.792858595,       -5.21152927
          0,           0,        4709,      -10.67281639,      -7.893519676,      -7.794332197,      -5.213002801
          0,           0,        4710,      -10.67429026,      -7.894993538,      -7.795805701,      -5.214476525
          0,           0,        4711,      -10.67576393,      -7.896466992,      -7.797279381,      -5.215950177
          0,           0,        4712,      -10.67723713,      -7.897940778,      -7.798752986,      -5.217423464
          0,           0,        4713,      -10.67871097,        -7.8994144,      -7.800226706,      -5.218897239
          0,           0,        4714,      -10.68018464,      -7.900888033,      -7.801700242,      -5.220370921
          0,           0,        4715,      -10.68165817,      -7.902361736,      -7.803173977,      -5.221844536
          0,           0,        4716,      -10.68313219,      -7.903835214,      -7.804647531,      -5.223318525
          0,           0,        4717,      -10.68460569,      -7.905308926,      -7.806121197,       -5.22479208
          0,           0,        4718,      -10.68607935,      -7.906782622,      -7.807594795,      -5.226265699
          0,           0,        4719,      -10.68755273,       -7.90825631,       -7.80906834,      -5.227739073
          0,           0,        4720,      -10.68902617,       -7.90972992,      -7.810542035,      -5.229212524
          0,           0,        4721,      -10.69049999,      -7.911203393,       -7.81201574,      -5.230686223
          0,           0,        4722,      -10.69197347,       -7.91267706,       -7.81348928,       -5.23215979
          0,           0,        4723,      -10.69344724,       -7.91415075,      -7.814962908,        -5.2336336
          0,           0,        4724,      -10.69492086,      -7.915624694,      -7.816436498,      -5.235107121
          0,           0,        4725,      -10.69639441,      -7.917098413,      -7.817910098,      -5.236580715
          0,           0,        4726,      -10.69786808,      -7.918572041,      -7.819383859,       -5.23805441
          0,           0,        4727,      -10.69934182,       -7.92004576,      -7.820857445,      -5.239528177
          0,           0,        4728,      -10.70081548,      -7.921519147,      -7.822331101,      -5.241001832
          0,           0,        4729,      -10.70228941,      -7.922992691,      -7.823804685,      -5.242475876
          0,           0,        4730,      -10.70376329,      -7.924466524,      -7.825278276,      -5.243949602
          0,           0,        4731,      -10.70523641,      -7.925940082,      -7.826751887,      -5.245422948
          0,           0,        4732,       -10.7067102,      -7.927414139,       -7.82822539,      -5.246896664
          0,           0,        4733,      -10.70818363,      -7.928887654,      -7.829699179,      -5.248369929
          0,           0,        4734,      -10.70965736,      -7.930361502,       -7.83117276,      -5.249843742
          0,           0,        4735,      -10.71113116,      -7.931835081,      -7.832646423,      -5.251317395
          0,           0,        4736,       -10.7126048,      -7.933308739,      -7.834120103,      -5.252791136
          0,           0,        4737,      -10.71407858,      -7.934782374,      -7.835593707,      -5.254264915
          0,           0,        4738,      -10.71555211,       -7.93625592,      -7.837067368,      -5.255738399
          0,           0,        4739,      -10.71702583,      -7.937729713,       -7.83854087,      -5.257212064
          0,           0,        4740,      -10.71849943,      -7.939203363,      -7.840014514,      -5.258685858
          0,           0,        4741,      -10.71997329,      -7.940677083,      -7.841488167,      -5.260159621
          0,           0,        4742,      -10.72144666,      -7.942150779,      -7.842961837,      -5.261633075
          0,           0,        4743,      -10.72292043,      -7.943624669,      -7.844435415,      -5.263106792
          0,           0,        4744,      -10.72439423,      -7.945098442,      -7.845909099,      -5.264580688
          0,           0,        4745,      -10.72586774,       -7.94657183,      -7.847382706,      -5.266054186
          0,           0,        4746,      -10.72734137,       -7.94804546,      -7.848856348,       -5.26752793
          0,           0,        4747,      -10.72881516,      -7.949519209,      -7.850329987,        -5.2690015
          0,           0,        4748,      -10.73028873,      -7.950993017,      -7.851803598,      -5.270475094
          0,           0,        4749,      -10.73176248,      -7.952466453,      -7.853277221,      -5.271948977
          0,           0,        4750,      -10.73323612,      -7.953940024,      -7.854750931,      -5.273422552
          0,           0,        4751,      -10.73470992,      -7.955413918,      -7.856224435,      -5.274896383
          0,           0,        4752,       -10.7361833,      -7.956887413,      -7.857698059,      -5.276369533
          0,           0,        4753,      -10.73765669,      -7.958361501,      -7.859171669,       -5.27784317
          0,           0,        4754,       -10.7391304,      -7.959835238,      -7.860645339,      -5.279316937
          0,           0,        4755,       -10.7406043,      -7.961308936,      -7.862118979,      -5.280790791
          0,           0,        4756,      -10.74207804,      -7.962782475,      -7.863592706,      -5.282264478
          0,           0,        4757,      -10.74355155,      -7.964256238,      -7.865066301,      -5.283738084
          0,           0,        4758,      -10.74502569,      -7.965729952,      -7.866539945,      -5.285212112
          0,           0,        4759,      -10.74649937,      -7.967203672,      -7.868013612,      -5.286685776
          0,           0,        4760,      -10.74797328,      -7.968677135,      -7.869487183,      -5.288159612
          0,           0,        4761,      -10.74944676,      -7.970150882,      -7.870960778,      -5.289633182
          0,           0,        4762,      -10.75092041,      -7.971624488,      -7.872434349,      -5.291106743
          0,           0,        4763,      -10.75239389,      -7.973098237,       -7.87390802,      -5.292580305
          0,           0,        4764,      -10.75386757,      -7.974572069,      -7.875381739,      -5.294053926
          0,           0,        4765,      -10.75534125,      -7.976045704,      -7.876855399,      -5.295527597
          0,           0,        4766,      -10.75681494,      -7.977519198,      -7.878328998,      -5.297001319
          0,           0,        4767,      -10.75828874,       -7.97899294,      -7.879802671,      -5.298475186
          0,           0,        4768,      -10.75976251,      -7.980466479,      -7.881276184,      -5.299948927
          0,           0,        4769,       -10.7612361,      -7.981940229,      -7.882749874,      -5.301422475
          0,           0,        4770,      -10.76270977,      -7.983413814,      -7.884223516,       -5.30289617
          0,           0,        4771,      -10.76418342,      -7.984887459,      -7.885697108,      -5.304369831
          0,           0,        4772,      -10.76565723,      -7.986361186,      -7.887170827,      -5.305843686
          0,           0,        4773,      -10.76713086,      -7.987834931,      -7.888644365,      -5.307317299
          0,           0,        4774,      -10.76860417,      -7.989308513,      -7.890117948,      -5.308790706
          0,           0,        4775,      -10.77007768,      -7.990782112,      -7.891591597,      -5.310264076
          0,           0,        4776,      -10.77155131,      -7.992255972,      -7.893065209,      -5.311737729
          0,           0,        4777,      -10.77302517,      -7.993729645,       -7.89453897,      -5.313211619
          0,           0,        4778,      -10.77449884,      -7.995203241,      -7.896012643,      -5.314685239
          0,           0,        4779,      -10.77597247,      -7.996676883,      -7.897486253,      -5.316159024
          0,           0,        4780,      -10.77744643,      -7.998150448,        -7.8989599,      -5.317633008
          0,           0,        4781,      -10.77892014,      -7.999624131,      -7.900433398,      -5.319106645
          0,           0,        4782,       -10.7803937,      -8.001097685,      -7.901907078,      -5.320580293
          0,           0,        4783,      -10.78186727,      -8.002571413,      -7.903380703,       -5.32205382
          0,           0,        4784,      -10.78334097,      -8.004044802,      -7.904854453,      -5.323527535
          0,           0,        4785,      -10.78481427,      -8.005518538,      -7.906328105,      -5.325000847
          0,           0,        4786,       -10.7862882,      -8.006992295,      -7.907801661,      -5.326474638
          0,           0,        4787,       -10.7877619,      -8.008466021,      -7.909275227,      -5.327948187
          0,           0,        4788,      -10.78923549,       -8.00993979,      -7.910748893,      -5.329421938
          0,           0,        4789,      -10.79070908,      -8.011413104,      -7.912222572,      -5.330895441
          0,           0,        4790,      -10.79218283,       -8.01288687,      -7.913696192,      -5.332369213
          0,           0,        4791,      -10.79365645,      -8.014360408,      -7.915169782,      -5.333842769
          0,           0,        4792,      -10.79513001,      -8.015833945,      -7.916643515,      -5.335316516
          0,           0,        4793,      -10.79660372,      -8.017307614,      -7.918117038,      -5.336790156
          0,           0,        4794,      -10.79807713,      -8.018781296,      -7.919590763,      -5.338263597
          0,           0,        4795,      -10.79955116,      -8.020254813,      -7.921064412,      -5.339737504
          0,           0,        4796,      -10.80102442,      -8.021728517,       -7.92253796,      -5.341210795
          0,           0,        4797,      -10.80249798,      -8.023201989,      -7.924011591,      -5.342684327
          0,           0,        4798,      -10.80397156,      -8.024675573,      -7.925485247,      -5.344157926
          0,           0,        4799,      -10.80544534,      -8.026149365,      -7.926958923,      -5.345631654
          0,           0,        4800,      -10.80691916,      -8.027622981,      -7.928432647,      -5.347105676
          0,           0,        4801,      -10.80839284,      -8.029096458,      -7.929906301,      -5.348579336
          0,           0,        4802,      -10.80986665,      -8.030570062,      -7.931379888,       -5.35005291
          0,           0,        4803,      -10.81134028,       -8.03204367,      -7.932853565,      -5.351526815
          0,           0,        4804,      -10.81281381,      -8.033517175,      -7.934327036,      -5.353000205
          0,           0,        4805,      -10.81428739,      -8.034990859,      -7.935800681,      -5.354474001
          0,           0,        4806,      -10.81576086,      -8.036464465,      -7.937274405,      -5.355947236
          0,           0,        4807,      -10.81723458,      -8.037938001,      -7.938747997,      -5.357421126
          0,           0,        4808,      -10.81870793,      -8.039411523,      -7.940221591,       -5.35889427
          0,           0,        4809,      -10.82018147,      -8.040885202,      -7.941695296,      -5.360367937
          0,           0,        4810,      -10.82165514,       -8.04235865,      -7.943168974,      -5.361841531
          0,           0,        4811,      -10.82312876,      -8.043832405,      -7.944642629,      -5.363315246
          0,           0,        4812,      -10.82460259,      -8.045306112,      -7.946116173,      -5.364789046
          0,           0,        4813,      -10.82607626,      -8.046779616,       -7.94758979,      -5.366262743
          0,           0,        4814,      -10.82754966,      -8.048253056,      -7.949063464,       -5.36773605
          0,           0,        4815,      -10.82902316,      -8.049726615,      -7.950537098,        -5.3692098
          0,           0,        4816,      -10.83049683,       -8.05120043,      -7.952010718,       -5.37068339
          0,           0,        4817,       -10.8319704,      -8.052673907,      -7.953484459,       -5.37215687
          0,           0,        4818,      -10.83344429,      -8.054147829,      -7.954957996,      -5.373630712
          0,           0,        4819,      -10.83491784,      -8.055621164,      -7.956431576,      -5.375104115
          0,           0,        4820,       -10.8363916,        -8.0570947,      -7.957905228,      -5.376578043
          0,           0,        4821,      -10.83786521,      -8.058568293,      -7.959378852,      -5.378051681
          0,           0,        4822,      -10.83933871,      -8.060041846,      -7.960852402,      -5.379525177
          0,           0,        4823,      -10.84081217,      -8.061515236,      -7.962326186,      -5.380998494
          0,           0,        4824,      -10.84228572,      -8.062988938,      -7.963799723,      -5.382472168
          0,           0,        4825,      -10.84375923,      -8.064462487,      -7.965273415,      -5.383945761
          0,           0,        4826,      -10.84523271,      -8.065936083,      -7.966747087,      -5.385419114
          0,           0,        4827,      -10.84670614,      -8.067409579,      -7.968220657,      -5.386892556
          0,           0,        4828,      -10.84817976,      -8.068883151,       -7.96969431,      -5.388366026
          0,           0,        4829,      -10.84965308,      -8.070357106,      -7.971167804,       -5.38983938
          0,           0,        4830,      -10.85112682,      -8.071830749,        -7.9726416,      -5.391313086
          0,           0,        4831,      -10.85260096,      -8.073304305,      -7.974115171,      -5.392787358
          0,           0,        4832,      -10.85407436,        -8.0747777,      -7.975588924,      -5.394260631
          0,           0,        4833,      -10.85554837,      -8.076251208,      -7.977062355,      -5.395734669
          0,           0,        4834,      -10.85702166,      -8.077724653,      -7.978536133,      -5.397207897
          0,           0,        4835,      -10.85849498,      -8.079198204,      -7.980009705,      -5.398681308
          0,           0,        4836,      -10.85996848,      -8.080671927,      -7.981483388,      -5.400154825
          0,           0,        4837,      -10.86144242,      -8.082145757,      -7.982956979,      -5.401628601
          0,           0,        4838,      -10.86291601,      -8.083619463,      -7.984430568,       -5.40310239
          0,           0,        4839,      -10.86438977,       -8.08509328,      -7.985904243,       -5.40457619
          0,           0,        4840,      -10.86586332,      -8.086566546,       -7.98737786,       -5.40604968
          0,           0,        4841,      -10.86733714,      -8.088040107,      -7.988851434,      -5.407523623
          0,           0,        4842,      -10.86881066,      -8.089513271,       -7.99032513,      -5.408996983
          0,           0,        4843,      -10.87028375,      -8.090986976,      -7.991798626,      -5.410470141
          0,           0,        4844,      -10.87175726,      -8.092460744,      -7.993272279,      -5.411943425
          0,           0,        4845,      -10.87323072,      -8.093934164,      -7.994746017,      -5.413417163
          0,           0,        4846,      -10.87470439,      -8.095407927,      -7.996219661,      -5.414890686
          0,           0,        4847,      -10.87617792,      -8.096881771,      -7.997693255,       -5.41636433
          0,           0,        4848,      -10.87765153,      -8.098355094,      -7.999166963,      -5.417837719
          0,           0,        4849,      -10.87912556,      -8.099829076,      -8.000640445,      -5.419311868
          0,           0,        4850,       -10.8805989,      -8.101302766,      -8.002114109,      -5.420785397
          0,           0,        4851,      -10.88207241,       -8.10277608,       -8.00358778,      -5.422258777
          0,           0,        4852,      -10.88354618,      -8.104249665,      -8.005061408,      -5.423732547
          0,           0,        4853,       -10.8850198,      -8.105723505,      -8.006534969,      -5.425206218
          0,           0,        4854,      -10.88649391,       -8.10719707,      -8.008008593,      -5.426680187
          0,           0,        4855,      -10.88796719,      -8.108670294,      -8.009482304,      -5.428153429
          0,           0,        4856,      -10.88944094,      -8.110144082,      -8.010955895,       -5.42962722
          0,           0,        4857,      -10.89091457,      -8.111617758,      -8.012429393,      -5.431101107
          0,           0,        4858,      -10.89238791,      -8.113091422,      -8.013903116,      -5.432574291
          0,           0,        4859,      -10.89386154,      -8.114565106,      -8.015376659,      -5.434047776
          0,           0,        4860,      -10.89533517,      -8.116038705,      -8.016850491,      -5.435521519
          0,           0,        4861,      -10.89680888,      -8.117512046,       -8.01832398,      -5.436995332
          0,           0,        4862,      -10.89828231,       -8.11898565,      -8.019797561,      -5.438468731
          0,           0,        4863,      -10.89975587,      -8.120459223,      -8.021271237,      -5.439942106
          0,           0,        4864,      -10.90122941,      -8.121932956,      -8.022744951,       -5.44141576
          0,           0,        4865,      -10.90270332,      -8.123406362,      -8.024218506,      -5.442889688
          0,           0,        4866,      -10.90417677,      -8.124880073,      -8.025692082,      -5.444363105
          0,           0,        4867,      -10.90565023,        -8.1263539,      -8.027165757,      -5.445836779
          0,           0,        4868,      -10.90712427,      -8.127827621,      -8.028639411,      -5.447310615
          0,           0,        4869,      -10.90859783,       -8.12930137,      -8.030113023,      -5.448784171
          0,           0,        4870,      -10.91007175,      -8.130774795,      -8.031586673,      -5.450257922
          0,           0,        4871,       -10.9115458,      -8.132248639,       -8.03306024,       -5.45173207
          0,           0,        4872,      -10.91301931,      -8.133722282,      -8.034533866,      -5.453205615
          0,           0,        4873,      -10.91449292,       -8.13519593,       -8.03600749,      -5.454679362
          0,           0,        4874,      -10.91596633,        -8.1366697,        -8.0374811,      -5.456152606
          0,           0,        4875,      -10.91743985,       -8.13814326,      -8.038954729,      -5.457626173
          0,           0,        4876,       -10.9189132,      -8.139617031,      -8.040428236,      -5.459099565
          0,           0,        4877,      -10.92038692,      -8.141090524,      -8.041902004,       -5.46057338
          0,           0,        4878,      -10.92186055,      -8.142563969,      -8.043375749,      -5.462046951
          0,           0,        4879,      -10.92333415,      -8.144037647,      -8.044849451,      -5.463520503
          0,           0,        4880,      -10.92480829,      -8.145511311,       -8.04632288,       -5.46499466
          0,           0,        4881,       -10.9262817,      -8.146985036,      -8.047796541,      -5.466468035
          0,           0,        4882,      -10.92775542,      -8.148458843,      -8.049270073,      -5.467941718
          0,           0,        4883,      -10.92922908,      -8.149932349,      -8.050743707,      -5.469415417
          0,           0,        4884,      -10.93070285,      -8.151405704,      -8.052217399,      -5.470889129
          0,           0,        4885,      -10.93217659,      -8.152879367,      -8.053690954,      -5.472362996
          0,           0,        4886,      -10.93364939,      -8.154353033,      -8.055164648,      -5.473835677
          0,           0,        4887,      -10.93512266,      -8.155826675,      -8.056638178,      -5.475309152
          0,           0,        4888,      -10.93659624,      -8.157300836,      -8.058111866,      -5.476782763
          0,           0,        4889,      -10.93807006,      -8.158774307,      -8.059585599,      -5.478256552
          0,           0,        4890,      -10.93954387,      -8.160248064,      -8.061059315,      -5.479730491
          0,           0,        4891,      -10.94101768,      -8.161721673,      -8.062532854,      -5.481204064
          0,           0,        4892,      -10.94249146,       -8.16319536,      -8.064006514,      -5.482677994
          0,           0,        4893,      -10.94396514,      -8.164668575,      -8.065480075,      -5.484151641
          0,           0,        4894,      -10.94543858,      -8.166142102,      -8.066953638,      -5.485625094
          0,           0,        4895,      -10.94691222,      -8.167615796,      -8.068427227,      -5.487098593
          0,           0,        4896,      -10.94838543,      -8.169089592,       -8.06990092,      -5.488571883
          0,           0,        4897,      -10.94985939,      -8.170563168,      -8.071374778,       -5.49004585
          0,           0,        4898,      -10.95133261,      -8.172037119,      -8.072848257,      -5.491518725
          0,           0,        4899,      -10.95280709,      -8.173511022,      -8.074321844,      -5.492993538
          0,           0,        4900,      -10.95428066,      -8.174984398,      -8.075795479,      -5.494467158
          0,           0,        4901,      -10.95575417,      -8.176457863,      -8.077269261,      -5.495940632
          0,           0,        4902,      -10.95722788,      -8.177931952,      -8.078742704,      -5.497414222
          0,           0,        4903,      -10.95870202,      -8.179405582,      -8.080216311,      -5.498888422
          0,           0,        4904,      -10.96017535,      -8.180878927,      -8.081689972,      -5.500361903
          0,           0,        4905,      -10.96164866,      -8.182352742,      -8.083163485,      -5.501835023
          0,           0,        4906,      -10.96312212,      -8.183826303,      -8.084637259,      -5.503308455
          0,           0,        4907,      -10.96459591,      -8.185299882,      -8.086111057,      -5.504782276
          0,           0,        4908,      -10.96607003,      -8.186773772,      -8.087584584,      -5.506256288
          0,           0,        4909,        -10.967544,      -8.188247424,      -8.089058086,      -5.507730008
          0,           0,        4910,      -10.96901771,      -8.189721332,      -8.090531691,      -5.509203918
          0,           0,        4911,      -10.97049118,      -8.191194551,      -8.092005407,      -5.510677597
          0,           0,        4912,      -10.97196439,      -8.192668358,      -8.093478968,      -5.512150893
          0,           0,        4913,      -10.97343807,      -8.194142201,      -8.094952541,      -5.513624579
          0,           0,        4914,      -10.97491157,      -8.195615768,      -8.096426353,       -5.51509786
          0,           0,        4915,      -10.97638537,      -8.197089573,      -8.097899888,      -5.516571659
          0,           0,        4916,      -10.97785893,      -8.198563129,      -8.099373484,      -5.518045199
          0,           0,        4917,      -10.97933247,      -8.200036738,      -8.100847274,      -5.519519129
          0,           0,        4918,      -10.98080665,       -8.20151033,      -8.102320615,      -5.520993057
          0,           0,        4919,      -10.98228018,       -8.20298384,      -8.103794481,      -5.522466573
          0,           0,        4920,      -10.98375312,      -8.204457474,      -8.105268174,      -5.523939505
          0,           0,        4921,       -10.9852272,      -8.205931392,      -8.106741684,      -5.525413464
          0,           0,        4922,      -10.98670087,      -8.207404809,       -8.10821532,      -5.526887142
          0,           0,        4923,      -10.98817457,      -8.208878489,      -8.109688956,       -5.52836101
          0,           0,        4924,      -10.98964792,       -8.21035238,      -8.111162614,      -5.529834328
          0,           0,        4925,       -10.9911217,      -8.211825948,      -8.112636301,      -5.531308136
          0,           0,        4926,      -10.99259523,      -8.213299955,      -8.114109835,      -5.532781851
          0,           0,        4927,      -10.99406908,      -8.214773412,      -8.115583445,      -5.534255384
          0,           0,        4928,      -10.99554255,      -8.216246715,      -8.117057047,      -5.535728996
          0,           0,        4929,       -10.9970166,      -8.217720817,      -8.118530827,      -5.537202985
          0,           0,        4930,      -10.99849096,      -8.219193939,      -8.120004407,      -5.538677332
          0,           0,        4931,      -10.99996443,      -8.220667566,      -8.121478185,       -5.54015076
          0,           0,        4932,      -11.00143792,        -8.2221413,      -8.122951497,      -5.541624289
          0,           0,        4933,      -11.00291113,      -8.223615201,      -8.124425161,      -5.543097574
          0,           0,        4934,      -11.00438448,      -8.225088984,      -8.125898969,      -5.544571215
          0,           0,        4935,       -11.0058582,      -8.226562577,      -8.127372531,      -5.546044621
          0,           0,        4936,      -11.00733191,      -8.228036048,      -8.128846343,      -5.547518454
          0,           0,        4937,       -11.0088054,      -8.229509531,      -8.130319925,      -5.548991854
          0,           0,        4938,      -11.01027955,      -8.230983356,      -8.131793602,      -5.550466019
          0,           0,        4939,      -11.01175326,       -8.23245696,      -8.133267229,      -5.551939632
          0,           0,        4940,      -11.01322681,      -8.233930938,      -8.134740541,       -5.55341314
          0,           0,        4941,      -11.01470034,      -8.235404546,      -8.136214169,      -5.554886617
          0,           0,        4942,      -11.01617369,      -8.236878251,      -8.137687948,      -5.556359995
          0,           0,        4943,      -11.01764809,      -8.238352135,      -8.139161592,       -5.55783444
          0,           0,        4944,      -11.01912168,      -8.239825704,      -8.140635224,      -5.559308138
          0,           0,        4945,      -11.02059527,      -8.241298745,      -8.142108938,      -5.560781611
          0,           0,        4946,      -11.02206892,      -8.242772461,       -8.14358258,      -5.562255175
          0,           0,        4947,      -11.02354257,      -8.244246588,       -8.14505631,      -5.563728835
          0,           0,        4948,      -11.02501616,       -8.24571976,      -8.146529802,      -5.565202371
          0,           0,        4949,      -11.02648976,      -8.247193721,      -8.148003293,      -5.566676197
          0,           0,        4950,      -11.02796364,      -8.248667302,      -8.149476958,       -5.56815007
          0,           0,        4951,      -11.02943684,      -8.250141029,        -8.1509505,      -5.569623047
          0,           0,        4952,      -11.03091028,      -8.251614123,      -8.152424342,      -5.571096853
          0,           0,        4953,      -11.03238379,      -8.253088124,      -8.153897971,      -5.572570191
          0,           0,        4954,      -11.03385742,      -8.254561959,      -8.155371758,      -5.574043923
          0,           0,        4955,      -11.03533117,      -8.256035589,      -8.156845339,      -5.575517572
          0,           0,        4956,      -11.03680521,      -8.257509219,      -8.158318881,      -5.576991597
          0,           0,        4957,       -11.0382788,      -8.258982351,      -8.159792585,      -5.578465197
          0,           0,        4958,       -11.0397521,      -8.260456121,      -8.161266277,      -5.579938517
          0,           0,        4959,      -11.04122625,      -8.261929717,      -8.162739832,      -5.581412872
          0,           0,        4960,      -11.04269991,      -8.263403334,      -8.164213453,      -5.582886611
          0,           0,        4961,      -11.04417277,      -8.264876915,      -8.165686865,      -5.584359327
          0,           0,        4962,      -11.04564667,      -8.266350622,      -8.167160746,      -5.585833195
          0,           0,        4963,      -11.04711984,      -8.267824241,      -8.168634305,      -5.587306639
          0,           0,        4964,      -11.04859366,      -8.269298133,      -8.170107916,      -5.588780539
          0,           0,        4965,      -11.05006698,      -8.270771297,      -8.171581435,      -5.590253481
          0,           0,        4966,      -11.05154021,      -8.272245144,      -8.173055277,      -5.591726762
          0,           0,        4967,      -11.05301402,      -8.273719292,      -8.174528984,      -5.593200769
          0,           0,        4968,      -11.05448879,      -8.275192526,      -8.176002578,      -5.594675223
          0,           0,        4969,      -11.05596262,      -8.276665901,      -8.177476283,       -5.59614907
          0,           0,        4970,      -11.05743658,       -8.27813963,      -8.178949865,      -5.597622937
          0,           0,        4971,      -11.05890989,      -8.279612919,       -8.18042347,      -5.599096128
          0,           0,        4972,      -11.06038372,      -8.281086704,      -8.181896872,      -5.600570158
          0,           0,        4973,      -11.06185665,      -8.282560375,      -8.183370471,       -5.60204324
          0,           0,        4974,      -11.06333018,      -8.284033716,      -8.184844054,      -5.603516538
          0,           0,        4975,      -11.06480314,      -8.285507544,      -8.186317865,      -5.604989434
          0,           0,        4976,      -11.06627721,      -8.286981323,      -8.187791475,      -5.606463222
          0,           0,        4977,      -11.06775063,      -8.288454818,      -8.189265209,      -5.607936901
          0,           0,        4978,       -11.0692249,      -8.289928565,      -8.190738927,      -5.609411133
          0,           0,        4979,       -11.0706986,      -8.291401873,      -8.192212493,      -5.610884823
          0,           0,        4980,      -11.07217198,      -8.292875587,      -8.193686083,       -5.61235817
          0,           0,        4981,      -11.07364568,      -8.294349363,      -8.195159714,      -5.613831756
          0,           0,        4982,      -11.07511979,      -8.295822565,      -8.196633449,      -5.615306355
          0,           0,        4983,      -11.07659357,       -8.29729617,      -8.198106902,      -5.616779893
          0,           0,        4984,      -11.07806646,      -8.298769384,      -8.199580716,      -5.618252847
          0,           0,        4985,      -11.07954045,       -8.30024298,       -8.20105419,      -5.619726662
          0,           0,        4986,      -11.08101404,       -8.30171721,      -8.202527733,      -5.621200335
          0,           0,        4987,      -11.08248763,      -8.303191051,      -8.204001415,      -5.622674042
          0,           0,        4988,      -11.08396076,      -8.304664462,      -8.205475151,      -5.624146847
          0,           0,        4989,       -11.0854343,      -8.306137932,      -8.206948854,      -5.625620558
          0,           0,        4990,      -11.08690781,      -8.307611461,      -8.208422202,      -5.627093761
          0,           0,        4991,      -11.08838102,      -8.309084829,      -8.209896033,      -5.628567265
          0,           0,        4992,      -11.08985501,      -8.310558909,      -8.211369565,      -5.630041133
          0,           0,        4993,      -11.09132888,      -8.312032589,      -8.212843525,      -5.631515206
          0,           0,        4994,      -11.09280277,      -8.313506233,      -8.214317152,      -5.632988885
          0,           0,        4995,      -11.09427615,      -8.314979626,      -8.215790547,      -5.634462346
          0,           0,        4996,      -11.09574994,      -8.316453306,      -8.217264091,        -5.6359362
          0,           0,        4997,      -11.09722382,      -8.317926606,      -8.218737831,      -5.637410194
          0,           0,        4998,      -11.09869811,      -8.319400086,      -8.220211475,      -5.638884533
          0,           0,        4999,      -11.10017105,      -8.320873405,      -8.221685091,      -5.640357312
          0,           0,        5000,      -11.10164425,      -8.322347699,      -8.223158568,      -5.641830622
          0,           0,        5001,      -11.10311796,      -8.323821674,      -8.224632146,      -5.643304334
          0,           0,        5002,      -11.10459112,      -8.325294739,      -8.226106029,      -5.644777338
          0,           0,        5003,      -11.10606507,      -8.326768691,      -8.227579524,      -5.646251479
          0,           0,        5004,      -11.10753894,       -8.32824249,      -8.229053146,      -5.647725781
          0,           0,        5005,      -11.10901237,      -8.329716038,      -8.230526887,      -5.649199092
          0,           0,        5006,      -11.11048631,      -8.331189177,      -8.232000476,      -5.650672934
          0,           0,        5007,      -11.11196001,      -8.332663185,      -8.233473926,       -5.65214646
          0,           0,        5008,      -11.11343316,       -8.33413633,      -8.234947508,      -5.653619491
          0,           0,        5009,      -11.11490633,      -8.335609769,      -8.236421376,      -5.655092842
          0,           0,        5010,      -11.11637982,      -8.337083187,      -8.237895072,      -5.656566138
          0,           0,        5011,      -11.11785341,      -8.338556611,      -8.239368546,      -5.658040297
          0,           0,        5012,      -11.11932709,      -8.340030627,      -8.240842407,      -5.659513565
          0,           0,        5013,      -11.12080035,      -8.341504108,      -8.242315805,      -5.660986815
          0,           0,        5014,      -11.12227476,       -8.34297804,      -8.243789487,      -5.662461287
          0,           0,        5015,      -11.12374871,      -8.344451904,       -8.24526272,       -5.66393526
          0,           0,        5016,      -11.12522184,      -8.345924919,      -8.246736757,       -5.66540825
          0,           0,        5017,      -11.12669593,      -8.347398622,      -8.248210267,      -5.666882035
          0,           0,        5018,      -11.12816929,      -8.348872125,      -8.249684161,      -5.668355554
          0,           0,        5019,      -11.12964319,      -8.350346192,      -8.251157507,      -5.669828986
          0,           0,        5020,      -11.13111643,      -8.351819877,      -8.252631254,      -5.671302587
          0,           0,        5021,       -11.1325905,      -8.353293349,      -8.254104924,      -5.672776785
          0,           0,        5022,      -11.13406444,      -8.354767227,      -8.255578632,      -5.674250667
          0,           0,        5023,      -11.13553811,      -8.356240796,      -8.257052073,      -5.675724437
          0,           0,        5024,      -11.13701149,      -8.357714102,      -8.258525567,      -5.677197672
          0,           0,        5025,      -11.13848481,      -8.359187635,       -8.25999931,      -5.678671232
          0,           0,        5026,      -11.13995803,      -8.360661385,      -8.261473002,      -5.680144249
          0,           0,        5027,      -11.14143188,      -8.362134764,      -8.262946596,      -5.681617781
          0,           0,        5028,       -11.1429053,      -8.363609271,      -8.264420066,      -5.683091773
          0,           0,        5029,      -11.14437894,      -8.365082483,      -8.265893997,      -5.684565087
          0,           0,        5030,      -11.14585264,      -8.366556239,      -8.267367444,       -5.68603858
          0,           0,        5031,      -11.14732594,      -8.368029937,      -8.268841164,      -5.687512014
          0,           0,        5032,      -11.14879953,      -8.369503235,      -8.270314623,      -5.688985542
          0,           0,        5033,      -11.15027363,      -8.370977073,      -8.271788478,      -5.690459937
          0,           0,        5034,      -11.15174733,      -8.372449878,      -8.273261964,      -5.691933261
          0,           0,        5035,      -11.15322035,      -8.373923822,      -8.274735555,      -5.693406365
          0,           0,        5036,      -11.15469381,      -8.375397565,      -8.276209204,      -5.694880182
          0,           0,        5037,      -11.15616771,       -8.37687111,      -8.277683012,      -5.696354024
          0,           0,        5038,      -11.15764146,      -8.378345128,      -8.279156464,      -5.697827632
          0,           0,        5039,      -11.15911506,      -8.379818417,      -8.280630113,      -5.699301598
          0,           0,        5040,      -11.16058776,      -8.381292189,      -8.282103819,      -5.700774087
          0,           0,        5041,      -11.16206199,      -8.382765883,      -8.283577332,      -5.702248206
          0,           0,        5042,      -11.16353573,      -8.384239892,      -8.285050911,      -5.703722226
          0,           0,        5043,      -11.16500926,      -8.385712935,      -8.286524648,      -5.705195436
          0,           0,        5044,      -11.16648307,      -8.387187245,      -8.287998328,       -5.70666937
          0,           0,        5045,      -11.16795686,      -8.388660888,      -8.289471981,       -5.70814315
          0,           0,        5046,      -11.16943055,      -8.390134208,       -8.29094552,      -5.709617082
          0,           0,        5047,      -11.17090471,      -8.391607546,      -8.292419005,      -5.711091316
          0,           0,        5048,      -11.17237765,      -8.393081114,      -8.293892962,      -5.712563858
          0,           0,        5049,      -11.17385216,      -8.394554832,      -8.295366367,      -5.714038434
          0,           0,        5050,       -11.1753253,      -8.396028894,      -8.296839953,      -5.715511945
          0,           0,        5051,      -11.17679837,      -8.397502402,      -8.298313633,      -5.716984531
          0,           0,        5052,      -11.17827169,        -8.3989765,      -8.299787331,      -5.718458291
          0,           0,        5053,      -11.17974577,      -8.400449984,      -8.301261104,      -5.719931979
          0,           0,        5054,      -11.18121958,      -8.401922901,       -8.30273463,      -5.721406126
          0,           0,        5055,      -11.18269283,      -8.403397157,      -8.304208213,      -5.722879613
          0,           0,        5056,      -11.18416677,      -8.404870242,      -8.305681818,      -5.724353327
          0,           0,        5057,      -11.18563953,      -8.406344527,      -8.307155489,      -5.725825929
          0,           0,        5058,      -11.18711396,      -8.407817975,      -8.308629047,      -5.727299885
          0,           0,        5059,      -11.18858771,      -8.409291707,      -8.310102748,      -5.728773865
          0,           0,        5060,      -11.19006112,       -8.41076553,      -8.311576388,      -5.730246905
          0,           0,        5061,      -11.19153455,      -8.412239048,      -8.313049819,      -5.731720672
          0,           0,        5062,      -11.19300845,      -8.413712679,      -8.314523823,      -5.733194921
          0,           0,        5063,      -11.19448227,      -8.415186468,      -8.315997253,      -5.734668807
          0,           0,        5064,      -11.19595644,      -8.416659869,      -8.317470945,      -5.736142625
          0,           0,        5065,      -11.19743024,        -8.4181336,      -8.318944772,      -5.737616554
          0,           0,        5066,      -11.19890442,      -8.419607386,      -8.320418089,      -5.739090958
          0,           0,        5067,      -11.20037782,      -8.421081181,      -8.321891792,      -5.740564018
          0,           0,        5068,      -11.20185106,      -8.422554725,      -8.323365231,      -5.742037129
          0,           0,        5069,      -11.20332515,        -8.4240285,      -8.324839079,      -5.743511322
          0,           0,        5070,      -11.20479828,      -8.425501672,      -8.326312776,      -5.744984616
          0,           0,        5071,       -11.2062721,      -8.426975333,      -8.327786071,      -5.746458612
          0,           0,        5072,      -11.20774571,      -8.428448809,      -8.329259862,      -5.747932085
          0,           0,        5073,      -11.20921898,      -8.429922797,      -8.330733377,      -5.749405036
          0,           0,        5074,      -11.21069253,      -8.431396966,      -8.332207103,      -5.750878832
          0,           0,        5075,      -11.21216521,      -8.432870689,      -8.333680714,      -5.752351643
          0,           0,        5076,      -11.21363931,      -8.434344122,      -8.335154456,      -5.753826283
          0,           0,        5077,      -11.21511345,      -8.435817701,        -8.3366279,      -5.755299956
          0,           0,        5078,      -11.21658678,      -8.437290543,      -8.338101847,      -5.756773428
          0,           0,        5079,      -11.21806072,      -8.438764548,      -8.339575432,      -5.758247268
          0,           0,        5080,      -11.21953371,      -8.440238267,      -8.341048975,      -5.759720197
          0,           0,        5081,      -11.22100895,      -8.441712392,      -8.342522475,      -5.761195584
          0,           0,        5082,      -11.22248105,      -8.443185968,      -8.343996118,      -5.762667524
          0,           0,        5083,      -11.22395498,       -8.44465994,      -8.345469697,      -5.764141394
          0,           0,        5084,      -11.22542838,      -8.446133354,      -8.346943622,      -5.765614951
          0,           0,        5085,      -11.22690244,      -8.447606915,      -8.348417188,       -5.76708923
          0,           0,        5086,      -11.22837622,      -8.449080273,      -8.349890669,      -5.768562642
          0,           0,        5087,      -11.22984939,      -8.450553704,       -8.35136453,      -5.770035872
          0,           0,        5088,      -11.23132405,      -8.452027584,      -8.352837992,      -5.771510825
          0,           0,        5089,      -11.23279782,      -8.453501422,       -8.35431154,      -5.772984499
          0,           0,        5090,      -11.23427109,      -8.454975487,      -8.355785199,      -5.774457444
          0,           0,        5091,      -11.23574423,      -8.456448645,      -8.357258788,      -5.775930951
          0,           0,        5092,      -11.23721875,      -8.457922627,      -8.358732304,       -5.77740497
          0,           0,        5093,      -11.23869247,      -8.459396477,       -8.36020612,      -5.778878778
          0,           0,        5094,      -11.24016617,      -8.460869858,      -8.361679791,      -5.780352419
          0,           0,        5095,      -11.24164047,      -8.462343105,      -8.363153426,       -5.78182664
          0,           0,        5096,      -11.24311337,      -8.463816647,      -8.364626985,       -5.78329977
          0,           0,        5097,      -11.24458801,      -8.465290556,      -8.366100434,      -5.784774433
          0,           0,        5098,      -11.24606013,       -8.46676376,       -8.36757414,      -5.786246674
          0,           0,        5099,      -11.24753455,      -8.468237533,      -8.369047869,      -5.787720995
          0,           0,        5100,      -11.24900755,      -8.469711655,      -8.370521483,      -5.789194108
          0,           0,        5101,      -11.25048251,      -8.471185716,      -8.371994981,      -5.790669006
          0,           0,        5102,       -11.2519549,      -8.472658805,      -8.373468857,      -5.792141037
          0,           0,        5103,      -11.25342919,      -8.474132797,      -8.374942393,      -5.793615452
          0,           0,        5104,      -11.25490311,      -8.475606835,      -8.376415969,      -5.795089451
          0,           0,        5105,      -11.25637598,      -8.477080231,      -8.377889881,      -5.796562476
          0,           0,        5106,      -11.25785007,      -8.478553903,      -8.379363081,       -5.79803624
          0,           0,        5107,      -11.25932326,      -8.480027152,      -8.380837062,      -5.799509836
          0,           0,        5108,      -11.26079699,      -8.481501103,      -8.382310618,      -5.800983316
          0,           0,        5109,      -11.26227043,      -8.482974299,      -8.383784358,      -5.802456616
          0,           0,        5110,      -11.26374323,      -8.484447883,      -8.385258136,      -5.803929723
          0,           0,        5111,      -11.26521765,      -8.485921356,      -8.386731683,      -5.805404314
          0,           0,        5112,      -11.26669136,      -8.487394483,      -8.388205325,      -5.806877381
          0,           0,        5113,       -11.2681647,      -8.488868439,      -8.389678617,      -5.808350759
          0,           0,        5114,       -11.2696379,      -8.490342417,      -8.391152347,      -5.809823761
          0,           0,        5115,      -11.27111149,      -8.491816363,      -8.392626318,      -5.811297718
          0,           0,        5116,       -11.2725852,      -8.493289612,      -8.394099941,      -5.812771594
          0,           0,        5117,      -11.27405946,      -8.494763561,      -8.395573468,      -5.814245742
          0,           0,        5118,      -11.27553405,      -8.496236873,      -8.397047036,      -5.815720061
          0,           0,        5119,      -11.27700735,      -8.497709873,      -8.398520408,      -5.817193385
          0,           0,        5120,      -11.27848073,      -8.499183863,      -8.399994269,      -5.818666922
          0,           0,        5121,      -11.27995493,      -8.500658294,      -8.401467771,      -5.820141187
          0,           0,        5122,      -11.28142817,      -8.502131322,      -8.402941691,      -5.821614369
          0,           0,        5123,      -11.28290182,      -8.503604285,      -8.404415361,      -5.823088016
          0,           0,        5124,      -11.28437556,      -8.505078385,      -8.405888689,      -5.824561685
          0,           0,        5125,      -11.28584935,      -8.506551965,      -8.407362372,      -5.826035513
          0,           0,        5126,      -11.28732232,      -8.508025749,      -8.408835742,      -5.827508279
          0,           0,        5127,      -11.28879563,      -8.509499688,      -8.410309718,      -5.828981819
          0,           0,        5128,      -11.29026938,      -8.510972732,      -8.411783562,      -5.830455522
          0,           0,        5129,      -11.29174312,      -8.512447008,      -8.413257235,      -5.831929543
          0,           0,        5130,       -11.2932171,      -8.513920222,      -8.414730647,      -5.833403921
          0,           0,        5131,       -11.2946909,      -8.515393994,      -8.416204372,      -5.834877137
          0,           0,        5132,       -11.2961641,       -8.51686679,      -8.417677872,      -5.836350299
          0,           0,        5133,      -11.29763653,      -8.518340837,      -8.419151504,      -5.837823109
          0,           0,        5134,      -11.29911082,      -8.519815088,      -8.420624966,      -5.839297421
          0,           0,        5135,      -11.30058452,      -8.521288589,      -8.422098739,      -5.840771372
          0,           0,        5136,      -11.30205791,       -8.52276176,       -8.42357233,       -5.84224439
          0,           0,        5137,      -11.30353163,      -8.524235487,      -8.425046015,       -5.84371805
          0,           0,        5138,      -11.30500529,      -8.525708583,      -8.426520001,      -5.845191466
          0,           0,        5139,      -11.30647935,      -8.527182389,      -8.427993408,      -5.846665716
          0,           0,        5140,      -11.30795241,      -8.528655015,      -8.429467264,        -5.8481387
          0,           0,        5141,      -11.30942597,      -8.530129246,      -8.430940484,      -5.849612419
          0,           0,        5142,      -11.31089959,      -8.531602212,      -8.432414339,      -5.851086026
          0,           0,        5143,      -11.31237335,       -8.53307694,      -8.433887845,      -5.852559428
          0,           0,        5144,      -11.31384698,      -8.534550766,      -8.435361133,      -5.854033158
          0,           0,        5145,      -11.31532094,      -8.536024487,      -8.436835008,      -5.855507412
          0,           0,        5146,      -11.31679429,      -8.537498122,      -8.438308685,       -5.85698039
          0,           0,        5147,      -11.31826822,      -8.538971261,       -8.43978243,      -5.858454541
          0,           0,        5148,       -11.3197413,      -8.540444926,      -8.441256139,       -5.85992788
          0,           0,        5149,      -11.32121572,      -8.541919271,      -8.442729611,      -5.861402257
          0,           0,        5150,      -11.32268923,      -8.543391621,      -8.444203171,      -5.862875861
          0,           0,        5151,      -11.32416203,      -8.544864519,      -8.445676849,      -5.864348192
          0,           0,        5152,      -11.32563571,      -8.546338626,      -8.447150197,      -5.865821812
          0,           0,        5153,      -11.32710825,      -8.547812717,       -8.44862396,      -5.867294449
          0,           0,        5154,      -11.32858115,      -8.549287453,      -8.450097719,      -5.868768043
          0,           0,        5155,      -11.33005592,      -8.550760353,      -8.451571297,      -5.870242029
          0,           0,        5156,      -11.33153007,      -8.552234041,      -8.453045081,      -5.871716075
          0,           0,        5157,      -11.33300375,      -8.553707369,      -8.454518395,      -5.873189945
          0,           0,        5158,      -11.33447669,      -8.555180818,       -8.45599286,      -5.874663103
          0,           0,        5159,      -11.33595077,      -8.556654469,      -8.457466032,      -5.876137263
          0,           0,        5160,      -11.33742485,      -8.558127872,      -8.458939594,        -5.8776113
          0,           0,        5161,      -11.33889832,      -8.559601825,      -8.460413203,      -5.879085367
          0,           0,        5162,      -11.34037239,      -8.561075658,      -8.461886769,      -5.880558687
          0,           0,        5163,      -11.34184535,      -8.562549344,      -8.463360098,      -5.882032288
          0,           0,        5164,      -11.34331853,      -8.564023166,      -8.464833686,      -5.883505315
          0,           0,        5165,      -11.34479211,      -8.565496564,      -8.466307617,      -5.884978693
          0,           0,        5166,      -11.34626553,      -8.566969848,      -8.467781727,      -5.886451929
          0,           0,        5167,      -11.34774031,      -8.568443375,      -8.469255252,      -5.887927099
          0,           0,        5168,      -11.34921363,      -8.569916795,      -8.470728375,      -5.889399994
          0,           0,        5169,      -11.35068829,      -8.571391557,      -8.472202232,      -5.890875163
          0,           0,        5170,      -11.35216158,      -8.572864725,      -8.473675837,      -5.892347906
          0,           0,        5171,      -11.35363513,       -8.57433794,      -8.475149412,      -5.893821635
          0,           0,        5172,      -11.35510748,      -8.575811475,      -8.476623162,      -5.895293731
          0,           0,        5173,      -11.35658208,      -8.577285488,      -8.478096266,      -5.896768546
          0,           0,        5174,      -11.35805471,      -8.578759204,      -8.479570137,      -5.898240999
          0,           0,        5175,      -11.35952918,      -8.580233605,      -8.481043884,      -5.899715264
          0,           0,        5176,      -11.36100378,      -8.581707116,      -8.482517536,      -5.901189853
          0,           0,        5177,      -11.36247671,      -8.583180286,      -8.483991335,      -5.902662593
          0,           0,        5178,      -11.36395127,      -8.584653601,      -8.485464971,      -5.904137935
          0,           0,        5179,      -11.36542523,      -8.586126635,      -8.486938681,      -5.905611569
          0,           0,        5180,      -11.36689835,      -8.587599549,      -8.488412422,      -5.907084688
          0,           0,        5181,      -11.36837156,      -8.589073753,       -8.48988535,      -5.908557506
          0,           0,        5182,      -11.36984358,       -8.59054822,      -8.491358956,      -5.910030008
          0,           0,        5183,      -11.37131731,      -8.592022201,      -8.492832611,      -5.911503665
          0,           0,        5184,      -11.37279139,        -8.5934961,      -8.494306651,      -5.912977748
          0,           0,        5185,      -11.37426551,      -8.594970402,      -8.495780143,      -5.914451355
          0,           0,        5186,      -11.37573923,      -8.596442926,      -8.497253849,      -5.915925435
          0,           0,        5187,      -11.37721387,      -8.597916251,      -8.498727282,       -5.91739993
          0,           0,        5188,      -11.37868662,      -8.599390287,      -8.500200843,      -5.918873088
          0,           0,        5189,      -11.38015915,      -8.600863825,      -8.501674614,      -5.920345725
          0,           0,        5190,       -11.3816338,      -8.602337634,      -8.503147792,      -5.921820434
          0,           0,        5191,      -11.38310718,      -8.603811022,      -8.504621827,      -5.923294127
          0,           0,        5192,      -11.38458073,      -8.605284428,      -8.506095785,       -5.92476746
          0,           0,        5193,      -11.38605509,      -8.606758352,      -8.507569124,      -5.926241855
          0,           0,        5194,      -11.38752874,      -8.608231633,      -8.509042894,      -5.927715276
          0,           0,        5195,      -11.38900172,      -8.609703791,      -8.510516794,      -5.929188353
          0,           0,        5196,      -11.39047463,      -8.611178721,      -8.511989817,      -5.930661603
          0,           0,        5197,      -11.39194739,      -8.612652321,      -8.513464001,       -5.93213408
          0,           0,        5198,      -11.39342183,      -8.614125374,      -8.514937357,      -5.933608051
          0,           0,        5199,      -11.39489503,      -8.615599509,      -8.516411251,      -5.935081185
          0,           0,        5200,       -11.3963695,      -8.617074013,      -8.517884987,      -5.936555496
          0,           0,        5201,      -11.39784312,      -8.618547098,      -8.519358514,      -5.938029492
          0,           0,        5202,      -11.39931716,      -8.620020669,      -8.520831821,      -5.939503472
          0,           0,        5203,      -11.40079031,      -8.621495293,      -8.522305583,      -5.940976118
          0,           0,        5204,      -11.40226494,      -8.622969302,      -8.523778963,      -5.942451287
          0,           0,        5205,      -11.40373762,      -8.624441382,      -8.525252832,      -5.943923948
          0,           0,        5206,      -11.40521259,      -8.625915747,      -8.526726012,      -5.945399273
          0,           0,        5207,      -11.40668643,      -8.627389037,       -8.52819975,        -5.9468722
          0,           0,        5208,       -11.4081581,      -8.628863043,       -8.52967357,      -5.948344117
          0,           0,        5209,      -11.40963231,      -8.630336711,      -8.531147134,       -5.94981885
          0,           0,        5210,      -11.41110632,      -8.631809015,      -8.532620854,      -5.951292133
          0,           0,        5211,      -11.41257955,       -8.63328332,      -8.534094402,      -5.952765867
          0,           0,        5212,      -11.41405281,      -8.634756649,      -8.535568403,      -5.954239766
          0,           0,        5213,      -11.41552787,      -8.636231113,      -8.537041854,      -5.955714186
          0,           0,        5214,      -11.41700096,      -8.637704055,      -8.538515362,      -5.957187379
          0,           0,        5215,      -11.41847457,      -8.639176921,      -8.539988942,      -5.958661322
          0,           0,        5216,      -11.41994823,      -8.640651951,      -8.541462502,      -5.960135256
          0,           0,        5217,      -11.42142228,      -8.642124363,      -8.542936653,      -5.961608791
          0,           0,        5218,      -11.42289451,      -8.643599213,      -8.544409667,      -5.963080975
          0,           0,        5219,      -11.42436947,      -8.645073267,      -8.545883305,      -5.964556159
          0,           0,        5220,      -11.42584244,      -8.646547556,      -8.547356853,      -5.966028936
          0,           0,        5221,      -11.42731682,      -8.648020719,      -8.548830605,      -5.967503463
          0,           0,        5222,      -11.42878928,      -8.649493841,      -8.550304541,      -5.968975794
          0,           0,        5223,      -11.43026396,      -8.650967326,      -8.551778113,      -5.970450798
          0,           0,        5224,      -11.43173756,      -8.652440798,      -8.553251316,      -5.971924688
          0,           0,        5225,      -11.43321129,      -8.653914045,      -8.554725255,      -5.973398295
          0,           0,        5226,      -11.43468365,      -8.655387957,      -8.556199286,      -5.974870235
          0,           0,        5227,      -11.43615719,      -8.656860696,       -8.55767311,      -5.976343826
          0,           0,        5228,      -11.43763261,      -8.658335812,      -8.559146133,      -5.977819396
          0,           0,        5229,      -11.43910637,        -8.6598087,      -8.560620249,      -5.979293246
          0,           0,        5230,      -11.44057974,      -8.661281365,      -8.562093406,      -5.980766443
          0,           0,        5231,      -11.44205271,       -8.66275658,      -8.563566759,      -5.982239596
          0,           0,        5232,      -11.44352675,      -8.664230544,      -8.565040228,      -5.983713473
          0,           0,        5233,      -11.44499869,      -8.665704567,      -8.566514314,      -5.985185017
          0,           0,        5234,      -11.44647393,      -8.667178001,      -8.567987901,      -5.986660358
          0,           0,        5235,      -11.44794666,      -8.668650814,      -8.569461721,      -5.988133135
          0,           0,        5236,      -11.44941937,      -8.670124858,      -8.570934927,      -5.989605643
          0,           0,        5237,      -11.45089329,      -8.671598519,      -8.572408973,      -5.991079972
          0,           0,        5238,      -11.45236692,       -8.67307146,      -8.573882449,      -5.992553187
          0,           0,        5239,      -11.45384246,      -8.674545627,      -8.575355871,      -5.994029064
          0,           0,        5240,      -11.45531461,      -8.676019593,      -8.576829819,      -5.995500985
          0,           0,        5241,      -11.45678853,      -8.677492703,      -8.578303672,      -5.996974978
          0,           0,        5242,      -11.45826238,      -8.678965971,      -8.579777082,       -5.99844953
          0,           0,        5243,      -11.45973552,      -8.680439743,      -8.581251028,      -5.999921393
          0,           0,        5244,       -11.4612097,      -8.681913539,      -8.582724264,      -6.001395852
          0,           0,        5245,      -11.46268349,      -8.683387252,      -8.584198152,      -6.002868748
          0,           0,        5246,      -11.46415697,        -8.6848615,      -8.585671375,      -6.004343032
          0,           0,        5247,      -11.46562997,      -8.686334289,      -8.587145632,      -6.005816264
          0,           0,        5248,      -11.46710427,      -8.687807526,      -8.588618704,      -6.007290855
          0,           0,        5249,      -11.46857842,      -8.689283347,      -8.590092291,      -6.008764775
          0,           0,        5250,      -11.47005179,      -8.690757671,      -8.591566107,      -6.010237805
          0,           0,        5251,      -11.47152726,       -8.69223067,      -8.593039921,      -6.011713556
          0,           0,        5252,      -11.47300052,      -8.693703902,      -8.594513339,      -6.013186922
          0,           0,        5253,      -11.47447286,      -8.695176515,      -8.595986826,       -6.01465927
          0,           0,        5254,      -11.47594739,      -8.696650515,      -8.597460282,       -6.01613508
          0,           0,        5255,      -11.47741834,      -8.698123196,      -8.598934229,      -6.017605016
          0,           0,        5256,      -11.47889286,      -8.699596781,       -8.60040746,      -6.019079975
          0,           0,        5257,      -11.48036471,      -8.701069822,      -8.601881589,      -6.020551819
          0,           0,        5258,      -11.48183742,       -8.70254411,      -8.603355587,      -6.022024218
          0,           0,        5259,      -11.48331008,      -8.704017661,      -8.604829143,      -6.023496632
          0,           0,        5260,      -11.48478814,      -8.705492221,      -8.606302387,      -6.024973888
          0,           0,        5261,      -11.48626158,      -8.706966444,      -8.607776154,      -6.026448137
          0,           0,        5262,      -11.48773734,       -8.70843993,      -8.609249688,      -6.027923378
          0,           0,        5263,       -11.4892109,      -8.709912799,      -8.610723314,      -6.029396677
          0,           0,        5264,      -11.49068469,       -8.71138668,      -8.612196947,      -6.030871487
          0,           0,        5265,      -11.49215659,      -8.712860779,      -8.613670374,      -6.032343337
          0,           0,        5266,      -11.49363012,      -8.714333237,      -8.615144375,      -6.033817366
          0,           0,        5267,      -11.49510253,      -8.715806572,      -8.616618223,      -6.035288877
          0,           0,        5268,      -11.49657737,      -8.717280841,      -8.618091633,      -6.036764466
          0,           0,        5269,      -11.49804993,      -8.718754631,      -8.619565188,      -6.038236687
          0,           0,        5270,      -11.49952288,      -8.720228316,      -8.621038608,      -6.039709381
          0,           0,        5271,      -11.50099873,      -8.721701823,      -8.622512471,      -6.041184511
          0,           0,        5272,      -11.50247164,      -8.723173833,      -8.623985962,       -6.04265766
          0,           0,        5273,      -11.50394456,      -8.724648739,      -8.625459915,      -6.044131225
          0,           0,        5274,      -11.50542034,       -8.72612307,      -8.626933576,      -6.045605836
          0,           0,        5275,      -11.50689254,      -8.727596554,      -8.628407141,       -6.04707827
          0,           0,        5276,      -11.50836832,      -8.729070153,      -8.629880921,      -6.048555074
          0,           0,        5277,      -11.50984138,       -8.73054347,      -8.631353819,      -6.050027905
          0,           0,        5278,      -11.51131379,      -8.732018126,      -8.632827985,       -6.05150019
          0,           0,        5279,      -11.51278839,      -8.733491335,      -8.634301288,      -6.052974647
          0,           0,        5280,      -11.51426186,      -8.734965302,      -8.635775068,      -6.054447731
          0,           0,        5281,      -11.51573505,      -8.736437712,      -8.637248601,      -6.055921749
          0,           0,        5282,      -11.51720937,      -8.737911193,      -8.638722255,      -6.057396111
          0,           0,        5283,      -11.51868202,      -8.739384336,      -8.640196024,      -6.058869126
          0,           0,        5284,      -11.52015625,         -8.740859,      -8.641668989,      -6.060343123
          0,           0,        5285,      -11.52162799,      -8.742332047,      -8.643143206,      -6.061814748
          0,           0,        5286,      -11.52310148,      -8.743806288,      -8.644617073,      -6.063288176
          0,           0,        5287,      -11.52457624,      -8.745280835,      -8.646090665,       -6.06476344
          0,           0,        5288,      -11.52605003,      -8.746753719,      -8.647564001,      -6.066237649
          0,           0,        5289,      -11.52752454,      -8.748226739,      -8.649037786,      -6.067711131
          0,           0,        5290,      -11.52899813,      -8.749700434,      -8.650511021,      -6.069185199
          0,           0,        5291,      -11.53047094,      -8.751174212,      -8.651985072,      -6.070657291
          0,           0,        5292,      -11.53194459,      -8.752647222,      -8.653458635,      -6.072130528
          0,           0,        5293,      -11.53341725,      -8.754121628,      -8.654932438,      -6.073604087
          0,           0,        5294,      -11.53489025,      -8.755595344,      -8.656405718,      -6.075077021
          0,           0,        5295,      -11.53636363,       -8.75706911,      -8.657879661,       -6.07654995
          0,           0,        5296,      -11.53783701,      -8.758542843,      -8.659353578,      -6.078023543
          0,           0,        5297,      -11.53931269,      -8.760016952,      -8.660826925,      -6.079498593
          0,           0,        5298,       -11.5407868,      -8.761490332,      -8.662300015,      -6.080972596
          0,           0,        5299,      -11.54226077,      -8.762963151,      -8.663774199,      -6.082446886
          0,           0,        5300,      -11.54373252,      -8.764437254,      -8.665248085,      -6.083918875
          0,           0,        5301,       -11.5452064,      -8.765909552,      -8.666721474,      -6.085392782
          0,           0,        5302,      -11.54668041,      -8.767382605,       -8.66819494,      -6.086866583
          0,           0,        5303,      -11.54815336,      -8.768858041,      -8.669668617,      -6.088339125
          0,           0,        5304,      -11.54962711,      -8.770330799,       -8.67114246,         -6.089813
          0,           0,        5305,      -11.55110189,      -8.771805389,      -8.672615824,      -6.091288261
          0,           0,        5306,      -11.55257397,      -8.773278241,      -8.674089615,      -6.092759304
          0,           0,        5307,      -11.55404921,      -8.774751852,      -8.675563164,      -6.094235332
          0,           0,        5308,      -11.55552262,      -8.776226234,      -8.677036288,      -6.095708402
          0,           0,        5309,      -11.55699533,      -8.777698347,      -8.678510338,      -6.097180893
          0,           0,        5310,      -11.55846895,      -8.779173034,      -8.679984041,      -6.098655794
          0,           0,        5311,      -11.55994276,      -8.780646862,      -8.681457589,      -6.100129183
          0,           0,        5312,      -11.56141527,      -8.782121307,       -8.68293108,      -6.101600951
          0,           0,        5313,      -11.56288884,      -8.783594863,      -8.684404924,      -6.103075181
          0,           0,        5314,      -11.56436318,       -8.78506752,      -8.685878626,      -6.104549057
          0,           0,        5315,      -11.56583828,      -8.786542264,      -8.687352203,      -6.106024187
          0,           0,        5316,      -11.56731104,      -8.788014231,      -8.688825734,      -6.107497076
          0,           0,        5317,      -11.56878638,      -8.789489012,      -8.690299317,      -6.108972204
          0,           0,        5318,      -11.57025918,      -8.790962144,      -8.691773554,      -6.110445235
          0,           0,        5319,      -11.57173027,      -8.792435562,      -8.693246484,      -6.111916533
          0,           0,        5320,      -11.57320377,      -8.793909558,      -8.694720874,      -6.113390032
          0,           0,        5321,      -11.57467928,      -8.795382995,      -8.696194254,      -6.114865563
          0,           0,        5322,      -11.57615356,       -8.79685529,      -8.697668199,       -6.11633897
          0,           0,        5323,      -11.57762998,      -8.798329266,      -8.699141379,      -6.117816454
          0,           0,        5324,      -11.57910138,      -8.799802076,      -8.700614579,      -6.119287525
          0,           0,        5325,      -11.58057473,      -8.801276486,      -8.702087971,      -6.120760865
          0,           0,        5326,      -11.58204682,      -8.802751206,      -8.703561409,      -6.122232761
          0,           0,        5327,      -11.58351935,      -8.804223712,      -8.705035761,      -6.123705779
          0,           0,        5328,      -11.58499373,      -8.805698869,      -8.706509205,      -6.125179732
          0,           0,        5329,      -11.58646784,      -8.807171741,      -8.707983294,      -6.126655111
          0,           0,        5330,      -11.58794257,      -8.808646157,      -8.709456666,       -6.12812896
          0,           0,        5331,      -11.58941758,      -8.810119743,      -8.710930692,      -6.129604487
          0,           0,        5332,      -11.59089085,       -8.81159256,      -8.712403837,      -6.131077765
          0,           0,        5333,      -11.59236346,      -8.813067135,      -8.713877513,      -6.132550342
          0,           0,        5334,      -11.59383656,      -8.814540131,      -8.715350939,      -6.134024008
          0,           0,        5335,       -11.5953089,      -8.816013187,      -8.716825117,      -6.135495733
          0,           0,        5336,      -11.59678295,      -8.817485643,      -8.718298197,      -6.136969861
          0,           0,        5337,      -11.59825611,      -8.818961388,      -8.719772133,      -6.138442753
          0,           0,        5338,      -11.59973057,      -8.820435389,      -8.721245529,      -6.139915968
          0,           0,        5339,      -11.60120497,      -8.821910159,      -8.722719176,       -6.14139105
          0,           0,        5340,      -11.60267784,      -8.823382756,      -8.724192931,      -6.142864123
          0,           0,        5341,      -11.60415169,      -8.824856112,      -8.725666118,      -6.144338741
          0,           0,        5342,      -11.60562548,      -8.826330218,      -8.727139354,      -6.145810806
          0,           0,        5343,      -11.60710077,      -8.827803709,      -8.728613686,      -6.147287178
          0,           0,        5344,      -11.60857314,      -8.829275032,      -8.730087099,      -6.148759138
          0,           0,        5345,      -11.61004588,      -8.830749145,      -8.731560817,      -6.150232266
          0,           0,        5346,      -11.61151861,      -8.832223582,      -8.733034298,      -6.151705779
          0,           0,        5347,      -11.61299038,      -8.833697046,      -8.734508692,      -6.153177109
          0,           0,        5348,      -11.61446815,      -8.835171139,      -8.735981721,      -6.154653383
          0,           0,        5349,      -11.61593795,      -8.836644174,      -8.737454732,      -6.156124898
          0,           0,        5350,      -11.61741319,      -8.838117088,      -8.738929528,      -6.157599589
          0,           0,        5351,      -11.61888708,      -8.839592359,       -8.74040309,      -6.159073938
          0,           0,        5352,      -11.62035919,      -8.841066067,      -8.741876479,      -6.160546491
          0,           0,        5353,      -11.62183537,      -8.842537986,      -8.743350124,      -6.162022481
          0,           0,        5354,      -11.62331014,      -8.844010644,      -8.744823701,      -6.163496612
          0,           0,        5355,       -11.6247827,      -8.845484395,      -8.746297438,      -6.164968591
          0,           0,        5356,      -11.62625745,      -8.846959856,      -8.747770846,      -6.166443529
          0,           0,        5357,      -11.62773119,      -8.848434448,      -8.749244804,      -6.167916575
          0,           0,        5358,      -11.62920655,      -8.849908837,      -8.750717936,      -6.169392937
          0,           0,        5359,       -11.6306813,      -8.851383198,      -8.752191293,      -6.170867196
          0,           0,        5360,      -11.63215162,      -8.852856369,      -8.753665852,      -6.172338354
          0,           0,        5361,      -11.63362651,      -8.854330118,      -8.755138228,      -6.173812326
          0,           0,        5362,      -11.63510139,      -8.855802679,      -8.756612667,      -6.175287406
          0,           0,        5363,      -11.63657418,      -8.857275566,      -8.758086515,      -6.176760982
          0,           0,        5364,      -11.63804657,      -8.858747991,      -8.759560171,      -6.178233025
          0,           0,        5365,      -11.63951912,      -8.860221129,      -8.761033703,      -6.179704651
          0,           0,        5366,      -11.64099162,       -8.86169608,      -8.762506915,      -6.181178467
          0,           0,        5367,      -11.64246514,      -8.863170481,      -8.763981088,      -6.182651972
          0,           0,        5368,      -11.64394019,      -8.864644276,      -8.765454704,      -6.184126832
          0,           0,        5369,      -11.64541328,      -8.866117273,      -8.766928053,      -6.185600029
          0,           0,        5370,       -11.6468868,      -8.867592032,      -8.768401879,      -6.187073616
          0,           0,        5371,      -11.64836057,      -8.869065601,      -8.769875475,      -6.188547345
          0,           0,        5372,      -11.64983487,      -8.870539808,       -8.77134844,       -6.19002053
          0,           0,        5373,      -11.65130769,      -8.872013389,      -8.772822927,      -6.191493692
          0,           0,        5374,      -11.65278212,      -8.873485209,      -8.774296393,      -6.192967399
          0,           0,        5375,      -11.65425491,      -8.874958452,      -8.775769665,      -6.194441349
          0,           0,        5376,      -11.65572689,      -8.876431664,      -8.777243037,      -6.195912776
          0,           0,        5377,      -11.65720157,      -8.877905794,       -8.77871755,      -6.197388528
          0,           0,        5378,      -11.65867519,      -8.879379758,      -8.780190857,      -6.198861711
          0,           0,        5379,      -11.66014692,       -8.88085486,      -8.781664341,      -6.200333347
          0,           0,        5380,      -11.66162304,      -8.882327404,      -8.783138694,      -6.201810838
          0,           0,        5381,      -11.66309563,      -8.883800235,      -8.784612081,       -6.20328245
          0,           0,        5382,      -11.66456964,      -8.885273565,      -8.786086282,      -6.204755543
          0,           0,        5383,      -11.66604603,      -8.886748324,      -8.787558995,      -6.206232056
          0,           0,        5384,      -11.66751763,      -8.888221419,      -8.789031869,      -6.207704925
          0,           0,        5385,      -11.66899275,       -8.88969719,      -8.790505297,      -6.209180141
          0,           0,        5386,      -11.67046429,      -8.891168907,      -8.791979212,      -6.210650121
          0,           0,        5387,      -11.67193905,      -8.892642141,      -8.793453717,      -6.212124219
          0,           0,        5388,      -11.67341212,      -8.894113851,      -8.794927414,      -6.213597967
          0,           0,        5389,      -11.67488563,      -8.895590489,      -8.796400604,      -6.215073395
          0,           0,        5390,      -11.67635757,      -8.897064963,      -8.797874854,      -6.216544876
          0,           0,        5391,      -11.67783229,       -8.89853881,      -8.799348556,        -6.2180189
          0,           0,        5392,      -11.67930872,      -8.900011343,      -8.800822566,      -6.219495947
          0,           0,        5393,      -11.68078332,      -8.901484403,       -8.80229561,      -6.220969482
          0,           0,        5394,      -11.68225626,      -8.902958369,      -8.803769293,      -6.222442879
          0,           0,        5395,      -11.68373096,       -8.90443226,      -8.805242636,       -6.22391632
          0,           0,        5396,      -11.68520571,      -8.905906083,      -8.806716207,      -6.225391567
          0,           0,        5397,      -11.68668017,      -8.907380209,      -8.808188946,      -6.226865137
          0,           0,        5398,       -11.6881519,      -8.908854108,      -8.809662981,      -6.228337433
          0,           0,        5399,      -11.68962331,      -8.910327338,      -8.811136754,       -6.22980925
          0,           0,        5400,      -11.69109774,      -8.911801011,      -8.812610086,       -6.23128335
          0,           0,        5401,      -11.69256998,      -8.913274752,      -8.814084244,      -6.232756503
          0,           0,        5402,      -11.69404436,      -8.914747541,      -8.815558152,      -6.234229464
          0,           0,        5403,      -11.69551762,      -8.916218905,      -8.817032044,      -6.235702812
          0,           0,        5404,      -11.69699231,      -8.917693831,      -8.818504982,      -6.237178757
          0,           0,        5405,      -11.69846711,      -8.919166401,      -8.819978605,      -6.238653545
          0,           0,        5406,      -11.69993751,      -8.920638805,      -8.821451794,       -6.24012331
          0,           0,        5407,      -11.70140984,      -8.922115978,      -8.822926133,       -6.24159448
          0,           0,        5408,      -11.70288203,      -8.923590764,      -8.824399333,      -6.243067679
          0,           0,        5409,       -11.7043561,      -8.925064561,      -8.825873366,      -6.244542546
          0,           0,        5410,       -11.7058309,      -8.926537823,      -8.827347237,      -6.246016516
          0,           0,        5411,      -11.70730477,      -8.928010795,      -8.828821181,      -6.247491182
          0,           0,        5412,      -11.70878037,      -8.929484283,      -8.830294417,      -6.248965614
          0,           0,        5413,      -11.71025558,      -8.930958383,      -8.831767697,      -6.250440948
          0,           0,        5414,      -11.71172985,      -8.932430969,       -8.83324198,      -6.251914872
          0,           0,        5415,      -11.71320356,      -8.933905113,      -8.834715525,      -6.253388837
          0,           0,        5416,      -11.71467808,      -8.935376387,      -8.836189599,      -6.254864279
          0,           0,        5417,      -11.71614921,      -8.936848934,      -8.837662574,      -6.256336872
          0,           0,        5418,      -11.71762202,      -8.938322219,      -8.839136505,      -6.257809954
          0,           0,        5419,      -11.71909338,      -8.939797143,      -8.840610232,      -6.259279288
          0,           0,        5420,      -11.72056742,      -8.941272366,      -8.842083757,      -6.260751345
          0,           0,        5421,      -11.72204135,      -8.942747551,      -8.843557311,      -6.262226913
          0,           0,        5422,      -11.72351613,      -8.944222003,      -8.845030854,      -6.263702067
          0,           0,        5423,       -11.7249905,      -8.945695606,      -8.846504447,      -6.265175912
          0,           0,        5424,      -11.72646388,       -8.94716855,      -8.847977912,      -6.266649512
          0,           0,        5425,      -11.72793895,      -8.948641164,      -8.849451391,      -6.268126266
          0,           0,        5426,      -11.72941144,      -8.950114587,      -8.850925162,      -6.269597463
          0,           0,        5427,      -11.73088218,      -8.951587706,      -8.852398541,      -6.271067954
          0,           0,        5428,      -11.73235603,      -8.953062095,      -8.853872327,      -6.272542126
          0,           0,        5429,      -11.73382902,      -8.954536157,      -8.855346058,      -6.274015183
          0,           0,        5430,        -11.735303,      -8.956010036,       -8.85681969,      -6.275489794
          0,           0,        5431,       -11.7367786,      -8.957483039,      -8.858292966,      -6.276966825
          0,           0,        5432,      -11.73825381,      -8.958957158,      -8.859766681,      -6.278441504
          0,           0,        5433,      -11.73972763,      -8.960428683,      -8.861240497,      -6.279915128
          0,           0,        5434,      -11.74119936,      -8.961901842,      -8.862714281,      -6.281386095
          0,           0,        5435,      -11.74267193,      -8.963375241,      -8.864187673,      -6.282858811
          0,           0,        5436,      -11.74414282,        -8.9648503,       -8.86566139,      -6.284330417
          0,           0,        5437,      -11.74561936,      -8.966324469,      -8.867135072,      -6.285804635
          0,           0,        5438,      -11.74709366,      -8.967798142,      -8.868609479,      -6.287279263
          0,           0,        5439,      -11.74856923,      -8.969272059,      -8.870082285,      -6.288755914
          0,           0,        5440,      -11.75004134,      -8.970745826,      -8.871555923,      -6.290227583
          0,           0,        5441,      -11.75151494,      -8.972219444,      -8.873029203,      -6.291701167
          0,           0,        5442,       -11.7529863,      -8.973692705,      -8.874502418,      -6.293173329
          0,           0,        5443,      -11.75446142,      -8.975166262,       -8.87597766,      -6.294646232
          0,           0,        5444,      -11.75593435,      -8.976640655,      -8.877450598,      -6.296119984
          0,           0,        5445,      -11.75740832,      -8.978114498,      -8.878924248,      -6.297593444
          0,           0,        5446,      -11.75888207,      -8.979590851,      -8.880398702,      -6.299068655
          0,           0,        5447,      -11.76035854,      -8.981062342,      -8.881871483,      -6.300545363
          0,           0,        5448,      -11.76183442,      -8.982534844,      -8.883345009,      -6.302021939
          0,           0,        5449,      -11.76330841,      -8.984008982,      -8.884818252,      -6.303495454
          0,           0,        5450,      -11.76477755,      -8.985481461,      -8.886291764,      -6.304964551
          0,           0,        5451,      -11.76624799,      -8.986954154,      -8.887764915,       -6.30643426
          0,           0,        5452,      -11.76772182,      -8.988427298,      -8.889240081,      -6.307907079
          0,           0,        5453,      -11.76919582,       -8.98990205,       -8.89071423,      -6.309381964
          0,           0,        5454,      -11.77067076,      -8.991375378,      -8.892187606,      -6.310856982
          0,           0,        5455,      -11.77214586,      -8.992850014,      -8.893660679,       -6.31233413
          0,           0,        5456,      -11.77362214,      -8.994324102,      -8.895133517,      -6.313809993
          0,           0,        5457,      -11.77509544,      -8.995796249,      -8.896607035,       -6.31528234
          0,           0,        5458,      -11.77656708,      -8.997271322,       -8.89808056,      -6.316754929
          0,           0,        5459,         -11.77804,        -8.9987437,      -8.899554803,      -6.318226517
          0,           0,        5460,      -11.77951545,      -9.000219197,      -8.901028054,      -6.319702473
          0,           0,        5461,      -11.78098674,      -9.001693131,      -8.902502515,      -6.321174418
          0,           0,        5462,      -11.78246298,      -9.003166953,      -8.903975105,       -6.32265009
          0,           0,        5463,      -11.78393557,       -9.00463879,      -8.905450472,      -6.324124796
          0,           0,        5464,      -11.78540837,       -9.00611314,       -8.90692326,      -6.325596447
          0,           0,        5465,      -11.78688296,      -9.007584448,      -8.908395997,      -6.327070863
          0,           0,        5466,      -11.78835622,      -9.009059891,      -8.909869776,      -6.328544515
          0,           0,        5467,      -11.78983321,      -9.010535277,      -8.911344122,      -6.330021209
          0,           0,        5468,      -11.79130341,      -9.012007976,       -8.91281758,      -6.331489981
          0,           0,        5469,      -11.79277637,      -9.013479096,      -8.914290698,      -6.332964445
          0,           0,        5470,      -11.79424626,      -9.014954434,      -8.915764156,      -6.334433544
          0,           0,        5471,      -11.79571905,      -9.016429814,       -8.91723813,      -6.335905678
          0,           0,        5472,      -11.79719397,      -9.017903924,      -8.918711658,      -6.337380431
          0,           0,        5473,      -11.79866851,      -9.019376665,       -8.92018663,      -6.338854849
          0,           0,        5474,      -11.80014681,      -9.020848291,       -8.92165976,      -6.340332472
          0,           0,        5475,      -11.80161743,      -9.022321365,      -8.923132962,      -6.341801811
          0,           0,        5476,      -11.80309181,      -9.023792546,      -8.924608585,      -6.343277752
          0,           0,        5477,      -11.80457017,       -9.02526649,      -8.926080832,       -6.34475522
          0,           0,        5478,      -11.80604156,      -9.026740371,      -8.927553713,       -6.34622659
          0,           0,        5479,      -11.80751678,      -9.028214279,      -8.929027688,      -6.347702972
          0,           0,        5480,      -11.80898882,      -9.029688798,      -8.930500732,       -6.34917468
          0,           0,        5481,      -11.81046229,      -9.031163504,      -8.931973973,      -6.350648546
          0,           0,        5482,      -11.81193494,      -9.032638067,      -8.933448371,      -6.352120467
          0,           0,        5483,      -11.81341161,       -9.03411147,      -8.934922431,      -6.353597368
          0,           0,        5484,      -11.81488587,      -9.035585258,      -8.936395827,      -6.355071222
          0,           0,        5485,      -11.81636068,      -9.037058725,      -8.937868919,      -6.356545894
          0,           0,        5486,      -11.81782903,      -9.038528791,      -8.939342686,      -6.358015815
          0,           0,        5487,      -11.81930224,      -9.040006467,      -8.940815758,      -6.359488584
          0,           0,        5488,      -11.82077695,      -9.041478159,      -8.942289703,      -6.360963208
          0,           0,        5489,      -11.82224744,      -9.042953516,      -8.943763597,       -6.36243415
          0,           0,        5490,      -11.82372314,       -9.04442797,      -8.945237279,      -6.363908788
          0,           0,        5491,      -11.82519965,      -9.045898771,      -8.946711247,        -6.3653858
          0,           0,        5492,      -11.82667014,      -9.047373674,      -8.948184591,      -6.366858248
          0,           0,        5493,       -11.8281411,      -9.048845414,      -8.949657658,       -6.36832816
          0,           0,        5494,      -11.82961175,      -9.050320948,      -8.951131788,      -6.369797653
          0,           0,        5495,      -11.83108811,      -9.051795021,      -8.952605789,      -6.371275125
          0,           0,        5496,      -11.83256123,       -9.05326604,      -8.954079011,      -6.372748097
          0,           0,        5497,       -11.8340344,      -9.054740511,      -8.955553115,      -6.374222297
          0,           0,        5498,      -11.83550682,      -9.056213556,      -8.957026634,      -6.375694246
          0,           0,        5499,      -11.83698403,       -9.05768892,      -8.958500693,      -6.377169674
          0,           0,        5500,      -11.83846121,      -9.059160832,      -8.959974239,      -6.378647334
          0,           0,        5501,      -11.83993289,       -9.06063466,      -8.961447224,      -6.380118925
          0,           0,        5502,      -11.84140689,      -9.062107845,      -8.962921677,      -6.381592823
          0,           0,        5503,      -11.84288247,      -9.063583464,      -8.964394283,      -6.383068865
          0,           0,        5504,      -11.84435553,      -9.065054327,      -8.965869142,       -6.38454162
          0,           0,        5505,       -11.8458291,      -9.066529081,      -8.967341747,      -6.386016414
          0,           0,        5506,      -11.84730013,      -9.068003599,      -8.968815144,      -6.387485061
          0,           0,        5507,      -11.84877233,      -9.069478089,      -8.970288741,      -6.388958225
          0,           0,        5508,      -11.85025087,      -9.070951487,      -8.971762516,      -6.390435441
          0,           0,        5509,       -11.8517236,       -9.07242477,      -8.973237251,      -6.391909527
          0,           0,        5510,      -11.85319711,       -9.07389895,      -8.974710407,      -6.393383263
          0,           0,        5511,      -11.85467174,      -9.075375231,      -8.976183819,      -6.394858709
          0,           0,        5512,      -11.85614928,      -9.076845304,      -8.977656441,      -6.396334615
          0,           0,        5513,      -11.85762022,      -9.078322198,      -8.979129037,      -6.397807219
          0,           0,        5514,      -11.85908975,      -9.079794604,      -8.980603779,      -6.399277675
          0,           0,        5515,      -11.86056369,       -9.08127059,      -8.982077371,      -6.400750573
          0,           0,        5516,      -11.86203575,       -9.08274122,       -8.98355107,      -6.402222445
          0,           0,        5517,      -11.86351028,      -9.084213474,      -8.985024896,      -6.403695358
          0,           0,        5518,      -11.86497924,      -9.085687616,      -8.986499159,      -6.405166724
          0,           0,        5519,      -11.86645546,      -9.087160438,      -8.987974423,      -6.406643324
          0,           0,        5520,       -11.8679303,      -9.088633705,       -8.98944669,      -6.408116438
          0,           0,        5521,      -11.86940394,      -9.090109311,      -8.990920325,      -6.409588698
          0,           0,        5522,      -11.87087514,      -9.091580932,      -8.992393719,      -6.411062371
          0,           0,        5523,      -11.87235147,      -9.093051793,      -8.993868666,       -6.41253957
          0,           0,        5524,      -11.87382129,      -9.094528515,      -8.995341354,      -6.414006477
          0,           0,        5525,      -11.87529503,      -9.096005087,      -8.996813644,      -6.415484101
          0,           0,        5526,      -11.87676979,      -9.097477927,      -8.998288509,      -6.416955588
          0,           0,        5527,      -11.87824639,      -9.098950514,      -8.999762731,      -6.418434946
          0,           0,        5528,      -11.87972364,      -9.100427199,      -9.001235053,      -6.419909324
          0,           0,        5529,      -11.88119421,      -9.101895996,      -9.002708972,      -6.421382174
          0,           0,        5530,      -11.88266749,      -9.103370455,      -9.004182462,      -6.422855335
          0,           0,        5531,      -11.88414353,      -9.104844606,      -9.005654914,       -6.42432957
          0,           0,        5532,      -11.88561435,      -9.106318838,      -9.007129895,      -6.425798854
          0,           0,        5533,      -11.88708767,      -9.107793644,       -9.00860288,      -6.427273415
          0,           0,        5534,      -11.88855971,      -9.109267121,      -9.010077514,      -6.428746042
          0,           0,        5535,      -11.89003714,      -9.110740338,      -9.011551279,      -6.430222676
          0,           0,        5536,      -11.89151456,      -9.112212926,      -9.013023746,      -6.431700751
          0,           0,        5537,      -11.89298415,      -9.113684178,      -9.014497604,      -6.433171426
          0,           0,        5538,      -11.89445588,      -9.115158955,       -9.01597225,      -6.434642522
          0,           0,        5539,      -11.89593001,      -9.116634462,       -9.01744517,      -6.436117429
          0,           0,        5540,      -11.89740075,       -9.11811086,      -9.018918907,      -6.437587538
          0,           0,        5541,      -11.89887302,      -9.119582553,      -9.020393203,      -6.439060646
          0,           0,        5542,      -11.90035138,      -9.121055212,      -9.021865848,       -6.44053907
          0,           0,        5543,      -11.90182098,      -9.122529208,      -9.023339706,      -6.442009329
          0,           0,        5544,      -11.90329534,      -9.124006059,      -9.024812602,      -6.443483237
          0,           0,        5545,      -11.90476773,      -9.125480354,      -9.026286819,      -6.444955539
          0,           0,        5546,      -11.90623968,      -9.126947211,      -9.027761477,      -6.446427121
          0,           0,        5547,      -11.90771888,      -9.128420494,      -9.029234765,       -6.44790596
          0,           0,        5548,      -11.90918984,      -9.129894416,      -9.030708293,      -6.449379043
          0,           0,        5549,      -11.91066353,      -9.131370072,      -9.032180848,      -6.450850629
          0,           0,        5550,      -11.91213877,      -9.132845769,      -9.033654737,      -6.452325479
          0,           0,        5551,      -11.91361232,      -9.134318779,      -9.035128392,      -6.453799036
          0,           0,        5552,      -11.91508966,      -9.135792983,      -9.036602508,      -6.455279877
          0,           0,        5553,      -11.91656224,       -9.13726738,      -9.038074749,      -6.456750001
          0,           0,        5554,      -11.91803517,      -9.138740398,       -9.03954936,      -6.458222757
          0,           0,        5555,       -11.9195056,      -9.140212378,       -9.04102318,      -6.459692656
          0,           0,        5556,      -11.92098037,       -9.14168493,      -9.042497079,      -6.461167253
          0,           0,        5557,      -11.92245512,      -9.143159288,      -9.043969515,      -6.462642727
          0,           0,        5558,      -11.92392671,      -9.144632466,      -9.045444212,      -6.464115098
          0,           0,        5559,      -11.92539959,      -9.146104137,       -9.04691907,      -6.465586554
          0,           0,        5560,      -11.92687289,      -9.147579943,      -9.048391453,      -6.467061208
          0,           0,        5561,      -11.92835104,      -9.149053709,       -9.04986616,      -6.468537926
          0,           0,        5562,      -11.92982805,      -9.150527191,      -9.051337944,      -6.470015354
          0,           0,        5563,      -11.93129922,      -9.151999983,      -9.052811631,      -6.471486953
          0,           0,        5564,       -11.9327723,      -9.153473157,      -9.054285746,      -6.472959099
          0,           0,        5565,      -11.93424313,      -9.154948259,      -9.055759317,      -6.474428885
          0,           0,        5566,      -11.93571642,      -9.156424092,      -9.057232984,      -6.475902223
          0,           0,        5567,      -11.93718747,      -9.157897792,       -9.05870753,      -6.477374459
          0,           0,        5568,      -11.93866646,      -9.159377146,      -9.060179551,      -6.478851442
          0,           0,        5569,      -11.94013941,      -9.160848086,      -9.061653891,      -6.480325762
          0,           0,        5570,      -11.94161683,        -9.1623213,      -9.063128275,      -6.481804485
          0,           0,        5571,      -11.94309258,      -9.163794184,      -9.064601315,      -6.483278978
          0,           0,        5572,      -11.94456928,      -9.165264715,       -9.06607492,      -6.484757323
          0,           0,        5573,      -11.94603683,      -9.166736244,      -9.067548324,      -6.486221238
          0,           0,        5574,      -11.94751027,      -9.168213421,      -9.069022478,      -6.487696181
          0,           0,        5575,      -11.94898223,      -9.169683701,      -9.070495115,         -6.489167
          0,           0,        5576,      -11.95045509,      -9.171158335,      -9.071968077,      -6.490640158
          0,           0,        5577,      -11.95192385,      -9.172632003,      -9.073441994,      -6.492108826
          0,           0,        5578,      -11.95339948,      -9.174106134,      -9.074917574,      -6.493583751
          0,           0,        5579,      -11.95486996,      -9.175579536,       -9.07638967,      -6.495053018
          0,           0,        5580,      -11.95634548,      -9.177055726,      -9.077863926,      -6.496531173
          0,           0,        5581,      -11.95782556,      -9.178533823,      -9.079338228,      -6.498010833
          0,           0,        5582,      -11.95930023,      -9.180005861,      -9.080812466,       -6.49948478
          0,           0,        5583,      -11.96077824,      -9.181478364,      -9.082285372,      -6.500964866
          0,           0,        5584,      -11.96225535,      -9.182948336,      -9.083759032,      -6.502439797
          0,           0,        5585,      -11.96372561,      -9.184419253,      -9.085232085,      -6.503910023
          0,           0,        5586,      -11.96519738,      -9.185894273,      -9.086705817,      -6.505384443
          0,           0,        5587,      -11.96667022,      -9.187368052,       -9.08817876,      -6.506855123
          0,           0,        5588,      -11.96814023,      -9.188842661,      -9.089652698,      -6.508324419
          0,           0,        5589,      -11.96961771,      -9.190317988,      -9.091126288,      -6.509803909
          0,           0,        5590,      -11.97108546,      -9.191788933,      -9.092600414,      -6.511272336
          0,           0,        5591,       -11.9725634,       -9.19326667,      -9.094074099,      -6.512749032
          0,           0,        5592,      -11.97403601,      -9.194740693,      -9.095546958,      -6.514224255
          0,           0,        5593,      -11.97550944,      -9.196213292,      -9.097020623,      -6.515697684
          0,           0,        5594,      -11.97698167,      -9.197687456,      -9.098495048,      -6.517168104
          0,           0,        5595,      -11.97844604,       -9.19915842,      -9.099967865,      -6.518634203
          0,           0,        5596,       -11.9799262,      -9.200632183,      -9.101442138,      -6.520115616
          0,           0,        5597,      -11.98140059,      -9.202108789,      -9.102915266,       -6.52158756
          0,           0,        5598,      -11.98287921,      -9.203577559,      -9.104388205,      -6.523069084
          0,           0,        5599,      -11.98435096,      -9.205051443,      -9.105863076,      -6.524536471
          0,           0,        5600,      -11.98582441,      -9.206525362,       -9.10733741,      -6.526009098
          0,           0,        5601,      -11.98729195,      -9.207995639,      -9.108811086,      -6.527477347
          0,           0,        5602,      -11.98877207,      -9.209472825,      -9.110283764,      -6.528954867
          0,           0,        5603,       -11.9902404,      -9.210947153,      -9.111758191,      -6.530425975
          0,           0,        5604,      -11.99171917,      -9.212421645,      -9.113231509,      -6.531903004
          0,           0,        5605,       -11.9931941,       -9.21389584,      -9.114705919,      -6.533376555
          0,           0,        5606,      -11.99467108,      -9.215367792,      -9.116180198,      -6.534857802
          0,           0,        5607,      -11.99614171,      -9.216840151,      -9.117654124,      -6.536324691
          0,           0,        5608,      -11.99761615,      -9.218313895,       -9.11912748,      -6.537800402
          0,           0,        5609,      -11.99909084,      -9.219788778,      -9.120600172,      -6.539278743
          0,           0,        5610,      -12.00055933,      -9.221258639,      -9.122074125,      -6.540744884
          0,           0,        5611,      -12.00203279,      -9.222734449,      -9.123546951,      -6.542216862
          0,           0,        5612,      -12.00349923,       -9.22420957,      -9.125020793,      -6.543683752
          0,           0,        5613,      -12.00497647,       -9.22568503,      -9.126495316,      -6.545161061
          0,           0,        5614,      -12.00646098,      -9.227161583,        -9.1279699,      -6.546647491
          0,           0,        5615,       -12.0079335,      -9.228633059,      -9.129443985,      -6.548119952
          0,           0,        5616,      -12.00940601,      -9.230104645,      -9.130915318,      -6.549591535
          0,           0,        5617,      -12.01088131,      -9.231575929,      -9.132390149,      -6.551066768
          0,           0,        5618,      -12.01235464,      -9.233048199,      -9.133861082,       -6.55253741
          0,           0,        5619,      -12.01382017,      -9.234522646,      -9.135335436,      -6.554004737
          0,           0,        5620,      -12.01529435,       -9.23599974,      -9.136808487,      -6.555481064
          0,           0,        5621,      -12.01676596,       -9.23747229,       -9.13828297,      -6.556950292
          0,           0,        5622,      -12.01824051,      -9.238944659,      -9.139757338,      -6.558423821
          0,           0,        5623,      -12.01971128,      -9.240419255,        -9.1412295,        -6.5598983
          0,           0,        5624,      -12.02119063,      -9.241896684,      -9.142703871,      -6.561375739
          0,           0,        5625,      -12.02266436,      -9.243366212,      -9.144178307,      -6.562849704
          0,           0,        5626,      -12.02413304,       -9.24484163,      -9.145651738,      -6.564319137
          0,           0,        5627,      -12.02561077,      -9.246315237,      -9.147125629,      -6.565797963
          0,           0,        5628,      -12.02708548,      -9.247786617,      -9.148599443,      -6.567272221
          0,           0,        5629,      -12.02856325,      -9.249259841,      -9.150073746,       -6.56874883
          0,           0,        5630,      -12.03003118,      -9.250729253,      -9.151547712,        -6.5702154
          0,           0,        5631,      -12.03150603,      -9.252203372,      -9.153021732,      -6.571690248
          0,           0,        5632,       -12.0329766,      -9.253677962,      -9.154493434,      -6.573161569
          0,           0,        5633,      -12.03444788,      -9.255154238,      -9.155966349,      -6.574632988
          0,           0,        5634,      -12.03591925,      -9.256624568,      -9.157440908,      -6.576105334
          0,           0,        5635,      -12.03738731,      -9.258096289,      -9.158913614,      -6.577573266
          0,           0,        5636,      -12.03886567,      -9.259572901,       -9.16038685,       -6.57905061
          0,           0,        5637,      -12.04033979,      -9.261046121,      -9.161860991,      -6.580524297
          0,           0,        5638,      -12.04181087,      -9.262523845,        -9.1633344,      -6.581996714
          0,           0,        5639,      -12.04329326,      -9.263996754,      -9.164809187,      -6.583479185
          0,           0,        5640,      -12.04476772,      -9.265470956,      -9.166281092,      -6.584954221
          0,           0,        5641,      -12.04624318,      -9.266943017,      -9.167755641,      -6.586427776
          0,           0,        5642,      -12.04770962,      -9.268417581,      -9.169228643,      -6.587896001
          0,           0,        5643,      -12.04918367,       -9.26989242,      -9.170701443,      -6.589370676
          0,           0,        5644,      -12.05065923,      -9.271366642,      -9.172176316,      -6.590845803
          0,           0,        5645,      -12.05213061,      -9.272839523,      -9.173650814,      -6.592317752
          0,           0,        5646,      -12.05360848,      -9.274315538,      -9.175122828,      -6.593795058
          0,           0,        5647,      -12.05507829,      -9.275783319,        -9.1765983,      -6.595265763
          0,           0,        5648,      -12.05654872,      -9.277257215,      -9.178070583,      -6.596736174
          0,           0,        5649,      -12.05801982,      -9.278732946,      -9.179544279,      -6.598205102
          0,           0,        5650,      -12.05949439,      -9.280207769,      -9.181018976,      -6.599681038
          0,           0,        5651,      -12.06096829,      -9.281683289,      -9.182493005,      -6.601152922
          0,           0,        5652,      -12.06244357,      -9.283154495,      -9.183967426,      -6.602631586
          0,           0,        5653,      -12.06392118,      -9.284626327,      -9.185440358,       -6.60410911
          0,           0,        5654,      -12.06539623,      -9.286099807,      -9.186912052,      -6.605583767
          0,           0,        5655,      -12.06687169,      -9.287572005,      -9.188387716,      -6.607059684
          0,           0,        5656,      -12.06835046,       -9.28904613,      -9.189859244,      -6.608538288
          0,           0,        5657,      -12.06982017,      -9.290520121,      -9.191333062,      -6.610006844
          0,           0,        5658,      -12.07129383,       -9.29199964,      -9.192807187,      -6.611479008
          0,           0,        5659,      -12.07276328,       -9.29347429,      -9.194280417,      -6.612947252
          0,           0,        5660,      -12.07423469,      -9.294945015,      -9.195755365,      -6.614420895
          0,           0,        5661,      -12.07571349,       -9.29641863,       -9.19722903,      -6.615897562
          0,           0,        5662,      -12.07718716,      -9.297892158,      -9.198701592,      -6.617374854
          0,           0,        5663,      -12.07866833,      -9.299366934,      -9.200175818,      -6.618853253
          0,           0,        5664,      -12.08013625,      -9.300836732,      -9.201650607,      -6.620320657
          0,           0,        5665,      -12.08161654,       -9.30231532,      -9.203121414,      -6.621800611
          0,           0,        5666,      -12.08308486,      -9.303783682,      -9.204596956,      -6.623271278
          0,           0,        5667,      -12.08455923,      -9.305259413,      -9.206070033,      -6.624744535
          0,           0,        5668,       -12.0860365,      -9.306729565,      -9.207544122,      -6.626222972
          0,           0,        5669,      -12.08750583,      -9.308209616,      -9.209016081,      -6.627689837
          0,           0,        5670,      -12.08898074,      -9.309679816,      -9.210490471,      -6.629164666
          0,           0,        5671,       -12.0904559,      -9.311157308,      -9.211965661,      -6.630641896
          0,           0,        5672,      -12.09193449,      -9.312633669,      -9.213437534,      -6.632117748
          0,           0,        5673,      -12.09340511,      -9.314107754,      -9.214911563,       -6.63359435
          0,           0,        5674,      -12.09487831,      -9.315581759,      -9.216383935,      -6.635064376
          0,           0,        5675,       -12.0963478,      -9.317055408,      -9.217858266,      -6.636535893
          0,           0,        5676,      -12.09782306,      -9.318526791,      -9.219331558,       -6.63800918
          0,           0,        5677,      -12.09930091,      -9.319997084,      -9.220805634,      -6.639487942
          0,           0,        5678,      -12.10077514,       -9.32146912,      -9.222279759,      -6.640959106
          0,           0,        5679,      -12.10224574,      -9.322940446,       -9.22375268,      -6.642431258
          0,           0,        5680,       -12.1037153,      -9.324414698,      -9.225226227,      -6.643901604
          0,           0,        5681,       -12.1051941,      -9.325892283,      -9.226697964,      -6.645384602
          0,           0,        5682,      -12.10665747,      -9.327360222,      -9.228171944,      -6.646842533
          0,           0,        5683,      -12.10812662,      -9.328839626,      -9.229646653,      -6.648311746
          0,           0,        5684,       -12.1095992,      -9.330314862,      -9.231121534,      -6.649786336
          0,           0,        5685,      -12.11107758,      -9.331789006,       -9.23259562,      -6.651266777
          0,           0,        5686,      -12.11255934,      -9.333263057,      -9.234071249,         -6.652751
          0,           0,        5687,        -12.114033,      -9.334733572,      -9.235543557,      -6.654220968
          0,           0,        5688,      -12.11551031,      -9.336202617,      -9.237016539,      -6.655694865
          0,           0,        5689,      -12.11698938,      -9.337676269,      -9.238490652,      -6.657175941
          0,           0,        5690,      -12.11845223,      -9.339146289,      -9.239962403,      -6.658638867
          0,           0,        5691,      -12.11992416,      -9.340627053,      -9.241433861,       -6.66011094
          0,           0,        5692,      -12.12139714,      -9.342100808,      -9.242909239,      -6.661582596
          0,           0,        5693,       -12.1228607,      -9.343576346,      -9.244385868,      -6.663047762
          0,           0,        5694,      -12.12433504,      -9.345051493,      -9.245859675,      -6.664522606
          0,           0,        5695,      -12.12581135,      -9.346525947,      -9.247332022,      -6.666002653
          0,           0,        5696,      -12.12728736,      -9.347997313,      -9.248807186,      -6.667475514
          0,           0,        5697,      -12.12876619,      -9.349467569,      -9.250281915,      -6.668955352
          0,           0,        5698,      -12.13024574,      -9.350940652,      -9.251753585,       -6.67043306
          0,           0,        5699,      -12.13170941,      -9.352417232,      -9.253228702,      -6.671896152
          0,           0,        5700,      -12.13319314,      -9.353887548,      -9.254700284,      -6.673379494
          0,           0,        5701,      -12.13466476,      -9.355359261,      -9.256172946,      -6.674851333
          0,           0,        5702,      -12.13613307,      -9.356835018,      -9.257647029,      -6.676321495
          0,           0,        5703,      -12.13760331,      -9.358312899,      -9.259120046,      -6.677790369
          0,           0,        5704,      -12.13907806,       -9.35978214,      -9.260595782,      -6.679260786
          0,           0,        5705,      -12.14054705,      -9.361257836,      -9.262069396,      -6.680733382
          0,           0,        5706,      -12.14202893,      -9.362727013,      -9.263543948,      -6.682213605
          0,           0,        5707,      -12.14350245,      -9.364197889,      -9.265016413,      -6.683686955
          0,           0,        5708,      -12.14497768,      -9.365668523,      -9.266488899,      -6.685162011
          0,           0,        5709,      -12.14644432,      -9.367147874,      -9.267962749,      -6.686626345
          0,           0,        5710,      -12.14791859,      -9.368623587,      -9.269436615,      -6.688107368
          0,           0,        5711,      -12.14939349,      -9.370099254,      -9.270907255,       -6.68957868
          0,           0,        5712,      -12.15086271,       -9.37157798,      -9.272380582,      -6.691046573
          0,           0,        5713,       -12.1523322,      -9.373052035,      -9.273858355,      -6.692518919
          0,           0,        5714,      -12.15381526,       -9.37452502,       -9.27532999,      -6.694002558
          0,           0,        5715,       -12.1552914,      -9.375997869,      -9.276804908,      -6.695477241
          0,           0,        5716,      -12.15676972,      -9.377470306,      -9.278279315,      -6.696956908
          0,           0,        5717,      -12.15824332,      -9.378938255,      -9.279753216,      -6.698431322
          0,           0,        5718,      -12.15972617,      -9.380412331,      -9.281224432,      -6.699908816
          0,           0,        5719,      -12.16119132,       -9.38188567,      -9.282699694,      -6.701379466
          0,           0,        5720,      -12.16265804,      -9.383357321,      -9.284171679,      -6.702841184
          0,           0,        5721,      -12.16412987,      -9.384832902,      -9.285646038,      -6.704313821
          0,           0,        5722,      -12.16560157,      -9.386305601,      -9.287121002,      -6.705784448
          0,           0,        5723,      -12.16707613,      -9.387786917,      -9.288594218,      -6.707262396
          0,           0,        5724,      -12.16854924,      -9.389257255,      -9.290065062,       -6.70873559
          0,           0,        5725,      -12.17001537,      -9.390725908,      -9.291541422,      -6.710204159
          0,           0,        5726,       -12.1714943,      -9.392201091,      -9.293015554,      -6.711678705
          0,           0,        5727,      -12.17296925,      -9.393673042,      -9.294487646,      -6.713157758
          0,           0,        5728,      -12.17444181,      -9.395149692,      -9.295961848,      -6.714632212
          0,           0,        5729,      -12.17592014,      -9.396622837,      -9.297434874,      -6.716108655
          0,           0,        5730,      -12.17739977,      -9.398096908,      -9.298909541,      -6.717585471
          0,           0,        5731,      -12.17887583,      -9.399570383,      -9.300382397,      -6.719058841
          0,           0,        5732,      -12.18034991,      -9.401043748,      -9.301857368,      -6.720533922
          0,           0,        5733,      -12.18182031,      -9.402515501,      -9.303329899,      -6.722005792
          0,           0,        5734,      -12.18329341,      -9.403990949,      -9.304802623,      -6.723475329
          0,           0,        5735,       -12.1847655,      -9.405464585,      -9.306275678,      -6.724949063
          0,           0,        5736,      -12.18624239,      -9.406938819,      -9.307749302,      -6.726428621
          0,           0,        5737,      -12.18771038,      -9.408411925,      -9.309224578,      -6.727898319
          0,           0,        5738,      -12.18917816,       -9.40988448,      -9.310697999,      -6.729367298
          0,           0,        5739,      -12.19064861,      -9.411361731,      -9.312170907,       -6.73083761
          0,           0,        5740,      -12.19212667,      -9.412835043,      -9.313643162,        -6.7323151
          0,           0,        5741,      -12.19359693,      -9.414305573,       -9.31511903,      -6.733784905
          0,           0,        5742,      -12.19507766,      -9.415776994,      -9.316593444,      -6.735265389
          0,           0,        5743,      -12.19654803,      -9.417246116,        -9.3180654,      -6.736735426
          0,           0,        5744,      -12.19802268,      -9.418725832,      -9.319536987,      -6.738207766
          0,           0,        5745,      -12.19949307,      -9.420201697,      -9.321011099,      -6.739680998
          0,           0,        5746,      -12.20096485,      -9.421670599,      -9.322487137,      -6.741152894
          0,           0,        5747,      -12.20243617,      -9.423144775,        -9.3239602,      -6.742627228
          0,           0,        5748,      -12.20390863,      -9.424626241,      -9.325433074,      -6.744095636
          0,           0,        5749,      -12.20538288,      -9.426096624,      -9.326908745,      -6.745571782
          0,           0,        5750,      -12.20685879,         -9.427573,      -9.328382024,      -6.747045012
          0,           0,        5751,      -12.20833293,      -9.429048995,        -9.3298544,      -6.748522552
          0,           0,        5752,      -12.20980079,      -9.430516887,      -9.331329676,      -6.749990997
          0,           0,        5753,       -12.2112832,       -9.43199239,      -9.332801922,      -6.751472775
          0,           0,        5754,      -12.21275528,      -9.433460642,      -9.334278058,      -6.752943806
          0,           0,        5755,       -12.2142315,      -9.434934979,      -9.335748373,      -6.754419892
          0,           0,        5756,      -12.21569856,      -9.436405689,      -9.337225188,      -6.755883826
          0,           0,        5757,      -12.21717998,      -9.437881611,      -9.338696169,      -6.757367561
          0,           0,        5758,      -12.21864564,      -9.439360369,      -9.340169395,       -6.75883084
          0,           0,        5759,      -12.22012526,      -9.440836114,      -9.341641981,      -6.760306706
          0,           0,        5760,      -12.22159755,      -9.442313776,      -9.343115885,        -6.7617822
          0,           0,        5761,      -12.22307752,      -9.443787671,      -9.344589469,      -6.763262682
          0,           0,        5762,      -12.22455485,      -9.445253479,      -9.346066826,      -6.764742439
          0,           0,        5763,      -12.22603033,       -9.44672854,      -9.347539265,      -6.766216608
          0,           0,        5764,      -12.22750123,      -9.448199459,      -9.349012678,      -6.767686399
          0,           0,        5765,       -12.2289732,      -9.449675369,      -9.350484507,      -6.769158783
          0,           0,        5766,      -12.23045144,      -9.451149761,      -9.351957236,      -6.770636532
          0,           0,        5767,      -12.23192817,      -9.452621705,      -9.353429614,      -6.772113527
          0,           0,        5768,      -12.23339395,      -9.454091403,      -9.354905383,      -6.773579537
          0,           0,        5769,      -12.23486109,      -9.455566717,      -9.356379231,      -6.775044125
          0,           0,        5770,      -12.23633988,      -9.457044793,      -9.357854226,      -6.776526513
          0,           0,        5771,      -12.23780704,      -9.458516197,      -9.359327091,      -6.777991416
          0,           0,        5772,      -12.23928864,      -9.459991866,      -9.360798885,      -6.779475386
          0,           0,        5773,      -12.24076526,      -9.461463673,      -9.362272662,      -6.780953583
          0,           0,        5774,      -12.24223155,      -9.462931152,      -9.363746586,      -6.782418484
          0,           0,        5775,      -12.24371282,      -9.464411566,      -9.365224231,      -6.783906228
          0,           0,        5776,      -12.24516937,       -9.46588348,      -9.366695034,       -6.78535977
          0,           0,        5777,      -12.24664886,      -9.467357254,      -9.368169147,        -6.7868387
          0,           0,        5778,      -12.24812932,      -9.468832491,      -9.369646143,      -6.788315018
          0,           0,        5779,      -12.24960397,      -9.470302314,      -9.371119918,      -6.789787811
          0,           0,        5780,      -12.25108634,      -9.471777254,      -9.372592411,      -6.791274186
          0,           0,        5781,      -12.25256036,      -9.473254509,      -9.374064788,      -6.792747924
          0,           0,        5782,      -12.25403935,      -9.474726318,      -9.375538303,      -6.794227902
          0,           0,        5783,      -12.25550527,      -9.476204654,      -9.377008885,      -6.795693984
          0,           0,        5784,      -12.25698299,      -9.477677856,      -9.378482333,      -6.797168811
          0,           0,        5785,      -12.25845353,      -9.479148438,      -9.379958496,       -6.79863782
          0,           0,        5786,       -12.2599229,      -9.480628043,       -9.38143238,      -6.800110922
          0,           0,        5787,      -12.26139894,      -9.482103374,      -9.382905195,      -6.801585873
          0,           0,        5788,      -12.26287052,      -9.483577067,      -9.384379841,      -6.803057476
          0,           0,        5789,      -12.26434774,      -9.485049686,      -9.385850838,      -6.804536811
          0,           0,        5790,      -12.26582463,      -9.486520864,      -9.387327948,      -6.806008539
          0,           0,        5791,      -12.26729628,      -9.487988758,      -9.388800205,      -6.807481756
          0,           0,        5792,      -12.26875724,      -9.489461146,      -9.390271949,       -6.80894193
          0,           0,        5793,      -12.27022635,      -9.490939643,      -9.391745279,      -6.810409619
          0,           0,        5794,      -12.27170602,      -9.492410891,      -9.393218363,      -6.811889507
          0,           0,        5795,       -12.2731723,      -9.493870928,      -9.394697357,      -6.813355795
          0,           0,        5796,      -12.27464267,      -9.495359865,      -9.396168051,      -6.814829739
          0,           0,        5797,      -12.27612387,      -9.496831808,      -9.397644223,      -6.816313129
          0,           0,        5798,      -12.27759529,      -9.498304239,      -9.399115852,       -6.81778125
          0,           0,        5799,       -12.2790697,      -9.499781309,      -9.400589253,      -6.819258083
          0,           0,        5800,      -12.28053908,      -9.501257861,      -9.402062932,        -6.8207269
          0,           0,        5801,       -12.2820226,       -9.50273426,      -9.403538247,      -6.822209288
          0,           0,        5802,      -12.28349587,      -9.504207148,      -9.405013195,      -6.823683309
          0,           0,        5803,      -12.28497904,      -9.505675359,      -9.406487055,      -6.825168353
          0,           0,        5804,      -12.28645114,      -9.507146356,      -9.407958787,      -6.826639219
          0,           0,        5805,      -12.28791948,      -9.508619295,      -9.409428045,      -6.828107921
          0,           0,        5806,      -12.28939128,      -9.510094856,      -9.410904038,       -6.82957815
          0,           0,        5807,        -12.290865,      -9.511571314,      -9.412375539,      -6.831052559
          0,           0,        5808,      -12.29232948,      -9.513033325,      -9.413851653,      -6.832515996
          0,           0,        5809,      -12.29379925,      -9.514508444,      -9.415326865,      -6.833990529
          0,           0,        5810,      -12.29526735,      -9.515988997,      -9.416798919,      -6.835454622
          0,           0,        5811,      -12.29674116,      -9.517461882,      -9.418274553,      -6.836928158
          0,           0,        5812,      -12.29821638,      -9.518937981,      -9.419747168,      -6.838404313
          0,           0,        5813,       -12.2997035,      -9.520412186,      -9.421220976,      -6.839890357
          0,           0,        5814,      -12.30117146,      -9.521883626,      -9.422693196,      -6.841357057
          0,           0,        5815,      -12.30264792,      -9.523351797,      -9.424168046,      -6.842830307
          0,           0,        5816,       -12.3041265,      -9.524834675,      -9.425640988,      -6.844308424
          0,           0,        5817,      -12.30560561,      -9.526304303,      -9.427113228,      -6.845791124
          0,           0,        5818,      -12.30708597,      -9.527775349,      -9.428587422,      -6.847266386
          0,           0,        5819,      -12.30855202,      -9.529253445,      -9.430061061,      -6.848729817
          0,           0,        5820,      -12.31003113,      -9.530734259,      -9.431536582,      -6.850212812
          0,           0,        5821,      -12.31150456,      -9.532208357,      -9.433010103,      -6.851691193
          0,           0,        5822,      -12.31298215,      -9.533675698,      -9.434482836,        -6.8531661
          0,           0,        5823,      -12.31444193,      -9.535139146,        -9.4359552,      -6.854632329
          0,           0,        5824,      -12.31591649,      -9.536617452,       -9.43742865,      -6.856104267
          0,           0,        5825,      -12.31739301,      -9.538093012,      -9.438901538,      -6.857584532
          0,           0,        5826,      -12.31886044,      -9.539571661,      -9.440376709,      -6.859049095
          0,           0,        5827,      -12.32034219,      -9.541040483,      -9.441851629,      -6.860531799
          0,           0,        5828,      -12.32181408,      -9.542511489,      -9.443326621,      -6.862003419
          0,           0,        5829,      -12.32329298,      -9.543986524,      -9.444797932,      -6.863480613
          0,           0,        5830,       -12.3247608,      -9.545466376,      -9.446273737,      -6.864949321
          0,           0,        5831,      -12.32622483,      -9.546936804,      -9.447744581,      -6.866411857
          0,           0,        5832,      -12.32770063,      -9.548404111,      -9.449221257,      -6.867888541
          0,           0,        5833,      -12.32916728,      -9.549877944,      -9.450690882,      -6.869358121
          0,           0,        5834,      -12.33063253,      -9.551346716,      -9.452163688,       -6.87081666
          0,           0,        5835,      -12.33210574,      -9.552828217,      -9.453637626,       -6.87229375
          0,           0,        5836,      -12.33358037,      -9.554309469,       -9.45511341,       -6.87377272
          0,           0,        5837,      -12.33505747,      -9.555778827,      -9.456590759,      -6.875248302
          0,           0,        5838,      -12.33653494,      -9.557255119,      -9.458064835,      -6.876724132
          0,           0,        5839,      -12.33801712,      -9.558738027,      -9.459535362,      -6.878205522
          0,           0,        5840,      -12.33949303,      -9.560207589,      -9.461008307,      -6.879681452
          0,           0,        5841,      -12.34097587,      -9.561677618,      -9.462483354,      -6.881160555
          0,           0,        5842,      -12.34245137,      -9.563137646,      -9.463959452,      -6.882636941
          0,           0,        5843,      -12.34394621,      -9.564620821,      -9.465427668,      -6.884130091
          0,           0,        5844,      -12.34540991,      -9.566079824,      -9.466901689,      -6.885586267
          0,           0,        5845,      -12.34687656,      -9.567563801,      -9.468373419,      -6.887061752
          0,           0,        5846,      -12.34834482,      -9.569042156,      -9.469849129,      -6.888531638
          0,           0,        5847,      -12.34982354,      -9.570518268,      -9.471325285,      -6.890009552
          0,           0,        5848,      -12.35129499,      -9.571989209,      -9.472799015,      -6.891482066
          0,           0,        5849,      -12.35277134,      -9.573464715,       -9.47427208,      -6.892950737
          0,           0,        5850,      -12.35424586,      -9.574937845,       -9.47574566,      -6.894427038
          0,           0,        5851,      -12.35572067,      -9.576405941,      -9.477218947,      -6.895906715
          0,           0,        5852,      -12.35719703,      -9.577889855,      -9.478689099,      -6.897379611
          0,           0,        5853,      -12.35866645,      -9.579356259,      -9.480165212,      -6.898854648
          0,           0,        5854,      -12.36014096,      -9.580830571,       -9.48163974,      -6.900329078
          0,           0,        5855,       -12.3616278,      -9.582309445,      -9.483111382,      -6.901815754
          0,           0,        5856,      -12.36309734,      -9.583775778,       -9.48458258,      -6.903285641
          0,           0,        5857,       -12.3645562,      -9.585242386,      -9.486059019,      -6.904740416
          0,           0,        5858,      -12.36602971,      -9.586719557,      -9.487531995,      -6.906217157
          0,           0,        5859,      -12.36749004,      -9.588186387,      -9.489008324,      -6.907673625
          0,           0,        5860,      -12.36895841,      -9.589671692,      -9.490479508,      -6.909143129
          0,           0,        5861,      -12.37044047,      -9.591140451,      -9.491955683,       -6.91062375
          0,           0,        5862,      -12.37191148,      -9.592624624,      -9.493424849,       -6.91209742
          0,           0,        5863,      -12.37337916,      -9.594093136,      -9.494898716,      -6.913565575
          0,           0,        5864,      -12.37485076,      -9.595566883,      -9.496376069,      -6.915038138
          0,           0,        5865,       -12.3763296,      -9.597046648,      -9.497849119,      -6.916518823
          0,           0,        5866,       -12.3778118,       -9.59851372,      -9.499324062,      -6.917992688
          0,           0,        5867,      -12.37928351,      -9.599985639,      -9.500797199,      -6.919467403
          0,           0,        5868,      -12.38075633,      -9.601456009,      -9.502269767,      -6.920940067
          0,           0,        5869,       -12.3822282,      -9.602931256,      -9.503742819,      -6.922407876
          0,           0,        5870,      -12.38370145,      -9.604397853,      -9.505215078,       -6.92388849
          0,           0,        5871,      -12.38518743,      -9.605877653,      -9.506687902,      -6.925375417
          0,           0,        5872,      -12.38664521,      -9.607345421,      -9.508164023,      -6.926828427
          0,           0,        5873,      -12.38810526,      -9.608818115,      -9.509637351,      -6.928282717
          0,           0,        5874,      -12.38957825,      -9.610297554,      -9.511111554,      -6.929760242
          0,           0,        5875,      -12.39106315,      -9.611770979,      -9.512586562,      -6.931251027
          0,           0,        5876,      -12.39254456,      -9.613241388,      -9.514061504,      -6.932728821
          0,           0,        5877,       -12.3940103,      -9.614714241,      -9.515533499,      -6.934194316
          0,           0,        5878,      -12.39549564,      -9.616190105,      -9.517006452,       -6.93567686
          0,           0,        5879,      -12.39696494,      -9.617669908,      -9.518479695,      -6.937158051
          0,           0,        5880,      -12.39843011,      -9.619145074,      -9.519951278,      -6.938620784
          0,           0,        5881,      -12.39990769,      -9.620614644,      -9.521427988,      -6.940094957
          0,           0,        5882,      -12.40139384,      -9.622084266,      -9.522899057,      -6.941583537
          0,           0,        5883,      -12.40285873,      -9.623559852,      -9.524373949,      -6.943041711
          0,           0,        5884,      -12.40432244,      -9.625033061,      -9.525847504,      -6.944510656
          0,           0,        5885,      -12.40580021,      -9.626504943,      -9.527325399,      -6.945988065
          0,           0,        5886,      -12.40727989,      -9.627969179,      -9.528799952,      -6.947463352
          0,           0,        5887,      -12.40874202,      -9.629444999,      -9.530269051,      -6.948925712
          0,           0,        5888,      -12.41022306,      -9.630918331,      -9.531745531,      -6.950410383
          0,           0,        5889,      -12.41170437,      -9.632400656,      -9.533216233,      -6.951887041
          0,           0,        5890,      -12.41317618,      -9.633872267,      -9.534688853,      -6.953365969
          0,           0,        5891,      -12.41466064,      -9.635357201,      -9.536161043,      -6.954845583
          0,           0,        5892,      -12.41612136,       -9.63682818,      -9.537634789,      -6.956306727
          0,           0,        5893,      -12.41760262,      -9.638295422,       -9.53911147,      -6.957790203
          0,           0,        5894,      -12.41906538,      -9.639770023,      -9.540584523,      -6.959251459
          0,           0,        5895,      -12.42054786,      -9.641242464,      -9.542055447,      -6.960734806
          0,           0,        5896,      -12.42200842,      -9.642722176,      -9.543531517,      -6.962193418
          0,           0,        5897,      -12.42347648,      -9.644193372,      -9.545004656,      -6.963665022
          0,           0,        5898,      -12.42495543,       -9.64567495,      -9.546477923,      -6.965142529
          0,           0,        5899,      -12.42643727,       -9.64715468,      -9.547952215,      -6.966618991
          0,           0,        5900,      -12.42791971,      -9.648620198,      -9.549426191,       -6.96810473
          0,           0,        5901,      -12.42938176,       -9.65007626,      -9.550899375,      -6.969570241
          0,           0,        5902,      -12.43085402,      -9.651563095,      -9.552370933,      -6.971039981
          0,           0,        5903,      -12.43232916,      -9.653023819,      -9.553846813,      -6.972518648
          0,           0,        5904,      -12.43379126,      -9.654500636,      -9.555322108,       -6.97397732
          0,           0,        5905,      -12.43526989,      -9.655960416,      -9.556794252,      -6.975453916
          0,           0,        5906,       -12.4367378,      -9.657433319,      -9.558268707,      -6.976922025
          0,           0,        5907,      -12.43821444,      -9.658920965,      -9.559739531,      -6.978401133
          0,           0,        5908,      -12.43968458,      -9.660392927,      -9.561212548,      -6.979866341
          0,           0,        5909,      -12.44114612,      -9.661874983,      -9.562687584,        -6.9813299
          0,           0,        5910,      -12.44262673,      -9.663349638,      -9.564168342,      -6.982807419
          0,           0,        5911,       -12.4441133,       -9.66482711,      -9.565637111,       -6.98430344
          0,           0,        5912,      -12.44558391,      -9.666303235,      -9.567107667,       -6.98577307
          0,           0,        5913,      -12.44707149,      -9.667775444,        -9.5685845,       -6.98725087
          0,           0,        5914,      -12.44854896,      -9.669246798,      -9.570060264,      -6.988732889
          0,           0,        5915,       -12.4500248,      -9.670729147,      -9.571528114,      -6.990211408
          0,           0,        5916,       -12.4515127,      -9.672205967,      -9.573004478,      -6.991702603
          0,           0,        5917,      -12.45296879,      -9.673671008,       -9.57447742,      -6.993158524
          0,           0,        5918,      -12.45444859,       -9.67513361,      -9.575951029,      -6.994631833
          0,           0,        5919,      -12.45592049,      -9.676593009,      -9.577426921,      -6.996105237
          0,           0,        5920,      -12.45739462,      -9.678069575,      -9.578896991,      -6.997581205
          0,           0,        5921,      -12.45885655,      -9.679554344,      -9.580367574,       -6.99903142
          0,           0,        5922,      -12.46031453,      -9.681028158,       -9.58184327,      -7.000503555
          0,           0,        5923,      -12.46180006,       -9.68250742,      -9.583317259,      -7.001983959
          0,           0,        5924,      -12.46328068,      -9.683987296,      -9.584792324,      -7.003471043
          0,           0,        5925,      -12.46476014,      -9.685469824,      -9.586263312,      -7.004946731
          0,           0,        5926,      -12.46623425,      -9.686947111,      -9.587738182,      -7.006419685
          0,           0,        5927,      -12.46770104,      -9.688404589,       -9.58921526,       -7.00787997
          0,           0,        5928,      -12.46917836,      -9.689881987,      -9.590689294,      -7.009360479
          0,           0,        5929,      -12.47064858,      -9.691349848,      -9.592162675,      -7.010833703
          0,           0,        5930,       -12.4721209,      -9.692821278,      -9.593633429,      -7.012308301
          0,           0,        5931,      -12.47359443,       -9.69429388,       -9.59510776,      -7.013786283
          0,           0,        5932,      -12.47504685,      -9.695768609,      -9.596580058,      -7.015239338
          0,           0,        5933,      -12.47652696,      -9.697245611,      -9.598054426,       -7.01671677
          0,           0,        5934,      -12.47799744,       -9.69871995,      -9.599528087,      -7.018189909
          0,           0,        5935,      -12.47948547,      -9.700192455,      -9.601007102,      -7.019677232
          0,           0,        5936,      -12.48097387,      -9.701669927,      -9.602477417,      -7.021161702
          0,           0,        5937,      -12.48245315,      -9.703142862,      -9.603954316,      -7.022638724
          0,           0,        5938,      -12.48392235,      -9.704621056,      -9.605424471,      -7.024108972
          0,           0,        5939,       -12.4853942,       -9.70608439,      -9.606895516,      -7.025575703
          0,           0,        5940,      -12.48685517,      -9.707566626,      -9.608369451,      -7.027045108
          0,           0,        5941,       -12.4883282,      -9.709035569,      -9.609842109,      -7.028511942
          0,           0,        5942,      -12.48979881,      -9.710521416,      -9.611315869,      -7.029980858
          0,           0,        5943,      -12.49126583,      -9.711996045,      -9.612789106,       -7.03144212
          0,           0,        5944,      -12.49274025,      -9.713468152,      -9.614265285,      -7.032926212
          0,           0,        5945,       -12.4942288,      -9.714946963,      -9.615735505,      -7.034410042
          0,           0,        5946,      -12.49571563,      -9.716421753,      -9.617209348,      -7.035902711
          0,           0,        5947,      -12.49717615,      -9.717873447,      -9.618685211,      -7.037363032
          0,           0,        5948,      -12.49864409,      -9.719353085,      -9.620156047,      -7.038834188
          0,           0,        5949,       -12.5000993,      -9.720810186,      -9.621633029,      -7.040283424
          0,           0,        5950,       -12.5015726,      -9.722288986,      -9.623108516,      -7.041762453
          0,           0,        5951,      -12.50304478,      -9.723763667,       -9.62458199,      -7.043234293
          0,           0,        5952,      -12.50451894,       -9.72523786,      -9.626054687,      -7.044702902
          0,           0,        5953,      -12.50600143,       -9.72672006,      -9.627531923,       -7.04618863
          0,           0,        5954,      -12.50749082,      -9.728191974,      -9.629000976,      -7.047672955
          0,           0,        5955,      -12.50896332,      -9.729664279,      -9.630481066,      -7.049139803
          0,           0,        5956,      -12.51044737,      -9.731151846,      -9.631945867,      -7.050635341
          0,           0,        5957,      -12.51193214,      -9.732627563,      -9.633424778,      -7.052115741
          0,           0,        5958,      -12.51339776,       -9.73409755,      -9.634899466,      -7.053583964
          0,           0,        5959,      -12.51488457,      -9.735559723,      -9.636366006,      -7.055073933
          0,           0,        5960,      -12.51634505,      -9.737033123,      -9.637839765,      -7.056530243
          0,           0,        5961,      -12.51782471,       -9.73851268,      -9.639311856,      -7.058012828
          0,           0,        5962,      -12.51928161,      -9.739990068,      -9.640785473,      -7.059462324
          0,           0,        5963,      -12.52074693,      -9.741459434,      -9.642261124,      -7.060928719
          0,           0,        5964,      -12.52222073,      -9.742932994,      -9.643739031,      -7.062400101
          0,           0,        5965,       -12.5237018,      -9.744397606,      -9.645211361,      -7.063886957
          0,           0,        5966,      -12.52518746,      -9.745874622,      -9.646687381,       -7.06537716
          0,           0,        5967,      -12.52665755,      -9.747349069,       -9.64815855,      -7.066846555
          0,           0,        5968,      -12.52812452,      -9.748824023,      -9.649625743,       -7.06831601
          0,           0,        5969,      -12.52960495,      -9.750302655,      -9.651100315,      -7.069782941
          0,           0,        5970,      -12.53106745,      -9.751776213,      -9.652577193,      -7.071252214
          0,           0,        5971,      -12.53253624,       -9.75325805,      -9.654049918,      -7.072720492
          0,           0,        5972,      -12.53401166,      -9.754707615,      -9.655528892,      -7.074198618
          0,           0,        5973,      -12.53548489,      -9.756198667,      -9.657004845,      -7.075674886
          0,           0,        5974,      -12.53696504,       -9.75766644,      -9.658476086,      -7.077147967
          0,           0,        5975,      -12.53844244,      -9.759143252,      -9.659948671,      -7.078633167
          0,           0,        5976,      -12.53992654,      -9.760615335,      -9.661421379,      -7.080116807
          0,           0,        5977,       -12.5414178,      -9.762083586,       -9.66289588,      -7.081604653
          0,           0,        5978,      -12.54288635,      -9.763551741,       -9.66436859,      -7.083080061
          0,           0,        5979,      -12.54435049,       -9.76502168,      -9.665841581,      -7.084536895
          0,           0,        5980,      -12.54583018,      -9.766499305,      -9.667308431,      -7.086015021
          0,           0,        5981,      -12.54729331,      -9.767974244,      -9.668789477,      -7.087485862
          0,           0,        5982,      -12.54875614,      -9.769458963,      -9.670259772,      -7.088941571
          0,           0,        5983,      -12.55021248,      -9.770932686,      -9.671736416,      -7.090401512
          0,           0,        5984,      -12.55168929,      -9.772415122,      -9.673209122,      -7.091877889
          0,           0,        5985,      -12.55317658,      -9.773870708,      -9.674689975,      -7.093365696
          0,           0,        5986,      -12.55463808,      -9.775340125,       -9.67616309,      -7.094832933
          0,           0,        5987,      -12.55610864,      -9.776821269,      -9.677631995,      -7.096286547
          0,           0,        5988,      -12.55758579,      -9.778304724,      -9.679100955,      -7.097771635
          0,           0,        5989,      -12.55904501,      -9.779775239,      -9.680578697,      -7.099236102
          0,           0,        5990,      -12.56053482,      -9.781241325,      -9.682057946,      -7.100724178
          0,           0,        5991,      -12.56202486,      -9.782732904,      -9.683527678,      -7.102203544
          0,           0,        5992,      -12.56348653,      -9.784192919,      -9.685004877,      -7.103675829
          0,           0,        5993,      -12.56496602,      -9.785664397,      -9.686476779,      -7.105153735
          0,           0,        5994,       -12.5664485,      -9.787129448,      -9.687953191,      -7.106632881
          0,           0,        5995,      -12.56789956,      -9.788605432,      -9.689424472,      -7.108088591
          0,           0,        5996,      -12.56940037,      -9.790073638,      -9.690903316,      -7.109593453
          0,           0,        5997,      -12.57086468,      -9.791547023,      -9.692374348,      -7.111048201
          0,           0,        5998,      -12.57235136,      -9.793021532,      -9.693841916,      -7.112527569
          0,           0,        5999,      -12.57381835,      -9.794495849,      -9.695314104,      -7.114006455
          0,           0,        6000,      -12.57526777,       -9.79596822,      -9.696791033,      -7.115457174
          0,           0,        6001,      -12.57674775,      -9.797454644,      -9.698259263,       -7.11693389
          0,           0,        6002,      -12.57822104,      -9.798926468,      -9.699733108,      -7.118401815
          0,           0,        6003,      -12.57969218,      -9.800393716,      -9.701212335,      -7.119875331
          0,           0,        6004,      -12.58117347,       -9.80186713,      -9.702684565,      -7.121351667
          0,           0,        6005,      -12.58265682,      -9.803340244,      -9.704158907,      -7.122837801
          0,           0,        6006,       -12.5841198,       -9.80482072,      -9.705626995,      -7.124296205
          0,           0,        6007,      -12.58558161,      -9.806296224,      -9.707105579,      -7.125771795
          0,           0,        6008,      -12.58707738,      -9.807763681,      -9.708577209,      -7.127257957
          0,           0,        6009,      -12.58853322,      -9.809233445,      -9.710050655,      -7.128712943
          0,           0,        6010,       -12.5899942,      -9.810719765,      -9.711523196,      -7.130177585
          0,           0,        6011,      -12.59146172,      -9.812179673,      -9.712999146,      -7.131638708
          0,           0,        6012,      -12.59293854,      -9.813660116,      -9.714472245,      -7.133118493
          0,           0,        6013,      -12.59440486,      -9.815127431,      -9.715945809,      -7.134592366
          0,           0,        6014,      -12.59588772,      -9.816612897,      -9.717421377,      -7.136068964
          0,           0,        6015,      -12.59736163,      -9.818072997,      -9.718896896,      -7.137543525
          0,           0,        6016,      -12.59884027,      -9.819553158,      -9.720364944,      -7.139019452
          0,           0,        6017,      -12.60032616,      -9.821012923,       -9.72183711,       -7.14051139
          0,           0,        6018,      -12.60178821,      -9.822485959,      -9.723310669,      -7.141979278
          0,           0,        6019,      -12.60325366,      -9.823957769,      -9.724784126,      -7.143432392
          0,           0,        6020,      -12.60471413,      -9.825429921,      -9.726264276,      -7.144892272
          0,           0,        6021,      -12.60619101,       -9.82692011,       -9.72773579,      -7.146368832
          0,           0,        6022,      -12.60766754,      -9.828380261,       -9.72921044,      -7.147837677
          0,           0,        6023,      -12.60916904,      -9.829854877,      -9.730683966,      -7.149341395
          0,           0,        6024,      -12.61063576,      -9.831329977,       -9.73215536,      -7.150811433
          0,           0,        6025,      -12.61210642,       -9.83281876,      -9.733632857,      -7.152276559
          0,           0,        6026,      -12.61359253,      -9.834296379,      -9.735105007,      -7.153772191
          0,           0,        6027,      -12.61507361,      -9.835761997,      -9.736577638,      -7.155249445
          0,           0,        6028,      -12.61655124,      -9.837246371,      -9.738053951,      -7.156732285
          0,           0,        6029,      -12.61803314,      -9.838697599,      -9.739527927,      -7.158212645
          0,           0,        6030,      -12.61949895,      -9.840183172,      -9.740996658,      -7.159674974
          0,           0,        6031,      -12.62095533,      -9.841640968,       -9.74247304,      -7.161132714
          0,           0,        6032,      -12.62239968,      -9.843125782,      -9.743939605,      -7.162585359
          0,           0,        6033,      -12.62388479,       -9.84461203,      -9.745417115,      -7.164075058
          0,           0,        6034,      -12.62537062,      -9.846092524,      -9.746892742,      -7.165549313
          0,           0,        6035,      -12.62684446,      -9.847548437,      -9.748366404,      -7.167032219
          0,           0,        6036,      -12.62832259,      -9.849033174,       -9.74983691,      -7.168503756
          0,           0,        6037,      -12.62978102,      -9.850495602,      -9.751315396,      -7.169966256
          0,           0,        6038,        -12.631267,       -9.85197895,      -9.752789083,      -7.171451427
          0,           0,        6039,      -12.63273807,      -9.853449554,      -9.754263918,       -7.17292294
          0,           0,        6040,      -12.63420954,       -9.85491688,      -9.755740222,      -7.174397412
          0,           0,        6041,      -12.63570146,      -9.856400511,      -9.757206922,      -7.175891592
          0,           0,        6042,       -12.6371792,      -9.857853659,      -9.758683223,      -7.177373522
          0,           0,        6043,      -12.63864552,       -9.85934698,      -9.760150925,      -7.178833535
          0,           0,        6044,      -12.64012731,      -9.860814382,      -9.761626218,      -7.180319933
          0,           0,        6045,      -12.64157927,      -9.862294272,      -9.763098267,      -7.181762293
          0,           0,        6046,      -12.64305597,      -9.863789438,      -9.764570742,      -7.183244653
          0,           0,        6047,      -12.64452663,      -9.865264413,      -9.766046377,      -7.184714576
          0,           0,        6048,      -12.64601155,      -9.866730105,      -9.767526326,      -7.186200177
          0,           0,        6049,      -12.64751107,      -9.868198871,      -9.768995337,      -7.187699496
          0,           0,        6050,      -12.64898599,      -9.869666969,      -9.770473417,      -7.189171216
          0,           0,        6051,      -12.65045023,      -9.871129357,      -9.771941147,      -7.190632549
          0,           0,        6052,      -12.65191306,      -9.872610878,       -9.77341404,      -7.192103754
          0,           0,        6053,      -12.65337268,      -9.874083727,      -9.774886035,      -7.193560053
          0,           0,        6054,      -12.65482405,      -9.875562039,      -9.776364237,      -7.195025295
          0,           0,        6055,      -12.65631563,       -9.87704054,      -9.777835823,      -7.196521264
          0,           0,        6056,       -12.6577934,      -9.878510968,      -9.779308493,      -7.197987987
          0,           0,        6057,      -12.65928234,      -9.879986985,      -9.780788418,      -7.199474516
          0,           0,        6058,      -12.66074909,      -9.881455799,      -9.782260239,      -7.200944233
          0,           0,        6059,      -12.66224226,      -9.882921815,      -9.783735477,       -7.20242682
          0,           0,        6060,      -12.66369805,      -9.884390004,      -9.785204395,      -7.203876582
          0,           0,        6061,      -12.66518595,      -9.885863827,       -9.78667696,      -7.205374367
          0,           0,        6062,      -12.66664956,      -9.887310717,      -9.788157139,      -7.206835498
          0,           0,        6063,      -12.66809998,       -9.88880415,      -9.789628848,      -7.208289599
          0,           0,        6064,      -12.66958037,      -9.890282827,      -9.791097419,      -7.209761435
          0,           0,        6065,      -12.67106189,      -9.891799334,      -9.792568912,      -7.211248629
          0,           0,        6066,      -12.67250155,      -9.893270884,      -9.794046869,      -7.212686244
          0,           0,        6067,      -12.67401509,      -9.894743499,       -9.79552988,      -7.214206043
          0,           0,        6068,      -12.67549056,      -9.896206611,      -9.796998802,       -7.21567591
          0,           0,        6069,      -12.67697552,      -9.897682654,      -9.798473897,      -7.217156675
          0,           0,        6070,      -12.67845237,       -9.89914363,      -9.799933742,      -7.218644565
          0,           0,        6071,      -12.67992365,      -9.900609604,      -9.801418726,       -7.22010973
          0,           0,        6072,      -12.68140101,      -9.902086541,      -9.802881781,      -7.221587349
          0,           0,        6073,      -12.68284783,      -9.903545975,      -9.804367192,      -7.223036051
          0,           0,        6074,      -12.68431685,       -9.90501863,      -9.805838638,      -7.224502784
          0,           0,        6075,      -12.68579029,      -9.906499985,      -9.807311647,       -7.22598546
          0,           0,        6076,      -12.68727747,      -9.907967105,      -9.808794957,      -7.227470134
          0,           0,        6077,      -12.68875435,      -9.909423244,       -9.81026524,      -7.228941058
          0,           0,        6078,      -12.69022646,      -9.910923683,      -9.811730994,      -7.230420732
          0,           0,        6079,      -12.69171503,      -9.912396601,      -9.813205978,      -7.231899232
          0,           0,        6080,      -12.69316133,      -9.913870871,      -9.814672501,      -7.233342269
          0,           0,        6081,      -12.69462136,      -9.915360009,      -9.816150982,      -7.234794004
          0,           0,        6082,      -12.69611597,      -9.916829213,      -9.817626014,      -7.236303029
          0,           0,        6083,      -12.69758698,      -9.918294261,       -9.81910154,      -7.237773704
          0,           0,        6084,       -12.6990869,      -9.919770462,      -9.820576338,      -7.239256774
          0,           0,        6085,      -12.70053816,      -9.921247464,      -9.822052239,      -7.240724131
          0,           0,        6086,      -12.70204293,      -9.922710884,      -9.823520702,      -7.242215115
          0,           0,        6087,      -12.70350397,      -9.924178353,      -9.824988325,      -7.243684071
          0,           0,        6088,      -12.70496621,      -9.925665095,      -9.826464715,      -7.245155362
          0,           0,        6089,      -12.70642297,      -9.927124569,      -9.827940558,      -7.246593906
          0,           0,        6090,      -12.70790144,      -9.928594272,      -9.829416003,      -7.248080021
          0,           0,        6091,      -12.70935079,      -9.930065499,      -9.830886478,      -7.249528704
          0,           0,        6092,      -12.71083425,      -9.931556648,      -9.832362576,       -7.25101145
          0,           0,        6093,        -12.712294,      -9.933025342,      -9.833836843,      -7.252460038
          0,           0,        6094,      -12.71378129,      -9.934494852,      -9.835312013,      -7.253948547
          0,           0,        6095,      -12.71528006,      -9.935978847,      -9.836782879,      -7.255446126
          0,           0,        6096,      -12.71675774,      -9.937435221,      -9.838264799,      -7.256936125
          0,           0,        6097,      -12.71823143,      -9.938913013,      -9.839730195,      -7.258414244
          0,           0,        6098,       -12.7197089,      -9.940380236,      -9.841209146,      -7.259881237
          0,           0,        6099,      -12.72118146,      -9.941857128,      -9.842667062,      -7.261367642
          0,           0,        6100,      -12.72262489,      -9.943327315,       -9.84414348,      -7.262795211
          0,           0,        6101,      -12.72409174,      -9.944813584,      -9.845614628,      -7.264270572
          0,           0,        6102,      -12.72555659,      -9.946299424,      -9.847100091,       -7.26574233
          0,           0,        6103,       -12.7270244,       -9.94775722,      -9.848572879,      -7.267218456
          0,           0,        6104,      -12.72850374,      -9.949236367,       -9.85005564,      -7.268691879
          0,           0,        6105,      -12.72998778,      -9.950707861,      -9.851522924,       -7.27018013
          0,           0,        6106,      -12.73147195,      -9.952158447,      -9.852999461,      -7.271659952
          0,           0,        6107,      -12.73294813,      -9.953647941,      -9.854469846,      -7.273134352
          0,           0,        6108,      -12.73442181,      -9.955108657,      -9.855943273,      -7.274598455
          0,           0,        6109,      -12.73587423,      -9.956590227,      -9.857414359,      -7.276073686
          0,           0,        6110,      -12.73735545,      -9.958067645,      -9.858887819,      -7.277527017
          0,           0,        6111,      -12.73886144,      -9.959550713,       -9.86035485,      -7.279044672
          0,           0,        6112,      -12.74031858,       -9.96102676,      -9.861836771,      -7.280485926
          0,           0,        6113,      -12.74179219,      -9.962490219,      -9.863309481,      -7.281973634
          0,           0,        6114,      -12.74325355,      -9.963964514,      -9.864783401,      -7.283430138
          0,           0,        6115,      -12.74473915,      -9.965442858,      -9.866258249,      -7.284919117
          0,           0,        6116,      -12.74620948,      -9.966898789,      -9.867729287,       -7.28639852
          0,           0,        6117,      -12.74770513,      -9.968400898,      -9.869197066,      -7.287891072
          0,           0,        6118,      -12.74916151,      -9.969872944,      -9.870679388,      -7.289323506
          0,           0,        6119,      -12.75063909,      -9.971349244,      -9.872148115,      -7.290826168
          0,           0,        6120,      -12.75212809,        -9.9728238,      -9.873625883,      -7.292308905
          0,           0,        6121,      -12.75360971,      -9.974307963,      -9.875087153,       -7.29380083
          0,           0,        6122,      -12.75508074,      -9.975756896,      -9.876566925,      -7.295260318
          0,           0,        6123,      -12.75655287,      -9.977222341,      -9.878041537,      -7.296733304
          0,           0,        6124,      -12.75800874,      -9.978688463,      -9.879518269,      -7.298181058
          0,           0,        6125,      -12.75946414,      -9.980179356,      -9.880989738,      -7.299641016
          0,           0,        6126,      -12.76093739,      -9.981646179,      -9.882464245,      -7.301119975
          0,           0,        6127,      -12.76241079,      -9.983135385,      -9.883933291,      -7.302598614
          0,           0,        6128,      -12.76385841,      -9.984606192,      -9.885406465,      -7.304038032
          0,           0,        6129,      -12.76534308,      -9.986092353,      -9.886880122,      -7.305532001
          0,           0,        6130,      -12.76680847,      -9.987556754,      -9.888359563,      -7.307004807
          0,           0,        6131,      -12.76828944,       -9.98901709,      -9.889840165,      -7.308471078
          0,           0,        6132,      -12.76976005,      -9.990481689,      -9.891312478,      -7.309957406
          0,           0,        6133,      -12.77124913,      -9.991960703,      -9.892782669,      -7.311451429
          0,           0,        6134,      -12.77273093,      -9.993432255,       -9.89425279,      -7.312941311
          0,           0,        6135,      -12.77421626,      -9.994900201,      -9.895723897,      -7.314405108
          0,           0,        6136,       -12.7756753,      -9.996376108,      -9.897206253,      -7.315875028
          0,           0,        6137,      -12.77713575,      -9.997843712,      -9.898674152,      -7.317334708
          0,           0,        6138,      -12.77862103,      -9.999340928,      -9.900140179,      -7.318806571
          0,           0,        6139,      -12.78008977,      -10.00080921,      -9.901621297,      -7.320290613
          0,           0,        6140,       -12.7815712,      -10.00227731,      -9.903098584,       -7.32175056
          0,           0,        6141,      -12.78305161,      -10.00374195,      -9.904573878,      -7.323254217
          0,           0,        6142,      -12.78453917,      -10.00523863,      -9.906048429,      -7.324731566
          0,           0,        6143,      -12.78600685,      -10.00671217,      -9.907514306,      -7.326181618
          0,           0,        6144,      -12.78750691,      -10.00819631,      -9.908984071,      -7.327710619
          0,           0,        6145,      -12.78897637,      -10.00966086,      -9.910464821,      -7.329180723
          0,           0,        6146,      -12.79044098,      -10.01115445,      -9.911928797,      -7.330629739
          0,           0,        6147,      -12.79192539,      -10.01261857,      -9.913409023,      -7.332111599
          0,           0,        6148,       -12.7933729,      -10.01408233,      -9.914878235,      -7.333557713
          0,           0,        6149,       -12.7948789,      -10.01557115,      -9.916347095,      -7.335054133
          0,           0,        6150,      -12.79633487,      -10.01701874,      -9.917834187,      -7.336513349
          0,           0,        6151,      -12.79779787,      -10.01847921,      -9.919300085,       -7.33797927
          0,           0,        6152,      -12.79926237,      -10.01995482,      -9.920776815,      -7.339455971
          0,           0,        6153,      -12.80073617,      -10.02142831,      -9.922247673,      -7.340911364
          0,           0,        6154,      -12.80220544,      -10.02291452,      -9.923727493,      -7.342367679
          0,           0,        6155,      -12.80369384,      -10.02440668,      -9.925200741,      -7.343877947
          0,           0,        6156,      -12.80519261,      -10.02586007,      -9.926668121,      -7.345359744
          0,           0,        6157,      -12.80668665,      -10.02734704,      -9.928149646,      -7.346861433
          0,           0,        6158,      -12.80809882,      -10.02881668,      -9.929610248,      -7.348291801
          0,           0,        6159,      -12.80957897,      -10.03031854,      -9.931091151,      -7.349747955
          0,           0,        6160,      -12.81107449,      -10.03178907,      -9.932566667,      -7.351248699
          0,           0,        6161,      -12.81252643,      -10.03322811,      -9.934038205,      -7.352705081
          0,           0,        6162,      -12.81401746,      -10.03469497,      -9.935510634,      -7.354197418
          0,           0,        6163,      -12.81549203,      -10.03616604,       -9.93698347,       -7.35568458
          0,           0,        6164,      -12.81696129,      -10.03762452,      -9.938461334,      -7.357154895
          0,           0,        6165,      -12.81838946,      -10.03909832,      -9.939939605,      -7.358570363
          0,           0,        6166,      -12.81989607,      -10.04061468,      -9.941400644,      -7.360066189
          0,           0,        6167,      -12.82134051,      -10.04208982,      -9.942882311,      -7.361515623
          0,           0,        6168,      -12.82285791,      -10.04356369,      -9.944358203,       -7.36304945
          0,           0,        6169,      -12.82434526,      -10.04503419,      -9.945834588,      -7.364527837
          0,           0,        6170,      -12.82581222,      -10.04651015,      -9.947313766,      -7.365978567
          0,           0,        6171,      -12.82732432,      -10.04796962,      -9.948781288,      -7.367520941
          0,           0,        6172,      -12.82878857,      -10.04944579,      -9.950248594,      -7.368973214
          0,           0,        6173,      -12.83025543,      -10.05092111,      -9.951720529,      -7.370441748
          0,           0,        6174,      -12.83173425,       -10.0523837,      -9.953197965,      -7.371931853
          0,           0,        6175,      -12.83317125,      -10.05385861,      -9.954674206,      -7.373351001
          0,           0,        6176,      -12.83463181,      -10.05533767,      -9.956146181,      -7.374810988
          0,           0,        6177,      -12.83610628,      -10.05682189,      -9.957616591,      -7.376290251
          0,           0,        6178,      -12.83758895,      -10.05829381,      -9.959096255,      -7.377776547
          0,           0,        6179,      -12.83905402,      -10.05974069,      -9.960569431,       -7.37923967
          0,           0,        6180,      -12.84050733,      -10.06121734,      -9.962054431,      -7.380684705
          0,           0,        6181,      -12.84197115,      -10.06268702,      -9.963516716,      -7.382148511
          0,           0,        6182,      -12.84347422,      -10.06418189,      -9.964998814,      -7.383655228
          0,           0,        6183,      -12.84496658,      -10.06563428,      -9.966475238,      -7.385158201
          0,           0,        6184,      -12.84646405,      -10.06709625,      -9.967933515,      -7.386652812
          0,           0,        6185,      -12.84792253,      -10.06857153,      -9.969412035,      -7.388106084
          0,           0,        6186,      -12.84939644,      -10.07006385,      -9.970875079,      -7.389599017
          0,           0,        6187,      -12.85082581,      -10.07155991,      -9.972344412,      -7.390999191
          0,           0,        6188,      -12.85229605,      -10.07302919,      -9.973830621,      -7.392475731
          0,           0,        6189,       -12.8537621,       -10.0745025,      -9.975308763,      -7.393943552
          0,           0,        6190,      -12.85524979,      -10.07598357,      -9.976779177,      -7.395449518
          0,           0,        6191,      -12.85676174,      -10.07746212,      -9.978253596,       -7.39695208
          0,           0,        6192,      -12.85822374,       -10.0789235,      -9.979721817,      -7.398406791
          0,           0,        6193,      -12.85971206,      -10.08036731,      -9.981201965,      -7.399901226
          0,           0,        6194,      -12.86116346,      -10.08183141,      -9.982672777,      -7.401352066
          0,           0,        6195,      -12.86260158,      -10.08331832,      -9.984140456,      -7.402806836
          0,           0,        6196,      -12.86406038,      -10.08479193,      -9.985615152,      -7.404253013
          0,           0,        6197,      -12.86549944,      -10.08628287,      -9.987090703,      -7.405697939
          0,           0,        6198,      -12.86696716,      -10.08774693,      -9.988577666,       -7.40715422
          0,           0,        6199,       -12.8684772,      -10.08921201,      -9.990052218,      -7.408666615
          0,           0,        6200,      -12.87000418,      -10.09068091,      -9.991524649,      -7.410198385
          0,           0,        6201,      -12.87146974,      -10.09210388,      -9.993002881,      -7.411656673
          0,           0,        6202,      -12.87292777,      -10.09361179,      -9.994463762,      -7.413104078
          0,           0,        6203,      -12.87436277,      -10.09507514,      -9.995937952,      -7.414549225
          0,           0,        6204,      -12.87585412,      -10.09659285,      -9.997408896,      -7.416056896
          0,           0,        6205,      -12.87731397,      -10.09809132,      -9.998878622,      -7.417501851
          0,           0,        6206,      -12.87879661,      -10.09958292,      -10.00035766,      -7.418982659
          0,           0,        6207,      -12.88027639,      -10.10104114,      -10.00183232,      -7.420457567
          0,           0,        6208,      -12.88177619,      -10.10249204,      -10.00331033,      -7.421966049
          0,           0,        6209,      -12.88324821,       -10.1039611,      -10.00477743,      -7.423439513
          0,           0,        6210,      -12.88476388,      -10.10542005,      -10.00625353,      -7.424959997
          0,           0,        6211,      -12.88620895,      -10.10691797,      -10.00771633,      -7.426415737
          0,           0,        6212,      -12.88770155,      -10.10838836,      -10.00918259,      -7.427922917
          0,           0,        6213,      -12.88915357,      -10.10984987,      -10.01066624,      -7.429353193
          0,           0,        6214,      -12.89060779,      -10.11131954,      -10.01213756,      -7.430797343
          0,           0,        6215,      -12.89206919,      -10.11276196,      -10.01361539,      -7.432246607
          0,           0,        6216,      -12.89349989,      -10.11427693,      -10.01508656,       -7.43367939
          0,           0,        6217,      -12.89496571,      -10.11575967,      -10.01656205,      -7.435156282
          0,           0,        6218,      -12.89645231,      -10.11724099,      -10.01804908,      -7.436619391
          0,           0,        6219,      -12.89793281,      -10.11870005,      -10.01952422,      -7.438108696
          0,           0,        6220,      -12.89947167,      -10.12019488,      -10.02099683,      -7.439639916
          0,           0,        6221,      -12.90091785,      -10.12162803,        -10.022464,      -7.441095058
          0,           0,        6222,      -12.90241741,       -10.1230989,      -10.02393566,      -7.442593495
          0,           0,        6223,      -12.90392743,      -10.12455375,      -10.02540941,      -7.444099532
          0,           0,        6224,      -12.90537805,      -10.12604822,       -10.0268774,      -7.445551946
          0,           0,        6225,      -12.90688383,      -10.12755104,      -10.02834306,      -7.447046539
          0,           0,        6226,      -12.90832385,      -10.12900925,      -10.02982326,      -7.448500824
          0,           0,        6227,      -12.90976226,      -10.13050894,      -10.03128982,      -7.449927389
          0,           0,        6228,      -12.91129737,      -10.13199618,      -10.03277489,      -7.451485662
          0,           0,        6229,      -12.91273828,      -10.13344288,       -10.0342538,      -7.452910882
          0,           0,        6230,      -12.91422743,      -10.13492797,      -10.03571296,      -7.454423371
          0,           0,        6231,      -12.91569451,      -10.13640197,      -10.03719989,      -7.455861919
          0,           0,        6232,      -12.91717941,      -10.13785813,      -10.03867645,      -7.457364448
          0,           0,        6233,      -12.91866077,      -10.13933999,      -10.04014786,      -7.458847306
          0,           0,        6234,      -12.92015373,       -10.1408279,      -10.04160962,      -7.460348336
          0,           0,        6235,      -12.92160829,      -10.14228826,      -10.04307883,      -7.461799741
          0,           0,        6236,       -12.9230992,      -10.14375528,      -10.04454718,      -7.463299342
          0,           0,        6237,      -12.92455854,      -10.14518664,      -10.04603861,       -7.46472649
          0,           0,        6238,      -12.92600166,      -10.14669136,      -10.04750548,      -7.466192152
          0,           0,        6239,      -12.92741783,      -10.14815787,      -10.04898463,      -7.467593904
          0,           0,        6240,      -12.92894572,      -10.14967998,      -10.05046466,      -7.469117249
          0,           0,        6241,      -12.93042398,      -10.15113931,      -10.05193921,      -7.470605897
          0,           0,        6242,      -12.93189909,      -10.15260078,      -10.05340597,      -7.472087328
          0,           0,        6243,      -12.93338882,      -10.15407821,      -10.05487498,      -7.473576493
          0,           0,        6244,      -12.93490269,      -10.15553134,       -10.0563543,      -7.475069427
          0,           0,        6245,      -12.93635539,      -10.15698612,      -10.05782076,      -7.476529042
          0,           0,        6246,      -12.93784184,      -10.15850043,      -10.05929214,      -7.478008768
          0,           0,        6247,      -12.93927362,      -10.15999377,      -10.06077231,      -7.479464119
          0,           0,        6248,      -12.94073574,      -10.16142386,      -10.06224951,      -7.480912405
          0,           0,        6249,       -12.9421986,      -10.16291082,      -10.06372228,      -7.482382364
          0,           0,        6250,       -12.9436594,      -10.16441045,      -10.06520277,      -7.483842368
          0,           0,        6251,      -12.94515682,      -10.16586885,      -10.06666839,      -7.485344608
          0,           0,        6252,       -12.9466993,      -10.16735083,      -10.06815488,      -7.486890165
          0,           0,        6253,      -12.94813416,      -10.16880016,       -10.0696216,        -7.4883266
          0,           0,        6254,      -12.94959875,      -10.17030859,      -10.07108586,      -7.489801529
          0,           0,        6255,      -12.95111016,       -10.1717799,      -10.07255841,      -7.491290905
          0,           0,        6256,      -12.95254685,      -10.17321413,      -10.07404687,      -7.492738677
          0,           0,        6257,       -12.9540179,       -10.1746635,      -10.07551418,      -7.494201835
          0,           0,        6258,      -12.95546264,      -10.17618043,      -10.07699206,      -7.495671687
          0,           0,        6259,      -12.95694448,      -10.17764197,      -10.07846205,      -7.497147554
          0,           0,        6260,      -12.95842862,      -10.17915137,      -10.07992556,      -7.498639089
          0,           0,        6261,      -12.95989091,      -10.18062876,      -10.08142527,      -7.500112545
          0,           0,        6262,      -12.96134776,      -10.18207874,      -10.08288808,      -7.501550975
          0,           0,        6263,      -12.96286459,      -10.18354553,      -10.08434695,      -7.503045287
          0,           0,        6264,      -12.96431268,      -10.18502108,      -10.08582272,      -7.504520651
          0,           0,        6265,      -12.96580625,       -10.1865193,      -10.08729913,      -7.505982565
          0,           0,        6266,      -12.96726801,       -10.1879827,      -10.08878726,      -7.507452343
          0,           0,        6267,      -12.96876538,      -10.18942341,       -10.0902497,      -7.508953913
          0,           0,        6268,      -12.97020215,      -10.19089735,      -10.09171827,        -7.5103809
          0,           0,        6269,      -12.97165756,      -10.19234051,      -10.09319389,      -7.511843052
          0,           0,        6270,      -12.97311566,      -10.19382414,      -10.09467556,      -7.513296424
          0,           0,        6271,      -12.97461462,      -10.19533144,      -10.09613768,      -7.514798354
          0,           0,        6272,      -12.97602101,      -10.19682287,      -10.09761679,      -7.516203039
          0,           0,        6273,      -12.97752444,      -10.19830007,      -10.09908771,      -7.517688713
          0,           0,        6274,       -12.9790573,      -10.19977457,      -10.10056716,      -7.519234033
          0,           0,        6275,      -12.98051472,      -10.20124624,      -10.10206423,      -7.520710626
          0,           0,        6276,      -12.98206721,      -10.20274646,      -10.10351287,      -7.522251592
          0,           0,        6277,      -12.98355218,      -10.20418138,      -10.10499195,      -7.523738656
          0,           0,        6278,      -12.98502005,      -10.20564006,      -10.10644852,       -7.52520256
          0,           0,        6279,      -12.98644555,      -10.20711666,      -10.10791545,      -7.526636037
          0,           0,        6280,      -12.98788382,      -10.20858236,      -10.10941494,      -7.528065704
          0,           0,        6281,      -12.98931576,      -10.21006847,      -10.11086957,      -7.529457201
          0,           0,        6282,      -12.99075311,      -10.21154314,      -10.11235452,      -7.530918087
          0,           0,        6283,      -12.99224958,      -10.21301492,      -10.11382679,      -7.532446289
          0,           0,        6284,      -12.99374073,      -10.21448342,      -10.11529703,       -7.53392927
          0,           0,        6285,       -12.9952131,      -10.21593972,      -10.11676689,       -7.53537311
          0,           0,        6286,      -12.99668618,      -10.21746158,      -10.11824736,      -7.536851681
          0,           0,        6287,       -12.9981591,      -10.21888869,      -10.11972691,      -7.538336209
          0,           0,        6288,      -12.99969409,      -10.22039026,      -10.12119475,      -7.539883804
          0,           0,        6289,      -13.00116423,       -10.2218801,      -10.12267031,      -7.541328063
