"Time_Iter","Outer_Iter","Inner_Iter",   "bgs[Rho][0]"  ,  "bgs[RhoU][0]"  ,  "bgs[RhoV][0]"  ,  "bgs[RhoE][0]"  ,    "bgs[k][0]"   ,    "bgs[w][0]"   ,   "bgs[Rho][1]"  ,  "bgs[RhoU][1]"  ,  "bgs[RhoV][1]"  ,  "bgs[RhoE][1]"  ,    "bgs[k][1]"   ,    "bgs[w][1]"   
          0,           0,           0,     -0.7268496746,       1.299205349,      -1.814132538,       4.635643613,       1.025348987,       3.724977502,     -0.7269062661,       1.300238204,      -2.753432578,       4.635575634,       1.025759624,       3.279324771
          0,           1,           0,      -3.185067523,     -0.8284938561,      -1.448535873,       2.304006884,      -1.117713396,       2.325302074,      -3.722983543,      -1.227052609,      -2.371326242,       1.734136365,      -1.281656944,      0.9709023321
          0,           2,           0,       -3.20904134,     -0.8590615765,      -1.268628381,       2.280882511,      -1.113862241,       2.310249606,      -3.712474181,      -1.201960985,      -2.135298685,       1.750892475,      -1.385069951,       0.862088602
          0,           3,           0,       -3.24134644,     -0.8683988504,      -1.149519946,       2.249290434,      -1.111253469,       2.280084303,      -3.726062731,       -1.21315964,      -1.984835074,       1.736369991,      -1.491918946,      0.7447098775
          0,           4,           0,      -3.283490033,     -0.8561110058,      -1.065239053,       2.207482416,      -1.108432525,       2.231338439,       -3.75653376,       -1.24563892,      -1.890918894,       1.700495936,      -1.592105216,      0.6342784678
          0,           5,           0,      -3.334078079,      -0.832553955,      -1.004211565,       2.156940753,      -1.104465424,       2.159586506,      -3.790381631,      -1.280779185,       -1.82983133,       1.662702444,      -1.666953654,      0.5619589406
          0,           6,           0,      -3.392889841,     -0.8102542542,     -0.9605289285,       2.097493591,      -1.099049324,       2.061344557,      -3.814197158,      -1.304776921,      -1.782518182,       1.637708901,      -1.695193825,      0.5587207781
          0,           7,           0,      -3.452745831,     -0.7951766555,     -0.9308870047,       2.036298413,      -1.092295144,        1.94256452,      -3.835844974,      -1.324662363,      -1.747267229,       1.616842078,      -1.676878822,      0.6100063981
          0,           8,           0,      -3.499283457,     -0.7896719035,     -0.9129134673,       1.988333536,      -1.084267342,       1.838813071,      -3.852079053,      -1.338340951,      -1.719274766,        1.60229786,       -1.63389418,       0.678703166
          0,           9,           0,      -3.513818547,     -0.7941404034,     -0.9051962282,       1.973689697,      -1.074925126,       1.827702175,      -3.864954502,      -1.348826872,       -1.69778139,       1.591202852,      -1.585323736,      0.7434923609
          0,          10,           0,      -3.492953779,     -0.8085447284,     -0.9063636296,       1.995963657,      -1.063951529,        1.90006714,      -3.875007523,      -1.357930842,      -1.681141035,       1.582529971,      -1.538359363,      0.8033155062
          0,          11,           0,       -3.45242373,     -0.8319320181,     -0.9151673958,       2.038224979,      -1.051074125,       1.984333205,      -3.883245389,      -1.368041208,      -1.668429345,       1.574795655,      -1.494959363,      0.8588808499
          0,          12,           0,      -3.409319584,     -0.8617084209,     -0.9300882275,       2.082537766,      -1.036076808,       2.048927924,      -3.890120865,      -1.379996595,       -1.65904546,       1.567384543,      -1.455574708,      0.9093550289
          0,          13,           0,      -3.372988372,      -0.893837534,     -0.9487412406,       2.119446096,      -1.018871851,       2.096146668,      -3.895564398,      -1.393379869,      -1.652677215,       1.560439904,      -1.419826487,      0.9552640815
          0,          14,           0,      -3.346421955,     -0.9224083105,      -0.968431318,        2.14610114,     -0.9992013816,       2.126202573,      -3.899145488,      -1.406904035,      -1.649604842,       1.554678499,      -1.387176269,      0.9973988746
          0,          15,           0,      -3.330066801,     -0.9412859048,     -0.9862674477,       2.162099045,     -0.9769756596,       2.144301389,      -3.900580573,      -1.418946714,      -1.649842498,       1.550708187,       -1.35684456,       1.036876418
          0,          16,           0,      -3.323033617,     -0.9470547248,     -0.9998565529,       2.168418369,     -0.9542700884,       2.155843873,      -3.899871692,      -1.428071861,      -1.653563006,       1.548922657,      -1.328022712,       1.075394059
          0,          17,           0,      -3.323689568,      -0.941051419,      -1.007922501,        2.16679345,     -0.9316850982,       2.155654269,      -3.897368477,      -1.433371226,      -1.660486158,       1.549238608,      -1.300464739,       1.111851952
          0,          18,           0,      -3.329956141,     -0.9282102502,      -1.010555166,       2.159439979,     -0.9088414604,       2.150181509,      -3.893640067,      -1.434857207,      -1.669820988,       1.551154658,      -1.273592222,       1.147171657
          0,          19,           0,      -3.339180112,     -0.9141849624,      -1.009064661,        2.14915622,     -0.8898578775,       2.137040603,       -3.88936082,      -1.433184937,      -1.680680148,       1.553984155,      -1.246831963,       1.181807871
          0,          20,           0,      -3.348445526,     -0.9032773856,      -1.005343703,       2.139010733,     -0.8734879223,       2.115441305,      -3.885083504,      -1.429198547,      -1.691991808,       1.557125159,      -1.219614959,       1.216451971
          0,          21,           0,      -3.354998371,      -0.897772105,      -1.001209822,       2.131867982,     -0.8600070448,       2.093025872,        -3.8811441,       -1.42371806,      -1.702605078,       1.560191142,      -1.191449058,        1.25163187
          0,          22,           0,      -3.357059687,     -0.8982521046,     -0.9979404339,       2.129501778,      -0.849620668,       2.066991373,      -3.877628231,      -1.417230696,      -1.711651156,       1.563086333,      -1.161931108,       1.287612921
          0,          23,           0,      -3.354380956,     -0.9038550651,     -0.9963523337,       2.132045347,      -0.842198323,       2.044422726,      -3.874396384,      -1.410002403,      -1.718655503,       1.565967533,      -1.130771697,       1.324506552
          0,          24,           0,      -3.348110541,     -0.9124863332,     -0.9966137786,       2.138221328,     -0.8377369246,       2.028146458,      -3.871139796,      -1.402031599,      -1.722901901,       1.569200153,      -1.097622844,       1.362480196
          0,          25,           0,      -3.340072482,     -0.9213638674,     -0.9984881804,       2.146131802,     -0.8360882198,       2.017682012,      -3.867556601,      -1.393303141,      -1.724646302,       1.573149825,      -1.062147137,       1.401755302
          0,          26,           0,      -3.331989775,     -0.9275434464,      -1.001530152,       2.154059439,     -0.8369090198,       2.012993353,      -3.863269817,      -1.383819041,       -1.72477986,       1.578233444,      -1.024091637,       1.442437916
          0,          27,           0,      -3.325042184,     -0.9286892253,      -1.005317667,       2.160855711,     -0.8396952845,       2.013131244,      -3.857912324,      -1.373512563,      -1.724355906,       1.584801704,     -0.9832266503,        1.48465169
          0,          28,           0,       -3.31975772,     -0.9240348532,      -1.009392463,       2.166030284,     -0.8443538836,       2.015226439,      -3.851445401,      -1.362443838,      -1.724213284,       1.592782417,     -0.9391272818,        1.53059785
          0,          29,           0,      -3.316081552,      -0.914543596,      -1.013400544,       2.169647816,     -0.8507232402,       2.017322322,      -3.843981649,      -1.350865296,      -1.725172445,       1.601913371,     -0.8915052647,       1.579286335
          0,          30,           0,      -3.313567357,     -0.9022063591,      -1.017048391,       2.172117723,     -0.8584722846,        2.01152633,      -3.835818582,      -1.339210015,      -1.727951518,       1.611711887,     -0.8403326157,       1.630273512
          0,          31,           0,      -3.315112145,     -0.8925066865,      -1.023324957,       2.170456008,     -0.8673765744,       2.005481067,      -3.827462792,      -1.328071635,      -1.732975856,        1.62146512,     -0.7855596648,       1.683595269
          0,          32,           0,      -3.324307361,     -0.8912599212,      -1.035689785,       2.160971626,     -0.8768564398,       2.000184252,      -3.819430746,       -1.31793063,      -1.740537385,       1.630508046,     -0.7273318679,       1.739118885
          0,          33,           0,      -3.333171014,     -0.8923983178,      -1.046671958,       2.151596376,     -0.8873290737,       1.992784734,      -3.811863932,      -1.308561603,      -1.750521062,       1.638746555,     -0.6657639826,       1.796727791
          0,          34,           0,      -3.341528938,     -0.8960856925,      -1.055752627,       2.142484154,     -0.8959902225,       1.991032857,      -3.804660362,      -1.299355864,      -1.762708105,       1.646447542,     -0.6119617908,       1.851286324
          0,          35,           0,      -3.349562066,     -0.9019517161,      -1.062348785,       2.133480789,     -0.9047025876,       1.991756144,      -3.797565941,      -1.289489734,        -1.7766614,       1.654111769,     -0.5572195418,       1.906799989
          0,          36,           0,      -3.357688489,      -0.909457404,      -1.065942019,       2.124219807,     -0.9118782834,         1.9909872,      -3.790286592,      -1.278161028,      -1.791549761,         1.6622909,     -0.5015772891,       1.963822815
          0,          37,           0,       -3.36632077,     -0.9181385247,      -1.066344819,       2.114357613,     -0.9166584815,        1.99040925,      -3.782586579,      -1.264853284,      -1.805912634,       1.671415014,     -0.4447926199,       2.021953903
          0,          38,           0,      -3.375663594,     -0.9278089997,      -1.063934937,       2.103758296,     -0.9184043575,       1.991171976,      -3.774424623,      -1.249591823,      -1.817498278,       1.681574592,     -0.3872976828,       2.081067687
          0,          39,           0,      -3.385557098,     -0.9385719776,      -1.059683049,       2.092644436,     -0.9168785402,         1.9915966,      -3.766013699,       -1.23296973,      -1.823214261,       1.692433384,     -0.3293089773,       2.140984214
          0,          40,           0,      -3.395464512,     -0.9506360102,      -1.054966581,       2.081607007,     -0.9122631274,       1.985814837,      -3.757726848,      -1.215933516,      -1.819619408,       1.703359632,     -0.2709918447,       2.201538556
          0,          41,           0,      -3.404594764,     -0.9641793375,      -1.051251768,       2.071485703,     -0.9052732616,        1.98061334,      -3.749998596,      -1.199542971,      -1.804339391,       1.713602583,      -0.212493219,       2.262578012
          0,          42,           0,      -3.412136441,     -0.9790769979,      -1.049840355,       2.063131857,     -0.8959426132,       1.977206823,      -3.743202172,      -1.184773528,      -1.777381704,       1.722502084,     -0.1539620786,       2.323939993
          0,          43,           0,       -3.41753705,     -0.9947275375,      -1.051685468,       2.057123687,     -0.8856985631,        1.97575083,      -3.737483614,      -1.172272113,       -1.74147775,       1.729719474,    -0.09554355916,       2.385461091
          0,          44,           0,      -3.420741054,      -1.010081326,      -1.057255787,       2.053517442,     -0.8745983857,       1.978517049,      -3.732690251,      -1.162351818,      -1.700779217,       1.735348042,    -0.03737963342,       2.446980874
          0,          45,           0,      -3.422226339,      -1.023794902,      -1.066509947,        2.05180159,     -0.8636043318,       1.982173441,      -3.728319991,      -1.154922689,      -1.659379429,       1.739971098,     0.02039706002,       2.508351476
          0,          46,           0,      -3.422851488,      -1.034696654,      -1.078885387,       2.051051231,     -0.8525836076,       1.988057927,      -3.723597061,      -1.149637696,       -1.62043804,       1.744568585,     0.07783728856,       2.569588526
          0,          47,           0,      -3.423563996,      -1.042187777,      -1.093293384,       2.050239246,     -0.8427696322,        1.99135782,      -3.717615324,      -1.145966198,      -1.586098207,        1.75032489,      0.1341035264,       2.629886774
          0,          48,           0,      -3.425156227,      -1.046491928,      -1.108214012,       2.048494484,     -0.8343539061,        1.99336175,      -3.709567243,      -1.143231895,      -1.557517337,       1.758317273,      0.1891254262,       2.689169947
          0,          49,           0,      -3.428112388,      -1.048555505,      -1.121911847,       2.045272178,     -0.8260719053,       1.993773393,      -3.699004391,       -1.14082243,       -1.53510932,       1.769154295,      0.2432993218,       2.747819439
          0,          50,           0,      -3.432570124,       -1.04963172,      -1.132755679,       2.040404015,     -0.8180705679,       1.992086273,      -3.686019339,      -1.138268681,      -1.518626211,       1.782737296,      0.2960848466,       2.805314079
          0,          51,           0,      -3.438353035,        -1.0508546,      -1.139646113,       2.034068606,     -0.8097920358,       1.989794082,      -3.671236841,      -1.135298928,      -1.507257749,       1.798292821,      0.3454782917,       2.859676571
          0,          52,           0,      -3.445053664,      -1.052927782,      -1.142359638,       2.026712415,     -0.8013691581,       1.989634102,      -3.655652664,      -1.131787741,      -1.499535453,       1.814603908,      0.3925152755,       2.911978025
          0,          53,           0,      -3.452134492,       -1.05596338,      -1.141607603,       2.018945927,     -0.7918799201,       1.988247388,      -3.640376771,      -1.127718271,      -1.493246746,       1.830348842,      0.4374859884,       2.962526911
          0,          54,           0,      -3.459048041,      -1.059624273,      -1.138766939,        2.01140273,     -0.7804786206,       1.989591449,      -3.631975963,      -1.128529033,      -1.490799627,       1.838846566,      0.4805238254,        3.01145719
          0,          55,           0,      -3.465330102,      -1.063328999,       -1.13546418,       2.004629452,     -0.7662137916,        1.99343707,      -3.631864594,      -1.134895675,      -1.490457783,       1.838620182,      0.5212217424,       3.058462738
          0,          56,           0,      -3.470648973,      -1.066513268,       -1.13321885,       1.999017167,     -0.6950440647,       2.030443515,      -3.634105977,       -1.14064246,      -1.485559979,       1.835580193,      0.5571193009,       3.101078024
          0,          57,           0,      -3.474814512,      -1.068827314,       -1.13320853,       1.994771421,     -0.5877886576,       2.092048108,      -3.638407338,      -1.145567444,       -1.47699385,       1.830098646,      0.5891602484,       3.140495939
          0,          58,           0,      -3.477804217,      -1.070357103,      -1.136152333,       1.991889644,     -0.4687215303,       2.171749905,      -3.644046058,      -1.149334774,      -1.467067634,       1.823059823,      0.6173420648,       3.176480328
          0,          59,           0,      -3.479755373,      -1.071437824,      -1.142274652,       1.990173631,      -0.351628349,       2.261334231,      -3.650018736,      -1.151591187,      -1.458648169,        1.81569528,       0.641209498,       3.208805284
          0,          60,           0,       -3.48095125,      -1.072560919,      -1.151239165,        1.98925836,     -0.2419932587,       2.354214878,      -3.655247271,      -1.152105427,      -1.454358624,       1.809341609,      0.6603006442,       3.237113648
          0,          61,           0,      -3.481787612,      -1.074279332,      -1.162137697,       1.988671301,     -0.1413943254,       2.444357584,      -3.658838327,      -1.150866846,      -1.456276693,       1.805108808,       0.674130175,       3.261041166
          0,          62,           0,      -3.482720606,      -1.076960454,      -1.173519742,        1.98789341,    -0.04999670212,       2.529868969,      -3.660327171,       -1.14819451,      -1.465858165,       1.803561869,      0.6822539653,       3.280283442
          0,          63,           0,      -3.484202593,      -1.080735575,      -1.183606663,       1.986439494,     0.03247948862,       2.609865932,      -3.659773633,      -1.144583561,      -1.483950224,       1.804584711,      0.6842687756,       3.294599275
          0,          64,           0,      -3.486585839,      -1.085480415,      -1.190713014,       1.983940596,        0.10628719,        2.68364488,       -3.65774889,      -1.140629683,      -1.510635314,       1.807439413,      0.6797617563,       3.303773945
          0,          65,           0,      -3.490062185,      -1.090856191,      -1.193756272,       1.980210142,       0.171699668,       2.750743778,      -3.655113829,       -1.13691993,      -1.544989286,        1.81104407,      0.6683855375,       3.307694319
          0,          66,           0,      -3.494625921,      -1.096441322,      -1.192667496,       1.975285917,      0.2284678819,       2.810660497,      -3.652791982,      -1.133964621,      -1.584247606,       1.814274103,      0.6499992975,       3.306435609
          0,          67,           0,      -3.500040924,      -1.101663504,      -1.188428538,       1.969452856,      0.2761144237,        2.86239451,      -3.651567784,       -1.13209734,      -1.622719341,       1.816202422,       0.623968479,       3.299804189
          0,          68,           0,      -3.505861985,      -1.106120171,      -1.182648956,       1.963215577,      0.3158838883,       2.907122065,      -3.651950585,       -1.13153155,      -1.651394412,       1.816243987,      0.5899502806,       3.287918999
          0,          69,           0,      -3.511557866,      -1.109619319,      -1.177005257,       1.957174042,      0.3482054618,       2.944210871,      -3.654128004,      -1.132323267,      -1.661036656,       1.814189076,      0.5405631841,       3.265809308
          0,          70,           0,      -3.516614464,      -1.112175074,       -1.17282492,       1.951909471,      0.3714659786,       2.974111377,      -3.657986068,      -1.134452102,      -1.648808582,       1.810167207,      0.4700388418,       3.230749806
          0,          71,           0,       -3.52065244,       -1.11397701,      -1.170895317,       1.947851825,      0.3869782902,       2.995849071,      -3.663157509,      -1.137876292,      -1.620783629,       1.804588745,      0.3868745145,       3.190643054
          0,          72,           0,      -3.523520087,      -1.115283703,      -1.171427202,       1.945170456,      0.3897540537,       3.009720141,      -3.669082486,      -1.142451043,       -1.58657371,       1.798075904,      0.2885062224,       3.145872197
          0,          73,           0,      -3.525308683,      -1.116390235,      -1.174134667,       1.943755876,      0.3853383811,       3.017054264,      -3.675119616,      -1.148022516,      -1.553682491,       1.791344598,      0.1708311934,       3.096874994
          0,          74,           0,      -3.526289769,      -1.117535432,      -1.178400298,       1.943291744,      0.3748895182,       3.018880461,      -3.680656545,      -1.154376671,      -1.526237651,       1.785084486,     0.02652804817,       3.044009356
          0,          75,           0,      -3.526793606,      -1.118881211,      -1.183490669,       1.943391704,      0.3591325124,       3.015721392,      -3.685228084,       -1.16124894,      -1.505922147,       1.779829092,     -0.1571580344,       2.987572997
          0,          76,           0,      -3.527082323,      -1.120498724,      -1.188806157,       1.943742942,      0.3387460529,       3.007937907,      -3.688606253,      -1.168377225,      -1.492984298,       1.775853382,     -0.3919105737,       2.927822047
          0,          77,           0,      -3.527275344,      -1.122390391,      -1.194044313,       1.944190262,      0.3152144156,       2.996603664,      -3.690812716,      -1.175447789,      -1.486933154,       1.773156798,     -0.5518341083,       2.864951242
          0,          78,           0,      -3.527329901,      -1.124553427,      -1.199308824,       1.944759383,      0.2865139123,        2.98237913,      -3.692083884,      -1.182187935,      -1.487124498,       1.771499059,      -0.410899111,       2.799312695
          0,          79,           0,      -3.527099151,      -1.126947489,      -1.204970323,       1.945590184,      0.2559303222,       2.966020268,      -3.692753845,      -1.188332786,      -1.492177277,       1.770528503,     -0.2489785175,       2.731338133
          0,          80,           0,      -3.526431978,      -1.129558051,      -1.211543042,       1.946832129,      0.2247887277,       2.948057752,      -3.693156828,      -1.193689234,      -1.501013062,       1.769885001,     -0.1369620897,       2.661287496
          0,          81,           0,      -3.525267926,      -1.132365257,      -1.219387209,         1.9485417,      0.1947627313,       2.929059153,      -3.693554651,      -1.198121608,      -1.512737207,       1.769281563,    -0.05933949023,       2.589378521
          0,          82,           0,      -3.523701032,       -1.13534488,      -1.228508425,       1.950613375,      0.1670392061,       2.909462621,      -3.694123433,      -1.201586888,      -1.526950068,       1.768520402,   -0.003906349617,       2.515845012
          0,          83,           0,      -3.521986416,      -1.138462805,      -1.238449211,       1.952771016,      0.1408170397,       2.893252808,      -3.694930928,       -1.20413169,      -1.542975384,       1.767516909,     0.03655302243,       2.441007121
          0,          84,           0,         -3.520495,      -1.141674311,      -1.248255296,       1.954620127,      0.1126858253,       2.872847204,      -3.695977135,      -1.205862001,      -1.560406627,       1.766258229,     0.06639728976,       2.365205174
          0,          85,           0,      -3.519612982,      -1.144882265,      -1.256701403,       1.955754397,     0.08511774472,       2.852606429,      -3.697245304,      -1.206927376,      -1.578938167,       1.764751899,     0.08871544604,        2.28876419
          0,          86,           0,      -3.519660017,        -1.1480169,      -1.262611426,       1.955844433,     0.06367939761,        2.83274935,      -3.698744686,      -1.207509734,      -1.597991998,       1.762981862,      0.1051721382,       2.213339089
          0,          87,           0,       -3.52080425,      -1.150930309,      -1.265270076,       1.954720255,      0.0433005462,       2.813281135,      -3.700520282,      -1.207784945,      -1.616390267,       1.760898571,      0.1172342645,       2.140682244
          0,          88,           0,      -3.523050458,      -1.153457921,      -1.264687934,       1.952388768,     0.02836038957,       2.795310566,      -3.702642292,      -1.207910584,      -1.632371694,       1.758430852,      0.1259409659,        2.07389256
          0,          89,           0,       -3.52625176,      -1.155414219,      -1.261601827,       1.949019732,     0.02118311556,       2.777496663,      -3.705173399,      -1.208024578,      -1.643929225,        1.75552215,      0.1320302988,       2.017518535
          0,          90,           0,      -3.530164287,      -1.156617399,      -1.257162152,       1.944886232,     0.01902720597,       2.760607157,      -3.708125914,      -1.208220591,      -1.649513324,       1.752173959,       0.136076508,       1.976811743
          0,          91,           0,      -3.534520331,      -1.156894849,      -1.252514176,       1.940286776,     0.02299825672,       2.744770099,      -3.711435031,      -1.208577535,       -1.64891298,       1.748474874,      0.1385075867,       1.955521605
          0,          92,           0,      -3.539106888,      -1.156143708,      -1.248490956,       1.935458545,     0.03289999556,       2.729815031,      -3.714945981,       -1.20914458,      -1.643544733,       1.744612744,      0.1396557974,       1.953705042
          0,          93,           0,      -3.543818446,      -1.154353448,      -1.245440159,        1.93052137,     0.03807853746,       2.715391179,      -3.718423333,      -1.209936542,      -1.635954859,       1.740862887,      0.1397631003,       1.967506368
          0,          94,           0,      -3.548670916,      -1.151614089,      -1.243256092,       1.925459859,     0.03599781806,       2.701062834,      -3.721595835,      -1.210930064,      -1.628919964,       1.737535031,      0.1390208824,       1.991503311
          0,          95,           0,      -3.553764037,      -1.148137908,      -1.241497305,       1.920164168,      0.0390550736,       2.687466786,      -3.724219805,      -1.212113141,       -1.62471108,       1.734900435,      0.1375777852,       2.020825773
          0,          96,           0,      -3.559213481,      -1.144220472,      -1.239597727,       1.914505415,      0.0384589967,       2.674564888,      -3.726144969,      -1.213467474,      -1.624728078,       1.733115878,      0.1355811076,       2.052224924
          0,          97,           0,      -3.565061437,      -1.140230753,      -1.237097981,       1.908433453,     0.03368176017,       2.661827901,      -3.727359827,       -1.21498511,      -1.629394039,       1.732174183,      0.1330955276,       2.083586646
          0,          98,           0,      -3.571199204,      -1.136551733,      -1.233840565,       1.902063289,     0.02873279385,       2.649967806,      -3.728000861,      -1.216665037,      -1.638118102,       1.731897033,      0.1301679165,       2.113713864
          0,          99,           0,      -3.577324697,       -1.13355281,      -1.230030278,       1.895725899,     0.02335232161,       2.642267029,      -3.728323924,      -1.218520131,      -1.649334446,       1.731973602,      0.1268210606,       2.141890523
          0,         100,           0,      -3.582966278,      -1.131595212,      -1.226185748,       1.889941296,     0.01754646034,        2.63132517,      -3.728636818,      -1.220567294,      -1.660658098,        1.73203787,      0.1230635232,       2.167721752
          0,         101,           0,      -3.587540028,      -1.130934968,      -1.223018811,       1.885357417,     0.01235437019,        2.62008769,      -3.729233626,      -1.222824597,      -1.669334894,       1.731744301,      0.1189038065,       2.191019393
          0,         102,           0,      -3.590471505,      -1.131768513,      -1.221203395,       1.882612307,      0.0106158532,       2.609955306,      -3.730336475,      -1.225305557,      -1.673007726,       1.730832016,      0.1143720076,       2.211914049
          0,         103,           0,      -3.591335194,       -1.13421579,       -1.22128108,       1.882177275,    0.008508980019,       2.600272588,      -3.732062747,       -1.22801898,       -1.67066129,       1.729159024,      0.1094723842,       2.230360466
          0,         104,           0,       -3.58997871,      -1.138291362,      -1.223547491,       1.884215461,    0.007524959576,       2.591281995,      -3.734409891,      -1.230934563,      -1.662937607,       1.726718787,      0.1042032872,       2.246349054
          0,         105,           0,      -3.586579425,      -1.143916409,      -1.228034494,       1.888515899,     0.01289842067,       2.583672473,      -3.737265248,      -1.234031618,      -1.651748758,       1.723629926,     0.09855448363,       2.259904049
          0,         106,           0,      -3.581607104,      -1.150857987,      -1.234514551,       1.894541732,     0.01673538936,       2.575908826,      -3.740447697,      -1.237264624,      -1.639381033,       1.720092644,      0.0925368438,       2.271159368
          0,         107,           0,      -3.575720719,      -1.158789447,      -1.242487039,        1.90155418,     0.02631195534,       2.568968118,       -3.74374462,       -1.24057503,      -1.627764698,       1.716350556,      0.0861826676,       2.280252025
          0,         108,           0,       -3.56962959,      -1.167227315,      -1.251267254,       1.908760975,     0.02990230452,       2.562155738,      -3.746949192,      -1.243911408,      -1.618191244,       1.712649818,      0.0795426125,       2.287353148
          0,         109,           0,      -3.563999208,      -1.175563533,      -1.260080253,       1.915431103,     0.03419298533,       2.557498485,       -3.74988901,      -1.247226626,        -1.6113474,       1.709207005,      0.0726686575,       2.292665467
          0,         110,           0,      -3.559388824,      -1.183079397,      -1.268131386,       1.920960076,     0.03898247099,        2.55176286,      -3.752440827,      -1.250485132,      -1.607465902,       1.706189409,     0.06560990586,        2.29640526
          0,         111,           0,      -3.556210184,       -1.18905574,       -1.27474663,       1.924909565,     0.04001769471,       2.546045581,      -3.754526664,      -1.253653443,      -1.606523134,       1.703714532,     0.05840232589,       2.298806428
          0,         112,           0,      -3.554722185,      -1.192881606,      -1.279440295,       1.927008353,     0.03926368405,       2.541293403,      -3.756107467,      -1.256719934,      -1.608433033,       1.701854529,     0.05115616769,       2.300122032
          0,         113,           0,      -3.555036431,      -1.194170146,      -1.281972745,       1.927144821,     0.03852559164,       2.536612638,      -3.757167365,      -1.259684984,      -1.613127493,       1.700649681,     0.04396341073,       2.300638328
          0,         114,           0,      -3.557123201,      -1.192897144,      -1.282371626,       1.925354421,      0.0407336542,       2.532538279,      -3.757703606,      -1.262568334,      -1.620610728,       1.700116931,     0.03690013974,       2.300613421
          0,         115,           0,      -3.560816448,      -1.189404404,      -1.280886564,        1.92181766,     0.03942438178,       2.530017985,      -3.757724095,      -1.265402362,      -1.630933039,       1.700251674,     0.03004487795,       2.300289544
          0,         116,           0,      -3.565817781,      -1.184366161,      -1.277924316,       1.916854482,     0.03967350615,       2.527227168,      -3.757251119,      -1.268244016,      -1.644061865,       1.701023503,     0.02346878025,       2.299886174
          0,         117,           0,      -3.571693342,      -1.178607679,      -1.273982316,       1.910928849,      0.0395430474,       2.525031909,      -3.756329316,      -1.271162064,       -1.65976049,       1.702368871,     0.01722484111,       2.299571689
          0,         118,           0,      -3.577888457,      -1.172993449,       -1.26961478,       1.904632473,     0.04044534577,       2.524029442,      -3.755030842,      -1.274242184,       -1.67741621,        1.70418818,     0.01135581095,       2.299468144
          0,         119,           0,      -3.583780524,      -1.168319771,      -1.265379463,       1.898631561,     0.03851648041,       2.522308024,      -3.753453126,      -1.277584133,       -1.69591763,        1.70635091,    0.005891574486,        2.29965817
          0,         120,           0,       -3.58874474,       -1.16518196,      -1.261780719,       1.893595275,     0.04086432303,       2.523161659,       -3.75170747,      -1.281293259,      -1.713614687,        1.70871203,   0.0008440240989,       2.300178966
          0,         121,           0,      -3.592259862,      -1.163971923,       -1.25922977,       1.890082227,       0.040360706,       2.523470232,       -3.74990263,      -1.285461037,      -1.728451974,       1.711131075,   -0.003768034321,       2.301031449
          0,         122,           0,      -3.594016905,      -1.164831331,      -1.258014708,       1.888423089,     0.04195970848,       2.527265256,       -3.74812826,      -1.290165967,      -1.738457388,       1.713492034,   -0.007939697762,       2.302186977
          0,         123,           0,      -3.593990975,      -1.167649071,      -1.258241574,       1.888642232,     0.05909738101,       2.542858285,      -3.746439858,      -1.295464187,      -1.742411352,       1.715720733,    -0.01163950652,       2.303515353
          0,         124,           0,      -3.592455742,      -1.172044108,      -1.259856351,       1.890443373,     0.05923932898,       2.547936303,      -3.744849398,      -1.301386521,      -1.740394501,       1.717794719,    -0.01499322973,       2.304796809
          0,         125,           0,      -3.589920458,      -1.177403887,      -1.262654681,       1.893278258,     0.05577729842,       2.547530469,      -3.743327305,      -1.307908009,      -1.733779342,         1.7197403,    -0.01782790354,       2.306348788
          0,         126,           0,      -3.587027168,      -1.182946357,      -1.266294226,       1.896460615,     0.05333203072,       2.545044724,      -3.741815152,      -1.314963143,      -1.724687832,        1.72161988,    -0.02020263161,       2.308121579
          0,         127,           0,      -3.584430366,       -1.18780196,      -1.270355212,       1.899295301,     0.05106476432,         2.5433752,      -3.740247615,      -1.322436841,      -1.715296481,       1.723506762,    -0.02209472382,       2.310083349
          0,         128,           0,      -3.582689963,      -1.191125543,      -1.274408694,       1.901189772,     0.04878993767,       2.543619803,      -3.738579248,      -1.330166114,      -1.707355603,       1.725454828,    -0.02343477051,       2.312214153
          0,         129,           0,       -3.58221098,      -1.192288133,      -1.278075379,       1.901716995,     0.04935708772,        2.54372011,      -3.736811979,      -1.337948873,      -1.701995364,       1.727467373,    -0.02426495825,       2.314509855
          0,         130,           0,      -3.583208756,      -1.191010703,      -1.281108104,       1.900650792,     0.05018914176,        2.54405323,       -3.73500872,      -1.345525356,      -1.699736746,       1.729480615,    -0.02451733809,       2.317059815
          0,         131,           0,      -3.585702089,      -1.187456813,      -1.283417488,       1.897976025,     0.04961229289,       2.545040648,      -3.733311271,      -1.352577012,      -1.700494334,       1.731344529,    -0.02427407212,        2.31979813
          0,         132,           0,      -3.589521952,      -1.182086522,      -1.285053575,         1.8938727,     0.04829564601,       2.545300668,      -3.731923037,       -1.35877319,      -1.703730455,       1.732839447,    -0.02343128761,       2.322769439
          0,         133,           0,      -3.594342875,      -1.175636859,       -1.28619174,       1.888689888,     0.04735604789,       2.545456141,      -3.731095628,      -1.363769251,      -1.708529248,        1.73369152,    -0.02197106928,       2.325999192
          0,         134,           0,      -3.599730403,      -1.168910256,      -1.287018302,        1.88289423,     0.04569596243,       2.545606149,      -3.731102288,      -1.367222684,      -1.713813231,       1.733601471,    -0.01987296657,       2.329532754
          0,         135,           0,       -3.60521429,      -1.162642915,      -1.287668026,       1.876995207,     0.04390085313,       2.545946328,      -3.732208815,      -1.368839324,      -1.718276478,       1.732275843,    -0.01709544314,       2.333417002
          0,         136,           0,      -3.610363226,      -1.157422923,      -1.288268307,       1.871464155,     0.04222085234,       2.546338044,      -3.734647195,      -1.368399247,      -1.720695099,       1.729455911,    -0.01373587725,        2.33766973
          0,         137,           0,      -3.614855407,      -1.153641968,      -1.288811338,       1.866655693,     0.04333861949,       2.547061263,      -3.738598908,      -1.365780373,       -1.72038989,       1.724935564,    -0.01001256401,       2.342313222
          0,         138,           0,      -3.618534907,      -1.151481317,      -1.289176266,       1.862742236,     0.05184743132,       2.551614765,      -3.744184137,      -1.360990041,       -1.71727987,       1.718573163,   -0.005643215062,       2.347377315
          0,         139,           0,      -3.621434886,      -1.150914498,      -1.289170091,       1.859686017,     0.07619367725,        2.56323328,      -3.751457045,      -1.354163353,      -1.711855637,       1.710297461,  -0.0008682004322,       2.352807818
          0,         140,           0,      -3.623760639,      -1.151749119,      -1.288607342,       1.857257018,     0.06798817007,       2.559141048,      -3.760405866,      -1.345558819,      -1.705014437,       1.700107334,    0.004408625692,       2.358526785
          0,         141,           0,      -3.625835538,      -1.153675365,      -1.287392864,       1.855089537,     0.06617924894,       2.557895614,      -3.770959727,      -1.335541198,      -1.697838198,       1.688065291,     0.01017937782,       2.364520504
          0,         142,           0,      -3.628038489,      -1.156289192,      -1.285446584,        1.85275415,     0.05703670545,       2.553572027,      -3.782984296,      -1.324518292,      -1.691339451,       1.674303366,     0.01625155341,       2.370911987
          0,         143,           0,      -3.630727195,        -1.1591086,      -1.282878084,       1.849852573,     0.04987710286,       2.549807963,      -3.796291196,      -1.312926965,      -1.686332634,       1.659018337,     0.02283049464,       2.377885563
          0,         144,           0,       -3.63417411,      -1.161709512,      -1.279911813,       1.846073163,     0.04317589312,       2.546592725,      -3.810631911,      -1.301187852,      -1.683387333,       1.642479412,     0.03023125828,       2.385125992
          0,         145,           0,      -3.638526549,      -1.163784836,      -1.276868457,       1.841240088,     0.03937966223,       2.543757708,      -3.825685041,      -1.289685621,      -1.682841534,       1.625046351,     0.03874211601,       2.392375475
          0,         146,           0,      -3.643783079,      -1.165164737,      -1.274109668,       1.835339786,     0.03467994758,       2.541283672,      -3.841053405,      -1.278755204,      -1.684803226,       1.607185902,     0.04614105531,        2.39985079
          0,         147,           0,      -3.649779903,      -1.165866584,      -1.271991141,       1.828535527,     0.03032317904,       2.539151632,      -3.856247904,      -1.268667627,       -1.68917078,       1.589496398,     0.05659636539,        2.40735417
          0,         148,           0,      -3.656197513,      -1.166089792,      -1.270822014,       1.821162305,      0.0255646942,       2.537028089,      -3.870680499,      -1.259625298,      -1.695737157,        1.57272314,     0.07134022319,       2.414773902
          0,         149,           0,       -3.66259736,      -1.166166906,      -1.270846556,       1.813695883,     0.02159081279,       2.535202423,      -3.883677018,      -1.251776842,      -1.704207314,        1.55774739,     0.07702540301,       2.421560165
          0,         150,           0,      -3.668478601,      -1.166504799,      -1.272221401,       1.806690216,     0.01737958853,       2.534494693,      -3.894517909,       -1.24521906,      -1.714212004,         1.5455286,     0.08469615943,       2.427728585
          0,         151,           0,      -3.673355294,      -1.167519983,      -1.275007155,       1.800695371,     0.01394037854,       2.533551311,      -3.902516051,      -1.239995633,      -1.725318442,       1.536986015,      0.0950847387,       2.433182903
          0,         152,           0,      -3.676846889,      -1.169557524,      -1.279167328,       1.796155698,     0.01004504074,       2.533613812,      -3.907126989,      -1.236122405,      -1.737072543,       1.532828632,      0.1015177005,       2.437890981
          0,         153,           0,      -3.678756281,      -1.172871743,      -1.284559872,       1.793311558,    0.009128784418,       2.533666843,      -3.908052981,      -1.233575867,       -1.74899227,       1.533393127,      0.1074089408,       2.442050286
          0,         154,           0,      -3.679118096,       -1.17760912,      -1.290959293,       1.792139311,    0.006561006404,       2.534282685,       -3.90530901,      -1.232302233,      -1.760584512,       1.538551018,      0.1136369326,       2.445518811
          0,         155,           0,      -3.678208781,      -1.183747985,      -1.298059032,       1.792345346,    0.004939262435,       2.536241944,      -3.899228669,       -1.23221362,      -1.771331277,       1.547732577,      0.1203307707,       2.448411829
          0,         156,           0,       -3.67647902,      -1.191097686,      -1.305499554,       1.793432451,    0.006566304319,       2.539457089,      -3.890401449,      -1.233188976,      -1.780735803,       1.560058011,      0.1264684853,       2.450722994
          0,         157,           0,      -3.674460867,       -1.19930531,      -1.312913772,       1.794801667,     0.01780053501,       2.548008143,      -3.879556228,      -1.235070398,      -1.788366679,       1.574519792,      0.1329242785,         2.4524916
          0,         158,           0,      -3.672677826,      -1.207904607,      -1.319952534,       1.795859698,     0.03745883315,       2.561268191,      -3.867452018,      -1.237664532,      -1.793933598,        1.59014139,      0.1400169861,       2.453790516
          0,         159,           0,      -3.671569623,      -1.216383352,      -1.326349853,       1.796103921,     0.03373763502,       2.559533566,      -3.854793176,      -1.240741726,       -1.79734252,       1.606075703,      0.1454513188,       2.454634113
          0,         160,           0,      -3.671437793,      -1.224272204,      -1.331945979,       1.795186123,     0.02466164973,       2.561805156,      -3.842184608,      -1.244055364,      -1.798737018,       1.621644355,      0.1512160083,       2.455119663
          0,         161,           0,      -3.672419543,      -1.231168834,      -1.336698831,        1.79294209,     0.01754188688,       2.561051081,      -3.830108931,      -1.247346553,      -1.798484282,       1.636341239,      0.1554822333,       2.455273737
          0,         162,           0,      -3.674486022,      -1.236886621,      -1.340672167,       1.789399372,     0.01211785354,       2.561094871,      -3.818932039,      -1.250350004,       -1.79709402,        1.64980864,       0.160104655,       2.455277113
          0,         163,           0,      -3.677456366,      -1.241469802,      -1.343994663,       1.784765432,    0.006961792355,       2.561614591,      -3.808919371,      -1.252821698,      -1.795128798,       1.661805671,      0.1652621274,       2.455224059
          0,         164,           0,      -3.681023528,      -1.245171667,      -1.346801512,       1.779404684,    0.009947142022,       2.562550443,      -3.800253507,       -1.25455761,      -1.793117351,       1.672180902,      0.1710820932,       2.455278522
          0,         165,           0,      -3.684805363,      -1.248434525,      -1.349227068,       1.773784658,    0.004708757699,       2.563871713,       -3.79305024,      -1.255408288,      -1.791421821,         1.6808496,      0.1776094468,       2.455589557
          0,         166,           0,      -3.688415689,      -1.251789872,      -1.351327851,       1.768396948,    0.001420669345,       2.565482095,      -3.787370644,      -1.255303133,      -1.790210543,       1.687777677,      0.1849394727,       2.456021964
          0,         167,           0,      -3.691526403,      -1.255735882,      -1.353053105,       1.763677384,  -0.0009255875555,       2.567014549,      -3.783231503,      -1.254248113,      -1.789409586,        1.69297116,      0.1935964346,       2.456579216
          0,         168,           0,      -3.693927244,      -1.260670661,      -1.354290496,       1.759925456,    -0.00398968414,       2.568481902,      -3.780608833,      -1.252329374,      -1.788721122,       1.696471072,      0.2015404987,       2.457011914
          0,         169,           0,      -3.695570318,      -1.266820836,      -1.354869716,       1.757243306,   -0.006049405211,       2.569847112,      -3.779439856,      -1.249713369,      -1.787660206,       1.698351817,      0.2175248679,       2.457798623
          0,         170,           0,      -3.696573483,      -1.274220757,      -1.354608315,       1.755518187,   -0.009527123276,       2.571001918,      -3.779623184,      -1.246602379,       -1.78565206,       1.698721907,       0.203646114,       2.457632222
          0,         171,           0,      -3.697189613,      -1.282688727,       -1.35334716,       1.754459065,     -0.0117153897,       2.572076317,      -3.781020419,      -1.243245891,      -1.782144734,        1.69772434,      0.1988818607,       2.458425221
          0,         172,           0,      -3.697750492,      -1.291787322,      -1.351059149,       1.753663093,    -0.01482530742,       2.573031338,      -3.783451393,       -1.23988591,      -1.776764879,       1.695540813,       0.199560192,       2.459562696
          0,         173,           0,      -3.698601786,      -1.300938833,       -1.34779716,       1.752706094,    -0.01681284398,       2.573838161,      -3.786699987,      -1.236757402,      -1.769400663,       1.692387932,       0.200680374,       2.460818159
          0,         174,           0,      -3.700034081,      -1.309474917,      -1.343741331,       1.751227555,    -0.01637304537,       2.574602459,      -3.790522636,      -1.234063984,      -1.760239044,       1.688512374,      0.2018912995,       2.462120733
          0,         175,           0,      -3.702240535,       -1.31671956,      -1.339186626,       1.748988437,   -0.003761385993,       2.575772152,      -3.794658066,      -1.231972069,      -1.749732874,       1.684181801,      0.2025579472,       2.463422633
          0,         176,           0,      -3.705290878,      -1.322134773,      -1.334501088,         1.7459066,     0.04639103628,       2.578924311,       -3.79884159,      -1.230601232,      -1.738490038,       1.679671057,      0.2031695948,       2.464777526
          0,         177,           0,      -3.709116831,      -1.325492857,      -1.330086398,       1.742070879,      0.1078102521,       2.583293681,      -3.802830908,      -1.230029332,       -1.72717902,       1.675238379,      0.2039781472,       2.466212133
          0,         178,           0,      -3.713527458,      -1.326761992,      -1.326325317,       1.737726247,     0.08042063501,       2.581078338,       -3.80642121,       -1.23026975,      -1.716389394,       1.671108936,      0.2059019205,       2.467746023
          0,         179,           0,      -3.718234502,      -1.326280751,      -1.323552202,       1.733236952,     0.05987798928,       2.579354449,      -3.809470554,      -1.231294316,      -1.706578658,       1.667449691,      0.2070758284,       2.469360177
          0,         180,           0,      -3.722868569,      -1.324578638,      -1.322017748,       1.729048806,     0.04386445591,       2.578338547,      -3.811914153,      -1.233034805,      -1.698091901,       1.664352371,      0.2087058109,       2.471056865
          0,         181,           0,      -3.727063793,      -1.322233671,      -1.321888992,       1.725597054,     0.03198779505,       2.577177733,      -3.813761558,      -1.235389448,      -1.691149057,       1.661833269,      0.2107534686,       2.472774698
          0,         182,           0,      -3.730506692,      -1.319822938,      -1.323249954,       1.723233728,     0.02306717334,       2.576666283,      -3.815087167,      -1.238203873,      -1.685824434,       1.659840685,      0.2117203274,       2.474372829
          0,         183,           0,      -3.732993539,      -1.317822612,      -1.326074404,       1.722152708,     0.01744564524,       2.575736677,      -3.816012555,      -1.241325052,      -1.682121053,       1.658269792,       0.212154691,       2.475893506
          0,         184,           0,      -3.734461834,      -1.316555605,      -1.330231637,       1.722353812,     0.01305850376,       2.574896316,      -3.816685985,      -1.244593367,      -1.679974749,       1.656985319,      0.2127219943,        2.47738176
          0,         185,           0,      -3.734984291,      -1.316170518,      -1.335490645,       1.723653842,     0.01121608922,       2.574561079,      -3.817252127,      -1.247863699,      -1.679266516,       1.655850041,        0.21336844,       2.478797275
          0,         186,           0,        -3.7347625,      -1.316683553,      -1.341523082,       1.725718619,    0.009371985995,       2.573705656,      -3.817834101,      -1.251012377,       -1.67987419,       1.654744941,      0.2141257378,       2.480146307
          0,         187,           0,      -3.734074406,      -1.317986038,      -1.347893098,       1.728131579,    0.008895445779,       2.572751422,      -3.818516777,      -1.253949754,      -1.681609252,       1.653586759,      0.2134576525,       2.481309151
          0,         188,           0,      -3.733232451,      -1.319911091,      -1.354147589,       1.730457317,    0.009468551309,       2.572116113,      -3.819338755,      -1.256632128,      -1.684266031,       1.652336454,      0.2133849788,       2.482306436
          0,         189,           0,      -3.732531771,      -1.322255316,      -1.359777565,       1.732301002,     0.01012373346,       2.571402079,       -3.82029345,      -1.259059818,      -1.687626748,       1.651000133,      0.2120039689,       2.483110305
          0,         190,           0,      -3.732215148,      -1.324814666,      -1.364288791,        1.73334601,     0.01080959531,       2.570550526,      -3.821337345,      -1.261265698,      -1.691462274,       1.649620058,      0.2104556434,       2.483700981
          0,         191,           0,      -3.732454611,      -1.327406415,       -1.36724478,       1.733370895,     0.01266778635,       2.569643237,      -3.822401514,      -1.263309299,      -1.695541782,       1.648264298,      0.2089359274,       2.484063308
          0,         192,           0,       -3.73334446,      -1.329922924,      -1.368336491,       1.732252104,     0.01416053433,       2.569014502,       -3.82340604,      -1.265258913,      -1.699656099,       1.647011761,      0.2074447345,       2.484177708
          0,         193,           0,      -3.734904465,      -1.332302169,      -1.367406691,       1.729958788,     0.01629188064,       2.568948147,      -3.824275432,      -1.267179235,      -1.703656212,       1.645936415,      0.2058659744,        2.48402355
          0,         194,           0,      -3.737089583,      -1.334530234,       -1.36449732,        1.72653716,     0.01903743293,       2.568040662,      -3.824952187,      -1.269119397,       -1.70747383,       1.645092999,       0.204317834,       2.483613865
          0,         195,           0,      -3.739800404,      -1.336642133,      -1.359810702,       1.722102816,     0.02195453303,       2.567163469,      -3.825410011,      -1.271084706,      -1.711157575,       1.644504365,      0.2029158105,       2.482935192
          0,         196,           0,      -3.742903062,      -1.338667546,      -1.353672702,       1.716823573,     0.02553090131,       2.566372267,      -3.825656814,      -1.273058006,      -1.714842437,       1.644156382,      0.2016891055,       2.481984517
          0,         197,           0,      -3.746242402,       -1.34064341,      -1.346507491,       1.710905651,     0.02897449877,       2.565270531,      -3.825741303,      -1.274983917,      -1.718761593,         1.6439923,      0.2003063067,       2.480756104
          0,         198,           0,      -3.749660944,      -1.342590381,      -1.338772306,       1.704579122,     0.03283453897,       2.563953154,      -3.825750383,      -1.276775814,      -1.723197094,       1.643914464,      0.1986275505,        2.47925928
          0,         199,           0,      -3.752995382,      -1.344503909,      -1.330914185,       1.698096816,     0.03647965951,       2.562615487,      -3.825804283,      -1.278324013,      -1.728432254,        1.64378918,      0.1971773989,       2.477540134
          0,         200,           0,      -3.756090033,      -1.346301088,       -1.32332203,       1.691723392,     0.04014306926,       2.561237728,       -3.82604946,      -1.279509996,      -1.734697341,       1.643453489,      0.1960196814,       2.475624463
          0,         201,           0,      -3.758808905,       -1.34791183,      -1.316345082,       1.685717986,     0.04416905188,       2.559838392,      -3.826649889,      -1.280220728,      -1.742135335,       1.642724242,      0.1951424019,       2.473531709
          0,         202,           0,      -3.761037632,      -1.349263272,       -1.31026822,       1.680329258,     0.04889391181,       2.558355681,       -3.82777888,      -1.280358616,      -1.750765048,       1.641406419,      0.1953225604,       2.471301885
          0,         203,           0,       -3.76268937,      -1.350252335,      -1.305335128,       1.675776357,     0.05472409527,       2.556874744,      -3.829612106,      -1.279853761,      -1.760451087,        1.63930015,      0.1988631168,        2.46899137
          0,         204,           0,      -3.763705511,      -1.350806524,      -1.301701458,       1.672240456,     0.06100100558,       2.555400407,      -3.832321141,      -1.278672232,      -1.770914727,       1.636207304,      0.2137886695,       2.466740967
          0,         205,           0,       -3.76406126,      -1.350885281,      -1.299480717,       1.669848462,     0.06739914303,       2.554060349,      -3.836069387,      -1.276812198,      -1.781766346,       1.631935756,      0.2618176462,       2.464989934
          0,         206,           0,      -3.763765939,      -1.350476235,      -1.298741558,       1.668661171,     0.07384112698,       2.552469136,      -3.841009089,      -1.274301322,      -1.792531361,         1.6263032,       0.279682885,       2.462499323
          0,         207,           0,      -3.762872879,      -1.349574161,      -1.299486219,       1.668659131,     0.08052812371,       2.550898204,       -3.84727946,      -1.271193974,      -1.802736281,       1.619137232,      0.2697276539,       2.459951515
          0,         208,           0,      -3.761423678,      -1.348210274,      -1.301677697,       1.669776845,     0.08680053619,       2.549339276,      -3.855006189,      -1.267557853,      -1.812011336,       1.610275988,      0.2622997248,       2.457429883
          0,         209,           0,       -3.75955227,      -1.346406198,      -1.305244104,       1.671842327,     0.09399793602,       2.547731283,      -3.864300359,       -1.26347303,      -1.820156749,       1.599567679,      0.2563237546,       2.454939782
          0,         210,           0,      -3.757378904,      -1.344214865,      -1.310038412,       1.674651317,      0.1008556954,       2.546132882,      -3.875254786,      -1.259023612,      -1.827190967,       1.586873042,      0.2505327353,       2.452497231
          0,         211,           0,      -3.755066634,      -1.341673456,      -1.315880479,       1.677945708,      0.1081710609,       2.545159068,      -3.887939498,      -1.254298764,      -1.833307785,       1.572068741,      0.2455395549,       2.450091979
          0,         212,           0,      -3.752780956,      -1.338825115,      -1.322531205,        1.68145011,      0.1165344367,       2.544095493,      -3.902390647,      -1.249393427,      -1.838868197,       1.555057154,      0.2410142468,       2.447720647
          0,         213,           0,      -3.750691101,      -1.335732154,      -1.329699623,       1.684885485,      0.1248625171,       2.542560701,      -3.918593481,       -1.24441377,      -1.844306576,       1.535783809,      0.2360837855,       2.445331951
          0,         214,           0,      -3.748956581,       -1.33240492,      -1.337028912,       1.687987487,      0.1330802253,        2.54107636,      -3.936455773,       -1.23947607,      -1.850040444,       1.514267561,      0.2311400833,       2.442954626
          0,         215,           0,      -3.747712718,      -1.328964284,      -1.344128596,        1.69052792,      0.1394694736,       2.539767362,      -3.955770233,      -1.234711377,      -1.856398195,       1.490647783,      0.2261809139,       2.440981972
          0,         216,           0,      -3.747087038,      -1.325461062,      -1.350616849,       1.692300942,      0.1458790335,       2.538259751,      -3.976171058,       -1.23026236,      -1.863563253,       1.465248817,      0.2211495339,        2.43859545
          0,         217,           0,      -3.747174504,      -1.321954528,      -1.356091288,       1.693147874,      0.1526633098,       2.536804206,      -3.997076509,      -1.226275749,      -1.871542611,       1.438676364,      0.2158833428,       2.436203067
          0,         218,           0,      -3.748035864,      -1.318506034,      -1.360199373,       1.692957135,      0.1596128121,       2.535332579,      -4.017644581,      -1.222893318,      -1.880126888,        1.41192321,      0.2105286224,       2.433795987
          0,         219,           0,      -3.749700557,      -1.315202626,      -1.362659482,       1.691663117,      0.1663100726,       2.533610067,      -4.036767383,      -1.220248927,      -1.888914826,       1.386449162,      0.2065929266,       2.431365295
          0,         220,           0,      -3.752148293,       -1.31212936,      -1.363314256,       1.689257834,      0.1733464144,       2.531852408,      -4.053140213,      -1.218460589,      -1.897318043,       1.364164067,      0.2011420484,       2.428932676
          0,         221,           0,      -3.755338126,       -1.30938925,      -1.362156945,       1.685770843,      0.1804924498,        2.53006202,      -4.065443019,      -1.217630758,       -1.90462457,       1.347201865,      0.1958147018,       2.426490092
          0,         222,           0,      -3.759175727,      -1.307012475,      -1.359331961,       1.681301042,      0.1875222215,       2.528094564,      -4.072624343,      -1.217842382,       -1.91010028,       1.337426387,      0.1904631462,       2.424029725
          0,         223,           0,      -3.763530235,      -1.305022099,      -1.355121179,       1.675989929,      0.1946352694,       2.526098051,      -4.074193245,      -1.219150133,      -1.913106658,       1.335812724,       0.185183359,       2.421542123
          0,         224,           0,       -3.76821697,      -1.303450714,      -1.349894987,        1.67005136,      0.2019019736,       2.524084765,      -4.070372318,      -1.221569084,      -1.913228832,       1.342059635,      0.1799656231,       2.419021581
          0,         225,           0,      -3.773024188,      -1.302302445,      -1.344063599,       1.663749248,      0.2094387982,       2.522030859,      -4.062021104,      -1.225059549,      -1.910398947,       1.354718015,      0.1749808532,       2.416474963
          0,         226,           0,      -3.777708645,      -1.301555111,       -1.33805306,       1.657400685,      0.2173012931,       2.519991579,      -4.050369385,      -1.229526203,      -1.904902352,       1.371749523,      0.1701942336,       2.413897411
          0,         227,           0,      -3.782010431,      -1.301169989,      -1.332292337,        1.65136244,      0.2257247906,       2.517941762,      -4.036703266,      -1.234828668,      -1.897233513,       1.391138793,      0.1655957432,       2.411292187
          0,         228,           0,      -3.785657158,       -1.30104341,      -1.327130034,       1.646019889,      0.2333439196,       2.515849542,      -4.022128631,      -1.240802593,      -1.888148872,       1.411280688,      0.1610431152,        2.40865888
          0,         229,           0,      -3.788374062,      -1.301147602,      -1.322867337,       1.641770715,      0.2400263555,       2.513669346,      -4.007457693,      -1.247282539,      -1.878478867,       1.431096382,      0.1565578304,       2.406008737
          0,         230,           0,      -3.789968869,      -1.301443057,      -1.319755859,       1.638935426,      0.2464879806,       2.511450416,      -3.993191196,      -1.254123911,      -1.869007009,       1.449988408,      0.1521461326,       2.403325208
          0,         231,           0,      -3.790309462,      -1.301877626,      -1.317964248,       1.637752172,      0.2520770953,       2.509190574,      -3.979562964,       -1.26122094,      -1.860377061,       1.467724704,       0.148200865,       2.400643407
          0,         232,           0,      -3.789335067,      -1.302397025,      -1.317594515,        1.63834472,      0.2580005661,       2.507083901,      -3.966606298,      -1.268514554,      -1.853056982,       1.484319427,       0.144368977,       2.397964087
          0,         233,           0,      -3.787074318,       -1.30296434,      -1.318648226,       1.640697001,      0.2642010063,       2.504960537,      -3.954229134,      -1.275995707,      -1.847325908,       1.499924697,       0.141103861,       2.395281375
          0,         234,           0,      -3.783664595,      -1.303566191,      -1.321071546,       1.644627388,      0.2707357964,       2.503026158,      -3.942287677,      -1.283701284,      -1.843278729,        1.51473873,      0.1382886889,       2.392598089
          0,         235,           0,      -3.779304695,      -1.304215733,      -1.324682877,       1.649845997,      0.2775291733,       2.501249633,      -3.930647663,      -1.291697564,       -1.84083222,       1.528937928,      0.1353287822,       2.389894214
          0,         236,           0,      -3.774266558,      -1.304904954,       -1.32923449,       1.655963264,      0.2847343574,       2.499812623,      -3.919231234,      -1.300057644,      -1.839733836,       1.542629374,      0.1311178514,       2.387130907
          0,         237,           0,      -3.768867879,      -1.305656734,      -1.334386935,       1.662531089,      0.2919057344,       2.498084895,      -3.908043399,      -1.308836201,      -1.839594676,       1.555827012,      0.1269763887,       2.384357235
          0,         238,           0,      -3.763436495,      -1.306462951,      -1.339730749,       1.669094182,      0.2992514292,       2.496064991,      -3.897176163,      -1.318042588,      -1.839928634,       1.568451974,      0.1228725372,       2.381577299
          0,         239,           0,      -3.758285702,      -1.307324094,      -1.344812922,       1.675226537,       0.306607609,       2.493879638,      -3.886794627,      -1.327618679,      -1.840210527,       1.580350878,      0.1186326754,       2.378781215
          0,         240,           0,      -3.753696393,      -1.308222931,      -1.349151517,       1.680552921,      0.3141549939,       2.491687384,      -3.877109759,       -1.33742462,      -1.839947771,       1.591325588,       0.114664805,       2.375985534
          0,         241,           0,      -3.749902585,      -1.309120956,      -1.352272092,       1.684766988,      0.3218442938,       2.489453626,      -3.868345691,      -1.347234568,      -1.838765862,        1.60116716,      0.1109725063,       2.373191357
          0,         242,           0,      -3.747081675,      -1.309981086,      -1.353812424,       1.687637608,      0.3298073783,       2.487245646,      -3.860708762,      -1.356747588,      -1.836475765,       1.609686626,      0.1075495013,       2.370398788
          0,         243,           0,      -3.745352778,      -1.310762229,      -1.353555221,       1.689012678,      0.3380347983,       2.485021471,      -3.854362177,      -1.365613489,      -1.833108242,       1.616739376,      0.1041224777,        2.36759693
          0,         244,           0,      -3.744773694,      -1.311422049,      -1.351446282,       1.688818633,      0.3464084179,       2.482754472,      -3.849408994,      -1.373473256,      -1.828898811,       1.622241083,      0.1008258038,        2.36479787
          0,         245,           0,      -3.745341561,      -1.311939258,      -1.347597045,       1.687055717,      0.3547142579,       2.480359712,      -3.845883056,      -1.380010985,       -1.82423282,       1.626175794,     0.09778913984,       2.362024187
          0,         246,           0,      -3.746991495,      -1.312304457,        -1.3422556,       1.683805645,      0.3624311853,       2.477953795,      -3.843747543,      -1.385004352,      -1.819563049,       1.628596532,     0.09493369757,       2.359321167
          0,         247,           0,       -3.74963843,      -1.312489239,       -1.33582917,       1.679186404,      0.3705606807,       2.475589276,      -3.892695091,      -1.438045451,      -1.863053687,       1.579579134,     0.09226262875,       2.356696012
          0,         248,           0,      -3.753133824,      -1.312571509,      -1.328720656,        1.67339788,       0.377118446,       2.472518099,      -3.938153432,      -1.484369593,      -1.902806014,       1.533989635,     0.08951946554,       2.357821652
          0,         249,           0,      -3.757275863,       -1.31255534,      -1.321372788,       1.666715934,      0.3829089198,       2.469071653,      -3.979870318,      -1.524783389,      -1.938704871,       1.492118693,     0.08670639317,       2.353445988
          0,         250,           0,      -3.761836806,      -1.312447817,      -1.314206442,       1.659463696,      0.3894573524,       2.465552899,      -4.017774307,      -1.559954417,      -1.970709738,       1.454059097,     0.08340003198,       2.348665644
          0,         251,           0,      -3.766579999,      -1.312276942,      -1.307588191,        1.65200035,      0.3957662529,       2.461600702,      -4.019203326,      -1.558017316,      -1.967643532,       1.452673014,     0.08027071247,       2.344179877
          0,         252,           0,      -3.771236037,      -1.311996744,      -1.301800538,       1.644733731,      0.4020903791,       2.457733855,      -4.020836245,      -1.555880735,      -1.964769777,       1.451050375,     0.07733458682,       2.339717881
          0,         253,           0,      -3.775567977,      -1.311617675,      -1.297079468,       1.638056264,      0.4086935726,       2.454071062,      -4.022612813,      -1.553638388,      -1.962099686,       1.449250477,     0.07462894109,        2.33530473
          0,         254,           0,      -3.779361069,      -1.311146956,      -1.293609547,       1.632337566,      0.4154833441,       2.450663439,      -4.024472905,      -1.551398342,      -1.959564731,       1.447335161,     0.07224381323,       2.330951502
          0,         255,           0,      -3.782435411,      -1.310559912,      -1.291519697,       1.627899395,      0.4224516167,       2.447710074,      -4.026365413,      -1.549235805,      -1.957069446,       1.445356884,     0.07002255746,       2.326661052
          0,         256,           0,       -3.78466132,      -1.309843536,      -1.290905667,       1.624982092,      0.4295441866,        2.44528527,      -4.028252425,      -1.547214372,      -1.954512722,       1.443355012,      0.0680079941,       2.322436236
          0,         257,           0,      -3.785965414,      -1.308986732,      -1.291815212,       1.623717874,      0.4364500333,       2.442086788,      -4.030108531,      -1.545383421,      -1.951799037,        1.44135627,     0.06612784257,       2.318265781
          0,         258,           0,      -3.786339998,      -1.307976581,      -1.294264609,       1.624118831,      0.4432718571,       2.438937088,      -4.031918798,      -1.543774023,      -1.948847072,       1.439377327,      0.0642549941,       2.314152476
          0,         259,           0,      -3.785832033,       -1.30677888,      -1.298206092,       1.626078914,      0.4499810551,       2.509732926,      -4.033677031,      -1.542406731,      -1.945605208,       1.437426934,     0.06186623545,       2.310061681
          0,         260,           0,      -3.784539121,      -1.305389749,      -1.303572977,       1.629394844,      0.4549795085,       2.486973904,       -4.03537921,      -1.541282223,      -1.942026726,       1.435511462,     0.05959630188,       2.305873266
          0,         261,           0,      -3.782642622,      -1.303865013,      -1.310258189,       1.633740074,      0.4598317379,        2.47024593,      -4.037023252,      -1.540398182,      -1.938115071,       1.433636127,     0.05733757557,       2.301792442
          0,         262,           0,      -3.780343152,      -1.302223611,      -1.318037811,        1.63874925,      0.4640329396,       2.458073099,      -4.038604741,       -1.53974757,      -1.933906863,       1.431809207,      0.0551522345,       2.297800811
          0,         263,           0,      -3.777867349,      -1.300516477,      -1.326647908,       1.644032397,      0.4674419118,       2.448969046,      -4.040114282,      -1.539322475,      -1.929467509,       1.430044393,     0.05310927556,       2.293886281
          0,         264,           0,      -3.775459236,      -1.298795654,      -1.335744795,       1.649193901,       0.470755925,       2.441652596,      -4.041535763,      -1.539115544,      -1.924880843,       1.428362463,     0.05123365654,       2.290038317
          0,         265,           0,      -3.773349757,      -1.297110787,      -1.344884869,       1.653871546,      0.4739352297,       2.435766007,      -4.042846527,      -1.539122236,      -1.920244355,       1.426791192,     0.04954639746,       2.286249518
          0,         266,           0,      -3.771753123,       -1.29552232,      -1.353544547,       1.657742656,      0.4773021776,       2.430954099,      -4.044017886,      -1.539341476,      -1.915657726,        1.42536472,     0.04805223112,       2.282513199
          0,         267,           0,      -3.770855788,      -1.294088994,      -1.361166285,       1.660535739,      0.4808638731,       2.426919892,       -4.04501656,      -1.539776027,      -1.911211171,       1.424121552,     0.04674018224,       2.278823434
          0,         268,           0,      -3.770809489,      -1.292880558,      -1.367219182,       1.662038244,       0.484628237,       2.423456684,      -4.045807819,      -1.540432943,      -1.906981553,       1.423101384,     0.04563948134,       2.275176599
          0,         269,           0,      -3.771719588,      -1.291962185,      -1.371205536,       1.662102797,      0.4883446589,       2.420402751,      -4.046358683,      -1.541322446,       -1.90302902,       1.422341694,     0.04476088722,       2.271565249
          0,         270,           0,      -3.773635391,      -1.291375999,      -1.372830885,       1.660650759,      0.4921240153,       2.417590742,      -4.046641112,      -1.542454601,      -1.899391977,       1.421874479,     0.04449338741,        2.26798261
          0,         271,           0,       -3.77655249,      -1.291164712,      -1.372008735,       1.657673139,       0.496068172,       2.415004608,      -4.046635686,       -1.54383786,      -1.896091792,       1.421722251,     0.04415175895,       2.264424966
          0,         272,           0,      -3.780403274,      -1.291362582,      -1.368867759,       1.653237753,       0.500146508,        2.41255323,      -4.046334063,      -1.545477976,      -1.893130828,        1.42189548,     0.04345031231,        2.26086622
          0,         273,           0,      -3.785051406,       -1.29197856,      -1.363753884,       1.647497026,      0.5043655637,       2.410185239,       -4.04574066,      -1.547374345,      -1.890498296,       1.422390853,     0.04231738079,       2.257303651
          0,         274,           0,      -3.790297893,       -1.29302475,      -1.357147987,       1.640683563,      0.5085702772,       2.407922512,      -4.044873262,      -1.549518743,      -1.888172695,       1.423190654,     0.04102865288,       2.253743983
          0,         275,           0,      -3.795877814,      -1.294491392,      -1.349604829,       1.633121022,      0.5121155816,       2.405727033,      -4.043762628,       -1.55189369,      -1.886126446,       1.424263263,     0.03980007583,       2.250200359
          0,         276,           0,      -3.801493022,      -1.296359155,      -1.341681571,       1.625208821,      0.5139988329,       2.403621949,       -4.04245104,       -1.55447279,      -1.884338699,       1.425564617,     0.03873500616,       2.246673359
          0,         277,           0,      -3.806781675,      -1.298583513,      -1.333934749,       1.617422999,      0.5160003439,       2.401630004,      -4.040989549,       -1.55721768,      -1.882775242,       1.427041105,      0.0379371856,       2.243155278
          0,         278,           0,      -3.811379277,      -1.301116752,      -1.326806162,       1.610290782,      0.5180694429,        2.39963617,      -4.039435247,      -1.560081222,      -1.881408457,       1.428632471,     0.03727375884,       2.239662931
          0,         279,           0,       -3.81492585,      -1.303887215,      -1.320589101,       1.604347446,      0.5200092561,       2.398120366,      -4.037848166,      -1.563008911,      -1.880205082,       1.430274952,     0.03673376734,       2.236202897
          0,         280,           0,      -3.817133197,      -1.306816673,      -1.315582566,       1.600063814,      0.5220727821,       2.396259483,        -4.0362881,      -1.565940023,      -1.879151059,       1.431904645,     0.03571641846,       2.232749832
          0,         281,           0,      -3.817806034,      -1.309854547,      -1.311956343,       1.597792122,      0.5242859627,       2.394625816,      -4.034811948,      -1.568813002,       -1.87824039,       1.433460396,     0.03456258291,       2.229327071
          0,         282,           0,      -3.816865257,      -1.312945246,      -1.309797889,       1.597722074,      0.5266628329,         2.3927764,      -4.033470974,      -1.571561944,      -1.877472351,       1.434886187,     0.03323221834,       2.225936787
          0,         283,           0,      -3.814361784,      -1.316023401,      -1.309138016,        1.59984757,      0.5291551363,       2.390850584,      -4.032309561,      -1.574128218,      -1.876843363,       1.436133191,     0.03181877185,       2.222590588
          0,         284,           0,      -3.810463192,      -1.319018403,      -1.309927028,       1.603969132,      0.5317655204,       2.388941911,      -4.031363681,      -1.576459122,      -1.876352569,       1.437160926,     0.03030322352,       2.219284981
          0,         285,           0,       -3.80543503,      -1.321861242,      -1.312053529,       1.609726493,      0.5344889334,       2.387168422,       -4.03066019,      -1.578512874,      -1.875999144,        1.43793827,     0.02875530618,       2.216029193
          0,         286,           0,      -3.799609377,      -1.324502356,      -1.315370191,       1.616653265,      0.5373139055,       2.385512614,      -4.030216534,      -1.580261094,      -1.875777826,       1.438443865,     0.02714743794,        2.21282234
          0,         287,           0,      -3.793352448,      -1.326888761,      -1.319667159,       1.624229684,       0.540236321,       2.383954114,      -4.030040563,      -1.581685603,       -1.87568615,        1.43866621,     0.02544773921,       2.209665022
          0,         288,           0,      -3.787026638,      -1.328983009,      -1.324675967,       1.631942154,      0.5432293472,       2.382454368,      -4.030132022,       -1.58278442,      -1.875712176,        1.43860201,      0.0235463837,       2.206553272
          0,         289,           0,      -3.780974355,      -1.330736021,      -1.330075457,       1.639320957,      0.5462795791,       2.380993484,      -4.030482577,      -1.583569395,      -1.875842522,       1.438256767,     0.02162313311,       2.203490526
          0,         290,           0,      -3.775504411,      -1.332111384,      -1.335502663,       1.645948585,      0.5493780607,       2.379321677,      -4.031076783,      -1.584064182,      -1.876059022,       1.437643661,     0.01925737084,       2.200465824
          0,         291,           0,      -3.770886759,      -1.333092745,      -1.340555593,       1.651469488,      0.5521483968,       2.377582727,      -4.031893699,      -1.584301951,       -1.87634088,       1.436781894,     0.01680760114,       2.197498134
          0,         292,           0,      -3.767342428,      -1.333677823,      -1.344848267,       1.655592878,      0.5549012577,       2.375838794,      -4.032907847,      -1.584321736,      -1.876665805,        1.43569592,     0.01434049388,       2.194578599
          0,         293,           0,      -3.765045273,      -1.333869455,      -1.348011209,       1.658091583,       0.557626819,        2.37410032,      -4.034090426,      -1.584165461,      -1.877013588,       1.434414036,     0.01185323071,       2.191702368
          0,         294,           0,      -3.764116301,      -1.333678911,      -1.349745922,       1.658801766,      0.5602408361,       2.372359163,      -4.035410741,      -1.583874909,      -1.877369893,       1.432967068,    0.009332558824,       2.188864158
          0,         295,           0,      -3.764630824,      -1.333131527,      -1.349847551,       1.657616367,      0.5622625293,       2.370626016,      -4.036837527,      -1.583489141,       -1.87772753,       1.431387088,    0.006796896517,       2.186058757
          0,         296,           0,       -3.76661432,      -1.332249467,      -1.348287841,       1.654484863,      0.5642757145,       2.368916637,      -4.038340082,      -1.583042191,      -1.878088594,       1.429706247,    0.004256853497,       2.183285797
          0,         297,           0,      -3.770036431,       -1.33107014,      -1.345149862,       1.649421706,      0.5663226436,       2.367276101,      -4.039889327,      -1.582561408,      -1.878465474,       1.427955688,      0.0017175916,       2.180550147
          0,         298,           0,      -3.774808673,      -1.329631283,      -1.340669653,       1.642515555,      0.5682251415,       2.365630095,      -4.041458353,      -1.582066558,      -1.878880106,       1.426165051,  -0.0008131392775,       2.177854166
          0,         299,           0,      -3.780781384,      -1.327996745,      -1.335209787,       1.633938598,      0.5701880467,       2.364088533,      -4.043023135,      -1.581569621,      -1.879364426,       1.424361659,   -0.003329351291,       2.175199259
          0,         300,           0,      -3.787743952,      -1.326207188,      -1.329187225,       1.623966086,      0.5722071012,       2.362625323,      -4.044562783,      -1.581075404,      -1.879959055,       1.422570255,   -0.005830812155,       2.172586354
          0,         301,           0,      -3.795384058,      -1.324295536,      -1.323001099,       1.613010368,      0.5734040045,       2.361230278,      -4.046059553,      -1.580582429,      -1.880710419,       1.420812899,   -0.008301103341,       2.170018764
          0,         302,           0,      -3.803352592,      -1.322315243,      -1.317135521,       1.601579753,      0.5744345183,       2.359860186,      -4.047498705,      -1.580084391,      -1.881668275,       1.419108959,     -0.0107327852,       2.167499843
          0,         303,           0,      -3.811212832,        -1.3202964,      -1.311960794,       1.590339351,      0.5753937616,         2.3584869,       -4.04886836,      -1.579571359,      -1.882883084,       1.417475093,    -0.01311340369,       2.165035388
          0,         304,           0,      -3.818498485,      -1.318265458,      -1.307804273,       1.580038657,      0.5764244987,       2.357245894,      -4.050159016,      -1.579033424,      -1.884403003,       1.415925652,    -0.01543257043,       2.162632806
          0,         305,           0,      -3.824734788,      -1.316240358,      -1.304926426,        1.57145878,      0.5776191681,       2.356143866,      -4.051363282,      -1.578459157,      -1.886271081,       1.414472378,    -0.01769797076,       2.160260254
          0,         306,           0,      -3.829513485,      -1.314260324,      -1.303501934,        1.56530503,      0.5784834997,       2.355143243,      -4.052475692,      -1.577841291,      -1.888523305,       1.413124847,     -0.0198936638,       2.157952117
          0,         307,           0,      -3.832543224,      -1.312341335,      -1.303651552,       1.562079986,      0.5793340906,       2.354241466,      -4.053492058,      -1.577175867,      -1.891183035,       1.411890635,    -0.02201507427,       2.155708537
          0,         308,           0,      -3.833676951,       -1.31049587,      -1.305415912,       1.561994926,      0.5803503572,       2.353390254,      -4.054410559,      -1.576463528,      -1.894261547,       1.410774036,     -0.0240603356,       2.153531957
          0,         309,           0,      -3.832944645,      -1.308746841,      -1.308732975,       1.564912357,      0.5815360243,       2.352537501,      -4.055230715,      -1.575710681,      -1.897755329,       1.409777054,    -0.02603062623,       2.151424252
          0,         310,           0,        -3.8305479,      -1.307114338,      -1.313469621,       1.570379159,      0.5828602583,       2.351780666,      -4.047504315,      -1.566548519,      -1.893641473,       1.417403424,    -0.02793720937,       2.149386115
          0,         311,           0,      -3.826828208,      -1.305615483,      -1.319396795,       1.577719245,      0.5843598621,       2.351176983,      -4.039462371,      -1.557148731,      -1.889948894,       1.425361525,    -0.02977869402,       2.147468204
          0,         312,           0,      -3.822207242,      -1.304252553,      -1.326195185,       1.586160875,      0.5858532374,       2.350802218,      -4.031103947,      -1.547535754,      -1.886653133,       1.433651177,    -0.03156483857,       2.145668148
          0,         313,           0,      -3.817131176,      -1.303035253,      -1.333490309,        1.59494583,      0.5873688008,       2.350608968,      -4.022432792,      -1.537731148,      -1.883697477,       1.442266598,    -0.03330800523,       2.143989447
          0,         314,           0,      -3.812028253,       -1.30196274,      -1.340845931,       1.603405316,      0.5890208377,       2.350603952,      -4.013457049,      -1.527759404,      -1.880995619,       1.451196838,    -0.03502269536,       2.142426165
          0,         315,           0,      -3.807265396,      -1.301036363,      -1.347788607,       1.611008649,      0.5903373091,       2.350801046,      -4.004189251,      -1.517645268,      -1.878433215,       1.460426065,     -0.0367268299,       2.140973362
          0,         316,           0,      -3.803132931,      -1.300252568,       -1.35387841,        1.61736973,      0.5917753043,       2.351108231,      -3.994645784,      -1.507410217,      -1.875873214,       1.469934559,    -0.03844326022,       2.139624459
          0,         317,           0,      -3.799831259,      -1.299603765,      -1.358751455,       1.622248599,      0.5933271174,       2.351470953,      -3.984846458,      -1.497074315,      -1.873165661,       1.479699263,    -0.04019624212,       2.138370339
          0,         318,           0,      -3.797469675,      -1.299073456,      -1.362142398,       1.625536546,      0.5949383292,        2.35172818,      -3.974813039,      -1.486652049,       -1.87016047,       1.489695625,    -0.04199931367,       2.137199091
          0,         319,           0,      -3.796074965,      -1.298636336,      -1.363935824,       1.627236785,      0.5966828073,        2.35210144,      -3.964567475,      -1.476150945,      -1.866732296,        1.49989967,    -0.04386981679,       2.136101152
          0,         320,           0,      -3.795601844,      -1.298275851,      -1.364189344,       1.627447753,      0.5985523451,       2.352581318,      -3.954129934,      -1.465574395,      -1.862801596,       1.510289902,    -0.04582007824,       2.135076905
          0,         321,           0,      -3.795940882,      -1.297972435,      -1.363099749,       1.626351278,      0.6005029047,       2.353032433,      -3.943517254,      -1.454916687,      -1.858361255,        1.52084906,    -0.04786143081,       2.134109682
          0,         322,           0,      -3.796933438,      -1.297705876,      -1.360962306,       1.624196738,      0.6023820783,       2.353489063,      -3.932741056,      -1.444168095,      -1.853491907,       1.531565648,    -0.04999930271,       2.133189901
          0,         323,           0,      -3.798392005,      -1.297471161,      -1.358131864,       1.621274224,      0.6042372631,        2.35397389,       -3.92180723,      -1.433317238,      -1.848374388,       1.542434154,    -0.05222870956,       2.132313452
          0,         324,           0,      -3.800105811,      -1.297252597,      -1.354955762,       1.617907354,      0.6059926115,       2.354544331,      -3.910716389,      -1.422353071,      -1.843286788,       1.553453933,    -0.05453747306,        2.13147889
          0,         325,           0,      -3.801863458,      -1.297042621,      -1.351744876,       1.614422614,      0.6078163566,        2.35517837,      -3.899466143,      -1.411268468,       -1.83858564,       1.564626057,    -0.05689145057,       2.130688428
          0,         326,           0,      -3.803480105,      -1.296852955,      -1.348723503,       1.611116465,      0.6095869024,       2.355833062,      -3.890031467,      -1.402019894,      -1.836538144,       1.573960299,    -0.05925592428,       2.129945294
          0,         327,           0,      -3.804809089,      -1.296699572,      -1.346045505,       1.608233269,      0.6113317684,       2.356519169,      -3.891168375,      -1.403270928,      -1.845700585,       1.572643726,    -0.06156544695,       2.129228117
          0,         328,           0,      -3.805760862,      -1.296609798,      -1.343780506,       1.605935678,      0.6130525965,       2.357086672,      -3.892427739,      -1.404662358,      -1.856045964,         1.5711819,    -0.06382444646,       2.128463834
          0,         329,           0,      -3.806291533,      -1.296627354,       -1.34192119,       1.604302138,      0.6146969041,       2.357508349,      -3.893839606,      -1.406196896,       -1.86760704,       1.569533307,     -0.0660035082,        2.12765126
          0,         330,           0,      -3.806416646,      -1.296769609,       -1.34039016,       1.603335608,      0.6163908477,       2.357782176,      -3.895450709,      -1.407893417,      -1.880217587,       1.567636866,    -0.06808566662,       2.126787464
          0,         331,           0,      -3.806164297,       -1.29706728,      -1.339046115,       1.602975216,      0.6181156616,       2.357968238,      -3.897323861,      -1.409769934,      -1.893467128,       1.565412752,    -0.07005683889,       2.125891118
          0,         332,           0,      -3.805602005,      -1.297552893,      -1.337730687,       1.603110715,      0.6195500013,       2.358055806,      -3.899533959,      -1.411839886,      -1.906695119,       1.562767138,    -0.07191257146,       2.124977049
          0,         333,           0,      -3.804808765,      -1.298247811,      -1.336288526,       1.603610565,      0.6207103029,       2.357976965,      -3.902161366,      -1.414110637,      -1.919019191,       1.559599773,    -0.07365820292,       2.124064024
          0,         334,           0,      -3.803861019,      -1.299169496,      -1.334604451,       1.604345082,      0.6218725312,       2.357790866,      -3.905283443,      -1.416583865,      -1.929424328,       1.555813311,    -0.07530854195,        2.12315609
          0,         335,           0,      -3.802807076,      -1.300321063,      -1.332558713,       1.605224478,      0.6223872416,       2.357541223,      -3.908965668,      -1.419256762,      -1.936930318,       1.551323091,    -0.07685011291,       2.122266467
          0,         336,           0,      -3.801679764,      -1.301701772,      -1.330123985,       1.606190339,      0.6228009498,       2.357229891,      -3.913252501,      -1.422123954,       -1.94079467,       1.546067416,     -0.0782976253,       2.121407981
          0,         337,           0,      -3.800483036,      -1.303285771,      -1.327324323,       1.607231034,      0.6232748684,       2.356954716,      -3.918158977,       -1.42518156,       -1.94070034,          1.540017,    -0.07971803687,       2.120593234
          0,         338,           0,      -3.799194441,      -1.305041898,      -1.324238777,       1.608378742,      0.6237956648,       2.356739742,      -3.923664299,      -1.428430744,      -1.936859479,       1.533182813,    -0.08111389492,       2.119830772
          0,         339,           0,      -3.797771946,      -1.306937515,      -1.321002688,        1.60970095,      0.6243275046,       2.356458143,      -3.929707168,      -1.431882844,      -1.929949326,        1.52562228,    -0.08249239043,         2.1191274
          0,         340,           0,      -3.796162368,      -1.308914855,      -1.317768453,       1.611285917,      0.6248397793,       2.356162474,      -3.936184205,       -1.43555852,      -1.920933736,       1.517443223,    -0.08402179353,       2.118447017
          0,         341,           0,        -3.7943159,      -1.310908297,      -1.314698287,       1.613224766,      0.6253241109,       2.355885579,      -3.942950818,      -1.439492107,      -1.910855091,       1.508805234,    -0.08567490772,        2.11781676
          0,         342,           0,      -3.792190729,      -1.312828639,      -1.311950172,       1.615596658,       0.625719716,       2.355500947,      -3.949826163,      -1.443733033,      -1.900665982,        1.49991658,    -0.08732355945,       2.117284634
          0,         343,           0,      -3.789761241,      -1.314595049,      -1.309660306,       1.618451227,      0.6259970975,        2.35500233,      -3.956602029,      -1.448340433,       -1.89113048,       1.491026847,    -0.08894385857,       2.116850023
          0,         344,           0,      -3.787027012,      -1.316112382,       -1.30794722,       1.621795355,       0.626214743,       2.354566586,      -3.963054846,      -1.453380618,       -1.88278868,       1.482415293,    -0.09050442786,       2.116515447
          0,         345,           0,      -3.784022623,      -1.317286093,      -1.306873505,       1.625587545,      0.6263256754,       2.354150328,      -3.968962133,      -1.458923308,      -1.875965622,       1.474372447,    -0.09196534743,       2.116283682
          0,         346,           0,      -3.780794717,       -1.31803683,      -1.306448281,       1.629750947,      0.6264006144,       2.353826542,      -3.974120143,      -1.465036255,      -1.870799972,       1.467177933,    -0.09328451388,       2.116149733
          0,         347,           0,       -3.77741499,      -1.318302241,      -1.306664451,       1.634175075,      0.6265011578,       2.353575285,       -3.97836154,      -1.471779684,      -1.867278231,       1.461076066,    -0.09441736104,       2.116108075
          0,         348,           0,      -3.773972635,      -1.318041738,      -1.307483953,       1.638729594,      0.6265714469,       2.353457146,      -3.981570212,      -1.479201079,         -1.865272,       1.456252293,    -0.09532746659,       2.116168203
          0,         349,           0,      -3.770560384,      -1.317235139,      -1.308822405,       1.643274418,      0.6265902562,       2.353473288,      -3.983689934,      -1.487329445,      -1.864572834,       1.452816645,    -0.09597565421,       2.116330512
          0,         350,           0,      -3.767263276,      -1.315896288,      -1.310581461,       1.647681714,      0.6264897929,       2.353308829,      -3.984727245,      -1.496170806,      -1.864916931,       1.450794875,     -0.0963232074,       2.116594972
          0,         351,           0,       -3.76415694,      -1.314071591,      -1.312645051,       1.651842442,      0.6263727292,       2.353205423,      -3.984748033,      -1.505706268,      -1.866033395,       1.450128832,    -0.09633694434,       2.116964463
          0,         352,           0,      -3.761295825,       -1.31182951,      -1.314891005,       1.655679051,       0.626273173,       2.353194514,      -3.983865246,        -1.5158858,      -1.867653077,       1.450690641,    -0.09599815086,       2.117440994
          0,         353,           0,      -3.758710662,      -1.309248454,      -1.317198103,       1.659146417,      0.6261065435,       2.353261562,      -3.982226841,      -1.526627879,      -1.869544464,       1.452298972,    -0.09530041205,       2.118024585
          0,         354,           0,       -3.75641046,      -1.306436269,      -1.319470435,       1.662230931,      0.6259173822,       2.353442284,      -3.980000765,      -1.537820466,      -1.871533529,       1.454740408,    -0.09424618001,       2.118714083
          0,         355,           0,      -3.754382532,      -1.303509567,       -1.32162061,       1.664949657,      0.6256711468,       2.353757105,      -3.977361528,      -1.549318524,      -1.873530025,        1.45778905,    -0.09284548467,       2.119505797
          0,         356,           0,      -3.752588616,      -1.300576231,      -1.323572732,       1.667351578,      0.6252622012,       2.354255805,       -3.97447981,      -1.560952196,       -1.87550802,       1.461222619,    -0.09111880102,       2.120393628
          0,         357,           0,      -3.750974475,      -1.297743414,      -1.325299378,       1.669504958,       0.624825565,       2.354755737,      -3.971514895,      -1.572524468,      -1.877500079,       1.464834137,    -0.08969773777,       2.121359859
          0,         358,           0,      -3.749475199,      -1.295109323,      -1.326779684,       1.671491631,      0.6241441892,       2.355263692,      -3.968609681,      -1.583825952,      -1.879582239,       1.468438798,    -0.08829349027,       2.122402538
          0,         359,           0,      -3.748020474,      -1.292750294,      -1.328014965,       1.673397255,      0.6234038068,       2.355844099,       -3.96588858,      -1.594640667,      -1.881851237,       1.471877229,     -0.0866626275,       2.123514342
          0,         360,           0,      -3.746543907,      -1.290718075,      -1.329019272,       1.675299405,      0.6227817251,       2.356548421,      -3.963456644,      -1.604756842,      -1.884401008,       1.475016206,    -0.08526276286,       2.124679379
          0,         361,           0,      -3.744980655,      -1.289056573,      -1.329802805,       1.677269494,      0.6221575046,       2.357364659,      -3.961399667,       -1.61398367,      -1.887304682,       1.477748149,    -0.08368329784,       2.125881581
          0,         362,           0,       -3.74327762,      -1.287787659,      -1.330392624,       1.679364136,      0.6212430283,       2.358222808,      -3.959784022,      -1.622165217,      -1.890598123,       1.479990936,    -0.08206468555,       2.127104491
          0,         363,           0,      -3.741404154,      -1.286920828,      -1.330812515,       1.681613213,       0.620477506,       2.359204377,      -3.958656983,      -1.629190999,       -1.89426933,       1.481686833,    -0.08049469699,       2.128342413
          0,         364,           0,      -3.739345287,      -1.286443432,      -1.331079615,       1.684027154,      0.6197619525,       2.360249214,       -3.95804686,      -1.635004433,      -1.898253897,       1.482801676,    -0.07885153103,       2.129583254
          0,         365,           0,      -3.737103473,      -1.286330364,      -1.331204853,       1.686595452,      0.6190332325,       2.361150241,      -3.957962726,      -1.639615797,      -1.902445228,       1.483324929,    -0.07718324413,       2.130809961
          0,         366,           0,      -3.734694794,      -1.286553433,      -1.331179749,       1.689290219,      0.6183546081,        2.36211264,      -3.958394024,      -1.643093316,      -1.906701298,       1.483269655,    -0.07552879959,       2.132014681
          0,         367,           0,      -3.732150105,      -1.287066943,      -1.331032949,       1.692070082,      0.6178018773,       2.363108141,        -3.9593107,       -1.64556417,      -1.910861237,       1.482672158,    -0.07391742338,        2.13319076
          0,         368,           0,      -3.729501325,      -1.287816852,      -1.330760676,       1.694892936,      0.6173835241,        2.36412915,      -3.960663841,      -1.647197259,      -1.914764802,       1.481591121,    -0.07236983577,       2.134333196
          0,         369,           0,      -3.726788148,      -1.288741103,      -1.330369277,       1.697716373,      0.6170935977,       2.365051981,      -3.962387185,      -1.648191836,      -1.918275357,       1.480105529,    -0.07089528747,       2.135440427
          0,         370,           0,      -3.724047399,       -1.28977988,      -1.329871648,       1.700501526,       0.616911567,       2.365939809,      -3.964399767,      -1.648757147,       -1.92129814,       1.478311484,    -0.06949421382,       2.136514798
          0,         371,           0,      -3.721310793,      -1.290875998,       -1.32928868,       1.703218637,       0.616829774,       2.366816839,      -3.966610007,      -1.649101771,      -1.923794514,       1.476317016,    -0.06815846689,       2.137558518
          0,         372,           0,      -3.718604428,      -1.291981528,      -1.328647783,       1.705847521,      0.6168088892,       2.367668416,       -3.96892138,      -1.649417763,      -1.925784984,       1.474235086,    -0.06687786713,       2.138333208
          0,         373,           0,      -3.715944885,      -1.293043854,      -1.327981262,       1.708379742,      0.6166985909,       2.368476629,      -3.971238892,      -1.649869473,      -1.927344306,       1.472175686,    -0.06562247589,       2.138869053
          0,         374,           0,      -3.713337452,      -1.294019983,      -1.327338037,       1.710824413,       0.616664746,       2.369284168,      -3.973476492,      -1.650585162,      -1.928588147,       1.470236788,     -0.0643548249,       2.139419377
          0,         375,           0,      -3.710779056,      -1.294871424,      -1.326767655,       1.713197715,      0.6166748228,       2.370027855,      -3.975563903,      -1.651652079,      -1.929650183,       1.468496229,    -0.06303842776,       2.139993633
          0,         376,           0,       -3.70826161,       -1.29556373,      -1.326328008,       1.715524898,      0.6167539878,        2.37073419,      -3.977452497,      -1.653114522,       -1.93065872,       1.467004791,    -0.06163478704,       2.140598378
          0,         377,           0,      -3.705774087,      -1.296072579,      -1.326082862,       1.717836137,      0.6168288262,       2.371427412,      -3.979119215,      -1.654974734,      -1.931714336,       1.465781666,     -0.0601249997,       2.141240451
          0,         378,           0,      -3.703304253,      -1.296375689,      -1.326099194,       1.720163058,      0.6168675079,       2.372124564,      -3.980567813,      -1.657197093,      -1.932873981,       1.464813854,    -0.05846959271,       2.141925708
          0,         379,           0,      -3.700841917,      -1.296457984,      -1.326425657,       1.722534105,      0.6169669873,       2.372805331,      -3.981826791,      -1.659714737,      -1.934135008,       1.464058158,    -0.05661355994,       2.142655899
          0,         380,           0,      -3.698382894,      -1.296306646,      -1.327092329,         1.7249689,      0.6171124411,       2.373424225,      -3.982945027,      -1.662430533,      -1.935430772,       1.463448607,    -0.05453436414,       2.143429697
          0,         381,           0,      -3.695933094,      -1.295901196,      -1.328123175,       1.727473125,        0.61727733,       2.374041206,      -3.983986602,      -1.665235211,      -1.936639458,       1.462902209,    -0.05221006986,       2.144243224
          0,         382,           0,      -3.742086973,      -1.343181523,      -1.376893249,       1.679894513,      0.6171033517,       2.375093064,      -3.985281791,      -1.668458383,        -1.9379558,       1.461974506,    -0.04988300233,       2.145111773
          0,         383,           0,      -3.783952129,      -1.385390162,      -1.421462361,         1.6366507,      0.6169288717,       2.376304913,      -3.986874238,      -1.671891824,      -1.939106099,       1.460620151,    -0.04741135002,       2.146197657
          0,         384,           0,      -3.821659983,      -1.422974812,      -1.461826806,       1.597660607,      0.6167764702,       2.377691494,      -3.988802496,      -1.675366273,      -1.939826516,       1.458799515,    -0.04473951122,       2.147572137
          0,         385,           0,      -3.855423102,      -1.456220537,      -1.498164525,       1.562714111,       0.616703488,       2.379229189,      -3.991098788,      -1.678756786,      -1.939893453,       1.456478863,    -0.04186009887,       2.149251391
          0,         386,           0,      -3.885483998,      -1.485433953,      -1.530685905,       1.531576962,      0.6165898615,       2.380670286,      -3.993785384,      -1.681982921,      -1.939150083,        1.45363462,    -0.03879009023,       2.151217153
          0,         387,           0,      -3.912110778,      -1.510932483,      -1.559647183,       1.503991543,      0.6165552663,       2.382065181,      -3.996872023,      -1.684992211,      -1.937525185,        1.45025709,    -0.03555750245,       2.153431549
          0,         388,           0,      -3.935584062,       -1.53303749,      -1.585318521,       1.479687773,      0.6164459569,       2.383362301,      -4.000354133,      -1.687755057,      -1.935040247,       1.446352872,    -0.03219008071,        2.15584459
          0,         389,           0,      -3.956198378,      -1.552066845,      -1.607982963,       1.458380827,      0.6163145704,       2.384534632,      -4.004217688,      -1.690257703,       -1.93182582,       1.441939819,    -0.02868706058,       2.158399601
          0,         390,           0,      -3.974234615,      -1.568333975,      -1.627907218,       1.439794017,      0.6160542803,       2.385542106,      -4.008431368,      -1.692485953,      -1.928093443,       1.437055852,    -0.02508931147,       2.161039555
          0,         391,           0,      -3.989967313,      -1.582141727,      -1.645366299,       1.423653643,      0.6157632737,       2.386327661,      -4.012956492,      -1.694434336,      -1.924072416,       1.431748054,     -0.0214266489,       2.163708143
          0,         392,           0,      -4.003656108,      -1.593772532,       -1.66060035,       1.409695203,      0.6154138324,       2.386854686,       -4.01774744,       -1.69609225,      -1.920036488,       1.426072956,    -0.01773150875,       2.166354272
          0,         393,           0,      -4.015544239,      -1.603490612,      -1.673859984,       1.397668529,      0.6149205321,       2.387158802,      -4.022754582,      -1.697443752,      -1.916261183,       1.420093111,    -0.01402941303,       2.168932763
          0,         394,           0,      -4.025854897,      -1.611536212,      -1.685367988,       1.387339989,      0.6144189182,       2.387210665,      -4.027926585,      -1.698468066,      -1.912998659,       1.413874494,    -0.01033047722,       2.171404583
          0,         395,           0,      -4.034786999,      -1.618128304,      -1.695313383,       1.378497612,      0.6138633273,       2.386888866,      -4.033213287,      -1.699143979,      -1.910463261,       1.407483324,   -0.006613002811,       2.173737809
          0,         396,           0,      -4.042525352,      -1.623462474,      -1.703881931,       1.370943365,      0.6132266322,       2.386306871,      -4.038566585,      -1.699451311,      -1.908819064,       1.400984792,   -0.002924505962,       2.175905162
          0,         397,           0,      -4.049236897,      -1.627709968,      -1.711244982,       1.364497072,      0.6125919588,       2.385484235,      -4.043941996,      -1.699383222,      -1.908178775,       1.394441329,   0.0007063934593,       2.177884826
          0,         398,           0,       -4.05506798,      -1.631026872,      -1.717542972,       1.358999396,      0.6120180049,        2.38443733,      -4.049298272,      -1.698948978,      -1.908605543,       1.387912566,    0.004274161009,       2.179660061
          0,         399,           0,      -4.060145435,       -1.63355218,      -1.722901964,       1.354310143,      0.6113884004,       2.383173931,      -4.054594803,      -1.698177281,      -1.910103843,       1.381457496,    0.007774787258,       2.181218192
          0,         400,           0,      -4.064578103,      -1.635402294,      -1.727438089,        1.35030649,      0.6107548432,       2.381704864,      -4.059792744,      -1.697113765,      -1.912632198,        1.37513391,     0.01120425333,       2.182550168
          0,         401,           0,      -4.068460181,       -1.63669395,      -1.731241384,       1.346880564,      0.6100993984,         2.3800145,      -4.064853831,      -1.695828111,      -1.916107282,       1.368999228,     0.01455909283,       2.183648786
          0,         402,           0,       -4.07187512,      -1.637518246,      -1.734400945,       1.343937438,      0.6094338033,       2.378115714,      -4.069739609,      -1.694413981,      -1.920407623,       1.363111177,     0.01786905275,       2.184511288
          0,         403,           0,      -4.074893313,      -1.637953431,      -1.736991349,       1.341395552,      0.6087506954,       2.375988153,      -4.074410911,      -1.692980682,      -1.925395398,       1.357529171,     0.02181268754,       2.185141828
          0,         404,           0,      -4.077573202,      -1.638069628,      -1.739057561,        1.33918525,      0.6080517556,       2.373633751,      -4.078832056,      -1.691623998,      -1.930874924,        1.35230577,     0.02561708845,       2.185537024
          0,         405,           0,      -4.079964726,      -1.637927228,      -1.740675521,       1.337248372,      0.6073391649,       2.371096443,      -4.082972153,      -1.690450816,       -1.93664562,       1.347487184,     0.02928335176,       2.185703271
          0,         406,           0,      -4.082115402,      -1.637578979,      -1.741888524,       1.335530785,      0.6066630101,       2.368409094,        -4.0868087,      -1.689558877,      -1.942493294,       1.343108403,     0.03279713758,       2.185625958
          0,         407,           0,      -4.084055795,      -1.637070381,      -1.742752436,       1.333995613,      0.6059399814,       2.365544625,      -4.090335259,      -1.689027762,      -1.948197194,       1.339184536,     0.03615506895,       2.185314204
          0,         408,           0,      -4.085076988,      -1.635721184,      -1.742586254,       1.333385218,      0.6052543964,       2.362558717,      -4.093554938,      -1.688910835,      -1.953539779,       1.335716409,     0.03935949027,       2.184777584
          0,         409,           0,      -4.085688089,      -1.634022038,      -1.741888438,       1.333163205,      0.6045317247,       2.359475365,      -4.096487931,      -1.689235529,      -1.958318751,       1.332681208,     0.04241677414,       2.184027262
          0,         410,           0,      -4.086323858,      -1.632391158,        -1.7410942,       1.332874558,      0.6038215567,       2.356303742,      -4.099171136,      -1.690001132,      -1.962359184,       1.330033113,     0.04533253993,       2.183054657
          0,         411,           0,      -4.086973064,      -1.630829269,      -1.740216936,       1.332530611,      0.6031179871,       2.352944763,      -4.101659904,      -1.691177212,      -1.965524895,        1.32770307,     0.04811603484,       2.181873143
          0,         412,           0,      -4.087628462,      -1.629336113,      -1.739262962,       1.332141103,       0.602436059,       2.349563622,      -4.104018682,      -1.692704444,      -1.967729539,       1.325608209,     0.05078332342,       2.180496673
          0,         413,           0,      -4.088284234,      -1.627911907,      -1.738240444,       1.331715137,      0.6018034302,       2.346048434,       -4.10631899,      -1.694494966,      -1.968942727,       1.323656245,     0.05334514376,       2.178934487
          0,         414,           0,      -4.088934824,      -1.626555474,      -1.737161449,       1.331262139,      0.6011834565,       2.342072522,      -4.108634994,      -1.696439424,      -1.969191026,       1.321750964,     0.05581335274,       2.177200148
          0,         415,           0,      -4.089573324,       -1.62526281,      -1.736035768,       1.330793104,      0.6005994519,       2.337929762,      -4.111039168,      -1.698411707,      -1.968552018,       1.319798439,     0.05819893651,        2.17530563
          0,         416,           0,      -4.090192817,      -1.624034015,      -1.734877684,       1.330318666,      0.6000630201,       2.333754396,      -4.113598241,       -1.70027777,      -1.967145648,       1.317712002,     0.06051224596,       2.173267971
          0,         417,           0,      -4.090788234,      -1.622863693,      -1.733702998,       1.329849436,       0.599591167,       2.329473669,      -4.116369583,      -1.701905309,      -1.965117701,       1.315417027,     0.06275905576,       2.171097967
          0,         418,           0,      -4.091352391,       -1.62175272,       -1.73252267,       1.329396658,      0.5991708507,       2.325179782,      -4.119398658,       -1.70317143,      -1.962624954,       1.312854038,     0.06494960927,       2.168808732
          0,         419,           0,      -4.091878122,      -1.620694338,      -1.731350433,       1.328971438,      0.5988029955,       2.320886234,      -4.122717118,      -1.703976182,      -1.959820047,       1.309980849,     0.06709436881,       2.166408881
          0,         420,           0,       -4.09235731,      -1.619683344,      -1.730194306,       1.328585119,       0.598515181,        2.31650256,      -4.126341564,      -1.704250046,      -1.956840154,       1.306773807,     0.06920104877,       2.163905758
          0,         421,           0,      -4.092783148,      -1.618715783,      -1.729076579,       1.328248753,       0.598298351,       2.312107466,      -4.130272793,      -1.703960682,      -1.953800192,        1.30322831,     0.07127751113,       2.161305288
          0,         422,           0,      -4.093149918,      -1.617792165,      -1.728012273,        1.32797215,      0.5981824487,       2.307697709,      -4.134495841,      -1.703115061,      -1.950789471,        1.29935835,     0.07333141253,       2.158612421
          0,         423,           0,      -4.093451637,      -1.616909007,      -1.727013351,       1.327764921,      0.5981068436,       2.303291443,      -4.138980521,      -1.701758243,      -1.947872343,       1.295195604,     0.07536757379,       2.155830983
          0,         424,           0,      -4.093683654,      -1.616062271,      -1.726099177,       1.327635557,      0.5979747221,       2.298895861,      -4.143682826,      -1.699966617,      -1.945093329,       1.290787508,     0.07739089843,       2.152964191
          0,         425,           0,       -4.09384156,       -1.61524634,      -1.725282792,       1.327592034,      0.5979503652,       2.294518409,       -4.14854705,      -1.697839646,       -1.94247862,       1.286194304,     0.07940456138,       2.150014708
          0,         426,           0,      -4.093922186,      -1.614460741,      -1.724575322,       1.327640649,      0.5980466421,       2.290169255,      -4.153509429,      -1.695486696,       -1.94004639,       1.281484654,      0.0814108961,       2.146984934
          0,         427,           0,      -4.093923209,      -1.613703498,      -1.723990533,       1.327787069,       0.598269758,       2.285856055,       -4.15850193,      -1.693019401,      -1.937807594,       1.276731202,     0.08341225715,       2.143877149
          0,         428,           0,      -4.093843627,      -1.612975703,       -1.72354078,       1.328035252,      0.5986501229,       2.281575987,      -4.163456959,      -1.690539592,      -1.935771146,       1.272005037,     0.08540889749,       2.140693721
          0,         429,           0,      -4.093681756,      -1.612273766,      -1.723236171,         1.3283895,       0.599166866,       2.277338194,      -4.168312145,       -1.68813427,      -1.933946131,       1.267370322,     0.08740804525,       2.137419266
          0,         430,           0,        -4.0934384,      -1.611594139,      -1.723087367,       1.328850951,      0.5998058684,       2.273130785,      -4.173014949,      -1.685869853,      -1.932340028,       1.262879393,     0.08940447099,       2.134060246
          0,         431,           0,      -4.093114629,      -1.610936247,      -1.723106925,       1.329420036,      0.6005696016,       2.268966995,      -4.177525858,      -1.683791753,      -1.930957792,       1.258569467,     0.09139217546,       2.130622305
          0,         432,           0,      -4.092712659,        -1.6103009,      -1.723299123,       1.330096028,      0.6014622456,       2.264847499,      -4.181819876,      -1.681926268,      -1.929799697,       1.254461521,     0.09336490924,       2.127110543
          0,         433,           0,       -4.09223519,      -1.609688422,      -1.723669531,       1.330877316,      0.6025012535,       2.260765904,      -4.185885899,      -1.680283313,        -1.9288593,       1.250561674,     0.09531321888,       2.123529455
          0,         434,           0,      -4.091686214,      -1.609097678,      -1.724224086,        1.33176071,      0.6036980499,       2.256695598,      -4.189724412,      -1.678863562,      -1.928120199,       1.246864527,     0.09722991255,       2.119883258
          0,         435,           0,      -4.091070586,      -1.608529555,        -1.7249656,       1.332741504,      0.6050197896,       2.252696578,      -4.193342819,      -1.677662676,      -1.927557838,       1.243359071,     0.09910654659,       2.116175253
          0,         436,           0,      -4.090390212,      -1.607984579,      -1.725892595,       1.333816681,       0.606480128,       2.248730438,      -4.196750221,      -1.676676906,      -1.927141227,       1.240034752,      0.1009339974,       2.112408223
          0,         437,           0,      -4.089650947,      -1.607469949,      -1.727010543,       1.334979316,      0.6080790728,       2.244793351,      -4.199951856,      -1.675906611,      -1.926834934,       1.236888439,      0.1027032693,       2.108584378
          0,         438,           0,      -4.088859739,      -1.606980415,      -1.728321816,       1.336222021,      0.6098100892,       2.240920054,      -4.202944344,      -1.675359829,      -1.926603829,       1.233929573,      0.1044056809,       2.104705285
          0,         439,           0,      -4.088022989,      -1.606522292,      -1.729822086,       1.337536262,      0.6116377913,       2.237111195,      -4.205712517,      -1.675052888,      -1.926417912,       1.231183544,      0.1060327318,       2.100772349
          0,         440,           0,      -4.087147385,      -1.606079028,       -1.73151641,       1.338914203,      0.6128944594,       2.233363724,      -4.208228274,      -1.675008519,      -1.926260211,       1.228692264,      0.1075759953,       2.096785012
          0,         441,           0,      -4.086240014,      -1.605662405,      -1.733396759,       1.340347047,      0.6141702355,       2.229664401,      -4.210452781,      -1.675251608,      -1.926126295,       1.226511209,      0.1090279313,       2.092742333
          0,         442,           0,      -4.085308755,      -1.605271617,      -1.735459614,       1.341825086,      0.6155584826,       2.226002775,      -4.212339916,      -1.675805957,      -1.926031039,       1.224704162,      0.1103813269,        2.08864276
          0,         443,           0,      -4.084361422,      -1.604904733,      -1.737697604,       1.343338342,       0.617050369,       2.222373351,      -4.213842263,      -1.676691623,      -1.926005872,        1.22333543,      0.1116312052,       2.084484297
          0,         444,           0,      -4.083406223,      -1.604561193,      -1.740101495,       1.344876415,      0.6186289034,       2.218780063,      -4.214917635,      -1.677916552,      -1.926103999,       1.222460956,      0.1127721413,       2.080264165
          0,         445,           0,      -4.082452806,      -1.604241881,      -1.742667639,       1.346427616,      0.6202913962,       2.215220229,      -4.215536522,       -1.67947666,      -1.926386218,       1.222119588,      0.1138007824,       2.075979309
          0,         446,           0,      -4.081507657,      -1.603943846,      -1.745379023,       1.347982385,      0.6220238857,       2.211717996,      -4.215687472,       -1.68135059,      -1.926923498,       1.222325802,       0.114714472,        2.07162702
          0,         447,           0,      -4.080578765,      -1.603665963,      -1.748221807,       1.349529202,      0.6238279032,       2.208205979,      -4.215380954,      -1.683499314,      -1.927788061,       1.223065329,      0.1155107268,       2.067204746
          0,         448,           0,      -4.079673631,      -1.603405719,      -1.751181001,       1.351057476,      0.6258198118,       2.204696482,      -4.214650545,      -1.685867734,      -1.929047749,       1.224294425,      0.1161885454,       2.062709554
          0,         449,           0,      -4.078800291,      -1.603158865,      -1.754239853,       1.352555821,      0.6277509105,       2.201228652,      -4.213550497,       -1.68838579,      -1.930755675,        1.22594345,      0.1167359209,       2.058137896
          0,         450,           0,      -4.077966484,       -1.60292371,      -1.757379586,       1.354013312,      0.6297322059,       2.197657647,      -4.212151907,      -1.690972723,      -1.932952442,       1.227922616,      0.1171648587,       2.053486597
          0,         451,           0,      -4.077178975,      -1.602697381,      -1.760580226,       1.355419802,      0.6317566633,       2.193995594,      -4.210536332,      -1.693542457,      -1.935654481,       1.230130334,      0.1174759958,       2.048753006
          0,         452,           0,      -4.076444237,      -1.602477091,       -1.76382033,       1.356765369,      0.6338194609,       2.190332526,      -4.208788701,      -1.696009789,       -1.93885525,       1.232462387,      0.1176704514,       2.043934184
          0,         453,           0,      -4.075768112,       -1.60226159,      -1.767079077,        1.35804069,      0.6359149354,       2.186636124,      -4.206990519,      -1.698297653,      -1.942521734,       1.234820336,      0.1177565665,       2.039028882
          0,         454,           0,      -4.075155506,      -1.602048453,      -1.770331995,       1.359237213,      0.6380225939,       2.182896742,      -4.205214087,      -1.700343317,      -1.946596009,       1.237118461,      0.1177398526,        2.03403594
          0,         455,           0,      -4.074611209,      -1.601832411,      -1.773560023,       1.360346756,      0.6397512502,       2.179064791,       -4.20351817,      -1.702101535,      -1.950998978,       1.239288865,      0.1176258492,        2.02895558
          0,         456,           0,      -4.074137136,      -1.601606264,      -1.776737344,       1.361363686,      0.6414699308,        2.17511755,       -4.20194412,      -1.703546661,      -1.955631371,       1.241285345,      0.1174032644,       2.023816974
          0,         457,           0,      -4.073735361,      -1.601364494,      -1.779842217,       1.362282329,        0.64285923,       2.171116706,       -4.20051514,      -1.704676643,      -1.960377794,       1.243083851,      0.1170482941,       2.018669603
          0,         458,           0,      -4.073407867,       -1.60111717,      -1.782850669,       1.363097717,      0.6442223609,       2.167049971,      -4.199238824,      -1.705510666,       -1.96511423,       1.244679503,      0.1165721302,       2.013506454
          0,         459,           0,      -4.073156681,      -1.600865234,      -1.785743263,       1.363805539,      0.6455678024,       2.163000064,      -4.198108396,      -1.706087484,      -1.969714182,       1.246084562,      0.1159861869,       2.008322571
          0,         460,           0,      -4.072981858,      -1.600612026,      -1.788505109,       1.364404035,      0.6466705159,       2.158828493,      -4.197105676,      -1.706457838,      -1.974053073,        1.24732478,      0.1153018796,       2.003115754
          0,         461,           0,      -4.072882824,      -1.600352987,      -1.791121559,       1.364892374,      0.6473025386,       2.154591399,      -4.196203929,      -1.706675394,      -1.978008228,       1.248436153,      0.1145306115,       1.997887045
          0,         462,           0,      -4.072858725,      -1.600094387,      -1.793573153,       1.365270638,      0.6479220031,       2.150332153,      -4.195372117,      -1.706810807,      -1.981486077,       1.249458061,      0.1135740078,       1.992642679
          0,         463,           0,      -4.072907385,      -1.599840462,      -1.795849494,       1.365540017,      0.6485090271,       2.146036153,       -4.19457786,      -1.706919201,      -1.984395829,       1.250432379,      0.1125310469,        1.98738783
          0,         464,           0,      -4.073026539,      -1.599599507,      -1.797942016,       1.365702654,      0.6490448996,         2.1417155,      -4.193791236,      -1.707054465,      -1.986670742,       1.251397065,      0.1114435159,       1.982129856
          0,         465,           0,      -4.073213385,      -1.599369155,      -1.799848345,       1.365761796,      0.6493518131,       2.152036653,      -4.192987029,      -1.707261803,      -1.988264907,       1.252383644,      0.1103226329,         1.9768792
          0,         466,           0,      -4.073464208,       -1.59914009,      -1.801554146,       1.365722389,      0.6504208474,       2.145092763,      -4.192145744,      -1.707575794,       -1.98915062,       1.253415754,      0.1091484573,       1.971698341
          0,         467,           0,      -4.073775377,      -1.598931924,      -1.803073294,       1.365589778,      0.6514332616,       2.138782725,      -4.191257798,      -1.708017537,      -1.989320784,       1.254504851,      0.1079421993,       1.966599169
          0,         468,           0,      -4.074142181,      -1.598748402,      -1.804413925,       1.365370271,       0.652599609,        2.13299809,      -4.190322747,      -1.708595095,      -1.988783634,       1.255650775,      0.1067217957,       1.961587462
          0,         469,           0,       -4.07456036,      -1.598592146,      -1.805585127,       1.365070622,      0.6533759628,       2.127597533,      -4.189349023,      -1.709304432,      -1.987561727,       1.256842167,      0.1055021819,       1.956675528
          0,         470,           0,       -4.07502499,      -1.598464917,      -1.806600012,       1.364699238,      0.6540445365,        2.12251962,      -4.188352777,      -1.710130491,      -1.985688896,        1.25805789,      0.1042956522,        1.95188101
          0,         471,           0,      -4.075530621,      -1.598366362,      -1.807471207,       1.364264776,      0.6546046519,       2.117718186,      -4.187357109,      -1.711048641,      -1.983207034,       1.259268165,      0.1031151603,        1.94722667
          0,         472,           0,      -4.076072726,      -1.598306499,      -1.808216175,        1.36377546,      0.6550705054,       2.113189357,      -4.186389868,      -1.712023166,      -1.980162549,       1.260436587,      0.1019723963,       1.942739072
          0,         473,           0,      -4.076645041,      -1.598276688,      -1.808847876,       1.363241456,       0.655449138,       2.108952822,      -4.185481843,       -1.71301465,      -1.976606379,       1.261523279,      0.1008777637,       1.938447329
          0,         474,           0,      -4.077242442,      -1.598276957,      -1.809384822,       1.362671882,      0.6557478885,        2.10500397,       -4.18466511,      -1.713983602,      -1.972590537,       1.262486909,     0.09984075702,       1.934381598
          0,         475,           0,      -4.077859498,      -1.598304599,      -1.809847382,       1.362076525,      0.6557502628,       2.101376059,       -4.18397048,      -1.714889826,      -1.968167175,       1.263287572,     0.09887077671,       1.930574731
          0,         476,           0,      -4.078491532,      -1.598359587,      -1.810251083,       1.361464524,       0.655556109,       2.098093015,      -4.183425082,      -1.715693865,      -1.963386872,       1.263889962,     0.09797775586,       1.927062231
          0,         477,           0,      -4.079133877,      -1.598441872,      -1.810610817,       1.360844686,      0.6553359828,       2.095198372,      -4.183052595,      -1.716368597,      -1.958303603,        1.26426222,     0.09717155936,        1.92387859
          0,         478,           0,      -4.079782072,      -1.598548521,      -1.810943245,       1.360225643,      0.6551032871,       2.092733044,      -4.182871829,      -1.716887588,      -1.952963101,       1.264379591,     0.09646353345,       1.921057519
          0,         479,           0,      -4.080431824,      -1.598679264,      -1.811267244,        1.35961561,        0.65488821,       2.090715211,        -4.1828952,       -1.71723435,      -1.947413623,       1.264224632,     0.09586805921,       1.918630924
          0,         480,           0,      -4.081077505,      -1.598850885,      -1.811597061,       1.359023842,      0.6547635949,       2.089200191,      -4.183129234,      -1.717400094,       -1.94170466,        1.26378727,     0.09540637893,       1.916628901
          0,         481,           0,      -4.081718073,      -1.599040263,      -1.811946488,       1.358455472,      0.6550096749,       2.088380391,      -4.183575103,      -1.717382183,      -1.935885831,       1.263064245,     0.09511418369,       1.915077631
          0,         482,           0,       -4.08235081,      -1.599243014,      -1.812327157,       1.357916679,      0.6566303249,       2.088889812,      -4.184229278,       -1.71718194,      -1.930009292,       1.262058511,     0.09506001456,       1.913997928
          0,         483,           0,      -4.082973038,      -1.599454504,      -1.812747736,       1.357413234,       0.663700425,       2.092994512,      -4.185083343,      -1.716804138,      -1.924128787,       1.260779344,     0.09538731797,       1.913387774
          0,         484,           0,      -4.083584274,       -1.59967284,      -1.813214917,        1.35694874,      0.6851032233,       2.101233245,      -4.186124715,      -1.716253449,      -1.918300547,       1.259241529,     0.09643495055,       1.913229103
          0,         485,           0,       -4.08418266,      -1.599891596,      -1.813732833,       1.356527324,      0.6832384926,       2.099891926,      -4.187337731,      -1.715531901,      -1.912582694,       1.257464418,     0.09856045376,       1.913518557
          0,         486,           0,      -4.084764911,      -1.600113157,      -1.814296721,       1.356153062,      0.6858062007,       2.099265534,       -4.18870098,      -1.714650137,      -1.907031051,       1.255473985,      0.1011350902,       1.914321352
          0,         487,           0,      -4.085330706,       -1.60032694,      -1.814901909,       1.355827516,      0.6842679109,       2.099878953,       -4.19018987,      -1.713625663,      -1.901699833,        1.25330128,      0.1053249286,       1.915628535
          0,         488,           0,       -4.08587909,      -1.600532738,      -1.815540522,       1.355552919,      0.6826686729,       2.101597967,      -4.191776667,      -1.712472351,       -1.89663702,       1.250981401,      0.1114533283,       1.917453123
          0,         489,           0,      -4.086408908,      -1.600728273,      -1.816213007,       1.355330087,      0.6820606167,       2.104145464,      -4.193430987,      -1.711202727,      -1.891886717,       1.248553446,      0.1193996319,       1.919802352
          0,         490,           0,      -4.086919277,      -1.600909012,      -1.816910475,       1.355159595,      0.6820480551,       2.107388717,      -4.195120859,      -1.709836258,      -1.887484157,       1.246060324,      0.1288513305,       1.922675567
          0,         491,           0,      -4.087409241,      -1.601070308,      -1.817621578,       1.355041557,      0.6825063981,       2.111332824,      -4.196812614,      -1.708394068,      -1.883455759,       1.243548311,      0.1393558688,       1.926063136
          0,         492,           0,      -4.087878329,      -1.601210535,      -1.818333899,       1.354975127,      0.6832167753,       2.115927357,      -4.198472238,      -1.706899051,      -1.879820727,        1.24106578,      0.1504133377,        1.92994948
          0,         493,           0,      -4.088326459,      -1.601329025,      -1.819034725,       1.354958696,      0.6840095567,       2.120749991,      -4.200066853,      -1.705373462,      -1.876591941,       1.238661423,      0.1615553628,       1.934313015
          0,         494,           0,      -4.088752769,      -1.601425899,      -1.819709272,       1.354990136,      0.6848024228,       2.126860514,       -4.20156474,      -1.703839562,      -1.873770704,       1.236383947,      0.1724089033,        1.93913056
          0,         495,           0,      -4.089157137,      -1.601508898,      -1.820341022,       1.355067543,      0.6854982802,       2.134105131,      -4.202936477,      -1.702317654,      -1.871353987,       1.234280256,      0.1826721471,        1.94437213
          0,         496,           0,      -4.089538418,      -1.601567856,      -1.820911785,       1.355189355,      0.6859620464,       2.142084184,      -4.204155232,      -1.700828292,      -1.869333119,       1.232394456,      0.1921607353,       1.950009261
          0,         497,           0,       -4.08989602,      -1.601597962,      -1.821402542,       1.355352757,      0.6866287778,       2.148283092,      -4.205199123,      -1.699384362,      -1.867691901,       1.230765298,      0.2007689668,       1.956005515
          0,         498,           0,      -4.090229325,      -1.601594531,      -1.821799621,       1.355554662,      0.6865354397,       2.154988665,      -4.206052207,       -1.69799439,      -1.866411501,       1.229423546,      0.2084554813,       1.962322971
          0,         499,           0,      -4.090537895,      -1.601561327,      -1.822086756,       1.355791553,      0.6862921884,       2.162074058,      -4.206705399,      -1.696662717,      -1.865467878,       1.228390262,      0.2152224507,       1.968926726
          0,         500,           0,      -4.090820967,      -1.601495644,      -1.822250754,       1.356060012,      0.6859141375,       2.169435021,      -4.207156449,      -1.695386204,      -1.864835153,       1.227676481,      0.2211048102,       1.975775068
          0,         501,           0,      -4.091077583,      -1.601395598,      -1.822279832,       1.356356516,      0.6853837606,       2.176987692,      -4.207410415,      -1.694155826,      -1.864484497,       1.227281989,       0.226158892,       1.982832687
          0,         502,           0,      -4.091307389,      -1.601261615,      -1.822161381,       1.356677099,      0.6847627638,        2.18465748,      -4.207482398,      -1.692958549,      -1.864381792,        1.22719237,      0.2304525685,        1.99006016
          0,         503,           0,      -4.091509359,      -1.601091435,      -1.821883618,       1.357018325,      0.6840308524,       2.192384231,      -4.207394708,      -1.691775698,      -1.864486266,       1.227381134,      0.2340593412,       1.997419734
          0,         504,           0,       -4.09168252,      -1.600886978,      -1.821436705,       1.357376693,      0.6831127559,       2.200104765,      -4.207176885,      -1.690584572,      -1.864752116,       1.227810149,      0.2370542454,       2.004876937
          0,         505,           0,      -4.091826722,      -1.600639773,      -1.820817724,       1.357748345,      0.6821907921,       2.207770211,      -4.206864639,      -1.689364385,      -1.865132574,       1.228432075,      0.2395074249,        2.01239982
          0,         506,           0,      -4.091941264,       -1.60034854,      -1.820023896,       1.358129708,      0.6812886719,        2.21533558,      -4.206499145,      -1.688083468,      -1.865576209,       1.229189199,       0.241487502,        2.01995167
          0,         507,           0,      -4.092025572,      -1.600009352,       -1.81905562,       1.358517551,       0.680415269,       2.222814399,      -4.206123765,      -1.686717636,      -1.866020856,        1.23002049,      0.2430607497,       2.027503519
          0,         508,           0,       -4.09207915,      -1.599627339,      -1.817913048,       1.358908778,      0.6800487195,        2.23006281,      -4.205783534,      -1.685241809,      -1.866399677,       1.230861681,      0.2442955769,        2.03501844
          0,         509,           0,      -4.092100914,      -1.599193887,      -1.816601145,       1.359300938,      0.6790562325,       2.237102948,      -4.205523872,      -1.683632633,      -1.866644905,       1.231647865,      0.2452472781,       2.042462631
          0,         510,           0,      -4.092090416,      -1.598705127,      -1.815130492,       1.359691641,      0.6781734849,       2.243884799,      -4.205388434,      -1.681870351,      -1.866696652,       1.232316657,      0.2459664532,       2.049804532
          0,         511,           0,      -4.092047218,      -1.598157154,      -1.813510413,        1.36007884,      0.6774047488,        2.25038453,      -4.205414157,      -1.679941062,      -1.866494976,       1.232813229,      0.2464981053,       2.057016906
          0,         512,           0,      -4.091970052,      -1.597545361,      -1.811751709,       1.360461465,      0.6767568495,        2.25657224,      -4.205632416,      -1.677832725,       -1.86598643,       1.233090816,      0.2468841589,       2.064077986
          0,         513,           0,      -4.091857719,      -1.596869345,      -1.809867738,       1.360838744,      0.6762330938,       2.262441038,       -4.20607092,      -1.675539379,      -1.865127698,       1.233107823,      0.2471626662,       2.070956604
          0,         514,           0,      -4.091709495,      -1.596132252,      -1.807874131,       1.361210324,      0.6758370094,       2.267963936,      -4.206742244,      -1.673058136,      -1.863886278,       1.232841164,      0.2473708394,       2.077639142
          0,         515,           0,      -4.091523735,      -1.595327866,      -1.805786624,       1.361576836,      0.6760083694,       2.273058867,      -4.207654508,       -1.67039669,      -1.862239853,       1.232275085,      0.2475331999,       2.084098288
          0,         516,           0,      -4.091298944,      -1.594452931,      -1.803620445,       1.361939249,      0.6758207902,       2.277854785,      -4.208806332,         -1.667568,      -1.860179032,       1.231405606,      0.2476755674,       2.090316058
          0,         517,           0,      -4.091033321,      -1.593511375,       -1.80139135,       1.362299328,      0.6757013435,       2.282251138,      -4.210188069,      -1.664587555,      -1.857709422,       1.230239719,      0.2477895022,       2.096273677
          0,         518,           0,      -4.090724948,      -1.592501846,      -1.799116818,       1.362659452,      0.6757068985,       2.286213752,      -4.211783933,      -1.661473097,      -1.854848499,       1.228793407,      0.2479269955,       2.101952279
          0,         519,           0,      -4.090374866,      -1.591465114,      -1.796811669,       1.363020645,      0.6756853694,        2.28971068,      -4.213572293,      -1.658243056,      -1.851620712,       1.227090789,      0.2481247569,       2.107334981
          0,         520,           0,       -4.08998092,      -1.590374772,      -1.794495965,       1.363386121,       0.675726911,        2.29271988,      -4.215530341,       -1.65491829,      -1.848065498,       1.225159122,       0.248384457,       2.112405878
          0,         521,           0,      -4.089540696,      -1.589213724,      -1.792184454,       1.363759687,      0.6759112263,       2.295220696,      -4.217632732,      -1.651519523,      -1.844216388,        1.22302921,      0.2487164863,       2.117150717
          0,         522,           0,      -4.089052634,      -1.587982875,      -1.789892158,        1.36414486,       0.676228858,       2.297190273,      -4.219854285,      -1.648056642,       -1.84011201,       1.220733162,      0.2491300256,       2.121558793
          0,         523,           0,      -4.088515356,      -1.586688404,      -1.787632593,       1.364545323,      0.6766698006,       2.298609806,      -4.222172475,      -1.644571646,      -1.835796301,       1.218300391,      0.2496358525,       2.125622031
          0,         524,           0,       -4.08793153,      -1.585358043,      -1.785419231,       1.364962971,      0.6777710528,       2.299461601,      -4.224567642,      -1.641061049,      -1.831306624,       1.215757507,      0.2502437282,       2.129334459
          0,         525,           0,      -4.087298744,      -1.583978279,      -1.783262211,       1.365401991,      0.6781869614,       2.299735533,      -4.227021695,      -1.637538243,      -1.826676591,       1.213129399,      0.2509596893,       2.132693739
          0,         526,           0,      -4.086614361,      -1.582535338,      -1.781170239,       1.365867254,      0.6787330068,       2.299422986,      -4.229518054,      -1.634001247,      -1.821959825,       1.210438819,       0.251786291,       2.135701855
          0,         527,           0,      -4.085878602,      -1.581030439,      -1.779150712,       1.366361769,      0.6794150776,        2.29852146,      -4.232046937,      -1.630494397,      -1.817181891,       1.207700053,      0.2527161788,       2.138364989
          0,         528,           0,      -4.085091987,       -1.57946622,      -1.777209296,       1.366888186,      0.6802209981,       2.297033298,      -4.234594381,      -1.627013975,      -1.812355467,       1.204930421,      0.2537750415,       2.140692349
          0,         529,           0,      -4.084251447,      -1.577862517,      -1.775349556,       1.367450355,      0.6811371488,       2.294967881,       -4.23714737,      -1.623561605,      -1.807514766,       1.202145047,      0.2549574188,         2.1425968
          0,         530,           0,      -4.083362912,      -1.576209363,      -1.773575031,       1.368048286,      0.6821506462,       2.292328502,      -4.239689087,      -1.620143968,      -1.802685516,       1.199361126,      0.2562647776,       2.144095085
          0,         531,           0,      -4.082429494,      -1.574509681,       -1.77188685,       1.368682387,      0.6832573554,       2.289125601,      -4.242198242,      -1.616768199,      -1.797898584,       1.196598431,      0.2576971173,       2.145218789
          0,         532,           0,      -4.081453648,       -1.57276447,      -1.770286312,       1.369353209,      0.6844417422,       2.285411074,      -4.244654448,      -1.613441941,      -1.793179492,       1.193875546,      0.2592542176,       2.145996726
          0,         533,           0,      -4.080438681,      -1.570974093,      -1.768766746,       1.370060035,      0.6857011811,       2.281210967,       -4.24702873,      -1.610170958,      -1.788548384,       1.191217173,      0.2609415887,       2.146468519
          0,         534,           0,      -4.079389611,      -1.569142932,      -1.767323539,       1.370800722,      0.6870347804,       2.276544623,      -4.249288511,       -1.60696305,       -1.78402961,       1.188650068,      0.2627594503,        2.14668017
          0,         535,           0,      -4.078311746,      -1.567277648,      -1.765952343,       1.371572595,      0.6884370686,       2.271440233,      -4.251399416,      -1.603824153,      -1.779646427,        1.18620118,      0.2647051599,       2.146586012
          0,         536,           0,      -4.077210651,      -1.565373577,      -1.764643122,       1.372372298,      0.6899030137,       2.265935099,      -4.253322758,      -1.600754816,      -1.775419169,       1.183901246,      0.2667800555,       2.146313671
          0,         537,           0,      -4.076093763,      -1.563434183,      -1.763385606,       1.373194925,      0.6914467145,       2.260071082,      -4.255018314,       -1.59774992,       -1.77136604,       1.181782353,      0.2689850062,       2.146082838
          0,         538,           0,      -4.074966475,      -1.561493838,      -1.762174181,       1.374036429,       0.692879484,       2.253915889,      -4.256450701,      -1.594840534,      -1.767502388,       1.179871136,      0.2713120183,       2.145965062
          0,         539,           0,      -4.073834996,       -1.55951221,      -1.760993563,       1.374891475,      0.6943787093,       2.247530278,      -4.257583917,      -1.592010932,      -1.763838857,       1.178194481,      0.2737550495,       2.146043835
          0,         540,           0,      -4.072706991,      -1.557496087,      -1.759833114,       1.375753814,      0.6959369242,       2.241009245,      -4.258389142,      -1.589294837,      -1.760400922,       1.176774033,      0.2763102182,       2.146417273
          0,         541,           0,      -4.071589503,      -1.555449833,      -1.758680127,       1.376617213,      0.6975526755,       2.234444414,      -4.258844663,      -1.586621881,      -1.757182852,       1.175623862,      0.2789519793,       2.147196786
          0,         542,           0,      -4.070488052,      -1.553369926,      -1.757516091,       1.377476002,      0.6992341069,       2.227939316,      -4.258932359,      -1.584018982,      -1.754186191,       1.174758671,      0.2816615409,       2.148508629
          0,         543,           0,      -4.069409152,      -1.551253197,       -1.75632909,       1.378323774,      0.7009694888,        2.22160129,      -4.258641845,       -1.58148241,      -1.751405883,       1.174186945,      0.2844632635,       2.150495157
          0,         544,           0,      -4.068359287,      -1.549102955,      -1.755106194,       1.379153823,      0.7027552813,       2.215547169,      -4.257972007,      -1.579010027,      -1.748834351,        1.17391075,      0.2873497805,       2.153312526
          0,         545,           0,      -4.067343567,      -1.546917302,      -1.753833735,       1.379960052,        0.70459189,         2.2099118,      -4.256930439,      -1.576598758,      -1.746462036,       1.173926201,      0.2903104513,        2.15713068
          0,         546,           0,      -4.066366433,      -1.544695193,       -1.75249779,       1.380736789,      0.7064774007,       2.204822935,      -4.255529156,      -1.574247468,      -1.744274695,       1.174227445,      0.2933196711,       2.162132118
          0,         547,           0,      -4.065432946,       -1.54244385,      -1.751092714,       1.381477992,      0.7089215778,       2.200427248,      -4.253793278,       -1.57196076,      -1.742260283,       1.174800494,      0.2963948242,       2.168511643
          0,         548,           0,      -4.064545437,      -1.540159572,      -1.749602749,       1.382179249,      0.7107923595,        2.19689852,       -4.25174927,      -1.569737274,      -1.740398724,       1.175629501,      0.2995286384,        2.17647407
          0,         549,           0,       -4.06370844,      -1.537852535,      -1.748017955,       1.382834269,      0.7127366903,       2.194419632,      -4.249427491,      -1.567569464,      -1.738661262,       1.176694985,      0.3027038196,       2.186232507
          0,         550,           0,       -4.06289145,      -1.535585521,      -1.746326017,       1.383463298,      0.7147482694,       2.192921123,      -4.246900025,       -1.56545402,      -1.737030515,       1.177942051,      0.3059545296,       2.197386328
          0,         551,           0,      -4.062098076,      -1.533333753,      -1.744511372,       1.384062203,      0.7168143887,       2.192603554,      -4.244237735,      -1.563389983,      -1.735491477,       1.179316282,      0.3092835103,        2.20961637
          0,         552,           0,       -4.06135527,      -1.531029852,      -1.742564402,        1.38460872,      0.7189432041,       2.193511424,      -4.241481011,      -1.561367305,      -1.734025938,        1.18079051,      0.3126964158,       2.223109004
          0,         553,           0,      -4.060662751,      -1.528684191,      -1.740481421,       1.385100338,      0.7211416004,       2.195695805,      -4.238670014,      -1.559385097,      -1.732620612,       1.182335236,      0.3161598268,       2.238010504
          0,         554,           0,      -4.060015125,       -1.52629533,      -1.738258125,       1.385537922,      0.7233996834,       2.199206659,      -4.235847838,      -1.557444774,      -1.731265432,       1.183915376,      0.3196872565,       2.254448309
          0,         555,           0,      -4.059405038,      -1.523867223,      -1.735893196,       1.385924401,        0.72571484,       2.204092331,      -4.233054425,       -1.55553425,      -1.729939092,       1.185496063,      0.3232973457,       2.272533687
          0,         556,           0,      -4.058822273,      -1.521401362,      -1.733381999,       1.386264131,      0.7280957739,       2.210402975,      -4.230327632,      -1.553645439,      -1.728630915,       1.187041428,      0.3269888184,       2.292373193
          0,         557,           0,      -4.058256789,      -1.518898407,      -1.730723527,       1.386561092,      0.7305441725,       2.217885628,      -4.227704183,       -1.55177773,      -1.727331311,       1.188512155,      0.3307682585,       2.314055154
          0,         558,           0,      -4.057892481,      -1.516677431,      -1.727983217,       1.386673474,      0.7330007776,       2.226687257,      -4.225391464,      -1.549923306,      -1.726061161,       1.189761668,      0.3344644846,       2.335048609
          0,         559,           0,      -4.057730882,      -1.514524884,      -1.725145498,       1.386626046,      0.7354346315,        2.23694836,      -4.223414246,      -1.548069952,      -1.724817125,       1.190762054,      0.3379601143,       2.353625708
          0,         560,           0,      -4.057722641,      -1.512233187,      -1.722206474,       1.386484396,      0.7379020724,       2.249107542,        -4.2218365,      -1.546210163,      -1.723604571,       1.191448838,      0.3412217183,       2.369378402
          0,         561,           0,      -4.057882743,      -1.509845241,      -1.719196642,       1.386240067,      0.7403716352,        2.26164667,        -4.2205083,      -1.544334043,      -1.722393137,       1.191898591,       0.344207186,       2.381845574
          0,         562,           0,      -4.058183256,      -1.507391637,      -1.716182117,       1.385889933,      0.7426991096,       2.269818337,      -4.219460554,      -1.542434971,      -1.721169477,       1.192062927,        0.34687389,        2.39138037
          0,         563,           0,      -4.058580082,      -1.504896079,      -1.713137431,       1.385457671,      0.7446926612,       2.275402634,      -4.218717984,      -1.540508508,        -1.7199291,       1.191903918,       0.349280696,       2.398462275
          0,         564,           0,      -4.059036193,      -1.502384408,      -1.710060134,       1.384967789,      0.7465900091,       2.283366199,      -4.218296474,      -1.538553679,      -1.718665314,       1.191392469,      0.3516273066,       2.403506302
          0,         565,           0,      -4.059544914,      -1.499848713,      -1.706953686,       1.384425377,      0.7485656213,       2.290513812,      -4.218209909,       -1.53656859,      -1.717372049,       1.190502503,      0.3541111142,       2.406789966
          0,         566,           0,       -4.06010302,      -1.497301598,      -1.703827729,       1.383831504,      0.7505140029,       2.401794654,      -4.218460583,      -1.534574429,      -1.716056811,       1.189223003,        0.35645209,       2.407749197
          0,         567,           0,      -4.060667429,      -1.494720062,      -1.700726686,       1.383218651,      0.7519738881,       2.367503809,      -4.219083678,      -1.532562698,      -1.714598086,       1.187515218,      0.3589565206,       2.399285383
          0,         568,           0,      -4.061304801,      -1.492117103,      -1.697445653,       1.382549658,      0.7539784717,        2.35812992,      -4.220011885,      -1.530543003,      -1.713505886,       1.185406634,      0.3603543902,       2.418617954
          0,         569,           0,      -4.062026192,      -1.489449213,      -1.694263612,       1.381813955,      0.7562067658,       2.354818929,      -4.221225163,        -1.5284994,      -1.712185994,       1.182945815,      0.3615773145,       2.427465242
          0,         570,           0,      -4.062807186,       -1.48674818,      -1.691173884,       1.381029705,      0.7584953701,        2.35591464,      -4.222725888,      -1.526473096,      -1.710718617,       1.180118988,      0.3626390237,       2.429099063
          0,         571,           0,      -4.063626506,      -1.484028603,      -1.688179019,       1.380212816,      0.7607252686,       2.354482584,      -4.224500047,      -1.524461573,      -1.709118504,       1.176933488,      0.3635959449,       2.425543226
          0,         572,           0,      -4.064467207,      -1.481302536,      -1.685264833,       1.379375621,      0.7628908581,       2.352415874,      -4.226521318,       -1.52246342,      -1.707410674,       1.173412227,      0.3644610347,       2.418220871
          0,         573,           0,      -4.065315199,      -1.478569996,      -1.682432105,       1.378528803,      0.7649841491,       2.349263496,      -4.228763256,      -1.520511331,      -1.705594226,       1.169585143,      0.3652392299,       2.408106092
          0,         574,           0,      -4.066158774,      -1.475830767,      -1.679683109,       1.377681593,      0.7670192795,        2.34492048,      -4.231185831,      -1.518596451,      -1.703661014,       1.165497914,      0.3659109232,       2.395905768
          0,         575,           0,       -4.06698826,       -1.47308844,      -1.677024585,       1.376841652,      0.7690067834,       2.339502003,      -4.233746673,      -1.516720196,      -1.701613141,       1.161203696,      0.3664296345,        2.38214871
          0,         576,           0,      -4.067795414,      -1.470336267,      -1.674459022,       1.376015549,      0.7709542689,       2.333177844,      -4.236404995,      -1.514885567,      -1.699444596,       1.156758896,      0.3668220646,       2.367238393
          0,         577,           0,      -4.068571917,      -1.467576626,      -1.671984967,       1.375210278,      0.7728531932,       2.326199464,      -4.239118696,      -1.513098926,      -1.697170716,        1.15222558,      0.3671064482,       2.351211608
          0,         578,           0,      -4.069314486,      -1.464809384,      -1.669605277,       1.374429849,      0.7746560219,       2.318767304,      -4.241843095,      -1.511354271,      -1.694782313,        1.14767083,      0.3672772452,       2.334180441
          0,         579,           0,      -4.070021802,      -1.462033855,      -1.667328043,       1.373675825,      0.7764626134,       2.311042025,      -4.244539188,      -1.509659526,      -1.692278496,        1.14316014,      0.3673394803,       2.316457187
          0,         580,           0,      -4.070691485,      -1.459249381,      -1.665151951,       1.372951012,      0.7782845555,       2.303196351,      -4.247166637,      -1.508010839,      -1.689657678,       1.138764299,      0.3672977076,       2.298325699
          0,         581,           0,      -4.071324479,      -1.456450197,       -1.66308818,       1.372255379,      0.7801006887,        2.29540814,      -4.249691212,      -1.506406169,      -1.686922326,       1.134549878,       0.367151135,       2.280048685
          0,         582,           0,      -4.071920559,      -1.453640152,      -1.661134612,       1.371590299,      0.7818453026,       2.287841627,      -4.252083329,       -1.50485277,      -1.684071439,       1.130581055,      0.3669100824,       2.261874049
          0,         583,           0,      -4.072478769,      -1.450820198,      -1.659294236,       1.370957868,      0.7836409113,       2.280638068,      -4.254312497,      -1.503342569,      -1.681106136,       1.126921592,       0.366581195,       2.244035286
          0,         584,           0,      -4.072999209,      -1.447985574,      -1.657565659,        1.37035889,      0.7854840683,       2.273918095,      -4.256352782,      -1.501865929,       -1.67802192,       1.123628262,      0.3661770582,       2.226751369
          0,         585,           0,      -4.073484021,      -1.445139425,      -1.655951632,       1.369793207,      0.7873831326,       2.267778824,      -4.258182901,       -1.50041363,      -1.674821289,       1.120750509,      0.3656851315,       2.210221853
          0,         586,           0,      -4.073932939,      -1.442278597,      -1.654448011,       1.369261485,      0.7893330861,       2.262288871,      -4.259790289,       -1.49898827,      -1.671513127,       1.118326716,      0.3651183827,       2.194630554
          0,         587,           0,      -4.074348713,      -1.439403301,      -1.653052569,       1.368762333,      0.7913242931,       2.257464636,      -4.261202286,      -1.497577031,      -1.668105454,       1.116366876,      0.3644456457,       2.179776145
          0,         588,           0,      -4.074733373,      -1.436517968,      -1.651763585,       1.368293938,      0.7933346065,       2.253246716,      -4.262362819,      -1.496171311,      -1.664593473,       1.114923013,      0.3636631221,       2.165148988
          0,         589,           0,      -4.075087037,      -1.433632584,       -1.65057849,       1.367856238,      0.7953497149,       2.249592329,      -4.263262704,       -1.49476959,      -1.660990849,       1.114006889,      0.3627762486,       2.150945429
          0,         590,           0,      -4.075410562,      -1.430737591,      -1.649485925,       1.367447625,      0.7974267894,       2.246470822,      -4.263931084,      -1.493356651,      -1.657301095,       1.113603702,       0.361727635,       2.136899763
          0,         591,           0,      -4.075702672,      -1.427841505,      -1.648492268,       1.367067685,      0.7994542126,       2.244001501,      -4.264320124,      -1.491924405,      -1.653516283,       1.113732156,      0.3605750869,       2.122632487
          0,         592,           0,      -4.075966258,      -1.424939978,      -1.647596234,       1.366715205,      0.8015278275,       2.241706115,      -4.264433185,      -1.490464521,      -1.649645949,       1.114371338,      0.3593212813,       2.108462833
          0,         593,           0,      -4.076204343,      -1.422028689,      -1.646784228,       1.366388156,      0.8036463434,       2.239276498,      -4.264280447,      -1.488961423,      -1.645689971,       1.115489437,      0.3579526615,       2.094720249
          0,         594,           0,      -4.076413476,      -1.419105737,      -1.646035213,        1.36608885,      0.8058029857,       2.237086395,      -4.263877572,      -1.487405213,      -1.641651539,       1.117043697,      0.3564907378,       2.081487402
          0,         595,           0,      -4.076602928,      -1.416171806,      -1.645356274,       1.365810878,      0.8080198458,       2.235093567,      -4.263250738,      -1.485788239,      -1.637532361,       1.118981213,      0.3549459671,       2.069627139
          0,         596,           0,      -4.076778961,      -1.413232695,      -1.644741821,       1.365549472,      0.8102568239,       2.233274591,      -4.262419327,      -1.484102806,      -1.633332902,       1.121250176,      0.3533324847,       2.058996584
          0,         597,           0,      -4.076944143,      -1.410292985,      -1.644176518,       1.365301764,      0.8126642872,       2.231603897,      -4.261406238,      -1.482349658,      -1.629056197,       1.123794008,      0.3516654962,        2.04979793
          0,         598,           0,       -4.07710198,      -1.407353893,      -1.643662273,       1.365064689,      0.8149826124,          2.230065,      -4.260239802,      -1.480515836,      -1.624694029,       1.126553892,      0.3499671119,       2.042174764
          0,         599,           0,      -4.077256859,      -1.404419403,      -1.643185626,       1.364834563,      0.8173206532,       2.228642877,      -4.258953067,      -1.478591881,      -1.620239434,       1.129469572,      0.3483710449,       2.036141763
          0,         600,           0,      -4.077414252,      -1.401491352,      -1.642731875,       1.364606017,      0.8196671903,       2.227316196,      -4.257569962,      -1.476573913,      -1.615686959,       1.132488203,      0.3466197867,       2.031684055
          0,         601,           0,      -4.077577733,       -1.39857515,      -1.642295919,       1.364375433,      0.8220209832,       2.226087495,      -4.256118241,      -1.474474946,      -1.611044065,       1.135560421,      0.3448665387,       2.028759878
          0,         602,           0,      -4.077750801,      -1.395674974,      -1.641859787,        1.36413871,      0.8243648913,       2.224944026,      -4.254622343,      -1.472285255,      -1.606301002,       1.138643792,      0.3431214212,       2.027257247
          0,         603,           0,      -4.077932777,      -1.392782401,      -1.641414618,       1.363894685,       0.826707581,       2.223873138,      -4.253105661,      -1.470009472,       -1.60145593,       1.141700014,      0.3413878357,       2.027019999
          0,         604,           0,      -4.078125455,      -1.389900915,       -1.64095335,       1.363640719,      0.8290608787,       2.222870876,      -4.251590357,      -1.467633746,      -1.596497309,       1.144697878,      0.3397287496,       2.027860877
          0,         605,           0,      -4.078338543,      -1.387034769,      -1.640460238,        1.36336767,      0.8313565488,        2.22187354,      -4.250095534,      -1.465219268,      -1.591476691,       1.147614086,      0.3380641105,       2.029576308
          0,         606,           0,      -4.078574791,      -1.384184739,      -1.639932008,       1.363072468,      0.8336493605,       2.221018391,      -4.248637645,       -1.46279656,      -1.586421446,       1.150431217,      0.3364502913,       2.031964944
          0,         607,           0,      -4.078837605,      -1.381356108,      -1.639362953,       1.362750931,      0.8358648969,       2.220227216,      -4.247226283,      -1.460328191,      -1.581291086,       1.153138612,      0.3348979703,       2.034844311
          0,         608,           0,      -4.079129022,      -1.378553886,      -1.638740701,       1.362400173,      0.8379910922,       2.219502124,      -4.245864406,      -1.457812062,      -1.576090252,       1.155737888,      0.3333652825,        2.03804763
          0,         609,           0,      -4.079449724,      -1.375766491,      -1.638067818,       1.362018994,      0.8400976166,        2.21885825,      -4.244552436,      -1.455241722,      -1.570814009,       1.158233187,      0.3318864287,       2.041433595
          0,         610,           0,      -4.079801065,      -1.372996839,      -1.637340176,       1.361605641,      0.8422030246,       2.218286891,      -4.243286985,       -1.45262263,      -1.565470673,       1.160632979,      0.3304680856,       2.044898434
          0,         611,           0,      -4.080183316,       -1.37024441,      -1.636545765,        1.36115966,      0.8443339463,       2.217799071,      -4.242060464,      -1.449969083,      -1.560070083,       1.162948248,      0.3291470992,       2.048348697
          0,         612,           0,       -4.08059488,      -1.367507249,       -1.63567717,       1.360681949,      0.8464689328,       2.217398032,       -4.24086294,      -1.447269599,      -1.554611726,       1.165194178,      0.3279328209,       2.051720378
          0,         613,           0,      -4.081035709,      -1.364793781,       -1.63473281,       1.360172959,      0.8485551416,       2.217172372,      -4.239681054,      -1.444537894,      -1.549108099,       1.167388136,      0.3280210031,       2.054977232
          0,         614,           0,      -4.081506572,      -1.362113441,       -1.63371165,       1.359633046,      0.8505640592,       2.217244805,      -4.238501463,      -1.441802052,      -1.543585232,       1.169548252,      0.3293487405,       2.058109669
          0,         615,           0,      -4.081999613,      -1.359458685,      -1.632609564,       1.359067199,      0.8525453908,       2.217853704,      -4.237306562,      -1.439047563,       -1.53804036,       1.171695689,      0.3318458189,       2.061109004
          0,         616,           0,      -4.082509543,      -1.356820562,      -1.631422205,       1.358480235,      0.8545104001,       2.218967223,      -4.236078268,      -1.436281607,      -1.532485397,       1.173850082,      0.3312242217,       2.063975007
          0,         617,           0,      -4.083031764,      -1.354205264,      -1.630149161,       1.357876205,      0.8564535375,       2.218920779,      -4.234797168,      -1.433514929,      -1.526935392,       1.176029946,      0.3308451803,         2.0667248
          0,         618,           0,       -4.08356014,      -1.351608904,      -1.628792486,       1.357261055,      0.8583729447,        2.21912909,      -4.233444562,      -1.430753582,       -1.52140458,       1.178255724,      0.3307066627,        2.06937521
          0,         619,           0,      -4.084088131,      -1.349029835,      -1.627356507,       1.356640987,      0.8602716334,       2.219578637,      -4.232008874,      -1.428001099,      -1.515907785,       1.180541799,       0.330811065,       2.071939542
          0,         620,           0,      -4.084610326,      -1.346466708,      -1.625856473,       1.356021345,      0.8621473261,       2.220267128,      -4.230469786,      -1.425266142,      -1.510460159,       1.182908517,      0.3311116292,       2.074436627
          0,         621,           0,      -4.085122744,      -1.343941985,      -1.624300939,       1.355407732,      0.8639351774,        2.22119187,       -4.22881061,      -1.422548809,      -1.505062697,       1.185371774,      0.3316301543,       2.076884284
          0,         622,           0,       -4.08561457,      -1.341444204,      -1.622672529,       1.354809449,      0.8656502466,       2.222340407,      -4.227019848,      -1.419865489,      -1.499734793,       1.187942359,      0.3323605779,       2.079299468
          0,         623,           0,      -4.086080563,      -1.338972513,      -1.620984556,       1.354233257,      0.8673326458,       2.223713525,      -4.225086716,      -1.417205946,      -1.494479546,       1.190630603,      0.3341834982,       2.081700538
          0,         624,           0,      -4.086516285,      -1.336526022,       -1.61924323,       1.353685219,      0.8689628351,       2.225367074,      -4.223004566,      -1.414573673,      -1.489300151,       1.193439311,      0.3350323386,       2.084102931
          0,         625,           0,      -4.086913019,        -1.3340952,      -1.617440688,       1.353175304,      0.8705548437,       2.227539335,        -4.2207701,      -1.411964346,      -1.484199597,       1.196371195,      0.3361969344,       2.086500404
          0,         626,           0,       -4.08726277,      -1.331688181,      -1.615602992,        1.35271278,      0.8721035755,       2.229506193,      -4.218387006,      -1.409371567,      -1.479180046,       1.199421816,      0.3376620349,       2.088903973
          0,         627,           0,      -4.087557656,      -1.329301528,      -1.613725939,       1.352305264,      0.8736225173,       2.231561381,      -4.215863715,      -1.406861923,      -1.474283246,       1.202582317,      0.3393987357,        2.09132622
          0,         628,           0,      -4.087794247,      -1.326943971,      -1.611815853,       1.351957687,      0.8750746651,       2.234113986,      -4.213236675,      -1.404377154,      -1.469483179,       1.205821267,      0.3414050214,       2.093753803
          0,         629,           0,      -4.087964616,       -1.32461283,      -1.609882206,       1.351678895,      0.8764754037,       2.236587572,      -4.210497673,      -1.401920347,       -1.46478092,       1.209141372,      0.3436544798,       2.096141981
          0,         630,           0,      -4.088066241,      -1.322314865,      -1.607932516,       1.351474319,      0.8778516442,       2.238881617,      -4.207658806,      -1.399475106,      -1.460168387,       1.212530768,      0.3461037707,        2.09844286
          0,         631,           0,      -4.088097042,      -1.320046107,      -1.605970792,       1.351346097,      0.8792202074,       2.241368294,      -4.204735101,      -1.397031002,      -1.455637506,       1.215974338,      0.3487093143,       2.100623602
          0,         632,           0,      -4.088051213,      -1.317815181,      -1.604011749,       1.351299967,      0.8805159555,       2.244017139,      -4.250181371,       -1.43808649,      -1.498293708,       1.170225624,      0.3512632943,       2.101812771
          0,         633,           0,      -4.087996713,       -1.31572412,      -1.602056423,       1.351253546,      0.8817667534,       2.245875957,      -4.291370569,      -1.476246219,      -1.536906382,       1.128580301,      0.3533854813,       2.104626896
          0,         634,           0,      -4.087917775,      -1.313770294,      -1.600110513,       1.351223883,      0.8829751402,       2.246807185,       -4.32851279,      -1.510490282,      -1.571731972,       1.090954048,       0.355050676,       2.108355259
          0,         635,           0,       -4.08779937,      -1.311928334,      -1.598179052,       1.351227897,      0.8841267558,       2.248006334,      -4.361787998,      -1.540990788,      -1.602939887,       1.057219788,      0.3563168748,       2.112434166
          0,         636,           0,      -4.087632608,      -1.310192606,      -1.596276678,       1.351277511,      0.8852114084,       2.248905005,      -4.391395688,      -1.567948611,      -1.630722634,       1.027222011,      0.3570531177,        2.11664294
          0,         637,           0,      -4.087405631,      -1.308563923,      -1.594418673,       1.351386896,      0.8862761356,       2.250042628,      -4.417571047,      -1.591592781,      -1.655288712,       1.000753307,       0.357453965,       2.120953716
          0,         638,           0,      -4.087106772,      -1.307029132,      -1.592595527,       1.351566729,      0.8872937122,       2.251236306,      -4.440574596,      -1.612172096,      -1.676874239,       0.977572613,      0.3604947277,       2.124837648
          0,         639,           0,      -4.086728889,      -1.305567926,      -1.590801764,       1.351823381,      0.8882956643,       2.252458678,      -4.460691124,      -1.629956245,      -1.695727204,      0.9574080771,       0.360248357,       2.128276127
          0,         640,           0,       -4.08627156,      -1.304179323,      -1.589040828,       1.352158469,       0.889254147,       2.253684352,      -4.478215847,      -1.645194898,      -1.712088385,      0.9399739648,      0.3598516226,         2.1312353
          0,         641,           0,      -4.085736264,      -1.302859853,      -1.587320689,       1.352572127,      0.8901734337,       2.254907535,       -4.49339271,      -1.658141251,       -1.72619171,      0.9250153075,       0.359332735,       2.133746381
          0,         642,           0,      -4.085121034,      -1.301609596,      -1.585657957,       1.353064639,      0.8910502231,       2.256123275,      -4.506472774,      -1.669041032,      -1.738262925,       0.912273221,      0.3587276073,       2.135797903
          0,         643,           0,      -4.084429215,      -1.300427679,       -1.58403457,       1.353634354,      0.8918701206,       2.257329903,      -4.517697828,      -1.678131456,      -1.748521885,      0.9014981185,       0.360885825,       2.137323459
          0,         644,           0,      -4.083665633,      -1.299316118,      -1.582451037,       1.354275231,      0.8926495717,       2.258142769,      -4.527288985,      -1.685629007,      -1.757163052,      0.8924615346,      0.3600668718,       2.138675609
          0,         645,           0,       -4.08285021,      -1.298266372,      -1.580898794,        1.35496882,      0.8934227357,       2.259753615,      -4.535440306,      -1.691728225,      -1.764364076,      0.8849600256,      0.3593196126,        2.13994469
          0,         646,           0,      -4.081982485,      -1.297274476,       -1.57938779,       1.355716239,      0.8941718014,       2.262403835,      -4.542322943,      -1.696606947,      -1.770295422,      0.8788117292,      0.3585872753,         2.1400425
          0,         647,           0,      -4.081059641,      -1.296355093,      -1.577986074,       1.356520979,      0.8948879641,       2.263396066,      -4.548099977,      -1.700444367,      -1.775117099,      0.8738461579,      0.3579628954,       2.139023064
          0,         648,           0,      -4.080108346,      -1.295497369,      -1.576626336,       1.357352055,      0.8955645681,        2.26422038,      -4.552909558,      -1.703398173,      -1.778969862,      0.8699143254,      0.3572272645,       2.136933853
          0,         649,           0,      -4.079130276,      -1.294701193,      -1.575288585,       1.358208746,      0.8961932522,       2.265012649,      -4.556871873,      -1.705582223,      -1.781970457,      0.8668860661,      0.3565834457,       2.133817936
          0,         650,           0,      -4.078126337,      -1.293973129,      -1.573969961,       1.359087568,      0.8967339284,       2.265816758,       -4.56010375,      -1.707105043,      -1.784225908,      0.8646380998,      0.3566544511,       2.129720051
          0,         651,           0,      -4.077101896,       -1.29331811,       -1.57267265,       1.359981641,      0.8973656934,       2.266386411,      -4.562703441,       -1.70808472,      -1.785834367,      0.8630638035,      0.3574249534,       2.124676371
          0,         652,           0,      -4.076062473,      -1.292721513,      -1.571391036,       1.360887218,      0.8976951309,       2.264767186,      -4.564732873,      -1.708590442,      -1.786873466,      0.8620819024,      0.3588132093,        2.11881086
          0,         653,           0,      -4.075011935,      -1.292174937,      -1.570136512,       1.361799444,      0.8981691472,       2.264428096,      -4.566266595,      -1.708716806,      -1.787427179,      0.8616033499,      0.3580444686,       2.112300959
          0,         654,           0,      -4.073956102,      -1.291675217,      -1.568898854,       1.362710084,       0.898569341,       2.264753734,      -4.567371159,      -1.708524441,      -1.787560227,      0.8615531707,      0.3573837369,       2.104983965
          0,         655,           0,      -4.072908539,      -1.291230374,      -1.567665954,       1.363607413,      0.8989520447,       2.264994984,      -4.568106254,      -1.708067079,      -1.787324375,      0.8618639522,      0.3568316668,       2.096761596
          0,         656,           0,      -4.071878864,      -1.290857254,      -1.566438559,       1.364483227,      0.8992905018,        2.26451001,      -4.568523843,      -1.707385022,      -1.786763915,      0.8624746188,      0.3564027977,       2.087688975
          0,         657,           0,      -4.070864242,      -1.290530892,      -1.565227978,       1.365337027,      0.8996243099,       2.263738387,      -4.568668531,      -1.706523471,      -1.785924627,      0.8633324673,      0.3559999451,       2.077974047
          0,         658,           0,      -4.069869476,       -1.29025336,      -1.564028017,        1.36616229,      0.8999193344,       2.262856737,      -4.567849725,      -1.704871911,      -1.784117135,      0.8651456972,      0.3556791092,       2.067481255
          0,         659,           0,       -4.06890239,      -1.290015521,       -1.56283126,       1.366951398,      0.9002975161,       2.261873532,      -4.566584344,      -1.702871987,      -1.781849628,      0.8673740791,      0.3554491021,       2.056258275
          0,         660,           0,      -4.067967761,      -1.289822211,      -1.561636734,       1.367698591,      0.9005243255,       2.260767266,      -4.565297176,       -1.70089378,      -1.779567402,      0.8695721815,      0.3563073072,       2.044382762
          0,         661,           0,      -4.067072758,      -1.289674677,      -1.560479925,       1.368396861,      0.9007065912,       2.259562577,      -4.563992214,      -1.698970712,      -1.777251808,      0.8717314107,      0.3572858188,       2.031970464
          0,         662,           0,      -4.066222355,      -1.289568761,      -1.559330488,       1.369041715,      0.9008561635,       2.258257933,      -4.562671728,      -1.697105179,      -1.774907072,      0.8738476051,      0.3583283616,       2.019217214
          0,         663,           0,      -4.065419918,      -1.289499546,      -1.558185662,       1.369629035,      0.9009511308,       2.256922116,      -4.561337083,      -1.695304486,      -1.772541071,      0.8759184982,      0.3594316325,       2.006357204
          0,         664,           0,      -4.064665007,      -1.289465073,      -1.557039346,       1.370158268,      0.9010325699,       2.255566884,      -4.559988973,      -1.693565336,      -1.770157623,      0.8779424627,      0.3605856078,       1.993660332
          0,         665,           0,       -4.06396006,      -1.289466892,      -1.555895093,       1.370627299,      0.9010481543,       2.254234456,      -4.558627439,      -1.691888413,      -1.767762376,      0.8799194222,      0.3617801738,       1.981429022
          0,         666,           0,      -4.063315311,      -1.289519047,      -1.554761523,       1.371029314,      0.9010406274,       2.252904762,      -4.557252651,      -1.690272496,      -1.765359854,       0.881849888,      0.3686869643,       1.969973285
          0,         667,           0,      -4.062730537,      -1.289615746,      -1.553642674,       1.371364115,      0.9010081866,       2.251618293,      -4.555860262,      -1.688711653,      -1.762957083,      0.8837384966,      0.3690864677,        1.95961089
          0,         668,           0,      -4.062198306,      -1.289750276,       -1.55253974,       1.371636658,      0.9009343567,       2.250426926,      -4.554451952,      -1.687209298,      -1.760554943,      0.8855858707,      0.3697069317,       1.950666631
          0,         669,           0,      -4.061706948,      -1.289930491,      -1.551442189,       1.371856156,      0.9008350293,       2.249333002,      -4.553027086,      -1.685764951,      -1.758159128,      0.8873945229,      0.3705241335,       1.943423637
          0,         670,           0,      -4.061252053,      -1.290143858,      -1.550349943,       1.372027541,      0.9007156177,       2.248357956,      -4.551584769,      -1.684384654,      -1.755780092,      0.8891668184,        0.37337228,       1.938087719
          0,         671,           0,      -4.060848153,       -1.29040265,      -1.549282508,       1.372143242,      0.9005972175,       2.247514317,      -4.550124905,       -1.68306255,       -1.75341653,      0.8909064084,      0.3743166835,        1.93476429
          0,         672,           0,      -4.060487523,      -1.290687091,      -1.548231778,       1.372211128,      0.9004389448,       2.246827345,      -4.548648597,      -1.681796357,       -1.75107691,      0.8926164965,      0.3754297097,       1.933532614
          0,         673,           0,      -4.060169124,      -1.291007316,      -1.547196514,       1.372232484,      0.9002980718,       2.246326581,      -4.547154437,      -1.680581161,      -1.748759442,      0.8943006599,      0.3765719225,       1.934281887
          0,         674,           0,      -4.059897224,      -1.291392662,      -1.546203744,       1.372197351,      0.9001929201,       2.246007707,      -4.545641526,      -1.679418128,      -1.746465834,      0.8959620562,      0.3795121698,       1.936838981
          0,         675,           0,      -4.059649983,      -1.291837281,      -1.545272992,       1.372119068,      0.9000289677,       2.245875553,      -4.544110055,      -1.678309242,      -1.744200632,      0.8976028051,       0.380732389,        1.94097954
          0,         676,           0,      -4.059419772,      -1.292319829,      -1.544362729,       1.372020826,      0.8998574071,       2.245955853,      -4.542559577,      -1.677245476,       -1.74196059,      0.8992261001,      0.3820107237,       1.946437886
          0,         677,           0,      -4.059203194,      -1.292832781,       -1.54349021,       1.371907639,      0.8997228399,       2.246265471,      -4.540991175,      -1.676223679,       -1.73974679,      0.9008331726,      0.3833707341,       1.952933637
          0,         678,           0,      -4.058997919,      -1.293385409,      -1.542655002,       1.371785983,       0.899484208,       2.246857998,      -4.539407549,      -1.675248372,      -1.737567379,       0.902424579,      0.3847466829,        1.96019636
          0,         679,           0,       -4.05879551,      -1.293967047,      -1.541856944,       1.371665309,      0.8992316756,       2.247803885,      -4.537809358,      -1.674321438,      -1.735424671,      0.9040005431,      0.3861813459,       1.967977081
          0,         680,           0,      -4.058589244,      -1.294576114,      -1.541102659,       1.371553057,      0.8990254586,       2.248538956,      -4.536199388,      -1.673439503,      -1.733321257,      0.9055603483,      0.3891288768,       1.975983379
          0,         681,           0,      -4.058374505,      -1.295213216,      -1.540397121,       1.371455299,      0.8988174412,       2.249412145,        -4.5345813,      -1.672594203,      -1.731253373,       0.907102498,      0.3905515682,       1.984027842
          0,         682,           0,      -4.058144052,      -1.295879595,      -1.539753134,       1.371380361,      0.8987099663,       2.250560312,      -4.532956974,       -1.67178169,       -1.72921891,       0.908625841,      0.3918530392,       1.991916414
          0,         683,           0,      -4.057891093,      -1.296571519,      -1.539167246,       1.371336792,      0.8985308557,       2.251868392,      -4.531329186,      -1.670998576,      -1.727216603,      0.9101292067,      0.3937441847,       1.999559926
          0,         684,           0,      -4.057609094,      -1.297284132,      -1.538647248,       1.371332797,      0.8983497937,       2.253324944,      -4.529701795,      -1.670278241,      -1.725264945,      0.9116094562,      0.3946105702,       2.006827193
          0,         685,           0,      -4.057292758,      -1.298022062,      -1.538189643,       1.371373595,      0.8982927322,       2.254937144,      -4.528079279,      -1.669591389,      -1.723346525,      0.9130613393,      0.3955331969,       2.013664289
          0,         686,           0,      -4.056938188,      -1.298778928,      -1.537793344,       1.371463978,      0.8981243895,        2.25667164,      -4.526468701,      -1.668956619,      -1.721484007,      0.9144781597,      0.3962971602,       2.020011856
          0,         687,           0,      -4.056540727,      -1.299557496,      -1.537455867,       1.371609626,      0.8979636345,       2.258490659,      -4.524868365,      -1.668338953,      -1.719662115,      0.9158661509,      0.3975268786,       2.025845464
          0,         688,           0,      -4.056096856,       -1.30035904,      -1.537178566,       1.371813851,      0.8978240901,       2.260367627,      -4.523282814,       -1.66773467,      -1.717875655,      0.9172211693,       0.399322422,       2.031137455
          0,         689,           0,      -4.055603378,      -1.301170786,      -1.536960342,       1.372080645,      0.8977356959,       2.262272183,      -4.521716807,      -1.667141242,      -1.716123768,      0.9185393945,      0.4017318844,       2.035875331
          0,         690,           0,      -4.055058533,      -1.301994366,       -1.53680094,       1.372411851,      0.8976789478,       2.264129311,      -4.520174773,      -1.666552229,      -1.714401359,      0.9198170251,      0.4029522595,       2.040079979
          0,         691,           0,      -4.054461381,      -1.302832426,      -1.536698179,       1.372808324,      0.8976328722,       2.265874117,       -4.51866104,      -1.665963463,      -1.712707371,      0.9210505005,      0.4042854698,        2.04374491
          0,         692,           0,      -4.053811822,      -1.303680171,      -1.536664712,       1.373268007,       0.897643973,       2.267762788,       -4.51718122,      -1.665382821,      -1.711050781,      0.9222364892,      0.4057076967,       2.046875399
          0,         693,           0,      -4.053111104,      -1.304540357,      -1.536707553,       1.373791204,        0.89778563,       2.269843921,      -4.515738904,      -1.664804218,      -1.709425667,      0.9233719598,      0.4072083864,       2.049491777
          0,         694,           0,      -4.052364426,      -1.305420037,      -1.536845105,       1.374373616,      0.8978296208,       2.271105674,      -4.514338398,      -1.664228232,      -1.707831101,      0.9244536613,       0.408754907,       2.051491504
          0,         695,           0,      -4.051560445,      -1.306311838,      -1.537030709,       1.375023613,      0.8979575613,       2.273060178,      -4.512983375,      -1.663649419,      -1.706265733,      0.9254789402,      0.4124618247,       2.053068609
          0,         696,           0,      -4.050720286,      -1.307261242,      -1.537279716,       1.375721919,      0.8980256639,       2.275060177,      -4.511677358,       -1.66306096,      -1.704726709,       0.926446008,      0.4200140241,       2.054296953
          0,         697,           0,       -4.04983318,      -1.308224928,      -1.537578651,        1.37647578,      0.8981335626,       2.277108334,      -4.510423462,      -1.662460712,      -1.703212499,      0.9273533105,      0.4227631319,       2.055206748
          0,         698,           0,      -4.048896821,      -1.309184921,      -1.537921129,       1.377285195,      0.8982803551,       2.279203629,      -4.509225818,      -1.661849054,      -1.701718491,      0.9281994526,      0.4255094109,       2.055788286
          0,         699,           0,      -4.047917738,      -1.310145572,      -1.538292066,       1.378141365,      0.8984675964,        2.28133937,      -4.508089387,      -1.661238292,      -1.700243438,      0.9289815471,      0.4276034217,       2.054879563
          0,         700,           0,      -4.046901939,      -1.311106561,      -1.538680301,        1.37903705,      0.8987118769,       2.283507614,      -4.507015216,      -1.660615075,      -1.698795534,       0.929702319,      0.4299943625,       2.055001514
          0,         701,           0,      -4.045855645,       -1.31206496,      -1.539082372,       1.379964005,      0.8989812528,       2.285705075,      -4.506006226,      -1.659976248,      -1.697370856,      0.9303597052,      0.4323934924,       2.055091296
          0,         702,           0,      -4.044785468,      -1.313020086,      -1.539483421,       1.380912556,       0.899300444,       2.287930945,      -4.505063565,       -1.65931902,      -1.695969349,      0.9309530633,      0.4346171445,       2.055036503
          0,         703,           0,      -4.043702036,      -1.313976055,      -1.539875807,       1.381871613,      0.8996477628,        2.29018037,      -4.504189614,      -1.658640384,      -1.694589848,      0.9314821955,      0.4367659872,       2.054873275
          0,         704,           0,      -4.042618597,      -1.314939296,       -1.54025386,       1.382826947,      0.9000249595,       2.292458018,      -4.503385865,      -1.657938932,      -1.693228417,      0.9319474295,      0.4388802714,       2.054642389
          0,         705,           0,      -4.041531753,      -1.315892118,      -1.540606631,       1.383779325,      0.9004351766,       2.294758404,      -4.502643475,      -1.657220637,      -1.691895889,      0.9323562538,      0.4417287556,       2.054375341
          0,         706,           0,      -4.040450672,      -1.316827815,      -1.540959846,       1.384717733,       0.900821172,        2.29725613,      -4.501944632,      -1.656490877,      -1.690597843,      0.9327213546,      0.4435833696,        2.05409924
          0,         707,           0,      -4.039392467,      -1.317759821,      -1.541289667,       1.385625959,      0.9013494354,       2.299962362,      -4.501309665,      -1.655742616,      -1.689315826,       0.933032166,      0.4454870326,       2.053826087
          0,         708,           0,      -4.038357771,       -1.31867651,      -1.541579984,       1.386499714,      0.9019245308,       2.302680791,      -4.500742804,      -1.654968138,      -1.688048287,      0.9332883867,       0.447383098,       2.053565848
          0,         709,           0,      -4.037348729,      -1.319579344,      -1.541820409,       1.387333794,      0.9025402269,       2.305403525,      -4.500243877,      -1.654166736,       -1.68679115,      0.9334909846,      0.4492610469,       2.053332011
          0,         710,           0,      -4.036372499,      -1.320456138,      -1.541998009,       1.388121802,      0.9032013227,       2.307814789,      -4.499814858,       -1.65334041,      -1.685547577,      0.9336405478,      0.4510616586,       2.053072935
          0,         711,           0,       -4.03544186,      -1.321302335,      -1.542107798,       1.388852192,      0.9038655675,       2.311317414,      -4.499457212,      -1.652482541,      -1.684314313,      0.9337389435,      0.4567171591,       2.052745209
          0,         712,           0,      -4.034559599,      -1.322114892,      -1.542144181,       1.389520573,      0.9045666453,       2.314860602,      -4.499168832,      -1.651597864,      -1.683088508,      0.9337917092,       0.458166096,       2.052436267
          0,         713,           0,      -4.033728858,      -1.322895447,      -1.542111449,       1.390122728,      0.9052685025,       2.318600769,       -4.49895175,       -1.65069957,      -1.681878645,      0.9337975111,      0.4596696251,       2.053311037
          0,         714,           0,      -4.032962644,      -1.323643142,      -1.541998783,        1.39064817,      0.9060281706,       2.322478766,      -4.498811471,      -1.649770451,      -1.680671083,      0.9337537646,       0.461210858,       2.055136207
          0,         715,           0,      -4.032260767,      -1.324351422,      -1.541799964,        1.39109489,       0.906782431,        2.32644818,      -4.498744609,      -1.648808443,      -1.679465179,       0.933664649,      0.4627527427,       2.057725685
          0,         716,           0,      -4.031626431,      -1.325032078,      -1.541522252,       1.391458371,      0.9075472402,       2.330404811,      -4.498746363,      -1.647814137,      -1.678267982,      0.9335364584,       0.469544578,       2.060907736
          0,         717,           0,      -4.031065154,      -1.325675219,        -1.5411671,       1.391733611,      0.9083498831,       2.334425941,      -4.498815584,      -1.646794686,      -1.677083621,       0.933371206,      0.4713677245,       2.064575561
          0,         718,           0,      -4.030575249,      -1.326271741,      -1.540727776,       1.391921406,      0.9092256414,       2.338447417,      -4.498960958,      -1.645756881,      -1.675917049,      0.9331636053,      0.4740781987,       2.068652177
          0,         719,           0,      -4.030161223,      -1.326827825,      -1.540204874,        1.39201645,      0.9101241258,       2.342471718,      -4.499174788,      -1.644677293,      -1.674750704,      0.9329237827,       0.476160345,       2.073909331
          0,         720,           0,      -4.029832189,      -1.327381418,      -1.539602049,       1.392004499,      0.9110223658,       2.346457316,      -4.499453735,      -1.643566532,      -1.673590873,      0.9326550151,      0.4780456537,       2.078128808
          0,         721,           0,      -4.029575776,      -1.327890835,      -1.538925766,       1.391905485,      0.9119343859,       2.350495572,      -4.499794467,      -1.642417477,      -1.672425521,      0.9323609808,      0.4836235609,       2.082501068
          0,         722,           0,      -4.029390235,      -1.328351005,      -1.538180754,       1.391720654,       0.912759078,       2.354503655,      -4.500195961,      -1.641238065,      -1.671254773,      0.9320436511,      0.4853138389,       2.086944075
          0,         723,           0,      -4.029276942,      -1.328756267,      -1.537365286,        1.39144978,      0.9136284326,       2.358489175,      -4.500654366,      -1.640023429,      -1.670077911,      0.9317074713,      0.4870675401,       2.091424517
          0,         724,           0,      -4.029238784,      -1.329110286,       -1.53648684,         1.3910911,      0.9145097487,       2.362391405,      -4.501165747,      -1.638765895,      -1.668885583,      0.9313566866,      0.4888647213,       2.095913967
          0,         725,           0,      -4.029274639,      -1.329408048,      -1.535543032,       1.390646312,      0.9154394371,       2.366218889,      -4.501727922,      -1.637468596,      -1.667680283,      0.9309942489,      0.4905388811,       2.100305147
          0,         726,           0,      -4.029377692,      -1.329650564,      -1.534538868,       1.390122831,      0.9164119923,       2.369964701,      -4.502337677,      -1.636134957,      -1.666456918,       0.930623496,      0.4933201943,       2.104708535
          0,         727,           0,      -4.029552202,      -1.329844728,      -1.533482609,       1.389516366,      0.9173595301,       2.373573882,      -4.502992091,      -1.634764884,      -1.665215915,      0.9302476724,      0.4950031198,       2.109021293
          0,         728,           0,      -4.029803923,      -1.330001058,      -1.532392331,       1.388823211,      0.9182979602,       2.377179967,       -4.50368618,      -1.633358999,      -1.663955536,      0.9298707668,      0.4967388667,       2.113288604
          0,         729,           0,      -4.030117966,      -1.330104873,      -1.531273394,       1.388060463,      0.9193866258,       2.380808926,      -4.504419144,      -1.631936936,       -1.66267994,      0.9294933619,       0.498486399,       2.117484792
          0,         730,           0,      -4.030489452,      -1.330161951,      -1.530113059,       1.387234167,      0.9203721942,       2.384296305,      -4.505187226,      -1.630490539,      -1.661382884,      0.9291188823,      0.5012359609,       2.121599232
          0,         731,           0,      -4.030914982,      -1.330166568,      -1.528919008,       1.386348985,      0.9213704823,       2.387690999,      -4.505983081,      -1.629007486,      -1.660060025,      0.9287531831,       0.503495215,       2.125624642
          0,         732,           0,      -4.031398581,       -1.33012493,      -1.527704255,       1.385401762,      0.9224397034,       2.391058669,      -4.506803472,      -1.627494597,      -1.658710768,      0.9283982202,      0.5066544006,       2.129404345
          0,         733,           0,      -4.031941887,      -1.330053535,      -1.526471869,       1.384391025,      0.9234622044,       2.394653837,      -4.507650282,      -1.625971727,      -1.657346464,      0.9280518213,      0.5097582274,        2.13208547
          0,         734,           0,      -4.032531473,      -1.329939023,      -1.525219414,       1.383337067,      0.9245108895,       2.399182646,      -4.508518613,      -1.624423807,      -1.655960945,      0.9277198689,      0.5110711132,       2.135736843
          0,         735,           0,      -4.033163317,      -1.329773203,      -1.523951031,       1.382245374,       0.925833364,       2.403347087,      -4.509409656,      -1.622838738,      -1.654562611,      0.9273949347,       0.512509635,       2.139239873
          0,         736,           0,      -4.033831602,      -1.329555884,      -1.522669964,       1.381122508,      0.9269210097,       2.405537411,      -4.510318899,      -1.621222145,      -1.653140288,      0.9270810579,      0.5139260894,       2.142573515
          0,         737,           0,      -4.034532785,      -1.329293901,       -1.52138793,       1.379973827,      0.9280690234,       2.407901105,      -4.511239743,      -1.619583459,      -1.651682139,      0.9267862245,      0.5195478008,       2.145777307
          0,         738,           0,      -4.035262496,      -1.328986081,      -1.520105977,       1.378805703,      0.9293280969,       2.410444858,      -4.512176142,      -1.617918996,      -1.650198258,      0.9265043849,      0.5205430423,       2.148496529
          0,         739,           0,      -4.036015744,      -1.328639274,      -1.518828006,       1.377625813,      0.9309712683,       2.413140122,      -4.513129685,      -1.616232267,      -1.648685315,      0.9262349761,      0.5215168586,       2.150761701
          0,         740,           0,      -4.036788733,      -1.328253483,       -1.51755037,       1.376440376,      0.9355490262,       2.416215697,       -4.51409877,      -1.614520816,      -1.647145285,      0.9259785829,      0.5231109919,       2.152908282
          0,         741,           0,      -4.037577744,      -1.327838779,      -1.516285768,       1.375254991,      0.9426042102,       2.419736557,      -4.515073425,      -1.612777778,      -1.645576028,      0.9257378473,      0.5242801597,       2.155031855
          0,         742,           0,      -4.038386284,       -1.32739787,      -1.515035542,       1.374071345,      0.9628113453,        2.42574597,      -4.516051134,       -1.61100388,      -1.643970642,      0.9255135614,      0.5259956677,       2.157131992
          0,         743,           0,      -4.039203251,      -1.326925565,       -1.51379924,       1.372900558,      0.9673848859,        2.43074064,      -4.517030803,      -1.609203833,      -1.642338841,      0.9253040168,      0.5274134944,       2.159255613
          0,         744,           0,      -4.040022534,      -1.326423899,      -1.512574087,       1.371748951,       0.964489147,       2.434302596,      -4.518011584,      -1.607367664,      -1.640674694,      0.9251116393,      0.5290286362,        2.16125988
          0,         745,           0,      -4.040840704,      -1.325928899,      -1.511373972,       1.370622488,      0.9620971916,       2.437438473,      -4.518994356,      -1.605505149,      -1.638988536,      0.9249356138,      0.5309211287,       2.163518391
          0,         746,           0,      -4.041653945,      -1.325432073,      -1.510205232,       1.369527373,       0.963319321,        2.44077475,      -4.519975538,      -1.603611887,      -1.637269025,      0.9247773781,      0.5331484369,       2.165956805
          0,         747,           0,      -4.042457812,      -1.324917623,      -1.509067482,       1.368470093,      0.9616281983,       2.443423821,      -4.520953646,      -1.601706311,      -1.635529596,      0.9246360399,      0.5359276367,       2.168490223
          0,         748,           0,      -4.043247717,      -1.324380455,       -1.50796147,       1.367456075,      0.9604138505,       2.446118576,      -4.521929445,      -1.599788384,      -1.633768218,      0.9245108857,      0.5385514123,       2.171026674
          0,         749,           0,      -4.044015643,       -1.32381896,       -1.50688232,       1.366494085,      0.9595920475,       2.448436909,      -4.522904272,       -1.59786892,      -1.631993318,      0.9243981549,      0.5416804595,        2.17350224
          0,         750,           0,      -4.044769123,       -1.32324629,      -1.505834481,       1.365578063,      0.9607356717,       2.450235518,      -4.523870362,      -1.595935087,      -1.630201087,      0.9243019189,      0.5454276672,       2.185030701
          0,         751,           0,      -4.045519717,      -1.322666561,      -1.504829719,       1.364693889,      0.9603591691,       2.452706657,      -4.524826176,      -1.593989699,      -1.628387914,      0.9242224525,      0.5499218969,       2.185844073
          0,         752,           0,      -4.046231132,      -1.322067769,      -1.503847231,       1.363875352,      0.9603436014,       2.454617058,       -4.52577413,      -1.592026541,      -1.626547855,       0.924156105,      0.5533639507,       2.187084753
          0,         753,           0,      -4.046918256,       -1.32145982,      -1.502907685,       1.363112923,      0.9603555883,       2.457076331,      -4.526711428,      -1.590041692,      -1.624679917,      0.9241035309,      0.5562943691,       2.188781767
          0,         754,           0,      -4.047578433,      -1.320841901,       -1.50201089,       1.362409178,      0.9603945178,       2.459153287,      -4.527634059,      -1.588035466,      -1.622787871,      0.9240691988,       0.559325694,       2.190473459
          0,         755,           0,      -4.048208841,        -1.3201941,      -1.501159908,       1.361766474,      0.9603674912,       2.461104386,      -4.528542421,      -1.586006945,      -1.620870926,      0.9240519381,      0.5656745911,       2.192340591
          0,         756,           0,      -4.048806253,      -1.319516429,      -1.500347646,       1.361186404,      0.9603079051,       2.463087727,      -4.529437225,      -1.583961657,      -1.618932147,      0.9240465918,      0.5682386636,       2.194908397
          0,         757,           0,        -4.0493703,      -1.318834547,      -1.499574941,       1.360668134,      0.9601955159,        2.46511523,      -4.530314677,      -1.581895815,      -1.616973429,      0.9240546256,      0.5706096398,       2.198117397
          0,         758,           0,      -4.049897677,      -1.318147834,      -1.498839893,       1.360213036,      0.9600334838,       2.467170917,      -4.531169484,      -1.579810412,      -1.614992787,      0.9240783738,      0.5746044315,       2.201912211
          0,         759,           0,      -4.050386105,      -1.317473037,      -1.498153734,       1.359821035,      0.9598044058,       2.469305094,       -4.53199884,      -1.577706548,      -1.612994512,      0.9241199748,      0.5765867719,        2.20585831
          0,         760,           0,      -4.050835117,      -1.316804345,      -1.497505137,        1.35949117,        0.95952698,       2.471479555,      -4.532794219,      -1.575583142,      -1.610977304,      0.9241854571,      0.5800686267,       2.209647167
          0,         761,           0,      -4.051291615,      -1.316138242,      -1.496867423,       1.359183413,      0.9591317687,       2.473652591,      -4.533547755,      -1.573433355,      -1.608939818,      0.9242850543,      0.5817989724,       2.214206473
          0,         762,           0,      -4.051711995,      -1.315469527,      -1.496263215,       1.358933092,       0.958678667,       2.475826933,      -4.534255085,      -1.571271218,      -1.606894865,      0.9244173805,      0.5848470209,       2.218822861
          0,         763,           0,      -4.052077036,      -1.314796067,      -1.495686652,       1.358756283,      0.9581322888,       2.477980422,      -4.534908872,      -1.569091143,      -1.604837994,      0.9245922786,      0.5865543123,       2.223426732
          0,         764,           0,      -4.052390076,      -1.314086317,      -1.495114741,       1.358652386,      0.9574437269,       2.480636686,      -4.535470956,      -1.566909172,      -1.602766947,      0.9248425859,      0.5877139209,       2.228435234
          0,         765,           0,      -4.052651099,      -1.313355668,      -1.494569281,       1.358608863,      0.9566741666,       2.482499687,      -4.535948201,      -1.564724073,      -1.600682726,      0.9251613826,      0.5891658139,        2.23379296
          0,         766,           0,      -4.052860611,      -1.312630834,      -1.494058547,       1.358626188,      0.9558719512,       2.484638271,      -4.536342552,      -1.562531399,      -1.598585042,      0.9255459649,      0.5910430653,        2.23933908
          0,         767,           0,      -4.053020362,      -1.311917129,      -1.493587151,       1.358700944,      0.9549864049,       2.487255317,      -4.536652361,       -1.56032564,      -1.596474405,      0.9259941219,      0.5917819719,       2.244519739
          0,         768,           0,      -4.053130862,      -1.311225913,      -1.493160815,       1.358830806,      0.9540073349,       2.489535432,      -4.536879638,      -1.558113402,      -1.594353247,      0.9265047892,       0.592843265,       2.249217454
          0,         769,           0,      -4.053192594,      -1.310552089,      -1.492773574,       1.359012829,      0.9529387771,       2.491302189,      -4.537022799,      -1.555892123,      -1.592227076,      0.9270803663,      0.5936627767,       2.253252899
          0,         770,           0,      -4.053207716,      -1.309897272,      -1.492429606,       1.359243402,      0.9518258782,       2.493761689,      -4.537081801,      -1.553656833,      -1.590087208,      0.9277203843,      0.5942318062,       2.256486305
          0,         771,           0,      -4.053178087,       -1.30930629,      -1.492130247,       1.359520828,      0.9505548134,       2.495910787,      -4.537056282,      -1.551406979,      -1.587933689,      0.9284261428,      0.5953395482,       2.258800914
          0,         772,           0,      -4.053105487,      -1.308741169,      -1.491868582,       1.359841453,       0.949259196,       2.496385602,      -4.536944616,      -1.549143304,      -1.585766073,      0.9292010199,      0.5958441355,        2.26009792
          0,         773,           0,      -4.052994191,      -1.308197574,      -1.491651388,       1.360199849,      0.9479169712,       2.496794121,      -4.536746854,      -1.546867014,      -1.583583966,      0.9300454013,      0.5968449997,       2.260366809
          0,         774,           0,      -4.052858509,       -1.30766789,      -1.491476943,       1.360581548,      0.9465408034,       2.497075163,      -4.536463394,      -1.544582995,      -1.581397395,      0.9309602474,      0.5975213978,       2.259602302
          0,         775,           0,      -4.052682597,      -1.307145812,      -1.491335312,       1.361001094,      0.9451832094,       2.497241848,      -4.536092687,      -1.542296776,      -1.579206097,      0.9319461709,      0.5980722929,       2.257833418
          0,         776,           0,      -4.052472217,       -1.30663636,      -1.491204223,       1.361453959,      0.9438415348,       2.497323343,      -4.535636368,      -1.540015293,      -1.577017992,      0.9330032679,       0.598659131,       2.255101915
          0,         777,           0,      -4.052231312,        -1.3061416,      -1.491063202,       1.361936501,      0.9442151749,       2.497452139,      -4.535097323,      -1.537736885,      -1.574824346,      0.9341302245,      0.5992839929,       2.251466205
          0,         778,           0,      -4.051957198,      -1.305663792,      -1.490959489,         1.3624466,      0.9428456169,       2.497229031,      -4.534472423,      -1.535454679,      -1.572619054,      0.9353285224,      0.5999534612,       2.247020117
          0,         779,           0,      -4.051654298,      -1.305194716,      -1.490908122,       1.362978346,      0.9414663606,       2.496848476,      -4.533763823,      -1.533179647,      -1.570418609,      0.9365961882,      0.6006330797,       2.241863328
          0,         780,           0,      -4.051325227,      -1.304738148,      -1.490873186,       1.363530293,      0.9401570449,       2.496362999,      -4.532972019,      -1.530910909,      -1.568215913,      0.9379325383,      0.6013864676,       2.236104374
          0,         781,           0,      -4.050971783,      -1.304287283,      -1.490850018,       1.364100298,      0.9388915284,        2.49585504,      -4.532102134,      -1.528637635,      -1.566002973,      0.9393331104,      0.6022736209,       2.231182625
          0,         782,           0,      -4.050599673,      -1.303869817,      -1.490872498,       1.364681511,      0.9374849737,       2.495261539,      -4.531154701,      -1.526367936,      -1.563775531,      0.9407993953,      0.6030568251,       2.223919924
          0,         783,           0,      -4.050211943,      -1.303473185,      -1.490936777,       1.365271133,       0.936033541,       2.494436201,      -4.530135753,      -1.524113567,      -1.561539372,      0.9423256172,      0.6072542333,       2.215414876
          0,         784,           0,      -4.049807622,      -1.303080841,      -1.491038299,       1.365869803,      0.9368775733,       2.493508434,      -4.529039171,      -1.521868622,      -1.559289315,      0.9439108378,      0.6081808179,       2.206109887
          0,         785,           0,      -4.049386629,      -1.302689726,      -1.491171867,       1.366476924,      0.9355513861,       2.492476949,      -4.527874436,       -1.51960662,      -1.557052159,      0.9455424382,      0.6098767959,       2.193556246
          0,         786,           0,      -4.048950146,      -1.302297117,       -1.49132352,       1.367090604,      0.9343423202,       2.492717767,      -4.526643951,      -1.517365206,      -1.554807488,      0.9472288586,      0.6113518173,        2.18334776
          0,         787,           0,      -4.048497584,      -1.301900746,      -1.491487819,       1.367710742,       0.933213341,       2.492836693,      -4.525346088,      -1.515126936,      -1.552552359,      0.9489659176,       0.614387576,       2.173822732
          0,         788,           0,      -4.048028998,      -1.301513913,      -1.491687324,       1.368334895,      0.9340993879,       2.492921412,      -4.523985425,      -1.512893629,      -1.550290193,      0.9507422546,      0.6171844042,       2.165316862
          0,         789,           0,       -4.04754551,      -1.301149316,      -1.491928584,        1.36896234,       0.933226058,       2.492934594,      -4.522565222,      -1.510667243,      -1.548024568,      0.9525492694,      0.6190861995,       2.158199858
          0,         790,           0,      -4.047047168,      -1.300793138,      -1.492208362,       1.369593216,       0.932520849,       2.492929171,      -4.521089523,      -1.508451772,       -1.54576048,      0.9543806985,      0.6201865814,       2.151186865
          0,         791,           0,      -4.046523871,      -1.300424646,      -1.492506735,       1.370242578,       0.931587724,       2.493010506,      -4.519563168,      -1.506243367,      -1.543504213,      0.9562323065,      0.6225140172,       2.146931748
          0,         792,           0,      -4.045984868,      -1.300059976,      -1.492833805,       1.370895853,      0.9308929702,       2.493300563,      -4.517988195,      -1.504041733,      -1.541249939,      0.9580994289,      0.6238014191,       2.144350837
          0,         793,           0,       -4.04542297,      -1.299691191,      -1.493162156,       1.371560036,      0.9301569152,       2.493966031,      -4.516368264,      -1.501856241,      -1.539004082,      0.9599760012,      0.6253853693,       2.143317176
          0,         794,           0,      -4.044843217,      -1.299320503,       -1.49351225,       1.372229561,      0.9294855677,       2.494661882,      -4.514704193,      -1.499681357,      -1.536761598,      0.9618581193,       0.628424381,       2.143690698
          0,         795,           0,      -4.044254821,      -1.298955822,      -1.493898411,       1.372896165,      0.9288590238,       2.495741187,      -4.513001144,      -1.497519233,       -1.53452834,      0.9637398372,      0.6298132702,       2.145249088
          0,         796,           0,      -4.043658694,      -1.298595366,       -1.49431362,       1.373558622,      0.9281861814,       2.497265338,      -4.511263602,      -1.495367264,      -1.532298979,      0.9656169749,      0.6312627631,       2.147484352
          0,         797,           0,      -4.043060531,       -1.29823181,       -1.49475439,       1.374211873,      0.9281674302,       2.499085145,      -4.509502048,      -1.493225968,      -1.530074313,      0.9674806001,      0.6327928295,       2.150245026
          0,         798,           0,      -4.042464484,      -1.297869709,      -1.495219368,       1.374852382,      0.9274298849,       2.501291109,      -4.507722345,       -1.49110629,      -1.527857744,      0.9693220307,      0.6343532943,       2.153468531
          0,         799,           0,       -4.04187423,       -1.29751923,      -1.495702028,       1.375476702,      0.9266850236,       2.503806028,      -4.505922432,      -1.489003052,      -1.525649601,      0.9711445097,      0.6359591705,       2.157046052
          0,         800,           0,      -4.041291259,      -1.297171971,      -1.496200355,       1.376082318,      0.9259514309,       2.506635015,      -4.504113126,      -1.486918573,      -1.523463375,      0.9729441228,      0.6377747458,       2.160919935
          0,         801,           0,      -4.040719149,      -1.296828466,      -1.496716292,       1.376665213,      0.9252608878,       2.509912043,       -4.50229071,      -1.484847215,       -1.52128867,       0.974722025,      0.6394436784,       2.165051179
          0,         802,           0,      -4.040161836,      -1.296486373,      -1.497248801,       1.377221676,      0.9245662881,       2.513497173,      -4.500454184,        -1.4827892,       -1.51912972,      0.9764773616,      0.6414319911,       2.169403276
          0,         803,           0,      -4.039625365,      -1.296153242,      -1.497807119,       1.377746341,      0.9238413701,       2.517341035,      -4.498606917,      -1.480749567,      -1.516988843,      0.9782087642,      0.6431485448,       2.173933072
          0,         804,           0,      -4.039109377,      -1.295830197,      -1.498392661,       1.378238586,      0.9231084733,       2.521457869,      -4.496751161,      -1.478725296,      -1.514866626,       0.979916112,      0.6449375639,       2.178671764
          0,         805,           0,      -4.038617014,      -1.295517679,      -1.498996343,       1.378695902,      0.9223605126,       2.525832426,       -4.49488858,      -1.476717277,      -1.512765191,      0.9815987457,      0.6467959164,       2.183506838
          0,         806,           0,      -4.038151241,      -1.295203361,      -1.499611494,       1.379115031,      0.9215970188,       2.530445176,      -4.493022236,      -1.474727821,      -1.510683307,      0.9832561308,      0.6486308404,       2.188538103
          0,         807,           0,       -4.03771569,      -1.294895037,      -1.500245104,       1.379491503,      0.9208119993,       2.535330363,      -4.491157267,      -1.472757168,      -1.508624421,      0.9848856996,      0.6504891255,       2.193768841
          0,         808,           0,      -4.037317705,      -1.294608667,      -1.500890385,       1.379816377,      0.9199991288,       2.540573235,      -4.489293648,      -1.470802595,      -1.506580201,      0.9864889921,      0.6523623904,       2.199006853
          0,         809,           0,      -4.036964554,      -1.294327431,      -1.501536835,       1.380083821,       0.919192384,       2.546047986,      -4.487443923,      -1.468876331,      -1.504558995,      0.9880586432,      0.6573215889,       2.204326914
          0,         810,           0,       -4.03665051,      -1.294050696,       -1.50218776,        1.38030044,      0.9183928038,       2.551640809,      -4.485598116,      -1.466961321,      -1.502550794,      0.9895996567,      0.6614410239,       2.209701089
          0,         811,           0,      -4.036375416,      -1.293780121,      -1.502844907,       1.380464595,       0.917609266,       2.557594806,      -4.483759637,      -1.465058098,      -1.500560754,      0.9911088907,      0.6661121597,       2.215121194
          0,         812,           0,      -4.036140086,      -1.293517483,      -1.503504209,       1.380576026,      0.9157448029,       2.563441849,      -4.481929751,      -1.463164862,      -1.498596071,       0.992586641,      0.6679759485,        2.22060894
          0,         813,           0,      -4.035941539,      -1.293263081,      -1.504166311,       1.380637124,      0.9146391326,       2.569925855,      -4.480114008,      -1.461286528,       -1.49664611,      0.9940299004,      0.6723004024,       2.226128728
          0,         814,           0,      -4.035786703,      -1.293020691,      -1.504828311,       1.380641229,      0.9136782894,       2.576879167,      -4.478310242,      -1.459417051,      -1.494705558,      0.9954382028,      0.6783771204,       2.231825314
          0,         815,           0,      -4.035679502,      -1.292792061,      -1.505494518,       1.380583549,      0.9127493514,       2.583896509,      -4.476523796,      -1.457559356,      -1.492784155,      0.9968053483,      0.6910976867,       2.224882325
          0,         816,           0,      -4.035624641,       -1.29256411,      -1.506152113,       1.380460074,      0.9119069613,       2.591160821,      -4.474755666,      -1.455716519,      -1.490884469,      0.9981310322,      0.7181222089,       2.225959668
          0,         817,           0,      -4.035624456,      -1.292335919,      -1.506813099,       1.380269454,      0.9112871216,        2.59888614,      -4.472999993,      -1.453884318,      -1.488995038,       0.999420303,      0.7826797927,       2.252895814
          0,         818,           0,      -4.035670061,      -1.292118864,       -1.50746834,       1.380021359,      0.9113101195,       2.607538321,      -4.471258032,       -1.45206083,      -1.487120709,       1.000668927,      0.8407265297,       2.295434469
          0,         819,           0,       -4.03576625,      -1.291912636,      -1.508103065,       1.379708562,      0.9135804148,        2.61730491,      -4.469535946,      -1.450246853,      -1.485263883,       1.001883452,      0.8134012918,        2.33851298
          0,         820,           0,      -4.035909623,      -1.291709399,      -1.508717026,       1.379336151,       0.923636903,       2.630787318,      -4.467878928,      -1.448489808,      -1.483436904,       1.003018913,       0.784741094,       2.360382336
          0,         821,           0,      -4.036097289,      -1.291498512,      -1.509297646,       1.378905661,      0.9231606405,       2.640950824,      -4.466257629,      -1.446737584,      -1.481619956,       1.004105533,       0.762642974,       2.384977353
          0,         822,           0,      -4.036331794,       -1.29129633,      -1.509871375,       1.378410651,       0.920462755,       2.649751809,      -4.464640747,      -1.444976782,      -1.479812165,       1.005174259,       0.748082204,       2.407438461
          0,         823,           0,      -4.036617894,       -1.29110753,      -1.510459041,       1.377848701,      0.9181409883,       2.658778481,      -4.463018153,      -1.443213375,      -1.478016699,       1.006227318,      0.7380684533,       2.427786558
          0,         824,           0,      -4.036954317,      -1.290927832,      -1.511028997,       1.377216774,      0.9194163822,       2.666903672,      -4.461401554,       -1.44144968,       -1.47624035,       1.007260384,      0.7309414486,       2.447693968
          0,         825,           0,      -4.037340417,      -1.290759462,      -1.511562496,       1.376516002,      0.9176271193,       2.675070347,      -4.459812595,      -1.439693722,      -1.474484525,       1.008257499,      0.7257908863,        2.46702652
          0,         826,           0,      -4.037777155,      -1.290604033,      -1.512070524,       1.375744026,      0.9164918326,       2.686117238,      -4.458242551,      -1.437958334,      -1.472754682,       1.009229419,      0.7229839789,       2.485434419
          0,         827,           0,      -4.038264851,      -1.290459011,      -1.512543304,       1.374901568,      0.9159380362,        2.69594284,      -4.456688338,      -1.436226159,      -1.471045922,       1.010175199,      0.7208824288,        2.50282669
          0,         828,           0,      -4.038807796,      -1.290337581,      -1.512985451,       1.373984886,      0.9156707691,       2.705960196,      -4.455152825,      -1.434494334,      -1.469356542,       1.011093268,      0.7204680551,       2.519169185
          0,         829,           0,      -4.039405731,      -1.290241413,      -1.513397295,       1.372995004,      0.9150921329,       2.713483108,      -4.453642548,      -1.432765674,      -1.467682844,        1.01197723,       0.720270261,       2.534147471
          0,         830,           0,      -4.040046609,      -1.290155073,      -1.513763696,       1.371945591,      0.9133231722,       2.689453711,      -4.452167994,      -1.431060692,      -1.466028552,       1.012821763,      0.7203485792,       2.546057837
          0,         831,           0,      -4.040724299,      -1.290075066,      -1.514081093,       1.370842706,      0.9116570617,       2.665410458,      -4.450741408,      -1.429377574,      -1.464408995,       1.013625287,      0.7221397399,       2.556033837
          0,         832,           0,      -4.041441992,      -1.290014515,       -1.51435345,       1.369685484,      0.9101665518,       2.643370939,      -4.449359163,      -1.427707637,      -1.462809196,       1.014385319,       0.724018785,       2.564347392
          0,         833,           0,      -4.042197814,      -1.289964811,      -1.514576525,        1.36847691,      0.9087343511,       2.623197849,      -4.448027361,      -1.426049832,      -1.461230216,       1.015099145,      0.7259553905,       2.571184348
          0,         834,           0,      -4.042991759,      -1.289929097,      -1.514754651,       1.367217266,      0.9070416274,        2.60493122,      -4.446745641,      -1.424393196,      -1.459658634,       1.015766584,      0.7276944185,       2.576667232
          0,         835,           0,      -4.043819553,      -1.289909119,       -1.51488577,       1.365912932,       0.905313408,       2.588603191,       -4.44552154,      -1.422754015,       -1.45810651,       1.016383934,      0.7298802908,       2.581213401
          0,         836,           0,      -4.044683002,       -1.28990585,      -1.514964646,       1.364564622,      0.9035544478,       2.573999995,      -4.444355083,      -1.421126531,      -1.456573879,       1.016952669,       0.732331171,       2.584040733
          0,         837,           0,      -4.045582531,      -1.289924869,      -1.514992342,       1.363172673,      0.9015032016,       2.560685758,      -4.443252449,      -1.419506869,      -1.455081687,       1.017468156,      0.7364805709,       2.586002831
          0,         838,           0,      -4.046518757,      -1.289955668,      -1.514962874,       1.361736643,       0.900921412,       2.549066995,       -4.44221438,      -1.417893571,      -1.453606404,       1.017933759,      0.7394147577,       2.587637532
          0,         839,           0,      -4.047490046,      -1.289997028,      -1.514879455,       1.360259451,      0.8987460535,       2.539035247,      -4.441236832,      -1.416283959,      -1.452146194,       1.018351101,      0.7424003091,        2.58882563
          0,         840,           0,      -4.048500415,      -1.290047202,      -1.514748608,       1.358738576,      0.8967731679,       2.530111206,      -4.440318348,      -1.414671119,      -1.450698304,        1.01872131,      0.7457856535,       2.589543835
          0,         841,           0,      -4.049550799,      -1.290106609,      -1.514563913,       1.357174474,      0.8946362344,       2.522498968,      -4.439454636,      -1.413055148,      -1.449256564,       1.019050216,      0.7493584494,       2.589825354
          0,         842,           0,      -4.050639362,      -1.290185476,      -1.514322219,       1.355569848,      0.8941170412,       2.513681881,      -4.438645156,       -1.41143754,      -1.447819901,       1.019340029,      0.7530505171,       2.589662633
          0,         843,           0,      -4.051768173,       -1.29032178,      -1.514053825,       1.353923544,      0.8915831377,       2.507894369,      -4.437880759,       -1.40983162,      -1.446390639,       1.019598878,      0.7582302887,       2.588583634
          0,         844,           0,      -4.052934716,      -1.290469477,       -1.51373224,       1.352239262,      0.8892099091,       2.503403917,      -4.437156404,      -1.408230701,      -1.444965946,       1.019829459,      0.7623952426,       2.586871507
          0,         845,           0,      -4.054138682,      -1.290631478,      -1.513356376,       1.350518723,      0.8870649967,       2.499938356,      -4.436470819,      -1.406627668,      -1.443544902,        1.02003468,      0.7662627086,       2.584819438
          0,         846,           0,       -4.05538196,      -1.290811031,      -1.512936606,       1.348760387,      0.8871455591,       2.497241111,      -4.435820098,      -1.405023217,      -1.442127806,       1.020217257,      0.7705728058,       2.582853073
          0,         847,           0,      -4.056661938,      -1.291000679,      -1.512476357,       1.346970036,      0.8853289836,       2.495902448,       -4.43520424,      -1.403412489,      -1.440708493,       1.020380112,      0.7757869089,       2.584562412
          0,         848,           0,      -4.057976408,      -1.291201384,      -1.511976235,       1.345148656,      0.8836971708,       2.494021973,      -4.434622614,       -1.40179851,      -1.439291415,       1.020525956,      0.7799854927,       2.578626667
          0,         849,           0,      -4.059318065,      -1.291416635,       -1.51143569,       1.343307182,      0.8822505567,        2.49252718,      -4.434073388,      -1.400185901,      -1.437878146,       1.020661384,      0.7844412491,       2.580042216
          0,         850,           0,      -4.060685787,      -1.291639891,       -1.51084776,       1.341448589,      0.8810294491,       2.491701918,      -4.433553057,      -1.398577179,      -1.436481099,       1.020788686,      0.7891373425,       2.582604662
          0,         851,           0,      -4.062088475,      -1.291891023,      -1.510217842,       1.339564601,      0.8801484265,       2.493352141,      -4.433052942,      -1.396963257,      -1.435095953,       1.020914482,      0.7919843411,       2.588563702
          0,         852,           0,      -4.063521171,      -1.292166553,      -1.509553512,       1.337660006,      0.8798185411,       2.495515488,      -4.432575487,      -1.395345266,      -1.433711898,       1.021041769,        0.79458973,       2.593174518
          0,         853,           0,      -4.064982658,      -1.292439353,      -1.508854237,       1.335737223,       0.881268659,       2.498262713,      -4.432108579,      -1.393723442,      -1.432328601,       1.021180952,        0.79722494,       2.597355261
          0,         854,           0,      -4.066479545,      -1.292726933,      -1.508115641,       1.333788906,      0.8886713283,       2.503182425,      -4.431653961,      -1.392104152,      -1.430947869,       1.021331954,      0.7998991534,       2.601747345
          0,         855,           0,      -4.068010534,      -1.293037968,      -1.507338491,       1.331814459,      0.9128875003,       2.517831011,      -4.431227875,       -1.39050467,      -1.429570448,       1.021481966,       0.802966332,        2.60501053
          0,         856,           0,       -4.06957332,      -1.293360939,      -1.506510929,         1.3298171,      0.9266856623,       2.531276943,      -4.430792877,      -1.388909497,      -1.428190435,       1.021663936,      0.8058188146,       2.608469239
          0,         857,           0,      -4.071175314,      -1.293705601,      -1.505655881,       1.327794872,      0.9381190142,       2.544119754,      -4.430341642,      -1.387317226,      -1.426810243,       1.021889508,      0.8089862809,       2.611654383
          0,         858,           0,      -4.072518001,      -1.293763371,      -1.504484761,       1.326051446,      0.9537624931,       2.558194455,      -4.429880117,      -1.385715147,       -1.42543257,       1.022164024,      0.8134232521,       2.615158231
          0,         859,           0,      -4.073881989,      -1.293848898,      -1.503280826,       1.324300174,      0.9750491245,       2.574189894,      -4.429404585,      -1.384104328,      -1.424045699,       1.022492809,      0.8204765499,       2.620789432
          0,         860,           0,      -4.075262335,      -1.293994251,      -1.502035243,       1.322545721,      0.9946818327,       2.583601052,      -4.428902197,       -1.38250581,      -1.422671477,       1.022877098,      0.8249652731,       2.635067535
          0,         861,           0,      -4.076648716,      -1.294215714,      -1.500742718,       1.320799926,       1.017079287,        2.58925233,      -4.428366733,      -1.380939798,      -1.421293902,       1.023315607,       0.833075741,       2.677068367
          0,         862,           0,      -4.078033302,      -1.294507662,      -1.499411053,       1.319072679,       1.046996241,       2.595486388,      -4.427790629,      -1.379435709,      -1.419910881,       1.023805974,      0.8397130534,       2.690077217
          0,         863,           0,      -4.079408537,      -1.294841099,      -1.498043972,       1.317369051,       1.082558198,       2.598621362,      -4.427128316,       -1.37791147,      -1.418519467,       1.024416657,      0.8449658709,       2.695230098
          0,         864,           0,      -4.080753415,      -1.295183885,      -1.496640782,       1.315711899,       1.121721415,       2.601575955,      -4.426360855,      -1.376405512,      -1.417114207,       1.025135537,      0.8505953337,       2.694021108
          0,         865,           0,      -4.082058953,      -1.295526761,      -1.495228996,       1.314127226,        1.12478373,       2.592687066,      -4.425453674,      -1.374917934,      -1.415686998,        1.02599094,       0.857829938,       2.692533061
          0,         866,           0,      -4.083304044,      -1.295819419,      -1.493805602,       1.312612481,       1.117257746,       2.583959513,      -4.424398007,      -1.373431993,       -1.41421702,       1.027002367,      0.8664829732,       2.689473244
          0,         867,           0,       -4.08453664,      -1.295908936,      -1.492457739,       1.311132202,       1.109972185,       2.584264492,      -4.423296042,      -1.371945619,      -1.412695431,       1.028119086,      0.8745443472,       2.678863748
          0,         868,           0,       -4.08579943,      -1.295989549,      -1.491138466,       1.309639576,       1.101724704,       2.587014496,      -4.422235533,      -1.370473044,      -1.411145386,       1.029271089,      0.8816016281,       2.666809895
          0,         869,           0,       -4.08710052,      -1.296034436,      -1.489788739,       1.308131145,         1.0929119,        2.59036855,      -4.421211658,      -1.368993701,      -1.409571864,       1.030464295,      0.8872916883,       2.655696292
          0,         870,           0,      -4.088546744,      -1.296040094,      -1.488388784,       1.306547492,       1.083635489,       2.594676389,      -4.420213529,       -1.36748497,      -1.407972209,       1.031729914,      0.8924828675,       2.646303084
          0,         871,           0,      -4.090031132,      -1.296051546,      -1.486951002,       1.304945566,       1.074980971,       2.603290982,      -4.419242346,      -1.365945793,      -1.406351281,         1.0330677,      0.8968385027,       2.638193415
          0,         872,           0,      -4.091522991,      -1.296069674,      -1.485477332,       1.303344898,       1.064157594,       2.608448857,      -4.418286674,      -1.364377182,      -1.404706313,       1.034483296,      0.9005260119,       2.630990873
          0,         873,           0,      -4.093018667,      -1.296102594,      -1.483974318,       1.301750799,       1.054231055,        2.61977263,       -4.41733573,      -1.362779572,      -1.403041606,       1.035979774,      0.9048458837,        2.62439263
          0,         874,           0,      -4.094509261,      -1.296138589,      -1.482441359,       1.300173404,       1.044824271,       2.638531018,      -4.416391625,      -1.361163501,      -1.401354641,        1.03754875,      0.9074363749,       2.618137487
          0,         875,           0,      -4.095977876,       -1.29617816,       -1.48088718,       1.298631047,       1.033616187,       2.645280419,      -4.415468297,      -1.359535145,       -1.39964578,        1.03916843,      0.9094426808,       2.612150765
          0,         876,           0,      -4.097419899,      -1.296207715,      -1.479300531,       1.297126123,       1.021961605,       2.654532031,      -4.414555164,      -1.357892199,      -1.397925542,       1.040838364,      0.9108901395,       2.606414291
          0,         877,           0,      -4.098848955,      -1.296282761,      -1.477673904,       1.295650802,       1.009532695,       2.657769021,      -4.413649108,      -1.356237529,      -1.396188148,       1.042553309,      0.9122155587,       2.601045343
          0,         878,           0,      -4.100251726,      -1.296367927,      -1.476018755,       1.294214995,      0.9968092331,       2.661366675,      -4.412747254,       -1.35457832,      -1.394431155,       1.044307065,      0.9126890673,       2.595446642
          0,         879,           0,      -4.101625985,      -1.296458912,      -1.474335058,       1.292821569,      0.9839119906,       2.667994088,      -4.411857733,      -1.352927434,      -1.392684881,       1.046086709,      0.9127525722,       2.599245666
          0,         880,           0,      -4.102969179,      -1.296546834,      -1.472622765,       1.291473183,       0.970938791,       2.671624179,      -4.410976528,      -1.351274489,      -1.390918277,       1.047888917,      0.9160658818,       2.592939803
          0,         881,           0,      -4.104281576,      -1.296638169,      -1.470877514,       1.290171206,      0.9582316338,       2.675310166,      -4.410105503,      -1.349629131,      -1.389128767,       1.049710799,      0.9189344449,       2.586664937
          0,         882,           0,      -4.105561533,        -1.2967132,      -1.469089893,       1.288917494,       0.945382203,       2.679110488,      -4.409235655,      -1.347984575,      -1.387322279,       1.051552199,      0.9194987831,       2.580621472
          0,         883,           0,      -4.106805829,      -1.296775017,      -1.467258639,       1.287715227,      0.9328763319,        2.68277546,      -4.408369391,      -1.346338738,      -1.385494511,       1.053406074,      0.9184130935,       2.574797445
          0,         884,           0,       -4.10800843,      -1.296841111,      -1.465394362,       1.286570397,      0.9211351543,       2.690661486,      -4.407518665,      -1.344696664,      -1.383636285,       1.055265658,      0.9165601209,       2.569064112
          0,         885,           0,      -4.109175219,      -1.296897295,      -1.463498037,       1.285473363,      0.9096513193,       2.695566948,      -4.406693608,      -1.343063601,      -1.381760265,       1.057115319,       0.912660005,       2.563704376
          0,         886,           0,      -4.110303338,      -1.296945832,      -1.461570091,       1.284432706,      0.9012604647,       2.697825815,      -4.405855485,      -1.341434286,      -1.379868416,       1.058984915,      0.9083914722,       2.558707826
          0,         887,           0,      -4.111385971,      -1.296989615,      -1.459606464,       1.283457273,      0.8945667317,       2.699031595,      -4.405017026,      -1.339805902,      -1.377964741,       1.060864887,      0.9039698425,       2.554424363
          0,         888,           0,        -4.1124242,      -1.297036317,      -1.457595993,       1.282546772,       0.890004268,       2.699252503,      -4.404169671,      -1.338182764,      -1.376037375,       1.062759805,      0.8994495121,       2.550673109
          0,         889,           0,      -4.113416649,      -1.297079885,      -1.455540945,       1.281704925,      0.8874782851,        2.69940624,       -4.40332234,      -1.336578043,      -1.374107921,       1.064662542,      0.8947723133,       2.544229056
          0,         890,           0,      -4.114366863,      -1.297117371,      -1.453448595,       1.280931317,      0.8868553418,       2.696955866,      -4.402448776,      -1.334976017,      -1.372265611,       1.066581613,      0.8901716539,       2.538049909
          0,         891,           0,      -4.115270675,      -1.297155482,      -1.451334969,       1.280231917,      0.8874287236,       2.693660049,      -4.401561814,      -1.333382111,      -1.370445395,       1.068503112,      0.8857889426,       2.533533745
          0,         892,           0,      -4.116125536,      -1.297179046,      -1.449164592,        1.27961018,       0.888971233,       2.689714362,      -4.400655638,      -1.331813095,        -1.3686528,       1.070423888,      0.8804803712,       2.529007796
          0,         893,           0,      -4.116928718,        -1.2972131,      -1.446949461,       1.279069425,      0.8911766997,       2.685383396,      -4.399733661,      -1.330258149,      -1.366847089,       1.072340571,      0.8755314271,       2.525145601
          0,         894,           0,      -4.117680196,      -1.297245048,      -1.444691993,       1.278611282,      0.8937488847,       2.680597075,      -4.398758971,      -1.328699392,      -1.365013303,       1.074281922,      0.8709028727,       2.522760763
          0,         895,           0,      -4.118376888,      -1.297258194,      -1.442398137,       1.278240531,      0.8969269089,       2.675569637,      -4.397724349,      -1.327143513,       -1.36316674,       1.076246466,      0.8655704122,       2.520355125
          0,         896,           0,      -4.119014466,      -1.297260878,      -1.440060905,       1.277964872,      0.9000331923,       2.670370231,      -4.396629111,      -1.325588878,      -1.361296014,       1.078233314,      0.8604002015,        2.51853919
          0,         897,           0,      -4.119579403,      -1.297232585,      -1.437673629,       1.277794768,      0.9030319385,       2.665321161,      -4.395471426,      -1.324028635,        -1.3594089,       1.080240211,      0.8555262968,       2.517156543
          0,         898,           0,      -4.120080346,      -1.297168511,      -1.435210825,       1.277723376,      0.9058749253,       2.660339385,       -4.39424719,      -1.322461416,      -1.357499359,       1.082268663,       0.851004572,       2.516115964
          0,         899,           0,      -4.120518959,      -1.297068299,       -1.43270617,       1.277752651,      0.9085532689,        2.65541424,      -4.392959349,      -1.320896178,      -1.355575071,       1.084311999,      0.8467888756,       2.515310941
          0,         900,           0,       -4.12089531,      -1.296941569,      -1.430166451,       1.277884697,       0.910925598,       2.650785869,      -4.391606377,      -1.319333129,      -1.353633018,       1.086370426,      0.8428955226,       2.516213341
          0,         901,           0,      -4.121203392,      -1.296784947,      -1.427591534,       1.278130186,      0.9130060905,       2.646176267,      -4.390197509,      -1.317787034,      -1.351680876,       1.088437035,      0.8395397794,        2.51572768
          0,         902,           0,      -4.121438396,      -1.296580153,      -1.424973437,       1.278495224,      0.9148206112,       2.641636357,      -4.388734878,      -1.316248125,      -1.349717548,        1.09050781,      0.8370051018,       2.515218194
          0,         903,           0,      -4.121597321,      -1.296327478,      -1.422312885,       1.278983927,      0.9167224003,       2.637528512,      -4.387231121,      -1.314714996,      -1.347759405,       1.092574785,      0.8347081437,       2.514761128
          0,         904,           0,      -4.121673508,      -1.296029063,      -1.419614996,       1.279603303,       0.918302204,       2.634121951,      -4.385689001,      -1.313188077,       -1.34579217,       1.094633673,      0.8333519867,       2.514296295
          0,         905,           0,      -4.121660044,      -1.295695107,      -1.416896349,       1.280360436,      0.9193564709,       2.632015795,      -4.384113459,      -1.311657129,      -1.343808651,       1.096684676,      0.8316343185,       2.513570024
          0,         906,           0,      -4.121551947,      -1.295325129,      -1.414156831,         1.2812593,      0.9206749649,       2.637531949,       -4.38250912,      -1.310119833,      -1.341816797,       1.098723567,      0.8302664751,       2.512663171
          0,         907,           0,      -4.121338246,      -1.294923168,      -1.411400917,       1.282311002,      0.9239891911,        2.66182892,      -4.380888968,      -1.308575462,      -1.339808755,       1.100739497,      0.8292769582,        2.51192335
          0,         908,           0,      -4.121010351,      -1.294461551,      -1.408615893,       1.283520928,      0.9240897706,       2.670477536,      -4.379267698,      -1.307029137,      -1.337796894,       1.102723025,      0.8288737603,        2.51107441
          0,         909,           0,      -4.120569362,      -1.293970991,      -1.405793263,       1.284890742,      0.9237786926,       2.665975297,      -4.377635332,      -1.305473272,      -1.335765167,       1.104682813,      0.8285519163,       2.518000402
          0,         910,           0,      -4.120011881,      -1.293429718,      -1.402938251,       1.286421182,      0.9239420667,         2.6608539,      -4.375983562,      -1.303906901,       -1.33371895,       1.106622492,      0.8285431551,       2.514390985
          0,         911,           0,      -4.119335688,      -1.292841479,      -1.400052607,       1.288113261,      0.9231278419,        2.65721022,      -4.374312073,      -1.302329617,      -1.331669733,       1.108542367,      0.8286220373,       2.510919986
          0,         912,           0,      -4.118539894,      -1.292202226,      -1.397139214,       1.289966592,      0.9222794244,       2.653816876,      -4.372621623,      -1.300735455,      -1.329599427,       1.110442467,      0.8289076773,       2.507479289
          0,         913,           0,      -4.117615644,      -1.291513727,      -1.394203532,       1.291986473,      0.9214416688,       2.650858552,      -4.370922833,      -1.299141893,      -1.327521939,       1.112319528,      0.8293293435,       2.503961938
          0,         914,           0,      -4.116560163,      -1.290783024,      -1.391249419,       1.294174226,      0.9206468992,        2.64834755,      -4.369208649,      -1.297534707,      -1.325432963,       1.114178114,      0.8306412033,        2.50034508
          0,         915,           0,      -4.115369921,      -1.290010498,      -1.388277603,       1.296531328,      0.9201043658,       2.646288526,      -4.367479575,      -1.295909621,      -1.323330345,       1.116020983,      0.8313612583,        2.49663294
          0,         916,           0,      -4.114040931,      -1.289191043,      -1.385283752,       1.299057926,      0.9197265418,       2.645180281,      -4.365735777,      -1.294272326,      -1.321224194,       1.117850231,      0.8322485087,       2.492781869
          0,         917,           0,      -4.112569476,      -1.288323709,      -1.382267796,       1.301754291,      0.9203817399,       2.653181613,      -4.363984963,      -1.292622304,      -1.319123501,       1.119664281,       0.833242227,       2.488594042
          0,         918,           0,      -4.110952657,      -1.287422727,      -1.379239911,       1.304618603,      0.9234912513,       2.662098459,      -4.362231424,      -1.290958371,      -1.317003185,       1.121465048,      0.8346487909,       2.484449737
          0,         919,           0,      -4.109183678,      -1.286473097,      -1.376184139,       1.307650382,      0.9224266952,       2.665135333,      -4.360484091,      -1.289279135,      -1.314880837,       1.123253757,       0.836696933,       2.479952899
          0,         920,           0,      -4.107263136,      -1.285476393,        -1.3731212,       1.310846519,      0.9219114254,       2.667730809,      -4.358734726,      -1.287576579,      -1.312749275,       1.125030614,       0.837916258,       2.467969994
          0,         921,           0,      -4.105194315,      -1.284447431,      -1.370050836,       1.314204142,      0.9219471938,       2.665360137,        -4.3569786,      -1.285845616,      -1.310607575,       1.126793973,      0.8394507538,       2.454829194
          0,         922,           0,      -4.102970518,      -1.283364387,      -1.366968258,       1.317727417,       0.921628405,       2.665950175,      -4.355220391,      -1.284095148,       -1.30845694,       1.128540296,      0.8408386589,       2.442871234
          0,         923,           0,      -4.100590617,      -1.282206643,      -1.363859216,        1.32141363,      0.9225786749,       2.666291116,      -4.353458203,          -1.28232,      -1.306286479,       1.130271264,      0.8425988311,        2.43211291
          0,         924,           0,      -4.098057201,       -1.28095728,      -1.360711384,       1.325256315,      0.9223306488,       2.664773824,      -4.351697943,      -1.280520901,      -1.304105435,       1.131985908,       0.844609272,       2.422475297
          0,         925,           0,      -4.095373818,      -1.279613985,      -1.357523974,        1.32924942,      0.9222399483,       2.662385477,       -4.34995106,      -1.278716369,      -1.301934541,       1.133679587,       0.846708493,        2.41395903
          0,         926,           0,      -4.092544944,      -1.278179045,      -1.354301979,       1.333385988,       0.922816583,       2.659523626,      -4.348209478,      -1.276880826,      -1.299757453,       1.135357403,       0.848651637,        2.40655519
          0,         927,           0,      -4.089574208,      -1.276643075,      -1.351048735,       1.337659077,       0.923313414,       2.656232742,      -4.346468196,      -1.275012835,       -1.29756576,       1.137026968,      0.8504499387,       2.400040525
          0,         928,           0,      -4.086466849,      -1.274997535,      -1.347754436,        1.34205927,      0.9237071416,       2.652815276,      -4.344732677,       -1.27310949,      -1.295348948,       1.138690757,      0.8523317151,       2.394391408
          0,         929,           0,      -4.083229251,       -1.27323961,      -1.344419666,       1.346578216,      0.9241957122,       2.648841221,      -4.343008481,      -1.271178447,      -1.293112226,       1.140347248,      0.8543305425,       2.389764968
          0,         930,           0,      -4.079867176,      -1.271377554,      -1.341040608,       1.351206963,      0.9245665944,       2.646495744,      -4.341291682,      -1.269219154,      -1.290853799,       1.141999555,      0.8565862526,        2.38602845
          0,         931,           0,      -4.076388745,      -1.269409021,      -1.337611545,        1.35593594,       0.925173956,       2.645842379,      -4.339586089,      -1.267240645,      -1.288601952,       1.143648436,      0.8586682199,       2.383164389
          0,         932,           0,      -4.072796759,      -1.267302171,      -1.334128743,       1.360757262,      0.9265643525,       2.659329957,      -4.337897833,      -1.265245553,      -1.286357229,       1.145291384,      0.8609389612,       2.381089883
          0,         933,           0,       -4.06910469,      -1.265063122,      -1.330593799,        1.36565667,      0.9276950971,       2.663101249,       -4.33622203,      -1.263219869,      -1.284112604,       1.146934545,      0.8633300174,       2.379750661
          0,         934,           0,      -4.065318614,      -1.262709785,       -1.32699921,       1.370626643,      0.9285187839,       2.655240473,      -4.334546703,      -1.261149607,      -1.281853159,       1.148591677,      0.8658081459,       2.378907266
          0,         935,           0,      -4.061436767,      -1.260218554,       -1.32333778,         1.3756637,       0.928644165,       2.645345082,       -4.33287238,      -1.259048585,      -1.279594044,       1.150260752,      0.8682335215,       2.378773722
          0,         936,           0,      -4.057468883,      -1.257579677,      -1.319608976,       1.380757597,      0.9284885849,       2.637322767,      -4.331207934,      -1.256929841,      -1.277346972,       1.151935908,       0.870765745,       2.379042763
          0,         937,           0,      -4.053422362,       -1.25479938,      -1.315814127,       1.385898704,      0.9282819726,       2.636557044,      -4.329566532,      -1.254800115,      -1.275120711,       1.153607846,      0.8737758353,       2.379549141
          0,         938,           0,       -4.04928883,      -1.251862875,      -1.311957335,       1.391093809,      0.9281484905,       2.627408244,      -4.327953471,      -1.252668073,      -1.272887203,       1.155278146,      0.8770192425,       2.380173933
          0,         939,           0,      -4.045066709,      -1.248760418,      -1.308017772,       1.396342101,      0.9279444708,       2.619843032,      -4.326343101,      -1.250500524,      -1.270644427,       1.156962424,      0.8798594866,       2.381005539
          0,         940,           0,      -4.040756401,      -1.245495357,      -1.303996705,       1.401641747,      0.9276102496,       2.611991001,      -4.324728127,      -1.248297112,      -1.268404686,       1.158667616,      0.8822727951,       2.381999766
          0,         941,           0,      -4.036352127,      -1.242055761,       -1.29988861,       1.406995685,      0.9271291532,       2.604117008,      -4.323119578,      -1.246069535,      -1.266159685,       1.160385385,      0.8848103623,        2.38312978
          0,         942,           0,      -4.031847714,      -1.238444204,       -1.29569136,       1.412406191,      0.9263791971,       2.596486195,      -4.321552223,      -1.243854832,       -1.26390177,       1.162098404,      0.8869407494,       2.384269977
          0,         943,           0,      -4.027232454,      -1.234654645,      -1.291397161,        1.41788132,       0.925663484,       2.592981427,      -4.319980122,      -1.241604405,      -1.261635509,        1.16384184,      0.8893435958,       2.385603792
          0,         944,           0,      -4.022494717,       -1.23069315,       -1.28699922,       1.423427063,      0.9248637204,       2.586010398,      -4.318406255,      -1.239324708,      -1.259365488,       1.165617455,      0.8915547379,        2.38704618
          0,         945,           0,      -4.017618293,      -1.226561566,      -1.282495566,        1.42905956,      0.9238993534,       2.580132461,       -4.31683091,      -1.237025711,      -1.257112656,       1.167432676,      0.8932787897,       2.388574205
          0,         946,           0,      -4.012582721,      -1.222253159,      -1.277882771,       1.434797283,      0.9228054511,       2.575632024,      -4.315242011,      -1.234707398,      -1.254891787,       1.169295061,      0.8948576203,       2.390210501
          0,         947,           0,      -4.007367519,      -1.217760903,      -1.273155213,       1.440658565,      0.9215785594,       2.571012888,      -4.313626062,      -1.232343693,      -1.252655115,       1.171220096,      0.8962206176,       2.392045085
          0,         948,           0,      -4.001948114,      -1.213099943,      -1.268324575,       1.446666202,      0.9196530857,       2.566295893,      -4.311984317,      -1.229943656,      -1.250423765,         1.1732076,      0.8973442578,       2.393739566
          0,         949,           0,      -3.996292782,      -1.208275842,      -1.263393222,       1.452846824,      0.9176323744,       2.562487436,      -4.310306617,      -1.227537467,      -1.248247742,       1.175262933,      0.8983543294,       2.395880578
          0,         950,           0,      -3.990366706,      -1.203279608,       -1.25834824,       1.459235142,      0.9157526938,       2.558987647,      -4.308554613,      -1.225103536,      -1.246072332,       1.177417769,      0.8996219926,       2.398222272
          0,         951,           0,      -3.984129478,      -1.198108196,      -1.253194748,       1.465869547,      0.9139474725,       2.556982792,      -4.306753165,      -1.222652561,      -1.243901236,       1.179653616,      0.9005459136,       2.400478302
          0,         952,           0,      -3.977527746,      -1.192754566,      -1.247923569,       1.472800508,      0.9124823416,       2.555880654,      -4.304906707,      -1.220165053,      -1.241716336,       1.181969795,      0.9011138976,       2.402491509
          0,         953,           0,      -3.970519649,      -1.187238731,      -1.242533484,       1.480062369,      0.9110091626,       2.555549192,      -4.303006001,      -1.217641973,      -1.239517058,       1.184385493,      0.9016996143,       2.404380519
          0,         954,           0,       -3.96307337,      -1.181580364,      -1.237017788,       1.487685094,      0.9094767194,       2.556772432,        -4.3010374,      -1.215094184,      -1.237317276,       1.186911584,      0.9019694493,       2.406292379
          0,         955,           0,      -3.955149726,      -1.175779771,      -1.231386356,       1.495703293,      0.9062127816,       2.556076402,      -4.299011191,      -1.212543515,      -1.235124687,       1.189543399,      0.9026285455,       2.408503106
          0,         956,           0,      -3.946710136,      -1.169837292,      -1.225621346,       1.504156529,      0.9031116149,       2.556293529,      -4.296897685,      -1.209969444,      -1.232959726,       1.192302296,      0.9028849352,       2.410849822
          0,         957,           0,      -3.937725481,      -1.163765704,      -1.219732059,       1.513073712,      0.9001920056,       2.557824044,      -4.294690786,      -1.207365159,      -1.230808364,       1.195195598,      0.9029934843,       2.413327315
          0,         958,           0,      -3.928167544,      -1.157566568,        -1.2137022,       1.522485722,      0.8974667106,       2.559904905,      -4.292390038,      -1.204738427,      -1.228677594,       1.198222911,      0.9030881716,       2.415491802
          0,         959,           0,      -3.918013697,      -1.151231149,      -1.207509752,       1.532419517,      0.8949478813,       2.562174078,       -4.28999575,      -1.202100849,      -1.226566753,       1.201383933,      0.9032903415,       2.418299137
          0,         960,           0,      -3.907251792,       -1.14476432,      -1.201169259,       1.542893157,       0.892559179,       2.562822069,      -4.287505487,       -1.19943984,      -1.224457714,       1.204687827,      0.9033281544,       2.421206636
          0,         961,           0,      -3.895882039,      -1.138167013,      -1.194693838,       1.553911531,      0.8914677657,          2.565966,      -4.284947708,      -1.196776828,      -1.222359607,       1.208113575,       0.903928081,       2.424321913
          0,         962,           0,      -3.883913815,      -1.131440406,      -1.188083276,       1.565471249,      0.8919075908,       2.572889494,      -4.282308432,      -1.194110718,      -1.220288261,        1.21166982,      0.9051512042,       2.427661614
          0,         963,           0,      -3.871369187,       -1.12458676,      -1.181359725,       1.577557923,      0.8884794688,       2.574392338,      -4.279595187,      -1.191437746,      -1.218221707,       1.215355783,      0.9053749735,       2.431043316
          0,         964,           0,       -3.85828098,      -1.117584175,      -1.174519772,       1.590146164,      0.8850130588,        2.57586331,      -4.276805542,      -1.188753026,      -1.216164493,       1.219174183,      0.9056998332,       2.434471152
          0,         965,           0,      -3.844694053,      -1.110401843,      -1.167552192,       1.603199401,      0.8813533553,       2.577861204,      -4.273939965,      -1.186067972,      -1.214107946,       1.223116434,      0.9060183438,       2.437984297
          0,         966,           0,       -3.83066845,      -1.103024774,      -1.160476057,       1.616663606,      0.8788539935,       2.581109052,      -4.270993894,      -1.183379212,      -1.212058835,       1.227184226,      0.9063509184,       2.441584286
          0,         967,           0,      -3.816273056,      -1.095422331,      -1.153315329,       1.630471125,      0.8747807683,       2.584840295,      -4.267972343,      -1.180713137,      -1.210038952,       1.231372199,       0.906954794,       2.446515463
          0,         968,           0,      -3.802133602,      -1.088091862,      -1.146613913,          1.643997,      0.8705048945,       2.587113295,      -4.264884678,      -1.178069016,      -1.208036379,       1.235658097,      0.9075713323,       2.449791619
          0,         969,           0,      -3.799861882,       -1.09225457,      -1.151825456,       1.645568568,      0.8659854421,       2.589037762,       -4.26209411,      -1.175586013,      -1.206072734,       1.239588951,      0.9081951313,       2.452845195
          0,         970,           0,      -3.797839042,      -1.096209008,      -1.157118677,        1.64689453,      0.8615396703,       2.590607875,       -4.25956681,      -1.173256914,      -1.204128708,       1.243192328,      0.9086980454,       2.455663078
          0,         971,           0,      -3.796118293,      -1.099929475,      -1.162485022,       1.647914818,      0.8574697655,       2.592432054,      -4.257234574,       -1.17107491,      -1.202194341,       1.246522903,      0.9091820958,       2.458187657
          0,         972,           0,      -3.794748352,       -1.10340568,      -1.167944673,       1.648577144,      0.8532595149,       2.594207481,      -4.255026373,      -1.169026112,      -1.200265431,       1.249639223,      0.9094036922,       2.460449518
          0,         973,           0,      -3.793762119,      -1.106613354,      -1.173517713,       1.648848724,      0.8492325486,       2.596060728,       -4.25287834,      -1.167090783,      -1.198324462,       1.252600279,      0.9098508078,       2.462493124
          0,         974,           0,      -3.793180588,      -1.109548608,      -1.179208382,       1.648708331,      0.8454246317,       2.597901121,      -4.250740791,      -1.165249312,       -1.19637464,       1.255449439,      0.9101522217,       2.464304883
          0,         975,           0,      -3.793006421,      -1.112220807,      -1.185030122,       1.648155758,      0.8417437823,       2.601909067,      -4.248579408,       -1.16350675,      -1.194441401,       1.258217792,      0.9104248366,       2.465856082
          0,         976,           0,      -3.793230261,      -1.114644457,       -1.19102098,       1.647205819,      0.8382132573,       2.611815752,       -4.24637411,      -1.161835579,      -1.192491978,         1.2609262,      0.9109885157,        2.46708909
          0,         977,           0,      -3.793831881,      -1.116862774,      -1.197203698,       1.645883362,      0.8199313011,       2.605855931,      -4.244107547,      -1.160256176,      -1.190566404,       1.263589095,      0.9116186518,       2.468023022
          0,         978,           0,      -3.794789131,      -1.118895703,        -1.2035062,       1.644213215,      0.8127737533,       2.603088629,      -4.241760248,      -1.158732379,      -1.188636197,       1.266234098,      0.9117329828,       2.468463171
          0,         979,           0,      -3.796058061,      -1.120759039,      -1.209948082,       1.642248656,      0.8057711453,       2.599560852,      -4.239325533,      -1.157253643,      -1.186677328,        1.26887537,      0.9119251385,       2.468285761
          0,         980,           0,      -3.797597912,      -1.122517237,       -1.21652957,       1.640039977,      0.7990852647,       2.596059431,      -4.236822189,      -1.155833153,      -1.184712982,       1.271505642,      0.9114758888,       2.467388922
          0,         981,           0,      -3.799364876,      -1.124189256,      -1.223210804,       1.637641327,      0.7929454248,       2.591736715,      -4.234250923,      -1.154451916,      -1.182736134,       1.274130546,      0.9112880883,       2.466012942
          0,         982,           0,      -3.801319056,      -1.125825266,      -1.230002604,        1.63510228,       0.787292226,       2.588944055,      -4.231627033,      -1.153107493,      -1.180764809,       1.276743314,      0.9106824485,       2.464156104
          0,         983,           0,      -3.803425871,      -1.127467283,      -1.236903303,       1.632463888,      0.7821942724,       2.584724235,      -4.228972776,      -1.151791302,      -1.178760224,       1.279327888,      0.9102291844,       2.461949898
          0,         984,           0,      -3.805653602,      -1.129141176,      -1.243854554,        1.62976334,      0.7777101779,        2.58042873,       -4.22629382,      -1.150525261,      -1.176746415,       1.281878832,      0.9097046491,       2.459461727
          0,         985,           0,      -3.807986049,      -1.130878039,      -1.250793028,       1.627017575,      0.7733086946,       2.574394063,       -4.22359082,      -1.149295722,      -1.174722618,       1.284395582,      0.9091463589,        2.45697446
          0,         986,           0,      -3.810407869,      -1.132690164,      -1.257685512,       1.624236458,      0.7710214013,       2.569620062,      -4.220895425,      -1.148104262,      -1.172701526,       1.286865611,       0.908844251,       2.454080461
          0,         987,           0,      -3.812920631,      -1.134587679,      -1.264467824,       1.621415106,      0.7673144062,       2.565325889,       -4.21821708,      -1.146934042,      -1.170630921,       1.289284171,      0.9084814144,       2.451023482
          0,         988,           0,      -3.815536482,      -1.136584357,      -1.271091851,       1.618533646,      0.7641095394,       2.561718689,      -4.215572721,      -1.145778674,      -1.168518146,       1.291634866,      0.9086409314,       2.448237812
          0,         989,           0,      -3.818272951,      -1.138664216,       -1.27751198,       1.615563192,      0.7618033178,       2.561712686,      -4.212988795,      -1.144645975,      -1.166385033,        1.29389749,      0.9088275912,       2.445594361
          0,         990,           0,      -3.821154572,      -1.140831755,      -1.283711028,       1.612461171,      0.7597483368,       2.561464311,      -4.210490555,      -1.143544587,      -1.164238682,       1.296050413,      0.9090547755,       2.443139043
          0,         991,           0,      -3.824211252,      -1.143074023,      -1.289609598,       1.609176009,      0.7579250519,       2.560596338,      -4.208088536,      -1.142483372,      -1.162106645,       1.298088346,      0.9095185047,       2.441098862
          0,         992,           0,      -3.827475479,      -1.145382911,      -1.295144515,       1.605651112,      0.7563598095,       2.560301161,       -4.20579763,      -1.141467984,      -1.159967985,       1.299998881,      0.9100731923,       2.439508964
          0,         993,           0,      -3.830970894,      -1.147744461,      -1.300290643,       1.601835668,      0.7550450085,        2.56041389,      -4.203638073,      -1.140507677,      -1.157786661,       1.301768456,      0.9106662146,       2.438335647
          0,         994,           0,      -3.834723522,      -1.150138915,      -1.305004327,       1.597680771,      0.7539712972,         2.5613598,      -4.201614939,      -1.139571964,      -1.155583825,       1.303386052,      0.9115261304,       2.437401548
          0,         995,           0,      -3.838756052,      -1.152538508,      -1.309273753,       1.593142251,       0.753715954,       2.564323677,      -4.199747124,      -1.138675336,      -1.153386154,       1.304831752,      0.9126813238,       2.436609283
          0,         996,           0,      -3.843084922,       -1.15493329,      -1.313153019,       1.588183099,       0.753273931,       2.565637869,      -4.198042999,      -1.137815434,      -1.151170355,       1.306097857,      0.9137374969,       2.435891284
          0,         997,           0,      -3.847714621,       -1.15729613,      -1.316591612,       1.582772325,      0.7566428017,       2.569104883,       -4.19650931,      -1.136993663,       -1.14894151,       1.307190015,      0.9147269303,       2.435204369
          0,         998,           0,      -3.852639657,      -1.159614315,        -1.3195673,       1.576890194,       0.751859695,       2.563385285,      -4.195145599,      -1.136226218,       -1.14671243,       1.308109207,       0.915915998,       2.434495474
          0,         999,           0,      -3.857845696,      -1.161892073,      -1.322080786,       1.570530215,      0.7497397902,       2.559495523,      -4.193958619,      -1.135516079,      -1.144476607,       1.308848564,      0.9172318335,       2.433525422
          0,        1000,           0,      -3.863304706,      -1.164123044,      -1.324152113,       1.563704122,      0.7479478922,       2.556209835,      -4.192929912,      -1.134833948,      -1.142208679,       1.309417729,      0.9184466227,       2.432258685
          0,        1001,           0,      -3.868980923,      -1.166295859,       -1.32581527,       1.556439241,       0.746182036,       2.551096215,       -4.19205976,      -1.134182176,      -1.139923318,       1.309823779,      0.9197469531,       2.430728076
          0,        1002,           0,      -3.874827412,      -1.168411319,      -1.327130433,        1.54877637,      0.7443088935,       2.546188708,      -4.191343002,      -1.133571648,      -1.137659392,       1.310074547,      0.9213164397,       2.428928075
          0,        1003,           0,      -3.880785639,      -1.170471996,      -1.328183711,       1.540772021,      0.7441333056,       2.542948772,      -4.190772421,      -1.132987261,       -1.13538149,       1.310176854,      0.9234193193,       2.426894506
          0,        1004,           0,      -3.886799832,      -1.172469582,      -1.328983172,       1.532492321,      0.7419228832,       2.537979174,      -4.190355351,      -1.132434487,       -1.13310383,       1.310129087,      0.9248783122,       2.424782473
          0,        1005,           0,      -3.892817156,      -1.174389373,      -1.329574538,       1.524021676,      0.7396239881,       2.533361725,      -4.190104743,      -1.131931432,       -1.13085865,       1.309935625,      0.9264271607,       2.422338069
          0,        1006,           0,      -3.898769559,       -1.17627151,      -1.329985019,        1.51543873,      0.7370750319,       2.528395718,      -4.190013643,      -1.131465202,      -1.128612525,       1.309603686,      0.9279238075,       2.419815948
          0,        1007,           0,      -3.904588876,      -1.178106734,      -1.330280251,       1.506846455,      0.7344964507,        2.52252856,      -4.190058684,      -1.131028623,      -1.126341419,       1.309150401,      0.9295183612,       2.417374297
          0,        1008,           0,      -3.910227923,        -1.1798991,      -1.330498092,       1.498338903,      0.7319111901,       2.515813015,      -4.190225217,      -1.130620001,      -1.124080799,       1.308587952,      0.9310865644,       2.414889634
          0,        1009,           0,      -3.915644476,      -1.181645457,      -1.330715714,       1.490013512,      0.7294111825,       2.509516293,      -4.190510472,      -1.130239401,       -1.12181459,       1.307922012,      0.9328194396,       2.411995163
          0,        1010,           0,      -3.920800415,      -1.183348869,      -1.330938834,       1.481967892,      0.7270464381,       2.506812985,      -4.190918124,      -1.129888855,      -1.119546625,       1.307157871,      0.9351497724,       2.409103956
          0,        1011,           0,      -3.925667796,      -1.185026555,      -1.331195245,       1.474291443,      0.7246530774,       2.500779553,      -4.191432586,      -1.129581615,      -1.117280271,        1.30632082,      0.9369886024,        2.40620437
          0,        1012,           0,       -3.93022707,      -1.186693674,      -1.331549182,       1.467060409,      0.7220383075,       2.492292777,      -4.192024586,      -1.129339197,      -1.115046532,       1.305428237,      0.9389090068,       2.403433683
          0,        1013,           0,      -3.934478501,      -1.188350577,      -1.331965283,       1.460332005,      0.7193767911,       2.486348543,      -4.192662288,      -1.129140269,      -1.112845769,       1.304503122,      0.9406713521,       2.400424619
          0,        1014,           0,      -3.938414086,      -1.190002009,      -1.332452835,       1.454171597,      0.7163250429,       2.476669583,      -4.193328427,      -1.128962207,      -1.110665476,       1.303563626,      0.9422852368,       2.397467655
          0,        1015,           0,      -3.942038067,      -1.191653556,      -1.333000364,       1.448620581,      0.7129860887,        2.47220207,      -4.194007033,      -1.128800008,      -1.108477796,       1.302627244,      0.9440878206,        2.39466115
          0,        1016,           0,      -3.945363183,      -1.193312073,      -1.333599113,       1.443704299,      0.7101863907,       2.466776335,      -4.194683402,      -1.128659611,      -1.106305388,       1.301708223,      0.9456437627,       2.391931559
          0,        1017,           0,      -3.948401124,      -1.194983181,       -1.33428769,       1.439435737,      0.7074770419,       2.460920579,      -4.195344381,      -1.128531394,      -1.104125712,       1.300822287,      0.9471134567,       2.389654363
          0,        1018,           0,       -3.95116642,      -1.196668101,      -1.335053045,       1.435817504,      0.7048799508,       2.452207645,      -4.195986504,      -1.128431045,       -1.10196557,       1.299976735,      0.9491077388,       2.387053534
          0,        1019,           0,      -3.953682139,        -1.1983573,       -1.33586418,       1.432830027,      0.7024222867,       2.449128881,      -4.196577092,      -1.128343303,      -1.099816278,       1.299197901,      0.9506068664,       2.384548614
          0,        1020,           0,      -3.955965852,      -1.200066524,      -1.336783298,        1.43044907,      0.7000026365,       2.442376884,      -4.197092416,       -1.12825295,      -1.097671448,       1.298507651,      0.9519903552,       2.382103843
          0,        1021,           0,      -3.958029679,      -1.201785735,      -1.337772557,       1.428642013,      0.6976515643,       2.439974809,      -4.197517636,      -1.128177029,      -1.095565267,       1.297924823,      0.9534999659,        2.37969882
          0,        1022,           0,      -3.959892331,      -1.203503348,       -1.33877765,       1.427364675,      0.6956062426,        2.43698985,      -4.197840889,      -1.128106146,      -1.093480415,       1.297462583,      0.9552139319,       2.377057018
          0,        1023,           0,       -3.96157146,      -1.205210435,      -1.339820466,        1.42656529,      0.6935932327,       2.443214407,      -4.198042838,      -1.128042399,      -1.091436549,       1.297140843,      0.9565563201,       2.374811687
          0,        1024,           0,      -3.963085972,      -1.206909582,      -1.340912411,       1.426190277,      0.6923168758,       2.436476798,        -4.1980973,      -1.127967268,      -1.089393685,       1.296989424,      0.9579437764,       2.372768771
          0,        1025,           0,      -3.964454772,       -1.20857763,      -1.342007298,       1.426182183,      0.6907777347,       2.428243471,      -4.197986782,      -1.127907885,      -1.087382842,       1.297021606,      0.9591845027,       2.370525381
          0,        1026,           0,       -3.96569733,      -1.210200077,      -1.343107304,       1.426479968,      0.6887457616,       2.417997936,       -4.19768311,      -1.127856945,      -1.085391182,        1.29726097,      0.9603610483,       2.368410157
          0,        1027,           0,      -3.966834067,      -1.211764718,      -1.344263533,       1.427024431,      0.6868042213,       2.406866149,      -4.197172972,      -1.127824144,      -1.083443947,       1.297717776,      0.9619639187,       2.366029827
          0,        1028,           0,      -3.967887255,      -1.213261251,      -1.345482539,        1.42775634,       0.684864567,       2.398054045,      -4.196433555,      -1.127787413,      -1.081499854,       1.298405633,      0.9632029852,       2.363193826
          0,        1029,           0,      -3.968878471,      -1.214682338,      -1.346734332,        1.42862082,      0.6829335169,       2.391426342,      -4.195453963,      -1.127744375,      -1.079568994,       1.299331787,       0.964563117,       2.359207531
          0,        1030,           0,      -3.969825505,      -1.216022389,      -1.348078339,       1.429570727,      0.6809040272,       2.385133191,      -4.194238088,      -1.127708068,      -1.077669398,       1.300490797,      0.9656675081,       2.355896953
          0,        1031,           0,      -3.970747314,      -1.217270351,      -1.349448239,       1.430562549,      0.6790721366,       2.381151669,      -4.192773975,      -1.127677887,      -1.075792372,       1.301889833,      0.9667731592,       2.353603878
          0,        1032,           0,       -3.97166236,      -1.218447677,      -1.350861544,       1.431555712,      0.6770921648,       2.376232649,      -4.191062742,      -1.127634668,      -1.073915424,        1.30352472,      0.9679625182,       2.351518773
          0,        1033,           0,      -3.972591546,      -1.219544972,      -1.352460855,       1.432512913,      0.6754648484,       2.370826581,      -4.189115302,      -1.127591539,      -1.072077997,       1.305380102,      0.9690817564,       2.349574148
          0,        1034,           0,      -3.973550237,      -1.220543481,      -1.354160915,       1.433406351,      0.6734046932,       2.371662046,      -4.186938288,      -1.127538861,      -1.070259551,        1.30744593,      0.9700918983,       2.347697942
          0,        1035,           0,      -3.974557755,      -1.221447098,      -1.355888997,       1.434207692,      0.6713569018,       2.371826689,      -4.184542475,      -1.127485163,       -1.06845526,       1.309707511,      0.9711118778,       2.345848647
          0,        1036,           0,      -3.975633842,      -1.222258315,      -1.357601433,        1.43489164,      0.6693942817,       2.371388204,      -4.181955899,      -1.127427657,      -1.066665935,        1.31213801,      0.9722039889,       2.344002606
          0,        1037,           0,      -3.976795895,      -1.222981079,       -1.35927854,       1.435438698,        0.66741144,       2.380253412,      -4.179195204,      -1.127370054,      -1.064903412,         1.3147186,      0.9732625691,       2.342346511
          0,        1038,           0,      -3.978055497,      -1.223628731,      -1.360953478,       1.435836316,      0.6654885065,       2.380184739,      -4.176275371,      -1.127307843,      -1.063153472,       1.317435645,       0.974239345,       2.340699388
          0,        1039,           0,      -3.979420464,      -1.224210355,      -1.362567751,       1.436077356,      0.6636275493,       2.379519604,      -4.173232272,      -1.127266182,      -1.061434535,       1.320258096,      0.9749128968,       2.338178784
          0,        1040,           0,      -3.980896415,      -1.224729248,      -1.364097488,       1.436159395,      0.6620004562,        2.37753264,       -4.17007937,      -1.127236503,      -1.059746028,       1.323170977,      0.9755097948,       2.335623834
          0,        1041,           0,      -3.982482389,       -1.22519459,      -1.365542898,       1.436088573,      0.6604099993,       2.379161112,       -4.16683805,      -1.127202205,      -1.058083542,       1.326150376,      0.9760276662,       2.333163896
          0,        1042,           0,      -3.984170884,      -1.225618203,      -1.366924005,       1.435877995,      0.6589552477,       2.403744775,      -4.163528182,      -1.127165997,      -1.056423637,       1.329174295,      0.9769131704,       2.331582423
          0,        1043,           0,      -3.985945493,      -1.226005254,      -1.368234424,       1.435549059,      0.6575308894,       2.430349639,      -4.160163701,      -1.127104444,      -1.054761977,       1.332227349,       0.978387984,       2.329453329
          0,        1044,           0,      -3.987785577,      -1.226367213,      -1.369482512,        1.43512969,      0.6562386761,       2.423178228,      -4.156765451,      -1.127021042,      -1.053119376,       1.335289016,      0.9793840989,        2.32679779
          0,        1045,           0,      -3.989665879,      -1.226705343,      -1.370681449,       1.434651561,      0.6551504893,       2.416459523,      -4.153353669,      -1.126932288,      -1.051534234,       1.338341272,      0.9801539224,       2.324153422
          0,        1046,           0,      -3.991552548,      -1.227029722,      -1.371867211,       1.434153038,      0.6540015598,       2.410309318,      -4.149945515,      -1.126838373,      -1.049963018,       1.341372427,      0.9806023378,       2.321495871
          0,        1047,           0,      -3.993407533,      -1.227349259,       -1.37306229,       1.433674453,      0.6528973448,       2.406723306,      -4.146555692,      -1.126722104,      -1.048402753,       1.344366872,       0.981182002,       2.318847552
          0,        1048,           0,      -3.995191699,      -1.227675338,      -1.374295949,        1.43325841,      0.6518571224,        2.41188278,      -4.143203703,      -1.126579646,      -1.046845143,       1.347305165,      0.9818096038,       2.316311388
          0,        1049,           0,      -3.996859999,      -1.227998823,      -1.375595791,       1.432951072,      0.6508749634,       2.408331659,      -4.139894709,      -1.126408686,      -1.045297727,       1.350181414,      0.9821066158,       2.313637302
          0,        1050,           0,      -3.998368365,      -1.228329049,      -1.376993961,       1.432795868,      0.6499459633,       2.401618727,      -4.136637821,      -1.126212396,      -1.043764775,       1.352992003,      0.9824136783,       2.310909392
          0,        1051,           0,      -3.999673463,      -1.228675812,      -1.378520263,       1.432832974,      0.6490995803,       2.396647589,       -4.13346013,      -1.125987827,       -1.04225459,       1.355725573,      0.9830790729,       2.308151166
          0,        1052,           0,      -4.000736839,      -1.229046536,      -1.380205325,        1.43309611,      0.6483418745,       2.390646368,      -4.130379286,        -1.1257702,      -1.040788686,       1.358366565,      0.9835393262,       2.303349052
          0,        1053,           0,      -4.001525432,      -1.229455889,      -1.382075528,       1.433611449,      0.6477052209,        2.38713313,      -4.127375055,      -1.125539031,      -1.039382531,       1.360918219,      0.9840593896,       2.300829665
          0,        1054,           0,      -4.002013373,      -1.229905939,       -1.38414312,       1.434394815,      0.6473380569,       2.380512195,      -4.124437543,      -1.125284239,      -1.038002116,       1.363388411,      0.9844092594,       2.298050738
          0,        1055,           0,      -4.002186673,      -1.230414693,      -1.386419024,       1.435448666,      0.6468912418,       2.375619115,      -4.121568055,      -1.125003458,      -1.036648665,       1.365773008,      0.9847505475,       2.295238055
          0,        1056,           0,      -4.002047159,       -1.23098199,      -1.388917279,       1.436772152,      0.6465341829,       2.371164344,      -4.118767229,      -1.124686253,      -1.035331934,       1.368068073,      0.9850583766,       2.292485599
          0,        1057,           0,      -4.001614333,      -1.231617431,      -1.391635936,       1.438336748,      0.6463345181,       2.376791389,      -4.116033396,       -1.12433166,      -1.034023877,       1.370279202,      0.9852855022,       2.290019646
          0,        1058,           0,      -4.000918689,      -1.232334017,      -1.394544215,       1.440100831,       0.646190276,       2.373767668,       -4.11337416,      -1.123943522,      -1.032749041,       1.372402389,      0.9857294767,        2.28790215
          0,        1059,           0,      -4.000000625,      -1.233146914,      -1.397618696,       1.442017609,      0.6461299355,       2.372649976,      -4.110784407,      -1.123522322,      -1.031516457,       1.374434526,      0.9860919339,       2.286918828
          0,        1060,           0,      -3.998906758,      -1.234063033,      -1.400827152,       1.444034249,        0.64615567,       2.369986245,      -4.108259531,      -1.123082738,      -1.030324258,       1.376378856,      0.9865068302,       2.286592281
          0,        1061,           0,      -3.997695611,      -1.235092265,       -1.40412744,       1.446090796,      0.6462713013,       2.371658298,      -4.105799439,      -1.122609483,      -1.029170116,       1.378233978,      0.9868894131,       2.283620243
          0,        1062,           0,      -3.996429751,      -1.236242444,      -1.407477022,        1.44812694,      0.6464691033,       2.374412462,      -4.103409952,      -1.122108583,       -1.02807862,       1.379990488,       0.986996623,        2.27932093
          0,        1063,           0,      -3.995173595,      -1.237517583,      -1.410828553,       1.450083606,      0.6467340928,       2.367760091,      -4.101100032,       -1.12158748,      -1.027068757,         1.3816383,      0.9872559184,       2.277029852
          0,        1064,           0,      -3.993990487,      -1.238929583,      -1.414136163,       1.451905902,      0.6470672874,       2.363969303,      -4.098872514,      -1.121048121,      -1.026096212,       1.383179518,      0.9875477624,       2.275474184
          0,        1065,           0,      -3.992938076,      -1.240479203,      -1.417360131,       1.453546557,      0.6474550345,       2.357859941,      -4.096728913,      -1.120490465,       -1.02516211,       1.384610297,      0.9876163004,       2.276093158
          0,        1066,           0,      -3.992064814,      -1.242160381,      -1.420457029,       1.454968284,      0.6478938033,       2.353037426,      -4.094669582,      -1.119921577,      -1.024283451,       1.385928426,      0.9879434119,         2.2778081
          0,        1067,           0,      -3.991411318,      -1.243973371,      -1.423391912,       1.456143885,      0.6485360086,       2.351342084,      -4.092705029,      -1.119354282,      -1.023499628,       1.387126953,      0.9882657417,       2.276313482
          0,        1068,           0,       -3.99100941,      -1.245918182,      -1.426156409,       1.457056894,      0.6497971048,       2.348365739,      -4.090831051,      -1.118764122,      -1.022762285,        1.38820417,      0.9883756288,       2.274124982
          0,        1069,           0,      -3.990880113,      -1.247986115,      -1.428727511,       1.457702186,      0.6528036579,       2.356475565,      -4.089054458,       -1.11816805,      -1.022059125,       1.389157737,      0.9890386348,       2.271818068
          0,        1070,           0,       -3.99103335,      -1.250175837,      -1.431086708,       1.458084723,      0.6542690973,       2.343645759,      -4.087380431,      -1.117559272,      -1.021384697,       1.389986384,      0.9895660373,       2.270004785
          0,        1071,           0,      -3.991467983,      -1.252481588,      -1.433242091,       1.458220473,      0.6533604793,       2.344115124,      -4.085812522,      -1.116928788,      -1.020753408,       1.390685583,      0.9899136199,       2.268635792
          0,        1072,           0,      -3.992169906,      -1.254904345,      -1.435250909,       1.458136486,      0.6531528268,       2.347962386,      -4.084367321,      -1.116291613,      -1.020197136,       1.391238204,      0.9900006131,       2.267492034
          0,        1073,           0,      -3.993114682,      -1.257428184,      -1.437123155,       1.457871816,      0.6530251142,       2.347725163,      -4.083045581,      -1.115648202,      -1.019671643,       1.391649755,      0.9906732571,       2.267361965
          0,        1074,           0,      -3.994275279,      -1.260038944,      -1.438893196,       1.457466239,      0.6529406606,       2.346398315,      -4.081851526,      -1.115009411,      -1.019185154,       1.391918968,       0.990608354,        2.27113561
          0,        1075,           0,      -3.995620259,      -1.262725841,      -1.440605305,       1.456961398,      0.6528759328,       2.348395791,      -4.080790669,       -1.11437146,      -1.018743724,       1.392044611,      0.9905397879,       2.274339096
          0,        1076,           0,      -3.997115677,      -1.265480599,      -1.442313152,       1.456399124,      0.6512690892,        2.34314165,      -4.079862964,      -1.113722158,      -1.018302714,       1.392035609,      0.9910159728,       2.272297319
          0,        1077,           0,      -3.998725739,      -1.268293825,       -1.44408202,       1.455819033,      0.6513123787,       2.338906461,      -4.079082798,       -1.11309547,       -1.01789288,        1.39188671,      0.9908715606,       2.271071049
          0,        1078,           0,      -4.000418867,      -1.271141074,      -1.445992908,       1.455258202,      0.6512297196,       2.339328453,      -4.078449445,      -1.112473411,      -1.017474252,       1.391605499,      0.9909882598,       2.270064175
          0,        1079,           0,       -4.00215664,      -1.274008133,      -1.448088611,       1.454749035,       0.651146843,       2.343190974,      -4.077957328,      -1.111845831,      -1.017034596,       1.391202217,       0.991318824,       2.269346961
          0,        1080,           0,      -4.003906383,      -1.276885074,      -1.450428695,       1.454315643,      0.6509882643,         2.3524036,      -4.077613045,      -1.111226339,      -1.016590655,       1.390671651,      0.9910821533,       2.269323087
          0,        1081,           0,      -4.005640576,      -1.279759157,      -1.453055133,       1.453973278,      0.6505352934,       2.363778967,      -4.077421054,      -1.110635058,      -1.016172865,       1.390015418,      0.9907864702,       2.269263487
          0,        1082,           0,      -4.007339349,      -1.282618048,      -1.456011235,       1.453727102,      0.6499862019,       2.366335285,      -4.077371619,      -1.110047027,       -1.01573319,       1.389249032,      0.9907278395,       2.270526842
          0,        1083,           0,      -4.008989144,      -1.285449383,      -1.459335058,       1.453573196,      0.6494455922,        2.36707083,      -4.077464427,      -1.109483829,      -1.015306952,       1.388375928,      0.9911818173,       2.275319035
          0,        1084,           0,      -4.010584177,      -1.288244381,      -1.463064424,       1.453498031,      0.6488072417,       2.365909634,      -4.077689857,      -1.108917089,      -1.014826067,       1.387414068,      0.9911069214,       2.292853129
          0,        1085,           0,      -4.012125759,      -1.290992557,      -1.467224527,       1.453480819,       0.648009327,       2.365248254,      -4.078039857,      -1.108347457,      -1.014271486,       1.386373086,      0.9912329196,       2.294586755
          0,        1086,           0,      -4.013619801,      -1.293687697,      -1.471837413,       1.453495668,      0.6471328266,       2.362445769,      -4.078513192,      -1.107788622,      -1.013678726,       1.385256411,      0.9909593287,       2.292367696
          0,        1087,           0,      -4.015077255,      -1.296323476,      -1.476922038,       1.453512737,      0.6461162118,       2.362598393,      -4.079099726,      -1.107245603,      -1.013087237,       1.384072457,      0.9910619623,       2.289617573
          0,        1088,           0,      -4.016511342,      -1.298895543,      -1.482489692,       1.453501535,      0.6449260108,       2.363998006,      -4.079787162,      -1.106718114,      -1.012467036,       1.382829419,       0.990780139,        2.28827234
          0,        1089,           0,      -4.017935338,       -1.30140123,      -1.488546907,       1.453432744,      0.6435347193,       2.368087855,      -4.080565725,      -1.106209692,      -1.011817402,       1.381536746,      0.9904055396,       2.288227416
          0,        1090,           0,      -4.019361342,      -1.303832971,      -1.495095188,        1.45328074,      0.6417870094,        2.37363415,      -4.081433363,      -1.105721273,      -1.011146932,       1.380198536,      0.9899642941,         2.2882591
          0,        1091,           0,      -4.020799248,      -1.306194168,      -1.502103296,       1.453023614,      0.6402849866,       2.376492978,      -4.082370571,      -1.105247745,      -1.010458751,       1.378832965,      0.9899245492,       2.289353472
          0,        1092,           0,       -4.02225622,      -1.308486574,      -1.509557321,        1.45264601,      0.6387065545,       2.379719357,      -4.083359845,      -1.104783548,      -1.009750829,       1.377448419,      0.9897939868,       2.290615753
          0,        1093,           0,      -4.023734306,      -1.310716691,      -1.517444449,        1.45214017,      0.6368278882,       2.381510831,      -4.084395212,      -1.104335084,      -1.009008582,       1.376053622,       0.989568278,       2.291975929
          0,        1094,           0,       -4.02523087,      -1.312895254,      -1.525744468,       1.451505222,      0.6348356695,       2.385866579,      -4.085461268,      -1.103895199,      -1.008274186,       1.374655427,      0.9890390569,        2.29327249
          0,        1095,           0,      -4.026742354,      -1.315030655,      -1.534443641,       1.450745134,      0.6327476121,       2.385869658,      -4.086541921,      -1.103457244,      -1.007523156,       1.373265787,      0.9892034878,       2.294836511
          0,        1096,           0,      -4.028261598,      -1.317124265,      -1.543519486,       1.449871316,      0.6304939233,       2.392354023,      -4.087629742,      -1.103018218,      -1.006778762,       1.371887566,      0.9891861872,       2.296595584
          0,        1097,           0,      -4.029780785,      -1.319189798,      -1.552956864,       1.448899908,      0.6281358555,       2.395748293,      -4.088717482,      -1.102597766,      -1.006068366,       1.370525162,      0.9890054406,       2.298534959
          0,        1098,           0,      -4.031290098,      -1.321235257,      -1.562715362,       1.447849188,      0.6256440104,       2.393244876,      -4.089795673,      -1.102179157,      -1.005379046,       1.369184897,      0.9895094889,       2.301175038
          0,        1099,           0,      -4.032778109,      -1.323272423,      -1.572733773,       1.446738287,      0.6228609194,       2.394650999,      -4.090847261,      -1.101749931,      -1.004683345,       1.367883897,      0.9893686718,       2.303817146
          0,        1100,           0,      -4.034236992,      -1.325315491,      -1.582960917,       1.445585975,      0.6200699159,       2.401593045,      -4.091871969,      -1.101315086,      -1.004010203,       1.366622687,      0.9894136192,       2.308328995
          0,        1101,           0,      -4.035663297,      -1.327373968,      -1.593331467,       1.444410234,      0.6164532347,       2.401537319,      -4.092861395,      -1.100886811,      -1.003373509,       1.365409961,      0.9890695204,       2.309154657
          0,        1102,           0,       -4.03705759,      -1.329460543,      -1.603764682,       1.443226099,       0.613300374,       2.400740162,      -4.093809306,      -1.100465103,      -1.002779864,       1.364256335,        0.98885384,       2.310119443
          0,        1103,           0,      -4.038425502,      -1.331583866,      -1.614180824,       1.442044193,        0.61018039,       2.397283489,      -4.094722215,      -1.100051189,      -1.002210693,          1.363164,      0.9887130609,       2.311020145
          0,        1104,           0,      -4.039777885,      -1.333750021,      -1.624486896,       1.440869953,      0.6069959756,       2.397835144,      -4.095593389,      -1.099640469,      -1.001658867,       1.362138709,      0.9883542386,       2.312123725
          0,        1105,           0,      -4.041129677,      -1.335966225,      -1.634574905,       1.439703924,      0.6037400788,       2.394972188,      -4.096420974,      -1.099234229,      -1.001142727,       1.361183962,      0.9880155814,       2.313146507
          0,        1106,           0,      -4.042499935,       -1.33824135,      -1.644359365,       1.438542531,      0.6004482979,       2.391679658,      -4.097194315,      -1.098826977,      -1.000682105,       1.360318542,      0.9877105989,       2.314231471
          0,        1107,           0,      -4.043909604,      -1.340578289,      -1.653687495,       1.437378135,      0.5972578458,       2.391530793,       -4.09790721,      -1.098413903,       -1.00022973,       1.359550935,      0.9878271002,       2.315271579
          0,        1108,           0,      -4.045382788,      -1.342978108,      -1.662433388,       1.436196199,      0.5940373125,       2.389464894,      -4.098550742,       -1.09799375,     -0.9997758181,       1.358894317,      0.9874812631,       2.316197477
          0,        1109,           0,      -4.046942288,      -1.345441906,      -1.670474412,        1.43498057,      0.5908527556,        2.39202339,      -4.099123496,      -1.097567162,     -0.9993576743,       1.358350797,      0.9873021611,       2.317051884
          0,        1110,           0,      -4.048607107,      -1.347971077,      -1.677697639,        1.43371735,      0.5877985085,       2.389474978,      -4.099634014,      -1.097145956,     -0.9989493702,       1.357925847,       0.987160969,       2.319451173
          0,        1111,           0,      -4.050394841,        -1.3505642,      -1.683985847,       1.432392127,      0.5849635693,       2.390426681,      -4.100074464,      -1.096723392,     -0.9985606943,       1.357627004,      0.9873418887,        2.32017709
          0,        1112,           0,      -4.052318016,      -1.353218547,      -1.689277292,       1.430991184,      0.5819872095,       2.391701217,      -4.100442352,      -1.096291639,     -0.9981905063,       1.357455061,      0.9872929582,       2.320886276
          0,        1113,           0,      -4.054385279,      -1.355935215,      -1.693532062,       1.429501076,      0.5788978962,        2.39495483,      -4.100730768,      -1.095841524,     -0.9978214682,       1.357423736,      0.9875500827,       2.321554087
          0,        1114,           0,      -4.056599318,      -1.358712509,      -1.696745781,       1.427912755,       0.574984576,       2.398544557,      -4.100940955,      -1.095387389,     -0.9974370609,        1.35753545,      0.9872714849,       2.322140808
          0,        1115,           0,      -4.058955946,      -1.361544122,      -1.698934999,       1.426222819,      0.5716517312,       2.401285719,      -4.101074834,      -1.094942621,     -0.9970726412,       1.357791488,      0.9869072033,       2.322793926
          0,        1116,           0,      -4.061443789,      -1.364424501,       -1.70014324,       1.424432868,       0.568711352,       2.404188126,      -4.101129038,      -1.094490985,     -0.9966996586,        1.35819649,      0.9868213632,       2.323483567
          0,        1117,           0,      -4.064043669,      -1.367343835,      -1.700448023,       1.422550542,      0.5658699243,       2.398246223,      -4.101121409,      -1.094047317,     -0.9963228303,       1.358737664,      0.9867341874,       2.324503679
          0,        1118,           0,      -4.066727348,      -1.370294584,      -1.699950867,       1.420590466,       0.563045363,       2.394358673,      -4.101029868,      -1.093607248,     -0.9959371346,       1.359428162,      0.9867940867,       2.324301152
          0,        1119,           0,      -4.069458895,      -1.373269295,      -1.698774151,       1.418573554,      0.5603411324,       2.390781501,      -4.100868325,      -1.093174857,     -0.9955406508,       1.360249283,       0.986203625,       2.323961977
          0,        1120,           0,      -4.072195572,      -1.376259739,       -1.69704675,       1.416526665,      0.5577264558,       2.390123856,      -4.100620263,      -1.092730018,     -0.9951380655,       1.361206097,      0.9858816442,       2.323590044
          0,        1121,           0,      -4.074889012,      -1.379260128,      -1.694909679,       1.414481509,      0.5552336074,       2.395116138,      -4.100292923,      -1.092282894,     -0.9947529396,       1.362292448,      0.9860469281,       2.323167987
          0,        1122,           0,      -4.077487126,      -1.382262843,      -1.692497437,       1.412473852,       0.553309576,       2.398604366,      -4.099883875,      -1.091841923,     -0.9943382927,       1.363510491,      0.9858506395,       2.322643746
          0,        1123,           0,      -4.079936562,      -1.385263454,      -1.689942388,       1.410541663,      0.5525646965,       2.394966822,      -4.099398983,      -1.091397738,     -0.9939051168,       1.364848001,      0.9854008534,       2.322045771
          0,        1124,           0,      -4.082180805,      -1.388242975,      -1.687334638,       1.408728279,      0.5568732847,       2.391854761,      -4.098840063,      -1.090941592,     -0.9934684987,       1.366295505,      0.9847253693,       2.321420773
          0,        1125,           0,      -4.084174603,      -1.391230106,      -1.684859458,       1.407067512,      0.5579881361,       2.388392396,      -4.098208705,      -1.090501004,     -0.9930315139,       1.367853199,      0.9847035223,       2.320735688
          0,        1126,           0,      -4.085877852,      -1.394196663,      -1.682561947,       1.405590977,      0.5538357316,       2.387127672,      -4.097502666,       -1.09005727,     -0.9925796708,       1.369515666,      0.9859289903,       2.320219362
          0,        1127,           0,      -4.087253531,      -1.397136988,      -1.680517648,       1.404330445,      0.5500769096,       2.386167299,       -4.09672688,      -1.089605196,     -0.9921108172,       1.371269711,      0.9864347904,       2.320167323
          0,        1128,           0,      -4.088275395,      -1.400048245,      -1.678788102,         1.4033112,       0.546570829,       2.382186028,      -4.095891766,      -1.089147894,     -0.9916328436,       1.373101663,      0.9874353593,       2.319442536
          0,        1129,           0,      -4.088929233,      -1.402927954,      -1.677418147,       1.402551662,      0.5426094776,        2.38405981,      -4.095003416,      -1.088709774,     -0.9911521534,       1.375004672,      0.9872881333,       2.318884194
          0,        1130,           0,      -4.089210667,      -1.405774254,      -1.676439845,       1.402062928,      0.5391767194,       2.373578917,      -4.094068449,      -1.088277179,     -0.9906775148,       1.376966129,      0.9875613183,       2.320402842
          0,        1131,           0,      -4.089128148,       -1.40859087,       -1.67586936,       1.401846381,      0.5359846596,       2.371374615,      -4.093093548,      -1.087853789,      -0.990212644,       1.378979842,      0.9873723575,       2.328593037
          0,        1132,           0,      -4.088699615,      -1.411371644,      -1.675706671,       1.401895566,      0.5331859987,       2.367530464,      -4.092073941,      -1.087444927,      -0.989751531,       1.381048471,      0.9872326713,       2.359106409
          0,        1133,           0,      -4.087954111,       -1.41411928,       -1.67594644,       1.402196937,      0.5297005631,       2.362947367,      -4.091016221,      -1.087041801,     -0.9892768061,       1.383160507,      0.9883736332,       2.367746217
          0,        1134,           0,      -4.086928013,      -1.416829951,       -1.67657299,       1.402731063,      0.5262781844,       2.358977779,      -4.089918865,       -1.08663114,     -0.9887893346,       1.385309546,      0.9887485951,        2.34963217
          0,        1135,           0,      -4.085663061,      -1.419510259,       -1.67757431,       1.403473911,       0.524015931,       2.356225462,      -4.088786335,      -1.086221139,     -0.9883018403,        1.38749013,      0.9884028338,       2.335815346
          0,        1136,           0,      -4.084205439,      -1.422161356,       -1.67891372,       1.404395037,      0.5219789237,       2.354334908,      -4.087624357,      -1.085832827,     -0.9878410009,       1.389697188,      0.9883393473,       2.325479292
          0,        1137,           0,      -4.082602765,      -1.424782915,      -1.680564165,       1.405463169,      0.5192144118,       2.351793565,      -4.086429376,      -1.085441054,       -0.98737663,       1.391931555,      0.9886462804,        2.31790309
          0,        1138,           0,      -4.080901267,      -1.427377736,      -1.682493793,       1.406646059,      0.5165977679,       2.354649567,       -4.08519899,      -1.085050455,     -0.9868955807,        1.39419283,       0.988854502,       2.312129721
          0,        1139,           0,       -4.07914377,      -1.429950844,      -1.684667295,       1.407912884,      0.5141073035,       2.356595607,      -4.083942618,      -1.084673494,     -0.9864160327,       1.396469127,      0.9882589652,       2.307773882
          0,        1140,           0,       -4.07736896,      -1.432506831,      -1.687051156,       1.409235309,       0.511758383,       2.358689154,      -4.082663038,      -1.084303688,      -0.985938927,       1.398759302,      0.9878110026,       2.304384447
          0,        1141,           0,      -4.075609936,      -1.435049617,       -1.68961421,       1.410588364,       0.509605172,       2.361604679,      -4.081356017,      -1.083929581,     -0.9854566529,       1.401063464,      0.9886025421,       2.301673501
          0,        1142,           0,      -4.073893567,      -1.437583599,        -1.6923298,       1.411951324,      0.5073516914,        2.35608211,      -4.080024765,      -1.083554729,     -0.9849685125,       1.403377222,      0.9882275496,       2.299384083
          0,        1143,           0,      -4.072240187,       -1.44011035,      -1.695174724,       1.413308112,      0.5051235169,       2.350793052,      -4.078674776,      -1.083193962,     -0.9844997636,       1.405693889,      0.9894395888,       2.297413204
          0,        1144,           0,      -4.070663344,      -1.442630284,      -1.698132747,       1.414647543,      0.5028887574,       2.343472822,      -4.077315934,      -1.082843803,     -0.9840291772,       1.408007548,      0.9893826499,       2.295767217
          0,        1145,           0,      -4.069170503,      -1.445145487,      -1.701191697,       1.415962969,      0.5006400178,       2.337757487,      -4.075945336,      -1.082511414,     -0.9835711113,       1.410319237,      0.9899426883,       2.294343763
          0,        1146,           0,      -4.067761925,      -1.447654001,      -1.704347995,        1.41725286,      0.4983652003,       2.336391889,      -4.074555754,      -1.082188174,     -0.9831136563,        1.41263326,      0.9903805298,       2.293421224
          0,        1147,           0,      -4.066432592,      -1.450154783,      -1.707603307,       1.418519712,      0.4960586243,       2.338788454,      -4.073150874,      -1.081877291,     -0.9826746502,       1.414947538,      0.9909267089,       2.294280922
          0,        1148,           0,      -4.065172241,      -1.452644064,      -1.710968708,       1.419769739,      0.4937289921,       2.336740611,      -4.071723514,      -1.081567952,     -0.9822140868,       1.417264034,      0.9921122317,       2.294213737
          0,        1149,           0,      -4.063966675,      -1.455118653,      -1.714460602,       1.421011907,       0.491419522,       2.332645379,       -4.07027171,      -1.081262605,     -0.9817341387,       1.419581306,      0.9931603814,       2.292842049
          0,        1150,           0,      -4.062798434,      -1.457574367,      -1.718101327,        1.42225755,      0.4893147883,        2.32730727,      -4.068795967,      -1.080970262,     -0.9812550305,        1.42189716,      0.9933012621,       2.290946751
          0,        1151,           0,      -4.061647698,      -1.460006192,      -1.721917744,       1.423519594,      0.4882786979,       2.325975398,      -4.067299402,      -1.080682305,     -0.9807787533,        1.42420673,      0.9949333866,       2.288795782
          0,        1152,           0,      -4.060493623,      -1.462408113,      -1.725939871,       1.424811577,      0.4872618202,       2.327982251,      -4.065779129,        -1.0803973,     -0.9803067074,       1.426508605,      0.9946435114,       2.286775718
          0,        1153,           0,      -4.059315174,      -1.464775939,      -1.730200298,       1.426146638,      0.4845893693,       2.322061157,      -4.064230964,      -1.080129592,      -0.979843172,       1.428807921,      0.9955519816,        2.28491473
          0,        1154,           0,      -4.058094607,      -1.467107098,      -1.734734534,       1.427534646,      0.4831139999,       2.317443597,      -4.062659752,      -1.079872245,     -0.9793738184,       1.431098787,      0.9969326752,       2.283708534
          0,        1155,           0,      -4.056816387,      -1.469392882,      -1.739584652,        1.42898314,      0.4800946279,       2.314472227,      -4.061060398,      -1.079611597,     -0.9788870867,       1.433387577,      0.9974260539,       2.284360806
          0,        1156,           0,      -4.055469012,      -1.471623447,      -1.744774133,       1.430496071,      0.4770324726,        2.30956129,      -4.059428236,      -1.079358462,     -0.9784010157,       1.435677294,      0.9981007888,       2.292234171
          0,        1157,           0,      -4.054042888,      -1.473789232,      -1.750327803,       1.432076612,      0.4739416922,       2.304216353,      -4.057769196,       -1.07912732,     -0.9779086795,       1.437965509,       0.998318684,       2.291816272
          0,        1158,           0,      -4.052532103,       -1.47588354,      -1.756268131,       1.433725114,      0.4707978987,       2.300133797,      -4.056080278,      -1.078901454,      -0.977397498,       1.440250386,      0.9982676394,       2.289747818
          0,        1159,           0,      -4.050935528,      -1.477901505,      -1.762610458,       1.435437907,      0.4676527056,       2.298124241,      -4.054363037,      -1.078692002,     -0.9769016182,       1.442524016,      0.9984010155,       2.287175948
          0,        1160,           0,      -4.049257645,      -1.479834315,      -1.769358595,        1.43720672,       0.464501124,       2.293306741,      -4.052611331,      -1.078506516,     -0.9764119369,       1.444793255,      0.9989887418,       2.285075595
          0,        1161,           0,      -4.047507707,      -1.481689075,      -1.776522243,       1.439019375,      0.4613560679,       2.289382093,      -4.050830393,        -1.0783304,     -0.9759304056,        1.44705042,      0.9988316265,       2.284013994
          0,        1162,           0,      -4.045700294,      -1.483451537,      -1.784075418,       1.440859556,      0.4580813104,       2.285987785,      -4.049016615,      -1.078157787,     -0.9754413192,       1.449299167,      0.9986802379,       2.281947869
          0,        1163,           0,      -4.043854038,      -1.485116644,      -1.791972801,       1.442708011,      0.4546778744,       2.281337429,      -4.047168072,       -1.07798333,     -0.9749353923,       1.451541713,       0.998769214,        2.27975346
          0,        1164,           0,      -4.041991101,      -1.486686839,      -1.800164772,        1.44454325,      0.4512351344,       2.280289345,      -4.045292008,      -1.077824551,     -0.9744288704,        1.45377275,      0.9987639279,       2.277822506
          0,        1165,           0,       -4.04013629,      -1.488164338,      -1.808586692,       1.446342133,      0.4478669482,       2.279933356,      -4.043391156,      -1.077676405,     -0.9739174761,       1.455988147,      0.9994909032,       2.276167125
          0,        1166,           0,      -4.038316264,      -1.489551729,       -1.81715588,       1.448080672,      0.4443657511,       2.273108189,      -4.041462228,      -1.077540541,     -0.9734094198,       1.458192128,       1.000226977,       2.274300664
          0,        1167,           0,      -4.036558435,      -1.490854063,      -1.825765843,       1.449734801,      0.4408440007,       2.268213351,      -4.039511529,      -1.077416104,     -0.9728971601,       1.460381461,       1.001052553,       2.272820461
          0,        1168,           0,      -4.034889539,      -1.492075141,       -1.83429114,       1.451281715,      0.4372831486,       2.264442699,      -4.037546868,      -1.077304806,     -0.9723839114,       1.462547715,        1.00107797,       2.270986932
          0,        1169,           0,      -4.033336108,      -1.493225658,      -1.842595024,       1.452699222,      0.4337381832,        2.26359942,      -4.035572142,       -1.07720494,     -0.9718576227,       1.464690237,        1.00202399,       2.269148742
          0,        1170,           0,      -4.031923325,      -1.494314132,       -1.85052415,        1.45396643,      0.4301650084,       2.268489878,      -4.033587829,      -1.077121157,     -0.9713072209,       1.466811121,        1.00238584,       2.267408561
          0,        1171,           0,      -4.030674372,      -1.495347456,      -1.857911459,       1.455064762,      0.4259782073,       2.264708112,      -4.031601991,      -1.077062223,     -0.9707720593,       1.468900775,       1.002489255,        2.26610808
          0,        1172,           0,      -4.029609789,      -1.496344415,      -1.864587133,       1.455978301,      0.4192643428,       2.263682516,      -4.029624583,      -1.077032838,      -0.970254125,       1.470947894,       1.003255881,       2.266169227
          0,        1173,           0,      -4.028746593,       -1.49730941,      -1.870375071,       1.456694248,       0.414611403,       2.263815711,      -4.027655161,       -1.07701224,     -0.9697157784,       1.472954977,       1.003810748,       2.266934008
          0,        1174,           0,      -4.028100616,       -1.49824841,      -1.875112757,       1.457200522,      0.4100501533,       2.263659635,       -4.02569964,      -1.077004151,     -0.9691636846,       1.474918502,        1.00485883,       2.264242683
          0,        1175,           0,      -4.027685694,      -1.499176007,      -1.878650465,       1.457487028,      0.4055166488,       2.256888305,      -4.023765503,      -1.077011575,     -0.9686016396,       1.476837116,       1.006362866,       2.262122968
          0,        1176,           0,      -4.027513079,      -1.500103136,      -1.880863832,       1.457545684,      0.4011104554,       2.248669494,      -4.021858626,      -1.077032725,     -0.9680409728,       1.478704346,        1.00753851,         2.2601448
          0,        1177,           0,      -4.027591823,      -1.501046253,      -1.881661781,       1.457370263,      0.3966126348,       2.240442048,      -4.019993155,      -1.077061888,     -0.9674738799,       1.480508923,       1.008145652,       2.258648103
          0,        1178,           0,      -4.027928467,      -1.502019324,      -1.880999629,       1.456956572,      0.3921522578,       2.235044936,      -4.018170425,      -1.077105606,     -0.9669043859,       1.482250043,       1.009280762,       2.257317144
          0,        1179,           0,      -4.028527157,       -1.50303213,      -1.878878141,       1.456302371,      0.3878394641,       2.233995523,      -4.016396892,      -1.077174629,     -0.9663445474,       1.483922168,       1.009806618,        2.25530946
          0,        1180,           0,      -4.029389191,       -1.50409374,      -1.875338681,       1.455407803,       0.383517391,       2.232330154,      -4.014677144,      -1.077249553,     -0.9657748501,       1.485525199,       1.010372159,       2.253471233
          0,        1181,           0,      -4.030514123,      -1.505219328,      -1.870459254,       1.454274236,      0.3792372685,       2.229124652,      -4.013014448,      -1.077336745,     -0.9651889235,       1.487059376,       1.012045432,       2.251719958
          0,        1182,           0,       -4.03189887,      -1.506420055,      -1.864348031,       1.452905197,      0.3751227172,       2.220051796,      -4.011418065,      -1.077449739,     -0.9646130721,        1.48851448,       1.013184344,        2.24999036
          0,        1183,           0,      -4.033538895,      -1.507703154,      -1.857144471,       1.451305255,       0.370473425,       2.217264497,      -4.009894164,      -1.077586987,     -0.9640350771,       1.489884701,       1.014145888,       2.248489338
          0,        1184,           0,      -4.035427923,      -1.509074415,      -1.849001982,       1.449480181,      0.3637202467,       2.216741942,      -4.008446341,      -1.077731925,       -0.96343518,       1.491167083,       1.014946725,       2.247447442
          0,        1185,           0,      -4.037557702,      -1.510536217,      -1.840089457,       1.447437649,      0.3585085965,        2.22720525,      -4.007083632,      -1.077899905,     -0.9628568236,       1.492351078,       1.016293091,       2.246505446
          0,        1186,           0,      -4.039918454,      -1.512089802,      -1.830568555,       1.445186185,      0.3541990663,       2.228555038,      -4.005800511,      -1.078073972,     -0.9622732753,       1.493446901,        1.01738241,        2.24492756
          0,        1187,           0,      -4.042499196,      -1.513737639,      -1.820596808,       1.442735015,      0.3499729283,       2.227979678,      -4.004604676,      -1.078256648,     -0.9616891638,       1.494450484,       1.018829311,       2.243452417
          0,        1188,           0,       -4.04528702,      -1.515477781,      -1.810328011,       1.440095151,      0.3459904111,       2.227429313,      -4.003497216,      -1.078450317,     -0.9610984339,       1.495362217,       1.019846904,       2.242058719
          0,        1189,           0,      -4.048266934,       -1.51730052,      -1.799899691,       1.437279238,      0.3415931445,       2.232412158,      -4.002473866,      -1.078645222,     -0.9604782762,       1.496186595,       1.021366452,       2.240782674
          0,        1190,           0,      -4.051421836,      -1.519200082,      -1.789441505,        1.43430203,      0.3376628459,       2.240264294,      -4.001538098,       -1.07884234,     -0.9598587825,       1.496922449,       1.022552927,       2.239567721
          0,        1191,           0,      -4.054731662,      -1.521167953,       -1.77906191,       1.431181088,      0.3337731488,        2.23478794,      -4.000691695,      -1.079051091,     -0.9592333717,       1.497565564,       1.023561416,       2.238686131
          0,        1192,           0,      -4.058174335,       -1.52319314,       -1.76885842,       1.427936117,      0.3300331581,       2.236706458,       -3.99993667,      -1.079270425,     -0.9585995305,       1.498114347,       1.025026339,       2.238050045
          0,        1193,           0,      -4.061725242,      -1.525261106,      -1.758915267,       1.424589548,      0.3263987443,       2.231633383,      -3.999280968,      -1.079494551,     -0.9579685434,       1.498559799,         1.0265245,       2.237006912
          0,        1194,           0,      -4.065356218,      -1.527354733,      -1.749307776,       1.421167441,      0.3231296848,       2.228039162,      -3.998724847,       -1.07973784,     -0.9573594988,       1.498903925,       1.027945779,       2.236178234
          0,        1195,           0,      -4.069037239,      -1.529459817,      -1.740102897,       1.417698054,      0.3196969849,       2.224234804,      -3.998263168,      -1.079992479,     -0.9567572847,       1.499154669,       1.029082484,       2.235510454
          0,        1196,           0,      -4.072735421,      -1.531557758,      -1.731350437,       1.414212638,      0.3161270738,        2.21943601,      -3.997886888,       -1.08024345,     -0.9561405498,       1.499320518,       1.030702521,       2.234882539
          0,        1197,           0,      -4.076415597,      -1.533632782,      -1.723092008,       1.410745075,      0.3126634293,       2.215594875,      -3.997593393,      -1.080496994,     -0.9555226313,       1.499404249,       1.032178238,       2.234018433
          0,        1198,           0,      -4.080041183,      -1.535665107,      -1.715363591,        1.40733116,      0.3094626904,       2.213011796,      -3.997383214,      -1.080754044,     -0.9549074175,       1.499407439,       1.033870121,        2.23331389
          0,        1199,           0,      -4.083574404,      -1.537633286,      -1.708196178,       1.404008159,       0.306167264,       2.210412081,      -3.997253288,      -1.081007635,     -0.9542852119,       1.499333269,          1.035911,       2.232966548
          0,        1200,           0,      -4.086977031,      -1.539525188,      -1.701616402,       1.400814248,      0.3030450087,       2.211216733,      -3.997200357,       -1.08125619,     -0.9536806452,       1.499184703,       1.037751857,       2.233000783
          0,        1201,           0,      -4.090210852,      -1.541324458,      -1.695646926,       1.397787887,      0.3001902709,       2.210356988,      -3.997215938,      -1.081499879,     -0.9530640696,       1.498971524,       1.039690129,        2.23464634
          0,        1202,           0,      -4.093238964,      -1.543018122,      -1.690306046,       1.394966508,      0.2971018575,       2.215404639,      -3.997300448,      -1.081730925,     -0.9524380679,       1.498693716,       1.041840048,       2.233888934
          0,        1203,           0,      -4.096026748,      -1.544597943,      -1.685604425,       1.392385323,      0.2943192944,       2.218241664,       -3.99744903,      -1.081964736,     -0.9518178491,        1.49835367,       1.043700929,       2.232519674
          0,        1204,           0,      -4.098542938,      -1.546053415,      -1.681549453,       1.390076461,       0.291934133,        2.22692059,      -3.997659443,      -1.082196545,     -0.9512036563,       1.497955468,       1.045280427,       2.231268431
          0,        1205,           0,      -4.100760595,      -1.547379961,      -1.678144886,       1.388067692,      0.2893049886,       2.241857603,      -3.997930169,       -1.08241981,     -0.9505941094,       1.497504804,       1.047245853,       2.230147686
          0,        1206,           0,      -4.102657676,      -1.548572874,      -1.675390293,       1.386381764,      0.2864020645,        2.24055801,      -3.998257642,      -1.082641455,      -0.949971317,       1.497003965,       1.048934789,       2.229293571
          0,        1207,           0,      -4.104218157,      -1.549628501,      -1.673283918,       1.385035191,      0.2825960368,       2.238349276,       -3.99863006,      -1.082860386,     -0.9493592922,       1.496465718,       1.050870257,       2.229056644
          0,        1208,           0,      -4.105432155,       -1.55054618,      -1.671816395,       1.384038182,      0.2794387182,         2.2395444,      -3.999048543,      -1.083071872,     -0.9487571051,       1.495889932,       1.052577537,       2.227907007
          0,        1209,           0,      -4.106297047,      -1.551338468,      -1.670980537,       1.383393301,      0.2767167196,       2.242685678,      -3.999515642,      -1.083270008,     -0.9481553894,       1.495272325,       1.054314919,       2.226923426
          0,        1210,           0,      -4.106817738,       -1.55201554,      -1.670765228,       1.383095177,      0.2751649779,       2.247444524,      -4.000022188,       -1.08346947,      -0.947566133,       1.494623013,       1.055867317,       2.226443855
          0,        1211,           0,      -4.107004997,      -1.552583478,      -1.671155878,       1.383132249,      0.2727452185,       2.248680903,      -4.000563121,      -1.083658779,     -0.9469918722,       1.493948396,       1.057829484,       2.227185156
          0,        1212,           0,      -4.106875889,      -1.553062633,      -1.672130561,       1.383486318,      0.2701762979,       2.250216475,      -4.001138956,       -1.08383324,     -0.9464249485,       1.493246511,       1.059595558,       2.226041746
          0,        1213,           0,      -4.106452841,      -1.553466663,      -1.673667956,        1.38413349,      0.2677911888,       2.252668229,      -4.001739365,      -1.083993734,     -0.9458553789,       1.492529436,       1.061402921,        2.22481681
          0,        1214,           0,      -4.105761929,      -1.553828439,      -1.675738549,       1.385045573,      0.2651368946,       2.256447709,      -4.002361876,       -1.08413487,     -0.9452836805,       1.491800726,        1.06318763,       2.223878593
          0,        1215,           0,       -4.10483273,      -1.554160146,      -1.678315313,       1.386190839,      0.2624772688,       2.267636818,      -4.003006522,      -1.084270275,     -0.9447191968,       1.491059199,       1.064752368,       2.223145628
          0,        1216,           0,      -4.103697723,        -1.5544768,       -1.68136727,       1.387535269,      0.2596261017,       2.269368905,      -4.003674951,       -1.08439631,     -0.9441738734,       1.490302835,       1.066260757,       2.222110456
          0,        1217,           0,      -4.102390997,      -1.554798395,       -1.68485996,        1.38904357,      0.2566239299,       2.276035788,      -4.004363227,      -1.084511155,     -0.9436313863,       1.489537658,       1.067892377,        2.22153902
          0,        1218,           0,      -4.100946986,       -1.55514564,      -1.688759563,       1.390680392,       0.253697039,       2.276281162,      -4.005070562,      -1.084618481,     -0.9430916801,       1.488762654,       1.069851805,       2.220540147
          0,        1219,           0,      -4.099399521,      -1.555538721,        -1.6930276,       1.392411151,      0.2522049188,       2.273672445,      -4.005793634,      -1.084720722,     -0.9425436687,       1.487983281,        1.07159443,       2.219131453
          0,        1220,           0,      -4.097781197,      -1.555997729,      -1.697625551,       1.394202875,      0.2458471326,       2.272376912,      -4.006528866,       -1.08481825,     -0.9420070688,       1.487202386,       1.073203369,       2.218024791
          0,        1221,           0,      -4.096121972,      -1.556536709,      -1.702516069,       1.396025487,      0.2416327823,       2.273641914,      -4.007276738,      -1.084902041,     -0.9414622222,       1.486416657,       1.075290095,       2.216791547
          0,        1222,           0,      -4.094449431,      -1.557171324,      -1.707659809,       1.397851569,      0.2373953853,       2.284021692,      -4.008038983,       -1.08498469,     -0.9409114247,       1.485626486,        1.07674222,       2.215665754
          0,        1223,           0,      -4.092788526,      -1.557911179,      -1.713017887,       1.399656344,      0.2332814924,       2.285184254,      -4.008825826,      -1.085065735,     -0.9404052486,        1.48482112,       1.078166399,       2.214572422
          0,        1224,           0,      -4.091163245,      -1.558773276,      -1.718554862,       1.401416617,      0.2292791845,       2.281295153,      -4.009627588,      -1.085135314,     -0.9399078522,       1.484011946,       1.080200453,       2.213268639
          0,        1225,           0,      -4.089593927,      -1.559765585,      -1.724233814,       1.403112921,      0.2257921676,       2.284249665,       -4.01044228,      -1.085192594,     -0.9394043208,       1.483201132,       1.082373425,       2.211898745
          0,        1226,           0,      -4.088097936,      -1.560899757,      -1.730028431,       1.404728691,      0.2212932961,       2.289774703,      -4.011273536,       -1.08524314,     -0.9389116727,       1.482384262,        1.08482534,       2.210668402
          0,        1227,           0,      -4.086689183,      -1.562175743,      -1.735910374,        1.40625089,      0.2167092593,       2.286535896,      -4.012119934,      -1.085290135,     -0.9384261219,       1.481560429,       1.086736184,        2.20969735
          0,        1228,           0,      -4.085379103,      -1.563603869,      -1.741855986,       1.407669158,      0.2120101886,       2.280645257,       -4.01298441,      -1.085337192,      -0.937949699,       1.480724919,       1.088360383,       2.209339298
          0,        1229,           0,      -4.084176761,      -1.565187035,      -1.747843956,       1.408975393,      0.2071355704,       2.276004706,      -4.013864371,       -1.08538345,      -0.937495373,       1.479881039,       1.090201025,       2.208134827
          0,        1230,           0,      -4.083088933,      -1.566927921,      -1.753857473,       1.410163723,      0.2024387797,       2.273719038,      -4.014755905,      -1.085427341,     -0.9370249282,       1.479035824,       1.092110497,       2.207107335
          0,        1231,           0,      -4.082120176,      -1.568825601,      -1.759885102,       1.411230195,      0.1974253326,       2.275686322,      -4.015660914,      -1.085475603,     -0.9365587392,       1.478186582,       1.094429214,       2.206526033
          0,        1232,           0,      -4.081273328,      -1.570874987,      -1.765921709,       1.412172306,      0.1921237947,       2.273536163,      -4.016576157,      -1.085526322,     -0.9360965792,       1.477336483,       1.096053376,       2.207369049
          0,        1233,           0,      -4.080549667,      -1.573072068,      -1.771971108,       1.412988777,      0.1868735912,       2.270239505,      -4.017498472,      -1.085578171,     -0.9356332146,       1.476486521,        1.09764194,       2.207643852
          0,        1234,           0,      -4.079949524,      -1.575422527,      -1.778031753,       1.413679031,      0.1817014289,       2.271519101,      -4.018428633,      -1.085637179,     -0.9351641839,       1.475634685,       1.099478346,       2.206651615
          0,        1235,           0,      -4.079471129,      -1.577915876,      -1.784106084,       1.414243849,      0.1779467634,       2.281986622,      -4.019363952,      -1.085707431,     -0.9347051491,       1.474784691,        1.10099755,       2.205519053
          0,        1236,           0,      -4.079113385,      -1.580547863,      -1.790202629,       1.414683366,      0.1722898056,        2.27936558,      -4.020302062,      -1.085779383,      -0.934252455,       1.473938445,       1.102371214,       2.204314807
          0,        1237,           0,      -4.078874192,      -1.583313497,      -1.796331706,        1.41499814,      0.1688520271,       2.275494489,      -4.021246301,      -1.085852248,     -0.9338114906,       1.473089963,       1.104212724,       2.203191843
          0,        1238,           0,       -4.07875132,      -1.586205159,      -1.802508518,       1.415188459,      0.1629314997,        2.27116741,      -4.022191476,      -1.085932744,     -0.9333901268,       1.472244642,       1.106118054,       2.202196819
          0,        1239,           0,      -4.078742477,      -1.589215468,      -1.808748799,       1.415254258,      0.1569980532,         2.2733193,      -4.023133313,      -1.086017274,     -0.9329746617,       1.471406457,       1.107494611,       2.201370419
          0,        1240,           0,      -4.078845663,      -1.592336999,      -1.815065539,       1.415194975,      0.1506114677,       2.295615388,      -4.024068078,      -1.086111952,     -0.9325757723,       1.470577229,       1.108893465,       2.200864115
          0,        1241,           0,      -4.079059226,      -1.595562277,      -1.821470337,       1.415009565,      0.1444517064,       2.295755595,      -4.024994112,      -1.086220758,     -0.9321981905,       1.469757878,       1.110306265,       2.200110012
          0,        1242,           0,      -4.079382135,      -1.598883666,      -1.827969701,       1.414696066,      0.1387333425,       2.298593419,      -4.025906164,      -1.086334427,     -0.9318165503,       1.468952225,       1.111756832,       2.199440133
          0,        1243,           0,      -4.079813995,       -1.60229626,      -1.834562847,       1.414251834,      0.1325395928,       2.288574135,       -4.02679896,      -1.086458188,     -0.9314374297,       1.468167297,       1.113775343,       2.198981356
          0,        1244,           0,      -4.080355228,      -1.605795389,      -1.841265707,       1.413673463,      0.1279103432,       2.284555432,      -4.027670117,      -1.086594645,     -0.9310587186,       1.467403142,       1.115028484,       2.198676558
          0,        1245,           0,      -4.081007348,         -1.609377,      -1.848071834,       1.412956518,      0.1214552341,       2.280449975,      -4.028517237,      -1.086752256,     -0.9306812707,        1.46666168,       1.116566995,       2.198512176
          0,        1246,           0,      -4.081772087,      -1.613031438,       -1.85498369,       1.412096499,      0.1159158633,       2.278131921,      -4.029339684,      -1.086927056,     -0.9303042725,        1.46594089,       1.117943861,       2.198277202
          0,        1247,           0,      -4.082651805,      -1.616755086,      -1.861990023,       1.411088443,      0.1076709808,       2.272655868,      -4.030132702,      -1.087112411,      -0.929939343,        1.46524573,       1.119356248,       2.198520356
          0,        1248,           0,      -4.083649828,      -1.620542481,      -1.869054893,       1.409926742,      0.1018520757,       2.270196935,      -4.030894539,      -1.087309153,      -0.929571349,       1.464578015,       1.120748565,       2.198623679
          0,        1249,           0,      -4.084770318,      -1.624395821,      -1.876140507,       1.408605052,     0.09533532016,       2.266479489,      -4.031625505,      -1.087515818,      -0.929196871,       1.463936203,          1.122686,       2.199122483
          0,        1250,           0,      -4.086018636,      -1.628306172,      -1.883198286,       1.407116366,     0.09021514515,        2.26858654,       -4.03233056,      -1.087733981,     -0.9288618788,         1.4633123,       1.125120108,       2.199836391
          0,        1251,           0,      -4.087400909,      -1.632269775,      -1.890168246,       1.405453069,     0.08359470626,       2.260883413,      -4.033006745,      -1.087968182,     -0.9285514084,       1.462708512,       1.126759007,        2.19991595
          0,        1252,           0,      -4.088924068,      -1.636286366,      -1.896984215,       1.403607217,      0.0769526145,       2.254043267,       -4.03364806,      -1.088216692,     -0.9282625475,       1.462130287,       1.128413514,       2.199537413
          0,        1253,           0,      -4.090595429,      -1.640348661,       -1.90356762,       1.401570962,     0.07324012388,       2.248614256,      -4.034256212,      -1.088478866,     -0.9279912267,       1.461575144,       1.130234409,       2.199342509
          0,        1254,           0,      -4.092422902,      -1.644457052,      -1.909835377,       1.399336117,     0.06725939082,       2.242285802,      -4.034829259,       -1.08874657,     -0.9277111059,       1.461046337,       1.131537465,       2.198868021
          0,        1255,           0,      -4.094414216,       -1.64859631,      -1.915697696,        1.39689517,     0.06116818718,       2.238570993,      -4.035366684,      -1.089027274,     -0.9274502723,       1.460543119,        1.13288616,       2.198461235
          0,        1256,           0,      -4.096576926,      -1.652767671,      -1.921060202,       1.394241015,     0.05658826264,       2.231574315,        -4.0358679,      -1.089322855,     -0.9271852639,       1.460066623,        1.13442975,       2.198130585
          0,        1257,           0,      -4.098918207,      -1.656962412,      -1.925834238,       1.391367097,     0.05053337536,       2.224236608,      -4.036334575,      -1.089638708,      -0.926925736,       1.459615439,       1.135687985,       2.197951509
          0,        1258,           0,      -4.101444853,      -1.661187847,      -1.929916613,       1.388267616,     0.04494157654,       2.217604664,      -4.036766219,      -1.089968761,      -0.926654506,       1.459191218,       1.136971724,       2.198174634
          0,        1259,           0,      -4.104162604,        -1.6654327,      -1.933224651,        1.38493805,     0.03901714245,       2.214114865,      -4.037164365,      -1.090309826,     -0.9264014126,       1.458790064,       1.138162061,       2.199797632
          0,        1260,           0,      -4.107076409,      -1.669689039,       -1.93569086,       1.381374779,     0.03359215062,        2.21114193,      -4.037529009,      -1.090665106,     -0.9261367855,       1.458412833,       1.139215249,       2.205596686
          0,        1261,           0,       -4.11019021,       -1.67395854,      -1.937259294,       1.377575342,     0.02804030244,        2.20696322,      -4.037859899,       -1.09102735,     -0.9258683734,       1.458060866,       1.140436622,       2.226113431
          0,        1262,           0,      -4.113506045,      -1.678236923,      -1.937906901,       1.373539081,      0.0232078179,       2.206056985,      -4.038161647,      -1.091395115,     -0.9256129301,       1.457728816,       1.141771807,       2.227108447
          0,        1263,           0,      -4.117025222,      -1.682526706,      -1.937633904,       1.369266245,     0.01740111178,       2.206708922,      -4.038436864,      -1.091778278,     -0.9254053419,       1.457412223,       1.143003304,       2.224090567
          0,        1264,           0,        -4.1207476,      -1.686823604,      -1.936464633,       1.364758504,     0.01273705239,       2.202256614,      -4.038683313,      -1.092172358,     -0.9252277791,       1.457115075,       1.143899152,       2.221691548
          0,        1265,           0,      -4.124671689,      -1.691122439,       -1.93443621,       1.360019157,    0.009635169832,       2.195992074,      -4.038899967,      -1.092569675,     -0.9250529978,       1.456837921,       1.145469863,       2.219751478
          0,        1266,           0,      -4.128794697,      -1.695416771,      -1.931601962,       1.355052693,      0.0120882332,         2.1899222,      -4.039091938,      -1.092971623,     -0.9248788103,       1.456576891,       1.146604779,       2.217525582
          0,        1267,           0,      -4.133112453,      -1.699698353,      -1.928036103,       1.349865183,     0.02546880827,       2.184995859,      -4.039259267,      -1.093381816,     -0.9247194865,       1.456332983,       1.148117411,        2.21547073
          0,        1268,           0,      -4.137619144,      -1.703962932,      -1.923824021,       1.344464346,       0.080765212,       2.183617685,      -4.039401332,      -1.093795799,      -0.924556735,       1.456107848,       1.149427458,       2.213889376
          0,        1269,           0,      -4.142306927,      -1.708201098,      -1.919072054,       1.338859904,      0.2194485049,       2.194044853,      -4.039523092,      -1.094218239,     -0.9243838078,       1.455899409,       1.150442349,       2.212975406
          0,        1270,           0,      -4.147165711,      -1.712408048,      -1.913889089,       1.333064082,      0.2304281889,       2.211881971,      -4.039626936,       -1.09464969,     -0.9242166904,       1.455705604,       1.151346375,       2.211527148
          0,        1271,           0,       -4.15218658,      -1.716586229,      -1.908338765,       1.327087871,      0.2157990709,       2.215745115,      -4.039712881,      -1.095085582,     -0.9240409874,       1.455526921,       1.152177493,       2.210101306
          0,        1272,           0,       -4.15736242,      -1.720715617,      -1.902494934,       1.320940379,      0.2009213354,        2.20879674,      -4.039783532,      -1.095523588,     -0.9238540389,       1.455361563,       1.153273604,       2.208745112
          0,        1273,           0,      -4.162685124,      -1.724800259,      -1.896473383,        1.31463207,      0.1863783505,       2.197622134,      -4.039843907,      -1.095966943,     -0.9236657251,       1.455205121,       1.155970527,       2.207420239
          0,        1274,           0,        -4.1681454,      -1.728834423,      -1.890357905,       1.308174525,      0.1818732285,        2.18891686,      -4.039892536,      -1.096410686,     -0.9234822777,       1.455060909,       1.156704603,       2.205949958
          0,        1275,           0,      -4.173732959,       -1.73279825,      -1.884219473,       1.301581025,      0.1693112124,       2.182902134,      -4.039933887,      -1.096853756,     -0.9233611468,       1.454922837,       1.157513322,       2.204529634
          0,        1276,           0,       -4.17943676,      -1.736692754,       -1.87812568,       1.294865595,      0.1583452052,       2.173249717,      -4.039966612,      -1.097296376,     -0.9232558865,       1.454793041,       1.158549561,        2.20329088
          0,        1277,           0,      -4.185244661,      -1.740499142,      -1.872127349,       1.288043667,      0.1473762984,       2.165273033,      -4.039996185,      -1.097737029,     -0.9231473787,       1.454667715,       1.159344618,       2.202061408
          0,        1278,           0,       -4.19114383,      -1.744206332,      -1.866275911,       1.281131225,      0.1423949257,       2.157281686,      -4.040022518,      -1.098178601,     -0.9230632581,       1.454547631,        1.16010831,       2.200521536
          0,        1279,           0,      -4.197120966,      -1.747794356,      -1.860612049,       1.274144907,      0.1329752213,       2.151882415,      -4.040047084,      -1.098615648,     -0.9229681715,       1.454433223,       1.160979107,       2.198924092
          0,        1280,           0,      -4.203161907,      -1.751248907,      -1.855178075,       1.267101929,      0.1244694723,       2.145725591,      -4.040067813,      -1.099050282,     -0.9228671061,       1.454327066,       1.161890695,       2.197434834
          0,        1281,           0,      -4.209251943,      -1.754548245,      -1.850005804,       1.260020254,      0.1167414478,       2.137461118,      -4.040091713,       -1.09947956,     -0.9227637616,       1.454221687,       1.162574648,       2.195823668
          0,        1282,           0,      -4.215375352,      -1.757683542,      -1.845125017,        1.25291842,      0.1098746367,       2.129809945,      -4.040118111,       -1.09990658,     -0.9226588073,       1.454119405,       1.163026371,       2.194224885
          0,        1283,           0,      -4.221515295,      -1.760627823,      -1.840562774,       1.245816117,      0.1032960398,       2.122262624,      -4.040148982,        -1.1003329,     -0.9225400348,       1.454020306,       1.163688309,       2.192925965
          0,        1284,           0,      -4.227654027,      -1.763362404,      -1.836339704,       1.238733496,     0.09724095937,       2.114430593,       -4.04018564,      -1.100755348,     -0.9224152525,        1.45392171,       1.164521529,       2.192380494
          0,        1285,           0,      -4.233772839,      -1.765850346,      -1.832473488,       1.231691663,      0.0938777996,       2.106688219,      -4.040229557,      -1.101175295,     -0.9222846437,       1.453822811,       1.165882205,       2.194981481
          0,        1286,           0,      -4.239850961,      -1.768069847,      -1.828984661,       1.224713388,     0.08815893959,       2.106971133,      -4.040284002,      -1.101596279,     -0.9221851837,       1.453719181,        1.16692936,       2.208428553
          0,        1287,           0,      -4.245866021,      -1.769998857,      -1.825882755,       1.217823105,     0.08276971657,       2.101135706,      -4.040348129,      -1.102013175,     -0.9221341784,        1.45361053,       1.167829007,       2.222944196
          0,        1288,           0,       -4.25179444,      -1.771617569,      -1.823178867,       1.211046936,     0.07792243692,       2.090292415,      -4.040419996,      -1.102419691,     -0.9220889062,       1.453499806,       1.168443655,       2.217519441
          0,        1289,           0,      -4.257611712,      -1.772901294,      -1.820879511,       1.204411545,     0.07430746466,       2.083879291,      -4.040502152,      -1.102823831,     -0.9220623761,       1.453385144,       1.169301152,       2.212007256
          0,        1290,           0,       -4.26329148,       -1.77383392,       -1.81899393,       1.197945594,     0.07455029678,       2.091537947,      -4.040590685,      -1.103223241,      -0.922032138,       1.453269827,       1.169659203,       2.208364373
          0,        1291,           0,      -4.268805667,      -1.774403092,       -1.81752688,       1.191679661,     0.08859503225,       2.091728793,       -4.04068837,      -1.103617436,     -0.9220035536,        1.45315085,       1.169936682,        2.20427888
          0,        1292,           0,      -4.274125202,      -1.774594415,      -1.816483629,       1.185645397,      0.1328518653,       2.086004583,      -4.040790504,      -1.103998466,     -0.9219670489,       1.453033648,       1.170695326,       2.200321206
          0,        1293,           0,      -4.279220013,      -1.774401449,      -1.815867037,       1.179875613,      0.2262059147,        2.07593717,      -4.040902902,      -1.104379985,     -0.9219332261,       1.452913276,       1.170990345,       2.196719402
          0,        1294,           0,      -4.284059984,       -1.77381773,      -1.815677469,        1.17440324,      0.3608721217,       2.064024724,      -4.041021835,      -1.104752576,      -0.921886299,       1.452792979,       1.171319356,       2.193227812
          0,        1295,           0,      -4.288613503,      -1.772836069,      -1.815912615,       1.169263113,      0.4703492093,       2.054558362,      -4.041146503,      -1.105113981,      -0.921831767,       1.452672893,       1.172471132,       2.190062247
          0,        1296,           0,      -4.292847146,      -1.771473696,      -1.816565457,       1.164492517,      0.4334989664,       2.045805782,      -4.041281472,      -1.105476917,     -0.9217712809,       1.452550286,       1.173136798,       2.186963654
          0,        1297,           0,      -4.296733338,      -1.769817623,      -1.817642357,       1.160125295,      0.4036372821,       2.044527156,      -4.041427187,      -1.105839472,     -0.9217166773,       1.452424188,       1.173532778,       2.183854367
          0,        1298,           0,      -4.300251129,        -1.7679161,      -1.819135859,       1.156184955,      0.3798570918,       2.033739261,      -4.041583085,      -1.106201193,     -0.9217186691,       1.452290961,       1.174006684,       2.180872962
          0,        1299,           0,      -4.303387522,      -1.765788883,      -1.821023287,       1.152686107,      0.3610455976,       2.024941735,      -4.041749686,      -1.106557513,     -0.9217378738,       1.452150215,       1.174221084,        2.17801748
          0,        1300,           0,      -4.306138069,       -1.76345936,      -1.823304154,       1.149634068,      0.3461536542,       2.022738896,      -4.041925521,      -1.106913962,     -0.9217815542,       1.452004924,       1.174682413,       2.176249474
          0,        1301,           0,       -4.30850516,      -1.760956863,      -1.825955323,       1.147027134,      0.3341804936,       2.013894558,      -4.042106553,      -1.107264611,     -0.9218264473,       1.451858665,       1.175026031,       2.173622353
          0,        1302,           0,      -4.310492408,      -1.758326289,      -1.828902039,       1.144863103,      0.3113349749,       2.005830299,      -4.042291772,      -1.107608993,     -0.9218724802,       1.451713123,       1.175444182,       2.171047174
          0,        1303,           0,      -4.312106315,      -1.755595279,      -1.832112994,       1.143137017,      0.2624691968,       1.999602997,      -4.042478977,      -1.107948188,     -0.9219161661,       1.451570615,       1.175541478,       2.168904442
          0,        1304,           0,       -4.31336059,      -1.752827927,      -1.835568673,       1.141838289,      0.2479385216,       1.990751001,      -4.042669187,      -1.108282142,     -0.9219626116,       1.451430605,       1.175647661,       2.167336707
          0,        1305,           0,      -4.314263659,      -1.750032707,      -1.839195135,       1.140954055,      0.2337864504,       1.988136114,      -4.042864668,      -1.108610185,     -0.9220020699,       1.451290122,       1.175754225,       2.164896371
          0,        1306,           0,      -4.314827423,       -1.74726087,      -1.842950757,       1.140472196,      0.2200172635,       1.997113054,      -4.043062943,      -1.108936172,      -0.922039604,       1.451152743,       1.177219821,       2.162599628
          0,        1307,           0,      -4.315067238,      -1.744559694,       -1.84678749,       1.140375673,      0.2066140315,       1.991600808,      -4.043266019,      -1.109257326,     -0.9220692346,       1.451017516,       1.178202702,       2.160471907
          0,        1308,           0,      -4.315002641,      -1.741976536,      -1.850653109,       1.140641946,      0.1935631896,       1.986396633,      -4.043475356,       -1.10957567,      -0.922096806,       1.450883036,        1.17837636,       2.158370305
          0,        1309,           0,      -4.314657663,      -1.739558201,      -1.854486581,       1.141242996,       0.180850952,       1.989900903,      -4.043692841,      -1.109898221,     -0.9221725845,       1.450745227,       1.178655038,       2.156542964
          0,        1310,           0,       -4.31406071,      -1.737342038,      -1.858229899,       1.142145956,      0.1684391492,         1.9928993,      -4.043915861,      -1.110219549,     -0.9222624887,       1.450607722,        1.17874364,       2.154573609
          0,        1311,           0,      -4.313241785,      -1.735354566,      -1.861821248,       1.143316161,      0.1562876008,       1.994500097,      -4.044146476,      -1.110544259,     -0.9223768539,       1.450467166,       1.178697561,       2.152653165
          0,        1312,           0,      -4.312229831,      -1.733647124,       -1.86520099,       1.144718952,      0.1450861807,        1.99370745,       -4.04438385,      -1.110869596,     -0.9224943607,        1.45032614,       1.178897704,       2.150833719
          0,        1313,           0,      -4.311054065,       -1.73223195,      -1.868308683,       1.146319006,      0.1335770109,       1.982734718,      -4.044625803,      -1.111193869,     -0.9226133851,       1.450187223,       1.178813777,        2.14910538
          0,        1314,           0,      -4.309744471,      -1.731137118,      -1.871086197,       1.148080351,      0.1227083446,       1.972887014,       -4.04487573,      -1.111516724,     -0.9227343736,       1.450047287,       1.178911202,        2.14749016
          0,        1315,           0,      -4.308330703,      -1.730382696,      -1.873485142,       1.149967273,      0.1117190315,       1.962308623,      -4.045129709,      -1.111832094,     -0.9228528518,       1.449911304,        1.17891136,       2.146078598
          0,        1316,           0,      -4.306840309,      -1.729989482,      -1.875462806,       1.151946245,      0.1032255645,       1.952080448,      -4.045391515,      -1.112146247,     -0.9229636185,       1.449775388,       1.178993736,       2.145103573
          0,        1317,           0,      -4.305299866,      -1.729970955,      -1.876987268,       1.153985001,     0.09281763694,       1.943777953,      -4.045663089,       -1.11245683,     -0.9230713238,       1.449639107,       1.178829201,       2.143643995
          0,        1318,           0,       -4.30373455,      -1.730332474,       -1.87803668,       1.156052454,     0.08275401058,       1.940242243,      -4.045945673,       -1.11276069,     -0.9231703914,       1.449501646,        1.17922136,        2.14216317
          0,        1319,           0,      -4.302168707,      -1.731086771,      -1.878602526,       1.158118302,     0.07303281749,       1.935473424,      -4.046243219,      -1.113064333,     -0.9232696885,       1.449359052,       1.179288087,       2.140796392
          0,        1320,           0,      -4.300624809,      -1.732248689,      -1.878674868,       1.160155009,     0.06394401357,        1.94043183,       -4.04655565,      -1.113367377,       -0.92340301,       1.449209701,       1.179324913,       2.139772512
          0,        1321,           0,      -4.299125319,      -1.733810477,      -1.878262804,       1.162134925,     0.05506121412,       1.952312683,      -4.046880427,       -1.11366563,      -0.923548482,          1.449056,       1.179339783,       2.138822031
          0,        1322,           0,      -4.297691364,      -1.735771068,      -1.877380183,       1.164032028,     0.04646412782,       1.950543574,      -4.047218966,      -1.113968873,     -0.9237097231,       1.448896601,       1.179073521,       2.137754118
          0,        1323,           0,      -4.296344059,      -1.738131635,      -1.876044559,       1.165821078,     0.03815939173,       1.941643981,      -4.047571247,      -1.114274916,     -0.9238674478,       1.448732781,       1.179196982,       2.136859398
          0,        1324,           0,      -4.295099681,      -1.740883141,      -1.874287381,       1.167480846,     0.03011302321,        1.93474383,      -4.047940456,      -1.114580926,     -0.9240246125,       1.448561051,       1.178911242,       2.136384051
          0,        1325,           0,       -4.29397769,      -1.744021476,        -1.8721478,       1.168988836,     0.02232811066,       1.929554079,      -4.048324285,      -1.114884629,     -0.9241804887,       1.448384311,        1.17885687,       2.135073792
          0,        1326,           0,        -4.2929947,      -1.747537749,       -1.86965487,         1.1703252,     0.01479894826,       1.931318193,       -4.04872408,        -1.1151883,     -0.9243374042,       1.448201663,       1.178968603,       2.133866284
          0,        1327,           0,      -4.292166904,      -1.751424988,      -1.866845572,       1.171471296,    0.007540312825,       1.943384391,      -4.049138309,      -1.115482155,      -0.924478147,       1.448015265,       1.179795665,       2.132599919
          0,        1328,           0,      -4.291508659,      -1.755676284,      -1.863764216,       1.172410791,   0.0005289794007,       1.940850264,      -4.049571124,      -1.115772195,     -0.9246143243,       1.447820977,       1.180143803,       2.131379011
          0,        1329,           0,      -4.291033208,      -1.760277815,       -1.86044265,       1.173129146,   -0.006291589432,       1.951547211,      -4.050024225,      -1.116059496,     -0.9247423576,        1.44761818,        1.18055138,       2.130215444
          0,        1330,           0,      -4.290751592,      -1.765221627,      -1.856923352,       1.173614398,    -0.01288184045,       1.982115989,      -4.050501426,      -1.116341024,     -0.9248652233,       1.447403946,       1.180318299,       2.129165538
          0,        1331,           0,      -4.290672818,      -1.770482209,      -1.853240236,       1.173857024,    -0.01668647972,       1.995168134,      -4.051000445,       -1.11661961,     -0.9250165553,       1.447176444,       1.180154639,       2.128450038
          0,        1332,           0,      -4.290804176,      -1.776052014,      -1.849423823,       1.173849927,    -0.02297564535,       1.984357178,      -4.051518574,      -1.116889672,     -0.9251756795,       1.446938965,       1.179911422,       2.127448537
          0,        1333,           0,      -4.291150778,      -1.781901022,      -1.845513718,       1.173588587,    -0.02895615511,        1.98005171,      -4.052057284,      -1.117157873,     -0.9253504502,       1.446689207,       1.179722055,       2.126507764
          0,        1334,           0,      -4.291715004,      -1.788010367,      -1.841543843,       1.173071824,    -0.03342904135,       1.996817808,      -4.052614564,      -1.117417306,     -0.9255174991,        1.44643087,       1.179613301,       2.125678804
          0,        1335,           0,      -4.292495001,      -1.794337454,       -1.83754275,       1.172302717,    -0.03851901334,       2.025011624,      -4.053190635,       -1.11767699,     -0.9256791553,       1.446162848,       1.179497263,         2.1250517
          0,        1336,           0,      -4.293485036,      -1.800852693,      -1.833545548,       1.171288478,    -0.04335114522,       2.031296717,      -4.053784355,      -1.117941448,     -0.9258393876,       1.445886932,       1.179211412,       2.124582606
          0,        1337,           0,      -4.294676355,       -1.80752015,      -1.829581878,       1.170039884,    -0.04711001679,       2.030097369,      -4.054394224,        -1.1182002,      -0.925992992,       1.445603932,       1.178942568,       2.124297625
          0,        1338,           0,      -4.296056499,      -1.814305519,      -1.825682002,       1.168571879,    -0.05012559671,       2.035421445,      -4.055019143,      -1.118454753,     -0.9261388887,       1.445315507,       1.178798928,       2.123572585
          0,        1339,           0,      -4.297609432,      -1.821156837,      -1.821872016,       1.166903095,     -0.0543773757,       2.023337563,       -4.05565654,      -1.118703413,     -0.9262763585,       1.445022853,       1.178417135,       2.123134235
          0,        1340,           0,      -4.299315246,      -1.828023595,      -1.818176631,       1.165056087,    -0.05647913035,        2.01379173,      -4.056306734,      -1.118945725,     -0.9264040988,       1.444726954,       1.178307653,       2.123130668
          0,        1341,           0,      -4.301149336,      -1.834850997,      -1.814633194,       1.163058008,    -0.06044607948,       2.014386161,      -4.056971481,      -1.119184676,     -0.9265293381,       1.444425715,       1.178137309,       2.122593984
          0,        1342,           0,      -4.303081752,      -1.841615247,      -1.811254127,       1.160940354,    -0.06450433565,       2.000365128,      -4.057645963,      -1.119417383,     -0.9266789471,       1.444118845,       1.177942763,       2.122470515
          0,        1343,           0,      -4.305082418,      -1.848264197,      -1.808044593,       1.158737175,    -0.06527026909,       1.988375573,      -4.058325999,      -1.119644039,     -0.9268372031,       1.443810468,       1.177757864,       2.122110384
          0,        1344,           0,      -4.307118541,      -1.854744635,      -1.805033385,       1.156484865,     -0.0690695213,       1.983500574,      -4.059009611,      -1.119865678,     -0.9270049103,       1.443501143,        1.17728812,       2.122030382
          0,        1345,           0,      -4.309154383,        -1.8610018,      -1.802220823,       1.154223121,    -0.06881004413,       2.001570558,      -4.059692537,      -1.120078933,     -0.9271677591,       1.443195403,       1.177235083,       2.121728093
          0,        1346,           0,      -4.311152257,      -1.866967997,      -1.799628718,       1.151993175,    -0.07238737569,       1.992661618,      -4.060374129,       -1.12028925,     -0.9273244045,       1.442892497,       1.177404813,       2.121356058
          0,        1347,           0,      -4.313073519,      -1.872627267,      -1.797264221,       1.149838268,    -0.07569449999,       1.982020517,      -4.061051094,      -1.120496899,     -0.9274854571,       1.442594887,       1.177762544,        2.12123004
          0,        1348,           0,      -4.314879805,      -1.877926878,      -1.795136197,       1.147801447,    -0.07882043635,       1.972360664,      -4.061721005,      -1.120705489,     -0.9276429496,       1.442303851,        1.17760467,       2.121001042
          0,        1349,           0,      -4.316533275,      -1.882823052,      -1.793258919,       1.145924976,    -0.08164804364,       1.969500209,      -4.062380376,      -1.120912955,     -0.9277924223,       1.442022791,       1.177471063,       2.120977506
          0,        1350,           0,      -4.317997339,      -1.887280814,      -1.791641844,       1.144249672,    -0.08411989404,       1.973791926,      -4.063026679,      -1.121115555,      -0.927937219,       1.441752634,       1.177155175,       2.120941442
          0,        1351,           0,      -4.319238245,      -1.891271831,      -1.790286096,       1.142813461,    -0.08649364005,       1.983662719,      -4.063656877,      -1.121317408,     -0.9280767323,       1.441496502,       1.177105418,       2.121085953
          0,        1352,           0,       -4.32022594,      -1.894768516,      -1.789192832,        1.14165055,    -0.08862706187,       2.019353743,      -4.064272986,       -1.12151686,     -0.9282236289,       1.441251313,       1.177010256,       2.121511612
          0,        1353,           0,      -4.320935113,      -1.897764566,      -1.788366792,       1.140789935,    -0.09067395951,       2.005137868,      -4.064870133,      -1.121711903,      -0.928391155,        1.44101693,       1.176603618,       2.122109318
          0,        1354,           0,      -4.321345674,      -1.900244788,      -1.787809797,       1.140254945,    -0.09253546263,       1.993378031,      -4.065443242,      -1.121906008,     -0.9285720216,        1.44079844,       1.176324848,       2.122343635
          0,        1355,           0,      -4.321443143,      -1.902213832,       -1.78751761,       1.140062548,    -0.09425900891,       2.015831372,      -4.065992194,      -1.122099341,     -0.9287574064,       1.440596097,       1.175942516,       2.122546471
          0,        1356,           0,      -4.321219254,       -1.90368719,      -1.787486656,       1.140223428,    -0.09568977147,       2.007290405,      -4.066513312,      -1.122286114,     -0.9289453421,       1.440412565,       1.175727475,         2.1228383
          0,        1357,           0,      -4.320671758,      -1.904699229,      -1.787716451,       1.140741849,    -0.09635464049,       1.998627761,      -4.067005076,      -1.122467984,     -0.9291269795,       1.440249072,       1.175473435,       2.123306616
          0,        1358,           0,      -4.319805043,      -1.905269014,      -1.788199087,       1.141614773,    -0.09846929806,       1.989734921,      -4.067464882,      -1.122648601,     -0.9293177035,       1.440107344,       1.175082006,       2.124043922
          0,        1359,           0,      -4.318629402,      -1.905422948,      -1.788925417,       1.142832764,     -0.1004393448,       1.983210391,      -4.067894703,      -1.122831931,     -0.9295067128,       1.439985816,       1.174608595,       2.125320705
          0,        1360,           0,      -4.317160708,       -1.90518987,      -1.789887546,       1.144380345,     -0.1022785992,       1.981752211,      -4.068289385,      -1.123009038,     -0.9296922365,         1.4398887,        1.17412698,       2.125922513
          0,        1361,           0,      -4.315420027,       -1.90459955,       -1.79107617,       1.146236348,     -0.1040631906,       1.975083151,      -4.068650067,      -1.123184191,     -0.9298723703,       1.439814993,        1.17384359,       2.126344181
          0,        1362,           0,      -4.313432386,      -1.903665976,       -1.79249248,       1.148374768,     -0.1061050449,       1.968207671,      -4.068973999,       -1.12336151,     -0.9300519959,       1.439766329,       1.173688523,       2.126741377
          0,        1363,           0,      -4.311226947,      -1.902493371,      -1.794107455,       1.150765591,     -0.1080292467,       1.963155265,      -4.069264632,      -1.123537506,     -0.9302365906,        1.43973907,       1.173166455,       2.127123666
          0,        1364,           0,      -4.308835693,      -1.901080721,      -1.795912596,       1.153375619,     -0.1097373085,       1.960734723,      -4.069520685,      -1.123718253,     -0.9304419712,        1.43973117,       1.172709049,       2.127472542
          0,        1365,           0,      -4.306291983,      -1.899459762,       -1.79789163,       1.156169955,     -0.1113500343,       1.956778924,      -4.069740704,      -1.123898307,     -0.9306621253,       1.439745304,        1.17307908,       2.127837822
          0,        1366,           0,      -4.303630433,      -1.897660218,      -1.800028071,       1.159112356,     -0.1133185954,       1.953256281,      -4.069926027,      -1.124077078,     -0.9308824197,       1.439781226,       1.172881675,       2.128229885
          0,        1367,           0,      -4.300885563,      -1.895703246,      -1.802308833,       1.162166554,     -0.1152677654,       1.950860745,      -4.070075385,       -1.12425324,     -0.9311009742,       1.439839582,       1.172556533,       2.128649819
          0,        1368,           0,       -4.29809127,      -1.893610905,      -1.804717615,       1.165296639,     -0.1157843664,       1.950240047,      -4.070190227,      -1.124428412,     -0.9313188734,        1.43991924,        1.17208454,       2.129037481
          0,        1369,           0,      -4.295280597,      -1.891407126,      -1.807241876,        1.16846748,     -0.1172093009,       1.953170358,      -4.070271436,      -1.124602351,     -0.9315388912,       1.440019293,       1.171989206,       2.129439541
          0,        1370,           0,      -4.292484546,      -1.889122701,        -1.8098613,       1.171645993,     -0.1170331124,         1.9572973,       -4.07032211,      -1.124779211,     -0.9317585417,       1.440137405,        1.17179949,       2.129864878
          0,        1371,           0,      -4.289731576,      -1.886725447,      -1.812558477,       1.174801921,     -0.1168869499,       1.970260919,        -4.0703398,      -1.124953481,     -0.9319747131,       1.440275493,       1.171292729,       2.130434376
          0,        1372,           0,      -4.287048201,      -1.884239634,      -1.815316277,       1.177906753,     -0.1168651254,       1.997713093,       -4.07032833,      -1.125128536,     -0.9321879503,       1.440430476,       1.171217367,       2.131054941
          0,        1373,           0,       -4.28445867,      -1.881662833,      -1.818117495,        1.18093468,     -0.1029794194,         2.0032266,       -4.07028723,      -1.125301054,     -0.9324014492,       1.440602337,       1.170736941,       2.131541136
          0,        1374,           0,      -4.281982703,      -1.879001338,      -1.820940211,        1.18386419,     -0.1039771477,       2.015618937,      -4.070220249,      -1.125472515,     -0.9326317437,       1.440785467,       1.170453853,       2.132053397
          0,        1375,           0,      -4.279638412,      -1.876252919,      -1.823762774,       1.186675463,     -0.1051907822,       2.016851722,      -4.070130049,      -1.125646153,      -0.932872357,       1.440979108,       1.170142461,       2.132671508
          0,        1376,           0,      -4.277440067,      -1.873410387,       -1.82657355,       1.189352673,     -0.1066192756,        2.01828147,      -4.070015027,      -1.125822813,     -0.9331210251,       1.441184792,       1.169683578,       2.133739769
          0,        1377,           0,      -4.275398587,      -1.870470405,      -1.829362325,       1.191883331,     -0.1082629162,       2.024498176,      -4.069878131,      -1.126002883,     -0.9333698713,       1.441400997,       1.169292323,       2.133868845
          0,        1378,           0,      -4.273522047,      -1.867423835,      -1.832100987,       1.194258038,     -0.1100927509,       2.042223468,      -4.069718572,       -1.12618372,     -0.9336131823,       1.441628289,       1.169027987,        2.13387991
          0,        1379,           0,      -4.271816087,      -1.864259693,      -1.834779596,       1.196470204,     -0.1120832631,       2.048163437,      -4.069538116,      -1.126363867,     -0.9338568369,       1.441865587,       1.168785535,       2.133650986
          0,        1380,           0,      -4.270283022,      -1.860970661,       -1.83738876,       1.198516021,     -0.1141738991,       2.063343159,      -4.069338578,      -1.126544872,     -0.9341001392,       1.442111133,       1.168229247,       2.133577415
          0,        1381,           0,      -4.268922768,      -1.857548761,      -1.839911385,       1.200394612,     -0.1166517089,       2.058391711,      -4.069121592,       -1.12672885,     -0.9343429849,       1.442363894,       1.167677934,       2.133865887
          0,        1382,           0,      -4.267733117,      -1.853990569,      -1.842342976,       1.202107271,     -0.1192449665,       2.054423656,      -4.068886233,      -1.126910605,     -0.9345817644,       1.442624971,        1.16720325,        2.13385821
          0,        1383,           0,      -4.266709617,      -1.850294649,      -1.844672225,        1.20365738,     -0.1219236193,       2.050825515,      -4.068634998,        -1.1270927,     -0.9348174909,       1.442892274,       1.166903615,       2.133211211
          0,        1384,           0,      -4.265845836,      -1.846448669,      -1.846897217,       1.205050217,     -0.1246712302,       2.048182165,      -4.068366478,      -1.127273019,     -0.9350623426,       1.443164975,       1.166919086,        2.13260819
          0,        1385,           0,      -4.265133674,      -1.842473474,      -1.849020552,       1.206292777,     -0.1274286914,       2.046435613,      -4.068084208,      -1.127455367,     -0.9353189365,       1.443439288,       1.166478623,       2.132079958
          0,        1386,           0,       -4.26456373,      -1.838358261,      -1.851054248,       1.207393422,     -0.1284070136,       2.045679383,      -4.067789112,      -1.127638088,     -0.9355855829,       1.443716513,       1.165995822,       2.131965444
          0,        1387,           0,      -4.264125271,      -1.834103837,      -1.853006953,       1.208361726,     -0.1309253023,       2.046728539,      -4.067479957,      -1.127818262,     -0.9358535452,       1.443998113,       1.165552542,       2.131297448
          0,        1388,           0,      -4.263805789,      -1.829716774,      -1.854888935,       1.209208701,     -0.1320580365,       2.048470907,      -4.067158956,      -1.127997916,     -0.9361198911,       1.444281847,       1.165138495,        2.13050874
          0,        1389,           0,      -4.263593288,      -1.825201677,      -1.856681806,       1.209944756,     -0.1282777575,        2.05595404,      -4.066824742,      -1.128177003,     -0.9363893888,       1.444569121,       1.164864956,       2.129834241
          0,        1390,           0,      -4.263476295,      -1.820590122,      -1.858415935,        1.21057906,     -0.1301044781,       2.061909995,      -4.066477987,      -1.128358764,     -0.9366526829,       1.444859187,       1.164442009,       2.129029589
          0,        1391,           0,      -4.263442736,      -1.815889397,      -1.860097106,       1.211121654,     -0.1317589424,       2.064881539,      -4.066119932,      -1.128543544,     -0.9369200206,       1.445150644,       1.163915268,       2.128129254
          0,        1392,           0,      -4.263481265,      -1.811114451,      -1.861729743,       1.211581737,     -0.1332106001,       2.065034321,      -4.065751532,      -1.128728428,      -0.937185506,       1.445443219,        1.16379749,       2.127248742
          0,        1393,           0,      -4.263581622,      -1.806284678,      -1.863326006,       1.211967391,     -0.1343663521,        2.06644062,       -4.06537163,      -1.128910965,     -0.9374485047,       1.445737719,       1.163291346,       2.126361757
          0,        1394,           0,      -4.263733557,      -1.801414481,      -1.864905836,       1.212286032,     -0.1349360076,        2.07198246,      -4.064982221,      -1.129094581,     -0.9377200619,       1.446030898,       1.162916792,        2.12629855
          0,        1395,           0,      -4.263928229,       -1.79652941,      -1.866477345,       1.212543165,     -0.1332694218,       2.079151395,      -4.064582812,       -1.12927441,     -0.9380027979,       1.446321984,       1.162564515,       2.125512138
          0,        1396,           0,       -4.26415625,      -1.791644587,      -1.868074394,       1.212744124,     -0.1269415146,       2.089070187,      -4.064175624,      -1.129453542,     -0.9382966157,        1.44661011,       1.162207497,       2.124467505
          0,        1397,           0,      -4.264411194,       -1.78678216,      -1.869680939,       1.212891643,       -0.12613949,         2.0935561,      -4.063762267,      -1.129632753,     -0.9385961812,       1.446895179,       1.161888968,       2.123327233
          0,        1398,           0,      -4.264691305,      -1.781975473,      -1.871293077,       1.212983727,     -0.1256361861,       2.097884818,      -4.063341668,      -1.129810339,     -0.9388952916,        1.44717772,       1.161322637,       2.122549064
          0,        1399,           0,      -4.265000485,      -1.777272761,      -1.872912775,       1.213011854,     -0.1252284269,        2.10061304,      -4.062914517,      -1.129987298,     -0.9392012997,       1.447457307,       1.160992555,       2.121436713
          0,        1400,           0,      -4.265345153,      -1.772719258,      -1.874506828,       1.212966088,     -0.1251671351,       2.101444857,      -4.062481931,      -1.130161718,     -0.9395076792,        1.44773271,       1.160445475,       2.120306462
          0,        1401,           0,      -4.265732034,      -1.768348665,      -1.876070935,       1.212836151,      -0.125148918,        2.10216873,      -4.062044684,      -1.130332931,      -0.939814777,       1.448002612,       1.160179828,       2.119123991
          0,        1402,           0,      -4.266165814,      -1.764175505,      -1.877598253,       1.212614665,     -0.1249643688,       2.102289594,       -4.06160475,      -1.130502336,     -0.9401198925,        1.44826601,       1.159811002,       2.118131749
          0,        1403,           0,      -4.266650815,      -1.760214387,      -1.879071394,       1.212295027,      -0.124535737,       2.102416758,      -4.061164794,      -1.130676476,     -0.9404325146,       1.448519365,       1.159443907,       2.117405935
          0,        1404,           0,      -4.267192443,      -1.756484064,      -1.880468167,       1.211869751,     -0.1238143002,       2.102641877,      -4.060724189,      -1.130853585,     -0.9407559953,       1.448762339,       1.158796618,       2.116479073
          0,        1405,           0,      -4.267796723,      -1.753001896,      -1.881768878,       1.211330519,     -0.1227598736,       2.102904352,      -4.060284704,      -1.131031142,     -0.9410875191,       1.448993331,       1.158371796,       2.115532489
          0,        1406,           0,      -4.268472028,      -1.749789209,      -1.882950717,       1.210666982,     -0.1213273768,       2.103218936,      -4.059847107,      -1.131207682,     -0.9414278602,       1.449212443,       1.157926143,       2.114750234
          0,        1407,           0,      -4.269227605,      -1.746867375,      -1.883995112,       1.209867893,     -0.1194678463,       2.103604824,      -4.059413805,      -1.131386051,     -0.9417752702,       1.449418264,       1.157253262,       2.114261537
          0,        1408,           0,      -4.270074034,      -1.744264563,      -1.884877376,       1.208920921,     -0.1171895976,       2.104026781,      -4.058984871,      -1.131563999,     -0.9421199948,       1.449612011,       1.156571501,       2.113409744
          0,        1409,           0,        -4.2710221,      -1.741998681,      -1.885575191,       1.207813784,     -0.1145252304,       2.104711966,      -4.058560882,      -1.131741655,     -0.9424696194,       1.449793298,       1.156021636,       2.112650826
          0,        1410,           0,      -4.272082521,      -1.740083798,      -1.886061659,       1.206534864,     -0.1109200176,       2.124038263,      -4.058142934,      -1.131921436,     -0.9428213396,       1.449961414,       1.155449275,       2.112031012
          0,        1411,           0,      -4.273268343,      -1.738540886,      -1.886319078,       1.205070808,     -0.1060999745,       2.124251084,      -4.057730895,      -1.132101018,     -0.9431722894,       1.450116157,       1.155197865,       2.111694368
          0,        1412,           0,      -4.274590188,       -1.73739079,      -1.886333377,        1.20341082,     -0.1009153842,        2.12425889,      -4.057325055,      -1.132280068,     -0.9435179379,       1.450258854,       1.154605791,        2.11198568
          0,        1413,           0,      -4.276054554,      -1.736648553,      -1.886092178,       1.201549183,     -0.1004906695,         2.1210555,      -4.056927491,      -1.132459358,     -0.9438627375,       1.450388135,       1.154102185,       2.111263063
          0,        1414,           0,      -4.277667634,      -1.736297825,      -1.885596382,       1.199480752,    -0.08624610405,       2.117373283,      -4.056540258,      -1.132641944,     -0.9442310268,       1.450501402,       1.153682296,       2.111045467
          0,        1415,           0,       -4.27943362,        -1.7364016,      -1.884840864,       1.197202656,    -0.09088289743,       2.114738542,      -4.056162871,      -1.132823325,     -0.9446050404,        1.45060056,       1.153073413,       2.110317382
          0,        1416,           0,       -4.28135675,      -1.736930122,      -1.883826758,       1.194712706,    -0.09589832945,       2.111471747,      -4.055796153,      -1.133006974,     -0.9449877774,       1.450685865,        1.15258125,       2.109665928
          0,        1417,           0,      -4.283440159,      -1.737888408,       -1.88257309,       1.192010307,     -0.1007652436,       2.108155423,      -4.055438185,      -1.133191423,     -0.9453705209,        1.45075995,       1.151906309,       2.109215944
          0,        1418,           0,      -4.285683504,      -1.739273568,      -1.881100209,       1.189098533,     -0.1063862786,       2.104730183,      -4.055090967,      -1.133379575,     -0.9457539862,        1.45082223,        1.15151742,       2.109127025
          0,        1419,           0,      -4.288085573,      -1.741090072,      -1.879436094,       1.185981609,     -0.1122673029,       2.101218794,      -4.054751864,      -1.133568872,     -0.9461364725,       1.450877035,       1.151106321,       2.108053848
          0,        1420,           0,      -4.290643188,      -1.743333647,      -1.877608382,       1.182666644,     -0.1189298053,       2.098259955,      -4.054420277,      -1.133759267,     -0.9465155383,       1.450925272,       1.150758728,       2.107407526
          0,        1421,           0,      -4.293351186,      -1.745997297,      -1.875645005,       1.179162619,     -0.1253354623,       2.094645541,      -4.054095893,      -1.133952749,     -0.9468920598,       1.450968173,        1.15028338,        2.10689358
          0,        1422,           0,      -4.296203425,      -1.749080314,      -1.873585869,       1.175480287,     -0.1319433868,       2.090430322,      -4.053777656,      -1.134145773,     -0.9472629758,       1.451008945,       1.149759625,       2.106402048
          0,        1423,           0,      -4.299191203,      -1.752572807,      -1.871467344,       1.171633429,      -0.138659088,       2.086438161,      -4.053464928,      -1.134338536,     -0.9476324055,       1.451048613,       1.149072169,       2.105487156
          0,        1424,           0,      -4.302303876,      -1.756462535,      -1.869327727,       1.167638414,     -0.1456272457,       2.083273899,      -4.053157703,      -1.134531355,     -0.9480167161,       1.451088204,        1.14858369,       2.104319061
          0,        1425,           0,      -4.305528555,      -1.760737747,      -1.867210326,       1.163514294,      -0.152726646,       2.078556886,      -4.052854997,      -1.134726155,     -0.9484056169,       1.451129331,       1.148026278,       2.103129035
          0,        1426,           0,      -4.308850193,      -1.765380884,      -1.865155987,       1.159282653,     -0.1599356796,       2.073965797,      -4.052556261,      -1.134921717,     -0.9487983824,       1.451173855,       1.147242168,       2.101875772
          0,        1427,           0,      -4.312252108,      -1.770370959,      -1.863204287,       1.154967521,      -0.165770876,       2.069855752,        -4.0522582,      -1.135117219,     -0.9491912193,       1.451225988,       1.146691316,       2.100745771
          0,        1428,           0,      -4.315716172,      -1.775687768,      -1.861401832,       1.150594909,     -0.1730906918,       2.065387252,      -4.051958526,      -1.135311071,     -0.9495775127,       1.451290143,       1.146197231,       2.100418623
          0,        1429,           0,      -4.319222952,      -1.781295974,      -1.859779245,       1.146192462,     -0.1804693619,       2.060744093,       -4.05165792,      -1.135506584,      -0.949968987,       1.451367051,       1.145793499,       2.100410617
          0,        1430,           0,      -4.322750752,      -1.787159249,      -1.858373912,       1.141790311,     -0.1878985714,       2.055814574,      -4.051353024,      -1.135703114,     -0.9503573415,       1.451460032,       1.145289257,       2.100458126
          0,        1431,           0,      -4.326276454,      -1.793239325,      -1.857218022,        1.13742011,     -0.1953520777,       2.051037644,      -4.051041769,      -1.135897837,      -0.950738329,       1.451572925,       1.144353398,       2.100073992
          0,        1432,           0,      -4.329775584,      -1.799496262,      -1.856349997,       1.133114981,     -0.2028569549,       2.046134825,      -4.050724417,      -1.136094702,       -0.95111947,       1.451705918,       1.143575993,        2.10046801
          0,        1433,           0,      -4.333222443,      -1.805876633,       -1.85579833,       1.128909011,     -0.2101460368,       2.041421657,      -4.050398109,      -1.136292769,     -0.9515099969,       1.451862351,       1.142656871,       2.099450831
          0,        1434,           0,      -4.336590977,      -1.812329412,      -1.855598061,       1.124836297,     -0.2167666698,       2.037626707,      -4.050062968,      -1.136489398,     -0.9519089765,       1.452042848,       1.142322575,       2.098203778
          0,        1435,           0,      -4.339855543,      -1.818798894,      -1.855766529,       1.120929933,     -0.2214685937,       2.037333356,      -4.049717331,      -1.136686048,     -0.9523114603,        1.45224944,       1.142160212,       2.097361497
          0,        1436,           0,      -4.342990043,      -1.825228653,      -1.856339836,       1.117222401,     -0.2184463901,       2.051687924,      -4.049362017,      -1.136883773,     -0.9527201489,       1.452481074,       1.141898227,       2.096764923
          0,        1437,           0,      -4.345968397,      -1.831541985,      -1.857328041,       1.113745433,     -0.2182272956,       2.073219995,       -4.04899741,      -1.137081764,     -0.9531317226,       1.452737559,       1.140957158,       2.096022635
          0,        1438,           0,      -4.348766207,      -1.837689202,      -1.858745972,       1.110528101,     -0.2253381721,       2.073824251,      -4.048619194,      -1.137280141,      -0.953539626,       1.453023733,       1.139881897,       2.095410965
          0,        1439,           0,       -4.35136149,      -1.843601717,      -1.860612188,       1.107595015,     -0.2184782804,       2.061833436,      -4.048228257,      -1.137479854,     -0.9539559202,       1.453339339,       1.138876743,       2.095090678
          0,        1440,           0,      -4.353734322,      -1.849196308,      -1.862938285,       1.104966311,     -0.2272607485,       2.048822166,      -4.047823364,      -1.137679055,     -0.9543691274,       1.453685378,       1.138458429,       2.095300814
          0,        1441,           0,      -4.355866639,      -1.854416777,      -1.865734891,        1.10265905,     -0.2320190123,       2.039936791,      -4.047403045,      -1.137877705,     -0.9547802714,       1.454063413,       1.139298293,       2.096654777
          0,        1442,           0,      -4.357745912,       -1.85919193,      -1.869008792,       1.100682941,     -0.2394197322,       2.028416692,      -4.046968547,      -1.138077223,     -0.9551976777,       1.454471883,        1.13862432,       2.094693853
          0,        1443,           0,      -4.359364777,       -1.86345737,      -1.872789055,       1.099038663,      -0.246070825,        2.01781848,      -4.046520234,      -1.138277492,     -0.9556284235,       1.454909122,       1.137544753,       2.092897148
          0,        1444,           0,      -4.360719067,      -1.867177989,      -1.877074934,       1.097722811,     -0.2514502396,        2.00803803,      -4.046057651,      -1.138479048,     -0.9560679344,       1.455375417,       1.136910934,       2.091408067
          0,        1445,           0,       -4.36180885,      -1.870341914,      -1.881852071,       1.096727407,     -0.2548434311,       1.998912958,      -4.045582349,      -1.138680234,     -0.9565129162,       1.455868299,       1.135696914,       2.090255276
          0,        1446,           0,      -4.362639923,      -1.872937012,      -1.887115301,        1.09603763,     -0.2626711675,       1.989683623,      -4.045096482,      -1.138880013,     -0.9569621515,       1.456385218,        1.13446524,       2.089297178
          0,        1447,           0,      -4.363221982,      -1.874959006,      -1.892859499,       1.095633974,     -0.2722065854,       1.980777082,      -4.044601895,      -1.139079147,     -0.9574148854,       1.456922484,        1.13334314,       2.088964177
          0,        1448,           0,      -4.363570571,      -1.876417347,      -1.899080669,       1.095489809,     -0.2732323609,       1.971692783,      -4.044102305,      -1.139279797,     -0.9578726007,       1.457474684,       1.135090173,       2.091112707
          0,        1449,           0,      -4.363706837,      -1.877333295,      -1.905755444,       1.095572177,     -0.2758975607,       1.964877917,      -4.043596142,       -1.13948495,     -0.9583329866,       1.458043816,       1.134856765,       2.095614889
          0,        1450,           0,      -4.363655589,      -1.877732691,      -1.912852051,       1.095844883,     -0.2682699485,       1.965491029,        -4.0430848,      -1.139690951,     -0.9587924876,       1.458627757,       1.134000394,        2.09698871
          0,        1451,           0,      -4.363445832,      -1.877666045,      -1.920312329,       1.096268035,     -0.2269133906,       1.988853678,      -4.042570525,      -1.139896708,     -0.9592537519,       1.459223885,       1.132824004,       2.097236092
          0,        1452,           0,       -4.36311159,      -1.877189826,       -1.92806934,       1.096797828,     -0.2124122323,       1.991724656,       -4.04205527,      -1.140104362,     -0.9597299103,       1.459828528,       1.131920431,       2.093471037
          0,        1453,           0,      -4.362688156,      -1.876348215,      -1.936060043,       1.097388588,     -0.2187327668,       1.976445687,      -4.041541298,      -1.140313207,     -0.9602148914,       1.460438605,       1.130584824,       2.093737469
          0,        1454,           0,      -4.362213674,      -1.875175835,      -1.944217971,       1.097991659,     -0.2235475726,       1.963130938,      -4.041031677,      -1.140521552,     -0.9607038682,       1.461050529,       1.129816815,       2.091854787
          0,        1455,           0,      -4.361727356,      -1.873716913,      -1.952479714,       1.098556947,     -0.2289769098,       1.951174328,      -4.040528243,      -1.140730065,     -0.9611941714,       1.461661735,       1.132159025,       2.093567461
          0,        1456,           0,      -4.361267045,      -1.872047455,      -1.960754041,       1.099037868,     -0.2330346231,       1.940559547,      -4.040035398,      -1.140944672,     -0.9616930845,       1.462266742,       1.131297432,       2.094824796
          0,        1457,           0,      -4.360869558,      -1.870253839,      -1.968922396,       1.099390257,     -0.2364290237,       1.931281297,      -4.039555918,      -1.141161821,     -0.9621953913,       1.462861764,       1.130359592,       2.097810765
          0,        1458,           0,      -4.360570273,      -1.868405829,      -1.976867848,       1.099572502,     -0.2401313237,       1.957815179,      -4.039092884,      -1.141378927,     -0.9626974086,       1.463444055,       1.128910075,       2.094958425
          0,        1459,           0,      -4.360402414,      -1.866554925,      -1.984465703,       1.099546238,     -0.2476597176,       1.943299445,      -4.038651542,      -1.141595424,     -0.9632007581,       1.464007318,       1.127896984,       2.092841276
          0,        1460,           0,       -4.36039646,      -1.864763792,      -1.991547439,       1.099277337,     -0.2545408828,       1.930185312,      -4.038230615,      -1.141810699,     -0.9636984468,        1.46455249,       1.126224719,       2.092060215
          0,        1461,           0,      -4.360583428,      -1.863090678,      -1.997964383,       1.098731454,      -0.260919203,       1.918308532,      -4.037833727,      -1.142029646,      -0.964214752,       1.465075496,       1.126210787,       2.091670351
          0,        1462,           0,      -4.360991547,      -1.861589446,      -2.003569658,       1.097877606,     -0.2669038849,       1.907475722,      -4.037461516,       -1.14225077,     -0.9647343852,       1.465574336,       1.128347835,       2.090031849
          0,        1463,           0,      -4.361646365,      -1.860298788,      -2.008218938,        1.09668811,     -0.2726013584,       1.897526711,      -4.037116186,      -1.142474579,     -0.9652569261,       1.466047394,        1.12629648,       2.089901881
          0,        1464,           0,      -4.362570986,      -1.859253839,      -2.011789217,       1.095137931,     -0.2780833139,       1.888342379,        -4.0367999,       -1.14269778,     -0.9657768398,       1.466492167,       1.125791726,       2.094550969
          0,        1465,           0,      -4.363785518,      -1.858486669,      -2.014176273,       1.093205453,     -0.2834152123,       1.879916582,      -4.036514887,      -1.142923109,     -0.9662993633,       1.466905372,       1.125642966,       2.101126709
          0,        1466,           0,       -4.36530697,      -1.858023828,      -2.015312271,       1.090872371,     -0.2885663104,       1.872242483,      -4.036261905,      -1.143150089,     -0.9668193092,       1.467286134,       1.123974606,       2.097835176
          0,        1467,           0,      -4.367148294,      -1.857887084,       -2.01516371,       1.088124712,     -0.2935815535,       1.865289423,       -4.03604423,      -1.143376689,      -0.967334475,       1.467631466,       1.125564484,       2.096189598
          0,        1468,           0,      -4.369318447,      -1.858085663,      -2.013733735,       1.084953098,     -0.2985183742,        1.85895613,      -4.035861878,      -1.143605267,     -0.9678465696,       1.467941976,       1.122951327,       2.094073586
          0,        1469,           0,      -4.371822258,      -1.858628898,      -2.011062283,       1.081352303,     -0.3033925092,       1.853159814,      -4.035716168,      -1.143832285,     -0.9683505368,       1.468214909,       1.122610743,       2.093576279
          0,        1470,           0,      -4.374659708,      -1.859524006,      -2.007222527,       1.077322646,     -0.3083182139,       1.848260781,      -4.035611747,      -1.144062693,     -0.9688687467,       1.468445347,       1.124157034,       2.096658748
          0,        1471,           0,      -4.377826652,      -1.860773754,      -2.002317079,       1.072869383,     -0.3134293467,        1.84466181,      -4.035544617,      -1.144292838,      -0.969388578,       1.468638306,       1.122746708,       2.100767483
          0,        1472,           0,      -4.381314307,      -1.862375389,      -1.996471557,       1.068003362,     -0.3184347883,       1.841454766,      -4.035514227,      -1.144521981,     -0.9699043211,       1.468794572,       1.121545427,       2.101642593
          0,        1473,           0,      -4.385110991,      -1.864328798,      -1.989831492,       1.062739717,     -0.3233282238,       1.838628568,      -4.035520816,      -1.144750648,     -0.9704170096,       1.468913423,       1.122220691,       2.103188636
          0,        1474,           0,      -4.389198721,      -1.866606655,      -1.982541621,        1.05709918,     -0.3279025133,       1.839335043,      -4.035564226,      -1.144979904,     -0.9709261079,       1.468995095,       1.121419464,       2.101444012
          0,        1475,           0,       -4.39355468,      -1.869200605,      -1.974742533,       1.051111825,     -0.3325768886,       1.836502922,      -4.035644474,      -1.145208273,     -0.9714299073,       1.469039399,       1.121015364,       2.098483829
          0,        1476,           0,      -4.398153213,      -1.872086365,      -1.966572923,       1.044810762,     -0.3371057808,       1.834169425,      -4.035760137,      -1.145434084,     -0.9719210903,       1.469047481,       1.120712186,       2.100065488
          0,        1477,           0,      -4.402964626,      -1.875232716,      -1.958160949,       1.038234931,     -0.3414686775,       1.832304945,      -4.035910522,      -1.145658297,      -0.972404157,       1.469020554,        1.11974029,       2.101118882
          0,        1478,           0,      -4.407955808,      -1.878607815,      -1.949630764,       1.031428593,     -0.3456756675,       1.830809636,      -4.036094906,      -1.145882219,     -0.9728830344,       1.468958193,       1.119115881,       2.100071198
          0,        1479,           0,      -4.413090489,      -1.882167474,      -1.941095407,        1.02444115,     -0.3497011584,       1.829696326,      -4.036310877,      -1.146104668,     -0.9733613111,       1.468862773,        1.11840226,       2.102678858
          0,        1480,           0,      -4.418329867,      -1.885850204,      -1.932649005,       1.017326399,     -0.3535268368,       1.828960171,      -4.036559048,      -1.146326027,      -0.973847878,       1.468733553,        1.11679456,       2.104623665
          0,        1481,           0,        -4.4236326,      -1.889610461,      -1.924377908,       1.010142644,     -0.3547830171,       1.828890469,      -4.036838003,      -1.146544853,     -0.9743350295,       1.468571344,       1.117742009,        2.10814938
          0,        1482,           0,      -4.428954028,      -1.893384258,      -1.916345686,       1.002952808,     -0.3578836757,       1.829397989,      -4.037142504,      -1.146760507,     -0.9748169525,       1.468381884,       1.118055725,       2.108067388
          0,        1483,           0,       -4.43424773,      -1.897099682,      -1.908598985,      0.9958242285,     -0.3590015422,       1.830802966,      -4.037470936,      -1.146973587,     -0.9752906724,       1.468166277,       1.116761134,        2.11122044
          0,        1484,           0,       -4.43946785,      -1.900677227,      -1.901183192,      0.9888250333,     -0.3538967839,       1.831916663,      -4.037821821,      -1.147183157,     -0.9757532716,       1.467926201,       1.116695892,       2.111253331
          0,        1485,           0,       -4.44456784,      -1.904028819,      -1.894133688,      0.9820242821,     -0.3294730377,       1.832276938,      -4.038194386,      -1.147389953,     -0.9762100395,       1.467662429,       1.117283976,       2.112799267
          0,        1486,           0,      -4.449502038,      -1.907076943,      -1.887477675,      0.9754899503,     -0.2586820748,       1.833781407,      -4.038586209,      -1.147594293,     -0.9766569772,        1.46737702,       1.116493936,       2.114333739
          0,        1487,           0,      -4.454225652,      -1.909728411,      -1.881220523,      0.9692902341,     -0.1181954505,       1.839502721,      -4.038996069,      -1.147795882,     -0.9770956533,          1.467072,       1.116671969,        2.11629061
          0,        1488,           0,      -4.458694746,      -1.911891999,      -1.875363453,      0.9634907988,   -0.005230790431,       1.851281517,      -4.039421179,       -1.14799218,      -0.977529049,       1.466748969,       1.112794647,        2.11705208
          0,        1489,           0,      -4.462869728,      -1.913480616,      -1.869922412,      0.9581498206,    -0.02955066808,       1.855831336,       -4.03985965,      -1.148185019,     -0.9779721851,         1.4664085,       1.113637746,       2.129191094
          0,        1490,           0,      -4.466717502,      -1.914430508,      -1.864944732,      0.9533129124,    -0.05179303936,       1.861121123,      -4.040310352,      -1.148377013,     -0.9784168821,       1.466051896,       1.118062363,       2.159800906
          0,        1491,           0,      -4.470205933,      -1.914687772,      -1.860432799,       0.949024353,    -0.07249804479,        1.86705086,      -4.040773159,      -1.148567194,      -0.978860119,       1.465679219,         1.1158608,       2.152003734
          0,        1492,           0,      -4.473311299,      -1.914212705,      -1.856393537,       0.945314915,    -0.09185321986,       1.873656336,      -4.041246059,      -1.148753461,     -0.9792992675,       1.465291616,       1.116609118,       2.146880894
          0,        1493,           0,      -4.476015841,      -1.912968733,      -1.852826583,      0.9422033863,     -0.1102667511,       1.881637337,      -4.041725565,      -1.148935694,     -0.9797307122,       1.464892571,       1.113596593,       2.144793676
          0,        1494,           0,      -4.478308582,      -1.910942872,      -1.849705919,      0.9396975563,     -0.1279403388,       1.891034608,      -4.042210407,      -1.149114734,     -0.9801601451,        1.46448293,       1.116707909,       2.146245614
          0,        1495,           0,      -4.480185211,      -1.908138757,      -1.847023802,      0.9377942861,     -0.1432822095,       1.896795934,      -4.042699047,      -1.149290552,     -0.9805820539,       1.464063382,       1.113622252,       2.146073476
          0,        1496,           0,      -4.481646616,      -1.904578413,      -1.844772271,      0.9364810931,     -0.1457058731,       1.898085327,      -4.043190348,      -1.149462546,     -0.9809974647,       1.463634608,       1.113097801,       2.146997608
          0,        1497,           0,      -4.482699071,      -1.900303544,      -1.842938659,      0.9357371855,     -0.1493203774,       1.899736366,      -4.043684118,      -1.149633148,     -0.9814158475,       1.463196281,       1.112038052,       2.154426252
          0,        1498,           0,      -4.483352884,      -1.895358218,      -1.841511128,      0.9355348414,     -0.1549913815,       1.902020536,      -4.044180473,      -1.149801138,     -0.9818425586,       1.462747837,       1.118524181,       2.168176722
          0,        1499,           0,      -4.483622071,      -1.889796981,       -1.84048136,      0.9358416157,     -0.1631508177,       1.905078341,      -4.044678595,      -1.149968391,     -0.9822706031,       1.462289964,       1.116971827,       2.166392667
