"Time_Iter","Outer_Iter","Inner_Iter",     "rms[P]"     ,     "rms[U]"     ,     "rms[V]"     ,     "rms[nu]"    ,    "RefForce"    ,       "CD"       ,       "CL"       ,       "CSF"      ,       "CMx"      ,       "CMy"      ,       "CMz"      ,       "CFx"      ,       "CFy"      ,       "CFz"      ,      "CEff"      
          0,           0,           0,      -18.56546184,       -18.3893949,      -22.93906371,      -8.584255203,                 1,      0.1993363763,   3.334067458e-08,                 0,                 0,                 0,  -8.335168695e-09,      0.1993363763,   3.334067458e-08,                 0,    1.67258356e-07
          0,           0,           1,      -8.131249566,      -3.666437114,      -9.759186306,      -9.007897785,                 1,     0.09213851502,  -9.672143349e-07,                 0,                 0,                 0,   2.589290475e-06,     0.09213851502,  -9.672143349e-07,                 0,  -1.049739444e-05
          0,           0,           2,      -8.327706646,      -4.261200362,      -8.063879429,      -9.664001558,                 1,     0.05960965414,   5.192298244e-07,                 0,                 0,                 0,   1.697598181e-06,     0.05960965414,   5.192298244e-07,                 0,   8.710498859e-06
          0,           0,           3,       -8.39530284,      -4.576875251,       -8.17903065,      -10.44242511,                 1,     0.04573551633,   3.614842847e-06,                 0,                 0,                 0,   1.138746488e-06,     0.04573551633,   3.614842847e-06,                 0,   7.903798047e-05
          0,           0,           4,      -8.453034824,      -4.746400419,      -8.200911865,      -10.74067897,                 1,     0.03811873329,   7.630991782e-06,                 0,                 0,                 0,   6.500072035e-07,     0.03811873329,   7.630991782e-06,                 0,   0.0002001900673
          0,           0,           5,      -8.445911805,      -4.857273829,      -8.292899883,      -10.93119212,                 1,     0.03321463228,   1.143854374e-05,                 0,                 0,                 0,   1.057705711e-07,     0.03321463228,   1.143854374e-05,                 0,   0.0003443826697
          0,           0,           6,      -8.440178502,      -4.939447775,      -8.362569052,      -11.02524242,                 1,     0.02973096176,   1.435007533e-05,                 0,                 0,                 0,  -3.575990988e-07,     0.02973096176,   1.435007533e-05,                 0,     0.00048266435
          0,           0,           7,      -8.453824579,      -5.004770535,      -8.411922321,      -11.08754408,                 1,     0.02709346785,    1.63749776e-05,                 0,                 0,                 0,  -6.725415805e-07,     0.02709346785,    1.63749776e-05,                 0,   0.0006043883968
          0,           0,           8,      -8.505753029,      -5.059023298,      -8.441485234,      -11.13512006,                 1,     0.02500689844,   1.792730965e-05,                 0,                 0,                 0,  -8.454576994e-07,     0.02500689844,   1.792730965e-05,                 0,    0.000716894568
          0,           0,           9,      -8.604260316,      -5.105451083,      -8.451670982,      -11.17251788,                 1,       0.023302567,   1.947623596e-05,                 0,                 0,                 0,   -8.97155396e-07,       0.023302567,   1.947623596e-05,                 0,   0.0008357978742
          0,           0,          10,       -8.73612573,      -5.146055394,      -8.457496674,      -11.19992683,                 1,     0.02187630203,    2.13567293e-05,                 0,                 0,                 0,  -8.387784986e-07,     0.02187630203,    2.13567293e-05,                 0,   0.0009762495171
          0,           0,          11,      -8.819243435,      -5.182157044,      -8.473891753,      -11.21999963,                 1,     0.02065985564,   2.371620692e-05,                 0,                 0,                 0,  -6.705381384e-07,     0.02065985564,   2.371620692e-05,                 0,     0.00114793672
          0,           0,          12,      -8.786123014,      -5.214673584,      -8.503699038,       -11.2387529,                 1,     0.01960639768,   2.654103974e-05,                 0,                 0,                 0,   -3.93517853e-07,     0.01960639768,   2.654103974e-05,                 0,    0.001353692819
          0,           0,          13,      -8.732367292,      -5.244267945,      -8.543501912,       -11.2510885,                 1,     0.01868257746,   2.971479762e-05,                 0,                 0,                 0,  -2.822742363e-08,     0.01868257746,   2.971479762e-05,                 0,    0.001590508466
          0,           0,          14,      -8.718291452,      -5.271434727,      -8.587627825,      -11.26176703,                 1,     0.01786390812,   3.306507103e-05,                 0,                 0,                 0,   3.730438028e-07,     0.01786390812,   3.306507103e-05,                 0,    0.001850942739
          0,           0,          15,      -8.749937513,      -5.296552656,      -8.628895539,      -11.27004126,                 1,     0.01713194662,   3.638725564e-05,                 0,                 0,                 0,   7.288428299e-07,     0.01713194662,   3.638725564e-05,                 0,    0.002123941689
          0,           0,          16,      -8.820182204,      -5.319918155,       -8.66067059,      -11.27696132,                 1,     0.01647249842,   3.946151559e-05,                 0,                 0,                 0,   9.450564461e-07,     0.01647249842,   3.946151559e-05,                 0,    0.002395599901
          0,           0,          17,      -8.911518386,      -5.341767497,      -8.679662801,      -11.28182117,                 1,      0.0158744341,   4.207722558e-05,                 0,                 0,                 0,   9.388150025e-07,      0.0158744341,   4.207722558e-05,                 0,    0.002650628383
          0,           0,          18,      -8.989883847,      -5.362292099,      -8.687465903,      -11.28756688,                 1,     0.01532888576,   4.406626321e-05,                 0,                 0,                 0,     6.6169085e-07,     0.01532888576,   4.406626321e-05,                 0,    0.002874720571
          0,           0,          19,      -9.025828074,      -5.381648952,       -8.69069158,      -11.28972717,                 1,     0.01482868707,    4.53386043e-05,                 0,                 0,                 0,   1.144241329e-07,     0.01482868707,    4.53386043e-05,                 0,    0.003057492823
          0,           0,          20,      -9.029664241,       -5.39996855,      -8.697645658,       -11.2940852,                 1,     0.01436797422,   4.590832394e-05,                 0,                 0,                 0,  -6.513692927e-07,     0.01436797422,   4.590832394e-05,                 0,    0.003195184181
          0,           0,          21,      -9.026042931,      -5.417360367,      -8.713426176,      -11.29683504,                 1,     0.01394189573,   4.589735423e-05,                 0,                 0,                 0,  -1.544272374e-06,     0.01394189573,   4.589735423e-05,                 0,    0.003292045438
          0,           0,          22,      -9.024219284,      -5.433917158,      -8.737796199,      -11.29830007,                 1,     0.01354639783,   4.551251419e-05,                 0,                 0,                 0,  -2.453094431e-06,     0.01354639783,   4.551251419e-05,                 0,    0.003359750302
          0,           0,          23,      -9.020864058,      -5.449718387,      -8.765659377,      -11.30150599,                 1,     0.01317806299,   4.500246077e-05,                 0,                 0,                 0,     -3.270271e-06,     0.01317806299,   4.500246077e-05,                 0,    0.003414952622
          0,           0,          24,      -9.008758396,      -5.464832662,      -8.788594115,      -11.30339857,                 1,     0.01283398688,   4.460744875e-05,                 0,                 0,                 0,  -3.912683556e-06,     0.01283398688,   4.460744875e-05,                 0,    0.003475728095
          0,           0,          25,      -8.984859256,      -5.479319699,      -8.798515515,      -11.30390914,                 1,     0.01251168317,   4.451568271e-05,                 0,                 0,                 0,  -4.335128027e-06,     0.01251168317,   4.451568271e-05,                 0,    0.003557929187
          0,           0,          26,      -8.953991403,      -5.493231965,      -8.793194605,      -11.30601943,                 1,      0.0122090092,   4.483711777e-05,                 0,                 0,                 0,  -4.534138739e-06,      0.0122090092,   4.483711777e-05,                 0,    0.003672461626
          0,           0,          27,       -8.92504715,      -5.506615756,      -8.777514513,      -11.30813961,                 1,     0.01192410714,   4.559912583e-05,                 0,                 0,                 0,  -4.542537047e-06,     0.01192410714,   4.559912583e-05,                 0,    0.003824112387
          0,           0,          28,      -8.905978819,      -5.519512004,      -8.758738213,      -11.30808623,                 1,     0.01165535706,   4.676102297e-05,                 0,                 0,                 0,  -4.417139509e-06,     0.01165535706,   4.676102297e-05,                 0,    0.004011976873
          0,           0,          29,      -8.901949883,      -5.531957071,      -8.742472814,      -11.30859496,                 1,     0.01140133906,   4.823974123e-05,                 0,                 0,                 0,  -4.223347827e-06,     0.01140133906,   4.823974123e-05,                 0,    0.004231059263
          0,           0,          30,      -8.915275327,      -5.543983352,       -8.73199406,      -11.31004048,                 1,     0.01116080258,   4.993777001e-05,                 0,                 0,                 0,  -4.020627851e-06,     0.01116080258,   4.993777001e-05,                 0,    0.004474388796
          0,           0,          31,      -8.945556621,      -5.555619722,      -8.728775897,      -11.31126793,                 1,     0.01093264126,   5.176581106e-05,                 0,                 0,                 0,  -3.852067389e-06,     0.01093264126,   5.176581106e-05,                 0,     0.00473497756
          0,           0,          32,      -8.989394862,      -5.566891934,      -8.732975186,      -11.31061547,                 1,     0.01071587224,   5.365575419e-05,                 0,                 0,                 0,  -3.739710263e-06,     0.01071587224,   5.365575419e-05,                 0,    0.005007128957
          0,           0,          33,      -9.039615275,      -5.577823127,      -8.743824964,      -11.31016564,                 1,     0.01050961895,   5.556349715e-05,                 0,                 0,                 0,  -3.685732414e-06,     0.01050961895,   5.556349715e-05,                 0,    0.005286918339
          0,           0,          34,      -9.085432806,      -5.588434254,       -8.75992297,      -11.31056134,                 1,     0.01031309685,    5.74641091e-05,                 0,                 0,                 0,  -3.678100636e-06,     0.01031309685,    5.74641091e-05,                 0,    0.005571954764
          0,           0,          35,      -9.116813076,      -5.598744374,      -8.779444733,      -11.31113938,                 1,     0.01012560136,   5.934316377e-05,                 0,                 0,                 0,  -3.698445215e-06,     0.01012560136,   5.934316377e-05,                 0,    0.005860705123
          0,           0,          36,      -9.131828958,      -5.608770877,      -8.800454115,      -11.31074809,                 1,    0.009946497756,   6.118808199e-05,                 0,                 0,                 0,  -3.729711527e-06,    0.009946497756,   6.118808199e-05,                 0,    0.006151721288
          0,           0,          37,      -9.137362018,      -5.618529654,       -8.82129331,      -11.30896544,                 1,    0.009775212509,    6.29823313e-05,                 0,                 0,                 0,  -3.761655767e-06,    0.009775212509,    6.29823313e-05,                 0,    0.006443065176
          0,           0,          38,      -9.141908286,      -5.628035349,      -8.840804763,      -11.30773902,                 1,    0.009611225957,   6.470372363e-05,                 0,                 0,                 0,  -3.793142715e-06,    0.009611225957,   6.470372363e-05,                 0,    0.006732098893
          0,           0,          39,      -9.150304726,      -5.637301476,      -8.858307073,      -11.30705073,                 1,    0.009454065993,   6.632651706e-05,                 0,                 0,                 0,  -3.831212558e-06,    0.009454065993,   6.632651706e-05,                 0,    0.007015660469
          0,           0,          40,       -9.16307975,      -5.646340472,      -8.873471952,      -11.30647346,                 1,    0.009303302636,   6.782603206e-05,                 0,                 0,                 0,  -3.887741744e-06,    0.009303302636,   6.782603206e-05,                 0,    0.007290532698
          0,           0,          41,      -9.177408614,      -5.655163728,      -8.886181872,      -11.30532432,                 1,    0.009158543343,   6.918405639e-05,                 0,                 0,                 0,  -3.975012192e-06,    0.009158543343,   6.918405639e-05,                 0,    0.007554045856
          0,           0,          42,      -9.188417063,      -5.663781616,      -8.896392959,      -11.30269334,                 1,    0.009019428946,   7.039337608e-05,                 0,                 0,                 0,  -4.101553997e-06,    0.009019428946,   7.039337608e-05,                 0,      0.0078046378
          0,           0,          43,      -9.191152779,      -5.672203637,      -8.904056457,      -11.29984381,                 1,    0.008885630111,   7.146027989e-05,                 0,                 0,                 0,  -4.269325274e-06,    0.008885630111,   7.146027989e-05,                 0,     0.00804222987
          0,           0,          44,      -9.182997143,       -5.68043857,      -8.909071668,      -11.29755031,                 1,     0.00875684426,   7.240458522e-05,                 0,                 0,                 0,  -4.472780858e-06,     0.00875684426,   7.240458522e-05,                 0,    0.008268342232
          0,           0,          45,      -9.165058518,      -5.688494538,      -8.911242944,      -11.29550327,                 1,    0.008632792869,   7.325735561e-05,                 0,                 0,                 0,  -4.699815416e-06,    0.008632792869,   7.325735561e-05,                 0,    0.008485939223
          0,           0,          46,      -9.141329567,      -5.696379052,      -8.910335398,      -11.29344076,                 1,    0.008513219094,   7.405694501e-05,                 0,                 0,                 0,  -4.934109896e-06,    0.008513219094,   7.405694501e-05,                 0,    0.008699053107
          0,           0,          47,      -9.116517293,      -5.704099045,      -8.906277164,      -11.29087498,                 1,    0.008397885688,    7.48442626e-05,                 0,                 0,                 0,  -5.158162341e-06,    0.008397885688,    7.48442626e-05,                 0,    0.008912274515
          0,           0,          48,      -9.094430935,      -5.711660883,      -8.899382517,      -11.28698094,                 1,     0.00828657315,   7.565815045e-05,                 0,                 0,                 0,  -5.356252687e-06,     0.00828657315,   7.565815045e-05,                 0,    0.009130209688
          0,           0,          49,      -9.077518226,      -5.719070452,      -8.890440503,      -11.28243923,                 1,     0.00817907809,   7.653156441e-05,                 0,                 0,                 0,   -5.51673663e-06,     0.00817907809,   7.653156441e-05,                 0,     0.00935699153
          0,           0,          50,      -9.067019858,      -5.726333294,      -8.880612618,      -11.27830441,                 1,    0.008075211775,   7.748897141e-05,                 0,                 0,                 0,  -5.633322059e-06,    0.008075211775,   7.748897141e-05,                 0,    0.009595905788
          0,           0,          51,      -9.063247841,       -5.73345461,      -8.871187952,      -11.27446178,                 1,    0.007974798827,   7.854509437e-05,                 0,                 0,                 0,  -5.705265332e-06,    0.007974798827,   7.854509437e-05,                 0,    0.009849163105
          0,           0,          52,      -9.065816681,       -5.74043923,      -8.863316691,      -11.27067819,                 1,    0.007877676064,      7.970489e-05,                 0,                 0,                 0,  -5.736655283e-06,    0.007877676064,      7.970489e-05,                 0,     0.01011781766
          0,           0,          53,      -9.073800816,      -5.747291573,      -8.857832714,      -11.26678183,                 1,    0.007783691457,   8.096448958e-05,                 0,                 0,                 0,  -5.735095392e-06,    0.007783691457,   8.096448958e-05,                 0,     0.01040181128
          0,           0,          54,      -9.085850032,      -5.754015607,      -8.855189302,      -11.26236746,                 1,    0.007692703196,   8.231277737e-05,                 0,                 0,                 0,  -5.710139166e-06,    0.007692703196,   8.231277737e-05,                 0,     0.01070011091
          0,           0,          55,       -9.10032623,      -5.760614801,      -8.855472054,      -11.25667512,                 1,    0.007604578851,   8.373329695e-05,                 0,                 0,                 0,  -5.671793101e-06,    0.007604578851,   8.373329695e-05,                 0,     0.01101090522
          0,           0,          56,      -9.115504662,       -5.76709219,       -8.85845538,      -11.25012126,                 1,    0.007519194614,   8.520623298e-05,                 0,                 0,                 0,  -5.629306023e-06,    0.007519194614,   8.520623298e-05,                 0,     0.01133182972
          0,           0,          57,      -9.129828163,      -5.773450561,      -8.863680846,      -11.24388246,                 1,    0.007436434616,   8.671029977e-05,                 0,                 0,                 0,   -5.59035344e-06,    0.007436434616,   8.671029977e-05,                 0,     0.01166019796
          0,           0,          58,      -9.142148344,      -5.779692466,      -8.870541126,       -11.2379967,                 1,     0.00735619031,   8.822443673e-05,                 0,                 0,                 0,  -5.560626623e-06,     0.00735619031,   8.822443673e-05,                 0,      0.0119932238
          0,           0,          59,      -9.151852763,      -5.785820176,      -8.878360939,      -11.23223131,                 1,     0.00727835991,   8.972925283e-05,                 0,                 0,                 0,  -5.543761665e-06,     0.00727835991,   8.972925283e-05,                 0,     0.01232822421
          0,           0,          60,      -9.158808796,      -5.791835633,      -8.886471784,       -11.2264494,                 1,     0.00720284788,   9.120818443e-05,                 0,                 0,                 0,  -5.541506141e-06,     0.00720284788,   9.120818443e-05,                 0,     0.01266279477
          0,           0,          61,      -9.163155582,      -5.797740405,      -8.894270875,      -11.22050251,                 1,    0.007129564473,   9.264834504e-05,                 0,                 0,                 0,  -5.554017847e-06,    0.007129564473,   9.264834504e-05,                 0,     0.01299495157
          0,           0,          62,      -9.165065674,      -5.803535637,       -8.90125724,      -11.21388066,                 1,    0.007058425305,   9.404105218e-05,                 0,                 0,                 0,  -5.580208235e-06,    0.007058425305,   9.404105218e-05,                 0,     0.01332323402
          0,           0,          63,      -9.164593612,      -5.809221966,      -8.907042153,      -11.20568639,                 1,    0.006989350972,   9.538202542e-05,                 0,                 0,                 0,  -5.618071672e-06,    0.006989350972,   9.538202542e-05,                 0,     0.01364676431
          0,           0,          64,      -9.161662141,      -5.814799763,      -8.911338488,      -11.19677246,                 1,    0.006922266697,   9.667126908e-05,                 0,                 0,                 0,  -5.664969433e-06,    0.006922266697,   9.667126908e-05,                 0,     0.01396526215
          0,           0,          65,      -9.156169905,      -5.820269486,      -8.913945077,      -11.18849277,                 1,    0.006857102008,   9.791267157e-05,                 0,                 0,                 0,  -5.717862127e-06,    0.006857102008,   9.791267157e-05,                 0,     0.01427901633
          0,           0,          66,       -9.14815218,      -5.825631554,      -8.914732309,      -11.18069249,                 1,    0.006793790438,   9.911336986e-05,                 0,                 0,                 0,  -5.773501221e-06,    0.006793790438,   9.911336986e-05,                 0,     0.01458881765
          0,           0,          67,       -9.13790775,      -5.830886218,      -8.913644626,      -11.17308562,                 1,    0.006732269251,   0.0001002829456,                 0,                 0,                 0,   -5.82859125e-06,    0.006732269251,   0.0001002829456,                 0,     0.01489586079
          0,           0,          68,      -9.126025318,      -5.836033463,      -8.910719828,      -11.16554646,                 1,    0.006672479186,   0.0001014325318,                 0,                 0,                 0,  -5.879933022e-06,    0.006672479186,   0.0001014325318,                 0,     0.01520162581
          0,           0,          69,      -9.113301825,      -5.841072935,      -8.906110878,      -11.15795061,                 1,    0.006614364224,    0.000102573908,                 0,                 0,                 0,  -5.924555519e-06,    0.006614364224,    0.000102573908,                 0,     0.01550775018
          0,           0,          70,      -9.100595448,      -5.846003857,      -8.900085762,      -11.14963539,                 1,    0.006557871364,   0.0001037186515,                 0,                 0,                 0,  -5.959838505e-06,    0.006557871364,   0.0001037186515,                 0,      0.0158159021
          0,           0,          71,      -9.088680711,      -5.850824787,      -8.893010228,       -11.1390256,                 1,    0.006502950424,   0.0001048773963,                 0,                 0,                 0,  -5.983622796e-06,    0.006502950424,   0.0001048773963,                 0,     0.01612766352
          0,           0,          72,      -9.078146623,        -5.8555345,      -8.885310144,      -11.12796496,                 1,    0.006449553847,   0.0001060592345,                 0,                 0,                 0,   -5.99429496e-06,    0.006449553847,   0.0001060592345,                 0,     0.01644442965
          0,           0,          73,      -9.069350047,      -5.860132829,      -8.877420958,      -11.11828797,                 1,    0.006397636522,   0.0001072712777,                 0,                 0,                 0,  -5.990839215e-06,    0.006397636522,   0.0001072712777,                 0,      0.0167673292
          0,           0,          74,      -9.062413545,      -5.864619772,      -8.869743406,      -11.10932381,                 1,    0.006347155622,   0.0001085183855,                 0,                 0,                 0,  -5.972861255e-06,    0.006347155622,   0.0001085183855,                 0,     0.01709716792
          0,           0,          75,      -9.057248534,      -5.868995225,      -8.862600452,      -11.10067635,                 1,    0.006298070435,   0.0001098030666,                 0,                 0,                 0,  -5.940576943e-06,    0.006298070435,   0.0001098030666,                 0,       0.017434398
          0,           0,          76,      -9.053598983,      -5.873258807,      -8.856215909,      -11.09220696,                 1,    0.006250342222,   0.0001111255441,                 0,                 0,                 0,  -5.894761139e-06,    0.006250342222,   0.0001111255441,                 0,     0.01777911355
          0,           0,          77,      -9.051093456,      -5.877409788,      -8.850709751,      -11.08358756,                 1,    0.006203934064,   0.0001124839648,                 0,                 0,                 0,  -5.836659556e-06,    0.006203934064,   0.0001124839648,                 0,     0.01813107033
          0,           0,          78,       -9.04929574,      -5.881446754,      -8.846097915,       -11.0722628,                 1,     0.00615881073,   0.0001138747314,                 0,                 0,                 0,  -5.767871736e-06,     0.00615881073,   0.0001138747314,                 0,     0.01848972738
          0,           0,          79,       -9.04775824,      -5.885368179,      -8.842309893,      -11.05930093,                 1,    0.006114938543,    0.000115292926,                 0,                 0,                 0,  -5.690207527e-06,    0.006114938543,    0.000115292926,                 0,     0.01885430658
          0,           0,          80,      -9.046062595,      -5.889176423,      -8.839201257,      -11.04892523,                 1,    0.006072285258,   0.0001167327875,                 0,                 0,                 0,  -5.605512619e-06,    0.006072285258,   0.0001167327875,                 0,     0.01922386426
          0,           0,          81,      -9.043859087,      -5.892873706,       -8.83657395,      -11.03964619,                 1,    0.006030819941,   0.0001181882036,                 0,                 0,                 0,  -5.515508159e-06,    0.006030819941,   0.0001181882036,                 0,     0.01959736898
          0,           0,          82,      -9.040881691,      -5.896461819,      -8.834202044,      -11.03080306,                 1,    0.005990512856,   0.0001196531997,                 0,                 0,                 0,  -5.421654866e-06,    0.005990512856,   0.0001196531997,                 0,     0.01997378231
          0,           0,          83,      -9.036946972,      -5.899942041,      -8.831860058,      -11.02221994,                 1,    0.005951335357,    0.000121122393,                 0,                 0,                 0,  -5.325039533e-06,    0.005951335357,    0.000121122393,                 0,     0.02035213707
          0,           0,          84,      -9.031948577,      -5.903315229,      -8.829324423,      -11.01255016,                 1,    0.005913259779,   0.0001225913772,                 0,                 0,                 0,  -5.226297544e-06,    0.005913259779,   0.0001225913772,                 0,     0.02073160689
          0,           0,          85,      -9.025851737,      -5.906580266,      -8.826395316,      -10.99823338,                 1,     0.00587625934,   0.0001240570077,                 0,                 0,                 0,  -5.125587592e-06,     0.00587625934,   0.0001240570077,                 0,     0.02111156104
          0,           0,          86,      -9.018684473,      -5.909743196,      -8.822906307,      -10.98728066,                 1,    0.005840308043,   0.0001255175664,                 0,                 0,                 0,  -5.022572608e-06,    0.005840308043,   0.0001255175664,                 0,     0.02149160035
          0,           0,          87,      -9.010533893,      -5.912810169,      -8.818740441,      -10.97812876,                 1,    0.005805380587,   0.0001269727921,                 0,                 0,                 0,  -4.916454015e-06,    0.005805380587,   0.0001269727921,                 0,     0.02187157072
          0,           0,          88,       -9.00154311,      -5.915785571,      -8.813831052,      -10.96952563,                 1,     0.00577145228,   0.0001284237957,                 0,                 0,                 0,  -4.806073322e-06,     0.00577145228,   0.0001284237957,                 0,     0.02225155636
          0,           0,          89,      -8.991881032,      -5.918672831,       -8.80815814,       -10.9612259,                 1,    0.005738498959,   0.0001298728949,                 0,                 0,                 0,  -4.690026773e-06,    0.005738498959,   0.0001298728949,                 0,     0.02263185823
          0,           0,          90,      -8.981741932,      -5.921474743,       -8.80175492,      -10.95060903,                 1,     0.00570649691,   0.0001313233753,                 0,                 0,                 0,  -4.566786596e-06,     0.00570649691,   0.0001313233753,                 0,     0.02301295827
          0,           0,          91,      -8.971330889,      -5.924191805,      -8.794698192,      -10.93664661,                 1,    0.005675422802,   0.0001327791989,                 0,                 0,                 0,  -4.434832823e-06,    0.005675422802,   0.0001327791989,                 0,     0.02339547263
          0,           0,          92,      -8.960844882,      -5.926836824,      -8.787101292,      -10.92720362,                 1,     0.00564525362,   0.0001342446743,                 0,                 0,                 0,  -4.292719711e-06,     0.00564525362,   0.0001342446743,                 0,     0.02378009622
          0,           0,          93,      -8.950471227,      -5.929416464,      -8.779100777,      -10.91881916,                 1,    0.005615966603,   0.0001357241153,                 0,                 0,                 0,  -4.139161111e-06,    0.005615966603,   0.0001357241153,                 0,     0.02416754316
          0,           0,          94,      -8.940364981,      -5.931935652,      -8.770829788,      -10.91082842,                 1,    0.005587539195,   0.0001372215361,                 0,                 0,                 0,  -3.973119194e-06,    0.005587539195,   0.0001372215361,                 0,     0.02455849191
          0,           0,          95,      -8.930631076,      -5.934398189,      -8.762426689,      -10.90245568,                 1,    0.005559948998,   0.0001387404105,                 0,                 0,                 0,   -3.79384535e-06,    0.005559948998,   0.0001387404105,                 0,     0.02495354014
          0,           0,          96,      -8.921333038,      -5.936804904,      -8.754033056,      -10.88838814,                 1,    0.005533173729,   0.0001402834947,                 0,                 0,                 0,   -3.60089981e-06,    0.005533173729,   0.0001402834947,                 0,     0.02535317009
          0,           0,          97,      -8.912489737,      -5.939168257,      -8.745768211,      -10.87895427,                 1,     0.00550719119,   0.0001418527139,                 0,                 0,                 0,  -3.394094552e-06,     0.00550719119,   0.0001418527139,                 0,     0.02575772458
          0,           0,          98,      -8.904089728,      -5.941495843,      -8.737716946,      -10.87091824,                 1,    0.005481979242,    0.000143449106,                 0,                 0,                 0,  -3.173449917e-06,    0.005481979242,    0.000143449106,                 0,     0.02616739313
          0,           0,          99,      -8.896101237,      -5.943792085,      -8.729938602,       -10.8633219,                 1,    0.005457515784,   0.0001450728382,                 0,                 0,                 0,  -2.939181802e-06,    0.005457515784,   0.0001450728382,                 0,     0.02658221138
          0,           0,         100,      -8.888451045,      -5.946060151,      -8.722476817,      -10.85545121,                 1,    0.005433778739,   0.0001467233066,                 0,                 0,                 0,  -2.691655905e-06,    0.005433778739,   0.0001467233066,                 0,     0.02700207602
          0,           0,         101,      -8.881052914,      -5.948300076,        -8.7153394,      -10.84219461,                 1,    0.005410746053,   0.0001483992832,                 0,                 0,                 0,  -2.431342876e-06,    0.005410746053,   0.0001483992832,                 0,      0.0274267692
          0,           0,         102,      -8.873816321,      -5.950524124,      -8.708510592,      -10.83354366,                 1,    0.005388395691,   0.0001500990741,                 0,                 0,                 0,  -2.158720154e-06,    0.005388395691,   0.0001500990741,                 0,     0.02785598585
          0,           0,         103,      -8.866662022,      -5.952737402,      -8.701953213,      -10.82597469,                 1,    0.005366705646,   0.0001518206767,                 0,                 0,                 0,  -1.874215239e-06,    0.005366705646,   0.0001518206767,                 0,     0.02828936161
          0,           0,         104,      -8.859526657,      -5.954942514,      -8.695622192,      -10.81879552,                 1,    0.005345653949,   0.0001535619466,                 0,                 0,                 0,  -1.578195938e-06,    0.005345653949,   0.0001535619466,                 0,     0.02872650344
          0,           0,         105,      -8.852341993,      -5.957141017,      -8.689475237,       -10.8101209,                 1,    0.005325218689,    0.000155320777,                 0,                 0,                 0,  -1.270945005e-06,    0.005325218689,    0.000155320777,                 0,      0.0291670232
          0,           0,         106,      -8.845056397,      -5.959331753,      -8.683449472,      -10.79863491,                 1,    0.005305378033,   0.0001570952614,                 0,                 0,                 0,  -9.526491019e-07,    0.005305378033,   0.0001570952614,                 0,     0.02961056882
          0,           0,         107,      -8.837637562,      -5.961526267,      -8.677487513,      -10.79092167,                 1,    0.005286110253,    0.000158883799,                 0,                 0,                 0,  -6.233394446e-07,    0.005286110253,    0.000158883799,                 0,     0.03005684547
          0,           0,         108,      -8.830078757,      -5.963725619,      -8.671523424,      -10.78381531,                 1,    0.005267393755,   0.0001606851596,                 0,                 0,                 0,  -2.828880037e-07,    0.005267393755,   0.0001606851596,                 0,     0.03050562899
          0,           0,         109,      -8.822390813,      -5.965930435,      -8.665508978,      -10.77701687,                 1,    0.005249207111,   0.0001624985239,                 0,                 0,                 0,   6.896246613e-08,    0.005249207111,   0.0001624985239,                 0,     0.03095677508
          0,           0,         110,      -8.814588127,      -5.968140728,      -8.659421549,      -10.76710647,                 1,    0.005231529096,   0.0001643235005,                 0,                 0,                 0,   4.325787119e-07,    0.005231529096,   0.0001643235005,                 0,     0.03141022396
          0,           0,         111,      -8.806697154,      -5.970358041,      -8.653234657,      -10.75831581,                 1,    0.005214338721,   0.0001661601161,                 0,                 0,                 0,   8.084304529e-07,    0.005214338721,   0.0001661601161,                 0,     0.03186599969
          0,           0,         112,      -8.798752935,      -5.972586513,      -8.646940035,      -10.75112507,                 1,    0.005197615272,   0.0001680087554,                 0,                 0,                 0,   1.197086369e-06,    0.005197615272,   0.0001680087554,                 0,     0.03232419996
          0,           0,         113,      -8.790810379,      -5.974825287,      -8.640543828,      -10.74433542,                 1,    0.005181338346,   0.0001698700752,                 0,                 0,                 0,   1.599163077e-06,    0.005181338346,   0.0001698700752,                 0,     0.03278498023
          0,           0,         114,      -8.782909215,      -5.977073816,      -8.634073367,      -10.73761284,                 1,    0.005165487886,   0.0001717449293,                 0,                 0,                 0,   2.015284408e-06,    0.005165487886,   0.0001717449293,                 0,     0.03324853976
          0,           0,         115,      -8.775087309,      -5.979330444,       -8.62755451,      -10.72743122,                 1,    0.005150044221,   0.0001736342906,                 0,                 0,                 0,   2.446044022e-06,    0.005150044221,   0.0001736342906,                 0,     0.03371510673
          0,           0,         116,      -8.767377188,      -5.981599319,      -8.621010337,      -10.72006664,                 1,    0.005134988096,   0.0001755391566,                 0,                 0,                 0,   2.892003481e-06,    0.005134988096,   0.0001755391566,                 0,     0.03418491986
          0,           0,         117,      -8.759809037,        -5.9838792,      -8.614474458,      -10.71328697,                 1,    0.005120300707,   0.0001774604494,                 0,                 0,                 0,   3.353676516e-06,    0.005120300707,   0.0001774604494,                 0,     0.03465820848
          0,           0,         118,      -8.752408181,      -5.986168467,      -8.607981116,      -10.70677658,                 1,    0.005105963725,   0.0001793989303,                 0,                 0,                 0,   3.831497006e-06,    0.005105963725,   0.0001793989303,                 0,     0.03513517524
          0,           0,         119,      -8.745183004,      -5.988466537,      -8.601566428,      -10.69875056,                 1,    0.005091959333,   0.0001813551438,                 0,                 0,                 0,   4.325806994e-06,    0.005091959333,   0.0001813551438,                 0,     0.03561598433
          0,           0,         120,      -8.738135163,      -5.990772958,      -8.595256578,      -10.69061729,                 1,    0.005078270239,    0.000183329385,                 0,                 0,                 0,   4.836855575e-06,    0.005078270239,    0.000183329385,                 0,     0.03610075407
          0,           0,         121,      -8.731256681,      -5.993088985,      -8.589066458,      -10.68379428,                 1,    0.005064879704,   0.0001853216769,                 0,                 0,                 0,    5.36482505e-06,    0.005064879704,   0.0001853216769,                 0,     0.03658955153
          0,           0,         122,      -8.724537517,      -5.995411515,      -8.583007724,      -10.67727116,                 1,    0.005051771558,   0.0001873317672,                 0,                 0,                 0,   5.909838482e-06,    0.005051771558,   0.0001873317672,                 0,     0.03708239082
          0,           0,         123,      -8.717960686,      -5.997739123,      -8.577091043,      -10.67093338,                 1,    0.005038930213,   0.0001893591524,                 0,                 0,                 0,   6.471965247e-06,    0.005038930213,   0.0001893591524,                 0,     0.03757923694
          0,           0,         124,      -8.711506962,      -6.000071952,      -8.571314745,      -10.66262557,                 1,    0.005026340673,   0.0001914031233,                 0,                 0,                 0,   7.051234362e-06,    0.005026340673,   0.0001914031233,                 0,     0.03808001401
          0,           0,         125,      -8.705155189,      -6.002410867,       -8.56567205,      -10.65560891,                 1,    0.005013988545,   0.0001934628165,                 0,                 0,                 0,   7.647662306e-06,    0.005013988545,   0.0001934628165,                 0,     0.03858461477
          0,           0,         126,      -8.698880064,      -6.004753524,      -8.560143959,      -10.64905512,                 1,    0.005001860041,   0.0001955372656,                 0,                 0,                 0,   8.261277969e-06,    0.005001860041,   0.0001955372656,                 0,     0.03909291023
          0,           0,         127,      -8.692662142,      -6.007096644,      -8.554708751,      -10.64269936,                 1,     0.00498994198,   0.0001976254498,                 0,                 0,                 0,   8.892129645e-06,     0.00498994198,   0.0001976254498,                 0,     0.03960475906
          0,           0,         128,       -8.68648315,      -6.009439849,      -8.549347282,      -10.63599421,                 1,    0.004978221784,   0.0001997263501,                 0,                 0,                 0,   9.540296985e-06,    0.004978221784,   0.0001997263501,                 0,      0.0401200185
          0,           0,         129,      -8.680333419,      -6.011783844,      -8.544042857,      -10.62833005,                 1,     0.00496668748,   0.0002018390022,                 0,                 0,                 0,   1.020589817e-05,     0.00496668748,   0.0002018390022,                 0,     0.04063855497
          0,           0,         130,      -8.674202816,      -6.014129819,      -8.538773572,       -10.6217426,                 1,    0.004955327685,    0.000203962537,                 0,                 0,                 0,   1.088910718e-05,    0.004955327685,    0.000203962537,                 0,     0.04116025215
          0,           0,         131,      -8.668081719,      -6.016473687,      -8.533521633,      -10.61537843,                 1,    0.004944131605,   0.0002060962104,                 0,                 0,                 0,   1.159015733e-05,    0.004944131605,   0.0002060962104,                 0,     0.04168501707
          0,           0,         132,      -8.661965669,      -6.018812491,      -8.528276251,      -10.60915456,                 1,    0.004933089019,   0.0002082394232,                 0,                 0,                 0,   1.230933236e-05,    0.004933089019,   0.0002082394232,                 0,     0.04221278441
          0,           0,         133,       -8.65585831,      -6.021147198,      -8.523028792,       -10.6022479,                 1,    0.004922190268,   0.0002103917321,                 0,                 0,                 0,   1.304695825e-05,    0.004922190268,   0.0002103917321,                 0,     0.04274351877
          0,           0,         134,      -8.649769973,      -6.023480108,      -8.517771344,      -10.59541569,                 1,     0.00491142624,   0.0002125528458,                 0,                 0,                 0,   1.380339547e-05,     0.00491142624,   0.0002125528458,                 0,     0.04327721427
          0,           0,         135,      -8.643706406,      -6.025810705,      -8.512497675,      -10.58902421,                 1,    0.004900788354,   0.0002147226067,                 0,                 0,                 0,   1.457903572e-05,    0.004900788354,   0.0002147226067,                 0,     0.04381389099
          0,           0,         136,      -8.637669177,      -6.028134388,      -8.507205312,      -10.58277514,                 1,    0.004890268544,   0.0002169009629,                 0,                 0,                 0,   1.537428901e-05,    0.004890268544,   0.0002169009629,                 0,     0.04435358936
          0,           0,         137,      -8.631660995,      -6.030448524,      -8.501899622,      -10.57663133,                 1,    0.004879859241,   0.0002190879367,                 0,                 0,                 0,   1.618956977e-05,    0.004879859241,   0.0002190879367,                 0,     0.04489636398
          0,           0,         138,      -8.625694107,      -6.032755167,      -8.496586968,      -10.56986959,                 1,    0.004869553352,    0.000221283592,                 0,                 0,                 0,   1.702528646e-05,    0.004869553352,    0.000221283592,                 0,     0.04544227694
          0,           0,         139,      -8.619783308,      -6.035057551,      -8.491272507,      -10.56337125,                 1,    0.004859344246,   0.0002234880011,                 0,                 0,                 0,   1.788183594e-05,    0.004859344246,   0.0002234880011,                 0,     0.04599139098
          0,           0,         140,      -8.613933375,      -6.037354744,       -8.48596261,      -10.55710881,                 1,    0.004849225726,   0.0002257012127,                 0,                 0,                 0,   1.875960088e-05,    0.004849225726,   0.0002257012127,                 0,     0.04654376295
          0,           0,         141,      -8.608140897,      -6.039641877,      -8.480664593,      -10.55094789,                 1,     0.00483919202,   0.0002279232268,                 0,                 0,                 0,   1.965894082e-05,     0.00483919202,   0.0002279232268,                 0,     0.04709943848
          0,           0,         142,      -8.602400854,      -6.041916302,      -8.475389929,      -10.54486812,                 1,    0.004829237752,   0.0002301539805,                 0,                 0,                 0,   2.058018787e-05,    0.004829237752,   0.0002301539805,                 0,     0.04765844888
          0,           0,         143,      -8.596718495,      -6.044180598,      -8.470145714,      -10.53833576,                 1,    0.004819357925,    0.000232393339,                 0,                 0,                 0,   2.152364729e-05,    0.004819357925,    0.000232393339,                 0,     0.04822080921
          0,           0,         144,      -8.591101807,      -6.046438809,      -8.464932756,      -10.53201727,                 1,    0.004809547905,   0.0002346410898,                 0,                 0,                 0,   2.248960278e-05,    0.004809547905,   0.0002346410898,                 0,     0.04878651683
          0,           0,         145,      -8.585548335,      -6.048690547,       -8.45974971,      -10.52585559,                 1,    0.004799803397,   0.0002368969388,                 0,                 0,                 0,   2.347832436e-05,    0.004799803397,   0.0002368969388,                 0,     0.04935555048
          0,           0,         146,      -8.580044886,      -6.050930935,       -8.45459724,       -10.5197694,                 1,    0.004790120428,   0.0002391605135,                 0,                 0,                 0,   2.449007069e-05,    0.004790120428,   0.0002391605135,                 0,     0.04992787074
          0,           0,         147,      -8.574577247,      -6.053156681,      -8.449477763,      -10.51374773,                 1,     0.00478049533,   0.0002414313755,                 0,                 0,                 0,   2.552509247e-05,     0.00478049533,   0.0002414313755,                 0,     0.05050342251
          0,           0,         148,      -8.569143719,      -6.055370023,       -8.44439139,      -10.50744717,                 1,     0.00477092472,   0.0002437090375,                 0,                 0,                 0,   2.658363872e-05,     0.00477092472,   0.0002437090375,                 0,     0.05108213854
          0,           0,         149,        -8.5637504,       -6.05757574,      -8.439333218,      -10.50125101,                 1,    0.004761405485,   0.0002459929803,                 0,                 0,                 0,   2.766596591e-05,    0.004761405485,   0.0002459929803,                 0,     0.05166394274
          0,           0,         150,      -8.558396571,      -6.059774915,      -8.434295506,      -10.49517688,                 1,    0.004751934763,   0.0002482826683,                 0,                 0,                 0,   2.877234735e-05,    0.004751934763,   0.0002482826683,                 0,     0.05224875353
          0,           0,         151,      -8.553069874,      -6.061963295,      -8.429272381,      -10.48916139,                 1,     0.00474250993,   0.0002505775672,                 0,                 0,                 0,   2.990307506e-05,     0.00474250993,   0.0002505775672,                 0,     0.05283648762
          0,           0,         152,      -8.547754575,      -6.064136505,      -8.424261096,      -10.48319662,                 1,    0.004733128582,   0.0002528771673,                 0,                 0,                 0,   3.105845855e-05,    0.004733128582,   0.0002528771673,                 0,     0.05342706476
          0,           0,         153,       -8.54244737,       -6.06629531,      -8.419259222,      -10.47710783,                 1,    0.004723788522,   0.0002551810021,                 0,                 0,                 0,   3.223882471e-05,    0.004723788522,   0.0002551810021,                 0,     0.05402041198
          0,           0,         154,       -8.53715794,      -6.068444617,      -8.414262997,      -10.47100271,                 1,    0.004714487746,   0.0002574886575,                 0,                 0,                 0,   3.344452056e-05,    0.004714487746,   0.0002574886575,                 0,     0.05461646553
          0,           0,         155,      -8.531895007,      -6.070587625,      -8.409264729,      -10.46500811,                 1,     0.00470522443,   0.0002597997705,                 0,                 0,                 0,   3.467591774e-05,     0.00470522443,   0.0002597997705,                 0,      0.0552151708
          0,           0,         156,      -8.526654839,      -6.072721878,      -8.404257424,      -10.45906424,                 1,    0.004695996914,   0.0002621140251,                 0,                 0,                 0,   3.593341157e-05,    0.004695996914,   0.0002621140251,                 0,     0.05581648155
          0,           0,         157,      -8.521424694,      -6.074842296,      -8.399239197,      -10.45316095,                 1,    0.004686803698,   0.0002644311517,                 0,                 0,                 0,   3.721741438e-05,    0.004686803698,   0.0002644311517,                 0,     0.05642035996
          0,           0,         158,      -8.516198264,      -6.076947141,      -8.394212546,      -10.44727269,                 1,    0.004677643421,   0.0002667509284,                 0,                 0,                 0,   3.852834816e-05,    0.004677643421,   0.0002667509284,                 0,     0.05702677702
          0,           0,         159,      -8.510984207,      -6.079040004,      -8.389180455,      -10.44123347,                 1,    0.004668514859,   0.0002690731756,                 0,                 0,                 0,   3.986664182e-05,    0.004668514859,   0.0002690731756,                 0,     0.05763571152
          0,           0,         160,       -8.50579774,      -6.081125845,       -8.38414186,      -10.43530696,                 1,    0.004659416908,   0.0002713977408,                 0,                 0,                 0,   4.123273323e-05,    0.004659416908,   0.0002713977408,                 0,     0.05824714684
          0,           0,         161,      -8.500645405,      -6.083205326,      -8.379093956,      -10.42943534,                 1,     0.00465034858,     0.00027372448,                 0,                 0,                 0,   4.262707082e-05,     0.00465034858,     0.00027372448,                 0,     0.05886106715
          0,           0,         162,      -8.495519097,       -6.08527429,      -8.374036442,      -10.42360071,                 1,     0.00464130899,   0.0002760532472,                 0,                 0,                 0,   4.405010875e-05,     0.00464130899,   0.0002760532472,                 0,     0.05947745513
          0,           0,         163,      -8.490406302,      -6.087328568,      -8.368973372,      -10.41779734,                 1,    0.004632297351,    0.000278383893,                 0,                 0,                 0,   4.550229862e-05,    0.004632297351,    0.000278383893,                 0,     0.06009629173
          0,           0,         164,      -8.485305283,      -6.089368666,      -8.363910254,       -10.4119334,                 1,    0.004623312965,   0.0002807162652,                 0,                 0,                 0,   4.698408468e-05,    0.004623312965,   0.0002807162652,                 0,     0.06071755628
          0,           0,         165,      -8.480227745,      -6.091399272,      -8.358849839,        -10.406073,                 1,    0.004614355214,   0.0002830502008,                 0,                 0,                 0,   4.849590633e-05,    0.004614355214,   0.0002830502008,                 0,     0.06134122487
          0,           0,         166,      -8.475186685,      -6.093424316,      -8.353791121,      -10.40027458,                 1,    0.004605423557,   0.0002853855105,                 0,                 0,                 0,   5.003820489e-05,    0.004605423557,   0.0002853855105,                 0,     0.06196726685
          0,           0,         167,      -8.470182535,      -6.095442889,      -8.348731997,      -10.39451439,                 1,     0.00459651752,   0.0002877219666,                 0,                 0,                 0,   5.161142664e-05,     0.00459651752,   0.0002877219666,                 0,     0.06259564232
          0,           0,         168,      -8.465201843,      -6.097450496,      -8.343672718,      -10.38878557,                 1,    0.004587636692,   0.0002900593058,                 0,                 0,                 0,   5.321601923e-05,    0.004587636692,   0.0002900593058,                 0,     0.06322630261
          0,           0,         169,      -8.460230587,       -6.09944401,      -8.338616042,      -10.38308032,                 1,    0.004578780722,   0.0002923972441,                 0,                 0,                 0,   5.485242633e-05,    0.004578780722,   0.0002923972441,                 0,      0.0638591935
          0,           0,         170,      -8.455267657,       -6.10142502,      -8.333564551,      -10.37730776,                 1,    0.004569949308,   0.0002947354893,                 0,                 0,                 0,   5.652108751e-05,    0.004569949308,   0.0002947354893,                 0,      0.0644942579
          0,           0,         171,      -8.450324694,      -6.103398281,      -8.328517946,      -10.37157426,                 1,    0.004561142198,   0.0002970737397,                 0,                 0,                 0,   5.822244514e-05,    0.004561142198,   0.0002970737397,                 0,     0.06513143567
          0,           0,         172,       -8.44541303,      -6.105366978,      -8.323472572,      -10.36588391,                 1,    0.004552359184,    0.000299411675,                 0,                 0,                 0,   5.995695307e-05,    0.004552359184,    0.000299411675,                 0,     0.06577066151
          0,           0,         173,      -8.440530885,      -6.107329705,      -8.318423793,      -10.36022896,                 1,    0.004543600096,   0.0003017489522,                 0,                 0,                 0,   6.172507874e-05,    0.004543600096,   0.0003017489522,                 0,     0.06641186412
          0,           0,         174,      -8.435663549,      -6.109282194,      -8.313369455,      -10.35460457,                 1,    0.004534864803,   0.0003040852186,                 0,                 0,                 0,   6.352729825e-05,    0.004534864803,   0.0003040852186,                 0,     0.06705496896
          0,           0,         175,      -8.430797096,      -6.111221816,      -8.308310752,      -10.34899823,                 1,    0.004526153202,   0.0003064201332,                 0,                 0,                 0,   6.536409072e-05,    0.004526153202,   0.0003064201332,                 0,     0.06769990308
          0,           0,         176,      -8.425931153,      -6.113150257,      -8.303249339,      -10.34334279,                 1,    0.004517465225,   0.0003087533805,                 0,                 0,                 0,   6.723593809e-05,    0.004517465225,   0.0003087533805,                 0,     0.06834659817
          0,           0,         177,      -8.421078439,      -6.115071976,      -8.298184338,      -10.33772492,                 1,    0.004508800827,   0.0003110846654,                 0,                 0,                 0,   6.914333086e-05,    0.004508800827,   0.0003110846654,                 0,     0.06899498942
          0,           0,         178,      -8.416252158,      -6.116990001,      -8.293111856,      -10.33214014,                 1,    0.004500159989,   0.0003134136958,                 0,                 0,                 0,    7.10867738e-05,    0.004500159989,   0.0003134136958,                 0,     0.06964501185
          0,           0,         179,      -8.411452853,      -6.118903242,      -8.288027498,      -10.32659075,                 1,    0.004491542712,   0.0003157401725,                 0,                 0,                 0,   7.306678491e-05,    0.004491542712,   0.0003157401725,                 0,     0.07029659802
          0,           0,         180,      -8.406667507,      -6.120807852,      -8.282929795,      -10.32107458,                 1,    0.004482949019,   0.0003180637969,                 0,                 0,                 0,   7.508388756e-05,    0.004482949019,   0.0003180637969,                 0,     0.07094967967
          0,           0,         181,      -8.401881963,      -6.122701138,      -8.277820684,      -10.31558111,                 1,    0.004474378947,   0.0003203842877,                 0,                 0,                 0,   7.713860229e-05,    0.004474378947,   0.0003203842877,                 0,     0.07160419167
          0,           0,         182,      -8.397094248,      -6.124584182,      -8.272703009,      -10.31005442,                 1,    0.004465832552,   0.0003227013903,                 0,                 0,                 0,   7.923144437e-05,    0.004465832552,   0.0003227013903,                 0,     0.07226007391
          0,           0,         183,      -8.392316301,       -6.12646093,      -8.267577654,      -10.30455516,                 1,    0.004457309902,   0.0003250148633,                 0,                 0,                 0,   8.136292768e-05,    0.004457309902,   0.0003250148633,                 0,      0.0729172686
          0,           0,         184,      -8.387563194,       -6.12833469,      -8.262442535,      -10.29908195,                 1,    0.004448811076,   0.0003273244544,                 0,                 0,                 0,   8.353356943e-05,    0.004448811076,   0.0003273244544,                 0,     0.07357571467
          0,           0,         185,      -8.382839287,      -6.130205297,      -8.257294335,      -10.29364283,                 1,    0.004440336167,   0.0003296298818,                 0,                 0,                 0,    8.57438895e-05,    0.004440336167,   0.0003296298818,                 0,     0.07423534378
          0,           0,         186,      -8.378134009,      -6.132069585,      -8.252131686,        -10.288241,                 1,    0.004431885274,   0.0003319308396,                 0,                 0,                 0,   8.799440385e-05,    0.004431885274,   0.0003319308396,                 0,     0.07489608125
          0,           0,         187,      -8.373431523,      -6.133924547,       -8.24695663,      -10.28286938,                 1,    0.004423458507,   0.0003342270159,                 0,                 0,                 0,    9.02856171e-05,    0.004423458507,   0.0003342270159,                 0,     0.07555785036
          0,           0,         188,      -8.368724931,      -6.135770162,       -8.24177277,      -10.27748707,                 1,    0.004415055981,   0.0003365181072,                 0,                 0,                 0,   9.261802002e-05,    0.004415055981,   0.0003365181072,                 0,     0.07622057538
          0,           0,         189,      -8.364021942,       -6.13760951,       -8.23658217,      -10.27211984,                 1,    0.004406677818,   0.0003388038102,                 0,                 0,                 0,   9.499209315e-05,    0.004406677818,   0.0003388038102,                 0,     0.07688417993
          0,           0,         190,      -8.359337755,      -6.139446217,      -8.231383752,      -10.26677162,                 1,    0.004398324145,   0.0003410837989,                 0,                 0,                 0,   9.740831273e-05,    0.004398324145,   0.0003410837989,                 0,     0.07754858161
          0,           0,         191,      -8.354681415,      -6.141281468,      -8.226174099,      -10.26145228,                 1,    0.004389995094,   0.0003433577043,                 0,                 0,                 0,   9.986715283e-05,    0.004389995094,   0.0003433577043,                 0,     0.07821368748
          0,           0,         192,      -8.350047149,      -6.143113266,      -8.220950337,      -10.25617204,                 1,    0.004381690799,   0.0003456251175,                 0,                 0,                 0,   0.0001023690818,    0.004381690799,   0.0003456251175,                 0,      0.0788793946
          0,           0,         193,      -8.345418964,      -6.144938508,      -8.215712459,      -10.25093096,                 1,    0.004373411398,   0.0003478856125,                 0,                 0,                 0,   0.0001049145559,    0.004373411398,   0.0003478856125,                 0,     0.07954559515
          0,           0,         194,      -8.340784229,      -6.146755852,      -8.210462844,      -10.24570646,                 1,    0.004365157031,   0.0003501387687,                 0,                 0,                 0,   0.0001075040151,    0.004365157031,   0.0003501387687,                 0,     0.08021218164
          0,           0,         195,      -8.336143788,      -6.148566963,      -8.205203772,      -10.24049109,                 1,     0.00435692784,   0.0003523841747,                 0,                 0,                 0,   0.0001101378837,     0.00435692784,   0.0003523841747,                 0,     0.08087904772
          0,           0,         196,      -8.331510555,      -6.150375283,       -8.19993515,      -10.23529167,                 1,    0.004348723968,    0.000354621409,                 0,                 0,                 0,   0.0001128165758,    0.004348723968,    0.000354621409,                 0,     0.08154608377
          0,           0,         197,      -8.326898363,      -6.152183341,      -8.194653981,      -10.23011253,                 1,    0.004340545557,   0.0003568500159,                 0,                 0,                 0,   0.0001155404985,    0.004340545557,   0.0003568500159,                 0,     0.08221317141
          0,           0,         198,      -8.322309739,      -6.153990894,       -8.18935617,      -10.22496781,                 1,    0.004332392752,   0.0003590694993,                 0,                 0,                 0,   0.0001183100519,    0.004332392752,   0.0003590694993,                 0,      0.0828801819
          0,           0,         199,       -8.31773316,      -6.155795485,      -8.184039451,      -10.21986764,                 1,    0.004324265695,   0.0003612793405,                 0,                 0,                 0,   0.0001211256236,    0.004324265695,   0.0003612793405,                 0,     0.08354698022
          0,           0,         200,      -8.313152578,      -6.157594785,      -8.178704665,      -10.21480963,                 1,     0.00431616453,   0.0003634790245,                 0,                 0,                 0,   0.0001239875828,     0.00431616453,   0.0003634790245,                 0,     0.08421343115
          0,           0,         201,       -8.30856041,      -6.159388641,      -8.173354338,      -10.20976888,                 1,    0.004308089398,   0.0003656680538,                 0,                 0,                 0,   0.0001268962754,    0.004308089398,   0.0003656680538,                 0,     0.08487940245
          0,           0,         202,      -8.303963056,      -6.161179361,      -8.167990188,      -10.20475104,                 1,    0.004300040442,   0.0003678459362,                 0,                 0,                 0,   0.0001298520236,    0.004300040442,   0.0003678459362,                 0,     0.08554476201
          0,           0,         203,      -8.299375511,      -6.162970085,      -8.162611392,       -10.1997488,                 1,    0.004292017799,   0.0003700121562,                 0,                 0,                 0,   0.0001328551294,    0.004292017799,   0.0003700121562,                 0,     0.08620937135
          0,           0,         204,      -8.294809243,      -6.164762508,      -8.157214666,      -10.19477094,                 1,    0.004284021608,   0.0003721661542,                 0,                 0,                 0,   0.0001359058754,    0.004284021608,   0.0003721661542,                 0,     0.08687308056
          0,           0,         205,      -8.290262459,      -6.166555831,      -8.151796492,       -10.1898331,                 1,    0.004276052005,    0.000374307329,                 0,                 0,                 0,   0.0001390045247,    0.004276052005,    0.000374307329,                 0,     0.08753572889
          0,           0,         206,      -8.285721354,      -6.168347801,      -8.146355721,      -10.18494647,                 1,    0.004268109124,   0.0003764350604,                 0,                 0,                 0,   0.0001421513143,    0.004268109124,   0.0003764350604,                 0,     0.08819714996
          0,           0,         207,      -8.281171316,      -6.170136762,      -8.140894106,      -10.18010473,                 1,    0.004260193097,   0.0003785487321,                 0,                 0,                 0,   0.0001453464479,    0.004260193097,   0.0003785487321,                 0,     0.08885717701
          0,           0,         208,       -8.27660807,      -6.171923106,      -8.135414528,      -10.17530051,                 1,    0.004252304053,   0.0003806477325,                 0,                 0,                 0,   0.0001485900885,    0.004252304053,   0.0003806477325,                 0,     0.08951564322
          0,           0,         209,      -8.272040397,      -6.173709191,      -8.129918711,      -10.17052236,                 1,     0.00424444212,   0.0003827314328,                 0,                 0,                 0,   0.0001518823556,     0.00424444212,   0.0003827314328,                 0,     0.09017237647
          0,           0,         210,      -8.267483318,      -6.175497805,      -8.124405782,      -10.16576487,                 1,    0.004236607423,   0.0003847991559,                 0,                 0,                 0,   0.0001552233267,    0.004236607423,   0.0003847991559,                 0,     0.09082719202
          0,           0,         211,      -8.262946336,      -6.177290301,      -8.118872554,      -10.16103636,                 1,    0.004228800082,   0.0003868501611,                 0,                 0,                 0,   0.0001586130401,    0.004228800082,   0.0003868501611,                 0,     0.09147988877
          0,           0,         212,      -8.258425481,      -6.179085935,      -8.113315788,      -10.15635307,                 1,    0.004221020217,   0.0003888836551,                 0,                 0,                 0,   0.0001620514967,    0.004221020217,   0.0003888836551,                 0,     0.09213025172
          0,           0,         213,      -8.253906239,      -6.180882862,      -8.107734586,      -10.15172877,                 1,    0.004213267945,   0.0003908988188,                 0,                 0,                 0,   0.0001655386555,    0.004213267945,   0.0003908988188,                 0,     0.09277805825
          0,           0,         214,      -8.249374727,      -6.182679822,      -8.102130686,      -10.14716197,                 1,    0.004205543378,   0.0003928948275,                 0,                 0,                 0,   0.0001690744241,    0.004205543378,   0.0003928948275,                 0,     0.09342308287
          0,           0,         215,      -8.244827494,      -6.184477272,      -8.096506855,      -10.14264805,                 1,    0.004197846627,   0.0003948708474,                 0,                 0,                 0,   0.0001726586471,    0.004197846627,   0.0003948708474,                 0,     0.09406509635
          0,           0,         216,      -8.240273373,      -6.186277331,      -8.090864875,       -10.1381721,                 1,    0.004190177799,   0.0003968260097,                 0,                 0,                 0,   0.0001762910991,    0.004190177799,   0.0003968260097,                 0,     0.09470385952
          0,           0,         217,      -8.235726877,      -6.188082538,      -8.085204088,      -10.13372592,                 1,    0.004182536999,   0.0003987593801,                 0,                 0,                 0,    0.000179971484,    0.004182536999,   0.0003987593801,                 0,     0.09533911599
          0,           0,         218,      -8.231197156,      -6.189894309,      -8.079521495,      -10.12931403,                 1,    0.004174924328,   0.0004006699484,                 0,                 0,                 0,   0.0001836994412,    0.004174924328,   0.0004006699484,                 0,     0.09597058938
          0,           0,         219,       -8.22668049,      -6.191712317,      -8.073813772,      -10.12495171,                 1,    0.004167339883,   0.0004025566429,                 0,                 0,                 0,   0.0001874745509,    0.004167339883,   0.0004025566429,                 0,     0.09659798678
          0,           0,         220,      -8.222162931,      -6.193535211,      -8.068079623,      -10.12065516,                 1,    0.004159783759,   0.0004044183604,                 0,                 0,                 0,   0.0001912963322,    0.004159783759,   0.0004044183604,                 0,     0.09722100567
          0,           0,         221,      -8.217630648,      -6.195361932,      -8.062320358,      -10.11643219,                 1,    0.004152256048,   0.0004062539857,                 0,                 0,                 0,    0.000195164232,    0.004152256048,   0.0004062539857,                 0,     0.09783933865
          0,           0,         222,      -8.213079218,      -6.197192715,       -8.05653867,      -10.11227976,                 1,    0.004144756839,   0.0004080623864,                 0,                 0,                 0,   0.0001990776072,    0.004144756839,   0.0004080623864,                 0,     0.09845267218
          0,           0,         223,      -8.208516049,      -6.199029237,      -8.050736869,      -10.10818444,                 1,    0.004137286216,   0.0004098423851,                 0,                 0,                 0,   0.0002030357091,    0.004137286216,   0.0004098423851,                 0,      0.0990606798
          0,           0,         224,      -8.203955188,      -6.200873796,      -8.044915364,      -10.10413402,                 1,    0.004129844262,   0.0004115927278,                 0,                 0,                 0,   0.0002070376779,    0.004129844262,   0.0004115927278,                 0,      0.0996630143
          0,           0,         225,      -8.199407264,      -6.202728048,      -8.039072215,      -10.10012641,                 1,    0.004122431056,   0.0004133120691,                 0,                 0,                 0,   0.0002110825489,    0.004122431056,   0.0004133120691,                 0,      0.1002593042
          0,           0,         226,      -8.194871289,      -6.204592281,      -8.033204529,       -10.0961722,                 1,    0.004115046672,   0.0004149989867,                 0,                 0,                 0,   0.0002151692628,    0.004115046672,   0.0004149989867,                 0,      0.1008491567
          0,           0,         227,      -8.190335353,      -6.206465733,       -8.02731066,      -10.09228851,                 1,    0.004107691184,   0.0004166520095,                 0,                 0,                 0,   0.0002192966703,    0.004107691184,   0.0004166520095,                 0,      0.1014321649
          0,           0,         228,       -8.18578541,       -6.20834753,      -8.021391257,      -10.08849009,                 1,    0.004100364661,   0.0004182696398,                 0,                 0,                 0,   0.0002234635214,    0.004100364661,   0.0004182696398,                 0,      0.1020079126
          0,           0,         229,      -8.181214579,      -6.210237573,      -8.015448719,      -10.08478125,                 1,     0.00409306717,   0.0004198503511,                 0,                 0,                 0,   0.0002276684433,     0.00409306717,   0.0004198503511,                 0,      0.1025759739
          0,           0,         230,        -8.1766271,      -6.212136918,      -8.009485884,      -10.08115394,                 1,    0.004085798772,   0.0004213925607,                 0,                 0,                 0,   0.0002319099135,    0.004085798772,   0.0004213925607,                 0,      0.1031359066
          0,           0,         231,      -8.172035629,      -6.214047442,      -8.003504565,      -10.07759461,                 1,    0.004078559528,   0.0004228945944,                 0,                 0,                 0,   0.0002361862439,    0.004078559528,   0.0004228945944,                 0,      0.1036872434
          0,           0,         232,      -8.167453002,      -6.215970939,      -7.997504573,      -10.07409389,                 1,    0.004071349496,   0.0004243546644,                 0,                 0,                 0,     0.00024049558,    0.004071349496,   0.0004243546644,                 0,      0.1042294858
          0,           0,         233,       -8.16288314,      -6.217908321,      -7.991484193,      -10.07065345,                 1,    0.004064168728,   0.0004257708753,                 0,                 0,                 0,   0.0002448359159,    0.004064168728,   0.0004257708753,                 0,       0.104762106
          0,           0,         234,      -8.158318369,      -6.219859512,      -7.985441915,      -10.06728597,                 1,    0.004057017277,   0.0004271412511,                 0,                 0,                 0,    0.000249205108,    0.004057017277,   0.0004271412511,                 0,      0.1052845532
          0,           0,         235,      -8.153745402,      -6.221823967,      -7.979377798,      -10.06400888,                 1,    0.004049895189,   0.0004284637628,                 0,                 0,                 0,   0.0002536008744,    0.004049895189,   0.0004284637628,                 0,      0.1057962596
          0,           0,         236,      -8.149154359,      -6.223801364,      -7.973293547,      -10.06083536,                 1,    0.004042802509,   0.0004297363367,                 0,                 0,                 0,   0.0002580207752,    0.004042802509,   0.0004297363367,                 0,      0.1062966434
          0,           0,         237,      -8.144544606,      -6.225792102,      -7.967191829,      -10.05776756,                 1,    0.004035739281,   0.0004309568365,                 0,                 0,                 0,   0.0002624621793,    0.004035739281,   0.0004309568365,                 0,      0.1067851034
          0,           0,         238,      -8.139925234,      -6.227797384,       -7.96107525,       -10.0547973,                 1,    0.004028705542,   0.0004321230295,                 0,                 0,                 0,   0.0002669222331,    0.004028705542,   0.0004321230295,                 0,       0.107261011
          0,           0,         239,      -8.135310145,      -6.229818801,       -7.95494525,      -10.05191225,                 1,     0.00402170133,   0.0004332325551,                 0,                 0,                 0,   0.0002713978445,     0.00402170133,   0.0004332325551,                 0,      0.1077237019
          0,           0,         240,      -8.130709506,      -6.231857657,        -7.9488017,       -10.0491045,                 1,    0.004014726677,   0.0004342829183,                 0,                 0,                 0,   0.0002758856922,    0.004014726677,   0.0004342829183,                 0,      0.1081724743
          0,           0,         241,      -8.126123307,      -6.233914556,      -7.942643852,      -10.04637617,                 1,    0.004007781615,    0.000435271509,                 0,                 0,                 0,   0.0002803822495,    0.004007781615,    0.000435271509,                 0,      0.1086065936
          0,           0,         242,      -8.121542534,      -6.235989481,      -7.936471791,      -10.04373928,                 1,    0.004000866172,   0.0004361956358,                 0,                 0,                 0,   0.0002848838039,    0.004000866172,   0.0004361956358,                 0,      0.1090253003
          0,           0,         243,      -8.116956354,      -6.238082198,      -7.930287086,      -10.04121019,                 1,    0.003993980374,   0.0004370525512,                 0,                 0,                 0,   0.0002893864594,    0.003993980374,   0.0004370525512,                 0,      0.1094278164
          0,           0,         244,      -8.112359249,      -6.240192679,      -7.924092545,       -10.0388017,                 1,    0.003987124242,   0.0004378394568,                 0,                 0,                 0,   0.0002938861164,    0.003987124242,   0.0004378394568,                 0,      0.1098133467
          0,           0,         245,      -8.107754531,      -6.242321394,       -7.91789163,      -10.03651751,                 1,    0.003980297799,   0.0004385534856,                 0,                 0,                 0,   0.0002983784403,    0.003980297799,   0.0004385534856,                 0,      0.1101810738
          0,           0,         246,      -8.103153703,      -6.244469325,      -7.911687659,      -10.03435203,                 1,     0.00397350106,   0.0004391916749,                 0,                 0,                 0,    0.000302858834,     0.00397350106,   0.0004391916749,                 0,      0.1105301517
          0,           0,         247,      -8.098571542,      -6.246637678,      -7.905482979,      -10.03229492,                 1,    0.003966734043,   0.0004397509483,                 0,                 0,                 0,   0.0003073224328,    0.003966734043,   0.0004397509483,                 0,      0.1108597006
          0,           0,         248,      -8.094018623,      -6.248827453,      -7.899278831,      -10.03033785,                 1,    0.003959996758,   0.0004402281237,                 0,                 0,                 0,   0.0003117641299,    0.003959996758,   0.0004402281237,                 0,      0.1111688091
          0,           0,         249,      -8.089496529,      -6.251039203,      -7.893076286,      -10.02847985,                 1,    0.003953289218,   0.0004406199464,                 0,                 0,                 0,   0.0003161786225,    0.003953289218,   0.0004406199464,                 0,      0.1114565422
          0,           0,         250,      -8.084999768,      -6.253273079,      -7.886877414,      -10.02672851,                 1,     0.00394661143,   0.0004409231348,                 0,                 0,                 0,   0.0003205604563,     0.00394661143,   0.0004409231348,                 0,      0.1117219525
          0,           0,         251,      -8.080521841,      -6.255529046,      -7.880685707,      -10.02509673,                 1,      0.0039399634,   0.0004411344178,                 0,                 0,                 0,    0.000324904055,      0.0039399634,   0.0004411344178,                 0,      0.1119640903
          0,           0,         252,      -8.076060653,      -6.257807125,       -7.87450591,      -10.02359714,                 1,    0.003933345131,   0.0004412505569,                 0,                 0,                 0,   0.0003292037299,    0.003933345131,   0.0004412505569,                 0,      0.1121820085
          0,           0,         253,      -8.071621176,      -6.260107572,      -7.868343661,      -10.02223689,                 1,    0.003926756624,   0.0004412683498,                 0,                 0,                 0,   0.0003334536765,    0.003926756624,   0.0004412683498,                 0,      0.1123747642
          0,           0,         254,      -8.067215428,      -6.262430934,      -7.862204925,      -10.02101547,                 1,    0.003920197879,   0.0004411846249,                 0,                 0,                 0,   0.0003376479717,    0.003920197879,   0.0004411846249,                 0,      0.1125414172
          0,           0,         255,      -8.062859488,      -6.264777939,      -7.856095283,      -10.01992629,                 1,    0.003913668893,   0.0004409962413,                 0,                 0,                 0,   0.0003417805885,    0.003913668893,   0.0004409962413,                 0,      0.1126810298
          0,           0,         256,      -8.058567982,      -6.267149268,      -7.850019578,      -10.01896062,                 1,    0.003907169659,   0.0004407001077,                 0,                 0,                 0,   0.0003458454403,    0.003907169659,   0.0004407001077,                 0,      0.1127926725
          0,           0,         257,      -8.054349296,      -6.269545368,      -7.843982334,      -10.01811231,                 1,    0.003900700171,   0.0004402932241,                 0,                 0,                 0,   0.0003498364504,    0.003900700171,   0.0004402932241,                 0,      0.1128754338
          0,           0,         258,      -8.050205194,      -6.271966418,      -7.837988598,      -10.01738055,                 1,    0.003894260419,   0.0004397727361,                 0,                 0,                 0,   0.0003537476311,    0.003894260419,   0.0004397727361,                 0,      0.1129284354
          0,           0,         259,      -8.046134424,      -6.274412395,      -7.832044437,      -10.01677009,                 1,    0.003887850391,   0.0004391359884,                 0,                 0,                 0,   0.0003575731519,    0.003887850391,   0.0004391359884,                 0,      0.1129508454
          0,           0,         260,      -8.042136799,      -6.276883173,      -7.826156961,      -10.01628902,                 1,    0.003881470074,   0.0004383805643,                 0,                 0,                 0,   0.0003613073884,    0.003881470074,   0.0004383805643,                 0,      0.1129418895
          0,           0,         261,      -8.038215621,       -6.27937863,      -7.820334159,      -10.01594526,                 1,    0.003875119452,    0.000437504311,                 0,                 0,                 0,   0.0003649449533,    0.003875119452,    0.000437504311,                 0,       0.112900858
          0,           0,         262,      -8.034378599,      -6.281898713,      -7.814584649,      -10.01574347,                 1,    0.003868798508,   0.0004365053499,                 0,                 0,                 0,   0.0003684807154,    0.003868798508,   0.0004365053499,                 0,      0.1128271087
          0,           0,         263,      -8.030637575,      -6.284443468,      -7.808917274,      -10.01568353,                 1,    0.003862507221,   0.0004353820791,                 0,                 0,                 0,   0.0003719098138,    0.003862507221,   0.0004353820791,                 0,      0.1127200687
          0,           0,         264,      -8.027006671,      -6.287012981,      -7.803340573,      -10.01576094,                 1,    0.003856245571,    0.000434133176,                 0,                 0,                 0,    0.000375227679,    0.003856245571,    0.000434133176,                 0,      0.1125792349
          0,           0,         265,      -8.023499008,       -6.28960729,      -7.797862439,      -10.01596873,                 1,    0.003850013534,   0.0004327576084,                 0,                 0,                 0,   0.0003784300695,    0.003850013534,   0.0004327576084,                 0,      0.1124041785
          0,           0,         266,      -8.020123689,      -6.292226305,      -7.792490215,      -10.01629989,                 1,    0.003843811085,   0.0004312546572,                 0,                 0,                 0,   0.0003815131225,    0.003843811085,   0.0004312546572,                 0,      0.1121945506
          0,           0,         267,      -8.016885107,      -6.294869789,      -7.787231105,      -10.01674944,                 1,    0.003837638198,   0.0004296239436,                 0,                 0,                 0,   0.0003844734072,    0.003837638198,   0.0004296239436,                 0,      0.1119500905
          0,           0,         268,      -8.013784547,      -6.297537371,      -7.782092461,      -10.01731537,                 1,    0.003831494842,    0.000427865452,                 0,                 0,                 0,    0.000387307967,    0.003831494842,    0.000427865452,                 0,      0.1116706324
          0,           0,         269,      -8.010822344,      -6.300228584,      -7.777081812,      -10.01799837,                 1,     0.00382538099,   0.0004259795423,                 0,                 0,                 0,   0.0003900143438,     0.00382538099,   0.0004259795423,                 0,       0.111356109
          0,           0,         270,      -8.007999297,      -6.302942899,      -7.772206766,      -10.01880088,                 1,    0.003819296607,   0.0004239669496,                 0,                 0,                 0,   0.0003925905834,    0.003819296607,   0.0004239669496,                 0,      0.1110065526
          0,           0,         271,      -8.005317305,      -6.305679757,      -7.767474901,      -10.01972543,                 1,    0.003813241662,   0.0004218287711,                 0,                 0,                 0,    0.000395035225,    0.003813241662,   0.0004218287711,                 0,      0.1106220923
          0,           0,         272,      -8.002779644,      -6.308438598,      -7.762893617,      -10.02077342,                 1,    0.003807216118,    0.000419566445,                 0,                 0,                 0,   0.0003973472803,    0.003807216118,    0.000419566445,                 0,      0.1102029493
          0,           0,         273,      -8.000390937,      -6.311218872,      -7.758469924,      -10.02194426,                 1,     0.00380121994,   0.0004171817223,                 0,                 0,                 0,   0.0003995262059,     0.00380121994,   0.0004171817223,                 0,      0.1097494302
          0,           0,         274,      -7.998156655,      -6.314020032,      -7.754210168,      -10.02323518,                 1,    0.003795253088,   0.0004146766375,                 0,                 0,                 0,   0.0004015718753,    0.003795253088,   0.0004146766375,                 0,      0.1092619195
          0,           0,         275,      -7.996082047,      -6.316841511,      -7.750119788,      -10.02464173,                 1,    0.003789315525,   0.0004120534817,                 0,                 0,                 0,   0.0004034845549,    0.003789315525,   0.0004120534817,                 0,      0.1087408739
          0,           0,         276,      -7.994170891,      -6.319682701,      -7.746203227,      -10.02615851,                 1,    0.003783407209,   0.0004093147813,                 0,                 0,                 0,   0.0004052648874,    0.003783407209,   0.0004093147813,                 0,      0.1081868164
          0,           0,         277,      -7.992424743,      -6.322542949,      -7.742464042,         -10.02778,                 1,    0.003777528099,   0.0004064632805,                 0,                 0,                 0,   0.0004069138789,    0.003777528099,   0.0004064632805,                 0,      0.1076003328
          0,           0,         278,      -7.990843053,      -6.325421555,      -7.738905085,      -10.02950134,                 1,    0.003771678152,   0.0004035019264,                 0,                 0,                 0,   0.0004084328855,    0.003771678152,   0.0004035019264,                 0,      0.1069820674
          0,           0,         279,       -7.98942385,      -6.328317788,      -7.735528627,      -10.03131867,                 1,    0.003765857323,    0.000400433852,                 0,                 0,                 0,   0.0004098235946,    0.003765857323,    0.000400433852,                 0,      0.1063327199
          0,           0,         280,      -7.988164447,      -6.331230892,      -7.732336401,       -10.0332293,                 1,    0.003760065568,   0.0003972623554,                 0,                 0,                 0,   0.0004110879994,    0.003760065568,   0.0003972623554,                 0,      0.1056530394
          0,           0,         281,      -7.987061892,      -6.334160101,      -7.729329627,      -10.03523149,                 1,     0.00375430284,   0.0003939908773,                 0,                 0,                 0,   0.0004122283671,     0.00375430284,   0.0003939908773,                 0,      0.1049438189
          0,           0,         282,      -7.986113176,      -6.337104643,       -7.72650902,      -10.03732412,                 1,    0.003748569092,   0.0003906229747,                 0,                 0,                 0,   0.0004132472043,    0.003748569092,   0.0003906229747,                 0,       0.104205889
          0,           0,         283,      -7.985315367,      -6.340063751,      -7.723874811,      -10.03950633,                 1,    0.003742864276,   0.0003871622945,                 0,                 0,                 0,   0.0004141472191,    0.003742864276,   0.0003871622945,                 0,      0.1034401106
          0,           0,         284,      -7.984665707,      -6.343036669,      -7.721426755,      -10.04177704,                 1,    0.003737188344,   0.0003836125476,                 0,                 0,                 0,   0.0004149312858,    0.003737188344,   0.0003836125476,                 0,      0.1026473681
          0,           0,         285,      -7.984161688,      -6.346022659,      -7.719164121,      -10.04413475,                 1,    0.003731541245,   0.0003799774839,                 0,                 0,                 0,   0.0004156024108,    0.003731541245,   0.0003799774839,                 0,      0.1018285633
          0,           0,         286,      -7.983801045,      -6.349020999,      -7.717085685,      -10.04657738,                 1,    0.003725922929,   0.0003762608702,                 0,                 0,                 0,   0.0004161637029,    0.003725922929,   0.0003762608702,                 0,       0.100984609
          0,           0,         287,       -7.98358166,      -6.352030983,      -7.715189701,      -10.04910223,                 1,    0.003720333344,   0.0003724664715,                 0,                 0,                 0,   0.0004166183482,    0.003720333344,   0.0003724664715,                 0,      0.1001164243
          0,           0,         288,      -7.983501361,      -6.355051917,      -7.713473903,      -10.05170619,                 1,     0.00371477244,   0.0003685980354,                 0,                 0,                 0,   0.0004169695892,     0.00371477244,   0.0003685980354,                 0,        0.09922493
          0,           0,         289,      -7.983557706,      -6.358083117,      -7.711935536,      -10.05438576,                 1,    0.003709240164,   0.0003646592807,                 0,                 0,                 0,   0.0004172207095,    0.003709240164,   0.0003646592807,                 0,     0.09831104611
          0,           0,         290,      -7.983747841,      -6.361123908,      -7.710571432,      -10.05713732,                 1,    0.003703736461,   0.0003606538895,                 0,                 0,                 0,   0.0004173750212,    0.003703736461,   0.0003606538895,                 0,     0.09737568891
          0,           0,         291,      -7.984068495,      -6.364173628,      -7.709378104,      -10.05995716,                 1,    0.003698261279,   0.0003565854997,                 0,                 0,                 0,   0.0004174358547,    0.003698261279,   0.0003565854997,                 0,      0.0964197694
          0,           0,         292,      -7.984516076,      -6.367231625,      -7.708351835,      -10.06284177,                 1,    0.003692814564,   0.0003524577005,                 0,                 0,                 0,    0.000417406549,    0.003692814564,   0.0003524577005,                 0,     0.09544419153
          0,           0,         293,      -7.985086809,      -6.370297266,      -7.707488744,      -10.06578785,                 1,     0.00368739626,   0.0003482740261,                 0,                 0,                 0,   0.0004172904424,     0.00368739626,   0.0003482740261,                 0,     0.09444985066
          0,           0,         294,      -7.985776852,      -6.373369935,      -7.706784835,      -10.06879237,                 1,    0.003682006311,   0.0003440379504,                 0,                 0,                 0,   0.0004170908625,    0.003682006311,   0.0003440379504,                 0,      0.0934376319
          0,           0,         295,      -7.986582353,      -6.376449031,      -7.706236026,       -10.0718526,                 1,    0.003676644663,   0.0003397528814,                 0,                 0,                 0,   0.0004168111155,    0.003676644663,   0.0003397528814,                 0,     0.09240840836
          0,           0,         296,      -7.987499483,      -6.379533973,      -7.705838182,      -10.07496604,                 1,    0.003671311258,   0.0003354221552,                 0,                 0,                 0,   0.0004164544764,    0.003671311258,   0.0003354221552,                 0,     0.09136303942
          0,           0,         297,      -7.988524454,      -6.382624196,      -7.705587129,       -10.0781312,                 1,    0.003666006039,   0.0003310490307,                 0,                 0,                 0,   0.0004160241805,    0.003666006039,   0.0003310490307,                 0,     0.09030236918
          0,           0,         298,      -7.989653588,      -6.385719146,      -7.705478617,       -10.0813478,                 1,    0.003660728948,   0.0003266366865,                 0,                 0,                 0,   0.0004155234158,    0.003660728948,   0.0003266366865,                 0,     0.08922722527
          0,           0,         299,       -7.99088319,      -6.388818313,      -7.705508362,       -10.0846111,                 1,    0.003655479929,   0.0003221882128,                 0,                 0,                 0,   0.0004149553111,    0.003655479929,   0.0003221882128,                 0,     0.08813841659
          0,           0,         300,      -7.992209264,      -6.391921194,      -7.705672414,      -10.08791848,                 1,    0.003650258921,   0.0003177066065,                 0,                 0,                 0,   0.0004143229275,    0.003650258921,   0.0003177066065,                 0,     0.08703673175
          0,           0,         301,       -7.99362883,      -6.395027306,      -7.705966701,      -10.09126825,                 1,    0.003645065865,   0.0003131947719,                 0,                 0,                 0,   0.0004136292588,    0.003645065865,   0.0003131947719,                 0,     0.08592293897
          0,           0,         302,      -7.995138546,       -6.39813619,      -7.706387043,      -10.09465853,                 1,    0.003639900702,   0.0003086555206,                 0,                 0,                 0,   0.0004128772317,    0.003639900702,   0.0003086555206,                 0,     0.08479778594
          0,           0,         303,      -7.996735034,      -6.401247398,      -7.706929285,      -10.09808772,                 1,    0.003634763372,    0.000304091572,                 0,                 0,                 0,    0.000412069704,    0.003634763372,    0.000304091572,                 0,     0.08366199965
          0,           0,         304,      -7.998415238,      -6.404360503,      -7.707589432,      -10.10155394,                 1,    0.003629653814,   0.0002995055526,                 0,                 0,                 0,   0.0004112094635,    0.003629653814,   0.0002995055526,                 0,     0.08251628613
          0,           0,         305,      -8.000176175,      -6.407475097,      -7.708363552,      -10.10505497,                 1,    0.003624571965,   0.0002948999968,                 0,                 0,                 0,   0.0004102992256,    0.003624571965,   0.0002948999968,                 0,     0.08136133029
          0,           0,         306,      -8.002014833,      -6.410590793,      -7.709247709,      -10.10858866,                 1,    0.003619517765,   0.0002902773462,                 0,                 0,                 0,   0.0004093416315,    0.003619517765,   0.0002902773462,                 0,     0.08019779567
          0,           0,         307,      -8.003928265,       -6.41370722,      -7.710238007,      -10.11215272,                 1,     0.00361449115,   0.0002856399503,                 0,                 0,                 0,   0.0004083392469,     0.00361449115,   0.0002856399503,                 0,     0.07902632444
          0,           0,         308,      -8.005913593,      -6.416824024,      -7.711330627,      -10.11574504,                 1,    0.003609492057,   0.0002809900686,                 0,                 0,                 0,   0.0004072945624,    0.003609492057,   0.0002809900686,                 0,     0.07784753758
          0,           0,         309,      -8.007968031,      -6.419940868,      -7.712521826,      -10.11936352,                 1,    0.003604520423,   0.0002763298718,                 0,                 0,                 0,   0.0004062099941,    0.003604520423,   0.0002763298718,                 0,     0.07666203528
          0,           0,         310,      -8.010088853,      -6.423057431,       -7.71380794,      -10.12300592,                 1,    0.003599576181,    0.000271661444,                 0,                 0,                 0,   0.0004050878841,    0.003599576181,    0.000271661444,                 0,     0.07547039716
          0,           0,         311,      -8.012273355,      -6.426173411,      -7.715185392,       -10.1266701,                 1,    0.003594659269,   0.0002669867836,                 0,                 0,                 0,   0.0004039304996,    0.003594659269,   0.0002669867836,                 0,     0.07427318243
          0,           0,         312,      -8.014518859,      -6.429288524,      -7.716650685,      -10.13035414,                 1,    0.003589769618,   0.0002623078044,                 0,                 0,                 0,   0.0004027400325,    0.003589769618,   0.0002623078044,                 0,     0.07307092997
          0,           0,         313,      -8.016822751,      -6.432402499,      -7.718200395,       -10.1340561,                 1,    0.003584907164,   0.0002576263375,                 0,                 0,                 0,   0.0004015186005,    0.003584907164,   0.0002576263375,                 0,     0.07186415873
          0,           0,         314,       -8.01918247,      -6.435515084,       -7.71983118,      -10.13777427,                 1,    0.003580071838,    0.000252944133,                 0,                 0,                 0,   0.0004002682471,    0.003580071838,    0.000252944133,                 0,       0.070653368
          0,           0,         315,      -8.021595559,      -6.438626037,      -7.721539778,      -10.14150691,                 1,    0.003575263573,   0.0002482628621,                 0,                 0,                 0,   0.0003989909429,    0.003575263573,   0.0002482628621,                 0,     0.06943903773
          0,           0,         316,      -8.024059613,      -6.441735137,      -7.723323007,      -10.14525236,                 1,    0.003570482299,   0.0002435841182,                 0,                 0,                 0,    0.000397688586,    0.003570482299,   0.0002435841182,                 0,     0.06822162883
          0,           0,         317,      -8.026572282,      -6.444842173,       -7.72517776,      -10.14900903,                 1,    0.003565727949,   0.0002389094187,                 0,                 0,                 0,   0.0003963630026,    0.003565727949,   0.0002389094187,                 0,     0.06700158345
          0,           0,         318,      -8.029131261,       -6.44794695,       -7.72710101,      -10.15277545,                 1,     0.00356100045,    0.000234240207,                 0,                 0,                 0,   0.0003950159477,     0.00356100045,    0.000234240207,                 0,     0.06577932531
          0,           0,         319,      -8.031734304,      -6.451049287,      -7.729089806,      -10.15655021,                 1,    0.003556299733,   0.0002295778541,                 0,                 0,                 0,   0.0003936491065,    0.003556299733,   0.0002295778541,                 0,     0.06455526005
          0,           0,         320,      -8.034379211,      -6.454149015,      -7.731141271,      -10.16033199,                 1,    0.003551625726,   0.0002249236603,                 0,                 0,                 0,   0.0003922640957,    0.003551625726,   0.0002249236603,                 0,     0.06332977562
          0,           0,         321,       -8.03706386,      -6.457245977,      -7.733252609,       -10.1641196,                 1,    0.003546978356,   0.0002202788575,                 0,                 0,                 0,   0.0003908624643,    0.003546978356,   0.0002202788575,                 0,     0.06210324265
          0,           0,         322,       -8.03978618,      -6.460340031,      -7.735421099,      -10.16791191,                 1,    0.003542357551,   0.0002156446108,                 0,                 0,                 0,   0.0003894456954,    0.003542357551,   0.0002156446108,                 0,     0.06087601482
          0,           0,         323,       -8.04254416,      -6.463431045,      -7.737644094,      -10.17170779,                 1,    0.003537763236,   0.0002110220202,                 0,                 0,                 0,   0.0003880152073,    0.003537763236,   0.0002110220202,                 0,     0.05964842927
          0,           0,         324,      -8.045335838,      -6.466518899,      -7.739919026,      -10.17550621,                 1,    0.003533195338,   0.0002064121231,                 0,                 0,                 0,    0.000386572355,    0.003533195338,   0.0002064121231,                 0,     0.05842080706
          0,           0,         325,       -8.04815931,      -6.469603485,      -7.742243398,      -10.17930619,                 1,     0.00352865378,   0.0002018158961,                 0,                 0,                 0,   0.0003851184322,     0.00352865378,   0.0002018158961,                 0,     0.05719345355
          0,           0,         326,      -8.051012726,      -6.472684705,      -7.744614788,      -10.18310685,                 1,    0.003524138487,   0.0001972342565,                 0,                 0,                 0,   0.0003836546722,    0.003524138487,   0.0001972342565,                 0,     0.05596665887
          0,           0,         327,      -8.053894293,      -6.475762472,      -7.747030848,      -10.18690738,                 1,    0.003519649382,    0.000192668065,                 0,                 0,                 0,   0.0003821822494,    0.003519649382,    0.000192668065,                 0,     0.05474069831
          0,           0,         328,      -8.056802275,      -6.478836707,      -7.749489294,      -10.19070693,                 1,    0.003515186387,   0.0001881181266,                 0,                 0,                 0,    0.000380702281,    0.003515186387,   0.0001881181266,                 0,      0.0535158327
          0,           0,         329,      -8.059734977,      -6.481907334,       -7.75198792,       -10.1945058,                 1,    0.003510749425,   0.0001835851933,                 0,                 0,                 0,   0.0003792158277,    0.003510749425,   0.0001835851933,                 0,     0.05229230887
          0,           0,         330,      -8.062690472,      -6.484974297,      -7.754524521,      -10.19830267,                 1,    0.003506338415,   0.0001790699655,                 0,                 0,                 0,   0.0003777238961,    0.003506338415,   0.0001790699655,                 0,     0.05107036009
          0,           0,         331,       -8.06566727,      -6.488037558,      -7.757097037,      -10.20209511,                 1,     0.00350195328,   0.0001745730942,                 0,                 0,                 0,   0.0003762274397,     0.00350195328,   0.0001745730942,                 0,     0.04985020651
          0,           0,         332,      -8.068664395,      -6.491097075,      -7.759703586,      -10.20588338,                 1,    0.003497593937,   0.0001700951825,                 0,                 0,                 0,   0.0003747273611,    0.003497593937,   0.0001700951825,                 0,     0.04863205552
          0,           0,         333,      -8.071680486,      -6.494152816,      -7.762342212,      -10.20966715,                 1,    0.003493260305,   0.0001656367871,                 0,                 0,                 0,   0.0003732245125,    0.003493260305,   0.0001656367871,                 0,     0.04741610205
          0,           0,         334,      -8.074714249,      -6.497204744,      -7.765010955,      -10.21344605,                 1,    0.003488952304,   0.0001611984202,                 0,                 0,                 0,   0.0003717196975,    0.003488952304,   0.0001611984202,                 0,     0.04620252904
          0,           0,         335,      -8.077763754,      -6.500252843,      -7.767707978,      -10.21721938,                 1,     0.00348466985,   0.0001567805521,                 0,                 0,                 0,   0.0003702136743,     0.00348466985,   0.0001567805521,                 0,     0.04499150819
          0,           0,         336,      -8.080827728,      -6.503297099,      -7.770431508,      -10.22098671,                 1,     0.00348041286,   0.0001523836145,                 0,                 0,                 0,   0.0003687071586,     0.00348041286,   0.0001523836145,                 0,     0.04378320064
          0,           0,         337,       -8.08390502,      -6.506337505,       -7.77317983,      -10.22474759,                 1,    0.003476181249,   0.0001480080015,                 0,                 0,                 0,   0.0003672008244,    0.003476181249,   0.0001480080015,                 0,     0.04257775728
          0,           0,         338,      -8.086994449,      -6.509374064,      -7.775951297,      -10.22850152,                 1,    0.003471974934,    0.000143654071,                 0,                 0,                 0,   0.0003656953048,    0.003471974934,    0.000143654071,                 0,     0.04137531915
          0,           0,         339,      -8.090094986,      -6.512406778,      -7.778744304,      -10.23224813,                 1,    0.003467793828,   0.0001393221462,                 0,                 0,                 0,   0.0003641911933,    0.003467793828,   0.0001393221462,                 0,     0.04017601769
          0,           0,         340,       -8.09320546,      -6.515435657,      -7.781557337,      -10.23598702,                 1,    0.003463637846,    0.000135012517,                 0,                 0,                 0,   0.0003626890445,    0.003463637846,    0.000135012517,                 0,      0.0389799751
          0,           0,         341,      -8.096324698,      -6.518460718,      -7.784388956,       -10.2397178,                 1,      0.0034595069,   0.0001307254416,                 0,                 0,                 0,   0.0003611893757,      0.0034595069,   0.0001307254416,                 0,     0.03778730477
          0,           0,         342,      -8.099451699,      -6.521481981,      -7.787237751,       -10.2434401,                 1,    0.003455400903,   0.0001264611478,                 0,                 0,                 0,   0.0003596926684,    0.003455400903,   0.0001264611478,                 0,     0.03659811158
          0,           0,         343,      -8.102585532,      -6.524499472,      -7.790102356,       -10.2471536,                 1,    0.003451319766,   0.0001222198343,                 0,                 0,                 0,    0.000358199369,    0.003451319766,   0.0001222198343,                 0,     0.03541249219
          0,           0,         344,        -8.1057253,      -6.527513221,      -7.792981458,      -10.25085805,                 1,    0.003447263402,   0.0001180016718,                 0,                 0,                 0,   0.0003567098906,    0.003447263402,   0.0001180016718,                 0,     0.03423053536
          0,           0,         345,      -8.108870134,       -6.53052326,      -7.795873802,      -10.25455323,                 1,    0.003443231719,   0.0001138068048,                 0,                 0,                 0,   0.0003552246144,    0.003443231719,   0.0001138068048,                 0,     0.03305232238
          0,           0,         346,       -8.11201923,      -6.533529627,      -7.798778182,      -10.25823901,                 1,    0.003439224628,   0.0001096353533,                 0,                 0,                 0,   0.0003537438923,    0.003439224628,   0.0001096353533,                 0,     0.03187792747
          0,           0,         347,      -8.115171803,      -6.536532361,      -7.801693438,       -10.2619154,                 1,    0.003435242038,   0.0001054874137,                 0,                 0,                 0,   0.0003522680478,    0.003435242038,   0.0001054874137,                 0,     0.03070741814
          0,           0,         348,      -8.118327063,      -6.539531504,      -7.804618459,      -10.26558218,                 1,    0.003431283857,   0.0001013630608,                 0,                 0,                 0,    0.000350797378,    0.003431283857,   0.0001013630608,                 0,     0.02954085555
          0,           0,         349,      -8.121484274,      -6.542527101,      -7.807552189,      -10.26923919,                 1,    0.003427349993,   9.726234865e-05,                 0,                 0,                 0,   0.0003493321545,    0.003427349993,   9.726234865e-05,                 0,     0.02837829485
          0,           0,         350,      -8.124642745,      -6.545519202,      -7.810493611,      -10.27288633,                 1,    0.003423440352,   9.318531199e-05,                 0,                 0,                 0,   0.0003478726248,    0.003423440352,   9.318531199e-05,                 0,     0.02721978548
          0,           0,         351,      -8.127801832,      -6.548507855,      -7.813441754,      -10.27652353,                 1,    0.003419554842,   8.913196706e-05,                 0,                 0,                 0,   0.0003464190132,    0.003419554842,   8.913196706e-05,                 0,     0.02606537142
          0,           0,         352,      -8.130960928,      -6.551493114,      -7.816395691,      -10.28015071,                 1,    0.003415693368,   8.510231295e-05,                 0,                 0,                 0,   0.0003449715222,    0.003415693368,   8.510231295e-05,                 0,     0.02491509154
          0,           0,         353,      -8.134119454,      -6.554475032,      -7.819354542,       -10.2837678,                 1,    0.003411855835,   8.109633283e-05,                 0,                 0,                 0,   0.0003435303338,    0.003411855835,   8.109633283e-05,                 0,     0.02376897992
          0,           0,         354,      -8.137276879,      -6.557453667,      -7.822317471,      -10.28737481,                 1,    0.003408042148,   7.711399511e-05,                 0,                 0,                 0,   0.0003420956109,    0.003408042148,   7.711399511e-05,                 0,     0.02262706615
          0,           0,         355,       -8.14043268,      -6.560429073,      -7.825283684,      -10.29097172,                 1,    0.003404252211,   7.315525425e-05,                 0,                 0,                 0,   0.0003406674977,    0.003404252211,   7.315525425e-05,                 0,     0.02148937556
          0,           0,         356,      -8.143586372,      -6.563401312,      -7.828252429,      -10.29455859,                 1,    0.003400485926,    6.92200516e-05,                 0,                 0,                 0,   0.0003392461209,    0.003400485926,    6.92200516e-05,                 0,     0.02035592945
          0,           0,         357,      -8.146737492,      -6.566370441,      -7.831222994,      -10.29813547,                 1,    0.003396743198,   6.530831639e-05,                 0,                 0,                 0,   0.0003378315903,    0.003396743198,   6.530831639e-05,                 0,     0.01922674532
          0,           0,         358,      -8.149885605,      -6.569336522,        -7.8341947,      -10.30170241,                 1,    0.003393023927,   6.141996653e-05,                 0,                 0,                 0,   0.0003364240004,    0.003393023927,   6.141996653e-05,                 0,     0.01810183714
          0,           0,         359,      -8.153030311,      -6.572299617,      -7.837166908,      -10.30525947,                 1,    0.003389328016,   5.755490942e-05,                 0,                 0,                 0,   0.0003350234306,    0.003389328016,   5.755490942e-05,                 0,      0.0169812155
          0,           0,         360,      -8.156171235,      -6.575259788,      -7.840139013,      -10.30880668,                 1,    0.003385655365,   5.371304278e-05,                 0,                 0,                 0,   0.0003336299463,    0.003385655365,   5.371304278e-05,                 0,     0.01586488788
          0,           0,         361,      -8.159308031,      -6.578217098,      -7.843110444,      -10.31234413,                 1,    0.003382005876,   4.989425552e-05,                 0,                 0,                 0,   0.0003322436003,    0.003382005876,   4.989425552e-05,                 0,     0.01475285891
          0,           0,         362,      -8.162440377,       -6.58117161,      -7.846080664,       -10.3158719,                 1,    0.003378379447,    4.60984286e-05,                 0,                 0,                 0,   0.0003308644337,    0.003378379447,    4.60984286e-05,                 0,     0.01364513055
          0,           0,         363,      -8.165567975,      -6.584123388,      -7.849049169,      -10.31939011,                 1,    0.003374775979,    4.23254356e-05,                 0,                 0,                 0,   0.0003294924762,    0.003374775979,    4.23254356e-05,                 0,     0.01254170228
          0,           0,         364,      -8.168690548,      -6.587072495,      -7.852015489,       -10.3228988,                 1,    0.003371195371,   3.857514321e-05,                 0,                 0,                 0,   0.0003281277468,    0.003371195371,   3.857514321e-05,                 0,     0.01144257124
          0,           0,         365,      -8.171807835,      -6.590018997,      -7.854979182,      -10.32639814,                 1,    0.003367637521,   3.484741189e-05,                 0,                 0,                 0,   0.0003267702545,    0.003367637521,   3.484741189e-05,                 0,      0.0103477324
          0,           0,         366,      -8.174919594,      -6.592962958,      -7.857939836,      -10.32988829,                 1,    0.003364102327,   3.114209639e-05,                 0,                 0,                 0,   0.0003254199991,    0.003364102327,   3.114209639e-05,                 0,    0.009257178696
          0,           0,         367,      -8.178025608,       -6.59590444,      -7.860897065,      -10.33336941,                 1,    0.003360589687,   2.745904635e-05,                 0,                 0,                 0,   0.0003240769717,    0.003360589687,   2.745904635e-05,                 0,    0.008170901212
          0,           0,         368,      -8.181125679,       -6.59884351,      -7.863850511,      -10.33684161,                 1,    0.003357099498,   2.379810668e-05,                 0,                 0,                 0,   0.0003227411551,    0.003357099498,   2.379810668e-05,                 0,     0.00708888929
          0,           0,         369,       -8.18421963,       -6.60178023,      -7.866799842,      -10.34030503,                 1,    0.003353631656,   2.015911813e-05,                 0,                 0,                 0,   0.0003214125246,    0.003353631656,   2.015911813e-05,                 0,    0.006011130678
          0,           0,         370,      -8.187307303,      -6.604714665,      -7.869744749,      -10.34375981,                 1,    0.003350186058,   1.654191776e-05,                 0,                 0,                 0,   0.0003200910486,    0.003350186058,   1.654191776e-05,                 0,    0.004937611665
          0,           0,         371,      -8.190388565,      -6.607646876,      -7.872684951,      -10.34720608,                 1,      0.0033467626,   1.294633943e-05,                 0,                 0,                 0,   0.0003187766893,      0.0033467626,   1.294633943e-05,                 0,    0.003868317229
          0,           0,         372,      -8.193463296,      -6.610576928,      -7.875620189,      -10.35064395,                 1,    0.003343361178,   9.372214102e-06,                 0,                 0,                 0,   0.0003174694028,    0.003343361178,   9.372214102e-06,                 0,    0.002803231121
          0,           0,         373,      -8.196531385,      -6.613504883,      -7.878550225,      -10.35407355,                 1,    0.003339981686,   5.819370229e-06,                 0,                 0,                 0,   0.0003161691398,    0.003339981686,   5.819370229e-06,                 0,     0.00174233597
          0,           0,         374,      -8.199592741,      -6.616430802,      -7.881474845,      -10.35749498,                 1,     0.00333662402,   2.287634161e-06,                 0,                 0,                 0,   0.0003148758458,     0.00333662402,   2.287634161e-06,                 0,   0.0006856134067
          0,           0,         375,      -8.202647286,      -6.619354746,      -7.884393855,      -10.36090834,                 1,    0.003333288073,  -1.223169419e-06,                 0,                 0,                 0,   0.0003135894622,    0.003333288073,  -1.223169419e-06,                 0,  -0.0003669558082
          0,           0,         376,      -8.205694955,      -6.622276777,      -7.887307082,      -10.36431383,                 1,    0.003329973742,  -4.713217093e-06,                 0,                 0,                 0,   0.0003123099265,    0.003329973742,  -4.713217093e-06,                 0,   -0.001415391669
          0,           0,         377,      -8.208735699,      -6.625196954,      -7.890214371,      -10.36771176,                 1,    0.003326680918,   -8.18268636e-06,                 0,                 0,                 0,   0.0003110371725,    0.003326680918,   -8.18268636e-06,                 0,   -0.002459714821
          0,           0,         378,      -8.211769481,      -6.628115337,      -7.893115585,      -10.37110242,                 1,    0.003323409497,  -1.163175532e-05,                 0,                 0,                 0,   0.0003097711313,    0.003323409497,  -1.163175532e-05,                 0,   -0.003499946466
          0,           0,         379,      -8.214796277,      -6.631031983,      -7.896010604,      -10.37448601,                 1,    0.003320159371,   -1.50606024e-05,                 0,                 0,                 0,   0.0003085117312,    0.003320159371,   -1.50606024e-05,                 0,   -0.004536108275
          0,           0,         380,      -8.217816072,       -6.63394695,      -7.898899321,      -10.37786271,                 1,    0.003316930434,  -1.846940591e-05,                 0,                 0,                 0,   0.0003072588985,    0.003316930434,  -1.846940591e-05,                 0,    -0.00556822227
          0,           0,         381,      -8.220828864,      -6.636860294,       -7.90178165,      -10.38123262,                 1,    0.003313722578,  -2.185834392e-05,                 0,                 0,                 0,   0.0003060125576,    0.003313722578,  -2.185834392e-05,                 0,   -0.006596310767
          0,           0,         382,      -8.223834644,      -6.639772072,      -7.904657518,      -10.38459586,                 1,    0.003310535698,  -2.522759415e-05,                 0,                 0,                 0,   0.0003047726311,    0.003310535698,  -2.522759415e-05,                 0,    -0.00762039635
          0,           0,         383,      -8.226833422,      -6.642682339,      -7.907526864,      -10.38795254,                 1,    0.003307369684,   -2.85773338e-05,                 0,                 0,                 0,   0.0003035390398,    0.003307369684,   -2.85773338e-05,                 0,   -0.008640501828
          0,           0,         384,      -8.229825215,       -6.64559115,      -7.910389642,       -10.3913028,                 1,    0.003304224431,  -3.190773946e-05,                 0,                 0,                 0,   0.0003023117035,    0.003304224431,  -3.190773946e-05,                 0,   -0.009656650184
          0,           0,         385,       -8.23281005,      -6.648498557,      -7.913245816,      -10.39464677,                 1,    0.003301099829,  -3.521898691e-05,                 0,                 0,                 0,   0.0003010905404,    0.003301099829,  -3.521898691e-05,                 0,    -0.01066886454
          0,           0,         386,      -8.235787961,      -6.651404614,      -7.916095362,      -10.39798458,                 1,    0.003297995772,  -3.851125109e-05,                 0,                 0,                 0,   0.0002998754678,    0.003297995772,  -3.851125109e-05,                 0,    -0.01167716812
          0,           0,         387,      -8.238758994,      -6.654309372,      -7.918938264,      -10.40131638,                 1,    0.003294912152,  -4.178470597e-05,                 0,                 0,                 0,    0.000298666402,    0.003294912152,  -4.178470597e-05,                 0,    -0.01268158422
          0,           0,         388,      -8.241723198,      -6.657212884,      -7.921774518,       -10.4046423,                 1,     0.00329184886,  -4.503952441e-05,                 0,                 0,                 0,   0.0002974632584,     0.00329184886,  -4.503952441e-05,                 0,    -0.01368213619
          0,           0,         389,      -8.244680629,      -6.660115198,      -7.924604126,      -10.40796247,                 1,    0.003288805789,  -4.827587803e-05,                 0,                 0,                 0,   0.0002962659523,    0.003288805789,  -4.827587803e-05,                 0,    -0.01467884732
          0,           0,         390,      -8.247631353,      -6.663016365,      -7.927427103,      -10.41127703,                 1,     0.00328578283,  -5.149393699e-05,                 0,                 0,                 0,   0.0002950743983,     0.00328578283,  -5.149393699e-05,                 0,    -0.01567174084
          0,           0,         391,      -8.250575438,      -6.665916432,      -7.930243471,      -10.41458617,                 1,    0.003282779876,  -5.469386993e-05,                 0,                 0,                 0,   0.0002938885115,    0.003282779876,  -5.469386993e-05,                 0,     -0.0166608399
          0,           0,         392,      -8.253512955,      -6.668815448,      -7.933053261,      -10.41789011,                 1,    0.003279796818,  -5.787584391e-05,                 0,                 0,                 0,   0.0002927082065,    0.003279796818,  -5.787584391e-05,                 0,    -0.01764616747
          0,           0,         393,      -8.256443985,      -6.671713458,      -7.935856512,      -10.42118901,                 1,    0.003276833548,  -6.104002429e-05,                 0,                 0,                 0,   0.0002915333983,    0.003276833548,  -6.104002429e-05,                 0,    -0.01862774639
          0,           0,         394,      -8.259368614,      -6.674610509,       -7.93865327,      -10.42448292,                 1,    0.003273889958,  -6.418657459e-05,                 0,                 0,                 0,   0.0002903640026,    0.003273889958,  -6.418657459e-05,                 0,    -0.01960559927
          0,           0,         395,      -8.262286931,      -6.677506645,      -7.941443589,      -10.42777189,                 1,    0.003270965941,  -6.731565634e-05,                 0,                 0,                 0,   0.0002891999353,    0.003270965941,  -6.731565634e-05,                 0,    -0.02057974848
          0,           0,         396,      -8.265199029,      -6.680401909,       -7.94422753,      -10.43105607,                 1,    0.003268061387,  -7.042742905e-05,                 0,                 0,                 0,   0.0002880411134,    0.003268061387,  -7.042742905e-05,                 0,    -0.02155021608
          0,           0,         397,      -8.268105003,      -6.683296344,       -7.94700516,      -10.43433567,                 1,    0.003265176189,  -7.352205011e-05,                 0,                 0,                 0,   0.0002868874547,    0.003265176189,  -7.352205011e-05,                 0,    -0.02251702385
          0,           0,         398,      -8.271004952,      -6.686189994,      -7.949776551,      -10.43761084,                 1,    0.003262310239,  -7.659967479e-05,                 0,                 0,                 0,   0.0002857388782,    0.003262310239,  -7.659967479e-05,                 0,    -0.02348019323
          0,           0,         399,      -8.273898976,      -6.689082897,      -7.952541779,      -10.44088178,                 1,    0.003259463429,   -7.96604561e-05,                 0,                 0,                 0,   0.0002845953038,    0.003259463429,   -7.96604561e-05,                 0,    -0.02443974532
          0,           0,         400,       -8.27678718,      -6.691975095,      -7.955300927,      -10.44414867,                 1,    0.003256635652,  -8.270454488e-05,                 0,                 0,                 0,   0.0002834566527,    0.003256635652,  -8.270454488e-05,                 0,    -0.02539570087
          0,           0,         401,      -8.279669664,      -6.694866627,      -7.958054079,      -10.44741166,                 1,      0.0032538268,  -8.573208977e-05,                 0,                 0,                 0,   0.0002823228471,      0.0032538268,  -8.573208977e-05,                 0,    -0.02634808029
          0,           0,         402,      -8.282546531,      -6.697757531,      -7.960801325,      -10.45067092,                 1,    0.003251036765,  -8.874323733e-05,                 0,                 0,                 0,   0.0002811938102,    0.003251036765,  -8.874323733e-05,                 0,    -0.02729690365
          0,           0,         403,      -8.285417886,      -6.700647844,      -7.963542755,      -10.45392661,                 1,     0.00324826544,  -9.173813202e-05,                 0,                 0,                 0,   0.0002800694665,     0.00324826544,  -9.173813202e-05,                 0,     -0.0282421907
          0,           0,         404,       -8.28828384,      -6.703537605,      -7.966278465,      -10.45717885,                 1,    0.003245512718,  -9.471691617e-05,                 0,                 0,                 0,   0.0002789497413,    0.003245512718,  -9.471691617e-05,                 0,    -0.02918396087
          0,           0,         405,      -8.291144502,      -6.706426848,       -7.96900855,      -10.46042779,                 1,    0.003242778492,  -9.767972997e-05,                 0,                 0,                 0,   0.0002778345611,    0.003242778492,  -9.767972997e-05,                 0,     -0.0301222332
          0,           0,         406,      -8.293999986,      -6.709315608,      -7.971733111,      -10.46367354,                 1,    0.003240062655,  -0.0001006267114,                 0,                 0,                 0,   0.0002767238538,    0.003240062655,  -0.0001006267114,                 0,    -0.03105702641
          0,           0,         407,      -8.296850407,      -6.712203921,      -7.974452253,      -10.46691619,                 1,    0.003237365101,  -0.0001035579964,                 0,                 0,                 0,   0.0002756175486,    0.003237365101,  -0.0001035579964,                 0,    -0.03198835881
          0,           0,         408,      -8.299695881,      -6.715091819,      -7.977166081,      -10.47015579,                 1,    0.003234685722,  -0.0001064737186,                 0,                 0,                 0,   0.0002745155758,    0.003234685722,  -0.0001064737186,                 0,    -0.03291624834
          0,           0,         409,      -8.302536527,      -6.717979335,      -7.979874705,      -10.47339248,                 1,    0.003232024414,  -0.0001093740091,                 0,                 0,                 0,   0.0002734178677,    0.003232024414,  -0.0001093740091,                 0,    -0.03384071253
          0,           0,         410,      -8.305372468,      -6.720866502,      -7.982578238,      -10.47662641,                 1,    0.003229381069,  -0.0001122589969,                 0,                 0,                 0,   0.0002723243579,    0.003229381069,  -0.0001122589969,                 0,    -0.03476176844
          0,           0,         411,      -8.308203816,       -6.72375335,      -7.985276794,      -10.47985769,                 1,    0.003226755582,  -0.0001151288087,                 0,                 0,                 0,   0.0002712349819,    0.003226755582,  -0.0001151288087,                 0,    -0.03567943273
          0,           0,         412,      -8.311030687,       -6.72663991,      -7.987970489,      -10.48308641,                 1,    0.003224147848,  -0.0001179835689,                 0,                 0,                 0,   0.0002701496767,    0.003224147848,  -0.0001179835689,                 0,    -0.03659372165
          0,           0,         413,      -8.313853198,      -6.729526212,      -7.990659439,       -10.4863126,                 1,    0.003221557762,  -0.0001208233996,                 0,                 0,                 0,   0.0002690683809,    0.003221557762,  -0.0001208233996,                 0,    -0.03750465101
          0,           0,         414,      -8.316671467,      -6.732412284,      -7.993343764,      -10.48953633,                 1,    0.003218985218,  -0.0001236484205,                 0,                 0,                 0,   0.0002679910349,    0.003218985218,  -0.0001236484205,                 0,    -0.03841223621
          0,           0,         415,      -8.319485609,      -6.735298155,       -7.99602358,       -10.4927576,                 1,    0.003216430111,  -0.0001264587496,                 0,                 0,                 0,   0.0002669175805,    0.003216430111,  -0.0001264587496,                 0,    -0.03931649226
          0,           0,         416,       -8.32229574,      -6.738183852,      -7.998699004,      -10.49597659,                 1,    0.003213892338,  -0.0001292545022,                 0,                 0,                 0,   0.0002658479612,    0.003213892338,  -0.0001292545022,                 0,    -0.04021743374
          0,           0,         417,      -8.325101974,      -6.741069402,      -8.001370154,      -10.49919339,                 1,    0.003211371794,  -0.0001320357919,                 0,                 0,                 0,   0.0002647821222,    0.003211371794,  -0.0001320357919,                 0,     -0.0411150749
          0,           0,         418,      -8.327904423,      -6.743954832,      -8.004037145,      -10.50240805,                 1,    0.003208868376,  -0.0001348027301,                 0,                 0,                 0,     0.00026372001,    0.003208868376,  -0.0001348027301,                 0,    -0.04200942959
          0,           0,         419,        -8.3307032,      -6.746840167,      -8.006700093,      -10.50562065,                 1,     0.00320638198,  -0.0001375554263,                 0,                 0,                 0,   0.0002626615727,     0.00320638198,  -0.0001375554263,                 0,    -0.04290051129
          0,           0,         420,      -8.333498417,      -6.749725431,      -8.009359112,      -10.50883122,                 1,    0.003203912503,   -0.000140293988,                 0,                 0,                 0,     0.00026160676,    0.003203912503,   -0.000140293988,                 0,    -0.04378833313
          0,           0,         421,      -8.336290179,       -6.75261065,      -8.012014316,      -10.51203978,                 1,    0.003201459841,  -0.0001430185207,                 0,                 0,                 0,   0.0002605555226,    0.003201459841,  -0.0001430185207,                 0,    -0.04467290792
          0,           0,         422,      -8.339078595,      -6.755495847,      -8.014665819,      -10.51524643,                 1,    0.003199023893,  -0.0001457291282,                 0,                 0,                 0,   0.0002595078129,    0.003199023893,  -0.0001457291282,                 0,    -0.04555424813
          0,           0,         423,      -8.341863771,      -6.758381044,      -8.017313731,      -10.51845129,                 1,    0.003196604557,  -0.0001484259124,                 0,                 0,                 0,   0.0002584635845,    0.003196604557,  -0.0001484259124,                 0,     -0.0464323659
          0,           0,         424,      -8.344645815,      -6.761266266,      -8.019958165,      -10.52165446,                 1,     0.00319420173,  -0.0001511089734,                 0,                 0,                 0,   0.0002574227926,     0.00319420173,  -0.0001511089734,                 0,    -0.04730727303
          0,           0,         425,      -8.347424833,      -6.764151532,      -8.022599231,      -10.52485606,                 1,    0.003191815311,  -0.0001537784093,                 0,                 0,                 0,   0.0002563853935,    0.003191815311,  -0.0001537784093,                 0,    -0.04817898103
          0,           0,         426,      -8.350200928,      -6.767036866,      -8.025237038,      -10.52805623,                 1,      0.0031894452,  -0.0001564343167,                 0,                 0,                 0,   0.0002553513452,      0.0031894452,  -0.0001564343167,                 0,    -0.04904750102
          0,           0,         427,      -8.352974202,      -6.769922286,      -8.027871696,      -10.53125506,                 1,    0.003187091295,  -0.0001590767901,                 0,                 0,                 0,   0.0002543206072,    0.003187091295,  -0.0001590767901,                 0,    -0.04991284383
          0,           0,         428,      -8.355744756,      -6.772807814,      -8.030503313,      -10.53445265,                 1,    0.003184753495,  -0.0001617059223,                 0,                 0,                 0,   0.0002532931401,    0.003184753495,  -0.0001617059223,                 0,    -0.05077501996
          0,           0,         429,      -8.358512689,      -6.775693469,      -8.033131995,      -10.53764905,                 1,    0.003182431702,  -0.0001643218044,                 0,                 0,                 0,   0.0002522689064,    0.003182431702,  -0.0001643218044,                 0,    -0.05163403956
          0,           0,         430,      -8.361278097,       -6.77857927,      -8.035757847,      -10.54084428,                 1,    0.003180125816,  -0.0001669245259,                 0,                 0,                 0,   0.0002512478695,    0.003180125816,  -0.0001669245259,                 0,    -0.05248991251
          0,           0,         431,      -8.364041071,      -6.781465236,      -8.038380976,      -10.54403832,                 1,    0.003177835737,  -0.0001695141743,                 0,                 0,                 0,   0.0002502299943,    0.003177835737,  -0.0001695141743,                 0,    -0.05334264838
          0,           0,         432,      -8.366801705,      -6.784351384,      -8.041001483,       -10.5472312,                 1,    0.003175561367,  -0.0001720908361,                 0,                 0,                 0,    0.000249215247,    0.003175561367,  -0.0001720908361,                 0,    -0.05419225649
          0,           0,         433,      -8.369560094,      -6.787237733,       -8.04361947,      -10.55042301,                 1,    0.003173302607,  -0.0001746545958,                 0,                 0,                 0,   0.0002482035947,    0.003173302607,  -0.0001746545958,                 0,    -0.05503874589
          0,           0,         434,       -8.37231633,      -6.790124299,      -8.046235037,      -10.55361392,                 1,    0.003171059359,  -0.0001772055367,                 0,                 0,                 0,   0.0002471950058,    0.003171059359,  -0.0001772055367,                 0,    -0.05588212538
          0,           0,         435,      -8.375070502,      -6.793011099,      -8.048848282,        -10.556804,                 1,    0.003168831526,  -0.0001797437406,                 0,                 0,                 0,     0.00024618945,    0.003168831526,  -0.0001797437406,                 0,    -0.05672240354
          0,           0,         436,        -8.3778227,      -6.795898149,      -8.051459302,      -10.55999329,                 1,    0.003166619011,  -0.0001822692878,                 0,                 0,                 0,   0.0002451868978,    0.003166619011,  -0.0001822692878,                 0,    -0.05755958869
          0,           0,         437,      -8.380573009,      -6.798785466,      -8.054068192,       -10.5631819,                 1,    0.003164421716,  -0.0001847822573,                 0,                 0,                 0,    0.000244187321,    0.003164421716,  -0.0001847822573,                 0,    -0.05839368893
          0,           0,         438,      -8.383321514,      -6.801673064,      -8.056675045,      -10.56636979,                 1,    0.003162239547,  -0.0001872827268,                 0,                 0,                 0,   0.0002431906924,    0.003162239547,  -0.0001872827268,                 0,    -0.05922471213
          0,           0,         439,      -8.386068301,      -6.804560959,      -8.059279954,      -10.56955695,                 1,    0.003160072406,  -0.0001897707725,                 0,                 0,                 0,    0.000242196986,    0.003160072406,  -0.0001897707725,                 0,    -0.06005266594
          0,           0,         440,       -8.38881345,      -6.807449164,      -8.061883013,      -10.57274344,                 1,    0.003157920198,  -0.0001922464694,                 0,                 0,                 0,   0.0002412061768,    0.003157920198,  -0.0001922464694,                 0,    -0.06087755781
          0,           0,         441,      -8.391557044,      -6.810337695,       -8.06448431,      -10.57592934,                 1,    0.003155782829,  -0.0001947098912,                 0,                 0,                 0,   0.0002402182407,    0.003155782829,  -0.0001947098912,                 0,    -0.06169939497
          0,           0,         442,      -8.394299162,      -6.813226566,      -8.067083936,      -10.57911476,                 1,    0.003153660204,  -0.0001971611104,                 0,                 0,                 0,   0.0002392331546,    0.003153660204,  -0.0001971611104,                 0,    -0.06251818447
          0,           0,         443,      -8.397039886,      -6.816115788,      -8.069681978,      -10.58229977,                 1,    0.003151552228,  -0.0001996001982,                 0,                 0,                 0,   0.0002382508965,    0.003151552228,  -0.0001996001982,                 0,    -0.06333393316
          0,           0,         444,      -8.399779293,      -6.819005375,       -8.07227852,      -10.58548444,                 1,    0.003149458809,  -0.0002020272246,                 0,                 0,                 0,   0.0002372714454,    0.003149458809,  -0.0002020272246,                 0,    -0.06414664767
          0,           0,         445,      -8.402517458,      -6.821895341,      -8.074873648,      -10.58866884,                 1,    0.003147379852,  -0.0002044422584,                 0,                 0,                 0,   0.0002362947814,    0.003147379852,  -0.0002044422584,                 0,    -0.06495633446
          0,           0,         446,      -8.405254457,      -6.824785695,      -8.077467445,        -10.591853,                 1,    0.003145315265,  -0.0002068453672,                 0,                 0,                 0,   0.0002353208853,    0.003145315265,  -0.0002068453672,                 0,    -0.06576299981
          0,           0,         447,      -8.407990361,      -6.827676452,      -8.080059994,      -10.59503699,                 1,    0.003143264956,  -0.0002092366175,                 0,                 0,                 0,   0.0002343497393,    0.003143264956,  -0.0002092366175,                 0,    -0.06656664978
          0,           0,         448,      -8.410725241,      -6.830567621,      -8.082651374,      -10.59822081,                 1,    0.003141228833,  -0.0002116160747,                 0,                 0,                 0,   0.0002333813261,    0.003141228833,  -0.0002116160747,                 0,     -0.0673672903
          0,           0,         449,      -8.413459162,      -6.833459215,      -8.085241666,      -10.60140446,                 1,    0.003139206804,   -0.000213983803,                 0,                 0,                 0,   0.0002324156295,    0.003139206804,   -0.000213983803,                 0,    -0.06816492712
          0,           0,         450,       -8.41619219,      -6.836351243,      -8.087830947,      -10.60458792,                 1,    0.003137198778,  -0.0002163398657,                 0,                 0,                 0,   0.0002314526342,    0.003137198778,  -0.0002163398657,                 0,    -0.06895956586
          0,           0,         451,      -8.418924389,      -6.839243717,      -8.090419293,      -10.60777116,                 1,    0.003135204665,  -0.0002186843252,                 0,                 0,                 0,   0.0002304923253,    0.003135204665,  -0.0002186843252,                 0,      -0.069751212
          0,           0,         452,      -8.421655821,      -6.842136648,      -8.093006779,       -10.6109542,                 1,    0.003133224374,  -0.0002210172429,                 0,                 0,                 0,   0.0002295346892,    0.003133224374,  -0.0002210172429,                 0,     -0.0705398709
          0,           0,         453,      -8.424386548,      -6.845030044,      -8.095593475,      -10.61413709,                 1,    0.003131257817,  -0.0002233386791,                 0,                 0,                 0,   0.0002285797126,    0.003131257817,  -0.0002233386791,                 0,    -0.07132554778
          0,           0,         454,      -8.427116627,      -6.847923917,      -8.098179453,      -10.61731986,                 1,    0.003129304904,  -0.0002256486934,                 0,                 0,                 0,    0.000227627383,    0.003129304904,  -0.0002256486934,                 0,    -0.07210824779
          0,           0,         455,      -8.429846117,      -6.850818275,      -8.100764778,      -10.62050256,                 1,    0.003127365546,  -0.0002279473447,                 0,                 0,                 0,   0.0002266776886,    0.003127365546,  -0.0002279473447,                 0,    -0.07288797596
          0,           0,         456,      -8.432575074,      -6.853713128,      -8.103349514,      -10.62368523,                 1,    0.003125439655,  -0.0002302346909,                 0,                 0,                 0,   0.0002257306183,    0.003125439655,  -0.0002302346909,                 0,    -0.07366473724
          0,           0,         457,      -8.435303554,      -6.856608486,      -8.105933726,      -10.62686791,                 1,    0.003123527143,  -0.0002325107892,                 0,                 0,                 0,   0.0002247861613,    0.003123527143,  -0.0002325107892,                 0,    -0.07443853651
          0,           0,         458,      -8.438031608,      -6.859504355,      -8.108517472,      -10.63005066,                 1,    0.003121627923,  -0.0002347756962,                 0,                 0,                 0,   0.0002238443074,    0.003121627923,  -0.0002347756962,                 0,    -0.07520937857
          0,           0,         459,      -8.440759288,      -6.862400746,      -8.111100811,       -10.6332335,                 1,    0.003119741907,  -0.0002370294676,                 0,                 0,                 0,   0.0002229050469,    0.003119741907,  -0.0002370294676,                 0,     -0.0759772682
          0,           0,         460,      -8.443486648,      -6.865297667,      -8.113683801,       -10.6364164,                 1,    0.003117869011,  -0.0002392721587,                 0,                 0,                 0,   0.0002219683704,    0.003117869011,  -0.0002392721587,                 0,     -0.0767422101
          0,           0,         461,      -8.446213739,      -6.868195125,      -8.116266497,      -10.63959937,                 1,    0.003116009147,  -0.0002415038238,                 0,                 0,                 0,   0.0002210342693,    0.003116009147,  -0.0002415038238,                 0,    -0.07750420888
          0,           0,         462,       -8.44894061,      -6.871093128,      -8.118848954,      -10.64278246,                 1,     0.00311416223,  -0.0002437245168,                 0,                 0,                 0,   0.0002201027352,     0.00311416223,  -0.0002437245168,                 0,    -0.07826326914
          0,           0,         463,      -8.451667314,      -6.873991684,      -8.121431228,      -10.64596571,                 1,    0.003112328176,  -0.0002459342906,                 0,                 0,                 0,   0.0002191737604,    0.003112328176,  -0.0002459342906,                 0,    -0.07901939536
          0,           0,         464,      -8.454393898,      -6.876890799,      -8.124013371,      -10.64914931,                 1,    0.003110506899,  -0.0002481331976,                 0,                 0,                 0,   0.0002182473378,    0.003110506899,  -0.0002481331976,                 0,    -0.07977259196
          0,           0,         465,      -8.457120412,      -6.879790481,      -8.126595438,      -10.65233327,                 1,    0.003108698316,  -0.0002503212895,                 0,                 0,                 0,   0.0002173234608,    0.003108698316,  -0.0002503212895,                 0,    -0.08052286329
          0,           0,         466,      -8.459846901,      -6.882690736,       -8.12917748,      -10.65551764,                 1,    0.003106902343,  -0.0002524986172,                 0,                 0,                 0,   0.0002164021233,    0.003106902343,  -0.0002524986172,                 0,    -0.08127021365
          0,           0,         467,      -8.462573411,      -6.885591572,       -8.13175955,      -10.65870249,                 1,    0.003105118896,  -0.0002546652309,                 0,                 0,                 0,   0.0002154833197,    0.003105118896,  -0.0002546652309,                 0,    -0.08201464723
          0,           0,         468,      -8.465299984,      -6.888492993,      -8.134341698,      -10.66188788,                 1,    0.003103347894,  -0.0002568211803,                 0,                 0,                 0,    0.000214567045,    0.003103347894,  -0.0002568211803,                 0,     -0.0827561682
          0,           0,         469,      -8.468026661,      -6.891395007,      -8.136923975,      -10.66507384,                 1,    0.003101589253,  -0.0002589665143,                 0,                 0,                 0,   0.0002136532949,    0.003101589253,  -0.0002589665143,                 0,    -0.08349478062
          0,           0,         470,       -8.47075348,      -6.894297619,      -8.139506432,      -10.66826035,                 1,    0.003099842893,  -0.0002611012812,                 0,                 0,                 0,   0.0002127420652,    0.003099842893,  -0.0002611012812,                 0,    -0.08423048854
          0,           0,         471,      -8.473480476,      -6.897200835,      -8.142089115,      -10.67144736,                 1,    0.003098108731,  -0.0002632255289,                 0,                 0,                 0,   0.0002118333526,    0.003098108731,  -0.0002632255289,                 0,    -0.08496329592
          0,           0,         472,      -8.476207686,       -6.90010466,      -8.144672072,      -10.67463482,                 1,    0.003096386687,  -0.0002653393045,                 0,                 0,                 0,   0.0002109271538,    0.003096386687,  -0.0002653393045,                 0,    -0.08569320672
          0,           0,         473,      -8.478935142,      -6.903009102,      -8.147255347,      -10.67782271,                 1,    0.003094676681,  -0.0002674426548,                 0,                 0,                 0,    0.000210023466,    0.003094676681,  -0.0002674426548,                 0,     -0.0864202249
          0,           0,         474,      -8.481662878,      -6.905914164,      -8.149838982,        -10.681011,                 1,    0.003092978633,  -0.0002695356262,                 0,                 0,                 0,   0.0002091222866,    0.003092978633,  -0.0002695356262,                 0,    -0.08714435442
          0,           0,         475,      -8.484390929,      -6.908819852,      -8.152423015,      -10.68419973,                 1,    0.003091292463,  -0.0002716182647,                 0,                 0,                 0,    0.000208223613,    0.003091292463,  -0.0002716182647,                 0,    -0.08786559924
          0,           0,         476,      -8.487119327,      -6.911726172,      -8.155007485,       -10.6873889,                 1,    0.003089618092,  -0.0002736906159,                 0,                 0,                 0,   0.0002073274431,    0.003089618092,  -0.0002736906159,                 0,    -0.08858396337
          0,           0,         477,      -8.489848105,      -6.914633128,      -8.157592427,      -10.69057855,                 1,    0.003087955441,  -0.0002757527251,                 0,                 0,                 0,   0.0002064337747,    0.003087955441,  -0.0002757527251,                 0,    -0.08929945083
          0,           0,         478,      -8.492577295,      -6.917540725,      -8.160177876,       -10.6937687,                 1,    0.003086304433,  -0.0002778046372,                 0,                 0,                 0,   0.0002055426059,    0.003086304433,  -0.0002778046372,                 0,    -0.09001206563
          0,           0,         479,      -8.495306928,      -6.920448968,      -8.162763866,      -10.69695938,                 1,     0.00308466499,  -0.0002798463968,                 0,                 0,                 0,    0.000204653935,     0.00308466499,  -0.0002798463968,                 0,    -0.09072181183
          0,           0,         480,      -8.498037036,      -6.923357862,      -8.165350429,      -10.70015061,                 1,    0.003083037035,   -0.000281878048,                 0,                 0,                 0,   0.0002037677603,    0.003083037035,   -0.000281878048,                 0,    -0.09142869346
          0,           0,         481,      -8.500767645,      -6.926267411,      -8.167937598,       -10.7033424,                 1,     0.00308142049,  -0.0002838996346,                 0,                 0,                 0,   0.0002028840808,     0.00308142049,  -0.0002838996346,                 0,    -0.09213271459
          0,           0,         482,      -8.503498785,      -6.929177619,      -8.170525405,      -10.70653477,                 1,    0.003079815281,     -0.0002859112,                 0,                 0,                 0,   0.0002020028953,    0.003079815281,     -0.0002859112,                 0,    -0.09283387928
          0,           0,         483,      -8.506230483,      -6.932088489,      -8.173113881,      -10.70972775,                 1,     0.00307822133,  -0.0002879127872,                 0,                 0,                 0,    0.000201124203,     0.00307822133,  -0.0002879127872,                 0,    -0.09353219159
          0,           0,         484,      -8.508962766,      -6.935000027,      -8.175703056,      -10.71292134,                 1,    0.003076638563,  -0.0002899044388,                 0,                 0,                 0,   0.0002002480033,    0.003076638563,  -0.0002899044388,                 0,    -0.09422765557
          0,           0,         485,      -8.511695659,      -6.937912236,      -8.178292961,      -10.71611556,                 1,    0.003075066904,   -0.000291886197,                 0,                 0,                 0,    0.000199374296,    0.003075066904,   -0.000291886197,                 0,    -0.09492027529
          0,           0,         486,      -8.514429187,      -6.940825119,      -8.180883625,      -10.71931042,                 1,    0.003073506279,  -0.0002938581039,                 0,                 0,                 0,   0.0001985030808,    0.003073506279,  -0.0002938581039,                 0,    -0.09561005483
          0,           0,         487,      -8.517163373,      -6.943738681,      -8.183475076,      -10.72250594,                 1,    0.003071956614,  -0.0002958202008,                 0,                 0,                 0,   0.0001976343578,    0.003071956614,  -0.0002958202008,                 0,    -0.09629699828
          0,           0,         488,      -8.519898241,      -6.946652924,      -8.186067341,      -10.72570212,                 1,    0.003070417836,  -0.0002977725292,                 0,                 0,                 0,   0.0001967681272,    0.003070417836,  -0.0002977725292,                 0,    -0.09698110976
          0,           0,         489,      -8.522633811,      -6.949567852,      -8.188660447,      -10.72889899,                 1,    0.003068889871,  -0.0002997151299,                 0,                 0,                 0,   0.0001959043893,    0.003068889871,  -0.0002997151299,                 0,     -0.0976623934
          0,           0,         490,      -8.525370106,      -6.952483469,      -8.191254419,      -10.73209655,                 1,    0.003067372647,  -0.0003016480437,                 0,                 0,                 0,   0.0001950431444,    0.003067372647,  -0.0003016480437,                 0,    -0.09834085336
          0,           0,         491,      -8.528107147,      -6.955399777,      -8.193849281,      -10.73529482,                 1,     0.00306586609,  -0.0003035713109,                 0,                 0,                 0,   0.0001941843931,     0.00306586609,  -0.0003035713109,                 0,    -0.09901649385
          0,           0,         492,      -8.530844954,      -6.958316781,      -8.196445059,      -10.73849381,                 1,    0.003064370131,  -0.0003054849718,                 0,                 0,                 0,   0.0001933281359,    0.003064370131,  -0.0003054849718,                 0,    -0.09968931909
          0,           0,         493,      -8.533583548,      -6.961234482,      -8.199041776,      -10.74169352,                 1,    0.003062884696,  -0.0003073890662,                 0,                 0,                 0,   0.0001924743736,    0.003062884696,  -0.0003073890662,                 0,     -0.1003593333
          0,           0,         494,      -8.536322949,      -6.964152884,      -8.201639454,      -10.74489396,                 1,    0.003061409716,  -0.0003092836338,                 0,                 0,                 0,   0.0001916231069,    0.003061409716,  -0.0003092836338,                 0,     -0.1010265409
          0,           0,         495,      -8.539063176,       -6.96707199,      -8.204238115,      -10.74809515,                 1,    0.003059945119,  -0.0003111687141,                 0,                 0,                 0,   0.0001907743367,    0.003059945119,  -0.0003111687141,                 0,     -0.1016909461
          0,           0,         496,      -8.541804247,      -6.969991802,      -8.206837781,      -10.75129707,                 1,    0.003058490835,  -0.0003130443462,                 0,                 0,                 0,   0.0001899280638,    0.003058490835,  -0.0003130443462,                 0,     -0.1023525533
          0,           0,         497,      -8.544546182,      -6.972912323,      -8.209438473,      -10.75449974,                 1,    0.003057046796,   -0.000314910569,                 0,                 0,                 0,   0.0001890842894,    0.003057046796,   -0.000314910569,                 0,     -0.1030113669
          0,           0,         498,      -8.547288998,      -6.975833556,      -8.212040212,      -10.75770317,                 1,    0.003055612931,  -0.0003167674214,                 0,                 0,                 0,   0.0001882430144,    0.003055612931,  -0.0003167674214,                 0,     -0.1036673913
          0,           0,         499,      -8.550032713,      -6.978755503,      -8.214643017,      -10.76090729,                 1,    0.003054189171,  -0.0003186149417,                 0,                 0,                 0,     0.00018740424,    0.003054189171,  -0.0003186149417,                 0,     -0.1043206311
          0,           0,         500,      -8.552777342,      -6.981678167,      -8.217246907,       -10.7641121,                 1,    0.003052775449,  -0.0003204531683,                 0,                 0,                 0,   0.0001865679675,    0.003052775449,  -0.0003204531683,                 0,     -0.1049710906
          0,           0,         501,      -8.555522903,      -6.984601549,      -8.219851902,      -10.76731769,                 1,    0.003051371697,  -0.0003222821392,                 0,                 0,                 0,   0.0001857341982,    0.003051371697,  -0.0003222821392,                 0,     -0.1056187745
          0,           0,         502,      -8.558269409,      -6.987525653,      -8.222458019,      -10.77052412,                 1,    0.003049977846,  -0.0003241018922,                 0,                 0,                 0,   0.0001849029335,    0.003049977846,  -0.0003241018922,                 0,     -0.1062636873
          0,           0,         503,      -8.561016876,       -6.99045048,      -8.225065276,       -10.7737314,                 1,     0.00304859383,   -0.000325912465,                 0,                 0,                 0,   0.0001840741748,     0.00304859383,   -0.000325912465,                 0,     -0.1069058337
          0,           0,         504,      -8.563765316,      -6.993376032,      -8.227673688,       -10.7769395,                 1,    0.003047219582,  -0.0003277138951,                 0,                 0,                 0,   0.0001832479236,    0.003047219582,  -0.0003277138951,                 0,     -0.1075452183
          0,           0,         505,      -8.566514742,      -6.996302311,      -8.230283271,      -10.78014839,                 1,    0.003045855036,  -0.0003295062196,                 0,                 0,                 0,   0.0001824241814,    0.003045855036,  -0.0003295062196,                 0,     -0.1081818457
          0,           0,         506,      -8.569265166,       -6.99922932,       -8.23289404,      -10.78335806,                 1,    0.003044500126,  -0.0003312894757,                 0,                 0,                 0,   0.0001816029497,    0.003044500126,  -0.0003312894757,                 0,     -0.1088157208
          0,           0,         507,        -8.5720166,      -7.002157061,       -8.23550601,      -10.78656852,                 1,    0.003043154786,  -0.0003330637003,                 0,                 0,                 0,   0.0001807842301,    0.003043154786,  -0.0003330637003,                 0,     -0.1094468483
          0,           0,         508,      -8.574769055,      -7.005085534,      -8.238119194,      -10.78977977,                 1,    0.003041818952,  -0.0003348289302,                 0,                 0,                 0,   0.0001799680241,    0.003041818952,  -0.0003348289302,                 0,     -0.1100752331
          0,           0,         509,      -8.577522541,      -7.008014743,      -8.240733604,      -10.79299183,                 1,    0.003040492558,  -0.0003365852019,                 0,                 0,                 0,   0.0001791543332,    0.003040492558,  -0.0003365852019,                 0,       -0.11070088
          0,           0,         510,      -8.580277069,      -7.010944688,      -8.243349253,       -10.7962047,                 1,    0.003039175541,  -0.0003383325518,                 0,                 0,                 0,    0.000178343159,    0.003039175541,  -0.0003383325518,                 0,      -0.111323794
          0,           0,         511,      -8.583032649,      -7.013875372,      -8.245966153,      -10.79941838,                 1,    0.003037867837,  -0.0003400710164,                 0,                 0,                 0,    0.000177534503,    0.003037867837,  -0.0003400710164,                 0,       -0.11194398
          0,           0,         512,      -8.585789289,      -7.016806796,      -8.248584315,      -10.80263288,                 1,    0.003036569382,  -0.0003418006316,                 0,                 0,                 0,   0.0001767283666,    0.003036569382,  -0.0003418006316,                 0,     -0.1125614431
          0,           0,         513,      -8.588546999,      -7.019738961,      -8.251203749,      -10.80584817,                 1,    0.003035280113,  -0.0003435214337,                 0,                 0,                 0,   0.0001759247512,    0.003035280113,  -0.0003435214337,                 0,     -0.1131761883
          0,           0,         514,      -8.591305787,      -7.022671871,      -8.253824466,      -10.80906423,                 1,    0.003033999967,  -0.0003452334583,                 0,                 0,                 0,   0.0001751236584,    0.003033999967,  -0.0003452334583,                 0,     -0.1137882209
          0,           0,         515,      -8.594065663,      -7.025605525,      -8.256446474,      -10.81228101,                 1,    0.003032728883,  -0.0003469367414,                 0,                 0,                 0,   0.0001743250894,    0.003032728883,  -0.0003469367414,                 0,     -0.1143975458
          0,           0,         516,      -8.596826634,      -7.028539925,      -8.259069785,       -10.8154985,                 1,    0.003031466798,  -0.0003486313186,                 0,                 0,                 0,   0.0001735290455,    0.003031466798,  -0.0003486313186,                 0,     -0.1150041685
          0,           0,         517,      -8.599588708,      -7.031475074,      -8.261694406,      -10.81871669,                 1,    0.003030213652,  -0.0003503172253,                 0,                 0,                 0,   0.0001727355282,    0.003030213652,  -0.0003503172253,                 0,     -0.1156080942
          0,           0,         518,      -8.602351893,      -7.034410972,      -8.264320348,      -10.82193555,                 1,    0.003028969382,  -0.0003519944969,                 0,                 0,                 0,   0.0001719445386,    0.003028969382,  -0.0003519944969,                 0,     -0.1162093281
          0,           0,         519,      -8.605116198,       -7.03734762,      -8.266947616,      -10.82515509,                 1,    0.003027733929,  -0.0003536631688,                 0,                 0,                 0,    0.000171156078,    0.003027733929,  -0.0003536631688,                 0,     -0.1168078758
          0,           0,         520,       -8.60788163,      -7.040285021,      -8.269576219,      -10.82837541,                 1,    0.003026507232,  -0.0003553232761,                 0,                 0,                 0,   0.0001703701474,    0.003026507232,  -0.0003553232761,                 0,     -0.1174037426
          0,           0,         521,      -8.610648197,      -7.043223176,      -8.272206164,      -10.83159665,                 1,    0.003025289231,  -0.0003569748538,                 0,                 0,                 0,    0.000169586748,    0.003025289231,  -0.0003569748538,                 0,      -0.117996934
          0,           0,         522,      -8.613415906,      -7.046162084,      -8.274837456,      -10.83481893,                 1,    0.003024079867,   -0.000358617937,                 0,                 0,                 0,   0.0001688058809,    0.003024079867,   -0.000358617937,                 0,     -0.1185874556
          0,           0,         523,      -8.616184765,      -7.049101748,      -8.277470103,      -10.83804232,                 1,    0.003022879081,  -0.0003602525605,                 0,                 0,                 0,   0.0001680275468,    0.003022879081,  -0.0003602525605,                 0,     -0.1191753129
          0,           0,         524,       -8.61895478,      -7.052042169,      -8.280104109,      -10.84126683,                 1,    0.003021686813,  -0.0003618787589,                 0,                 0,                 0,   0.0001672517468,    0.003021686813,  -0.0003618787589,                 0,     -0.1197605117
          0,           0,         525,      -8.621725955,      -7.054983347,      -8.282739483,      -10.84449245,                 1,    0.003020503006,  -0.0003634965669,                 0,                 0,                 0,   0.0001664784818,    0.003020503006,  -0.0003634965669,                 0,     -0.1203430575
          0,           0,         526,      -8.624498297,      -7.057925283,      -8.285376233,      -10.84771912,                 1,    0.003019327601,   -0.000365106019,                 0,                 0,                 0,   0.0001657077526,    0.003019327601,   -0.000365106019,                 0,     -0.1209229561
          0,           0,         527,      -8.627271811,      -7.060867979,      -8.288014365,      -10.85094678,                 1,    0.003018160541,  -0.0003667071494,                 0,                 0,                 0,   0.0001649395601,    0.003018160541,  -0.0003667071494,                 0,     -0.1215002133
          0,           0,         528,      -8.630046504,      -7.063811435,       -8.29065389,       -10.8541754,                 1,    0.003017001769,  -0.0003682999924,                 0,                 0,                 0,    0.000164173905,    0.003017001769,  -0.0003682999924,                 0,     -0.1220748348
          0,           0,         529,      -8.632822383,      -7.066755652,      -8.293294814,      -10.85740494,                 1,    0.003015851227,  -0.0003698845821,                 0,                 0,                 0,   0.0001634107883,    0.003015851227,  -0.0003698845821,                 0,     -0.1226468265
          0,           0,         530,      -8.635599453,      -7.069700631,      -8.295937145,      -10.86063535,                 1,     0.00301470886,  -0.0003714609522,                 0,                 0,                 0,   0.0001626502108,     0.00301470886,  -0.0003714609522,                 0,     -0.1232161942
          0,           0,         531,       -8.63837772,      -7.072646373,      -8.298580892,      -10.86386661,                 1,    0.003013574611,  -0.0003730291368,                 0,                 0,                 0,   0.0001618921731,    0.003013574611,  -0.0003730291368,                 0,     -0.1237829438
          0,           0,         532,      -8.641157189,      -7.075592878,      -8.301226059,      -10.86709865,                 1,    0.003012448424,  -0.0003745891694,                 0,                 0,                 0,   0.0001611366762,    0.003012448424,  -0.0003745891694,                 0,     -0.1243470814
          0,           0,         533,      -8.643937865,      -7.078540149,      -8.303872654,      -10.87033143,                 1,    0.003011330244,  -0.0003761410837,                 0,                 0,                 0,   0.0001603837205,    0.003011330244,  -0.0003761410837,                 0,     -0.1249086129
          0,           0,         534,      -8.646719751,      -7.081488184,      -8.306520681,      -10.87356492,                 1,    0.003010220016,  -0.0003776849132,                 0,                 0,                 0,   0.0001596333068,    0.003010220016,  -0.0003776849132,                 0,     -0.1254675443
          0,           0,         535,       -8.64950285,      -7.084436986,      -8.309170144,      -10.87679914,                 1,    0.003009117685,  -0.0003792206915,                 0,                 0,                 0,   0.0001588854354,    0.003009117685,  -0.0003792206915,                 0,     -0.1260238818
          0,           0,         536,      -8.652287166,      -7.087386555,      -8.311821046,      -10.88003413,                 1,    0.003008023197,  -0.0003807484519,                 0,                 0,                 0,   0.0001581401068,    0.003008023197,  -0.0003807484519,                 0,     -0.1265776315
          0,           0,         537,      -8.655072701,      -7.090336891,       -8.31447339,      -10.88326998,                 1,    0.003006936497,  -0.0003822682277,                 0,                 0,                 0,   0.0001573973213,    0.003006936497,  -0.0003822682277,                 0,     -0.1271287997
          0,           0,         538,      -8.657859459,      -7.093287996,      -8.317127177,      -10.88650676,                 1,    0.003005857533,  -0.0003837800523,                 0,                 0,                 0,    0.000156657079,    0.003005857533,  -0.0003837800523,                 0,     -0.1276773926
          0,           0,         539,      -8.660647443,       -7.09623987,      -8.319782409,      -10.88974452,                 1,    0.003004786251,  -0.0003852839589,                 0,                 0,                 0,     0.00015591938,    0.003004786251,  -0.0003852839589,                 0,     -0.1282234165
          0,           0,         540,      -8.663436656,      -7.099192513,      -8.322439086,       -10.8929833,                 1,    0.003003722597,  -0.0003867799806,                 0,                 0,                 0,   0.0001551842242,    0.003003722597,  -0.0003867799806,                 0,     -0.1287668778
          0,           0,         541,      -8.666227101,      -7.102145926,      -8.325097211,      -10.89622311,                 1,     0.00300266652,  -0.0003882681505,                 0,                 0,                 0,   0.0001544516116,     0.00300266652,  -0.0003882681505,                 0,     -0.1293077829
          0,           0,         542,       -8.66901878,       -7.10510011,      -8.327756786,      -10.89946394,                 1,    0.003001617968,  -0.0003897485015,                 0,                 0,                 0,   0.0001537215419,    0.003001617968,  -0.0003897485015,                 0,     -0.1298461382
          0,           0,         543,      -8.671811696,      -7.108055065,      -8.330417814,      -10.90270576,                 1,    0.003000576887,  -0.0003912210665,                 0,                 0,                 0,   0.0001529940151,    0.003000576887,  -0.0003912210665,                 0,     -0.1303819503
          0,           0,         544,       -8.67460585,      -7.111010791,      -8.333080298,      -10.90594854,                 1,    0.002999543227,  -0.0003926858782,                 0,                 0,                 0,   0.0001522690309,    0.002999543227,  -0.0003926858782,                 0,     -0.1309152256
          0,           0,         545,      -8.677401244,      -7.113967289,      -8.335744243,      -10.90919224,                 1,    0.002998516936,  -0.0003941429691,                 0,                 0,                 0,   0.0001515465889,    0.002998516936,  -0.0003941429691,                 0,     -0.1314459706
          0,           0,         546,      -8.680197881,       -7.11692456,      -8.338409651,      -10.91243681,                 1,    0.002997497964,  -0.0003955923718,                 0,                 0,                 0,    0.000150826689,    0.002997497964,  -0.0003955923718,                 0,      -0.131974192
          0,           0,         547,      -8.682995762,      -7.119882603,      -8.341076526,      -10.91568224,                 1,     0.00299648626,  -0.0003970341187,                 0,                 0,                 0,   0.0001501093308,     0.00299648626,  -0.0003970341187,                 0,     -0.1324998963
          0,           0,         548,      -8.685794889,       -7.12284142,      -8.343744871,       -10.9189285,                 1,    0.002995481774,  -0.0003984682422,                 0,                 0,                 0,   0.0001493945137,    0.002995481774,  -0.0003984682422,                 0,     -0.1330230902
          0,           0,         549,      -8.688595264,       -7.12580101,      -8.346414686,       -10.9221756,                 1,    0.002994484455,  -0.0003998947744,                 0,                 0,                 0,   0.0001486822373,    0.002994484455,  -0.0003998947744,                 0,     -0.1335437804
          0,           0,         550,      -8.691396888,      -7.128761375,      -8.349085975,      -10.92542353,                 1,    0.002993494255,  -0.0004013137477,                 0,                 0,                 0,    0.000147972501,    0.002993494255,  -0.0004013137477,                 0,     -0.1340619736
          0,           0,         551,      -8.694199764,      -7.131722514,      -8.351758737,       -10.9286723,                 1,    0.002992511124,   -0.000402725194,                 0,                 0,                 0,   0.0001472653041,    0.002992511124,   -0.000402725194,                 0,     -0.1345776765
          0,           0,         552,      -8.697003892,      -7.134684428,      -8.354432973,      -10.93192193,                 1,    0.002991535012,  -0.0004041291455,                 0,                 0,                 0,   0.0001465606458,    0.002991535012,  -0.0004041291455,                 0,     -0.1350908961
          0,           0,         553,      -8.699809274,      -7.137647118,      -8.357108683,      -10.93517242,                 1,    0.002990565873,  -0.0004055256341,                 0,                 0,                 0,   0.0001458585252,    0.002990565873,  -0.0004055256341,                 0,     -0.1356016391
          0,           0,         554,      -8.702615912,      -7.140610583,      -8.359785868,      -10.93842379,                 1,    0.002989603657,  -0.0004069146918,                 0,                 0,                 0,   0.0001451589413,    0.002989603657,  -0.0004069146918,                 0,     -0.1361099124
          0,           0,         555,      -8.705423806,      -7.143574824,      -8.362464527,      -10.94167605,                 1,    0.002988648315,  -0.0004082963503,                 0,                 0,                 0,   0.0001444618931,    0.002988648315,  -0.0004082963503,                 0,      -0.136615723
          0,           0,         556,      -8.708232958,      -7.146539842,      -8.365144661,      -10.94492921,                 1,    0.002987699802,  -0.0004096706415,                 0,                 0,                 0,   0.0001437673794,    0.002987699802,  -0.0004096706415,                 0,     -0.1371190778
          0,           0,         557,      -8.711043367,      -7.149505635,      -8.367826269,      -10.94818326,                 1,    0.002986758069,  -0.0004110375968,                 0,                 0,                 0,   0.0001430753992,    0.002986758069,  -0.0004110375968,                 0,     -0.1376199837
          0,           0,         558,      -8.713855035,      -7.152472205,      -8.370509353,      -10.95143821,                 1,    0.002985823069,  -0.0004123972481,                 0,                 0,                 0,   0.0001423859511,    0.002985823069,  -0.0004123972481,                 0,     -0.1381184479
          0,           0,         559,      -8.716667963,      -7.155439552,      -8.373193911,        -10.954694,                 1,    0.002984894756,  -0.0004137496267,                 0,                 0,                 0,   0.0001416990337,    0.002984894756,  -0.0004137496267,                 0,     -0.1386144774
          0,           0,         560,      -8.719482151,      -7.158407676,      -8.375879945,      -10.95795067,                 1,    0.002983973083,  -0.0004150947641,                 0,                 0,                 0,   0.0001410146458,    0.002983973083,  -0.0004150947641,                 0,     -0.1391080792
          0,           0,         561,        -8.7222976,      -7.161376577,      -8.378567455,      -10.96120827,                 1,    0.002983058005,  -0.0004164326916,                 0,                 0,                 0,   0.0001403327856,    0.002983058005,  -0.0004164326916,                 0,     -0.1395992606
          0,           0,         562,      -8.725114311,      -7.164346255,      -8.381256441,       -10.9644669,                 1,    0.002982149474,  -0.0004177634405,                 0,                 0,                 0,   0.0001396534518,    0.002982149474,  -0.0004177634405,                 0,     -0.1400880285
          0,           0,         563,      -8.727932284,       -7.16731671,      -8.383946904,      -10.96772656,                 1,    0.002981247447,   -0.000419087042,                 0,                 0,                 0,   0.0001389766426,    0.002981247447,   -0.000419087042,                 0,     -0.1405743902
          0,           0,         564,      -8.730751522,      -7.170287943,      -8.386638844,      -10.97098724,                 1,    0.002980351877,  -0.0004204035272,                 0,                 0,                 0,   0.0001383023564,    0.002980351877,  -0.0004204035272,                 0,      -0.141058353
          0,           0,         565,      -8.733572024,      -7.173259953,      -8.389332263,      -10.97424891,                 1,    0.002979462721,  -0.0004217129271,                 0,                 0,                 0,   0.0001376305913,    0.002979462721,  -0.0004217129271,                 0,      -0.141539924
          0,           0,         566,      -8.736393792,      -7.176232741,       -8.39202716,      -10.97751154,                 1,    0.002978579933,  -0.0004230152725,                 0,                 0,                 0,   0.0001369613456,    0.002978579933,  -0.0004230152725,                 0,     -0.1420191105
          0,           0,         567,      -8.739216828,      -7.179206307,      -8.394723538,       -10.9807751,                 1,    0.002977703468,  -0.0004243105944,                 0,                 0,                 0,   0.0001362946173,    0.002977703468,  -0.0004243105944,                 0,     -0.1424959197
          0,           0,         568,      -8.742041134,      -7.182180651,      -8.397421398,      -10.98403959,                 1,    0.002976833284,  -0.0004255989234,                 0,                 0,                 0,   0.0001356304046,    0.002976833284,  -0.0004255989234,                 0,      -0.142970359
          0,           0,         569,       -8.74486671,      -7.185155772,      -8.400120742,      -10.98730499,                 1,    0.002975969336,  -0.0004268802902,                 0,                 0,                 0,   0.0001349687054,    0.002975969336,  -0.0004268802902,                 0,     -0.1434424357
          0,           0,         570,      -8.747693558,      -7.188131671,       -8.40282157,      -10.99057131,                 1,    0.002975111582,  -0.0004281547253,                 0,                 0,                 0,   0.0001343095178,    0.002975111582,  -0.0004281547253,                 0,     -0.1439121571
          0,           0,         571,      -8.750521678,      -7.191108347,      -8.405523885,      -10.99383852,                 1,    0.002974259977,  -0.0004294222591,                 0,                 0,                 0,   0.0001336528398,    0.002974259977,  -0.0004294222591,                 0,     -0.1443795305
          0,           0,         572,      -8.753351071,      -7.194085801,      -8.408227687,      -10.99710663,                 1,    0.002973414479,   -0.000430682922,                 0,                 0,                 0,   0.0001329986691,    0.002973414479,   -0.000430682922,                 0,     -0.1448445634
          0,           0,         573,      -8.756181736,      -7.197064033,      -8.410932976,      -11.00037563,                 1,    0.002972575046,  -0.0004319367443,                 0,                 0,                 0,   0.0001323470038,    0.002972575046,  -0.0004319367443,                 0,     -0.1453072631
          0,           0,         574,      -8.759013672,      -7.200043043,      -8.413639754,      -11.00364552,                 1,    0.002971741635,  -0.0004331837561,                 0,                 0,                 0,   0.0001316978414,    0.002971741635,  -0.0004331837561,                 0,      -0.145767637
          0,           0,         575,      -8.761846878,       -7.20302283,      -8.416348018,       -11.0069163,                 1,    0.002970914205,  -0.0004344239875,                 0,                 0,                 0,   0.0001310511798,    0.002970914205,  -0.0004344239875,                 0,     -0.1462256927
          0,           0,         576,      -8.764681352,      -7.206003395,      -8.419057769,      -11.01018795,                 1,    0.002970092713,  -0.0004356574686,                 0,                 0,                 0,   0.0001304070166,    0.002970092713,  -0.0004356574686,                 0,     -0.1466814375
          0,           0,         577,      -8.767517093,      -7.208984737,      -8.421769006,      -11.01346048,                 1,    0.002969277119,  -0.0004368842294,                 0,                 0,                 0,   0.0001297653493,    0.002969277119,  -0.0004368842294,                 0,     -0.1471348789
          0,           0,         578,      -8.770354097,      -7.211966856,      -8.424481725,      -11.01673389,                 1,    0.002968467381,  -0.0004381042997,                 0,                 0,                 0,   0.0001291261755,    0.002968467381,  -0.0004381042997,                 0,     -0.1475860245
          0,           0,         579,      -8.773192363,      -7.214949753,      -8.427195925,      -11.02000816,                 1,    0.002967663458,  -0.0004393177094,                 0,                 0,                 0,   0.0001284894924,    0.002967663458,  -0.0004393177094,                 0,     -0.1480348819
          0,           0,         580,      -8.776031889,      -7.217933428,      -8.429911603,      -11.02328331,                 1,     0.00296686531,  -0.0004405244884,                 0,                 0,                 0,   0.0001278552974,     0.00296686531,  -0.0004405244884,                 0,     -0.1484814585
          0,           0,         581,      -8.778872672,       -7.22091788,      -8.432628758,      -11.02655932,                 1,    0.002966072897,  -0.0004417246662,                 0,                 0,                 0,   0.0001272235877,    0.002966072897,  -0.0004417246662,                 0,      -0.148925762
          0,           0,         582,      -8.781714711,      -7.223903109,      -8.435347384,      -11.02983621,                 1,    0.002965286178,  -0.0004429182726,                 0,                 0,                 0,   0.0001265943604,    0.002965286178,  -0.0004429182726,                 0,        -0.1493678
          0,           0,         583,      -8.784558002,      -7.226889116,      -8.438067481,      -11.03311395,                 1,    0.002964505113,  -0.0004441053371,                 0,                 0,                 0,   0.0001259676126,    0.002964505113,  -0.0004441053371,                 0,     -0.1498075801
          0,           0,         584,      -8.787402546,        -7.2298759,      -8.440789044,      -11.03639257,                 1,    0.002963729664,  -0.0004452858893,                 0,                 0,                 0,   0.0001253433413,    0.002963729664,  -0.0004452858893,                 0,       -0.15024511
          0,           0,         585,      -8.790248339,      -7.232863462,      -8.443512071,      -11.03967205,                 1,    0.002962959791,  -0.0004464599586,                 0,                 0,                 0,   0.0001247215433,    0.002962959791,  -0.0004464599586,                 0,     -0.1506803974
          0,           0,         586,       -8.79309538,        -7.2358518,      -8.446236559,       -11.0429524,                 1,    0.002962195455,  -0.0004476275744,                 0,                 0,                 0,   0.0001241022154,    0.002962195455,  -0.0004476275744,                 0,     -0.1511134499
          0,           0,         587,      -8.795943667,      -7.238840916,      -8.448962504,       -11.0462336,                 1,    0.002961436617,  -0.0004487887659,                 0,                 0,                 0,   0.0001234853544,    0.002961436617,  -0.0004487887659,                 0,     -0.1515442753
          0,           0,         588,      -8.798793199,      -7.241830809,      -8.451689906,      -11.04951568,                 1,    0.002960683239,  -0.0004499435624,                 0,                 0,                 0,   0.0001228709571,    0.002960683239,  -0.0004499435624,                 0,     -0.1519728813
          0,           0,         589,      -8.801643975,      -7.244821478,       -8.45441876,      -11.05279861,                 1,    0.002959935282,   -0.000451091993,                 0,                 0,                 0,     0.00012225902,    0.002959935282,   -0.000451091993,                 0,     -0.1523992756
          0,           0,         590,      -8.804495994,      -7.247812925,      -8.457149065,      -11.05608241,                 1,     0.00295919271,  -0.0004522340867,                 0,                 0,                 0,   0.0001216495396,     0.00295919271,  -0.0004522340867,                 0,     -0.1528234661
          0,           0,         591,      -8.807349253,      -7.250805148,      -8.459880819,      -11.05936706,                 1,    0.002958455483,  -0.0004533698725,                 0,                 0,                 0,   0.0001210425126,    0.002958455483,  -0.0004533698725,                 0,     -0.1532454604
          0,           0,         592,      -8.810203753,      -7.253798148,      -8.462614018,      -11.06265257,                 1,    0.002957723565,  -0.0004544993794,                 0,                 0,                 0,   0.0001204379353,    0.002957723565,  -0.0004544993794,                 0,     -0.1536652663
          0,           0,         593,      -8.813059491,      -7.256791925,      -8.465348663,      -11.06593895,                 1,    0.002956996919,   -0.000455622636,                 0,                 0,                 0,   0.0001198358042,    0.002956996919,   -0.000455622636,                 0,     -0.1540828917
          0,           0,         594,      -8.815916466,      -7.259786477,       -8.46808475,      -11.06922617,                 1,    0.002956275508,  -0.0004567396711,                 0,                 0,                 0,   0.0001192361155,    0.002956275508,  -0.0004567396711,                 0,     -0.1544983443
          0,           0,         595,      -8.818774677,      -7.262781807,      -8.470822277,      -11.07251425,                 1,    0.002955559294,  -0.0004578505134,                 0,                 0,                 0,   0.0001186388656,    0.002955559294,  -0.0004578505134,                 0,     -0.1549116319
          0,           0,         596,      -8.821634123,      -7.265777912,      -8.473561244,      -11.07580318,                 1,    0.002954848242,  -0.0004589551914,                 0,                 0,                 0,   0.0001180440507,    0.002954848242,  -0.0004589551914,                 0,     -0.1553227624
          0,           0,         597,      -8.824494802,      -7.268774793,      -8.476301647,      -11.07909296,                 1,    0.002954142315,  -0.0004600537335,                 0,                 0,                 0,    0.000117451667,    0.002954142315,  -0.0004600537335,                 0,     -0.1557317436
          0,           0,         598,      -8.827356714,       -7.27177245,      -8.479043486,      -11.08238358,                 1,    0.002953441478,  -0.0004611461682,                 0,                 0,                 0,   0.0001168617106,    0.002953441478,  -0.0004611461682,                 0,     -0.1561385833
          0,           0,         599,      -8.830219856,      -7.274770882,      -8.481786759,      -11.08567506,                 1,    0.002952745694,  -0.0004622325237,                 0,                 0,                 0,   0.0001162741775,    0.002952745694,  -0.0004622325237,                 0,     -0.1565432894
          0,           0,         600,      -8.833084228,       -7.27777009,      -8.484531463,      -11.08896738,                 1,    0.002952054929,  -0.0004633128283,                 0,                 0,                 0,   0.0001156890638,    0.002952054929,  -0.0004633128283,                 0,     -0.1569458697
          0,           0,         601,      -8.835949828,      -7.280770074,      -8.487277597,      -11.09226054,                 1,    0.002951369147,  -0.0004643871101,                 0,                 0,                 0,   0.0001151063653,    0.002951369147,  -0.0004643871101,                 0,     -0.1573463321
          0,           0,         602,      -8.838816654,      -7.283770832,      -8.490025159,      -11.09555455,                 1,    0.002950688314,  -0.0004654553972,                 0,                 0,                 0,   0.0001145260781,    0.002950688314,  -0.0004654553972,                 0,     -0.1577446846
          0,           0,         603,      -8.841684705,      -7.286772366,      -8.492774147,      -11.09884941,                 1,    0.002950012393,  -0.0004665177176,                 0,                 0,                 0,   0.0001139481979,    0.002950012393,  -0.0004665177176,                 0,     -0.1581409348
          0,           0,         604,      -8.844553979,      -7.289774674,      -8.495524559,      -11.10214511,                 1,    0.002949341352,  -0.0004675740992,                 0,                 0,                 0,   0.0001133727205,    0.002949341352,  -0.0004675740992,                 0,     -0.1585350908
          0,           0,         605,      -8.847424474,      -7.292777756,      -8.498276393,      -11.10544166,                 1,    0.002948675155,  -0.0004686245697,                 0,                 0,                 0,   0.0001127996418,    0.002948675155,  -0.0004686245697,                 0,     -0.1589271605
          0,           0,         606,       -8.85029619,      -7.295781613,      -8.501029647,      -11.10873906,                 1,     0.00294801377,   -0.000469669157,                 0,                 0,                 0,   0.0001122289573,     0.00294801377,   -0.000469669157,                 0,     -0.1593171517
          0,           0,         607,      -8.853169124,      -7.298786245,      -8.503784319,      -11.11203729,                 1,    0.002947357161,  -0.0004707078886,                 0,                 0,                 0,   0.0001116606627,    0.002947357161,  -0.0004707078886,                 0,     -0.1597050724
          0,           0,         608,      -8.856043275,       -7.30179165,      -8.506540406,      -11.11533638,                 1,    0.002946705295,  -0.0004717407922,                 0,                 0,                 0,   0.0001110947536,    0.002946705295,  -0.0004717407922,                 0,     -0.1600909304
          0,           0,         609,       -8.85891864,      -7.304797829,      -8.509297907,       -11.1186363,                 1,    0.002946058139,  -0.0004727678952,                 0,                 0,                 0,   0.0001105312256,    0.002946058139,  -0.0004727678952,                 0,     -0.1604747336
          0,           0,         610,      -8.861795219,      -7.307804781,      -8.512056819,      -11.12193706,                 1,    0.002945415661,  -0.0004737892251,                 0,                 0,                 0,   0.0001099700741,    0.002945415661,  -0.0004737892251,                 0,     -0.1608564901
          0,           0,         611,      -8.864673008,      -7.310812507,       -8.51481714,      -11.12523866,                 1,    0.002944777826,   -0.000474804809,                 0,                 0,                 0,   0.0001094112946,    0.002944777826,   -0.000474804809,                 0,     -0.1612362076
          0,           0,         612,      -8.867552008,      -7.313821005,      -8.517578868,       -11.1285411,                 1,    0.002944144603,  -0.0004758146744,                 0,                 0,                 0,   0.0001088548825,    0.002944144603,  -0.0004758146744,                 0,     -0.1616138942
          0,           0,         613,      -8.870432215,      -7.316830277,         -8.520342,      -11.13184437,                 1,    0.002943515959,  -0.0004768188484,                 0,                 0,                 0,   0.0001083008332,    0.002943515959,  -0.0004768188484,                 0,     -0.1619895577
          0,           0,         614,      -8.873313628,      -7.319840321,      -8.523106535,      -11.13514848,                 1,    0.002942891861,  -0.0004778173579,                 0,                 0,                 0,   0.0001077491418,    0.002942891861,  -0.0004778173579,                 0,     -0.1623632061
          0,           0,         615,      -8.876196245,      -7.322851138,      -8.525872469,      -11.13845341,                 1,    0.002942272278,    -0.00047881023,                 0,                 0,                 0,   0.0001071998038,    0.002942272278,    -0.00047881023,                 0,     -0.1627348473
          0,           0,         616,      -8.879080065,      -7.325862727,        -8.5286398,      -11.14175918,                 1,    0.002941657179,  -0.0004797974916,                 0,                 0,                 0,   0.0001066528143,    0.002941657179,  -0.0004797974916,                 0,     -0.1631044892
          0,           0,         617,      -8.881965085,      -7.328875087,      -8.531408527,      -11.14506577,                 1,     0.00294104653,  -0.0004807791696,                 0,                 0,                 0,   0.0001061081685,     0.00294104653,  -0.0004807791696,                 0,     -0.1634721398
          0,           0,         618,      -8.884851303,       -7.33188822,      -8.534178647,      -11.14837319,                 1,    0.002940440302,  -0.0004817552905,                 0,                 0,                 0,   0.0001055658616,    0.002940440302,  -0.0004817552905,                 0,      -0.163837807
          0,           0,         619,      -8.887738719,      -7.334902123,      -8.536950157,      -11.15168144,                 1,    0.002939838462,  -0.0004827258812,                 0,                 0,                 0,   0.0001050258885,    0.002939838462,  -0.0004827258812,                 0,     -0.1642014986
          0,           0,         620,       -8.89062733,      -7.337916798,      -8.539723056,      -11.15499051,                 1,    0.002939240981,  -0.0004836909681,                 0,                 0,                 0,   0.0001044882444,    0.002939240981,  -0.0004836909681,                 0,     -0.1645632227
          0,           0,         621,      -8.893517133,      -7.340932244,       -8.54249734,      -11.15830041,                 1,    0.002938647827,  -0.0004846505777,                 0,                 0,                 0,   0.0001039529243,    0.002938647827,  -0.0004846505777,                 0,     -0.1649229872
          0,           0,         622,      -8.896408128,      -7.343948461,      -8.545273007,      -11.16161112,                 1,    0.002938058969,  -0.0004856047365,                 0,                 0,                 0,   0.0001034199231,    0.002938058969,  -0.0004856047365,                 0,     -0.1652807999
          0,           0,         623,      -8.899300312,      -7.346965448,      -8.548050056,      -11.16492266,                 1,    0.002937474378,  -0.0004865534707,                 0,                 0,                 0,   0.0001028892357,    0.002937474378,  -0.0004865534707,                 0,     -0.1656366688
          0,           0,         624,      -8.902193684,      -7.349983205,      -8.550828483,      -11.16823501,                 1,    0.002936894024,  -0.0004874968066,                 0,                 0,                 0,    0.000102360857,    0.002936894024,  -0.0004874968066,                 0,     -0.1659906018
          0,           0,         625,      -8.905088241,      -7.353001732,      -8.553608286,      -11.17154818,                 1,    0.002936317876,  -0.0004884347702,                 0,                 0,                 0,   0.0001018347819,    0.002936317876,  -0.0004884347702,                 0,     -0.1663426069
          0,           0,         626,      -8.907983981,      -7.356021028,      -8.556389463,      -11.17486217,                 1,    0.002935745905,  -0.0004893673877,                 0,                 0,                 0,   0.0001013110052,    0.002935745905,  -0.0004893673877,                 0,     -0.1666926919
          0,           0,         627,      -8.910880903,      -7.359041094,      -8.559172011,      -11.17817697,                 1,    0.002935178081,  -0.0004902946851,                 0,                 0,                 0,   0.0001007895216,    0.002935178081,  -0.0004902946851,                 0,     -0.1670408648
          0,           0,         628,      -8.913779005,      -7.362061929,      -8.561955928,      -11.18149258,                 1,    0.002934614375,  -0.0004912166881,                 0,                 0,                 0,   0.0001002703258,    0.002934614375,  -0.0004912166881,                 0,     -0.1673871335
          0,           0,         629,      -8.916678285,      -7.365083533,      -8.564741211,        -11.184809,                 1,    0.002934054759,  -0.0004921334227,                 0,                 0,                 0,   9.975341261e-05,    0.002934054759,  -0.0004921334227,                 0,     -0.1677315058
          0,           0,         630,       -8.91957874,      -7.368105905,      -8.567527859,      -11.18812624,                 1,    0.002933499203,  -0.0004930449145,                 0,                 0,                 0,   9.923877661e-05,    0.002933499203,  -0.0004930449145,                 0,     -0.1680739896
          0,           0,         631,      -8.922480368,      -7.371129045,      -8.570315867,      -11.19144428,                 1,    0.002932947678,  -0.0004939511892,                 0,                 0,                 0,   9.872641242e-05,    0.002932947678,  -0.0004939511892,                 0,     -0.1684145929
          0,           0,         632,      -8.925383169,      -7.374152954,      -8.573105235,      -11.19476312,                 1,    0.002932400156,  -0.0004948522723,                 0,                 0,                 0,   9.821631464e-05,    0.002932400156,  -0.0004948522723,                 0,     -0.1687533236
          0,           0,         633,      -8.928287139,       -7.37717763,      -8.575895959,      -11.19808277,                 1,    0.002931856609,  -0.0004957481893,                 0,                 0,                 0,   9.770847781e-05,    0.002931856609,  -0.0004957481893,                 0,     -0.1690901894
          0,           0,         634,      -8.931192277,      -7.380203073,      -8.578688037,      -11.20140321,                 1,    0.002931317008,  -0.0004966389655,                 0,                 0,                 0,   9.720289645e-05,    0.002931317008,  -0.0004966389655,                 0,     -0.1694251983
          0,           0,         635,      -8.934098581,      -7.383229284,      -8.581481466,      -11.20472445,                 1,    0.002930781326,  -0.0004975246262,                 0,                 0,                 0,   9.669956504e-05,    0.002930781326,  -0.0004975246262,                 0,     -0.1697583582
          0,           0,         636,      -8.937006048,      -7.386256261,      -8.584276245,      -11.20804646,                 1,    0.002930249536,  -0.0004984051967,                 0,                 0,                 0,   9.619847804e-05,    0.002930249536,  -0.0004984051967,                 0,     -0.1700896769
          0,           0,         637,      -8.939914678,      -7.389284005,       -8.58707237,      -11.21136923,                 1,    0.002929721608,   -0.000499280702,                 0,                 0,                 0,   9.569962986e-05,    0.002929721608,   -0.000499280702,                 0,     -0.1704191622
          0,           0,         638,      -8.942824467,      -7.392312515,      -8.589869839,      -11.21469275,                 1,    0.002929197517,  -0.0005001511673,                 0,                 0,                 0,   9.520301489e-05,    0.002929197517,  -0.0005001511673,                 0,     -0.1707468221
          0,           0,         639,      -8.945735414,      -7.395341791,       -8.59266865,      -11.21801698,                 1,    0.002928677235,  -0.0005010166173,                 0,                 0,                 0,   9.470862749e-05,    0.002928677235,  -0.0005010166173,                 0,     -0.1710726642
          0,           0,         640,      -8.948647518,      -7.398371833,        -8.5954688,      -11.22134191,                 1,    0.002928160736,  -0.0005018770771,                 0,                 0,                 0,   9.421646199e-05,    0.002928160736,  -0.0005018770771,                 0,     -0.1713966965
          0,           0,         641,      -8.951560777,       -7.40140264,      -8.598270287,      -11.22466754,                 1,    0.002927647991,  -0.0005027325712,                 0,                 0,                 0,   9.372651267e-05,    0.002927647991,  -0.0005027325712,                 0,     -0.1717189269
          0,           0,         642,      -8.954475188,      -7.404434213,      -8.601073107,       -11.2279939,                 1,    0.002927138975,  -0.0005035831246,                 0,                 0,                 0,   9.323877382e-05,    0.002927138975,  -0.0005035831246,                 0,     -0.1720393629
          0,           0,         643,       -8.95739075,       -7.40746655,      -8.603877259,      -11.23132101,                 1,    0.002926633662,  -0.0005044287617,                 0,                 0,                 0,   9.275323966e-05,    0.002926633662,  -0.0005044287617,                 0,     -0.1723580126
          0,           0,         644,      -8.960307462,      -7.410499651,       -8.60668274,      -11.23464891,                 1,    0.002926132025,   -0.000505269507,                 0,                 0,                 0,    9.22699044e-05,    0.002926132025,   -0.000505269507,                 0,     -0.1726748837
          0,           0,         645,      -8.963225321,      -7.413533517,      -8.609489548,      -11.23797764,                 1,    0.002925634037,  -0.0005061053851,                 0,                 0,                 0,   9.178876225e-05,    0.002925634037,  -0.0005061053851,                 0,     -0.1729899839
          0,           0,         646,      -8.966144324,      -7.416568147,      -8.612297679,      -11.24130721,                 1,    0.002925139674,  -0.0005069364201,                 0,                 0,                 0,   9.130980735e-05,    0.002925139674,  -0.0005069364201,                 0,     -0.1733033211
          0,           0,         647,      -8.969064469,       -7.41960354,      -8.615107132,      -11.24463763,                 1,     0.00292464891,  -0.0005077626364,                 0,                 0,                 0,   9.083303384e-05,     0.00292464891,  -0.0005077626364,                 0,     -0.1736149029
          0,           0,         648,      -8.971985753,      -7.422639697,      -8.617917904,      -11.24796889,                 1,    0.002924161718,  -0.0005085840582,                 0,                 0,                 0,   9.035843585e-05,    0.002924161718,  -0.0005085840582,                 0,     -0.1739247371
          0,           0,         649,      -8.974908174,      -7.425676616,      -8.620729992,      -11.25130097,                 1,    0.002923678075,  -0.0005094007095,                 0,                 0,                 0,   8.988600746e-05,    0.002923678075,  -0.0005094007095,                 0,     -0.1742328316
          0,           0,         650,      -8.977831727,      -7.428714298,      -8.623543395,      -11.25463385,                 1,    0.002923197953,  -0.0005102126143,                 0,                 0,                 0,   8.941574274e-05,    0.002923197953,  -0.0005102126143,                 0,     -0.1745391939
          0,           0,         651,      -8.980756412,      -7.431752743,      -8.626358109,      -11.25796751,                 1,     0.00292272133,  -0.0005110197965,                 0,                 0,                 0,   8.894763572e-05,     0.00292272133,  -0.0005110197965,                 0,     -0.1748438318
          0,           0,         652,      -8.983682226,      -7.434791949,      -8.629174132,      -11.26130194,                 1,    0.002922248179,    -0.00051182228,                 0,                 0,                 0,   8.848168042e-05,    0.002922248179,    -0.00051182228,                 0,      -0.175146753
          0,           0,         653,      -8.986609166,      -7.437831917,      -8.631991462,      -11.26463711,                 1,    0.002921778476,  -0.0005126200884,                 0,                 0,                 0,   8.801787082e-05,    0.002921778476,  -0.0005126200884,                 0,     -0.1754479652
          0,           0,         654,      -8.989537231,      -7.440872647,      -8.634810094,      -11.26797303,                 1,    0.002921312196,  -0.0005134132455,                 0,                 0,                 0,   8.755620086e-05,    0.002921312196,  -0.0005134132455,                 0,     -0.1757474761
          0,           0,         655,      -8.992466419,      -7.443914138,      -8.637630026,       -11.2713097,                 1,    0.002920849316,  -0.0005142017748,                 0,                 0,                 0,   8.709666447e-05,    0.002920849316,  -0.0005142017748,                 0,     -0.1760452934
          0,           0,         656,      -8.995396728,       -7.44695639,      -8.640451256,      -11.27464712,                 1,    0.002920389812,  -0.0005149856998,                 0,                 0,                 0,   8.663925554e-05,    0.002920389812,  -0.0005149856998,                 0,     -0.1763414246
          0,           0,         657,      -8.998328156,      -7.449999403,      -8.643273779,      -11.27798529,                 1,    0.002919933658,  -0.0005157650439,                 0,                 0,                 0,   8.618396796e-05,    0.002919933658,  -0.0005157650439,                 0,     -0.1766358775
          0,           0,         658,      -9.001260701,      -7.453043176,      -8.646097592,      -11.28132422,                 1,    0.002919480832,  -0.0005165398305,                 0,                 0,                 0,   8.573079557e-05,    0.002919480832,  -0.0005165398305,                 0,     -0.1769286597
          0,           0,         659,      -9.004194363,      -7.456087708,      -8.648922694,      -11.28466393,                 1,    0.002919031309,  -0.0005173100828,                 0,                 0,                 0,    8.52797322e-05,    0.002919031309,  -0.0005173100828,                 0,     -0.1772197787
          0,           0,         660,      -9.007129138,      -7.459133001,      -8.651749081,       -11.2880044,                 1,    0.002918585067,  -0.0005180758239,                 0,                 0,                 0,   8.483077166e-05,    0.002918585067,  -0.0005180758239,                 0,     -0.1775092423
          0,           0,         661,      -9.010065027,      -7.462179053,      -8.654576752,      -11.29134567,                 1,    0.002918142082,  -0.0005188370769,                 0,                 0,                 0,   8.438390777e-05,    0.002918142082,  -0.0005188370769,                 0,      -0.177797058
          0,           0,         662,      -9.013002027,      -7.465225864,      -8.657405703,      -11.29468772,                 1,     0.00291770233,  -0.0005195938647,                 0,                 0,                 0,   8.393913429e-05,     0.00291770233,  -0.0005195938647,                 0,     -0.1780832333
          0,           0,         663,      -9.015940137,      -7.468273433,      -8.660235933,      -11.29803056,                 1,     0.00291726579,  -0.0005203462103,                 0,                 0,                 0,   8.349644501e-05,     0.00291726579,  -0.0005203462103,                 0,     -0.1783677758
          0,           0,         664,      -9.018879355,      -7.471321761,       -8.66306744,       -11.3013742,                 1,    0.002916832437,  -0.0005210941364,                 0,                 0,                 0,   8.305583368e-05,    0.002916832437,  -0.0005210941364,                 0,     -0.1786506931
          0,           0,         665,       -9.02181968,      -7.474370846,      -8.665900223,      -11.30471864,                 1,    0.002916402249,  -0.0005218376658,                 0,                 0,                 0,   8.261729406e-05,    0.002916402249,  -0.0005218376658,                 0,     -0.1789319926
          0,           0,         666,      -9.024761112,      -7.477420689,       -8.66873428,      -11.30806386,                 1,    0.002915975205,  -0.0005225768209,                 0,                 0,                 0,   8.218081989e-05,    0.002915975205,  -0.0005225768209,                 0,     -0.1792116819
          0,           0,         667,      -9.027703647,      -7.480471289,      -8.671569609,      -11.31140988,                 1,     0.00291555128,  -0.0005233116244,                 0,                 0,                 0,    8.17464049e-05,     0.00291555128,  -0.0005233116244,                 0,     -0.1794897685
          0,           0,         668,      -9.030647285,      -7.483522646,       -8.67440621,      -11.31475669,                 1,    0.002915130454,  -0.0005240420987,                 0,                 0,                 0,    8.13140428e-05,    0.002915130454,  -0.0005240420987,                 0,     -0.1797662598
          0,           0,         669,      -9.033592025,      -7.486574759,       -8.67724408,      -11.31810428,                 1,    0.002914712704,   -0.000524768266,                 0,                 0,                 0,   8.088372733e-05,    0.002914712704,   -0.000524768266,                 0,     -0.1800411633
          0,           0,         670,      -9.036537864,      -7.489627629,      -8.680083219,      -11.32145265,                 1,    0.002914298009,  -0.0005254901487,                 0,                 0,                 0,   8.045545216e-05,    0.002914298009,  -0.0005254901487,                 0,     -0.1803144864
          0,           0,         671,        -9.0394848,      -7.492681254,      -8.682923624,       -11.3248018,                 1,    0.002913886345,  -0.0005262077688,                 0,                 0,                 0,     8.0029211e-05,    0.002913886345,  -0.0005262077688,                 0,     -0.1805862366
          0,           0,         672,      -9.042432832,      -7.495735634,      -8.685765294,      -11.32815171,                 1,    0.002913477693,  -0.0005269211485,                 0,                 0,                 0,   7.960499753e-05,    0.002913477693,  -0.0005269211485,                 0,     -0.1808564211
          0,           0,         673,      -9.045381957,      -7.498790769,      -8.688608227,      -11.33150239,                 1,     0.00291307203,  -0.0005276303098,                 0,                 0,                 0,    7.91828054e-05,     0.00291307203,  -0.0005276303098,                 0,     -0.1811250475
          0,           0,         674,      -9.048332174,      -7.501846659,       -8.69145242,      -11.33485382,                 1,    0.002912669335,  -0.0005283352745,                 0,                 0,                 0,   7.876262826e-05,    0.002912669335,  -0.0005283352745,                 0,     -0.1813921231
          0,           0,         675,       -9.05128348,      -7.504903303,      -8.694297872,        -11.338206,                 1,    0.002912269586,  -0.0005290360644,                 0,                 0,                 0,   7.834445976e-05,    0.002912269586,  -0.0005290360644,                 0,     -0.1816576552
          0,           0,         676,      -9.054235872,      -7.507960701,       -8.69714458,      -11.34155893,                 1,    0.002911872764,  -0.0005297327014,                 0,                 0,                 0,   7.792829352e-05,    0.002911872764,  -0.0005297327014,                 0,     -0.1819216512
          0,           0,         677,      -9.057189347,      -7.511018853,      -8.699992542,       -11.3449126,                 1,    0.002911478847,   -0.000530425207,                 0,                 0,                 0,   7.751412313e-05,    0.002911478847,   -0.000530425207,                 0,     -0.1821841184
          0,           0,         678,      -9.060143905,      -7.514077758,      -8.702841753,        -11.348267,                 1,    0.002911087814,  -0.0005311136028,                 0,                 0,                 0,   7.710194219e-05,    0.002911087814,  -0.0005311136028,                 0,     -0.1824450641
          0,           0,         679,      -9.063099541,      -7.517137415,      -8.705692212,      -11.35162214,                 1,    0.002910699645,  -0.0005317979103,                 0,                 0,                 0,   7.669174427e-05,    0.002910699645,  -0.0005317979103,                 0,     -0.1827044955
          0,           0,         680,      -9.066056254,      -7.520197826,      -8.708543915,      -11.35497801,                 1,    0.002910314319,  -0.0005324781509,                 0,                 0,                 0,   7.628352294e-05,    0.002910314319,  -0.0005324781509,                 0,       -0.18296242
          0,           0,         681,      -9.069014041,      -7.523258989,       -8.71139686,      -11.35833461,                 1,    0.002909931816,  -0.0005331543459,                 0,                 0,                 0,   7.587727173e-05,    0.002909931816,  -0.0005331543459,                 0,     -0.1832188448
          0,           0,         682,      -9.071972899,      -7.526320903,      -8.714251042,      -11.36169193,                 1,    0.002909552116,  -0.0005338265167,                 0,                 0,                 0,   7.547298419e-05,    0.002909552116,  -0.0005338265167,                 0,     -0.1834737772
          0,           0,         683,      -9.074932827,       -7.52938357,       -8.71710646,      -11.36504997,                 1,    0.002909175199,  -0.0005344946842,                 0,                 0,                 0,   7.507065382e-05,    0.002909175199,  -0.0005344946842,                 0,     -0.1837272243
          0,           0,         684,      -9.077893821,      -7.532446987,      -8.719963109,      -11.36840874,                 1,    0.002908801045,  -0.0005351588696,                 0,                 0,                 0,   7.467027415e-05,    0.002908801045,  -0.0005351588696,                 0,     -0.1839791933
          0,           0,         685,       -9.08085588,      -7.535511156,      -8.722820988,      -11.37176822,                 1,    0.002908429634,  -0.0005358190939,                 0,                 0,                 0,   7.427183866e-05,    0.002908429634,  -0.0005358190939,                 0,     -0.1842296914
          0,           0,         686,      -9.083819002,      -7.538576075,      -8.725680092,      -11.37512841,                 1,    0.002908060946,   -0.000536475378,                 0,                 0,                 0,   7.387534086e-05,    0.002908060946,   -0.000536475378,                 0,     -0.1844787259
          0,           0,         687,      -9.086783184,      -7.541641745,      -8.728540419,      -11.37848932,                 1,    0.002907694963,  -0.0005371277428,                 0,                 0,                 0,   7.348077421e-05,    0.002907694963,  -0.0005371277428,                 0,     -0.1847263037
          0,           0,         688,      -9.089748424,      -7.544708165,      -8.731401966,      -11.38185094,                 1,    0.002907331664,  -0.0005377762088,                 0,                 0,                 0,    7.30881322e-05,    0.002907331664,  -0.0005377762088,                 0,     -0.1849724321
          0,           0,         689,      -9.092714721,      -7.547775334,      -8.734264731,      -11.38521327,                 1,    0.002906971031,  -0.0005384207968,                 0,                 0,                 0,   7.269740829e-05,    0.002906971031,  -0.0005384207968,                 0,     -0.1852171181
          0,           0,         690,      -9.095682073,      -7.550843253,      -8.737128711,      -11.38857631,                 1,    0.002906613045,  -0.0005390615274,                 0,                 0,                 0,   7.230859595e-05,    0.002906613045,  -0.0005390615274,                 0,     -0.1854603689
          0,           0,         691,      -9.098650477,      -7.553911921,      -8.739993903,      -11.39194006,                 1,    0.002906257686,   -0.000539698421,                 0,                 0,                 0,   7.192168862e-05,    0.002906257686,   -0.000539698421,                 0,     -0.1857021914
          0,           0,         692,      -9.101619932,      -7.556981338,      -8.742860305,      -11.39530451,                 1,    0.002905904936,   -0.000540331498,                 0,                 0,                 0,   7.153667977e-05,    0.002905904936,   -0.000540331498,                 0,     -0.1859425927
          0,           0,         693,      -9.104590436,      -7.560051503,      -8.745727914,      -11.39866967,                 1,    0.002905554776,  -0.0005409607787,                 0,                 0,                 0,   7.115356283e-05,    0.002905554776,  -0.0005409607787,                 0,     -0.1861815799
          0,           0,         694,      -9.107561988,      -7.563122416,      -8.748596729,      -11.40203553,                 1,    0.002905207188,  -0.0005415862834,                 0,                 0,                 0,   7.077233125e-05,    0.002905207188,  -0.0005415862834,                 0,     -0.1864191599
          0,           0,         695,      -9.110534585,      -7.566194077,      -8.751466747,       -11.4054021,                 1,    0.002904862153,  -0.0005422080322,                 0,                 0,                 0,   7.039297847e-05,    0.002904862153,  -0.0005422080322,                 0,     -0.1866553398
          0,           0,         696,      -9.113508225,      -7.569266486,      -8.754337966,      -11.40876936,                 1,    0.002904519653,   -0.000542826045,                 0,                 0,                 0,   7.001549793e-05,    0.002904519653,   -0.000542826045,                 0,     -0.1868901264
          0,           0,         697,      -9.116482908,      -7.572339641,      -8.757210384,      -11.41213732,                 1,    0.002904179669,   -0.000543440342,                 0,                 0,                 0,   6.963988305e-05,    0.002904179669,   -0.000543440342,                 0,     -0.1871235267
          0,           0,         698,      -9.119458632,      -7.575413543,      -8.760083998,      -11.41550598,                 1,    0.002903842184,   -0.000544050943,                 0,                 0,                 0,   6.926612726e-05,    0.002903842184,   -0.000544050943,                 0,     -0.1873555477
          0,           0,         699,      -9.122435393,      -7.578488192,      -8.762958806,      -11.41887534,                 1,    0.002903507181,  -0.0005446578677,                 0,                 0,                 0,   6.889422399e-05,    0.002903507181,  -0.0005446578677,                 0,     -0.1875861962
          0,           0,         700,      -9.125413192,      -7.581563586,      -8.765834807,      -11.42224539,                 1,     0.00290317464,  -0.0005452611359,                 0,                 0,                 0,   6.852416667e-05,     0.00290317464,  -0.0005452611359,                 0,     -0.1878154791
          0,           0,         701,      -9.128392025,      -7.584639727,      -8.768711998,      -11.42561613,                 1,    0.002902844544,  -0.0005458607672,                 0,                 0,                 0,   6.815594871e-05,    0.002902844544,  -0.0005458607672,                 0,     -0.1880434033
          0,           0,         702,      -9.131371892,      -7.587716613,      -8.771590377,      -11.42898756,                 1,    0.002902516877,  -0.0005464567813,                 0,                 0,                 0,   6.778956355e-05,    0.002902516877,  -0.0005464567813,                 0,     -0.1882699755
          0,           0,         703,       -9.13435279,      -7.590794244,      -8.774469942,      -11.43235969,                 1,     0.00290219162,  -0.0005470491974,                 0,                 0,                 0,   6.742500458e-05,     0.00290219162,  -0.0005470491974,                 0,     -0.1884952026
          0,           0,         704,      -9.137334719,      -7.593872619,      -8.777350691,       -11.4357325,                 1,    0.002901868756,  -0.0005476380351,                 0,                 0,                 0,   6.706226524e-05,    0.002901868756,  -0.0005476380351,                 0,     -0.1887190915
          0,           0,         705,      -9.140317674,      -7.596951739,      -8.780232622,      -11.43910599,                 1,    0.002901548268,  -0.0005482233136,                 0,                 0,                 0,   6.670133894e-05,    0.002901548268,  -0.0005482233136,                 0,     -0.1889416487
          0,           0,         706,      -9.143301657,      -7.600031604,      -8.783115732,      -11.44248016,                 1,    0.002901230139,  -0.0005488050522,                 0,                 0,                 0,   6.634221909e-05,    0.002901230139,  -0.0005488050522,                 0,     -0.1891628812
          0,           0,         707,      -9.146286663,      -7.603112212,       -8.78600002,        -11.445855,                 1,    0.002900914352,  -0.0005493832699,                 0,                 0,                 0,   6.598489912e-05,    0.002900914352,  -0.0005493832699,                 0,     -0.1893827957
          0,           0,         708,      -9.149272693,      -7.606193563,      -8.788885483,       -11.4492305,                 1,     0.00290060089,  -0.0005499579858,                 0,                 0,                 0,   6.562937244e-05,     0.00290060089,  -0.0005499579858,                 0,     -0.1896013987
          0,           0,         709,      -9.152259743,      -7.609275657,      -8.791772119,      -11.45260666,                 1,    0.002900289737,   -0.000550529219,                 0,                 0,                 0,   6.527563246e-05,    0.002900289737,   -0.000550529219,                 0,     -0.1898186971
          0,           0,         710,      -9.155247813,      -7.612358495,      -8.794659926,      -11.45598349,                 1,    0.002899980876,  -0.0005510969882,                 0,                 0,                 0,    6.49236726e-05,    0.002899980876,  -0.0005510969882,                 0,     -0.1900346974
          0,           0,         711,        -9.1582369,      -7.615442074,      -8.797548902,      -11.45936099,                 1,     0.00289967429,  -0.0005516613123,                 0,                 0,                 0,   6.457348629e-05,     0.00289967429,  -0.0005516613123,                 0,     -0.1902494064
          0,           0,         712,      -9.161227003,      -7.618526396,      -8.800439045,      -11.46273917,                 1,    0.002899369963,    -0.00055222221,                 0,                 0,                 0,   6.422506694e-05,    0.002899369963,    -0.00055222221,                 0,     -0.1904628306
          0,           0,         713,       -9.16421812,      -7.621611459,      -8.803330353,      -11.46611804,                 1,    0.002899067879,  -0.0005527796999,                 0,                 0,                 0,   6.387840797e-05,    0.002899067879,  -0.0005527796999,                 0,     -0.1906749766
          0,           0,         714,      -9.167210249,      -7.624697264,      -8.806222823,      -11.46949761,                 1,    0.002898768022,  -0.0005533338007,                 0,                 0,                 0,   6.353350281e-05,    0.002898768022,  -0.0005533338007,                 0,      -0.190885851
          0,           0,         715,      -9.170203388,       -7.62778381,      -8.809116453,      -11.47287789,                 1,    0.002898470376,  -0.0005538845307,                 0,                 0,                 0,   6.319034488e-05,    0.002898470376,  -0.0005538845307,                 0,     -0.1910954603
          0,           0,         716,      -9.173197536,      -7.630871097,      -8.812011242,      -11.47625888,                 1,    0.002898174925,  -0.0005544319084,                 0,                 0,                 0,   6.284892761e-05,    0.002898174925,  -0.0005544319084,                 0,     -0.1913038111
          0,           0,         717,       -9.17619269,      -7.633959124,      -8.814907187,      -11.47964057,                 1,    0.002897881652,   -0.000554975952,                 0,                 0,                 0,   6.250924443e-05,    0.002897881652,   -0.000554975952,                 0,     -0.1915109099
          0,           0,         718,      -9.179188849,      -7.637047891,      -8.817804286,      -11.48302296,                 1,    0.002897590544,  -0.0005555166799,                 0,                 0,                 0,   6.217128877e-05,    0.002897590544,  -0.0005555166799,                 0,     -0.1917167631
          0,           0,         719,      -9.182186011,      -7.640137398,      -8.820702537,      -11.48640604,                 1,    0.002897301583,  -0.0005560541102,                 0,                 0,                 0,   6.183505408e-05,    0.002897301583,  -0.0005560541102,                 0,     -0.1919213773
          0,           0,         720,      -9.185184175,      -7.643227645,      -8.823601938,      -11.48978981,                 1,    0.002897014754,  -0.0005565882609,                 0,                 0,                 0,   6.150053377e-05,    0.002897014754,  -0.0005565882609,                 0,     -0.1921247588
          0,           0,         721,      -9.188183338,       -7.64631863,      -8.826502487,      -11.49317426,                 1,    0.002896730043,    -0.00055711915,                 0,                 0,                 0,   6.116772131e-05,    0.002896730043,    -0.00055711915,                 0,      -0.192326914
          0,           0,         722,        -9.1911835,      -7.649410355,      -8.829404181,      -11.49655938,                 1,    0.002896447433,  -0.0005576467954,                 0,                 0,                 0,   6.083661014e-05,    0.002896447433,  -0.0005576467954,                 0,     -0.1925278495
          0,           0,         723,      -9.194184657,      -7.652502817,      -8.832307019,      -11.49994517,                 1,     0.00289616691,  -0.0005581712151,                 0,                 0,                 0,    6.05071937e-05,     0.00289616691,  -0.0005581712151,                 0,     -0.1927275714
          0,           0,         724,       -9.19718681,      -7.655596018,      -8.835210998,      -11.50333163,                 1,    0.002895888459,  -0.0005586924266,                 0,                 0,                 0,   6.017946545e-05,    0.002895888459,  -0.0005586924266,                 0,     -0.1929260862
          0,           0,         725,      -9.200189955,      -7.658689957,      -8.838116117,      -11.50671875,                 1,    0.002895612065,  -0.0005592104478,                 0,                 0,                 0,   5.985341886e-05,    0.002895612065,  -0.0005592104478,                 0,     -0.1931234003
          0,           0,         726,      -9.203194092,      -7.661784633,      -8.841022374,      -11.51010653,                 1,    0.002895337712,  -0.0005597252962,                 0,                 0,                 0,   5.952904737e-05,    0.002895337712,  -0.0005597252962,                 0,     -0.1933195198
          0,           0,         727,      -9.206199219,      -7.664880046,      -8.843929765,      -11.51349498,                 1,    0.002895065387,  -0.0005602369892,                 0,                 0,                 0,   5.920634448e-05,    0.002895065387,  -0.0005602369892,                 0,     -0.1935144511
          0,           0,         728,      -9.209205333,      -7.667976196,       -8.84683829,      -11.51688408,                 1,    0.002894795074,  -0.0005607455444,                 0,                 0,                 0,   5.888530364e-05,    0.002894795074,  -0.0005607455444,                 0,     -0.1937082004
          0,           0,         729,      -9.212212434,      -7.671073082,      -8.849747946,      -11.52027384,                 1,     0.00289452676,  -0.0005612509791,                 0,                 0,                 0,   5.856591834e-05,     0.00289452676,  -0.0005612509791,                 0,      -0.193900774
          0,           0,         730,       -9.21522052,      -7.674170704,      -8.852658732,      -11.52366425,                 1,    0.002894260429,  -0.0005617533105,                 0,                 0,                 0,   5.824818207e-05,    0.002894260429,  -0.0005617533105,                 0,     -0.1940921781
          0,           0,         731,      -9.218229588,      -7.677269063,      -8.855570644,      -11.52705533,                 1,    0.002893996068,   -0.000562252556,                 0,                 0,                 0,   5.793208833e-05,    0.002893996068,   -0.000562252556,                 0,     -0.1942824188
          0,           0,         732,      -9.221239638,      -7.680368156,      -8.858483682,      -11.53044705,                 1,    0.002893733661,  -0.0005627487325,                 0,                 0,                 0,    5.76176306e-05,    0.002893733661,  -0.0005627487325,                 0,     -0.1944715023
          0,           0,         733,      -9.224250667,      -7.683467985,      -8.861397842,      -11.53383943,                 1,    0.002893473196,  -0.0005632418571,                 0,                 0,                 0,    5.73048024e-05,    0.002893473196,  -0.0005632418571,                 0,     -0.1946594348
          0,           0,         734,      -9.227262675,      -7.686568549,      -8.864313124,      -11.53723246,                 1,    0.002893214658,  -0.0005637319468,                 0,                 0,                 0,   5.699359724e-05,    0.002893214658,  -0.0005637319468,                 0,     -0.1948462224
          0,           0,         735,      -9.230275659,      -7.689669847,      -8.867229525,      -11.54062614,                 1,    0.002892958034,  -0.0005642190185,                 0,                 0,                 0,   5.668400864e-05,    0.002892958034,  -0.0005642190185,                 0,     -0.1950318712
          0,           0,         736,      -9.233289617,      -7.692771879,      -8.870147043,      -11.54402047,                 1,    0.002892703308,  -0.0005647030889,                 0,                 0,                 0,   5.637603012e-05,    0.002892703308,  -0.0005647030889,                 0,     -0.1952163872
          0,           0,         737,      -9.236304549,      -7.695874645,      -8.873065677,      -11.54741545,                 1,    0.002892450468,  -0.0005651841749,                 0,                 0,                 0,   5.606965523e-05,    0.002892450468,  -0.0005651841749,                 0,     -0.1953997764
          0,           0,         738,      -9.239320452,      -7.698978145,      -8.875985423,      -11.55081108,                 1,    0.002892199501,   -0.000565662293,                 0,                 0,                 0,    5.57648775e-05,    0.002892199501,   -0.000565662293,                 0,      -0.195582045
          0,           0,         739,      -9.242337325,      -7.702082378,      -8.878906281,      -11.55420735,                 1,    0.002891950392,  -0.0005661374599,                 0,                 0,                 0,   5.546169047e-05,    0.002891950392,  -0.0005661374599,                 0,      -0.195763199
          0,           0,         740,      -9.245355166,      -7.705187343,      -8.881828248,      -11.55760427,                 1,    0.002891703128,   -0.000566609692,                 0,                 0,                 0,   5.516008772e-05,    0.002891703128,   -0.000566609692,                 0,     -0.1959432442
          0,           0,         741,      -9.248373974,      -7.708293041,      -8.884751322,      -11.56100184,                 1,    0.002891457695,  -0.0005670790057,                 0,                 0,                 0,   5.486006281e-05,    0.002891457695,  -0.0005670790057,                 0,     -0.1961221866
          0,           0,         742,      -9.251393747,      -7.711399472,      -8.887675502,      -11.56440004,                 1,    0.002891214082,  -0.0005675454175,                 0,                 0,                 0,    5.45616093e-05,    0.002891214082,  -0.0005675454175,                 0,     -0.1963000323
          0,           0,         743,      -9.254414483,      -7.714506634,      -8.890600785,       -11.5677989,                 1,    0.002890972273,  -0.0005680089435,                 0,                 0,                 0,   5.426472079e-05,    0.002890972273,  -0.0005680089435,                 0,      -0.196476787
          0,           0,         744,      -9.257436181,      -7.717614528,       -8.89352717,      -11.57119839,                 1,    0.002890732257,     -0.0005684696,                 0,                 0,                 0,   5.396939087e-05,    0.002890732257,     -0.0005684696,                 0,     -0.1966524567
          0,           0,         745,       -9.26045884,      -7.720723153,      -8.896454654,      -11.57459852,                 1,    0.002890494021,  -0.0005689274031,                 0,                 0,                 0,   5.367561313e-05,    0.002890494021,  -0.0005689274031,                 0,     -0.1968270472
          0,           0,         746,      -9.263482457,      -7.723832509,      -8.899383235,      -11.57799929,                 1,    0.002890257551,  -0.0005693823688,                 0,                 0,                 0,   5.338338119e-05,    0.002890257551,  -0.0005693823688,                 0,     -0.1970005644
          0,           0,         747,      -9.266507031,      -7.726942595,      -8.902312913,       -11.5814007,                 1,    0.002890022834,  -0.0005698345131,                 0,                 0,                 0,   5.309268866e-05,    0.002890022834,  -0.0005698345131,                 0,     -0.1971730141
          0,           0,         748,      -9.269532562,      -7.730053412,      -8.905243684,      -11.58480275,                 1,    0.002889789859,  -0.0005702838519,                 0,                 0,                 0,   5.280352918e-05,    0.002889789859,  -0.0005702838519,                 0,     -0.1973444021
          0,           0,         749,      -9.272559046,      -7.733164959,      -8.908175548,      -11.58820543,                 1,    0.002889558612,  -0.0005707304009,                 0,                 0,                 0,   5.251589638e-05,    0.002889558612,  -0.0005707304009,                 0,     -0.1975147341
          0,           0,         750,      -9.275586482,      -7.736277235,      -8.911108501,      -11.59160875,                 1,    0.002889329082,  -0.0005711741761,                 0,                 0,                 0,   5.222978392e-05,    0.002889329082,  -0.0005711741761,                 0,     -0.1976840159
          0,           0,         751,       -9.27861487,      -7.739390241,      -8.914042543,       -11.5950127,                 1,    0.002889101254,  -0.0005716151929,                 0,                 0,                 0,   5.194518545e-05,    0.002889101254,  -0.0005716151929,                 0,     -0.1978522532
          0,           0,         752,      -9.281644207,      -7.742503975,      -8.916977671,      -11.59841728,                 1,    0.002888875118,   -0.000572053467,                 0,                 0,                 0,   5.166209464e-05,    0.002888875118,   -0.000572053467,                 0,     -0.1980194517
          0,           0,         753,      -9.284674492,      -7.745618439,      -8.919913883,       -11.6018225,                 1,    0.002888650661,   -0.000572489014,                 0,                 0,                 0,   5.138050517e-05,    0.002888650661,   -0.000572489014,                 0,     -0.1981856171
          0,           0,         754,      -9.287705723,       -7.74873363,      -8.922851178,      -11.60522834,                 1,    0.002888427871,  -0.0005729218492,                 0,                 0,                 0,   5.110041073e-05,    0.002888427871,  -0.0005729218492,                 0,     -0.1983507551
          0,           0,         755,      -9.290737899,       -7.75184955,      -8.925789554,      -11.60863482,                 1,    0.002888206735,  -0.0005733519881,                 0,                 0,                 0,   5.082180502e-05,    0.002888206735,  -0.0005733519881,                 0,     -0.1985148712
          0,           0,         756,      -9.293771019,      -7.754966197,      -8.928729009,      -11.61204192,                 1,    0.002887987242,  -0.0005737794459,                 0,                 0,                 0,   5.054468176e-05,    0.002887987242,  -0.0005737794459,                 0,     -0.1986779711
          0,           0,         757,       -9.29680508,      -7.758083572,       -8.93166954,      -11.61544965,                 1,     0.00288776938,  -0.0005742042378,                 0,                 0,                 0,   5.026903467e-05,     0.00288776938,  -0.0005742042378,                 0,     -0.1988400604
          0,           0,         758,      -9.299840082,      -7.761201674,      -8.934611147,      -11.61885801,                 1,    0.002887553137,  -0.0005746263791,                 0,                 0,                 0,   4.999485747e-05,    0.002887553137,  -0.0005746263791,                 0,     -0.1990011445
          0,           0,         759,      -9.302876022,      -7.764320502,      -8.937553828,      -11.62226699,                 1,    0.002887338501,  -0.0005750458848,                 0,                 0,                 0,   4.972214393e-05,    0.002887338501,  -0.0005750458848,                 0,     -0.1991612291
          0,           0,         760,        -9.3059129,      -7.767440058,       -8.94049758,       -11.6256766,                 1,    0.002887125461,  -0.0005754627698,                 0,                 0,                 0,   4.945088779e-05,    0.002887125461,  -0.0005754627698,                 0,     -0.1993203197
          0,           0,         761,      -9.308950714,      -7.770560339,      -8.943442402,      -11.62908683,                 1,    0.002886914004,  -0.0005758770493,                 0,                 0,                 0,   4.918108283e-05,    0.002886914004,  -0.0005758770493,                 0,     -0.1994784217
          0,           0,         762,      -9.311989463,      -7.773681346,      -8.946388292,      -11.63249768,                 1,     0.00288670412,  -0.0005762887379,                 0,                 0,                 0,   4.891272282e-05,     0.00288670412,  -0.0005762887379,                 0,     -0.1996355407
          0,           0,         763,      -9.315029144,      -7.776803078,      -8.949335248,      -11.63590915,                 1,    0.002886495798,  -0.0005766978505,                 0,                 0,                 0,   4.864580157e-05,    0.002886495798,  -0.0005766978505,                 0,      -0.199791682
          0,           0,         764,      -9.318069757,      -7.779925536,      -8.952283268,      -11.63932124,                 1,    0.002886289025,  -0.0005771044018,                 0,                 0,                 0,   4.838031287e-05,    0.002886289025,  -0.0005771044018,                 0,      -0.199946851
          0,           0,         765,      -9.321111301,      -7.783048718,      -8.955232352,      -11.64273395,                 1,    0.002886083791,  -0.0005775084064,                 0,                 0,                 0,   4.811625054e-05,    0.002886083791,  -0.0005775084064,                 0,     -0.2001010533
          0,           0,         766,      -9.324153773,      -7.786172625,      -8.958182496,      -11.64614728,                 1,    0.002885880084,   -0.000577909879,                 0,                 0,                 0,   4.785360841e-05,    0.002885880084,   -0.000577909879,                 0,     -0.2002542941
          0,           0,         767,      -9.327197172,      -7.789297257,        -8.9611337,      -11.64956122,                 1,    0.002885677893,   -0.000578308834,                 0,                 0,                 0,   4.759238033e-05,    0.002885677893,   -0.000578308834,                 0,     -0.2004065788
          0,           0,         768,      -9.330241497,      -7.792422612,      -8.964085961,      -11.65297578,                 1,    0.002885477208,  -0.0005787052859,                 0,                 0,                 0,   4.733256016e-05,    0.002885477208,  -0.0005787052859,                 0,     -0.2005579127
          0,           0,         769,      -9.333286747,      -7.795548691,      -8.967039278,      -11.65639095,                 1,    0.002885278017,  -0.0005790992491,                 0,                 0,                 0,   4.707414175e-05,    0.002885278017,  -0.0005790992491,                 0,     -0.2007083011
          0,           0,         770,      -9.336332919,      -7.798675493,      -8.969993649,      -11.65980674,                 1,    0.002885080309,  -0.0005794907377,                 0,                 0,                 0,   4.681711899e-05,    0.002885080309,  -0.0005794907377,                 0,     -0.2008577494
          0,           0,         771,      -9.339380014,      -7.801803018,      -8.972949072,      -11.66322314,                 1,    0.002884884074,  -0.0005798797662,                 0,                 0,                 0,   4.656148578e-05,    0.002884884074,  -0.0005798797662,                 0,     -0.2010062627
          0,           0,         772,      -9.342428028,      -7.804931266,      -8.975905546,      -11.66664015,                 1,    0.002884689302,  -0.0005802663485,                 0,                 0,                 0,   4.630723602e-05,    0.002884689302,  -0.0005802663485,                 0,     -0.2011538463
          0,           0,         773,      -9.345476961,      -7.808060237,      -8.978863069,      -11.67005777,                 1,     0.00288449598,  -0.0005806504988,                 0,                 0,                 0,   4.605436364e-05,     0.00288449598,  -0.0005806504988,                 0,     -0.2013005055
          0,           0,         774,      -9.348526812,      -7.811189929,      -8.981821639,        -11.673476,                 1,    0.002884304099,  -0.0005810322311,                 0,                 0,                 0,   4.580286256e-05,    0.002884304099,  -0.0005810322311,                 0,     -0.2014462453
          0,           0,         775,      -9.351577579,      -7.814320343,      -8.984781254,      -11.67689484,                 1,    0.002884113649,  -0.0005814115593,                 0,                 0,                 0,   4.555272674e-05,    0.002884113649,  -0.0005814115593,                 0,      -0.201591071
          0,           0,         776,      -9.354629261,      -7.817451479,      -8.987741913,      -11.68031428,                 1,    0.002883924619,  -0.0005817884974,                 0,                 0,                 0,   4.530395014e-05,    0.002883924619,  -0.0005817884974,                 0,     -0.2017349877
          0,           0,         777,      -9.357681856,      -7.820583335,      -8.990703615,      -11.68373434,                 1,    0.002883736998,  -0.0005821630591,                 0,                 0,                 0,   4.505652673e-05,    0.002883736998,  -0.0005821630591,                 0,     -0.2018780005
          0,           0,         778,      -9.360735363,      -7.823715913,      -8.993666357,      -11.68715499,                 1,    0.002883550776,  -0.0005825352581,                 0,                 0,                 0,    4.48104505e-05,    0.002883550776,  -0.0005825352581,                 0,     -0.2020201146
          0,           0,         779,       -9.36378978,      -7.826849211,      -8.996630138,      -11.69057625,                 1,    0.002883365944,  -0.0005829051082,                 0,                 0,                 0,   4.456571546e-05,    0.002883365944,  -0.0005829051082,                 0,     -0.2021613349
          0,           0,         780,      -9.366845107,       -7.82998323,      -8.999594956,      -11.69399812,                 1,     0.00288318249,   -0.000583272623,                 0,                 0,                 0,   4.432231562e-05,     0.00288318249,   -0.000583272623,                 0,     -0.2023016666
          0,           0,         781,      -9.369901342,      -7.833117968,      -9.002560809,      -11.69742058,                 1,    0.002883000406,  -0.0005836378158,                 0,                 0,                 0,   4.408024501e-05,    0.002883000406,  -0.0005836378158,                 0,     -0.2024411147
          0,           0,         782,      -9.372958483,      -7.836253426,      -9.005527697,      -11.70084365,                 1,    0.002882819681,  -0.0005840007004,                 0,                 0,                 0,   4.383949769e-05,    0.002882819681,  -0.0005840007004,                 0,     -0.2025796842
          0,           0,         783,       -9.37601653,      -7.839389603,      -9.008495617,      -11.70426732,                 1,    0.002882640304,  -0.0005843612899,                 0,                 0,                 0,    4.36000677e-05,    0.002882640304,  -0.0005843612899,                 0,       -0.20271738
          0,           0,         784,      -9.379075481,      -7.842526499,      -9.011464567,      -11.70769159,                 1,    0.002882462267,  -0.0005847195978,                 0,                 0,                 0,   4.336194913e-05,    0.002882462267,  -0.0005847195978,                 0,     -0.2028542071
          0,           0,         785,      -9.382135334,      -7.845664114,      -9.014434547,      -11.71111645,                 1,     0.00288228556,  -0.0005850756373,                 0,                 0,                 0,   4.312513607e-05,     0.00288228556,  -0.0005850756373,                 0,     -0.2029901705
          0,           0,         786,      -9.385196089,      -7.848802447,      -9.017405554,      -11.71454191,                 1,    0.002882110172,  -0.0005854294217,                 0,                 0,                 0,   4.288962262e-05,    0.002882110172,  -0.0005854294217,                 0,     -0.2031252751
          0,           0,         787,      -9.388257744,      -7.851941499,      -9.020377586,      -11.71796797,                 1,    0.002881936095,   -0.000585780964,                 0,                 0,                 0,   4.265540289e-05,    0.002881936095,   -0.000585780964,                 0,     -0.2032595258
          0,           0,         788,      -9.391320297,      -7.855081268,      -9.023350644,      -11.72139463,                 1,    0.002881763318,  -0.0005861302773,                 0,                 0,                 0,   4.242247103e-05,    0.002881763318,  -0.0005861302773,                 0,     -0.2033929274
          0,           0,         789,      -9.394383748,      -7.858221755,      -9.026324723,      -11.72482187,                 1,    0.002881591833,  -0.0005864773747,                 0,                 0,                 0,   4.219082118e-05,    0.002881591833,  -0.0005864773747,                 0,     -0.2035254848
          0,           0,         790,      -9.397448095,      -7.861362959,      -9.029299824,      -11.72824972,                 1,    0.002881421629,  -0.0005868222689,                 0,                 0,                 0,    4.19604475e-05,    0.002881421629,  -0.0005868222689,                 0,     -0.2036572028
          0,           0,         791,      -9.400513338,      -7.864504879,      -9.032275945,      -11.73167815,                 1,    0.002881252697,   -0.000587164973,                 0,                 0,                 0,   4.173134419e-05,    0.002881252697,   -0.000587164973,                 0,     -0.2037880862
          0,           0,         792,      -9.403579474,      -7.867647517,      -9.035253083,      -11.73510718,                 1,    0.002881085029,  -0.0005875054998,                 0,                 0,                 0,   4.150350542e-05,    0.002881085029,  -0.0005875054998,                 0,     -0.2039181398
          0,           0,         793,      -9.406646502,      -7.870790871,      -9.038231238,      -11.73853679,                 1,    0.002880918615,  -0.0005878438618,                 0,                 0,                 0,   4.127692542e-05,    0.002880918615,  -0.0005878438618,                 0,     -0.2040473684
          0,           0,         794,      -9.409714421,       -7.87393494,      -9.041210408,        -11.741967,                 1,    0.002880753445,  -0.0005881800719,                 0,                 0,                 0,    4.10515984e-05,    0.002880753445,  -0.0005881800719,                 0,     -0.2041757766
          0,           0,         795,      -9.412783231,      -7.877079726,      -9.044190592,      -11.74539779,                 1,    0.002880589511,  -0.0005885141427,                 0,                 0,                 0,   4.082751861e-05,    0.002880589511,  -0.0005885141427,                 0,     -0.2043033693
          0,           0,         796,      -9.415852929,      -7.880225226,      -9.047171787,      -11.74882917,                 1,    0.002880426804,  -0.0005888460866,                 0,                 0,                 0,    4.06046803e-05,    0.002880426804,  -0.0005888460866,                 0,     -0.2044301511
          0,           0,         797,      -9.418923514,      -7.883371442,      -9.050153992,      -11.75226114,                 1,    0.002880265314,  -0.0005891759162,                 0,                 0,                 0,   4.038307775e-05,    0.002880265314,  -0.0005891759162,                 0,     -0.2045561266
          0,           0,         798,      -9.421994985,      -7.886518373,      -9.053137207,       -11.7556937,                 1,    0.002880105033,  -0.0005895036438,                 0,                 0,                 0,   4.016270525e-05,    0.002880105033,  -0.0005895036438,                 0,     -0.2046813005
          0,           0,         799,      -9.425067342,      -7.889666018,      -9.056121428,      -11.75912684,                 1,    0.002879945952,  -0.0005898292819,                 0,                 0,                 0,    3.99435571e-05,    0.002879945952,  -0.0005898292819,                 0,     -0.2048056775
          0,           0,         800,      -9.428140582,      -7.892814378,      -9.059106656,      -11.76256056,                 1,    0.002879788063,  -0.0005901528427,                 0,                 0,                 0,   3.972562762e-05,    0.002879788063,  -0.0005901528427,                 0,     -0.2049292621
          0,           0,         801,      -9.431214705,      -7.895963451,      -9.062092888,      -11.76599486,                 1,    0.002879631355,  -0.0005904743385,                 0,                 0,                 0,   3.950891114e-05,    0.002879631355,  -0.0005904743385,                 0,      -0.205052059
          0,           0,         802,      -9.434289709,      -7.899113238,      -9.065080122,      -11.76942975,                 1,    0.002879475822,  -0.0005907937814,                 0,                 0,                 0,   3.929340202e-05,    0.002879475822,  -0.0005907937814,                 0,     -0.2051740726
          0,           0,         803,      -9.437365593,      -7.902263738,      -9.068068358,      -11.77286522,                 1,    0.002879321454,  -0.0005911111834,                 0,                 0,                 0,   3.907909463e-05,    0.002879321454,  -0.0005911111834,                 0,     -0.2052953076
          0,           0,         804,      -9.440442356,      -7.905414951,      -9.071057594,      -11.77630127,                 1,    0.002879168242,  -0.0005914265567,                 0,                 0,                 0,   3.886598334e-05,    0.002879168242,  -0.0005914265567,                 0,     -0.2054157684
          0,           0,         805,      -9.443519997,      -7.908566877,      -9.074047828,       -11.7797379,                 1,    0.002879016179,  -0.0005917399133,                 0,                 0,                 0,   3.865406257e-05,    0.002879016179,  -0.0005917399133,                 0,     -0.2055354595
          0,           0,         806,      -9.446598514,      -7.911719516,      -9.077039059,      -11.78317511,                 1,    0.002878865256,  -0.0005920512649,                 0,                 0,                 0,   3.844332673e-05,    0.002878865256,  -0.0005920512649,                 0,     -0.2056543854
          0,           0,         807,      -9.449677906,      -7.914872866,      -9.080031286,      -11.78661289,                 1,    0.002878715464,  -0.0005923606236,                 0,                 0,                 0,   3.823377024e-05,    0.002878715464,  -0.0005923606236,                 0,     -0.2057725507
          0,           0,         808,      -9.452758173,      -7.918026928,      -9.083024507,      -11.79005125,                 1,    0.002878566795,  -0.0005926680011,                 0,                 0,                 0,   3.802538757e-05,    0.002878566795,  -0.0005926680011,                 0,     -0.2058899596
          0,           0,         809,      -9.455839312,      -7.921181702,       -9.08601872,      -11.79349019,                 1,    0.002878419242,   -0.000592973409,                 0,                 0,                 0,   3.781817317e-05,    0.002878419242,   -0.000592973409,                 0,     -0.2060066166
          0,           0,         810,      -9.458921324,      -7.924337187,      -9.089013924,       -11.7969297,                 1,    0.002878272795,  -0.0005932768591,                 0,                 0,                 0,   3.761212154e-05,    0.002878272795,  -0.0005932768591,                 0,      -0.206122526
          0,           0,         811,      -9.462004206,      -7.927493384,      -9.092010119,      -11.80036979,                 1,    0.002878127447,   -0.000593578363,                 0,                 0,                 0,   3.740722716e-05,    0.002878127447,   -0.000593578363,                 0,     -0.2062376924
          0,           0,         812,      -9.465087958,       -7.93065029,      -9.095007301,      -11.80381045,                 1,     0.00287798319,  -0.0005938779323,                 0,                 0,                 0,   3.720348455e-05,     0.00287798319,  -0.0005938779323,                 0,     -0.2063521199
          0,           0,         813,      -9.468172578,      -7.933807908,      -9.098005471,      -11.80725168,                 1,    0.002877840015,  -0.0005941755784,                 0,                 0,                 0,   3.700088825e-05,    0.002877840015,  -0.0005941755784,                 0,      -0.206465813
          0,           0,         814,      -9.471258065,      -7.936966235,      -9.101004626,      -11.81069348,                 1,    0.002877697915,  -0.0005944713127,                 0,                 0,                 0,   3.679943281e-05,    0.002877697915,  -0.0005944713127,                 0,     -0.2065787759
          0,           0,         815,      -9.474344418,      -7.940125272,      -9.104004765,      -11.81413586,                 1,    0.002877556882,  -0.0005947651466,                 0,                 0,                 0,   3.659911278e-05,    0.002877556882,  -0.0005947651466,                 0,     -0.2066910129
          0,           0,         816,      -9.477431636,      -7.943285018,      -9.107005886,       -11.8175788,                 1,    0.002877416909,  -0.0005950570915,                 0,                 0,                 0,   3.639992277e-05,    0.002877416909,  -0.0005950570915,                 0,     -0.2068025282
          0,           0,         817,      -9.480519718,      -7.946445474,      -9.110007989,      -11.82102231,                 1,    0.002877277986,  -0.0005953471585,                 0,                 0,                 0,   3.620185735e-05,    0.002877277986,  -0.0005953471585,                 0,     -0.2069133262
          0,           0,         818,      -9.483608662,      -7.949606639,      -9.113011073,      -11.82446639,                 1,    0.002877140107,  -0.0005956353589,                 0,                 0,                 0,   3.600491116e-05,    0.002877140107,  -0.0005956353589,                 0,      -0.207023411
          0,           0,         819,      -9.486698469,      -7.952768512,      -9.116015134,      -11.82791103,                 1,    0.002877003264,  -0.0005959217038,                 0,                 0,                 0,   3.580907882e-05,    0.002877003264,  -0.0005959217038,                 0,     -0.2071327868
          0,           0,         820,      -9.489789135,      -7.955931094,      -9.119020173,      -11.83135625,                 1,    0.002876867449,  -0.0005962062042,                 0,                 0,                 0,   3.561435498e-05,    0.002876867449,  -0.0005962062042,                 0,     -0.2072414578
          0,           0,         821,      -9.492880661,      -7.959094384,      -9.122026188,      -11.83480202,                 1,    0.002876732656,  -0.0005964888713,                 0,                 0,                 0,   3.542073432e-05,    0.002876732656,  -0.0005964888713,                 0,     -0.2073494282
          0,           0,         822,      -9.495973045,      -7.962258381,      -9.125033177,      -11.83824836,                 1,    0.002876598875,  -0.0005967697158,                 0,                 0,                 0,   3.522821151e-05,    0.002876598875,  -0.0005967697158,                 0,     -0.2074567021
          0,           0,         823,      -9.499066287,      -7.965423086,      -9.128041139,      -11.84169527,                 1,      0.0028764661,  -0.0005970487488,                 0,                 0,                 0,   3.503678126e-05,      0.0028764661,  -0.0005970487488,                 0,     -0.2075632836
          0,           0,         824,      -9.502160384,      -7.968588498,      -9.131050073,      -11.84514274,                 1,    0.002876334324,  -0.0005973259811,                 0,                 0,                 0,   3.484643829e-05,    0.002876334324,  -0.0005973259811,                 0,     -0.2076691767
          0,           0,         825,      -9.505255336,      -7.971754617,      -9.134059977,      -11.84859077,                 1,    0.002876203539,  -0.0005976014235,                 0,                 0,                 0,   3.465717733e-05,    0.002876203539,  -0.0005976014235,                 0,     -0.2077743857
          0,           0,         826,      -9.508351142,      -7.974921443,      -9.137070851,      -11.85203936,                 1,    0.002876073738,  -0.0005978750866,                 0,                 0,                 0,   3.446899313e-05,    0.002876073738,  -0.0005978750866,                 0,     -0.2078789145
          0,           0,         827,      -9.511447801,      -7.978088975,      -9.140082692,      -11.85548851,                 1,    0.002875944913,  -0.0005981469811,                 0,                 0,                 0,   3.428188048e-05,    0.002875944913,  -0.0005981469811,                 0,     -0.2079827671
          0,           0,         828,      -9.514545312,      -7.981257213,        -9.1430955,      -11.85893822,                 1,    0.002875817058,  -0.0005984171178,                 0,                 0,                 0,   3.409583414e-05,    0.002875817058,  -0.0005984171178,                 0,     -0.2080859476
          0,           0,         829,      -9.517643673,      -7.984426157,      -9.146109273,      -11.86238849,                 1,    0.002875690165,   -0.000598685507,                 0,                 0,                 0,   3.391084893e-05,    0.002875690165,   -0.000598685507,                 0,       -0.20818846
          0,           0,         830,      -9.520742884,      -7.987595806,       -9.14912401,      -11.86583932,                 1,    0.002875564228,  -0.0005989521594,                 0,                 0,                 0,   3.372691967e-05,    0.002875564228,  -0.0005989521594,                 0,     -0.2082903082
          0,           0,         831,      -9.523842944,      -7.990766161,      -9.152139709,       -11.8692907,                 1,    0.002875439239,  -0.0005992170853,                 0,                 0,                 0,    3.35440412e-05,    0.002875439239,  -0.0005992170853,                 0,     -0.2083914962
          0,           0,         832,      -9.526943851,       -7.99393722,      -9.155156369,      -11.87274264,                 1,    0.002875315191,  -0.0005994802952,                 0,                 0,                 0,   3.336220838e-05,    0.002875315191,  -0.0005994802952,                 0,      -0.208492028
          0,           0,         833,      -9.530045604,      -7.997108985,       -9.15817399,      -11.87619513,                 1,    0.002875192077,  -0.0005997417993,                 0,                 0,                 0,   3.318141608e-05,    0.002875192077,  -0.0005997417993,                 0,     -0.2085919073
          0,           0,         834,      -9.533148203,      -8.000281453,      -9.161192569,      -11.87964818,                 1,    0.002875069891,  -0.0006000016081,                 0,                 0,                 0,   3.300165919e-05,    0.002875069891,  -0.0006000016081,                 0,     -0.2086911382
          0,           0,         835,      -9.536251646,      -8.003454625,      -9.164212105,      -11.88310179,                 1,    0.002874948625,  -0.0006002597316,                 0,                 0,                 0,   3.282293262e-05,    0.002874948625,  -0.0006002597316,                 0,     -0.2087897245
          0,           0,         836,      -9.539355932,      -8.006628502,      -9.167232598,      -11.88655594,                 1,    0.002874828274,    -0.00060051618,                 0,                 0,                 0,    3.26452313e-05,    0.002874828274,    -0.00060051618,                 0,     -0.2088876701
          0,           0,         837,      -9.542461061,      -8.009803081,      -9.170254045,      -11.89001065,                 1,    0.002874708829,  -0.0006007709635,                 0,                 0,                 0,   3.246855016e-05,    0.002874708829,  -0.0006007709635,                 0,     -0.2089849787
          0,           0,         838,      -9.545567031,      -8.012978364,      -9.173276446,      -11.89346591,                 1,    0.002874590285,  -0.0006010240921,                 0,                 0,                 0,   3.229288419e-05,    0.002874590285,  -0.0006010240921,                 0,     -0.2090816542
          0,           0,         839,      -9.548673841,       -8.01615435,      -9.176299799,      -11.89692172,                 1,    0.002874472635,  -0.0006012755758,                 0,                 0,                 0,   3.211822834e-05,    0.002874472635,  -0.0006012755758,                 0,     -0.2091777005
          0,           0,         840,      -9.551781491,      -8.019331039,      -9.179324104,      -11.90037808,                 1,    0.002874355872,  -0.0006015254246,                 0,                 0,                 0,   3.194457762e-05,    0.002874355872,  -0.0006015254246,                 0,     -0.2092731211
          0,           0,         841,      -9.554889979,       -8.02250843,      -9.182349358,      -11.90383499,                 1,     0.00287423999,  -0.0006017736484,                 0,                 0,                 0,   3.177192704e-05,     0.00287423999,  -0.0006017736484,                 0,       -0.20936792
          0,           0,         842,      -9.557999304,      -8.025686523,      -9.185375561,      -11.90729244,                 1,    0.002874124982,   -0.000602020257,                 0,                 0,                 0,   3.160027163e-05,    0.002874124982,   -0.000602020257,                 0,     -0.2094621009
          0,           0,         843,      -9.561109465,      -8.028865317,      -9.188402711,      -11.91075045,                 1,    0.002874010842,  -0.0006022652601,                 0,                 0,                 0,   3.142960645e-05,    0.002874010842,  -0.0006022652601,                 0,     -0.2095556674
          0,           0,         844,      -9.564220461,      -8.032044814,      -9.191430807,        -11.914209,                 1,    0.002873897563,  -0.0006025086676,                 0,                 0,                 0,   3.125992655e-05,    0.002873897563,  -0.0006025086676,                 0,     -0.2096486233
          0,           0,         845,      -9.567332292,      -8.035225011,      -9.194459848,      -11.91766809,                 1,    0.002873785139,  -0.0006027504891,                 0,                 0,                 0,   3.109122703e-05,    0.002873785139,  -0.0006027504891,                 0,     -0.2097409722
          0,           0,         846,      -9.570444956,       -8.03840591,      -9.197489833,      -11.92112773,                 1,    0.002873673564,  -0.0006029907343,                 0,                 0,                 0,   3.092350298e-05,    0.002873673564,  -0.0006029907343,                 0,     -0.2098327179
          0,           0,         847,      -9.573558452,      -8.041587509,       -9.20052076,      -11.92458792,                 1,    0.002873562832,  -0.0006032294126,                 0,                 0,                 0,   3.075674952e-05,    0.002873562832,  -0.0006032294126,                 0,     -0.2099238639
          0,           0,         848,       -9.57667278,      -8.044769809,      -9.203552628,      -11.92804865,                 1,    0.002873452935,  -0.0006034665338,                 0,                 0,                 0,   3.059096179e-05,    0.002873452935,  -0.0006034665338,                 0,     -0.2100144138
          0,           0,         849,      -9.579787938,      -8.047952808,      -9.206585437,      -11.93150992,                 1,    0.002873343869,  -0.0006037021071,                 0,                 0,                 0,   3.042613495e-05,    0.002873343869,  -0.0006037021071,                 0,     -0.2101043713
          0,           0,         850,      -9.582903925,      -8.051136508,      -9.209619184,      -11.93497173,                 1,    0.002873235627,  -0.0006039361421,                 0,                 0,                 0,   3.026226416e-05,    0.002873235627,  -0.0006039361421,                 0,     -0.2101937399
          0,           0,         851,      -9.586020741,      -8.054320907,      -9.212653869,      -11.93843408,                 1,    0.002873128203,  -0.0006041686481,                 0,                 0,                 0,   3.009934462e-05,    0.002873128203,  -0.0006041686481,                 0,     -0.2102825233
          0,           0,         852,      -9.589138384,      -8.057506006,      -9.215689491,      -11.94189698,                 1,     0.00287302159,  -0.0006043996345,                 0,                 0,                 0,   2.993737152e-05,     0.00287302159,  -0.0006043996345,                 0,     -0.2103707249
          0,           0,         853,      -9.592256854,      -8.060691803,      -9.218726048,      -11.94536041,                 1,    0.002872915783,  -0.0006046291105,                 0,                 0,                 0,   2.977634011e-05,    0.002872915783,  -0.0006046291105,                 0,     -0.2104583483
          0,           0,         854,      -9.595376149,      -8.063878299,      -9.221763539,      -11.94882439,                 1,    0.002872810777,  -0.0006048570853,                 0,                 0,                 0,   2.961624562e-05,    0.002872810777,  -0.0006048570853,                 0,     -0.2105453969
          0,           0,         855,      -9.598496269,      -8.067065494,      -9.224801963,       -11.9522889,                 1,    0.002872706564,   -0.000605083568,                 0,                 0,                 0,    2.94570833e-05,    0.002872706564,   -0.000605083568,                 0,     -0.2106318744
          0,           0,         856,      -9.601617213,      -8.070253387,      -9.227841319,      -11.95575395,                 1,    0.002872603139,  -0.0006053085679,                 0,                 0,                 0,   2.929884844e-05,    0.002872603139,  -0.0006053085679,                 0,      -0.210717784
          0,           0,         857,      -9.604738979,      -8.073441978,      -9.230881605,      -11.95921953,                 1,    0.002872500497,   -0.000605532094,                 0,                 0,                 0,   2.914153634e-05,    0.002872500497,   -0.000605532094,                 0,     -0.2108031294
          0,           0,         858,      -9.607861568,      -8.076631266,      -9.233922821,      -11.96268565,                 1,    0.002872398631,  -0.0006057541553,                 0,                 0,                 0,    2.89851423e-05,    0.002872398631,  -0.0006057541553,                 0,     -0.2108879139
          0,           0,         859,      -9.610984977,      -8.079821252,      -9.236964966,      -11.96615231,                 1,    0.002872297536,  -0.0006059747607,                 0,                 0,                 0,   2.882966165e-05,    0.002872297536,  -0.0006059747607,                 0,      -0.210972141
          0,           0,         860,      -9.614109206,      -8.083011935,      -9.240008037,       -11.9696195,                 1,    0.002872197206,  -0.0006061939192,                 0,                 0,                 0,   2.867508975e-05,    0.002872197206,  -0.0006061939192,                 0,      -0.211055814
          0,           0,         861,      -9.617234254,      -8.086203315,      -9.243052035,      -11.97308722,                 1,    0.002872097636,  -0.0006064116397,                 0,                 0,                 0,   2.852142195e-05,    0.002872097636,  -0.0006064116397,                 0,     -0.2111389363
          0,           0,         862,       -9.62036012,      -8.089395391,      -9.246096958,      -11.97655548,                 1,    0.002871998819,  -0.0006066279309,                 0,                 0,                 0,   2.836865365e-05,    0.002871998819,  -0.0006066279309,                 0,     -0.2112215113
          0,           0,         863,      -9.623486804,      -8.092588164,      -9.249142804,      -11.98002427,                 1,     0.00287190075,  -0.0006068428017,                 0,                 0,                 0,   2.821678024e-05,     0.00287190075,  -0.0006068428017,                 0,     -0.2113035423
          0,           0,         864,      -9.626614304,      -8.095781632,      -9.252189574,      -11.98349359,                 1,    0.002871803425,  -0.0006070562607,                 0,                 0,                 0,   2.806579714e-05,    0.002871803425,  -0.0006070562607,                 0,     -0.2113850327
          0,           0,         865,      -9.629742619,      -8.098975796,      -9.255237265,      -11.98696344,                 1,    0.002871706836,  -0.0006072683167,                 0,                 0,                 0,   2.791569979e-05,    0.002871706836,  -0.0006072683167,                 0,     -0.2114659857
          0,           0,         866,      -9.632871749,      -8.102170656,      -9.258285876,      -11.99043382,                 1,    0.002871610979,  -0.0006074789782,                 0,                 0,                 0,   2.776648364e-05,    0.002871610979,  -0.0006074789782,                 0,     -0.2115464047
          0,           0,         867,      -9.636001692,      -8.105366211,      -9.261335407,      -11.99390473,                 1,    0.002871515849,  -0.0006076882539,                 0,                 0,                 0,   2.761814416e-05,    0.002871515849,  -0.0006076882539,                 0,     -0.2116262929
          0,           0,         868,      -9.639132449,      -8.108562461,      -9.264385856,      -11.99737617,                 1,    0.002871421439,  -0.0006078961523,                 0,                 0,                 0,   2.747067684e-05,    0.002871421439,  -0.0006078961523,                 0,     -0.2117056535
          0,           0,         869,      -9.642264017,      -8.111759405,      -9.267437222,      -12.00084814,                 1,    0.002871327745,  -0.0006081026818,                 0,                 0,                 0,   2.732407719e-05,    0.002871327745,  -0.0006081026818,                 0,     -0.2117844899
          0,           0,         870,      -9.645396396,      -8.114957044,      -9.270489504,      -12.00432063,                 1,    0.002871234761,  -0.0006083078509,                 0,                 0,                 0,   2.717834072e-05,    0.002871234761,  -0.0006083078509,                 0,     -0.2118628052
          0,           0,         871,      -9.648529585,      -8.118155377,      -9.273542702,      -12.00779365,                 1,    0.002871142483,   -0.000608511668,                 0,                 0,                 0,   2.703346298e-05,    0.002871142483,   -0.000608511668,                 0,     -0.2119406026
          0,           0,         872,      -9.651663584,      -8.121354404,      -9.276596813,       -12.0112672,                 1,    0.002871050904,  -0.0006087141414,                 0,                 0,                 0,   2.688943954e-05,    0.002871050904,  -0.0006087141414,                 0,     -0.2120178854
          0,           0,         873,      -9.654798391,      -8.124554124,      -9.279651837,      -12.01474127,                 1,     0.00287096002,  -0.0006089152794,                 0,                 0,                 0,   2.674626596e-05,     0.00287096002,  -0.0006089152794,                 0,     -0.2120946566
          0,           0,         874,      -9.657934005,      -8.127754537,      -9.282707773,      -12.01821587,                 1,    0.002870869825,  -0.0006091150904,                 0,                 0,                 0,   2.660393783e-05,    0.002870869825,  -0.0006091150904,                 0,     -0.2121709194
          0,           0,         875,      -9.661070426,      -8.130955644,      -9.285764619,      -12.02169098,                 1,    0.002870780314,  -0.0006093135823,                 0,                 0,                 0,   2.646245078e-05,    0.002870780314,  -0.0006093135823,                 0,     -0.2122466771
          0,           0,         876,      -9.664207653,      -8.134157443,      -9.288822375,      -12.02516662,                 1,    0.002870691483,  -0.0006095107635,                 0,                 0,                 0,   2.632180042e-05,    0.002870691483,  -0.0006095107635,                 0,     -0.2123219326
          0,           0,         877,      -9.667345685,      -8.137359934,       -9.29188104,      -12.02864279,                 1,    0.002870603327,  -0.0006097066421,                 0,                 0,                 0,   2.618198241e-05,    0.002870603327,  -0.0006097066421,                 0,      -0.212396689
          0,           0,         878,      -9.670484521,      -8.140563118,      -9.294940613,      -12.03211947,                 1,    0.002870515839,  -0.0006099012261,                 0,                 0,                 0,    2.60429924e-05,    0.002870515839,  -0.0006099012261,                 0,     -0.2124709496
          0,           0,         879,       -9.67362416,      -8.143766994,      -9.298001091,      -12.03559668,                 1,    0.002870429016,  -0.0006100945234,                 0,                 0,                 0,   2.590482608e-05,    0.002870429016,  -0.0006100945234,                 0,     -0.2125447172
          0,           0,         880,      -9.676764601,      -8.146971561,      -9.301062476,       -12.0390744,                 1,    0.002870342852,  -0.0006102865422,                 0,                 0,                 0,   2.576747915e-05,    0.002870342852,  -0.0006102865422,                 0,      -0.212617995
          0,           0,         881,      -9.679905844,       -8.15017682,      -9.304124764,      -12.04255265,                 1,    0.002870257342,  -0.0006104772903,                 0,                 0,                 0,   2.563094731e-05,    0.002870257342,  -0.0006104772903,                 0,     -0.2126907861
          0,           0,         882,      -9.683047888,       -8.15338277,      -9.307187956,      -12.04603141,                 1,    0.002870172482,  -0.0006106667757,                 0,                 0,                 0,   2.549522631e-05,    0.002870172482,  -0.0006106667757,                 0,     -0.2127630933
          0,           0,         883,      -9.686190732,      -8.156589411,      -9.310252051,      -12.04951069,                 1,    0.002870088267,  -0.0006108550061,                 0,                 0,                 0,   2.536031188e-05,    0.002870088267,  -0.0006108550061,                 0,     -0.2128349198
          0,           0,         884,      -9.689334375,      -8.159796742,      -9.313317046,      -12.05299049,                 1,    0.002870004692,  -0.0006110419893,                 0,                 0,                 0,   2.522619981e-05,    0.002870004692,  -0.0006110419893,                 0,     -0.2129062684
          0,           0,         885,      -9.692478815,      -8.163004763,      -9.316382942,       -12.0564708,                 1,    0.002869921752,  -0.0006112277332,                 0,                 0,                 0,   2.509288587e-05,    0.002869921752,  -0.0006112277332,                 0,     -0.2129771422
          0,           0,         886,      -9.695624053,      -8.166213475,      -9.319449737,      -12.05995163,                 1,    0.002869839443,  -0.0006114122453,                 0,                 0,                 0,   2.496036587e-05,    0.002869839443,  -0.0006114122453,                 0,     -0.2130475441
          0,           0,         887,      -9.698770088,      -8.169422876,       -9.32251743,      -12.06343297,                 1,    0.002869757759,  -0.0006115955335,                 0,                 0,                 0,   2.482863561e-05,    0.002869757759,  -0.0006115955335,                 0,     -0.2131174771
          0,           0,         888,      -9.701916919,      -8.172632967,       -9.32558602,      -12.06691483,                 1,    0.002869676697,  -0.0006117776052,                 0,                 0,                 0,   2.469769095e-05,    0.002869676697,  -0.0006117776052,                 0,      -0.213186944
          0,           0,         889,      -9.705064544,      -8.175843747,      -9.328655507,      -12.07039721,                 1,    0.002869596251,  -0.0006119584682,                 0,                 0,                 0,   2.456752773e-05,    0.002869596251,  -0.0006119584682,                 0,     -0.2132559478
          0,           0,         890,      -9.708212964,      -8.179055216,      -9.331725888,      -12.07388009,                 1,    0.002869516417,  -0.0006121381298,                 0,                 0,                 0,   2.443814182e-05,    0.002869516417,  -0.0006121381298,                 0,     -0.2133244913
          0,           0,         891,      -9.711362176,      -8.182267373,      -9.334797164,      -12.07736349,                 1,    0.002869437191,  -0.0006123165977,                 0,                 0,                 0,   2.430952911e-05,    0.002869437191,  -0.0006123165977,                 0,     -0.2133925774
          0,           0,         892,      -9.714512182,      -8.185480219,      -9.337869333,       -12.0808474,                 1,    0.002869358567,  -0.0006124938792,                 0,                 0,                 0,   2.418168551e-05,    0.002869358567,  -0.0006124938792,                 0,     -0.2134602089
          0,           0,         893,      -9.717662978,      -8.188693753,      -9.340942394,      -12.08433182,                 1,    0.002869280542,  -0.0006126699818,                 0,                 0,                 0,   2.405460693e-05,    0.002869280542,  -0.0006126699818,                 0,     -0.2135273888
          0,           0,         894,      -9.720814566,      -8.191907975,      -9.344016346,      -12.08781675,                 1,    0.002869203111,  -0.0006128449128,                 0,                 0,                 0,   2.392828932e-05,    0.002869203111,  -0.0006128449128,                 0,     -0.2135941198
          0,           0,         895,      -9.723966944,      -8.195122885,      -9.347091189,      -12.09130219,                 1,    0.002869126269,  -0.0006130186796,                 0,                 0,                 0,   2.380272863e-05,    0.002869126269,  -0.0006130186796,                 0,     -0.2136604046
          0,           0,         896,      -9.727120111,      -8.198338482,       -9.35016692,      -12.09478814,                 1,    0.002869050013,  -0.0006131912895,                 0,                 0,                 0,   2.367792083e-05,    0.002869050013,  -0.0006131912895,                 0,     -0.2137262462
          0,           0,         897,      -9.730274067,      -8.201554766,       -9.35324354,       -12.0982746,                 1,    0.002868974337,  -0.0006133627496,                 0,                 0,                 0,   2.355386191e-05,    0.002868974337,  -0.0006133627496,                 0,     -0.2137916473
          0,           0,         898,       -9.73342881,      -8.204771737,      -9.356321047,      -12.10176156,                 1,    0.002868899238,  -0.0006135330671,                 0,                 0,                 0,   2.343054788e-05,    0.002868899238,  -0.0006135330671,                 0,     -0.2138566106
          0,           0,         899,       -9.73658434,      -8.207989394,       -9.35939944,      -12.10524903,                 1,    0.002868824711,  -0.0006137022494,                 0,                 0,                 0,   2.330797477e-05,    0.002868824711,  -0.0006137022494,                 0,     -0.2139211389
          0,           0,         900,      -9.739740656,      -8.211207738,      -9.362478718,      -12.10873701,                 1,    0.002868750751,  -0.0006138703034,                 0,                 0,                 0,    2.31861386e-05,    0.002868750751,  -0.0006138703034,                 0,     -0.2139852349
          0,           0,         901,      -9.742897758,      -8.214426767,      -9.365558881,       -12.1122255,                 1,    0.002868677356,  -0.0006140372362,                 0,                 0,                 0,   2.306503544e-05,    0.002868677356,  -0.0006140372362,                 0,     -0.2140489013
          0,           0,         902,      -9.746055644,      -8.217646483,      -9.368639927,      -12.11571448,                 1,     0.00286860452,  -0.0006142030548,                 0,                 0,                 0,   2.294466137e-05,     0.00286860452,  -0.0006142030548,                 0,     -0.2141121408
          0,           0,         903,      -9.749214314,      -8.220866883,      -9.371721855,      -12.11920398,                 1,    0.002868532239,  -0.0006143677664,                 0,                 0,                 0,   2.282501247e-05,    0.002868532239,  -0.0006143677664,                 0,     -0.2141749561
          0,           0,         904,      -9.752373767,      -8.224087969,      -9.374804665,      -12.12269397,                 1,     0.00286846051,  -0.0006145313777,                 0,                 0,                 0,   2.270608485e-05,     0.00286846051,  -0.0006145313777,                 0,     -0.2142373498
          0,           0,         905,      -9.755534002,       -8.22730974,      -9.377888355,      -12.12618447,                 1,    0.002868389327,  -0.0006146938958,                 0,                 0,                 0,   2.258787463e-05,    0.002868389327,  -0.0006146938958,                 0,     -0.2142993247
          0,           0,         906,      -9.758695018,      -8.230532196,      -9.380972925,      -12.12967548,                 1,    0.002868318688,  -0.0006148553275,                 0,                 0,                 0,   2.247037796e-05,    0.002868318688,  -0.0006148553275,                 0,     -0.2143608833
          0,           0,         907,      -9.761856816,      -8.233755336,      -9.384058373,      -12.13316698,                 1,    0.002868248587,  -0.0006150156796,                 0,                 0,                 0,   2.235359099e-05,    0.002868248587,  -0.0006150156796,                 0,     -0.2144220282
          0,           0,         908,      -9.765019393,       -8.23697916,      -9.387144699,      -12.13665899,                 1,    0.002868179022,   -0.000615174959,                 0,                 0,                 0,    2.22375099e-05,    0.002868179022,   -0.000615174959,                 0,     -0.2144827622
          0,           0,         909,      -9.768182749,      -8.240203668,      -9.390231901,      -12.14015149,                 1,    0.002868109987,  -0.0006153331724,                 0,                 0,                 0,   2.212213087e-05,    0.002868109987,  -0.0006153331724,                 0,     -0.2145430876
          0,           0,         910,      -9.771346884,      -8.243428859,      -9.393319979,       -12.1436445,                 1,     0.00286804148,  -0.0006154903264,                 0,                 0,                 0,   2.200745012e-05,     0.00286804148,  -0.0006154903264,                 0,     -0.2146030072
          0,           0,         911,      -9.774511796,      -8.246654734,      -9.396408932,      -12.14713801,                 1,    0.002867973495,  -0.0006156464279,                 0,                 0,                 0,   2.189346386e-05,    0.002867973495,  -0.0006156464279,                 0,     -0.2146625236
          0,           0,         912,      -9.777677485,      -8.249881292,      -9.399498759,      -12.15063201,                 1,    0.002867906029,  -0.0006158014834,                 0,                 0,                 0,   2.178016834e-05,    0.002867906029,  -0.0006158014834,                 0,     -0.2147216391
          0,           0,         913,      -9.780843951,      -8.253108533,      -9.402589458,      -12.15412651,                 1,    0.002867839079,  -0.0006159554995,                 0,                 0,                 0,   2.166755981e-05,    0.002867839079,  -0.0006159554995,                 0,     -0.2147803564
          0,           0,         914,      -9.784011192,      -8.256336456,       -9.40568103,      -12.15762151,                 1,     0.00286777264,  -0.0006161084828,                 0,                 0,                 0,   2.155563455e-05,     0.00286777264,  -0.0006161084828,                 0,      -0.214838678
          0,           0,         915,      -9.787179207,      -8.259565062,      -9.408773472,      -12.16111701,                 1,    0.002867706709,  -0.0006162604399,                 0,                 0,                 0,   2.144438885e-05,    0.002867706709,  -0.0006162604399,                 0,     -0.2148966064
          0,           0,         916,      -9.790347996,       -8.26279435,      -9.411866785,        -12.164613,                 1,    0.002867641281,  -0.0006164113771,                 0,                 0,                 0,   2.133381901e-05,    0.002867641281,  -0.0006164113771,                 0,     -0.2149541441
          0,           0,         917,      -9.793517559,      -8.266024319,      -9.414960967,      -12.16810949,                 1,    0.002867576354,  -0.0006165613011,                 0,                 0,                 0,   2.122392135e-05,    0.002867576354,  -0.0006165613011,                 0,     -0.2150112935
          0,           0,         918,      -9.796687895,       -8.26925497,      -9.418056018,      -12.17160648,                 1,    0.002867511922,  -0.0006167102181,                 0,                 0,                 0,   2.111469222e-05,    0.002867511922,  -0.0006167102181,                 0,     -0.2150680572
          0,           0,         919,      -9.799859002,      -8.272486302,      -9.421151936,      -12.17510396,                 1,    0.002867447984,  -0.0006168581345,                 0,                 0,                 0,   2.100612796e-05,    0.002867447984,  -0.0006168581345,                 0,     -0.2151244375
          0,           0,         920,       -9.80303088,      -8.275718315,       -9.42424872,      -12.17860193,                 1,    0.002867384534,  -0.0006170050568,                 0,                 0,                 0,   2.089822495e-05,    0.002867384534,  -0.0006170050568,                 0,     -0.2151804369
          0,           0,         921,      -9.806203528,      -8.278951009,       -9.42734637,      -12.18210039,                 1,    0.002867321569,  -0.0006171509912,                 0,                 0,                 0,   2.079097957e-05,    0.002867321569,  -0.0006171509912,                 0,     -0.2152360579
          0,           0,         922,      -9.809376947,      -8.282184383,      -9.430444884,      -12.18559935,                 1,    0.002867259086,  -0.0006172959439,                 0,                 0,                 0,   2.068438823e-05,    0.002867259086,  -0.0006172959439,                 0,     -0.2152913027
          0,           0,         923,      -9.812551134,      -8.285418437,      -9.433544263,       -12.1890988,                 1,    0.002867197081,  -0.0006174399212,                 0,                 0,                 0,   2.057844735e-05,    0.002867197081,  -0.0006174399212,                 0,     -0.2153461739
          0,           0,         924,      -9.815726089,      -8.288653172,      -9.436644505,      -12.19259875,                 1,    0.002867135551,  -0.0006175829293,                 0,                 0,                 0,   2.047315336e-05,    0.002867135551,  -0.0006175829293,                 0,     -0.2154006737
          0,           0,         925,      -9.818901812,      -8.291888586,      -9.439745609,      -12.19609918,                 1,    0.002867074491,  -0.0006177249744,                 0,                 0,                 0,   2.036850271e-05,    0.002867074491,  -0.0006177249744,                 0,     -0.2154548046
          0,           0,         926,      -9.822078302,      -8.295124679,      -9.442847574,       -12.1996001,                 1,    0.002867013899,  -0.0006178660625,                 0,                 0,                 0,   2.026449188e-05,    0.002867013899,  -0.0006178660625,                 0,      -0.215508569
          0,           0,         927,      -9.825255558,      -8.298361451,      -9.445950399,      -12.20310152,                 1,     0.00286695377,  -0.0006180061997,                 0,                 0,                 0,   2.016111733e-05,     0.00286695377,  -0.0006180061997,                 0,      -0.215561969
          0,           0,         928,      -9.828433579,      -8.301598903,      -9.449054084,      -12.20660342,                 1,    0.002866894102,  -0.0006181453922,                 0,                 0,                 0,   2.005837558e-05,    0.002866894102,  -0.0006181453922,                 0,     -0.2156150071
          0,           0,         929,      -9.831612365,      -8.304837032,      -9.452158627,      -12.21010581,                 1,    0.002866834891,  -0.0006182836459,                 0,                 0,                 0,   1.995626314e-05,    0.002866834891,  -0.0006182836459,                 0,     -0.2156676856
          0,           0,         930,      -9.834791916,      -8.308075841,      -9.455264029,      -12.21360869,                 1,    0.002866776133,  -0.0006184209667,                 0,                 0,                 0,   1.985477654e-05,    0.002866776133,  -0.0006184209667,                 0,     -0.2157200067
          0,           0,         931,      -9.837972229,      -8.311315327,      -9.458370287,      -12.21711206,                 1,    0.002866717826,  -0.0006185573607,                 0,                 0,                 0,   1.975391232e-05,    0.002866717826,  -0.0006185573607,                 0,     -0.2157719728
          0,           0,         932,      -9.841153305,      -8.314555491,      -9.461477401,      -12.22061592,                 1,    0.002866659965,  -0.0006186928338,                 0,                 0,                 0,   1.965366705e-05,    0.002866659965,  -0.0006186928338,                 0,     -0.2158235861
          0,           0,         933,      -9.844335144,      -8.317796333,      -9.464585371,      -12.22412026,                 1,    0.002866602547,  -0.0006188273918,                 0,                 0,                 0,    1.95540373e-05,    0.002866602547,  -0.0006188273918,                 0,     -0.2158748489
          0,           0,         934,      -9.847517744,      -8.321037852,      -9.467694195,      -12.22762509,                 1,     0.00286654557,  -0.0006189610405,                 0,                 0,                 0,   1.945501968e-05,     0.00286654557,  -0.0006189610405,                 0,     -0.2159257634
          0,           0,         935,      -9.850701104,      -8.324280048,      -9.470803872,       -12.2311304,                 1,    0.002866489029,  -0.0006190937858,                 0,                 0,                 0,   1.935661078e-05,    0.002866489029,  -0.0006190937858,                 0,     -0.2159763318
          0,           0,         936,      -9.853885224,      -8.327522921,      -9.473914403,       -12.2346362,                 1,    0.002866432922,  -0.0006192256335,                 0,                 0,                 0,   1.925880723e-05,    0.002866432922,  -0.0006192256335,                 0,     -0.2160265565
          0,           0,         937,      -9.857070104,       -8.33076647,      -9.477025785,      -12.23814248,                 1,    0.002866377245,  -0.0006193565892,                 0,                 0,                 0,   1.916160568e-05,    0.002866377245,  -0.0006193565892,                 0,     -0.2160764394
          0,           0,         938,      -9.860255743,      -8.334010695,      -9.480138018,      -12.24164925,                 1,    0.002866321995,  -0.0006194866587,                 0,                 0,                 0,   1.906500278e-05,    0.002866321995,  -0.0006194866587,                 0,      -0.216125983
          0,           0,         939,       -9.86344214,      -8.337255597,      -9.483251101,      -12.24515649,                 1,    0.002866267169,  -0.0006196158476,                 0,                 0,                 0,    1.89689952e-05,    0.002866267169,  -0.0006196158476,                 0,     -0.2161751892
          0,           0,         940,      -9.866629294,      -8.340501174,      -9.486365034,      -12.24866423,                 1,    0.002866212764,  -0.0006197441617,                 0,                 0,                 0,   1.887357963e-05,    0.002866212764,  -0.0006197441617,                 0,     -0.2162240604
          0,           0,         941,      -9.869817204,      -8.343747427,      -9.489479815,      -12.25217244,                 1,    0.002866158775,  -0.0006198716064,                 0,                 0,                 0,   1.877875276e-05,    0.002866158775,  -0.0006198716064,                 0,     -0.2162725986
          0,           0,         942,      -9.873005871,      -8.346994355,      -9.492595444,      -12.25568114,                 1,    0.002866105202,  -0.0006199981874,                 0,                 0,                 0,   1.868451132e-05,    0.002866105202,  -0.0006199981874,                 0,      -0.216320806
          0,           0,         943,      -9.876195294,      -8.350241958,       -9.49571192,      -12.25919031,                 1,    0.002866052039,  -0.0006201239102,                 0,                 0,                 0,   1.859085205e-05,    0.002866052039,  -0.0006201239102,                 0,     -0.2163686848
          0,           0,         944,      -9.879385471,      -8.353490235,      -9.498829243,      -12.26269997,                 1,    0.002865999285,  -0.0006202487802,                 0,                 0,                 0,   1.849777167e-05,    0.002865999285,  -0.0006202487802,                 0,     -0.2164162369
          0,           0,         945,      -9.882576403,      -8.356739187,       -9.50194741,      -12.26621011,                 1,    0.002865946935,  -0.0006203728031,                 0,                 0,                 0,   1.840526697e-05,    0.002865946935,  -0.0006203728031,                 0,     -0.2164634646
          0,           0,         946,      -9.885768088,      -8.359988814,      -9.505066422,      -12.26972073,                 1,    0.002865894988,  -0.0006204959842,                 0,                 0,                 0,   1.831333472e-05,    0.002865894988,  -0.0006204959842,                 0,       -0.21651037
          0,           0,         947,      -9.888960526,      -8.363239114,      -9.508186279,      -12.27323182,                 1,     0.00286584344,  -0.0006206183288,                 0,                 0,                 0,   1.822197171e-05,     0.00286584344,  -0.0006206183288,                 0,      -0.216556955
          0,           0,         948,      -9.892153716,      -8.366490087,      -9.511306978,       -12.2767434,                 1,    0.002865792287,  -0.0006207398425,                 0,                 0,                 0,   1.813117475e-05,    0.002865792287,  -0.0006207398425,                 0,     -0.2166032218
          0,           0,         949,      -9.895347658,      -8.369741735,      -9.514428519,      -12.28025545,                 1,    0.002865741528,  -0.0006208605305,                 0,                 0,                 0,   1.804094066e-05,    0.002865741528,  -0.0006208605305,                 0,     -0.2166491725
          0,           0,         950,      -9.898542351,      -8.372994055,      -9.517550901,      -12.28376798,                 1,    0.002865691159,  -0.0006209803982,                 0,                 0,                 0,   1.795126629e-05,    0.002865691159,  -0.0006209803982,                 0,      -0.216694809
          0,           0,         951,      -9.901737795,      -8.376247048,      -9.520674124,      -12.28728099,                 1,    0.002865641177,  -0.0006210994508,                 0,                 0,                 0,   1.786214848e-05,    0.002865641177,  -0.0006210994508,                 0,     -0.2167401334
          0,           0,         952,      -9.904933988,      -8.379500714,      -9.523798187,      -12.29079447,                 1,    0.002865591579,  -0.0006212176935,                 0,                 0,                 0,    1.77735841e-05,    0.002865591579,  -0.0006212176935,                 0,     -0.2167851477
          0,           0,         953,      -9.908130931,      -8.382755052,      -9.526923089,      -12.29430843,                 1,    0.002865542362,  -0.0006213351317,                 0,                 0,                 0,   1.768557004e-05,    0.002865542362,  -0.0006213351317,                 0,     -0.2168298539
          0,           0,         954,      -9.911328622,      -8.386010062,       -9.53004883,      -12.29782286,                 1,    0.002865493524,  -0.0006214517704,                 0,                 0,                 0,   1.759810319e-05,    0.002865493524,  -0.0006214517704,                 0,      -0.216874254
          0,           0,         955,      -9.914527061,      -8.389265744,      -9.533175407,      -12.30133777,                 1,    0.002865445061,  -0.0006215676148,                 0,                 0,                 0,   1.751118047e-05,    0.002865445061,  -0.0006215676148,                 0,     -0.2169183501
          0,           0,         956,      -9.917726248,      -8.392522098,      -9.536302822,      -12.30485316,                 1,    0.002865396971,  -0.0006216826701,                 0,                 0,                 0,    1.74247988e-05,    0.002865396971,  -0.0006216826701,                 0,     -0.2169621439
          0,           0,         957,      -9.920926181,      -8.395779123,      -9.539431073,      -12.30836901,                 1,    0.002865349251,  -0.0006217969413,                 0,                 0,                 0,   1.733895513e-05,    0.002865349251,  -0.0006217969413,                 0,     -0.2170056376
          0,           0,         958,      -9.924126861,      -8.399036819,      -9.542560159,      -12.31188534,                 1,    0.002865301899,  -0.0006219104336,                 0,                 0,                 0,   1.725364641e-05,    0.002865301899,  -0.0006219104336,                 0,     -0.2170488331
          0,           0,         959,      -9.927328286,      -8.402295186,      -9.545690079,      -12.31540215,                 1,     0.00286525491,  -0.0006220231518,                 0,                 0,                 0,   1.716886961e-05,     0.00286525491,  -0.0006220231518,                 0,     -0.2170917323
          0,           0,         960,      -9.930530456,      -8.405554224,      -9.548820834,      -12.31891942,                 1,    0.002865208284,  -0.0006221351011,                 0,                 0,                 0,   1.708462172e-05,    0.002865208284,  -0.0006221351011,                 0,      -0.217134337
          0,           0,         961,      -9.933733371,      -8.408813931,      -9.551952421,      -12.32243717,                 1,    0.002865162016,  -0.0006222462865,                 0,                 0,                 0,   1.700089973e-05,    0.002865162016,  -0.0006222462865,                 0,     -0.2171766493
          0,           0,         962,       -9.93693703,      -8.412074309,       -9.55508484,      -12.32595539,                 1,    0.002865116105,  -0.0006223567127,                 0,                 0,                 0,   1.691770067e-05,    0.002865116105,  -0.0006223567127,                 0,     -0.2172186711
          0,           0,         963,      -9.940141431,      -8.415335357,      -9.558218092,      -12.32947408,                 1,    0.002865070547,  -0.0006224663849,                 0,                 0,                 0,   1.683502156e-05,    0.002865070547,  -0.0006224663849,                 0,     -0.2172604042
          0,           0,         964,      -9.943346576,      -8.418597074,      -9.561352174,      -12.33299324,                 1,     0.00286502534,  -0.0006225753078,                 0,                 0,                 0,   1.675285945e-05,     0.00286502534,  -0.0006225753078,                 0,     -0.2173018504
          0,           0,         965,      -9.946552463,       -8.42185946,      -9.564487086,      -12.33651287,                 1,    0.002864980481,  -0.0006226834862,                 0,                 0,                 0,   1.667121139e-05,    0.002864980481,  -0.0006226834862,                 0,     -0.2173430117
          0,           0,         966,      -9.949759091,      -8.425122515,      -9.567622827,      -12.34003297,                 1,    0.002864935968,  -0.0006227909251,                 0,                 0,                 0,   1.659007445e-05,    0.002864935968,  -0.0006227909251,                 0,       -0.21738389
          0,           0,         967,       -9.95296646,      -8.428386239,      -9.570759397,      -12.34355354,                 1,    0.002864891797,  -0.0006228976293,                 0,                 0,                 0,   1.650944572e-05,    0.002864891797,  -0.0006228976293,                 0,      -0.217424487
          0,           0,         968,       -9.95617457,      -8.431650632,      -9.573896795,      -12.34707457,                 1,    0.002864847968,  -0.0006230036034,                 0,                 0,                 0,   1.642932229e-05,    0.002864847968,  -0.0006230036034,                 0,     -0.2174648046
          0,           0,         969,      -9.959383419,      -8.434915693,       -9.57703502,      -12.35059608,                 1,    0.002864804476,  -0.0006231088522,                 0,                 0,                 0,    1.63497013e-05,    0.002864804476,  -0.0006231088522,                 0,     -0.2175048446
          0,           0,         970,      -9.962593008,      -8.438181421,      -9.580174072,      -12.35411805,                 1,    0.002864761319,  -0.0006232133805,                 0,                 0,                 0,   1.627057985e-05,    0.002864761319,  -0.0006232133805,                 0,     -0.2175446088
          0,           0,         971,      -9.965803335,      -8.441447818,       -9.58331395,      -12.35764048,                 1,    0.002864718495,  -0.0006233171928,                 0,                 0,                 0,    1.61919551e-05,    0.002864718495,  -0.0006233171928,                 0,     -0.2175840991
          0,           0,         972,      -9.969014401,      -8.444714882,      -9.586454652,      -12.36116339,                 1,    0.002864676001,   -0.000623420294,                 0,                 0,                 0,    1.61138242e-05,    0.002864676001,   -0.000623420294,                 0,     -0.2176233171
          0,           0,         973,      -9.972226204,      -8.447982613,      -9.589596179,      -12.36468676,                 1,    0.002864633836,  -0.0006235226885,                 0,                 0,                 0,   1.603618432e-05,    0.002864633836,  -0.0006235226885,                 0,     -0.2176622648
          0,           0,         974,      -9.975438744,      -8.451251011,       -9.59273853,      -12.36821059,                 1,    0.002864591995,   -0.000623624381,                 0,                 0,                 0,   1.595903264e-05,    0.002864591995,   -0.000623624381,                 0,     -0.2177009438
          0,           0,         975,      -9.978652021,      -8.454520075,      -9.595881703,      -12.37173489,                 1,    0.002864550477,   -0.000623725376,                 0,                 0,                 0,   1.588236637e-05,    0.002864550477,   -0.000623725376,                 0,      -0.217739356
          0,           0,         976,      -9.981866033,      -8.457789806,      -9.599025699,      -12.37525966,                 1,     0.00286450928,  -0.0006238256781,                 0,                 0,                 0,   1.580618271e-05,     0.00286450928,  -0.0006238256781,                 0,      -0.217777503
          0,           0,         977,      -9.985080781,      -8.461060204,      -9.602170517,      -12.37878488,                 1,      0.0028644684,  -0.0006239252919,                 0,                 0,                 0,   1.573047889e-05,      0.0028644684,  -0.0006239252919,                 0,     -0.2178153866
          0,           0,         978,      -9.988296264,      -8.464331267,      -9.605316155,      -12.38231057,                 1,    0.002864427836,  -0.0006240242217,                 0,                 0,                 0,   1.565525215e-05,    0.002864427836,  -0.0006240242217,                 0,     -0.2178530085
          0,           0,         979,      -9.991512481,      -8.467602995,      -9.608462614,      -12.38583673,                 1,    0.002864387586,  -0.0006241224721,                 0,                 0,                 0,   1.558049974e-05,    0.002864387586,  -0.0006241224721,                 0,     -0.2178903704
          0,           0,         980,      -9.994729431,      -8.470875389,      -9.611609892,      -12.38936334,                 1,    0.002864347646,  -0.0006242200474,                 0,                 0,                 0,   1.550621893e-05,    0.002864347646,  -0.0006242200474,                 0,     -0.2179274741
          0,           0,         981,      -9.997947115,      -8.474148449,      -9.614757988,      -12.39289042,                 1,    0.002864308014,  -0.0006243169522,                 0,                 0,                 0,     1.5432407e-05,    0.002864308014,  -0.0006243169522,                 0,     -0.2179643213
          0,           0,         982,      -10.00116553,      -8.477422173,      -9.617906903,      -12.39641796,                 1,    0.002864268689,  -0.0006244131906,                 0,                 0,                 0,   1.535906123e-05,    0.002864268689,  -0.0006244131906,                 0,     -0.2180009135
          0,           0,         983,      -10.00438468,      -8.480696561,      -9.621056636,      -12.39994596,                 1,    0.002864229667,  -0.0006245087672,                 0,                 0,                 0,   1.528617895e-05,    0.002864229667,  -0.0006245087672,                 0,     -0.2180372525
          0,           0,         984,      -10.00760456,      -8.483971614,      -9.624207185,      -12.40347442,                 1,    0.002864190947,  -0.0006246036863,                 0,                 0,                 0,   1.521375746e-05,    0.002864190947,  -0.0006246036863,                 0,       -0.21807334
          0,           0,         985,      -10.01082517,      -8.487247331,      -9.627358551,      -12.40700334,                 1,    0.002864152526,   -0.000624697952,                 0,                 0,                 0,    1.51417941e-05,    0.002864152526,   -0.000624697952,                 0,     -0.2181091776
          0,           0,         986,      -10.01404651,      -8.490523712,      -9.630510732,      -12.41053272,                 1,    0.002864114402,  -0.0006247915688,                 0,                 0,                 0,   1.507028623e-05,    0.002864114402,  -0.0006247915688,                 0,     -0.2181447669
          0,           0,         987,      -10.01726858,      -8.493800756,      -9.633663727,      -12.41406255,                 1,    0.002864076573,  -0.0006248845408,                 0,                 0,                 0,   1.499923119e-05,    0.002864076573,  -0.0006248845408,                 0,     -0.2181801097
          0,           0,         988,      -10.02049139,      -8.497078464,      -9.636817537,      -12.41759285,                 1,    0.002864039036,  -0.0006249768723,                 0,                 0,                 0,   1.492862637e-05,    0.002864039036,  -0.0006249768723,                 0,     -0.2182152074
          0,           0,         989,      -10.02371492,      -8.500356834,       -9.63997216,       -12.4211236,                 1,     0.00286400179,  -0.0006250685674,                 0,                 0,                 0,   1.485846914e-05,     0.00286400179,  -0.0006250685674,                 0,     -0.2182500617
          0,           0,         990,      -10.02693917,      -8.503635868,      -9.643127596,      -12.42465481,                 1,    0.002863964832,  -0.0006251596304,                 0,                 0,                 0,   1.478875691e-05,    0.002863964832,  -0.0006251596304,                 0,     -0.2182846743
          0,           0,         991,      -10.03016416,      -8.506915564,      -9.646283844,      -12.42818648,                 1,    0.002863928159,  -0.0006252500654,                 0,                 0,                 0,    1.47194871e-05,    0.002863928159,  -0.0006252500654,                 0,     -0.2183190466
          0,           0,         992,      -10.03338987,      -8.510195922,      -9.649440904,      -12.43171861,                 1,     0.00286389177,  -0.0006253398764,                 0,                 0,                 0,   1.465065712e-05,     0.00286389177,  -0.0006253398764,                 0,     -0.2183531804
          0,           0,         993,      -10.03661631,      -8.513476942,      -9.652598774,      -12.43525118,                 1,    0.002863855663,  -0.0006254290676,                 0,                 0,                 0,   1.458226442e-05,    0.002863855663,  -0.0006254290676,                 0,     -0.2183870771
          0,           0,         994,      -10.03984348,      -8.516758624,      -9.655757455,      -12.43878422,                 1,    0.002863819835,  -0.0006255176431,                 0,                 0,                 0,   1.451430645e-05,    0.002863819835,  -0.0006255176431,                 0,     -0.2184207384
          0,           0,         995,      -10.04307137,      -8.520040967,      -9.658916945,      -12.44231771,                 1,    0.002863784285,  -0.0006256056068,                 0,                 0,                 0,   1.444678067e-05,    0.002863784285,  -0.0006256056068,                 0,     -0.2184541658
          0,           0,         996,      -10.04629999,      -8.523323971,      -9.662077244,      -12.44585165,                 1,    0.002863749009,  -0.0006256929629,                 0,                 0,                 0,   1.437968456e-05,    0.002863749009,  -0.0006256929629,                 0,     -0.2184873608
          0,           0,         997,      -10.04952933,      -8.526607637,      -9.665238351,      -12.44938605,                 1,    0.002863714007,  -0.0006257797153,                 0,                 0,                 0,   1.431301561e-05,    0.002863714007,  -0.0006257797153,                 0,     -0.2185203249
          0,           0,         998,       -10.0527594,      -8.529891963,      -9.668400266,       -12.4529209,                 1,    0.002863679276,  -0.0006258658679,                 0,                 0,                 0,   1.424677132e-05,    0.002863679276,  -0.0006258658679,                 0,     -0.2185530598
          0,           0,         999,      -10.05599019,      -8.533176949,      -9.671562987,      -12.45645621,                 1,    0.002863644814,  -0.0006259514248,                 0,                 0,                 0,   1.418094922e-05,    0.002863644814,  -0.0006259514248,                 0,     -0.2185855668
          0,           0,        1000,       -10.0592217,      -8.536462596,      -9.674726515,      -12.45999196,                 1,    0.002863610619,  -0.0006260363898,                 0,                 0,                 0,   1.411554682e-05,    0.002863610619,  -0.0006260363898,                 0,     -0.2186178476
          0,           0,        1001,      -10.06245394,      -8.539748902,      -9.677890848,      -12.46352817,                 1,    0.002863576688,  -0.0006261207668,                 0,                 0,                 0,   1.405056167e-05,    0.002863576688,  -0.0006261207668,                 0,     -0.2186499036
          0,           0,        1002,       -10.0656869,      -8.543035868,      -9.681055987,      -12.46706483,                 1,    0.002863543021,  -0.0006262045597,                 0,                 0,                 0,   1.398599132e-05,    0.002863543021,  -0.0006262045597,                 0,     -0.2186817363
          0,           0,        1003,      -10.06892058,      -8.546323493,      -9.684221929,      -12.47060194,                 1,    0.002863509614,  -0.0006262877724,                 0,                 0,                 0,   1.392183335e-05,    0.002863509614,  -0.0006262877724,                 0,     -0.2187133472
          0,           0,        1004,      -10.07215498,      -8.549611778,      -9.687388675,       -12.4741395,                 1,    0.002863476467,  -0.0006263704086,                 0,                 0,                 0,   1.385808532e-05,    0.002863476467,  -0.0006263704086,                 0,     -0.2187447377
          0,           0,        1005,       -10.0753901,      -8.552900721,      -9.690556225,      -12.47767752,                 1,    0.002863443576,  -0.0006264524722,                 0,                 0,                 0,   1.379474482e-05,    0.002863443576,  -0.0006264524722,                 0,     -0.2187759093
          0,           0,        1006,      -10.07862594,      -8.556190322,      -9.693724577,      -12.48121598,                 1,    0.002863410941,   -0.000626533967,                 0,                 0,                 0,   1.373180947e-05,    0.002863410941,   -0.000626533967,                 0,     -0.2188068636
          0,           0,        1007,       -10.0818625,      -8.559480582,       -9.69689373,      -12.48475489,                 1,    0.002863378558,  -0.0006266148966,                 0,                 0,                 0,   1.366927688e-05,    0.002863378558,  -0.0006266148966,                 0,     -0.2188376018
          0,           0,        1008,      -10.08509978,      -8.562771501,      -9.700063685,      -12.48829425,                 1,    0.002863346427,  -0.0006266952649,                 0,                 0,                 0,   1.360714467e-05,    0.002863346427,  -0.0006266952649,                 0,     -0.2188681254
          0,           0,        1009,      -10.08833778,      -8.566063076,       -9.70323444,      -12.49183405,                 1,    0.002863314545,  -0.0006267750756,                 0,                 0,                 0,   1.354541048e-05,    0.002863314545,  -0.0006267750756,                 0,      -0.218898436
          0,           0,        1010,      -10.09157649,       -8.56935531,      -9.706405995,      -12.49537431,                 1,     0.00286328291,  -0.0006268543322,                 0,                 0,                 0,   1.348407197e-05,     0.00286328291,  -0.0006268543322,                 0,     -0.2189285348
          0,           0,        1011,      -10.09481593,        -8.5726482,       -9.70957835,      -12.49891501,                 1,    0.002863251521,  -0.0006269330386,                 0,                 0,                 0,   1.342312681e-05,    0.002863251521,  -0.0006269330386,                 0,     -0.2189584233
          0,           0,        1012,      -10.09805608,      -8.575941747,      -9.712751503,      -12.50245616,                 1,    0.002863220375,  -0.0006270111982,                 0,                 0,                 0,   1.336257266e-05,    0.002863220375,  -0.0006270111982,                 0,      -0.218988103
          0,           0,        1013,      -10.10129695,      -8.579235951,      -9.715925454,      -12.50599775,                 1,    0.002863189471,  -0.0006270888148,                 0,                 0,                 0,   1.330240722e-05,    0.002863189471,  -0.0006270888148,                 0,     -0.2190175751
          0,           0,        1014,      -10.10453853,      -8.582530812,      -9.719100203,      -12.50953979,                 1,    0.002863158807,   -0.000627165892,                 0,                 0,                 0,   1.324262819e-05,    0.002863158807,   -0.000627165892,                 0,      -0.219046841
          0,           0,        1015,      -10.10778083,      -8.585826329,      -9.722275748,      -12.51308228,                 1,    0.002863128381,  -0.0006272424332,                 0,                 0,                 0,   1.318323327e-05,    0.002863128381,  -0.0006272424332,                 0,     -0.2190759022
          0,           0,        1016,      -10.11102384,      -8.589122501,       -9.72545209,      -12.51662521,                 1,    0.002863098191,  -0.0006273184421,                 0,                 0,                 0,    1.31242202e-05,    0.002863098191,  -0.0006273184421,                 0,       -0.21910476
          0,           0,        1017,      -10.11426757,      -8.592419329,      -9.728629227,      -12.52016859,                 1,    0.002863068236,  -0.0006273939222,                 0,                 0,                 0,   1.306558671e-05,    0.002863068236,  -0.0006273939222,                 0,     -0.2191334158
          0,           0,        1018,      -10.11751202,      -8.595716813,       -9.73180716,       -12.5237124,                 1,    0.002863038513,   -0.000627468877,                 0,                 0,                 0,   1.300733055e-05,    0.002863038513,   -0.000627468877,                 0,     -0.2191618709
          0,           0,        1019,      -10.12075717,      -8.599014951,      -9.734985886,      -12.52725667,                 1,    0.002863009022,    -0.00062754331,                 0,                 0,                 0,   1.294944948e-05,    0.002863009022,    -0.00062754331,                 0,     -0.2191901266
          0,           0,        1020,      -10.12400304,      -8.602313745,      -9.738165406,      -12.53080137,                 1,    0.002862979759,  -0.0006276172246,                 0,                 0,                 0,   1.289194127e-05,    0.002862979759,  -0.0006276172246,                 0,     -0.2192181843
          0,           0,        1021,      -10.12724963,      -8.605613192,       -9.74134572,      -12.53434652,                 1,    0.002862950724,  -0.0006276906242,                 0,                 0,                 0,    1.28348037e-05,    0.002862950724,  -0.0006276906242,                 0,     -0.2192460453
          0,           0,        1022,      -10.13049692,      -8.608913295,      -9.744526826,      -12.53789211,                 1,    0.002862921915,  -0.0006277635124,                 0,                 0,                 0,   1.277803456e-05,    0.002862921915,  -0.0006277635124,                 0,      -0.219273711
          0,           0,        1023,      -10.13374493,      -8.612214051,      -9.747708724,      -12.54143814,                 1,    0.002862893329,  -0.0006278358925,                 0,                 0,                 0,   1.272163167e-05,    0.002862893329,  -0.0006278358925,                 0,     -0.2193011825
          0,           0,        1024,      -10.13699364,      -8.615515461,      -9.750891413,      -12.54498462,                 1,    0.002862864966,  -0.0006279077678,                 0,                 0,                 0,   1.266559285e-05,    0.002862864966,  -0.0006279077678,                 0,     -0.2193284613
          0,           0,        1025,      -10.14024307,      -8.618817524,      -9.754074894,      -12.54853153,                 1,    0.002862836823,  -0.0006279791417,                 0,                 0,                 0,   1.260991591e-05,    0.002862836823,  -0.0006279791417,                 0,     -0.2193555485
          0,           0,        1026,      -10.14349321,      -8.622120241,      -9.757259164,      -12.55207888,                 1,    0.002862808899,  -0.0006280500177,                 0,                 0,                 0,   1.255459871e-05,    0.002862808899,  -0.0006280500177,                 0,     -0.2193824456
          0,           0,        1027,      -10.14674406,       -8.62542361,      -9.760444224,      -12.55562668,                 1,    0.002862781193,  -0.0006281203988,                 0,                 0,                 0,   1.249963908e-05,    0.002862781193,  -0.0006281203988,                 0,     -0.2194091537
          0,           0,        1028,      -10.14999562,      -8.628727632,      -9.763630074,      -12.55917491,                 1,    0.002862753702,  -0.0006281902886,                 0,                 0,                 0,   1.244503491e-05,    0.002862753702,  -0.0006281902886,                 0,     -0.2194356742
          0,           0,        1029,      -10.15324789,      -8.632032307,      -9.766816711,      -12.56272358,                 1,    0.002862726425,  -0.0006282596902,                 0,                 0,                 0,   1.239078406e-05,    0.002862726425,  -0.0006282596902,                 0,     -0.2194620082
          0,           0,        1030,      -10.15650086,      -8.635337633,      -9.770004137,      -12.56627269,                 1,     0.00286269936,  -0.0006283286069,                 0,                 0,                 0,   1.233688441e-05,     0.00286269936,  -0.0006283286069,                 0,     -0.2194881571
          0,           0,        1031,      -10.15975454,      -8.638643612,      -9.773192349,      -12.56982224,                 1,    0.002862672506,  -0.0006283970419,                 0,                 0,                 0,   1.228333387e-05,    0.002862672506,  -0.0006283970419,                 0,     -0.2195141221
          0,           0,        1032,      -10.16300894,      -8.641950242,      -9.776381349,      -12.57337223,                 1,     0.00286264586,  -0.0006284649985,                 0,                 0,                 0,   1.223013035e-05,     0.00286264586,  -0.0006284649985,                 0,     -0.2195399044
          0,           0,        1033,      -10.16626403,      -8.645257523,      -9.779571134,      -12.57692265,                 1,    0.002862619423,  -0.0006285324797,                 0,                 0,                 0,   1.217727175e-05,    0.002862619423,  -0.0006285324797,                 0,     -0.2195655052
          0,           0,        1034,      -10.16951984,      -8.648565456,      -9.782761705,      -12.58047351,                 1,    0.002862593191,  -0.0006285994889,                 0,                 0,                 0,   1.212475602e-05,    0.002862593191,  -0.0006285994889,                 0,     -0.2195909258
          0,           0,        1035,      -10.17277635,      -8.651874039,      -9.785953061,      -12.58402481,                 1,    0.002862567163,  -0.0006286660291,                 0,                 0,                 0,    1.20725811e-05,    0.002862567163,  -0.0006286660291,                 0,     -0.2196161673
          0,           0,        1036,      -10.17603356,      -8.655183272,      -9.789145202,      -12.58757654,                 1,    0.002862541338,  -0.0006287321035,                 0,                 0,                 0,   1.202074493e-05,    0.002862541338,  -0.0006287321035,                 0,     -0.2196412311
          0,           0,        1037,      -10.17929149,      -8.658493156,      -9.792338126,      -12.59112871,                 1,    0.002862515715,  -0.0006287977152,                 0,                 0,                 0,   1.196924548e-05,    0.002862515715,  -0.0006287977152,                 0,     -0.2196661182
          0,           0,        1038,      -10.18255011,       -8.66180369,      -9.795531833,      -12.59468131,                 1,    0.002862490291,  -0.0006288628673,                 0,                 0,                 0,   1.191808072e-05,    0.002862490291,  -0.0006288628673,                 0,     -0.2196908298
          0,           0,        1039,      -10.18580944,      -8.665114873,      -9.798726323,      -12.59823435,                 1,    0.002862465065,  -0.0006289275629,                 0,                 0,                 0,   1.186724865e-05,    0.002862465065,  -0.0006289275629,                 0,     -0.2197153672
          0,           0,        1040,      -10.18906948,      -8.668426706,      -9.801921596,      -12.60178782,                 1,    0.002862440036,  -0.0006289918049,                 0,                 0,                 0,   1.181674725e-05,    0.002862440036,  -0.0006289918049,                 0,     -0.2197397315
          0,           0,        1041,      -10.19233021,      -8.671739188,       -9.80511765,      -12.60534173,                 1,    0.002862415201,  -0.0006290555965,                 0,                 0,                 0,   1.176657453e-05,    0.002862415201,  -0.0006290555965,                 0,     -0.2197639239
          0,           0,        1042,      -10.19559165,      -8.675052319,      -9.808314485,      -12.60889606,                 1,    0.002862390561,  -0.0006291189407,                 0,                 0,                 0,   1.171672851e-05,    0.002862390561,  -0.0006291189407,                 0,     -0.2197879455
          0,           0,        1043,       -10.1988538,      -8.678366098,      -9.811512101,      -12.61245084,                 1,    0.002862366112,  -0.0006291818404,                 0,                 0,                 0,   1.166720721e-05,    0.002862366112,  -0.0006291818404,                 0,     -0.2198117976
          0,           0,        1044,      -10.20211664,      -8.681680526,      -9.814710496,      -12.61600604,                 1,    0.002862341855,  -0.0006292442987,                 0,                 0,                 0,   1.161800868e-05,    0.002862341855,  -0.0006292442987,                 0,     -0.2198354811
          0,           0,        1045,      -10.20538019,      -8.684995601,       -9.81790967,      -12.61956167,                 1,    0.002862317786,  -0.0006293063184,                 0,                 0,                 0,   1.156913097e-05,    0.002862317786,  -0.0006293063184,                 0,     -0.2198589973
          0,           0,        1046,      -10.20864444,      -8.688311325,      -9.821109624,      -12.62311774,                 1,    0.002862293905,  -0.0006293679026,                 0,                 0,                 0,   1.152057213e-05,    0.002862293905,  -0.0006293679026,                 0,     -0.2198823473
          0,           0,        1047,      -10.21190939,      -8.691627695,      -9.824310356,      -12.62667424,                 1,    0.002862270211,  -0.0006294290542,                 0,                 0,                 0,   1.147233023e-05,    0.002862270211,  -0.0006294290542,                 0,     -0.2199055323
          0,           0,        1048,      -10.21517503,      -8.694944713,      -9.827511866,      -12.63023116,                 1,    0.002862246701,   -0.000629489776,                 0,                 0,                 0,   1.142440335e-05,    0.002862246701,   -0.000629489776,                 0,     -0.2199285533
          0,           0,        1049,      -10.21844138,      -8.698262378,      -9.830714153,      -12.63378852,                 1,    0.002862223375,  -0.0006295500709,                 0,                 0,                 0,   1.137678959e-05,    0.002862223375,  -0.0006295500709,                 0,     -0.2199514114
          0,           0,        1050,      -10.22170843,       -8.70158069,      -9.833917216,      -12.63734631,                 1,    0.002862200231,  -0.0006296099419,                 0,                 0,                 0,   1.132948704e-05,    0.002862200231,  -0.0006296099419,                 0,     -0.2199741077
          0,           0,        1051,      -10.22497618,      -8.704899648,      -9.837121056,      -12.64090453,                 1,    0.002862177267,  -0.0006296693917,                 0,                 0,                 0,   1.128249382e-05,    0.002862177267,  -0.0006296693917,                 0,     -0.2199966434
          0,           0,        1052,      -10.22824463,      -8.708219252,      -9.840325671,      -12.64446317,                 1,    0.002862154483,  -0.0006297284232,                 0,                 0,                 0,   1.123580805e-05,    0.002862154483,  -0.0006297284232,                 0,     -0.2200190196
          0,           0,        1053,      -10.23151377,      -8.711539501,      -9.843531062,      -12.64802224,                 1,    0.002862131877,  -0.0006297870392,                 0,                 0,                 0,   1.118942785e-05,    0.002862131877,  -0.0006297870392,                 0,     -0.2200412372
          0,           0,        1054,      -10.23478361,      -8.714860397,      -9.846737227,      -12.65158174,                 1,    0.002862109447,  -0.0006298452425,                 0,                 0,                 0,   1.114335138e-05,    0.002862109447,  -0.0006298452425,                 0,     -0.2200632974
          0,           0,        1055,      -10.23805415,      -8.718181937,      -9.849944165,      -12.65514167,                 1,    0.002862087193,  -0.0006299030358,                 0,                 0,                 0,   1.109757678e-05,    0.002862087193,  -0.0006299030358,                 0,     -0.2200852013
          0,           0,        1056,      -10.24132539,      -8.721504123,      -9.853151878,      -12.65870203,                 1,    0.002862065112,   -0.000629960422,                 0,                 0,                 0,   1.105210221e-05,    0.002862065112,   -0.000629960422,                 0,     -0.2201069498
          0,           0,        1057,      -10.24459732,      -8.724826953,      -9.856360363,      -12.66226281,                 1,    0.002862043204,  -0.0006300174038,                 0,                 0,                 0,   1.100692585e-05,    0.002862043204,  -0.0006300174038,                 0,     -0.2201285442
          0,           0,        1058,      -10.24786995,      -8.728150427,      -9.859569621,      -12.66582402,                 1,    0.002862021467,  -0.0006300739838,                 0,                 0,                 0,   1.096204588e-05,    0.002862021467,  -0.0006300739838,                 0,     -0.2201499853
          0,           0,        1059,      -10.25114327,      -8.731474546,       -9.86277965,      -12.66938565,                 1,      0.0028619999,  -0.0006301301649,                 0,                 0,                 0,   1.091746049e-05,      0.0028619999,  -0.0006301301649,                 0,     -0.2201712743
          0,           0,        1060,      -10.25441729,      -8.734799309,      -9.865990451,      -12.67294771,                 1,    0.002861978501,  -0.0006301859496,                 0,                 0,                 0,   1.087316788e-05,    0.002861978501,  -0.0006301859496,                 0,     -0.2201924121
          0,           0,        1061,        -10.257692,      -8.738124715,      -9.869202023,      -12.67651019,                 1,     0.00286195727,  -0.0006302413408,                 0,                 0,                 0,   1.082916627e-05,     0.00286195727,  -0.0006302413408,                 0,     -0.2202133999
          0,           0,        1062,      -10.26096741,      -8.741450764,      -9.872414366,       -12.6800731,                 1,    0.002861936205,  -0.0006302963409,                 0,                 0,                 0,   1.078545387e-05,    0.002861936205,  -0.0006302963409,                 0,     -0.2202342385
          0,           0,        1063,      -10.26424351,      -8.744777456,      -9.875627478,      -12.68363643,                 1,    0.002861915305,  -0.0006303509527,                 0,                 0,                 0,   1.074202892e-05,    0.002861915305,  -0.0006303509527,                 0,     -0.2202549291
          0,           0,        1064,      -10.26752031,      -8.748104791,      -9.878841359,      -12.68720019,                 1,    0.002861894568,  -0.0006304051787,                 0,                 0,                 0,   1.069888965e-05,    0.002861894568,  -0.0006304051787,                 0,     -0.2202754727
          0,           0,        1065,       -10.2707978,      -8.751432768,       -9.88205601,      -12.69076436,                 1,    0.002861873993,  -0.0006304590217,                 0,                 0,                 0,   1.065603432e-05,    0.002861873993,  -0.0006304590217,                 0,     -0.2202958702
          0,           0,        1066,      -10.27407598,      -8.754761388,      -9.885271428,      -12.69432896,                 1,    0.002861853579,  -0.0006305124841,                 0,                 0,                 0,   1.061346119e-05,    0.002861853579,  -0.0006305124841,                 0,     -0.2203161226
          0,           0,        1067,      -10.27735485,      -8.758090649,      -9.888487614,      -12.69789398,                 1,    0.002861833325,  -0.0006305655685,                 0,                 0,                 0,   1.057116853e-05,    0.002861833325,  -0.0006305655685,                 0,      -0.220336231
          0,           0,        1068,      -10.28063442,      -8.761420552,      -9.891704569,      -12.70145943,                 1,     0.00286181323,  -0.0006306182776,                 0,                 0,                 0,   1.052915461e-05,     0.00286181323,  -0.0006306182776,                 0,     -0.2203561962
          0,           0,        1069,      -10.28391468,      -8.764751096,      -9.894922289,      -12.70502529,                 1,    0.002861793291,  -0.0006306706138,                 0,                 0,                 0,   1.048741773e-05,    0.002861793291,  -0.0006306706138,                 0,     -0.2203760193
          0,           0,        1070,      -10.28719562,      -8.768082281,      -9.898140777,      -12.70859158,                 1,    0.002861773509,  -0.0006307225796,                 0,                 0,                 0,   1.044595618e-05,    0.002861773509,  -0.0006307225796,                 0,     -0.2203957013
          0,           0,        1071,      -10.29047726,      -8.771414107,      -9.901360029,      -12.71215828,                 1,    0.002861753882,  -0.0006307741776,                 0,                 0,                 0,   1.040476827e-05,    0.002861753882,  -0.0006307741776,                 0,     -0.2204152431
          0,           0,        1072,      -10.29375959,      -8.774746573,      -9.904580047,       -12.7157254,                 1,    0.002861734408,  -0.0006308254103,                 0,                 0,                 0,   1.036385232e-05,    0.002861734408,  -0.0006308254103,                 0,     -0.2204346457
          0,           0,        1073,      -10.29704261,      -8.778079679,       -9.90780083,      -12.71929295,                 1,    0.002861715087,  -0.0006308762801,                 0,                 0,                 0,   1.032320665e-05,    0.002861715087,  -0.0006308762801,                 0,     -0.2204539099
          0,           0,        1074,      -10.30032632,      -8.781413425,      -9.911022378,      -12.72286091,                 1,    0.002861695918,  -0.0006309267895,                 0,                 0,                 0,   1.028282961e-05,    0.002861695918,  -0.0006309267895,                 0,     -0.2204730368
          0,           0,        1075,      -10.30361072,      -8.784747811,      -9.914244689,      -12.72642929,                 1,    0.002861676898,  -0.0006309769409,                 0,                 0,                 0,   1.024271952e-05,    0.002861676898,  -0.0006309769409,                 0,     -0.2204920274
          0,           0,        1076,       -10.3068958,      -8.788082836,      -9.917467764,      -12.72999809,                 1,    0.002861658027,  -0.0006310267368,                 0,                 0,                 0,   1.020287476e-05,    0.002861658027,  -0.0006310267368,                 0,     -0.2205108824
          0,           0,        1077,      -10.31018158,      -8.791418499,      -9.920691602,       -12.7335673,                 1,    0.002861639305,  -0.0006310761796,                 0,                 0,                 0,   1.016329368e-05,    0.002861639305,  -0.0006310761796,                 0,     -0.2205296029
          0,           0,        1078,      -10.31346804,      -8.794754802,      -9.923916202,      -12.73713693,                 1,    0.002861620729,  -0.0006311252717,                 0,                 0,                 0,   1.012397465e-05,    0.002861620729,  -0.0006311252717,                 0,     -0.2205481898
          0,           0,        1079,      -10.31675519,      -8.798091742,      -9.927141564,      -12.74070698,                 1,    0.002861602299,  -0.0006311740154,                 0,                 0,                 0,   1.008491605e-05,    0.002861602299,  -0.0006311740154,                 0,      -0.220566644
          0,           0,        1080,      -10.32004303,      -8.801429321,      -9.930367688,      -12.74427744,                 1,    0.002861584013,  -0.0006312224131,                 0,                 0,                 0,   1.004611628e-05,    0.002861584013,  -0.0006312224131,                 0,     -0.2205849663
          0,           0,        1081,      -10.32333155,      -8.804767538,      -9.933594573,      -12.74784832,                 1,     0.00286156587,  -0.0006312704672,                 0,                 0,                 0,   1.000757374e-05,     0.00286156587,  -0.0006312704672,                 0,     -0.2206031578
          0,           0,        1082,      -10.32662076,      -8.808106392,      -9.936822218,      -12.75141962,                 1,     0.00286154787,    -0.00063131818,                 0,                 0,                 0,   9.969286826e-06,     0.00286154787,    -0.00063131818,                 0,     -0.2206212192
          0,           0,        1083,      -10.32991066,      -8.811445883,      -9.940050623,      -12.75499132,                 1,    0.002861530011,  -0.0006313655538,                 0,                 0,                 0,   9.931253964e-06,    0.002861530011,  -0.0006313655538,                 0,     -0.2206391516
          0,           0,        1084,      -10.33320124,      -8.814786011,      -9.943279788,      -12.75856344,                 1,    0.002861512292,   -0.000631412591,                 0,                 0,                 0,   9.893473579e-06,    0.002861512292,   -0.000631412591,                 0,     -0.2206569557
          0,           0,        1085,      -10.33649251,      -8.818126775,      -9.946509712,      -12.76213598,                 1,    0.002861494712,  -0.0006314592938,                 0,                 0,                 0,   9.855944104e-06,    0.002861494712,  -0.0006314592938,                 0,     -0.2206746324
          0,           0,        1086,      -10.33978446,      -8.821468176,      -9.949740395,      -12.76570893,                 1,     0.00286147727,  -0.0006315056644,                 0,                 0,                 0,   9.818663984e-06,     0.00286147727,  -0.0006315056644,                 0,     -0.2206921827
          0,           0,        1087,       -10.3430771,      -8.824810213,      -9.952971836,      -12.76928229,                 1,    0.002861459965,  -0.0006315517053,                 0,                 0,                 0,   9.781631671e-06,    0.002861459965,  -0.0006315517053,                 0,     -0.2207096074
          0,           0,        1088,      -10.34637042,      -8.828152885,      -9.956204034,      -12.77285606,                 1,    0.002861442795,  -0.0006315974186,                 0,                 0,                 0,   9.744845626e-06,    0.002861442795,  -0.0006315974186,                 0,     -0.2207269073
          0,           0,        1089,      -10.34966442,      -8.831496193,      -9.959436989,      -12.77643025,                 1,    0.002861425761,  -0.0006316428065,                 0,                 0,                 0,   9.708304318e-06,    0.002861425761,  -0.0006316428065,                 0,     -0.2207440833
          0,           0,        1090,      -10.35295911,      -8.834840136,      -9.962670701,      -12.78000485,                 1,     0.00286140886,  -0.0006316878712,                 0,                 0,                 0,   9.672006226e-06,     0.00286140886,  -0.0006316878712,                 0,     -0.2207611363
          0,           0,        1091,      -10.35625447,      -8.838184713,      -9.965905169,      -12.78357986,                 1,    0.002861392092,  -0.0006317326151,                 0,                 0,                 0,   9.635949838e-06,    0.002861392092,  -0.0006317326151,                 0,      -0.220778067
          0,           0,        1092,      -10.35955053,      -8.841529925,      -9.969140394,      -12.78715527,                 1,    0.002861375455,  -0.0006317770401,                 0,                 0,                 0,   9.600133647e-06,    0.002861375455,  -0.0006317770401,                 0,     -0.2207948765
          0,           0,        1093,      -10.36284726,      -8.844875772,      -9.972376373,       -12.7907311,                 1,    0.002861358949,  -0.0006318211487,                 0,                 0,                 0,   9.564556159e-06,    0.002861358949,  -0.0006318211487,                 0,     -0.2208115654
          0,           0,        1094,      -10.36614468,      -8.848222251,      -9.975613108,      -12.79430734,                 1,    0.002861342573,  -0.0006318649428,                 0,                 0,                 0,   9.529215885e-06,    0.002861342573,  -0.0006318649428,                 0,     -0.2208281346
          0,           0,        1095,      -10.36944277,      -8.851569365,      -9.978850596,      -12.79788399,                 1,    0.002861326326,  -0.0006319084246,                 0,                 0,                 0,   9.494111347e-06,    0.002861326326,  -0.0006319084246,                 0,     -0.2208445849
          0,           0,        1096,      -10.37274155,      -8.854917112,      -9.982088839,      -12.80146104,                 1,    0.002861310206,  -0.0006319515963,                 0,                 0,                 0,   9.459241073e-06,    0.002861310206,  -0.0006319515963,                 0,     -0.2208609172
          0,           0,        1097,      -10.37604101,      -8.858265491,      -9.985327835,      -12.80503851,                 1,    0.002861294213,  -0.0006319944601,                 0,                 0,                 0,   9.424603602e-06,    0.002861294213,  -0.0006319944601,                 0,     -0.2208771322
          0,           0,        1098,      -10.37934114,      -8.861614504,      -9.988567584,      -12.80861638,                 1,    0.002861278345,  -0.0006320370179,                 0,                 0,                 0,   9.390197477e-06,    0.002861278345,  -0.0006320370179,                 0,     -0.2208932308
          0,           0,        1099,      -10.38264196,      -8.864964148,      -9.991808085,      -12.81219466,                 1,    0.002861262602,  -0.0006320792719,                 0,                 0,                 0,   9.356021255e-06,    0.002861262602,  -0.0006320792719,                 0,     -0.2209092138
          0,           0,        1100,      -10.38594346,      -8.868314425,      -9.995049339,      -12.81577334,                 1,    0.002861246983,  -0.0006321212242,                 0,                 0,                 0,   9.322073497e-06,    0.002861246983,  -0.0006321212242,                 0,     -0.2209250819
          0,           0,        1101,      -10.38924564,      -8.871665333,      -9.998291345,      -12.81935243,                 1,    0.002861231487,  -0.0006321628768,                 0,                 0,                 0,   9.288352773e-06,    0.002861231487,  -0.0006321628768,                 0,      -0.220940836
          0,           0,        1102,      -10.39254849,      -8.875016873,       -10.0015341,      -12.82293193,                 1,    0.002861216113,  -0.0006322042318,                 0,                 0,                 0,   9.254857661e-06,    0.002861216113,  -0.0006322042318,                 0,     -0.2209564769
          0,           0,        1103,      -10.39585202,      -8.878369043,      -10.00477761,      -12.82651183,                 1,    0.002861200859,  -0.0006322452912,                 0,                 0,                 0,   9.221586749e-06,    0.002861200859,  -0.0006322452912,                 0,     -0.2209720052
          0,           0,        1104,      -10.39915623,      -8.881721845,      -10.00802186,      -12.83009214,                 1,    0.002861185726,  -0.0006322860571,                 0,                 0,                 0,   9.188538631e-06,    0.002861185726,  -0.0006322860571,                 0,     -0.2209874219
          0,           0,        1105,      -10.40246112,      -8.885075276,      -10.01126687,      -12.83367285,                 1,    0.002861170711,  -0.0006323265315,                 0,                 0,                 0,    9.15571191e-06,    0.002861170711,  -0.0006323265315,                 0,     -0.2210027276
          0,           0,        1106,      -10.40576668,      -8.888429338,      -10.01451263,      -12.83725396,                 1,    0.002861155815,  -0.0006323667163,                 0,                 0,                 0,   9.123105196e-06,    0.002861155815,  -0.0006323667163,                 0,     -0.2210179232
          0,           0,        1107,      -10.40907292,       -8.89178403,      -10.01775913,      -12.84083548,                 1,    0.002861141036,  -0.0006324066135,                 0,                 0,                 0,   9.090717108e-06,    0.002861141036,  -0.0006324066135,                 0,     -0.2210330094
          0,           0,        1108,      -10.41237984,      -8.895139351,      -10.02100639,       -12.8444174,                 1,    0.002861126373,  -0.0006324462252,                 0,                 0,                 0,   9.058546273e-06,    0.002861126373,  -0.0006324462252,                 0,      -0.221047987
          0,           0,        1109,      -10.41568743,      -8.898495302,      -10.02425439,      -12.84799972,                 1,    0.002861111826,  -0.0006324855533,                 0,                 0,                 0,   9.026591324e-06,    0.002861111826,  -0.0006324855533,                 0,     -0.2210628566
          0,           0,        1110,       -10.4189957,      -8.901851881,      -10.02750314,      -12.85158245,                 1,    0.002861097393,  -0.0006325245997,                 0,                 0,                 0,   8.994850905e-06,    0.002861097393,  -0.0006325245997,                 0,     -0.2210776191
          0,           0,        1111,      -10.42230465,      -8.905209088,      -10.03075263,      -12.85516558,                 1,    0.002861083074,  -0.0006325633664,                 0,                 0,                 0,   8.963323663e-06,    0.002861083074,  -0.0006325633664,                 0,     -0.2210922752
          0,           0,        1112,      -10.42561427,      -8.908566924,      -10.03400288,       -12.8587491,                 1,    0.002861068867,  -0.0006326018552,                 0,                 0,                 0,   8.932008259e-06,    0.002861068867,  -0.0006326018552,                 0,     -0.2211068257
          0,           0,        1113,      -10.42892456,      -8.911925388,      -10.03725386,      -12.86233303,                 1,    0.002861054772,  -0.0006326400682,                 0,                 0,                 0,   8.900903356e-06,    0.002861054772,  -0.0006326400682,                 0,     -0.2211212712
          0,           0,        1114,      -10.43223553,      -8.915284479,       -10.0405056,      -12.86591736,                 1,    0.002861040789,  -0.0006326780071,                 0,                 0,                 0,   8.870007627e-06,    0.002861040789,  -0.0006326780071,                 0,     -0.2211356125
          0,           0,        1115,      -10.43554716,      -8.918644198,      -10.04375808,      -12.86950208,                 1,    0.002861026915,  -0.0006327156739,                 0,                 0,                 0,   8.839319755e-06,    0.002861026915,  -0.0006327156739,                 0,     -0.2211498503
          0,           0,        1116,      -10.43885948,      -8.922004543,       -10.0470113,      -12.87308721,                 1,    0.002861013151,  -0.0006327530705,                 0,                 0,                 0,   8.808838426e-06,    0.002861013151,  -0.0006327530705,                 0,     -0.2211639853
          0,           0,        1117,      -10.44217246,      -8.925365515,      -10.05026527,      -12.87667273,                 1,    0.002860999495,  -0.0006327901987,                 0,                 0,                 0,   8.778562336e-06,    0.002860999495,  -0.0006327901987,                 0,     -0.2211780183
          0,           0,        1118,      -10.44548612,      -8.928727113,      -10.05351999,      -12.88025865,                 1,    0.002860985947,  -0.0006328270604,                 0,                 0,                 0,   8.748490189e-06,    0.002860985947,  -0.0006328270604,                 0,     -0.2211919499
          0,           0,        1119,      -10.44880045,      -8.932089338,      -10.05677544,      -12.88384497,                 1,    0.002860972506,  -0.0006328636573,                 0,                 0,                 0,   8.718620695e-06,    0.002860972506,  -0.0006328636573,                 0,     -0.2212057809
          0,           0,        1120,      -10.45211546,      -8.935452187,      -10.06003164,      -12.88743169,                 1,    0.002860959171,  -0.0006328999914,                 0,                 0,                 0,   8.688952574e-06,    0.002860959171,  -0.0006328999914,                 0,     -0.2212195119
          0,           0,        1121,      -10.45543113,      -8.938815662,      -10.06328858,       -12.8910188,                 1,     0.00286094594,  -0.0006329360644,                 0,                 0,                 0,   8.659484549e-06,     0.00286094594,  -0.0006329360644,                 0,     -0.2212331437
          0,           0,        1122,      -10.45874748,      -8.942179762,      -10.06654627,      -12.89460631,                 1,    0.002860932814,  -0.0006329718782,                 0,                 0,                 0,   8.630215356e-06,    0.002860932814,  -0.0006329718782,                 0,      -0.221246677
          0,           0,        1123,      -10.46206449,      -8.945544487,      -10.06980469,      -12.89819421,                 1,    0.002860919792,  -0.0006330074344,                 0,                 0,                 0,   8.601143733e-06,    0.002860919792,  -0.0006330074344,                 0,     -0.2212601123
          0,           0,        1124,      -10.46538218,      -8.948909835,      -10.07306386,      -12.90178251,                 1,    0.002860906872,   -0.000633042735,                 0,                 0,                 0,   8.572268428e-06,    0.002860906872,   -0.000633042735,                 0,     -0.2212734504
          0,           0,        1125,      -10.46870053,      -8.952275808,      -10.07632377,       -12.9053712,                 1,    0.002860894054,  -0.0006330777816,                 0,                 0,                 0,   8.543588197e-06,    0.002860894054,  -0.0006330777816,                 0,     -0.2212866921
          0,           0,        1126,      -10.47201956,      -8.955642404,      -10.07958442,      -12.90896028,                 1,    0.002860881338,  -0.0006331125761,                 0,                 0,                 0,     8.5151018e-06,    0.002860881338,  -0.0006331125761,                 0,     -0.2212998378
          0,           0,        1127,      -10.47533925,      -8.959009624,      -10.08284581,      -12.91254976,                 1,    0.002860868721,  -0.0006331471201,                 0,                 0,                 0,   8.486808009e-06,    0.002860868721,  -0.0006331471201,                 0,     -0.2213128884
          0,           0,        1128,      -10.47865962,      -8.962377466,      -10.08610793,      -12.91613963,                 1,    0.002860856204,  -0.0006331814154,                 0,                 0,                 0,   8.458705598e-06,    0.002860856204,  -0.0006331814154,                 0,     -0.2213258445
          0,           0,        1129,      -10.48198065,      -8.965745931,       -10.0893708,      -12.91972989,                 1,    0.002860843786,  -0.0006332154637,                 0,                 0,                 0,   8.430793353e-06,    0.002860843786,  -0.0006332154637,                 0,     -0.2213387067
          0,           0,        1130,      -10.48530235,      -8.969115019,      -10.09263441,      -12.92332054,                 1,    0.002860831466,  -0.0006332492667,                 0,                 0,                 0,   8.403070062e-06,    0.002860831466,  -0.0006332492667,                 0,     -0.2213514757
          0,           0,        1131,      -10.48862472,      -8.972484728,      -10.09589875,      -12.92691159,                 1,    0.002860819243,  -0.0006332828261,                 0,                 0,                 0,   8.375534524e-06,    0.002860819243,  -0.0006332828261,                 0,     -0.2213641521
          0,           0,        1132,      -10.49194775,      -8.975855058,      -10.09916384,      -12.93050302,                 1,    0.002860807117,  -0.0006333161436,                 0,                 0,                 0,   8.348185544e-06,    0.002860807117,  -0.0006333161436,                 0,     -0.2213767366
          0,           0,        1133,      -10.49527145,       -8.97922601,      -10.10242966,      -12.93409484,                 1,    0.002860795086,  -0.0006333492209,                 0,                 0,                 0,   8.321021934e-06,    0.002860795086,  -0.0006333492209,                 0,     -0.2213892299
          0,           0,        1134,      -10.49859582,      -8.982597583,      -10.10569621,      -12.93768706,                 1,    0.002860783151,  -0.0006333820597,                 0,                 0,                 0,   8.294042511e-06,    0.002860783151,  -0.0006333820597,                 0,     -0.2214016325
          0,           0,        1135,      -10.50192085,      -8.985969776,      -10.10896351,      -12.94127966,                 1,    0.002860771309,  -0.0006334146615,                 0,                 0,                 0,   8.267246101e-06,    0.002860771309,  -0.0006334146615,                 0,     -0.2214139451
          0,           0,        1136,      -10.50524655,      -8.989342589,      -10.11223154,      -12.94487265,                 1,    0.002860759561,   -0.000633447028,                 0,                 0,                 0,   8.240631538e-06,    0.002860759561,   -0.000633447028,                 0,     -0.2214261683
          0,           0,        1137,      -10.50857292,      -8.992716022,       -10.1155003,      -12.94846602,                 1,    0.002860747906,  -0.0006334791609,                 0,                 0,                 0,   8.214197659e-06,    0.002860747906,  -0.0006334791609,                 0,     -0.2214383027
          0,           0,        1138,      -10.51189995,      -8.996090075,       -10.1187698,      -12.95205979,                 1,    0.002860736343,  -0.0006335110618,                 0,                 0,                 0,   8.187943311e-06,    0.002860736343,  -0.0006335110618,                 0,     -0.2214503491
          0,           0,        1139,      -10.51522764,      -8.999464747,      -10.12204004,      -12.95565393,                 1,    0.002860724872,  -0.0006335427323,                 0,                 0,                 0,   8.161867347e-06,    0.002860724872,  -0.0006335427323,                 0,     -0.2214623079
          0,           0,        1140,        -10.518556,      -9.002840037,      -10.12531101,      -12.95924847,                 1,    0.002860713491,   -0.000633574174,                 0,                 0,                 0,   8.135968626e-06,    0.002860713491,   -0.000633574174,                 0,     -0.2214741798
          0,           0,        1141,      -10.52188502,      -9.006215946,      -10.12858271,      -12.96284339,                 1,      0.0028607022,  -0.0006336053884,                 0,                 0,                 0,   8.110246015e-06,      0.0028607022,  -0.0006336053884,                 0,     -0.2214859654
          0,           0,        1142,      -10.52521471,      -9.009592473,      -10.13185515,      -12.96643869,                 1,    0.002860690998,  -0.0006336363772,                 0,                 0,                 0,   8.084698385e-06,    0.002860690998,  -0.0006336363772,                 0,     -0.2214976653
          0,           0,        1143,      -10.52854506,      -9.012969617,      -10.13512832,      -12.97003438,                 1,    0.002860679885,  -0.0006336671419,                 0,                 0,                 0,   8.059324618e-06,    0.002860679885,  -0.0006336671419,                 0,     -0.2215092801
          0,           0,        1144,      -10.53187607,      -9.016347379,      -10.13840222,      -12.97363045,                 1,     0.00286066886,  -0.0006336976841,                 0,                 0,                 0,   8.034123598e-06,     0.00286066886,  -0.0006336976841,                 0,     -0.2215208104
          0,           0,        1145,      -10.53520774,      -9.019725757,      -10.14167685,       -12.9772269,                 1,    0.002860657921,  -0.0006337280053,                 0,                 0,                 0,   8.009094219e-06,    0.002860657921,  -0.0006337280053,                 0,     -0.2215322568
          0,           0,        1146,      -10.53854008,      -9.023104753,      -10.14495222,      -12.98082373,                 1,     0.00286064707,   -0.000633758107,                 0,                 0,                 0,    7.98423538e-06,     0.00286064707,   -0.000633758107,                 0,     -0.2215436199
          0,           0,        1147,      -10.54187307,      -9.026484364,      -10.14822832,      -12.98442095,                 1,    0.002860636304,  -0.0006337879909,                 0,                 0,                 0,   7.959545985e-06,    0.002860636304,  -0.0006337879909,                 0,     -0.2215549002
          0,           0,        1148,      -10.54520673,      -9.029864592,      -10.15150515,      -12.98801855,                 1,    0.002860625623,  -0.0006338176583,                 0,                 0,                 0,   7.935024948e-06,    0.002860625623,  -0.0006338176583,                 0,     -0.2215660984
          0,           0,        1149,      -10.54854105,      -9.033245434,      -10.15478271,      -12.99161652,                 1,    0.002860615027,  -0.0006338471109,                 0,                 0,                 0,   7.910671187e-06,    0.002860615027,  -0.0006338471109,                 0,      -0.221577215
          0,           0,        1150,      -10.55187603,      -9.036626892,        -10.158061,      -12.99521488,                 1,    0.002860604515,    -0.00063387635,                 0,                 0,                 0,   7.886483626e-06,    0.002860604515,    -0.00063387635,                 0,     -0.2215882506
          0,           0,        1151,      -10.55521167,      -9.040008965,      -10.16134001,      -12.99881362,                 1,    0.002860594086,  -0.0006339053772,                 0,                 0,                 0,   7.862461198e-06,    0.002860594086,  -0.0006339053772,                 0,     -0.2215992057
          0,           0,        1152,      -10.55854797,      -9.043391652,      -10.16461976,      -13.00241273,                 1,    0.002860583739,   -0.000633934194,                 0,                 0,                 0,   7.838602838e-06,    0.002860583739,   -0.000633934194,                 0,      -0.221610081
          0,           0,        1153,      -10.56188492,      -9.046774953,      -10.16790024,      -13.00601222,                 1,    0.002860573474,  -0.0006339628019,                 0,                 0,                 0,   7.814907493e-06,    0.002860573474,  -0.0006339628019,                 0,     -0.2216208769
          0,           0,        1154,      -10.56522254,      -9.050158868,      -10.17118144,      -13.00961209,                 1,    0.002860563291,  -0.0006339912022,                 0,                 0,                 0,   7.791374111e-06,    0.002860563291,  -0.0006339912022,                 0,     -0.2216315941
          0,           0,        1155,      -10.56856081,      -9.053543396,      -10.17446337,      -13.01321234,                 1,    0.002860553188,  -0.0006340193964,                 0,                 0,                 0,   7.768001649e-06,    0.002860553188,  -0.0006340193964,                 0,     -0.2216422331
          0,           0,        1156,      -10.57189975,      -9.056928536,      -10.17774603,      -13.01681296,                 1,    0.002860543165,  -0.0006340473861,                 0,                 0,                 0,    7.74478907e-06,    0.002860543165,  -0.0006340473861,                 0,     -0.2216527944
          0,           0,        1157,      -10.57523933,       -9.06031429,      -10.18102942,      -13.02041396,                 1,    0.002860533222,  -0.0006340751725,                 0,                 0,                 0,   7.721735342e-06,    0.002860533222,  -0.0006340751725,                 0,     -0.2216632786
          0,           0,        1158,      -10.57857958,      -9.063700655,      -10.18431353,      -13.02401534,                 1,    0.002860523357,  -0.0006341027571,                 0,                 0,                 0,    7.69883944e-06,    0.002860523357,  -0.0006341027571,                 0,     -0.2216736862
          0,           0,        1159,      -10.58192048,      -9.067087632,      -10.18759837,      -13.02761708,                 1,     0.00286051357,  -0.0006341301414,                 0,                 0,                 0,   7.676100345e-06,     0.00286051357,  -0.0006341301414,                 0,     -0.2216840178
          0,           0,        1160,      -10.58526204,       -9.07047522,      -10.19088393,      -13.03121921,                 1,    0.002860503861,  -0.0006341573266,                 0,                 0,                 0,   7.653517044e-06,    0.002860503861,  -0.0006341573266,                 0,     -0.2216942739
          0,           0,        1161,      -10.58860426,       -9.07386342,      -10.19417022,       -13.0348217,                 1,    0.002860494229,  -0.0006341843143,                 0,                 0,                 0,    7.63108853e-06,    0.002860494229,  -0.0006341843143,                 0,     -0.2217044551
          0,           0,        1162,      -10.59194712,       -9.07725223,      -10.19745723,      -13.03842457,                 1,    0.002860484674,  -0.0006342111058,                 0,                 0,                 0,   7.608813802e-06,    0.002860484674,  -0.0006342111058,                 0,     -0.2217145618
          0,           0,        1163,      -10.59529065,       -9.08064165,      -10.20074497,      -13.04202781,                 1,    0.002860475193,  -0.0006342377025,                 0,                 0,                 0,   7.586691866e-06,    0.002860475193,  -0.0006342377025,                 0,     -0.2217245945
          0,           0,        1164,      -10.59863483,       -9.08403168,      -10.20403343,      -13.04563142,                 1,    0.002860465789,  -0.0006342641057,                 0,                 0,                 0,   7.564721732e-06,    0.002860465789,  -0.0006342641057,                 0,     -0.2217345539
          0,           0,        1165,      -10.60197966,      -9.087422319,      -10.20732261,      -13.04923541,                 1,    0.002860456458,  -0.0006342903167,                 0,                 0,                 0,   7.542902417e-06,    0.002860456458,  -0.0006342903167,                 0,     -0.2217444404
          0,           0,        1166,      -10.60532515,      -9.090813567,      -10.21061251,      -13.05283976,                 1,    0.002860447202,   -0.000634316337,                 0,                 0,                 0,   7.521232944e-06,    0.002860447202,   -0.000634316337,                 0,     -0.2217542546
          0,           0,        1167,      -10.60867129,      -9.094205424,      -10.21390314,      -13.05644449,                 1,    0.002860438019,  -0.0006343421679,                 0,                 0,                 0,   7.499712341e-06,    0.002860438019,  -0.0006343421679,                 0,     -0.2217639969
          0,           0,        1168,      -10.61201808,      -9.097597889,      -10.21719449,      -13.06004958,                 1,    0.002860428909,  -0.0006343678106,                 0,                 0,                 0,   7.478339643e-06,    0.002860428909,  -0.0006343678106,                 0,     -0.2217736678
          0,           0,        1169,      -10.61536553,      -9.100990962,      -10.22048656,      -13.06365504,                 1,    0.002860419871,  -0.0006343932666,                 0,                 0,                 0,    7.45711389e-06,    0.002860419871,  -0.0006343932666,                 0,     -0.2217832679
          0,           0,        1170,      -10.61871362,      -9.104384642,      -10.22377935,      -13.06726088,                 1,    0.002860410904,  -0.0006344185371,                 0,                 0,                 0,   7.436034129e-06,    0.002860410904,  -0.0006344185371,                 0,     -0.2217927977
          0,           0,        1171,      -10.62206237,      -9.107778929,      -10.22707286,      -13.07086708,                 1,    0.002860402009,  -0.0006344436234,                 0,                 0,                 0,    7.41509941e-06,    0.002860402009,  -0.0006344436234,                 0,     -0.2218022576
          0,           0,        1172,      -10.62541177,      -9.111173823,      -10.23036709,      -13.07447364,                 1,    0.002860393185,  -0.0006344685268,                 0,                 0,                 0,   7.394308791e-06,    0.002860393185,  -0.0006344685268,                 0,     -0.2218116482
          0,           0,        1173,      -10.62876182,      -9.114569323,      -10.23366204,      -13.07808058,                 1,     0.00286038443,  -0.0006344932486,                 0,                 0,                 0,   7.373661335e-06,     0.00286038443,  -0.0006344932486,                 0,     -0.2218209699
          0,           0,        1174,      -10.63211253,      -9.117965428,      -10.23695771,      -13.08168788,                 1,    0.002860375745,    -0.00063451779,                 0,                 0,                 0,   7.353156112e-06,    0.002860375745,    -0.00063451779,                 0,     -0.2218302232
          0,           0,        1175,      -10.63546388,      -9.121362139,       -10.2402541,      -13.08529554,                 1,    0.002860367129,  -0.0006345421524,                 0,                 0,                 0,   7.332792194e-06,    0.002860367129,  -0.0006345421524,                 0,     -0.2218394087
          0,           0,        1176,      -10.63881588,      -9.124759455,      -10.24355121,      -13.08890358,                 1,    0.002860358581,   -0.000634566337,                 0,                 0,                 0,   7.312568663e-06,    0.002860358581,   -0.000634566337,                 0,     -0.2218485267
          0,           0,        1177,      -10.64216853,      -9.128157376,      -10.24684903,      -13.09251197,                 1,    0.002860350101,   -0.000634590345,                 0,                 0,                 0,   7.292484603e-06,    0.002860350101,   -0.000634590345,                 0,     -0.2218575778
          0,           0,        1178,      -10.64552183,      -9.131555901,      -10.25014757,      -13.09612073,                 1,    0.002860341689,  -0.0006346141777,                 0,                 0,                 0,   7.272539105e-06,    0.002860341689,  -0.0006346141777,                 0,     -0.2218665624
          0,           0,        1179,      -10.64887578,      -9.134955029,      -10.25344683,      -13.09972986,                 1,    0.002860333343,  -0.0006346378364,                 0,                 0,                 0,   7.252731266e-06,    0.002860333343,  -0.0006346378364,                 0,      -0.221875481
          0,           0,        1180,      -10.65223037,      -9.138354761,       -10.2567468,      -13.10333934,                 1,    0.002860325063,  -0.0006346613221,                 0,                 0,                 0,   7.233060188e-06,    0.002860325063,  -0.0006346613221,                 0,     -0.2218843342
          0,           0,        1181,      -10.65558562,      -9.141755095,       -10.2600475,      -13.10694919,                 1,    0.002860316849,  -0.0006346846362,                 0,                 0,                 0,   7.213524978e-06,    0.002860316849,  -0.0006346846362,                 0,     -0.2218931222
          0,           0,        1182,      -10.65894151,      -9.145156032,       -10.2633489,      -13.11055941,                 1,    0.002860308701,  -0.0006347077799,                 0,                 0,                 0,   7.194124748e-06,    0.002860308701,  -0.0006347077799,                 0,     -0.2219018457
          0,           0,        1183,      -10.66229805,      -9.148557571,      -10.26665102,      -13.11416998,                 1,    0.002860300617,  -0.0006347307543,                 0,                 0,                 0,   7.174858617e-06,    0.002860300617,  -0.0006347307543,                 0,      -0.221910505
          0,           0,        1184,      -10.66565523,      -9.151959712,      -10.26995386,      -13.11778091,                 1,    0.002860292597,  -0.0006347535607,                 0,                 0,                 0,   7.155725708e-06,    0.002860292597,  -0.0006347535607,                 0,     -0.2219191006
          0,           0,        1185,      -10.66901307,      -9.155362454,       -10.2732574,      -13.12139221,                 1,    0.002860284642,  -0.0006347762002,                 0,                 0,                 0,   7.136725149e-06,    0.002860284642,  -0.0006347762002,                 0,      -0.221927633
          0,           0,        1186,      -10.67237154,      -9.158765796,      -10.27656167,      -13.12500386,                 1,    0.002860276749,   -0.000634798674,                 0,                 0,                 0,   7.117856075e-06,    0.002860276749,   -0.000634798674,                 0,     -0.2219361026
          0,           0,        1187,      -10.67573067,      -9.162169739,      -10.27986664,      -13.12861588,                 1,    0.002860268919,  -0.0006348209833,                 0,                 0,                 0,   7.099117625e-06,    0.002860268919,  -0.0006348209833,                 0,     -0.2219445099
          0,           0,        1188,      -10.67909043,      -9.165574282,      -10.28317233,      -13.13222825,                 1,    0.002860261151,  -0.0006348431292,                 0,                 0,                 0,   7.080508943e-06,    0.002860261151,  -0.0006348431292,                 0,     -0.2219528552
          0,           0,        1189,      -10.68245085,      -9.168979424,      -10.28647873,      -13.13584098,                 1,    0.002860253445,   -0.000634865113,                 0,                 0,                 0,   7.062029179e-06,    0.002860253445,   -0.000634865113,                 0,     -0.2219611392
          0,           0,        1190,       -10.6858119,      -9.172385166,      -10.28978585,      -13.13945407,                 1,    0.002860245801,  -0.0006348869356,                 0,                 0,                 0,   7.043677488e-06,    0.002860245801,  -0.0006348869356,                 0,      -0.221969362
          0,           0,        1191,       -10.6891736,      -9.175791505,      -10.29309367,      -13.14306752,                 1,    0.002860238217,  -0.0006349085984,                 0,                 0,                 0,   7.025453029e-06,    0.002860238217,  -0.0006349085984,                 0,     -0.2219775243
          0,           0,        1192,      -10.69253595,      -9.179198443,      -10.29640221,      -13.14668132,                 1,    0.002860230693,  -0.0006349301023,                 0,                 0,                 0,   7.007354968e-06,    0.002860230693,  -0.0006349301023,                 0,     -0.2219856265
          0,           0,        1193,      -10.69589894,      -9.182605979,      -10.29971146,      -13.15029548,                 1,    0.002860223229,  -0.0006349514485,                 0,                 0,                 0,   6.989382474e-06,    0.002860223229,  -0.0006349514485,                 0,     -0.2219936689
          0,           0,        1194,      -10.69926257,      -9.186014112,      -10.30302141,      -13.15390999,                 1,    0.002860215825,  -0.0006349726382,                 0,                 0,                 0,   6.971534724e-06,    0.002860215825,  -0.0006349726382,                 0,      -0.222001652
          0,           0,        1195,      -10.70262684,      -9.189422842,      -10.30633208,      -13.15752486,                 1,    0.002860208479,  -0.0006349936725,                 0,                 0,                 0,   6.953810896e-06,    0.002860208479,  -0.0006349936725,                 0,     -0.2220095763
          0,           0,        1196,      -10.70599175,      -9.192832168,      -10.30964346,      -13.16114008,                 1,    0.002860201192,  -0.0006350145523,                 0,                 0,                 0,   6.936210177e-06,    0.002860201192,  -0.0006350145523,                 0,      -0.222017442
          0,           0,        1197,      -10.70935731,      -9.196242091,      -10.31295554,      -13.16475566,                 1,    0.002860193963,  -0.0006350352789,                 0,                 0,                 0,   6.918731757e-06,    0.002860193963,  -0.0006350352789,                 0,     -0.2220252497
          0,           0,        1198,      -10.71272351,      -9.199652608,      -10.31626834,      -13.16837159,                 1,    0.002860186791,  -0.0006350558533,                 0,                 0,                 0,    6.90137483e-06,    0.002860186791,  -0.0006350558533,                 0,     -0.2220329998
          0,           0,        1199,      -10.71609035,      -9.203063721,      -10.31958184,      -13.17198787,                 1,    0.002860179677,  -0.0006350762766,                 0,                 0,                 0,   6.884138596e-06,    0.002860179677,  -0.0006350762766,                 0,     -0.2220406927
          0,           0,        1200,      -10.71945783,      -9.206475428,      -10.32289605,      -13.17560451,                 1,    0.002860172619,  -0.0006350965499,                 0,                 0,                 0,   6.867022262e-06,    0.002860172619,  -0.0006350965499,                 0,     -0.2220483287
          0,           0,        1201,      -10.72282595,       -9.20988773,      -10.32621097,      -13.17922149,                 1,    0.002860165617,  -0.0006351166742,                 0,                 0,                 0,   6.850025035e-06,    0.002860165617,  -0.0006351166742,                 0,     -0.2220559084
          0,           0,        1202,      -10.72619471,      -9.213300625,       -10.3295266,      -13.18283883,                 1,    0.002860158671,  -0.0006351366506,                 0,                 0,                 0,   6.833146132e-06,    0.002860158671,  -0.0006351366506,                 0,      -0.222063432
          0,           0,        1203,      -10.72956411,      -9.216714113,      -10.33284293,      -13.18645652,                 1,     0.00286015178,  -0.0006351564801,                 0,                 0,                 0,   6.816384771e-06,     0.00286015178,  -0.0006351564801,                 0,        -0.2220709
          0,           0,        1204,      -10.73293415,      -9.220128194,      -10.33615997,      -13.19007455,                 1,    0.002860144944,  -0.0006351761637,                 0,                 0,                 0,   6.799740176e-06,    0.002860144944,  -0.0006351761637,                 0,     -0.2220783128
          0,           0,        1205,      -10.73630483,      -9.223542867,      -10.33947772,      -13.19369294,                 1,    0.002860138163,  -0.0006351957026,                 0,                 0,                 0,   6.783211577e-06,    0.002860138163,  -0.0006351957026,                 0,     -0.2220856708
          0,           0,        1206,      -10.73967615,      -9.226958132,      -10.34279617,      -13.19731167,                 1,    0.002860131435,  -0.0006352150976,                 0,                 0,                 0,   6.766798207e-06,    0.002860131435,  -0.0006352150976,                 0,     -0.2220929744
          0,           0,        1207,       -10.7430481,      -9.230373989,      -10.34611533,      -13.20093075,                 1,    0.002860124761,    -0.00063523435,                 0,                 0,                 0,   6.750499305e-06,    0.002860124761,    -0.00063523435,                 0,     -0.2221002239
          0,           0,        1208,      -10.74642069,      -9.233790436,      -10.34943519,      -13.20455018,                 1,    0.002860118141,  -0.0006352534605,                 0,                 0,                 0,   6.734314114e-06,    0.002860118141,  -0.0006352534605,                 0,     -0.2221074198
          0,           0,        1209,      -10.74979392,      -9.237207474,      -10.35275575,      -13.20816996,                 1,    0.002860111573,  -0.0006352724304,                 0,                 0,                 0,   6.718241881e-06,    0.002860111573,  -0.0006352724304,                 0,     -0.2221145624
          0,           0,        1210,      -10.75316779,      -9.240625101,      -10.35607702,      -13.21179008,                 1,    0.002860105057,  -0.0006352912605,                 0,                 0,                 0,   6.702281859e-06,    0.002860105057,  -0.0006352912605,                 0,     -0.2221216521
          0,           0,        1211,       -10.7565423,      -9.244043318,        -10.359399,      -13.21541054,                 1,    0.002860098593,  -0.0006353099518,                 0,                 0,                 0,   6.686433305e-06,    0.002860098593,  -0.0006353099518,                 0,     -0.2221286893
          0,           0,        1212,      -10.75991744,      -9.247462124,      -10.36272167,      -13.21903136,                 1,    0.002860092181,  -0.0006353285054,                 0,                 0,                 0,    6.67069548e-06,    0.002860092181,  -0.0006353285054,                 0,     -0.2221356744
          0,           0,        1213,      -10.76329321,      -9.250881519,      -10.36604505,      -13.22265251,                 1,     0.00286008582,  -0.0006353469223,                 0,                 0,                 0,   6.655067651e-06,     0.00286008582,  -0.0006353469223,                 0,     -0.2221426077
          0,           0,        1214,      -10.76666962,      -9.254301501,      -10.36936913,      -13.22627401,                 1,    0.002860079509,  -0.0006353652033,                 0,                 0,                 0,   6.639549087e-06,    0.002860079509,  -0.0006353652033,                 0,     -0.2221494896
          0,           0,        1215,      -10.77004667,      -9.257722071,      -10.37269392,      -13.22989585,                 1,    0.002860073249,  -0.0006353833494,                 0,                 0,                 0,   6.624139065e-06,    0.002860073249,  -0.0006353833494,                 0,     -0.2221563205
          0,           0,        1216,      -10.77342435,      -9.261143228,       -10.3760194,      -13.23351804,                 1,    0.002860067039,  -0.0006354013617,                 0,                 0,                 0,   6.608836864e-06,    0.002860067039,  -0.0006354013617,                 0,     -0.2221631007
          0,           0,        1217,      -10.77680267,      -9.264564971,      -10.37934559,      -13.23714056,                 1,    0.002860060878,   -0.000635419241,                 0,                 0,                 0,   6.593641768e-06,    0.002860060878,   -0.000635419241,                 0,     -0.2221698307
          0,           0,        1218,      -10.78018162,        -9.2679873,      -10.38267248,      -13.24076343,                 1,    0.002860054767,  -0.0006354369884,                 0,                 0,                 0,   6.578553065e-06,    0.002860054767,  -0.0006354369884,                 0,     -0.2221765107
          0,           0,        1219,      -10.78356121,      -9.271410215,      -10.38600007,      -13.24438664,                 1,    0.002860048704,  -0.0006354546047,                 0,                 0,                 0,   6.563570048e-06,    0.002860048704,  -0.0006354546047,                 0,     -0.2221831411
          0,           0,        1220,      -10.78694143,      -9.274833715,      -10.38932836,      -13.24801018,                 1,    0.002860042689,  -0.0006354720908,                 0,                 0,                 0,   6.548692015e-06,    0.002860042689,  -0.0006354720908,                 0,     -0.2221897223
          0,           0,        1221,      -10.79032228,      -9.278257799,      -10.39265735,      -13.25163407,                 1,    0.002860036722,  -0.0006354894478,                 0,                 0,                 0,   6.533918268e-06,    0.002860036722,  -0.0006354894478,                 0,     -0.2221962546
          0,           0,        1222,      -10.79370377,      -9.281682468,      -10.39598704,      -13.25525829,                 1,    0.002860030803,  -0.0006355066766,                 0,                 0,                 0,   6.519248111e-06,    0.002860030803,  -0.0006355066766,                 0,     -0.2222027384
          0,           0,        1223,      -10.79708588,      -9.285107719,      -10.39931743,      -13.25888286,                 1,    0.002860024932,  -0.0006355237779,                 0,                 0,                 0,   6.504680856e-06,    0.002860024932,  -0.0006355237779,                 0,     -0.2222091741
          0,           0,        1224,      -10.80046863,      -9.288533554,      -10.40264851,      -13.26250776,                 1,    0.002860019107,  -0.0006355407529,                 0,                 0,                 0,   6.490215817e-06,    0.002860019107,  -0.0006355407529,                 0,     -0.2222155619
          0,           0,        1225,      -10.80385202,      -9.291959971,       -10.4059803,      -13.26613299,                 1,    0.002860013328,  -0.0006355576022,                 0,                 0,                 0,   6.475852313e-06,    0.002860013328,  -0.0006355576022,                 0,     -0.2222219022
          0,           0,        1226,      -10.80723603,       -9.29538697,      -10.40931278,      -13.26975856,                 1,    0.002860007596,  -0.0006355743269,                 0,                 0,                 0,   6.461589668e-06,    0.002860007596,  -0.0006355743269,                 0,     -0.2222281954
          0,           0,        1227,      -10.81062067,       -9.29881455,      -10.41264597,      -13.27338447,                 1,    0.002860001909,  -0.0006355909279,                 0,                 0,                 0,   6.447427207e-06,    0.002860001909,  -0.0006355909279,                 0,     -0.2222344418
          0,           0,        1228,      -10.81400595,      -9.302242711,      -10.41597984,      -13.27701071,                 1,    0.002859996268,   -0.000635607406,                 0,                 0,                 0,   6.433364263e-06,    0.002859996268,   -0.000635607406,                 0,     -0.2222406418
          0,           0,        1229,      -10.81739185,      -9.305671453,      -10.41931442,      -13.28063729,                 1,    0.002859990672,  -0.0006356237621,                 0,                 0,                 0,   6.419400172e-06,    0.002859990672,  -0.0006356237621,                 0,     -0.2222467955
          0,           0,        1230,      -10.82077839,      -9.309100774,      -10.42264969,       -13.2842642,                 1,     0.00285998512,   -0.000635639997,                 0,                 0,                 0,   6.405534273e-06,     0.00285998512,   -0.000635639997,                 0,     -0.2222529035
          0,           0,        1231,      -10.82416555,      -9.312530674,      -10.42598566,      -13.28789144,                 1,    0.002859979613,  -0.0006356561117,                 0,                 0,                 0,    6.39176591e-06,    0.002859979613,  -0.0006356561117,                 0,     -0.2222589661
          0,           0,        1232,      -10.82755335,      -9.315961153,      -10.42932233,      -13.29151901,                 1,     0.00285997415,   -0.000635672107,                 0,                 0,                 0,   6.378094431e-06,     0.00285997415,   -0.000635672107,                 0,     -0.2222649834
          0,           0,        1233,      -10.83094177,      -9.319392211,      -10.43265969,      -13.29514692,                 1,     0.00285996873,  -0.0006356879837,                 0,                 0,                 0,   6.364519189e-06,     0.00285996873,  -0.0006356879837,                 0,      -0.222270956
          0,           0,        1234,      -10.83433083,      -9.322823845,      -10.43599774,      -13.29877515,                 1,    0.002859963353,  -0.0006357037427,                 0,                 0,                 0,   6.351039539e-06,    0.002859963353,  -0.0006357037427,                 0,     -0.2222768841
          0,           0,        1235,      -10.83772051,      -9.326256057,       -10.4393365,      -13.30240372,                 1,     0.00285995802,  -0.0006357193849,                 0,                 0,                 0,   6.337654842e-06,     0.00285995802,  -0.0006357193849,                 0,      -0.222282768
          0,           0,        1236,      -10.84111082,      -9.329688846,      -10.44267594,      -13.30603261,                 1,    0.002859952729,  -0.0006357349111,                 0,                 0,                 0,   6.324364461e-06,    0.002859952729,  -0.0006357349111,                 0,      -0.222288608
          0,           0,        1237,      -10.84450175,       -9.33312221,      -10.44601608,      -13.30966183,                 1,    0.002859947481,   -0.000635750322,                 0,                 0,                 0,   6.311167765e-06,    0.002859947481,   -0.000635750322,                 0,     -0.2222944045
          0,           0,        1238,      -10.84789332,       -9.33655615,      -10.44935691,      -13.31329138,                 1,    0.002859942274,  -0.0006357656186,                 0,                 0,                 0,   6.298064126e-06,    0.002859942274,  -0.0006357656186,                 0,     -0.2223001577
          0,           0,        1239,      -10.85128551,      -9.339990664,      -10.45269844,      -13.31692126,                 1,    0.002859937109,  -0.0006357808016,                 0,                 0,                 0,   6.285052921e-06,    0.002859937109,  -0.0006357808016,                 0,     -0.2223058681
          0,           0,        1240,      -10.85467833,      -9.343425753,      -10.45604066,      -13.32055146,                 1,    0.002859931985,  -0.0006357958719,                 0,                 0,                 0,   6.272133529e-06,    0.002859931985,  -0.0006357958719,                 0,     -0.2223115358
          0,           0,        1241,      -10.85807177,      -9.346861415,      -10.45938357,      -13.32418199,                 1,    0.002859926902,  -0.0006358108302,                 0,                 0,                 0,   6.259305333e-06,    0.002859926902,  -0.0006358108302,                 0,     -0.2223171612
          0,           0,        1242,      -10.86146584,       -9.35029765,      -10.46272718,      -13.32781284,                 1,     0.00285992186,  -0.0006358256775,                 0,                 0,                 0,   6.246567723e-06,     0.00285992186,  -0.0006358256775,                 0,     -0.2223227447
          0,           0,        1243,      -10.86486054,      -9.353734458,      -10.46607148,      -13.33144402,                 1,    0.002859916858,  -0.0006358404143,                 0,                 0,                 0,   6.233920088e-06,    0.002859916858,  -0.0006358404143,                 0,     -0.2223282864
          0,           0,        1244,      -10.86825586,      -9.357171838,      -10.46941647,      -13.33507552,                 1,    0.002859911896,  -0.0006358550417,                 0,                 0,                 0,   6.221361825e-06,    0.002859911896,  -0.0006358550417,                 0,     -0.2223337868
          0,           0,        1245,       -10.8716518,       -9.36060979,      -10.47276215,      -13.33870734,                 1,    0.002859906974,  -0.0006358695603,                 0,                 0,                 0,   6.208892334e-06,    0.002859906974,  -0.0006358695603,                 0,     -0.2223392461
          0,           0,        1246,      -10.87504837,      -9.364048311,      -10.47610852,      -13.34233949,                 1,    0.002859902091,  -0.0006358839709,                 0,                 0,                 0,   6.196511016e-06,    0.002859902091,  -0.0006358839709,                 0,     -0.2223446645
          0,           0,        1247,      -10.87844557,      -9.367487404,      -10.47945558,      -13.34597196,                 1,    0.002859897247,  -0.0006358982744,                 0,                 0,                 0,   6.184217279e-06,    0.002859897247,  -0.0006358982744,                 0,     -0.2223500425
          0,           0,        1248,      -10.88184338,      -9.370927065,      -10.48280333,      -13.34960474,                 1,    0.002859892441,  -0.0006359124714,                 0,                 0,                 0,   6.172010533e-06,    0.002859892441,  -0.0006359124714,                 0,     -0.2223553803
          0,           0,        1249,      -10.88524183,      -9.374367296,      -10.48615178,      -13.35323785,                 1,    0.002859887675,  -0.0006359265627,                 0,                 0,                 0,   6.159890192e-06,    0.002859887675,  -0.0006359265627,                 0,     -0.2223606781
          0,           0,        1250,      -10.88864089,      -9.377808095,      -10.48950091,      -13.35687128,                 1,    0.002859882946,  -0.0006359405491,                 0,                 0,                 0,   6.147855675e-06,    0.002859882946,  -0.0006359405491,                 0,     -0.2223659363
          0,           0,        1251,      -10.89204058,      -9.381249462,      -10.49285073,      -13.36050502,                 1,    0.002859878255,  -0.0006359544314,                 0,                 0,                 0,   6.135906403e-06,    0.002859878255,  -0.0006359544314,                 0,     -0.2223711552
          0,           0,        1252,      -10.89544089,      -9.384691396,      -10.49620124,      -13.36413908,                 1,    0.002859873602,  -0.0006359682103,                 0,                 0,                 0,   6.124041801e-06,    0.002859873602,  -0.0006359682103,                 0,      -0.222376335
          0,           0,        1253,      -10.89884182,      -9.388133896,      -10.49955244,      -13.36777346,                 1,    0.002859868986,  -0.0006359818865,                 0,                 0,                 0,   6.112261298e-06,    0.002859868986,  -0.0006359818865,                 0,     -0.2223814761
          0,           0,        1254,      -10.90224337,      -9.391576963,      -10.50290433,      -13.37140815,                 1,    0.002859864407,  -0.0006359954608,                 0,                 0,                 0,   6.100564327e-06,    0.002859864407,  -0.0006359954608,                 0,     -0.2223865787
          0,           0,        1255,      -10.90564555,      -9.395020595,       -10.5062569,      -13.37504316,                 1,    0.002859859864,  -0.0006360089339,                 0,                 0,                 0,   6.088950323e-06,    0.002859859864,  -0.0006360089339,                 0,      -0.222391643
          0,           0,        1256,      -10.90904834,      -9.398464791,      -10.50961017,      -13.37867848,                 1,    0.002859855358,  -0.0006360223066,                 0,                 0,                 0,   6.077418727e-06,    0.002859855358,  -0.0006360223066,                 0,     -0.2223966694
          0,           0,        1257,      -10.91245176,      -9.401909551,      -10.51296411,      -13.38231412,                 1,    0.002859850888,  -0.0006360355795,                 0,                 0,                 0,   6.065968981e-06,    0.002859850888,  -0.0006360355795,                 0,     -0.2224016582
          0,           0,        1258,      -10.91585579,      -9.405354875,      -10.51631875,      -13.38595007,                 1,    0.002859846453,  -0.0006360487534,                 0,                 0,                 0,   6.054600532e-06,    0.002859846453,  -0.0006360487534,                 0,     -0.2224066095
          0,           0,        1259,      -10.91926045,      -9.408800762,      -10.51967407,      -13.38958632,                 1,    0.002859842054,   -0.000636061829,                 0,                 0,                 0,   6.043312831e-06,    0.002859842054,   -0.000636061829,                 0,     -0.2224115237
          0,           0,        1260,      -10.92266572,      -9.412247211,      -10.52303008,       -13.3932229,                 1,    0.002859837691,   -0.000636074807,                 0,                 0,                 0,   6.032105331e-06,    0.002859837691,   -0.000636074807,                 0,     -0.2224164011
          0,           0,        1261,      -10.92607161,      -9.415694221,      -10.52638678,      -13.39685978,                 1,    0.002859833362,  -0.0006360876881,                 0,                 0,                 0,   6.020977489e-06,    0.002859833362,  -0.0006360876881,                 0,     -0.2224212419
          0,           0,        1262,      -10.92947813,      -9.419141792,      -10.52974416,      -13.40049697,                 1,    0.002859829068,   -0.000636100473,                 0,                 0,                 0,   6.009928766e-06,    0.002859829068,   -0.000636100473,                 0,     -0.2224260464
          0,           0,        1263,      -10.93288526,      -9.422589923,      -10.53310222,      -13.40413447,                 1,    0.002859824808,  -0.0006361131624,                 0,                 0,                 0,   5.998958627e-06,    0.002859824808,  -0.0006361131624,                 0,     -0.2224308149
          0,           0,        1264,      -10.93629301,      -9.426038614,      -10.53646097,      -13.40777227,                 1,    0.002859820582,   -0.000636125757,                 0,                 0,                 0,   5.988066538e-06,    0.002859820582,   -0.000636125757,                 0,     -0.2224355475
          0,           0,        1265,      -10.93970137,      -9.429487863,       -10.5398204,      -13.41141038,                 1,    0.002859816391,  -0.0006361382575,                 0,                 0,                 0,    5.97725197e-06,    0.002859816391,  -0.0006361382575,                 0,     -0.2224402446
          0,           0,        1266,      -10.94311036,      -9.432937671,      -10.54318052,       -13.4150488,                 1,    0.002859812232,  -0.0006361506645,                 0,                 0,                 0,   5.966514398e-06,    0.002859812232,  -0.0006361506645,                 0,     -0.2224449065
          0,           0,        1267,      -10.94651996,      -9.436388037,      -10.54654132,      -13.41868753,                 1,    0.002859808107,  -0.0006361629788,                 0,                 0,                 0,   5.955853299e-06,    0.002859808107,  -0.0006361629788,                 0,     -0.2224495333
          0,           0,        1268,      -10.94993017,      -9.439838959,      -10.54990281,      -13.42232655,                 1,    0.002859804015,   -0.000636175201,                 0,                 0,                 0,   5.945268154e-06,    0.002859804015,   -0.000636175201,                 0,     -0.2224541254
          0,           0,        1269,      -10.95334101,      -9.443290437,      -10.55326497,      -13.42596588,                 1,    0.002859799956,  -0.0006361873317,                 0,                 0,                 0,   5.934758447e-06,    0.002859799956,  -0.0006361873317,                 0,     -0.2224586829
          0,           0,        1270,      -10.95675245,      -9.446742471,      -10.55662782,      -13.42960551,                 1,     0.00285979593,  -0.0006361993716,                 0,                 0,                 0,   5.924323666e-06,     0.00285979593,  -0.0006361993716,                 0,     -0.2224632062
          0,           0,        1271,      -10.96016451,      -9.450195059,      -10.55999135,      -13.43324545,                 1,    0.002859791935,  -0.0006362113215,                 0,                 0,                 0,   5.913963302e-06,    0.002859791935,  -0.0006362113215,                 0,     -0.2224676955
          0,           0,        1272,      -10.96357719,      -9.453648202,      -10.56335557,      -13.43688568,                 1,    0.002859787973,  -0.0006362231818,                 0,                 0,                 0,   5.903676848e-06,    0.002859787973,  -0.0006362231818,                 0,      -0.222472151
          0,           0,        1273,      -10.96699049,      -9.457101898,      -10.56672046,      -13.44052622,                 1,    0.002859784042,  -0.0006362349533,                 0,                 0,                 0,   5.893463803e-06,    0.002859784042,  -0.0006362349533,                 0,      -0.222476573
          0,           0,        1274,      -10.97040439,      -9.460556146,      -10.57008604,      -13.44416705,                 1,    0.002859780143,  -0.0006362466367,                 0,                 0,                 0,   5.883323665e-06,    0.002859780143,  -0.0006362466367,                 0,     -0.2224809618
          0,           0,        1275,      -10.97381891,      -9.464010947,      -10.57345229,      -13.44780818,                 1,    0.002859776275,  -0.0006362582325,                 0,                 0,                 0,    5.87325594e-06,    0.002859776275,  -0.0006362582325,                 0,     -0.2224853175
          0,           0,        1276,      -10.97723404,      -9.467466299,      -10.57681923,       -13.4514496,                 1,    0.002859772438,  -0.0006362697414,                 0,                 0,                 0,   5.863260133e-06,    0.002859772438,  -0.0006362697414,                 0,     -0.2224896404
          0,           0,        1277,      -10.98064979,      -9.470922201,      -10.58018684,      -13.45509133,                 1,    0.002859768632,  -0.0006362811641,                 0,                 0,                 0,   5.853335755e-06,    0.002859768632,  -0.0006362811641,                 0,     -0.2224939308
          0,           0,        1278,      -10.98406615,      -9.474378653,      -10.58355514,      -13.45873334,                 1,    0.002859764856,   -0.000636292501,                 0,                 0,                 0,    5.84348232e-06,    0.002859764856,   -0.000636292501,                 0,     -0.2224981888
          0,           0,        1279,      -10.98748312,      -9.477835654,      -10.58692411,      -13.46237565,                 1,    0.002859761111,   -0.000636303753,                 0,                 0,                 0,   5.833699342e-06,    0.002859761111,   -0.000636303753,                 0,     -0.2225024148
          0,           0,        1280,       -10.9909007,      -9.481293204,      -10.59029376,      -13.46601826,                 1,    0.002859757396,  -0.0006363149205,                 0,                 0,                 0,   5.823986342e-06,    0.002859757396,  -0.0006363149205,                 0,     -0.2225066089
          0,           0,        1281,      -10.99431889,      -9.484751301,       -10.5936641,      -13.46966115,                 1,     0.00285975371,  -0.0006363260043,                 0,                 0,                 0,   5.814342842e-06,     0.00285975371,  -0.0006363260043,                 0,     -0.2225107715
          0,           0,        1282,       -10.9977377,      -9.488209945,      -10.59703511,      -13.47330434,                 1,    0.002859750054,  -0.0006363370048,                 0,                 0,                 0,   5.804768368e-06,    0.002859750054,  -0.0006363370048,                 0,     -0.2225149026
          0,           0,        1283,      -11.00115711,      -9.491669135,      -10.60040679,      -13.47694781,                 1,    0.002859746427,  -0.0006363479227,                 0,                 0,                 0,   5.795262448e-06,    0.002859746427,  -0.0006363479227,                 0,     -0.2225190026
          0,           0,        1284,      -11.00457714,       -9.49512887,      -10.60377916,      -13.48059158,                 1,     0.00285974283,  -0.0006363587587,                 0,                 0,                 0,   5.785824613e-06,     0.00285974283,  -0.0006363587587,                 0,     -0.2225230717
          0,           0,        1285,      -11.00799777,       -9.49858915,       -10.6071522,      -13.48423563,                 1,    0.002859739261,  -0.0006363695132,                 0,                 0,                 0,   5.776454399e-06,    0.002859739261,  -0.0006363695132,                 0,     -0.2225271101
          0,           0,        1286,      -11.01141902,      -9.502049974,      -10.61052592,      -13.48787997,                 1,    0.002859735721,   -0.000636380187,                 0,                 0,                 0,   5.767151343e-06,    0.002859735721,   -0.000636380187,                 0,      -0.222531118
          0,           0,        1287,      -11.01484087,      -9.505511341,      -10.61390031,      -13.49152459,                 1,    0.002859732209,  -0.0006363907805,                 0,                 0,                 0,   5.757914986e-06,    0.002859732209,  -0.0006363907805,                 0,     -0.2225350956
          0,           0,        1288,      -11.01826333,       -9.50897325,      -10.61727538,       -13.4951695,                 1,    0.002859728725,  -0.0006364012944,                 0,                 0,                 0,   5.748744871e-06,    0.002859728725,  -0.0006364012944,                 0,     -0.2225390432
          0,           0,        1289,       -11.0216864,        -9.5124357,      -10.62065112,       -13.4988147,                 1,    0.002859725269,  -0.0006364117292,                 0,                 0,                 0,   5.739640544e-06,    0.002859725269,  -0.0006364117292,                 0,      -0.222542961
          0,           0,        1290,      -11.02511008,      -9.515898691,      -10.62402754,      -13.50246017,                 1,    0.002859721841,  -0.0006364220855,                 0,                 0,                 0,   5.730601555e-06,    0.002859721841,  -0.0006364220855,                 0,     -0.2225468492
          0,           0,        1291,      -11.02853436,      -9.519362222,      -10.62740464,      -13.50610593,                 1,    0.002859718441,   -0.000636432364,                 0,                 0,                 0,   5.721627457e-06,    0.002859718441,   -0.000636432364,                 0,     -0.2225507081
          0,           0,        1292,      -11.03195925,      -9.522826292,       -10.6307824,      -13.50975197,                 1,    0.002859715068,   -0.000636442565,                 0,                 0,                 0,   5.712717804e-06,    0.002859715068,   -0.000636442565,                 0,     -0.2225545378
          0,           0,        1293,      -11.03538474,      -9.526290901,      -10.63416085,      -13.51339829,                 1,    0.002859711722,  -0.0006364526893,                 0,                 0,                 0,   5.703872155e-06,    0.002859711722,  -0.0006364526893,                 0,     -0.2225583385
          0,           0,        1294,      -11.03881084,      -9.529756046,      -10.63753996,      -13.51704488,                 1,    0.002859708402,  -0.0006364627374,                 0,                 0,                 0,    5.69509007e-06,    0.002859708402,  -0.0006364627374,                 0,     -0.2225621105
          0,           0,        1295,      -11.04223755,      -9.533221729,      -10.64091975,      -13.52069176,                 1,     0.00285970511,  -0.0006364727098,                 0,                 0,                 0,   5.686371113e-06,     0.00285970511,  -0.0006364727098,                 0,      -0.222565854
          0,           0,        1296,      -11.04566486,      -9.536687947,      -10.64430021,      -13.52433891,                 1,    0.002859701843,  -0.0006364826071,                 0,                 0,                 0,   5.677714852e-06,    0.002859701843,  -0.0006364826071,                 0,     -0.2225695691
          0,           0,        1297,      -11.04909278,        -9.5401547,      -10.64768134,      -13.52798633,                 1,    0.002859698603,  -0.0006364924298,                 0,                 0,                 0,   5.669120855e-06,    0.002859698603,  -0.0006364924298,                 0,     -0.2225732562
          0,           0,        1298,       -11.0525213,      -9.543621987,      -10.65106315,      -13.53163403,                 1,    0.002859695389,  -0.0006365021784,                 0,                 0,                 0,   5.660588695e-06,    0.002859695389,  -0.0006365021784,                 0,     -0.2225769153
          0,           0,        1299,      -11.05595042,      -9.547089807,      -10.65444562,      -13.53528201,                 1,    0.002859692201,  -0.0006365118536,                 0,                 0,                 0,   5.652117946e-06,    0.002859692201,  -0.0006365118536,                 0,     -0.2225805468
          0,           0,        1300,      -11.05938015,       -9.55055816,      -10.65782877,      -13.53893025,                 1,    0.002859689038,  -0.0006365214559,                 0,                 0,                 0,   5.643708186e-06,    0.002859689038,  -0.0006365214559,                 0,     -0.2225841507
          0,           0,        1301,      -11.06281048,      -9.554027044,      -10.66121259,      -13.54257877,                 1,    0.002859685901,  -0.0006365309857,                 0,                 0,                 0,   5.635358996e-06,    0.002859685901,  -0.0006365309857,                 0,     -0.2225877274
          0,           0,        1302,      -11.06624141,       -9.55749646,      -10.66459708,      -13.54622756,                 1,    0.002859682789,  -0.0006365404436,                 0,                 0,                 0,   5.627069959e-06,    0.002859682789,  -0.0006365404436,                 0,     -0.2225912769
          0,           0,        1303,      -11.06967295,      -9.560966404,      -10.66798224,      -13.54987661,                 1,    0.002859679702,  -0.0006365498301,                 0,                 0,                 0,   5.618840661e-06,    0.002859679702,  -0.0006365498301,                 0,     -0.2225947996
          0,           0,        1304,      -11.07310509,      -9.564436878,      -10.67136807,      -13.55352594,                 1,    0.002859676639,  -0.0006365591458,                 0,                 0,                 0,    5.61067069e-06,    0.002859676639,  -0.0006365591458,                 0,     -0.2225982956
          0,           0,        1305,      -11.07653782,       -9.56790788,      -10.67475456,      -13.55717553,                 1,    0.002859673602,  -0.0006365683912,                 0,                 0,                 0,   5.602559638e-06,    0.002859673602,  -0.0006365683912,                 0,      -0.222601765
          0,           0,        1306,      -11.07997116,      -9.571379409,      -10.67814173,      -13.56082539,                 1,    0.002859670588,  -0.0006365775667,                 0,                 0,                 0,   5.594507099e-06,    0.002859670588,  -0.0006365775667,                 0,     -0.2226052082
          0,           0,        1307,       -11.0834051,      -9.574851464,      -10.68152956,      -13.56447551,                 1,    0.002859667599,  -0.0006365866729,                 0,                 0,                 0,   5.586512669e-06,    0.002859667599,  -0.0006365866729,                 0,     -0.2226086253
          0,           0,        1308,      -11.08683963,      -9.578324045,      -10.68491806,      -13.56812589,                 1,    0.002859664634,  -0.0006365957104,                 0,                 0,                 0,   5.578575947e-06,    0.002859664634,  -0.0006365957104,                 0,     -0.2226120164
          0,           0,        1309,      -11.09027477,       -9.58179715,      -10.68830723,      -13.57177654,                 1,    0.002859661693,  -0.0006366046795,                 0,                 0,                 0,   5.570696535e-06,    0.002859661693,  -0.0006366046795,                 0,     -0.2226153818
          0,           0,        1310,       -11.0937105,      -9.585270778,      -10.69169706,      -13.57542745,                 1,    0.002859658775,  -0.0006366135809,                 0,                 0,                 0,   5.562874038e-06,    0.002859658775,  -0.0006366135809,                 0,     -0.2226187217
          0,           0,        1311,      -11.09714683,      -9.588744929,      -10.69508756,      -13.57907862,                 1,    0.002859655881,  -0.0006366224149,                 0,                 0,                 0,   5.555108063e-06,    0.002859655881,  -0.0006366224149,                 0,     -0.2226220362
          0,           0,        1312,      -11.10058376,      -9.592219602,      -10.69847873,      -13.58273005,                 1,     0.00285965301,  -0.0006366311821,                 0,                 0,                 0,   5.547398218e-06,     0.00285965301,  -0.0006366311821,                 0,     -0.2226253255
          0,           0,        1313,      -11.10402129,      -9.595694796,      -10.70187056,      -13.58638174,                 1,    0.002859650162,   -0.000636639883,                 0,                 0,                 0,   5.539744117e-06,    0.002859650162,   -0.000636639883,                 0,     -0.2226285899
          0,           0,        1314,      -11.10745941,      -9.599170509,      -10.70526305,      -13.59003368,                 1,    0.002859647336,  -0.0006366485181,                 0,                 0,                 0,   5.532145374e-06,    0.002859647336,  -0.0006366485181,                 0,     -0.2226318294
          0,           0,        1315,      -11.11089813,      -9.602646741,      -10.70865622,      -13.59368588,                 1,    0.002859644534,  -0.0006366570878,                 0,                 0,                 0,   5.524601606e-06,    0.002859644534,  -0.0006366570878,                 0,     -0.2226350444
          0,           0,        1316,      -11.11433745,       -9.60612349,      -10.71205004,      -13.59733834,                 1,    0.002859641754,  -0.0006366655926,                 0,                 0,                 0,   5.517112432e-06,    0.002859641754,  -0.0006366655926,                 0,     -0.2226382349
          0,           0,        1317,      -11.11777736,      -9.609600757,      -10.71544453,      -13.60099105,                 1,    0.002859638996,   -0.000636674033,                 0,                 0,                 0,   5.509677475e-06,    0.002859638996,   -0.000636674033,                 0,     -0.2226414012
          0,           0,        1318,      -11.12121786,      -9.613078539,      -10.71883969,      -13.60464401,                 1,    0.002859636261,  -0.0006366824095,                 0,                 0,                 0,    5.50229636e-06,    0.002859636261,  -0.0006366824095,                 0,     -0.2226445434
          0,           0,        1319,      -11.12465897,      -9.616556837,       -10.7222355,      -13.60829722,                 1,    0.002859633548,  -0.0006366907226,                 0,                 0,                 0,   5.494968713e-06,    0.002859633548,  -0.0006366907226,                 0,     -0.2226476617
          0,           0,        1320,      -11.12810066,      -9.620035648,      -10.72563198,      -13.61195069,                 1,    0.002859630856,  -0.0006366989726,                 0,                 0,                 0,   5.487694164e-06,    0.002859630856,  -0.0006366989726,                 0,     -0.2226507562
          0,           0,        1321,      -11.13154295,      -9.623514972,      -10.72902912,       -13.6156044,                 1,    0.002859628186,  -0.0006367071602,                 0,                 0,                 0,   5.480472345e-06,    0.002859628186,  -0.0006367071602,                 0,     -0.2226538273
          0,           0,        1322,      -11.13498583,      -9.626994808,      -10.73242693,      -13.61925837,                 1,    0.002859625537,  -0.0006367152856,                 0,                 0,                 0,   5.473302891e-06,    0.002859625537,  -0.0006367152856,                 0,     -0.2226568749
          0,           0,        1323,       -11.1384293,      -9.630475154,      -10.73582539,      -13.62291258,                 1,     0.00285962291,  -0.0006367233494,                 0,                 0,                 0,   5.466185438e-06,     0.00285962291,  -0.0006367233494,                 0,     -0.2226598994
          0,           0,        1324,      -11.14187337,       -9.63395601,      -10.73922452,      -13.62656704,                 1,    0.002859620304,  -0.0006367313521,                 0,                 0,                 0,   5.459119625e-06,    0.002859620304,  -0.0006367313521,                 0,     -0.2226629008
          0,           0,        1325,      -11.14531803,      -9.637437375,       -10.7426243,      -13.63022174,                 1,    0.002859617719,   -0.000636739294,                 0,                 0,                 0,   5.452105094e-06,    0.002859617719,   -0.000636739294,                 0,     -0.2226658794
          0,           0,        1326,      -11.14876328,      -9.640919248,      -10.74602475,      -13.63387669,                 1,    0.002859615154,  -0.0006367471757,                 0,                 0,                 0,   5.445141489e-06,    0.002859615154,  -0.0006367471757,                 0,     -0.2226688353
          0,           0,        1327,      -11.15220912,      -9.644401627,      -10.74942585,      -13.63753189,                 1,     0.00285961261,  -0.0006367549976,                 0,                 0,                 0,   5.438228456e-06,     0.00285961261,  -0.0006367549976,                 0,     -0.2226717686
          0,           0,        1328,      -11.15565555,      -9.647884512,      -10.75282762,      -13.64118732,                 1,    0.002859610087,    -0.00063676276,                 0,                 0,                 0,   5.431365643e-06,    0.002859610087,    -0.00063676276,                 0,     -0.2226746797
          0,           0,        1329,      -11.15910257,      -9.651367901,      -10.75623004,        -13.644843,                 1,    0.002859607584,  -0.0006367704635,                 0,                 0,                 0,   5.424552702e-06,    0.002859607584,  -0.0006367704635,                 0,     -0.2226775685
          0,           0,        1330,      -11.16255017,      -9.654851794,      -10.75963312,      -13.64849891,                 1,    0.002859605101,  -0.0006367781085,                 0,                 0,                 0,   5.417789286e-06,    0.002859605101,  -0.0006367781085,                 0,     -0.2226804353
          0,           0,        1331,      -11.16599837,      -9.658336188,      -10.76303686,      -13.65215506,                 1,    0.002859602638,  -0.0006367856955,                 0,                 0,                 0,   5.411075049e-06,    0.002859602638,  -0.0006367856955,                 0,     -0.2226832802
          0,           0,        1332,      -11.16944716,      -9.661821084,      -10.76644126,      -13.65581145,                 1,    0.002859600194,  -0.0006367932247,                 0,                 0,                 0,   5.404409651e-06,    0.002859600194,  -0.0006367932247,                 0,     -0.2226861035
          0,           0,        1333,      -11.17289654,       -9.66530648,      -10.76984631,      -13.65946808,                 1,    0.002859597771,  -0.0006368006967,                 0,                 0,                 0,   5.397792751e-06,    0.002859597771,  -0.0006368006967,                 0,     -0.2226889051
          0,           0,        1334,      -11.17634649,      -9.668792375,      -10.77325202,      -13.66312493,                 1,    0.002859595367,   -0.000636808112,                 0,                 0,                 0,   5.391224011e-06,    0.002859595367,   -0.000636808112,                 0,     -0.2226916855
          0,           0,        1335,      -11.17979704,      -9.672278768,      -10.77665838,      -13.66678203,                 1,    0.002859592982,  -0.0006368154708,                 0,                 0,                 0,   5.384703095e-06,    0.002859592982,  -0.0006368154708,                 0,     -0.2226944446
          0,           0,        1336,      -11.18324818,      -9.675765658,      -10.78006541,      -13.67043935,                 1,    0.002859590616,  -0.0006368227736,                 0,                 0,                 0,    5.37822967e-06,    0.002859590616,  -0.0006368227736,                 0,     -0.2226971826
          0,           0,        1337,       -11.1866999,      -9.679253044,      -10.78347308,      -13.67409691,                 1,     0.00285958827,  -0.0006368300209,                 0,                 0,                 0,   5.371803406e-06,     0.00285958827,  -0.0006368300209,                 0,     -0.2226998997
          0,           0,        1338,       -11.1901522,      -9.682740924,      -10.78688141,      -13.67775469,                 1,    0.002859585942,   -0.000636837213,                 0,                 0,                 0,   5.365423972e-06,    0.002859585942,   -0.000636837213,                 0,     -0.2227025961
          0,           0,        1339,      -11.19360509,      -9.686229298,       -10.7902904,       -13.6814127,                 1,    0.002859583633,  -0.0006368443504,                 0,                 0,                 0,   5.359091043e-06,    0.002859583633,  -0.0006368443504,                 0,     -0.2227052719
          0,           0,        1340,      -11.19705857,      -9.689718164,      -10.79370004,      -13.68507094,                 1,    0.002859581342,  -0.0006368514334,                 0,                 0,                 0,   5.352804293e-06,    0.002859581342,  -0.0006368514334,                 0,     -0.2227079272
          0,           0,        1341,      -11.20051262,      -9.693207522,      -10.79711034,       -13.6887294,                 1,     0.00285957907,  -0.0006368584625,                 0,                 0,                 0,     5.3465634e-06,     0.00285957907,  -0.0006368584625,                 0,     -0.2227105622
          0,           0,        1342,      -11.20396727,       -9.69669737,      -10.80052128,      -13.69238809,                 1,    0.002859576816,   -0.000636865438,                 0,                 0,                 0,   5.340368044e-06,    0.002859576816,   -0.000636865438,                 0,     -0.2227131771
          0,           0,        1343,      -11.20742249,      -9.700187707,      -10.80393288,        -13.696047,                 1,    0.002859574581,  -0.0006368723604,                 0,                 0,                 0,   5.334217905e-06,    0.002859574581,  -0.0006368723604,                 0,      -0.222715772
          0,           0,        1344,       -11.2108783,      -9.703678533,      -10.80734514,      -13.69970613,                 1,    0.002859572363,    -0.00063687923,                 0,                 0,                 0,   5.328112669e-06,    0.002859572363,    -0.00063687923,                 0,     -0.2227183471
          0,           0,        1345,      -11.21433469,      -9.707169845,      -10.81075804,      -13.70336549,                 1,    0.002859570163,  -0.0006368860472,                 0,                 0,                 0,    5.32205202e-06,    0.002859570163,  -0.0006368860472,                 0,     -0.2227209024
          0,           0,        1346,      -11.21779166,      -9.710661643,      -10.81417159,      -13.70702506,                 1,    0.002859567981,  -0.0006368928125,                 0,                 0,                 0,   5.316035646e-06,    0.002859567981,  -0.0006368928125,                 0,     -0.2227234382
          0,           0,        1347,      -11.22124921,      -9.714153925,       -10.8175858,      -13.71068484,                 1,    0.002859565816,  -0.0006368995261,                 0,                 0,                 0,   5.310063238e-06,    0.002859565816,  -0.0006368995261,                 0,     -0.2227259546
          0,           0,        1348,      -11.22470733,      -9.717646691,      -10.82100065,      -13.71434485,                 1,    0.002859563669,  -0.0006369061886,                 0,                 0,                 0,   5.304134488e-06,    0.002859563669,  -0.0006369061886,                 0,     -0.2227284517
          0,           0,        1349,      -11.22816604,      -9.721139939,      -10.82441615,      -13.71800507,                 1,    0.002859561539,  -0.0006369128002,                 0,                 0,                 0,   5.298249089e-06,    0.002859561539,  -0.0006369128002,                 0,     -0.2227309297
          0,           0,        1350,      -11.23162532,      -9.724633668,      -10.82783231,       -13.7216655,                 1,    0.002859559426,  -0.0006369193613,                 0,                 0,                 0,   5.292406738e-06,    0.002859559426,  -0.0006369193613,                 0,     -0.2227333887
          0,           0,        1351,      -11.23508519,      -9.728127877,      -10.83124911,      -13.72532614,                 1,    0.002859557331,  -0.0006369258723,                 0,                 0,                 0,   5.286607133e-06,    0.002859557331,  -0.0006369258723,                 0,     -0.2227358289
          0,           0,        1352,      -11.23854564,      -9.731622564,      -10.83466656,        -13.728987,                 1,    0.002859555252,  -0.0006369323336,                 0,                 0,                 0,   5.280849973e-06,    0.002859555252,  -0.0006369323336,                 0,     -0.2227382504
          0,           0,        1353,      -11.24200666,      -9.735117728,      -10.83808466,      -13.73264806,                 1,    0.002859553189,  -0.0006369387456,                 0,                 0,                 0,   5.275134962e-06,    0.002859553189,  -0.0006369387456,                 0,     -0.2227406533
          0,           0,        1354,      -11.24546825,      -9.738613369,       -10.8415034,      -13.73630934,                 1,    0.002859551144,  -0.0006369451085,                 0,                 0,                 0,   5.269461802e-06,    0.002859551144,  -0.0006369451085,                 0,     -0.2227430378
          0,           0,        1355,      -11.24893042,      -9.742109484,      -10.84492279,      -13.73997081,                 1,    0.002859549114,  -0.0006369514228,                 0,                 0,                 0,     5.2638302e-06,    0.002859549114,  -0.0006369514228,                 0,      -0.222745404
          0,           0,        1356,      -11.25239317,      -9.745606073,      -10.84834283,       -13.7436325,                 1,    0.002859547101,  -0.0006369576889,                 0,                 0,                 0,   5.258239864e-06,    0.002859547101,  -0.0006369576889,                 0,     -0.2227477521
          0,           0,        1357,      -11.25585649,      -9.749103133,      -10.85176351,      -13.74729439,                 1,    0.002859545105,   -0.000636963907,                 0,                 0,                 0,   5.252690504e-06,    0.002859545105,   -0.000636963907,                 0,     -0.2227500822
          0,           0,        1358,      -11.25932038,      -9.752600665,      -10.85518484,      -13.75095648,                 1,    0.002859543124,  -0.0006369700776,                 0,                 0,                 0,   5.247181831e-06,    0.002859543124,  -0.0006369700776,                 0,     -0.2227523943
          0,           0,        1359,      -11.26278485,      -9.756098665,      -10.85860681,      -13.75461877,                 1,    0.002859541159,  -0.0006369762009,                 0,                 0,                 0,    5.24171356e-06,    0.002859541159,  -0.0006369762009,                 0,     -0.2227546888
          0,           0,        1360,      -11.26624989,      -9.759597134,      -10.86202942,      -13.75828126,                 1,     0.00285953921,  -0.0006369822774,                 0,                 0,                 0,   5.236285405e-06,     0.00285953921,  -0.0006369822774,                 0,     -0.2227569656
          0,           0,        1361,      -11.26971551,       -9.76309607,      -10.86545268,      -13.76194395,                 1,    0.002859537277,  -0.0006369883074,                 0,                 0,                 0,   5.230897086e-06,    0.002859537277,  -0.0006369883074,                 0,     -0.2227592249
          0,           0,        1362,       -11.2731817,      -9.766595471,      -10.86887658,      -13.76560684,                 1,    0.002859535359,  -0.0006369942912,                 0,                 0,                 0,    5.22554832e-06,    0.002859535359,  -0.0006369942912,                 0,     -0.2227614669
          0,           0,        1363,      -11.27664845,      -9.770095336,      -10.87230112,      -13.76926992,                 1,    0.002859533457,  -0.0006370002292,                 0,                 0,                 0,    5.22023883e-06,    0.002859533457,  -0.0006370002292,                 0,     -0.2227636916
          0,           0,        1364,      -11.28011578,      -9.773595663,      -10.87572631,       -13.7729332,                 1,     0.00285953157,  -0.0006370061217,                 0,                 0,                 0,   5.214968338e-06,     0.00285953157,  -0.0006370061217,                 0,     -0.2227658993
          0,           0,        1365,      -11.28358368,      -9.777096452,      -10.87915214,      -13.77659666,                 1,    0.002859529698,  -0.0006370119691,                 0,                 0,                 0,    5.20973657e-06,    0.002859529698,  -0.0006370119691,                 0,       -0.22276809
          0,           0,        1366,      -11.28705216,        -9.7805977,      -10.88257861,      -13.78026033,                 1,    0.002859527842,  -0.0006370177716,                 0,                 0,                 0,   5.204543252e-06,    0.002859527842,  -0.0006370177716,                 0,     -0.2227702638
          0,           0,        1367,      -11.29052119,      -9.784099406,      -10.88600572,      -13.78392418,                 1,       0.002859526,  -0.0006370235297,                 0,                 0,                 0,   5.199388114e-06,       0.002859526,  -0.0006370235297,                 0,     -0.2227724209
          0,           0,        1368,       -11.2939908,      -9.787601569,      -10.88943347,      -13.78758821,                 1,    0.002859524173,  -0.0006370292436,                 0,                 0,                 0,   5.194270885e-06,    0.002859524173,  -0.0006370292436,                 0,     -0.2227745615
          0,           0,        1369,      -11.29746098,      -9.791104188,      -10.89286186,      -13.79125244,                 1,     0.00285952236,  -0.0006370349137,                 0,                 0,                 0,   5.189191299e-06,     0.00285952236,  -0.0006370349137,                 0,     -0.2227766855
          0,           0,        1370,      -11.30093171,       -9.79460726,      -10.89629088,      -13.79491685,                 1,    0.002859520563,  -0.0006370405403,                 0,                 0,                 0,   5.184149088e-06,    0.002859520563,  -0.0006370405403,                 0,     -0.2227787933
          0,           0,        1371,      -11.30440302,      -9.798110785,      -10.89972054,      -13.79858145,                 1,    0.002859518779,  -0.0006370461237,                 0,                 0,                 0,    5.17914399e-06,    0.002859518779,  -0.0006370461237,                 0,     -0.2227808848
          0,           0,        1372,       -11.3078749,       -9.80161476,      -10.90315085,      -13.80224623,                 1,    0.002859517011,  -0.0006370516642,                 0,                 0,                 0,   5.174175742e-06,    0.002859517011,  -0.0006370516642,                 0,     -0.2227829601
          0,           0,        1373,      -11.31134735,      -9.805119185,       -10.9065818,      -13.80591119,                 1,    0.002859515256,  -0.0006370571622,                 0,                 0,                 0,   5.169244083e-06,    0.002859515256,  -0.0006370571622,                 0,     -0.2227850196
          0,           0,        1374,      -11.31482034,      -9.808624058,      -10.91001337,      -13.80957634,                 1,    0.002859513515,   -0.000637062618,                 0,                 0,                 0,   5.164348756e-06,    0.002859513515,   -0.000637062618,                 0,     -0.2227870631
          0,           0,        1375,      -11.31829392,      -9.812129377,      -10.91344559,      -13.81324166,                 1,    0.002859511789,  -0.0006370680319,                 0,                 0,                 0,   5.159489501e-06,    0.002859511789,  -0.0006370680319,                 0,     -0.2227890909
          0,           0,        1376,      -11.32176806,      -9.815635141,      -10.91687845,      -13.81690716,                 1,    0.002859510076,  -0.0006370734042,                 0,                 0,                 0,   5.154666065e-06,    0.002859510076,  -0.0006370734042,                 0,     -0.2227911031
          0,           0,        1377,      -11.32524275,      -9.819141348,      -10.92031193,      -13.82057283,                 1,    0.002859508377,  -0.0006370787352,                 0,                 0,                 0,   5.149878194e-06,    0.002859508377,  -0.0006370787352,                 0,     -0.2227930998
          0,           0,        1378,      -11.32871801,      -9.822647996,      -10.92374606,      -13.82423868,                 1,    0.002859506692,  -0.0006370840253,                 0,                 0,                 0,   5.145125635e-06,    0.002859506692,  -0.0006370840253,                 0,     -0.2227950811
          0,           0,        1379,      -11.33219384,      -9.826155085,      -10.92718082,      -13.82790471,                 1,     0.00285950502,  -0.0006370892746,                 0,                 0,                 0,   5.140408139e-06,     0.00285950502,  -0.0006370892746,                 0,     -0.2227970471
          0,           0,        1380,      -11.33567023,      -9.829662612,      -10.93061621,       -13.8315709,                 1,    0.002859503362,  -0.0006370944836,                 0,                 0,                 0,   5.135725458e-06,    0.002859503362,  -0.0006370944836,                 0,     -0.2227989979
          0,           0,        1381,      -11.33914718,      -9.833170575,      -10.93405224,      -13.83523727,                 1,    0.002859501717,  -0.0006370996525,                 0,                 0,                 0,   5.131077344e-06,    0.002859501717,  -0.0006370996525,                 0,     -0.2228009337
          0,           0,        1382,      -11.34262469,      -9.836678974,       -10.9374889,      -13.83890381,                 1,    0.002859500086,  -0.0006371047817,                 0,                 0,                 0,   5.126463552e-06,    0.002859500086,  -0.0006371047817,                 0,     -0.2228028545
          0,           0,        1383,      -11.34610275,      -9.840187807,      -10.94092619,      -13.84257051,                 1,    0.002859498467,  -0.0006371098714,                 0,                 0,                 0,   5.121883838e-06,    0.002859498467,  -0.0006371098714,                 0,     -0.2228047606
          0,           0,        1384,      -11.34958139,      -9.843697071,      -10.94436412,      -13.84623738,                 1,    0.002859496862,  -0.0006371149219,                 0,                 0,                 0,   5.117337962e-06,    0.002859496862,  -0.0006371149219,                 0,     -0.2228066519
          0,           0,        1385,      -11.35306058,      -9.847206766,      -10.94780269,      -13.84990442,                 1,    0.002859495269,  -0.0006371199335,                 0,                 0,                 0,   5.112825683e-06,    0.002859495269,  -0.0006371199335,                 0,     -0.2228085286
          0,           0,        1386,      -11.35654033,      -9.850716889,      -10.95124188,      -13.85357162,                 1,     0.00285949369,  -0.0006371249065,                 0,                 0,                 0,   5.108346761e-06,     0.00285949369,  -0.0006371249065,                 0,     -0.2228103908
          0,           0,        1387,      -11.36002064,       -9.85422744,       -10.9546817,      -13.85723898,                 1,    0.002859492123,  -0.0006371298413,                 0,                 0,                 0,   5.103900961e-06,    0.002859492123,  -0.0006371298413,                 0,     -0.2228122386
          0,           0,        1388,       -11.3635015,      -9.857738415,      -10.95812216,      -13.86090651,                 1,    0.002859490568,   -0.000637134738,                 0,                 0,                 0,   5.099488046e-06,    0.002859490568,   -0.000637134738,                 0,     -0.2228140722
          0,           0,        1389,      -11.36698292,      -9.861249814,      -10.96156324,      -13.86457419,                 1,    0.002859489027,  -0.0006371395969,                 0,                 0,                 0,   5.095107783e-06,    0.002859489027,  -0.0006371395969,                 0,     -0.2228158916
          0,           0,        1390,       -11.3704649,      -9.864761634,      -10.96500495,      -13.86824204,                 1,    0.002859487497,  -0.0006371444184,                 0,                 0,                 0,    5.09075994e-06,    0.002859487497,  -0.0006371444184,                 0,     -0.2228176969
          0,           0,        1391,      -11.37394743,      -9.868273875,      -10.96844729,      -13.87191004,                 1,     0.00285948598,  -0.0006371492027,                 0,                 0,                 0,   5.086444286e-06,     0.00285948598,  -0.0006371492027,                 0,     -0.2228194883
          0,           0,        1392,      -11.37743052,      -9.871786533,      -10.97189027,      -13.87557819,                 1,    0.002859484475,  -0.0006371539502,                 0,                 0,                 0,   5.082160592e-06,    0.002859484475,  -0.0006371539502,                 0,     -0.2228212658
          0,           0,        1393,      -11.38091417,      -9.875299608,      -10.97533387,       -13.8792465,                 1,    0.002859482982,   -0.000637158661,                 0,                 0,                 0,   5.077908631e-06,    0.002859482982,   -0.000637158661,                 0,     -0.2228230295
          0,           0,        1394,      -11.38439836,      -9.878813098,       -10.9787781,      -13.88291497,                 1,    0.002859481501,  -0.0006371633354,                 0,                 0,                 0,   5.073688176e-06,    0.002859481501,  -0.0006371633354,                 0,     -0.2228247796
          0,           0,        1395,      -11.38788312,      -9.882327001,      -10.98222295,      -13.88658358,                 1,    0.002859480032,  -0.0006371679738,                 0,                 0,                 0,   5.069499003e-06,    0.002859480032,  -0.0006371679738,                 0,     -0.2228265162
          0,           0,        1396,      -11.39136842,      -9.885841314,      -10.98566844,      -13.89025235,                 1,    0.002859478575,  -0.0006371725764,                 0,                 0,                 0,   5.065340889e-06,    0.002859478575,  -0.0006371725764,                 0,     -0.2228282393
          0,           0,        1397,      -11.39485428,      -9.889356037,      -10.98911454,      -13.89392127,                 1,     0.00285947713,  -0.0006371771435,                 0,                 0,                 0,   5.061213613e-06,     0.00285947713,  -0.0006371771435,                 0,     -0.2228299491
          0,           0,        1398,      -11.39834069,      -9.892871167,      -10.99256128,      -13.89759033,                 1,    0.002859475696,  -0.0006371816752,                 0,                 0,                 0,   5.057116955e-06,    0.002859475696,  -0.0006371816752,                 0,     -0.2228316457
          0,           0,        1399,      -11.40182766,      -9.896386703,      -10.99600865,      -13.90125954,                 1,    0.002859474274,   -0.000637186172,                 0,                 0,                 0,   5.053050696e-06,    0.002859474274,   -0.000637186172,                 0,     -0.2228333291
          0,           0,        1400,      -11.40531517,      -9.899902642,      -10.99945664,       -13.9049289,                 1,    0.002859472864,   -0.000637190634,                 0,                 0,                 0,    5.04901462e-06,    0.002859472864,   -0.000637190634,                 0,     -0.2228349995
          0,           0,        1401,      -11.40880325,      -9.903418983,      -11.00290526,       -13.9085984,                 1,    0.002859471464,  -0.0006371950615,                 0,                 0,                 0,   5.045008511e-06,    0.002859471464,  -0.0006371950615,                 0,     -0.2228366569
          0,           0,        1402,      -11.41229186,      -9.906935724,       -11.0063545,      -13.91226805,                 1,    0.002859470076,  -0.0006371994549,                 0,                 0,                 0,   5.041032155e-06,    0.002859470076,  -0.0006371994549,                 0,     -0.2228383015
          0,           0,        1403,      -11.41578103,      -9.910452862,      -11.00980436,      -13.91593783,                 1,    0.002859468699,  -0.0006372038142,                 0,                 0,                 0,   5.037085339e-06,    0.002859468699,  -0.0006372038142,                 0,     -0.2228399333
          0,           0,        1404,      -11.41927075,      -9.913970397,      -11.01325485,      -13.91960776,                 1,    0.002859467333,  -0.0006372081398,                 0,                 0,                 0,   5.033167852e-06,    0.002859467333,  -0.0006372081398,                 0,     -0.2228415525
          0,           0,        1405,      -11.42276101,      -9.917488325,      -11.01670597,      -13.92327782,                 1,    0.002859465978,   -0.000637212432,                 0,                 0,                 0,   5.029279485e-06,    0.002859465978,   -0.000637212432,                 0,     -0.2228431591
          0,           0,        1406,      -11.42625182,      -9.921006645,       -11.0201577,      -13.92694802,                 1,    0.002859464635,  -0.0006372166909,                 0,                 0,                 0,    5.02542003e-06,    0.002859464635,  -0.0006372166909,                 0,     -0.2228447533
          0,           0,        1407,       -11.4297432,      -9.924525356,      -11.02361007,      -13.93061835,                 1,    0.002859463301,  -0.0006372209169,                 0,                 0,                 0,   5.021589279e-06,    0.002859463301,  -0.0006372209169,                 0,     -0.2228463351
          0,           0,        1408,      -11.43323511,      -9.928044454,      -11.02706305,      -13.93428882,                 1,    0.002859461979,  -0.0006372251102,                 0,                 0,                 0,   5.017787028e-06,    0.002859461979,  -0.0006372251102,                 0,     -0.2228479046
          0,           0,        1409,      -11.43672757,      -9.931563938,      -11.03051666,      -13.93795942,                 1,    0.002859460667,   -0.000637229271,                 0,                 0,                 0,   5.014013072e-06,    0.002859460667,   -0.000637229271,                 0,     -0.2228494619
          0,           0,        1410,      -11.44022057,      -9.935083806,      -11.03397088,      -13.94163016,                 1,    0.002859459366,  -0.0006372333996,                 0,                 0,                 0,   5.010267208e-06,    0.002859459366,  -0.0006372333996,                 0,     -0.2228510072
          0,           0,        1411,      -11.44371413,      -9.938604055,      -11.03742574,      -13.94530102,                 1,    0.002859458075,  -0.0006372374962,                 0,                 0,                 0,   5.006549236e-06,    0.002859458075,  -0.0006372374962,                 0,     -0.2228525404
          0,           0,        1412,      -11.44720823,      -9.942124685,      -11.04088121,        -13.948972,                 1,    0.002859456795,  -0.0006372415611,                 0,                 0,                 0,   5.002858955e-06,    0.002859456795,  -0.0006372415611,                 0,     -0.2228540617
          0,           0,        1413,      -11.45070287,      -9.945645692,       -11.0443373,      -13.95264312,                 1,    0.002859455525,  -0.0006372455945,                 0,                 0,                 0,   4.999196168e-06,    0.002859455525,  -0.0006372455945,                 0,     -0.2228555713
          0,           0,        1414,      -11.45419805,      -9.949167074,      -11.04779401,      -13.95631435,                 1,    0.002859454265,  -0.0006372495966,                 0,                 0,                 0,   4.995560676e-06,    0.002859454265,  -0.0006372495966,                 0,      -0.222857069
          0,           0,        1415,      -11.45769379,       -9.95268883,      -11.05125134,      -13.95998571,                 1,    0.002859453015,  -0.0006372535676,                 0,                 0,                 0,   4.991952285e-06,    0.002859453015,  -0.0006372535676,                 0,     -0.2228585552
          0,           0,        1416,      -11.46119008,      -9.956210956,       -11.0547093,      -13.96365719,                 1,    0.002859451776,  -0.0006372575079,                 0,                 0,                 0,     4.9883708e-06,    0.002859451776,  -0.0006372575079,                 0,     -0.2228600298
          0,           0,        1417,       -11.4646869,      -9.959733452,      -11.05816787,      -13.96732879,                 1,    0.002859450546,  -0.0006372614176,                 0,                 0,                 0,   4.984816027e-06,    0.002859450546,  -0.0006372614176,                 0,     -0.2228614929
          0,           0,        1418,      -11.46818427,      -9.963256315,      -11.06162707,      -13.97100051,                 1,    0.002859449326,   -0.000637265297,                 0,                 0,                 0,   4.981287775e-06,    0.002859449326,   -0.000637265297,                 0,     -0.2228629447
          0,           0,        1419,      -11.47168218,      -9.966779542,      -11.06508688,      -13.97467234,                 1,    0.002859448116,  -0.0006372691463,                 0,                 0,                 0,   4.977785853e-06,    0.002859448116,  -0.0006372691463,                 0,     -0.2228643851
          0,           0,        1420,      -11.47518063,      -9.970303132,      -11.06854732,      -13.97834428,                 1,    0.002859446916,  -0.0006372729657,                 0,                 0,                 0,   4.974310073e-06,    0.002859446916,  -0.0006372729657,                 0,     -0.2228658144
          0,           0,        1421,      -11.47867963,      -9.973827081,      -11.07200837,      -13.98201633,                 1,    0.002859445725,  -0.0006372767554,                 0,                 0,                 0,   4.970860246e-06,    0.002859445725,  -0.0006372767554,                 0,     -0.2228672325
          0,           0,        1422,      -11.48217917,      -9.977351389,      -11.07547004,      -13.98568849,                 1,    0.002859444544,  -0.0006372805157,                 0,                 0,                 0,   4.967436186e-06,    0.002859444544,  -0.0006372805157,                 0,     -0.2228686396
          0,           0,        1423,      -11.48567925,      -9.980876052,      -11.07893234,      -13.98936076,                 1,    0.002859443373,  -0.0006372842468,                 0,                 0,                 0,   4.964037707e-06,    0.002859443373,  -0.0006372842468,                 0,     -0.2228700358
          0,           0,        1424,      -11.48917988,      -9.984401068,      -11.08239524,      -13.99303314,                 1,    0.002859442211,  -0.0006372879489,                 0,                 0,                 0,   4.960664626e-06,    0.002859442211,  -0.0006372879489,                 0,      -0.222871421
          0,           0,        1425,      -11.49268103,      -9.987926435,      -11.08585877,      -13.99670562,                 1,    0.002859441058,  -0.0006372916222,                 0,                 0,                 0,   4.957316759e-06,    0.002859441058,  -0.0006372916222,                 0,     -0.2228727955
          0,           0,        1426,      -11.49618275,      -9.991452151,      -11.08932292,       -14.0003782,                 1,    0.002859439915,   -0.000637295267,                 0,                 0,                 0,   4.953993926e-06,    0.002859439915,   -0.000637295267,                 0,     -0.2228741593
          0,           0,        1427,        -11.499685,      -9.994978213,      -11.09278768,      -14.00405087,                 1,     0.00285943878,  -0.0006372988834,                 0,                 0,                 0,   4.950695946e-06,     0.00285943878,  -0.0006372988834,                 0,     -0.2228755124
          0,           0,        1428,      -11.50318778,      -9.998504619,      -11.09625306,      -14.00772364,                 1,    0.002859437655,  -0.0006373024718,                 0,                 0,                 0,    4.94742264e-06,    0.002859437655,  -0.0006373024718,                 0,      -0.222876855
          0,           0,        1429,       -11.5066911,      -10.00203137,      -11.09971906,      -14.01139651,                 1,    0.002859436539,  -0.0006373060322,                 0,                 0,                 0,   4.944173829e-06,    0.002859436539,  -0.0006373060322,                 0,     -0.2228781872
          0,           0,        1430,      -11.51019496,      -10.00555845,      -11.10318567,      -14.01506947,                 1,    0.002859435432,  -0.0006373095649,                 0,                 0,                 0,   4.940949339e-06,    0.002859435432,  -0.0006373095649,                 0,     -0.2228795089
          0,           0,        1431,      -11.51369936,      -10.00908588,      -11.10665291,      -14.01874252,                 1,    0.002859434334,  -0.0006373130701,                 0,                 0,                 0,   4.937748993e-06,    0.002859434334,  -0.0006373130701,                 0,     -0.2228808204
          0,           0,        1432,       -11.5172043,      -10.01261363,      -11.11012075,      -14.02241565,                 1,    0.002859433244,   -0.000637316548,                 0,                 0,                 0,   4.934572617e-06,    0.002859433244,   -0.000637316548,                 0,     -0.2228821216
          0,           0,        1433,      -11.52070978,      -10.01614172,      -11.11358922,      -14.02608887,                 1,    0.002859432164,  -0.0006373199989,                 0,                 0,                 0,   4.931420038e-06,    0.002859432164,  -0.0006373199989,                 0,     -0.2228834126
          0,           0,        1434,       -11.5242158,      -10.01967014,       -11.1170583,      -14.02976217,                 1,    0.002859431092,  -0.0006373234228,                 0,                 0,                 0,   4.928291085e-06,    0.002859431092,  -0.0006373234228,                 0,     -0.2228846936
          0,           0,        1435,      -11.52772235,      -10.02319888,        -11.120528,      -14.03343555,                 1,    0.002859430028,  -0.0006373268201,                 0,                 0,                 0,   4.925185586e-06,    0.002859430028,  -0.0006373268201,                 0,     -0.2228859646
          0,           0,        1436,      -11.53122944,      -10.02672795,       -11.1239983,        -14.037109,                 1,    0.002859428974,   -0.000637330191,                 0,                 0,                 0,   4.922103373e-06,    0.002859428974,   -0.000637330191,                 0,     -0.2228872257
          0,           0,        1437,      -11.53473705,      -10.03025734,      -11.12746923,      -14.04078254,                 1,    0.002859427927,  -0.0006373335355,                 0,                 0,                 0,   4.919044278e-06,    0.002859427927,  -0.0006373335355,                 0,     -0.2228884769
          0,           0,        1438,      -11.53824521,      -10.03378705,      -11.13094077,      -14.04445614,                 1,    0.002859426889,   -0.000637336854,                 0,                 0,                 0,   4.916008133e-06,    0.002859426889,   -0.000637336854,                 0,     -0.2228897184
          0,           0,        1439,      -11.54175391,      -10.03731708,      -11.13441293,      -14.04812981,                 1,     0.00285942586,  -0.0006373401467,                 0,                 0,                 0,   4.912994772e-06,     0.00285942586,  -0.0006373401467,                 0,     -0.2228909501
          0,           0,        1440,      -11.54526314,      -10.04084741,       -11.1378857,      -14.05180355,                 1,    0.002859424839,  -0.0006373434136,                 0,                 0,                 0,   4.910004031e-06,    0.002859424839,  -0.0006373434136,                 0,     -0.2228921722
          0,           0,        1441,      -11.54877288,      -10.04437806,      -11.14135908,      -14.05547736,                 1,    0.002859423825,  -0.0006373466551,                 0,                 0,                 0,   4.907035745e-06,    0.002859423825,  -0.0006373466551,                 0,     -0.2228933848
          0,           0,        1442,      -11.55228318,      -10.04790902,      -11.14483307,      -14.05915122,                 1,    0.002859422821,  -0.0006373498712,                 0,                 0,                 0,   4.904089754e-06,    0.002859422821,  -0.0006373498712,                 0,     -0.2228945879
          0,           0,        1443,        -11.555794,      -10.05144028,      -11.14830767,      -14.06282515,                 1,    0.002859421824,  -0.0006373530623,                 0,                 0,                 0,   4.901165894e-06,    0.002859421824,  -0.0006373530623,                 0,     -0.2228957816
          0,           0,        1444,      -11.55930535,      -10.05497185,       -11.1517829,      -14.06649913,                 1,    0.002859420835,  -0.0006373562284,                 0,                 0,                 0,   4.898264006e-06,    0.002859420835,  -0.0006373562284,                 0,     -0.2228969659
          0,           0,        1445,      -11.56281723,      -10.05850371,      -11.15525872,      -14.07017316,                 1,    0.002859419854,  -0.0006373593699,                 0,                 0,                 0,   4.895383931e-06,    0.002859419854,  -0.0006373593699,                 0,      -0.222898141
          0,           0,        1446,      -11.56632964,      -10.06203587,      -11.15873517,      -14.07384725,                 1,    0.002859418881,  -0.0006373624868,                 0,                 0,                 0,   4.892525511e-06,    0.002859418881,  -0.0006373624868,                 0,     -0.2228993069
          0,           0,        1447,      -11.56984258,      -10.06556833,      -11.16221222,      -14.07752138,                 1,    0.002859417916,  -0.0006373655793,                 0,                 0,                 0,   4.889688589e-06,    0.002859417916,  -0.0006373655793,                 0,     -0.2229004637
          0,           0,        1448,      -11.57335606,      -10.06910108,      -11.16568989,      -14.08119556,                 1,    0.002859416958,  -0.0006373686477,                 0,                 0,                 0,   4.886873009e-06,    0.002859416958,  -0.0006373686477,                 0,     -0.2229016114
          0,           0,        1449,      -11.57687005,      -10.07263411,      -11.16916816,      -14.08486978,                 1,    0.002859416008,  -0.0006373716921,                 0,                 0,                 0,   4.884078616e-06,    0.002859416008,  -0.0006373716921,                 0,     -0.2229027502
          0,           0,        1450,      -11.58038458,      -10.07616743,      -11.17264704,      -14.08854404,                 1,    0.002859415066,  -0.0006373747128,                 0,                 0,                 0,   4.881305257e-06,    0.002859415066,  -0.0006373747128,                 0,       -0.22290388
          0,           0,        1451,      -11.58389964,      -10.07970104,      -11.17612654,      -14.09221834,                 1,    0.002859414132,  -0.0006373777097,                 0,                 0,                 0,   4.878552779e-06,    0.002859414132,  -0.0006373777097,                 0,      -0.222905001
          0,           0,        1452,      -11.58741522,      -10.08323492,      -11.17960664,      -14.09589267,                 1,    0.002859413204,  -0.0006373806833,                 0,                 0,                 0,    4.87582103e-06,    0.002859413204,  -0.0006373806833,                 0,     -0.2229061132
          0,           0,        1453,      -11.59093132,      -10.08676908,      -11.18308735,      -14.09956704,                 1,    0.002859412285,  -0.0006373836336,                 0,                 0,                 0,   4.873109859e-06,    0.002859412285,  -0.0006373836336,                 0,     -0.2229072166
          0,           0,        1454,      -11.59444794,      -10.09030351,      -11.18656867,      -14.10324143,                 1,    0.002859411373,  -0.0006373865608,                 0,                 0,                 0,   4.870419118e-06,    0.002859411373,  -0.0006373865608,                 0,     -0.2229083115
          0,           0,        1455,      -11.59796509,      -10.09383821,      -11.19005059,      -14.10691585,                 1,    0.002859410468,  -0.0006373894651,                 0,                 0,                 0,   4.867748659e-06,    0.002859410468,  -0.0006373894651,                 0,     -0.2229093977
          0,           0,        1456,      -11.60148276,      -10.09737318,      -11.19353313,       -14.1105903,                 1,     0.00285940957,  -0.0006373923467,                 0,                 0,                 0,   4.865098332e-06,     0.00285940957,  -0.0006373923467,                 0,     -0.2229104754
          0,           0,        1457,      -11.60500097,      -10.10090841,      -11.19701627,      -14.11426476,                 1,    0.002859408679,  -0.0006373952057,                 0,                 0,                 0,   4.862467994e-06,    0.002859408679,  -0.0006373952057,                 0,     -0.2229115447
          0,           0,        1458,      -11.60851968,      -10.10444391,          -11.2005,      -14.11793925,                 1,    0.002859407796,  -0.0006373980423,                 0,                 0,                 0,   4.859857496e-06,    0.002859407796,  -0.0006373980423,                 0,     -0.2229126056
          0,           0,        1459,      -11.61203891,      -10.10797966,      -11.20398434,      -14.12161375,                 1,     0.00285940692,  -0.0006374008567,                 0,                 0,                 0,   4.857266697e-06,     0.00285940692,  -0.0006374008567,                 0,     -0.2229136582
          0,           0,        1460,      -11.61555864,      -10.11151567,      -11.20746929,      -14.12528826,                 1,    0.002859406051,   -0.000637403649,                 0,                 0,                 0,   4.854695452e-06,    0.002859406051,   -0.000637403649,                 0,     -0.2229147025
          0,           0,        1461,      -11.61907892,      -10.11505192,      -11.21095484,      -14.12896278,                 1,    0.002859405188,  -0.0006374064195,                 0,                 0,                 0,   4.852143618e-06,    0.002859405188,  -0.0006374064195,                 0,     -0.2229157386
          0,           0,        1462,      -11.62259971,      -10.11858843,      -11.21444099,      -14.13263731,                 1,    0.002859404333,  -0.0006374091682,                 0,                 0,                 0,   4.849611055e-06,    0.002859404333,  -0.0006374091682,                 0,     -0.2229167666
          0,           0,        1463,        -11.626121,      -10.12212518,      -11.21792774,      -14.13631184,                 1,    0.002859403485,  -0.0006374118954,                 0,                 0,                 0,   4.847097623e-06,    0.002859403485,  -0.0006374118954,                 0,     -0.2229177865
          0,           0,        1464,      -11.62964282,      -10.12566217,      -11.22141509,      -14.13998638,                 1,    0.002859402643,  -0.0006374146012,                 0,                 0,                 0,   4.844603181e-06,    0.002859402643,  -0.0006374146012,                 0,     -0.2229187984
          0,           0,        1465,      -11.63316515,      -10.12919939,      -11.22490305,      -14.14366091,                 1,    0.002859401808,  -0.0006374172857,                 0,                 0,                 0,   4.842127592e-06,    0.002859401808,  -0.0006374172857,                 0,     -0.2229198023
          0,           0,        1466,        -11.636688,      -10.13273686,      -11.22839161,      -14.14733543,                 1,     0.00285940098,  -0.0006374199492,                 0,                 0,                 0,   4.839670717e-06,     0.00285940098,  -0.0006374199492,                 0,     -0.2229207984
          0,           0,        1467,      -11.64021135,      -10.13627455,      -11.23188076,      -14.15100995,                 1,    0.002859400158,  -0.0006374225918,                 0,                 0,                 0,   4.837232421e-06,    0.002859400158,  -0.0006374225918,                 0,     -0.2229217866
          0,           0,        1468,      -11.64373524,      -10.13981247,      -11.23537052,      -14.15468446,                 1,    0.002859399343,  -0.0006374252137,                 0,                 0,                 0,   4.834812569e-06,    0.002859399343,  -0.0006374252137,                 0,      -0.222922767
          0,           0,        1469,      -11.64725961,      -10.14335061,      -11.23886087,      -14.15835896,                 1,    0.002859398535,   -0.000637427815,                 0,                 0,                 0,   4.832411025e-06,    0.002859398535,   -0.000637427815,                 0,     -0.2229237398
          0,           0,        1470,      -11.65078449,      -10.14688897,      -11.24235181,      -14.16203344,                 1,    0.002859397733,  -0.0006374303958,                 0,                 0,                 0,   4.830027655e-06,    0.002859397733,  -0.0006374303958,                 0,     -0.2229247049
          0,           0,        1471,       -11.6543099,      -10.15042755,      -11.24584335,      -14.16570791,                 1,    0.002859396937,  -0.0006374329564,                 0,                 0,                 0,   4.827662328e-06,    0.002859396937,  -0.0006374329564,                 0,     -0.2229256624
          0,           0,        1472,      -11.65783581,      -10.15396635,       -11.2493355,      -14.16938236,                 1,    0.002859396148,  -0.0006374354968,                 0,                 0,                 0,   4.825314911e-06,    0.002859396148,  -0.0006374354968,                 0,     -0.2229266124
          0,           0,        1473,      -11.66136222,      -10.15750535,      -11.25282824,      -14.17305678,                 1,    0.002859395365,  -0.0006374380173,                 0,                 0,                 0,   4.822985274e-06,    0.002859395365,  -0.0006374380173,                 0,     -0.2229275549
          0,           0,        1474,      -11.66488914,      -10.16104455,      -11.25632157,      -14.17673118,                 1,    0.002859394589,   -0.000637440518,                 0,                 0,                 0,   4.820673286e-06,    0.002859394589,   -0.000637440518,                 0,       -0.22292849
          0,           0,        1475,      -11.66841658,      -10.16458396,      -11.25981549,      -14.18040555,                 1,    0.002859393819,   -0.000637442999,                 0,                 0,                 0,   4.818378819e-06,    0.002859393819,   -0.000637442999,                 0,     -0.2229294177
          0,           0,        1476,       -11.6719445,      -10.16812357,         -11.26331,       -14.1840799,                 1,    0.002859393054,  -0.0006374454605,                 0,                 0,                 0,   4.816101744e-06,    0.002859393054,  -0.0006374454605,                 0,     -0.2229303381
          0,           0,        1477,      -11.67547293,      -10.17166337,       -11.2668051,       -14.1877542,                 1,    0.002859392296,  -0.0006374479026,                 0,                 0,                 0,   4.813841934e-06,    0.002859392296,  -0.0006374479026,                 0,     -0.2229312513
          0,           0,        1478,      -11.67900185,      -10.17520336,       -11.2703008,      -14.19142847,                 1,    0.002859391544,  -0.0006374503255,                 0,                 0,                 0,   4.811599264e-06,    0.002859391544,  -0.0006374503255,                 0,     -0.2229321573
          0,           0,        1479,      -11.68253129,      -10.17874354,      -11.27379709,      -14.19510271,                 1,    0.002859390799,  -0.0006374527294,                 0,                 0,                 0,   4.809373606e-06,    0.002859390799,  -0.0006374527294,                 0,     -0.2229330561
          0,           0,        1480,      -11.68606123,       -10.1822839,      -11.27729396,      -14.19877689,                 1,    0.002859390059,  -0.0006374551143,                 0,                 0,                 0,   4.807164838e-06,    0.002859390059,  -0.0006374551143,                 0,     -0.2229339479
          0,           0,        1481,      -11.68959166,      -10.18582444,      -11.28079143,      -14.20245104,                 1,    0.002859389325,  -0.0006374574804,                 0,                 0,                 0,   4.804972835e-06,    0.002859389325,  -0.0006374574804,                 0,     -0.2229348326
          0,           0,        1482,      -11.69312259,      -10.18936516,      -11.28428947,      -14.20612513,                 1,    0.002859388596,  -0.0006374598279,                 0,                 0,                 0,   4.802797475e-06,    0.002859388596,  -0.0006374598279,                 0,     -0.2229357104
          0,           0,        1483,      -11.69665401,      -10.19290604,      -11.28778811,      -14.20979917,                 1,    0.002859387874,   -0.000637462157,                 0,                 0,                 0,   4.800638634e-06,    0.002859387874,   -0.000637462157,                 0,     -0.2229365812
          0,           0,        1484,      -11.70018594,      -10.19644709,      -11.29128734,      -14.21347316,                 1,    0.002859387158,  -0.0006374644676,                 0,                 0,                 0,   4.798496194e-06,    0.002859387158,  -0.0006374644676,                 0,     -0.2229374452
          0,           0,        1485,      -11.70371836,      -10.19998831,      -11.29478715,      -14.21714709,                 1,    0.002859386447,  -0.0006374667601,                 0,                 0,                 0,   4.796370032e-06,    0.002859386447,  -0.0006374667601,                 0,     -0.2229383023
          0,           0,        1486,      -11.70725127,      -10.20352968,      -11.29828754,      -14.22082096,                 1,    0.002859385742,  -0.0006374690345,                 0,                 0,                 0,   4.794260029e-06,    0.002859385742,  -0.0006374690345,                 0,     -0.2229391527
          0,           0,        1487,      -11.71078469,      -10.20707121,      -11.30178852,      -14.22449477,                 1,    0.002859385042,   -0.000637471291,                 0,                 0,                 0,   4.792166068e-06,    0.002859385042,   -0.000637471291,                 0,     -0.2229399964
          0,           0,        1488,      -11.71431859,      -10.21061289,      -11.30529009,      -14.22816851,                 1,    0.002859384348,  -0.0006374735296,                 0,                 0,                 0,    4.79008803e-06,    0.002859384348,  -0.0006374735296,                 0,     -0.2229408334
          0,           0,        1489,      -11.71785298,      -10.21415472,      -11.30879223,      -14.23184218,                 1,     0.00285938366,  -0.0006374757506,                 0,                 0,                 0,   4.788025799e-06,     0.00285938366,  -0.0006374757506,                 0,     -0.2229416638
          0,           0,        1490,      -11.72138786,      -10.21769668,      -11.31229496,      -14.23551579,                 1,    0.002859382977,  -0.0006374779541,                 0,                 0,                 0,   4.785979258e-06,    0.002859382977,  -0.0006374779541,                 0,     -0.2229424877
          0,           0,        1491,      -11.72492323,      -10.22123879,      -11.31579827,      -14.23918932,                 1,      0.0028593823,  -0.0006374801402,                 0,                 0,                 0,   4.783948291e-06,      0.0028593823,  -0.0006374801402,                 0,      -0.222943305
          0,           0,        1492,      -11.72845909,      -10.22478103,      -11.31930215,      -14.24286278,                 1,    0.002859381628,  -0.0006374823091,                 0,                 0,                 0,   4.781932785e-06,    0.002859381628,  -0.0006374823091,                 0,     -0.2229441159
          0,           0,        1493,      -11.73199544,       -10.2283234,      -11.32280663,      -14.24653616,                 1,    0.002859380961,  -0.0006374844608,                 0,                 0,                 0,   4.779932626e-06,    0.002859380961,  -0.0006374844608,                 0,     -0.2229449204
          0,           0,        1494,      -11.73553228,      -10.23186589,      -11.32631168,      -14.25020945,                 1,      0.0028593803,  -0.0006374865955,                 0,                 0,                 0,   4.777947701e-06,      0.0028593803,  -0.0006374865955,                 0,     -0.2229457185
          0,           0,        1495,       -11.7390696,      -10.23540851,      -11.32981731,      -14.25388267,                 1,    0.002859379644,  -0.0006374887134,                 0,                 0,                 0,   4.775977898e-06,    0.002859379644,  -0.0006374887134,                 0,     -0.2229465103
          0,           0,        1496,      -11.74260741,      -10.23895124,      -11.33332352,      -14.25755579,                 1,    0.002859378993,  -0.0006374908145,                 0,                 0,                 0,   4.774023105e-06,    0.002859378993,  -0.0006374908145,                 0,     -0.2229472959
          0,           0,        1497,      -11.74614569,      -10.24249409,      -11.33683029,      -14.26122882,                 1,    0.002859378348,  -0.0006374928991,                 0,                 0,                 0,   4.772083212e-06,    0.002859378348,  -0.0006374928991,                 0,     -0.2229480752
          0,           0,        1498,      -11.74968448,      -10.24603704,      -11.34033766,      -14.26490175,                 1,    0.002859377708,  -0.0006374949671,                 0,                 0,                 0,   4.770158109e-06,    0.002859377708,  -0.0006374949671,                 0,     -0.2229488484
          0,           0,        1499,      -11.75322374,      -10.24958009,      -11.34384559,      -14.26857459,                 1,    0.002859377072,  -0.0006374970188,                 0,                 0,                 0,   4.768247688e-06,    0.002859377072,  -0.0006374970188,                 0,     -0.2229496155
          0,           0,        1500,      -11.75676347,      -10.25312325,       -11.3473541,      -14.27224732,                 1,    0.002859376442,  -0.0006374990543,                 0,                 0,                 0,   4.766351839e-06,    0.002859376442,  -0.0006374990543,                 0,     -0.2229503765
          0,           0,        1501,      -11.76030367,      -10.25666649,      -11.35086318,      -14.27591996,                 1,    0.002859375817,  -0.0006375010737,                 0,                 0,                 0,   4.764470456e-06,    0.002859375817,  -0.0006375010737,                 0,     -0.2229511315
          0,           0,        1502,      -11.76384439,      -10.26020983,      -11.35437284,      -14.27959248,                 1,    0.002859375197,  -0.0006375030771,                 0,                 0,                 0,   4.762603432e-06,    0.002859375197,  -0.0006375030771,                 0,     -0.2229518804
          0,           0,        1503,      -11.76738557,      -10.26375325,      -11.35788307,      -14.28326489,                 1,    0.002859374582,  -0.0006375050646,                 0,                 0,                 0,   4.760750661e-06,    0.002859374582,  -0.0006375050646,                 0,     -0.2229526235
          0,           0,        1504,      -11.77092721,      -10.26729676,      -11.36139386,      -14.28693719,                 1,    0.002859373972,  -0.0006375070365,                 0,                 0,                 0,   4.758912038e-06,    0.002859373972,  -0.0006375070365,                 0,     -0.2229533607
          0,           0,        1505,      -11.77446935,      -10.27084033,      -11.36490524,      -14.29060937,                 1,    0.002859373366,  -0.0006375089927,                 0,                 0,                 0,   4.757087457e-06,    0.002859373366,  -0.0006375089927,                 0,      -0.222954092
          0,           0,        1506,      -11.77801196,      -10.27438398,      -11.36841719,      -14.29428143,                 1,    0.002859372766,  -0.0006375109334,                 0,                 0,                 0,   4.755276817e-06,    0.002859372766,  -0.0006375109334,                 0,     -0.2229548176
          0,           0,        1507,      -11.78155503,      -10.27792769,      -11.37192969,      -14.29795336,                 1,     0.00285937217,  -0.0006375128587,                 0,                 0,                 0,   4.753480013e-06,     0.00285937217,  -0.0006375128587,                 0,     -0.2229555374
          0,           0,        1508,      -11.78509859,      -10.28147147,      -11.37544278,      -14.30162517,                 1,    0.002859371579,  -0.0006375147688,                 0,                 0,                 0,   4.751696944e-06,    0.002859371579,  -0.0006375147688,                 0,     -0.2229562515
          0,           0,        1509,      -11.78864263,       -10.2850153,      -11.37895644,      -14.30529685,                 1,    0.002859370993,  -0.0006375166638,                 0,                 0,                 0,   4.749927507e-06,    0.002859370993,  -0.0006375166638,                 0,     -0.2229569599
          0,           0,        1510,      -11.79218713,      -10.28855918,      -11.38247066,      -14.30896839,                 1,    0.002859370411,  -0.0006375185437,                 0,                 0,                 0,   4.748171603e-06,    0.002859370411,  -0.0006375185437,                 0,     -0.2229576627
          0,           0,        1511,       -11.7957321,       -10.2921031,      -11.38598545,      -14.31263979,                 1,    0.002859369834,  -0.0006375204087,                 0,                 0,                 0,   4.746429131e-06,    0.002859369834,  -0.0006375204087,                 0,       -0.22295836
          0,           0,        1512,      -11.79927755,      -10.29564707,       -11.3895008,      -14.31631105,                 1,    0.002859369262,   -0.000637522259,                 0,                 0,                 0,   4.744699991e-06,    0.002859369262,   -0.000637522259,                 0,     -0.2229590517
          0,           0,        1513,      -11.80282347,      -10.29919107,      -11.39301673,      -14.31998217,                 1,    0.002859368694,  -0.0006375240946,                 0,                 0,                 0,   4.742984085e-06,    0.002859368694,  -0.0006375240946,                 0,     -0.2229597379
          0,           0,        1514,      -11.80636985,      -10.30273509,      -11.39653322,      -14.32365314,                 1,    0.002859368131,  -0.0006375259156,                 0,                 0,                 0,   4.741281314e-06,    0.002859368131,  -0.0006375259156,                 0,     -0.2229604187
          0,           0,        1515,      -11.80991667,      -10.30627915,      -11.40005025,      -14.32732396,                 1,    0.002859367572,  -0.0006375277221,                 0,                 0,                 0,   4.739591583e-06,    0.002859367572,  -0.0006375277221,                 0,      -0.222961094
          0,           0,        1516,        -11.813464,      -10.30982322,      -11.40356787,      -14.33099462,                 1,    0.002859367018,  -0.0006375295143,                 0,                 0,                 0,   4.737914794e-06,    0.002859367018,  -0.0006375295143,                 0,     -0.2229617641
          0,           0,        1517,      -11.81701178,      -10.31336731,      -11.40708605,      -14.33466512,                 1,    0.002859366468,  -0.0006375312923,                 0,                 0,                 0,    4.73625085e-06,    0.002859366468,  -0.0006375312923,                 0,     -0.2229624287
          0,           0,        1518,      -11.82056006,       -10.3169114,      -11.41060481,      -14.33833546,                 1,    0.002859365922,  -0.0006375330562,                 0,                 0,                 0,   4.734599658e-06,    0.002859365922,  -0.0006375330562,                 0,     -0.2229630882
          0,           0,        1519,      -11.82410876,       -10.3204555,       -11.4141241,      -14.34200563,                 1,    0.002859365381,   -0.000637534806,                 0,                 0,                 0,   4.732961123e-06,    0.002859365381,   -0.000637534806,                 0,     -0.2229637423
          0,           0,        1520,      -11.82765794,      -10.32399959,      -11.41764397,      -14.34567562,                 1,    0.002859364844,   -0.000637536542,                 0,                 0,                 0,    4.73133515e-06,    0.002859364844,   -0.000637536542,                 0,     -0.2229643913
          0,           0,        1521,      -11.83120759,      -10.32754368,      -11.42116441,      -14.34934545,                 1,    0.002859364312,  -0.0006375382641,                 0,                 0,                 0,   4.729721646e-06,    0.002859364312,  -0.0006375382641,                 0,     -0.2229650351
          0,           0,        1522,      -11.83475771,      -10.33108775,       -11.4246854,      -14.35301509,                 1,    0.002859363783,  -0.0006375399726,                 0,                 0,                 0,   4.728120519e-06,    0.002859363783,  -0.0006375399726,                 0,     -0.2229656738
          0,           0,        1523,      -11.83830827,       -10.3346318,      -11.42820695,      -14.35668456,                 1,    0.002859363259,  -0.0006375416675,                 0,                 0,                 0,   4.726531678e-06,    0.002859363259,  -0.0006375416675,                 0,     -0.2229663074
          0,           0,        1524,      -11.84185928,      -10.33817583,      -11.43172905,      -14.36035384,                 1,    0.002859362739,  -0.0006375433489,                 0,                 0,                 0,    4.72495503e-06,    0.002859362739,  -0.0006375433489,                 0,      -0.222966936
          0,           0,        1525,      -11.84541075,      -10.34171982,      -11.43525172,      -14.36402294,                 1,    0.002859362223,  -0.0006375450169,                 0,                 0,                 0,   4.723390485e-06,    0.002859362223,  -0.0006375450169,                 0,     -0.2229675596
          0,           0,        1526,      -11.84896271,      -10.34526378,      -11.43877496,      -14.36769185,                 1,    0.002859361712,  -0.0006375466717,                 0,                 0,                 0,   4.721837954e-06,    0.002859361712,  -0.0006375466717,                 0,     -0.2229681782
          0,           0,        1527,      -11.85251512,      -10.34880769,      -11.44229874,      -14.37136056,                 1,    0.002859361204,  -0.0006375483133,                 0,                 0,                 0,   4.720297347e-06,    0.002859361204,  -0.0006375483133,                 0,     -0.2229687919
          0,           0,        1528,      -11.85606798,      -10.35235155,      -11.44582308,      -14.37502907,                 1,      0.0028593607,  -0.0006375499418,                 0,                 0,                 0,   4.718768575e-06,      0.0028593607,  -0.0006375499418,                 0,     -0.2229694007
          0,           0,        1529,      -11.85962129,      -10.35589536,      -11.44934798,      -14.37869737,                 1,    0.002859360201,  -0.0006375515574,                 0,                 0,                 0,   4.717251551e-06,    0.002859360201,  -0.0006375515574,                 0,     -0.2229700047
          0,           0,        1530,      -11.86317505,       -10.3594391,      -11.45287343,      -14.38236547,                 1,    0.002859359705,  -0.0006375531601,                 0,                 0,                 0,   4.715746188e-06,    0.002859359705,  -0.0006375531601,                 0,     -0.2229706038
          0,           0,        1531,      -11.86672927,      -10.36298278,      -11.45639944,      -14.38603336,                 1,    0.002859359213,    -0.00063755475,                 0,                 0,                 0,   4.714252397e-06,    0.002859359213,    -0.00063755475,                 0,     -0.2229711982
          0,           0,        1532,      -11.87028394,      -10.36652639,        -11.459926,      -14.38970103,                 1,    0.002859358726,  -0.0006375563273,                 0,                 0,                 0,   4.712770094e-06,    0.002859358726,  -0.0006375563273,                 0,     -0.2229717879
          0,           0,        1533,      -11.87383906,      -10.37006991,      -11.46345312,      -14.39336849,                 1,    0.002859358242,   -0.000637557892,                 0,                 0,                 0,   4.711299192e-06,    0.002859358242,   -0.000637557892,                 0,     -0.2229723728
          0,           0,        1534,      -11.87739463,      -10.37361335,      -11.46698078,      -14.39703572,                 1,    0.002859357762,  -0.0006375594442,                 0,                 0,                 0,   4.709839608e-06,    0.002859357762,  -0.0006375594442,                 0,     -0.2229729531
          0,           0,        1535,      -11.88095065,       -10.3771567,        -11.470509,      -14.40070272,                 1,    0.002859357286,   -0.000637560984,                 0,                 0,                 0,   4.708391256e-06,    0.002859357286,   -0.000637560984,                 0,     -0.2229735288
          0,           0,        1536,      -11.88450712,      -10.38069994,      -11.47403778,      -14.40436949,                 1,    0.002859356813,  -0.0006375625116,                 0,                 0,                 0,   4.706954053e-06,    0.002859356813,  -0.0006375625116,                 0,     -0.2229740999
          0,           0,        1537,      -11.88806407,      -10.38424308,      -11.47756711,      -14.40803603,                 1,    0.002859356344,   -0.000637564027,                 0,                 0,                 0,   4.705527917e-06,    0.002859356344,   -0.000637564027,                 0,     -0.2229746664
          0,           0,        1538,      -11.89162144,      -10.38778611,      -11.48109699,      -14.41170233,                 1,    0.002859355879,  -0.0006375655303,                 0,                 0,                 0,   4.704112763e-06,    0.002859355879,  -0.0006375655303,                 0,     -0.2229752284
          0,           0,        1539,      -11.89517923,      -10.39132902,      -11.48462741,      -14.41536839,                 1,    0.002859355418,  -0.0006375670216,                 0,                 0,                 0,   4.702708511e-06,    0.002859355418,  -0.0006375670216,                 0,     -0.2229757859
          0,           0,        1540,      -11.89873748,       -10.3948718,      -11.48815838,      -14.41903422,                 1,    0.002859354961,   -0.000637568501,                 0,                 0,                 0,    4.70131508e-06,    0.002859354961,   -0.000637568501,                 0,      -0.222976339
          0,           0,        1541,      -11.90229619,      -10.39841446,      -11.49168991,      -14.42269979,                 1,    0.002859354507,  -0.0006375699686,                 0,                 0,                 0,   4.699932388e-06,    0.002859354507,  -0.0006375699686,                 0,     -0.2229768877
          0,           0,        1542,      -11.90585536,      -10.40195697,      -11.49522198,      -14.42636513,                 1,    0.002859354056,  -0.0006375714245,                 0,                 0,                 0,   4.698560355e-06,    0.002859354056,  -0.0006375714245,                 0,      -0.222977432
          0,           0,        1543,      -11.90941494,      -10.40549934,       -11.4987546,       -14.4300302,                 1,    0.002859353609,  -0.0006375728688,                 0,                 0,                 0,   4.697198902e-06,    0.002859353609,  -0.0006375728688,                 0,     -0.2229779719
          0,           0,        1544,      -11.91297496,      -10.40904155,      -11.50228776,      -14.43369503,                 1,    0.002859353166,  -0.0006375743015,                 0,                 0,                 0,    4.69584795e-06,    0.002859353166,  -0.0006375743015,                 0,     -0.2229785075
          0,           0,        1545,      -11.91653542,      -10.41258361,      -11.50582148,      -14.43735959,                 1,    0.002859352726,  -0.0006375757227,                 0,                 0,                 0,    4.69450742e-06,    0.002859352726,  -0.0006375757227,                 0,     -0.2229790389
          0,           0,        1546,      -11.92009633,       -10.4161255,      -11.50935573,      -14.44102389,                 1,     0.00285935229,  -0.0006375771326,                 0,                 0,                 0,   4.693177235e-06,     0.00285935229,  -0.0006375771326,                 0,      -0.222979566
          0,           0,        1547,      -11.92365766,      -10.41966721,      -11.51289051,      -14.44468793,                 1,    0.002859351857,  -0.0006375785313,                 0,                 0,                 0,   4.691857317e-06,    0.002859351857,  -0.0006375785313,                 0,     -0.2229800889
          0,           0,        1548,      -11.92721943,      -10.42320875,      -11.51642584,       -14.4483517,                 1,    0.002859351428,  -0.0006375799187,                 0,                 0,                 0,   4.690547589e-06,    0.002859351428,  -0.0006375799187,                 0,     -0.2229806076
          0,           0,        1549,      -11.93078161,       -10.4267501,      -11.51996171,      -14.45201518,                 1,    0.002859351002,  -0.0006375812951,                 0,                 0,                 0,   4.689247976e-06,    0.002859351002,  -0.0006375812951,                 0,     -0.2229811222
          0,           0,        1550,      -11.93434427,      -10.43029125,      -11.52349814,      -14.45567839,                 1,    0.002859350579,  -0.0006375826604,                 0,                 0,                 0,   4.687958401e-06,    0.002859350579,  -0.0006375826604,                 0,     -0.2229816326
          0,           0,        1551,      -11.93790733,       -10.4338322,       -11.5270351,      -14.45934131,                 1,     0.00285935016,  -0.0006375840149,                 0,                 0,                 0,    4.68667879e-06,     0.00285935016,  -0.0006375840149,                 0,      -0.222982139
          0,           0,        1552,      -11.94147088,      -10.43737294,      -11.53057261,      -14.46300395,                 1,    0.002859349744,  -0.0006375853585,                 0,                 0,                 0,   4.685409069e-06,    0.002859349744,  -0.0006375853585,                 0,     -0.2229826413
          0,           0,        1553,      -11.94503481,      -10.44091347,      -11.53411066,      -14.46666629,                 1,    0.002859349332,  -0.0006375866913,                 0,                 0,                 0,   4.684149162e-06,    0.002859349332,  -0.0006375866913,                 0,     -0.2229831396
          0,           0,        1554,      -11.94859918,      -10.44445377,      -11.53764925,      -14.47032833,                 1,    0.002859348922,  -0.0006375880134,                 0,                 0,                 0,   4.682898996e-06,    0.002859348922,  -0.0006375880134,                 0,      -0.222983634
          0,           0,        1555,      -11.95216398,      -10.44799383,      -11.54118837,      -14.47399007,                 1,    0.002859348516,   -0.000637589325,                 0,                 0,                 0,   4.681658499e-06,    0.002859348516,   -0.000637589325,                 0,     -0.2229841243
          0,           0,        1556,      -11.95572918,      -10.45153366,      -11.54472801,      -14.47765151,                 1,    0.002859348113,  -0.0006375906261,                 0,                 0,                 0,   4.680427598e-06,    0.002859348113,  -0.0006375906261,                 0,     -0.2229846108
          0,           0,        1557,      -11.95929483,      -10.45507324,      -11.54826819,      -14.48131264,                 1,    0.002859347714,  -0.0006375919167,                 0,                 0,                 0,   4.679206221e-06,    0.002859347714,  -0.0006375919167,                 0,     -0.2229850933
          0,           0,        1558,      -11.96286092,      -10.45861256,      -11.55180892,      -14.48497345,                 1,    0.002859347317,   -0.000637593197,                 0,                 0,                 0,   4.677994296e-06,    0.002859347317,   -0.000637593197,                 0,      -0.222985572
          0,           0,        1559,       -11.9664274,      -10.46215163,      -11.55535018,      -14.48863395,                 1,    0.002859346924,  -0.0006375944671,                 0,                 0,                 0,   4.676791754e-06,    0.002859346924,  -0.0006375944671,                 0,     -0.2229860469
          0,           0,        1560,      -11.96999433,      -10.46569042,      -11.55889198,      -14.49229413,                 1,    0.002859346533,  -0.0006375957269,                 0,                 0,                 0,   4.675598522e-06,    0.002859346533,  -0.0006375957269,                 0,     -0.2229865179
          0,           0,        1561,      -11.97356168,      -10.46922893,      -11.56243432,      -14.49595398,                 1,    0.002859346146,  -0.0006375969767,                 0,                 0,                 0,   4.674414533e-06,    0.002859346146,  -0.0006375969767,                 0,     -0.2229869852
          0,           0,        1562,      -11.97712948,      -10.47276716,      -11.56597719,       -14.4996135,                 1,    0.002859345762,  -0.0006375982164,                 0,                 0,                 0,   4.673239716e-06,    0.002859345762,  -0.0006375982164,                 0,     -0.2229874487
          0,           0,        1563,      -11.98069766,      -10.47630509,      -11.56952058,      -14.50327269,                 1,    0.002859345381,  -0.0006375994462,                 0,                 0,                 0,   4.672074002e-06,    0.002859345381,  -0.0006375994462,                 0,     -0.2229879085
          0,           0,        1564,      -11.98426624,      -10.47984272,       -11.5730645,      -14.50693153,                 1,    0.002859345003,  -0.0006376006661,                 0,                 0,                 0,   4.670917323e-06,    0.002859345003,  -0.0006376006661,                 0,     -0.2229883647
          0,           0,        1565,      -11.98783528,      -10.48338004,      -11.57660895,      -14.51059002,                 1,    0.002859344628,  -0.0006376018763,                 0,                 0,                 0,   4.669769611e-06,    0.002859344628,  -0.0006376018763,                 0,     -0.2229888171
          0,           0,        1566,      -11.99140472,      -10.48691704,      -11.58015394,      -14.51424817,                 1,    0.002859344255,  -0.0006376030767,                 0,                 0,                 0,   4.668630799e-06,    0.002859344255,  -0.0006376030767,                 0,      -0.222989266
          0,           0,        1567,      -11.99497456,      -10.49045371,      -11.58369946,      -14.51790596,                 1,    0.002859343886,  -0.0006376042674,                 0,                 0,                 0,   4.667500819e-06,    0.002859343886,  -0.0006376042674,                 0,     -0.2229897112
          0,           0,        1568,      -11.99854483,      -10.49399005,       -11.5872455,      -14.52156339,                 1,     0.00285934352,  -0.0006376054486,                 0,                 0,                 0,   4.666379606e-06,     0.00285934352,  -0.0006376054486,                 0,     -0.2229901529
          0,           0,        1569,      -12.00211552,      -10.49752605,      -11.59079207,      -14.52522045,                 1,    0.002859343156,  -0.0006376066204,                 0,                 0,                 0,   4.665267093e-06,    0.002859343156,  -0.0006376066204,                 0,      -0.222990591
          0,           0,        1570,       -12.0056866,      -10.50106169,      -11.59433918,      -14.52887713,                 1,    0.002859342796,  -0.0006376077827,                 0,                 0,                 0,   4.664163216e-06,    0.002859342796,  -0.0006376077827,                 0,     -0.2229910256
          0,           0,        1571,      -12.00925816,      -10.50459697,      -11.59788682,      -14.53253345,                 1,    0.002859342438,  -0.0006376089356,                 0,                 0,                 0,   4.663067908e-06,    0.002859342438,  -0.0006376089356,                 0,     -0.2229914568
          0,           0,        1572,      -12.01283009,      -10.50813188,      -11.60143498,      -14.53618938,                 1,    0.002859342083,  -0.0006376100793,                 0,                 0,                 0,   4.661981106e-06,    0.002859342083,  -0.0006376100793,                 0,     -0.2229918844
          0,           0,        1573,      -12.01640238,      -10.51166642,      -11.60498364,      -14.53984492,                 1,    0.002859341731,  -0.0006376112138,                 0,                 0,                 0,   4.660902745e-06,    0.002859341731,  -0.0006376112138,                 0,     -0.2229923086
          0,           0,        1574,      -12.01997512,      -10.51520057,      -11.60853286,      -14.54350007,                 1,    0.002859341382,  -0.0006376123392,                 0,                 0,                 0,   4.659832762e-06,    0.002859341382,  -0.0006376123392,                 0,     -0.2229927295
          0,           0,        1575,       -12.0235483,      -10.51873432,      -11.61208259,      -14.54715482,                 1,    0.002859341035,  -0.0006376134555,                 0,                 0,                 0,   4.658771093e-06,    0.002859341035,  -0.0006376134555,                 0,     -0.2229931469
          0,           0,        1576,      -12.02712183,      -10.52226767,      -11.61563284,      -14.55080917,                 1,    0.002859340691,  -0.0006376145628,                 0,                 0,                 0,   4.657717676e-06,    0.002859340691,  -0.0006376145628,                 0,      -0.222993561
          0,           0,        1577,      -12.03069578,      -10.52580061,      -11.61918361,      -14.55446311,                 1,     0.00285934035,  -0.0006376156613,                 0,                 0,                 0,   4.656672449e-06,     0.00285934035,  -0.0006376156613,                 0,     -0.2229939717
          0,           0,        1578,      -12.03427012,      -10.52933312,       -11.6227349,      -14.55811663,                 1,    0.002859340012,  -0.0006376167508,                 0,                 0,                 0,    4.65563535e-06,    0.002859340012,  -0.0006376167508,                 0,     -0.2229943792
          0,           0,        1579,      -12.03784489,      -10.53286521,      -11.62628672,      -14.56176973,                 1,    0.002859339676,  -0.0006376178316,                 0,                 0,                 0,   4.654606318e-06,    0.002859339676,  -0.0006376178316,                 0,     -0.2229947834
          0,           0,        1580,      -12.04142004,      -10.53639685,      -11.62983904,      -14.56542239,                 1,    0.002859339343,  -0.0006376189037,                 0,                 0,                 0,   4.653585291e-06,    0.002859339343,  -0.0006376189037,                 0,     -0.2229951843
          0,           0,        1581,      -12.04499557,      -10.53992804,      -11.63339188,      -14.56907461,                 1,    0.002859339012,  -0.0006376199672,                 0,                 0,                 0,    4.65257221e-06,    0.002859339012,  -0.0006376199672,                 0,      -0.222995582
          0,           0,        1582,      -12.04857154,      -10.54345878,      -11.63694525,      -14.57272637,                 1,    0.002859338684,  -0.0006376210221,                 0,                 0,                 0,   4.651567013e-06,    0.002859338684,  -0.0006376210221,                 0,     -0.2229959765
          0,           0,        1583,       -12.0521479,      -10.54698904,      -11.64049914,      -14.57637768,                 1,    0.002859338359,  -0.0006376220685,                 0,                 0,                 0,   4.650569643e-06,    0.002859338359,  -0.0006376220685,                 0,     -0.2229963678
          0,           0,        1584,      -12.05572466,      -10.55051883,      -11.64405354,      -14.58002852,                 1,    0.002859338036,  -0.0006376231064,                 0,                 0,                 0,   4.649580039e-06,    0.002859338036,  -0.0006376231064,                 0,      -0.222996756
          0,           0,        1585,       -12.0593018,      -10.55404812,      -11.64760846,      -14.58367889,                 1,    0.002859337716,   -0.000637624136,                 0,                 0,                 0,   4.648598143e-06,    0.002859337716,   -0.000637624136,                 0,     -0.2229971411
          0,           0,        1586,      -12.06287935,      -10.55757692,      -11.65116392,      -14.58732877,                 1,    0.002859337398,  -0.0006376251573,                 0,                 0,                 0,   4.647623897e-06,    0.002859337398,  -0.0006376251573,                 0,      -0.222997523
          0,           0,        1587,      -12.06645725,      -10.56110522,      -11.65471985,      -14.59097821,                 1,    0.002859337083,  -0.0006376261703,                 0,                 0,                 0,   4.646657242e-06,    0.002859337083,  -0.0006376261703,                 0,     -0.2229979019
          0,           0,        1588,      -12.07003558,      -10.56463299,      -11.65827631,      -14.59462724,                 1,     0.00285933677,  -0.0006376271752,                 0,                 0,                 0,   4.645698122e-06,     0.00285933677,  -0.0006376271752,                 0,     -0.2229982777
          0,           0,        1589,      -12.07361431,      -10.56816023,       -11.6618333,      -14.59827587,                 1,     0.00285933646,  -0.0006376281719,                 0,                 0,                 0,   4.644746478e-06,     0.00285933646,  -0.0006376281719,                 0,     -0.2229986505
          0,           0,        1590,      -12.07719341,      -10.57168694,      -11.66539082,      -14.60192407,                 1,    0.002859336152,  -0.0006376291606,                 0,                 0,                 0,   4.643802256e-06,    0.002859336152,  -0.0006376291606,                 0,     -0.2229990203
          0,           0,        1591,      -12.08077291,       -10.5752131,      -11.66894882,      -14.60557179,                 1,    0.002859335847,  -0.0006376301413,                 0,                 0,                 0,   4.642865398e-06,    0.002859335847,  -0.0006376301413,                 0,     -0.2229993871
          0,           0,        1592,      -12.08435278,       -10.5787387,      -11.67250733,      -14.60921903,                 1,    0.002859335543,  -0.0006376311141,                 0,                 0,                 0,   4.641935849e-06,    0.002859335543,  -0.0006376311141,                 0,      -0.222999751
          0,           0,        1593,      -12.08793307,      -10.58226372,      -11.67606636,      -14.61286579,                 1,    0.002859335243,  -0.0006376320791,                 0,                 0,                 0,   4.641013553e-06,    0.002859335243,  -0.0006376320791,                 0,     -0.2230001119
          0,           0,        1594,      -12.09151368,      -10.58578817,      -11.67962589,      -14.61651204,                 1,    0.002859334944,  -0.0006376330362,                 0,                 0,                 0,   4.640098456e-06,    0.002859334944,  -0.0006376330362,                 0,     -0.2230004699
          0,           0,        1595,      -12.09509468,      -10.58931202,       -11.6831859,      -14.62015778,                 1,    0.002859334648,  -0.0006376339856,                 0,                 0,                 0,   4.639190502e-06,    0.002859334648,  -0.0006376339856,                 0,      -0.223000825
          0,           0,        1596,       -12.0986761,      -10.59283527,      -11.68674645,      -14.62380301,                 1,    0.002859334355,  -0.0006376349273,                 0,                 0,                 0,   4.638289638e-06,    0.002859334355,  -0.0006376349273,                 0,     -0.2230011773
          0,           0,        1597,      -12.10225789,      -10.59635791,      -11.69030751,      -14.62744773,                 1,    0.002859334063,  -0.0006376358614,                 0,                 0,                 0,   4.637395811e-06,    0.002859334063,  -0.0006376358614,                 0,     -0.2230015267
          0,           0,        1598,      -12.10584005,      -10.59987992,      -11.69386907,      -14.63109191,                 1,    0.002859333774,   -0.000637636788,                 0,                 0,                 0,   4.636508966e-06,    0.002859333774,   -0.000637636788,                 0,     -0.2230018733
          0,           0,        1599,      -12.10942258,      -10.60340129,      -11.69743112,      -14.63473557,                 1,    0.002859333487,   -0.000637637707,                 0,                 0,                 0,    4.63562905e-06,    0.002859333487,   -0.000637637707,                 0,     -0.2230022171
          0,           0,        1600,       -12.1130055,      -10.60692202,      -11.70099369,       -14.6383787,                 1,    0.002859333203,  -0.0006376386186,                 0,                 0,                 0,   4.634756012e-06,    0.002859333203,  -0.0006376386186,                 0,     -0.2230025581
          0,           0,        1601,      -12.11658876,      -10.61044208,      -11.70455674,      -14.64202128,                 1,     0.00285933292,  -0.0006376395228,                 0,                 0,                 0,   4.633889798e-06,     0.00285933292,  -0.0006376395228,                 0,     -0.2230028963
          0,           0,        1602,      -12.12017243,      -10.61396147,      -11.70812032,      -14.64566332,                 1,     0.00285933264,  -0.0006376404198,                 0,                 0,                 0,   4.633030358e-06,     0.00285933264,  -0.0006376404198,                 0,     -0.2230032319
          0,           0,        1603,      -12.12375647,      -10.61748018,       -11.7116844,       -14.6493048,                 1,    0.002859332362,  -0.0006376413094,                 0,                 0,                 0,   4.632177639e-06,    0.002859332362,  -0.0006376413094,                 0,     -0.2230035647
          0,           0,        1604,      -12.12734091,      -10.62099819,      -11.71524898,      -14.65294572,                 1,    0.002859332086,  -0.0006376421918,                 0,                 0,                 0,   4.631331591e-06,    0.002859332086,  -0.0006376421918,                 0,     -0.2230038948
          0,           0,        1605,      -12.13092564,       -10.6245155,      -11.71881405,      -14.65658607,                 1,    0.002859331813,  -0.0006376430671,                 0,                 0,                 0,   4.630492163e-06,    0.002859331813,  -0.0006376430671,                 0,     -0.2230042223
          0,           0,        1606,      -12.13451077,      -10.62803209,       -11.7223796,      -14.66022585,                 1,    0.002859331541,  -0.0006376439353,                 0,                 0,                 0,   4.629659304e-06,    0.002859331541,  -0.0006376439353,                 0,     -0.2230045471
          0,           0,        1607,      -12.13809626,      -10.63154795,      -11.72594566,      -14.66386505,                 1,    0.002859331272,  -0.0006376447965,                 0,                 0,                 0,   4.628832965e-06,    0.002859331272,  -0.0006376447965,                 0,     -0.2230048693
          0,           0,        1608,      -12.14168211,      -10.63506307,      -11.72951221,      -14.66750366,                 1,    0.002859331005,  -0.0006376456506,                 0,                 0,                 0,   4.628013097e-06,    0.002859331005,  -0.0006376456506,                 0,     -0.2230051888
          0,           0,        1609,      -12.14526838,      -10.63857744,      -11.73307927,      -14.67114167,                 1,    0.002859330739,  -0.0006376464979,                 0,                 0,                 0,   4.627199649e-06,    0.002859330739,  -0.0006376464979,                 0,     -0.2230055058
          0,           0,        1610,      -12.14885499,      -10.64209105,      -11.73664684,      -14.67477909,                 1,    0.002859330476,  -0.0006376473383,                 0,                 0,                 0,   4.626392573e-06,    0.002859330476,  -0.0006376473383,                 0,     -0.2230058203
          0,           0,        1611,       -12.1524419,      -10.64560388,      -11.74021489,      -14.67841591,                 1,    0.002859330215,  -0.0006376481718,                 0,                 0,                 0,   4.625591821e-06,    0.002859330215,  -0.0006376481718,                 0,     -0.2230061321
          0,           0,        1612,      -12.15602922,      -10.64911592,       -11.7437834,      -14.68205213,                 1,    0.002859329956,  -0.0006376489986,                 0,                 0,                 0,   4.624797344e-06,    0.002859329956,  -0.0006376489986,                 0,     -0.2230064415
          0,           0,        1613,       -12.1596169,      -10.65262716,      -11.74735247,      -14.68568774,                 1,    0.002859329699,  -0.0006376498187,                 0,                 0,                 0,   4.624009095e-06,    0.002859329699,  -0.0006376498187,                 0,     -0.2230067484
          0,           0,        1614,      -12.16320489,       -10.6561376,      -11.75092199,      -14.68932275,                 1,    0.002859329444,  -0.0006376506321,                 0,                 0,                 0,   4.623227026e-06,    0.002859329444,  -0.0006376506321,                 0,     -0.2230070527
          0,           0,        1615,      -12.16679328,      -10.65964721,      -11.75449198,      -14.69295715,                 1,    0.002859329191,  -0.0006376514389,                 0,                 0,                 0,   4.622451091e-06,    0.002859329191,  -0.0006376514389,                 0,     -0.2230073546
          0,           0,        1616,      -12.17038202,      -10.66315598,       -11.7580625,      -14.69659094,                 1,     0.00285932894,  -0.0006376522392,                 0,                 0,                 0,   4.621681241e-06,     0.00285932894,  -0.0006376522392,                 0,     -0.2230076541
          0,           0,        1617,      -12.17397116,      -10.66666391,      -11.76163353,      -14.70022409,                 1,    0.002859328691,  -0.0006376530329,                 0,                 0,                 0,   4.620917432e-06,    0.002859328691,  -0.0006376530329,                 0,     -0.2230079511
          0,           0,        1618,      -12.17756062,      -10.67017098,      -11.76520504,      -14.70385662,                 1,    0.002859328444,  -0.0006376538202,                 0,                 0,                 0,   4.620159616e-06,    0.002859328444,  -0.0006376538202,                 0,     -0.2230082457
          0,           0,        1619,       -12.1811504,      -10.67367718,      -11.76877703,       -14.7074885,                 1,    0.002859328198,  -0.0006376546011,                 0,                 0,                 0,   4.619407749e-06,    0.002859328198,  -0.0006376546011,                 0,      -0.223008538
          0,           0,        1620,      -12.18474049,       -10.6771825,      -11.77234947,      -14.71111972,                 1,    0.002859327955,  -0.0006376553757,                 0,                 0,                 0,   4.618661785e-06,    0.002859327955,  -0.0006376553757,                 0,     -0.2230088278
          0,           0,        1621,        -12.188331,      -10.68068692,      -11.77592242,      -14.71475029,                 1,    0.002859327714,  -0.0006376561439,                 0,                 0,                 0,   4.617921678e-06,    0.002859327714,  -0.0006376561439,                 0,     -0.2230091154
          0,           0,        1622,      -12.19192184,      -10.68419043,      -11.77949588,      -14.71838021,                 1,    0.002859327474,  -0.0006376569059,                 0,                 0,                 0,   4.617187384e-06,    0.002859327474,  -0.0006376569059,                 0,     -0.2230094005
          0,           0,        1623,      -12.19551303,      -10.68769301,      -11.78306981,      -14.72200946,                 1,    0.002859327236,  -0.0006376576617,                 0,                 0,                 0,   4.616458859e-06,    0.002859327236,  -0.0006376576617,                 0,     -0.2230096834
          0,           0,        1624,      -12.19910453,      -10.69119466,      -11.78664424,      -14.72563803,                 1,       0.002859327,  -0.0006376584114,                 0,                 0,                 0,   4.615736058e-06,       0.002859327,  -0.0006376584114,                 0,      -0.223009964
          0,           0,        1625,      -12.20269642,      -10.69469537,      -11.79021915,      -14.72926593,                 1,    0.002859326766,  -0.0006376591549,                 0,                 0,                 0,   4.615018938e-06,    0.002859326766,  -0.0006376591549,                 0,     -0.2230102423
          0,           0,        1626,      -12.20628867,      -10.69819511,      -11.79379455,      -14.73289315,                 1,    0.002859326534,  -0.0006376598924,                 0,                 0,                 0,   4.614307456e-06,    0.002859326534,  -0.0006376598924,                 0,     -0.2230105183
          0,           0,        1627,      -12.20988118,      -10.70169387,      -11.79737042,      -14.73651968,                 1,    0.002859326304,  -0.0006376606239,                 0,                 0,                 0,   4.613601568e-06,    0.002859326304,  -0.0006376606239,                 0,     -0.2230107921
          0,           0,        1628,      -12.21347406,      -10.70519165,      -11.80094676,       -14.7401455,                 1,    0.002859326075,  -0.0006376613494,                 0,                 0,                 0,   4.612901231e-06,    0.002859326075,  -0.0006376613494,                 0,     -0.2230110637
          0,           0,        1629,      -12.21706723,      -10.70868842,      -11.80452356,      -14.74377062,                 1,    0.002859325848,   -0.000637662069,                 0,                 0,                 0,   4.612206403e-06,    0.002859325848,   -0.000637662069,                 0,      -0.223011333
          0,           0,        1630,      -12.22066082,      -10.71218417,       -11.8081009,      -14.74739503,                 1,    0.002859325623,  -0.0006376627828,                 0,                 0,                 0,   4.611517042e-06,    0.002859325623,  -0.0006376627828,                 0,     -0.2230116002
          0,           0,        1631,      -12.22425476,      -10.71567889,      -11.81167872,      -14.75101871,                 1,      0.0028593254,  -0.0006376634907,                 0,                 0,                 0,   4.610833107e-06,      0.0028593254,  -0.0006376634907,                 0,     -0.2230118652
          0,           0,        1632,      -12.22784893,      -10.71917257,      -11.81525697,      -14.75464166,                 1,    0.002859325178,  -0.0006376641928,                 0,                 0,                 0,   4.610154554e-06,    0.002859325178,  -0.0006376641928,                 0,     -0.2230121281
          0,           0,        1633,       -12.2314435,      -10.72266519,       -11.8188357,      -14.75826388,                 1,    0.002859324958,  -0.0006376648893,                 0,                 0,                 0,   4.609481345e-06,    0.002859324958,  -0.0006376648893,                 0,     -0.2230123888
          0,           0,        1634,      -12.23503836,      -10.72615674,      -11.82241494,      -14.76188535,                 1,     0.00285932474,    -0.00063766558,                 0,                 0,                 0,   4.608813436e-06,     0.00285932474,    -0.00063766558,                 0,     -0.2230126474
          0,           0,        1635,      -12.23863358,       -10.7296472,      -11.82599464,      -14.76550606,                 1,    0.002859324523,  -0.0006376662651,                 0,                 0,                 0,   4.608150788e-06,    0.002859324523,  -0.0006376662651,                 0,     -0.2230129039
          0,           0,        1636,      -12.24222911,      -10.73313656,      -11.82957482,        -14.769126,                 1,    0.002859324309,  -0.0006376669446,                 0,                 0,                 0,   4.607493361e-06,    0.002859324309,  -0.0006376669446,                 0,     -0.2230131583
          0,           0,        1637,      -12.24582495,      -10.73662481,      -11.83315547,      -14.77274516,                 1,    0.002859324095,  -0.0006376676186,                 0,                 0,                 0,   4.606841114e-06,    0.002859324095,  -0.0006376676186,                 0,     -0.2230134106
          0,           0,        1638,       -12.2494212,      -10.74011193,      -11.83673665,      -14.77636352,                 1,    0.002859323884,   -0.000637668287,                 0,                 0,                 0,   4.606194008e-06,    0.002859323884,   -0.000637668287,                 0,     -0.2230136609
          0,           0,        1639,      -12.25301772,       -10.7435979,      -11.84031826,      -14.77998109,                 1,    0.002859323674,    -0.00063766895,                 0,                 0,                 0,   4.605552003e-06,    0.002859323674,    -0.00063766895,                 0,     -0.2230139091
          0,           0,        1640,      -12.25661453,      -10.74708273,      -11.84390034,      -14.78359784,                 1,    0.002859323466,  -0.0006376696076,                 0,                 0,                 0,    4.60491506e-06,    0.002859323466,  -0.0006376696076,                 0,     -0.2230141554
          0,           0,        1641,      -12.26021168,      -10.75056638,      -11.84748288,      -14.78721378,                 1,    0.002859323259,  -0.0006376702598,                 0,                 0,                 0,    4.60428314e-06,    0.002859323259,  -0.0006376702598,                 0,     -0.2230143996
          0,           0,        1642,      -12.26380918,      -10.75404885,      -11.85106594,      -14.79082889,                 1,    0.002859323054,  -0.0006376709067,                 0,                 0,                 0,   4.603656205e-06,    0.002859323054,  -0.0006376709067,                 0,     -0.2230146418
          0,           0,        1643,      -12.26740696,      -10.75753012,      -11.85464944,      -14.79444315,                 1,     0.00285932285,  -0.0006376715483,                 0,                 0,                 0,   4.603034217e-06,     0.00285932285,  -0.0006376715483,                 0,     -0.2230148821
          0,           0,        1644,      -12.27100503,      -10.76101018,       -11.8582334,      -14.79805658,                 1,    0.002859322648,  -0.0006376721846,                 0,                 0,                 0,   4.602417136e-06,    0.002859322648,  -0.0006376721846,                 0,     -0.2230151204
          0,           0,        1645,       -12.2746035,      -10.76448901,      -11.86181789,      -14.80166916,                 1,    0.002859322448,  -0.0006376728157,                 0,                 0,                 0,   4.601804927e-06,    0.002859322448,  -0.0006376728157,                 0,     -0.2230153567
          0,           0,        1646,      -12.27820223,      -10.76796661,       -11.8654028,       -14.8052809,                 1,    0.002859322249,  -0.0006376734417,                 0,                 0,                 0,    4.60119755e-06,    0.002859322249,  -0.0006376734417,                 0,     -0.2230155911
          0,           0,        1647,      -12.28180129,      -10.77144295,      -11.86898821,      -14.80889177,                 1,    0.002859322052,  -0.0006376740625,                 0,                 0,                 0,    4.60059497e-06,    0.002859322052,  -0.0006376740625,                 0,     -0.2230158237
          0,           0,        1648,      -12.28540065,      -10.77491802,      -11.87257407,      -14.81250177,                 1,    0.002859321856,  -0.0006376746783,                 0,                 0,                 0,   4.599997149e-06,    0.002859321856,  -0.0006376746783,                 0,     -0.2230160543
          0,           0,        1649,      -12.28900035,       -10.7783918,      -11.87616042,       -14.8161109,                 1,    0.002859321662,   -0.000637675289,                 0,                 0,                 0,    4.59940405e-06,    0.002859321662,   -0.000637675289,                 0,      -0.223016283
          0,           0,        1650,      -12.29260035,      -10.78186428,      -11.87974727,      -14.81971915,                 1,    0.002859321469,  -0.0006376758947,                 0,                 0,                 0,   4.598815638e-06,    0.002859321469,  -0.0006376758947,                 0,     -0.2230165099
          0,           0,        1651,       -12.2962007,      -10.78533545,      -11.88333459,      -14.82332651,                 1,    0.002859321278,  -0.0006376764954,                 0,                 0,                 0,   4.598231875e-06,    0.002859321278,  -0.0006376764954,                 0,     -0.2230167349
          0,           0,        1652,      -12.29980129,      -10.78880528,      -11.88692233,      -14.82693296,                 1,    0.002859321088,  -0.0006376770912,                 0,                 0,                 0,   4.597652727e-06,    0.002859321088,  -0.0006376770912,                 0,     -0.2230169581
          0,           0,        1653,      -12.30340215,      -10.79227376,      -11.89051055,      -14.83053849,                 1,    0.002859320899,  -0.0006376776821,                 0,                 0,                 0,   4.597078158e-06,    0.002859320899,  -0.0006376776821,                 0,     -0.2230171794
          0,           0,        1654,      -12.30700342,      -10.79574088,      -11.89409926,      -14.83414307,                 1,    0.002859320713,  -0.0006376782682,                 0,                 0,                 0,   4.596508132e-06,    0.002859320713,  -0.0006376782682,                 0,      -0.223017399
          0,           0,        1655,      -12.31060496,      -10.79920661,      -11.89768842,      -14.83774672,                 1,    0.002859320527,  -0.0006376788495,                 0,                 0,                 0,   4.595942615e-06,    0.002859320527,  -0.0006376788495,                 0,     -0.2230176168
          0,           0,        1656,      -12.31420667,      -10.80267094,      -11.90127799,      -14.84134943,                 1,    0.002859320343,   -0.000637679426,                 0,                 0,                 0,   4.595381571e-06,    0.002859320343,   -0.000637679426,                 0,     -0.2230178327
          0,           0,        1657,      -12.31780876,      -10.80613386,      -11.90486807,      -14.84495117,                 1,     0.00285932016,  -0.0006376799977,                 0,                 0,                 0,   4.594824967e-06,     0.00285932016,  -0.0006376799977,                 0,     -0.2230180469
          0,           0,        1658,      -12.32141129,      -10.80959534,      -11.90845868,      -14.84855193,                 1,    0.002859319979,  -0.0006376805648,                 0,                 0,                 0,   4.594272768e-06,    0.002859319979,  -0.0006376805648,                 0,     -0.2230182594
          0,           0,        1659,      -12.32501396,      -10.81305536,      -11.91204967,      -14.85215171,                 1,    0.002859319799,  -0.0006376811272,                 0,                 0,                 0,    4.59372494e-06,    0.002859319799,  -0.0006376811272,                 0,     -0.2230184701
          0,           0,        1660,      -12.32861693,      -10.81651391,      -11.91564112,       -14.8557505,                 1,    0.002859319621,   -0.000637681685,                 0,                 0,                 0,   4.593181449e-06,    0.002859319621,   -0.000637681685,                 0,     -0.2230186791
          0,           0,        1661,      -12.33222017,      -10.81997097,      -11.91923302,      -14.85934829,                 1,    0.002859319444,  -0.0006376822382,                 0,                 0,                 0,   4.592642262e-06,    0.002859319444,  -0.0006376822382,                 0,     -0.2230188864
          0,           0,        1662,      -12.33582374,      -10.82342651,      -11.92282542,      -14.86294506,                 1,    0.002859319268,  -0.0006376827868,                 0,                 0,                 0,   4.592107346e-06,    0.002859319268,  -0.0006376827868,                 0,      -0.223019092
          0,           0,        1663,      -12.33942755,      -10.82688053,      -11.92641824,      -14.86654082,                 1,    0.002859319093,   -0.000637683331,                 0,                 0,                 0,   4.591576669e-06,    0.002859319093,   -0.000637683331,                 0,     -0.2230192959
          0,           0,        1664,      -12.34303164,      -10.83033301,      -11.93001153,      -14.87013555,                 1,     0.00285931892,  -0.0006376838706,                 0,                 0,                 0,   4.591050196e-06,     0.00285931892,  -0.0006376838706,                 0,     -0.2230194981
          0,           0,        1665,      -12.34663618,      -10.83378391,      -11.93360533,      -14.87372922,                 1,    0.002859318749,  -0.0006376844058,                 0,                 0,                 0,   4.590527896e-06,    0.002859318749,  -0.0006376844058,                 0,     -0.2230196987
          0,           0,        1666,      -12.35024089,      -10.83723323,      -11.93719956,      -14.87732185,                 1,    0.002859318578,  -0.0006376849367,                 0,                 0,                 0,   4.590009737e-06,    0.002859318578,  -0.0006376849367,                 0,     -0.2230198977
          0,           0,        1667,      -12.35384587,      -10.84068094,      -11.94079424,       -14.8809134,                 1,    0.002859318409,  -0.0006376854631,                 0,                 0,                 0,   4.589495686e-06,    0.002859318409,  -0.0006376854631,                 0,      -0.223020095
          0,           0,        1668,      -12.35745111,      -10.84412703,      -11.94438934,      -14.88450387,                 1,    0.002859318241,  -0.0006376859852,                 0,                 0,                 0,   4.588985712e-06,    0.002859318241,  -0.0006376859852,                 0,     -0.2230202907
          0,           0,        1669,       -12.3610566,      -10.84757148,      -11.94798491,      -14.88809326,                 1,    0.002859318075,   -0.000637686503,                 0,                 0,                 0,   4.588479784e-06,    0.002859318075,   -0.000637686503,                 0,     -0.2230204848
          0,           0,        1670,      -12.36466244,      -10.85101426,      -11.95158091,      -14.89168155,                 1,    0.002859317909,  -0.0006376870166,                 0,                 0,                 0,    4.58797787e-06,    0.002859317909,  -0.0006376870166,                 0,     -0.2230206772
          0,           0,        1671,      -12.36826849,      -10.85445536,      -11.95517739,      -14.89526873,                 1,    0.002859317745,  -0.0006376875259,                 0,                 0,                 0,   4.587479939e-06,    0.002859317745,  -0.0006376875259,                 0,     -0.2230208682
          0,           0,        1672,      -12.37187483,      -10.85789476,      -11.95877433,      -14.89885479,                 1,    0.002859317582,   -0.000637688031,                 0,                 0,                 0,   4.586985961e-06,    0.002859317582,   -0.000637688031,                 0,     -0.2230210575
          0,           0,        1673,      -12.37548148,      -10.86133243,      -11.96237172,      -14.90243971,                 1,    0.002859317421,   -0.000637688532,                 0,                 0,                 0,   4.586495905e-06,    0.002859317421,   -0.000637688532,                 0,     -0.2230212453
          0,           0,        1674,      -12.37908839,      -10.86476837,      -11.96596954,      -14.90602349,                 1,    0.002859317261,  -0.0006376890288,                 0,                 0,                 0,   4.586009741e-06,    0.002859317261,  -0.0006376890288,                 0,     -0.2230214316
          0,           0,        1675,      -12.38269553,      -10.86820255,      -11.96956779,      -14.90960612,                 1,    0.002859317101,  -0.0006376895215,                 0,                 0,                 0,   4.585527438e-06,    0.002859317101,  -0.0006376895215,                 0,     -0.2230216163
          0,           0,        1676,      -12.38630289,      -10.87163494,      -11.97316649,      -14.91318759,                 1,    0.002859316944,  -0.0006376900102,                 0,                 0,                 0,   4.585048967e-06,    0.002859316944,  -0.0006376900102,                 0,     -0.2230217995
          0,           0,        1677,      -12.38991052,      -10.87506554,      -11.97676562,      -14.91676789,                 1,    0.002859316787,  -0.0006376904948,                 0,                 0,                 0,   4.584574299e-06,    0.002859316787,  -0.0006376904948,                 0,     -0.2230219812
          0,           0,        1678,      -12.39351846,      -10.87849432,      -11.98036519,        -14.920347,                 1,    0.002859316631,  -0.0006376909754,                 0,                 0,                 0,   4.584103403e-06,    0.002859316631,  -0.0006376909754,                 0,     -0.2230221615
          0,           0,        1679,      -12.39712662,      -10.88192127,      -11.98396523,      -14.92392491,                 1,    0.002859316477,  -0.0006376914521,                 0,                 0,                 0,   4.583636252e-06,    0.002859316477,  -0.0006376914521,                 0,     -0.2230223402
          0,           0,        1680,      -12.40073497,      -10.88534635,      -11.98756568,       -14.9275016,                 1,    0.002859316324,  -0.0006376919248,                 0,                 0,                 0,   4.583172815e-06,    0.002859316324,  -0.0006376919248,                 0,     -0.2230225175
          0,           0,        1681,      -12.40434357,      -10.88876956,      -11.99116653,      -14.93107706,                 1,    0.002859316172,  -0.0006376923936,                 0,                 0,                 0,   4.582713064e-06,    0.002859316172,  -0.0006376923936,                 0,     -0.2230226933
          0,           0,        1682,       -12.4079525,      -10.89219087,      -11.99476789,      -14.93465128,                 1,    0.002859316021,  -0.0006376928586,                 0,                 0,                 0,   4.582256971e-06,    0.002859316021,  -0.0006376928586,                 0,     -0.2230228677
          0,           0,        1683,      -12.41156167,      -10.89561027,      -11.99836965,      -14.93822422,                 1,    0.002859315871,  -0.0006376933197,                 0,                 0,                 0,   4.581804508e-06,    0.002859315871,  -0.0006376933197,                 0,     -0.2230230406
          0,           0,        1684,      -12.41517106,      -10.89902773,      -12.00197185,       -14.9417959,                 1,    0.002859315723,   -0.000637693777,                 0,                 0,                 0,   4.581355645e-06,    0.002859315723,   -0.000637693777,                 0,     -0.2230232121
          0,           0,        1685,      -12.41878067,      -10.90244323,      -12.00557447,      -14.94536631,                 1,    0.002859315576,  -0.0006376942305,                 0,                 0,                 0,   4.580910356e-06,    0.002859315576,  -0.0006376942305,                 0,     -0.2230233822
          0,           0,        1686,      -12.42239049,      -10.90585676,      -12.00917752,      -14.94893544,                 1,    0.002859315429,  -0.0006376946803,                 0,                 0,                 0,   4.580468613e-06,    0.002859315429,  -0.0006376946803,                 0,     -0.2230235509
          0,           0,        1687,      -12.42600058,      -10.90926829,      -12.01278101,      -14.95250327,                 1,    0.002859315284,  -0.0006376951263,                 0,                 0,                 0,   4.580030388e-06,    0.002859315284,  -0.0006376951263,                 0,     -0.2230237183
          0,           0,        1688,      -12.42961092,       -10.9126778,      -12.01638495,      -14.95606979,                 1,     0.00285931514,  -0.0006376955687,                 0,                 0,                 0,   4.579595654e-06,     0.00285931514,  -0.0006376955687,                 0,     -0.2230238842
          0,           0,        1689,      -12.43322149,      -10.91608527,      -12.01998933,        -14.959635,                 1,    0.002859314997,  -0.0006376960074,                 0,                 0,                 0,   4.579164384e-06,    0.002859314997,  -0.0006376960074,                 0,     -0.2230240488
          0,           0,        1690,       -12.4368322,      -10.91949069,      -12.02359405,      -14.96319888,                 1,    0.002859314855,  -0.0006376964425,                 0,                 0,                 0,   4.578736551e-06,    0.002859314855,  -0.0006376964425,                 0,      -0.223024212
          0,           0,        1691,      -12.44044323,      -10.92289403,      -12.02719925,      -14.96676142,                 1,    0.002859314714,  -0.0006376968739,                 0,                 0,                 0,   4.578312129e-06,    0.002859314714,  -0.0006376968739,                 0,     -0.2230243739
          0,           0,        1692,      -12.44405448,      -10.92629527,      -12.03080487,      -14.97032261,                 1,    0.002859314574,  -0.0006376973018,                 0,                 0,                 0,    4.57789109e-06,    0.002859314574,  -0.0006376973018,                 0,     -0.2230245345
          0,           0,        1693,      -12.44766578,      -10.92969438,      -12.03441087,      -14.97388244,                 1,    0.002859314436,  -0.0006376977262,                 0,                 0,                 0,    4.57747341e-06,    0.002859314436,  -0.0006376977262,                 0,     -0.2230246937
          0,           0,        1694,      -12.45127743,      -10.93309136,       -12.0380173,       -14.9774409,                 1,    0.002859314298,   -0.000637698147,                 0,                 0,                 0,   4.577059061e-06,    0.002859314298,   -0.000637698147,                 0,     -0.2230248516
          0,           0,        1695,      -12.45488929,      -10.93648617,      -12.04162413,        -14.980998,                 1,    0.002859314161,  -0.0006376985644,                 0,                 0,                 0,   4.576648018e-06,    0.002859314161,  -0.0006376985644,                 0,     -0.2230250082
          0,           0,        1696,      -12.45850133,      -10.93987881,      -12.04523139,      -14.98455376,                 1,    0.002859314026,  -0.0006376989782,                 0,                 0,                 0,   4.576240255e-06,    0.002859314026,  -0.0006376989782,                 0,     -0.2230251636
          0,           0,        1697,      -12.46211348,      -10.94326923,        -12.048839,      -14.98810814,                 1,    0.002859313891,  -0.0006376993887,                 0,                 0,                 0,   4.575835748e-06,    0.002859313891,  -0.0006376993887,                 0,     -0.2230253176
          0,           0,        1698,      -12.46572594,      -10.94665743,      -12.05244709,      -14.99166114,                 1,    0.002859313758,  -0.0006376997958,                 0,                 0,                 0,   4.575434469e-06,    0.002859313758,  -0.0006376997958,                 0,     -0.2230254704
          0,           0,        1699,      -12.46933854,      -10.95004338,      -12.05605553,      -14.99521273,                 1,    0.002859313625,  -0.0006377001994,                 0,                 0,                 0,   4.575036396e-06,    0.002859313625,  -0.0006377001994,                 0,     -0.2230256219
          0,           0,        1700,      -12.47295138,      -10.95342706,      -12.05966436,      -14.99876289,                 1,    0.002859313493,  -0.0006377005998,                 0,                 0,                 0,   4.574641502e-06,    0.002859313493,  -0.0006377005998,                 0,     -0.2230257722
          0,           0,        1701,      -12.47656433,      -10.95680844,      -12.06327363,       -15.0023116,                 1,    0.002859313363,  -0.0006377009968,                 0,                 0,                 0,   4.574249762e-06,    0.002859313363,  -0.0006377009968,                 0,     -0.2230259212
          0,           0,        1702,       -12.4801776,      -10.96018751,      -12.06688333,      -15.00585886,                 1,    0.002859313233,  -0.0006377013905,                 0,                 0,                 0,   4.573861153e-06,    0.002859313233,  -0.0006377013905,                 0,      -0.223026069
          0,           0,        1703,      -12.48379091,      -10.96356425,      -12.07049334,      -15.00940463,                 1,    0.002859313105,  -0.0006377017809,                 0,                 0,                 0,    4.57347565e-06,    0.002859313105,  -0.0006377017809,                 0,     -0.2230262156
          0,           0,        1704,      -12.48740439,      -10.96693862,      -12.07410374,      -15.01294889,                 1,    0.002859312977,  -0.0006377021681,                 0,                 0,                 0,   4.573093229e-06,    0.002859312977,  -0.0006377021681,                 0,      -0.223026361
          0,           0,        1705,      -12.49101814,      -10.97031062,      -12.07771453,      -15.01649159,                 1,     0.00285931285,  -0.0006377025521,                 0,                 0,                 0,   4.572713865e-06,     0.00285931285,  -0.0006377025521,                 0,     -0.2230265052
          0,           0,        1706,      -12.49463198,      -10.97368021,      -12.08132575,      -15.02003273,                 1,    0.002859312724,  -0.0006377029329,                 0,                 0,                 0,   4.572337536e-06,    0.002859312724,  -0.0006377029329,                 0,     -0.2230266481
          0,           0,        1707,      -12.49824616,      -10.97704737,      -12.08493739,      -15.02357228,                 1,      0.0028593126,  -0.0006377033106,                 0,                 0,                 0,   4.571964217e-06,      0.0028593126,  -0.0006377033106,                 0,       -0.22302679
          0,           0,        1708,      -12.50186039,      -10.98041208,      -12.08854941,       -15.0271102,                 1,    0.002859312476,  -0.0006377036851,                 0,                 0,                 0,   4.571593886e-06,    0.002859312476,  -0.0006377036851,                 0,     -0.2230269306
          0,           0,        1709,      -12.50547481,      -10.98377432,       -12.0921618,      -15.03064647,                 1,    0.002859312353,  -0.0006377040564,                 0,                 0,                 0,   4.571226518e-06,    0.002859312353,  -0.0006377040564,                 0,     -0.2230270701
          0,           0,        1710,      -12.50908942,      -10.98713407,      -12.09577456,      -15.03418107,                 1,    0.002859312231,  -0.0006377044247,                 0,                 0,                 0,    4.57086209e-06,    0.002859312231,  -0.0006377044247,                 0,     -0.2230272084
          0,           0,        1711,      -12.51270417,      -10.99049129,      -12.09938771,      -15.03771402,                 1,    0.002859312109,    -0.00063770479,                 0,                 0,                 0,    4.57050058e-06,    0.002859312109,    -0.00063770479,                 0,     -0.2230273456
          0,           0,        1712,      -12.51631908,      -10.99384597,      -12.10300126,      -15.04124531,                 1,    0.002859311989,  -0.0006377051522,                 0,                 0,                 0,   4.570141966e-06,    0.002859311989,  -0.0006377051522,                 0,     -0.2230274816
          0,           0,        1713,      -12.51993405,      -10.99719809,      -12.10661511,      -15.04477496,                 1,     0.00285931187,  -0.0006377055113,                 0,                 0,                 0,   4.569786224e-06,     0.00285931187,  -0.0006377055113,                 0,     -0.2230276166
          0,           0,        1714,       -12.5235494,      -11.00054762,      -12.11022942,        -15.048303,                 1,    0.002859311751,  -0.0006377058675,                 0,                 0,                 0,   4.569433331e-06,    0.002859311751,  -0.0006377058675,                 0,     -0.2230277504
          0,           0,        1715,      -12.52716466,      -11.00389453,      -12.11384402,       -15.0518295,                 1,    0.002859311634,  -0.0006377062208,                 0,                 0,                 0,   4.569083267e-06,    0.002859311634,  -0.0006377062208,                 0,     -0.2230278831
          0,           0,        1716,       -12.5307801,      -11.00723881,      -12.11745902,      -15.05535445,                 1,    0.002859311517,   -0.000637706571,                 0,                 0,                 0,   4.568736009e-06,    0.002859311517,   -0.000637706571,                 0,     -0.2230280147
          0,           0,        1717,      -12.53439581,      -11.01058043,      -12.12107442,      -15.05887776,                 1,    0.002859311401,  -0.0006377069184,                 0,                 0,                 0,   4.568391534e-06,    0.002859311401,  -0.0006377069184,                 0,     -0.2230281452
          0,           0,        1718,      -12.53801165,      -11.01391937,      -12.12469017,      -15.06239942,                 1,    0.002859311286,  -0.0006377072629,                 0,                 0,                 0,   4.568049822e-06,    0.002859311286,  -0.0006377072629,                 0,     -0.2230282746
          0,           0,        1719,      -12.54162745,       -11.0172556,      -12.12830621,      -15.06591956,                 1,    0.002859311172,  -0.0006377076045,                 0,                 0,                 0,   4.567710851e-06,    0.002859311172,  -0.0006377076045,                 0,      -0.223028403
          0,           0,        1720,      -12.54524341,      -11.02058911,      -12.13192259,      -15.06943831,                 1,    0.002859311059,  -0.0006377079432,                 0,                 0,                 0,   4.567374598e-06,    0.002859311059,  -0.0006377079432,                 0,     -0.2230285303
          0,           0,        1721,      -12.54885964,      -11.02391986,      -12.13553942,      -15.07295557,                 1,    0.002859310947,  -0.0006377082792,                 0,                 0,                 0,   4.567041044e-06,    0.002859310947,  -0.0006377082792,                 0,     -0.2230286566
          0,           0,        1722,       -12.5524759,      -11.02724783,      -12.13915663,      -15.07647122,                 1,    0.002859310835,  -0.0006377086123,                 0,                 0,                 0,   4.566710167e-06,    0.002859310835,  -0.0006377086123,                 0,     -0.2230287818
          0,           0,        1723,      -12.55609234,        -11.030573,      -12.14277413,      -15.07998522,                 1,    0.002859310724,  -0.0006377089426,                 0,                 0,                 0,   4.566381945e-06,    0.002859310724,  -0.0006377089426,                 0,      -0.223028906
          0,           0,        1724,      -12.55970887,      -11.03389535,      -12.14639202,      -15.08349755,                 1,    0.002859310614,  -0.0006377092702,                 0,                 0,                 0,    4.56605636e-06,    0.002859310614,  -0.0006377092702,                 0,     -0.2230290291
          0,           0,        1725,      -12.56332558,      -11.03721485,      -12.15001027,      -15.08700817,                 1,    0.002859310505,  -0.0006377095951,                 0,                 0,                 0,   4.565733388e-06,    0.002859310505,  -0.0006377095951,                 0,     -0.2230291512
          0,           0,        1726,      -12.56694236,      -11.04053148,      -12.15362885,      -15.09051704,                 1,    0.002859310397,  -0.0006377099172,                 0,                 0,                 0,   4.565413011e-06,    0.002859310397,  -0.0006377099172,                 0,     -0.2230292724
          0,           0,        1727,      -12.57055932,      -11.04384521,      -12.15724779,      -15.09402412,                 1,    0.002859310289,  -0.0006377102367,                 0,                 0,                 0,   4.565095208e-06,    0.002859310289,  -0.0006377102367,                 0,     -0.2230293925
          0,           0,        1728,      -12.57417628,      -11.04715602,       -12.1608671,      -15.09752936,                 1,    0.002859310182,  -0.0006377105535,                 0,                 0,                 0,   4.564779959e-06,    0.002859310182,  -0.0006377105535,                 0,     -0.2230295116
          0,           0,        1729,      -12.57779334,      -11.05046389,      -12.16448669,      -15.10103271,                 1,    0.002859310076,  -0.0006377108676,                 0,                 0,                 0,   4.564467244e-06,    0.002859310076,  -0.0006377108676,                 0,     -0.2230296297
          0,           0,        1730,      -12.58141058,      -11.05376879,      -12.16810668,      -15.10453409,                 1,    0.002859309971,  -0.0006377111792,                 0,                 0,                 0,   4.564157043e-06,    0.002859309971,  -0.0006377111792,                 0,     -0.2230297469
          0,           0,        1731,      -12.58502792,      -11.05707069,        -12.171727,      -15.10803348,                 1,    0.002859309867,  -0.0006377114881,                 0,                 0,                 0,   4.563849336e-06,    0.002859309867,  -0.0006377114881,                 0,     -0.2230298631
          0,           0,        1732,      -12.58864528,      -11.06036958,      -12.17534759,      -15.11153096,                 1,    0.002859309763,  -0.0006377117944,                 0,                 0,                 0,   4.563544104e-06,    0.002859309763,  -0.0006377117944,                 0,     -0.2230299783
          0,           0,        1733,      -12.59226282,      -11.06366542,      -12.17896859,      -15.11502695,                 1,     0.00285930966,  -0.0006377120982,                 0,                 0,                 0,   4.563241328e-06,     0.00285930966,  -0.0006377120982,                 0,     -0.2230300926
          0,           0,        1734,      -12.59588031,      -11.06695819,      -12.18258986,      -15.11852148,                 1,    0.002859309558,  -0.0006377123994,                 0,                 0,                 0,   4.562940987e-06,    0.002859309558,  -0.0006377123994,                 0,     -0.2230302059
          0,           0,        1735,      -12.59949805,      -11.07024787,      -12.18621156,      -15.12201424,                 1,    0.002859309457,  -0.0006377126981,                 0,                 0,                 0,   4.562643064e-06,    0.002859309457,  -0.0006377126981,                 0,     -0.2230303182
          0,           0,        1736,      -12.60311592,      -11.07353443,      -12.18983355,      -15.12550511,                 1,    0.002859309356,  -0.0006377129944,                 0,                 0,                 0,    4.56234754e-06,    0.002859309356,  -0.0006377129944,                 0,     -0.2230304297
          0,           0,        1737,      -12.60673376,      -11.07681786,      -12.19345585,      -15.12899407,                 1,    0.002859309256,  -0.0006377132881,                 0,                 0,                 0,   4.562054394e-06,    0.002859309256,  -0.0006377132881,                 0,     -0.2230305402
          0,           0,        1738,      -12.61035149,      -11.08009811,       -12.1970784,       -15.1324811,                 1,    0.002859309157,  -0.0006377135794,                 0,                 0,                 0,    4.56176361e-06,    0.002859309157,  -0.0006377135794,                 0,     -0.2230306498
          0,           0,        1739,      -12.61396946,      -11.08337517,      -12.20070135,      -15.13596619,                 1,    0.002859309059,  -0.0006377138682,                 0,                 0,                 0,   4.561475168e-06,    0.002859309059,  -0.0006377138682,                 0,     -0.2230307585
          0,           0,        1740,      -12.61758761,      -11.08664902,      -12.20432464,      -15.13944938,                 1,    0.002859308961,  -0.0006377141546,                 0,                 0,                 0,   4.561189049e-06,    0.002859308961,  -0.0006377141546,                 0,     -0.2230308663
          0,           0,        1741,      -12.62120577,      -11.08991963,      -12.20794823,      -15.14293062,                 1,    0.002859308864,  -0.0006377144386,                 0,                 0,                 0,   4.560905237e-06,    0.002859308864,  -0.0006377144386,                 0,     -0.2230309732
          0,           0,        1742,      -12.62482383,      -11.09318697,      -12.21157209,      -15.14640989,                 1,    0.002859308768,  -0.0006377147203,                 0,                 0,                 0,   4.560623712e-06,    0.002859308768,  -0.0006377147203,                 0,     -0.2230310792
          0,           0,        1743,      -12.62844199,      -11.09645103,      -12.21519628,      -15.14988717,                 1,    0.002859308672,  -0.0006377149995,                 0,                 0,                 0,   4.560344457e-06,    0.002859308672,  -0.0006377149995,                 0,     -0.2230311843
          0,           0,        1744,      -12.63206034,      -11.09971177,      -12.21882073,      -15.15336244,                 1,    0.002859308577,  -0.0006377152765,                 0,                 0,                 0,   4.560067453e-06,    0.002859308577,  -0.0006377152765,                 0,     -0.2230312886
          0,           0,        1745,       -12.6356787,      -11.10296919,      -12.22244558,      -15.15683568,                 1,    0.002859308483,  -0.0006377155511,                 0,                 0,                 0,   4.559792684e-06,    0.002859308483,  -0.0006377155511,                 0,      -0.223031392
          0,           0,        1746,      -12.63929693,      -11.10622324,       -12.2260706,      -15.16030688,                 1,     0.00285930839,  -0.0006377158234,                 0,                 0,                 0,   4.559520131e-06,     0.00285930839,  -0.0006377158234,                 0,     -0.2230314945
          0,           0,        1747,      -12.64291534,      -11.10947392,      -12.22969603,      -15.16377602,                 1,    0.002859308297,  -0.0006377160934,                 0,                 0,                 0,   4.559249778e-06,    0.002859308297,  -0.0006377160934,                 0,     -0.2230315962
          0,           0,        1748,      -12.64653382,      -11.11272119,      -12.23332174,      -15.16724312,                 1,    0.002859308204,  -0.0006377163612,                 0,                 0,                 0,   4.558981606e-06,    0.002859308204,  -0.0006377163612,                 0,      -0.223031697
          0,           0,        1749,      -12.65015239,      -11.11596505,      -12.23694779,      -15.17070821,                 1,    0.002859308113,  -0.0006377166267,                 0,                 0,                 0,   4.558715599e-06,    0.002859308113,  -0.0006377166267,                 0,      -0.223031797
          0,           0,        1750,      -12.65377082,      -11.11920545,      -12.24057407,      -15.17417131,                 1,    0.002859308022,    -0.00063771689,                 0,                 0,                 0,    4.55845174e-06,    0.002859308022,    -0.00063771689,                 0,     -0.2230318962
          0,           0,        1751,      -12.65738939,      -11.12244239,       -12.2442006,      -15.17763244,                 1,    0.002859307932,   -0.000637717151,                 0,                 0,                 0,   4.558190012e-06,    0.002859307932,   -0.000637717151,                 0,     -0.2230319945
          0,           0,        1752,       -12.6610079,      -11.12567584,      -12.24782751,      -15.18109156,                 1,    0.002859307842,  -0.0006377174099,                 0,                 0,                 0,   4.557930397e-06,    0.002859307842,  -0.0006377174099,                 0,      -0.223032092
          0,           0,        1753,      -12.66462649,      -11.12890577,      -12.25145469,      -15.18454864,                 1,    0.002859307754,  -0.0006377176666,                 0,                 0,                 0,    4.55767288e-06,    0.002859307754,  -0.0006377176666,                 0,     -0.2230321888
          0,           0,        1754,      -12.66824507,      -11.13213217,      -12.25508213,      -15.18800355,                 1,    0.002859307665,  -0.0006377179212,                 0,                 0,                 0,   4.557417444e-06,    0.002859307665,  -0.0006377179212,                 0,     -0.2230322847
          0,           0,        1755,      -12.67186368,      -11.13535502,       -12.2587099,      -15.19145613,                 1,    0.002859307578,  -0.0006377181735,                 0,                 0,                 0,   4.557164072e-06,    0.002859307578,  -0.0006377181735,                 0,     -0.2230323798
          0,           0,        1756,      -12.67548228,      -11.13857429,      -12.26233787,      -15.19490622,                 1,    0.002859307491,  -0.0006377184238,                 0,                 0,                 0,   4.556912749e-06,    0.002859307491,  -0.0006377184238,                 0,     -0.2230324741
          0,           0,        1757,      -12.67910085,      -11.14178996,      -12.26596617,      -15.19835386,                 1,    0.002859307404,   -0.000637718672,                 0,                 0,                 0,   4.556663457e-06,    0.002859307404,   -0.000637718672,                 0,     -0.2230325676
          0,           0,        1758,      -12.68271953,      -11.14500201,      -12.26959474,      -15.20179965,                 1,    0.002859307319,  -0.0006377189181,                 0,                 0,                 0,   4.556416181e-06,    0.002859307319,  -0.0006377189181,                 0,     -0.2230326604
          0,           0,        1759,       -12.6863381,      -11.14821042,      -12.27322358,      -15.20524385,                 1,    0.002859307234,  -0.0006377191621,                 0,                 0,                 0,   4.556170906e-06,    0.002859307234,  -0.0006377191621,                 0,     -0.2230327523
          0,           0,        1760,      -12.68995662,      -11.15141517,      -12.27685258,      -15.20868594,                 1,    0.002859307149,   -0.000637719404,                 0,                 0,                 0,   4.555927614e-06,    0.002859307149,   -0.000637719404,                 0,     -0.2230328435
          0,           0,        1761,      -12.69357515,      -11.15461625,      -12.28048193,      -15.21212576,                 1,    0.002859307065,  -0.0006377196439,                 0,                 0,                 0,   4.555686291e-06,    0.002859307065,  -0.0006377196439,                 0,      -0.223032934
          0,           0,        1762,      -12.69719355,      -11.15781362,      -12.28411146,      -15.21556327,                 1,    0.002859306982,  -0.0006377198818,                 0,                 0,                 0,   4.555446921e-06,    0.002859306982,  -0.0006377198818,                 0,     -0.2230330237
          0,           0,        1763,      -12.70081191,      -11.16100727,      -12.28774121,      -15.21899847,                 1,    0.002859306899,  -0.0006377201177,                 0,                 0,                 0,   4.555209488e-06,    0.002859306899,  -0.0006377201177,                 0,     -0.2230331126
          0,           0,        1764,      -12.70443061,      -11.16419718,      -12.29137142,      -15.22243133,                 1,    0.002859306817,  -0.0006377203516,                 0,                 0,                 0,   4.554973978e-06,    0.002859306817,  -0.0006377203516,                 0,     -0.2230332008
          0,           0,        1765,      -12.70804912,      -11.16738333,      -12.29500178,      -15.22586186,                 1,    0.002859306736,  -0.0006377205835,                 0,                 0,                 0,   4.554740374e-06,    0.002859306736,  -0.0006377205835,                 0,     -0.2230332883
          0,           0,        1766,      -12.71166735,      -11.17056571,      -12.29863233,      -15.22929004,                 1,    0.002859306655,  -0.0006377208135,                 0,                 0,                 0,   4.554508662e-06,    0.002859306655,  -0.0006377208135,                 0,      -0.223033375
          0,           0,        1767,      -12.71528566,      -11.17374429,      -12.30226314,      -15.23271584,                 1,    0.002859306575,  -0.0006377210415,                 0,                 0,                 0,   4.554278827e-06,    0.002859306575,  -0.0006377210415,                 0,      -0.223033461
          0,           0,        1768,      -12.71890384,      -11.17691906,       -12.3058942,      -15.23613926,                 1,    0.002859306495,  -0.0006377212676,                 0,                 0,                 0,   4.554050854e-06,    0.002859306495,  -0.0006377212676,                 0,     -0.2230335463
          0,           0,        1769,      -12.72252211,      -11.18008999,      -12.30952549,      -15.23956025,                 1,    0.002859306416,  -0.0006377214918,                 0,                 0,                 0,   4.553824728e-06,    0.002859306416,  -0.0006377214918,                 0,     -0.2230336309
          0,           0,        1770,      -12.72614039,      -11.18325706,      -12.31315705,      -15.24297884,                 1,    0.002859306337,  -0.0006377217141,                 0,                 0,                 0,   4.553600435e-06,    0.002859306337,  -0.0006377217141,                 0,     -0.2230337148
          0,           0,        1771,       -12.7297585,      -11.18642027,      -12.31678878,      -15.24639503,                 1,    0.002859306259,  -0.0006377219345,                 0,                 0,                 0,   4.553377959e-06,    0.002859306259,  -0.0006377219345,                 0,      -0.223033798
          0,           0,        1772,       -12.7333763,      -11.18957958,      -12.32042063,      -15.24980876,                 1,    0.002859306182,   -0.000637722153,                 0,                 0,                 0,   4.553157287e-06,    0.002859306182,   -0.000637722153,                 0,     -0.2230338804
          0,           0,        1773,       -12.7369943,      -11.19273497,      -12.32405278,      -15.25322002,                 1,    0.002859306105,  -0.0006377223697,                 0,                 0,                 0,   4.552938404e-06,    0.002859306105,  -0.0006377223697,                 0,     -0.2230339622
          0,           0,        1774,      -12.74061208,      -11.19588643,      -12.32768517,      -15.25662883,                 1,    0.002859306028,  -0.0006377225845,                 0,                 0,                 0,   4.552721296e-06,    0.002859306028,  -0.0006377225845,                 0,     -0.2230340433
          0,           0,        1775,      -12.74423002,      -11.19903393,      -12.33131781,      -15.26003519,                 1,    0.002859305952,  -0.0006377227976,                 0,                 0,                 0,   4.552505948e-06,    0.002859305952,  -0.0006377227976,                 0,     -0.2230341237
          0,           0,        1776,      -12.74784777,      -11.20217745,       -12.3349507,      -15.26343909,                 1,    0.002859305877,  -0.0006377230088,                 0,                 0,                 0,   4.552292348e-06,    0.002859305877,  -0.0006377230088,                 0,     -0.2230342035
          0,           0,        1777,      -12.75146522,      -11.20531696,      -12.33858364,      -15.26684046,                 1,    0.002859305802,  -0.0006377232182,                 0,                 0,                 0,    4.55208048e-06,    0.002859305802,  -0.0006377232182,                 0,     -0.2230342826
          0,           0,        1778,      -12.75508254,      -11.20845245,      -12.34221676,      -15.27023935,                 1,    0.002859305728,  -0.0006377234259,                 0,                 0,                 0,   4.551870331e-06,    0.002859305728,  -0.0006377234259,                 0,      -0.223034361
          0,           0,        1779,      -12.75870007,      -11.21158388,      -12.34585022,      -15.27363581,                 1,    0.002859305654,  -0.0006377236318,                 0,                 0,                 0,   4.551661887e-06,    0.002859305654,  -0.0006377236318,                 0,     -0.2230344387
          0,           0,        1780,      -12.76231724,      -11.21471123,      -12.34948376,      -15.27702972,                 1,    0.002859305581,  -0.0006377238359,                 0,                 0,                 0,   4.551455136e-06,    0.002859305581,  -0.0006377238359,                 0,     -0.2230345158
          0,           0,        1781,      -12.76593435,      -11.21783448,      -12.35311748,      -15.28042106,                 1,    0.002859305508,  -0.0006377240383,                 0,                 0,                 0,   4.551250062e-06,    0.002859305508,  -0.0006377240383,                 0,     -0.2230345923
          0,           0,        1782,      -12.76955134,       -11.2209536,      -12.35675148,      -15.28380979,                 1,    0.002859305436,   -0.000637724239,                 0,                 0,                 0,   4.551046654e-06,    0.002859305436,   -0.000637724239,                 0,     -0.2230346681
          0,           0,        1783,      -12.77316815,      -11.22406856,      -12.36038553,      -15.28719589,                 1,    0.002859305365,   -0.000637724438,                 0,                 0,                 0,   4.550844897e-06,    0.002859305365,   -0.000637724438,                 0,     -0.2230347433
          0,           0,        1784,      -12.77678502,      -11.22717934,      -12.36401987,      -15.29057934,                 1,    0.002859305294,  -0.0006377246353,                 0,                 0,                 0,   4.550644778e-06,    0.002859305294,  -0.0006377246353,                 0,     -0.2230348179
          0,           0,        1785,      -12.78040154,      -11.23028591,      -12.36765431,      -15.29396015,                 1,    0.002859305223,  -0.0006377248309,                 0,                 0,                 0,   4.550446285e-06,    0.002859305223,  -0.0006377248309,                 0,     -0.2230348918
          0,           0,        1786,      -12.78401792,      -11.23338823,      -12.37128889,      -15.29733832,                 1,    0.002859305153,  -0.0006377250249,                 0,                 0,                 0,   4.550249404e-06,    0.002859305153,  -0.0006377250249,                 0,     -0.2230349651
          0,           0,        1787,      -12.78763428,       -11.2364863,      -12.37492359,      -15.30071378,                 1,    0.002859305083,  -0.0006377252172,                 0,                 0,                 0,   4.550054123e-06,    0.002859305083,  -0.0006377252172,                 0,     -0.2230350378
          0,           0,        1788,      -12.79125054,      -11.23958007,      -12.37855861,       -15.3040865,                 1,    0.002859305014,  -0.0006377254079,                 0,                 0,                 0,   4.549860429e-06,    0.002859305014,  -0.0006377254079,                 0,     -0.2230351098
          0,           0,        1789,      -12.79486635,      -11.24266951,      -12.38219361,       -15.3074564,                 1,    0.002859304945,  -0.0006377255969,                 0,                 0,                 0,   4.549668309e-06,    0.002859304945,  -0.0006377255969,                 0,     -0.2230351813
          0,           0,        1790,      -12.79848208,      -11.24575461,      -12.38582878,      -15.31082338,                 1,    0.002859304877,  -0.0006377257843,                 0,                 0,                 0,   4.549477751e-06,    0.002859304877,  -0.0006377257843,                 0,     -0.2230352522
          0,           0,        1791,      -12.80209785,      -11.24883534,      -12.38946424,      -15.31418725,                 1,     0.00285930481,  -0.0006377259702,                 0,                 0,                 0,   4.549288742e-06,     0.00285930481,  -0.0006377259702,                 0,     -0.2230353225
          0,           0,        1792,      -12.80571341,      -11.25191166,      -12.39309977,      -15.31754769,                 1,    0.002859304742,  -0.0006377261544,                 0,                 0,                 0,   4.549101269e-06,    0.002859304742,  -0.0006377261544,                 0,     -0.2230353921
          0,           0,        1793,      -12.80932867,      -11.25498356,       -12.3967354,      -15.32090408,                 1,    0.002859304676,  -0.0006377263371,                 0,                 0,                 0,   4.548915322e-06,    0.002859304676,  -0.0006377263371,                 0,     -0.2230354612
          0,           0,        1794,      -12.81294376,      -11.25805101,      -12.40037119,      -15.32425573,                 1,    0.002859304609,  -0.0006377265182,                 0,                 0,                 0,   4.548730887e-06,    0.002859304609,  -0.0006377265182,                 0,     -0.2230355297
          0,           0,        1795,      -12.81655879,      -11.26111397,      -12.40400709,      -15.32760474,                 1,    0.002859304544,  -0.0006377266978,                 0,                 0,                 0,   4.548547952e-06,    0.002859304544,  -0.0006377266978,                 0,     -0.2230355977
          0,           0,        1796,      -12.82017365,      -11.26417243,      -12.40764321,      -15.33095381,                 1,    0.002859304478,  -0.0006377268758,                 0,                 0,                 0,   4.548366506e-06,    0.002859304478,  -0.0006377268758,                 0,      -0.223035665
          0,           0,        1797,      -12.82378821,      -11.26722636,      -12.41127934,      -15.33430156,                 1,    0.002859304413,  -0.0006377270524,                 0,                 0,                 0,   4.548186536e-06,    0.002859304413,  -0.0006377270524,                 0,     -0.2230357318
          0,           0,        1798,      -12.82740249,      -11.27027574,      -12.41491563,      -15.33764575,                 1,    0.002859304349,  -0.0006377272274,                 0,                 0,                 0,   4.548008031e-06,    0.002859304349,  -0.0006377272274,                 0,     -0.2230357981
          0,           0,        1799,      -12.83101661,      -11.27332054,      -12.41855208,      -15.34098733,                 1,    0.002859304285,  -0.0006377274009,                 0,                 0,                 0,   4.547830979e-06,    0.002859304285,  -0.0006377274009,                 0,     -0.2230358637
          0,           0,        1800,      -12.83463053,      -11.27636073,      -12.42218848,      -15.34432719,                 1,    0.002859304222,  -0.0006377275729,                 0,                 0,                 0,   4.547655369e-06,    0.002859304222,  -0.0006377275729,                 0,     -0.2230359289
          0,           0,        1801,      -12.83824434,       -11.2793963,      -12.42582514,      -15.34766332,                 1,    0.002859304158,  -0.0006377277435,                 0,                 0,                 0,   4.547481188e-06,    0.002859304158,  -0.0006377277435,                 0,     -0.2230359934
          0,           0,        1802,      -12.84185798,      -11.28242722,      -12.42946201,        -15.350998,                 1,    0.002859304096,  -0.0006377279126,                 0,                 0,                 0,   4.547308427e-06,    0.002859304096,  -0.0006377279126,                 0,     -0.2230360575
          0,           0,        1803,      -12.84547136,      -11.28545347,      -12.43309881,      -15.35433092,                 1,    0.002859304034,  -0.0006377280803,                 0,                 0,                 0,   4.547137072e-06,    0.002859304034,  -0.0006377280803,                 0,      -0.223036121
          0,           0,        1804,      -12.84908432,      -11.28847503,      -12.43673578,      -15.35766092,                 1,    0.002859303972,  -0.0006377282465,                 0,                 0,                 0,   4.546967114e-06,    0.002859303972,  -0.0006377282465,                 0,     -0.2230361839
          0,           0,        1805,      -12.85269743,      -11.29149186,      -12.44037303,      -15.36098792,                 1,    0.002859303911,  -0.0006377284113,                 0,                 0,                 0,    4.54679854e-06,    0.002859303911,  -0.0006377284113,                 0,     -0.2230362463
          0,           0,        1806,      -12.85631005,      -11.29450396,      -12.44401022,      -15.36431175,                 1,     0.00285930385,  -0.0006377285747,                 0,                 0,                 0,    4.54663134e-06,     0.00285930385,  -0.0006377285747,                 0,     -0.2230363082
          0,           0,        1807,      -12.85992264,      -11.29751129,       -12.4476476,      -15.36763214,                 1,    0.002859303789,  -0.0006377287367,                 0,                 0,                 0,   4.546465504e-06,    0.002859303789,  -0.0006377287367,                 0,     -0.2230363696
          0,           0,        1808,        -12.863535,      -11.30051385,      -12.45128505,      -15.37094892,                 1,    0.002859303729,  -0.0006377288973,                 0,                 0,                 0,   4.546301019e-06,    0.002859303729,  -0.0006377288973,                 0,     -0.2230364305
          0,           0,        1809,      -12.86714687,      -11.30351159,      -12.45492254,      -15.37426334,                 1,     0.00285930367,  -0.0006377290566,                 0,                 0,                 0,   4.546137876e-06,     0.00285930367,  -0.0006377290566,                 0,     -0.2230364908
          0,           0,        1810,      -12.87075859,      -11.30650451,      -12.45856018,      -15.37757548,                 1,     0.00285930361,  -0.0006377292145,                 0,                 0,                 0,   4.545976063e-06,     0.00285930361,  -0.0006377292145,                 0,     -0.2230365506
          0,           0,        1811,      -12.87437016,      -11.30949259,      -12.46219802,       -15.3808839,                 1,    0.002859303552,   -0.000637729371,                 0,                 0,                 0,    4.54581557e-06,    0.002859303552,   -0.000637729371,                 0,       -0.22303661
          0,           0,        1812,      -12.87798162,      -11.31247579,      -12.46583586,      -15.38419158,                 1,    0.002859303493,  -0.0006377295262,                 0,                 0,                 0,   4.545656386e-06,    0.002859303493,  -0.0006377295262,                 0,     -0.2230366688
          0,           0,        1813,      -12.88159277,      -11.31545411,      -12.46947385,      -15.38749696,                 1,    0.002859303435,    -0.00063772968,                 0,                 0,                 0,   4.545498501e-06,    0.002859303435,    -0.00063772968,                 0,     -0.2230367271
          0,           0,        1814,      -12.88520356,      -11.31842752,      -12.47311196,      -15.39079945,                 1,    0.002859303378,  -0.0006377298325,                 0,                 0,                 0,   4.545341905e-06,    0.002859303378,  -0.0006377298325,                 0,     -0.2230367849
          0,           0,        1815,       -12.8888141,        -11.321396,      -12.47675002,        -15.394099,                 1,    0.002859303321,  -0.0006377299838,                 0,                 0,                 0,   4.545186587e-06,    0.002859303321,  -0.0006377299838,                 0,     -0.2230368423
          0,           0,        1816,      -12.89242456,      -11.32435954,      -12.48038836,      -15.39739561,                 1,    0.002859303264,  -0.0006377301337,                 0,                 0,                 0,   4.545032537e-06,    0.002859303264,  -0.0006377301337,                 0,     -0.2230368992
          0,           0,        1817,       -12.8960344,       -11.3273181,      -12.48402655,      -15.40068922,                 1,    0.002859303207,  -0.0006377302823,                 0,                 0,                 0,   4.544879745e-06,    0.002859303207,  -0.0006377302823,                 0,     -0.2230369555
          0,           0,        1818,      -12.89964432,      -11.33027168,       -12.4876651,      -15.40397975,                 1,    0.002859303151,  -0.0006377304297,                 0,                 0,                 0,   4.544728201e-06,    0.002859303151,  -0.0006377304297,                 0,     -0.2230370114
          0,           0,        1819,      -12.90325385,      -11.33322025,      -12.49130362,      -15.40726715,                 1,    0.002859303096,  -0.0006377305758,                 0,                 0,                 0,   4.544577894e-06,    0.002859303096,  -0.0006377305758,                 0,     -0.2230370669
          0,           0,        1820,      -12.90686344,       -11.3361638,      -12.49494235,      -15.41055132,                 1,    0.002859303041,  -0.0006377307206,                 0,                 0,                 0,   4.544428816e-06,    0.002859303041,  -0.0006377307206,                 0,     -0.2230371218
          0,           0,        1821,      -12.91047234,      -11.33910231,      -12.49858117,      -15.41383205,                 1,    0.002859302986,  -0.0006377308642,                 0,                 0,                 0,   4.544280956e-06,    0.002859302986,  -0.0006377308642,                 0,     -0.2230371763
          0,           0,        1822,       -12.9140813,      -11.34203575,      -12.50222003,      -15.41710896,                 1,    0.002859302931,  -0.0006377310066,                 0,                 0,                 0,   4.544134304e-06,    0.002859302931,  -0.0006377310066,                 0,     -0.2230372304
          0,           0,        1823,      -12.91768997,      -11.34496413,      -12.50585909,      -15.42038146,                 1,    0.002859302877,  -0.0006377311478,                 0,                 0,                 0,   4.543988851e-06,    0.002859302877,  -0.0006377311478,                 0,      -0.223037284
          0,           0,        1824,      -12.92129822,      -11.34788741,      -12.50949817,      -15.42365036,                 1,    0.002859302823,  -0.0006377312877,                 0,                 0,                 0,   4.543844587e-06,    0.002859302823,  -0.0006377312877,                 0,     -0.2230373371
          0,           0,        1825,      -12.92490607,      -11.35080558,      -12.51313722,      -15.42691977,                 1,     0.00285930277,  -0.0006377314264,                 0,                 0,                 0,   4.543701503e-06,     0.00285930277,  -0.0006377314264,                 0,     -0.2230373898
          0,           0,        1826,      -12.92851379,      -11.35371864,      -12.51677639,       -15.4301871,                 1,    0.002859302717,   -0.000637731564,                 0,                 0,                 0,   4.543559588e-06,    0.002859302717,   -0.000637731564,                 0,      -0.223037442
          0,           0,        1827,      -12.93212115,      -11.35662655,      -12.52041578,      -15.43345153,                 1,    0.002859302665,  -0.0006377317003,                 0,                 0,                 0,   4.543418835e-06,    0.002859302665,  -0.0006377317003,                 0,     -0.2230374938
          0,           0,        1828,      -12.93572831,      -11.35952932,      -12.52405514,       -15.4367129,                 1,    0.002859302612,  -0.0006377318355,                 0,                 0,                 0,   4.543279233e-06,    0.002859302612,  -0.0006377318355,                 0,     -0.2230375452
          0,           0,        1829,      -12.93933543,      -11.36242692,      -12.52769478,      -15.43997118,                 1,     0.00285930256,  -0.0006377319695,                 0,                 0,                 0,   4.543140773e-06,     0.00285930256,  -0.0006377319695,                 0,     -0.2230375961
          0,           0,        1830,      -12.94294179,      -11.36531935,      -12.53133425,      -15.44322642,                 1,    0.002859302509,  -0.0006377321024,                 0,                 0,                 0,   4.543003447e-06,    0.002859302509,  -0.0006377321024,                 0,     -0.2230376466
          0,           0,        1831,      -12.94654803,      -11.36820659,      -12.53497385,       -15.4464787,                 1,    0.002859302458,  -0.0006377322341,                 0,                 0,                 0,   4.542867245e-06,    0.002859302458,  -0.0006377322341,                 0,     -0.2230376966
          0,           0,        1832,      -12.95015401,      -11.37108863,       -12.5386137,      -15.44972831,                 1,    0.002859302407,  -0.0006377323647,                 0,                 0,                 0,   4.542732157e-06,    0.002859302407,  -0.0006377323647,                 0,     -0.2230377463
          0,           0,        1833,      -12.95375997,      -11.37396546,      -12.54225379,      -15.45297541,                 1,    0.002859302356,  -0.0006377324941,                 0,                 0,                 0,   4.542598176e-06,    0.002859302356,  -0.0006377324941,                 0,     -0.2230377955
          0,           0,        1834,      -12.95736542,      -11.37683706,      -12.54589377,      -15.45621964,                 1,    0.002859302306,  -0.0006377326225,                 0,                 0,                 0,   4.542465293e-06,    0.002859302306,  -0.0006377326225,                 0,     -0.2230378443
          0,           0,        1835,      -12.96097036,      -11.37970343,      -12.54953383,      -15.45946053,                 1,    0.002859302256,  -0.0006377327497,                 0,                 0,                 0,   4.542333497e-06,    0.002859302256,  -0.0006377327497,                 0,     -0.2230378927
          0,           0,        1836,       -12.9645754,      -11.38256456,      -12.55317408,      -15.46269866,                 1,    0.002859302207,  -0.0006377328759,                 0,                 0,                 0,   4.542202782e-06,    0.002859302207,  -0.0006377328759,                 0,     -0.2230379406
          0,           0,        1837,      -12.96817996,      -11.38542044,      -12.55681446,      -15.46593466,                 1,    0.002859302158,  -0.0006377330009,                 0,                 0,                 0,   4.542073137e-06,    0.002859302158,  -0.0006377330009,                 0,     -0.2230379882
          0,           0,        1838,      -12.97178408,      -11.38827106,      -12.56045479,      -15.46916553,                 1,    0.002859302109,  -0.0006377331249,                 0,                 0,                 0,   4.541944555e-06,    0.002859302109,  -0.0006377331249,                 0,     -0.2230380354
          0,           0,        1839,      -12.97538799,       -11.3911164,      -12.56409519,      -15.47239164,                 1,     0.00285930206,  -0.0006377332478,                 0,                 0,                 0,   4.541817027e-06,     0.00285930206,  -0.0006377332478,                 0,     -0.2230380821
          0,           0,        1840,      -12.97899159,      -11.39395646,      -12.56773585,      -15.47561697,                 1,    0.002859302012,  -0.0006377333696,                 0,                 0,                 0,   4.541690544e-06,    0.002859302012,  -0.0006377333696,                 0,     -0.2230381285
          0,           0,        1841,      -12.98259481,      -11.39679123,       -12.5713764,      -15.47883934,                 1,    0.002859301964,  -0.0006377334904,                 0,                 0,                 0,   4.541565098e-06,    0.002859301964,  -0.0006377334904,                 0,     -0.2230381745
          0,           0,        1842,      -12.98619746,       -11.3996207,      -12.57501704,      -15.48205621,                 1,    0.002859301917,  -0.0006377336101,                 0,                 0,                 0,   4.541440681e-06,    0.002859301917,  -0.0006377336101,                 0,     -0.2230382201
          0,           0,        1843,      -12.98980005,      -11.40244487,      -12.57865782,      -15.48527046,                 1,     0.00285930187,  -0.0006377337289,                 0,                 0,                 0,   4.541317284e-06,     0.00285930187,  -0.0006377337289,                 0,     -0.2230382653
          0,           0,        1844,      -12.99340232,      -11.40526372,       -12.5822986,      -15.48848401,                 1,    0.002859301823,  -0.0006377338465,                 0,                 0,                 0,     4.5411949e-06,    0.002859301823,  -0.0006377338465,                 0,     -0.2230383101
          0,           0,        1845,      -12.99700408,      -11.40807725,      -12.58593961,      -15.49169487,                 1,    0.002859301776,  -0.0006377339632,                 0,                 0,                 0,    4.54107352e-06,    0.002859301776,  -0.0006377339632,                 0,     -0.2230383545
          0,           0,        1846,       -13.0006057,      -11.41088544,      -12.58958062,      -15.49490193,                 1,     0.00285930173,  -0.0006377340788,                 0,                 0,                 0,   4.540953136e-06,     0.00285930173,  -0.0006377340788,                 0,     -0.2230383986
          0,           0,        1847,      -13.00420665,       -11.4136883,      -12.59322149,       -15.4981061,                 1,    0.002859301684,  -0.0006377341935,                 0,                 0,                 0,    4.54083374e-06,    0.002859301684,  -0.0006377341935,                 0,     -0.2230384422
          0,           0,        1848,      -13.00780728,       -11.4164858,      -12.59686261,      -15.50130843,                 1,    0.002859301639,  -0.0006377343072,                 0,                 0,                 0,   4.540715324e-06,    0.002859301639,  -0.0006377343072,                 0,     -0.2230384855
          0,           0,        1849,       -13.0114079,      -11.41927796,      -12.60050393,      -15.50450628,                 1,    0.002859301593,  -0.0006377344198,                 0,                 0,                 0,    4.54059788e-06,    0.002859301593,  -0.0006377344198,                 0,     -0.2230385285
          0,           0,        1850,      -13.01500812,      -11.42206475,      -12.60414523,      -15.50769988,                 1,    0.002859301548,  -0.0006377345315,                 0,                 0,                 0,     4.5404814e-06,    0.002859301548,  -0.0006377345315,                 0,     -0.2230385711
          0,           0,        1851,      -13.01860773,      -11.42484617,      -12.60778634,      -15.51088968,                 1,    0.002859301503,  -0.0006377346422,                 0,                 0,                 0,   4.540365877e-06,    0.002859301503,  -0.0006377346422,                 0,     -0.2230386133
          0,           0,        1852,      -13.02220674,      -11.42762222,      -12.61142764,      -15.51407647,                 1,    0.002859301459,   -0.000637734752,                 0,                 0,                 0,   4.540251303e-06,    0.002859301459,   -0.000637734752,                 0,     -0.2230386551
          0,           0,        1853,      -13.02580559,      -11.43039288,      -12.61506925,      -15.51726103,                 1,    0.002859301415,  -0.0006377348608,                 0,                 0,                 0,    4.54013767e-06,    0.002859301415,  -0.0006377348608,                 0,     -0.2230386966
          0,           0,        1854,      -13.02940429,      -11.43315816,      -12.61871068,      -15.52044151,                 1,    0.002859301371,  -0.0006377349687,                 0,                 0,                 0,   4.540024971e-06,    0.002859301371,  -0.0006377349687,                 0,     -0.2230387378
          0,           0,        1855,      -13.03300239,      -11.43591804,      -12.62235222,       -15.5236168,                 1,    0.002859301328,  -0.0006377350756,                 0,                 0,                 0,   4.539913198e-06,    0.002859301328,  -0.0006377350756,                 0,     -0.2230387786
          0,           0,        1856,       -13.0365998,      -11.43867253,      -12.62599369,      -15.52678631,                 1,    0.002859301284,  -0.0006377351816,                 0,                 0,                 0,   4.539802344e-06,    0.002859301284,  -0.0006377351816,                 0,      -0.223038819
          0,           0,        1857,        -13.040197,      -11.44142161,      -12.62963541,       -15.5299526,                 1,    0.002859301241,  -0.0006377352867,                 0,                 0,                 0,   4.539692401e-06,    0.002859301241,  -0.0006377352867,                 0,     -0.2230388591
          0,           0,        1858,      -13.04379379,      -11.44416529,      -12.63327698,      -15.53311636,                 1,    0.002859301199,  -0.0006377353908,                 0,                 0,                 0,   4.539583362e-06,    0.002859301199,  -0.0006377353908,                 0,     -0.2230388989
          0,           0,        1859,      -13.04739034,      -11.44690355,      -12.63691871,      -15.53627631,                 1,    0.002859301156,  -0.0006377354941,                 0,                 0,                 0,    4.53947522e-06,    0.002859301156,  -0.0006377354941,                 0,     -0.2230389383
          0,           0,        1860,      -13.05098632,       -11.4496364,      -12.64056018,      -15.53943463,                 1,    0.002859301114,  -0.0006377355965,                 0,                 0,                 0,   4.539367966e-06,    0.002859301114,  -0.0006377355965,                 0,     -0.2230389774
          0,           0,        1861,      -13.05458153,      -11.45236382,      -12.64420178,      -15.54258883,                 1,    0.002859301072,  -0.0006377356979,                 0,                 0,                 0,   4.539261596e-06,    0.002859301072,  -0.0006377356979,                 0,     -0.2230390161
          0,           0,        1862,      -13.05817637,      -11.45508583,      -12.64784342,      -15.54573825,                 1,    0.002859301031,  -0.0006377357985,                 0,                 0,                 0,     4.5391561e-06,    0.002859301031,  -0.0006377357985,                 0,     -0.2230390545
          0,           0,        1863,       -13.0617708,      -11.45780241,      -12.65148492,      -15.54888364,                 1,    0.002859300989,  -0.0006377358982,                 0,                 0,                 0,   4.539051472e-06,    0.002859300989,  -0.0006377358982,                 0,     -0.2230390926
          0,           0,        1864,      -13.06536522,      -11.46051356,      -12.65512672,      -15.55202519,                 1,    0.002859300948,   -0.000637735997,                 0,                 0,                 0,   4.538947706e-06,    0.002859300948,   -0.000637735997,                 0,     -0.2230391304
          0,           0,        1865,      -13.06895862,      -11.46321928,      -12.65876829,      -15.55516277,                 1,    0.002859300908,   -0.000637736095,                 0,                 0,                 0,   4.538844793e-06,    0.002859300908,   -0.000637736095,                 0,     -0.2230391678
          0,           0,        1866,      -13.07255129,      -11.46591956,      -12.66240986,      -15.55829623,                 1,    0.002859300867,  -0.0006377361921,                 0,                 0,                 0,   4.538742728e-06,    0.002859300867,  -0.0006377361921,                 0,     -0.2230392049
          0,           0,        1867,      -13.07614384,      -11.46861442,      -12.66605137,      -15.56142545,                 1,    0.002859300827,  -0.0006377362884,                 0,                 0,                 0,   4.538641503e-06,    0.002859300827,  -0.0006377362884,                 0,     -0.2230392417
          0,           0,        1868,      -13.07973624,      -11.47130384,      -12.66969322,      -15.56455051,                 1,    0.002859300787,  -0.0006377363838,                 0,                 0,                 0,   4.538541112e-06,    0.002859300787,  -0.0006377363838,                 0,     -0.2230392782
          0,           0,        1869,      -13.08332758,      -11.47398782,      -12.67333488,       -15.5676715,                 1,    0.002859300747,  -0.0006377364784,                 0,                 0,                 0,   4.538441548e-06,    0.002859300747,  -0.0006377364784,                 0,     -0.2230393144
          0,           0,        1870,       -13.0869185,      -11.47666637,      -12.67697638,      -15.57078844,                 1,    0.002859300708,  -0.0006377365721,                 0,                 0,                 0,   4.538342803e-06,    0.002859300708,  -0.0006377365721,                 0,     -0.2230393503
          0,           0,        1871,      -13.09050939,      -11.47933949,       -12.6806179,       -15.5739015,                 1,    0.002859300669,  -0.0006377366651,                 0,                 0,                 0,   4.538244873e-06,    0.002859300669,  -0.0006377366651,                 0,     -0.2230393858
          0,           0,        1872,      -13.09409924,      -11.48200716,      -12.68425946,      -15.57701073,                 1,     0.00285930063,  -0.0006377367572,                 0,                 0,                 0,   4.538147749e-06,     0.00285930063,  -0.0006377367572,                 0,     -0.2230394211
          0,           0,        1873,      -13.09768844,      -11.48466941,      -12.68790084,      -15.58011624,                 1,    0.002859300591,  -0.0006377368485,                 0,                 0,                 0,   4.538051425e-06,    0.002859300591,  -0.0006377368485,                 0,      -0.223039456
          0,           0,        1874,      -13.10127718,      -11.48732622,        -12.691542,      -15.58321818,                 1,    0.002859300553,   -0.000637736939,                 0,                 0,                 0,   4.537955896e-06,    0.002859300553,   -0.000637736939,                 0,     -0.2230394907
          0,           0,        1875,      -13.10486523,       -11.4899776,      -12.69518312,      -15.58631957,                 1,    0.002859300515,  -0.0006377370287,                 0,                 0,                 0,   4.537861154e-06,    0.002859300515,  -0.0006377370287,                 0,      -0.223039525
          0,           0,        1876,      -13.10845263,      -11.49262355,      -12.69882418,      -15.58942302,                 1,    0.002859300477,  -0.0006377371177,                 0,                 0,                 0,   4.537767193e-06,    0.002859300477,  -0.0006377371177,                 0,     -0.2230395591
          0,           0,        1877,      -13.11203963,      -11.49526407,      -12.70246528,      -15.59252139,                 1,    0.002859300439,  -0.0006377372058,                 0,                 0,                 0,   4.537674007e-06,    0.002859300439,  -0.0006377372058,                 0,     -0.2230395929
          0,           0,        1878,      -13.11562625,      -11.49789916,      -12.70610654,      -15.59561364,                 1,    0.002859300402,  -0.0006377372932,                 0,                 0,                 0,    4.53758159e-06,    0.002859300402,  -0.0006377372932,                 0,     -0.2230396263
          0,           0,        1879,      -13.11921185,      -11.50052883,      -12.70974732,      -15.59870027,                 1,    0.002859300364,  -0.0006377373798,                 0,                 0,                 0,   4.537489935e-06,    0.002859300364,  -0.0006377373798,                 0,     -0.2230396595
          0,           0,        1880,      -13.12279685,      -11.50315308,      -12.71338798,      -15.60178182,                 1,    0.002859300328,  -0.0006377374656,                 0,                 0,                 0,   4.537399037e-06,    0.002859300328,  -0.0006377374656,                 0,     -0.2230396924
          0,           0,        1881,      -13.12638128,      -11.50577191,      -12.71702853,      -15.60485869,                 1,    0.002859300291,  -0.0006377375507,                 0,                 0,                 0,   4.537308888e-06,    0.002859300291,  -0.0006377375507,                 0,     -0.2230397251
          0,           0,        1882,      -13.12996515,      -11.50838532,      -12.72066913,      -15.60793102,                 1,    0.002859300254,  -0.0006377376351,                 0,                 0,                 0,   4.537219483e-06,    0.002859300254,  -0.0006377376351,                 0,     -0.2230397574
          0,           0,        1883,       -13.1335482,      -11.51099332,      -12.72430959,      -15.61099889,                 1,    0.002859300218,  -0.0006377377187,                 0,                 0,                 0,   4.537130816e-06,    0.002859300218,  -0.0006377377187,                 0,     -0.2230397895
          0,           0,        1884,      -13.13713051,      -11.51359591,      -12.72794974,       -15.6140624,                 1,    0.002859300182,  -0.0006377378015,                 0,                 0,                 0,   4.537042881e-06,    0.002859300182,  -0.0006377378015,                 0,     -0.2230398212
          0,           0,        1885,      -13.14071273,      -11.51619309,      -12.73158986,       -15.6171216,                 1,    0.002859300146,  -0.0006377378837,                 0,                 0,                 0,   4.536955672e-06,    0.002859300146,  -0.0006377378837,                 0,     -0.2230398528
          0,           0,        1886,      -13.14429372,      -11.51878486,         -12.73523,       -15.6201765,                 1,    0.002859300111,  -0.0006377379651,                 0,                 0,                 0,   4.536869183e-06,    0.002859300111,  -0.0006377379651,                 0,      -0.223039884
          0,           0,        1887,      -13.14787391,      -11.52137123,      -12.73886978,      -15.62322705,                 1,    0.002859300076,  -0.0006377380457,                 0,                 0,                 0,   4.536783409e-06,    0.002859300076,  -0.0006377380457,                 0,      -0.223039915
          0,           0,        1888,      -13.15145372,       -11.5239522,      -12.74250919,      -15.62627317,                 1,    0.002859300041,  -0.0006377381257,                 0,                 0,                 0,   4.536698343e-06,    0.002859300041,  -0.0006377381257,                 0,     -0.2230399457
          0,           0,        1889,      -13.15503273,      -11.52652778,      -12.74614882,      -15.62931477,                 1,    0.002859300006,   -0.000637738205,                 0,                 0,                 0,    4.53661398e-06,    0.002859300006,   -0.000637738205,                 0,     -0.2230399761
          0,           0,        1890,      -13.15861101,      -11.52909796,      -12.74978807,      -15.63235173,                 1,    0.002859299971,  -0.0006377382835,                 0,                 0,                 0,   4.536530313e-06,    0.002859299971,  -0.0006377382835,                 0,     -0.2230400063
          0,           0,        1891,      -13.16218801,      -11.53166276,        -12.753427,      -15.63538401,                 1,    0.002859299937,  -0.0006377383614,                 0,                 0,                 0,   4.536447338e-06,    0.002859299937,  -0.0006377383614,                 0,     -0.2230400362
          0,           0,        1892,      -13.16576479,      -11.53422218,      -12.75706588,       -15.6384111,                 1,    0.002859299903,  -0.0006377384386,                 0,                 0,                 0,   4.536365049e-06,    0.002859299903,  -0.0006377384386,                 0,     -0.2230400659
          0,           0,        1893,      -13.16934107,      -11.53677622,      -12.76070473,      -15.64143328,                 1,    0.002859299869,  -0.0006377385151,                 0,                 0,                 0,    4.53628344e-06,    0.002859299869,  -0.0006377385151,                 0,     -0.2230400953
          0,           0,        1894,      -13.17291631,      -11.53932489,      -12.76434308,      -15.64445573,                 1,    0.002859299835,  -0.0006377385909,                 0,                 0,                 0,   4.536202506e-06,    0.002859299835,  -0.0006377385909,                 0,     -0.2230401244
          0,           0,        1895,      -13.17649045,      -11.54186819,      -12.76798121,      -15.64747376,                 1,    0.002859299801,   -0.000637738666,                 0,                 0,                 0,    4.53612224e-06,    0.002859299801,   -0.000637738666,                 0,     -0.2230401533
          0,           0,        1896,      -13.18006331,      -11.54440613,      -12.77161887,      -15.65048577,                 1,    0.002859299768,  -0.0006377387405,                 0,                 0,                 0,   4.536042639e-06,    0.002859299768,  -0.0006377387405,                 0,     -0.2230401819
          0,           0,        1897,      -13.18363644,      -11.54693872,      -12.77525673,      -15.65349211,                 1,    0.002859299735,  -0.0006377388143,                 0,                 0,                 0,   4.535963695e-06,    0.002859299735,  -0.0006377388143,                 0,     -0.2230402103
          0,           0,        1898,      -13.18720852,      -11.54946597,      -12.77889412,      -15.65649281,                 1,    0.002859299702,  -0.0006377388875,                 0,                 0,                 0,   4.535885405e-06,    0.002859299702,  -0.0006377388875,                 0,     -0.2230402385
          0,           0,        1899,      -13.19077912,      -11.55198787,      -12.78253122,      -15.65948781,                 1,     0.00285929967,    -0.00063773896,                 0,                 0,                 0,   4.535807763e-06,     0.00285929967,    -0.00063773896,                 0,     -0.2230402664
          0,           0,        1900,      -13.19434943,      -11.55450445,      -12.78616801,      -15.66247832,                 1,    0.002859299637,  -0.0006377390319,                 0,                 0,                 0,   4.535730762e-06,    0.002859299637,  -0.0006377390319,                 0,     -0.2230402941
          0,           0,        1901,      -13.19791892,      -11.55701571,      -12.78980471,      -15.66546721,                 1,    0.002859299605,  -0.0006377391031,                 0,                 0,                 0,   4.535654399e-06,    0.002859299605,  -0.0006377391031,                 0,     -0.2230403215
          0,           0,        1902,      -13.20148724,      -11.55952166,      -12.79344102,      -15.66845367,                 1,    0.002859299573,  -0.0006377391737,                 0,                 0,                 0,   4.535578668e-06,    0.002859299573,  -0.0006377391737,                 0,     -0.2230403487
          0,           0,        1903,      -13.20505516,      -11.56202232,      -12.79707701,      -15.67143608,                 1,    0.002859299541,  -0.0006377392437,                 0,                 0,                 0,   4.535503563e-06,    0.002859299541,  -0.0006377392437,                 0,     -0.2230403756
          0,           0,        1904,       -13.2086219,      -11.56451768,      -12.80071291,      -15.67441415,                 1,    0.002859299509,   -0.000637739313,                 0,                 0,                 0,    4.53542908e-06,    0.002859299509,   -0.000637739313,                 0,     -0.2230404024
          0,           0,        1905,      -13.21218699,      -11.56700776,      -12.80434799,      -15.67738785,                 1,    0.002859299478,  -0.0006377393817,                 0,                 0,                 0,   4.535355214e-06,    0.002859299478,  -0.0006377393817,                 0,     -0.2230404288
          0,           0,        1906,      -13.21575216,      -11.56949258,      -12.80798299,      -15.68035712,                 1,    0.002859299447,  -0.0006377394498,                 0,                 0,                 0,   4.535281959e-06,    0.002859299447,  -0.0006377394498,                 0,     -0.2230404551
          0,           0,        1907,       -13.2193165,      -11.57197215,      -12.81161805,      -15.68332188,                 1,    0.002859299416,  -0.0006377395173,                 0,                 0,                 0,   4.535209311e-06,    0.002859299416,  -0.0006377395173,                 0,     -0.2230404811
          0,           0,        1908,      -13.22287941,      -11.57444647,      -12.81525259,      -15.68628204,                 1,    0.002859299385,  -0.0006377395842,                 0,                 0,                 0,   4.535137265e-06,    0.002859299385,  -0.0006377395842,                 0,     -0.2230405069
          0,           0,        1909,      -13.22644162,      -11.57691557,      -12.81888684,      -15.68923754,                 1,    0.002859299354,  -0.0006377396506,                 0,                 0,                 0,   4.535065815e-06,    0.002859299354,  -0.0006377396506,                 0,     -0.2230405325
          0,           0,        1910,      -13.23000304,      -11.57937944,      -12.82252076,      -15.69218837,                 1,    0.002859299324,  -0.0006377397163,                 0,                 0,                 0,   4.534994957e-06,    0.002859299324,  -0.0006377397163,                 0,     -0.2230405579
          0,           0,        1911,      -13.23356324,      -11.58183811,      -12.82615412,      -15.69513423,                 1,    0.002859299293,  -0.0006377397814,                 0,                 0,                 0,   4.534924686e-06,    0.002859299293,  -0.0006377397814,                 0,      -0.223040583
          0,           0,        1912,      -13.23712261,      -11.58429159,      -12.82978746,      -15.69807636,                 1,    0.002859299263,  -0.0006377398459,                 0,                 0,                 0,   4.534854997e-06,    0.002859299263,  -0.0006377398459,                 0,     -0.2230406079
          0,           0,        1913,      -13.24068087,      -11.58673989,      -12.83342005,      -15.70101893,                 1,    0.002859299234,  -0.0006377399099,                 0,                 0,                 0,   4.534785886e-06,    0.002859299234,  -0.0006377399099,                 0,     -0.2230406326
          0,           0,        1914,      -13.24423841,      -11.58918302,      -12.83705255,      -15.70396143,                 1,    0.002859299204,  -0.0006377399733,                 0,                 0,                 0,   4.534717347e-06,    0.002859299204,  -0.0006377399733,                 0,     -0.2230406571
          0,           0,        1915,      -13.24779451,        -11.591621,      -12.84068453,      -15.70689926,                 1,    0.002859299174,  -0.0006377400361,                 0,                 0,                 0,   4.534649376e-06,    0.002859299174,  -0.0006377400361,                 0,     -0.2230406814
          0,           0,        1916,      -13.25135034,      -11.59405383,      -12.84431632,      -15.70983157,                 1,    0.002859299145,  -0.0006377400984,                 0,                 0,                 0,   4.534581969e-06,    0.002859299145,  -0.0006377400984,                 0,     -0.2230407054
          0,           0,        1917,      -13.25490505,      -11.59648153,      -12.84794775,      -15.71275849,                 1,    0.002859299116,  -0.0006377401601,                 0,                 0,                 0,    4.53451512e-06,    0.002859299116,  -0.0006377401601,                 0,     -0.2230407293
          0,           0,        1918,       -13.2584579,      -11.59890412,      -12.85157837,      -15.71568019,                 1,    0.002859299087,  -0.0006377402212,                 0,                 0,                 0,   4.534448826e-06,    0.002859299087,  -0.0006377402212,                 0,     -0.2230407529
          0,           0,        1919,      -13.26201053,       -11.6013216,      -12.85520897,      -15.71859684,                 1,    0.002859299058,  -0.0006377402818,                 0,                 0,                 0,   4.534383081e-06,    0.002859299058,  -0.0006377402818,                 0,     -0.2230407764
          0,           0,        1920,       -13.2655623,      -11.60373399,      -12.85883916,      -15.72150867,                 1,     0.00285929903,  -0.0006377403418,                 0,                 0,                 0,   4.534317881e-06,     0.00285929903,  -0.0006377403418,                 0,     -0.2230407996
          0,           0,        1921,      -13.26911221,       -11.6061413,      -12.86246862,      -15.72441642,                 1,    0.002859299001,  -0.0006377404014,                 0,                 0,                 0,   4.534253222e-06,    0.002859299001,  -0.0006377404014,                 0,     -0.2230408226
          0,           0,        1922,      -13.27266076,      -11.60854354,      -12.86609766,      -15.72732124,                 1,    0.002859298973,  -0.0006377404603,                 0,                 0,                 0,   4.534189099e-06,    0.002859298973,  -0.0006377404603,                 0,     -0.2230408455
          0,           0,        1923,      -13.27620933,      -11.61094072,      -12.86972656,      -15.73022267,                 1,    0.002859298945,  -0.0006377405188,                 0,                 0,                 0,   4.534125508e-06,    0.002859298945,  -0.0006377405188,                 0,     -0.2230408681
          0,           0,        1924,      -13.27975734,      -11.61333286,      -12.87335529,       -15.7331192,                 1,    0.002859298917,  -0.0006377405767,                 0,                 0,                 0,   4.534062445e-06,    0.002859298917,  -0.0006377405767,                 0,     -0.2230408905
          0,           0,        1925,      -13.28330267,      -11.61571997,      -12.87698301,      -15.73601008,                 1,    0.002859298889,  -0.0006377406341,                 0,                 0,                 0,   4.533999905e-06,    0.002859298889,  -0.0006377406341,                 0,     -0.2230409127
          0,           0,        1926,      -13.28684801,      -11.61810206,      -12.88061063,      -15.73889511,                 1,    0.002859298862,   -0.000637740691,                 0,                 0,                 0,   4.533937883e-06,    0.002859298862,   -0.000637740691,                 0,     -0.2230409348
          0,           0,        1927,      -13.29039174,      -11.62047914,       -12.8842376,      -15.74177429,                 1,    0.002859298834,  -0.0006377407473,                 0,                 0,                 0,   4.533876376e-06,    0.002859298834,  -0.0006377407473,                 0,     -0.2230409566
          0,           0,        1928,      -13.29393452,      -11.62285123,      -12.88786459,      -15.74464763,                 1,    0.002859298807,  -0.0006377408032,                 0,                 0,                 0,    4.53381538e-06,    0.002859298807,  -0.0006377408032,                 0,     -0.2230409783
          0,           0,        1929,      -13.29747676,      -11.62521835,      -12.89149076,      -15.74751462,                 1,     0.00285929878,  -0.0006377408585,                 0,                 0,                 0,    4.53375489e-06,     0.00285929878,  -0.0006377408585,                 0,     -0.2230409998
          0,           0,        1930,      -13.30101798,      -11.62758051,      -12.89511685,      -15.75037626,                 1,    0.002859298753,  -0.0006377409134,                 0,                 0,                 0,   4.533694902e-06,    0.002859298753,  -0.0006377409134,                 0,      -0.223041021
          0,           0,        1931,      -13.30455707,      -11.62993772,      -12.89874227,      -15.75323523,                 1,    0.002859298727,  -0.0006377409677,                 0,                 0,                 0,   4.533635412e-06,    0.002859298727,  -0.0006377409677,                 0,     -0.2230410421
          0,           0,        1932,      -13.30809555,         -11.63229,      -12.90236703,      -15.75608984,                 1,      0.0028592987,  -0.0006377410216,                 0,                 0,                 0,   4.533576415e-06,      0.0028592987,  -0.0006377410216,                 0,      -0.223041063
          0,           0,        1933,      -13.31163214,      -11.63463736,      -12.90599053,      -15.75893994,                 1,    0.002859298674,   -0.000637741075,                 0,                 0,                 0,   4.533517909e-06,    0.002859298674,   -0.000637741075,                 0,     -0.2230410837
          0,           0,        1934,      -13.31516845,      -11.63697983,      -12.90961463,      -15.76178686,                 1,    0.002859298648,  -0.0006377411279,                 0,                 0,                 0,   4.533459888e-06,    0.002859298648,  -0.0006377411279,                 0,     -0.2230411043
          0,           0,        1935,      -13.31870338,      -11.63931742,      -12.91323806,      -15.76463159,                 1,    0.002859298622,  -0.0006377411803,                 0,                 0,                 0,   4.533402349e-06,    0.002859298622,  -0.0006377411803,                 0,     -0.2230411246
          0,           0,        1936,      -13.32223761,      -11.64165015,      -12.91686091,      -15.76747056,                 1,    0.002859298596,  -0.0006377412322,                 0,                 0,                 0,   4.533345287e-06,    0.002859298596,  -0.0006377412322,                 0,     -0.2230411448
          0,           0,        1937,      -13.32577017,      -11.64397804,      -12.92048339,       -15.7703036,                 1,     0.00285929857,  -0.0006377412837,                 0,                 0,                 0,     4.5332887e-06,     0.00285929857,  -0.0006377412837,                 0,     -0.2230411648
          0,           0,        1938,      -13.32930148,      -11.64630111,      -12.92410556,      -15.77313116,                 1,    0.002859298544,  -0.0006377413347,                 0,                 0,                 0,   4.533232583e-06,    0.002859298544,  -0.0006377413347,                 0,     -0.2230411847
          0,           0,        1939,      -13.33283243,      -11.64861938,       -12.9277271,       -15.7759535,                 1,    0.002859298519,  -0.0006377413852,                 0,                 0,                 0,   4.533176932e-06,    0.002859298519,  -0.0006377413852,                 0,     -0.2230412043
          0,           0,        1940,      -13.33636191,      -11.65093287,       -12.9313481,      -15.77877071,                 1,    0.002859298494,  -0.0006377414353,                 0,                 0,                 0,   4.533121744e-06,    0.002859298494,  -0.0006377414353,                 0,     -0.2230412238
          0,           0,        1941,      -13.33988917,      -11.65324161,      -12.93496821,      -15.78158278,                 1,    0.002859298469,  -0.0006377414849,                 0,                 0,                 0,   4.533067014e-06,    0.002859298469,  -0.0006377414849,                 0,     -0.2230412431
          0,           0,        1942,      -13.34341575,      -11.65554562,      -12.93858822,      -15.78438977,                 1,    0.002859298444,   -0.000637741534,                 0,                 0,                 0,   4.533012739e-06,    0.002859298444,   -0.000637741534,                 0,     -0.2230412622
          0,           0,        1943,      -13.34694171,      -11.65784492,      -12.94220769,      -15.78719179,                 1,    0.002859298419,  -0.0006377415828,                 0,                 0,                 0,   4.532958914e-06,    0.002859298419,  -0.0006377415828,                 0,     -0.2230412812
          0,           0,        1944,      -13.35046559,      -11.66013953,      -12.94582657,      -15.78998881,                 1,    0.002859298394,   -0.000637741631,                 0,                 0,                 0,   4.532905538e-06,    0.002859298394,   -0.000637741631,                 0,        -0.2230413
          0,           0,        1945,      -13.35398885,      -11.66242947,      -12.94944481,      -15.79278068,                 1,     0.00285929837,  -0.0006377416789,                 0,                 0,                 0,   4.532852604e-06,     0.00285929837,  -0.0006377416789,                 0,     -0.2230413187
          0,           0,        1946,      -13.35751114,      -11.66471478,      -12.95306292,      -15.79556682,                 1,    0.002859298346,  -0.0006377417263,                 0,                 0,                 0,   4.532800111e-06,    0.002859298346,  -0.0006377417263,                 0,     -0.2230413371
          0,           0,        1947,      -13.36103206,      -11.66699547,      -12.95668047,      -15.79834755,                 1,    0.002859298321,  -0.0006377417732,                 0,                 0,                 0,   4.532748055e-06,    0.002859298321,  -0.0006377417732,                 0,     -0.2230413554
          0,           0,        1948,      -13.36455137,      -11.66927156,      -12.96029736,      -15.80112539,                 1,    0.002859298297,  -0.0006377418198,                 0,                 0,                 0,   4.532696431e-06,    0.002859298297,  -0.0006377418198,                 0,     -0.2230413736
          0,           0,        1949,      -13.36806936,      -11.67154309,      -12.96391367,      -15.80389894,                 1,    0.002859298274,  -0.0006377418659,                 0,                 0,                 0,   4.532645237e-06,    0.002859298274,  -0.0006377418659,                 0,     -0.2230413916
          0,           0,        1950,      -13.37158628,      -11.67381007,      -12.96752941,      -15.80666744,                 1,     0.00285929825,  -0.0006377419115,                 0,                 0,                 0,   4.532594468e-06,     0.00285929825,  -0.0006377419115,                 0,     -0.2230414094
          0,           0,        1951,      -13.37510188,      -11.67607253,       -12.9711448,      -15.80943094,                 1,    0.002859298226,  -0.0006377419568,                 0,                 0,                 0,   4.532544122e-06,    0.002859298226,  -0.0006377419568,                 0,     -0.2230414271
          0,           0,        1952,      -13.37861615,      -11.67833049,       -12.9747595,      -15.81218947,                 1,    0.002859298203,  -0.0006377420017,                 0,                 0,                 0,   4.532494194e-06,    0.002859298203,  -0.0006377420017,                 0,     -0.2230414446
          0,           0,        1953,      -13.38212892,      -11.68058397,       -12.9783733,      -15.81494303,                 1,    0.002859298179,  -0.0006377420461,                 0,                 0,                 0,   4.532444682e-06,    0.002859298179,  -0.0006377420461,                 0,      -0.223041462
          0,           0,        1954,      -13.38564111,      -11.68283299,      -12.98198698,      -15.81769159,                 1,    0.002859298156,  -0.0006377420901,                 0,                 0,                 0,   4.532395581e-06,    0.002859298156,  -0.0006377420901,                 0,     -0.2230414792
          0,           0,        1955,      -13.38915199,      -11.68507757,      -12.98560038,      -15.82043544,                 1,    0.002859298133,  -0.0006377421338,                 0,                 0,                 0,    4.53234689e-06,    0.002859298133,  -0.0006377421338,                 0,     -0.2230414962
          0,           0,        1956,      -13.39266093,      -11.68731774,      -12.98921294,      -15.82317669,                 1,     0.00285929811,   -0.000637742177,                 0,                 0,                 0,   4.532298603e-06,     0.00285929811,   -0.000637742177,                 0,     -0.2230415131
          0,           0,        1957,      -13.39616833,      -11.68955352,      -12.99282457,      -15.82591381,                 1,    0.002859298088,  -0.0006377422198,                 0,                 0,                 0,   4.532250718e-06,    0.002859298088,  -0.0006377422198,                 0,     -0.2230415299
          0,           0,        1958,      -13.39967506,      -11.69178492,      -12.99643614,      -15.82864438,                 1,    0.002859298065,  -0.0006377422622,                 0,                 0,                 0,   4.532203232e-06,    0.002859298065,  -0.0006377422622,                 0,     -0.2230415465
          0,           0,        1959,      -13.40318001,      -11.69401196,      -13.00004671,      -15.83136861,                 1,    0.002859298043,  -0.0006377423043,                 0,                 0,                 0,   4.532156141e-06,    0.002859298043,  -0.0006377423043,                 0,     -0.2230415629
          0,           0,        1960,      -13.40668335,      -11.69623468,      -13.00365637,      -15.83408657,                 1,     0.00285929802,  -0.0006377423459,                 0,                 0,                 0,   4.532109442e-06,     0.00285929802,  -0.0006377423459,                 0,     -0.2230415792
          0,           0,        1961,      -13.41018598,      -11.69845307,      -13.00726621,      -15.83679786,                 1,    0.002859297998,  -0.0006377423872,                 0,                 0,                 0,   4.532063132e-06,    0.002859297998,  -0.0006377423872,                 0,     -0.2230415954
          0,           0,        1962,       -13.4136873,      -11.70066717,      -13.01087541,      -15.83950179,                 1,    0.002859297976,  -0.0006377424281,                 0,                 0,                 0,   4.532017207e-06,    0.002859297976,  -0.0006377424281,                 0,     -0.2230416114
          0,           0,        1963,      -13.41718612,      -11.70287698,      -13.01448295,      -15.84219851,                 1,    0.002859297954,  -0.0006377424686,                 0,                 0,                 0,   4.531971665e-06,    0.002859297954,  -0.0006377424686,                 0,     -0.2230416273
          0,           0,        1964,      -13.42068364,      -11.70508254,      -13.01809054,      -15.84489022,                 1,    0.002859297932,  -0.0006377425087,                 0,                 0,                 0,   4.531926502e-06,    0.002859297932,  -0.0006377425087,                 0,      -0.223041643
          0,           0,        1965,      -13.42417983,      -11.70728385,      -13.02169729,      -15.84757823,                 1,     0.00285929791,  -0.0006377425485,                 0,                 0,                 0,   4.531881716e-06,     0.00285929791,  -0.0006377425485,                 0,     -0.2230416586
          0,           0,        1966,      -13.42767494,      -11.70948093,      -13.02530359,      -15.85026519,                 1,    0.002859297889,  -0.0006377425879,                 0,                 0,                 0,   4.531837302e-06,    0.002859297889,  -0.0006377425879,                 0,     -0.2230416741
          0,           0,        1967,      -13.43116975,      -11.71167381,      -13.02890893,      -15.85294923,                 1,    0.002859297867,  -0.0006377426269,                 0,                 0,                 0,   4.531793259e-06,    0.002859297867,  -0.0006377426269,                 0,     -0.2230416894
          0,           0,        1968,      -13.43466174,       -11.7138625,      -13.03251387,      -15.85562843,                 1,    0.002859297846,  -0.0006377426656,                 0,                 0,                 0,   4.531749582e-06,    0.002859297846,  -0.0006377426656,                 0,     -0.2230417046
          0,           0,        1969,      -13.43815202,      -11.71604701,      -13.03611781,      -15.85830243,                 1,    0.002859297825,  -0.0006377427039,                 0,                 0,                 0,    4.53170627e-06,    0.002859297825,  -0.0006377427039,                 0,     -0.2230417196
          0,           0,        1970,      -13.44164039,      -11.71822737,      -13.03972114,       -15.8609711,                 1,    0.002859297804,  -0.0006377427418,                 0,                 0,                 0,   4.531663318e-06,    0.002859297804,  -0.0006377427418,                 0,     -0.2230417346
          0,           0,        1971,      -13.44512788,       -11.7204036,      -13.04332365,      -15.86363429,                 1,    0.002859297783,  -0.0006377427794,                 0,                 0,                 0,   4.531620724e-06,    0.002859297783,  -0.0006377427794,                 0,     -0.2230417493
          0,           0,        1972,       -13.4486143,       -11.7225757,      -13.04692565,      -15.86629192,                 1,    0.002859297762,  -0.0006377428167,                 0,                 0,                 0,   4.531578486e-06,    0.002859297762,  -0.0006377428167,                 0,      -0.223041764
          0,           0,        1973,      -13.45209909,      -11.72474371,      -13.05052675,      -15.86894406,                 1,    0.002859297742,  -0.0006377428536,                 0,                 0,                 0,   4.531536599e-06,    0.002859297742,  -0.0006377428536,                 0,     -0.2230417785
          0,           0,        1974,      -13.45558222,      -11.72690763,      -13.05412767,       -15.8715911,                 1,    0.002859297721,  -0.0006377428901,                 0,                 0,                 0,   4.531495062e-06,    0.002859297721,  -0.0006377428901,                 0,     -0.2230417929
          0,           0,        1975,       -13.4590629,       -11.7290675,       -13.0577271,      -15.87423347,                 1,    0.002859297701,  -0.0006377429263,                 0,                 0,                 0,   4.531453871e-06,    0.002859297701,  -0.0006377429263,                 0,     -0.2230418072
          0,           0,        1976,      -13.46254301,      -11.73122332,      -13.06132613,      -15.87687088,                 1,     0.00285929768,  -0.0006377429622,                 0,                 0,                 0,   4.531413024e-06,     0.00285929768,  -0.0006377429622,                 0,     -0.2230418213
          0,           0,        1977,      -13.46602123,      -11.73337512,      -13.06492443,       -15.8795036,                 1,     0.00285929766,  -0.0006377429977,                 0,                 0,                 0,   4.531372518e-06,     0.00285929766,  -0.0006377429977,                 0,     -0.2230418353
          0,           0,        1978,      -13.46949722,      -11.73552291,      -13.06852121,      -15.88213523,                 1,     0.00285929764,   -0.000637743033,                 0,                 0,                 0,   4.531332349e-06,     0.00285929764,   -0.000637743033,                 0,     -0.2230418492
          0,           0,        1979,      -13.47297202,      -11.73766672,      -13.07211794,      -15.88476395,                 1,     0.00285929762,  -0.0006377430678,                 0,                 0,                 0,   4.531292516e-06,     0.00285929762,  -0.0006377430678,                 0,     -0.2230418629
          0,           0,        1980,      -13.47644473,      -11.73980656,      -13.07571324,       -15.8873863,                 1,      0.0028592976,  -0.0006377431024,                 0,                 0,                 0,   4.531253015e-06,      0.0028592976,  -0.0006377431024,                 0,     -0.2230418766
          0,           0,        1981,      -13.47991559,      -11.74194246,      -13.07930776,      -15.89000216,                 1,    0.002859297581,  -0.0006377431366,                 0,                 0,                 0,   4.531213844e-06,    0.002859297581,  -0.0006377431366,                 0,     -0.2230418901
          0,           0,        1982,      -13.48338643,      -11.74407444,      -13.08290251,      -15.89261202,                 1,    0.002859297561,  -0.0006377431705,                 0,                 0,                 0,      4.531175e-06,    0.002859297561,  -0.0006377431705,                 0,     -0.2230419035
          0,           0,        1983,      -13.48685389,      -11.74620251,      -13.08649581,      -15.89521648,                 1,    0.002859297541,  -0.0006377432041,                 0,                 0,                 0,    4.53113648e-06,    0.002859297541,  -0.0006377432041,                 0,     -0.2230419167
          0,           0,        1984,      -13.49032053,       -11.7483267,      -13.09008773,      -15.89781673,                 1,    0.002859297522,  -0.0006377432374,                 0,                 0,                 0,   4.531098282e-06,    0.002859297522,  -0.0006377432374,                 0,     -0.2230419299
          0,           0,        1985,        -13.493785,      -11.75044703,      -13.09367914,      -15.90041424,                 1,    0.002859297503,  -0.0006377432703,                 0,                 0,                 0,   4.531060403e-06,    0.002859297503,  -0.0006377432703,                 0,     -0.2230419429
          0,           0,        1986,      -13.49724766,      -11.75256352,      -13.09726955,      -15.90300818,                 1,    0.002859297484,   -0.000637743303,                 0,                 0,                 0,    4.53102284e-06,    0.002859297484,   -0.000637743303,                 0,     -0.2230419558
          0,           0,        1987,       -13.5007089,      -11.75467618,      -13.10085933,      -15.90559663,                 1,    0.002859297465,  -0.0006377433353,                 0,                 0,                 0,   4.530985591e-06,    0.002859297465,  -0.0006377433353,                 0,     -0.2230419686
          0,           0,        1988,      -13.50416861,      -11.75678505,      -13.10444818,      -15.90817865,                 1,    0.002859297446,  -0.0006377433674,                 0,                 0,                 0,   4.530948653e-06,    0.002859297446,  -0.0006377433674,                 0,     -0.2230419813
          0,           0,        1989,       -13.5076249,      -11.75889014,      -13.10803565,      -15.91075393,                 1,    0.002859297427,  -0.0006377433991,                 0,                 0,                 0,   4.530912024e-06,    0.002859297427,  -0.0006377433991,                 0,     -0.2230419939
          0,           0,        1990,      -13.51107997,      -11.76099147,       -13.1116227,      -15.91332294,                 1,    0.002859297408,  -0.0006377434305,                 0,                 0,                 0,   4.530875701e-06,    0.002859297408,  -0.0006377434305,                 0,     -0.2230420063
          0,           0,        1991,       -13.5145351,      -11.76308907,      -13.11520884,      -15.91588726,                 1,     0.00285929739,  -0.0006377434617,                 0,                 0,                 0,   4.530839682e-06,     0.00285929739,  -0.0006377434617,                 0,     -0.2230420186
          0,           0,        1992,      -13.51798696,      -11.76518295,      -13.11879419,      -15.91844666,                 1,    0.002859297371,  -0.0006377434925,                 0,                 0,                 0,   4.530803964e-06,    0.002859297371,  -0.0006377434925,                 0,     -0.2230420309
          0,           0,        1993,      -13.52143691,      -11.76727314,      -13.12237845,      -15.92100043,                 1,    0.002859297353,  -0.0006377435231,                 0,                 0,                 0,   4.530768545e-06,    0.002859297353,  -0.0006377435231,                 0,      -0.223042043
          0,           0,        1994,      -13.52488454,      -11.76935967,      -13.12596103,      -15.92354845,                 1,    0.002859297334,  -0.0006377435533,                 0,                 0,                 0,   4.530733422e-06,    0.002859297334,  -0.0006377435533,                 0,      -0.223042055
          0,           0,        1995,       -13.5283326,      -11.77144255,      -13.12954399,      -15.92609063,                 1,    0.002859297316,  -0.0006377435833,                 0,                 0,                 0,   4.530698593e-06,    0.002859297316,  -0.0006377435833,                 0,     -0.2230420669
          0,           0,        1996,      -13.53177603,       -11.7735218,       -13.1331252,      -15.92862701,                 1,    0.002859297298,   -0.000637743613,                 0,                 0,                 0,   4.530664055e-06,    0.002859297298,   -0.000637743613,                 0,     -0.2230420787
          0,           0,        1997,      -13.53521844,      -11.77559746,      -13.13670503,      -15.93115752,                 1,     0.00285929728,  -0.0006377436424,                 0,                 0,                 0,   4.530629807e-06,     0.00285929728,  -0.0006377436424,                 0,     -0.2230420904
          0,           0,        1998,      -13.53865906,      -11.77766954,      -13.14028392,      -15.93368204,                 1,    0.002859297262,  -0.0006377436715,                 0,                 0,                 0,   4.530595845e-06,    0.002859297262,  -0.0006377436715,                 0,      -0.223042102
          0,           0,        1999,      -13.54209589,      -11.77973807,      -13.14386162,      -15.93620112,                 1,    0.002859297245,  -0.0006377437004,                 0,                 0,                 0,   4.530562167e-06,    0.002859297245,  -0.0006377437004,                 0,     -0.2230421134
          0,           0,        2000,      -13.54553334,      -11.78180307,      -13.14743902,      -15.93871651,                 1,    0.002859297227,   -0.000637743729,                 0,                 0,                 0,   4.530528771e-06,    0.002859297227,   -0.000637743729,                 0,     -0.2230421248
          0,           0,        2001,      -13.54896813,      -11.78386457,      -13.15101502,      -15.94122694,                 1,    0.002859297209,  -0.0006377437573,                 0,                 0,                 0,   4.530495655e-06,    0.002859297209,  -0.0006377437573,                 0,     -0.2230421361
          0,           0,        2002,      -13.55240052,      -11.78592261,      -13.15458949,      -15.94373161,                 1,    0.002859297192,  -0.0006377437853,                 0,                 0,                 0,   4.530462816e-06,    0.002859297192,  -0.0006377437853,                 0,     -0.2230421473
          0,           0,        2003,       -13.5558315,       -11.7879772,       -13.1581634,      -15.94622988,                 1,    0.002859297175,  -0.0006377438131,                 0,                 0,                 0,   4.530430253e-06,    0.002859297175,  -0.0006377438131,                 0,     -0.2230421583
          0,           0,        2004,      -13.55926002,      -11.79002837,      -13.16173642,      -15.94872161,                 1,    0.002859297157,  -0.0006377438406,                 0,                 0,                 0,   4.530397962e-06,    0.002859297157,  -0.0006377438406,                 0,     -0.2230421693
          0,           0,        2005,      -13.56268615,      -11.79207615,      -13.16530816,       -15.9512069,                 1,     0.00285929714,  -0.0006377438678,                 0,                 0,                 0,   4.530365942e-06,     0.00285929714,  -0.0006377438678,                 0,     -0.2230421801
          0,           0,        2006,      -13.56611049,      -11.79412057,      -13.16887856,      -15.95368574,                 1,    0.002859297123,  -0.0006377438948,                 0,                 0,                 0,    4.53033419e-06,    0.002859297123,  -0.0006377438948,                 0,     -0.2230421909
          0,           0,        2007,      -13.56953202,      -11.79616167,      -13.17244765,      -15.95615808,                 1,    0.002859297106,  -0.0006377439215,                 0,                 0,                 0,   4.530302705e-06,    0.002859297106,  -0.0006377439215,                 0,     -0.2230422016
          0,           0,        2008,      -13.57295182,      -11.79819948,      -13.17601595,      -15.95862398,                 1,    0.002859297089,   -0.000637743948,                 0,                 0,                 0,   4.530271483e-06,    0.002859297089,   -0.000637743948,                 0,     -0.2230422122
          0,           0,        2009,      -13.57637093,      -11.80023402,      -13.17958303,      -15.96108433,                 1,    0.002859297073,  -0.0006377439742,                 0,                 0,                 0,   4.530240523e-06,    0.002859297073,  -0.0006377439742,                 0,     -0.2230422226
          0,           0,        2010,      -13.57978686,      -11.80226533,      -13.18314898,      -15.96354032,                 1,    0.002859297056,  -0.0006377440002,                 0,                 0,                 0,   4.530209823e-06,    0.002859297056,  -0.0006377440002,                 0,      -0.223042233
          0,           0,        2011,      -13.58320026,      -11.80429344,      -13.18671371,      -15.96599197,                 1,    0.002859297039,  -0.0006377440259,                 0,                 0,                 0,    4.53017938e-06,    0.002859297039,  -0.0006377440259,                 0,     -0.2230422433
          0,           0,        2012,      -13.58661159,       -11.8063184,      -13.19027761,       -15.9684389,                 1,    0.002859297023,  -0.0006377440514,                 0,                 0,                 0,   4.530149193e-06,    0.002859297023,  -0.0006377440514,                 0,     -0.2230422535
          0,           0,        2013,      -13.59002088,      -11.80834022,       -13.1938399,      -15.97088092,                 1,    0.002859297006,  -0.0006377440766,                 0,                 0,                 0,   4.530119259e-06,    0.002859297006,  -0.0006377440766,                 0,     -0.2230422636
          0,           0,        2014,      -13.59342757,      -11.81035895,      -13.19740075,      -15.97331817,                 1,     0.00285929699,  -0.0006377441016,                 0,                 0,                 0,   4.530089576e-06,     0.00285929699,  -0.0006377441016,                 0,     -0.2230422736
          0,           0,        2015,       -13.5968327,      -11.81237462,      -13.20096107,      -15.97575111,                 1,    0.002859296974,  -0.0006377441263,                 0,                 0,                 0,   4.530060143e-06,    0.002859296974,  -0.0006377441263,                 0,     -0.2230422835
          0,           0,        2016,      -13.60023552,      -11.81438727,      -13.20451953,      -15.97817985,                 1,    0.002859296958,  -0.0006377441508,                 0,                 0,                 0,   4.530030956e-06,    0.002859296958,  -0.0006377441508,                 0,     -0.2230422933
          0,           0,        2017,      -13.60363663,      -11.81639693,      -13.20807773,      -15.98060434,                 1,    0.002859296942,  -0.0006377441751,                 0,                 0,                 0,   4.530002014e-06,    0.002859296942,  -0.0006377441751,                 0,     -0.2230423031
          0,           0,        2018,      -13.60703619,      -11.81840363,      -13.21163443,      -15.98302451,                 1,    0.002859296926,  -0.0006377441991,                 0,                 0,                 0,   4.529973316e-06,    0.002859296926,  -0.0006377441991,                 0,     -0.2230423127
          0,           0,        2019,      -13.61043126,      -11.82040741,      -13.21518907,      -15.98543996,                 1,     0.00285929691,  -0.0006377442229,                 0,                 0,                 0,   4.529944858e-06,     0.00285929691,  -0.0006377442229,                 0,     -0.2230423223
          0,           0,        2020,       -13.6138245,       -11.8224083,      -13.21874256,      -15.98785047,                 1,    0.002859296894,  -0.0006377442464,                 0,                 0,                 0,   4.529916639e-06,    0.002859296894,  -0.0006377442464,                 0,     -0.2230423318
          0,           0,        2021,      -13.61721557,      -11.82440633,       -13.2222949,       -15.9902572,                 1,    0.002859296878,  -0.0006377442698,                 0,                 0,                 0,   4.529888658e-06,    0.002859296878,  -0.0006377442698,                 0,     -0.2230423411
          0,           0,        2022,      -13.62060534,      -11.82640153,      -13.22584677,      -15.99266029,                 1,    0.002859296863,  -0.0006377442929,                 0,                 0,                 0,   4.529860911e-06,    0.002859296863,  -0.0006377442929,                 0,     -0.2230423504
          0,           0,        2023,      -13.62399099,      -11.82839394,      -13.22939568,      -15.99505785,                 1,    0.002859296847,  -0.0006377443158,                 0,                 0,                 0,   4.529833397e-06,    0.002859296847,  -0.0006377443158,                 0,     -0.2230423596
          0,           0,        2024,      -13.62737647,      -11.83038358,      -13.23294441,      -15.99744949,                 1,    0.002859296832,  -0.0006377443384,                 0,                 0,                 0,   4.529806115e-06,    0.002859296832,  -0.0006377443384,                 0,     -0.2230423688
          0,           0,        2025,       -13.6307574,      -11.83237049,      -13.23649115,      -15.99983515,                 1,    0.002859296817,  -0.0006377443609,                 0,                 0,                 0,   4.529779062e-06,    0.002859296817,  -0.0006377443609,                 0,     -0.2230423778
          0,           0,        2026,      -13.63413706,      -11.83435469,       -13.2400369,       -16.0022149,                 1,    0.002859296801,  -0.0006377443831,                 0,                 0,                 0,   4.529752236e-06,    0.002859296801,  -0.0006377443831,                 0,     -0.2230423868
          0,           0,        2027,      -13.63751458,       -11.8363362,      -13.24358136,      -16.00458873,                 1,    0.002859296786,  -0.0006377444051,                 0,                 0,                 0,   4.529725635e-06,    0.002859296786,  -0.0006377444051,                 0,     -0.2230423956
          0,           0,        2028,      -13.64088921,      -11.83831507,      -13.24712429,      -16.00695662,                 1,    0.002859296771,  -0.0006377444269,                 0,                 0,                 0,   4.529699258e-06,    0.002859296771,  -0.0006377444269,                 0,     -0.2230424044
          0,           0,        2029,      -13.64426018,       -11.8402913,      -13.25066546,      -16.00931847,                 1,    0.002859296756,  -0.0006377444484,                 0,                 0,                 0,   4.529673103e-06,    0.002859296756,  -0.0006377444484,                 0,     -0.2230424132
          0,           0,        2030,      -13.64762966,      -11.84226492,      -13.25420524,      -16.01167406,                 1,    0.002859296741,  -0.0006377444698,                 0,                 0,                 0,   4.529647168e-06,    0.002859296741,  -0.0006377444698,                 0,     -0.2230424218
          0,           0,        2031,      -13.65099812,      -11.84423596,      -13.25774393,      -16.01402307,                 1,    0.002859296726,  -0.0006377444909,                 0,                 0,                 0,    4.52962145e-06,    0.002859296726,  -0.0006377444909,                 0,     -0.2230424303
          0,           0,        2032,       -13.6543624,      -11.84620445,      -13.26128067,      -16.01636506,                 1,    0.002859296712,  -0.0006377445119,                 0,                 0,                 0,   4.529595949e-06,    0.002859296712,  -0.0006377445119,                 0,     -0.2230424388
          0,           0,        2033,      -13.65772484,      -11.84817039,        -13.264816,      -16.01869963,                 1,    0.002859296697,  -0.0006377445326,                 0,                 0,                 0,   4.529570662e-06,    0.002859296697,  -0.0006377445326,                 0,     -0.2230424472
          0,           0,        2034,      -13.66108271,      -11.85013382,      -13.26834936,      -16.02102723,                 1,    0.002859296682,  -0.0006377445531,                 0,                 0,                 0,   4.529545587e-06,    0.002859296682,  -0.0006377445531,                 0,     -0.2230424555
          0,           0,        2035,      -13.66443874,      -11.85209475,      -13.27188043,      -16.02335101,                 1,    0.002859296668,  -0.0006377445735,                 0,                 0,                 0,   4.529520724e-06,    0.002859296668,  -0.0006377445735,                 0,     -0.2230424638
          0,           0,        2036,      -13.66779315,       -11.8540532,      -13.27541113,      -16.02567419,                 1,    0.002859296653,  -0.0006377445936,                 0,                 0,                 0,   4.529496069e-06,    0.002859296653,  -0.0006377445936,                 0,     -0.2230424719
          0,           0,        2037,      -13.67114533,      -11.85600919,       -13.2789406,      -16.02799507,                 1,    0.002859296639,  -0.0006377446135,                 0,                 0,                 0,   4.529471622e-06,    0.002859296639,  -0.0006377446135,                 0,       -0.22304248
          0,           0,        2038,      -13.67449414,      -11.85796275,      -13.28246765,      -16.03031142,                 1,    0.002859296625,  -0.0006377446332,                 0,                 0,                 0,   4.529447381e-06,    0.002859296625,  -0.0006377446332,                 0,      -0.223042488
          0,           0,        2039,       -13.6778402,      -11.85991388,      -13.28599269,      -16.03262258,                 1,    0.002859296611,  -0.0006377446528,                 0,                 0,                 0,   4.529423343e-06,    0.002859296611,  -0.0006377446528,                 0,      -0.223042496
          0,           0,        2040,      -13.68118312,      -11.86186261,      -13.28951639,      -16.03492842,                 1,    0.002859296596,  -0.0006377446721,                 0,                 0,                 0,   4.529399508e-06,    0.002859296596,  -0.0006377446721,                 0,     -0.2230425038
          0,           0,        2041,       -13.6845236,      -11.86380895,      -13.29303826,      -16.03722905,                 1,    0.002859296582,  -0.0006377446913,                 0,                 0,                 0,   4.529375873e-06,    0.002859296582,  -0.0006377446913,                 0,     -0.2230425116
          0,           0,        2042,      -13.68786095,      -11.86575293,      -13.29655872,      -16.03952557,                 1,    0.002859296568,  -0.0006377447102,                 0,                 0,                 0,   4.529352437e-06,    0.002859296568,  -0.0006377447102,                 0,     -0.2230425194
          0,           0,        2043,      -13.69119631,      -11.86769455,      -13.30007702,      -16.04181904,                 1,    0.002859296555,   -0.000637744729,                 0,                 0,                 0,   4.529329198e-06,    0.002859296555,   -0.000637744729,                 0,      -0.223042527
          0,           0,        2044,      -13.69452922,      -11.86963384,      -13.30359351,      -16.04410768,                 1,    0.002859296541,  -0.0006377447475,                 0,                 0,                 0,   4.529306154e-06,    0.002859296541,  -0.0006377447475,                 0,     -0.2230425346
          0,           0,        2045,      -13.69785892,      -11.87157081,      -13.30710815,      -16.04639036,                 1,    0.002859296527,  -0.0006377447659,                 0,                 0,                 0,   4.529283304e-06,    0.002859296527,  -0.0006377447659,                 0,     -0.2230425421
          0,           0,        2046,      -13.70118333,      -11.87350548,      -13.31062084,      -16.04866709,                 1,    0.002859296513,  -0.0006377447841,                 0,                 0,                 0,   4.529260647e-06,    0.002859296513,  -0.0006377447841,                 0,     -0.2230425495
          0,           0,        2047,      -13.70450583,      -11.87543786,      -13.31413021,      -16.05093809,                 1,      0.0028592965,  -0.0006377448022,                 0,                 0,                 0,    4.52923818e-06,      0.0028592965,  -0.0006377448022,                 0,     -0.2230425569
          0,           0,        2048,      -13.70782881,      -11.87736798,      -13.31764032,      -16.05320351,                 1,    0.002859296486,    -0.00063774482,                 0,                 0,                 0,   4.529215902e-06,    0.002859296486,    -0.00063774482,                 0,     -0.2230425642
          0,           0,        2049,      -13.71114455,      -11.87929585,      -13.32114688,      -16.05546344,                 1,    0.002859296473,  -0.0006377448377,                 0,                 0,                 0,   4.529193812e-06,    0.002859296473,  -0.0006377448377,                 0,     -0.2230425714
          0,           0,        2050,      -13.71445983,      -11.88122148,      -13.32465199,      -16.05771795,                 1,    0.002859296459,  -0.0006377448552,                 0,                 0,                 0,   4.529171908e-06,    0.002859296459,  -0.0006377448552,                 0,     -0.2230425785
          0,           0,        2051,      -13.71777224,       -11.8831449,      -13.32815505,      -16.05996727,                 1,    0.002859296446,  -0.0006377448725,                 0,                 0,                 0,   4.529150188e-06,    0.002859296446,  -0.0006377448725,                 0,     -0.2230425856
          0,           0,        2052,       -13.7210793,      -11.88506612,      -13.33165566,      -16.06221179,                 1,    0.002859296433,  -0.0006377448896,                 0,                 0,                 0,   4.529128652e-06,    0.002859296433,  -0.0006377448896,                 0,     -0.2230425927
          0,           0,        2053,      -13.72438605,      -11.88698515,      -13.33515525,      -16.06445181,                 1,     0.00285929642,  -0.0006377449065,                 0,                 0,                 0,   4.529107296e-06,     0.00285929642,  -0.0006377449065,                 0,     -0.2230425996
          0,           0,        2054,      -13.72768874,      -11.88890202,      -13.33865209,      -16.06668731,                 1,    0.002859296407,  -0.0006377449233,                 0,                 0,                 0,    4.52908612e-06,    0.002859296407,  -0.0006377449233,                 0,     -0.2230426065
          0,           0,        2055,      -13.73098821,      -11.89081674,      -13.34214681,      -16.06891831,                 1,    0.002859296394,    -0.00063774494,                 0,                 0,                 0,   4.529065122e-06,    0.002859296394,    -0.00063774494,                 0,     -0.2230426133
          0,           0,        2056,      -13.73428434,      -11.89272934,      -13.34563956,      -16.07114487,                 1,    0.002859296381,  -0.0006377449564,                 0,                 0,                 0,   4.529044302e-06,    0.002859296381,  -0.0006377449564,                 0,     -0.2230426201
          0,           0,        2057,      -13.73757869,      -11.89463982,      -13.34913073,      -16.07336685,                 1,    0.002859296368,  -0.0006377449727,                 0,                 0,                 0,   4.529023656e-06,    0.002859296368,  -0.0006377449727,                 0,     -0.2230426268
          0,           0,        2058,      -13.74086954,       -11.8965482,      -13.35262046,      -16.07558411,                 1,    0.002859296355,  -0.0006377449888,                 0,                 0,                 0,   4.529003185e-06,    0.002859296355,  -0.0006377449888,                 0,     -0.2230426334
          0,           0,        2059,      -13.74415676,       -11.8984545,      -13.35610716,      -16.07779712,                 1,    0.002859296342,  -0.0006377450047,                 0,                 0,                 0,   4.528982886e-06,    0.002859296342,  -0.0006377450047,                 0,       -0.22304264
          0,           0,        2060,      -13.74743886,      -11.90035875,      -13.35959048,      -16.08000734,                 1,     0.00285929633,  -0.0006377450205,                 0,                 0,                 0,   4.528962758e-06,     0.00285929633,  -0.0006377450205,                 0,     -0.2230426465
          0,           0,        2061,      -13.75071999,      -11.90226096,      -13.36307238,       -16.0822164,                 1,    0.002859296317,  -0.0006377450362,                 0,                 0,                 0,   4.528942799e-06,    0.002859296317,  -0.0006377450362,                 0,      -0.223042653
          0,           0,        2062,      -13.75399894,      -11.90416114,      -13.36655293,      -16.08442439,                 1,    0.002859296305,  -0.0006377450516,                 0,                 0,                 0,   4.528923009e-06,    0.002859296305,  -0.0006377450516,                 0,     -0.2230426593
          0,           0,        2063,      -13.75727304,      -11.90605932,      -13.37003032,      -16.08663026,                 1,    0.002859296292,  -0.0006377450669,                 0,                 0,                 0,   4.528903385e-06,    0.002859296292,  -0.0006377450669,                 0,     -0.2230426657
          0,           0,        2064,      -13.76054347,       -11.9079555,       -13.3735065,      -16.08883289,                 1,     0.00285929628,  -0.0006377450821,                 0,                 0,                 0,   4.528883927e-06,     0.00285929628,  -0.0006377450821,                 0,     -0.2230426719
          0,           0,        2065,      -13.76381145,      -11.90984973,      -13.37698011,      -16.09103027,                 1,    0.002859296267,  -0.0006377450971,                 0,                 0,                 0,   4.528864633e-06,    0.002859296267,  -0.0006377450971,                 0,     -0.2230426781
          0,           0,        2066,      -13.76707808,        -11.911742,      -13.38045226,      -16.09322135,                 1,    0.002859296255,  -0.0006377451119,                 0,                 0,                 0,   4.528845502e-06,    0.002859296255,  -0.0006377451119,                 0,     -0.2230426843
          0,           0,        2067,      -13.77034023,      -11.91363234,      -13.38392139,      -16.09540612,                 1,    0.002859296243,  -0.0006377451266,                 0,                 0,                 0,   4.528826532e-06,    0.002859296243,  -0.0006377451266,                 0,     -0.2230426904
          0,           0,        2068,       -13.7735975,      -11.91552077,      -13.38738772,      -16.09758478,                 1,    0.002859296231,  -0.0006377451411,                 0,                 0,                 0,   4.528807721e-06,    0.002859296231,  -0.0006377451411,                 0,     -0.2230426964
          0,           0,        2069,      -13.77685265,      -11.91740731,      -13.39085251,      -16.09975758,                 1,    0.002859296219,  -0.0006377451555,                 0,                 0,                 0,   4.528789069e-06,    0.002859296219,  -0.0006377451555,                 0,     -0.2230427024
          0,           0,        2070,      -13.78010436,      -11.91929197,      -13.39431484,       -16.1019247,                 1,    0.002859296207,  -0.0006377451698,                 0,                 0,                 0,   4.528770575e-06,    0.002859296207,  -0.0006377451698,                 0,     -0.2230427083
          0,           0,        2071,      -13.78335376,      -11.92117479,      -13.39777551,      -16.10408626,                 1,    0.002859296195,  -0.0006377451838,                 0,                 0,                 0,   4.528752236e-06,    0.002859296195,  -0.0006377451838,                 0,     -0.2230427142
          0,           0,        2072,      -13.78659826,      -11.92305576,       -13.4012334,      -16.10624234,                 1,    0.002859296183,  -0.0006377451978,                 0,                 0,                 0,   4.528734052e-06,    0.002859296183,  -0.0006377451978,                 0,       -0.22304272
          0,           0,        2073,      -13.78984082,      -11.92493492,      -13.40468837,      -16.10839318,                 1,    0.002859296171,  -0.0006377452116,                 0,                 0,                 0,   4.528716022e-06,    0.002859296171,  -0.0006377452116,                 0,     -0.2230427257
          0,           0,        2074,      -13.79307982,      -11.92681229,      -13.40814184,      -16.11053917,                 1,    0.002859296159,  -0.0006377452252,                 0,                 0,                 0,   4.528698143e-06,    0.002859296159,  -0.0006377452252,                 0,     -0.2230427314
          0,           0,        2075,      -13.79631362,      -11.92868788,      -13.41159212,      -16.11268038,                 1,    0.002859296148,  -0.0006377452387,                 0,                 0,                 0,   4.528680416e-06,    0.002859296148,  -0.0006377452387,                 0,      -0.223042737
          0,           0,        2076,      -13.79954491,      -11.93056172,       -13.4150405,      -16.11481662,                 1,    0.002859296136,  -0.0006377452521,                 0,                 0,                 0,   4.528662838e-06,    0.002859296136,  -0.0006377452521,                 0,     -0.2230427426
          0,           0,        2077,      -13.80277476,      -11.93243382,      -13.41848732,      -16.11694784,                 1,    0.002859296124,  -0.0006377452654,                 0,                 0,                 0,   4.528645408e-06,    0.002859296124,  -0.0006377452654,                 0,     -0.2230427482
          0,           0,        2078,      -13.80600093,      -11.93430421,       -13.4219316,      -16.11907407,                 1,    0.002859296113,  -0.0006377452784,                 0,                 0,                 0,   4.528628125e-06,    0.002859296113,  -0.0006377452784,                 0,     -0.2230427536
          0,           0,        2079,       -13.8092224,       -11.9361729,      -13.42537264,      -16.12119535,                 1,    0.002859296101,  -0.0006377452914,                 0,                 0,                 0,   4.528610989e-06,    0.002859296101,  -0.0006377452914,                 0,     -0.2230427591
          0,           0,        2080,      -13.81244035,      -11.93803992,       -13.4288115,      -16.12331185,                 1,     0.00285929609,  -0.0006377453042,                 0,                 0,                 0,   4.528593996e-06,     0.00285929609,  -0.0006377453042,                 0,     -0.2230427644
          0,           0,        2081,      -13.81565411,      -11.93990529,       -13.4322481,       -16.1254239,                 1,    0.002859296079,  -0.0006377453169,                 0,                 0,                 0,   4.528577147e-06,    0.002859296079,  -0.0006377453169,                 0,     -0.2230427697
          0,           0,        2082,      -13.81886517,      -11.94176903,      -13.43568187,       -16.1275321,                 1,    0.002859296067,  -0.0006377453295,                 0,                 0,                 0,   4.528560441e-06,    0.002859296067,  -0.0006377453295,                 0,      -0.223042775
          0,           0,        2083,      -13.82207432,      -11.94363116,        -13.439114,      -16.12963712,                 1,    0.002859296056,  -0.0006377453419,                 0,                 0,                 0,   4.528543875e-06,    0.002859296056,  -0.0006377453419,                 0,     -0.2230427802
          0,           0,        2084,      -13.82528076,       -11.9454917,      -13.44254463,       -16.1317394,                 1,    0.002859296045,  -0.0006377453542,                 0,                 0,                 0,   4.528527449e-06,    0.002859296045,  -0.0006377453542,                 0,     -0.2230427854
          0,           0,        2085,      -13.82847835,      -11.94735067,      -13.44597034,      -16.13383865,                 1,    0.002859296034,  -0.0006377453663,                 0,                 0,                 0,   4.528511162e-06,    0.002859296034,  -0.0006377453663,                 0,     -0.2230427905
          0,           0,        2086,      -13.83167711,       -11.9492081,      -13.44939431,      -16.13593401,                 1,    0.002859296023,  -0.0006377453783,                 0,                 0,                 0,   4.528495013e-06,    0.002859296023,  -0.0006377453783,                 0,     -0.2230427956
          0,           0,        2087,      -13.83487148,      -11.95106401,        -13.452817,      -16.13802499,                 1,    0.002859296012,  -0.0006377453903,                 0,                 0,                 0,   4.528478999e-06,    0.002859296012,  -0.0006377453903,                 0,     -0.2230428006
          0,           0,        2088,      -13.83806017,      -11.95291841,      -13.45623518,       -16.1401113,                 1,    0.002859296001,   -0.000637745402,                 0,                 0,                 0,   4.528463121e-06,    0.002859296001,   -0.000637745402,                 0,     -0.2230428056
          0,           0,        2089,      -13.84124931,      -11.95477133,      -13.45965315,      -16.14219282,                 1,     0.00285929599,  -0.0006377454137,                 0,                 0,                 0,   4.528447377e-06,     0.00285929599,  -0.0006377454137,                 0,     -0.2230428105
          0,           0,        2090,       -13.8444322,      -11.95662279,      -13.46306759,       -16.1442696,                 1,    0.002859295979,  -0.0006377454252,                 0,                 0,                 0,   4.528431766e-06,    0.002859295979,  -0.0006377454252,                 0,     -0.2230428154
          0,           0,        2091,      -13.84761132,      -11.95847282,      -13.46647853,      -16.14634167,                 1,    0.002859295968,  -0.0006377454366,                 0,                 0,                 0,   4.528416287e-06,    0.002859295968,  -0.0006377454366,                 0,     -0.2230428202
          0,           0,        2092,      -13.85078748,      -11.96032143,      -13.46988692,      -16.14840905,                 1,    0.002859295958,  -0.0006377454479,                 0,                 0,                 0,   4.528400938e-06,    0.002859295958,  -0.0006377454479,                 0,      -0.223042825
          0,           0,        2093,      -13.85395873,      -11.96216864,      -13.47329454,      -16.15047185,                 1,    0.002859295947,   -0.000637745459,                 0,                 0,                 0,   4.528385719e-06,    0.002859295947,   -0.000637745459,                 0,     -0.2230428297
          0,           0,        2094,        -13.857128,      -11.96401447,      -13.47669817,      -16.15253033,                 1,    0.002859295937,  -0.0006377454701,                 0,                 0,                 0,   4.528370629e-06,    0.002859295937,  -0.0006377454701,                 0,     -0.2230428344
          0,           0,        2095,      -13.86029606,      -11.96585895,      -13.48009975,       -16.1545849,                 1,    0.002859295926,   -0.000637745481,                 0,                 0,                 0,   4.528355666e-06,    0.002859295926,   -0.000637745481,                 0,      -0.223042839
          0,           0,        2096,      -13.86345617,       -11.9677021,      -13.48349792,      -16.15663586,                 1,    0.002859295916,  -0.0006377454918,                 0,                 0,                 0,   4.528340829e-06,    0.002859295916,  -0.0006377454918,                 0,     -0.2230428436
          0,           0,        2097,      -13.86661182,      -11.96954393,      -13.48689374,      -16.15868301,                 1,    0.002859295905,  -0.0006377455025,                 0,                 0,                 0,   4.528326118e-06,    0.002859295905,  -0.0006377455025,                 0,     -0.2230428482
          0,           0,        2098,       -13.8697673,      -11.97138446,       -13.4902869,      -16.16072576,                 1,    0.002859295895,  -0.0006377455131,                 0,                 0,                 0,   4.528311531e-06,    0.002859295895,  -0.0006377455131,                 0,     -0.2230428527
          0,           0,        2099,      -13.87292051,      -11.97322371,      -13.49367889,       -16.1627636,                 1,    0.002859295884,  -0.0006377455235,                 0,                 0,                 0,   4.528297067e-06,    0.002859295884,  -0.0006377455235,                 0,     -0.2230428572
          0,           0,        2100,      -13.87606782,       -11.9750617,       -13.4970669,       -16.1647962,                 1,    0.002859295874,  -0.0006377455339,                 0,                 0,                 0,   4.528282726e-06,    0.002859295874,  -0.0006377455339,                 0,     -0.2230428616
          0,           0,        2101,      -13.87920873,      -11.97689845,      -13.50045216,      -16.16682327,                 1,    0.002859295864,  -0.0006377455441,                 0,                 0,                 0,   4.528268505e-06,    0.002859295864,  -0.0006377455441,                 0,      -0.223042866
          0,           0,        2102,      -13.88234825,      -11.97873398,      -13.50383407,      -16.16884445,                 1,    0.002859295854,  -0.0006377455542,                 0,                 0,                 0,   4.528254405e-06,    0.002859295854,  -0.0006377455542,                 0,     -0.2230428703
          0,           0,        2103,      -13.88548333,       -11.9805683,      -13.50721222,      -16.17085945,                 1,    0.002859295844,  -0.0006377455642,                 0,                 0,                 0,   4.528240424e-06,    0.002859295844,  -0.0006377455642,                 0,     -0.2230428746
          0,           0,        2104,      -13.88861489,      -11.98240142,      -13.51058965,      -16.17286828,                 1,    0.002859295834,  -0.0006377455741,                 0,                 0,                 0,   4.528226561e-06,    0.002859295834,  -0.0006377455741,                 0,     -0.2230428788
          0,           0,        2105,      -13.89174321,      -11.98423337,      -13.51396327,      -16.17487118,                 1,    0.002859295824,  -0.0006377455839,                 0,                 0,                 0,   4.528212815e-06,    0.002859295824,  -0.0006377455839,                 0,      -0.223042883
          0,           0,        2106,      -13.89486956,      -11.98606417,      -13.51733522,      -16.17686824,                 1,    0.002859295814,  -0.0006377455936,                 0,                 0,                 0,   4.528199185e-06,    0.002859295814,  -0.0006377455936,                 0,     -0.2230428872
          0,           0,        2107,      -13.89798717,      -11.98789381,      -13.52070334,      -16.17886055,                 1,    0.002859295804,  -0.0006377456032,                 0,                 0,                 0,    4.52818567e-06,    0.002859295804,  -0.0006377456032,                 0,     -0.2230428913
          0,           0,        2108,      -13.90110442,      -11.98972233,      -13.52406908,      -16.18085173,                 1,    0.002859295794,  -0.0006377456126,                 0,                 0,                 0,    4.52817227e-06,    0.002859295794,  -0.0006377456126,                 0,     -0.2230428954
          0,           0,        2109,      -13.90422218,      -11.99154973,      -13.52743363,      -16.18284413,                 1,    0.002859295784,   -0.000637745622,                 0,                 0,                 0,   4.528158983e-06,    0.002859295784,   -0.000637745622,                 0,     -0.2230428994
          0,           0,        2110,      -13.90732704,      -11.99337603,      -13.53079308,      -16.18483585,                 1,    0.002859295774,  -0.0006377456313,                 0,                 0,                 0,   4.528145808e-06,    0.002859295774,  -0.0006377456313,                 0,     -0.2230429034
          0,           0,        2111,      -13.91043302,      -11.99520124,      -13.53415029,      -16.18682458,                 1,    0.002859295764,  -0.0006377456404,                 0,                 0,                 0,   4.528132745e-06,    0.002859295764,  -0.0006377456404,                 0,     -0.2230429074
          0,           0,        2112,      -13.91353815,      -11.99702539,      -13.53750576,      -16.18880938,                 1,    0.002859295755,  -0.0006377456495,                 0,                 0,                 0,   4.528119791e-06,    0.002859295755,  -0.0006377456495,                 0,     -0.2230429113
          0,           0,        2113,      -13.91663461,      -11.99884847,      -13.54085601,      -16.19078987,                 1,    0.002859295745,  -0.0006377456584,                 0,                 0,                 0,   4.528106948e-06,    0.002859295745,  -0.0006377456584,                 0,     -0.2230429152
          0,           0,        2114,      -13.91972516,      -12.00067051,        -13.544204,      -16.19276586,                 1,    0.002859295736,  -0.0006377456673,                 0,                 0,                 0,   4.528094213e-06,    0.002859295736,  -0.0006377456673,                 0,     -0.2230429191
          0,           0,        2115,      -13.92281633,      -12.00249151,      -13.54754897,      -16.19473727,                 1,    0.002859295726,  -0.0006377456761,                 0,                 0,                 0,   4.528081585e-06,    0.002859295726,  -0.0006377456761,                 0,     -0.2230429229
          0,           0,        2116,        -13.925901,       -12.0043115,      -13.55089104,      -16.19670416,                 1,    0.002859295717,  -0.0006377456847,                 0,                 0,                 0,   4.528069064e-06,    0.002859295717,  -0.0006377456847,                 0,     -0.2230429266
          0,           0,        2117,      -13.92898124,      -12.00613048,      -13.55422939,      -16.19866663,                 1,    0.002859295707,  -0.0006377456933,                 0,                 0,                 0,   4.528056649e-06,    0.002859295707,  -0.0006377456933,                 0,     -0.2230429304
          0,           0,        2118,       -13.9320625,      -12.00794847,      -13.55756616,      -16.20062458,                 1,    0.002859295698,  -0.0006377457017,                 0,                 0,                 0,   4.528044339e-06,    0.002859295698,  -0.0006377457017,                 0,      -0.223042934
          0,           0,        2119,      -13.93513733,      -12.00976548,      -13.56089956,      -16.20257798,                 1,    0.002859295688,  -0.0006377457101,                 0,                 0,                 0,   4.528032134e-06,    0.002859295688,  -0.0006377457101,                 0,     -0.2230429377
          0,           0,        2120,      -13.93820262,      -12.01158152,      -13.56422849,      -16.20452689,                 1,    0.002859295679,  -0.0006377457184,                 0,                 0,                 0,   4.528020031e-06,    0.002859295679,  -0.0006377457184,                 0,     -0.2230429413
          0,           0,        2121,      -13.94126683,      -12.01339661,      -13.56755317,      -16.20647147,                 1,     0.00285929567,  -0.0006377457266,                 0,                 0,                 0,   4.528008031e-06,     0.00285929567,  -0.0006377457266,                 0,     -0.2230429449
          0,           0,        2122,      -13.94433154,      -12.01521076,      -13.57087711,      -16.20841178,                 1,    0.002859295661,  -0.0006377457347,                 0,                 0,                 0,   4.527996132e-06,    0.002859295661,  -0.0006377457347,                 0,     -0.2230429485
          0,           0,        2123,      -13.94739019,      -12.01702398,      -13.57419852,      -16.21034778,                 1,    0.002859295652,  -0.0006377457427,                 0,                 0,                 0,   4.527984334e-06,    0.002859295652,  -0.0006377457427,                 0,      -0.223042952
          0,           0,        2124,       -13.9504386,      -12.01883629,       -13.5775144,      -16.21227927,                 1,    0.002859295642,  -0.0006377457506,                 0,                 0,                 0,   4.527972635e-06,    0.002859295642,  -0.0006377457506,                 0,     -0.2230429554
          0,           0,        2125,      -13.95348792,      -12.02064769,      -13.58082772,       -16.2142062,                 1,    0.002859295633,  -0.0006377457584,                 0,                 0,                 0,   4.527961036e-06,    0.002859295633,  -0.0006377457584,                 0,     -0.2230429589
          0,           0,        2126,      -13.95653544,      -12.02245822,      -13.58413887,      -16.21612871,                 1,    0.002859295624,  -0.0006377457661,                 0,                 0,                 0,   4.527949535e-06,    0.002859295624,  -0.0006377457661,                 0,     -0.2230429623
          0,           0,        2127,      -13.95957681,      -12.02426785,      -13.58744775,      -16.21804704,                 1,    0.002859295615,  -0.0006377457737,                 0,                 0,                 0,   4.527938131e-06,    0.002859295615,  -0.0006377457737,                 0,     -0.2230429657
          0,           0,        2128,      -13.96261545,      -12.02607663,      -13.59075246,      -16.21996131,                 1,    0.002859295607,  -0.0006377457813,                 0,                 0,                 0,   4.527926823e-06,    0.002859295607,  -0.0006377457813,                 0,      -0.223042969
          0,           0,        2129,      -13.96564827,      -12.02788455,      -13.59405389,      -16.22187172,                 1,    0.002859295598,  -0.0006377457888,                 0,                 0,                 0,   4.527915611e-06,    0.002859295598,  -0.0006377457888,                 0,     -0.2230429723
          0,           0,        2130,      -13.96867485,      -12.02969163,      -13.59735081,       -16.2237787,                 1,    0.002859295589,  -0.0006377457961,                 0,                 0,                 0,   4.527904494e-06,    0.002859295589,  -0.0006377457961,                 0,     -0.2230429756
          0,           0,        2131,      -13.97169608,      -12.03149788,      -13.60064387,      -16.22568269,                 1,     0.00285929558,  -0.0006377458034,                 0,                 0,                 0,   4.527893471e-06,     0.00285929558,  -0.0006377458034,                 0,     -0.2230429788
          0,           0,        2132,      -13.97471836,      -12.03330331,      -13.60393493,      -16.22758372,                 1,    0.002859295571,  -0.0006377458106,                 0,                 0,                 0,   4.527882542e-06,    0.002859295571,  -0.0006377458106,                 0,      -0.223042982
          0,           0,        2133,      -13.97773636,      -12.03510793,      -13.60722366,      -16.22948137,                 1,    0.002859295563,  -0.0006377458177,                 0,                 0,                 0,   4.527871705e-06,    0.002859295563,  -0.0006377458177,                 0,     -0.2230429852
          0,           0,        2134,      -13.98074789,      -12.03691175,      -13.61050765,      -16.23137535,                 1,    0.002859295554,  -0.0006377458248,                 0,                 0,                 0,    4.52786096e-06,    0.002859295554,  -0.0006377458248,                 0,     -0.2230429883
          0,           0,        2135,      -13.98375161,      -12.03871478,      -13.61378842,      -16.23326555,                 1,    0.002859295545,  -0.0006377458317,                 0,                 0,                 0,   4.527850305e-06,    0.002859295545,  -0.0006377458317,                 0,     -0.2230429914
          0,           0,        2136,      -13.98675336,      -12.04051704,      -13.61706405,      -16.23515198,                 1,    0.002859295537,  -0.0006377458386,                 0,                 0,                 0,   4.527839741e-06,    0.002859295537,  -0.0006377458386,                 0,     -0.2230429945
          0,           0,        2137,      -13.98975454,      -12.04231853,      -13.62033901,      -16.23703459,                 1,    0.002859295528,  -0.0006377458454,                 0,                 0,                 0,   4.527829267e-06,    0.002859295528,  -0.0006377458454,                 0,     -0.2230429975
          0,           0,        2138,      -13.99275069,      -12.04411925,       -13.6236111,      -16.23891333,                 1,     0.00285929552,  -0.0006377458521,                 0,                 0,                 0,   4.527818881e-06,     0.00285929552,  -0.0006377458521,                 0,     -0.2230430005
          0,           0,        2139,      -13.99573752,      -12.04591923,      -13.62687684,      -16.24078811,                 1,    0.002859295511,  -0.0006377458587,                 0,                 0,                 0,   4.527808583e-06,    0.002859295511,  -0.0006377458587,                 0,     -0.2230430035
          0,           0,        2140,      -13.99872294,      -12.04771847,      -13.63014022,      -16.24265879,                 1,    0.002859295503,  -0.0006377458653,                 0,                 0,                 0,   4.527798373e-06,    0.002859295503,  -0.0006377458653,                 0,     -0.2230430065
          0,           0,        2141,      -14.00170461,      -12.04951698,      -13.63339979,      -16.24452522,                 1,    0.002859295494,  -0.0006377458718,                 0,                 0,                 0,   4.527788248e-06,    0.002859295494,  -0.0006377458718,                 0,     -0.2230430094
          0,           0,        2142,      -14.00468024,      -12.05131476,       -13.6366571,       -16.2463873,                 1,    0.002859295486,  -0.0006377458782,                 0,                 0,                 0,    4.52777821e-06,    0.002859295486,  -0.0006377458782,                 0,     -0.2230430123
          0,           0,        2143,      -14.00765362,      -12.05311183,      -13.63990865,      -16.24824499,                 1,    0.002859295478,  -0.0006377458845,                 0,                 0,                 0,   4.527768257e-06,    0.002859295478,  -0.0006377458845,                 0,     -0.2230430151
          0,           0,        2144,      -14.01062096,      -12.05490819,      -13.64315788,      -16.25009836,                 1,     0.00285929547,  -0.0006377458907,                 0,                 0,                 0,   4.527758388e-06,     0.00285929547,  -0.0006377458907,                 0,      -0.223043018
          0,           0,        2145,      -14.01358518,      -12.05670386,      -13.64640312,      -16.25194767,                 1,    0.002859295461,  -0.0006377458969,                 0,                 0,                 0,   4.527748602e-06,    0.002859295461,  -0.0006377458969,                 0,     -0.2230430207
          0,           0,        2146,      -14.01654299,      -12.05849882,      -13.64964468,      -16.25379345,                 1,    0.002859295453,   -0.000637745903,                 0,                 0,                 0,     4.5277389e-06,    0.002859295453,   -0.000637745903,                 0,     -0.2230430235
          0,           0,        2147,      -14.01949601,      -12.06029311,      -13.65288253,      -16.25563644,                 1,    0.002859295445,   -0.000637745909,                 0,                 0,                 0,    4.52772928e-06,    0.002859295445,   -0.000637745909,                 0,     -0.2230430263
          0,           0,        2148,      -14.02244572,      -12.06208673,      -13.65611708,       -16.2574776,                 1,    0.002859295437,   -0.000637745915,                 0,                 0,                 0,   4.527719742e-06,    0.002859295437,   -0.000637745915,                 0,      -0.223043029
          0,           0,        2149,      -14.02539086,      -12.06387967,      -13.65934663,      -16.25931807,                 1,    0.002859295429,  -0.0006377459209,                 0,                 0,                 0,   4.527710284e-06,    0.002859295429,  -0.0006377459209,                 0,     -0.2230430317
          0,           0,        2150,      -14.02832925,      -12.06567195,      -13.66257194,      -16.26115912,                 1,    0.002859295421,  -0.0006377459267,                 0,                 0,                 0,   4.527700907e-06,    0.002859295421,  -0.0006377459267,                 0,     -0.2230430343
          0,           0,        2151,      -14.03126732,      -12.06746358,      -13.66579669,       -16.2630011,                 1,    0.002859295413,  -0.0006377459324,                 0,                 0,                 0,    4.52769161e-06,    0.002859295413,  -0.0006377459324,                 0,     -0.2230430369
          0,           0,        2152,      -14.03420187,      -12.06925456,      -13.66901656,      -16.26484236,                 1,    0.002859295405,  -0.0006377459381,                 0,                 0,                 0,   4.527682391e-06,    0.002859295405,  -0.0006377459381,                 0,     -0.2230430395
          0,           0,        2153,      -14.03712514,      -12.07104491,      -13.67223131,      -16.26668055,                 1,    0.002859295397,  -0.0006377459437,                 0,                 0,                 0,    4.52767325e-06,    0.002859295397,  -0.0006377459437,                 0,     -0.2230430421
          0,           0,        2154,      -14.04004546,      -12.07283461,      -13.67544274,      -16.26851408,                 1,    0.002859295389,  -0.0006377459492,                 0,                 0,                 0,   4.527664188e-06,    0.002859295389,  -0.0006377459492,                 0,     -0.2230430447
          0,           0,        2155,      -14.04296713,      -12.07462369,      -13.67865031,      -16.27034225,                 1,    0.002859295381,  -0.0006377459546,                 0,                 0,                 0,   4.527655202e-06,    0.002859295381,  -0.0006377459546,                 0,     -0.2230430472
          0,           0,        2156,      -14.04588123,      -12.07641215,      -13.68185438,      -16.27216492,                 1,    0.002859295374,    -0.00063774596,                 0,                 0,                 0,   4.527646292e-06,    0.002859295374,    -0.00063774596,                 0,     -0.2230430497
          0,           0,        2157,      -14.04878794,          -12.0782,      -13.68505402,      -16.27398221,                 1,    0.002859295366,  -0.0006377459654,                 0,                 0,                 0,   4.527637458e-06,    0.002859295366,  -0.0006377459654,                 0,     -0.2230430521
          0,           0,        2158,      -14.05169072,      -12.07998723,      -13.68825003,      -16.27579449,                 1,    0.002859295358,  -0.0006377459706,                 0,                 0,                 0,   4.527628699e-06,    0.002859295358,  -0.0006377459706,                 0,     -0.2230430546
          0,           0,        2159,      -14.05458943,      -12.08177387,      -13.69144102,      -16.27760239,                 1,     0.00285929535,  -0.0006377459758,                 0,                 0,                 0,   4.527620015e-06,     0.00285929535,  -0.0006377459758,                 0,      -0.223043057
          0,           0,        2160,      -14.05748377,       -12.0835599,      -13.69463037,      -16.27940653,                 1,    0.002859295343,  -0.0006377459809,                 0,                 0,                 0,   4.527611404e-06,    0.002859295343,  -0.0006377459809,                 0,     -0.2230430594
          0,           0,        2161,      -14.06037333,      -12.08534535,      -13.69781329,      -16.28120712,                 1,    0.002859295335,   -0.000637745986,                 0,                 0,                 0,   4.527602867e-06,    0.002859295335,   -0.000637745986,                 0,     -0.2230430617
          0,           0,        2162,       -14.0632614,      -12.08713022,      -13.70099464,      -16.28300386,                 1,    0.002859295328,   -0.000637745991,                 0,                 0,                 0,   4.527594402e-06,    0.002859295328,   -0.000637745991,                 0,     -0.2230430641
          0,           0,        2163,      -14.06613758,      -12.08891451,      -13.70416987,      -16.28479638,                 1,     0.00285929532,  -0.0006377459959,                 0,                 0,                 0,   4.527586009e-06,     0.00285929532,  -0.0006377459959,                 0,     -0.2230430664
          0,           0,        2164,      -14.06901018,      -12.09069823,      -13.70734049,       -16.2865845,                 1,    0.002859295313,  -0.0006377460008,                 0,                 0,                 0,   4.527577688e-06,    0.002859295313,  -0.0006377460008,                 0,     -0.2230430687
          0,           0,        2165,      -14.07188127,      -12.09248138,      -13.71050793,      -16.28836815,                 1,    0.002859295305,  -0.0006377460056,                 0,                 0,                 0,   4.527569437e-06,    0.002859295305,  -0.0006377460056,                 0,      -0.223043071
          0,           0,        2166,      -14.07474978,      -12.09426397,      -13.71367152,       -16.2901475,                 1,    0.002859295298,  -0.0006377460104,                 0,                 0,                 0,   4.527561257e-06,    0.002859295298,  -0.0006377460104,                 0,     -0.2230430732
          0,           0,        2167,       -14.0776069,      -12.09604602,        -13.716831,      -16.29192294,                 1,     0.00285929529,  -0.0006377460151,                 0,                 0,                 0,   4.527553146e-06,     0.00285929529,  -0.0006377460151,                 0,     -0.2230430754
          0,           0,        2168,      -14.08046218,      -12.09782752,       -13.7199858,      -16.29369471,                 1,    0.002859295283,  -0.0006377460197,                 0,                 0,                 0,   4.527545105e-06,    0.002859295283,  -0.0006377460197,                 0,     -0.2230430776
          0,           0,        2169,      -14.08331324,      -12.09960848,      -13.72313734,      -16.29546257,                 1,    0.002859295276,  -0.0006377460243,                 0,                 0,                 0,   4.527537132e-06,    0.002859295276,  -0.0006377460243,                 0,     -0.2230430798
          0,           0,        2170,      -14.08616134,      -12.10138891,      -13.72628471,      -16.29722616,                 1,    0.002859295268,  -0.0006377460288,                 0,                 0,                 0,   4.527529227e-06,    0.002859295268,  -0.0006377460288,                 0,     -0.2230430819
          0,           0,        2171,      -14.08900501,      -12.10316882,      -13.72942928,      -16.29898527,                 1,    0.002859295261,  -0.0006377460332,                 0,                 0,                 0,   4.527521389e-06,    0.002859295261,  -0.0006377460332,                 0,      -0.223043084
          0,           0,        2172,       -14.0918376,      -12.10494821,      -13.73256694,      -16.30073987,                 1,    0.002859295254,  -0.0006377460376,                 0,                 0,                 0,   4.527513618e-06,    0.002859295254,  -0.0006377460376,                 0,     -0.2230430861
          0,           0,        2173,      -14.09467038,       -12.1067271,      -13.73570211,      -16.30248963,                 1,    0.002859295247,   -0.000637746042,                 0,                 0,                 0,   4.527505913e-06,    0.002859295247,   -0.000637746042,                 0,     -0.2230430882
          0,           0,        2174,      -14.09749916,      -12.10850548,      -13.73883183,      -16.30423434,                 1,     0.00285929524,  -0.0006377460463,                 0,                 0,                 0,   4.527498274e-06,     0.00285929524,  -0.0006377460463,                 0,     -0.2230430903
          0,           0,        2175,      -14.10031921,      -12.11028337,      -13.74195653,      -16.30597372,                 1,    0.002859295233,  -0.0006377460505,                 0,                 0,                 0,     4.5274907e-06,    0.002859295233,  -0.0006377460505,                 0,     -0.2230430923
          0,           0,        2176,      -14.10313372,      -12.11206078,      -13.74507945,      -16.30770744,                 1,    0.002859295225,  -0.0006377460547,                 0,                 0,                 0,   4.527483191e-06,    0.002859295225,  -0.0006377460547,                 0,     -0.2230430943
          0,           0,        2177,      -14.10594666,      -12.11383772,      -13.74819627,      -16.30943519,                 1,    0.002859295218,  -0.0006377460588,                 0,                 0,                 0,   4.527475746e-06,    0.002859295218,  -0.0006377460588,                 0,     -0.2230430963
          0,           0,        2178,      -14.10875642,      -12.11561418,       -13.7513109,       -16.3111568,                 1,    0.002859295211,  -0.0006377460628,                 0,                 0,                 0,   4.527468364e-06,    0.002859295211,  -0.0006377460628,                 0,     -0.2230430983
          0,           0,        2179,      -14.11155955,      -12.11739019,      -13.75442282,      -16.31287256,                 1,    0.002859295204,  -0.0006377460668,                 0,                 0,                 0,   4.527461046e-06,    0.002859295204,  -0.0006377460668,                 0,     -0.2230431002
          0,           0,        2180,      -14.11435243,      -12.11916576,       -13.7575245,      -16.31458407,                 1,    0.002859295197,  -0.0006377460708,                 0,                 0,                 0,    4.52745379e-06,    0.002859295197,  -0.0006377460708,                 0,     -0.2230431021
          0,           0,        2181,      -14.11714525,      -12.12094088,      -13.76062405,      -16.31629435,                 1,    0.002859295191,  -0.0006377460747,                 0,                 0,                 0,   4.527446596e-06,    0.002859295191,  -0.0006377460747,                 0,     -0.2230431041
          0,           0,        2182,      -14.11993599,      -12.12271558,       -13.7637204,      -16.31800576,                 1,    0.002859295184,  -0.0006377460786,                 0,                 0,                 0,   4.527439464e-06,    0.002859295184,  -0.0006377460786,                 0,     -0.2230431059
          0,           0,        2183,      -14.12271247,      -12.12448986,      -13.76681252,      -16.31971786,                 1,    0.002859295177,  -0.0006377460824,                 0,                 0,                 0,   4.527432392e-06,    0.002859295177,  -0.0006377460824,                 0,     -0.2230431078
          0,           0,        2184,      -14.12549153,      -12.12626373,      -13.76989841,      -16.32142895,                 1,     0.00285929517,  -0.0006377460861,                 0,                 0,                 0,   4.527425381e-06,     0.00285929517,  -0.0006377460861,                 0,     -0.2230431096
          0,           0,        2185,      -14.12827107,      -12.12803721,      -13.77298398,      -16.32313786,                 1,    0.002859295163,  -0.0006377460898,                 0,                 0,                 0,    4.52741843e-06,    0.002859295163,  -0.0006377460898,                 0,     -0.2230431115
          0,           0,        2186,      -14.13103819,      -12.12981029,      -13.77606421,      -16.32484434,                 1,    0.002859295156,  -0.0006377460934,                 0,                 0,                 0,   4.527411539e-06,    0.002859295156,  -0.0006377460934,                 0,     -0.2230431133
          0,           0,        2187,      -14.13379297,        -12.131583,      -13.77913778,      -16.32654837,                 1,     0.00285929515,   -0.000637746097,                 0,                 0,                 0,   4.527404706e-06,     0.00285929515,   -0.000637746097,                 0,     -0.2230431151
          0,           0,        2188,       -14.1365544,      -12.13335534,      -13.78220736,      -16.32824965,                 1,    0.002859295143,  -0.0006377461006,                 0,                 0,                 0,   4.527397932e-06,    0.002859295143,  -0.0006377461006,                 0,     -0.2230431168
          0,           0,        2189,      -14.13931199,      -12.13512733,      -13.78527503,       -16.3299478,                 1,    0.002859295136,  -0.0006377461041,                 0,                 0,                 0,   4.527391216e-06,    0.002859295136,  -0.0006377461041,                 0,     -0.2230431186
          0,           0,        2190,      -14.14205534,      -12.13689898,      -13.78833499,      -16.33164265,                 1,     0.00285929513,  -0.0006377461075,                 0,                 0,                 0,   4.527384558e-06,     0.00285929513,  -0.0006377461075,                 0,     -0.2230431203
          0,           0,        2191,      -14.14479403,      -12.13867029,      -13.79139061,      -16.33333419,                 1,    0.002859295123,  -0.0006377461109,                 0,                 0,                 0,   4.527377956e-06,    0.002859295123,  -0.0006377461109,                 0,      -0.223043122
          0,           0,        2192,      -14.14753319,      -12.14044127,      -13.79444246,      -16.33502259,                 1,    0.002859295117,  -0.0006377461143,                 0,                 0,                 0,   4.527371411e-06,    0.002859295117,  -0.0006377461143,                 0,     -0.2230431237
          0,           0,        2193,      -14.15026881,      -12.14221196,      -13.79749162,      -16.33670818,                 1,     0.00285929511,  -0.0006377461176,                 0,                 0,                 0,   4.527364923e-06,     0.00285929511,  -0.0006377461176,                 0,     -0.2230431253
          0,           0,        2194,      -14.15299311,      -12.14398234,      -13.80053457,      -16.33839102,                 1,    0.002859295103,  -0.0006377461209,                 0,                 0,                 0,    4.52735849e-06,    0.002859295103,  -0.0006377461209,                 0,      -0.223043127
          0,           0,        2195,       -14.1557151,      -12.14575244,      -13.80357206,      -16.34007085,                 1,    0.002859295097,  -0.0006377461241,                 0,                 0,                 0,   4.527352112e-06,    0.002859295097,  -0.0006377461241,                 0,     -0.2230431286
          0,           0,        2196,      -14.15843318,      -12.14752227,      -13.80660515,      -16.34174734,                 1,    0.002859295091,  -0.0006377461273,                 0,                 0,                 0,   4.527345789e-06,    0.002859295091,  -0.0006377461273,                 0,     -0.2230431302
          0,           0,        2197,      -14.16114642,      -12.14929184,      -13.80963655,      -16.34342025,                 1,    0.002859295084,  -0.0006377461304,                 0,                 0,                 0,    4.52733952e-06,    0.002859295084,  -0.0006377461304,                 0,     -0.2230431318
          0,           0,        2198,      -14.16384917,      -12.15106117,      -13.81265846,      -16.34508937,                 1,    0.002859295078,  -0.0006377461335,                 0,                 0,                 0,   4.527333306e-06,    0.002859295078,  -0.0006377461335,                 0,     -0.2230431334
          0,           0,        2199,      -14.16655506,      -12.15283027,      -13.81567952,       -16.3467545,                 1,    0.002859295071,  -0.0006377461365,                 0,                 0,                 0,   4.527327144e-06,    0.002859295071,  -0.0006377461365,                 0,      -0.223043135
          0,           0,        2200,      -14.16925479,      -12.15459916,      -13.81869735,      -16.34841547,                 1,    0.002859295065,  -0.0006377461395,                 0,                 0,                 0,   4.527321036e-06,    0.002859295065,  -0.0006377461395,                 0,     -0.2230431365
          0,           0,        2201,      -14.17194561,      -12.15636785,      -13.82170611,      -16.35007224,                 1,    0.002859295059,  -0.0006377461425,                 0,                 0,                 0,    4.52731498e-06,    0.002859295059,  -0.0006377461425,                 0,      -0.223043138
          0,           0,        2202,       -14.1746284,      -12.15813636,      -13.82470993,      -16.35172497,                 1,    0.002859295052,  -0.0006377461454,                 0,                 0,                 0,   4.527308976e-06,    0.002859295052,  -0.0006377461454,                 0,     -0.2230431395
          0,           0,        2203,      -14.17731484,      -12.15990471,      -13.82771179,      -16.35337394,                 1,    0.002859295046,  -0.0006377461483,                 0,                 0,                 0,   4.527303023e-06,    0.002859295046,  -0.0006377461483,                 0,      -0.223043141
          0,           0,        2204,      -14.17999039,      -12.16167291,      -13.83070899,      -16.35501916,                 1,     0.00285929504,  -0.0006377461511,                 0,                 0,                 0,   4.527297122e-06,     0.00285929504,  -0.0006377461511,                 0,     -0.2230431425
          0,           0,        2205,      -14.18266484,      -12.16344099,      -13.83370294,       -16.3566604,                 1,    0.002859295034,  -0.0006377461539,                 0,                 0,                 0,   4.527291272e-06,    0.002859295034,  -0.0006377461539,                 0,      -0.223043144
          0,           0,        2206,      -14.18533106,      -12.16520896,        -13.836689,      -16.35829747,                 1,    0.002859295028,  -0.0006377461566,                 0,                 0,                 0,   4.527285472e-06,    0.002859295028,  -0.0006377461566,                 0,     -0.2230431454
          0,           0,        2207,      -14.18799056,      -12.16697684,      -13.83967151,      -16.35993016,                 1,    0.002859295021,  -0.0006377461593,                 0,                 0,                 0,   4.527279722e-06,    0.002859295021,  -0.0006377461593,                 0,     -0.2230431468
          0,           0,        2208,      -14.19065342,      -12.16874466,      -13.84264973,      -16.36155849,                 1,    0.002859295015,   -0.000637746162,                 0,                 0,                 0,   4.527274022e-06,    0.002859295015,   -0.000637746162,                 0,     -0.2230431482
          0,           0,        2209,      -14.19330616,      -12.17051244,      -13.84562422,      -16.36318263,                 1,    0.002859295009,  -0.0006377461646,                 0,                 0,                 0,   4.527268371e-06,    0.002859295009,  -0.0006377461646,                 0,     -0.2230431496
          0,           0,        2210,      -14.19595066,       -12.1722802,      -13.84859335,      -16.36480258,                 1,    0.002859295003,  -0.0006377461672,                 0,                 0,                 0,   4.527262768e-06,    0.002859295003,  -0.0006377461672,                 0,      -0.223043151
          0,           0,        2211,      -14.19859334,      -12.17404797,      -13.85155561,      -16.36641796,                 1,    0.002859294997,  -0.0006377461697,                 0,                 0,                 0,   4.527257214e-06,    0.002859294997,  -0.0006377461697,                 0,     -0.2230431524
          0,           0,        2212,      -14.20122792,      -12.17581577,      -13.85451154,       -16.3680284,                 1,    0.002859294991,  -0.0006377461722,                 0,                 0,                 0,   4.527251707e-06,    0.002859294991,  -0.0006377461722,                 0,     -0.2230431537
          0,           0,        2213,      -14.20386195,      -12.17758363,      -13.85746524,      -16.36963389,                 1,    0.002859294985,  -0.0006377461747,                 0,                 0,                 0,   4.527246248e-06,    0.002859294985,  -0.0006377461747,                 0,      -0.223043155
          0,           0,        2214,      -14.20649229,      -12.17935157,      -13.86041479,      -16.37123453,                 1,    0.002859294979,  -0.0006377461771,                 0,                 0,                 0,   4.527240836e-06,    0.002859294979,  -0.0006377461771,                 0,     -0.2230431564
          0,           0,        2215,      -14.20910541,      -12.18111961,      -13.86335763,      -16.37283028,                 1,    0.002859294973,  -0.0006377461795,                 0,                 0,                 0,   4.527235471e-06,    0.002859294973,  -0.0006377461795,                 0,     -0.2230431577
          0,           0,        2216,      -14.21171958,       -12.1828878,      -13.86629727,      -16.37442133,                 1,    0.002859294967,  -0.0006377461819,                 0,                 0,                 0,   4.527230152e-06,    0.002859294967,  -0.0006377461819,                 0,     -0.2230431589
          0,           0,        2217,       -14.2143363,      -12.18465616,      -13.86923017,      -16.37600871,                 1,    0.002859294962,  -0.0006377461842,                 0,                 0,                 0,   4.527224879e-06,    0.002859294962,  -0.0006377461842,                 0,     -0.2230431602
          0,           0,        2218,      -14.21694832,      -12.18642472,      -13.87216056,      -16.37759476,                 1,    0.002859294956,  -0.0006377461865,                 0,                 0,                 0,   4.527219652e-06,    0.002859294956,  -0.0006377461865,                 0,     -0.2230431615
          0,           0,        2219,       -14.2195497,       -12.1881935,       -13.8750872,      -16.37918304,                 1,     0.00285929495,  -0.0006377461887,                 0,                 0,                 0,   4.527214469e-06,     0.00285929495,  -0.0006377461887,                 0,     -0.2230431627
          0,           0,        2220,       -14.2221434,      -12.18996253,      -13.87800663,      -16.38077706,                 1,    0.002859294944,   -0.000637746191,                 0,                 0,                 0,   4.527209332e-06,    0.002859294944,   -0.000637746191,                 0,     -0.2230431639
          0,           0,        2221,      -14.22473699,      -12.19173184,      -13.88092184,      -16.38237851,                 1,    0.002859294938,  -0.0006377461931,                 0,                 0,                 0,   4.527204239e-06,    0.002859294938,  -0.0006377461931,                 0,     -0.2230431651
          0,           0,        2222,      -14.22732752,      -12.19350148,      -13.88383032,      -16.38398603,                 1,    0.002859294933,  -0.0006377461953,                 0,                 0,                 0,   4.527199189e-06,    0.002859294933,  -0.0006377461953,                 0,     -0.2230431663
          0,           0,        2223,      -14.22991078,      -12.19527145,      -13.88673662,      -16.38559644,                 1,    0.002859294927,  -0.0006377461974,                 0,                 0,                 0,   4.527194184e-06,    0.002859294927,  -0.0006377461974,                 0,     -0.2230431675
          0,           0,        2224,      -14.23249048,      -12.19704179,      -13.88963646,      -16.38720724,                 1,    0.002859294921,  -0.0006377461994,                 0,                 0,                 0,   4.527189221e-06,    0.002859294921,  -0.0006377461994,                 0,     -0.2230431687
          0,           0,        2225,      -14.23506373,      -12.19881252,       -13.8925322,      -16.38881797,                 1,    0.002859294915,  -0.0006377462015,                 0,                 0,                 0,   4.527184302e-06,    0.002859294915,  -0.0006377462015,                 0,     -0.2230431698
          0,           0,        2226,      -14.23763287,      -12.20058368,      -13.89542326,      -16.39042956,                 1,     0.00285929491,  -0.0006377462035,                 0,                 0,                 0,   4.527179425e-06,     0.00285929491,  -0.0006377462035,                 0,      -0.223043171
          0,           0,        2227,       -14.2401966,      -12.20235528,      -13.89830874,        -16.392042,                 1,    0.002859294904,  -0.0006377462055,                 0,                 0,                 0,    4.52717459e-06,    0.002859294904,  -0.0006377462055,                 0,     -0.2230431721
          0,           0,        2228,      -14.24275484,      -12.20412736,      -13.90119099,      -16.39365374,                 1,    0.002859294899,  -0.0006377462074,                 0,                 0,                 0,   4.527169797e-06,    0.002859294899,  -0.0006377462074,                 0,     -0.2230431732
          0,           0,        2229,      -14.24530853,      -12.20589993,      -13.90406753,      -16.39526316,                 1,    0.002859294893,  -0.0006377462093,                 0,                 0,                 0,   4.527165045e-06,    0.002859294893,  -0.0006377462093,                 0,     -0.2230431743
          0,           0,        2230,      -14.24785511,      -12.20767302,      -13.90693868,      -16.39686901,                 1,    0.002859294888,  -0.0006377462112,                 0,                 0,                 0,   4.527160335e-06,    0.002859294888,  -0.0006377462112,                 0,     -0.2230431754
          0,           0,        2231,      -14.25040026,      -12.20944665,      -13.90980586,      -16.39847064,                 1,    0.002859294882,   -0.000637746213,                 0,                 0,                 0,   4.527155665e-06,    0.002859294882,   -0.000637746213,                 0,     -0.2230431765
          0,           0,        2232,      -14.25294354,      -12.21122084,      -13.91266805,      -16.40006862,                 1,    0.002859294877,  -0.0006377462148,                 0,                 0,                 0,   4.527151036e-06,    0.002859294877,  -0.0006377462148,                 0,     -0.2230431776
          0,           0,        2233,      -14.25547918,       -12.2129956,      -13.91552698,      -16.40166506,                 1,    0.002859294871,  -0.0006377462166,                 0,                 0,                 0,   4.527146446e-06,    0.002859294871,  -0.0006377462166,                 0,     -0.2230431786
          0,           0,        2234,      -14.25800962,      -12.21477095,      -13.91837914,       -16.4032622,                 1,    0.002859294866,  -0.0006377462183,                 0,                 0,                 0,   4.527141896e-06,    0.002859294866,  -0.0006377462183,                 0,     -0.2230431796
          0,           0,        2235,      -14.26053605,      -12.21654691,      -13.92122823,      -16.40485976,                 1,     0.00285929486,  -0.0006377462201,                 0,                 0,                 0,   4.527137386e-06,     0.00285929486,  -0.0006377462201,                 0,     -0.2230431807
          0,           0,        2236,      -14.26305732,      -12.21832348,      -13.92407224,      -16.40645563,                 1,    0.002859294855,  -0.0006377462217,                 0,                 0,                 0,   4.527132914e-06,    0.002859294855,  -0.0006377462217,                 0,     -0.2230431817
          0,           0,        2237,      -14.26557671,      -12.22010068,      -13.92691029,      -16.40804803,                 1,    0.002859294849,  -0.0006377462234,                 0,                 0,                 0,   4.527128481e-06,    0.002859294849,  -0.0006377462234,                 0,     -0.2230431827
          0,           0,        2238,      -14.26808874,      -12.22187851,      -13.92973985,      -16.40963614,                 1,    0.002859294844,   -0.000637746225,                 0,                 0,                 0,   4.527124087e-06,    0.002859294844,   -0.000637746225,                 0,     -0.2230431837
          0,           0,        2239,      -14.27058998,      -12.22365699,      -13.93256775,      -16.41121984,                 1,    0.002859294839,  -0.0006377462266,                 0,                 0,                 0,    4.52711973e-06,    0.002859294839,  -0.0006377462266,                 0,     -0.2230431846
          0,           0,        2240,      -14.27308777,      -12.22543611,      -13.93539018,      -16.41279941,                 1,    0.002859294833,  -0.0006377462282,                 0,                 0,                 0,   4.527115411e-06,    0.002859294833,  -0.0006377462282,                 0,     -0.2230431856
          0,           0,        2241,      -14.27558446,      -12.22721587,       -13.9382056,      -16.41437526,                 1,    0.002859294828,  -0.0006377462297,                 0,                 0,                 0,   4.527111129e-06,    0.002859294828,  -0.0006377462297,                 0,     -0.2230431865
          0,           0,        2242,      -14.27808234,       -12.2289963,      -13.94101895,      -16.41594816,                 1,    0.002859294823,  -0.0006377462312,                 0,                 0,                 0,   4.527106885e-06,    0.002859294823,  -0.0006377462312,                 0,     -0.2230431875
          0,           0,        2243,      -14.28056731,      -12.23077738,      -13.94382335,      -16.41752011,                 1,    0.002859294818,  -0.0006377462327,                 0,                 0,                 0,   4.527102677e-06,    0.002859294818,  -0.0006377462327,                 0,     -0.2230431884
          0,           0,        2244,      -14.28304516,       -12.2325591,       -13.9466221,      -16.41909316,                 1,    0.002859294812,  -0.0006377462341,                 0,                 0,                 0,   4.527098505e-06,    0.002859294812,  -0.0006377462341,                 0,     -0.2230431893
          0,           0,        2245,      -14.28552473,      -12.23434148,      -13.94941637,      -16.42066703,                 1,    0.002859294807,  -0.0006377462356,                 0,                 0,                 0,   4.527094369e-06,    0.002859294807,  -0.0006377462356,                 0,     -0.2230431902
          0,           0,        2246,      -14.28799682,      -12.23612451,      -13.95220737,      -16.42223986,                 1,    0.002859294802,  -0.0006377462369,                 0,                 0,                 0,   4.527090269e-06,    0.002859294802,  -0.0006377462369,                 0,     -0.2230431911
          0,           0,        2247,      -14.29045598,      -12.23790817,      -13.95498988,      -16.42380995,                 1,    0.002859294797,  -0.0006377462383,                 0,                 0,                 0,   4.527086205e-06,    0.002859294797,  -0.0006377462383,                 0,      -0.223043192
          0,           0,        2248,      -14.29291842,      -12.23969247,      -13.95776624,      -16.42537616,                 1,    0.002859294792,  -0.0006377462396,                 0,                 0,                 0,   4.527082175e-06,    0.002859294792,  -0.0006377462396,                 0,     -0.2230431928
          0,           0,        2249,      -14.29538098,      -12.24147741,      -13.96054004,      -16.42693804,                 1,    0.002859294787,   -0.000637746241,                 0,                 0,                 0,   4.527078181e-06,    0.002859294787,   -0.000637746241,                 0,     -0.2230431937
          0,           0,        2250,      -14.29783399,      -12.24326296,      -13.96331086,      -16.42849586,                 1,    0.002859294782,  -0.0006377462422,                 0,                 0,                 0,   4.527074221e-06,    0.002859294782,  -0.0006377462422,                 0,     -0.2230431945
          0,           0,        2251,      -14.30028222,      -12.24504914,      -13.96607546,      -16.43005085,                 1,    0.002859294777,  -0.0006377462435,                 0,                 0,                 0,   4.527070295e-06,    0.002859294777,  -0.0006377462435,                 0,     -0.2230431954
          0,           0,        2252,      -14.30272719,      -12.24683593,      -13.96883361,      -16.43160498,                 1,    0.002859294772,  -0.0006377462447,                 0,                 0,                 0,   4.527066403e-06,    0.002859294772,  -0.0006377462447,                 0,     -0.2230431962
          0,           0,        2253,      -14.30516525,      -12.24862332,      -13.97158535,      -16.43316045,                 1,    0.002859294767,  -0.0006377462459,                 0,                 0,                 0,   4.527062544e-06,    0.002859294767,  -0.0006377462459,                 0,      -0.223043197
          0,           0,        2254,      -14.30759301,       -12.2504113,      -13.97433264,      -16.43471957,                 1,    0.002859294762,  -0.0006377462471,                 0,                 0,                 0,   4.527058719e-06,    0.002859294762,  -0.0006377462471,                 0,     -0.2230431978
          0,           0,        2255,      -14.31002171,      -12.25219988,      -13.97707112,      -16.43628426,                 1,    0.002859294757,  -0.0006377462483,                 0,                 0,                 0,   4.527054927e-06,    0.002859294757,  -0.0006377462483,                 0,     -0.2230431986
          0,           0,        2256,      -14.31245209,      -12.25398904,      -13.97980436,       -16.4378538,                 1,    0.002859294752,  -0.0006377462494,                 0,                 0,                 0,   4.527051168e-06,    0.002859294752,  -0.0006377462494,                 0,     -0.2230431994
          0,           0,        2257,      -14.31485769,      -12.25577876,      -13.98253545,      -16.43942522,                 1,    0.002859294747,  -0.0006377462505,                 0,                 0,                 0,   4.527047441e-06,    0.002859294747,  -0.0006377462505,                 0,     -0.2230432001
          0,           0,        2258,      -14.31727146,      -12.25756905,      -13.98525679,      -16.44099609,                 1,    0.002859294742,  -0.0006377462516,                 0,                 0,                 0,   4.527043746e-06,    0.002859294742,  -0.0006377462516,                 0,     -0.2230432009
          0,           0,        2259,      -14.31967835,      -12.25935991,      -13.98797608,      -16.44256524,                 1,    0.002859294737,  -0.0006377462526,                 0,                 0,                 0,   4.527040083e-06,    0.002859294737,  -0.0006377462526,                 0,     -0.2230432017
          0,           0,        2260,      -14.32208314,      -12.26115132,       -13.9906859,      -16.44413226,                 1,    0.002859294732,  -0.0006377462536,                 0,                 0,                 0,   4.527036452e-06,    0.002859294732,  -0.0006377462536,                 0,     -0.2230432024
          0,           0,        2261,      -14.32448469,      -12.26294328,      -13.99339364,      -16.44569673,                 1,    0.002859294727,  -0.0006377462546,                 0,                 0,                 0,   4.527032852e-06,    0.002859294727,  -0.0006377462546,                 0,     -0.2230432031
          0,           0,        2262,      -14.32687475,      -12.26473578,      -13.99609475,       -16.4472584,                 1,    0.002859294722,  -0.0006377462556,                 0,                 0,                 0,   4.527029283e-06,    0.002859294722,  -0.0006377462556,                 0,     -0.2230432038
          0,           0,        2263,      -14.32926227,      -12.26652881,       -13.9987876,      -16.44881733,                 1,    0.002859294718,  -0.0006377462566,                 0,                 0,                 0,   4.527025745e-06,    0.002859294718,  -0.0006377462566,                 0,     -0.2230432045
          0,           0,        2264,      -14.33164188,      -12.26832239,      -14.00147507,      -16.45037391,                 1,    0.002859294713,  -0.0006377462575,                 0,                 0,                 0,   4.527022237e-06,    0.002859294713,  -0.0006377462575,                 0,     -0.2230432052
          0,           0,        2265,      -14.33402668,      -12.27011649,      -14.00415948,      -16.45192872,                 1,    0.002859294708,  -0.0006377462584,                 0,                 0,                 0,    4.52701876e-06,    0.002859294708,  -0.0006377462584,                 0,     -0.2230432059
          0,           0,        2266,      -14.33639906,      -12.27191111,      -14.00683898,      -16.45348318,                 1,    0.002859294703,  -0.0006377462593,                 0,                 0,                 0,   4.527015313e-06,    0.002859294703,  -0.0006377462593,                 0,     -0.2230432066
          0,           0,        2267,      -14.33876624,      -12.27370625,      -14.00950844,      -16.45503917,                 1,    0.002859294699,  -0.0006377462602,                 0,                 0,                 0,   4.527011895e-06,    0.002859294699,  -0.0006377462602,                 0,     -0.2230432073
          0,           0,        2268,      -14.34113412,      -12.27550191,      -14.01217766,      -16.45659674,                 1,    0.002859294694,   -0.000637746261,                 0,                 0,                 0,   4.527008507e-06,    0.002859294694,   -0.000637746261,                 0,     -0.2230432079
          0,           0,        2269,      -14.34349825,      -12.27729809,      -14.01483916,      -16.45815425,                 1,    0.002859294689,  -0.0006377462618,                 0,                 0,                 0,   4.527005148e-06,    0.002859294689,  -0.0006377462618,                 0,     -0.2230432086
          0,           0,        2270,      -14.34584206,      -12.27909479,      -14.01749278,      -16.45971046,                 1,    0.002859294685,  -0.0006377462626,                 0,                 0,                 0,   4.527001819e-06,    0.002859294685,  -0.0006377462626,                 0,     -0.2230432092
          0,           0,        2271,      -14.34819992,      -12.28089199,      -14.02014276,      -16.46126496,                 1,     0.00285929468,  -0.0006377462634,                 0,                 0,                 0,   4.526998517e-06,     0.00285929468,  -0.0006377462634,                 0,     -0.2230432099
          0,           0,        2272,      -14.35054466,      -12.28268971,      -14.02278762,      -16.46281768,                 1,    0.002859294676,  -0.0006377462642,                 0,                 0,                 0,   4.526995245e-06,    0.002859294676,  -0.0006377462642,                 0,     -0.2230432105
          0,           0,        2273,      -14.35288098,      -12.28448793,      -14.02542675,      -16.46436825,                 1,    0.002859294671,  -0.0006377462649,                 0,                 0,                 0,      4.526992e-06,    0.002859294671,  -0.0006377462649,                 0,     -0.2230432111
          0,           0,        2274,      -14.35521708,      -12.28628667,      -14.02806047,      -16.46591611,                 1,    0.002859294666,  -0.0006377462656,                 0,                 0,                 0,   4.526988784e-06,    0.002859294666,  -0.0006377462656,                 0,     -0.2230432117
          0,           0,        2275,      -14.35754793,      -12.28808591,       -14.0306847,       -16.4674608,                 1,    0.002859294662,  -0.0006377462663,                 0,                 0,                 0,   4.526985595e-06,    0.002859294662,  -0.0006377462663,                 0,     -0.2230432123
          0,           0,        2276,      -14.35987533,      -12.28988566,      -14.03331125,      -16.46900212,                 1,    0.002859294657,   -0.000637746267,                 0,                 0,                 0,   4.526982434e-06,    0.002859294657,   -0.000637746267,                 0,     -0.2230432129
          0,           0,        2277,      -14.36220301,      -12.29168591,      -14.03592719,       -16.4705406,                 1,    0.002859294653,  -0.0006377462676,                 0,                 0,                 0,   4.526979301e-06,    0.002859294653,  -0.0006377462676,                 0,     -0.2230432135
          0,           0,        2278,      -14.36452842,      -12.29348668,      -14.03853734,       -16.4720778,                 1,    0.002859294648,  -0.0006377462683,                 0,                 0,                 0,   4.526976194e-06,    0.002859294648,  -0.0006377462683,                 0,      -0.223043214
          0,           0,        2279,       -14.3668389,      -12.29528795,      -14.04114738,      -16.47361585,                 1,    0.002859294644,  -0.0006377462689,                 0,                 0,                 0,   4.526973114e-06,    0.002859294644,  -0.0006377462689,                 0,     -0.2230432146
          0,           0,        2280,      -14.36914366,      -12.29708973,      -14.04374711,      -16.47515542,                 1,    0.002859294639,  -0.0006377462695,                 0,                 0,                 0,   4.526970061e-06,    0.002859294639,  -0.0006377462695,                 0,     -0.2230432152
          0,           0,        2281,      -14.37144601,      -12.29889202,      -14.04634569,      -16.47669559,                 1,    0.002859294635,    -0.00063774627,                 0,                 0,                 0,   4.526967033e-06,    0.002859294635,    -0.00063774627,                 0,     -0.2230432157
          0,           0,        2282,      -14.37374896,      -12.30069482,      -14.04893876,      -16.47823536,                 1,    0.002859294631,  -0.0006377462706,                 0,                 0,                 0,   4.526964033e-06,    0.002859294631,  -0.0006377462706,                 0,     -0.2230432162
          0,           0,        2283,      -14.37603625,      -12.30249813,      -14.05152101,      -16.47977428,                 1,    0.002859294626,  -0.0006377462711,                 0,                 0,                 0,   4.526961058e-06,    0.002859294626,  -0.0006377462711,                 0,     -0.2230432168
          0,           0,        2284,      -14.37832838,      -12.30430196,      -14.05410108,       -16.4813123,                 1,    0.002859294622,  -0.0006377462717,                 0,                 0,                 0,   4.526958108e-06,    0.002859294622,  -0.0006377462717,                 0,     -0.2230432173
          0,           0,        2285,      -14.38061929,       -12.3061063,      -14.05667502,      -16.48284916,                 1,    0.002859294617,  -0.0006377462722,                 0,                 0,                 0,   4.526955184e-06,    0.002859294617,  -0.0006377462722,                 0,     -0.2230432178
          0,           0,        2286,      -14.38290522,      -12.30791115,      -14.05924458,      -16.48438431,                 1,    0.002859294613,  -0.0006377462726,                 0,                 0,                 0,   4.526952285e-06,    0.002859294613,  -0.0006377462726,                 0,     -0.2230432183
          0,           0,        2287,      -14.38518532,      -12.30971653,      -14.06180837,      -16.48591729,                 1,    0.002859294609,  -0.0006377462731,                 0,                 0,                 0,   4.526949412e-06,    0.002859294609,  -0.0006377462731,                 0,     -0.2230432188
          0,           0,        2288,      -14.38745534,      -12.31152242,      -14.06436732,      -16.48744821,                 1,    0.002859294605,  -0.0006377462735,                 0,                 0,                 0,   4.526946563e-06,    0.002859294605,  -0.0006377462735,                 0,     -0.2230432193
          0,           0,        2289,      -14.38972828,      -12.31332884,      -14.06692188,      -16.48897784,                 1,      0.0028592946,   -0.000637746274,                 0,                 0,                 0,   4.526943738e-06,      0.0028592946,   -0.000637746274,                 0,     -0.2230432198
          0,           0,        2290,       -14.3919966,      -12.31513577,      -14.06947274,      -16.49050768,                 1,    0.002859294596,  -0.0006377462744,                 0,                 0,                 0,   4.526940938e-06,    0.002859294596,  -0.0006377462744,                 0,     -0.2230432203
          0,           0,        2291,      -14.39424911,      -12.31694324,      -14.07201603,      -16.49203874,                 1,    0.002859294592,  -0.0006377462748,                 0,                 0,                 0,   4.526938162e-06,    0.002859294592,  -0.0006377462748,                 0,     -0.2230432207
          0,           0,        2292,      -14.39650762,      -12.31875123,      -14.07455287,      -16.49357045,                 1,    0.002859294588,  -0.0006377462752,                 0,                 0,                 0,    4.52693541e-06,    0.002859294588,  -0.0006377462752,                 0,     -0.2230432212
          0,           0,        2293,      -14.39877294,      -12.32055976,      -14.07708904,      -16.49510148,                 1,    0.002859294583,  -0.0006377462755,                 0,                 0,                 0,   4.526932682e-06,    0.002859294583,  -0.0006377462755,                 0,     -0.2230432216
          0,           0,        2294,      -14.40101451,      -12.32236881,      -14.07961924,      -16.49663092,                 1,    0.002859294579,  -0.0006377462759,                 0,                 0,                 0,   4.526929977e-06,    0.002859294579,  -0.0006377462759,                 0,     -0.2230432221
          0,           0,        2295,      -14.40325141,      -12.32417839,      -14.08213915,      -16.49815826,                 1,    0.002859294575,  -0.0006377462762,                 0,                 0,                 0,   4.526927296e-06,    0.002859294575,  -0.0006377462762,                 0,     -0.2230432225
          0,           0,        2296,      -14.40550336,      -12.32598852,      -14.08465948,      -16.49968315,                 1,    0.002859294571,  -0.0006377462765,                 0,                 0,                 0,   4.526924637e-06,    0.002859294571,  -0.0006377462765,                 0,      -0.223043223
          0,           0,        2297,      -14.40774394,      -12.32779918,      -14.08717584,      -16.50120548,                 1,    0.002859294567,  -0.0006377462768,                 0,                 0,                 0,   4.526922002e-06,    0.002859294567,  -0.0006377462768,                 0,     -0.2230432234
          0,           0,        2298,      -14.40997037,      -12.32961037,      -14.08968485,      -16.50272563,                 1,    0.002859294563,  -0.0006377462771,                 0,                 0,                 0,   4.526919389e-06,    0.002859294563,  -0.0006377462771,                 0,     -0.2230432238
          0,           0,        2299,      -14.41219917,      -12.33142211,      -14.09218986,      -16.50424448,                 1,    0.002859294559,  -0.0006377462773,                 0,                 0,                 0,   4.526916798e-06,    0.002859294559,  -0.0006377462773,                 0,     -0.2230432242
          0,           0,        2300,      -14.41442172,      -12.33323439,      -14.09468791,      -16.50576362,                 1,    0.002859294554,  -0.0006377462776,                 0,                 0,                 0,    4.52691423e-06,    0.002859294554,  -0.0006377462776,                 0,     -0.2230432246
          0,           0,        2301,      -14.41664649,      -12.33504721,      -14.09718471,        -16.507285,                 1,     0.00285929455,  -0.0006377462778,                 0,                 0,                 0,   4.526911684e-06,     0.00285929455,  -0.0006377462778,                 0,      -0.223043225
          0,           0,        2302,      -14.41886437,      -12.33686058,      -14.09967467,      -16.50880943,                 1,    0.002859294546,   -0.000637746278,                 0,                 0,                 0,    4.52690916e-06,    0.002859294546,   -0.000637746278,                 0,     -0.2230432254
          0,           0,        2303,       -14.4210714,      -12.33867449,       -14.1021593,       -16.5103359,                 1,    0.002859294542,  -0.0006377462782,                 0,                 0,                 0,   4.526906658e-06,    0.002859294542,  -0.0006377462782,                 0,     -0.2230432258
          0,           0,        2304,      -14.42328033,      -12.34048895,      -14.10463727,      -16.51186281,                 1,    0.002859294538,  -0.0006377462784,                 0,                 0,                 0,   4.526904177e-06,    0.002859294538,  -0.0006377462784,                 0,     -0.2230432262
          0,           0,        2305,      -14.42548834,      -12.34230396,      -14.10711457,      -16.51338889,                 1,    0.002859294534,  -0.0006377462786,                 0,                 0,                 0,   4.526901718e-06,    0.002859294534,  -0.0006377462786,                 0,     -0.2230432265
          0,           0,        2306,      -14.42768826,      -12.34411951,      -14.10958368,      -16.51491333,                 1,     0.00285929453,  -0.0006377462788,                 0,                 0,                 0,   4.526899279e-06,     0.00285929453,  -0.0006377462788,                 0,     -0.2230432269
          0,           0,        2307,      -14.42989067,      -12.34593561,      -14.11205253,      -16.51643563,                 1,    0.002859294526,  -0.0006377462789,                 0,                 0,                 0,   4.526896862e-06,    0.002859294526,  -0.0006377462789,                 0,     -0.2230432273
          0,           0,        2308,      -14.43208027,      -12.34775227,      -14.11451072,      -16.51795555,                 1,    0.002859294523,   -0.000637746279,                 0,                 0,                 0,   4.526894465e-06,    0.002859294523,   -0.000637746279,                 0,     -0.2230432276
          0,           0,        2309,        -14.434267,      -12.34956947,      -14.11696483,      -16.51947335,                 1,    0.002859294519,  -0.0006377462791,                 0,                 0,                 0,   4.526892089e-06,    0.002859294519,  -0.0006377462791,                 0,      -0.223043228
          0,           0,        2310,      -14.43644777,      -12.35138723,      -14.11941908,      -16.52098983,                 1,    0.002859294515,  -0.0006377462792,                 0,                 0,                 0,   4.526889734e-06,    0.002859294515,  -0.0006377462792,                 0,     -0.2230432283
          0,           0,        2311,      -14.43863763,      -12.35320553,      -14.12186561,       -16.5225057,                 1,    0.002859294511,  -0.0006377462793,                 0,                 0,                 0,   4.526887398e-06,    0.002859294511,  -0.0006377462793,                 0,     -0.2230432286
          0,           0,        2312,      -14.44081942,      -12.35502439,      -14.12430515,      -16.52402071,                 1,    0.002859294507,  -0.0006377462794,                 0,                 0,                 0,   4.526885083e-06,    0.002859294507,  -0.0006377462794,                 0,      -0.223043229
          0,           0,        2313,      -14.44298718,      -12.35684381,      -14.12674583,      -16.52553408,                 1,    0.002859294503,  -0.0006377462795,                 0,                 0,                 0,   4.526882788e-06,    0.002859294503,  -0.0006377462795,                 0,     -0.2230432293
          0,           0,        2314,      -14.44516292,      -12.35866378,      -14.12917914,      -16.52704537,                 1,    0.002859294499,  -0.0006377462795,                 0,                 0,                 0,   4.526880512e-06,    0.002859294499,  -0.0006377462795,                 0,     -0.2230432296
          0,           0,        2315,      -14.44731753,       -12.3604843,      -14.13160567,      -16.52855493,                 1,    0.002859294495,  -0.0006377462796,                 0,                 0,                 0,   4.526878256e-06,    0.002859294495,  -0.0006377462796,                 0,     -0.2230432299
          0,           0,        2316,      -14.44948467,      -12.36230537,      -14.13403453,      -16.53006388,                 1,    0.002859294492,  -0.0006377462796,                 0,                 0,                 0,   4.526876019e-06,    0.002859294492,  -0.0006377462796,                 0,     -0.2230432302
          0,           0,        2317,      -14.45165431,      -12.36412701,      -14.13645839,      -16.53157341,                 1,    0.002859294488,  -0.0006377462796,                 0,                 0,                 0,   4.526873801e-06,    0.002859294488,  -0.0006377462796,                 0,     -0.2230432305
          0,           0,        2318,      -14.45381089,       -12.3659492,      -14.13887052,      -16.53308473,                 1,    0.002859294484,  -0.0006377462796,                 0,                 0,                 0,   4.526871603e-06,    0.002859294484,  -0.0006377462796,                 0,     -0.2230432308
          0,           0,        2319,      -14.45595965,      -12.36777195,      -14.14128105,      -16.53459825,                 1,     0.00285929448,  -0.0006377462796,                 0,                 0,                 0,   4.526869423e-06,     0.00285929448,  -0.0006377462796,                 0,     -0.2230432311
          0,           0,        2320,      -14.45810883,      -12.36959526,      -14.14368601,      -16.53611319,                 1,    0.002859294477,  -0.0006377462796,                 0,                 0,                 0,   4.526867262e-06,    0.002859294477,  -0.0006377462796,                 0,     -0.2230432314
          0,           0,        2321,      -14.46025469,      -12.37141912,      -14.14609277,      -16.53762822,                 1,    0.002859294473,  -0.0006377462795,                 0,                 0,                 0,    4.52686512e-06,    0.002859294473,  -0.0006377462795,                 0,     -0.2230432317
          0,           0,        2322,      -14.46239687,      -12.37324355,      -14.14848896,      -16.53914254,                 1,    0.002859294469,  -0.0006377462795,                 0,                 0,                 0,   4.526862996e-06,    0.002859294469,  -0.0006377462795,                 0,     -0.2230432319
          0,           0,        2323,      -14.46453652,      -12.37506853,      -14.15088273,      -16.54065608,                 1,    0.002859294465,  -0.0006377462794,                 0,                 0,                 0,    4.52686089e-06,    0.002859294465,  -0.0006377462794,                 0,     -0.2230432322
          0,           0,        2324,       -14.4666562,      -12.37689408,       -14.1532691,      -16.54216927,                 1,    0.002859294462,  -0.0006377462793,                 0,                 0,                 0,   4.526858802e-06,    0.002859294462,  -0.0006377462793,                 0,     -0.2230432325
          0,           0,        2325,      -14.46879965,      -12.37872018,      -14.15565355,      -16.54368255,                 1,    0.002859294458,  -0.0006377462793,                 0,                 0,                 0,   4.526856732e-06,    0.002859294458,  -0.0006377462793,                 0,     -0.2230432327
          0,           0,        2326,      -14.47092997,      -12.38054685,      -14.15803385,      -16.54519639,                 1,    0.002859294455,  -0.0006377462792,                 0,                 0,                 0,    4.52685468e-06,    0.002859294455,  -0.0006377462792,                 0,      -0.223043233
          0,           0,        2327,      -14.47305665,      -12.38237407,      -14.16041587,      -16.54671158,                 1,    0.002859294451,  -0.0006377462791,                 0,                 0,                 0,   4.526852646e-06,    0.002859294451,  -0.0006377462791,                 0,     -0.2230432332
          0,           0,        2328,      -14.47516908,      -12.38420186,      -14.16278451,      -16.54822915,                 1,    0.002859294447,  -0.0006377462789,                 0,                 0,                 0,   4.526850629e-06,    0.002859294447,  -0.0006377462789,                 0,     -0.2230432335
          0,           0,        2329,      -14.47728992,      -12.38603022,       -14.1651475,      -16.54974948,                 1,    0.002859294444,  -0.0006377462788,                 0,                 0,                 0,   4.526848629e-06,    0.002859294444,  -0.0006377462788,                 0,     -0.2230432337
          0,           0,        2330,      -14.47940434,      -12.38785914,      -14.16751127,       -16.5512719,                 1,     0.00285929444,  -0.0006377462787,                 0,                 0,                 0,   4.526846646e-06,     0.00285929444,  -0.0006377462787,                 0,     -0.2230432339
          0,           0,        2331,      -14.48151684,      -12.38968861,      -14.16987362,       -16.5527952,                 1,    0.002859294437,  -0.0006377462785,                 0,                 0,                 0,    4.52684468e-06,    0.002859294437,  -0.0006377462785,                 0,     -0.2230432342
          0,           0,        2332,      -14.48362303,      -12.39151865,      -14.17222975,      -16.55431823,                 1,    0.002859294433,  -0.0006377462784,                 0,                 0,                 0,   4.526842732e-06,    0.002859294433,  -0.0006377462784,                 0,     -0.2230432344
          0,           0,        2333,      -14.48571842,      -12.39334925,      -14.17458388,      -16.55584019,                 1,    0.002859294429,  -0.0006377462782,                 0,                 0,                 0,     4.5268408e-06,    0.002859294429,  -0.0006377462782,                 0,     -0.2230432346
          0,           0,        2334,      -14.48782575,      -12.39518043,      -14.17692686,      -16.55736059,                 1,    0.002859294426,   -0.000637746278,                 0,                 0,                 0,   4.526838884e-06,    0.002859294426,   -0.000637746278,                 0,     -0.2230432348
          0,           0,        2335,      -14.48992418,      -12.39701217,      -14.17926835,      -16.55887929,                 1,    0.002859294422,  -0.0006377462778,                 0,                 0,                 0,   4.526836985e-06,    0.002859294422,  -0.0006377462778,                 0,      -0.223043235
          0,           0,        2336,      -14.49201792,      -12.39884447,      -14.18161025,       -16.5603965,                 1,    0.002859294419,  -0.0006377462776,                 0,                 0,                 0,   4.526835102e-06,    0.002859294419,  -0.0006377462776,                 0,     -0.2230432352
          0,           0,        2337,      -14.49411268,      -12.40067734,      -14.18394569,      -16.56191267,                 1,    0.002859294415,  -0.0006377462774,                 0,                 0,                 0,   4.526833236e-06,    0.002859294415,  -0.0006377462774,                 0,     -0.2230432354
          0,           0,        2338,      -14.49620102,      -12.40251078,      -14.18627967,      -16.56342823,                 1,    0.002859294412,  -0.0006377462772,                 0,                 0,                 0,   4.526831385e-06,    0.002859294412,  -0.0006377462772,                 0,     -0.2230432356
          0,           0,        2339,      -14.49827692,      -12.40434478,      -14.18860768,      -16.56494329,                 1,    0.002859294409,   -0.000637746277,                 0,                 0,                 0,   4.526829551e-06,    0.002859294409,   -0.000637746277,                 0,     -0.2230432358
          0,           0,        2340,      -14.50036508,      -12.40617934,      -14.19092844,      -16.56645773,                 1,    0.002859294405,  -0.0006377462767,                 0,                 0,                 0,   4.526827732e-06,    0.002859294405,  -0.0006377462767,                 0,      -0.223043236
          0,           0,        2341,      -14.50243985,      -12.40801447,      -14.19325049,      -16.56797135,                 1,    0.002859294402,  -0.0006377462765,                 0,                 0,                 0,   4.526825928e-06,    0.002859294402,  -0.0006377462765,                 0,     -0.2230432362
          0,           0,        2342,       -14.5045088,      -12.40985017,      -14.19556135,      -16.56948415,                 1,    0.002859294398,  -0.0006377462762,                 0,                 0,                 0,    4.52682414e-06,    0.002859294398,  -0.0006377462762,                 0,     -0.2230432363
          0,           0,        2343,      -14.50658697,      -12.41168644,      -14.19787351,      -16.57099622,                 1,    0.002859294395,   -0.000637746276,                 0,                 0,                 0,   4.526822368e-06,    0.002859294395,   -0.000637746276,                 0,     -0.2230432365
          0,           0,        2344,      -14.50866498,      -12.41352328,      -14.20018045,      -16.57250792,                 1,    0.002859294392,  -0.0006377462757,                 0,                 0,                 0,   4.526820611e-06,    0.002859294392,  -0.0006377462757,                 0,     -0.2230432367
          0,           0,        2345,      -14.51071959,      -12.41536067,      -14.20248807,       -16.5740196,                 1,    0.002859294388,  -0.0006377462754,                 0,                 0,                 0,   4.526818868e-06,    0.002859294388,  -0.0006377462754,                 0,     -0.2230432368
          0,           0,        2346,      -14.51278002,      -12.41719863,      -14.20478358,      -16.57553127,                 1,    0.002859294385,  -0.0006377462751,                 0,                 0,                 0,   4.526817141e-06,    0.002859294385,  -0.0006377462751,                 0,      -0.223043237
          0,           0,        2347,      -14.51483906,      -12.41903717,      -14.20707966,      -16.57704267,                 1,    0.002859294381,  -0.0006377462748,                 0,                 0,                 0,   4.526815429e-06,    0.002859294381,  -0.0006377462748,                 0,     -0.2230432372
          0,           0,        2348,      -14.51688773,      -12.42087627,      -14.20937021,      -16.57855342,                 1,    0.002859294378,  -0.0006377462745,                 0,                 0,                 0,   4.526813731e-06,    0.002859294378,  -0.0006377462745,                 0,     -0.2230432373
          0,           0,        2349,      -14.51894531,      -12.42271595,      -14.21166148,      -16.58006336,                 1,    0.002859294375,  -0.0006377462742,                 0,                 0,                 0,   4.526812048e-06,    0.002859294375,  -0.0006377462742,                 0,     -0.2230432374
          0,           0,        2350,      -14.52100266,      -12.42455619,      -14.21394972,      -16.58157253,                 1,    0.002859294372,  -0.0006377462739,                 0,                 0,                 0,    4.52681038e-06,    0.002859294372,  -0.0006377462739,                 0,     -0.2230432376
          0,           0,        2351,      -14.52305604,        -12.426397,      -14.21623308,      -16.58308125,                 1,    0.002859294368,  -0.0006377462735,                 0,                 0,                 0,   4.526808725e-06,    0.002859294368,  -0.0006377462735,                 0,     -0.2230432377
          0,           0,        2352,       -14.5251031,      -12.42823839,      -14.21851128,      -16.58458983,                 1,    0.002859294365,  -0.0006377462732,                 0,                 0,                 0,   4.526807086e-06,    0.002859294365,  -0.0006377462732,                 0,     -0.2230432379
          0,           0,        2353,      -14.52713657,      -12.43008034,      -14.22078439,       -16.5860985,                 1,    0.002859294362,  -0.0006377462728,                 0,                 0,                 0,    4.52680546e-06,    0.002859294362,  -0.0006377462728,                 0,      -0.223043238
          0,           0,        2354,      -14.52917284,      -12.43192287,      -14.22305868,      -16.58760755,                 1,    0.002859294359,  -0.0006377462725,                 0,                 0,                 0,   4.526803848e-06,    0.002859294359,  -0.0006377462725,                 0,     -0.2230432381
          0,           0,        2355,      -14.53119213,      -12.43376597,      -14.22532028,      -16.58911716,                 1,    0.002859294355,  -0.0006377462721,                 0,                 0,                 0,    4.52680225e-06,    0.002859294355,  -0.0006377462721,                 0,     -0.2230432383
          0,           0,        2356,      -14.53323345,      -12.43560965,      -14.22758333,      -16.59062714,                 1,    0.002859294352,  -0.0006377462718,                 0,                 0,                 0,   4.526800666e-06,    0.002859294352,  -0.0006377462718,                 0,     -0.2230432384
          0,           0,        2357,      -14.53525718,      -12.43745392,      -14.22983898,      -16.59213705,                 1,    0.002859294349,  -0.0006377462714,                 0,                 0,                 0,   4.526799095e-06,    0.002859294349,  -0.0006377462714,                 0,     -0.2230432385
          0,           0,        2358,      -14.53729329,      -12.43929875,      -14.23209568,      -16.59364646,                 1,    0.002859294346,   -0.000637746271,                 0,                 0,                 0,   4.526797538e-06,    0.002859294346,   -0.000637746271,                 0,     -0.2230432386
          0,           0,        2359,      -14.53930849,      -12.44114417,      -14.23434985,      -16.59515507,                 1,    0.002859294343,  -0.0006377462706,                 0,                 0,                 0,   4.526795995e-06,    0.002859294343,  -0.0006377462706,                 0,     -0.2230432387
          0,           0,        2360,      -14.54133456,      -12.44299017,      -14.23659874,      -16.59666245,                 1,    0.002859294339,  -0.0006377462702,                 0,                 0,                 0,   4.526794465e-06,    0.002859294339,  -0.0006377462702,                 0,     -0.2230432388
          0,           0,        2361,      -14.54334838,      -12.44483676,      -14.23884214,       -16.5981684,                 1,    0.002859294336,  -0.0006377462698,                 0,                 0,                 0,   4.526792948e-06,    0.002859294336,  -0.0006377462698,                 0,     -0.2230432389
          0,           0,        2362,      -14.54535459,      -12.44668392,      -14.24108652,      -16.59967279,                 1,    0.002859294333,  -0.0006377462694,                 0,                 0,                 0,   4.526791444e-06,    0.002859294333,  -0.0006377462694,                 0,      -0.223043239
          0,           0,        2363,      -14.54737545,      -12.44853169,      -14.24332385,      -16.60117557,                 1,     0.00285929433,   -0.000637746269,                 0,                 0,                 0,   4.526789954e-06,     0.00285929433,   -0.000637746269,                 0,     -0.2230432391
          0,           0,        2364,       -14.5493803,      -12.45038004,      -14.24555776,       -16.6026766,                 1,    0.002859294327,  -0.0006377462685,                 0,                 0,                 0,   4.526788476e-06,    0.002859294327,  -0.0006377462685,                 0,     -0.2230432392
          0,           0,        2365,      -14.55137001,      -12.45222898,      -14.24778966,      -16.60417583,                 1,    0.002859294324,  -0.0006377462681,                 0,                 0,                 0,   4.526787011e-06,    0.002859294324,  -0.0006377462681,                 0,     -0.2230432393
          0,           0,        2366,      -14.55338477,      -12.45407853,      -14.25001877,      -16.60567321,                 1,    0.002859294321,  -0.0006377462677,                 0,                 0,                 0,   4.526785559e-06,    0.002859294321,  -0.0006377462677,                 0,     -0.2230432394
          0,           0,        2367,      -14.55539375,      -12.45592868,      -14.25224437,      -16.60716871,                 1,    0.002859294318,  -0.0006377462672,                 0,                 0,                 0,   4.526784119e-06,    0.002859294318,  -0.0006377462672,                 0,     -0.2230432395
          0,           0,        2368,      -14.55738061,      -12.45777941,      -14.25446635,      -16.60866223,                 1,    0.002859294315,  -0.0006377462668,                 0,                 0,                 0,   4.526782692e-06,    0.002859294315,  -0.0006377462668,                 0,     -0.2230432395
          0,           0,        2369,      -14.55937012,      -12.45963076,      -14.25668514,      -16.61015382,                 1,    0.002859294312,  -0.0006377462663,                 0,                 0,                 0,   4.526781277e-06,    0.002859294312,  -0.0006377462663,                 0,     -0.2230432396
          0,           0,        2370,      -14.56135917,      -12.46148271,      -14.25889803,      -16.61164353,                 1,    0.002859294309,  -0.0006377462658,                 0,                 0,                 0,   4.526779874e-06,    0.002859294309,  -0.0006377462658,                 0,     -0.2230432397
          0,           0,        2371,      -14.56334849,      -12.46333527,       -14.2611042,       -16.6131315,                 1,    0.002859294306,  -0.0006377462654,                 0,                 0,                 0,   4.526778484e-06,    0.002859294306,  -0.0006377462654,                 0,     -0.2230432398
          0,           0,        2372,      -14.56534674,      -12.46518844,      -14.26331923,      -16.61461805,                 1,    0.002859294303,  -0.0006377462649,                 0,                 0,                 0,   4.526777106e-06,    0.002859294303,  -0.0006377462649,                 0,     -0.2230432398
          0,           0,        2373,      -14.56730904,      -12.46704223,      -14.26552303,      -16.61610364,                 1,      0.0028592943,  -0.0006377462644,                 0,                 0,                 0,    4.52677574e-06,      0.0028592943,  -0.0006377462644,                 0,     -0.2230432399
          0,           0,        2374,      -14.56928648,      -12.46889663,      -14.26771909,      -16.61758901,                 1,    0.002859294297,  -0.0006377462639,                 0,                 0,                 0,   4.526774385e-06,    0.002859294297,  -0.0006377462639,                 0,       -0.22304324
          0,           0,        2375,      -14.57126853,      -12.47075164,      -14.26991966,      -16.61907489,                 1,    0.002859294294,  -0.0006377462634,                 0,                 0,                 0,   4.526773043e-06,    0.002859294294,  -0.0006377462634,                 0,       -0.22304324
          0,           0,        2376,      -14.57324535,      -12.47260729,      -14.27211721,      -16.62056203,                 1,    0.002859294291,  -0.0006377462629,                 0,                 0,                 0,   4.526771712e-06,    0.002859294291,  -0.0006377462629,                 0,     -0.2230432401
          0,           0,        2377,      -14.57521792,      -12.47446357,      -14.27430791,      -16.62205093,                 1,    0.002859294288,  -0.0006377462624,                 0,                 0,                 0,   4.526770393e-06,    0.002859294288,  -0.0006377462624,                 0,     -0.2230432401
          0,           0,        2378,      -14.57718572,      -12.47632046,      -14.27649772,      -16.62354174,                 1,    0.002859294285,  -0.0006377462619,                 0,                 0,                 0,   4.526769085e-06,    0.002859294285,  -0.0006377462619,                 0,     -0.2230432402
          0,           0,        2379,      -14.57914106,      -12.47817799,      -14.27868029,      -16.62503437,                 1,    0.002859294282,  -0.0006377462614,                 0,                 0,                 0,   4.526767789e-06,    0.002859294282,  -0.0006377462614,                 0,     -0.2230432402
          0,           0,        2380,      -14.58110619,      -12.48003615,      -14.28086188,       -16.6265286,                 1,    0.002859294279,  -0.0006377462609,                 0,                 0,                 0,   4.526766505e-06,    0.002859294279,  -0.0006377462609,                 0,     -0.2230432403
          0,           0,        2381,      -14.58307427,      -12.48189495,      -14.28304313,      -16.62802412,                 1,    0.002859294276,  -0.0006377462604,                 0,                 0,                 0,   4.526765231e-06,    0.002859294276,  -0.0006377462604,                 0,     -0.2230432403
          0,           0,        2382,      -14.58502864,      -12.48375438,      -14.28522224,      -16.62952057,                 1,    0.002859294273,  -0.0006377462598,                 0,                 0,                 0,   4.526763969e-06,    0.002859294273,  -0.0006377462598,                 0,     -0.2230432404
          0,           0,        2383,      -14.58697922,      -12.48561445,      -14.28739071,      -16.63101755,                 1,     0.00285929427,  -0.0006377462593,                 0,                 0,                 0,   4.526762718e-06,     0.00285929427,  -0.0006377462593,                 0,     -0.2230432404
          0,           0,        2384,      -14.58891633,      -12.48747517,      -14.28955942,      -16.63251459,                 1,    0.002859294268,  -0.0006377462587,                 0,                 0,                 0,   4.526761477e-06,    0.002859294268,  -0.0006377462587,                 0,     -0.2230432404
          0,           0,        2385,      -14.59086767,      -12.48933654,       -14.2917287,      -16.63401121,                 1,    0.002859294265,  -0.0006377462582,                 0,                 0,                 0,   4.526760248e-06,    0.002859294265,  -0.0006377462582,                 0,     -0.2230432405
          0,           0,        2386,      -14.59282726,      -12.49119857,      -14.29388874,      -16.63550695,                 1,    0.002859294262,  -0.0006377462577,                 0,                 0,                 0,   4.526759029e-06,    0.002859294262,  -0.0006377462577,                 0,     -0.2230432405
          0,           0,        2387,      -14.59476194,      -12.49306124,      -14.29604194,      -16.63700159,                 1,    0.002859294259,  -0.0006377462571,                 0,                 0,                 0,   4.526757821e-06,    0.002859294259,  -0.0006377462571,                 0,     -0.2230432405
          0,           0,        2388,      -14.59670852,      -12.49492456,      -14.29819905,      -16.63849485,                 1,    0.002859294256,  -0.0006377462565,                 0,                 0,                 0,   4.526756624e-06,    0.002859294256,  -0.0006377462565,                 0,     -0.2230432405
          0,           0,        2389,      -14.59863226,      -12.49678854,      -14.30034568,      -16.63998659,                 1,    0.002859294253,   -0.000637746256,                 0,                 0,                 0,   4.526755437e-06,    0.002859294253,   -0.000637746256,                 0,     -0.2230432406
          0,           0,        2390,        -14.600554,      -12.49865318,      -14.30249605,      -16.64147671,                 1,    0.002859294251,  -0.0006377462554,                 0,                 0,                 0,   4.526754261e-06,    0.002859294251,  -0.0006377462554,                 0,     -0.2230432406
          0,           0,        2391,      -14.60250331,      -12.50051849,      -14.30464409,      -16.64296511,                 1,    0.002859294248,  -0.0006377462548,                 0,                 0,                 0,   4.526753096e-06,    0.002859294248,  -0.0006377462548,                 0,     -0.2230432406
          0,           0,        2392,      -14.60443354,      -12.50238445,      -14.30679185,      -16.64445173,                 1,    0.002859294245,  -0.0006377462543,                 0,                 0,                 0,    4.52675194e-06,    0.002859294245,  -0.0006377462543,                 0,     -0.2230432406
          0,           0,        2393,      -14.60635722,      -12.50425109,      -14.30893279,       -16.6459366,                 1,    0.002859294242,  -0.0006377462537,                 0,                 0,                 0,   4.526750795e-06,    0.002859294242,  -0.0006377462537,                 0,     -0.2230432406
          0,           0,        2394,      -14.60827167,      -12.50611839,      -14.31106937,      -16.64741969,                 1,     0.00285929424,  -0.0006377462531,                 0,                 0,                 0,    4.52674966e-06,     0.00285929424,  -0.0006377462531,                 0,     -0.2230432406
          0,           0,        2395,      -14.61020416,      -12.50798638,      -14.31320522,      -16.64890107,                 1,    0.002859294237,  -0.0006377462525,                 0,                 0,                 0,   4.526748535e-06,    0.002859294237,  -0.0006377462525,                 0,     -0.2230432406
          0,           0,        2396,      -14.61210919,      -12.50985505,      -14.31533019,      -16.65038077,                 1,    0.002859294234,  -0.0006377462519,                 0,                 0,                 0,    4.52674742e-06,    0.002859294234,  -0.0006377462519,                 0,     -0.2230432406
          0,           0,        2397,      -14.61403611,      -12.51172438,      -14.31746209,       -16.6518589,                 1,    0.002859294231,  -0.0006377462513,                 0,                 0,                 0,   4.526746315e-06,    0.002859294231,  -0.0006377462513,                 0,     -0.2230432406
          0,           0,        2398,      -14.61595394,      -12.51359441,      -14.31958756,      -16.65333561,                 1,    0.002859294229,  -0.0006377462507,                 0,                 0,                 0,    4.52674522e-06,    0.002859294229,  -0.0006377462507,                 0,     -0.2230432406
          0,           0,        2399,      -14.61784987,       -12.5154651,      -14.32171384,      -16.65481106,                 1,    0.002859294226,  -0.0006377462501,                 0,                 0,                 0,   4.526744134e-06,    0.002859294226,  -0.0006377462501,                 0,     -0.2230432406
          0,           0,        2400,      -14.61974343,      -12.51733649,      -14.32382437,      -16.65628549,                 1,    0.002859294223,  -0.0006377462495,                 0,                 0,                 0,   4.526743058e-06,    0.002859294223,  -0.0006377462495,                 0,     -0.2230432406
          0,           0,        2401,      -14.62165508,      -12.51920858,      -14.32592764,      -16.65775904,                 1,    0.002859294221,  -0.0006377462489,                 0,                 0,                 0,   4.526741992e-06,    0.002859294221,  -0.0006377462489,                 0,     -0.2230432406
          0,           0,        2402,      -14.62356947,      -12.52108136,      -14.32803952,      -16.65923173,                 1,    0.002859294218,  -0.0006377462483,                 0,                 0,                 0,   4.526740935e-06,    0.002859294218,  -0.0006377462483,                 0,     -0.2230432406
          0,           0,        2403,      -14.62547463,      -12.52295483,      -14.33015469,      -16.66070362,                 1,    0.002859294215,  -0.0006377462477,                 0,                 0,                 0,   4.526739887e-06,    0.002859294215,  -0.0006377462477,                 0,     -0.2230432406
          0,           0,        2404,      -14.62735328,        -12.524829,      -14.33226024,      -16.66217469,                 1,    0.002859294213,  -0.0006377462471,                 0,                 0,                 0,   4.526738849e-06,    0.002859294213,  -0.0006377462471,                 0,     -0.2230432406
          0,           0,        2405,      -14.62924966,      -12.52670387,      -14.33436145,      -16.66364488,                 1,     0.00285929421,  -0.0006377462464,                 0,                 0,                 0,   4.526737821e-06,     0.00285929421,  -0.0006377462464,                 0,     -0.2230432406
          0,           0,        2406,      -14.63113261,      -12.52857945,      -14.33645897,       -16.6651141,                 1,    0.002859294208,  -0.0006377462458,                 0,                 0,                 0,   4.526736801e-06,    0.002859294208,  -0.0006377462458,                 0,     -0.2230432406
          0,           0,        2407,      -14.63303576,      -12.53045575,      -14.33856017,      -16.66658228,                 1,    0.002859294205,  -0.0006377462452,                 0,                 0,                 0,   4.526735791e-06,    0.002859294205,  -0.0006377462452,                 0,     -0.2230432406
          0,           0,        2408,      -14.63492561,      -12.53233275,      -14.34065206,      -16.66804935,                 1,    0.002859294202,  -0.0006377462445,                 0,                 0,                 0,    4.52673479e-06,    0.002859294202,  -0.0006377462445,                 0,     -0.2230432405
          0,           0,        2409,      -14.63679557,      -12.53421048,       -14.3427409,      -16.66951526,                 1,      0.0028592942,  -0.0006377462439,                 0,                 0,                 0,   4.526733797e-06,      0.0028592942,  -0.0006377462439,                 0,     -0.2230432405
          0,           0,        2410,      -14.63868631,      -12.53608893,      -14.34483461,      -16.67097989,                 1,    0.002859294197,  -0.0006377462433,                 0,                 0,                 0,   4.526732814e-06,    0.002859294197,  -0.0006377462433,                 0,     -0.2230432405
          0,           0,        2411,      -14.64054642,       -12.5379681,      -14.34691191,      -16.67244316,                 1,    0.002859294195,  -0.0006377462426,                 0,                 0,                 0,   4.526731839e-06,    0.002859294195,  -0.0006377462426,                 0,     -0.2230432405
          0,           0,        2412,      -14.64242885,      -12.53984801,      -14.34899456,        -16.673905,                 1,    0.002859294192,   -0.000637746242,                 0,                 0,                 0,   4.526730873e-06,    0.002859294192,   -0.000637746242,                 0,     -0.2230432404
          0,           0,        2413,      -14.64431617,      -12.54172866,      -14.35107653,      -16.67536533,                 1,     0.00285929419,  -0.0006377462413,                 0,                 0,                 0,   4.526729916e-06,     0.00285929419,  -0.0006377462413,                 0,     -0.2230432404
          0,           0,        2414,      -14.64618385,      -12.54361004,      -14.35314646,      -16.67682417,                 1,    0.002859294187,  -0.0006377462407,                 0,                 0,                 0,   4.526728967e-06,    0.002859294187,  -0.0006377462407,                 0,     -0.2230432404
          0,           0,        2415,      -14.64804707,      -12.54549219,      -14.35521996,      -16.67828153,                 1,    0.002859294185,    -0.00063774624,                 0,                 0,                 0,   4.526728027e-06,    0.002859294185,    -0.00063774624,                 0,     -0.2230432403
          0,           0,        2416,      -14.64991278,      -12.54737506,      -14.35727878,      -16.67973751,                 1,    0.002859294182,  -0.0006377462394,                 0,                 0,                 0,   4.526727096e-06,    0.002859294182,  -0.0006377462394,                 0,     -0.2230432403
          0,           0,        2417,      -14.65175921,       -12.5492587,      -14.35933992,      -16.68119228,                 1,     0.00285929418,  -0.0006377462387,                 0,                 0,                 0,   4.526726173e-06,     0.00285929418,  -0.0006377462387,                 0,     -0.2230432403
          0,           0,        2418,      -14.65362128,      -12.55114311,      -14.36140689,      -16.68264608,                 1,    0.002859294177,  -0.0006377462381,                 0,                 0,                 0,   4.526725258e-06,    0.002859294177,  -0.0006377462381,                 0,     -0.2230432402
          0,           0,        2419,      -14.65549539,      -12.55302828,      -14.36347092,       -16.6840992,                 1,    0.002859294175,  -0.0006377462374,                 0,                 0,                 0,   4.526724352e-06,    0.002859294175,  -0.0006377462374,                 0,     -0.2230432402
          0,           0,        2420,      -14.65735428,      -12.55491423,       -14.3655286,      -16.68555197,                 1,    0.002859294172,  -0.0006377462367,                 0,                 0,                 0,   4.526723453e-06,    0.002859294172,  -0.0006377462367,                 0,     -0.2230432402
          0,           0,        2421,      -14.65919484,      -12.55680095,      -14.36757758,      -16.68700469,                 1,     0.00285929417,  -0.0006377462361,                 0,                 0,                 0,   4.526722563e-06,     0.00285929417,  -0.0006377462361,                 0,     -0.2230432401
          0,           0,        2422,      -14.66106243,      -12.55868846,       -14.3696291,      -16.68845755,                 1,    0.002859294167,  -0.0006377462354,                 0,                 0,                 0,   4.526721681e-06,    0.002859294167,  -0.0006377462354,                 0,     -0.2230432401
          0,           0,        2423,      -14.66290077,      -12.56057676,      -14.37167155,       -16.6899107,                 1,    0.002859294165,  -0.0006377462347,                 0,                 0,                 0,   4.526720807e-06,    0.002859294165,  -0.0006377462347,                 0,       -0.22304324
          0,           0,        2424,       -14.6647447,      -12.56246585,      -14.37372217,       -16.6913642,                 1,    0.002859294162,  -0.0006377462341,                 0,                 0,                 0,   4.526719941e-06,    0.002859294162,  -0.0006377462341,                 0,       -0.22304324
          0,           0,        2425,       -14.6665984,      -12.56435574,      -14.37576866,      -16.69281806,                 1,     0.00285929416,  -0.0006377462334,                 0,                 0,                 0,   4.526719083e-06,     0.00285929416,  -0.0006377462334,                 0,     -0.2230432399
          0,           0,        2426,      -14.66842958,      -12.56624644,      -14.37779952,       -16.6942722,                 1,    0.002859294158,  -0.0006377462327,                 0,                 0,                 0,   4.526718232e-06,    0.002859294158,  -0.0006377462327,                 0,     -0.2230432399
          0,           0,        2427,      -14.67026487,      -12.56813795,      -14.37983815,      -16.69572641,                 1,    0.002859294155,   -0.000637746232,                 0,                 0,                 0,    4.52671739e-06,    0.002859294155,   -0.000637746232,                 0,     -0.2230432398
          0,           0,        2428,      -14.67212216,      -12.57003028,      -14.38187857,      -16.69718046,                 1,    0.002859294153,  -0.0006377462313,                 0,                 0,                 0,   4.526716555e-06,    0.002859294153,  -0.0006377462313,                 0,     -0.2230432398
          0,           0,        2429,      -14.67396506,      -12.57192342,      -14.38391294,      -16.69863426,                 1,     0.00285929415,  -0.0006377462307,                 0,                 0,                 0,   4.526715727e-06,     0.00285929415,  -0.0006377462307,                 0,     -0.2230432397
          0,           0,        2430,      -14.67576622,      -12.57381738,      -14.38594079,      -16.70008772,                 1,    0.002859294148,    -0.00063774623,                 0,                 0,                 0,   4.526714907e-06,    0.002859294148,    -0.00063774623,                 0,     -0.2230432397
          0,           0,        2431,       -14.6776071,      -12.57571218,      -14.38796994,      -16.70154088,                 1,    0.002859294146,  -0.0006377462293,                 0,                 0,                 0,   4.526714095e-06,    0.002859294146,  -0.0006377462293,                 0,     -0.2230432396
          0,           0,        2432,      -14.67943595,      -12.57760781,       -14.3899849,      -16.70299376,                 1,    0.002859294143,  -0.0006377462286,                 0,                 0,                 0,    4.52671329e-06,    0.002859294143,  -0.0006377462286,                 0,     -0.2230432396
          0,           0,        2433,      -14.68128608,      -12.57950428,      -14.39200958,      -16.70444639,                 1,    0.002859294141,  -0.0006377462279,                 0,                 0,                 0,   4.526712492e-06,    0.002859294141,  -0.0006377462279,                 0,     -0.2230432395
          0,           0,        2434,       -14.6831007,      -12.58140159,      -14.39402984,      -16.70589883,                 1,    0.002859294139,  -0.0006377462272,                 0,                 0,                 0,   4.526711702e-06,    0.002859294139,  -0.0006377462272,                 0,     -0.2230432394
          0,           0,        2435,      -14.68490306,      -12.58329973,      -14.39603747,      -16.70735107,                 1,    0.002859294136,  -0.0006377462265,                 0,                 0,                 0,   4.526710919e-06,    0.002859294136,  -0.0006377462265,                 0,     -0.2230432394
          0,           0,        2436,      -14.68673045,      -12.58519873,      -14.39805086,      -16.70880303,                 1,    0.002859294134,  -0.0006377462258,                 0,                 0,                 0,   4.526710143e-06,    0.002859294134,  -0.0006377462258,                 0,     -0.2230432393
          0,           0,        2437,      -14.68855344,      -12.58709858,      -14.40006195,      -16.71025463,                 1,    0.002859294132,  -0.0006377462251,                 0,                 0,                 0,   4.526709374e-06,    0.002859294132,  -0.0006377462251,                 0,     -0.2230432393
          0,           0,        2438,      -14.69035476,      -12.58899928,      -14.40207182,       -16.7117058,                 1,    0.002859294129,  -0.0006377462244,                 0,                 0,                 0,   4.526708613e-06,    0.002859294129,  -0.0006377462244,                 0,     -0.2230432392
          0,           0,        2439,      -14.69218623,      -12.59090084,      -14.40407281,      -16.71315652,                 1,    0.002859294127,  -0.0006377462237,                 0,                 0,                 0,   4.526707858e-06,    0.002859294127,  -0.0006377462237,                 0,     -0.2230432391
          0,           0,        2440,      -14.69399139,      -12.59280326,      -14.40607394,      -16.71460685,                 1,    0.002859294125,   -0.000637746223,                 0,                 0,                 0,    4.52670711e-06,    0.002859294125,   -0.000637746223,                 0,     -0.2230432391
          0,           0,        2441,      -14.69581095,      -12.59470654,      -14.40807324,      -16.71605686,                 1,    0.002859294123,  -0.0006377462223,                 0,                 0,                 0,   4.526706369e-06,    0.002859294123,  -0.0006377462223,                 0,      -0.223043239
          0,           0,        2442,      -14.69762421,      -12.59661068,       -14.4100735,      -16.71750673,                 1,     0.00285929412,  -0.0006377462216,                 0,                 0,                 0,   4.526705635e-06,     0.00285929412,  -0.0006377462216,                 0,     -0.2230432389
          0,           0,        2443,      -14.69942126,      -12.59851569,      -14.41206704,      -16.71895673,                 1,    0.002859294118,  -0.0006377462209,                 0,                 0,                 0,   4.526704908e-06,    0.002859294118,  -0.0006377462209,                 0,     -0.2230432388
          0,           0,        2444,      -14.70121001,      -12.60042157,      -14.41404851,      -16.72040717,                 1,    0.002859294116,  -0.0006377462202,                 0,                 0,                 0,   4.526704187e-06,    0.002859294116,  -0.0006377462202,                 0,     -0.2230432388
          0,           0,        2445,      -14.70302132,      -12.60232833,      -14.41603434,      -16.72185831,                 1,    0.002859294114,  -0.0006377462195,                 0,                 0,                 0,   4.526703473e-06,    0.002859294114,  -0.0006377462195,                 0,     -0.2230432387
          0,           0,        2446,      -14.70482226,      -12.60423594,      -14.41802161,      -16.72331047,                 1,    0.002859294111,  -0.0006377462188,                 0,                 0,                 0,   4.526702766e-06,    0.002859294111,  -0.0006377462188,                 0,     -0.2230432386
          0,           0,        2447,      -14.70663058,      -12.60614444,      -14.42000307,      -16.72476394,                 1,    0.002859294109,  -0.0006377462181,                 0,                 0,                 0,   4.526702065e-06,    0.002859294109,  -0.0006377462181,                 0,     -0.2230432385
          0,           0,        2448,      -14.70840888,      -12.60805381,      -14.42198698,      -16.72621891,                 1,    0.002859294107,  -0.0006377462174,                 0,                 0,                 0,    4.52670137e-06,    0.002859294107,  -0.0006377462174,                 0,     -0.2230432385
          0,           0,        2449,      -14.71020266,      -12.60996405,      -14.42396466,      -16.72767574,                 1,    0.002859294105,  -0.0006377462167,                 0,                 0,                 0,   4.526700683e-06,    0.002859294105,  -0.0006377462167,                 0,     -0.2230432384
          0,           0,        2450,       -14.7119984,      -12.61187517,       -14.4259439,      -16.72913476,                 1,    0.002859294103,   -0.000637746216,                 0,                 0,                 0,   4.526700001e-06,    0.002859294103,   -0.000637746216,                 0,     -0.2230432383
          0,           0,        2451,      -14.71381768,      -12.61378718,      -14.42791558,       -16.7305963,                 1,    0.002859294101,  -0.0006377462153,                 0,                 0,                 0,   4.526699326e-06,    0.002859294101,  -0.0006377462153,                 0,     -0.2230432382
          0,           0,        2452,      -14.71558319,      -12.61570007,      -14.42989059,      -16.73206072,                 1,    0.002859294098,  -0.0006377462145,                 0,                 0,                 0,   4.526698657e-06,    0.002859294098,  -0.0006377462145,                 0,     -0.2230432382
          0,           0,        2453,      -14.71736981,      -12.61761384,       -14.4318575,       -16.7335283,                 1,    0.002859294096,  -0.0006377462138,                 0,                 0,                 0,   4.526697994e-06,    0.002859294096,  -0.0006377462138,                 0,     -0.2230432381
          0,           0,        2454,      -14.71917346,      -12.61952849,      -14.43382122,      -16.73499908,                 1,    0.002859294094,  -0.0006377462131,                 0,                 0,                 0,   4.526697337e-06,    0.002859294094,  -0.0006377462131,                 0,      -0.223043238
          0,           0,        2455,      -14.72094663,      -12.62144404,      -14.43578108,      -16.73647286,                 1,    0.002859294092,  -0.0006377462124,                 0,                 0,                 0,   4.526696686e-06,    0.002859294092,  -0.0006377462124,                 0,     -0.2230432379
          0,           0,        2456,      -14.72269717,      -12.62336046,      -14.43773869,      -16.73794934,                 1,     0.00285929409,  -0.0006377462117,                 0,                 0,                 0,   4.526696042e-06,     0.00285929409,  -0.0006377462117,                 0,     -0.2230432378
          0,           0,        2457,      -14.72449481,      -12.62527777,       -14.4397004,      -16.73942802,                 1,    0.002859294088,   -0.000637746211,                 0,                 0,                 0,   4.526695403e-06,    0.002859294088,   -0.000637746211,                 0,     -0.2230432377
          0,           0,        2458,      -14.72627868,      -12.62719597,      -14.44165255,      -16.74090846,                 1,    0.002859294086,  -0.0006377462102,                 0,                 0,                 0,    4.52669477e-06,    0.002859294086,  -0.0006377462102,                 0,     -0.2230432376
          0,           0,        2459,      -14.72805837,      -12.62911508,      -14.44360545,      -16.74239027,                 1,    0.002859294084,  -0.0006377462095,                 0,                 0,                 0,   4.526694144e-06,    0.002859294084,  -0.0006377462095,                 0,     -0.2230432376
          0,           0,        2460,      -14.72983828,      -12.63103507,      -14.44556008,      -16.74387324,                 1,    0.002859294081,  -0.0006377462088,                 0,                 0,                 0,   4.526693523e-06,    0.002859294081,  -0.0006377462088,                 0,     -0.2230432375
          0,           0,        2461,       -14.7316046,      -12.63295595,      -14.44751393,      -16.74535719,                 1,    0.002859294079,  -0.0006377462081,                 0,                 0,                 0,   4.526692908e-06,    0.002859294079,  -0.0006377462081,                 0,     -0.2230432374
          0,           0,        2462,      -14.73338183,      -12.63487773,      -14.44946003,      -16.74684211,                 1,    0.002859294077,  -0.0006377462074,                 0,                 0,                 0,   4.526692298e-06,    0.002859294077,  -0.0006377462074,                 0,     -0.2230432373
          0,           0,        2463,      -14.73515397,      -12.63680041,      -14.45140266,      -16.74832805,                 1,    0.002859294075,  -0.0006377462067,                 0,                 0,                 0,   4.526691694e-06,    0.002859294075,  -0.0006377462067,                 0,     -0.2230432372
          0,           0,        2464,      -14.73690953,        -12.638724,       -14.4533363,      -16.74981491,                 1,    0.002859294073,  -0.0006377462059,                 0,                 0,                 0,   4.526691096e-06,    0.002859294073,  -0.0006377462059,                 0,     -0.2230432371
          0,           0,        2465,      -14.73869444,      -12.64064848,      -14.45528096,       -16.7513026,                 1,    0.002859294071,  -0.0006377462052,                 0,                 0,                 0,   4.526690504e-06,    0.002859294071,  -0.0006377462052,                 0,      -0.223043237
          0,           0,        2466,      -14.74045401,      -12.64257387,      -14.45722087,      -16.75279109,                 1,    0.002859294069,  -0.0006377462045,                 0,                 0,                 0,   4.526689917e-06,    0.002859294069,  -0.0006377462045,                 0,     -0.2230432369
          0,           0,        2467,      -14.74223078,      -12.64450016,       -14.4591568,      -16.75428026,                 1,    0.002859294067,  -0.0006377462038,                 0,                 0,                 0,   4.526689335e-06,    0.002859294067,  -0.0006377462038,                 0,     -0.2230432368
          0,           0,        2468,       -14.7439593,      -12.64642735,      -14.46108945,      -16.75576993,                 1,    0.002859294065,   -0.000637746203,                 0,                 0,                 0,   4.526688759e-06,    0.002859294065,   -0.000637746203,                 0,     -0.2230432367
          0,           0,        2469,      -14.74574468,      -12.64835548,      -14.46301767,      -16.75725987,                 1,    0.002859294063,  -0.0006377462023,                 0,                 0,                 0,   4.526688188e-06,    0.002859294063,  -0.0006377462023,                 0,     -0.2230432366
          0,           0,        2470,      -14.74750922,       -12.6502845,      -14.46494606,      -16.75874985,                 1,    0.002859294061,  -0.0006377462016,                 0,                 0,                 0,   4.526687623e-06,    0.002859294061,  -0.0006377462016,                 0,     -0.2230432366
          0,           0,        2471,      -14.74923846,      -12.65221442,      -14.46687323,      -16.76023967,                 1,    0.002859294059,  -0.0006377462009,                 0,                 0,                 0,   4.526687063e-06,    0.002859294059,  -0.0006377462009,                 0,     -0.2230432365
          0,           0,        2472,      -14.75100288,      -12.65414528,      -14.46880664,      -16.76172921,                 1,    0.002859294057,  -0.0006377462002,                 0,                 0,                 0,   4.526686508e-06,    0.002859294057,  -0.0006377462002,                 0,     -0.2230432364
          0,           0,        2473,      -14.75280698,      -12.65607706,      -14.47073377,      -16.76321841,                 1,    0.002859294055,  -0.0006377461994,                 0,                 0,                 0,   4.526685958e-06,    0.002859294055,  -0.0006377461994,                 0,     -0.2230432363
          0,           0,        2474,      -14.75452107,      -12.65800975,      -14.47265113,      -16.76470727,                 1,    0.002859294053,  -0.0006377461987,                 0,                 0,                 0,   4.526685414e-06,    0.002859294053,  -0.0006377461987,                 0,     -0.2230432362
          0,           0,        2475,      -14.75626659,      -12.65994336,      -14.47456796,      -16.76619587,                 1,    0.002859294051,   -0.000637746198,                 0,                 0,                 0,   4.526684875e-06,    0.002859294051,   -0.000637746198,                 0,     -0.2230432361
          0,           0,        2476,      -14.75803722,      -12.66187792,      -14.47648762,      -16.76768425,                 1,    0.002859294049,  -0.0006377461973,                 0,                 0,                 0,    4.52668434e-06,    0.002859294049,  -0.0006377461973,                 0,      -0.223043236
          0,           0,        2477,      -14.75978552,      -12.66381338,      -14.47840717,      -16.76917254,                 1,    0.002859294047,  -0.0006377461966,                 0,                 0,                 0,   4.526683811e-06,    0.002859294047,  -0.0006377461966,                 0,     -0.2230432359
          0,           0,        2478,      -14.76153153,      -12.66574979,      -14.48032074,      -16.77066086,                 1,    0.002859294045,  -0.0006377461958,                 0,                 0,                 0,   4.526683287e-06,    0.002859294045,  -0.0006377461958,                 0,     -0.2230432358
          0,           0,        2479,      -14.76326788,      -12.66768711,      -14.48223146,      -16.77214942,                 1,    0.002859294043,  -0.0006377461951,                 0,                 0,                 0,   4.526682768e-06,    0.002859294043,  -0.0006377461951,                 0,     -0.2230432357
          0,           0,        2480,      -14.76503784,      -12.66962539,      -14.48415143,      -16.77363843,                 1,    0.002859294041,  -0.0006377461944,                 0,                 0,                 0,   4.526682253e-06,    0.002859294041,  -0.0006377461944,                 0,     -0.2230432356
          0,           0,        2481,       -14.7668021,       -12.6715646,      -14.48605921,      -16.77512811,                 1,    0.002859294039,  -0.0006377461937,                 0,                 0,                 0,   4.526681744e-06,    0.002859294039,  -0.0006377461937,                 0,     -0.2230432355
          0,           0,        2482,      -14.76852259,      -12.67350475,      -14.48796856,      -16.77661866,                 1,    0.002859294037,  -0.0006377461929,                 0,                 0,                 0,   4.526681239e-06,    0.002859294037,  -0.0006377461929,                 0,     -0.2230432354
          0,           0,        2483,      -14.77025975,      -12.67544584,      -14.48987301,      -16.77811028,                 1,    0.002859294036,  -0.0006377461922,                 0,                 0,                 0,   4.526680739e-06,    0.002859294036,  -0.0006377461922,                 0,     -0.2230432352
          0,           0,        2484,      -14.77201556,      -12.67738789,      -14.49178126,      -16.77960315,                 1,    0.002859294034,  -0.0006377461915,                 0,                 0,                 0,   4.526680244e-06,    0.002859294034,  -0.0006377461915,                 0,     -0.2230432351
          0,           0,        2485,      -14.77377286,      -12.67933088,      -14.49368593,      -16.78109732,                 1,    0.002859294032,  -0.0006377461908,                 0,                 0,                 0,   4.526679753e-06,    0.002859294032,  -0.0006377461908,                 0,      -0.223043235
          0,           0,        2486,      -14.77548953,      -12.68127482,      -14.49558643,       -16.7825928,                 1,     0.00285929403,  -0.0006377461901,                 0,                 0,                 0,   4.526679267e-06,     0.00285929403,  -0.0006377461901,                 0,     -0.2230432349
          0,           0,        2487,      -14.77724663,      -12.68321973,      -14.49748767,      -16.78408952,                 1,    0.002859294028,  -0.0006377461893,                 0,                 0,                 0,   4.526678786e-06,    0.002859294028,  -0.0006377461893,                 0,     -0.2230432348
          0,           0,        2488,      -14.77897054,      -12.68516558,      -14.49938639,      -16.78558733,                 1,    0.002859294026,  -0.0006377461886,                 0,                 0,                 0,   4.526678309e-06,    0.002859294026,  -0.0006377461886,                 0,     -0.2230432347
          0,           0,        2489,      -14.78073449,      -12.68711241,      -14.50128584,      -16.78708611,                 1,    0.002859294024,  -0.0006377461879,                 0,                 0,                 0,   4.526677837e-06,    0.002859294024,  -0.0006377461879,                 0,     -0.2230432346
          0,           0,        2490,      -14.78244654,      -12.68906019,      -14.50318508,      -16.78858572,                 1,    0.002859294022,  -0.0006377461872,                 0,                 0,                 0,   4.526677369e-06,    0.002859294022,  -0.0006377461872,                 0,     -0.2230432345
          0,           0,        2491,       -14.7841945,      -12.69100895,      -14.50508194,       -16.7900862,                 1,    0.002859294021,  -0.0006377461865,                 0,                 0,                 0,   4.526676906e-06,    0.002859294021,  -0.0006377461865,                 0,     -0.2230432344
          0,           0,        2492,      -14.78591587,      -12.69295868,      -14.50697226,      -16.79158751,                 1,    0.002859294019,  -0.0006377461858,                 0,                 0,                 0,   4.526676447e-06,    0.002859294019,  -0.0006377461858,                 0,     -0.2230432343
          0,           0,        2493,      -14.78764144,      -12.69490938,      -14.50886343,      -16.79308978,                 1,    0.002859294017,   -0.000637746185,                 0,                 0,                 0,   4.526675992e-06,    0.002859294017,   -0.000637746185,                 0,     -0.2230432342
          0,           0,        2494,      -14.78942321,      -12.69686108,      -14.51076257,      -16.79459313,                 1,    0.002859294015,  -0.0006377461843,                 0,                 0,                 0,   4.526675542e-06,    0.002859294015,  -0.0006377461843,                 0,     -0.2230432341
          0,           0,        2495,      -14.79114808,      -12.69881375,      -14.51265253,      -16.79609773,                 1,    0.002859294013,  -0.0006377461836,                 0,                 0,                 0,   4.526675096e-06,    0.002859294013,  -0.0006377461836,                 0,      -0.223043234
          0,           0,        2496,      -14.79286006,       -12.7007674,      -14.51453799,      -16.79760374,                 1,    0.002859294012,  -0.0006377461829,                 0,                 0,                 0,   4.526674654e-06,    0.002859294012,  -0.0006377461829,                 0,     -0.2230432339
          0,           0,        2497,      -14.79458324,      -12.70272205,      -14.51642669,      -16.79911128,                 1,     0.00285929401,  -0.0006377461822,                 0,                 0,                 0,   4.526674217e-06,     0.00285929401,  -0.0006377461822,                 0,     -0.2230432337
          0,           0,        2498,      -14.79632718,      -12.70467769,      -14.51831143,      -16.80062045,                 1,    0.002859294008,  -0.0006377461815,                 0,                 0,                 0,   4.526673784e-06,    0.002859294008,  -0.0006377461815,                 0,     -0.2230432336
          0,           0,        2499,      -14.79805128,      -12.70663434,      -14.52019023,      -16.80213126,                 1,    0.002859294006,  -0.0006377461807,                 0,                 0,                 0,   4.526673354e-06,    0.002859294006,  -0.0006377461807,                 0,     -0.2230432335
          0,           0,        2500,       -14.7997623,      -12.70859198,      -14.52207323,      -16.80364365,                 1,    0.002859294004,    -0.00063774618,                 0,                 0,                 0,   4.526672929e-06,    0.002859294004,    -0.00063774618,                 0,     -0.2230432334
          0,           0,        2501,       -14.8015034,      -12.71055064,      -14.52395388,      -16.80515759,                 1,    0.002859294003,  -0.0006377461793,                 0,                 0,                 0,   4.526672508e-06,    0.002859294003,  -0.0006377461793,                 0,     -0.2230432333
          0,           0,        2502,      -14.80324493,      -12.71251029,      -14.52583791,      -16.80667294,                 1,    0.002859294001,  -0.0006377461786,                 0,                 0,                 0,   4.526672091e-06,    0.002859294001,  -0.0006377461786,                 0,     -0.2230432332
          0,           0,        2503,      -14.80495403,      -12.71447097,      -14.52772088,       -16.8081896,                 1,    0.002859293999,  -0.0006377461779,                 0,                 0,                 0,   4.526671678e-06,    0.002859293999,  -0.0006377461779,                 0,     -0.2230432331
          0,           0,        2504,      -14.80671081,      -12.71643267,      -14.52959892,      -16.80970745,                 1,    0.002859293997,  -0.0006377461772,                 0,                 0,                 0,   4.526671269e-06,    0.002859293997,  -0.0006377461772,                 0,      -0.223043233
          0,           0,        2505,      -14.80843599,      -12.71839538,      -14.53148001,      -16.81122638,                 1,    0.002859293996,  -0.0006377461765,                 0,                 0,                 0,   4.526670864e-06,    0.002859293996,  -0.0006377461765,                 0,     -0.2230432329
          0,           0,        2506,      -14.81012657,      -12.72035911,      -14.53335656,       -16.8127463,                 1,    0.002859293994,  -0.0006377461758,                 0,                 0,                 0,   4.526670463e-06,    0.002859293994,  -0.0006377461758,                 0,     -0.2230432327
          0,           0,        2507,      -14.81187614,      -12.72232389,       -14.5352425,      -16.81426718,                 1,    0.002859293992,  -0.0006377461751,                 0,                 0,                 0,   4.526670066e-06,    0.002859293992,  -0.0006377461751,                 0,     -0.2230432326
          0,           0,        2508,      -14.81359679,      -12.72428969,      -14.53710992,        -16.815789,                 1,     0.00285929399,  -0.0006377461744,                 0,                 0,                 0,   4.526669672e-06,     0.00285929399,  -0.0006377461744,                 0,     -0.2230432325
          0,           0,        2509,      -14.81531466,      -12.72625654,      -14.53897851,      -16.81731173,                 1,    0.002859293989,  -0.0006377461737,                 0,                 0,                 0,   4.526669282e-06,    0.002859293989,  -0.0006377461737,                 0,     -0.2230432324
          0,           0,        2510,       -14.8170256,      -12.72822443,      -14.54084768,      -16.81883533,                 1,    0.002859293987,  -0.0006377461729,                 0,                 0,                 0,   4.526668896e-06,    0.002859293987,  -0.0006377461729,                 0,     -0.2230432323
          0,           0,        2511,      -14.81877909,      -12.73019336,      -14.54272163,       -16.8203597,                 1,    0.002859293985,  -0.0006377461722,                 0,                 0,                 0,   4.526668514e-06,    0.002859293985,  -0.0006377461722,                 0,     -0.2230432322
          0,           0,        2512,      -14.82049482,      -12.73216334,      -14.54459869,      -16.82188478,                 1,    0.002859293984,  -0.0006377461715,                 0,                 0,                 0,   4.526668135e-06,    0.002859293984,  -0.0006377461715,                 0,     -0.2230432321
          0,           0,        2513,      -14.82218514,      -12.73413436,      -14.54646107,      -16.82341045,                 1,    0.002859293982,  -0.0006377461708,                 0,                 0,                 0,    4.52666776e-06,    0.002859293982,  -0.0006377461708,                 0,      -0.223043232
          0,           0,        2514,       -14.8239153,      -12.73610644,       -14.5483288,      -16.82493668,                 1,     0.00285929398,  -0.0006377461701,                 0,                 0,                 0,   4.526667389e-06,     0.00285929398,  -0.0006377461701,                 0,     -0.2230432318
          0,           0,        2515,      -14.82563942,      -12.73807957,       -14.5501988,      -16.82646336,                 1,    0.002859293979,  -0.0006377461694,                 0,                 0,                 0,   4.526667021e-06,    0.002859293979,  -0.0006377461694,                 0,     -0.2230432317
          0,           0,        2516,      -14.82734557,      -12.74005379,      -14.55206355,      -16.82799045,                 1,    0.002859293977,  -0.0006377461687,                 0,                 0,                 0,   4.526666657e-06,    0.002859293977,  -0.0006377461687,                 0,     -0.2230432316
          0,           0,        2517,      -14.82908954,      -12.74202907,      -14.55393287,       -16.8295179,                 1,    0.002859293975,   -0.000637746168,                 0,                 0,                 0,   4.526666296e-06,    0.002859293975,   -0.000637746168,                 0,     -0.2230432315
          0,           0,        2518,      -14.83080465,       -12.7440054,      -14.55578872,      -16.83104569,                 1,    0.002859293974,  -0.0006377461673,                 0,                 0,                 0,   4.526665939e-06,    0.002859293974,  -0.0006377461673,                 0,     -0.2230432314
          0,           0,        2519,      -14.83251573,      -12.74598281,      -14.55766435,      -16.83257376,                 1,    0.002859293972,  -0.0006377461666,                 0,                 0,                 0,   4.526665585e-06,    0.002859293972,  -0.0006377461666,                 0,     -0.2230432313
          0,           0,        2520,      -14.83424129,       -12.7479613,       -14.5595245,      -16.83410217,                 1,     0.00285929397,  -0.0006377461659,                 0,                 0,                 0,   4.526665234e-06,     0.00285929397,  -0.0006377461659,                 0,     -0.2230432311
          0,           0,        2521,      -14.83594211,      -12.74994088,      -14.56137958,      -16.83563095,                 1,    0.002859293969,  -0.0006377461652,                 0,                 0,                 0,   4.526664887e-06,    0.002859293969,  -0.0006377461652,                 0,      -0.223043231
          0,           0,        2522,      -14.83767489,      -12.75192152,      -14.56324078,      -16.83716011,                 1,    0.002859293967,  -0.0006377461646,                 0,                 0,                 0,   4.526664544e-06,    0.002859293967,  -0.0006377461646,                 0,     -0.2230432309
          0,           0,        2523,      -14.83939603,      -12.75390326,      -14.56509699,      -16.83868975,                 1,    0.002859293966,  -0.0006377461639,                 0,                 0,                 0,   4.526664204e-06,    0.002859293966,  -0.0006377461639,                 0,     -0.2230432308
          0,           0,        2524,      -14.84109979,      -12.75588607,      -14.56696083,      -16.84021996,                 1,    0.002859293964,  -0.0006377461632,                 0,                 0,                 0,   4.526663867e-06,    0.002859293964,  -0.0006377461632,                 0,     -0.2230432307
          0,           0,        2525,      -14.84280753,      -12.75786998,      -14.56881713,      -16.84175083,                 1,    0.002859293962,  -0.0006377461625,                 0,                 0,                 0,   4.526663533e-06,    0.002859293962,  -0.0006377461625,                 0,     -0.2230432306
          0,           0,        2526,      -14.84451397,      -12.75985501,      -14.57067082,      -16.84328243,                 1,    0.002859293961,  -0.0006377461618,                 0,                 0,                 0,   4.526663202e-06,    0.002859293961,  -0.0006377461618,                 0,     -0.2230432304
          0,           0,        2527,      -14.84625844,      -12.76184113,      -14.57253276,      -16.84481483,                 1,    0.002859293959,  -0.0006377461611,                 0,                 0,                 0,   4.526662875e-06,    0.002859293959,  -0.0006377461611,                 0,     -0.2230432303
          0,           0,        2528,      -14.84796676,      -12.76382835,      -14.57438429,       -16.8463481,                 1,    0.002859293958,  -0.0006377461604,                 0,                 0,                 0,   4.526662551e-06,    0.002859293958,  -0.0006377461604,                 0,     -0.2230432302
          0,           0,        2529,      -14.84966695,      -12.76581666,      -14.57624032,      -16.84788228,                 1,    0.002859293956,  -0.0006377461597,                 0,                 0,                 0,    4.52666223e-06,    0.002859293956,  -0.0006377461597,                 0,     -0.2230432301
          0,           0,        2530,      -14.85139673,       -12.7678061,      -14.57809556,      -16.84941744,                 1,    0.002859293954,   -0.000637746159,                 0,                 0,                 0,   4.526661912e-06,    0.002859293954,   -0.000637746159,                 0,       -0.22304323
          0,           0,        2531,      -14.85309698,      -12.76979663,      -14.57994903,      -16.85095364,                 1,    0.002859293953,  -0.0006377461584,                 0,                 0,                 0,   4.526661598e-06,    0.002859293953,  -0.0006377461584,                 0,     -0.2230432299
          0,           0,        2532,       -14.8547974,      -12.77178829,      -14.58179491,      -16.85249093,                 1,    0.002859293951,  -0.0006377461577,                 0,                 0,                 0,   4.526661286e-06,    0.002859293951,  -0.0006377461577,                 0,     -0.2230432297
          0,           0,        2533,      -14.85652007,      -12.77378106,      -14.58365081,      -16.85402938,                 1,     0.00285929395,   -0.000637746157,                 0,                 0,                 0,   4.526660977e-06,     0.00285929395,   -0.000637746157,                 0,     -0.2230432296
          0,           0,        2534,      -14.85825667,      -12.77577498,      -14.58550809,      -16.85556903,                 1,    0.002859293948,  -0.0006377461563,                 0,                 0,                 0,   4.526660672e-06,    0.002859293948,  -0.0006377461563,                 0,     -0.2230432295
          0,           0,        2535,       -14.8599499,      -12.77776999,      -14.58734796,       -16.8571099,                 1,    0.002859293947,  -0.0006377461556,                 0,                 0,                 0,   4.526660369e-06,    0.002859293947,  -0.0006377461556,                 0,     -0.2230432294
          0,           0,        2536,      -14.86165116,      -12.77976614,      -14.58918972,      -16.85865204,                 1,    0.002859293945,   -0.000637746155,                 0,                 0,                 0,   4.526660069e-06,    0.002859293945,   -0.000637746155,                 0,     -0.2230432293
          0,           0,        2537,      -14.86335833,      -12.78176343,      -14.59103945,      -16.86019549,                 1,    0.002859293944,  -0.0006377461543,                 0,                 0,                 0,   4.526659773e-06,    0.002859293944,  -0.0006377461543,                 0,     -0.2230432292
          0,           0,        2538,       -14.8650581,      -12.78376184,      -14.59288527,      -16.86174021,                 1,    0.002859293942,  -0.0006377461536,                 0,                 0,                 0,   4.526659479e-06,    0.002859293942,  -0.0006377461536,                 0,      -0.223043229
          0,           0,        2539,      -14.86679179,       -12.7857614,      -14.59473116,      -16.86328615,                 1,    0.002859293941,  -0.0006377461529,                 0,                 0,                 0,   4.526659188e-06,    0.002859293941,  -0.0006377461529,                 0,     -0.2230432289
          0,           0,        2540,       -14.8684925,      -12.78776211,      -14.59657646,      -16.86483323,                 1,    0.002859293939,  -0.0006377461523,                 0,                 0,                 0,     4.5266589e-06,    0.002859293939,  -0.0006377461523,                 0,     -0.2230432288
          0,           0,        2541,      -14.87019859,      -12.78976395,      -14.59842047,      -16.86638141,                 1,    0.002859293938,  -0.0006377461516,                 0,                 0,                 0,   4.526658615e-06,    0.002859293938,  -0.0006377461516,                 0,     -0.2230432287
          0,           0,        2542,       -14.8719168,      -12.79176694,      -14.60026543,      -16.86793056,                 1,    0.002859293936,  -0.0006377461509,                 0,                 0,                 0,   4.526658332e-06,    0.002859293936,  -0.0006377461509,                 0,     -0.2230432286
          0,           0,        2543,      -14.87360598,      -12.79377109,      -14.60210156,      -16.86948065,                 1,    0.002859293935,  -0.0006377461503,                 0,                 0,                 0,   4.526658053e-06,    0.002859293935,  -0.0006377461503,                 0,     -0.2230432285
          0,           0,        2544,      -14.87533188,       -12.7957764,      -14.60394462,      -16.87103161,                 1,    0.002859293933,  -0.0006377461496,                 0,                 0,                 0,   4.526657776e-06,    0.002859293933,  -0.0006377461496,                 0,     -0.2230432283
          0,           0,        2545,        -14.877067,      -12.79778287,      -14.60578223,      -16.87258338,                 1,    0.002859293932,  -0.0006377461489,                 0,                 0,                 0,   4.526657501e-06,    0.002859293932,  -0.0006377461489,                 0,     -0.2230432282
          0,           0,        2546,      -14.87874231,       -12.7997905,      -14.60762398,      -16.87413593,                 1,     0.00285929393,  -0.0006377461483,                 0,                 0,                 0,    4.52665723e-06,     0.00285929393,  -0.0006377461483,                 0,     -0.2230432281
          0,           0,        2547,      -14.88043887,      -12.80179928,      -14.60947898,      -16.87568927,                 1,    0.002859293929,  -0.0006377461476,                 0,                 0,                 0,   4.526656961e-06,    0.002859293929,  -0.0006377461476,                 0,      -0.223043228
          0,           0,        2548,      -14.88220523,      -12.80380926,      -14.61131875,      -16.87724337,                 1,    0.002859293927,  -0.0006377461469,                 0,                 0,                 0,   4.526656695e-06,    0.002859293927,  -0.0006377461469,                 0,     -0.2230432279
          0,           0,        2549,      -14.88386828,       -12.8058204,      -14.61314523,      -16.87879836,                 1,    0.002859293926,  -0.0006377461463,                 0,                 0,                 0,   4.526656432e-06,    0.002859293926,  -0.0006377461463,                 0,     -0.2230432277
          0,           0,        2550,      -14.88556453,      -12.80783272,      -14.61497567,      -16.88035418,                 1,    0.002859293924,  -0.0006377461456,                 0,                 0,                 0,   4.526656171e-06,    0.002859293924,  -0.0006377461456,                 0,     -0.2230432276
          0,           0,        2551,      -14.88728668,      -12.80984624,      -14.61682385,      -16.88191087,                 1,    0.002859293923,  -0.0006377461449,                 0,                 0,                 0,   4.526655912e-06,    0.002859293923,  -0.0006377461449,                 0,     -0.2230432275
          0,           0,        2552,      -14.88899542,      -12.81186093,      -14.61866367,      -16.88346843,                 1,    0.002859293921,  -0.0006377461443,                 0,                 0,                 0,   4.526655656e-06,    0.002859293921,  -0.0006377461443,                 0,     -0.2230432274
          0,           0,        2553,       -14.8907113,       -12.8138768,      -14.62049392,       -16.8850269,                 1,     0.00285929392,  -0.0006377461436,                 0,                 0,                 0,   4.526655403e-06,     0.00285929392,  -0.0006377461436,                 0,     -0.2230432273
          0,           0,        2554,      -14.89241973,      -12.81589387,      -14.62233519,      -16.88658635,                 1,    0.002859293919,   -0.000637746143,                 0,                 0,                 0,   4.526655152e-06,    0.002859293919,   -0.000637746143,                 0,     -0.2230432272
          0,           0,        2555,      -14.89410905,      -12.81791213,      -14.62416578,      -16.88814679,                 1,    0.002859293917,  -0.0006377461423,                 0,                 0,                 0,   4.526654904e-06,    0.002859293917,  -0.0006377461423,                 0,      -0.223043227
          0,           0,        2556,      -14.89583992,      -12.81993161,      -14.62600382,      -16.88970827,                 1,    0.002859293916,  -0.0006377461417,                 0,                 0,                 0,   4.526654658e-06,    0.002859293916,  -0.0006377461417,                 0,     -0.2230432269
          0,           0,        2557,      -14.89752948,      -12.82195229,      -14.62783055,      -16.89127078,                 1,    0.002859293914,   -0.000637746141,                 0,                 0,                 0,   4.526654415e-06,    0.002859293914,   -0.000637746141,                 0,     -0.2230432268
          0,           0,        2558,      -14.89924122,      -12.82397417,      -14.62967318,      -16.89283434,                 1,    0.002859293913,  -0.0006377461404,                 0,                 0,                 0,   4.526654174e-06,    0.002859293913,  -0.0006377461404,                 0,     -0.2230432267
          0,           0,        2559,      -14.90093738,      -12.82599726,      -14.63150435,      -16.89439902,                 1,    0.002859293912,  -0.0006377461397,                 0,                 0,                 0,   4.526653935e-06,    0.002859293912,  -0.0006377461397,                 0,     -0.2230432266
          0,           0,        2560,      -14.90266897,      -12.82802156,      -14.63333585,      -16.89596479,                 1,     0.00285929391,  -0.0006377461391,                 0,                 0,                 0,   4.526653699e-06,     0.00285929391,  -0.0006377461391,                 0,     -0.2230432264
          0,           0,        2561,      -14.90436728,       -12.8300471,      -14.63516373,       -16.8975317,                 1,    0.002859293909,  -0.0006377461384,                 0,                 0,                 0,   4.526653465e-06,    0.002859293909,  -0.0006377461384,                 0,     -0.2230432263
          0,           0,        2562,      -14.90606798,      -12.83207385,      -14.63699272,      -16.89909972,                 1,    0.002859293907,  -0.0006377461378,                 0,                 0,                 0,   4.526653233e-06,    0.002859293907,  -0.0006377461378,                 0,     -0.2230432262
          0,           0,        2563,      -14.90774703,      -12.83410184,      -14.63881093,      -16.90066888,                 1,    0.002859293906,  -0.0006377461372,                 0,                 0,                 0,   4.526653004e-06,    0.002859293906,  -0.0006377461372,                 0,     -0.2230432261
          0,           0,        2564,      -14.90945897,      -12.83613105,      -14.64064387,      -16.90223909,                 1,    0.002859293905,  -0.0006377461365,                 0,                 0,                 0,   4.526652777e-06,    0.002859293905,  -0.0006377461365,                 0,      -0.223043226
          0,           0,        2565,      -14.91117367,      -12.83816149,      -14.64246453,      -16.90381039,                 1,    0.002859293903,  -0.0006377461359,                 0,                 0,                 0,   4.526652552e-06,    0.002859293903,  -0.0006377461359,                 0,     -0.2230432259
          0,           0,        2566,      -14.91290904,      -12.84019317,      -14.64429677,      -16.90538278,                 1,    0.002859293902,  -0.0006377461352,                 0,                 0,                 0,   4.526652329e-06,    0.002859293902,  -0.0006377461352,                 0,     -0.2230432257
          0,           0,        2567,       -14.9146012,       -12.8422261,      -14.64613451,      -16.90695622,                 1,    0.002859293901,  -0.0006377461346,                 0,                 0,                 0,   4.526652109e-06,    0.002859293901,  -0.0006377461346,                 0,     -0.2230432256
          0,           0,        2568,      -14.91630084,      -12.84426027,      -14.64797216,      -16.90853074,                 1,    0.002859293899,   -0.000637746134,                 0,                 0,                 0,   4.526651891e-06,    0.002859293899,   -0.000637746134,                 0,     -0.2230432255
          0,           0,        2569,      -14.91802357,      -12.84629568,      -14.64980245,      -16.91010625,                 1,    0.002859293898,  -0.0006377461333,                 0,                 0,                 0,   4.526651675e-06,    0.002859293898,  -0.0006377461333,                 0,     -0.2230432254
          0,           0,        2570,      -14.91971331,      -12.84833235,      -14.65162381,      -16.91168272,                 1,    0.002859293897,  -0.0006377461327,                 0,                 0,                 0,   4.526651461e-06,    0.002859293897,  -0.0006377461327,                 0,     -0.2230432253
          0,           0,        2571,      -14.92139775,      -12.85037028,       -14.6534458,      -16.91326009,                 1,    0.002859293895,  -0.0006377461321,                 0,                 0,                 0,    4.52665125e-06,    0.002859293895,  -0.0006377461321,                 0,     -0.2230432252
          0,           0,        2572,      -14.92311046,      -12.85240948,      -14.65528297,      -16.91483825,                 1,    0.002859293894,  -0.0006377461315,                 0,                 0,                 0,    4.52665104e-06,    0.002859293894,  -0.0006377461315,                 0,      -0.223043225
          0,           0,        2573,      -14.92484699,      -12.85444994,       -14.6571029,      -16.91641715,                 1,    0.002859293893,  -0.0006377461308,                 0,                 0,                 0,   4.526650833e-06,    0.002859293893,  -0.0006377461308,                 0,     -0.2230432249
          0,           0,        2574,       -14.9265495,      -12.85649168,      -14.65893341,      -16.91799673,                 1,    0.002859293891,  -0.0006377461302,                 0,                 0,                 0,   4.526650627e-06,    0.002859293891,  -0.0006377461302,                 0,     -0.2230432248
          0,           0,        2575,      -14.92826025,      -12.85853467,      -14.66075409,      -16.91957696,                 1,     0.00285929389,  -0.0006377461296,                 0,                 0,                 0,   4.526650424e-06,     0.00285929389,  -0.0006377461296,                 0,     -0.2230432247
          0,           0,        2576,      -14.92994382,      -12.86057897,      -14.66257521,      -16.92115776,                 1,    0.002859293889,   -0.000637746129,                 0,                 0,                 0,   4.526650223e-06,    0.002859293889,   -0.000637746129,                 0,     -0.2230432246
          0,           0,        2577,      -14.93166477,      -12.86262452,      -14.66439543,      -16.92273904,                 1,    0.002859293888,  -0.0006377461283,                 0,                 0,                 0,   4.526650023e-06,    0.002859293888,  -0.0006377461283,                 0,     -0.2230432245
          0,           0,        2578,      -14.93341366,      -12.86467137,      -14.66622566,       -16.9243208,                 1,    0.002859293886,  -0.0006377461277,                 0,                 0,                 0,   4.526649826e-06,    0.002859293886,  -0.0006377461277,                 0,     -0.2230432243
          0,           0,        2579,      -14.93505529,      -12.86671949,      -14.66805105,      -16.92590304,                 1,    0.002859293885,  -0.0006377461271,                 0,                 0,                 0,   4.526649631e-06,    0.002859293885,  -0.0006377461271,                 0,     -0.2230432242
          0,           0,        2580,       -14.9367715,      -12.86876891,      -14.66987369,      -16.92748584,                 1,    0.002859293884,  -0.0006377461265,                 0,                 0,                 0,   4.526649438e-06,    0.002859293884,  -0.0006377461265,                 0,     -0.2230432241
          0,           0,        2581,      -14.93849647,      -12.87081966,      -14.67170143,      -16.92906918,                 1,    0.002859293882,  -0.0006377461259,                 0,                 0,                 0,   4.526649246e-06,    0.002859293882,  -0.0006377461259,                 0,      -0.223043224
          0,           0,        2582,      -14.94021282,      -12.87287169,      -14.67353329,      -16.93065304,                 1,    0.002859293881,  -0.0006377461253,                 0,                 0,                 0,   4.526649057e-06,    0.002859293881,  -0.0006377461253,                 0,     -0.2230432239
          0,           0,        2583,      -14.94192676,      -12.87492505,      -14.67536699,      -16.93223739,                 1,     0.00285929388,  -0.0006377461246,                 0,                 0,                 0,   4.526648869e-06,     0.00285929388,  -0.0006377461246,                 0,     -0.2230432238
          0,           0,        2584,      -14.94360918,      -12.87697969,      -14.67718354,      -16.93382237,                 1,    0.002859293879,   -0.000637746124,                 0,                 0,                 0,   4.526648684e-06,    0.002859293879,   -0.000637746124,                 0,     -0.2230432236
          0,           0,        2585,       -14.9452945,      -12.87903567,      -14.67899908,      -16.93540794,                 1,    0.002859293877,  -0.0006377461234,                 0,                 0,                 0,     4.5266485e-06,    0.002859293877,  -0.0006377461234,                 0,     -0.2230432235
          0,           0,        2586,      -14.94702327,      -12.88109297,      -14.68082181,      -16.93699409,                 1,    0.002859293876,  -0.0006377461228,                 0,                 0,                 0,   4.526648318e-06,    0.002859293876,  -0.0006377461228,                 0,     -0.2230432234
          0,           0,        2587,      -14.94875158,      -12.88315161,      -14.68265024,      -16.93858078,                 1,    0.002859293875,  -0.0006377461222,                 0,                 0,                 0,   4.526648138e-06,    0.002859293875,  -0.0006377461222,                 0,     -0.2230432233
          0,           0,        2588,       -14.9504112,      -12.88521157,      -14.68446765,      -16.94016807,                 1,    0.002859293874,  -0.0006377461216,                 0,                 0,                 0,   4.526647959e-06,    0.002859293874,  -0.0006377461216,                 0,     -0.2230432232
          0,           0,        2589,      -14.95217589,      -12.88727288,      -14.68628834,      -16.94175595,                 1,    0.002859293873,   -0.000637746121,                 0,                 0,                 0,   4.526647783e-06,    0.002859293873,   -0.000637746121,                 0,     -0.2230432231
          0,           0,        2590,      -14.95388161,      -12.88933556,      -14.68810878,      -16.94334441,                 1,    0.002859293871,  -0.0006377461204,                 0,                 0,                 0,   4.526647608e-06,    0.002859293871,  -0.0006377461204,                 0,      -0.223043223
          0,           0,        2591,      -14.95561937,      -12.89139954,      -14.68992729,      -16.94493348,                 1,     0.00285929387,  -0.0006377461198,                 0,                 0,                 0,   4.526647435e-06,     0.00285929387,  -0.0006377461198,                 0,     -0.2230432228
          0,           0,        2592,      -14.95727185,      -12.89346492,       -14.6917364,      -16.94652327,                 1,    0.002859293869,  -0.0006377461192,                 0,                 0,                 0,   4.526647264e-06,    0.002859293869,  -0.0006377461192,                 0,     -0.2230432227
          0,           0,        2593,      -14.95895479,       -12.8955316,      -14.69355584,      -16.94811376,                 1,    0.002859293868,  -0.0006377461186,                 0,                 0,                 0,   4.526647094e-06,    0.002859293868,  -0.0006377461186,                 0,     -0.2230432226
          0,           0,        2594,      -14.96073037,      -12.89759971,      -14.69538703,      -16.94970501,                 1,    0.002859293866,   -0.000637746118,                 0,                 0,                 0,   4.526646926e-06,    0.002859293866,   -0.000637746118,                 0,     -0.2230432225
          0,           0,        2595,      -14.96241231,       -12.8996692,      -14.69721286,      -16.95129712,                 1,    0.002859293865,  -0.0006377461174,                 0,                 0,                 0,    4.52664676e-06,    0.002859293865,  -0.0006377461174,                 0,     -0.2230432224
          0,           0,        2596,      -14.96410584,      -12.90174003,      -14.69903552,      -16.95289022,                 1,    0.002859293864,  -0.0006377461168,                 0,                 0,                 0,   4.526646596e-06,    0.002859293864,  -0.0006377461168,                 0,     -0.2230432223
          0,           0,        2597,       -14.9658445,      -12.90381227,      -14.70085593,      -16.95448435,                 1,    0.002859293863,  -0.0006377461163,                 0,                 0,                 0,   4.526646433e-06,    0.002859293863,  -0.0006377461163,                 0,     -0.2230432222
          0,           0,        2598,      -14.96754447,       -12.9058859,      -14.70268203,      -16.95607961,                 1,    0.002859293862,  -0.0006377461157,                 0,                 0,                 0,   4.526646272e-06,    0.002859293862,  -0.0006377461157,                 0,      -0.223043222
          0,           0,        2599,      -14.96924604,      -12.90796093,      -14.70450576,       -16.9576761,                 1,    0.002859293861,  -0.0006377461151,                 0,                 0,                 0,   4.526646112e-06,    0.002859293861,  -0.0006377461151,                 0,     -0.2230432219
          0,           0,        2600,      -14.97097236,      -12.91003738,       -14.7063366,      -16.95927395,                 1,    0.002859293859,  -0.0006377461145,                 0,                 0,                 0,   4.526645954e-06,    0.002859293859,  -0.0006377461145,                 0,     -0.2230432218
          0,           0,        2601,      -14.97269116,      -12.91211523,      -14.70814947,      -16.96087321,                 1,    0.002859293858,  -0.0006377461139,                 0,                 0,                 0,   4.526645798e-06,    0.002859293858,  -0.0006377461139,                 0,     -0.2230432217
          0,           0,        2602,      -14.97438904,       -12.9141945,      -14.70996179,      -16.96247392,                 1,    0.002859293857,  -0.0006377461133,                 0,                 0,                 0,   4.526645643e-06,    0.002859293857,  -0.0006377461133,                 0,     -0.2230432216
          0,           0,        2603,      -14.97614216,       -12.9162752,      -14.71179035,      -16.96407608,                 1,    0.002859293856,  -0.0006377461128,                 0,                 0,                 0,    4.52664549e-06,    0.002859293856,  -0.0006377461128,                 0,     -0.2230432215
          0,           0,        2604,      -14.97784482,      -12.91835732,      -14.71360771,       -16.9656798,                 1,    0.002859293855,  -0.0006377461122,                 0,                 0,                 0,   4.526645338e-06,    0.002859293855,  -0.0006377461122,                 0,     -0.2230432214
          0,           0,        2605,      -14.97949966,      -12.92044086,      -14.71542908,      -16.96728503,                 1,    0.002859293854,  -0.0006377461116,                 0,                 0,                 0,   4.526645188e-06,    0.002859293854,  -0.0006377461116,                 0,     -0.2230432212
          0,           0,        2606,      -14.98122167,      -12.92252584,      -14.71724959,      -16.96889175,                 1,    0.002859293852,   -0.000637746111,                 0,                 0,                 0,    4.52664504e-06,    0.002859293852,   -0.000637746111,                 0,     -0.2230432211
          0,           0,        2607,      -14.98296736,      -12.92461228,      -14.71907486,      -16.97049992,                 1,    0.002859293851,  -0.0006377461105,                 0,                 0,                 0,   4.526644893e-06,    0.002859293851,  -0.0006377461105,                 0,      -0.223043221
          0,           0,        2608,      -14.98470242,      -12.92670016,      -14.72090108,      -16.97210954,                 1,     0.00285929385,  -0.0006377461099,                 0,                 0,                 0,   4.526644747e-06,     0.00285929385,  -0.0006377461099,                 0,     -0.2230432209
          0,           0,        2609,      -14.98639312,       -12.9287895,       -14.7227225,      -16.97372057,                 1,    0.002859293849,  -0.0006377461093,                 0,                 0,                 0,   4.526644603e-06,    0.002859293849,  -0.0006377461093,                 0,     -0.2230432208
          0,           0,        2610,      -14.98807858,       -12.9308803,      -14.72453388,      -16.97533298,                 1,    0.002859293848,  -0.0006377461087,                 0,                 0,                 0,    4.52664446e-06,    0.002859293848,  -0.0006377461087,                 0,     -0.2230432207
          0,           0,        2611,      -14.98981699,      -12.93297257,      -14.72634493,      -16.97694673,                 1,    0.002859293847,  -0.0006377461082,                 0,                 0,                 0,   4.526644319e-06,    0.002859293847,  -0.0006377461082,                 0,     -0.2230432206
          0,           0,        2612,      -14.99154447,       -12.9350663,      -14.72817202,      -16.97856173,                 1,    0.002859293846,  -0.0006377461076,                 0,                 0,                 0,   4.526644179e-06,    0.002859293846,  -0.0006377461076,                 0,     -0.2230432205
          0,           0,        2613,      -14.99322664,      -12.93716151,      -14.72999065,      -16.98017802,                 1,    0.002859293845,  -0.0006377461071,                 0,                 0,                 0,   4.526644041e-06,    0.002859293845,  -0.0006377461071,                 0,     -0.2230432204
          0,           0,        2614,      -14.99499051,      -12.93925818,      -14.73181317,      -16.98179552,                 1,    0.002859293844,  -0.0006377461065,                 0,                 0,                 0,   4.526643904e-06,    0.002859293844,  -0.0006377461065,                 0,     -0.2230432202
          0,           0,        2615,      -14.99667565,      -12.94135635,      -14.73364048,      -16.98341417,                 1,    0.002859293842,  -0.0006377461059,                 0,                 0,                 0,   4.526643768e-06,    0.002859293842,  -0.0006377461059,                 0,     -0.2230432201
          0,           0,        2616,      -14.99839649,      -12.94345598,      -14.73544918,      -16.98503408,                 1,    0.002859293841,  -0.0006377461054,                 0,                 0,                 0,   4.526643634e-06,    0.002859293841,  -0.0006377461054,                 0,       -0.22304322
          0,           0,        2617,      -15.00012752,       -12.9455571,      -14.73727084,      -16.98665516,                 1,     0.00285929384,  -0.0006377461048,                 0,                 0,                 0,   4.526643501e-06,     0.00285929384,  -0.0006377461048,                 0,     -0.2230432199
          0,           0,        2618,       -15.0018381,      -12.94765971,      -14.73910863,      -16.98827739,                 1,    0.002859293839,  -0.0006377461043,                 0,                 0,                 0,    4.52664337e-06,    0.002859293839,  -0.0006377461043,                 0,     -0.2230432198
          0,           0,        2619,      -15.00357506,      -12.94976385,      -14.74092592,      -16.98990077,                 1,    0.002859293838,  -0.0006377461037,                 0,                 0,                 0,    4.52664324e-06,    0.002859293838,  -0.0006377461037,                 0,     -0.2230432197
          0,           0,        2620,      -15.00529112,      -12.95186946,      -14.74274658,       -16.9915253,                 1,    0.002859293837,  -0.0006377461032,                 0,                 0,                 0,   4.526643111e-06,    0.002859293837,  -0.0006377461032,                 0,     -0.2230432196
          0,           0,        2621,      -15.00699037,      -12.95397656,      -14.74455233,      -16.99315088,                 1,    0.002859293836,  -0.0006377461026,                 0,                 0,                 0,   4.526642983e-06,    0.002859293836,  -0.0006377461026,                 0,     -0.2230432195
          0,           0,        2622,      -15.00874618,      -12.95608515,      -14.74638481,      -16.99477761,                 1,    0.002859293835,  -0.0006377461021,                 0,                 0,                 0,   4.526642857e-06,    0.002859293835,  -0.0006377461021,                 0,     -0.2230432194
          0,           0,        2623,      -15.01042529,      -12.95819526,      -14.74821051,       -16.9964055,                 1,    0.002859293834,  -0.0006377461015,                 0,                 0,                 0,   4.526642732e-06,    0.002859293834,  -0.0006377461015,                 0,     -0.2230432193
          0,           0,        2624,      -15.01213656,      -12.96030686,      -14.75002423,      -16.99803452,                 1,    0.002859293833,   -0.000637746101,                 0,                 0,                 0,   4.526642608e-06,    0.002859293833,   -0.000637746101,                 0,     -0.2230432191
          0,           0,        2625,      -15.01390081,      -12.96241996,      -14.75184341,      -16.99966469,                 1,    0.002859293832,  -0.0006377461004,                 0,                 0,                 0,   4.526642486e-06,    0.002859293832,  -0.0006377461004,                 0,      -0.223043219
          0,           0,        2626,       -15.0155766,      -12.96453459,      -14.75365751,      -17.00129613,                 1,    0.002859293831,  -0.0006377460999,                 0,                 0,                 0,   4.526642365e-06,    0.002859293831,  -0.0006377460999,                 0,     -0.2230432189
          0,           0,        2627,      -15.01729521,       -12.9666507,      -14.75546943,       -17.0029288,                 1,     0.00285929383,  -0.0006377460993,                 0,                 0,                 0,   4.526642245e-06,     0.00285929383,  -0.0006377460993,                 0,     -0.2230432188
          0,           0,        2628,      -15.01902809,      -12.96876833,      -14.75729988,      -17.00456269,                 1,    0.002859293829,  -0.0006377460988,                 0,                 0,                 0,   4.526642126e-06,    0.002859293829,  -0.0006377460988,                 0,     -0.2230432187
          0,           0,        2629,      -15.02073153,      -12.97088746,      -14.75913287,      -17.00619785,                 1,    0.002859293828,  -0.0006377460983,                 0,                 0,                 0,   4.526642008e-06,    0.002859293828,  -0.0006377460983,                 0,     -0.2230432186
          0,           0,        2630,      -15.02248655,      -12.97300811,      -14.76094123,      -17.00783428,                 1,    0.002859293827,  -0.0006377460977,                 0,                 0,                 0,   4.526641892e-06,    0.002859293827,  -0.0006377460977,                 0,     -0.2230432185
          0,           0,        2631,      -15.02424089,      -12.97513028,      -14.76276587,        -17.009472,                 1,    0.002859293826,  -0.0006377460972,                 0,                 0,                 0,   4.526641777e-06,    0.002859293826,  -0.0006377460972,                 0,     -0.2230432184
          0,           0,        2632,      -15.02594139,      -12.97725394,      -14.76458769,      -17.01111098,                 1,    0.002859293825,  -0.0006377460966,                 0,                 0,                 0,   4.526641663e-06,    0.002859293825,  -0.0006377460966,                 0,     -0.2230432183
          0,           0,        2633,      -15.02764965,      -12.97937911,      -14.76640291,      -17.01275124,                 1,    0.002859293824,  -0.0006377460961,                 0,                 0,                 0,    4.52664155e-06,    0.002859293824,  -0.0006377460961,                 0,     -0.2230432182
          0,           0,        2634,      -15.02932583,       -12.9815058,      -14.76820894,      -17.01439272,                 1,    0.002859293823,  -0.0006377460956,                 0,                 0,                 0,   4.526641438e-06,    0.002859293823,  -0.0006377460956,                 0,     -0.2230432181
          0,           0,        2635,      -15.03112697,      -12.98363403,      -14.77003985,      -17.01603533,                 1,    0.002859293822,  -0.0006377460951,                 0,                 0,                 0,   4.526641328e-06,    0.002859293822,  -0.0006377460951,                 0,      -0.223043218
          0,           0,        2636,      -15.03285618,      -12.98576373,      -14.77188294,      -17.01767896,                 1,    0.002859293821,  -0.0006377460945,                 0,                 0,                 0,   4.526641218e-06,    0.002859293821,  -0.0006377460945,                 0,     -0.2230432179
          0,           0,        2637,      -15.03452612,      -12.98789495,      -14.77368674,      -17.01932369,                 1,     0.00285929382,   -0.000637746094,                 0,                 0,                 0,    4.52664111e-06,     0.00285929382,   -0.000637746094,                 0,     -0.2230432177
          0,           0,        2638,      -15.03624714,      -12.99002767,       -14.7754991,      -17.02096955,                 1,    0.002859293819,  -0.0006377460935,                 0,                 0,                 0,   4.526641003e-06,    0.002859293819,  -0.0006377460935,                 0,     -0.2230432176
          0,           0,        2639,       -15.0380304,      -12.99216194,      -14.77732204,      -17.02261639,                 1,    0.002859293818,   -0.000637746093,                 0,                 0,                 0,   4.526640897e-06,    0.002859293818,   -0.000637746093,                 0,     -0.2230432175
          0,           0,        2640,       -15.0397616,       -12.9942977,      -14.77914932,      -17.02426412,                 1,    0.002859293817,  -0.0006377460924,                 0,                 0,                 0,   4.526640792e-06,    0.002859293817,  -0.0006377460924,                 0,     -0.2230432174
          0,           0,        2641,      -15.04145877,      -12.99643495,      -14.78097094,      -17.02591279,                 1,    0.002859293816,  -0.0006377460919,                 0,                 0,                 0,   4.526640688e-06,    0.002859293816,  -0.0006377460919,                 0,     -0.2230432173
          0,           0,        2642,      -15.04316699,      -12.99857371,      -14.78279983,      -17.02756233,                 1,    0.002859293815,  -0.0006377460914,                 0,                 0,                 0,   4.526640585e-06,    0.002859293815,  -0.0006377460914,                 0,     -0.2230432172
          0,           0,        2643,       -15.0449218,      -13.00071401,      -14.78459908,      -17.02921282,                 1,    0.002859293814,  -0.0006377460909,                 0,                 0,                 0,   4.526640483e-06,    0.002859293814,  -0.0006377460909,                 0,     -0.2230432171
          0,           0,        2644,      -15.04667697,      -13.00285582,      -14.78642159,      -17.03086416,                 1,    0.002859293813,  -0.0006377460904,                 0,                 0,                 0,   4.526640382e-06,    0.002859293813,  -0.0006377460904,                 0,      -0.223043217
          0,           0,        2645,      -15.04830324,       -13.0049991,      -14.78824145,      -17.03251631,                 1,    0.002859293812,  -0.0006377460899,                 0,                 0,                 0,   4.526640282e-06,    0.002859293812,  -0.0006377460899,                 0,     -0.2230432169
          0,           0,        2646,      -15.05011953,      -13.00714389,      -14.79008019,      -17.03416927,                 1,    0.002859293811,  -0.0006377460893,                 0,                 0,                 0,   4.526640184e-06,    0.002859293811,  -0.0006377460893,                 0,     -0.2230432168
          0,           0,        2647,      -15.05182252,      -13.00929022,      -14.79188373,      -17.03582314,                 1,     0.00285929381,  -0.0006377460888,                 0,                 0,                 0,   4.526640086e-06,     0.00285929381,  -0.0006377460888,                 0,     -0.2230432167
          0,           0,        2648,      -15.05353095,      -13.01143802,      -14.79370503,      -17.03747786,                 1,    0.002859293809,  -0.0006377460883,                 0,                 0,                 0,   4.526639989e-06,    0.002859293809,  -0.0006377460883,                 0,     -0.2230432166
          0,           0,        2649,      -15.05530937,      -13.01358738,      -14.79552097,      -17.03913342,                 1,    0.002859293808,  -0.0006377460878,                 0,                 0,                 0,   4.526639893e-06,    0.002859293808,  -0.0006377460878,                 0,     -0.2230432165
          0,           0,        2650,      -15.05701569,       -13.0157382,      -14.79735702,      -17.04078979,                 1,    0.002859293807,  -0.0006377460873,                 0,                 0,                 0,   4.526639798e-06,    0.002859293807,  -0.0006377460873,                 0,     -0.2230432164
          0,           0,        2651,      -15.05876243,      -13.01789051,      -14.79918679,      -17.04244697,                 1,    0.002859293806,  -0.0006377460868,                 0,                 0,                 0,   4.526639705e-06,    0.002859293806,  -0.0006377460868,                 0,     -0.2230432163
          0,           0,        2652,      -15.06048148,      -13.02004432,           -14.801,        -17.044105,                 1,    0.002859293805,  -0.0006377460863,                 0,                 0,                 0,   4.526639612e-06,    0.002859293805,  -0.0006377460863,                 0,     -0.2230432162
          0,           0,        2653,      -15.06225528,      -13.02219966,      -14.80283264,      -17.04576392,                 1,    0.002859293804,  -0.0006377460858,                 0,                 0,                 0,    4.52663952e-06,    0.002859293804,  -0.0006377460858,                 0,     -0.2230432161
          0,           0,        2654,      -15.06393676,      -13.02435648,      -14.80465605,      -17.04742368,                 1,    0.002859293803,  -0.0006377460853,                 0,                 0,                 0,   4.526639429e-06,    0.002859293803,  -0.0006377460853,                 0,      -0.223043216
          0,           0,        2655,      -15.06571254,      -13.02651481,        -14.806479,      -17.04908431,                 1,    0.002859293802,  -0.0006377460848,                 0,                 0,                 0,   4.526639339e-06,    0.002859293802,  -0.0006377460848,                 0,     -0.2230432159
          0,           0,        2656,       -15.0674351,      -13.02867462,      -14.80830185,       -17.0507458,                 1,    0.002859293802,  -0.0006377460843,                 0,                 0,                 0,    4.52663925e-06,    0.002859293802,  -0.0006377460843,                 0,     -0.2230432158
          0,           0,        2657,      -15.06917054,      -13.03083595,      -14.81011971,      -17.05240816,                 1,    0.002859293801,  -0.0006377460838,                 0,                 0,                 0,   4.526639161e-06,    0.002859293801,  -0.0006377460838,                 0,     -0.2230432157
          0,           0,        2658,      -15.07083616,      -13.03299873,      -14.81194386,      -17.05407133,                 1,      0.0028592938,  -0.0006377460833,                 0,                 0,                 0,   4.526639074e-06,      0.0028592938,  -0.0006377460833,                 0,     -0.2230432156
          0,           0,        2659,      -15.07263038,      -13.03516302,      -14.81376504,      -17.05573534,                 1,    0.002859293799,  -0.0006377460828,                 0,                 0,                 0,   4.526638988e-06,    0.002859293799,  -0.0006377460828,                 0,     -0.2230432155
          0,           0,        2660,       -15.0743999,      -13.03732884,      -14.81558287,      -17.05740021,                 1,    0.002859293798,  -0.0006377460824,                 0,                 0,                 0,   4.526638902e-06,    0.002859293798,  -0.0006377460824,                 0,     -0.2230432154
          0,           0,        2661,      -15.07606866,      -13.03949611,      -14.81742771,      -17.05906591,                 1,    0.002859293797,  -0.0006377460819,                 0,                 0,                 0,   4.526638817e-06,    0.002859293797,  -0.0006377460819,                 0,     -0.2230432153
          0,           0,        2662,      -15.07785599,      -13.04166488,      -14.81924695,      -17.06073247,                 1,    0.002859293796,  -0.0006377460814,                 0,                 0,                 0,   4.526638734e-06,    0.002859293796,  -0.0006377460814,                 0,     -0.2230432152
          0,           0,        2663,      -15.07961762,      -13.04383513,      -14.82107903,      -17.06239987,                 1,    0.002859293795,  -0.0006377460809,                 0,                 0,                 0,   4.526638651e-06,    0.002859293795,  -0.0006377460809,                 0,     -0.2230432151
          0,           0,        2664,      -15.08134316,      -13.04600689,      -14.82291055,      -17.06406813,                 1,    0.002859293794,  -0.0006377460804,                 0,                 0,                 0,   4.526638569e-06,    0.002859293794,  -0.0006377460804,                 0,      -0.223043215
          0,           0,        2665,      -15.08306348,      -13.04818007,      -14.82473762,      -17.06573722,                 1,    0.002859293793,  -0.0006377460799,                 0,                 0,                 0,   4.526638488e-06,    0.002859293793,  -0.0006377460799,                 0,     -0.2230432149
          0,           0,        2666,      -15.08481114,      -13.05035475,      -14.82657602,      -17.06740713,                 1,    0.002859293793,  -0.0006377460795,                 0,                 0,                 0,   4.526638407e-06,    0.002859293793,  -0.0006377460795,                 0,     -0.2230432148
          0,           0,        2667,      -15.08651596,      -13.05253094,      -14.82841947,      -17.06907783,                 1,    0.002859293792,   -0.000637746079,                 0,                 0,                 0,   4.526638328e-06,    0.002859293792,   -0.000637746079,                 0,     -0.2230432147
          0,           0,        2668,      -15.08829065,      -13.05470864,      -14.83022496,      -17.07074942,                 1,    0.002859293791,  -0.0006377460785,                 0,                 0,                 0,   4.526638249e-06,    0.002859293791,  -0.0006377460785,                 0,     -0.2230432146
          0,           0,        2669,      -15.09002431,      -13.05688773,      -14.83205493,      -17.07242182,                 1,     0.00285929379,   -0.000637746078,                 0,                 0,                 0,   4.526638171e-06,     0.00285929379,   -0.000637746078,                 0,     -0.2230432145
          0,           0,        2670,      -15.09174011,      -13.05906833,      -14.83388761,      -17.07409495,                 1,    0.002859293789,  -0.0006377460775,                 0,                 0,                 0,   4.526638094e-06,    0.002859293789,  -0.0006377460775,                 0,     -0.2230432144
          0,           0,        2671,      -15.09349245,      -13.06125044,      -14.83571675,      -17.07576888,                 1,    0.002859293788,  -0.0006377460771,                 0,                 0,                 0,   4.526638017e-06,    0.002859293788,  -0.0006377460771,                 0,     -0.2230432143
          0,           0,        2672,         -15.09532,      -13.06343398,      -14.83753562,      -17.07744357,                 1,    0.002859293787,  -0.0006377460766,                 0,                 0,                 0,   4.526637942e-06,    0.002859293787,  -0.0006377460766,                 0,     -0.2230432142
          0,           0,        2673,      -15.09699075,      -13.06561898,      -14.83937111,      -17.07911905,                 1,    0.002859293787,  -0.0006377460761,                 0,                 0,                 0,   4.526637867e-06,    0.002859293787,  -0.0006377460761,                 0,     -0.2230432141
          0,           0,        2674,      -15.09872344,      -13.06780543,      -14.84121524,      -17.08079527,                 1,    0.002859293786,  -0.0006377460757,                 0,                 0,                 0,   4.526637793e-06,    0.002859293786,  -0.0006377460757,                 0,      -0.223043214
          0,           0,        2675,      -15.10049548,      -13.06999337,      -14.84303379,      -17.08247227,                 1,    0.002859293785,  -0.0006377460752,                 0,                 0,                 0,    4.52663772e-06,    0.002859293785,  -0.0006377460752,                 0,     -0.2230432139
          0,           0,        2676,      -15.10229364,      -13.07218277,      -14.84487468,      -17.08414998,                 1,    0.002859293784,  -0.0006377460747,                 0,                 0,                 0,   4.526637648e-06,    0.002859293784,  -0.0006377460747,                 0,     -0.2230432138
          0,           0,        2677,      -15.10395781,      -13.07437364,      -14.84670414,      -17.08582851,                 1,    0.002859293783,  -0.0006377460743,                 0,                 0,                 0,   4.526637576e-06,    0.002859293783,  -0.0006377460743,                 0,     -0.2230432137
          0,           0,        2678,      -15.10571054,      -13.07656594,      -14.84853094,      -17.08750778,                 1,    0.002859293782,  -0.0006377460738,                 0,                 0,                 0,   4.526637505e-06,    0.002859293782,  -0.0006377460738,                 0,     -0.2230432136
          0,           0,        2679,      -15.10749368,       -13.0787597,      -14.85037287,      -17.08918775,                 1,    0.002859293782,  -0.0006377460734,                 0,                 0,                 0,   4.526637435e-06,    0.002859293782,  -0.0006377460734,                 0,     -0.2230432135
          0,           0,        2680,      -15.10921259,      -13.08095496,      -14.85221254,       -17.0908684,                 1,    0.002859293781,  -0.0006377460729,                 0,                 0,                 0,   4.526637365e-06,    0.002859293781,  -0.0006377460729,                 0,     -0.2230432134
          0,           0,        2681,      -15.11096207,      -13.08315156,      -14.85406803,      -17.09254966,                 1,     0.00285929378,  -0.0006377460724,                 0,                 0,                 0,   4.526637297e-06,     0.00285929378,  -0.0006377460724,                 0,     -0.2230432133
          0,           0,        2682,      -15.11271606,      -13.08534967,      -14.85589757,      -17.09423172,                 1,    0.002859293779,   -0.000637746072,                 0,                 0,                 0,   4.526637229e-06,    0.002859293779,   -0.000637746072,                 0,     -0.2230432132
          0,           0,        2683,      -15.11447331,      -13.08754924,      -14.85772349,      -17.09591448,                 1,    0.002859293778,  -0.0006377460715,                 0,                 0,                 0,   4.526637162e-06,    0.002859293778,  -0.0006377460715,                 0,     -0.2230432131
          0,           0,        2684,      -15.11627766,      -13.08975022,      -14.85957596,      -17.09759789,                 1,    0.002859293778,  -0.0006377460711,                 0,                 0,                 0,   4.526637095e-06,    0.002859293778,  -0.0006377460711,                 0,      -0.223043213
          0,           0,        2685,      -15.11799096,      -13.09195264,      -14.86141705,      -17.09928204,                 1,    0.002859293777,  -0.0006377460706,                 0,                 0,                 0,   4.526637029e-06,    0.002859293777,  -0.0006377460706,                 0,     -0.2230432129
          0,           0,        2686,      -15.11972802,       -13.0941565,      -14.86324875,      -17.10096689,                 1,    0.002859293776,  -0.0006377460702,                 0,                 0,                 0,   4.526636964e-06,    0.002859293776,  -0.0006377460702,                 0,     -0.2230432128
          0,           0,        2687,      -15.12147884,      -13.09636179,      -14.86509124,      -17.10265241,                 1,    0.002859293775,  -0.0006377460697,                 0,                 0,                 0,   4.526636899e-06,    0.002859293775,  -0.0006377460697,                 0,     -0.2230432127
          0,           0,        2688,      -15.12326822,      -13.09856852,      -14.86692324,      -17.10433859,                 1,    0.002859293774,  -0.0006377460693,                 0,                 0,                 0,   4.526636835e-06,    0.002859293774,  -0.0006377460693,                 0,     -0.2230432126
          0,           0,        2689,      -15.12500122,      -13.10077662,      -14.86878552,      -17.10602537,                 1,    0.002859293774,  -0.0006377460688,                 0,                 0,                 0,   4.526636772e-06,    0.002859293774,  -0.0006377460688,                 0,     -0.2230432125
          0,           0,        2690,      -15.12674395,      -13.10298615,      -14.87062218,      -17.10771286,                 1,    0.002859293773,  -0.0006377460684,                 0,                 0,                 0,    4.52663671e-06,    0.002859293773,  -0.0006377460684,                 0,     -0.2230432124
          0,           0,        2691,      -15.12849768,      -13.10519714,      -14.87245041,      -17.10940106,                 1,    0.002859293772,   -0.000637746068,                 0,                 0,                 0,   4.526636648e-06,    0.002859293772,   -0.000637746068,                 0,     -0.2230432123
          0,           0,        2692,      -15.13025676,      -13.10740954,      -14.87429037,      -17.11108992,                 1,    0.002859293771,  -0.0006377460675,                 0,                 0,                 0,   4.526636587e-06,    0.002859293771,  -0.0006377460675,                 0,     -0.2230432123
          0,           0,        2693,      -15.13204185,      -13.10962333,       -14.8761462,      -17.11277944,                 1,     0.00285929377,  -0.0006377460671,                 0,                 0,                 0,   4.526636526e-06,     0.00285929377,  -0.0006377460671,                 0,     -0.2230432122
          0,           0,        2694,      -15.13373723,      -13.11183852,        -14.877986,      -17.11446966,                 1,     0.00285929377,  -0.0006377460666,                 0,                 0,                 0,   4.526636466e-06,     0.00285929377,  -0.0006377460666,                 0,     -0.2230432121
          0,           0,        2695,      -15.13553149,      -13.11405509,      -14.87983537,      -17.11616054,                 1,    0.002859293769,  -0.0006377460662,                 0,                 0,                 0,   4.526636407e-06,    0.002859293769,  -0.0006377460662,                 0,      -0.223043212
          0,           0,        2696,      -15.13732016,      -13.11627309,      -14.88168974,      -17.11785205,                 1,    0.002859293768,  -0.0006377460658,                 0,                 0,                 0,   4.526636349e-06,    0.002859293768,  -0.0006377460658,                 0,     -0.2230432119
          0,           0,        2697,      -15.13903126,      -13.11849246,      -14.88353431,      -17.11954424,                 1,    0.002859293767,  -0.0006377460653,                 0,                 0,                 0,   4.526636291e-06,    0.002859293767,  -0.0006377460653,                 0,     -0.2230432118
          0,           0,        2698,      -15.14086552,      -13.12071327,      -14.88537698,      -17.12123717,                 1,    0.002859293767,  -0.0006377460649,                 0,                 0,                 0,   4.526636233e-06,    0.002859293767,  -0.0006377460649,                 0,     -0.2230432117
          0,           0,        2699,      -15.14255621,      -13.12293542,      -14.88720353,      -17.12293078,                 1,    0.002859293766,  -0.0006377460645,                 0,                 0,                 0,   4.526636176e-06,    0.002859293766,  -0.0006377460645,                 0,     -0.2230432116
          0,           0,        2700,      -15.14430724,      -13.12515893,      -14.88905555,      -17.12462507,                 1,    0.002859293765,   -0.000637746064,                 0,                 0,                 0,    4.52663612e-06,    0.002859293765,   -0.000637746064,                 0,     -0.2230432115
          0,           0,        2701,      -15.14610166,      -13.12738391,      -14.89089981,      -17.12631998,                 1,    0.002859293764,  -0.0006377460636,                 0,                 0,                 0,   4.526636064e-06,    0.002859293764,  -0.0006377460636,                 0,     -0.2230432114
          0,           0,        2702,      -15.14788114,      -13.12961019,      -14.89276033,      -17.12801549,                 1,    0.002859293764,  -0.0006377460632,                 0,                 0,                 0,    4.52663601e-06,    0.002859293764,  -0.0006377460632,                 0,     -0.2230432113
          0,           0,        2703,      -15.14960558,      -13.13183782,      -14.89460747,      -17.12971172,                 1,    0.002859293763,  -0.0006377460628,                 0,                 0,                 0,   4.526635955e-06,    0.002859293763,  -0.0006377460628,                 0,     -0.2230432112
          0,           0,        2704,      -15.15134247,      -13.13406686,      -14.89645199,      -17.13140864,                 1,    0.002859293762,  -0.0006377460624,                 0,                 0,                 0,   4.526635902e-06,    0.002859293762,  -0.0006377460624,                 0,     -0.2230432112
          0,           0,        2705,      -15.15317338,      -13.13629726,      -14.89831285,      -17.13310633,                 1,    0.002859293761,  -0.0006377460619,                 0,                 0,                 0,   4.526635848e-06,    0.002859293761,  -0.0006377460619,                 0,     -0.2230432111
          0,           0,        2706,      -15.15489179,      -13.13852902,      -14.90014364,      -17.13480467,                 1,    0.002859293761,  -0.0006377460615,                 0,                 0,                 0,   4.526635796e-06,    0.002859293761,  -0.0006377460615,                 0,      -0.223043211
          0,           0,        2707,      -15.15671916,       -13.1407621,      -14.90199991,      -17.13650364,                 1,     0.00285929376,  -0.0006377460611,                 0,                 0,                 0,   4.526635744e-06,     0.00285929376,  -0.0006377460611,                 0,     -0.2230432109
          0,           0,        2708,       -15.1584865,      -13.14299655,      -14.90387885,      -17.13820327,                 1,    0.002859293759,  -0.0006377460607,                 0,                 0,                 0,   4.526635692e-06,    0.002859293759,  -0.0006377460607,                 0,     -0.2230432108
          0,           0,        2709,      -15.16018987,      -13.14523227,      -14.90573214,      -17.13990366,                 1,    0.002859293759,  -0.0006377460603,                 0,                 0,                 0,   4.526635641e-06,    0.002859293759,  -0.0006377460603,                 0,     -0.2230432107
          0,           0,        2710,      -15.16194124,      -13.14746939,      -14.90757441,      -17.14160478,                 1,    0.002859293758,  -0.0006377460599,                 0,                 0,                 0,   4.526635591e-06,    0.002859293758,  -0.0006377460599,                 0,     -0.2230432106
          0,           0,        2711,      -15.16370857,      -13.14970782,      -14.90943392,       -17.1433066,                 1,    0.002859293757,  -0.0006377460594,                 0,                 0,                 0,   4.526635541e-06,    0.002859293757,  -0.0006377460594,                 0,     -0.2230432105
          0,           0,        2712,      -15.16552967,      -13.15194763,      -14.91129573,      -17.14500906,                 1,    0.002859293756,   -0.000637746059,                 0,                 0,                 0,   4.526635492e-06,    0.002859293756,   -0.000637746059,                 0,     -0.2230432104
          0,           0,        2713,      -15.16727283,      -13.15418875,      -14.91314383,      -17.14671231,                 1,    0.002859293756,  -0.0006377460586,                 0,                 0,                 0,   4.526635443e-06,    0.002859293756,  -0.0006377460586,                 0,     -0.2230432104
          0,           0,        2714,      -15.16905734,      -13.15643114,      -14.91499269,      -17.14841624,                 1,    0.002859293755,  -0.0006377460582,                 0,                 0,                 0,   4.526635395e-06,    0.002859293755,  -0.0006377460582,                 0,     -0.2230432103
          0,           0,        2715,       -15.1708716,      -13.15867486,      -14.91686432,      -17.15012089,                 1,    0.002859293754,  -0.0006377460578,                 0,                 0,                 0,   4.526635347e-06,    0.002859293754,  -0.0006377460578,                 0,     -0.2230432102
          0,           0,        2716,      -15.17259051,       -13.1609199,      -14.91871403,      -17.15182625,                 1,    0.002859293754,  -0.0006377460574,                 0,                 0,                 0,     4.5266353e-06,    0.002859293754,  -0.0006377460574,                 0,     -0.2230432101
          0,           0,        2717,      -15.17441446,      -13.16316618,      -14.92057639,      -17.15353229,                 1,    0.002859293753,   -0.000637746057,                 0,                 0,                 0,   4.526635253e-06,    0.002859293753,   -0.000637746057,                 0,       -0.22304321
          0,           0,        2718,      -15.17614707,      -13.16541383,      -14.92243143,      -17.15523906,                 1,    0.002859293752,  -0.0006377460566,                 0,                 0,                 0,   4.526635207e-06,    0.002859293752,  -0.0006377460566,                 0,     -0.2230432099
          0,           0,        2719,      -15.17786724,       -13.1676627,      -14.92427955,      -17.15694662,                 1,    0.002859293752,  -0.0006377460562,                 0,                 0,                 0,   4.526635162e-06,    0.002859293752,  -0.0006377460562,                 0,     -0.2230432098
          0,           0,        2720,      -15.17968715,      -13.16991291,      -14.92614817,      -17.15865491,                 1,    0.002859293751,  -0.0006377460558,                 0,                 0,                 0,   4.526635117e-06,    0.002859293751,  -0.0006377460558,                 0,     -0.2230432097
          0,           0,        2721,      -15.18144138,      -13.17216437,      -14.92800587,      -17.16036385,                 1,     0.00285929375,  -0.0006377460554,                 0,                 0,                 0,   4.526635072e-06,     0.00285929375,  -0.0006377460554,                 0,     -0.2230432097
          0,           0,        2722,      -15.18320793,      -13.17441709,      -14.92988456,      -17.16207355,                 1,     0.00285929375,   -0.000637746055,                 0,                 0,                 0,   4.526635028e-06,     0.00285929375,   -0.000637746055,                 0,     -0.2230432096
          0,           0,        2723,       -15.1850074,      -13.17667112,      -14.93175756,        -17.163784,                 1,    0.002859293749,  -0.0006377460546,                 0,                 0,                 0,   4.526634985e-06,    0.002859293749,  -0.0006377460546,                 0,     -0.2230432095
          0,           0,        2724,      -15.18684558,      -13.17892641,      -14.93360803,      -17.16549529,                 1,    0.002859293748,  -0.0006377460542,                 0,                 0,                 0,   4.526634942e-06,    0.002859293748,  -0.0006377460542,                 0,     -0.2230432094
          0,           0,        2725,      -15.18855644,       -13.1811829,      -14.93547745,      -17.16720731,                 1,    0.002859293748,  -0.0006377460538,                 0,                 0,                 0,   4.526634899e-06,    0.002859293748,  -0.0006377460538,                 0,     -0.2230432093
          0,           0,        2726,      -15.19030854,      -13.18344071,       -14.9373458,      -17.16892007,                 1,    0.002859293747,  -0.0006377460534,                 0,                 0,                 0,   4.526634857e-06,    0.002859293747,  -0.0006377460534,                 0,     -0.2230432092
          0,           0,        2727,      -15.19214118,      -13.18569969,      -14.93921067,      -17.17063354,                 1,    0.002859293746,  -0.0006377460531,                 0,                 0,                 0,   4.526634815e-06,    0.002859293746,  -0.0006377460531,                 0,     -0.2230432091
          0,           0,        2728,      -15.19389327,      -13.18795997,      -14.94106003,      -17.17234779,                 1,    0.002859293746,  -0.0006377460527,                 0,                 0,                 0,   4.526634774e-06,    0.002859293746,  -0.0006377460527,                 0,     -0.2230432091
          0,           0,        2729,      -15.19559649,      -13.19022142,      -14.94291278,       -17.1740629,                 1,    0.002859293745,  -0.0006377460523,                 0,                 0,                 0,   4.526634733e-06,    0.002859293745,  -0.0006377460523,                 0,      -0.223043209
          0,           0,        2730,      -15.19742478,      -13.19248416,      -14.94477492,       -17.1757787,                 1,    0.002859293744,  -0.0006377460519,                 0,                 0,                 0,   4.526634693e-06,    0.002859293744,  -0.0006377460519,                 0,     -0.2230432089
          0,           0,        2731,      -15.19928239,      -13.19474811,      -14.94664459,      -17.17749525,                 1,    0.002859293744,  -0.0006377460515,                 0,                 0,                 0,   4.526634653e-06,    0.002859293744,  -0.0006377460515,                 0,     -0.2230432088
          0,           0,        2732,      -15.20102854,      -13.19701322,      -14.94851119,      -17.17921255,                 1,    0.002859293743,  -0.0006377460511,                 0,                 0,                 0,   4.526634614e-06,    0.002859293743,  -0.0006377460511,                 0,     -0.2230432087
          0,           0,        2733,      -15.20279116,      -13.19927953,      -14.95039384,      -17.18093063,                 1,    0.002859293742,  -0.0006377460508,                 0,                 0,                 0,   4.526634575e-06,    0.002859293742,  -0.0006377460508,                 0,     -0.2230432086
          0,           0,        2734,      -15.20458732,      -13.20154705,      -14.95225322,      -17.18264953,                 1,    0.002859293742,  -0.0006377460504,                 0,                 0,                 0,   4.526634536e-06,    0.002859293742,  -0.0006377460504,                 0,     -0.2230432086
          0,           0,        2735,      -15.20629924,      -13.20381576,      -14.95410751,      -17.18436922,                 1,    0.002859293741,    -0.00063774605,                 0,                 0,                 0,   4.526634498e-06,    0.002859293741,    -0.00063774605,                 0,     -0.2230432085
          0,           0,        2736,      -15.20807823,      -13.20608571,      -14.95598992,      -17.18608973,                 1,     0.00285929374,  -0.0006377460496,                 0,                 0,                 0,   4.526634461e-06,     0.00285929374,  -0.0006377460496,                 0,     -0.2230432084
          0,           0,        2737,      -15.20990357,      -13.20835683,       -14.9578422,      -17.18781098,                 1,     0.00285929374,  -0.0006377460493,                 0,                 0,                 0,   4.526634424e-06,     0.00285929374,  -0.0006377460493,                 0,     -0.2230432083
          0,           0,        2738,      -15.21173141,      -13.21062908,      -14.95971819,      -17.18953302,                 1,    0.002859293739,  -0.0006377460489,                 0,                 0,                 0,   4.526634387e-06,    0.002859293739,  -0.0006377460489,                 0,     -0.2230432082
          0,           0,        2739,       -15.2134797,      -13.21290248,      -14.96158094,      -17.19125582,                 1,    0.002859293739,  -0.0006377460485,                 0,                 0,                 0,   4.526634351e-06,    0.002859293739,  -0.0006377460485,                 0,     -0.2230432082
          0,           0,        2740,      -15.21518748,      -13.21517705,      -14.96346107,      -17.19297947,                 1,    0.002859293738,  -0.0006377460481,                 0,                 0,                 0,   4.526634315e-06,    0.002859293738,  -0.0006377460481,                 0,     -0.2230432081
          0,           0,        2741,      -15.21701308,      -13.21745283,      -14.96531744,      -17.19470391,                 1,    0.002859293737,  -0.0006377460478,                 0,                 0,                 0,   4.526634279e-06,    0.002859293737,  -0.0006377460478,                 0,      -0.223043208
          0,           0,        2742,      -15.21881456,      -13.21972968,      -14.96722322,      -17.19642911,                 1,    0.002859293737,  -0.0006377460474,                 0,                 0,                 0,   4.526634244e-06,    0.002859293737,  -0.0006377460474,                 0,     -0.2230432079
          0,           0,        2743,      -15.22065508,      -13.22200768,      -14.96910622,      -17.19815512,                 1,    0.002859293736,   -0.000637746047,                 0,                 0,                 0,    4.52663421e-06,    0.002859293736,   -0.000637746047,                 0,     -0.2230432078
          0,           0,        2744,      -15.22237799,      -13.22428681,      -14.97096831,      -17.19988201,                 1,    0.002859293735,  -0.0006377460467,                 0,                 0,                 0,   4.526634176e-06,    0.002859293735,  -0.0006377460467,                 0,     -0.2230432078
          0,           0,        2745,      -15.22414363,      -13.22656709,      -14.97283112,      -17.20160975,                 1,    0.002859293735,  -0.0006377460463,                 0,                 0,                 0,   4.526634142e-06,    0.002859293735,  -0.0006377460463,                 0,     -0.2230432077
          0,           0,        2746,      -15.22598969,      -13.22884848,      -14.97470608,      -17.20333827,                 1,    0.002859293734,   -0.000637746046,                 0,                 0,                 0,   4.526634108e-06,    0.002859293734,   -0.000637746046,                 0,     -0.2230432076
          0,           0,        2747,      -15.22779461,      -13.23113098,      -14.97657266,      -17.20506755,                 1,    0.002859293734,  -0.0006377460456,                 0,                 0,                 0,   4.526634075e-06,    0.002859293734,  -0.0006377460456,                 0,     -0.2230432075
          0,           0,        2748,      -15.22953002,      -13.23341454,      -14.97845305,      -17.20679762,                 1,    0.002859293733,  -0.0006377460452,                 0,                 0,                 0,   4.526634043e-06,    0.002859293733,  -0.0006377460452,                 0,     -0.2230432074
          0,           0,        2749,      -15.23132778,      -13.23569922,      -14.98031261,      -17.20852858,                 1,    0.002859293732,  -0.0006377460449,                 0,                 0,                 0,   4.526634011e-06,    0.002859293732,  -0.0006377460449,                 0,     -0.2230432074
          0,           0,        2750,      -15.23316376,      -13.23798499,      -14.98220254,      -17.21026041,                 1,    0.002859293732,  -0.0006377460445,                 0,                 0,                 0,   4.526633979e-06,    0.002859293732,  -0.0006377460445,                 0,     -0.2230432073
          0,           0,        2751,      -15.23494453,       -13.2402718,      -14.98409676,      -17.21199296,                 1,    0.002859293731,  -0.0006377460442,                 0,                 0,                 0,   4.526633947e-06,    0.002859293731,  -0.0006377460442,                 0,     -0.2230432072
          0,           0,        2752,      -15.23674629,      -13.24255969,      -14.98599815,      -17.21372639,                 1,    0.002859293731,  -0.0006377460438,                 0,                 0,                 0,   4.526633916e-06,    0.002859293731,  -0.0006377460438,                 0,     -0.2230432071
          0,           0,        2753,      -15.23849049,      -13.24484862,      -14.98786188,      -17.21546066,                 1,     0.00285929373,  -0.0006377460435,                 0,                 0,                 0,   4.526633886e-06,     0.00285929373,  -0.0006377460435,                 0,     -0.2230432071
          0,           0,        2754,      -15.24025494,      -13.24713863,      -14.98972409,      -17.21719581,                 1,     0.00285929373,  -0.0006377460431,                 0,                 0,                 0,   4.526633855e-06,     0.00285929373,  -0.0006377460431,                 0,      -0.223043207
          0,           0,        2755,      -15.24209015,      -13.24942976,       -14.9915769,       -17.2189319,                 1,    0.002859293729,  -0.0006377460428,                 0,                 0,                 0,   4.526633825e-06,    0.002859293729,  -0.0006377460428,                 0,     -0.2230432069
          0,           0,        2756,      -15.24388757,      -13.25172186,      -14.99346448,      -17.22066867,                 1,    0.002859293728,  -0.0006377460424,                 0,                 0,                 0,   4.526633796e-06,    0.002859293728,  -0.0006377460424,                 0,     -0.2230432068
          0,           0,        2757,      -15.24567646,      -13.25401492,      -14.99537264,      -17.22240625,                 1,    0.002859293728,  -0.0006377460421,                 0,                 0,                 0,   4.526633767e-06,    0.002859293728,  -0.0006377460421,                 0,     -0.2230432067
          0,           0,        2758,      -15.24743141,      -13.25630898,      -14.99726037,      -17.22414468,                 1,    0.002859293727,  -0.0006377460417,                 0,                 0,                 0,   4.526633738e-06,    0.002859293727,  -0.0006377460417,                 0,     -0.2230432067
          0,           0,        2759,      -15.24928988,      -13.25860416,      -14.99913808,      -17.22588398,                 1,    0.002859293727,  -0.0006377460414,                 0,                 0,                 0,   4.526633709e-06,    0.002859293727,  -0.0006377460414,                 0,     -0.2230432066
          0,           0,        2760,      -15.25107428,      -13.26090035,      -15.00098961,      -17.22762427,                 1,    0.002859293726,   -0.000637746041,                 0,                 0,                 0,   4.526633681e-06,    0.002859293726,   -0.000637746041,                 0,     -0.2230432065
          0,           0,        2761,      -15.25279698,      -13.26319742,      -15.00288047,      -17.22936535,                 1,    0.002859293726,  -0.0006377460407,                 0,                 0,                 0,   4.526633653e-06,    0.002859293726,  -0.0006377460407,                 0,     -0.2230432064
          0,           0,        2762,      -15.25462479,      -13.26549552,      -15.00479419,      -17.23110724,                 1,    0.002859293725,  -0.0006377460404,                 0,                 0,                 0,   4.526633626e-06,    0.002859293725,  -0.0006377460404,                 0,     -0.2230432064
          0,           0,        2763,       -15.2563699,       -13.2677946,      -15.00665496,      -17.23285002,                 1,    0.002859293724,    -0.00063774604,                 0,                 0,                 0,   4.526633599e-06,    0.002859293724,    -0.00063774604,                 0,     -0.2230432063
          0,           0,        2764,      -15.25823899,      -13.27009469,      -15.00851793,      -17.23459367,                 1,    0.002859293724,  -0.0006377460397,                 0,                 0,                 0,   4.526633572e-06,    0.002859293724,  -0.0006377460397,                 0,     -0.2230432062
          0,           0,        2765,      -15.26000733,      -13.27239571,      -15.01038955,      -17.23633823,                 1,    0.002859293723,  -0.0006377460394,                 0,                 0,                 0,   4.526633546e-06,    0.002859293723,  -0.0006377460394,                 0,     -0.2230432061
          0,           0,        2766,      -15.26180149,      -13.27469767,      -15.01227654,      -17.23808362,                 1,    0.002859293723,   -0.000637746039,                 0,                 0,                 0,    4.52663352e-06,    0.002859293723,   -0.000637746039,                 0,     -0.2230432061
          0,           0,        2767,      -15.26363713,      -13.27700059,      -15.01420578,      -17.23982978,                 1,    0.002859293722,  -0.0006377460387,                 0,                 0,                 0,   4.526633494e-06,    0.002859293722,  -0.0006377460387,                 0,      -0.223043206
          0,           0,        2768,       -15.2654512,      -13.27930436,      -15.01609257,      -17.24157684,                 1,    0.002859293722,  -0.0006377460384,                 0,                 0,                 0,   4.526633469e-06,    0.002859293722,  -0.0006377460384,                 0,     -0.2230432059
          0,           0,        2769,      -15.26723028,      -13.28160911,       -15.0179639,      -17.24332484,                 1,    0.002859293721,   -0.000637746038,                 0,                 0,                 0,   4.526633444e-06,    0.002859293721,   -0.000637746038,                 0,     -0.2230432059
          0,           0,        2770,       -15.2690629,      -13.28391478,      -15.01984501,      -17.24507372,                 1,    0.002859293721,  -0.0006377460377,                 0,                 0,                 0,   4.526633419e-06,    0.002859293721,  -0.0006377460377,                 0,     -0.2230432058
          0,           0,        2771,      -15.27084584,      -13.28622131,      -15.02175732,      -17.24682351,                 1,     0.00285929372,  -0.0006377460374,                 0,                 0,                 0,   4.526633395e-06,     0.00285929372,  -0.0006377460374,                 0,     -0.2230432057
          0,           0,        2772,      -15.27260748,      -13.28852879,      -15.02363432,      -17.24857428,                 1,    0.002859293719,  -0.0006377460371,                 0,                 0,                 0,   4.526633371e-06,    0.002859293719,  -0.0006377460371,                 0,     -0.2230432056
          0,           0,        2773,      -15.27435043,      -13.29083714,      -15.02550104,       -17.2503259,                 1,    0.002859293719,  -0.0006377460367,                 0,                 0,                 0,   4.526633347e-06,    0.002859293719,  -0.0006377460367,                 0,     -0.2230432056
          0,           0,        2774,      -15.27632565,      -13.29314637,       -15.0274407,      -17.25207832,                 1,    0.002859293718,  -0.0006377460364,                 0,                 0,                 0,   4.526633323e-06,    0.002859293718,  -0.0006377460364,                 0,     -0.2230432055
          0,           0,        2775,      -15.27807953,      -13.29545655,      -15.02933028,      -17.25383164,                 1,    0.002859293718,  -0.0006377460361,                 0,                 0,                 0,     4.5266333e-06,    0.002859293718,  -0.0006377460361,                 0,     -0.2230432054
          0,           0,        2776,      -15.27980844,      -13.29776743,      -15.03122626,      -17.25558582,                 1,    0.002859293717,  -0.0006377460358,                 0,                 0,                 0,   4.526633277e-06,    0.002859293717,  -0.0006377460358,                 0,     -0.2230432054
          0,           0,        2777,      -15.28173479,      -13.30007914,      -15.03311592,      -17.25734092,                 1,    0.002859293717,  -0.0006377460354,                 0,                 0,                 0,   4.526633255e-06,    0.002859293717,  -0.0006377460354,                 0,     -0.2230432053
          0,           0,        2778,       -15.2835059,      -13.30239182,      -15.03498521,      -17.25909697,                 1,    0.002859293716,  -0.0006377460351,                 0,                 0,                 0,   4.526633232e-06,    0.002859293716,  -0.0006377460351,                 0,     -0.2230432052
          0,           0,        2779,      -15.28526409,      -13.30470526,      -15.03684133,      -17.26085396,                 1,    0.002859293716,  -0.0006377460348,                 0,                 0,                 0,    4.52663321e-06,    0.002859293716,  -0.0006377460348,                 0,     -0.2230432051
          0,           0,        2780,      -15.28701637,      -13.30701952,      -15.03873567,      -17.26261182,                 1,    0.002859293715,  -0.0006377460345,                 0,                 0,                 0,   4.526633189e-06,    0.002859293715,  -0.0006377460345,                 0,     -0.2230432051
          0,           0,        2781,      -15.28885235,      -13.30933451,      -15.04064954,      -17.26437053,                 1,    0.002859293715,  -0.0006377460342,                 0,                 0,                 0,   4.526633167e-06,    0.002859293715,  -0.0006377460342,                 0,      -0.223043205
          0,           0,        2782,      -15.29065568,      -13.31165033,      -15.04256865,      -17.26613013,                 1,    0.002859293714,  -0.0006377460339,                 0,                 0,                 0,   4.526633146e-06,    0.002859293714,  -0.0006377460339,                 0,     -0.2230432049
          0,           0,        2783,      -15.29239859,      -13.31396703,      -15.04443065,      -17.26789065,                 1,    0.002859293714,  -0.0006377460336,                 0,                 0,                 0,   4.526633126e-06,    0.002859293714,  -0.0006377460336,                 0,     -0.2230432049
          0,           0,        2784,      -15.29428864,      -13.31628443,      -15.04632871,      -17.26965214,                 1,    0.002859293713,  -0.0006377460333,                 0,                 0,                 0,   4.526633105e-06,    0.002859293713,  -0.0006377460333,                 0,     -0.2230432048
          0,           0,        2785,      -15.29610859,      -13.31860266,      -15.04823316,      -17.27141457,                 1,    0.002859293713,   -0.000637746033,                 0,                 0,                 0,   4.526633085e-06,    0.002859293713,   -0.000637746033,                 0,     -0.2230432047
          0,           0,        2786,      -15.29787896,      -13.32092155,      -15.05011033,      -17.27317794,                 1,    0.002859293712,  -0.0006377460326,                 0,                 0,                 0,   4.526633065e-06,    0.002859293712,  -0.0006377460326,                 0,     -0.2230432047
          0,           0,        2787,      -15.29969592,      -13.32324125,      -15.05205933,      -17.27494217,                 1,    0.002859293712,  -0.0006377460323,                 0,                 0,                 0,   4.526633046e-06,    0.002859293712,  -0.0006377460323,                 0,     -0.2230432046
          0,           0,        2788,      -15.30151471,      -13.32556166,       -15.0539255,      -17.27670737,                 1,    0.002859293711,   -0.000637746032,                 0,                 0,                 0,   4.526633026e-06,    0.002859293711,   -0.000637746032,                 0,     -0.2230432045
          0,           0,        2789,      -15.30338984,      -13.32788281,      -15.05582093,      -17.27847358,                 1,    0.002859293711,  -0.0006377460317,                 0,                 0,                 0,   4.526633007e-06,    0.002859293711,  -0.0006377460317,                 0,     -0.2230432045
          0,           0,        2790,      -15.30518084,      -13.33020471,      -15.05772562,      -17.28024063,                 1,     0.00285929371,  -0.0006377460314,                 0,                 0,                 0,   4.526632988e-06,     0.00285929371,  -0.0006377460314,                 0,     -0.2230432044
          0,           0,        2791,      -15.30695773,      -13.33252723,      -15.05964767,      -17.28200868,                 1,     0.00285929371,  -0.0006377460311,                 0,                 0,                 0,    4.52663297e-06,     0.00285929371,  -0.0006377460311,                 0,     -0.2230432043
          0,           0,        2792,      -15.30876103,      -13.33485048,      -15.06149957,      -17.28377772,                 1,    0.002859293709,  -0.0006377460308,                 0,                 0,                 0,   4.526632952e-06,    0.002859293709,  -0.0006377460308,                 0,     -0.2230432043
          0,           0,        2793,      -15.31057416,      -13.33717442,      -15.06342143,      -17.28554764,                 1,    0.002859293709,  -0.0006377460305,                 0,                 0,                 0,   4.526632934e-06,    0.002859293709,  -0.0006377460305,                 0,     -0.2230432042
          0,           0,        2794,      -15.31235084,      -13.33949903,      -15.06530508,      -17.28731846,                 1,    0.002859293708,  -0.0006377460302,                 0,                 0,                 0,   4.526632916e-06,    0.002859293708,  -0.0006377460302,                 0,     -0.2230432041
          0,           0,        2795,      -15.31423933,      -13.34182428,      -15.06722762,      -17.28909027,                 1,    0.002859293708,  -0.0006377460299,                 0,                 0,                 0,   4.526632898e-06,    0.002859293708,  -0.0006377460299,                 0,     -0.2230432041
          0,           0,        2796,      -15.31602468,      -13.34415021,       -15.0691457,      -17.29086307,                 1,    0.002859293707,  -0.0006377460297,                 0,                 0,                 0,   4.526632881e-06,    0.002859293707,  -0.0006377460297,                 0,      -0.223043204
          0,           0,        2797,      -15.31788122,      -13.34647675,      -15.07105587,      -17.29263679,                 1,    0.002859293707,  -0.0006377460294,                 0,                 0,                 0,   4.526632864e-06,    0.002859293707,  -0.0006377460294,                 0,     -0.2230432039
          0,           0,        2798,      -15.31972271,      -13.34880392,      -15.07296367,      -17.29441142,                 1,    0.002859293706,  -0.0006377460291,                 0,                 0,                 0,   4.526632848e-06,    0.002859293706,  -0.0006377460291,                 0,     -0.2230432039
          0,           0,        2799,      -15.32147161,      -13.35113172,        -15.074851,      -17.29618712,                 1,    0.002859293706,  -0.0006377460288,                 0,                 0,                 0,   4.526632831e-06,    0.002859293706,  -0.0006377460288,                 0,     -0.2230432038
          0,           0,        2800,      -15.32333458,      -13.35346019,      -15.07676302,      -17.29796391,                 1,    0.002859293705,  -0.0006377460285,                 0,                 0,                 0,   4.526632815e-06,    0.002859293705,  -0.0006377460285,                 0,     -0.2230432037
          0,           0,        2801,      -15.32520522,       -13.3557892,      -15.07865238,      -17.29974159,                 1,    0.002859293705,  -0.0006377460282,                 0,                 0,                 0,   4.526632799e-06,    0.002859293705,  -0.0006377460282,                 0,     -0.2230432037
          0,           0,        2802,      -15.32683987,      -13.35811873,      -15.08056145,      -17.30152022,                 1,    0.002859293705,  -0.0006377460279,                 0,                 0,                 0,   4.526632783e-06,    0.002859293705,  -0.0006377460279,                 0,     -0.2230432036
          0,           0,        2803,      -15.32870137,      -13.36044889,      -15.08242125,      -17.30329988,                 1,    0.002859293704,  -0.0006377460276,                 0,                 0,                 0,   4.526632768e-06,    0.002859293704,  -0.0006377460276,                 0,     -0.2230432035
          0,           0,        2804,      -15.33060718,      -13.36277962,      -15.08435814,       -17.3050804,                 1,    0.002859293704,  -0.0006377460274,                 0,                 0,                 0,   4.526632753e-06,    0.002859293704,  -0.0006377460274,                 0,     -0.2230432035
          0,           0,        2805,      -15.33240204,      -13.36511087,      -15.08624747,      -17.30686194,                 1,    0.002859293703,  -0.0006377460271,                 0,                 0,                 0,   4.526632738e-06,    0.002859293703,  -0.0006377460271,                 0,     -0.2230432034
          0,           0,        2806,      -15.33422658,       -13.3674426,      -15.08817963,      -17.30864441,                 1,    0.002859293703,  -0.0006377460268,                 0,                 0,                 0,   4.526632723e-06,    0.002859293703,  -0.0006377460268,                 0,     -0.2230432034
          0,           0,        2807,       -15.3360003,      -13.36977497,      -15.09004827,      -17.31042803,                 1,    0.002859293702,  -0.0006377460265,                 0,                 0,                 0,   4.526632709e-06,    0.002859293702,  -0.0006377460265,                 0,     -0.2230432033
          0,           0,        2808,      -15.33789523,      -13.37210778,       -15.0919899,      -17.31221258,                 1,    0.002859293702,  -0.0006377460262,                 0,                 0,                 0,   4.526632694e-06,    0.002859293702,  -0.0006377460262,                 0,     -0.2230432032
          0,           0,        2809,      -15.33976185,      -13.37444117,      -15.09391116,      -17.31399817,                 1,    0.002859293701,   -0.000637746026,                 0,                 0,                 0,   4.526632681e-06,    0.002859293701,   -0.000637746026,                 0,     -0.2230432032
          0,           0,        2810,       -15.3414375,      -13.37677499,      -15.09579852,      -17.31578477,                 1,    0.002859293701,  -0.0006377460257,                 0,                 0,                 0,   4.526632667e-06,    0.002859293701,  -0.0006377460257,                 0,     -0.2230432031
          0,           0,        2811,      -15.34334541,      -13.37910929,      -15.09773164,      -17.31757241,                 1,      0.0028592937,  -0.0006377460254,                 0,                 0,                 0,   4.526632653e-06,      0.0028592937,  -0.0006377460254,                 0,     -0.2230432031
          0,           0,        2812,      -15.34518359,      -13.38144406,      -15.09966764,        -17.319361,                 1,      0.0028592937,  -0.0006377460251,                 0,                 0,                 0,    4.52663264e-06,      0.0028592937,  -0.0006377460251,                 0,      -0.223043203
          0,           0,        2813,      -15.34692138,      -13.38377929,      -15.10158471,      -17.32115063,                 1,      0.0028592937,  -0.0006377460249,                 0,                 0,                 0,   4.526632627e-06,      0.0028592937,  -0.0006377460249,                 0,     -0.2230432029
          0,           0,        2814,      -15.34882172,      -13.38611501,      -15.10350175,      -17.32294127,                 1,    0.002859293699,  -0.0006377460246,                 0,                 0,                 0,   4.526632614e-06,    0.002859293699,  -0.0006377460246,                 0,     -0.2230432029
          0,           0,        2815,      -15.35082503,       -13.3884512,      -15.10543312,      -17.32473294,                 1,    0.002859293699,  -0.0006377460243,                 0,                 0,                 0,   4.526632601e-06,    0.002859293699,  -0.0006377460243,                 0,     -0.2230432028
          0,           0,        2816,      -15.35248013,      -13.39078764,       -15.1073592,      -17.32652558,                 1,    0.002859293698,  -0.0006377460241,                 0,                 0,                 0,   4.526632589e-06,    0.002859293698,  -0.0006377460241,                 0,     -0.2230432028
          0,           0,        2817,      -15.35434863,      -13.39312457,       -15.1092437,      -17.32831932,                 1,    0.002859293698,  -0.0006377460238,                 0,                 0,                 0,   4.526632577e-06,    0.002859293698,  -0.0006377460238,                 0,     -0.2230432027
          0,           0,        2818,      -15.35610005,      -13.39546192,      -15.11114564,      -17.33011412,                 1,    0.002859293697,  -0.0006377460235,                 0,                 0,                 0,   4.526632565e-06,    0.002859293697,  -0.0006377460235,                 0,     -0.2230432026
          0,           0,        2819,      -15.35788923,      -13.39779963,      -15.11305408,      -17.33190995,                 1,    0.002859293697,  -0.0006377460233,                 0,                 0,                 0,   4.526632553e-06,    0.002859293697,  -0.0006377460233,                 0,     -0.2230432026
          0,           0,        2820,       -15.3598015,      -13.40013771,       -15.1149632,      -17.33370677,                 1,    0.002859293697,   -0.000637746023,                 0,                 0,                 0,   4.526632542e-06,    0.002859293697,   -0.000637746023,                 0,     -0.2230432025
          0,           0,        2821,      -15.36160502,      -13.40247616,      -15.11686848,      -17.33550466,                 1,    0.002859293696,  -0.0006377460227,                 0,                 0,                 0,    4.52663253e-06,    0.002859293696,  -0.0006377460227,                 0,     -0.2230432025
          0,           0,        2822,       -15.3634187,      -13.40481504,      -15.11878559,      -17.33730366,                 1,    0.002859293696,  -0.0006377460225,                 0,                 0,                 0,   4.526632519e-06,    0.002859293696,  -0.0006377460225,                 0,     -0.2230432024
          0,           0,        2823,      -15.36536752,      -13.40715411,      -15.12072946,      -17.33910358,                 1,    0.002859293695,  -0.0006377460222,                 0,                 0,                 0,   4.526632508e-06,    0.002859293695,  -0.0006377460222,                 0,     -0.2230432023
          0,           0,        2824,       -15.3671875,      -13.40949359,       -15.1226464,      -17.34090457,                 1,    0.002859293695,   -0.000637746022,                 0,                 0,                 0,   4.526632498e-06,    0.002859293695,   -0.000637746022,                 0,     -0.2230432023
          0,           0,        2825,      -15.36884982,      -13.41183321,      -15.12452738,      -17.34270676,                 1,    0.002859293694,  -0.0006377460217,                 0,                 0,                 0,   4.526632487e-06,    0.002859293694,  -0.0006377460217,                 0,     -0.2230432022
          0,           0,        2826,      -15.37073346,      -13.41417326,      -15.12645379,      -17.34450997,                 1,    0.002859293694,  -0.0006377460215,                 0,                 0,                 0,   4.526632477e-06,    0.002859293694,  -0.0006377460215,                 0,     -0.2230432022
          0,           0,        2827,      -15.37261061,      -13.41651363,      -15.12842917,      -17.34631429,                 1,    0.002859293694,  -0.0006377460212,                 0,                 0,                 0,   4.526632467e-06,    0.002859293694,  -0.0006377460212,                 0,     -0.2230432021
          0,           0,        2828,      -15.37451833,      -13.41885422,      -15.13034347,      -17.34811957,                 1,    0.002859293693,   -0.000637746021,                 0,                 0,                 0,   4.526632457e-06,    0.002859293693,   -0.000637746021,                 0,     -0.2230432021
          0,           0,        2829,      -15.37629359,      -13.42119511,      -15.13224033,      -17.34992605,                 1,    0.002859293693,  -0.0006377460207,                 0,                 0,                 0,   4.526632447e-06,    0.002859293693,  -0.0006377460207,                 0,      -0.223043202
          0,           0,        2830,      -15.37806588,      -13.42353614,      -15.13417941,       -17.3517336,                 1,    0.002859293692,  -0.0006377460205,                 0,                 0,                 0,   4.526632438e-06,    0.002859293692,  -0.0006377460205,                 0,     -0.2230432019
          0,           0,        2831,      -15.38004417,      -13.42587757,      -15.13607472,       -17.3535423,                 1,    0.002859293692,  -0.0006377460202,                 0,                 0,                 0,   4.526632429e-06,    0.002859293692,  -0.0006377460202,                 0,     -0.2230432019
          0,           0,        2832,      -15.38177339,      -13.42821919,      -15.13799894,      -17.35535205,                 1,    0.002859293692,    -0.00063774602,                 0,                 0,                 0,   4.526632419e-06,    0.002859293692,    -0.00063774602,                 0,     -0.2230432018
          0,           0,        2833,      -15.38363684,       -13.4305609,      -15.13991201,      -17.35716288,                 1,    0.002859293691,  -0.0006377460197,                 0,                 0,                 0,   4.526632411e-06,    0.002859293691,  -0.0006377460197,                 0,     -0.2230432018
          0,           0,        2834,      -15.38550208,      -13.43290274,        -15.141824,      -17.35897473,                 1,    0.002859293691,  -0.0006377460195,                 0,                 0,                 0,   4.526632402e-06,    0.002859293691,  -0.0006377460195,                 0,     -0.2230432017
          0,           0,        2835,      -15.38723564,      -13.43524488,      -15.14374586,      -17.36078771,                 1,     0.00285929369,  -0.0006377460192,                 0,                 0,                 0,   4.526632394e-06,     0.00285929369,  -0.0006377460192,                 0,     -0.2230432017
          0,           0,        2836,      -15.38917258,      -13.43758713,      -15.14569311,      -17.36260178,                 1,     0.00285929369,   -0.000637746019,                 0,                 0,                 0,   4.526632385e-06,     0.00285929369,   -0.000637746019,                 0,     -0.2230432016
          0,           0,        2837,      -15.39105682,      -13.43992953,      -15.14761578,      -17.36441708,                 1,     0.00285929369,  -0.0006377460187,                 0,                 0,                 0,   4.526632377e-06,     0.00285929369,  -0.0006377460187,                 0,     -0.2230432016
          0,           0,        2838,      -15.39278859,      -13.44227214,      -15.14952213,       -17.3662336,                 1,    0.002859293689,  -0.0006377460185,                 0,                 0,                 0,   4.526632369e-06,    0.002859293689,  -0.0006377460185,                 0,     -0.2230432015
          0,           0,        2839,      -15.39470975,      -13.44461484,      -15.15146187,      -17.36805118,                 1,    0.002859293689,  -0.0006377460183,                 0,                 0,                 0,   4.526632362e-06,    0.002859293689,  -0.0006377460183,                 0,     -0.2230432015
          0,           0,        2840,       -15.3965361,      -13.44695765,      -15.15337023,      -17.36986991,                 1,    0.002859293688,   -0.000637746018,                 0,                 0,                 0,   4.526632354e-06,    0.002859293688,   -0.000637746018,                 0,     -0.2230432014
          0,           0,        2841,       -15.3983514,       -13.4493005,       -15.1552921,      -17.37168973,                 1,    0.002859293688,  -0.0006377460178,                 0,                 0,                 0,   4.526632347e-06,    0.002859293688,  -0.0006377460178,                 0,     -0.2230432014
          0,           0,        2842,      -15.40030886,      -13.45164356,      -15.15725551,      -17.37351069,                 1,    0.002859293688,  -0.0006377460176,                 0,                 0,                 0,    4.52663234e-06,    0.002859293688,  -0.0006377460176,                 0,     -0.2230432013
          0,           0,        2843,      -15.40210304,      -13.45398654,      -15.15917066,      -17.37533283,                 1,    0.002859293687,  -0.0006377460173,                 0,                 0,                 0,   4.526632333e-06,    0.002859293687,  -0.0006377460173,                 0,     -0.2230432012
          0,           0,        2844,      -15.40396252,      -13.45632968,       -15.1610711,      -17.37715625,                 1,    0.002859293687,  -0.0006377460171,                 0,                 0,                 0,   4.526632326e-06,    0.002859293687,  -0.0006377460171,                 0,     -0.2230432012
          0,           0,        2845,       -15.4057921,      -13.45867282,       -15.1629971,      -17.37898068,                 1,    0.002859293687,  -0.0006377460169,                 0,                 0,                 0,   4.526632319e-06,    0.002859293687,  -0.0006377460169,                 0,     -0.2230432011
          0,           0,        2846,      -15.40755463,      -13.46101581,       -15.1649627,      -17.38080629,                 1,    0.002859293686,  -0.0006377460166,                 0,                 0,                 0,   4.526632313e-06,    0.002859293686,  -0.0006377460166,                 0,     -0.2230432011
          0,           0,        2847,      -15.40934129,      -13.46335907,      -15.16686294,      -17.38263321,                 1,    0.002859293686,  -0.0006377460164,                 0,                 0,                 0,   4.526632307e-06,    0.002859293686,  -0.0006377460164,                 0,      -0.223043201
          0,           0,        2848,      -15.41129547,       -13.4657022,       -15.1688426,      -17.38446121,                 1,    0.002859293685,  -0.0006377460162,                 0,                 0,                 0,     4.5266323e-06,    0.002859293685,  -0.0006377460162,                 0,      -0.223043201
          0,           0,        2849,      -15.41324262,      -13.46804536,      -15.17076413,      -17.38629035,                 1,    0.002859293685,  -0.0006377460159,                 0,                 0,                 0,   4.526632295e-06,    0.002859293685,  -0.0006377460159,                 0,     -0.2230432009
          0,           0,        2850,      -15.41495505,      -13.47038848,      -15.17268287,      -17.38812078,                 1,    0.002859293685,  -0.0006377460157,                 0,                 0,                 0,   4.526632289e-06,    0.002859293685,  -0.0006377460157,                 0,     -0.2230432009
          0,           0,        2851,      -15.41685757,      -13.47273145,       -15.1746439,      -17.38995248,                 1,    0.002859293684,  -0.0006377460155,                 0,                 0,                 0,   4.526632283e-06,    0.002859293684,  -0.0006377460155,                 0,     -0.2230432008
          0,           0,        2852,      -15.41867972,      -13.47507452,         -15.17657,      -17.39178546,                 1,    0.002859293684,  -0.0006377460153,                 0,                 0,                 0,   4.526632278e-06,    0.002859293684,  -0.0006377460153,                 0,     -0.2230432008
          0,           0,        2853,      -15.42048837,      -13.47741745,      -15.17847049,      -17.39361948,                 1,    0.002859293684,   -0.000637746015,                 0,                 0,                 0,   4.526632273e-06,    0.002859293684,   -0.000637746015,                 0,     -0.2230432007
          0,           0,        2854,      -15.42252089,      -13.47976032,      -15.18039458,      -17.39545473,                 1,    0.002859293683,  -0.0006377460148,                 0,                 0,                 0,   4.526632268e-06,    0.002859293683,  -0.0006377460148,                 0,     -0.2230432007
          0,           0,        2855,      -15.42423994,      -13.48210294,      -15.18233021,      -17.39729117,                 1,    0.002859293683,  -0.0006377460146,                 0,                 0,                 0,   4.526632263e-06,    0.002859293683,  -0.0006377460146,                 0,     -0.2230432006
          0,           0,        2856,      -15.42610247,      -13.48444554,       -15.1842536,      -17.39912898,                 1,    0.002859293682,  -0.0006377460144,                 0,                 0,                 0,   4.526632258e-06,    0.002859293682,  -0.0006377460144,                 0,     -0.2230432006
          0,           0,        2857,      -15.42786039,      -13.48678791,      -15.18620043,      -17.40096809,                 1,    0.002859293682,  -0.0006377460142,                 0,                 0,                 0,   4.526632254e-06,    0.002859293682,  -0.0006377460142,                 0,     -0.2230432006
          0,           0,        2858,      -15.42984613,      -13.48913034,      -15.18811003,      -17.40280836,                 1,    0.002859293682,   -0.000637746014,                 0,                 0,                 0,   4.526632249e-06,    0.002859293682,   -0.000637746014,                 0,     -0.2230432005
          0,           0,        2859,       -15.4316548,      -13.49147249,      -15.19003008,      -17.40464992,                 1,    0.002859293681,  -0.0006377460137,                 0,                 0,                 0,   4.526632245e-06,    0.002859293681,  -0.0006377460137,                 0,     -0.2230432005
          0,           0,        2860,      -15.43348717,      -13.49381435,      -15.19199364,      -17.40649278,                 1,    0.002859293681,  -0.0006377460135,                 0,                 0,                 0,   4.526632241e-06,    0.002859293681,  -0.0006377460135,                 0,     -0.2230432004
          0,           0,        2861,      -15.43544327,      -13.49615613,       -15.1939421,      -17.40833688,                 1,    0.002859293681,  -0.0006377460133,                 0,                 0,                 0,   4.526632237e-06,    0.002859293681,  -0.0006377460133,                 0,     -0.2230432004
          0,           0,        2862,      -15.43734105,      -13.49849764,      -15.19588461,      -17.41018222,                 1,     0.00285929368,  -0.0006377460131,                 0,                 0,                 0,   4.526632233e-06,     0.00285929368,  -0.0006377460131,                 0,     -0.2230432003
          0,           0,        2863,      -15.43893779,      -13.50083888,      -15.19779655,      -17.41202894,                 1,     0.00285929368,  -0.0006377460129,                 0,                 0,                 0,    4.52663223e-06,     0.00285929368,  -0.0006377460129,                 0,     -0.2230432003
          0,           0,        2864,      -15.44098207,      -13.50317995,      -15.19973841,      -17.41387704,                 1,     0.00285929368,  -0.0006377460127,                 0,                 0,                 0,   4.526632226e-06,     0.00285929368,  -0.0006377460127,                 0,     -0.2230432002
          0,           0,        2865,      -15.44286852,      -13.50552083,      -15.20169691,      -17.41572641,                 1,    0.002859293679,  -0.0006377460125,                 0,                 0,                 0,   4.526632223e-06,    0.002859293679,  -0.0006377460125,                 0,     -0.2230432002
          0,           0,        2866,      -15.44477469,      -13.50786123,      -15.20368138,      -17.41757688,                 1,    0.002859293679,  -0.0006377460123,                 0,                 0,                 0,    4.52663222e-06,    0.002859293679,  -0.0006377460123,                 0,     -0.2230432001
          0,           0,        2867,      -15.44646601,      -13.51020154,      -15.20556845,      -17.41942889,                 1,    0.002859293679,  -0.0006377460121,                 0,                 0,                 0,   4.526632217e-06,    0.002859293679,  -0.0006377460121,                 0,     -0.2230432001
          0,           0,        2868,      -15.44848719,       -13.5125415,      -15.20749136,      -17.42128235,                 1,    0.002859293678,  -0.0006377460119,                 0,                 0,                 0,   4.526632214e-06,    0.002859293678,  -0.0006377460119,                 0,        -0.2230432
          0,           0,        2869,      -15.45035408,      -13.51488113,      -15.20944474,      -17.42313703,                 1,    0.002859293678,  -0.0006377460117,                 0,                 0,                 0,   4.526632212e-06,    0.002859293678,  -0.0006377460117,                 0,        -0.2230432
          0,           0,        2870,      -15.45212157,      -13.51722022,      -15.21140284,      -17.42499298,                 1,    0.002859293678,  -0.0006377460114,                 0,                 0,                 0,   4.526632209e-06,    0.002859293678,  -0.0006377460114,                 0,     -0.2230431999
          0,           0,        2871,      -15.45391616,      -13.51955893,      -15.21335301,      -17.42685021,                 1,    0.002859293677,  -0.0006377460112,                 0,                 0,                 0,   4.526632207e-06,    0.002859293677,  -0.0006377460112,                 0,     -0.2230431999
          0,           0,        2872,      -15.45587212,      -13.52189763,      -15.21527819,      -17.42870902,                 1,    0.002859293677,   -0.000637746011,                 0,                 0,                 0,   4.526632205e-06,    0.002859293677,   -0.000637746011,                 0,     -0.2230431999
          0,           0,        2873,      -15.45778647,      -13.52423572,      -15.21718229,      -17.43056923,                 1,    0.002859293677,  -0.0006377460108,                 0,                 0,                 0,   4.526632203e-06,    0.002859293677,  -0.0006377460108,                 0,     -0.2230431998
          0,           0,        2874,      -15.45955958,      -13.52657344,      -15.21906243,      -17.43243084,                 1,    0.002859293676,  -0.0006377460107,                 0,                 0,                 0,   4.526632201e-06,    0.002859293676,  -0.0006377460107,                 0,     -0.2230431998
          0,           0,        2875,      -15.46143514,      -13.52891076,      -15.22102883,       -17.4342937,                 1,    0.002859293676,  -0.0006377460105,                 0,                 0,                 0,   4.526632199e-06,    0.002859293676,  -0.0006377460105,                 0,     -0.2230431997
          0,           0,        2876,       -15.4632583,      -13.53124749,      -15.22296371,      -17.43615797,                 1,    0.002859293676,  -0.0006377460103,                 0,                 0,                 0,   4.526632197e-06,    0.002859293676,  -0.0006377460103,                 0,     -0.2230431997
          0,           0,        2877,      -15.46513043,      -13.53358373,        -15.224896,      -17.43802362,                 1,    0.002859293675,  -0.0006377460101,                 0,                 0,                 0,   4.526632196e-06,    0.002859293675,  -0.0006377460101,                 0,     -0.2230431996
          0,           0,        2878,      -15.46701341,      -13.53591963,      -15.22682637,      -17.43989073,                 1,    0.002859293675,  -0.0006377460099,                 0,                 0,                 0,   4.526632195e-06,    0.002859293675,  -0.0006377460099,                 0,     -0.2230431996
          0,           0,        2879,      -15.46893988,      -13.53825509,      -15.22885082,      -17.44175928,                 1,    0.002859293675,  -0.0006377460097,                 0,                 0,                 0,   4.526632194e-06,    0.002859293675,  -0.0006377460097,                 0,     -0.2230431996
          0,           0,        2880,      -15.47089268,      -13.54058998,       -15.2307869,      -17.44362929,                 1,    0.002859293674,  -0.0006377460095,                 0,                 0,                 0,   4.526632193e-06,    0.002859293674,  -0.0006377460095,                 0,     -0.2230431995
          0,           0,        2881,      -15.47260359,      -13.54292432,      -15.23269393,      -17.44550087,                 1,    0.002859293674,  -0.0006377460093,                 0,                 0,                 0,   4.526632192e-06,    0.002859293674,  -0.0006377460093,                 0,     -0.2230431995
          0,           0,        2882,      -15.47439981,      -13.54525805,       -15.2346303,      -17.44737396,                 1,    0.002859293674,  -0.0006377460091,                 0,                 0,                 0,   4.526632191e-06,    0.002859293674,  -0.0006377460091,                 0,     -0.2230431994
          0,           0,        2883,      -15.47644454,       -13.5475914,       -15.2365954,      -17.44924838,                 1,    0.002859293673,  -0.0006377460089,                 0,                 0,                 0,    4.52663219e-06,    0.002859293673,  -0.0006377460089,                 0,     -0.2230431994
          0,           0,        2884,      -15.47840226,      -13.54992404,      -15.23855304,      -17.45112421,                 1,    0.002859293673,  -0.0006377460087,                 0,                 0,                 0,    4.52663219e-06,    0.002859293673,  -0.0006377460087,                 0,     -0.2230431994
          0,           0,        2885,      -15.48017183,      -13.55225606,      -15.24048304,      -17.45300161,                 1,    0.002859293673,  -0.0006377460085,                 0,                 0,                 0,   4.526632189e-06,    0.002859293673,  -0.0006377460085,                 0,     -0.2230431993
          0,           0,        2886,      -15.48196721,      -13.55458757,      -15.24238284,      -17.45488061,                 1,    0.002859293672,  -0.0006377460084,                 0,                 0,                 0,   4.526632189e-06,    0.002859293672,  -0.0006377460084,                 0,     -0.2230431993
          0,           0,        2887,      -15.48395543,      -13.55691838,      -15.24434851,      -17.45676112,                 1,    0.002859293672,  -0.0006377460082,                 0,                 0,                 0,   4.526632189e-06,    0.002859293672,  -0.0006377460082,                 0,     -0.2230431992
          0,           0,        2888,      -15.48588953,      -13.55924865,      -15.24627858,        -17.458643,                 1,    0.002859293672,   -0.000637746008,                 0,                 0,                 0,   4.526632189e-06,    0.002859293672,   -0.000637746008,                 0,     -0.2230431992
          0,           0,        2889,      -15.48758624,        -13.561578,      -15.24823459,      -17.46052648,                 1,    0.002859293672,  -0.0006377460078,                 0,                 0,                 0,   4.526632189e-06,    0.002859293672,  -0.0006377460078,                 0,     -0.2230431992
          0,           0,        2890,      -15.48946609,      -13.56390669,      -15.25017604,      -17.46241143,                 1,    0.002859293671,  -0.0006377460076,                 0,                 0,                 0,    4.52663219e-06,    0.002859293671,  -0.0006377460076,                 0,     -0.2230431991
          0,           0,        2891,      -15.49137813,      -13.56623477,      -15.25212522,      -17.46429795,                 1,    0.002859293671,  -0.0006377460075,                 0,                 0,                 0,    4.52663219e-06,    0.002859293671,  -0.0006377460075,                 0,     -0.2230431991
          0,           0,        2892,      -15.49340209,      -13.56856228,       -15.2540654,      -17.46618599,                 1,    0.002859293671,  -0.0006377460073,                 0,                 0,                 0,   4.526632191e-06,    0.002859293671,  -0.0006377460073,                 0,      -0.223043199
          0,           0,        2893,       -15.4952954,      -13.57088895,      -15.25602205,      -17.46807573,                 1,     0.00285929367,  -0.0006377460071,                 0,                 0,                 0,   4.526632191e-06,     0.00285929367,  -0.0006377460071,                 0,      -0.223043199
          0,           0,        2894,      -15.49705472,      -13.57321484,      -15.25793086,      -17.46996705,                 1,     0.00285929367,  -0.0006377460069,                 0,                 0,                 0,   4.526632192e-06,     0.00285929367,  -0.0006377460069,                 0,      -0.223043199
          0,           0,        2895,      -15.49895567,      -13.57553977,      -15.25986941,      -17.47185994,                 1,     0.00285929367,  -0.0006377460068,                 0,                 0,                 0,   4.526632193e-06,     0.00285929367,  -0.0006377460068,                 0,     -0.2230431989
          0,           0,        2896,      -15.50089319,      -13.57786405,      -15.26184123,      -17.47375435,                 1,    0.002859293669,  -0.0006377460066,                 0,                 0,                 0,   4.526632194e-06,    0.002859293669,  -0.0006377460066,                 0,     -0.2230431989
          0,           0,        2897,      -15.50269833,       -13.5801873,      -15.26380968,      -17.47565035,                 1,    0.002859293669,  -0.0006377460064,                 0,                 0,                 0,   4.526632195e-06,    0.002859293669,  -0.0006377460064,                 0,     -0.2230431988
          0,           0,        2898,      -15.50454632,      -13.58251012,      -15.26569753,      -17.47754815,                 1,    0.002859293669,  -0.0006377460062,                 0,                 0,                 0,   4.526632197e-06,    0.002859293669,  -0.0006377460062,                 0,     -0.2230431988
          0,           0,        2899,      -15.50644641,      -13.58483184,      -15.26764931,       -17.4794476,                 1,    0.002859293669,  -0.0006377460061,                 0,                 0,                 0,   4.526632198e-06,    0.002859293669,  -0.0006377460061,                 0,     -0.2230431988
          0,           0,        2900,      -15.50824797,      -13.58715276,      -15.26955944,      -17.48134864,                 1,    0.002859293668,  -0.0006377460059,                 0,                 0,                 0,     4.5266322e-06,    0.002859293668,  -0.0006377460059,                 0,     -0.2230431987
          0,           0,        2901,      -15.51023691,      -13.58947274,      -15.27147332,      -17.48325122,                 1,    0.002859293668,  -0.0006377460057,                 0,                 0,                 0,   4.526632201e-06,    0.002859293668,  -0.0006377460057,                 0,     -0.2230431987
          0,           0,        2902,      -15.51216268,      -13.59179195,      -15.27343726,      -17.48515543,                 1,    0.002859293668,  -0.0006377460056,                 0,                 0,                 0,   4.526632203e-06,    0.002859293668,  -0.0006377460056,                 0,     -0.2230431987
          0,           0,        2903,      -15.51401158,      -13.59411003,       -15.2753561,      -17.48706137,                 1,    0.002859293667,  -0.0006377460054,                 0,                 0,                 0,   4.526632205e-06,    0.002859293667,  -0.0006377460054,                 0,     -0.2230431986
          0,           0,        2904,      -15.51588116,      -13.59642709,      -15.27733681,      -17.48896891,                 1,    0.002859293667,  -0.0006377460052,                 0,                 0,                 0,   4.526632207e-06,    0.002859293667,  -0.0006377460052,                 0,     -0.2230431986
          0,           0,        2905,      -15.51779097,      -13.59874315,      -15.27931638,      -17.49087823,                 1,    0.002859293667,  -0.0006377460051,                 0,                 0,                 0,   4.526632209e-06,    0.002859293667,  -0.0006377460051,                 0,     -0.2230431986
          0,           0,        2906,      -15.51973871,      -13.60105862,      -15.28123054,      -17.49278939,                 1,    0.002859293667,  -0.0006377460049,                 0,                 0,                 0,   4.526632212e-06,    0.002859293667,  -0.0006377460049,                 0,     -0.2230431985
          0,           0,        2907,      -15.52147434,      -13.60337285,      -15.28312438,       -17.4947024,                 1,    0.002859293666,  -0.0006377460047,                 0,                 0,                 0,   4.526632214e-06,    0.002859293666,  -0.0006377460047,                 0,     -0.2230431985
          0,           0,        2908,      -15.52330662,      -13.60568589,      -15.28506952,      -17.49661693,                 1,    0.002859293666,  -0.0006377460046,                 0,                 0,                 0,   4.526632217e-06,    0.002859293666,  -0.0006377460046,                 0,     -0.2230431984
          0,           0,        2909,      -15.52545765,      -13.60799808,      -15.28707113,      -17.49853315,                 1,    0.002859293666,  -0.0006377460044,                 0,                 0,                 0,   4.526632219e-06,    0.002859293666,  -0.0006377460044,                 0,     -0.2230431984
          0,           0,        2910,      -15.52732578,      -13.61030921,      -15.28906894,      -17.50045111,                 1,    0.002859293665,  -0.0006377460043,                 0,                 0,                 0,   4.526632222e-06,    0.002859293665,  -0.0006377460043,                 0,     -0.2230431984
          0,           0,        2911,      -15.52911773,      -13.61261909,      -15.29095606,      -17.50237096,                 1,    0.002859293665,  -0.0006377460041,                 0,                 0,                 0,   4.526632225e-06,    0.002859293665,  -0.0006377460041,                 0,     -0.2230431983
          0,           0,        2912,      -15.53092006,      -13.61492788,      -15.29288255,      -17.50429266,                 1,    0.002859293665,  -0.0006377460039,                 0,                 0,                 0,   4.526632228e-06,    0.002859293665,  -0.0006377460039,                 0,     -0.2230431983
          0,           0,        2913,      -15.53284001,      -13.61723551,      -15.29484167,      -17.50621609,                 1,    0.002859293665,  -0.0006377460038,                 0,                 0,                 0,   4.526632231e-06,    0.002859293665,  -0.0006377460038,                 0,     -0.2230431983
          0,           0,        2914,      -15.53480902,      -13.61954221,      -15.29677579,      -17.50814127,                 1,    0.002859293664,  -0.0006377460036,                 0,                 0,                 0,   4.526632234e-06,    0.002859293664,  -0.0006377460036,                 0,     -0.2230431982
          0,           0,        2915,      -15.53683804,      -13.62184767,      -15.29874599,      -17.51006823,                 1,    0.002859293664,  -0.0006377460035,                 0,                 0,                 0,   4.526632237e-06,    0.002859293664,  -0.0006377460035,                 0,     -0.2230431982
          0,           0,        2916,      -15.53861283,      -13.62415187,      -15.30065596,      -17.51199702,                 1,    0.002859293664,  -0.0006377460033,                 0,                 0,                 0,    4.52663224e-06,    0.002859293664,  -0.0006377460033,                 0,     -0.2230431982
          0,           0,        2917,      -15.54048241,      -13.62645478,      -15.30262645,      -17.51392769,                 1,    0.002859293664,  -0.0006377460032,                 0,                 0,                 0,   4.526632244e-06,    0.002859293664,  -0.0006377460032,                 0,     -0.2230431981
          0,           0,        2918,       -15.5425226,      -13.62875648,      -15.30457756,      -17.51586017,                 1,    0.002859293663,   -0.000637746003,                 0,                 0,                 0,   4.526632248e-06,    0.002859293663,   -0.000637746003,                 0,     -0.2230431981
          0,           0,        2919,      -15.54426464,      -13.63105696,      -15.30655388,      -17.51779441,                 1,    0.002859293663,  -0.0006377460029,                 0,                 0,                 0,   4.526632251e-06,    0.002859293663,  -0.0006377460029,                 0,     -0.2230431981
          0,           0,        2920,      -15.54608206,      -13.63335593,      -15.30846758,      -17.51973059,                 1,    0.002859293663,  -0.0006377460027,                 0,                 0,                 0,   4.526632255e-06,    0.002859293663,  -0.0006377460027,                 0,     -0.2230431981
          0,           0,        2921,      -15.54810449,      -13.63565394,      -15.31034835,      -17.52166883,                 1,    0.002859293663,  -0.0006377460026,                 0,                 0,                 0,   4.526632259e-06,    0.002859293663,  -0.0006377460026,                 0,      -0.223043198
          0,           0,        2922,      -15.55020213,      -13.63795085,      -15.31230261,      -17.52360888,                 1,    0.002859293662,  -0.0006377460024,                 0,                 0,                 0,   4.526632263e-06,    0.002859293662,  -0.0006377460024,                 0,      -0.223043198
          0,           0,        2923,      -15.55192646,      -13.64024592,       -15.3143136,      -17.52555082,                 1,    0.002859293662,  -0.0006377460023,                 0,                 0,                 0,   4.526632267e-06,    0.002859293662,  -0.0006377460023,                 0,      -0.223043198
          0,           0,        2924,      -15.55374622,      -13.64253971,      -15.31622273,      -17.52749472,                 1,    0.002859293662,  -0.0006377460021,                 0,                 0,                 0,   4.526632271e-06,    0.002859293662,  -0.0006377460021,                 0,     -0.2230431979
          0,           0,        2925,      -15.55567054,      -13.64483228,      -15.31807219,      -17.52944052,                 1,    0.002859293662,   -0.000637746002,                 0,                 0,                 0,   4.526632275e-06,    0.002859293662,   -0.000637746002,                 0,     -0.2230431979
          0,           0,        2926,      -15.55749452,      -13.64712322,      -15.32005025,      -17.53138815,                 1,    0.002859293661,  -0.0006377460018,                 0,                 0,                 0,    4.52663228e-06,    0.002859293661,  -0.0006377460018,                 0,     -0.2230431979
          0,           0,        2927,      -15.55959036,      -13.64941288,      -15.32207798,      -17.53333772,                 1,    0.002859293661,  -0.0006377460017,                 0,                 0,                 0,   4.526632284e-06,    0.002859293661,  -0.0006377460017,                 0,     -0.2230431978
          0,           0,        2928,       -15.5614542,       -13.6517012,      -15.32397195,      -17.53528925,                 1,    0.002859293661,  -0.0006377460016,                 0,                 0,                 0,   4.526632289e-06,    0.002859293661,  -0.0006377460016,                 0,     -0.2230431978
          0,           0,        2929,      -15.56335973,      -13.65398794,      -15.32586189,      -17.53724301,                 1,     0.00285929366,  -0.0006377460014,                 0,                 0,                 0,   4.526632294e-06,     0.00285929366,  -0.0006377460014,                 0,     -0.2230431978
          0,           0,        2930,      -15.56522203,       -13.6562731,      -15.32783794,      -17.53919862,                 1,     0.00285929366,  -0.0006377460013,                 0,                 0,                 0,   4.526632298e-06,     0.00285929366,  -0.0006377460013,                 0,     -0.2230431977
          0,           0,        2931,      -15.56720523,      -13.65855687,      -15.32981757,      -17.54115616,                 1,     0.00285929366,  -0.0006377460011,                 0,                 0,                 0,   4.526632303e-06,     0.00285929366,  -0.0006377460011,                 0,     -0.2230431977
          0,           0,        2932,      -15.56900546,      -13.66083902,      -15.33167463,      -17.54311577,                 1,     0.00285929366,   -0.000637746001,                 0,                 0,                 0,   4.526632308e-06,     0.00285929366,   -0.000637746001,                 0,     -0.2230431977
          0,           0,        2933,      -15.57104071,      -13.66311971,       -15.3335691,      -17.54507737,                 1,     0.00285929366,  -0.0006377460009,                 0,                 0,                 0,   4.526632313e-06,     0.00285929366,  -0.0006377460009,                 0,     -0.2230431977
          0,           0,        2934,      -15.57283587,      -13.66539872,      -15.33555985,      -17.54704105,                 1,    0.002859293659,  -0.0006377460007,                 0,                 0,                 0,   4.526632318e-06,    0.002859293659,  -0.0006377460007,                 0,     -0.2230431976
          0,           0,        2935,      -15.57480809,      -13.66767618,      -15.33748587,      -17.54900672,                 1,    0.002859293659,  -0.0006377460006,                 0,                 0,                 0,   4.526632323e-06,    0.002859293659,  -0.0006377460006,                 0,     -0.2230431976
          0,           0,        2936,       -15.5768637,      -13.66995208,      -15.33945357,      -17.55097444,                 1,    0.002859293659,  -0.0006377460005,                 0,                 0,                 0,   4.526632329e-06,    0.002859293659,  -0.0006377460005,                 0,     -0.2230431976
          0,           0,        2937,       -15.5786355,      -13.67222604,       -15.3414454,       -17.5529442,                 1,    0.002859293659,  -0.0006377460003,                 0,                 0,                 0,   4.526632334e-06,    0.002859293659,  -0.0006377460003,                 0,     -0.2230431975
          0,           0,        2938,      -15.58053771,       -13.6744984,      -15.34335331,      -17.55491602,                 1,    0.002859293658,  -0.0006377460002,                 0,                 0,                 0,    4.52663234e-06,    0.002859293658,  -0.0006377460002,                 0,     -0.2230431975
          0,           0,        2939,      -15.58256099,      -13.67676924,       -15.3452799,      -17.55689019,                 1,    0.002859293658,  -0.0006377460001,                 0,                 0,                 0,   4.526632345e-06,    0.002859293658,  -0.0006377460001,                 0,     -0.2230431975
          0,           0,        2940,      -15.58439883,      -13.67903831,      -15.34720157,      -17.55886637,                 1,    0.002859293658,  -0.0006377459999,                 0,                 0,                 0,   4.526632351e-06,    0.002859293658,  -0.0006377459999,                 0,     -0.2230431975
          0,           0,        2941,      -15.58617014,      -13.68130569,       -15.3491989,       -17.5608448,                 1,    0.002859293658,  -0.0006377459998,                 0,                 0,                 0,   4.526632357e-06,    0.002859293658,  -0.0006377459998,                 0,     -0.2230431974
          0,           0,        2942,      -15.58832476,       -13.6835714,      -15.35111734,      -17.56282538,                 1,    0.002859293657,  -0.0006377459997,                 0,                 0,                 0,   4.526632362e-06,    0.002859293657,  -0.0006377459997,                 0,     -0.2230431974
          0,           0,        2943,      -15.59026422,      -13.68583503,      -15.35307152,      -17.56480791,                 1,    0.002859293657,  -0.0006377459996,                 0,                 0,                 0,   4.526632368e-06,    0.002859293657,  -0.0006377459996,                 0,     -0.2230431974
          0,           0,        2944,      -15.59200541,      -13.68809697,      -15.35504167,      -17.56679266,                 1,    0.002859293657,  -0.0006377459994,                 0,                 0,                 0,   4.526632374e-06,    0.002859293657,  -0.0006377459994,                 0,     -0.2230431974
          0,           0,        2945,      -15.59385588,      -13.69035726,      -15.35693359,      -17.56877958,                 1,    0.002859293657,  -0.0006377459993,                 0,                 0,                 0,    4.52663238e-06,    0.002859293657,  -0.0006377459993,                 0,     -0.2230431973
          0,           0,        2946,      -15.59593286,      -13.69261537,      -15.35888722,      -17.57076881,                 1,    0.002859293656,  -0.0006377459992,                 0,                 0,                 0,   4.526632386e-06,    0.002859293656,  -0.0006377459992,                 0,     -0.2230431973
          0,           0,        2947,      -15.59798057,        -13.694872,      -15.36080377,         -17.57276,                 1,    0.002859293656,  -0.0006377459991,                 0,                 0,                 0,   4.526632392e-06,    0.002859293656,  -0.0006377459991,                 0,     -0.2230431973
          0,           0,        2948,      -15.59987448,      -13.69712655,      -15.36275147,      -17.57475349,                 1,    0.002859293656,  -0.0006377459989,                 0,                 0,                 0,   4.526632399e-06,    0.002859293656,  -0.0006377459989,                 0,     -0.2230431973
          0,           0,        2949,      -15.60176354,       -13.6993789,      -15.36469648,      -17.57674919,                 1,    0.002859293656,  -0.0006377459988,                 0,                 0,                 0,   4.526632405e-06,    0.002859293656,  -0.0006377459988,                 0,     -0.2230431972
          0,           0,        2950,      -15.60364306,      -13.70162955,      -15.36660994,      -17.57874728,                 1,    0.002859293656,  -0.0006377459987,                 0,                 0,                 0,   4.526632412e-06,    0.002859293656,  -0.0006377459987,                 0,     -0.2230431972
          0,           0,        2951,      -15.60564511,       -13.7038781,      -15.36857282,      -17.58074754,                 1,    0.002859293655,  -0.0006377459986,                 0,                 0,                 0,   4.526632418e-06,    0.002859293655,  -0.0006377459986,                 0,     -0.2230431972
          0,           0,        2952,      -15.60748103,       -13.7061247,      -15.37048663,      -17.58275017,                 1,    0.002859293655,  -0.0006377459984,                 0,                 0,                 0,   4.526632425e-06,    0.002859293655,  -0.0006377459984,                 0,     -0.2230431972
          0,           0,        2953,      -15.60943431,      -13.70836952,      -15.37236784,      -17.58475499,                 1,    0.002859293655,  -0.0006377459983,                 0,                 0,                 0,   4.526632431e-06,    0.002859293655,  -0.0006377459983,                 0,     -0.2230431971
          0,           0,        2954,      -15.61134753,      -13.71061211,      -15.37432846,      -17.58676213,                 1,    0.002859293655,  -0.0006377459982,                 0,                 0,                 0,   4.526632438e-06,    0.002859293655,  -0.0006377459982,                 0,     -0.2230431971
          0,           0,        2955,      -15.61335705,      -13.71285258,      -15.37629508,      -17.58877148,                 1,    0.002859293654,  -0.0006377459981,                 0,                 0,                 0,   4.526632445e-06,    0.002859293654,  -0.0006377459981,                 0,     -0.2230431971
          0,           0,        2956,      -15.61522112,       -13.7150909,      -15.37822057,      -17.59078321,                 1,    0.002859293654,   -0.000637745998,                 0,                 0,                 0,   4.526632452e-06,    0.002859293654,   -0.000637745998,                 0,     -0.2230431971
          0,           0,        2957,      -15.61707951,      -13.71732719,       -15.3801306,      -17.59279722,                 1,    0.002859293654,  -0.0006377459979,                 0,                 0,                 0,   4.526632459e-06,    0.002859293654,  -0.0006377459979,                 0,      -0.223043197
          0,           0,        2958,      -15.61906526,      -13.71956136,      -15.38207093,      -17.59481354,                 1,    0.002859293654,  -0.0006377459978,                 0,                 0,                 0,   4.526632466e-06,    0.002859293654,  -0.0006377459978,                 0,      -0.223043197
          0,           0,        2959,      -15.62114232,      -13.72179326,      -15.38401632,      -17.59683234,                 1,    0.002859293654,  -0.0006377459976,                 0,                 0,                 0,   4.526632473e-06,    0.002859293654,  -0.0006377459976,                 0,      -0.223043197
          0,           0,        2960,      -15.62300949,      -13.72402344,      -15.38588704,      -17.59885355,                 1,    0.002859293653,  -0.0006377459975,                 0,                 0,                 0,    4.52663248e-06,    0.002859293653,  -0.0006377459975,                 0,      -0.223043197
          0,           0,        2961,      -15.62493981,      -13.72625081,      -15.38780508,      -17.60087706,                 1,    0.002859293653,  -0.0006377459974,                 0,                 0,                 0,   4.526632487e-06,    0.002859293653,  -0.0006377459974,                 0,      -0.223043197
          0,           0,        2962,      -15.62696603,      -13.72847608,      -15.38974136,      -17.60290302,                 1,    0.002859293653,  -0.0006377459973,                 0,                 0,                 0,   4.526632494e-06,    0.002859293653,  -0.0006377459973,                 0,     -0.2230431969
          0,           0,        2963,        -15.628742,      -13.73069913,      -15.39166309,      -17.60493125,                 1,    0.002859293653,  -0.0006377459972,                 0,                 0,                 0,   4.526632502e-06,    0.002859293653,  -0.0006377459972,                 0,     -0.2230431969
          0,           0,        2964,      -15.63075051,      -13.73292005,      -15.39360494,      -17.60696205,                 1,    0.002859293652,  -0.0006377459971,                 0,                 0,                 0,   4.526632509e-06,    0.002859293652,  -0.0006377459971,                 0,     -0.2230431969
          0,           0,        2965,      -15.63281378,      -13.73513863,      -15.39559005,      -17.60899523,                 1,    0.002859293652,   -0.000637745997,                 0,                 0,                 0,   4.526632517e-06,    0.002859293652,   -0.000637745997,                 0,     -0.2230431969
          0,           0,        2966,      -15.63455427,      -13.73735471,      -15.39745888,      -17.61103085,                 1,    0.002859293652,  -0.0006377459969,                 0,                 0,                 0,   4.526632524e-06,    0.002859293652,  -0.0006377459969,                 0,     -0.2230431968
          0,           0,        2967,      -15.63658481,      -13.73956836,      -15.39946019,      -17.61306895,                 1,    0.002859293652,  -0.0006377459968,                 0,                 0,                 0,   4.526632532e-06,    0.002859293652,  -0.0006377459968,                 0,     -0.2230431968
          0,           0,        2968,      -15.63853682,      -13.74177989,      -15.40137389,      -17.61510962,                 1,    0.002859293652,  -0.0006377459967,                 0,                 0,                 0,   4.526632539e-06,    0.002859293652,  -0.0006377459967,                 0,     -0.2230431968
          0,           0,        2969,      -15.64044851,      -13.74398876,      -15.40334106,      -17.61715256,                 1,    0.002859293651,  -0.0006377459966,                 0,                 0,                 0,   4.526632547e-06,    0.002859293651,  -0.0006377459966,                 0,     -0.2230431968
          0,           0,        2970,      -15.64235401,      -13.74619534,      -15.40520878,      -17.61919823,                 1,    0.002859293651,  -0.0006377459965,                 0,                 0,                 0,   4.526632555e-06,    0.002859293651,  -0.0006377459965,                 0,     -0.2230431968
          0,           0,        2971,      -15.64438205,      -13.74839955,      -15.40714453,      -17.62124648,                 1,    0.002859293651,  -0.0006377459964,                 0,                 0,                 0,   4.526632563e-06,    0.002859293651,  -0.0006377459964,                 0,     -0.2230431967
          0,           0,        2972,      -15.64633589,      -13.75060142,      -15.40906107,      -17.62329704,                 1,    0.002859293651,  -0.0006377459963,                 0,                 0,                 0,    4.52663257e-06,    0.002859293651,  -0.0006377459963,                 0,     -0.2230431967
          0,           0,        2973,      -15.64825929,      -13.75280052,      -15.41091625,      -17.62535018,                 1,    0.002859293651,  -0.0006377459961,                 0,                 0,                 0,   4.526632578e-06,    0.002859293651,  -0.0006377459961,                 0,     -0.2230431967
          0,           0,        2974,      -15.65044852,      -13.75499689,       -15.4129525,      -17.62740573,                 1,     0.00285929365,   -0.000637745996,                 0,                 0,                 0,   4.526632586e-06,     0.00285929365,   -0.000637745996,                 0,     -0.2230431967
          0,           0,        2975,       -15.6522352,      -13.75719108,      -15.41488637,      -17.62946393,                 1,     0.00285929365,  -0.0006377459959,                 0,                 0,                 0,   4.526632595e-06,     0.00285929365,  -0.0006377459959,                 0,     -0.2230431967
          0,           0,        2976,      -15.65406398,      -13.75938216,      -15.41682157,      -17.63152478,                 1,     0.00285929365,  -0.0006377459959,                 0,                 0,                 0,   4.526632603e-06,     0.00285929365,  -0.0006377459959,                 0,     -0.2230431966
          0,           0,        2977,      -15.65604345,      -13.76157103,      -15.41869418,       -17.6335883,                 1,     0.00285929365,  -0.0006377459958,                 0,                 0,                 0,   4.526632611e-06,     0.00285929365,  -0.0006377459958,                 0,     -0.2230431966
          0,           0,        2978,      -15.65806072,      -13.76375732,      -15.42062942,      -17.63565451,                 1,     0.00285929365,  -0.0006377459957,                 0,                 0,                 0,   4.526632619e-06,     0.00285929365,  -0.0006377459957,                 0,     -0.2230431966
          0,           0,        2979,      -15.66004263,      -13.76594101,      -15.42250918,      -17.63772317,                 1,    0.002859293649,  -0.0006377459956,                 0,                 0,                 0,   4.526632627e-06,    0.002859293649,  -0.0006377459956,                 0,     -0.2230431966
          0,           0,        2980,      -15.66200226,      -13.76812201,      -15.42442601,      -17.63979451,                 1,    0.002859293649,  -0.0006377459955,                 0,                 0,                 0,   4.526632636e-06,    0.002859293649,  -0.0006377459955,                 0,     -0.2230431966
          0,           0,        2981,      -15.66409924,      -13.77030014,      -15.42638412,      -17.64186832,                 1,    0.002859293649,  -0.0006377459954,                 0,                 0,                 0,   4.526632644e-06,    0.002859293649,  -0.0006377459954,                 0,     -0.2230431966
          0,           0,        2982,      -15.66603785,      -13.77247541,      -15.42833755,      -17.64394498,                 1,    0.002859293649,  -0.0006377459953,                 0,                 0,                 0,   4.526632653e-06,    0.002859293649,  -0.0006377459953,                 0,     -0.2230431965
          0,           0,        2983,      -15.66779289,      -13.77464802,      -15.43025746,      -17.64602411,                 1,    0.002859293649,  -0.0006377459952,                 0,                 0,                 0,   4.526632661e-06,    0.002859293649,  -0.0006377459952,                 0,     -0.2230431965
          0,           0,        2984,      -15.66983628,      -13.77681808,      -15.43208922,      -17.64810622,                 1,    0.002859293649,  -0.0006377459951,                 0,                 0,                 0,    4.52663267e-06,    0.002859293649,  -0.0006377459951,                 0,     -0.2230431965
          0,           0,        2985,      -15.67184856,      -13.77898527,      -15.43408668,      -17.65019096,                 1,    0.002859293648,   -0.000637745995,                 0,                 0,                 0,   4.526632678e-06,    0.002859293648,   -0.000637745995,                 0,     -0.2230431965
          0,           0,        2986,      -15.67378646,      -13.78114945,      -15.43603799,      -17.65227826,                 1,    0.002859293648,  -0.0006377459949,                 0,                 0,                 0,   4.526632687e-06,    0.002859293648,  -0.0006377459949,                 0,     -0.2230431965
          0,           0,        2987,      -15.67594878,       -13.7833109,      -15.43797948,      -17.65436835,                 1,    0.002859293648,  -0.0006377459948,                 0,                 0,                 0,   4.526632695e-06,    0.002859293648,  -0.0006377459948,                 0,     -0.2230431964
          0,           0,        2988,      -15.67780829,       -13.7854694,      -15.43974878,      -17.65646121,                 1,    0.002859293648,  -0.0006377459947,                 0,                 0,                 0,   4.526632704e-06,    0.002859293648,  -0.0006377459947,                 0,     -0.2230431964
          0,           0,        2989,      -15.67965292,      -13.78762504,      -15.44171558,      -17.65855699,                 1,    0.002859293648,  -0.0006377459946,                 0,                 0,                 0,   4.526632713e-06,    0.002859293648,  -0.0006377459946,                 0,     -0.2230431964
          0,           0,        2990,      -15.68176108,      -13.78977769,      -15.44365184,      -17.66065528,                 1,    0.002859293647,  -0.0006377459946,                 0,                 0,                 0,   4.526632722e-06,    0.002859293647,  -0.0006377459946,                 0,     -0.2230431964
          0,           0,        2991,      -15.68349308,      -13.79192743,      -15.44552663,      -17.66275661,                 1,    0.002859293647,  -0.0006377459945,                 0,                 0,                 0,    4.52663273e-06,    0.002859293647,  -0.0006377459945,                 0,     -0.2230431964
          0,           0,        2992,      -15.68568727,      -13.79407438,      -15.44743723,      -17.66486072,                 1,    0.002859293647,  -0.0006377459944,                 0,                 0,                 0,   4.526632739e-06,    0.002859293647,  -0.0006377459944,                 0,     -0.2230431964
          0,           0,        2993,      -15.68770758,      -13.79621827,      -15.44937391,      -17.66696744,                 1,    0.002859293647,  -0.0006377459943,                 0,                 0,                 0,   4.526632748e-06,    0.002859293647,  -0.0006377459943,                 0,     -0.2230431963
          0,           0,        2994,      -15.68966276,      -13.79835876,      -15.45131256,      -17.66907689,                 1,    0.002859293647,  -0.0006377459942,                 0,                 0,                 0,   4.526632757e-06,    0.002859293647,  -0.0006377459942,                 0,     -0.2230431963
          0,           0,        2995,       -15.6916548,      -13.80049659,      -15.45323628,      -17.67118929,                 1,    0.002859293647,  -0.0006377459941,                 0,                 0,                 0,   4.526632766e-06,    0.002859293647,  -0.0006377459941,                 0,     -0.2230431963
          0,           0,        2996,      -15.69364567,      -13.80263109,      -15.45516823,      -17.67330445,                 1,    0.002859293646,  -0.0006377459941,                 0,                 0,                 0,   4.526632776e-06,    0.002859293646,  -0.0006377459941,                 0,     -0.2230431963
          0,           0,        2997,      -15.69531637,      -13.80476252,      -15.45706524,      -17.67542284,                 1,    0.002859293646,   -0.000637745994,                 0,                 0,                 0,   4.526632785e-06,    0.002859293646,   -0.000637745994,                 0,     -0.2230431963
          0,           0,        2998,      -15.69749602,      -13.80689089,      -15.45890891,      -17.67754412,                 1,    0.002859293646,  -0.0006377459939,                 0,                 0,                 0,   4.526632794e-06,    0.002859293646,  -0.0006377459939,                 0,     -0.2230431963
          0,           0,        2999,      -15.69936963,      -13.80901619,      -15.46083657,       -17.6796681,                 1,    0.002859293646,  -0.0006377459938,                 0,                 0,                 0,   4.526632803e-06,    0.002859293646,  -0.0006377459938,                 0,     -0.2230431963
