"Time_Iter","Outer_Iter","Inner_Iter",   "bgs[Rho][0]"  ,  "bgs[RhoU][0]"  ,  "bgs[RhoV][0]"  ,  "bgs[RhoE][0]"  ,    "bgs[k][0]"   ,    "bgs[w][0]"   ,   "bgs[Rho][1]"  ,  "bgs[RhoU][1]"  ,  "bgs[RhoV][1]"  ,  "bgs[RhoE][1]"  ,    "bgs[k][1]"   ,    "bgs[w][1]"   
          0,           0,           0,     -0.7268496746,       1.299205349,      -1.814132538,       4.635643613,       1.025102392,        3.72494589,     -0.7269062661,       1.300238204,      -2.753432578,       4.635575634,       1.025984493,       3.279549841
          0,           1,           0,      -3.185067545,     -0.8284927535,       -1.44853586,       2.304006864,      -1.762087662,       2.324390972,      -3.722983095,      -1.227061202,      -2.371337957,       1.734134524,      -2.550719842,     -0.3628769797
          0,           2,           0,      -3.209041308,     -0.8590533155,      -1.268628552,       2.280882548,      -1.781118646,       2.309171295,       -3.71247134,      -1.201967164,      -2.135318069,       1.750893201,      -2.545320487,     -0.1611984232
          0,           3,           0,      -3.241346309,     -0.8683939992,      -1.149519925,       2.249290542,      -1.814184179,       2.278691194,      -3.726059067,      -1.213164772,      -1.984861718,       1.736371608,      -2.529853216,     0.03507223042
          0,           4,           0,      -3.283489886,     -0.8561088599,      -1.065238937,       2.207482502,      -1.853218072,       2.229344545,      -3.756530982,      -1.245643765,      -1.890954176,       1.700496685,      -2.500668791,      0.1848620886
          0,           5,           0,      -3.334077027,     -0.8325520063,      -1.004211324,       2.156941897,      -1.898128106,       2.156425718,      -3.790379613,      -1.280783037,      -1.829872638,       1.662702763,      -2.492289078,      0.2941211622
          0,           6,           0,       -3.39288938,     -0.8102521861,     -0.9605283151,       2.097494223,      -1.947765029,          2.055741,      -3.814196411,      -1.304780857,      -1.782562331,       1.637707902,      -2.485368073,      0.3750306736
          0,           7,           0,      -3.452744882,      -0.795173651,     -0.9308857996,       2.036299911,      -1.996125649,       1.931680655,      -3.835845277,      -1.324666106,      -1.747310961,       1.616839859,      -2.474595659,      0.4369591323
          0,           8,           0,      -3.499284343,     -0.7896677449,     -0.9129114006,       1.988333228,      -2.035844108,       1.819014466,      -3.852080777,       -1.33834274,      -1.719313578,       1.602295004,      -2.456339657,       0.485084149
          0,           9,           0,      -3.513820791,     -0.7941368372,     -0.9051936305,       1.973687897,      -2.061520471,       1.804375252,      -3.864956714,      -1.348825108,      -1.697819123,       1.591201032,      -2.445732187,       0.523313792
          0,          10,           0,      -3.492956552,     -0.8085445033,     -0.9063603284,       1.995961283,      -2.071654612,       1.881472062,      -3.875009962,      -1.357926988,      -1.681181287,       1.582529714,      -2.439097306,      0.5550320422
          0,          11,           0,      -3.452426329,     -0.8319362879,     -0.9151632587,       2.038222936,      -2.069157722,       1.970092525,      -3.883248494,      -1.368038289,      -1.668472158,       1.574796277,       -2.43107937,      0.5825659543
          0,          12,           0,      -3.409321679,     -0.8617155427,     -0.9300830595,       2.082536227,      -2.060249048,       2.036753268,      -3.890123699,      -1.379994688,      -1.659089956,       1.567386983,      -2.419921057,      0.6074395862
          0,          13,           0,      -3.372990268,     -0.8938503456,     -0.9487348082,       2.119444791,      -2.050330416,       2.084702671,      -3.895566028,      -1.393379909,      -1.652721753,       1.560445522,      -2.406498368,      0.6306200103
          0,          14,           0,      -3.346423967,      -0.922430106,     -0.9684236045,       2.146099792,      -2.043369666,       2.114415848,      -3.899145633,      -1.406909417,      -1.649645074,       1.554688133,      -2.399824548,      0.6521745405
          0,          15,           0,      -3.330069181,     -0.9413194517,     -0.9862586113,       2.162097448,      -2.041003156,       2.131362063,      -3.900579993,      -1.418965732,      -1.649874345,       1.550721572,      -2.392900571,      0.6719156027
          0,          16,           0,      -3.323036626,     -0.9471005009,     -0.9998472856,       2.168416272,      -2.043030704,       2.141402072,      -3.899870337,      -1.428117512,      -1.653583574,       1.548941351,      -2.383650044,      0.6898601996
          0,          17,           0,      -3.323693152,     -0.9411099248,      -1.007913939,       2.166791024,      -2.048526364,       2.138919456,      -3.897371303,      -1.433468645,      -1.660492444,       1.549256864,      -2.371021357,      0.7059509656
          0,          18,           0,      -3.329960222,     -0.9282799891,      -1.010549436,       2.159437335,      -2.055925082,       2.130573905,      -3.893651339,      -1.435032044,      -1.669807253,       1.551167738,       -2.36247174,      0.7203775454
          0,          19,           0,      -3.339184327,     -0.9142654039,       -1.00906375,       2.149153756,       -2.06349425,       2.114284327,      -3.889384932,      -1.433460194,      -1.680638783,       1.553987138,      -2.355584568,      0.7331974792
          0,          20,           0,      -3.348449113,     -0.9033687717,      -1.005349812,       2.139009254,      -2.069622979,       2.088798049,      -3.885125381,      -1.429590139,      -1.691912621,       1.557112593,      -2.347537958,      0.7446297861
          0,          21,           0,      -3.355000251,     -0.8978786599,      -1.001225264,       2.131868543,      -2.071608711,       2.062709756,      -3.881206784,      -1.424230256,      -1.702478135,       1.560159541,      -2.337440998,      0.7548236062
          0,          22,           0,      -3.357057465,     -0.8983739082,     -0.9979690103,       2.129506839,      -2.068471226,       2.032727883,      -3.877713566,        -1.4178589,      -1.711473015,       1.563033471,      -2.327425914,      0.7639699021
          0,          23,           0,      -3.354373384,      -0.903982977,     -0.9963998148,       2.132056495,      -2.061157147,        2.00679558,      -3.874496431,      -1.410696903,      -1.718435498,       1.565900947,      -2.320505859,      0.7723114711
          0,          24,           0,      -3.348097132,     -0.9126142732,     -0.9966820164,       2.138238951,      -2.051320453,        1.98884533,      -3.871246773,      -1.402753796,      -1.722657394,       1.569126671,      -2.312927659,      0.7799780768
          0,          25,           0,      -3.340054194,     -0.9214943205,     -0.9985780246,       2.146154757,      -2.041287893,       1.978773538,      -3.867662395,      -1.394028168,      -1.724387522,       1.573076505,       -2.30523546,      0.7871582573
          0,          26,           0,       -3.33196856,     -0.9276774527,      -1.001642186,       2.154085482,      -2.031373425,       1.976298916,      -3.863373742,      -1.384535885,      -1.724506131,       1.578161805,      -2.300434582,      0.7939442898
          0,          27,           0,      -3.325020396,     -0.9288252301,      -1.005451426,       2.160882121,      -2.022177472,        1.97976999,        -3.8580116,      -1.374208459,      -1.724062399,       1.584734545,       -2.29498948,      0.8005172168
          0,          28,           0,      -3.319738237,     -0.9241701055,      -1.009545368,       2.166053707,      -2.013991673,       1.985388195,      -3.851539691,      -1.363108992,      -1.723868492,        1.59272042,      -2.291828301,       0.807037671
          0,          29,           0,      -3.316067066,      -0.914681703,      -1.013567133,       2.169665372,      -2.008113622,       1.990618441,      -3.844073818,      -1.351509803,      -1.724760414,       1.601852992,      -2.287190805,      0.8135523243
          0,          30,           0,      -3.313560828,     -0.9023466392,      -1.017220323,       2.172126203,      -2.003503165,       1.986470327,      -3.835911233,      -1.339841909,      -1.727471792,       1.611649172,      -2.277806478,      0.8200948159
          0,          31,           0,      -3.315116393,     -0.8926479782,      -1.023490164,       2.170452323,      -1.999624678,       1.981502256,      -3.827559031,      -1.328704087,      -1.732436951,       1.621395765,       -2.26924217,       0.826621666
          0,          32,           0,      -3.324324355,     -0.8914030711,      -1.035834847,       2.160953743,      -1.997204448,       1.976805383,      -3.819534029,       -1.31857503,      -1.739943348,       1.630427391,      -2.259725924,       0.833180942
          0,          33,           0,      -3.333201677,     -0.8925442693,      -1.046784304,        2.15156365,       -1.99560063,       1.969113461,      -3.811976408,      -1.309223636,      -1.749882383,       1.638651618,      -2.249123139,      0.8396955646
          0,          34,           0,      -3.341573283,     -0.8962354231,      -1.055825452,       2.142437129,      -1.994256928,       1.966965595,      -3.804780628,       -1.30003511,      -1.762052353,       1.646340187,      -2.244431226,      0.8460553464
          0,          35,           0,      -3.349617814,     -0.9021063893,      -1.062378146,       2.133422502,      -1.991851891,       1.966983289,      -3.797693036,      -1.290185469,       -1.77602943,       1.653993053,      -2.236809001,      0.8522499235
          0,          36,           0,      -3.357752592,     -0.9096190557,      -1.065930953,        2.12415415,       -1.98833855,       1.964755192,      -3.790418258,      -1.278867085,      -1.790990174,       1.662163971,      -2.226878762,      0.8582168956
          0,          37,           0,       -3.36638866,     -0.9183077461,      -1.066302916,       2.114289818,       -1.98387426,       1.962254341,      -3.782718649,      -1.265565063,      -1.805484972,        1.67128496,      -2.215808787,      0.8639432948
          0,          38,           0,      -3.375730175,     -0.9279880788,      -1.063875836,        2.10369364,      -1.978210398,       1.960905365,      -3.774550837,      -1.250302222,      -1.817272072,       1.681448699,      -2.207060852,      0.8694389272
          0,          39,           0,      -3.385616942,      -0.938759937,      -1.059622263,       2.092588237,      -1.971882567,       1.958924936,      -3.766127692,       -1.23368099,      -1.823223513,        1.69231867,      -2.203589234,      0.8747016783
          0,          40,           0,      -3.395512697,     -0.9508352777,      -1.054915969,       2.081564085,      -1.964670991,        1.94951233,      -3.757826514,      -1.216646024,      -1.819870058,       1.703257658,      -2.195620145,      0.8798778333
          0,          41,           0,      -3.404627405,      -0.964391185,      -1.051220387,       2.071459843,      -1.956576485,       1.940609132,      -3.750084129,      -1.200257746,      -1.804805551,        1.71351182,      -2.186033447,       0.885041677
          0,          42,           0,      -3.412151714,     -0.9793009918,      -1.049832503,       2.063124553,      -1.947668016,       1.933826943,      -3.743275547,      -1.185493945,      -1.778018867,       1.722420117,      -2.177563944,      0.8902191839
          0,          43,           0,      -3.417537052,     -0.9949625359,      -1.051702677,       2.057132488,      -1.938786078,       1.929590451,      -3.737546462,       -1.17299278,      -1.742225978,       1.729645269,      -2.171062321,      0.8954904111
          0,          44,           0,      -3.420731087,      -1.010325949,       -1.05729865,       2.053536614,      -1.929516114,       1.930839707,      -3.732743069,      -1.163068303,      -1.701586732,       1.735282691,      -2.163128421,      0.9008142161
          0,          45,           0,      -3.422213301,      -1.024047032,       -1.06658014,       2.051823768,       -1.92102095,       1.933522662,      -3.728361667,      -1.155630852,      -1.660215073,       1.739918174,      -2.156380075,      0.9061334849
          0,          46,           0,      -3.422842938,      -1.034954333,       -1.07898523,       2.051068913,      -1.913148739,       1.939246106,      -3.723624181,      -1.150322042,      -1.621285134,       1.744535408,      -2.148328642,      0.9115281086
          0,          47,           0,      -3.423566406,      -1.042445287,       -1.09342531,       2.050246221,      -1.905979928,        1.94218336,      -3.717624277,      -1.146612459,      -1.586932542,       1.750319918,      -2.141015898,       0.916928035
          0,          48,           0,      -3.425173023,      -1.046748382,      -1.108379928,       2.048487739,      -1.899600554,       1.943742973,      -3.709558443,      -1.143835989,      -1.558328597,       1.758341839,      -2.132653445,      0.9223512799
          0,          49,           0,       -3.42814549,       -1.04880892,       -1.12211314,        2.04525015,      -1.894086993,       1.943221501,      -3.698984694,      -1.141383009,      -1.535869524,        1.76920117,      -2.122089586,      0.9277454336
          0,          50,           0,      -3.432617685,      -1.049899715,      -1.132987474,       2.040368654,      -1.890351349,       1.939468028,      -3.685998006,      -1.138781397,      -1.519302908,       1.782795136,      -2.114344778,      0.9330607995
          0,          51,           0,      -3.438411645,      -1.051151325,      -1.139898227,       2.034022896,      -1.887494668,       1.934056399,      -3.671227257,      -1.135759076,      -1.507811394,       1.798344352,      -2.107166342,      0.9382346367
          0,          52,           0,       -3.44511811,      -1.053244634,      -1.142620708,       2.026660786,      -1.884798196,       1.930264744,       -3.65566781,      -1.132200844,      -1.499917845,       1.814632773,      -2.097577479,      0.9432074748
          0,          53,           0,       -3.45219923,      -1.056323282,      -1.141863119,       2.018892642,      -1.882563092,       1.923250766,      -3.640423896,      -1.128088721,      -1.493409643,       1.830346127,      -2.089044113,      0.9478953054
          0,          54,           0,      -3.459109332,      -1.060050207,      -1.139007749,       2.011351151,      -1.879965472,       1.917733362,      -3.632054384,      -1.128858755,      -1.490687641,       1.838812609,      -2.081824862,      0.9522706704
          0,          55,           0,      -3.465385875,      -1.063842508,      -1.135682699,       2.004581744,      -1.876697656,       1.912868498,      -3.631969358,      -1.135191175,       -1.49005989,       1.838560014,      -2.073857127,      0.9562939067
          0,          56,           0,       -3.47069947,      -1.067132984,      -1.133411467,       1.998973847,      -1.872769613,       1.909378259,      -3.634228638,      -1.140942111,      -1.484891687,       1.835502293,      -2.066793505,      0.9598742961
          0,          57,           0,      -3.474862275,      -1.069572369,      -1.133376889,       1.994731202,       -1.86783273,       1.907163293,      -3.638534683,      -1.145886508,      -1.476099784,       1.830016926,      -2.058930102,      0.9630640005
          0,          58,           0,      -3.477852506,      -1.071166163,      -1.136308567,        1.99185025,      -1.861690144,       1.906310998,      -3.644161706,      -1.149677617,      -1.466008384,        1.82299173,      -2.051611688,      0.9658887565
          0,          59,           0,      -3.479806941,      -1.072260676,      -1.142432788,       1.990132419,      -1.854510916,       1.907318369,      -3.650103288,      -1.151949883,      -1.457498261,       1.815662415,      -2.045245659,      0.9683735916
          0,          60,           0,      -3.481008346,      -1.073390689,      -1.151410578,       1.989212733,      -1.844888844,       1.915080861,      -3.655281737,      -1.152477245,      -1.453195122,       1.809366536,      -2.037815933,      0.9705909317
          0,          61,           0,      -3.481851386,      -1.075109131,       -1.16233226,       1.988619697,      -1.836715265,       1.919682458,      -3.658808621,      -1.151244789,      -1.455154415,       1.805209596,      -2.030046601,      0.9726067697
          0,          62,           0,      -3.482791064,      -1.077806878,      -1.173754708,       1.987835477,      -1.829549247,       1.920287705,      -3.660231204,      -1.148568917,      -1.464794887,       1.803744475,      -2.023412277,      0.9744364745
          0,          63,           0,      -3.484276681,      -1.081601074,      -1.183895128,       1.986375517,       -1.82250343,       1.919254448,      -3.659617543,      -1.144955424,      -1.482966635,       1.804840035,      -2.016283115,      0.9761466021
          0,          64,           0,      -3.486666825,      -1.086369942,      -1.191057694,       1.983871127,      -1.815624062,       1.918528652,      -3.657546205,      -1.140997879,      -1.509763106,       1.807748879,      -2.009154123,      0.9778384813
          0,          65,           0,      -3.490147604,      -1.091772468,       -1.19415585,       1.980137375,      -1.808844198,       1.918069966,      -3.654883389,       -1.13727571,      -1.544266771,       1.811385769,      -2.002810346,      0.9795750461
          0,          66,           0,      -3.494710174,      -1.097311021,      -1.193119518,       1.975213704,      -1.802137784,       1.917939947,      -3.652546217,      -1.134275769,      -1.583745882,       1.814633212,      -1.996453211,      0.9814129114
          0,          67,           0,      -3.500128156,      -1.102503614,      -1.188919832,       1.969376429,      -1.795990633,       1.917173991,       -3.65131738,      -1.132374228,      -1.622482444,       1.816566179,      -1.990353538,      0.9833692922
          0,          68,           0,      -3.505964579,      -1.106939223,      -1.183169296,       1.963124034,      -1.789834302,       1.919838348,      -3.651714127,      -1.131768484,      -1.651440258,       1.816591403,        -1.9844198,        0.98542473
          0,          69,           0,      -3.511674659,      -1.110421838,      -1.177551193,       1.957069053,      -1.783492521,       1.921335498,      -3.653918974,      -1.132530559,      -1.661270034,       1.814504256,      -1.978128207,      0.9876122664
          0,          70,           0,      -3.516744941,      -1.112972446,      -1.173402151,       1.951791521,      -1.776900474,       1.921440568,      -3.657815405,      -1.134638998,       -1.64905874,       1.810437012,       -1.97230491,       0.989945379
          0,          71,           0,      -3.520792282,       -1.11476758,      -1.171503003,       1.947724094,      -1.770296927,        1.92203354,      -3.663030047,      -1.138044077,      -1.620937565,       1.804806486,      -1.966413822,      0.9924133184
          0,          72,           0,      -3.523666972,       -1.11607924,      -1.172061269,       1.945035176,      -1.763398063,       1.923637895,      -3.668997162,      -1.142611286,      -1.586601099,       1.798241965,      -1.960379819,      0.9949970304
          0,          73,           0,      -3.525460333,      -1.117199574,      -1.174795903,       1.943615377,      -1.756249253,       1.925347159,      -3.675069045,      -1.148177639,      -1.553606918,       1.791466833,      -1.954341593,      0.9976899804
          0,          74,           0,      -3.526444582,      -1.118363874,      -1.179087945,        1.94314779,      -1.748693373,       1.929051738,      -3.680630511,       -1.15453409,      -1.526095308,       1.785174697,      -1.948030864,       1.000480805
          0,          75,           0,      -3.526949052,      -1.119726407,      -1.184200118,       1.943247073,      -1.740546022,       1.932555857,      -3.685214362,      -1.161413427,       -1.50574551,       1.779901823,      -1.941906598,       1.003337675
          0,          76,           0,      -3.527239688,      -1.121371661,      -1.189523603,       1.943597256,      -1.731333448,       1.937522248,      -3.688590142,      -1.168549669,      -1.492809257,       1.775926209,      -1.935599994,       1.006302558
          0,          77,           0,       -3.52743504,      -1.123299926,      -1.194766061,       1.944043806,      -1.722773055,       1.939942111,      -3.690782064,      -1.175628963,      -1.486761961,       1.773244529,      -1.929279926,       1.009271669
          0,          78,           0,      -3.527493283,      -1.125493122,       -1.20003403,       1.944610333,      -1.713828834,       1.942028071,      -3.692031977,      -1.182376805,      -1.486990447,       1.771609542,      -1.922686607,       1.012207193
          0,          79,           0,      -3.527267618,       -1.12791018,      -1.205712648,       1.945437739,      -1.704512081,       1.945372985,      -3.692683163,      -1.188527134,      -1.492106539,       1.770659572,       -1.91589822,       1.015052756
          0,          80,           0,      -3.526605768,      -1.130535235,      -1.212303836,       1.946675641,      -1.694885334,       1.946178183,      -3.693074387,      -1.193878957,      -1.500989721,       1.770029507,      -1.909274472,       1.017776467
          0,          81,           0,      -3.525442151,       -1.13333772,      -1.220168001,       1.948384204,      -1.685082256,       1.946208133,      -3.693468294,      -1.198299247,      -1.512728955,       1.769431286,      -1.902408154,       1.020403312
          0,          82,           0,      -3.523875118,      -1.136311393,      -1.229305459,       1.950454573,      -1.675088128,       1.945448448,      -3.694030183,      -1.201742318,      -1.526716366,       1.768677841,      -1.895690623,       1.022891856
          0,          83,           0,      -3.522157502,      -1.139425634,      -1.239264992,       1.952613372,      -1.664995456,       1.943852386,      -3.694837151,      -1.204252237,      -1.542713223,       1.767675351,      -1.888832953,       1.025246953
          0,          84,           0,      -3.520658696,      -1.142638144,      -1.249077707,       1.954468041,      -1.654926435,       1.943831344,      -3.695886241,      -1.205942057,      -1.560081035,       1.766414011,      -1.881907024,       1.027448907
          0,          85,           0,      -3.519766643,      -1.145888105,       -1.25749603,       1.955610129,      -1.644914854,       1.940345536,      -3.697158716,      -1.206963175,      -1.578526325,       1.764903416,      -1.875223461,       1.029561128
          0,          86,           0,      -3.519796893,      -1.149051227,      -1.263350776,       1.955712845,      -1.634930909,       1.936257917,      -3.698659253,       -1.20749514,       -1.59747684,       1.763132325,      -1.868448325,       1.031689571
          0,          87,           0,      -3.520931012,      -1.152008673,      -1.265944605,         1.9545982,      -1.624961233,       1.931649752,      -3.700431334,      -1.207716455,      -1.615764126,       1.761053182,      -1.861818833,       1.033737174
          0,          88,           0,      -3.523168807,      -1.154576011,      -1.265297396,       1.952275518,      -1.614999103,       1.926699865,      -3.702546345,       -1.20779396,      -1.631641031,       1.758593959,       -1.85568827,       1.035481801
          0,          89,           0,      -3.526365727,      -1.156564182,      -1.262146447,       1.948911409,      -1.605038109,       1.921558115,        -3.7050686,      -1.207844867,      -1.643100792,        1.75569645,      -1.849532934,       1.037206036
          0,          90,           0,      -3.530278916,      -1.157781039,      -1.257644497,       1.944778012,      -1.595059215,       1.916391325,      -3.708011962,      -1.207994101,      -1.648598289,       1.752359193,      -1.843476606,       1.038891905
          0,          91,           0,      -3.534640648,      -1.158053365,      -1.252937915,       1.940173763,      -1.585016168,       1.911857698,      -3.711312921,      -1.208308417,      -1.647923688,       1.748669608,      -1.837541919,       1.040596949
          0,          92,           0,      -3.539236787,      -1.157279482,      -1.248857995,       1.935336984,      -1.574973598,       1.907164566,      -3.714815364,       -1.20883662,      -1.642498596,       1.744816776,       -1.83157061,       1.042354995
          0,          93,           0,      -3.543960671,      -1.155449585,      -1.245763165,        1.93038812,      -1.565036193,       1.902996774,      -3.718282017,      -1.209599159,      -1.634878006,       1.741077823,      -1.825609672,       1.044161477
          0,          94,           0,      -3.548826267,      -1.152656363,      -1.243543314,       1.925313663,       -1.55492735,       1.899457275,      -3.721439412,      -1.210573827,      -1.627847892,        1.73776518,      -1.819683953,       1.046045051
          0,          95,           0,      -3.553933451,      -1.149115055,      -1.241758809,       1.920003718,      -1.544668115,       1.896571221,      -3.724041861,      -1.211746586,      -1.623682149,       1.735152614,      -1.813646139,       1.048038492
          0,          96,           0,      -3.559396652,      -1.145123634,      -1.239841696,       1.914330183,      -1.534380427,       1.894368211,      -3.725938573,      -1.213095845,      -1.623779972,       1.733397913,      -1.807562561,       1.050204495
          0,          97,           0,      -3.565258368,      -1.141049799,      -1.237331866,       1.908242155,      -1.524116153,       1.892779569,      -3.727118982,      -1.214612018,      -1.628558487,       1.732493435,      -1.801403568,       1.052524439
          0,          98,           0,      -3.571408441,      -1.137272154,       -1.23406599,       1.901855693,      -1.513728019,       1.891691462,      -3.727723849,      -1.216294444,      -1.637410966,       1.732256591,      -1.795116152,       1.054941699
          0,          99,           0,      -3.577546608,      -1.134172859,      -1.230252938,       1.895498914,      -1.503276193,       1.890964559,      -3.728009805,       -1.21814866,      -1.648750943,       1.732374506,      -1.788838188,       1.057393595
          0,         100,           0,      -3.583201767,       -1.13212134,      -1.226415974,       1.889691302,      -1.492767025,        1.89044395,      -3.728289815,      -1.220189952,      -1.660155255,       1.732474799,      -1.782496006,       1.059849886
          0,         101,           0,      -3.587788737,      -1.131387081,      -1.223247722,       1.885082727,      -1.482181253,       1.890027801,      -3.728860816,      -1.222431624,      -1.668824426,       1.732207848,      -1.776272495,       1.062252892
          0,         102,           0,      -3.590732329,      -1.132158521,      -1.221435182,       1.882313792,      -1.471679518,       1.889579065,      -3.729948544,      -1.224891939,      -1.672391286,       1.731308977,      -1.770196739,       1.064532462
          0,         103,           0,      -3.591605777,      -1.134546301,      -1.221514678,       1.881858279,      -1.461140795,       1.888992422,      -3.731669688,      -1.227578654,      -1.669817797,       1.729636754,      -1.763960143,       1.066903522
          0,         104,           0,      -3.590256301,      -1.138568806,      -1.223781103,       1.883880125,       -1.45070346,       1.888275381,       -3.73401903,      -1.230479032,      -1.661790107,       1.727187013,      -1.757580059,       1.069273053
          0,         105,           0,      -3.586858775,       -1.14415307,      -1.228262133,       1.888171757,      -1.440475258,        1.88743036,      -3.736884397,      -1.233541963,      -1.650270426,       1.724078781,      -1.751261955,       1.071544554
          0,         106,           0,      -3.581883988,      -1.151082833,      -1.234711574,       1.894194825,      -1.430286238,       1.886498497,      -3.740077009,      -1.236737857,       -1.63759744,        1.72052063,      -1.744778402,       1.073822444
          0,         107,           0,      -3.575989711,      -1.159023363,      -1.242634759,       1.901209065,      -1.420144007,       1.885556549,      -3.743377406,      -1.240010574,      -1.625723426,       1.716763279,      -1.738164404,       1.076110516
          0,         108,           0,      -3.569894185,      -1.167478143,      -1.251364365,       1.908417107,       -1.41026869,       1.884686442,      -3.746575174,      -1.243305257,      -1.615946601,       1.713057329,      -1.731537934,       1.078353252
          0,         109,           0,      -3.564270427,      -1.175823155,      -1.260128633,       1.915083767,      -1.400471273,       1.883960549,      -3.749496501,      -1.246576344,      -1.608952302,       1.709621285,       -1.72522814,       1.080417399
          0,         110,           0,      -3.559675171,      -1.183341889,       -1.26813357,       1.920605599,      -1.391266488,       1.883386888,      -3.752020166,      -1.249791146,      -1.604960143,        1.70662117,      -1.719108654,       1.082367584
          0,         111,           0,      -3.556515366,      -1.189303793,      -1.274701123,        1.92454677,       -1.38235944,       1.882926884,       -3.75407411,      -1.252921719,      -1.603929052,       1.704169722,       -1.71298396,       1.084308027
          0,         112,           0,      -3.555046908,      -1.193089097,      -1.279350087,        1.92663775,      -1.373773166,       1.882508005,        -3.7556228,      -1.255954086,      -1.605743617,       1.702335876,      -1.706717764,       1.086400299
          0,         113,           0,      -3.555380688,      -1.194328497,      -1.281850532,       1.926766812,      -1.365281537,        1.88204003,      -3.756653094,      -1.258889537,       -1.61032139,       1.701157024,       -1.70033578,        1.08856963
          0,         114,           0,      -3.557486701,      -1.193009217,      -1.282236569,       1.924969935,      -1.356628603,       1.881393797,      -3.757163282,       -1.26174412,      -1.617653982,       1.700648829,      -1.693815549,       1.090818813
          0,         115,           0,      -3.561198789,      -1.189482988,      -1.280752736,       1.921427753,      -1.347915616,       1.880463186,      -3.757159604,       -1.26455455,      -1.627785772,        1.70080775,      -1.687184014,       1.093196809
          0,         116,           0,      -3.566215685,      -1.184418291,      -1.277802498,        1.91646262,      -1.339214423,       1.879188704,      -3.756663483,      -1.267373196,      -1.640693503,       1.701603807,      -1.680417708,       1.095660569
          0,         117,           0,      -3.572101486,      -1.178645466,      -1.273878698,       1.910539985,      -1.330532164,       1.877633315,      -3.755718092,      -1.270272347,      -1.656142914,       1.702974683,      -1.673494313,       1.098210573
          0,         118,           0,      -3.578300499,      -1.173023378,      -1.269531557,       1.904251427,      -1.321848707,       1.875767012,      -3.754394412,      -1.273337984,      -1.673541958,       1.704821631,      -1.666454475,       1.100892951
          0,         119,           0,       -3.58418785,      -1.168339848,      -1.265314654,       1.898264414,      -1.313284348,       1.873598876,      -3.752789465,       -1.27666643,      -1.691799447,       1.707014108,      -1.659292791,       1.103670338
          0,         120,           0,      -3.589139019,      -1.165201438,      -1.261732416,       1.893247418,      -1.304475122,       1.871352731,      -3.751015699,      -1.280360616,       -1.70927431,        1.70940482,      -1.652057212,       1.106495948
          0,         121,           0,      -3.592633259,      -1.163993781,      -1.259187602,       1.889758468,      -1.295356018,       1.869126427,      -3.749185044,      -1.284521662,       -1.72395463,       1.711849822,      -1.644742776,       1.109391119
          0,         122,           0,      -3.594361878,      -1.164863216,      -1.257958775,       1.888127954,      -1.286020492,       1.867010454,      -3.747389061,      -1.289220962,      -1.733878134,       1.714230691,      -1.637314604,       1.112330512
          0,         123,           0,      -3.594301934,       -1.16770509,      -1.258164793,       1.888379243,      -1.276501684,       1.865351192,       -3.74568544,      -1.294516436,      -1.737826484,       1.716470428,      -1.629949398,       1.115206533
          0,         124,           0,      -3.592728552,      -1.172137062,      -1.259748786,       1.890215551,      -1.266764652,       1.864321253,      -3.744087973,      -1.300433011,       -1.73585508,       1.718544596,      -1.622871339,       1.117910257
          0,         125,           0,      -3.590154745,      -1.177549896,       -1.26250178,       1.893086324,      -1.257114892,       1.863837671,      -3.742566789,      -1.306948944,      -1.729297489,       1.720480919,      -1.615869861,       1.120600114
          0,         126,           0,      -3.587223629,      -1.183159051,       -1.26608231,       1.896304667,      -1.247675332,       1.863822378,      -3.741061744,      -1.314000436,      -1.720255895,       1.722343967,      -1.608882898,       1.123300921
          0,         127,           0,      -3.584590869,      -1.188085952,      -1.270076155,       1.899174946,      -1.238256359,       1.864292071,      -3.739505105,      -1.321473086,       -1.71089301,       1.724210015,      -1.602111957,       1.125956566
          0,         128,           0,      -3.582817717,      -1.191484946,      -1.274055006,       1.901103674,      -1.228907927,       1.865035811,      -3.737849953,      -1.329198997,      -1.702943676,       1.726135111,      -1.595264609,       1.128642133
          0,         129,           0,       -3.58231072,      -1.192724011,      -1.277646484,       1.901662759,      -1.219845058,       1.865857073,      -3.736093966,      -1.336976889,      -1.697579393,       1.728127663,      -1.588284413,       1.131374519
          0,         130,           0,      -3.583284633,      -1.191526828,      -1.280604318,       1.900627425,      -1.211135029,       1.866680474,      -3.734304405,      -1.344553959,      -1.695279123,       1.730119958,      -1.581168494,       1.134156579
          0,         131,           0,      -3.585759983,      -1.188016561,      -1.282842763,       1.897979979,      -1.202485605,       1.867533055,      -3.732617222,      -1.351599737,      -1.695966795,        1.73196795,      -1.573919021,       1.137050808
          0,         132,           0,      -3.589565828,      -1.182693578,      -1.284415517,       1.893902202,      -1.194013472,       1.868466196,        -3.7312403,      -1.357793528,       -1.69909269,       1.733447794,      -1.566626073,       1.139976941
          0,         133,           0,      -3.594375792,      -1.176274546,      -1.285490285,       1.888743708,      -1.185880361,        1.86926451,      -3.730425906,      -1.362794363,       -1.70371637,       1.734285187,      -1.559356517,       1.142886251
          0,         134,           0,      -3.599757224,      -1.169568425,      -1.286262396,       1.882969786,      -1.177972121,       1.869927666,      -3.730447152,      -1.366266619,      -1.708755378,        1.73418082,      -1.552078862,       1.145812932
          0,         135,           0,      -3.605240743,      -1.163314577,      -1.286864794,       1.877089072,      -1.170310311,       1.870635003,      -3.731569691,      -1.367913976,      -1.712897262,        1.73284093,      -1.544726104,       1.148846586
          0,         136,           0,      -3.610392079,      -1.158095905,      -1.287423383,       1.871574648,      -1.163047789,         1.8712864,      -3.734025945,      -1.367508884,      -1.714966389,       1.730006277,       -1.53732599,       1.152013581
          0,         137,           0,      -3.614885629,      -1.154307911,      -1.287928136,       1.866783556,      -1.155650653,       1.872005136,      -3.737996063,      -1.364925739,      -1.714320264,       1.725471706,      -1.529882454,       1.155340018
          0,         138,           0,      -3.618562465,      -1.152141411,      -1.288264894,       1.862889948,      -1.148369947,       1.872640143,       -3.74359887,       -1.36017447,      -1.710919651,       1.719097145,      -1.522573247,       1.158647843
          0,         139,           0,      -3.621453288,      -1.151577008,      -1.288250492,       1.859857287,       -1.14125185,       1.873163355,      -3.750885665,      -1.353386254,      -1.705278274,       1.710813632,      -1.515463037,       1.161908127
          0,         140,           0,      -3.623759218,      -1.152424867,      -1.287693632,       1.857457648,      -1.134011124,         1.8737421,      -3.759841212,      -1.344816917,      -1.698308741,        1.70062331,      -1.508218253,       1.165336355
          0,         141,           0,      -3.625808663,      -1.154361972,      -1.286461871,       1.855322782,      -1.127396721,       1.874018506,      -3.770389004,      -1.334822144,      -1.691072433,        1.68859514,      -1.501007104,       1.168870095
          0,         142,           0,      -3.627980614,      -1.156978056,      -1.284520054,       1.853024182,      -1.120825792,       1.874045977,      -3.782395297,      -1.323815175,      -1.684564199,       1.674862238,      -1.493640037,       1.172571283
          0,         143,           0,       -3.63063131,      -1.159810872,      -1.281957401,       1.850161372,      -1.113950303,       1.873994461,       -3.79566719,      -1.312233594,      -1.679577555,       1.659625065,      -1.486143618,        1.17645963
          0,         144,           0,      -3.634036944,      -1.162423066,      -1.278998655,       1.846422468,      -1.107325156,       1.873624546,      -3.809951191,      -1.300495017,      -1.676655941,       1.643156287,      -1.478496792,       1.180480357
          0,         145,           0,      -3.638345153,       -1.16449965,      -1.275958715,       1.841631298,      -1.101005304,       1.872952724,      -3.824931179,      -1.288991989,      -1.676086834,       1.625812329,      -1.470705895,       1.184613042
          0,         146,           0,      -3.643554756,      -1.165869413,      -1.273192885,       1.835773726,      -1.094290491,       1.872319948,      -3.840214273,      -1.278056605,       -1.67795764,       1.608054366,      -1.462987421,       1.188758331
          0,         147,           0,      -3.649503734,      -1.166547336,      -1.271056157,       1.829010766,      -1.087221826,       1.871819755,      -3.855312908,      -1.267953548,      -1.682180669,       1.590475811,      -1.455340562,       1.192909101
          0,         148,           0,      -3.655879701,       -1.16673228,      -1.269868081,       1.821671649,      -1.080124328,       1.871432118,      -3.869645145,      -1.258893922,      -1.688552035,       1.573814562,      -1.447537127,       1.197149587
          0,         149,           0,      -3.662247765,      -1.166757739,      -1.269868578,       1.814227762,      -1.072877245,       1.871428538,      -3.882544937,      -1.251029009,      -1.696770038,       1.558941404,      -1.439614173,       1.201456219
          0,         150,           0,      -3.668107082,       -1.16703317,      -1.271216945,       1.807231419,      -1.065468846,       1.871917311,      -3.893300905,      -1.244452673,      -1.706465548,       1.546804851,      -1.431584083,       1.205854402
          0,         151,           0,      -3.672972936,       -1.16797624,      -1.273969644,       1.801230924,      -1.057782116,       1.872797356,      -3.901235707,       -1.23921826,      -1.717240687,       1.538312213,      -1.423402026,       1.210330534
          0,         152,           0,      -3.676464239,      -1.169945119,      -1.278088544,       1.796670176,      -1.049935068,       1.873993115,      -3.905807867,      -1.235335388,      -1.728648578,        1.53416817,      -1.415066105,       1.214878685
          0,         153,           0,      -3.678388903,      -1.173200656,       -1.28344101,       1.793788755,      -1.042000502,       1.875333381,      -3.906719673,      -1.232780594,      -1.740224797,       1.534710216,       -1.40674363,       1.219393126
          0,         154,           0,       -3.67878938,      -1.177867021,      -1.289799652,       1.792562082,       -1.03446371,       1.876575575,      -3.903986614,      -1.231498767,      -1.751488069,        1.53981537,      -1.398367305,       1.223949894
          0,         155,           0,      -3.677935552,       -1.18391189,      -1.296860307,       1.792701775,      -1.026981361,       1.877763724,      -3.897938934,      -1.231401911,       -1.76194656,       1.548924178,      -1.389859223,       1.228601854
          0,         156,           0,      -3.676275009,      -1.191124826,      -1.304268312,       1.793716249,      -1.020021422,       1.878627139,      -3.889157831,      -1.232370726,      -1.771129551,       1.561168387,      -1.381269211,         1.2332518
          0,         157,           0,      -3.674323214,      -1.199165363,      -1.311658345,        1.79501544,      -1.013157354,       1.879226324,      -3.878364718,      -1.234247429,      -1.778631642,       1.575550815,      -1.372753179,       1.237897268
          0,         158,           0,      -3.672598374,      -1.207591394,      -1.318694141,       1.796010296,      -1.006323193,       1.879584741,      -3.866314324,      -1.236839158,      -1.784175983,       1.591100053,      -1.364199868,       1.242538874
          0,         159,           0,      -3.671540042,      -1.215890158,       -1.32510868,       1.796199479,     -0.9994613514,       1.879752658,      -3.853706629,      -1.239920001,      -1.787667231,        1.60697249,      -1.355572536,       1.247177283
          0,         160,           0,       -3.67144813,      -1.223564172,      -1.330741021,       1.795236155,     -0.9925972345,       1.879748964,      -3.841141246,      -1.243239803,       -1.78923244,       1.622494109,      -1.346874541,       1.251830748
          0,         161,           0,       -3.67246156,      -1.230246548,      -1.335547771,       1.792953896,     -0.9863097389,       1.879433244,      -3.829098254,      -1.246538283,       -1.78920397,       1.637159554,      -1.338279501,       1.256359672
          0,         162,           0,       -3.67455196,      -1.235764514,      -1.339585404,       1.789379857,     -0.9802056742,       1.879042816,      -3.817942813,      -1.249551682,      -1.788060382,       1.650609897,      -1.329893551,       1.260765082
          0,         163,           0,      -3.677538223,      -1.240159665,      -1.342975313,       1.784722056,     -0.9740657302,        1.87873256,      -3.807940006,      -1.252037865,      -1.786338728,       1.662603391,      -1.321527053,       1.265130418
          0,         164,           0,      -3.681114095,      -1.243693964,      -1.345855783,       1.779343761,     -0.9677877336,       1.878675868,      -3.799271616,      -1.253787999,      -1.784521554,       1.672988123,      -1.313105359,       1.269486739
          0,         165,           0,      -3.684900598,      -1.246811059,      -1.348341584,        1.77370948,     -0.9613275884,       1.878886381,      -3.792053653,      -1.254653898,      -1.782964013,       1.681678093,      -1.304637219,       1.273826182
          0,         166,           0,      -3.688506049,      -1.250026481,        -1.3504724,       1.768315702,     -0.9547398182,       1.879376798,      -3.786348146,      -1.254568815,      -1.781826038,       1.688637847,      -1.296138914,       1.278165095
          0,         167,           0,      -3.691597401,      -1.253840657,       -1.35220835,       1.763602788,     -0.9482683121,       1.879960542,      -3.782171213,      -1.253540525,      -1.781035742,       1.693872784,      -1.287711131,       1.282458547
          0,         168,           0,      -3.693968195,      -1.258648306,      -1.353439478,       1.759868887,     -0.9421021807,       1.880524113,      -3.779500176,      -1.251658817,      -1.780299795,       1.697422445,      -1.279371488,       1.286720537
          0,         169,           0,      -3.695571939,      -1.264676787,      -1.353998375,        1.75721472,     -0.9365350288,       1.880952904,      -3.778273383,      -1.249087396,      -1.779151278,       1.699359694,      -1.270996832,       1.290955461
          0,         170,           0,      -3.696524032,      -1.271954653,      -1.353699723,       1.755528358,     -0.9310841841,       1.881359162,      -3.778390878,      -1.246030076,      -1.777042095,       1.699791204,      -1.262577379,         1.2952119
          0,         171,           0,       -3.69707811,      -1.280303831,       -1.35239009,          1.754518,     -0.9254154173,       1.881819458,        -3.7797155,      -1.242730839,      -1.773457777,       1.698858168,      -1.254194959,       1.299402935
          0,         172,           0,      -3.697570422,      -1.289285688,      -1.350033777,       1.753777967,     -0.9197691526,       1.882152074,      -3.782067863,      -1.239423215,      -1.768039614,       1.696741686,      -1.245763041,       1.303610876
          0,         173,           0,      -3.698341959,      -1.298324296,      -1.346686456,       1.752886797,     -0.9141118753,        1.88232905,      -3.785234852,      -1.236342274,      -1.760694872,       1.693656278,      -1.237337422,       1.307763851
          0,         174,           0,      -3.699689866,      -1.306743378,      -1.342537554,       1.751476971,     -0.9085657211,       1.882325965,       -3.78897638,      -1.233696458,      -1.751641006,       1.689845316,       -1.22890483,        1.31187278
          0,         175,           0,       -3.70180902,      -1.313885265,      -1.337887595,       1.749308225,     -0.9034099294,       1.881963561,      -3.793030739,      -1.231650756,      -1.741314698,       1.685576533,       -1.22038681,       1.316012775
          0,         176,           0,      -3.704769769,      -1.319220022,         -1.333095,       1.746295358,     -0.8981075603,       1.881520845,      -3.797135761,       -1.23032039,      -1.730306841,       1.681123852,      -1.211852803,       1.320143212
          0,         177,           0,       -3.70851013,      -1.322474963,      -1.328566806,       1.742521018,     -0.8927343584,       1.881067806,      -3.801048835,      -1.229773813,      -1.719259281,        1.67674656,      -1.203245243,       1.324280183
          0,         178,           0,      -3.712835499,      -1.323727082,      -1.324688791,       1.738231603,     -0.8873413639,       1.880625721,      -3.804570667,      -1.230041376,      -1.708751005,       1.672666188,      -1.194555167,       1.328472183
          0,         179,           0,      -3.717455997,      -1.323202641,      -1.321784754,       1.733794102,     -0.8818107206,       1.880320735,       -3.80756166,      -1.231088149,      -1.699243994,       1.669047225,      -1.185789204,       1.332728693
          0,         180,           0,      -3.722019485,      -1.321424741,      -1.320109342,       1.729644055,     -0.8767861838,        1.87990891,      -3.809959451,       -1.23285145,      -1.691071949,       1.665980373,      -1.176942189,       1.337113354
          0,         181,           0,      -3.726156955,      -1.319017653,      -1.319827338,       1.726219712,     -0.8717510457,        1.87967869,      -3.811771867,      -1.235214398,      -1.684413196,       1.663483258,      -1.167986253,       1.341551887
          0,         182,           0,      -3.729551011,      -1.316527707,      -1.321022243,       1.723876249,     -0.8665006635,       1.879743578,      -3.813076325,      -1.238040533,      -1.679353342,       1.661502987,      -1.159003911,       1.346030681
          0,         183,           0,      -3.731994297,      -1.314418699,      -1.323666477,       1.722811583,     -0.8611014871,       1.880077575,      -3.813996996,      -1.241171917,       -1.67588882,        1.65993279,      -1.149953166,       1.350592736
          0,         184,           0,      -3.733419314,       -1.31301359,      -1.327635447,       1.723031324,     -0.8558905001,       1.880481622,      -3.814680271,      -1.244444413,      -1.673939442,       1.658638491,      -1.140825473,       1.355236694
          0,         185,           0,      -3.733904499,      -1.312459153,      -1.332697902,       1.724349513,     -0.8509949038,       1.880834855,      -3.815268762,      -1.247709107,      -1.673383722,       1.657484417,      -1.131682445,       1.359855791
          0,         186,           0,      -3.733648569,      -1.312763668,      -1.338526624,       1.726434793,     -0.8459503929,       1.881335523,      -3.815883801,      -1.250846553,      -1.674101953,       1.656352763,      -1.122464697,       1.364504252
          0,         187,           0,       -3.73293158,      -1.313854332,      -1.344709676,       1.728870232,     -0.8412490273,       1.881789359,      -3.816608703,       -1.25376797,      -1.675914068,       1.655161352,      -1.113113955,       1.369237467
          0,         188,           0,      -3.732059526,       -1.31555697,      -1.350765712,       1.731224506,     -0.8368157375,       1.882184827,      -3.817480709,      -1.256431716,      -1.678630839,       1.653872753,      -1.103639005,       1.374048682
          0,         189,           0,      -3.731324338,      -1.317670674,      -1.356188373,       1.733104272,     -0.8325711484,       1.882511227,      -3.818492783,      -1.258835926,      -1.682039191,       1.652492724,      -1.094049345,       1.378947774
          0,         190,           0,      -3.730967123,      -1.319996539,      -1.360489809,         1.7341934,     -0.8282484536,       1.882808152,      -3.819600448,      -1.261017244,      -1.685913577,        1.65106454,      -1.084556181,       1.383815378
          0,         191,           0,      -3.731159171,      -1.322368644,      -1.363244302,       1.734270235,     -0.8238561968,       1.883083415,      -3.820734115,      -1.263035631,      -1.690027787,       1.649656572,      -1.075035571,       1.388715906
          0,         192,           0,       -3.73199426,      -1.324665235,       -1.36414801,       1.733210373,     -0.8194389117,       1.883337147,      -3.821812617,      -1.264961743,      -1.694182556,       1.648348854,      -1.065504698,       1.393578311
          0,         193,           0,      -3.733490657,      -1.326822633,       -1.36306295,       1.730981689,     -0.8150826507,       1.883522307,       -3.82275968,      -1.266860644,      -1.698224587,       1.647215462,      -1.055892037,       1.398491444
          0,         194,           0,      -3.735602633,      -1.328829473,      -1.360020771,       1.727630934,     -0.8105352613,       1.883703539,      -3.823516983,      -1.268776766,      -1.702088228,       1.646311602,      -1.046154919,       1.403461651
          0,         195,           0,      -3.738231587,      -1.330712208,      -1.355218785,       1.723273101,     -0.8058586281,       1.883859822,      -3.824055708,      -1.270725862,      -1.705808875,       1.645661568,      -1.036296563,        1.40850253
          0,         196,           0,      -3.741242831,       -1.33250459,      -1.348984557,       1.718074561,     -0.8017088191,       1.883701558,      -3.824383339,      -1.272688205,      -1.709521512,       1.645251708,      -1.026367704,       1.413541635
          0,         197,           0,       -3.74448281,      -1.334234343,      -1.341732249,       1.712240453,      -0.797563371,       1.883481908,      -3.824547496,      -1.274610322,      -1.713452792,       1.645026335,      -1.016427828,       1.418529474
          0,         198,           0,      -3.747786036,      -1.335908141,      -1.333904581,       1.706006027,     -0.7939104847,       1.882976401,      -3.824633444,      -1.276397818,      -1.717883694,       1.644889533,      -1.006382547,       1.423574945
          0,         199,           0,      -3.750989967,      -1.337501796,      -1.325936973,        1.69962424,      -0.790299076,       1.882375333,       -3.82475864,      -1.277946217,      -1.723093692,       1.644709963,     -0.9962369766,       1.428677689
          0,         200,           0,      -3.753955022,      -1.338984579,      -1.318235828,       1.693349085,     -0.7865714905,       1.881727975,      -3.825068128,       -1.27913676,      -1.729317309,       1.644326142,     -0.9859925212,        1.43384457
          0,         201,           0,      -3.756541777,      -1.340298584,      -1.311151481,       1.687443215,      -0.782854086,        1.88101856,      -3.825725496,      -1.279855925,      -1.736688498,       1.643555275,     -0.9756343226,       1.439063645
          0,         202,           0,      -3.758635298,      -1.341346007,      -1.304955366,       1.682156739,     -0.7793792668,       1.880149571,      -3.826904126,      -1.280007513,      -1.745225812,       1.642202416,     -0.9651590359,       1.444333042
          0,         203,           0,      -3.760149002,      -1.342038298,      -1.299870383,        1.67770966,     -0.7757329211,       1.879295049,      -3.828779443,      -1.279520371,       -1.75480078,       1.640068322,     -0.9546753184,       1.449598616
          0,         204,           0,      -3.761025802,      -1.342313131,      -1.296059715,       1.674283032,     -0.7719290446,       1.878488644,      -3.831523532,      -1.278359869,      -1.765138842,       1.636954966,     -0.9441123109,       1.454917256
          0,         205,           0,      -3.761246593,      -1.342120651,      -1.293635306,       1.671999476,     -0.7680448202,       1.877711313,      -3.835300555,      -1.276523418,      -1.775850482,       1.632670094,     -0.9334371313,       1.460305721
          0,         206,           0,      -3.760807327,      -1.341432718,      -1.292650092,       1.670927507,     -0.7640798794,       1.876955659,      -3.840263738,      -1.274040154,      -1.786472065,       1.627030244,     -0.9226483761,       1.465785706
          0,         207,           0,       -3.75975822,      -1.340245803,      -1.293117577,       1.671049851,     -0.7599168587,       1.876336155,      -3.846552356,      -1.270959822,      -1.796547562,         1.6198627,     -0.9117487938,       1.471350939
          0,         208,           0,      -3.758182134,      -1.338592409,      -1.295002279,       1.672276128,     -0.7557041703,       1.875780926,       -3.85429441,      -1.267351173,      -1.805717823,       1.611004492,     -0.9007340789,       1.477001769
          0,         209,           0,      -3.756203236,      -1.336512447,      -1.298222143,        1.67443778,     -0.7516048102,       1.875255224,      -3.863598634,      -1.263288671,      -1.813758185,       1.600306645,     -0.8896131815,       1.482722827
          0,         210,           0,      -3.753922175,      -1.334052118,      -1.302635889,       1.677340853,     -0.7474932108,       1.874780329,      -3.874559262,      -1.258856832,      -1.820675737,       1.587629678,     -0.8783994134,       1.488494908
          0,         211,           0,      -3.751498879,      -1.331260206,      -1.308056191,       1.680730317,     -0.7431931015,       1.874461332,      -3.887246365,      -1.254146087,      -1.826671632,       1.572851263,     -0.8671355756,        1.49432191
          0,         212,           0,      -3.749100849,      -1.328195658,      -1.314258097,       1.684332665,      -0.738702225,       1.874304177,      -3.901695899,      -1.249252255,      -1.832096767,       1.555875391,     -0.8557777628,       1.500204107
          0,         213,           0,      -3.746891836,      -1.324903382,      -1.320949813,       1.687872484,     -0.7342647241,       1.874245678,      -3.917892428,       -1.24428103,      -1.837383475,       1.536650222,     -0.8443128826,       1.506173918
          0,         214,           0,      -3.745028296,      -1.321394969,      -1.327796599,        1.69108858,     -0.7296861825,        1.87431842,      -3.935744078,      -1.239352061,      -1.842932957,       1.515196222,     -0.8328228719,       1.512145959
          0,         215,           0,      -3.743637541,      -1.317763898,      -1.334422825,       1.693757426,     -0.7249239829,       1.874517675,      -3.955045833,      -1.234597912,       -1.84906538,       1.491652986,     -0.8213260331,       1.518098611
          0,         216,           0,      -3.742837987,      -1.314080903,      -1.340452542,       1.695680876,     -0.7200105189,       1.874836381,      -3.975429725,      -1.230157869,      -1.855948918,       1.466349577,     -0.8097308341,       1.524163716
          0,         217,           0,       -3.74272514,      -1.310404266,      -1.345507575,       1.696699625,     -0.7151165037,       1.875213247,      -3.996317645,      -1.226179485,       -1.86357588,       1.439889701,     -0.7980371898,       1.530307612
          0,         218,           0,      -3.743357328,      -1.306807469,      -1.349258035,       1.696704443,     -0.7103896887,       1.875538798,      -4.016872872,      -1.222806952,      -1.871740238,       1.413260169,      -0.786244985,       1.536525721
          0,         219,           0,      -3.744756944,      -1.303361984,      -1.351450345,       1.695634244,     -0.7056040488,       1.875908424,      -4.035993949,       -1.22017485,      -1.880038287,       1.387909627,     -0.7743298431,       1.542850136
          0,         220,           0,      -3.746910464,      -1.300148961,      -1.351950632,       1.693477267,     -0.7006638319,       1.876342213,      -4.052382201,      -1.218401706,       -1.88789464,       1.365730935,     -0.7623112534,       1.549245686
          0,         221,           0,      -3.749777267,      -1.297275308,       -1.35075461,       1.690261812,     -0.6955099232,       1.876849329,       -4.06472301,      -1.217590019,       -1.89462845,       1.348834946,     -0.7501877286,       1.555714017
          0,         222,           0,      -3.753244034,      -1.294739762,      -1.347980128,       1.686096946,     -0.6903433954,       1.877304556,      -4.071965986,      -1.217822095,      -1.899540328,       1.339065459,     -0.7379676921,       1.562250341
          0,         223,           0,      -3.757170354,      -1.292585134,      -1.343870015,       1.681132426,     -0.6849234264,        1.87779908,      -4.073616634,      -1.219153552,       -1.90203725,        1.33738906,      -0.725693449,       1.568839202
          0,         224,           0,      -3.761386378,      -1.290844753,       -1.33877509,       1.675570434,     -0.6792075127,       1.878319198,      -4.069891457,      -1.221600136,      -1.901743746,       1.343511434,     -0.7133362788,       1.575471554
          0,         225,           0,       -3.76569196,       -1.28953527,      -1.333096839,       1.669665673,     -0.6732530953,       1.878845821,      -4.061641934,      -1.225123824,      -1.898589632,       1.356004292,     -0.7009159301,       1.582113773
          0,         226,           0,      -3.769849796,      -1.288628946,      -1.327239464,       1.663727587,     -0.6669786775,       1.879405137,      -4.050089929,      -1.229629686,      -1.892830111,       1.372853821,     -0.6884425818,       1.588700865
          0,         227,           0,      -3.773595879,      -1.288035693,      -1.321574115,       1.658113153,     -0.6603866015,       1.879983041,      -4.036516724,      -1.234977314,      -1.885007988,       1.392063507,     -0.6758968243,       1.595245497
          0,         228,           0,      -3.776662706,      -1.287715359,      -1.316448576,       1.653205591,     -0.6534007622,       1.880594163,      -4.022027337,      -1.241002333,      -1.875845703,       1.412036369,     -0.6633230244,         1.6016849
          0,         229,           0,      -3.778817773,      -1.287638154,      -1.312156971,       1.649364305,     -0.6460132561,       1.881219971,      -4.007434214,      -1.247539473,      -1.866123855,       1.431697053,     -0.6507058052,       1.608065438
          0,         230,           0,      -3.779874993,      -1.287758643,       -1.30892992,       1.646901016,     -0.6381962962,       1.881886811,      -3.993239225,      -1.254444261,      -1.856582203,       1.450447926,     -0.6379991692,       1.614447262
          0,         231,           0,      -3.779720255,      -1.288033227,      -1.306942657,       1.646038781,     -0.6299450157,       1.882604615,      -3.979674366,      -1.261608997,      -1.847842098,       1.468058261,     -0.6252479153,        1.62082184
          0,         232,           0,      -3.778320852,      -1.288401612,      -1.306293858,       1.646874406,     -0.6212796706,       1.883342952,       -3.96677223,      -1.268975684,      -1.840355765,       1.484542205,     -0.6124233347,       1.627141214
          0,         233,           0,      -3.775708114,      -1.288834204,      -1.306967388,       1.649391412,     -0.6122084657,       1.884097686,      -3.954441152,      -1.276535755,      -1.834395495,       1.500050723,      -0.599536725,       1.633364598
          0,         234,           0,      -3.772013735,      -1.289320557,      -1.308889166,       1.653422356,     -0.6027209612,       1.884856619,      -3.942536532,      -1.284326222,      -1.830054976,       1.514782326,     -0.5866336906,       1.639525673
          0,         235,           0,      -3.767448292,      -1.289863663,      -1.311906961,        1.65867621,     -0.5928531264,       1.885634241,      -3.930922878,      -1.292411543,      -1.827258483,       1.528914545,     -0.5736579069,        1.64560829
          0,         236,           0,      -3.762276805,      -1.290466991,      -1.315778765,       1.664773184,     -0.5825806719,       1.886431871,      -3.919521757,      -1.300864106,      -1.825777739,       1.542554755,     -0.5605670706,       1.651655209
          0,         237,           0,       -3.75679267,      -1.291127503,      -1.320177421,       1.671290042,     -0.5718822586,       1.887229543,      -3.908338212,         -1.309737,      -1.825252564,       1.555716426,     -0.5473718785,       1.657619952
          0,         238,           0,       -3.75130613,      -1.291853445,      -1.324719214,       1.677790899,     -0.5607327956,       1.888055062,      -3.897465209,       -1.31903905,      -1.825236653,       1.568319388,     -0.5340486731,       1.663532056
          0,         239,           0,      -3.746110672,      -1.292627038,       -1.32896932,       1.683866526,     -0.5491091371,       1.889236055,      -3.887069692,      -1.328711608,      -1.825240584,       1.580208098,     -0.5205736792,       1.669442175
          0,         240,           0,      -3.741473251,      -1.293433022,      -1.332488395,       1.689155465,     -0.5370251738,       1.890099636,      -3.877364544,       -1.33861318,      -1.824808151,        1.59118233,     -0.5069604107,       1.675308315
          0,         241,           0,      -3.737613348,      -1.294257149,      -1.334879602,       1.693363571,     -0.5245358563,       1.890970802,      -3.868575751,      -1.348515916,      -1.823590578,        1.60103108,     -0.4931838194,       1.681149039
          0,         242,           0,      -3.734690868,       -1.29506292,      -1.335814383,       1.696272411,     -0.5115619699,       1.891881908,       -3.86091115,      -1.358114281,      -1.821407948,       1.609563495,     -0.4792338088,       1.686950259
          0,         243,           0,        -3.7328135,      -1.295800361,      -1.335098578,       1.697739511,     -0.4981104466,       1.892825462,       -3.85453518,      -1.367055539,      -1.818281899,       1.616633589,     -0.4651392642,       1.692635712
          0,         244,           0,      -3.732031548,      -1.296427555,      -1.332693831,          1.697696,     -0.4841938986,       1.893800786,      -3.849551677,      -1.374975742,      -1.814423302,       1.622155816,     -0.4508649691,       1.698267954
          0,         245,           0,      -3.732336387,      -1.296901219,      -1.328710616,       1.696146755,     -0.4697753234,        1.89484344,      -3.845994386,      -1.381554416,      -1.810181577,       1.626113609,     -0.4363911332,       1.703872241
          0,         246,           0,      -3.733653513,      -1.297165849,        -1.3233708,       1.693174843,     -0.4549412712,       1.895941371,      -3.843826173,      -1.386567193,       -1.80597733,       1.628559928,      -0.421756857,       1.709313122
          0,         247,           0,      -3.735875962,      -1.297245232,      -1.317042412,       1.688921287,      -0.439884721,       1.897046548,      -3.842943473,       -1.38992252,       -1.80222833,       1.629612371,     -0.4068805559,       1.714748047
          0,         248,           0,      -3.738862158,      -1.297163844,      -1.310139709,       1.683582327,     -0.4243746881,       1.898246775,      -3.892991357,      -1.441427628,      -1.847010924,       1.579385633,     -0.3917656383,       1.720151087
          0,         249,           0,      -3.742453954,      -1.297033013,      -1.303073969,        1.67739608,     -0.4084195292,       1.899557552,      -3.939274615,      -1.486534459,      -1.887879829,       1.532885435,     -0.3763224353,       1.725541251
          0,         250,           0,      -3.746442435,      -1.296827307,      -1.296235029,       1.670667215,     -0.3920193733,        1.90101601,      -3.940757783,      -1.485359493,      -1.885583422,       1.531405833,     -0.3605709204,       1.730877457
          0,         251,           0,      -3.750576923,      -1.296515728,      -1.289932834,       1.663766921,     -0.3752401558,       1.902560902,      -3.942586796,      -1.483696775,      -1.883765159,       1.529535524,     -0.3445380459,       1.736206288
          0,         252,           0,      -3.754623876,      -1.296097978,      -1.284433599,       1.657068168,      -0.358105116,       1.904228071,      -3.944653801,      -1.481705612,      -1.882430789,       1.527382693,     -0.3282256934,       1.741525354
          0,         253,           0,      -3.758371591,      -1.295594584,      -1.279955333,        1.65093467,     -0.3405683967,       1.906040887,      -3.946850557,      -1.479548793,      -1.881454631,       1.525059148,     -0.3116277664,       1.746851897
          0,         254,           0,      -3.761632018,      -1.294982547,      -1.276665758,       1.645705992,     -0.3226525748,       1.907993968,      -3.949088106,       -1.47736492,      -1.880669984,       1.522657358,     -0.2947350613,       1.752195411
          0,         255,           0,      -3.764239221,      -1.294250407,      -1.274685022,       1.641681453,     -0.3043982872,       1.910095988,      -3.951299258,      -1.475260546,      -1.879885175,       1.520247936,     -0.2775214991,       1.757580747
          0,         256,           0,      -3.766075727,      -1.293402521,       -1.27409373,       1.639077699,     -0.2857605786,       1.912377084,      -3.953442235,      -1.473324018,      -1.878909988,       1.517876466,     -0.2599816104,       1.762994165
          0,         257,           0,      -3.767083019,      -1.292406218,      -1.274937734,       1.638011458,     -0.2667504437,       1.914839399,      -3.955491665,      -1.471608133,      -1.877574249,       1.515572237,      -0.242109657,       1.768509344
          0,         258,           0,      -3.767241046,      -1.291217422,      -1.277201244,       1.638501537,     -0.2474179372,        1.91746861,      -3.957435669,      -1.470143575,       -1.87574981,       1.513351458,     -0.2239073286,        1.77409533
          0,         259,           0,      -3.766593734,      -1.289863358,      -1.280869291,       1.640454706,     -0.2277840418,       1.920201535,      -3.959268622,      -1.468944897,      -1.873369618,        1.51122469,     -0.2053875104,       1.779693804
          0,         260,           0,      -3.765258138,       -1.28836704,      -1.285870234,       1.643652796,     -0.2077925739,       1.923038341,      -3.960984876,      -1.468020361,      -1.870435018,       1.509202922,     -0.1865178424,       1.785382134
          0,         261,           0,      -3.763382946,      -1.286744737,      -1.292081619,       1.647810829,     -0.1874492716,       1.925949615,      -3.962572054,      -1.467372487,       -1.86700711,       1.507304425,        -0.1672935,       1.791151547
          0,         262,           0,      -3.761148358,      -1.285015002,      -1.299305975,       1.652593917,     -0.1667203904,       1.929075302,      -3.964008272,      -1.467008217,      -1.863202119,       1.505557651,     -0.1477103704,       1.797027679
          0,         263,           0,      -3.758758557,      -1.283221931,      -1.307285521,        1.65763841,     -0.1455583095,       1.932408723,      -3.965260912,      -1.466939326,      -1.859165522,         1.5040023,     -0.1277492306,       1.803031822
          0,         264,           0,      -3.756427614,      -1.281416331,      -1.315685533,       1.662578848,     -0.1239441363,       1.935969042,      -3.966287914,      -1.467182552,       -1.85505721,       1.502687665,     -0.1074019327,       1.809153377
          0,         265,           0,      -3.754368816,      -1.279668162,      -1.324102885,       1.667069368,     -0.1018811276,       1.939733562,      -3.967042068,      -1.467759105,       -1.85103449,       1.501668106,    -0.08665615288,       1.815367277
          0,         266,           0,      -3.752769641,      -1.278013276,      -1.332058596,       1.670807494,    -0.07939028208,       1.943682606,      -3.967477099,      -1.468691953,      -1.847239373,       1.500996238,    -0.06549446299,       1.821679451
          0,         267,           0,      -3.751801924,      -1.276504591,      -1.339050469,       1.673534053,    -0.05643129074,       1.947859591,      -3.967555156,      -1.470002064,      -1.843782822,       1.500715736,    -0.04388606785,       1.828184583
          0,         268,           0,      -3.751620329,      -1.275212605,      -1.344616665,       1.675037544,    -0.03299597628,       1.952253398,      -3.967253846,      -1.471702878,      -1.840743747,       1.500853512,    -0.02181654422,       1.834901938
          0,         269,           0,      -3.752297324,      -1.274185981,      -1.348332668,       1.675187767,   -0.009084659242,       1.956892493,      -3.966571518,      -1.473795411,      -1.838169139,       1.501413559,   0.0002731536716,       1.841653424
          0,         270,           0,      -3.753883061,      -1.273474674,      -1.349928564,       1.673906698,     0.01533154416,        1.96183886,      -3.965530704,      -1.476263202,      -1.836072228,       1.502373581,     0.02225910578,       1.848358998
          0,         271,           0,      -3.756367829,      -1.273112158,      -1.349322527,       1.671190025,     0.04017399894,       1.967182151,      -3.964178749,      -1.479071731,       -1.83444315,       1.503684413,     0.04230241197,       1.854521909
          0,         272,           0,      -3.759690164,      -1.273128856,      -1.346624673,       1.667103285,      0.0655164087,       1.972845415,       -3.96258513,      -1.482165208,      -1.833249692,       1.505272752,     0.05922353153,       1.859680468
          0,         273,           0,      -3.763718183,      -1.273535972,      -1.342125094,        1.66179397,     0.09136238456,       1.978874965,      -3.960836683,      -1.485468902,      -1.832446028,       1.507046296,      0.0751285321,       1.864548622
          0,         274,           0,      -3.768260065,      -1.274338208,      -1.336255562,       1.655492168,      0.1175991859,       1.985162611,      -3.959030204,      -1.488885638,      -1.831978817,       1.508901549,     0.08773444378,         1.8683703
          0,         275,           0,      -3.773070649,      -1.275527324,      -1.329507021,       1.648509531,      0.1442561836,       1.991796852,      -3.957265971,      -1.492309339,      -1.831791544,       1.510731098,      0.1004106539,       1.872289319
          0,         276,           0,      -3.777860123,      -1.277080929,      -1.322386761,       1.641234005,      0.1713246693,       1.998807221,       -3.95563987,      -1.495625833,      -1.831830314,       1.512431781,      0.1128138935,       1.876050799
          0,         277,           0,      -3.782314321,      -1.278970657,      -1.315366513,       1.634113417,      0.1978611735,       2.005941907,      -3.954237139,      -1.498721269,      -1.832045845,       1.513911516,      0.1249309678,       1.879694312
          0,         278,           0,      -3.786104766,      -1.281163811,      -1.308856278,       1.627635538,      0.2241723925,       2.013267541,      -3.953127398,        -1.5014928,      -1.832397782,       1.515094531,      0.1364793739,       1.883052854
          0,         279,           0,      -3.788921994,      -1.283595509,       -1.30316319,       1.622292686,      0.2500949984,       2.020537825,       -3.95236145,      -1.503854264,      -1.832854876,       1.515924811,      0.1465511814,       1.885565858
          0,         280,           0,      -3.790532644,      -1.286238337,      -1.298554157,       1.618502265,      0.2745107281,       2.027328738,      -3.951969514,      -1.505744627,      -1.833396298,        1.51636786,      0.1555492464,       1.887503485
          0,         281,           0,      -3.790794151,      -1.289025127,      -1.295186449,       1.616563938,      0.2962946314,       2.033030054,      -3.951961191,      -1.507131559,      -1.834007085,       1.516410915,      0.1633654155,       1.888878808
          0,         282,           0,      -3.789629975,      -1.291899043,       -1.29315099,       1.616658054,      0.3154075084,       2.037727009,      -3.952326911,       -1.50801403,      -1.834676622,       1.516061576,      0.1703826914,       1.890077928
          0,         283,           0,      -3.787091264,      -1.294804486,      -1.292478612,        1.61877127,      0.3339891382,       2.042309113,       -3.95304033,      -1.508419379,      -1.835399692,       1.515345029,      0.1774011571,       1.891318321
          0,         284,           0,      -3.783325334,      -1.297676308,      -1.293118309,       1.622719479,      0.3525893286,       2.047098016,      -3.954061511,      -1.508399397,      -1.836171988,       1.514301176,      0.1844078011,       1.892393575
          0,         285,           0,      -3.778577884,      -1.300462606,      -1.294976528,       1.628163927,      0.3708747129,       2.051986248,      -3.955340967,      -1.508022233,      -1.836987047,       1.512979795,       0.191337359,       1.893186222
          0,         286,           0,      -3.773137256,      -1.303104043,      -1.297908817,        1.63468111,      0.3882941557,       2.056595458,      -3.956824283,       -1.50736579,      -1.837837891,       1.511436112,      0.1982825188,       1.893837286
          0,         287,           0,      -3.767323335,      -1.305549017,      -1.301715956,        1.64180076,      0.4044030651,       2.060849029,      -3.958456342,        -1.5065085,       -1.83871438,       1.509726236,      0.2054488622,        1.89451684
          0,         288,           0,      -3.761460254,      -1.307748953,      -1.306150774,       1.649049242,      0.4196871998,       2.064908179,       -3.96018511,      -1.505525983,      -1.839614766,       1.507903294,      0.2124711559,       1.894904106
          0,         289,           0,      -3.755855208,      -1.309675404,      -1.310927598,       1.655983501,       0.434960496,       2.069106141,      -3.961965184,      -1.504482177,      -1.840533375,       1.506013686,      0.2192517902,        1.89493577
          0,         290,           0,      -3.750781809,       -1.31130146,      -1.315710506,       1.662213381,      0.4504138005,       2.073503038,      -3.963759947,       -1.50342534,      -1.841464289,       1.504094799,      0.2256533681,       1.894659356
          0,         291,           0,      -3.746473154,      -1.312597792,      -1.320131804,        1.66741411,      0.4653710618,        2.07774358,       -3.96554319,      -1.502389964,      -1.842404567,       1.502173377,       0.230581905,       1.893576756
          0,         292,           0,      -3.743143299,      -1.313561962,      -1.323841014,         1.6713033,      0.4794421533,       2.081397331,      -3.967298586,      -1.501396784,      -1.843363402,       1.500266016,      0.2352467715,       1.892193129
          0,         293,           0,       -3.74094997,      -1.314191076,      -1.326515793,       1.673667454,      0.4934608291,       2.085076801,      -3.969018305,       -1.50045389,      -1.844362392,       1.498380614,      0.2387223364,       1.890152098
          0,         294,           0,      -3.740009249,        -1.3144951,      -1.327901564,       1.674349335,      0.5075075354,       2.088902627,      -3.970701686,      -1.499559774,      -1.845421323,       1.496518025,      0.2420194337,       1.888092579
          0,         295,           0,      -3.740392363,      -1.314498735,      -1.327848898,       1.673248199,      0.5211365529,       2.092684167,      -3.972351109,      -1.498705435,      -1.846572688,       1.494676242,      0.2451091644,       1.885965663
          0,         296,           0,      -3.742118279,      -1.314244339,      -1.326317813,       1.670323868,      0.5337024931,       2.095847281,      -3.973969234,      -1.497880881,      -1.847857193,       1.492853286,      0.2478800783,        1.88362193
          0,         297,           0,      -3.745155084,       -1.31375233,      -1.323397871,       1.665604014,      0.5462100087,       2.099121678,      -3.975557586,      -1.497075122,      -1.849321721,       1.491048764,      0.2505614198,       1.881379526
          0,         298,           0,       -3.74943338,      -1.313057376,      -1.319348505,       1.659177221,      0.5586729058,       2.102530235,      -3.977111946,      -1.496282197,      -1.851016009,       1.489268562,      0.2531264962,       1.879178397
          0,         299,           0,      -3.754805926,      -1.312199615,      -1.314431755,       1.651230965,      0.5706156078,       2.105736876,      -3.978622769,      -1.495502262,      -1.852990478,       1.487524642,      0.2555694565,       1.877005027
          0,         300,           0,      -3.761059614,      -1.311213626,      -1.309037752,       1.642046371,      0.5812895246,       2.108272823,      -3.969648705,      -1.484351422,      -1.845382307,       1.496326514,      0.2577878441,       1.874760435
          0,         301,           0,       -3.76790267,      -1.310125479,      -1.303541638,       1.632036205,      0.5916710105,       2.110801468,      -3.960357796,      -1.472974485,      -1.838224756,        1.50543614,      0.2598836508,       1.872627619
          0,         302,           0,      -3.774975071,      -1.308983134,      -1.298342824,       1.621729652,      0.6018599291,       2.113390851,       -3.95070832,      -1.461396357,      -1.831605727,       1.514900975,      0.2618537555,       1.870591772
          0,         303,           0,      -3.781897675,      -1.307811673,      -1.293814291,       1.611743636,      0.6116036712,        2.11543945,      -3.940656703,      -1.449643274,      -1.825602216,       1.524771191,      0.2636886206,       1.868642792
          0,         304,           0,      -3.788292767,       -1.30663325,      -1.290281732,        1.60274128,       0.621092149,       2.117355502,       -3.93016176,      -1.437748631,      -1.820273546,       1.535094932,         0.2652675,       1.866589826
          0,         305,           0,      -3.793754014,       -1.30546867,      -1.287999383,       1.595421266,      0.6302850648,       2.119350976,      -3.919190794,      -1.425748763,      -1.815650386,       1.545911461,      0.2667065859,       1.864650017
          0,         306,           0,      -3.797928305,      -1.304338976,      -1.287155078,       1.590392861,      0.6392918978,       2.121425882,      -3.907726065,      -1.413682117,      -1.811722368,       1.557243721,       0.267999545,       1.862804325
          0,         307,           0,      -3.800583947,      -1.303256365,      -1.287856776,       1.588055115,       0.648094809,       2.123584298,      -3.895771352,      -1.401582966,      -1.808428493,       1.569091165,      0.2691503618,       1.861092894
          0,         308,           0,      -3.801602962,      -1.302233485,      -1.290133568,        1.58855396,      0.6566634784,       2.125835296,      -3.890650882,      -1.396713202,      -1.812552935,       1.574086469,      0.2701943291,       1.859558469
          0,         309,           0,       -3.80102433,      -1.301302425,      -1.293940172,        1.59172588,      0.6649913893,       2.128206395,      -3.890662314,      -1.397319463,      -1.821903334,       1.573942387,       0.271154486,       1.858217891
          0,         310,           0,      -3.799028032,      -1.300482798,      -1.299149111,       1.597138937,      0.6731623944,       2.130646815,      -3.890645073,      -1.398170585,      -1.831018777,       1.573844736,       0.272015745,       1.856961407
          0,         311,           0,      -3.795896853,      -1.299790442,      -1.305543083,       1.604184536,      0.6811528916,        2.13312616,      -3.890691118,      -1.399241969,      -1.839657104,       1.573690976,       0.272708317,       1.855783515
          0,         312,           0,      -3.792003158,       -1.29924889,      -1.312831399,       1.612161475,      0.6889243312,       2.135435949,       -3.89089007,      -1.400510092,        -1.8476387,       1.573380012,      0.2732390475,       1.854719556
          0,         313,           0,      -3.787739324,      -1.298863301,      -1.320642107,       1.620385536,      0.6962067687,       2.137154312,      -3.891321942,      -1.401951288,      -1.854853739,       1.572819701,      0.2735814829,        1.85368025
          0,         314,           0,      -3.783484836,      -1.298638747,      -1.328552945,       1.628252579,       0.702951078,       2.138492326,      -3.892051728,      -1.403548364,      -1.861284177,       1.571932846,      0.2738076818,       1.852778846
          0,         315,           0,      -3.779568335,      -1.298581608,      -1.336112001,       1.635278594,      0.7092450294,       2.139687906,      -3.893127633,      -1.405291216,      -1.866995319,       1.570659264,       0.273964547,       1.852070799
          0,         316,           0,      -3.776252651,      -1.298686569,      -1.342878293,       1.641108285,      0.7152884531,       2.140902729,      -3.894580499,      -1.407177996,       -1.87211794,       1.568956293,      0.2740133637,       1.851415636
          0,         317,           0,      -3.773727111,      -1.298929717,      -1.348472915,        1.64551279,      0.7210257496,       2.142004284,      -3.896425968,       -1.40921536,      -1.876820159,       1.566796584,      0.2739344686,       1.850717727
          0,         318,           0,      -3.772082553,       -1.29929072,      -1.352637565,       1.648399104,      0.7265172325,       2.143033803,      -3.898668201,        -1.4114152,      -1.881273496,       1.564164264,      0.2737328385,       1.850017179
          0,         319,           0,      -3.771346655,       -1.29974173,      -1.355259052,       1.649768102,      0.7317838122,       2.144135453,      -3.901303924,      -1.413791748,      -1.885620882,       1.561050724,      0.2734629255,       1.849374925
          0,         320,           0,      -3.771479975,      -1.300249855,      -1.356376164,       1.649709641,      0.7368597342,       2.145352731,      -3.904326908,      -1.416357684,      -1.889946909,       1.557450217,      0.2731604066,       1.848861239
          0,         321,           0,      -3.772378602,       -1.30077856,      -1.356168427,       1.648395937,      0.7417504582,       2.146597468,      -3.907730974,      -1.419120424,      -1.894263089,       1.553356704,      0.2728724218,       1.848538316
          0,         322,           0,      -3.773909292,      -1.301299831,      -1.354929079,       1.646046254,      0.7464527558,       2.147677523,      -3.911511504,      -1.422080436,      -1.898503174,       1.548762492,      0.2726225982,       1.848402425
          0,         323,           0,      -3.775864417,       -1.30178904,      -1.353001198,       1.642957898,      0.7509012258,       2.148441766,      -3.915665168,      -1.425230813,      -1.902533669,       1.543658866,      0.2724197748,       1.848386935
          0,         324,           0,      -3.778054781,      -1.302219725,      -1.350722698,       1.639430447,      0.7551699688,       2.149251292,      -3.920187295,      -1.428559894,      -1.906172815,       1.538039153,      0.2722916175,       1.848504175
          0,         325,           0,       -3.78030483,      -1.302579179,      -1.348407668,       1.635756045,       0.759269443,        2.15010612,      -3.925067418,      -1.432056065,      -1.909220807,       1.531904003,      0.2723169804,       1.848727397
          0,         326,           0,       -3.78243126,      -1.302863966,      -1.346293254,       1.632225438,      0.7631761404,       2.150915979,      -3.930284431,      -1.435710636,      -1.911491093,       1.525266922,      0.2723863003,       1.849027969
          0,         327,           0,       -3.78428944,      -1.303090089,      -1.344539821,       1.629079423,      0.7668976535,        2.15174954,      -3.935800144,      -1.439519039,      -1.912841289,       1.518162686,      0.2725353018,       1.849347866
          0,         328,           0,      -3.785794167,      -1.303305823,      -1.343251468,       1.626475491,       0.770466097,       2.152586967,      -3.941554518,      -1.443491105,      -1.913205985,        1.51065334,      0.2729113179,       1.849649489
          0,         329,           0,      -3.786866412,      -1.303532978,      -1.342384598,       1.624539748,      0.7738766411,       2.153368926,      -3.947461882,      -1.447651357,      -1.912610227,       1.502834103,      0.2733745704,       1.850165045
          0,         330,           0,      -3.787485048,      -1.303829517,      -1.341858892,       1.623301134,       0.777140013,       2.154263672,      -3.953409136,      -1.452040805,      -1.911156966,       1.494837302,      0.2740953438,       1.850848203
          0,         331,           0,      -3.787666917,      -1.304241152,      -1.341528418,       1.622729549,      0.7802665697,       2.155225066,      -3.959258115,      -1.456713902,      -1.909017415,       1.486832307,      0.2749628518,       1.851402499
          0,         332,           0,       -3.78744438,      -1.304830339,      -1.341223155,       1.622758956,      0.7835023344,       2.156195451,      -3.964851971,        -1.4617382,       -1.90640557,       1.479019847,      0.2759102175,       1.851728941
          0,         333,           0,      -3.786890353,      -1.305665873,      -1.340769216,       1.623273274,      0.7863194422,       2.156954472,      -3.970024069,      -1.467187499,      -1.903547685,       1.471623114,      0.2769117401,       1.851838965
          0,         334,           0,      -3.786074341,      -1.306801429,      -1.340018083,       1.624154688,      0.7889906381,       2.157627646,      -3.974611059,      -1.473135432,      -1.900659313,       1.464871991,      0.2781680719,       1.852035681
          0,         335,           0,      -3.785050008,      -1.308266794,      -1.338857638,        1.62531226,      0.7915211104,       2.158258736,      -3.978467758,      -1.479648719,      -1.897920805,       1.458983865,      0.2797433772,       1.852436211
          0,         336,           0,      -3.783855672,      -1.310080698,      -1.337235073,       1.626684446,      0.7938517125,       2.158726479,      -3.981481862,      -1.486779016,      -1.895469401,       1.454141922,      0.2816265807,        1.85294764
          0,         337,           0,      -3.782499027,       -1.31224311,      -1.335169208,       1.628254013,      0.7960138298,       2.159173145,      -3.983585469,      -1.494559963,      -1.893393846,       1.450475655,      0.2838992275,       1.853627784
          0,         338,           0,      -3.780988735,      -1.314731353,      -1.332741198,       1.630021772,      0.7979975957,       2.159573379,      -3.984761993,        -1.5029939,       -1.89173761,       1.448047093,       0.286443666,       1.854419935
          0,         339,           0,      -3.779317234,       -1.31750905,      -1.330085385,       1.632015917,      0.7998310461,       2.159842657,      -3.985047581,      -1.512054521,       -1.89051137,       1.446843713,      0.2891034105,        1.85502114
          0,         340,           0,       -3.77746664,      -1.320511176,      -1.327367907,       1.634282957,      0.8014407646,       2.160123089,      -3.984525753,       -1.52168468,      -1.889701607,       1.446782652,       0.291942081,       1.855517617
          0,         341,           0,      -3.775414642,      -1.323659596,      -1.324778715,       1.636871647,      0.8028279186,       2.160347978,      -3.983315999,      -1.531790005,       -1.88928421,       1.447723803,      0.2947983866,       1.855731468
          0,         342,           0,      -3.773146637,      -1.326845445,      -1.322488743,       1.639819907,      0.8040550852,       2.160485016,      -3.981561208,      -1.542246121,      -1.889244108,       1.449487252,      0.2978639601,       1.855930522
          0,         343,           0,      -3.770641932,      -1.329950519,      -1.320645873,       1.643157063,       0.805122901,       2.160638198,      -3.979414243,      -1.552903247,      -1.889579704,       1.451872813,      0.3012312706,       1.856302831
          0,         344,           0,      -3.767945994,      -1.332874926,      -1.319382108,       1.646842701,      0.8061721885,       2.160696471,      -3.977025936,      -1.563589042,      -1.890310059,       1.454678302,      0.3049183633,       1.856743251
          0,         345,           0,      -3.765101842,      -1.335490302,      -1.318789446,       1.650820303,      0.8069030667,       2.160719301,      -3.974535456,      -1.574123028,      -1.891476757,       1.457713892,      0.3086275398,       1.857088142
          0,         346,           0,       -3.76216679,       -1.33768073,      -1.318907872,       1.655010691,       0.807541937,        2.16054445,      -3.972064644,      -1.584327742,      -1.893145608,       1.460810968,      0.3124311574,       1.857258733
          0,         347,           0,       -3.75921242,      -1.339345574,      -1.319751468,        1.65931224,      0.8079297898,       2.160199559,      -3.969715657,       -1.59403314,      -1.895388931,       1.463826831,      0.3164253804,       1.857487154
          0,         348,           0,      -3.756315048,        -1.3404134,      -1.321278665,       1.663612715,      0.8081869179,       2.159818733,      -3.967570918,      -1.603089501,      -1.898276551,       1.466645141,      0.3205326316,       1.857674406
          0,         349,           0,      -3.753545578,      -1.340845599,      -1.323424363,       1.667804816,      0.8083395233,       2.159446079,      -3.965694321,      -1.611370567,      -1.901861164,       1.469174871,      0.3248389577,       1.857986539
          0,         350,           0,      -3.750970249,      -1.340648303,      -1.326101497,       1.671789072,       0.808370696,       2.159055052,      -3.964134426,       -1.61878897,       -1.90616255,       1.471345423,      0.3293045823,       1.858416743
          0,         351,           0,      -3.748640156,      -1.339857497,      -1.329206518,       1.675486476,      0.8082910269,       2.158541405,      -3.962927376,      -1.625288642,      -1.911149362,       1.473103593,      0.3338145869,       1.858705392
          0,         352,           0,      -3.746587006,       -1.33854144,      -1.332626129,       1.678846098,      0.8081441573,       2.158116473,       -3.96209953,      -1.630847533,      -1.916730445,        1.47441011,       0.338163303,       1.858715309
          0,         353,           0,       -3.74482424,      -1.336805049,      -1.336258047,       1.681845049,      0.8080279467,       2.157695855,      -3.961668914,      -1.635473935,      -1.922742252,       1.475237537,       0.342677941,       1.858775634
          0,         354,           0,      -3.743337293,      -1.334765205,      -1.339986255,       1.684489602,      0.8077948013,       2.157372453,      -3.961647303,      -1.639200083,       -1.92894486,       1.475567642,      0.3470274993,       1.858602414
          0,         355,           0,      -3.742098019,      -1.332554184,      -1.343722708,       1.686807626,       0.807535116,       2.157158041,      -3.962039448,      -1.642083521,      -1.935045613,       1.475391833,      0.3511989039,       1.858084385
          0,         356,           0,      -3.741064951,      -1.330296958,      -1.347398547,       1.688847761,      0.8072971618,       2.157027698,      -3.962842162,      -1.644196017,      -1.940702357,       1.474712392,      0.3554159709,       1.857605986
          0,         357,           0,      -3.740177486,      -1.328104509,      -1.350954183,       1.690674734,      0.8070220721,       2.156945287,      -3.964045005,      -1.645636071,      -1.945534881,        1.47354188,      0.3596674605,        1.85716609
          0,         358,           0,      -3.739370233,      -1.326090691,      -1.354347804,       1.692358682,      0.8067684268,       2.156860908,       -3.96562804,       -1.64650283,      -1.949186408,       1.471904737,      0.3639465183,        1.85677524
          0,         359,           0,      -3.738578857,       -1.32434806,      -1.357555691,       1.693966917,      0.8064497447,       2.156515469,      -3.967560428,       -1.64690895,      -1.951365824,       1.469839672,      0.3679252295,       1.855957533
          0,         360,           0,      -3.737755266,      -1.322946123,      -1.360558973,       1.695551005,      0.8061589514,       2.156167826,      -3.969800818,      -1.646975587,       -1.95188459,       1.467398781,       0.371958483,       1.855182839
          0,         361,           0,      -3.736857546,      -1.321923513,      -1.363345474,       1.697149407,      0.8058970144,       2.155960963,      -3.972297191,      -1.646825218,      -1.950682368,       1.464647697,       0.376267526,        1.85446317
          0,         362,           0,      -3.735856559,      -1.321299438,      -1.365901576,        1.69878522,      0.8063665762,       2.155850333,      -3.974988316,      -1.646579635,      -1.947836665,       1.461663778,      0.3805255593,        1.85368873
          0,         363,           0,      -3.734736287,      -1.321060813,      -1.368200019,       1.700464393,      0.8062802129,       2.155752457,      -3.977806255,      -1.646356502,       -1.94354647,       1.458533177,       0.384755962,       1.852944124
          0,         364,           0,      -3.733501228,      -1.321187237,      -1.370235205,       1.702170888,      0.8062491532,        2.15582309,      -3.980679501,      -1.646262084,      -1.938096369,        1.45534673,      0.3888726257,       1.852111979
          0,         365,           0,      -3.732169615,      -1.321637073,      -1.371994126,        1.70387456,      0.8062864708,        2.15608388,      -3.983538066,      -1.646382485,      -1.931815308,       1.452194102,      0.3926449084,        1.85089538
          0,         366,           0,      -3.730771416,      -1.322349155,      -1.373460897,       1.705534458,      0.8063413696,       2.156465401,      -3.986316078,      -1.646800588,      -1.925031383,       1.449158656,      0.3962864456,        1.84959438
          0,         367,           0,      -3.729337489,      -1.323257218,      -1.374631957,       1.707109763,       0.808114185,       2.156782894,      -3.988958664,      -1.647567846,      -1.918050923,       1.446310758,      0.3995949215,       1.847895775
          0,         368,           0,      -3.727901274,      -1.324276474,      -1.375496803,       1.708562598,      0.8081226776,       2.156844562,      -3.991425235,      -1.648746409,      -1.911123655,       1.443702754,      0.4027492298,       1.846025275
          0,         369,           0,      -3.726494934,       -1.32534218,      -1.376084791,       1.709861421,      0.8081183886,         2.1568653,      -3.993688624,      -1.650307428,      -1.904436593,       1.441367732,      0.4058315386,       1.844192091
          0,         370,           0,      -3.725140325,       -1.32637768,      -1.376436521,       1.710990808,      0.8109083595,       2.156997005,        -3.9957417,      -1.652243908,      -1.898114794,       1.439313398,       0.408668363,       1.842047639
          0,         371,           0,      -3.723847246,      -1.327317417,      -1.376598573,       1.711951403,      0.8107256256,       2.157082913,      -3.997593958,      -1.654531267,      -1.892229107,        1.43752567,      0.4113977329,       1.839870261
          0,         372,           0,      -3.722614279,       -1.32812028,      -1.376653361,       1.712762735,      0.8106170235,       2.157234573,      -3.999269268,      -1.657130047,      -1.886801402,       1.435971512,      0.4140592385,       1.837719395
          0,         373,           0,      -3.721428132,      -1.328750539,      -1.376692708,       1.713459771,      0.8105712476,       2.157494989,      -4.000800809,      -1.659986666,       -1.88181894,       1.434605724,      0.4166642482,       1.835594754
          0,         374,           0,       -3.72026497,      -1.329188323,      -1.376810622,       1.714092725,      0.8107305066,       2.157827348,      -4.002233086,      -1.663051453,      -1.877244295,       1.433369292,      0.4192269054,       1.833493241
          0,         375,           0,      -3.719096395,      -1.329427819,      -1.377123541,       1.714720718,      0.8108055817,       2.158450201,      -4.003604848,      -1.666256682,      -1.873032202,       1.432208577,      0.4216683348,       1.831234333
          0,         376,           0,      -3.717890294,      -1.329471506,      -1.377733817,       1.715408972,      0.8109585093,       2.159202446,      -4.004954237,      -1.669542315,      -1.869141195,       1.431071792,      0.4239991145,       1.828819627
          0,         377,           0,      -3.716615425,      -1.329336134,      -1.378739545,       1.716221983,      0.8111240453,       2.159961317,      -4.006312795,      -1.672851777,      -1.865540738,       1.429916174,      0.4263150934,       1.826426284
          0,         378,           0,      -3.715245863,      -1.329048353,      -1.380227074,       1.717215809,      0.8111225658,        2.16031783,      -4.007701912,      -1.676132157,      -1.862219423,       1.428712167,       0.428615118,       1.824055555
          0,         379,           0,       -3.71376526,      -1.328639941,      -1.382266107,       1.718432902,      0.8111053742,       2.160843034,      -4.009133241,      -1.679331521,      -1.859186857,       1.427443707,      0.4309223245,       1.821706482
          0,         380,           0,      -3.712173694,      -1.328129589,       -1.38489676,       1.719892938,      0.8111132282,       2.161379587,      -4.010608095,      -1.682413304,      -1.856474177,        1.42610888,      0.4329692934,       1.819371636
          0,         381,           0,      -3.710490005,       -1.32753372,      -1.388125464,       1.721589467,      0.8110963151,       2.161860642,      -4.012119886,       -1.68531176,      -1.854130574,       1.424716374,      0.4349862009,       1.817057187
          0,         382,           0,      -3.708751605,      -1.326868608,      -1.391928268,       1.723488437,      0.8110712248,       2.162456759,      -4.013657286,      -1.687974169,      -1.852216494,       1.423282149,      0.4370678937,       1.814764246
          0,         383,           0,      -3.707015318,      -1.326133179,      -1.396229352,       1.725526078,      0.8110438453,       2.163126371,      -4.015207985,      -1.690342187,      -1.850795451,       1.421824807,      0.4392241645,       1.812496768
          0,         384,           0,       -3.70535791,      -1.325316044,      -1.400932878,       1.727610693,      0.8110248342,       2.163883309,      -4.016762153,      -1.692353364,      -1.849926604,        1.42036057,      0.4414592655,       1.810247755
          0,         385,           0,      -3.703866957,      -1.324398613,      -1.405888252,        1.72963327,      0.8109819444,       2.164578809,      -4.018315436,      -1.693938976,      -1.849656023,       1.418899713,      0.4437804385,       1.808015765
          0,         386,           0,      -3.702641693,      -1.323356671,      -1.410900289,       1.731467887,      0.8109669652,       2.165302134,      -4.019872531,      -1.695029961,      -1.850012114,       1.417441867,      0.4461616425,       1.805798823
          0,         387,           0,      -3.701786068,      -1.322167205,      -1.415745514,       1.732982079,      0.8109691358,       2.166067248,       -4.02144638,      -1.695547784,      -1.850995803,       1.415976169,      0.4486310152,       1.803594049
          0,         388,           0,       -3.70139941,      -1.320805612,      -1.420165977,        1.73404785,      0.8109712812,       2.166634902,      -4.023067611,      -1.695451764,      -1.852596715,        1.41447187,       0.451187215,       1.801401295
          0,         389,           0,      -3.701573061,      -1.319261401,      -1.423917421,        1.73454681,      0.8109570781,        2.16680847,      -4.024767668,      -1.694674097,      -1.854764575,       1.412892872,      0.4538350263,       1.799218699
          0,         390,           0,      -3.702378027,      -1.317528982,      -1.426758438,       1.734385133,      0.8109314644,       2.166857771,      -4.026588995,      -1.693179572,      -1.857429729,       1.411190959,      0.4569391138,       1.797051671
          0,         391,           0,      -3.703866792,      -1.315627744,      -1.428514671,       1.733492702,      0.8109392249,       2.166780421,      -4.028578407,      -1.690962566,      -1.860501688,        1.40931176,      0.4597092106,       1.794890377
          0,         392,           0,      -3.706069362,      -1.313586336,      -1.429114214,       1.731831365,      0.8109548276,       2.166562791,      -4.030783653,      -1.688045991,      -1.863870509,       1.407198512,      0.4625626016,       1.792734723
          0,         393,           0,      -3.708973281,      -1.311458009,      -1.428554455,        1.72941115,      0.8109810939,       2.166279032,      -4.033249295,      -1.684480449,      -1.867418213,       1.404797616,      0.4654922325,       1.790581488
          0,         394,           0,      -3.712534381,       -1.30930095,      -1.426959125,       1.726282326,       0.811015032,       2.165918673,      -4.036013378,      -1.680348302,      -1.871026262,       1.402062429,      0.4684900042,       1.788429642
          0,         395,           0,      -3.716671593,      -1.307184269,      -1.424542767,        1.72254112,      0.8110452371,       2.165265906,      -4.039102639,      -1.675747833,      -1.874574827,       1.398958659,      0.4715455007,       1.786276686
          0,         396,           0,      -3.721263104,      -1.305179278,      -1.421607584,       1.718333032,      0.8110725176,       2.164535667,      -4.042534174,      -1.670798057,      -1.877961869,       1.395463949,       0.474647611,       1.784120994
          0,         397,           0,      -3.726150084,      -1.303365109,      -1.418507018,       1.713847864,      0.8111043654,       2.163689866,      -4.046309158,      -1.665615283,      -1.881096812,       1.391573577,      0.4777843072,       1.781962182
          0,         398,           0,      -3.731141989,      -1.301818997,      -1.415626872,       1.709311309,      0.8111769413,       2.162725208,      -4.050415148,      -1.660327467,      -1.883911185,       1.387299585,      0.4809439422,       1.779797987
          0,         399,           0,      -3.736025811,      -1.300594976,      -1.413331865,       1.704975208,      0.8112990605,       2.161671532,      -4.054824954,      -1.655051401,      -1.886360832,       1.382671752,      0.4841138015,       1.777626624
          0,         400,           0,      -3.740582934,      -1.299750541,      -1.411956493,       1.701094378,      0.8114944502,       2.160558978,      -4.059496021,      -1.649894246,      -1.888423287,       1.377738155,      0.4872774014,       1.775446885
          0,         401,           0,      -3.744612748,      -1.299323605,      -1.411800307,       1.697899313,      0.8118351144,        2.15939432,       -4.06437614,      -1.644945676,       -1.89008823,       1.372560976,      0.4904080463,       1.773256695
          0,         402,           0,      -3.747934301,      -1.299334699,      -1.413106465,       1.695586064,      0.8121905517,       2.158247503,      -4.069404835,      -1.640277278,      -1.891362217,       1.367214252,      0.4935177033,       1.771056565
          0,         403,           0,      -3.750422749,      -1.299795384,      -1.416053275,       1.694278939,      0.8128733238,       2.157069239,      -4.074514248,      -1.635945088,      -1.892259905,       1.361782089,       0.496597693,       1.768846578
          0,         404,           0,      -3.752008774,      -1.300699811,      -1.420749973,       1.694026667,      0.8133840499,       2.155907465,      -4.079639718,       -1.63198511,      -1.892795319,       1.356348784,      0.4996367279,       1.766625617
          0,         405,           0,      -3.752695662,      -1.302030823,      -1.427224217,       1.694789712,      0.8139840906,       2.154720554,      -4.084716346,       -1.62841307,      -1.892975696,       1.350999301,      0.5029728903,       1.764393712
          0,         406,           0,      -3.752556451,      -1.303767012,      -1.435424502,       1.696447817,       0.814652276,        2.15359736,      -4.089687497,      -1.625226264,      -1.892805017,       1.345810709,      0.5058953622,       1.762148685
          0,         407,           0,      -3.751723455,      -1.305880321,      -1.445205242,       1.698816554,      0.8153862426,       2.152574783,       -4.09450712,      -1.622418769,      -1.892259054,       1.340847168,      0.5087593148,       1.759894798
          0,         408,           0,      -3.750371306,      -1.308338614,      -1.456319309,       1.701669865,      0.8161949816,       2.151662019,      -4.099144107,      -1.619964063,        -1.8913086,        1.33615528,        0.51155487,       1.757632519
          0,         409,           0,       -3.74869658,      -1.311110609,      -1.468409437,       1.704766345,      0.8170191049,       2.150838977,      -4.103586184,      -1.617829166,      -1.889912706,        1.33175824,      0.5142753858,        1.75536226
          0,         410,           0,      -3.746899866,      -1.314160815,      -1.481018813,       1.707872196,      0.8179346016,       2.150131975,      -4.107839055,      -1.615975413,      -1.888022305,       1.327655894,      0.5169157389,       1.753084366
          0,         411,           0,      -3.745166377,      -1.317465607,      -1.493592311,       1.710780936,      0.8188995036,       2.149581501,      -4.111926554,      -1.614360369,       -1.88559171,       1.323824026,      0.5204520649,       1.750808095
          0,         412,           0,      -3.743651759,      -1.320997813,      -1.505528031,       1.713329416,      0.8199139635,       2.149189576,      -4.115887659,      -1.612941421,       -1.88258865,       1.320218023,      0.5228442142,       1.748527266
          0,         413,           0,      -3.742477785,      -1.324737826,      -1.516229311,       1.715401269,      0.8209110473,        2.14895276,      -4.119770657,       -1.61167857,      -1.878992894,       1.316779938,      0.5250016119,       1.746230424
          0,         414,           0,      -3.741718877,      -1.328669128,      -1.525167983,       1.716935786,      0.8219238881,       2.148743443,      -4.123629894,      -1.610526442,      -1.874803683,       1.313441738,      0.5270003958,        1.74392537
          0,         415,           0,      -3.741405795,      -1.332776276,      -1.531986399,       1.717924042,      0.8229466325,       2.148484797,      -4.127520458,      -1.609443643,      -1.870055131,       1.310133055,        0.52894866,       1.741620207
          0,         416,           0,      -3.741528257,      -1.337056751,      -1.536549416,       1.718405679,      0.8238796287,       2.148259901,      -4.131492628,      -1.608396381,      -1.864807887,       1.306788039,      0.5308400371,       1.739317379
          0,         417,           0,      -3.742037868,      -1.341498254,      -1.538976433,       1.718463402,      0.8247696488,       2.147136114,      -4.135587733,      -1.607360195,      -1.859155145,       1.303351147,      0.5342730815,       1.737032093
          0,         418,           0,      -3.742854041,      -1.346088012,      -1.539600547,       1.718213708,       0.825560148,       2.145782871,       -4.13983158,      -1.606298122,      -1.853195022,       1.299781775,      0.5358705803,       1.734749754
          0,         419,           0,      -3.743875412,      -1.350826171,      -1.538921954,       1.717794642,      0.8262626504,       2.144493874,      -4.144234188,      -1.605188001,      -1.847047691,       1.296059504,      0.5374540689,       1.732467333
          0,         420,           0,      -3.744989803,      -1.355693441,      -1.537506834,       1.717353427,       0.826898703,       2.143283245,      -4.148789085,      -1.604011184,      -1.840835285,       1.292182195,      0.5390073916,       1.730183495
          0,         421,           0,       -3.74608606,      -1.360688332,      -1.535920851,       1.717031876,        0.82746407,        2.14223409,      -4.153473262,      -1.602754916,      -1.834682792,       1.288165565,      0.5405355152,       1.727897814
          0,         422,           0,      -3.747063816,      -1.365792219,      -1.534645781,       1.716952843,       0.828526785,       2.141042246,      -4.158244962,      -1.601403956,       -1.82869477,       1.284047647,      0.5419155446,       1.725625555
          0,         423,           0,      -3.747844436,      -1.370984454,      -1.534062108,       1.717208045,       0.828822412,       2.139800497,      -4.163049287,      -1.599947027,      -1.822965093,       1.279880678,      0.5432656632,       1.723360567
          0,         424,           0,      -3.748375971,      -1.376243093,      -1.534415269,       1.717851054,      0.8290462387,       2.138536559,      -4.167818384,      -1.598373747,      -1.817576095,       1.275732408,      0.5445572784,       1.721087566
          0,         425,           0,      -3.748637901,      -1.381557625,      -1.535817573,       1.718892528,       0.829185471,       2.137221777,       -4.17247531,      -1.596679843,      -1.812589172,       1.271680187,      0.5457976448,         1.7188029
          0,         426,           0,      -3.748638617,      -1.386901857,      -1.538253455,       1.720303091,      0.8292744116,       2.135848417,      -4.176937609,      -1.594864274,       -1.80804816,        1.26780791,      0.5492901421,       1.716526663
          0,         427,           0,      -3.748412819,      -1.392252849,       -1.54159238,       1.722019304,      0.8292196224,       2.134568631,      -4.181122428,      -1.592927406,      -1.803986176,       1.264202493,      0.5506975463,       1.714238756
          0,         428,           0,      -3.748013426,      -1.397591982,      -1.545605003,       1.723954082,       0.829087009,       2.133106422,      -4.184949212,      -1.590871147,      -1.800410378,       1.260949565,      0.5553911516,        1.71197268
          0,         429,           0,      -3.747507745,      -1.402893237,      -1.549999388,       1.726007453,       0.828804038,       2.131563045,      -4.188342068,      -1.588701449,      -1.797329585,       1.258132095,      0.5559263649,       1.709686785
          0,         430,           0,      -3.746955746,      -1.408128055,       -1.55444994,       1.728081983,      0.8286834032,       2.129965525,      -4.191233763,      -1.586424042,      -1.794729335,       1.255824395,      0.5565235545,       1.707393606
          0,         431,           0,       -3.74641188,      -1.413266507,      -1.558638168,       1.730090616,      0.8282011848,       2.128340263,      -4.193569428,      -1.584045846,      -1.792601681,       1.254088923,      0.5572002794,       1.705085506
          0,         432,           0,      -3.745910246,      -1.418290102,       -1.56230378,       1.731967228,      0.8276756916,       2.126585439,      -4.195308246,       -1.58158002,      -1.790911117,       1.252974158,      0.5579041142,       1.702760258
          0,         433,           0,      -3.745471106,      -1.423167701,      -1.565279738,       1.733667554,      0.8270768533,       2.124760478,      -4.196425979,      -1.579039573,       -1.78962729,        1.25251211,      0.5585848119,       1.700424155
          0,         434,           0,      -3.745094195,      -1.427864155,      -1.567508277,       1.735171758,      0.8264391866,       2.122874386,      -4.196914696,      -1.576435276,      -1.788715373,       1.252714873,      0.5611060438,       1.698094779
          0,         435,           0,      -3.744759547,      -1.432347313,      -1.569061996,       1.736484476,      0.8257993507,       2.120952827,      -4.196789372,      -1.573788606,      -1.788144548,       1.253571378,      0.5615347252,       1.695764759
          0,         436,           0,       -3.74443271,      -1.436578857,      -1.570134918,        1.73762975,      0.8251552332,       2.119007108,      -4.196083288,       -1.57112017,      -1.787868656,       1.255047949,      0.5619505294,       1.693439124
          0,         437,           0,      -3.744069687,      -1.440522666,      -1.571003552,       1.738644969,        0.82450314,       2.117053044,      -4.194847064,      -1.568448847,      -1.787824554,       1.257090251,      0.5623231842,       1.691112217
          0,         438,           0,      -3.743626078,      -1.444148322,      -1.571986221,       1.739572593,      0.8241430623,       2.115131379,      -4.193147626,       -1.56579608,      -1.787955552,       1.259623945,      0.5627184114,       1.688789183
          0,         439,           0,       -3.74306318,      -1.447421514,      -1.573399661,       1.740453894,      0.8234979508,       2.113254612,       -4.19106512,      -1.563180465,      -1.788193517,       1.262557787,      0.5631227709,       1.686475695
          0,         440,           0,      -3.742357087,      -1.450315227,      -1.575519474,       1.741320367,      0.8228855675,       2.111446925,      -4.188689182,      -1.560620302,      -1.788462528,       1.265787904,      0.5635292182,       1.684177671
          0,         441,           0,      -3.741502128,      -1.452808611,      -1.578549872,       1.742189058,      0.8224088309,       2.109783038,      -4.186115443,      -1.558131043,      -1.788681956,       1.269202501,      0.5656780819,       1.681907034
          0,         442,           0,      -3.740514239,      -1.454894381,      -1.582594355,       1.743058986,      0.8218767221,        2.10812047,      -4.183439495,       -1.55572614,      -1.788776152,       1.272688088,      0.5658388582,       1.679655546
          0,         443,           0,      -3.739430479,      -1.456570593,      -1.587637841,       1.743910747,      0.8212624207,       2.106390191,      -4.180754379,      -1.553417699,      -1.788657285,       1.276133382,      0.5675616781,       1.677442196
          0,         444,           0,      -3.738306843,      -1.457857699,      -1.593553566,       1.744707657,      0.8206883537,       2.104736349,      -4.178146945,      -1.551214409,      -1.788250442,       1.279433851,      0.5676130538,       1.675269718
          0,         445,           0,      -3.737214576,      -1.458786724,      -1.600087215,       1.745399132,       0.820142116,       2.103199343,      -4.175693624,      -1.549124798,      -1.787479682,       1.282494192,      0.5678819985,       1.673147433
          0,         446,           0,      -3.736233071,      -1.459393585,      -1.606878721,       1.745925998,      0.8195668853,       2.101773871,      -4.173456713,      -1.547151098,       -1.78627846,       1.285234996,      0.5678830129,        1.67106702
          0,         447,           0,      -3.735444607,      -1.459717543,      -1.613479706,       1.746226638,      0.8189977829,       2.100448724,      -4.171483016,      -1.545294564,      -1.784628597,       1.287594305,      0.5679469198,       1.669035753
          0,         448,           0,       -3.73492563,      -1.459797736,      -1.619396136,       1.746244115,      0.8183993679,       2.099230875,      -4.169803681,      -1.543556099,      -1.782520055,       1.289528444,      0.5680510576,       1.667053786
          0,         449,           0,      -3.734740748,      -1.459663639,      -1.624156406,       1.745931854,      0.8178244903,       2.098136529,      -4.168432219,      -1.541932081,      -1.779963595,       1.291012777,      0.5681785394,       1.665121208
          0,         450,           0,       -3.73493901,      -1.459335227,       -1.62739377,        1.74525782,      0.8172258736,       2.097198134,      -4.167364073,      -1.540421196,      -1.776990568,       1.292043186,      0.5683148508,       1.663240821
          0,         451,           0,      -3.735551184,      -1.458829017,      -1.628928171,       1.744207783,      0.8166200258,       2.096363393,      -4.166577292,      -1.539018332,      -1.773650366,       1.292636412,      0.5684478198,       1.661417002
          0,         452,           0,      -3.736585686,       -1.45814508,      -1.628780069,        1.74278798,       0.815989049,       2.095590144,       -4.16603413,      -1.537717914,      -1.770006912,       1.292828505,      0.5693170763,        1.65964964
          0,         453,           0,      -3.738028759,      -1.457273721,      -1.627188644,       1.741025463,      0.8154132903,       2.094887994,      -4.165682164,      -1.536515017,      -1.766133309,       1.292674025,      0.5693176998,       1.657940141
          0,         454,           0,      -3.739847373,      -1.456204199,      -1.624575535,       1.738965953,      0.8147523396,       2.094139416,       -4.16545781,       -1.53540782,      -1.762097837,       1.292243227,      0.5692749379,       1.656286806
          0,         455,           0,      -3.741990984,      -1.454912912,       -1.62148435,       1.736670929,      0.8141220412,       2.093350575,       -4.16528686,      -1.534385045,        -1.7579667,       1.291622017,      0.5691453409,       1.654695241
          0,         456,           0,      -3.744396659,      -1.453379043,      -1.618501401,       1.734212925,       0.813409716,       2.092563346,       -4.16508971,      -1.533436659,       -1.75381261,       1.290906142,      0.5689961182,       1.653166404
          0,         457,           0,      -3.746995998,      -1.451590638,      -1.616185243,       1.731668668,       0.812580905,       2.091750416,      -4.164785331,      -1.532554592,      -1.749687557,       1.290197889,      0.5688245559,       1.651702803
          0,         458,           0,      -3.749717187,      -1.449546628,       -1.61503322,       1.729113987,      0.8117081194,       2.090809921,      -4.164294862,      -1.531728545,      -1.745627931,       1.289602056,      0.5686291537,       1.650308714
          0,         459,           0,      -3.752495675,      -1.447262562,      -1.615436222,       1.726614969,      0.8108001631,       2.089863475,      -4.163546022,      -1.530942664,      -1.741653195,       1.289220637,      0.5683834428,       1.648982342
          0,         460,           0,      -3.755279513,      -1.444770612,      -1.617661315,       1.724221507,      0.8098364638,       2.088900912,      -4.162477658,      -1.530179848,      -1.737767088,       1.289146605,      0.5680837448,       1.647728684
          0,         461,           0,      -3.758034076,      -1.442121092,      -1.621837162,       1.721962392,      0.8090633427,       2.087927938,      -4.161042389,      -1.529416547,      -1.733959976,       1.289459522,      0.5677303382,       1.646549449
          0,         462,           0,       -3.76074609,       -1.43937984,      -1.627939993,       1.719841266,      0.8080082877,         2.0869607,      -4.159209158,      -1.528630177,      -1.730204494,       1.290221346,      0.5673242937,       1.645451045
          0,         463,           0,      -3.763425446,       -1.43662843,      -1.635774243,       1.717835706,      0.8069166368,       2.086178599,      -4.156963975,      -1.527794699,       -1.72646707,       1.291473922,      0.5668740649,       1.644434926
          0,         464,           0,      -3.766104016,      -1.433952861,      -1.644948905,       1.715899043,       0.805809267,       2.085156425,      -4.154307822,      -1.526875607,      -1.722705079,       1.293239409,      0.5663559195,       1.643513205
          0,         465,           0,       -3.76883276,      -1.431447418,      -1.654864173,       1.713964495,       0.804796668,       2.084102708,        -4.1512568,      -1.525837249,       -1.71887291,        1.29551929,       0.565816069,       1.642687792
          0,         466,           0,      -3.771676079,      -1.429195219,      -1.664706101,       1.711951842,      0.8036460977,       2.083153541,      -4.147837947,      -1.524645709,      -1.714928163,       1.298297038,      0.5652068451,       1.641962167
          0,         467,           0,      -3.774704842,      -1.427269559,      -1.673485362,       1.709775365,      0.8025545305,       2.082207045,      -4.144086615,      -1.523262025,      -1.710839219,       1.301541985,      0.5646119713,       1.641343635
          0,         468,           0,      -3.777989412,      -1.425733299,      -1.680126761,       1.707351742,      0.8013701821,       2.081307676,       -4.14004169,      -1.521650438,      -1.706583409,       1.305214028,      0.5640283522,       1.640843165
          0,         469,           0,      -3.781591381,      -1.424630925,      -1.683639564,        1.70460871,       0.800197065,         2.0804642,      -4.135744873,      -1.519785835,      -1.702151548,       1.309264049,      0.5634612622,       1.640467582
          0,         470,           0,      -3.785556002,      -1.423994054,      -1.683319536,       1.701492808,      0.7990589476,       2.079674546,       -4.13123547,      -1.517634324,      -1.697549182,       1.313642394,      0.5629436933,       1.640216902
          0,         471,           0,       -3.78990448,      -1.423821036,      -1.678920183,       1.697976737,       0.797915541,       2.078931994,      -4.126548843,      -1.515169291,      -1.692800228,       1.318300086,      0.5625010716,        1.64009687
          0,         472,           0,      -3.794628823,      -1.424110457,      -1.670711885,       1.694064351,      0.7967574085,       2.078258641,      -4.121715704,      -1.512382269,      -1.687937383,       1.323190225,      0.5621600779,       1.640131485
          0,         473,           0,      -3.799687841,      -1.424833606,      -1.659414493,       1.689794015,      0.7956391959,       2.077670887,      -4.116762745,      -1.509258586,      -1.683009628,       1.328269911,      0.5619411232,       1.640273062
          0,         474,           0,      -3.805004298,      -1.425946887,      -1.646026397,       1.685240427,      0.7945917668,       2.077179133,      -4.111712577,      -1.505798681,      -1.678075343,       1.333499621,      0.5618619643,       1.640557698
          0,         475,           0,      -3.810466019,      -1.427399358,       -1.63161886,        1.68051311,      0.7937512115,       2.076802348,      -4.106584078,      -1.502007228,       -1.67319466,       1.338843544,      0.5619393971,       1.640987834
          0,         476,           0,        -3.8159299,       -1.42913341,      -1.617181515,       1.675751906,      0.7928709083,       2.076533204,      -4.101394201,      -1.497902599,      -1.668433569,       1.344267829,      0.5621894545,       1.641564463
          0,         477,           0,      -3.821230089,      -1.431083354,      -1.603533054,       1.671118118,      0.7921399033,       2.076395809,      -4.096159911,       -1.49350567,      -1.663847952,       1.349740981,      0.5626248141,       1.642284267
          0,         478,           0,      -3.826189161,      -1.433190836,       -1.59129663,        1.66678271,      0.7914089509,       2.076402703,      -4.090901278,       -1.48886144,      -1.659510626,       1.355225905,      0.5632542011,        1.64314735
          0,         479,           0,      -3.830636084,      -1.435380331,      -1.580896695,       1.662910839,      0.7907478216,        2.07651188,        -4.0856355,      -1.483991136,      -1.655465093,       1.360692746,       0.563916283,       1.644151665
          0,         480,           0,      -3.834420742,      -1.437577326,       -1.57257426,       1.659644694,      0.7902013056,       2.076767085,      -4.080385126,      -1.478929249,       -1.65176951,       1.366106682,      0.5647835911,       1.645295407
          0,         481,           0,      -3.837434094,      -1.439730203,      -1.566418979,       1.657085472,       0.789774494,         2.0771761,      -4.124220422,      -1.520636229,      -1.695393092,        1.32198971,      0.5655986954,       1.646268826
          0,         482,           0,      -3.839634488,      -1.441908107,      -1.562426038,        1.65526653,      0.7894794072,       2.077725639,      -4.163996803,      -1.557397538,       -1.73485937,       1.282079369,      0.5664189902,       1.647010882
          0,         483,           0,      -3.841039002,      -1.444043333,      -1.560427241,       1.654168844,      0.7892885957,       2.078407439,      -4.199677485,      -1.589539941,      -1.770397205,       1.246362149,      0.5672344291,       1.647562477
          0,         484,           0,      -3.841729115,      -1.446077235,      -1.560140744,       1.653711727,      0.7904801674,       2.079204082,      -4.231396167,      -1.617367989,      -1.802168778,       1.214698675,      0.5679369787,       1.647965595
          0,         485,           0,      -3.841846489,      -1.447948934,      -1.561178463,       1.653758088,       0.790361242,       2.080106035,      -4.259334833,      -1.641209564,      -1.830364657,       1.186896011,      0.5686465648,       1.648249681
          0,         486,           0,       -3.84157352,      -1.449592446,      -1.563073355,       1.654130263,      0.7902982084,       2.081096365,      -4.283722392,      -1.661416325,      -1.855214028,       1.162714128,      0.5693577046,       1.648445569
          0,         487,           0,      -3.841117978,      -1.450932036,      -1.565278029,       1.654626206,      0.7908985531,       2.082157913,      -4.304815923,      -1.678350348,       -1.87696843,       1.141877814,      0.5700473845,       1.648579425
          0,         488,           0,      -3.840697837,      -1.451900636,      -1.567202252,       1.655035951,      0.7909503699,       2.083257782,      -4.322892833,      -1.692368218,      -1.895892975,       1.124090416,      0.5707252148,       1.648671447
          0,         489,           0,      -3.840519316,      -1.452424241,      -1.568277947,       1.655159275,      0.7911259571,       2.084129424,      -4.338242145,       -1.70382675,      -1.912255904,       1.109044916,       0.571388783,       1.648735348
          0,         490,           0,       -3.84076317,      -1.452449761,        -1.5680227,       1.654820387,      0.7913902668,       2.085277521,      -4.351154253,      -1.713055162,      -1.926321528,       1.096435811,      0.5720375178,       1.648790888
          0,         491,           0,      -3.841571706,      -1.451937699,      -1.566105199,       1.653879538,      0.7917208403,       2.086438383,      -4.361910685,      -1.720360144,       -1.93834627,       1.085969184,       0.572670655,       1.648850046
          0,         492,           0,      -3.843040059,      -1.450856017,      -1.562398626,       1.652241298,       0.792157251,       2.087583958,      -4.370777284,      -1.726020436,      -1.948569272,       1.077370849,      0.5732931324,        1.64892204
          0,         493,           0,      -3.845211352,      -1.449198656,      -1.556996595,       1.649859509,      0.7925335882,       2.088725928,      -4.378001537,       -1.73028697,      -1.957212659,        1.07038897,      0.5739004204,       1.649019025
          0,         494,           0,      -3.848073094,      -1.446988094,      -1.550188558,       1.646740063,       0.792930614,       2.089840867,      -4.383807589,      -1.733375816,      -1.964488264,       1.064798354,      0.5750445028,       1.649142284
          0,         495,           0,      -3.851559284,      -1.444267813,      -1.542415674,       1.642940754,       0.793324042,       2.090926945,      -4.388397225,       -1.73547368,      -1.970580346,       1.060398832,      0.5755509722,       1.649300135
          0,         496,           0,      -3.855549029,      -1.441090925,      -1.534200169,        1.63857058,      0.7937035284,       2.091968992,      -4.391949673,      -1.736741393,      -1.975656171,        1.05701467,      0.5760590114,       1.649499657
          0,         497,           0,      -3.859876634,      -1.437530822,       -1.52607095,       1.633782949,      0.7941113439,       2.092982069,      -4.394622612,      -1.737314933,      -1.979861159,       1.054492809,      0.5789621791,       1.649719497
          0,         498,           0,      -3.864338667,      -1.433665186,      -1.518528603,       1.628768366,      0.7944350631,       2.093976725,      -4.396554727,      -1.737302911,      -1.983302936,       1.052699101,      0.5794463074,       1.649979403
          0,         499,           0,      -3.868707731,      -1.429589331,       -1.51200198,       1.623742577,      0.7947377151,       2.094958834,       -4.39786799,      -1.736804692,      -1.986113324,       1.051516801,      0.5808767972,        1.65027609
          0,         500,           0,      -3.872750573,      -1.425383786,      -1.506832175,       1.618929996,      0.7950267326,       2.095938886,       -4.39866909,      -1.735899732,      -1.988394752,       1.050843219,      0.5817328098,       1.650610967
          0,         501,           0,      -3.876249018,      -1.421128248,      -1.503272766,       1.614545187,      0.7952417521,       2.096927483,      -4.399052586,      -1.734659521,       -1.99023406,       1.050586626,      0.5817290507,       1.650985064
          0,         502,           0,       -3.87902093,      -1.416880756,      -1.501490716,       1.610772252,      0.7954603851,       2.097928647,      -4.399100661,      -1.733139047,      -1.991697437,       1.050664736,      0.5817595991,       1.651395952
          0,         503,           0,      -3.880940164,      -1.412716652,      -1.501558274,       1.607745733,      0.7956549739,       2.098951612,      -4.398886089,      -1.731383823,      -1.992838194,       1.051003173,      0.5818222298,       1.651843496
          0,         504,           0,      -3.881952312,      -1.408684286,      -1.503466072,       1.605534976,      0.7958074427,       2.099966445,      -4.398474471,      -1.729435923,      -1.993703285,       1.051532443,      0.5819028028,       1.652326739
          0,         505,           0,       -3.88207866,      -1.404819398,       -1.50712212,       1.604138185,      0.7959518766,       2.101022865,      -4.397924324,      -1.727333918,      -1.994330683,       1.052187947,      0.5819874147,       1.652844837
          0,         506,           0,      -3.881411572,      -1.401144462,      -1.512350146,       1.603484079,       0.796111632,       2.102119723,      -4.397289453,      -1.725111535,      -1.994746989,       1.052908341,      0.5820742095,       1.653388989
          0,         507,           0,      -3.880102329,      -1.397670213,      -1.518899843,       1.603441644,      0.7962194732,       2.103270717,      -4.395885606,      -1.722108296,      -1.994285839,       1.054375174,      0.5821590238,       1.653967265
          0,         508,           0,      -3.878340336,      -1.394386539,      -1.526435083,       1.603837598,      0.7963212612,          2.104483,      -4.394238107,      -1.718814901,      -1.993422708,       1.056045444,      0.5822343862,       1.654579127
          0,         509,           0,      -3.876334372,      -1.391272039,      -1.534549382,       1.604475552,      0.7964407596,       2.105751879,      -4.392791436,      -1.715639618,       -1.99255462,       1.057460606,      0.5822939046,       1.655223464
          0,         510,           0,      -3.874290927,      -1.388310094,      -1.542780746,       1.605156295,      0.7965941101,       2.107083901,      -4.391553787,      -1.712584245,      -1.991673107,       1.058602649,      0.5823311137,        1.65589552
          0,         511,           0,      -3.872397074,       -1.38547625,       -1.55064572,       1.605695651,      0.7967835444,       2.108472341,      -4.390531856,      -1.709655295,      -1.990769351,       1.059456825,       0.582341786,       1.656588025
          0,         512,           0,      -3.870806566,      -1.382752515,       -1.55767375,       1.605938826,      0.7972348663,       2.109982171,      -4.389728341,      -1.706857983,      -1.989838402,       1.060013369,      0.5823752098,       1.657297589
          0,         513,           0,      -3.869631489,      -1.380119222,       -1.56346406,       1.605769906,      0.7975138794,       2.111585322,      -4.389137544,      -1.704188604,      -1.988877107,        1.06027162,      0.5823752623,       1.658025923
          0,         514,           0,      -3.868939495,      -1.377560003,      -1.567746827,       1.605117134,      0.7978309074,       2.113267309,       -4.38874921,      -1.701646571,      -1.987885917,       1.060239851,      0.5823399902,       1.658770919
          0,         515,           0,      -3.868751295,      -1.375057833,      -1.570384968,       1.603956116,      0.7982169582,       2.115039362,      -4.388551219,      -1.699238885,       -1.98687503,       1.059932931,      0.5822284059,       1.659527153
          0,         516,           0,      -3.869045069,      -1.372622516,      -1.571415831,       1.602306226,      0.7986385128,       2.116943381,       -4.38851773,      -1.696954255,      -1.985854565,       1.059382193,      0.5820228237,       1.660296341
          0,         517,           0,      -3.869759261,      -1.370254283,      -1.571045803,       1.600228462,      0.7991262271,       2.118959059,      -4.388614816,      -1.694773303,      -1.984838155,       1.058632053,      0.5817910506,       1.661077211
          0,         518,           0,      -3.870802155,      -1.367963423,      -1.569603075,       1.597817763,      0.7996323783,       2.121068411,      -4.388804864,      -1.692685275,      -1.983852359,       1.057736657,      0.5815176982,       1.661873218
          0,         519,           0,      -3.872059711,       -1.36576214,      -1.567484423,       1.595194646,      0.8004313916,       2.123279947,       -4.38904252,      -1.690669301,      -1.982918865,       1.056763191,      0.5811868066,       1.662682398
          0,         520,           0,      -3.873407338,      -1.363669813,      -1.565116257,       1.592494085,       0.801122637,        2.12561587,      -4.389277411,      -1.688708422,      -1.982064071,       1.055788581,      0.5808178624,       1.663494838
          0,         521,           0,      -3.874720683,      -1.361701027,      -1.562892137,       1.589853011,      0.8017979946,       2.128213167,      -4.389452722,      -1.686770739,      -1.981313766,       1.054900645,      0.5804114558,       1.664314045
          0,         522,           0,      -3.875887769,      -1.359874071,      -1.561145773,       1.587396894,      0.8025733085,       2.131082034,      -4.389510817,      -1.684831704,      -1.980697056,       1.054191059,      0.5799679064,        1.66513816
          0,         523,           0,      -3.876820701,      -1.358212161,      -1.560136715,       1.585226339,      0.8034908044,       2.135174362,      -4.389395254,       -1.68286915,      -1.980243212,       1.053751202,      0.5794878933,       1.665971303
          0,         524,           0,      -3.877463428,      -1.356731523,      -1.560038452,       1.583408146,       0.804845967,       2.139193557,      -4.389051203,      -1.680860875,      -1.979977437,       1.053670392,      0.5789684177,       1.666809442
          0,         525,           0,      -3.877797665,      -1.355440113,      -1.560936439,       1.581967572,      0.8058691512,       2.141347778,      -4.388432654,      -1.678792928,      -1.979926899,       1.054026096,      0.5784019541,        1.66765227
          0,         526,           0,      -3.877843991,      -1.354342851,      -1.562823999,       1.580886287,      0.8068559125,       2.143670595,       -4.38750329,      -1.676654515,      -1.980115599,       1.054880468,      0.5777822632,       1.668500411
          0,         527,           0,      -3.877658051,       -1.35344232,       -1.56562228,       1.580104495,      0.8079595052,       2.146103243,      -4.386233556,      -1.674427219,      -1.980544041,       1.056278708,      0.5771333544,       1.669358594
          0,         528,           0,      -3.877324966,      -1.352725842,      -1.569170292,       1.579529208,      0.8090819994,        2.14858023,      -4.384610232,      -1.672109528,      -1.981217638,        1.05824095,      0.5764564243,       1.670225472
          0,         529,           0,      -3.876949488,      -1.352177429,      -1.573244414,       1.579043231,       0.810412563,       2.151064066,      -4.382635262,      -1.669704574,      -1.982134708,       1.060762596,      0.5757552258,       1.671100553
          0,         530,           0,      -3.876647039,      -1.351771583,      -1.577571436,        1.57851643,      0.8154203152,       2.153572415,      -4.380326862,      -1.667223504,      -1.983286056,       1.063812302,      0.5750326395,       1.671980327
          0,         531,           0,      -3.876531298,       -1.35148248,       -1.58185707,        1.57781859,      0.8161595579,       2.156042877,      -4.377718327,      -1.664685826,      -1.984656467,       1.067335099,      0.5742928976,        1.67285611
          0,         532,           0,      -3.876704143,      -1.351252109,      -1.585791005,       1.576831045,      0.8171107968,       2.158451611,      -4.374852803,      -1.662106638,      -1.986218693,       1.071258644,      0.5735377895,        1.67373508
          0,         533,           0,      -3.877254314,      -1.351049615,      -1.589104905,        1.57545153,      0.8181989706,       2.160785769,      -4.371789117,      -1.659515301,      -1.987945075,       1.075490342,      0.5727711183,       1.674617144
          0,         534,           0,      -3.878244718,      -1.350848412,      -1.591592896,       1.573605883,       0.819391239,       2.163030856,       -4.36858817,      -1.656932575,      -1.989795621,       1.079932123,      0.5723134983,       1.675525284
          0,         535,           0,      -3.879709156,      -1.350625341,      -1.593140314,        1.57125079,      0.8216950636,       2.165196577,      -4.365316088,      -1.654385809,      -1.991727913,       1.084481841,      0.5715100886,       1.676413397
          0,         536,           0,      -3.881652219,      -1.350361615,      -1.593730447,       1.568375906,      0.8229831966,       2.167252303,      -4.362041836,      -1.651896122,      -1.993694638,       1.089036648,      0.5707311248,       1.677287952
          0,         537,           0,      -3.884047543,      -1.350038396,      -1.593437888,       1.565004358,      0.8242325239,         2.1691859,      -4.358834645,      -1.649486588,      -1.995655698,       1.093498198,      0.5699486182,       1.678161927
          0,         538,           0,        -3.8868417,      -1.349638261,      -1.592421683,       1.561191249,      0.8261209054,       2.170981932,      -4.355756286,      -1.647169966,       -1.99755861,       1.097778186,      0.5690881816,       1.679037507
          0,         539,           0,      -3.889958465,      -1.349161078,      -1.590942875,       1.557017877,      0.8272992218,       2.172650872,      -4.352864724,      -1.644960009,      -1.999365371,       1.101798024,      0.5682700761,       1.679910681
          0,         540,           0,      -3.893299965,      -1.348614284,      -1.589258564,       1.552589282,      0.8287391762,       2.174186223,      -4.350209889,      -1.642865487,      -2.001030993,       1.105492647,      0.5674803014,       1.680785855
          0,         541,           0,      -3.896753832,      -1.348003018,      -1.587608951,       1.548027501,      0.8300104288,       2.175556776,       -4.34783205,      -1.640887139,      -2.002520204,       1.108810021,      0.5667117796,       1.681661794
          0,         542,           0,      -3.900205744,      -1.347345913,      -1.586252717,       1.543457983,      0.8312782371,       2.176768146,      -4.345763618,      -1.639022783,      -2.003808869,       1.111710938,      0.5659590056,       1.682536111
          0,         543,           0,      -3.903545029,      -1.346660948,      -1.585404467,       1.539002176,      0.8336465635,       2.177864452,      -4.344027989,      -1.637268696,      -2.004883178,       1.114169321,      0.5651963687,       1.683408875
          0,         544,           0,      -3.906673627,      -1.345981536,       -1.58526182,       1.534766632,       0.834972468,       2.178795011,      -4.342640894,      -1.635617896,       -2.00573976,       1.116170095,      0.5644181564,       1.684278211
          0,         545,           0,      -3.909507919,      -1.345337959,      -1.585944972,       1.530837656,      0.8361833117,       2.179558368,      -4.341607069,      -1.634057891,      -2.006382372,       1.117712296,      0.5636654573,       1.685145249
          0,         546,           0,      -3.911998821,      -1.344744592,      -1.587516716,        1.52726442,      0.8373823739,         2.1801385,      -4.340923607,      -1.632576886,      -2.006820278,        1.11880451,      0.5629212486,       1.686007048
          0,         547,           0,      -3.914126734,      -1.344217178,      -1.589987817,       1.524060054,      0.8385844235,       2.180529477,      -4.340581039,      -1.631164673,      -2.007071613,       1.119463053,      0.5621772439,       1.686860576
          0,         548,           0,      -3.915900284,      -1.343790171,       -1.59329394,       1.521202229,      0.8402835922,       2.180803296,      -4.340563324,      -1.629812448,      -2.007156291,       1.119712778,       0.561476565,       1.687697329
          0,         549,           0,      -3.917355962,      -1.343474769,      -1.597315609,       1.518635852,      0.8413608417,       2.180940402,      -4.340849622,      -1.628520679,      -2.007097284,       1.119583314,      0.5607070496,       1.688509762
          0,         550,           0,      -3.918553198,      -1.343279519,      -1.601874949,       1.516278132,      0.8424179961,       2.180929809,       -4.34141492,      -1.627282146,      -2.006918405,       1.119108866,      0.5599163893,       1.689295915
          0,         551,           0,      -3.919567469,      -1.343215096,      -1.606775804,       1.514027776,      0.8434734393,       2.180789631,      -4.342228823,      -1.626091472,      -2.006636315,       1.118328075,      0.5591068161,       1.690042748
          0,         552,           0,      -3.920481664,      -1.343272858,      -1.611759797,       1.511774496,       0.844466478,       2.180521002,      -4.343256678,      -1.624951115,      -2.006264692,       1.117282727,      0.5582813923,       1.690759094
          0,         553,           0,      -3.921380445,      -1.343455152,      -1.616558449,       1.509410073,      0.8455136243,       2.180132483,      -4.344464695,      -1.623868854,      -2.005810169,        1.11601363,      0.5574287068,       1.691440148
          0,         554,           0,      -3.922339354,      -1.343745673,      -1.620906034,       1.506835586,      0.8470775602,       2.179637663,      -4.345817706,      -1.622857383,      -2.005274176,       1.114562311,      0.5565330519,       1.692077008
          0,         555,           0,      -3.923422166,      -1.344127272,      -1.624562794,       1.503968492,      0.8486401665,       2.179067505,      -4.347279081,       -1.62193441,      -2.004654831,       1.112971151,      0.5555940556,        1.69266724
          0,         556,           0,      -3.924676956,      -1.344581175,      -1.627319694,       1.500747743,      0.8493322341,       2.178391242,      -4.348814827,      -1.621126086,      -2.003948028,       1.111279743,      0.5550761353,       1.693193936
          0,         557,           0,      -3.926132696,      -1.345089185,      -1.629032431,       1.497136903,      0.8500809472,       2.177609409,      -4.350386559,       -1.62044095,      -2.003135931,       1.109531448,      0.5540341012,       1.693664002
          0,         558,           0,      -3.927799925,      -1.345633814,      -1.629631201,       1.493125683,      0.8507425064,       2.176717664,      -4.351960532,      -1.619906391,      -2.002205487,       1.107765191,      0.5529315126,       1.694067391
          0,         559,           0,      -3.929671479,      -1.346192784,      -1.629127904,       1.488728517,      0.8513146051,       2.175708559,      -4.353497293,      -1.619534445,      -2.001136066,       1.106024582,      0.5517850756,       1.694403566
          0,         560,           0,      -3.931724909,      -1.346745721,      -1.627599389,       1.483982201,       0.851903577,       2.174609434,      -4.354962795,      -1.619344917,      -1.999912517,       1.104349826,      0.5505925616,       1.694669152
          0,         561,           0,       -3.93392511,      -1.347275747,      -1.625197075,        1.47894247,      0.8545369405,       2.173397035,      -4.356325696,      -1.619354088,      -1.998523333,       1.102779389,      0.5493219625,       1.694863918
          0,         562,           0,       -3.93622862,      -1.347770883,      -1.622094044,       1.473680221,      0.8553849996,       2.172155019,      -4.357557291,      -1.619571903,      -1.996961487,       1.101349618,      0.5479815146,       1.694985437
          0,         563,           0,      -3.938590497,      -1.348204844,      -1.618482102,       1.468272874,      0.8555367617,       2.170890643,      -4.358629823,      -1.620008959,       -1.99522649,       1.100096881,      0.5465897001,       1.695034259
          0,         564,           0,      -3.940968177,      -1.348563721,      -1.614567529,       1.462798732,      0.8556744984,       2.169536291,      -4.359521071,       -1.62067219,        -1.9933212,       1.099053575,      0.5451818059,       1.695007139
          0,         565,           0,      -3.943326743,       -1.34882584,      -1.610528346,       1.457329783,      0.8558204062,       2.168166567,      -4.360213016,      -1.621558396,      -1.991259207,       1.098248145,      0.5437486458,       1.694904279
          0,         566,           0,      -3.945638181,      -1.348978334,      -1.606522227,       1.451929125,      0.8564791223,       2.166797214,      -4.360694151,      -1.622663229,      -1.989065978,       1.097702764,      0.5422870852,       1.694722302
          0,         567,           0,      -3.947892234,      -1.349023213,      -1.602679311,       1.446637744,      0.8565570931,       2.165404929,      -4.360959414,      -1.623977095,      -1.986771212,       1.097432243,      0.5407813897,        1.69445798
          0,         568,           0,      -3.950091169,      -1.348945699,      -1.599088967,       1.441474934,      0.8566165875,        2.16400401,      -4.361010748,      -1.625482982,      -1.984403002,       1.097442186,      0.5392681473,        1.69412213
          0,         569,           0,      -3.952253712,      -1.348724832,      -1.595806838,       1.436436314,      0.8566791815,       2.162603369,      -4.360858681,      -1.627162071,      -1.981993483,       1.097727672,      0.5377278313,       1.693718123
          0,         570,           0,      -3.954410747,      -1.348355187,      -1.592864517,       1.431494703,      0.8566876065,       2.161216648,      -4.360521844,      -1.628992637,      -1.979578192,       1.098272677,       0.536159063,       1.693249837
          0,         571,           0,      -3.956603928,      -1.347836472,      -1.590275931,       1.426601763,      0.8587819816,       2.159890439,        -4.3600499,      -1.630953608,      -1.977193366,       1.099038833,       0.534698495,       1.692755269
          0,         572,           0,      -3.958880619,      -1.347162264,      -1.587999044,       1.421696016,        0.85922157,       2.158627424,      -4.359452712,      -1.633020056,      -1.974865083,       1.100001485,      0.5330128466,       1.692168119
          0,         573,           0,      -3.961292468,      -1.346326837,      -1.586005699,       1.416700887,      0.8589950275,       2.157421373,      -4.358772755,      -1.635167289,      -1.972622644,       1.101112244,      0.5312985396,        1.69153456
          0,         574,           0,      -3.963886207,      -1.345337596,      -1.584243992,        1.41154129,      0.8588599679,       2.156289959,      -4.358057828,      -1.637372306,        -1.9704863,       1.102314678,      0.5295583434,       1.690865347
          0,         575,           0,      -3.966706252,       -1.34419938,       -1.58267856,       1.406141165,      0.8588349648,        2.15525006,      -4.357361071,      -1.639614641,      -1.968472285,       1.103544637,      0.5277900391,       1.690161469
          0,         576,           0,      -3.969787323,      -1.342922992,      -1.581243949,       1.400435081,      0.8588649853,       2.154299289,      -4.356736329,      -1.641882534,      -1.966584455,       1.104735345,      0.5258524075,       1.689429938
          0,         577,           0,      -3.973152296,      -1.341524638,      -1.579913879,       1.394373094,      0.8588679636,       2.153407166,      -4.356236548,      -1.644149968,      -1.964818289,       1.105820235,      0.5238608716,       1.688684831
          0,         578,           0,      -3.976813267,      -1.340018279,      -1.578628593,       1.387918795,      0.8594048253,       2.152598462,       -4.35591376,      -1.646395698,      -1.963165196,       1.106733521,      0.5218658056,       1.687931525
          0,         579,           0,      -3.980762559,      -1.338419366,      -1.577379386,       1.381064846,      0.8619988337,       2.151811145,      -4.355817584,      -1.648605909,      -1.961610744,        1.10741226,       0.519866441,       1.687186012
          0,         580,           0,      -3.984978034,      -1.336755265,      -1.576163258,       1.373828464,      0.8624094103,       2.151037042,      -4.355994196,        -1.6507715,      -1.960137289,       1.107798316,      0.5180946553,       1.686441185
          0,         581,           0,      -3.989423512,      -1.335038428,      -1.574976423,       1.366250276,      0.8628384206,        2.15030878,      -4.356480066,      -1.652881008,      -1.958719764,        1.10784411,      0.5163084761,       1.685714776
          0,         582,           0,      -3.994041709,      -1.333277902,       -1.57382774,       1.358405972,      0.8627498827,        2.14959557,      -4.357302462,      -1.654925845,      -1.957329766,       1.107511501,       0.514498129,       1.685019286
          0,         583,           0,      -3.998764268,      -1.331494558,      -1.572746709,       1.350394461,      0.8627861885,       2.148884164,      -4.358482189,      -1.656903809,      -1.955936826,       1.106771989,      0.5126926772,       1.684355036
          0,         584,           0,       -4.00351276,      -1.329707403,      -1.571770887,       1.342339485,      0.8635998155,        2.14800752,      -4.360030347,      -1.658814378,      -1.954521605,       1.105608876,      0.5108875722,       1.683732429
          0,         585,           0,      -4.008201535,      -1.327936291,      -1.570922392,       1.334385331,      0.8639001488,       2.147166379,      -4.361946292,      -1.660650408,      -1.953055962,       1.104018492,      0.5090847423,       1.683165338
          0,         586,           0,      -4.012743132,      -1.326196869,      -1.570220995,       1.326687925,      0.8643865775,       2.146357548,      -4.364219714,      -1.662411481,      -1.951519687,       1.102009441,      0.5072933568,       1.682658311
          0,         587,           0,      -4.017052735,      -1.324501018,      -1.569708631,       1.319407204,      0.8651603692,        2.14552026,      -4.366828812,      -1.664099418,      -1.949896562,       1.099603421,      0.5055235607,       1.682200141
          0,         588,           0,      -4.021052761,      -1.322857689,      -1.569392548,       1.312694686,      0.8666600379,       2.144667058,      -4.369740311,      -1.665715077,      -1.948175514,       1.096836551,      0.5037789104,       1.681804834
          0,         589,           0,      -4.024679921,       -1.32127655,      -1.569275567,       1.306682479,      0.8674148169,       2.143728709,      -4.372910474,      -1.667263869,      -1.946350074,       1.093755841,      0.5020738422,       1.681484305
          0,         590,           0,      -4.027888675,      -1.319765631,      -1.569342367,       1.301472181,      0.8690778982,        2.14269268,      -4.376284731,       -1.66875002,      -1.944419025,       1.090420697,       0.500416968,        1.68124496
          0,         591,           0,      -4.030653203,      -1.318331124,      -1.569567668,       1.297127454,      0.8698757728,       2.141507191,      -4.379799228,      -1.670179527,      -1.942385698,       1.086901637,       0.498817142,       1.681089118
          0,         592,           0,       -4.03296918,      -1.316976414,      -1.569919405,       1.293666208,      0.8708288727,       2.140179022,      -4.383383715,      -1.671557592,      -1.940258603,       1.083276719,      0.4972719402,       1.681022377
          0,         593,           0,      -4.034856619,      -1.315705432,      -1.570360072,        1.29105679,      0.8717367977,        2.13835371,      -4.386961388,      -1.672896134,      -1.938048322,       1.079631902,      0.4957974959,       1.681045683
          0,         594,           0,      -4.036351137,      -1.314513234,      -1.570822934,       1.289231603,      0.8727223478,       2.136363894,      -4.390452462,       -1.67420718,      -1.935770114,       1.076056815,      0.4943945174,       1.681160945
          0,         595,           0,      -4.037500406,      -1.313396203,      -1.571239164,       1.288093703,      0.8737548638,       2.134319368,      -4.393776535,      -1.675500822,      -1.933438493,       1.072641718,      0.4930733995,       1.681361665
          0,         596,           0,      -4.038359984,      -1.312351357,       -1.57153686,       1.287527916,      0.8753363212,       2.132143997,      -4.396855414,       -1.67678742,      -1.931069571,       1.069475012,      0.4918386113,       1.681655765
          0,         597,           0,      -4.038992298,      -1.311377224,      -1.571668632,       1.287409855,      0.8764139917,       2.129824694,      -4.399617479,      -1.678080649,      -1.928680903,       1.066638469,      0.4906909868,       1.682045418
          0,         598,           0,      -4.039457262,      -1.310465969,      -1.571578349,       1.287620113,      0.8786106764,       2.127409665,      -4.402000439,      -1.679392721,      -1.926288481,       1.064204129,      0.4896310122,       1.682522568
          0,         599,           0,      -4.039808854,      -1.309609799,      -1.571235636,       1.288052065,      0.8796127721,       2.124821806,      -4.403953866,      -1.680732224,      -1.923905149,        1.06223082,      0.4889832978,       1.683083471
          0,         600,           0,      -4.040090183,      -1.308804342,      -1.570604001,       1.288624289,       0.880657963,       2.122171789,      -4.405443839,      -1.682111773,       -1.92154469,       1.060759791,      0.4880883824,       1.683718877
          0,         601,           0,      -4.040332248,      -1.308039699,       -1.56967856,       1.289280887,       0.881762775,       2.119438629,      -4.406450534,      -1.683537769,      -1.919216653,       1.059816855,      0.4872769964,       1.684433851
          0,         602,           0,      -4.040552394,      -1.307309367,      -1.568477682,       1.289995108,      0.8829501586,       2.116695222,      -4.406971063,      -1.685013014,      -1.916925904,        1.05940935,      0.4865626228,        1.68522686
          0,         603,           0,      -4.040753507,      -1.306606304,      -1.567011254,       1.290770863,      0.8840533504,       2.114173454,      -4.407020385,      -1.686542342,      -1.914682089,       1.059525294,      0.4859387665,       1.686089496
          0,         604,           0,      -4.040947438,      -1.305928028,      -1.565398519,       1.291600638,      0.8852242984,       2.112708685,      -4.406628812,      -1.688122592,      -1.912486968,       1.060135267,      0.4853948768,       1.687016101
          0,         605,           0,      -4.041126408,      -1.305259442,        -1.5636828,       1.292509916,      0.8866014284,        2.11508696,      -4.405840039,      -1.689748792,      -1.910341309,       1.061194935,      0.4849317208,       1.688005402
          0,         606,           0,      -4.041280093,      -1.304591505,      -1.561937546,       1.293532104,      0.8885791215,        2.12657488,      -4.404708941,       -1.69141449,       -1.90824454,       1.062647568,       0.484547333,       1.689051551
          0,         607,           0,      -4.041400573,      -1.303917621,      -1.560244174,       1.294698227,      0.8896460175,       2.119122141,      -4.403298076,      -1.693109676,      -1.906191866,       1.064427176,      0.4842418757,       1.690144327
          0,         608,           0,      -4.041481435,      -1.303223817,      -1.558671138,       1.296033368,       0.890794821,       2.112888263,      -4.401674223,      -1.694821759,      -1.904178381,       1.066462922,      0.4840121001,       1.691274307
          0,         609,           0,      -4.041523405,      -1.302505454,      -1.557263085,       1.297550873,      0.8918830558,       2.107501938,      -4.399905959,      -1.696536183,      -1.902198187,       1.068681485,       0.484068765,       1.692440955
          0,         610,           0,      -4.041535702,      -1.301749812,      -1.556046397,        1.29924539,       0.893501276,       2.102730191,      -4.398059847,      -1.698238973,      -1.900242843,        1.07101052,      0.4839657264,       1.693639298
          0,         611,           0,      -4.041536589,      -1.300951131,      -1.555059197,       1.301094014,      0.8956542566,       2.098381642,      -4.396198861,      -1.699916031,       -1.89830672,       1.073381448,      0.4839326391,       1.694866676
          0,         612,           0,      -4.041554147,      -1.300107927,      -1.554320805,       1.303055853,      0.8966357989,       2.094389152,      -4.394379733,      -1.701549557,      -1.896383072,       1.075731837,      0.4839686273,       1.696123327
          0,         613,           0,       -4.04162898,      -1.299211614,      -1.553812347,        1.30506718,      0.8976576524,       2.090680396,      -4.392651026,      -1.703125879,      -1.894465186,       1.078007079,      0.4840736407,       1.697399797
          0,         614,           0,       -4.04180867,      -1.298264197,      -1.553511828,        1.30705213,      0.8991203414,       2.087253591,      -4.391053759,      -1.704632787,      -1.892548316,       1.080160866,      0.4842395607,       1.698689961
          0,         615,           0,      -4.042141473,      -1.297268345,      -1.553381429,       1.308933609,      0.9004425422,       2.084062942,      -4.389617197,      -1.706059978,      -1.890625472,        1.08215718,      0.4844673431,       1.699999029
          0,         616,           0,      -4.042677611,      -1.296226331,      -1.553351069,       1.310632315,      0.9012934311,       2.081081157,       -4.38836163,      -1.707400632,      -1.888693374,       1.083970365,      0.4847526899,         1.7013214
          0,         617,           0,       -4.04346516,      -1.295146854,      -1.553346159,       1.312073692,      0.9022005078,       2.078319889,      -4.387298912,      -1.708651552,      -1.886749665,       1.085584426,      0.4850898309,       1.702654861
          0,         618,           0,      -4.044552291,        -1.2940401,       -1.55330134,       1.313180806,      0.9030986787,       2.075915068,      -4.386427739,      -1.709809255,       -1.88479262,       1.086995401,      0.4857771925,       1.704003192
          0,         619,           0,       -4.04597517,      -1.292911388,      -1.553116125,       1.313902153,       0.903924153,        2.07352507,      -4.385738484,      -1.710876498,      -1.882821042,       1.088207809,      0.4864318137,       1.705363985
          0,         620,           0,      -4.047753366,      -1.291772016,      -1.552741432,       1.314208251,      0.9061894745,       2.071421276,      -4.385212732,      -1.711858536,      -1.880836044,       1.089235862,      0.4869083675,       1.706731221
          0,         621,           0,      -4.049894081,      -1.290633026,      -1.552113854,       1.314088568,      0.9068759712,       2.069363067,      -4.384824154,      -1.712758582,      -1.878842006,       1.090103168,      0.4874500055,       1.708111876
          0,         622,           0,      -4.052389394,      -1.289511469,      -1.551193075,       1.313555441,      0.9075749349,       2.067641313,      -4.384536704,        -1.7135828,      -1.876839025,       1.090841148,      0.4880568558,       1.709507244
          0,         623,           0,      -4.055213682,      -1.288415297,      -1.549953224,       1.312647459,      0.9087887275,       2.066073242,      -4.384312397,      -1.714343423,      -1.874836013,       1.091485344,      0.4887283783,       1.710915481
          0,         624,           0,      -4.058325919,      -1.287354289,      -1.548383733,       1.311423966,      0.9103905933,       2.064743605,      -4.384109061,      -1.715052495,      -1.872840119,       1.092075933,      0.4895744839,       1.712334241
          0,         625,           0,      -4.061668537,      -1.286338472,      -1.546489718,       1.309965629,      0.9110821857,       2.063641018,       -4.38388198,      -1.715720955,      -1.870858767,       1.092656274,       0.490370672,       1.713765172
          0,         626,           0,      -4.065172064,      -1.285376355,      -1.544301789,       1.308368639,      0.9116964616,       2.062732569,      -4.383585682,      -1.716358842,      -1.868899348,       1.093271019,      0.4912254147,       1.715198502
          0,         627,           0,      -4.068751365,      -1.284470963,      -1.541855651,       1.306746613,      0.9123179618,       2.062050468,      -4.383177081,      -1.716983674,      -1.866969696,       1.093960685,      0.4921387683,       1.716637569
          0,         628,           0,      -4.072318014,      -1.283620552,      -1.539192471,       1.305217069,      0.9128398561,       2.061544429,      -4.382616474,      -1.717607465,      -1.865081154,       1.094764457,      0.4932761757,       1.718074017
          0,         629,           0,        -4.0757777,      -1.282828876,      -1.536367519,       1.303900089,      0.9132930989,        2.06121228,      -4.381870162,      -1.718240858,      -1.863238175,       1.095716259,      0.4942892536,       1.719506809
          0,         630,           0,      -4.079027715,      -1.282095602,      -1.533425604,       1.302915122,      0.9141751002,        2.06102652,      -4.380912517,      -1.718894563,      -1.861450934,       1.096842282,      0.4953614443,        1.72094964
          0,         631,           0,      -4.081974057,      -1.281420986,      -1.530414962,       1.302368721,      0.9179027841,       2.061024781,      -4.379726649,      -1.719575034,      -1.859722094,       1.098160927,      0.4966272967,       1.722395664
          0,         632,           0,      -4.084534499,      -1.280816222,      -1.527398595,       1.302343118,      0.9180810619,       2.061196207,      -4.378302599,      -1.720287831,      -1.858053908,        1.09968286,      0.4977989043,       1.723855213
          0,         633,           0,      -4.086638232,      -1.280270547,      -1.524417306,       1.302902114,      0.9181740362,       2.061550822,      -4.376641631,      -1.721038226,      -1.856451143,       1.101409166,      0.4990214114,       1.725321313
          0,         634,           0,      -4.088237401,      -1.279772333,      -1.521495092,       1.304074779,      0.9184624809,       2.062107395,      -4.374749571,      -1.721825889,      -1.854910199,       1.103335886,      0.5002913185,       1.726795626
          0,         635,           0,       -4.08930716,      -1.279323062,      -1.518672686,       1.305860013,      0.9192005823,       2.062877779,      -4.372642615,      -1.722654519,      -1.853424957,       1.105448936,      0.5015546536,        1.72827215
          0,         636,           0,      -4.089841851,      -1.278927538,      -1.515969412,       1.308229935,      0.9197443932,       2.064325727,      -4.370351211,      -1.723514312,      -1.851999577,       1.107722487,      0.5030591963,       1.729750302
          0,         637,           0,       -4.08986249,      -1.278583745,        -1.5133859,       1.311125891,      0.9209730922,       2.067465821,      -4.367905853,      -1.724393667,      -1.850626631,       1.110129452,      0.5045073267,       1.731229978
          0,         638,           0,       -4.08941108,      -1.278288376,      -1.510908128,       1.314470001,      0.9214247316,       2.068581298,      -4.365340537,      -1.725282431,       -1.84928755,       1.112638817,      0.5059370021,       1.732710346
          0,         639,           0,      -4.088535172,       -1.27803236,      -1.508514149,       1.318176231,       0.922677986,       2.069299251,      -4.362694772,      -1.726165612,      -1.847978031,       1.115214361,      0.5074388047,       1.734189059
          0,         640,           0,        -4.0873114,       -1.27783091,      -1.506207398,       1.322134457,      0.9232965096,       2.070243519,      -4.360009065,      -1.727026591,      -1.846683431,        1.11781853,      0.5090147219,       1.735660664
          0,         641,           0,      -4.085809396,      -1.277657984,      -1.503970374,       1.326253086,      0.9240456828,        2.07125661,      -4.357324434,      -1.727847419,      -1.845389093,       1.120412901,      0.5107821435,       1.737131914
          0,         642,           0,      -4.084092835,      -1.277504828,      -1.501791955,       1.330446792,      0.9252206728,       2.072281069,       -4.35467897,      -1.728608643,      -1.844075597,       1.122962033,      0.5124516471,       1.738587214
          0,         643,           0,      -4.082226485,      -1.277370385,      -1.499644222,       1.334637197,      0.9264737766,       2.073586674,      -4.352108728,      -1.729296615,      -1.842723112,       1.125431266,      0.5144013841,       1.740032994
          0,         644,           0,      -4.080264273,      -1.277236916,       -1.49750833,       1.338765414,      0.9274266057,       2.074971715,      -4.349646237,      -1.729889477,      -1.841316678,       1.127789952,      0.5162431531,       1.741467565
          0,         645,           0,      -4.078269122,      -1.277097799,      -1.495379844,        1.34276658,      0.9285021679,       2.076444868,      -4.347319152,      -1.730375735,      -1.839838394,       1.130011332,      0.5181392376,       1.742889704
          0,         646,           0,      -4.076269627,      -1.276943909,      -1.493265026,       1.346613382,      0.9310501013,       2.080134115,       -4.34515026,      -1.730745408,      -1.838276491,       1.132071955,      0.5201118125,       1.744303581
          0,         647,           0,       -4.07428032,      -1.276766258,       -1.49118776,         1.3502996,       0.932056413,       2.091217148,      -4.343152844,      -1.730986264,      -1.836614302,       1.133958821,      0.5220912001,       1.745763207
          0,         648,           0,      -4.072310555,      -1.276561592,      -1.489163305,        1.35382436,      0.9345496299,       2.096036337,      -4.341342913,      -1.731096952,      -1.834853219,       1.135655422,      0.5242056943,        1.74729206
          0,         649,           0,      -4.070350541,      -1.276330327,      -1.487175677,       1.357206665,      0.9363879024,       2.094156905,      -4.339732552,      -1.731080603,      -1.832999395,       1.137148556,       0.526268281,        1.74883714
          0,         650,           0,      -4.068379113,      -1.276062915,       -1.48523824,       1.360478298,        0.93767789,       2.093295693,      -4.338311104,      -1.730939395,      -1.831018952,        1.13844689,      0.5283683145,       1.750373227
          0,         651,           0,      -4.066370491,      -1.275755876,      -1.483377208,       1.363675789,      0.9397504118,       2.095013833,      -4.337073867,      -1.730679545,      -1.828907864,        1.13955364,      0.5305015989,       1.751879892
          0,         652,           0,      -4.064287114,      -1.275417036,      -1.481623666,       1.366850105,      0.9411958349,       2.094695842,      -4.336010809,      -1.730311002,      -1.826662492,       1.140476616,      0.5326510665,       1.753326302
          0,         653,           0,      -4.062089925,      -1.275036299,      -1.479999209,       1.370046864,      0.9427680906,       2.094560303,      -4.335109129,      -1.729846036,      -1.824296823,       1.141227213,      0.5348272834,       1.754698864
          0,         654,           0,      -4.059739796,      -1.274607438,      -1.478532323,       1.373315742,      0.9444336517,       2.094995651,      -4.334350629,      -1.729297466,      -1.821814947,       1.141822781,      0.5370171203,       1.756020306
          0,         655,           0,      -4.057202088,      -1.274131367,      -1.477245107,       1.376701514,       0.946199237,       2.095682256,      -4.333701771,      -1.728673414,      -1.819204553,       1.142295582,      0.5392137063,       1.757305238
          0,         656,           0,      -4.054443092,      -1.273602731,      -1.476158126,       1.380245114,      0.9487364259,       2.096516568,      -4.333148208,      -1.727987678,      -1.816499963,       1.142659845,       0.541410475,       1.758560723
          0,         657,           0,      -4.051445157,       -1.27303305,      -1.475293933,       1.383970824,      0.9506034218,       2.097418825,      -4.332668174,      -1.727256815,      -1.813723299,       1.142937497,      0.5436138951,       1.759793659
          0,         658,           0,       -4.04819768,      -1.272431844,      -1.474656577,       1.387899261,      0.9525371926,         2.0984214,      -4.332236849,      -1.726492354,      -1.810894767,       1.143153869,      0.5458192572,        1.76101011
          0,         659,           0,      -4.044718898,      -1.271792792,      -1.474269232,       1.392020811,      0.9550592623,       2.099600386,      -4.331829477,      -1.725703141,      -1.808035637,        1.14333486,      0.5481455313,       1.762221898
          0,         660,           0,      -4.041024195,      -1.271127874,      -1.474126502,       1.396325782,       0.957041179,       2.100638268,      -4.331423611,      -1.724894167,      -1.805168313,       1.143504931,      0.5503387698,       1.763426346
          0,         661,           0,      -4.037142634,      -1.270432999,      -1.474245052,       1.400790279,      0.9589870872,       2.101599109,      -4.330996317,      -1.724070434,       -1.80231607,       1.143688891,      0.5525003931,       1.764639758
          0,         662,           0,      -4.033113699,      -1.269711127,      -1.474604516,       1.405380176,      0.9614344332,       2.102484682,       -4.33052754,      -1.723232318,      -1.799503248,         1.1439095,       0.555622974,       1.765924025
          0,         663,           0,      -4.028988329,      -1.268969821,         -1.475194,       1.410049382,      0.9633181945,       2.103301618,       -4.32999917,      -1.722374612,      -1.796748822,       1.144188127,      0.5577301204,       1.767436225
          0,         664,           0,      -4.073783882,      -1.316452456,      -1.521516415,       1.364639963,      0.9651514571,       2.103630242,      -4.329936822,      -1.721951822,      -1.794514789,       1.143965583,       0.560738845,       1.769821303
          0,         665,           0,      -4.114382737,       -1.35940963,       -1.56368801,        1.32331245,      0.9662825935,        2.10303827,      -4.330213188,      -1.721861954,      -1.792714802,       1.143378023,       0.562774627,       1.775452663
          0,         666,           0,      -4.151100187,      -1.398073538,      -1.601840571,       1.285847481,      0.9669008027,       2.101473004,      -4.330717778,      -1.722017468,      -1.791267263,       1.142541382,      0.5650815559,       1.793007747
          0,         667,           0,      -4.184104569,      -1.432681542,      -1.636169092,       1.252107299,      0.9683443551,       2.099588186,      -4.331363368,      -1.722342189,      -1.790109544,       1.141547095,       0.567047946,       1.808731239
          0,         668,           0,      -4.213621244,      -1.463498562,      -1.666905564,       1.221894314,      0.9679447541,       2.097417969,      -4.332086562,      -1.722776697,      -1.789194156,       1.140460856,       0.568935279,       1.806952722
          0,         669,           0,       -4.23988921,      -1.490798327,      -1.694306472,       1.194991942,      0.9681073649,        2.09411989,        -4.3328464,      -1.723269676,      -1.788480668,       1.139328032,      0.5707653318,       1.804815587
          0,         670,           0,      -4.263168938,      -1.514876413,      -1.718644158,       1.171158406,       0.967908673,       2.090711356,       -4.33361653,      -1.723781155,      -1.787935261,       1.138176514,      0.5727301475,         1.8029354
          0,         671,           0,      -4.283726589,      -1.536015968,      -1.740183315,       1.150140194,      0.9667427914,       2.087099661,      -4.334385178,      -1.724275965,      -1.787535846,       1.137020225,        0.57446148,       1.801327626
          0,         672,           0,      -4.301833825,      -1.554506854,      -1.759223998,       1.131676216,      0.9654469868,       2.083300001,      -4.335152789,      -1.724727294,      -1.787271212,       1.135860835,      0.5760941844,       1.799947921
          0,         673,           0,      -4.317747408,      -1.570621423,      -1.776021783,       1.115514943,      0.9644433676,        2.07926227,      -4.335922829,      -1.725112318,      -1.787126682,       1.134696624,      0.5776978139,       1.798759216
          0,         674,           0,       -4.33170827,      -1.584619261,      -1.790821138,       1.101416015,      0.9629202392,        2.07508841,      -4.336702774,      -1.725412698,       -1.78709107,       1.133521003,      0.5792103119,       1.797729844
          0,         675,           0,      -4.343931984,      -1.596735152,      -1.803853489,       1.089159534,      0.9613402184,       2.070700796,      -4.337503302,      -1.725614464,      -1.787157749,       1.132324637,      0.5806447392,       1.796833729
          0,         676,           0,      -4.354615111,      -1.607190617,      -1.815329951,       1.078543243,      0.9597492221,       2.066336977,      -4.338335847,      -1.725708194,      -1.787322903,       1.131097677,      0.5820215511,       1.796045246
          0,         677,           0,      -4.363932399,      -1.616186485,      -1.825435459,       1.069383821,       0.958136387,       2.061976478,      -4.339211668,      -1.725687137,      -1.787583634,       1.129830814,      0.5834610278,       1.795350535
          0,         678,           0,      -4.372039122,      -1.623906718,      -1.834349729,       1.061516014,      0.9567017524,       2.057769644,      -4.340137742,      -1.725545904,      -1.787940431,       1.128517896,      0.5851088453,       1.794727063
          0,         679,           0,      -4.379072202,       -1.63051504,      -1.842230164,       1.054791975,      0.9548735106,       2.054126706,      -4.341119674,      -1.725283746,      -1.788385512,       1.127154837,      0.5863187032,       1.794161217
          0,         680,           0,      -4.385149734,      -1.636150724,      -1.849211129,       1.049080184,      0.9530426019,        2.04972738,      -4.342160406,      -1.724902347,      -1.788914672,       1.125740797,      0.5874730563,         1.7936314
          0,         681,           0,      -4.390377101,       -1.64094349,      -1.855412448,       1.044261599,      0.9516854783,       2.045661624,      -4.343259975,      -1.724406353,      -1.789525089,       1.124277518,      0.5885513928,       1.793127009
          0,         682,           0,      -4.394850459,      -1.645001046,       -1.86093487,       1.040226285,      0.9498138991,       2.041091752,      -4.344415157,      -1.723800685,      -1.790212164,        1.12277093,      0.5895936853,       1.792636914
          0,         683,           0,      -4.398651322,      -1.648419254,      -1.865864394,       1.036879559,      0.9481115429,       2.036054206,      -4.345620146,      -1.723093826,      -1.790971436,       1.121229852,      0.5909074162,        1.79216483
          0,         684,           0,      -4.401859392,      -1.651286974,      -1.870281282,       1.034131406,      0.9466416235,       2.031331014,       -4.34686466,       -1.72229624,      -1.791791553,       1.119667158,      0.5922778031,       1.791712854
          0,         685,           0,      -4.404548095,      -1.653672747,      -1.874248729,       1.031897924,      0.9447603949,       2.026579314,      -4.348144746,      -1.721422774,      -1.792680789,       1.118092062,      0.5931421777,       1.791251462
          0,         686,           0,      -4.406776239,      -1.655637142,      -1.877817259,       1.030110876,      0.9428924619,       2.022446471,      -4.349445593,      -1.720482792,      -1.793632836,       1.116520041,      0.5939963537,       1.790788077
          0,         687,           0,      -4.408611122,      -1.657246422,      -1.881042137,       1.028701697,      0.9409796576,       2.017959013,      -4.350750195,      -1.719487466,      -1.794634749,       1.114970379,      0.5948169819,       1.790393761
          0,         688,           0,       -4.41010192,      -1.658553725,      -1.883968196,       1.027613556,      0.9390424261,       2.013981034,       -4.35204438,      -1.718449223,      -1.795683134,       1.113460186,       0.595623432,       1.790309137
          0,         689,           0,      -4.411290377,      -1.659582428,       -1.88662439,       1.026797974,      0.9374058135,       2.009994958,      -4.353314452,      -1.717379978,       -1.79677505,       1.112006129,      0.5967537479,       1.791510002
          0,         690,           0,      -4.411475275,      -1.659659496,      -1.888372127,        1.02698733,      0.9354599325,       2.005362537,      -4.354544876,      -1.716289795,         -1.797904,       1.110626193,      0.5974889528,       1.796818929
          0,         691,           0,      -4.411168686,      -1.659272165,      -1.889664496,       1.027643206,      0.9335367664,       2.000791325,      -4.355723636,      -1.715189309,      -1.799070162,       1.109334851,      0.5981725728,       1.796338574
          0,         692,           0,      -4.410805215,      -1.658831413,      -1.890901119,       1.028310678,      0.9321466432,       1.996042008,      -4.356841662,      -1.714092046,      -1.800264021,       1.108142368,      0.5987962297,       1.794924667
          0,         693,           0,      -4.410384059,      -1.658340763,      -1.892094398,        1.02898972,      0.9306810011,       1.991226081,      -4.357890416,      -1.713004313,      -1.801478611,        1.10705879,       0.599391536,       1.793574609
          0,         694,           0,      -4.409904878,      -1.657790335,      -1.893239759,       1.029681364,      0.9292454596,       1.986563413,      -4.358864516,      -1.711932772,      -1.802710278,       1.106090119,      0.5999515531,       1.792237427
          0,         695,           0,      -4.409365284,      -1.657177696,      -1.894339942,       1.030389587,      0.9273902345,       1.981791006,      -4.359761986,      -1.710884037,       -1.80395556,       1.105238734,      0.6005873772,        1.79085817
          0,         696,           0,      -4.408764395,      -1.656508716,      -1.895401475,       1.031117133,      0.9261798527,       1.977254303,      -4.360582303,      -1.709862695,      -1.805208836,       1.104504928,      0.6011352262,       1.789544754
          0,         697,           0,      -4.408099192,      -1.655780167,      -1.896428026,       1.031868336,      0.9242946737,       1.972943211,      -4.361328419,       -1.70887406,      -1.806461797,       1.103885251,      0.6016535248,       1.788291757
          0,         698,           0,       -4.40737975,       -1.65500932,      -1.897432843,       1.032643935,      0.9224153612,         1.9703815,      -4.362004036,      -1.707918394,      -1.807711231,       1.103374417,      0.6031989865,       1.787110433
          0,         699,           0,      -4.406593183,      -1.654180261,      -1.898411417,       1.033450973,      0.9208495265,       1.966746308,      -4.362615818,      -1.706997353,      -1.808955957,       1.102964609,      0.6043517234,        1.78599788
          0,         700,           0,      -4.405737897,      -1.653295388,      -1.899377384,       1.034292469,       0.919015253,       1.962520746,      -4.363171814,      -1.706111773,      -1.810190861,       1.102645519,      0.6048525908,       1.784925503
          0,         701,           0,      -4.404814203,      -1.652355902,      -1.900327548,       1.035172218,       0.917177424,       1.957847179,      -4.363679562,      -1.705261203,      -1.811408773,       1.102406408,      0.6053761928,       1.783882043
          0,         702,           0,      -4.403821574,      -1.651370186,      -1.901264257,       1.036091995,      0.9154366878,       1.953286642,      -4.364147759,      -1.704444845,      -1.812603515,          1.102236,      0.6063025387,       1.782870868
          0,         703,           0,      -4.402760698,      -1.650340945,       -1.90218212,       1.037053138,      0.9136979216,       1.948914707,      -4.364585884,       -1.70366235,      -1.813769939,       1.102122673,      0.6068373609,       1.781873209
          0,         704,           0,      -4.401636027,      -1.649269156,      -1.903079717,       1.038054189,      0.9119051865,        1.94475997,      -4.365002128,      -1.702913081,      -1.814899629,       1.102054926,       0.607379796,       1.780884008
          0,         705,           0,       -4.40045073,      -1.648160043,      -1.903964599,       1.039093769,      0.9101933026,       1.941137573,      -4.365403827,       -1.70219417,      -1.815986888,       1.102022667,      0.6083777256,       1.779930175
          0,         706,           0,      -4.399210123,      -1.647020539,      -1.904827029,        1.04017062,      0.9083941055,       1.939040751,      -4.365797908,      -1.701504538,      -1.817030407,       1.102016228,      0.6089040374,       1.778995482
          0,         707,           0,      -4.397918766,      -1.645846879,      -1.905656293,       1.041280959,      0.9068677333,       1.935566053,      -4.366190194,      -1.700844233,      -1.818026823,       1.102025835,      0.6094513526,       1.778073339
          0,         708,           0,      -4.396585211,      -1.644653176,      -1.906456802,       1.042421586,      0.9050797009,       1.934301676,      -4.366585015,      -1.700210777,      -1.818970698,       1.102044426,      0.6100321046,       1.777159182
          0,         709,           0,      -4.395213686,       -1.64344214,      -1.907219354,       1.043589622,      0.9034459746,       1.930155758,       -4.36698588,       -1.69960244,      -1.819858807,       1.102065883,      0.6106168462,       1.776253296
          0,         710,           0,      -4.393810604,       -1.64222838,      -1.907948452,       1.044781052,      0.9016573245,       1.927325835,      -4.367395016,      -1.699019028,      -1.820689036,       1.102085418,      0.6113963767,       1.775358992
          0,         711,           0,      -4.392381564,      -1.641016084,      -1.908630305,       1.045991179,      0.9003243394,       1.928394873,      -4.367813471,      -1.698458787,      -1.821460908,       1.102099718,      0.6120114566,       1.774461666
          0,         712,           0,      -4.390928039,      -1.639792798,       -1.90925738,       1.047214874,      0.8988543156,        1.92578831,      -4.368241107,      -1.697920201,      -1.822170442,       1.102106272,      0.6126458679,       1.773566006
          0,         713,           0,      -4.389453335,      -1.638575579,      -1.909831279,       1.048449591,      0.8970732194,       1.923548323,       -4.36867732,      -1.697402629,      -1.822817291,       1.102103374,      0.6133013997,       1.772676799
          0,         714,           0,      -4.387965094,      -1.637362044,      -1.910341744,       1.049689489,      0.8953766678,       1.919850206,      -4.369120809,      -1.696904612,      -1.823402562,       1.102089966,      0.6140113776,       1.771793708
          0,         715,           0,      -4.386473251,      -1.636151137,      -1.910782328,       1.050926045,       0.893740021,       1.918528464,      -4.369570231,      -1.696424493,      -1.823926011,       1.102065094,      0.6151455587,       1.770942456
          0,         716,           0,      -4.384980305,      -1.634951733,      -1.911149855,        1.05215709,      0.8919809115,       1.918639777,      -4.370023545,      -1.695961746,      -1.824390404,       1.102029657,      0.6158253395,       1.770101402
          0,         717,           0,      -4.383500969,      -1.633771116,      -1.911457057,       1.053369838,       0.890794928,       1.915116459,      -4.370478911,       -1.69551604,      -1.824796528,       1.101983399,      0.6165448107,       1.769261561
          0,         718,           0,      -4.382040876,      -1.632614747,       -1.91169285,       1.054561326,      0.8889644957,       1.912621499,      -4.370935374,      -1.695086829,      -1.825147663,       1.101925832,      0.6172817734,       1.768423833
          0,         719,           0,      -4.380594085,       -1.63148772,      -1.911851573,       1.055738205,      0.8871415226,       1.908701502,      -4.371391215,        -1.6946727,      -1.825447486,        1.10185709,      0.6183202196,       1.767603633
          0,         720,           0,      -4.379162199,      -1.630382242,       -1.91192906,       1.056897762,      0.8853756353,       1.903711065,       -4.37184499,      -1.694272254,      -1.825699959,       1.101777372,       0.619058125,       1.766788911
          0,         721,           0,       -4.37774876,      -1.629294278,      -1.911920827,       1.058037152,      0.8836995711,        1.89894225,      -4.372295541,      -1.693884711,      -1.825908063,       1.101686635,      0.6198203608,       1.765974893
          0,         722,           0,      -4.376357345,      -1.628225386,      -1.911828616,       1.059153913,      0.8824249434,       1.894420586,      -4.372742302,       -1.69350843,      -1.826075904,       1.101584323,      0.6205981666,        1.76516249
          0,         723,           0,      -4.374991384,       -1.62717635,      -1.911655844,       1.060246357,      0.8820134209,       1.890071564,      -4.373184668,      -1.693142515,      -1.826207411,       1.101470307,      0.6213928568,       1.764352859
          0,         724,           0,      -4.373662665,      -1.626156089,      -1.911415053,       1.061308705,      0.8802393615,       1.885778069,      -4.373622495,      -1.692785449,      -1.826308492,       1.101343793,      0.6222018739,       1.763546354
          0,         725,           0,      -4.372367381,      -1.625159758,       -1.91110119,       1.062342572,      0.8785253578,       1.881715638,      -4.374055234,      -1.692434693,      -1.826383472,       1.101204497,      0.6231801548,       1.762753271
          0,         726,           0,      -4.371104876,         -1.624185,      -1.910714287,       1.063349082,      0.8768728744,       1.877571896,      -4.374482644,      -1.692088652,      -1.826437535,       1.101051878,      0.6239979211,        1.76198373
          0,         727,           0,      -4.369878441,      -1.623238143,      -1.910261373,       1.064327773,      0.8752477994,       1.873574129,      -4.374904323,       -1.69174546,      -1.826472906,        1.10088603,      0.6249759313,       1.761303303
          0,         728,           0,      -4.368688205,      -1.622329851,      -1.909761264,       1.065279365,       0.873638344,       1.869776072,      -4.375320061,      -1.691404685,      -1.826491931,       1.100706911,      0.6260492382,       1.760956749
          0,         729,           0,      -4.367536158,      -1.621439907,      -1.909216021,       1.066203138,      0.8720704564,       1.866315094,      -4.375728514,      -1.691064736,        -1.8264993,       1.100515619,      0.6268770467,       1.761891461
          0,         730,           0,      -4.366422166,      -1.620563336,      -1.908615696,       1.067099464,      0.8705367725,       1.862900139,      -4.376129665,      -1.690724989,      -1.826500962,       1.100311624,      0.6277278038,       1.767859347
          0,         731,           0,      -4.365346251,      -1.619702158,      -1.907967399,       1.067969788,      0.8692859602,       1.859565561,      -4.376525684,      -1.690383663,      -1.826499277,       1.100093712,      0.6285861623,       1.765946889
          0,         732,           0,      -4.364310198,      -1.618860077,      -1.907277785,       1.068814119,      0.8682020679,       1.856475163,      -4.376912909,      -1.690039741,      -1.826495993,       1.099864631,      0.6294632922,       1.764081577
          0,         733,           0,      -4.363309674,      -1.618026075,      -1.906548669,        1.06963481,      0.8667765879,       1.853972555,      -4.377290369,       -1.68969245,      -1.826492185,       1.099625561,      0.6303523813,       1.762450049
          0,         734,           0,      -4.362344615,      -1.617201647,      -1.905780749,       1.070433335,      0.8653784986,       1.853139037,      -4.377657296,      -1.689341657,      -1.826489634,       1.099377742,      0.6312552253,       1.760985714
          0,         735,           0,      -4.361408723,      -1.616383818,      -1.904978747,       1.071215182,      0.8640160175,       1.858062213,      -4.378012712,      -1.688985858,      -1.826486649,       1.099122636,      0.6321437035,       1.759637735
          0,         736,           0,      -4.360504363,      -1.615578852,      -1.904142895,       1.071980356,      0.8626587997,       1.861563861,      -4.378355856,      -1.688625775,      -1.826484607,       1.098861566,       0.633169459,       1.758376169
          0,         737,           0,      -4.359630767,      -1.614778335,      -1.903274497,       1.072729002,      0.8613385913,       1.864123495,      -4.378684962,      -1.688261777,       -1.82648366,       1.098596509,      0.6340637644,       1.757176461
          0,         738,           0,      -4.358786108,      -1.613981888,      -1.902381703,       1.073462727,       0.860409116,       1.865558187,      -4.378999794,       -1.68789554,      -1.826482819,       1.098328295,       0.635014632,       1.756020736
          0,         739,           0,      -4.357969825,      -1.613190692,      -1.901473045,        1.07418319,      0.8591520071,        1.87057401,      -4.379299426,      -1.687527771,      -1.826479483,       1.098058604,      0.6359248068,       1.754896695
          0,         740,           0,      -4.357181948,      -1.612403107,      -1.900544125,       1.074891057,      0.8585908608,       1.866569951,      -4.379582227,      -1.687157743,      -1.826471595,       1.097789416,      0.6368426702,       1.753797449
          0,         741,           0,        -4.3564222,      -1.611620248,      -1.899601565,        1.07558693,      0.8573680745,       1.861621157,      -4.379847827,      -1.686786518,      -1.826457088,       1.097521759,      0.6378962848,       1.752724878
          0,         742,           0,      -4.355686441,      -1.610840662,      -1.898640749,       1.076272104,       0.856230776,       1.857381273,      -4.380096194,      -1.686414721,      -1.826433414,       1.097256478,      0.6388196201,       1.751673336
          0,         743,           0,      -4.354973942,      -1.610065442,      -1.897665481,       1.076947339,      0.8551306725,       1.852541336,      -4.380327371,      -1.686043153,      -1.826398092,       1.096994353,      0.6397368765,       1.750634951
          0,         744,           0,       -4.35428034,      -1.609279645,      -1.896667097,       1.077615946,      0.8540394893,       1.848937363,      -4.380542612,      -1.685673825,      -1.826347685,       1.096735233,      0.6406507591,       1.749612543
          0,         745,           0,      -4.353605237,      -1.608487705,      -1.895650112,       1.078277803,      0.8529177601,       1.845528902,      -4.380742571,      -1.685307918,      -1.826279485,       1.096478936,      0.6415404491,        1.74860163
          0,         746,           0,       -4.35294879,      -1.607694925,      -1.894615713,       1.078932388,      0.8518264653,       1.844313013,      -4.380928565,      -1.684945841,      -1.826190694,       1.096225317,      0.6424273022,       1.747600995
          0,         747,           0,      -4.352312072,      -1.606897659,      -1.893579143,       1.079578245,      0.8509792141,        1.85134465,      -4.381101966,      -1.684588048,      -1.826078911,       1.095973778,      0.6433492168,       1.746613543
          0,         748,           0,      -4.351692456,      -1.606101465,      -1.892530861,       1.080216315,      0.8499866835,       1.861568058,       -4.38126534,      -1.684235278,      -1.825941159,       1.095722872,      0.6443960843,       1.745648491
          0,         749,           0,      -4.351088797,      -1.605303735,      -1.891480061,       1.080847314,      0.8492965556,       1.856844282,      -4.381421458,      -1.683888296,      -1.825775609,       1.095470438,      0.6452571358,       1.744695295
          0,         750,           0,       -4.35050176,      -1.604501289,       -1.89042594,       1.081470593,       0.848261227,       1.857101151,       -4.38157315,      -1.683547899,      -1.825580763,       1.095214399,      0.6461046674,       1.743749217
          0,         751,           0,      -4.349933228,      -1.603696147,      -1.889379589,       1.082083048,      0.8472493267,       1.854239865,      -4.381723363,      -1.683212464,      -1.825353886,       1.094952699,      0.6469726461,       1.742809553
          0,         752,           0,      -4.349385483,      -1.602900739,      -1.888343572,       1.082683824,      0.8462291818,       1.853959737,      -4.381875532,      -1.682881954,      -1.825092949,       1.094682742,      0.6477885386,       1.741876246
          0,         753,           0,      -4.348858136,       -1.60211474,      -1.887307708,       1.083271349,      0.8452569594,       1.851404564,      -4.382034556,      -1.682557637,      -1.824796309,       1.094400643,      0.6485759457,       1.740948615
          0,         754,           0,      -4.348350649,      -1.601327466,      -1.886271613,       1.083844633,      0.8442411291,       1.846186255,      -4.382203689,      -1.682239142,       -1.82446128,       1.094103026,      0.6494701865,       1.740033395
          0,         755,           0,      -4.347863589,      -1.600538792,      -1.885235484,        1.08440356,      0.8432010498,       1.842630734,      -4.382387384,        -1.6819269,      -1.824090541,       1.093786752,      0.6502648634,       1.739126692
          0,         756,           0,      -4.347396725,      -1.599750921,      -1.884201257,       1.084946758,      0.8421536035,       1.844660503,      -4.382589638,       -1.68161972,      -1.823682829,       1.093448507,      0.6509625964,       1.738221559
          0,         757,           0,      -4.346950741,      -1.598951799,      -1.883169861,       1.085471743,      0.8420186023,       1.847282561,       -4.38281553,      -1.681318321,      -1.823238638,       1.093083804,       0.651649901,       1.737316109
          0,         758,           0,      -4.346526305,      -1.598144283,      -1.882132607,       1.085976082,      0.8410738764,       1.847551853,      -4.383069532,       -1.68102193,      -1.822757387,       1.092688559,      0.6523154022,       1.736409955
          0,         759,           0,      -4.346126489,      -1.597328422,      -1.881099871,       1.086458227,      0.8399835752,       1.847436481,      -4.383356444,      -1.680730384,      -1.822238813,       1.092258582,      0.6530512916,       1.735508348
          0,         760,           0,      -4.345753991,      -1.596506917,      -1.880069704,       1.086915906,      0.8388911474,       1.842402595,       -4.38368138,      -1.680443282,      -1.821683641,       1.091789221,      0.6536583541,       1.734607437
          0,         761,           0,      -4.345408594,      -1.595679562,      -1.879042384,       1.087347017,      0.8379462265,       1.840308121,      -4.384046977,      -1.680158205,      -1.821092355,       1.091278124,      0.6542391933,        1.73370505
          0,         762,           0,      -4.345091245,      -1.594843562,      -1.878014226,       1.087750173,      0.8369648589,        1.84817391,      -4.384457408,      -1.679874391,      -1.820466624,       1.090721459,      0.6548290732,       1.732800358
          0,         763,           0,      -4.344803904,      -1.594006041,      -1.876990939,       1.088123314,       0.836000377,       1.846982218,      -4.384916642,       -1.67959199,      -1.819807161,       1.090115287,      0.6554851678,       1.731900425
          0,         764,           0,      -4.344549358,      -1.593177155,      -1.875981701,       1.088464625,      0.8351403601,       1.841848714,       -4.38542799,      -1.679310437,      -1.819115575,       1.089456279,      0.6560671387,       1.731003715
          0,         765,           0,      -4.344326108,      -1.592352554,      -1.874975255,       1.088776116,      0.8341742079,       1.841665757,      -4.385993668,      -1.679028124,      -1.818393215,       1.088742666,      0.6565167425,       1.730103916
          0,         766,           0,      -4.344136148,      -1.591523784,      -1.873971654,       1.089053973,      0.8333683156,       1.852545569,       -4.38661643,      -1.678745243,       -1.81764225,       1.087971794,      0.6569425574,       1.729199505
          0,         767,           0,      -4.343979472,      -1.590684795,      -1.872962605,       1.089297527,      0.8324833773,       1.845389481,      -4.387296788,      -1.678461728,       -1.81686451,       1.087142711,      0.6574633804,        1.72826995
          0,         768,           0,      -4.343856782,        -1.5898402,      -1.871946008,       1.089505937,      0.8315788291,       1.838957933,      -4.388035613,      -1.678178195,      -1.816062668,       1.086254247,      0.6578307909,       1.727358968
          0,         769,           0,      -4.343768426,      -1.588996309,      -1.870921187,        1.08967832,      0.8306957032,       1.836996697,      -4.388836821,      -1.677894583,      -1.815240442,        1.08530307,      0.6581892753,       1.726446149
          0,         770,           0,       -4.34371415,      -1.588166614,      -1.869894576,       1.089815588,      0.8298220504,       1.832167796,      -4.389701425,      -1.677611242,      -1.814401363,       1.084288319,      0.6585075625,       1.725528242
          0,         771,           0,      -4.343692049,      -1.587331747,      -1.868863222,       1.089918818,      0.8289691007,       1.830499723,      -4.390628512,      -1.677327559,      -1.813546362,       1.083210994,      0.6587988549,       1.724603236
          0,         772,           0,      -4.343700779,      -1.586484156,      -1.867822579,       1.089988795,       0.828134565,       1.834767702,      -4.391617738,      -1.677044524,      -1.812678051,       1.082071675,      0.6590554204,       1.723670275
          0,         773,           0,      -4.343739947,      -1.585626999,      -1.866763444,       1.090025433,      0.8273447654,       1.830963694,      -4.392667603,      -1.676761552,        -1.8117985,       1.080871851,      0.6593005538,       1.722733393
          0,         774,           0,      -4.343808553,      -1.584751299,      -1.865684516,       1.090029486,      0.8265878657,       1.834089066,      -4.393775959,      -1.676479638,      -1.810910896,       1.079613765,      0.6594813715,       1.721790167
          0,         775,           0,      -4.343905789,      -1.583871467,      -1.864585019,       1.090002716,      0.8258537886,         1.8285077,      -4.394940583,      -1.676201173,      -1.810017561,       1.078299521,      0.6596607817,       1.720843015
          0,         776,           0,      -4.344034332,      -1.582993648,      -1.863463808,       1.089944436,      0.8250923486,       1.823470546,      -4.396158038,      -1.675926649,      -1.809122439,       1.076932245,      0.6597832296,       1.719891205
          0,         777,           0,        -4.3441858,      -1.582107183,      -1.862318959,       1.089860129,       0.824365438,        1.81916622,      -4.397424584,      -1.675654646,      -1.808227778,       1.075516407,      0.6598831755,       1.718934229
          0,         778,           0,      -4.344359072,      -1.581207569,      -1.861151241,       1.089749518,      0.8237539727,        1.81905711,      -4.398441236,       -1.67509492,      -1.807040408,       1.074357736,      0.6599628063,       1.717972564
          0,         779,           0,      -4.344552552,      -1.580297809,      -1.859955307,       1.089614157,      0.8231107581,       1.832297306,      -4.399491135,      -1.674528445,      -1.805845134,       1.073167284,      0.6600197286,       1.716987934
          0,         780,           0,      -4.344764289,      -1.579381976,       -1.85873004,       1.089456142,      0.8224506833,       1.840778562,      -4.400568988,      -1.673954868,      -1.804642752,       1.071950501,      0.6600534851,       1.715998839
          0,         781,           0,      -4.344995694,      -1.578470342,      -1.857479254,       1.089276235,      0.8218168067,       1.836891575,      -4.401670329,      -1.673373653,       -1.80343482,       1.070712158,      0.6600647531,       1.715016591
          0,         782,           0,      -4.345243841,      -1.577552189,      -1.856197408,       1.089076035,      0.8212405115,       1.830781041,      -4.402791362,      -1.672785978,      -1.802221653,       1.069456794,      0.6600558172,       1.714032834
          0,         783,           0,      -4.345511347,      -1.576631087,      -1.854882156,       1.088856613,      0.8205867065,       1.824647506,      -4.403927853,      -1.672191248,      -1.801003261,       1.068189117,       0.660020295,       1.713047702
          0,         784,           0,      -4.345792104,      -1.575700684,      -1.853534231,       1.088620437,      0.8199795456,         1.8202419,      -4.405075864,      -1.671589224,      -1.799780383,       1.066913657,      0.6599592348,       1.712061028
          0,         785,           0,      -4.346085226,      -1.574761282,      -1.852146444,         1.0883688,      0.8198851063,       1.818289804,      -4.406232292,      -1.670979875,      -1.798553835,       1.065633876,      0.6598857611,       1.711074462
          0,         786,           0,      -4.346386405,      -1.573808638,      -1.850719374,       1.088104935,      0.8193418574,       1.814894932,      -4.407393878,      -1.670361801,      -1.797322446,       1.064353749,      0.6597952287,       1.710089191
          0,         787,           0,      -4.346693284,      -1.572843882,      -1.849254372,       1.087830955,      0.8188208851,        1.81650709,      -4.408558353,      -1.669732963,      -1.796083643,       1.063076486,      0.6596563254,       1.709105849
          0,         788,           0,      -4.347003909,        -1.5718685,      -1.847753645,       1.087548821,      0.8184089861,       1.829382394,      -4.409723815,      -1.669093493,      -1.794837333,       1.061804901,      0.6595020388,       1.708124769
          0,         789,           0,      -4.347316738,      -1.570878631,      -1.846221034,        1.08725991,      0.8179237247,       1.833669537,       -4.41088939,      -1.668444092,      -1.793583501,       1.060540737,      0.6593697955,       1.707145061
          0,         790,           0,      -4.347631959,      -1.569878334,      -1.844667687,       1.086965576,      0.8174662449,       1.829881632,      -4.412054137,      -1.667782441,      -1.792321674,       1.059285919,      0.6592005241,       1.706166933
          0,         791,           0,      -4.347949312,       -1.56887049,      -1.843105038,        1.08666611,      0.8170266458,       1.837428804,      -4.413217942,      -1.667104399,        -1.7910486,       1.058041312,      0.6589945602,       1.705193285
          0,         792,           0,      -4.348265843,      -1.567860087,       -1.84151291,       1.086363304,      0.8166082544,       1.849301133,      -4.414380969,      -1.666408237,      -1.789762525,       1.056807678,      0.6587766796,       1.704225411
          0,         793,           0,      -4.348579613,      -1.566837035,        -1.8398942,       1.086059835,      0.8162093909,       1.842663538,      -4.415543385,      -1.665691267,      -1.788461616,       1.055585759,      0.6585468655,       1.703264254
          0,         794,           0,      -4.348888882,       -1.56580153,      -1.838248889,        1.08575722,      0.8157874954,       1.838370047,      -4.416706124,      -1.664951248,      -1.787144279,       1.054375554,      0.6583050594,       1.702310013
          0,         795,           0,      -4.349191028,      -1.564744757,      -1.836573529,       1.085456851,      0.8153800513,       1.842925164,      -4.417869856,      -1.664185368,      -1.785808784,       1.053177441,      0.6581087306,       1.701366658
          0,         796,           0,      -4.349484693,      -1.563667478,      -1.834870056,       1.085159696,      0.8149442201,       1.854541057,      -4.419036818,      -1.663392891,      -1.784454466,       1.051990037,      0.6579043399,       1.700437007
          0,         797,           0,      -4.349769016,      -1.562577322,      -1.833140825,       1.084866923,      0.8145232152,       1.859900228,      -4.420208731,      -1.662570502,      -1.783078924,        1.05081281,      0.6575959312,       1.699517135
          0,         798,           0,      -4.350046574,      -1.561478982,      -1.831384773,       1.084577046,      0.8141232134,       1.855847844,      -4.421386032,      -1.661714713,      -1.781681177,       1.049646329,      0.6572794277,       1.698606932
          0,         799,           0,      -4.350314511,      -1.560375326,      -1.829599689,       1.084291872,      0.8141965925,       1.850127253,      -4.422568275,      -1.660823304,      -1.780261717,        1.04849166,      0.6569480886,       1.697706786
          0,         800,           0,      -4.350571081,      -1.559259057,      -1.827781431,       1.084011982,      0.8142553155,       1.850349685,      -4.423754744,      -1.659893683,      -1.778818525,       1.047350025,      0.6566669073,       1.696822142
          0,         801,           0,      -4.350815712,      -1.558126453,      -1.825933847,       1.083737871,      0.8138565619,       1.864256023,      -4.424945926,      -1.658922964,      -1.777351506,       1.046221636,      0.6563200721,        1.69594901
          0,         802,           0,      -4.351048232,      -1.556983471,      -1.824060437,       1.083469511,      0.8136351635,       1.869797981,      -4.426141121,      -1.657909947,      -1.775860068,       1.045108039,      0.6559551148,       1.695087283
          0,         803,           0,      -4.351269569,      -1.555825787,      -1.822160802,       1.083206694,       0.813285862,       1.866384651,      -4.427338096,      -1.656849933,      -1.774342852,       1.044012264,      0.6559525443,        1.69423557
          0,         804,           0,      -4.351478676,       -1.55465939,      -1.820234103,       1.082949623,      0.8129446653,        1.86058784,       -4.42853412,      -1.655739958,      -1.772798779,       1.042937633,      0.6555450408,       1.693397006
          0,         805,           0,      -4.351676128,      -1.553492452,      -1.818283807,       1.082697783,      0.8126103577,       1.860590498,      -4.429725839,      -1.654577574,      -1.771227797,       1.041887847,      0.6551504527,       1.692572183
          0,         806,           0,      -4.351862308,      -1.552318346,      -1.816303357,        1.08245082,      0.8122772498,       1.865734152,      -4.430909394,      -1.653361038,      -1.769629402,        1.04086705,      0.6547631982,       1.691761839
          0,         807,           0,       -4.35203783,      -1.551137243,      -1.814294598,         1.0822084,      0.8119624015,       1.879151335,      -4.432080272,      -1.652089118,      -1.768003667,       1.039879518,      0.6543553555,       1.690966753
          0,         808,           0,      -4.352203276,      -1.549953717,       -1.81225991,       1.081970383,      0.8116507104,       1.894997872,      -4.433232072,      -1.650760109,      -1.766350183,       1.038932279,      0.6539510929,       1.690187103
          0,         809,           0,      -4.352358248,      -1.548769066,      -1.810197712,       1.081737108,      0.8113343218,       1.897471499,      -4.434358733,      -1.649371793,      -1.764668427,       1.038031153,      0.6536029829,       1.689426165
          0,         810,           0,      -4.352504949,      -1.547581839,      -1.808106816,       1.081507654,      0.8110573457,       1.893524688,      -4.435452671,      -1.647922255,       -1.76295761,       1.037183945,      0.6531844606,       1.688669603
          0,         811,           0,      -4.352640688,      -1.546387507,       -1.80599348,       1.081283805,      0.8114309062,        1.89945753,       -4.43650678,      -1.646412446,      -1.761215979,       1.036397417,      0.6527748505,       1.687906199
          0,         812,           0,       -4.35276516,      -1.545185439,      -1.803851664,        1.08106472,      0.8111909487,       1.926902341,      -4.437515025,       -1.64484487,       -1.75944259,       1.035677046,      0.6525058097,       1.687181801
          0,         813,           0,      -4.352877764,      -1.543970801,      -1.801684114,       1.080852457,      0.8109894352,        1.93429681,      -4.438469523,      -1.643216441,      -1.757636293,       1.035029003,      0.6523996797,       1.686447685
          0,         814,           0,      -4.352977704,      -1.542758923,      -1.799488341,       1.080649195,      0.8108088008,       1.923137132,      -4.439360867,      -1.641526569,        -1.7557932,       1.034462425,       0.651981822,       1.685753799
          0,         815,           0,      -4.353064935,      -1.541542261,      -1.797262982,       1.080455236,      0.8110601095,       1.914619405,      -4.440180929,      -1.639773845,      -1.753911946,       1.033985043,      0.6515817342,       1.685072239
          0,         816,           0,      -4.353138116,      -1.540316453,      -1.795007011,       1.080272104,      0.8108859999,       1.909187231,      -4.440922306,       -1.63795803,      -1.751990119,       1.033603017,      0.6514052878,       1.684405267
          0,         817,           0,      -4.353197843,      -1.539085655,       -1.79271947,         1.0800995,      0.8107085758,       1.909241759,      -4.441577734,      -1.636079203,      -1.750023015,       1.033322256,      0.6510799471,       1.683754958
          0,         818,           0,      -4.353243511,      -1.537853535,       -1.79040402,       1.079938677,      0.8105486547,       1.918348274,      -4.442141505,      -1.634138581,      -1.748006728,       1.033146838,      0.6510582511,       1.683120738
          0,         819,           0,      -4.353275547,      -1.536614621,      -1.788060661,       1.079789967,      0.8104098723,       1.915751046,      -4.442608521,      -1.632135077,      -1.745937027,       1.033080251,      0.6506256505,       1.682504608
          0,         820,           0,      -4.353295198,      -1.535374075,      -1.785692212,       1.079653158,      0.8104239842,       1.910457851,      -4.442974841,      -1.630068835,      -1.743811067,        1.03312424,      0.6503532336,       1.681907637
          0,         821,           0,       -4.35330074,      -1.534127713,      -1.783291247,       1.079530183,      0.8108200285,       1.903459537,      -4.443237245,      -1.627941213,      -1.741624056,       1.033280448,      0.6502649222,       1.681211888
          0,         822,           0,      -4.353294432,      -1.532883525,      -1.780860186,       1.079421217,       0.810717222,       1.897632632,      -4.443393085,      -1.625751796,      -1.739370787,       1.033549754,      0.6498876627,       1.680639836
          0,         823,           0,      -4.353275599,      -1.531642721,       -1.77839895,       1.079326427,      0.8108155203,       1.902358623,      -4.443440787,      -1.623499518,      -1.737046165,       1.033931335,      0.6496278837,       1.680094543
          0,         824,           0,      -4.353237369,      -1.530399351,      -1.775907256,       1.079253535,      0.8107796925,       1.897695017,      -4.443380132,      -1.621184703,      -1.734644184,       1.034423885,      0.6497684234,       1.679570749
          0,         825,           0,      -4.353184663,      -1.529151548,       -1.77338583,       1.079196492,      0.8107493962,       1.892702724,      -4.443209941,      -1.618805988,      -1.732159659,        1.03502632,      0.6493883925,       1.679069693
          0,         826,           0,      -4.353119243,       -1.52790333,      -1.770840439,       1.079155257,      0.8107400136,        1.89213951,      -4.442930238,      -1.616362725,      -1.729587313,       1.035736462,      0.6490187186,       1.678589585
          0,         827,           0,      -4.353039888,      -1.526659704,      -1.768270302,       1.079130531,      0.8107721463,       1.886197452,       -4.44254243,       -1.61385692,      -1.726922943,       1.036550795,      0.6486854527,       1.678131829
          0,         828,           0,      -4.352945222,      -1.525413837,      -1.765671392,       1.079123729,      0.8108013343,       1.880257212,      -4.442046331,      -1.611285909,       -1.72416064,       1.037468142,      0.6484293459,       1.677695158
          0,         829,           0,      -4.352837363,      -1.524171669,      -1.763047639,       1.079134714,      0.8108739961,       1.875158316,       -4.44144028,      -1.608647775,      -1.721295883,       1.038487597,      0.6484096228,       1.677280157
          0,         830,           0,      -4.352717413,      -1.522937828,      -1.760402243,        1.07916306,      0.8111096534,       1.870806107,      -4.440724261,      -1.605942576,      -1.718324781,       1.039607161,      0.6481728009,       1.676887174
          0,         831,           0,      -4.352583168,      -1.521704153,      -1.757732824,       1.079210034,      0.8112137964,       1.869692703,       -4.43990074,      -1.603166416,      -1.715243453,       1.040823583,      0.6479364334,       1.676518294
          0,         832,           0,      -4.352435507,      -1.520476672,      -1.755044884,       1.079276291,      0.8113450233,       1.872608338,      -4.438969503,      -1.600319916,      -1.712048091,       1.042134097,      0.6477349704,       1.676174112
          0,         833,           0,      -4.352273499,        -1.5192439,      -1.752338893,       1.079361347,      0.8117516955,       1.867548855,       -4.43792675,      -1.597398737,      -1.708733773,       1.043541369,      0.6475659642,       1.675856009
          0,         834,           0,         -4.352097,      -1.518010284,      -1.749616651,       1.079466082,      0.8118976941,        1.86296715,      -4.436769206,      -1.594396515,      -1.705296804,       1.045047099,       0.647400448,        1.67556529
          0,         835,           0,      -4.351907471,       -1.51677207,      -1.746879822,       1.079589595,      0.8120632093,       1.858997265,      -4.435493082,      -1.591315933,      -1.701735337,        1.04665315,      0.6472630449,       1.675301945
          0,         836,           0,      -4.351704382,      -1.515528863,      -1.744136229,       1.079733153,      0.8122446602,       1.856304236,      -4.434093088,      -1.588154889,      -1.698046403,       1.048362853,      0.6472453714,       1.675068121
          0,         837,           0,      -4.351488363,      -1.514297733,      -1.741379798,       1.079895965,       0.812440092,       1.857316398,      -4.432562834,      -1.584910966,      -1.694227062,       1.050180382,      0.6471632976,        1.67484157
          0,         838,           0,      -4.351258739,      -1.513060974,      -1.738606363,       1.080078749,      0.8126609816,       1.870969315,      -4.430895859,      -1.581583108,      -1.690275482,       1.052109844,      0.6471137544,       1.674662361
          0,         839,           0,      -4.351014185,      -1.511830129,      -1.735830458,       1.080282927,       0.812823709,        1.88677305,      -4.429082469,       -1.57816787,      -1.686190744,       1.054158667,      0.6471235012,       1.674515083
          0,         840,           0,      -4.350757226,      -1.510605145,      -1.733046984,       1.080507346,      0.8130044643,       1.907605188,      -4.427112472,      -1.574662153,      -1.681971977,        1.05633436,       0.647528221,       1.674401047
          0,         841,           0,      -4.350485278,      -1.509374231,      -1.730254227,       1.080752897,      0.8131794787,       1.918235701,      -4.424974474,      -1.571063374,      -1.677616029,       1.058645672,      0.6478342411,       1.674325151
          0,         842,           0,      -4.350198787,      -1.508142226,      -1.727456965,       1.081019102,      0.8143223706,       1.915496489,      -4.422658377,      -1.567371009,      -1.673121969,       1.061099873,      0.6480932243,       1.674285885
          0,         843,           0,      -4.349897378,      -1.506907684,      -1.724658488,       1.081306041,      0.8144306251,       1.914772957,      -4.420154088,      -1.563579751,      -1.668488763,       1.063706037,      0.6480788811,       1.674280121
          0,         844,           0,      -4.349581585,       -1.50566965,       -1.72186472,       1.081612499,      0.8145919693,       1.905685773,      -4.417445245,        -1.5596849,      -1.663712686,       1.066475738,      0.6480817097,       1.674307263
          0,         845,           0,      -4.349253648,      -1.504428496,      -1.719070872,        1.08193711,        0.81482049,       1.897947626,      -4.414519151,      -1.555685084,      -1.658791424,       1.069418526,      0.6482013448,       1.674365179
          0,         846,           0,      -4.348912978,      -1.503181585,      -1.716284736,       1.082279892,      0.8150534273,        1.89666624,      -4.411363345,      -1.551577324,      -1.653722828,       1.072543218,      0.6482766315,       1.674460539
          0,         847,           0,       -4.34855872,      -1.501937278,      -1.713510038,       1.082641372,       0.815329917,       1.891521713,      -4.407965546,      -1.547358684,      -1.648504464,        1.07585916,      0.6484151744,       1.674596322
          0,         848,           0,      -4.348195339,      -1.500711217,      -1.710752333,       1.083017522,      0.8163359655,       1.893932021,      -4.404314441,      -1.543025494,      -1.643133813,        1.07937459,      0.6486087817,        1.67477543
          0,         849,           0,      -4.347823512,      -1.499484501,      -1.708004411,       1.083407303,      0.8165638868,       1.901701304,      -4.400400708,       -1.53857616,      -1.637607836,       1.083095756,      0.6488476268,       1.674980047
          0,         850,           0,      -4.347441859,      -1.498248759,      -1.705265512,       1.083809633,      0.8168461652,       1.912953392,      -4.396214347,      -1.534007334,      -1.631924107,       1.087029565,      0.6491263778,       1.675250964
          0,         851,           0,      -4.347051216,      -1.497017291,      -1.702541547,       1.084223568,      0.8171387751,       1.909823773,      -4.391748238,      -1.529316333,      -1.626079073,       1.091180571,       0.649501697,       1.675569048
          0,         852,           0,      -4.346652777,      -1.495783072,       -1.69982872,       1.084647799,       0.818527435,        1.91345113,      -4.386996152,      -1.524497979,      -1.620071165,       1.095552466,      0.6498891631,       1.675936642
          0,         853,           0,      -4.346244482,      -1.494543299,      -1.697120802,       1.085084549,      0.8187131772,       1.907032369,      -4.381954144,      -1.519548666,      -1.613895468,       1.100147421,      0.6507066468,       1.676362788
          0,         854,           0,      -4.345827638,      -1.493294161,      -1.694420017,       1.085531717,      0.8189702547,       1.901460058,       -4.37661771,      -1.514462126,      -1.607547832,       1.104967192,       0.651124069,       1.676846336
          0,         855,           0,      -4.345404385,      -1.492039836,      -1.691732645,       1.085985792,      0.8192787597,       1.896862264,      -4.370986702,      -1.509235626,      -1.601028683,       1.110010625,      0.6516161811,       1.677385471
          0,         856,           0,      -4.344974832,      -1.490766213,      -1.689055757,       1.086446724,      0.8196306321,        1.89659524,      -4.365060712,      -1.503863347,      -1.594335037,       1.115276754,       0.652178054,       1.677984368
          0,         857,           0,      -4.344540967,      -1.489484589,      -1.686398318,       1.086911666,      0.8200283758,       1.903079218,      -4.358842385,      -1.498338385,      -1.587464709,       1.120761453,      0.6528218306,       1.678644768
          0,         858,           0,      -4.344101615,      -1.488195745,      -1.683757574,       1.087381396,      0.8204645593,       1.912308781,      -4.352336678,      -1.492657038,      -1.580417045,       1.126458426,       0.653446664,       1.679387798
          0,         859,           0,      -4.343656476,      -1.486896303,      -1.681135669,        1.08785643,      0.8223783913,        1.91239209,      -4.345549274,      -1.486812704,      -1.573187993,       1.132361241,      0.6541277331,       1.680186461
          0,         860,           0,      -4.343206298,      -1.485588525,      -1.678531141,       1.088335965,      0.8228570244,       1.920139337,      -4.338488826,      -1.480799399,      -1.565778763,       1.138461019,      0.6549089347,       1.681476442
          0,         861,           0,      -4.342749367,       -1.48426985,       -1.67594147,       1.088820012,      0.8232017415,       1.921865207,      -4.331163454,      -1.474607879,      -1.558183208,       1.144748003,      0.6557307233,       1.682587666
          0,         862,           0,      -4.342285188,      -1.482938225,       -1.67336529,       1.089308792,      0.8236488247,       1.922071273,       -4.32358259,      -1.468230831,      -1.550400231,       1.151211245,      0.6566167981,       1.683428239
          0,         863,           0,      -4.341814484,      -1.481599116,      -1.670806145,       1.089801483,      0.8241227408,       1.934276678,      -4.315756545,      -1.461661935,      -1.542427886,       1.157838574,       0.657880442,       1.684365299
          0,         864,           0,      -4.341338106,      -1.480250311,      -1.668272004,       1.090297856,      0.8246579113,       1.928076446,      -4.307696247,      -1.454892038,      -1.534262409,       1.164617316,      0.6588747069,       1.685391615
          0,         865,           0,      -4.340855355,      -1.478890461,      -1.665757296,         1.0907985,      0.8252276058,       1.922944099,      -4.299412222,      -1.447913553,      -1.525899741,       1.171534911,      0.6599381923,       1.686479519
          0,         866,           0,      -4.340365783,      -1.477514606,      -1.663259143,       1.091302764,      0.8258453792,       1.916639201,      -4.290915722,      -1.440719035,       -1.51734444,       1.178578433,      0.6611079007,       1.687649747
          0,         867,           0,      -4.339866409,      -1.476105658,      -1.660772911,       1.091812947,      0.8266823887,       1.911477773,      -4.282214187,      -1.433299085,      -1.508586158,       1.185735898,      0.6627409197,       1.688916282
          0,         868,           0,        -4.3393581,      -1.474677184,      -1.658308087,       1.092327479,      0.8274125692,       1.908485366,      -4.273314054,      -1.425642596,      -1.499620636,       1.192997276,      0.6640163718,       1.690276586
          0,         869,           0,      -4.338839985,      -1.473227425,      -1.655864236,       1.092847179,      0.8281484484,       1.912729868,       -4.26422258,      -1.417745909,      -1.490445155,       1.200352255,      0.6654069716,       1.691722722
          0,         870,           0,      -4.338310281,      -1.471755177,      -1.653439323,       1.093373851,      0.8289206421,       1.941046997,      -4.254941401,      -1.409603799,      -1.481054423,       1.207794578,      0.6668904245,       1.693258119
          0,         871,           0,       -4.33777124,       -1.47025948,      -1.651044094,       1.093904007,      0.8297039689,       1.959143909,      -4.245468424,      -1.401205862,      -1.471436673,       1.215319697,       0.668465187,        1.69489518
          0,         872,           0,      -4.337203687,      -1.468735761,      -1.648666053,       1.094454639,      0.8305232459,       1.951325426,      -4.235796322,      -1.392546234,      -1.461590129,       1.222928868,       0.670218563,       1.696631929
          0,         873,           0,      -4.336615271,      -1.467187125,      -1.646306319,       1.095020272,      0.8315360761,       1.948375609,      -4.225914047,       -1.38362439,        -1.4515118,       1.230627112,      0.6720397999,       1.698463903
          0,         874,           0,      -4.336014135,      -1.465630766,      -1.643984121,       1.095594893,      0.8324171718,       1.943406765,      -4.215803954,      -1.374434607,      -1.441188408,       1.238427731,      0.6739596428,       1.700406253
          0,         875,           0,      -4.335399134,      -1.464043934,      -1.641679824,        1.09617861,      0.8333363386,       1.950903074,       -4.20544156,      -1.364976379,      -1.430610229,       1.246350207,      0.6760208556,       1.702459138
          0,         876,           0,      -4.334768635,      -1.462425416,      -1.639390877,       1.096775034,      0.8344347817,       1.966707854,      -4.194798317,      -1.355247815,      -1.419771543,         1.2544192,       0.678213134,       1.704628884
          0,         877,           0,      -4.334118494,      -1.460758144,      -1.637112255,         1.0973882,      0.8358647469,       1.976237031,      -4.183841249,      -1.345249704,      -1.408662307,       1.262666593,      0.6805468578,       1.706922033
          0,         878,           0,      -4.333445846,       -1.45904966,      -1.634856824,       1.098019661,      0.8380390717,       1.971843867,      -4.172533877,      -1.334988122,      -1.397277213,       1.271129554,      0.6830814183,       1.709345746
          0,         879,           0,      -4.332748449,      -1.457290414,      -1.632618333,       1.098672161,      0.8390550783,       1.976630293,      -4.160839263,      -1.324463262,       -1.38561258,       1.279847807,      0.6857247395,       1.711910038
          0,         880,           0,      -4.332024166,      -1.455497058,      -1.630402861,       1.099347767,      0.8400260062,       1.971742567,      -4.148719417,      -1.313672684,      -1.373653906,       1.288863869,      0.6885515961,       1.714613908
          0,         881,           0,      -4.331269238,      -1.453694004,       -1.62822401,       1.100049256,      0.8414995258,       1.963063006,      -4.136141521,      -1.302618183,      -1.361383025,       1.298219556,      0.6915677967,       1.717610383
          0,         882,           0,      -4.330477401,       -1.45185473,      -1.626072157,       1.100782505,      0.8424837839,       1.956041941,      -4.123077872,      -1.291295246,      -1.348789214,       1.307952925,      0.6947816068,       1.721253389
          0,         883,           0,      -4.329646489,      -1.449981305,      -1.623940911,       1.101553653,      0.8435182268,        1.95069467,      -4.109507946,      -1.279703583,      -1.335865915,       1.318097148,      0.6981828986,       1.724323014
          0,         884,           0,      -4.328769014,      -1.448060456,      -1.621833199,       1.102369865,      0.8445478722,       1.950808763,      -4.095426948,      -1.267839014,      -1.322596715,       1.328670762,      0.7017074175,       1.727526964
          0,         885,           0,      -4.327837241,      -1.446083974,      -1.619740468,       1.103240212,      0.8457117587,       1.952543824,        -4.0808425,       -1.25569298,      -1.308958481,       1.339679426,      0.7053960257,       1.730906874
          0,         886,           0,      -4.326841739,      -1.444039956,      -1.617660444,       1.104177754,      0.8467967635,       1.946719461,       -4.06578148,      -1.243254388,      -1.294936056,       1.351110026,      0.7093053244,       1.734474765
          0,         887,           0,       -4.32577752,      -1.441930559,      -1.615602249,       1.105189088,      0.8479030185,       1.944215699,      -4.050284656,      -1.230514507,      -1.280515021,       1.362933051,      0.7137806292,       1.738267189
          0,         888,           0,      -4.324633942,      -1.439751793,      -1.613552103,       1.106284189,      0.8495099568,       1.948735421,      -4.034939837,      -1.217983805,      -1.266213033,       1.374568462,      0.7182319419,       1.742403599
          0,         889,           0,      -4.323406152,       -1.43750381,      -1.611512988,        1.10747006,      0.8506544159,       1.958083501,      -4.031145398,      -1.216816911,      -1.263388409,        1.37454704,      0.7228059466,       1.747302465
          0,         890,           0,      -4.322200037,      -1.435255845,      -1.609484407,       1.108631785,      0.8518143516,       1.956980619,      -4.027534121,      -1.215549826,      -1.260458959,       1.374430426,       0.727659316,       1.751638215
          0,         891,           0,      -4.321019448,      -1.433002799,      -1.607467803,       1.109759034,      0.8529998982,       1.967956153,      -4.024155456,      -1.214197906,      -1.257426129,       1.374193215,      0.7322214816,       1.755522875
          0,         892,           0,      -4.319872462,      -1.430743915,      -1.605472481,       1.110843138,       0.854355588,       1.993078186,      -4.021037328,      -1.212750463,      -1.254282104,       1.373819258,      0.7368152495,       1.759677737
          0,         893,           0,      -4.318759189,        -1.4284773,      -1.603484197,       1.111880404,      0.8556400474,        2.00961804,      -4.018196181,      -1.211205679,      -1.251024967,       1.373313571,      0.7417701565,       1.764681967
          0,         894,           0,      -4.317683648,      -1.426233433,      -1.601511335,       1.112862603,      0.8568917323,       2.000960135,      -4.015629085,      -1.209569673,      -1.247657133,       1.372707355,      0.7463924991,       1.768325408
          0,         895,           0,      -4.316649771,      -1.424006012,      -1.599542417,       1.113782874,      0.8581677405,       1.995071583,      -4.013321151,      -1.207853297,      -1.244194259,       1.372050204,      0.7511375935,        1.77205872
          0,         896,           0,      -4.315659013,      -1.421801182,      -1.597572618,       1.114636958,      0.8606157155,       1.996430879,      -4.011241437,      -1.206064669,      -1.240639221,       1.371410173,      0.7559024126,       1.775988736
          0,         897,           0,      -4.314712709,      -1.419619138,      -1.595601459,       1.115420601,      0.8622091727,       1.998047722,      -4.009356485,      -1.204220771,        -1.2370035,       1.370861525,      0.7607341704,       1.780145117
          0,         898,           0,      -4.313807781,      -1.417469634,      -1.593629154,       1.116132365,      0.8634255717,       2.000101378,      -4.007640388,      -1.202342531,      -1.233309208,       1.370468235,      0.7655924964,        1.78381987
          0,         899,           0,      -4.312949677,      -1.415360526,      -1.591653848,       1.116764874,      0.8646475437,       2.015870852,      -4.006064936,      -1.200439485,      -1.229563109,       1.370291229,      0.7705078869,       1.787515232
          0,         900,           0,      -4.312138866,      -1.413290302,      -1.589672595,       1.117315238,      0.8659022629,       2.053934529,      -4.004606748,      -1.198514118,      -1.225769883,        1.37037846,       0.775479922,       1.791237786
          0,         901,           0,      -4.311374433,      -1.411255688,      -1.587681482,       1.117782431,      0.8677924764,       2.045960121,      -4.003257347,      -1.196584935,      -1.221941046,       1.370748976,      0.7806165536,       1.795066805
          0,         902,           0,      -4.310654677,      -1.409249755,       -1.58567478,       1.118168446,      0.8691835696,       2.034014793,      -4.002015397,      -1.194659011,       -1.21808971,       1.371400653,      0.7858321407,       1.799312037
          0,         903,           0,      -4.309979192,      -1.407277171,      -1.583652797,       1.118473381,      0.8703888537,       2.022034473,      -4.000883509,      -1.192748447,      -1.214236105,       1.372315408,      0.7909896697,       1.803971827
          0,         904,           0,      -4.309344075,      -1.405351581,      -1.581616986,       1.118700474,      0.8716198228,       2.016643902,      -3.999873584,       -1.19084898,      -1.210377565,       1.373456177,      0.7961268177,       1.807313338
          0,         905,           0,      -4.308742624,      -1.403481379,      -1.579575091,       1.118851659,      0.8736323264,       2.020197701,      -3.998996173,      -1.188966657,      -1.206530303,       1.374782244,      0.8014178476,        1.81065636
          0,         906,           0,      -4.308169504,      -1.401660804,      -1.577523973,       1.118933253,      0.8747933295,       2.041239924,      -3.998252857,      -1.187080892,      -1.202684875,       1.376248721,      0.8064992146,       1.814023395
          0,         907,           0,      -4.307620544,      -1.399883477,      -1.575452369,       1.118955211,      0.8760877768,       2.033504474,       -3.99763713,      -1.185193337,      -1.198850236,       1.377824603,      0.8116133566,       1.817388555
          0,         908,           0,      -4.307069093,      -1.398136659,      -1.573346099,       1.118947769,      0.8773681443,       2.027254479,      -3.997129512,      -1.183297629,      -1.195028969,       1.379493112,      0.8169438926,       1.820752201
          0,         909,           0,      -4.306530247,      -1.396420316,      -1.571215731,       1.118896467,      0.8788639186,       2.030012166,      -3.996695946,      -1.181384496,      -1.191213991,       1.381259783,      0.8220630471,       1.824099743
          0,         910,           0,      -4.305989855,      -1.394744948,      -1.569066016,       1.118812006,      0.8811534487,       2.030234025,      -3.996296687,      -1.179454046,      -1.187412005,       1.383136503,      0.8272297885,        1.82742809
          0,         911,           0,      -4.305454248,      -1.393119783,      -1.566895028,       1.118694916,      0.8824303341,       2.023742707,      -3.995876624,      -1.177509214,      -1.183639688,       1.385157934,      0.8325950163,       1.830741095
          0,         912,           0,      -4.304918461,      -1.391542374,       -1.56470573,       1.118552351,       0.883602867,       2.022580417,      -3.995356703,      -1.175548929,      -1.179891901,       1.387380918,      0.8377072701,       1.834023318
          0,         913,           0,      -4.304376437,      -1.390016047,      -1.562510177,       1.118394392,      0.8847769917,       2.032679327,      -3.994661669,       -1.17358128,      -1.176190136,       1.389860403,      0.8428852517,       1.837262632
          0,         914,           0,      -4.303830697,      -1.388552124,      -1.560306522,       1.118218537,      0.8863649114,       2.036503013,      -3.993713714,      -1.171610507,      -1.172525246,       1.392652965,      0.8479667143,       1.840475389
          0,         915,           0,      -4.303280394,      -1.387139148,      -1.558091149,       1.118029533,      0.8874560868,       2.044379507,      -3.992440084,       -1.16963566,      -1.168899798,       1.395807167,       0.853064101,        1.84366025
          0,         916,           0,      -4.302708542,      -1.385735872,      -1.555862239,       1.117856447,      0.8885342304,       2.039275079,       -3.99079123,      -1.167657029,        -1.1653135,       1.399346856,      0.8581829754,       1.846817806
          0,         917,           0,      -4.302092178,       -1.38434794,      -1.553598893,       1.117722926,      0.8896210845,       2.034557523,      -3.988732421,      -1.165674616,      -1.161767411,       1.403275111,      0.8633008144,       1.849956036
          0,         918,           0,      -4.301438354,      -1.382993499,      -1.551320249,       1.117619358,      0.8912982721,       2.033954178,      -3.986251466,      -1.163691894,      -1.158266981,       1.407571365,      0.8684175684,        1.85309702
          0,         919,           0,      -4.300743408,      -1.381665494,      -1.549018011,       1.117553337,      0.8923742352,       2.050546412,      -3.983355692,      -1.161713163,      -1.154807787,       1.412195429,      0.8735163341,        1.85633681
          0,         920,           0,      -4.299990681,      -1.380355808,      -1.546681904,       1.117545637,      0.8934372802,       2.081611904,      -3.980077082,      -1.159737497,      -1.151403742,       1.417084244,      0.8788466345,       1.860044645
          0,         921,           0,      -4.299168186,      -1.379060673,      -1.544325978,       1.117611341,      0.8944851527,       2.071751921,      -3.976465377,      -1.157751811,      -1.148035757,       1.422159086,      0.8838645351,       1.863804415
          0,         922,           0,       -4.29829522,      -1.377793242,      -1.541957149,       1.117740097,      0.8955406284,       2.064035574,      -4.022028673,      -1.204309387,      -1.194695731,        1.37750368,      0.8888252199,       1.866409215
          0,         923,           0,      -4.297962979,      -1.376782779,      -1.539569712,       1.117199116,      0.8965607132,       2.059756533,      -4.063604108,      -1.246201602,      -1.237168196,       1.336425621,      0.8927070793,       1.868243711
          0,         924,           0,      -4.298031515,      -1.376027269,      -1.537193581,       1.116137446,      0.8980684691,       2.060500045,      -4.101255874,      -1.283779073,      -1.275568937,       1.299031165,      0.8959683058,       1.869805655
          0,         925,           0,      -4.298369154,      -1.375472936,      -1.534815314,       1.114701156,      0.8989488447,       2.058920313,      -4.135113641,      -1.317228397,       -1.31006187,       1.265270001,      0.8985155376,       1.871024523
          0,         926,           0,      -4.298875126,      -1.375098625,      -1.532442421,       1.113010213,      0.8997819446,       2.052588553,      -4.165329532,      -1.346784058,      -1.340853555,        1.23504978,      0.9006049842,       1.872033371
          0,         927,           0,      -4.299473135,      -1.374929411,      -1.530123703,       1.111153277,      0.9013144313,       2.046690223,      -4.192095074,      -1.372708437,      -1.368182408,       1.208224526,      0.9023589082,       1.873133546
          0,         928,           0,      -4.300094509,      -1.374931141,      -1.527852121,       1.109218982,      0.9019041217,       2.042679053,      -4.215625576,       -1.39526758,      -1.392290696,       1.184610368,       0.903754244,       1.874523912
          0,         929,           0,      -4.300704411,      -1.375064537,      -1.525619813,       1.107266532,      0.9033705898,       2.045484467,      -4.236165489,      -1.414739594,      -1.413438082,       1.163984477,      0.9049177079,       1.874603177
          0,         930,           0,      -4.301270992,      -1.375312096,      -1.523420022,        1.10534207,      0.9039126626,       2.048902892,       -4.25397199,      -1.431408388,      -1.431881812,       1.146101681,      0.9059025671,       1.874612619
          0,         931,           0,      -4.301785959,      -1.375675325,      -1.521253271,       1.103463431,      0.9044354543,        2.04729554,      -4.269305809,      -1.445553692,      -1.447874475,       1.130708365,      0.9067722179,       1.874566923
          0,         932,           0,      -4.302238957,      -1.376162586,      -1.519134922,       1.101655096,      0.9049384029,       2.042309685,      -4.282424197,       -1.45744001,      -1.461655674,       1.117552429,      0.9075575852,       1.874499371
          0,         933,           0,      -4.302627353,      -1.376749269,      -1.517057435,       1.099935746,      0.9059376343,       2.037851221,      -4.293580587,      -1.467322746,      -1.473457395,       1.106380918,      0.9082835694,       1.874444174
          0,         934,           0,      -4.302949624,      -1.377423226,      -1.515020021,       1.098327939,      0.9063615439,       2.033913406,      -4.303010302,       -1.47544104,      -1.483495646,       1.096958718,      0.9089645738,       1.874574379
          0,         935,           0,      -4.303198171,      -1.378166786,      -1.513024598,       1.096853712,      0.9068076538,       2.032351986,        -4.3109307,      -1.482011879,      -1.491966823,       1.089068045,      0.9096213402,       1.875484371
          0,         936,           0,      -4.303087179,      -1.378690298,      -1.510777284,       1.095812349,      0.9071913055,       2.032633599,       -4.31753934,      -1.487229263,      -1.499058061,       1.082510615,      0.9102775175,       1.879618722
          0,         937,           0,      -4.302896905,      -1.379267524,       -1.50857197,       1.094933733,      0.9090659874,        2.04314333,      -4.323014728,      -1.491271031,      -1.504940453,       1.077106453,      0.9110098012,       1.883571733
          0,         938,           0,      -4.302625067,      -1.379890066,      -1.506398621,       1.094233114,      0.9092953038,        2.07459852,      -4.327516842,      -1.494300881,      -1.509781884,       1.072693958,      0.9117308392,       1.883038535
          0,         939,           0,      -4.302275275,      -1.380542136,      -1.504263089,       1.093717743,      0.9093797073,       2.072664051,      -4.331186497,      -1.496466919,      -1.513708842,       1.069129705,       0.912366015,       1.882757411
          0,         940,           0,      -4.301845509,      -1.381222141,      -1.502168371,       1.093397869,        0.90946798,        2.07017908,      -4.334144795,      -1.497889974,      -1.516840314,       1.066291763,      0.9130323061,       1.882624431
          0,         941,           0,      -4.301340092,      -1.381933519,      -1.500121536,       1.093274139,       0.909550995,       2.081450582,       -4.33649504,      -1.498677088,      -1.519276721,       1.064075552,      0.9137355813,       1.882756672
          0,         942,           0,       -4.30075859,      -1.382666087,      -1.498109277,        1.09335348,      0.9095948183,       2.095138346,      -4.338329805,      -1.498925957,      -1.521111083,        1.06238701,      0.9144675916,       1.882130195
          0,         943,           0,      -4.300114469,      -1.383445111,      -1.496146695,        1.09363098,      0.9095266889,       2.113505578,      -4.339733366,      -1.498721318,      -1.522433446,       1.061139322,      0.9153079164,       1.881556307
          0,         944,           0,      -4.299398157,      -1.384235753,      -1.494228522,       1.094113081,      0.9097516739,       2.108795483,      -4.340771174,      -1.498132305,      -1.523313305,        1.06026616,      0.9161499735,       1.881048365
          0,         945,           0,      -4.298611808,      -1.385029084,      -1.492352743,       1.094796869,      0.9096152045,       2.102428976,       -4.34150298,      -1.497219613,      -1.523814224,       1.059707442,      0.9170788672,       1.880603423
          0,         946,           0,      -4.297763375,      -1.385823746,      -1.490516535,        1.09567555,      0.9103245307,       2.097030217,      -4.341982813,      -1.496051353,      -1.523988294,       1.059408588,      0.9178320131,       1.880164972
          0,         947,           0,      -4.296856378,      -1.386613915,      -1.488730381,       1.096743212,      0.9102159404,       2.092638273,      -4.342254408,      -1.494653033,      -1.523879187,       1.059324559,      0.9186152302,       1.879776339
          0,         948,           0,      -4.295903322,      -1.387398697,      -1.486996962,       1.097982654,      0.9100779125,         2.0869986,      -4.341615229,      -1.492329184,      -1.522742818,       1.060164944,      0.9194628323,       1.879435239
          0,         949,           0,      -4.294913158,      -1.388175334,      -1.485309869,       1.099375119,      0.9099122576,       2.082896157,      -4.340588002,      -1.489599482,      -1.521121559,       1.061401849,       0.920420039,       1.879150943
          0,         950,           0,      -4.293890488,      -1.388922657,      -1.483665998,       1.100908819,       0.910424894,       2.083926527,      -4.339609046,      -1.486891661,      -1.519472583,       1.062596525,      0.9214140658,        1.87888836
          0,         951,           0,      -4.292845672,       -1.38966818,       -1.48207617,       1.102562525,      0.9102554049,       2.094003302,      -4.338677546,      -1.484210273,      -1.517802205,       1.063751547,      0.9224688352,       1.878748215
          0,         952,           0,       -4.29178431,      -1.390397071,      -1.480528436,       1.104321895,      0.9107275409,       2.096436461,      -4.337788608,      -1.481558658,       -1.51611579,       1.064873062,      0.9235544725,       1.878817105
          0,         953,           0,      -4.290718503,      -1.391104993,      -1.479020676,       1.106165241,      0.9104444749,       2.092748035,      -4.336938184,      -1.478931991,      -1.514405581,       1.065967239,      0.9246130586,       1.879376499
          0,         954,           0,      -4.289663863,      -1.391792833,      -1.477559887,       1.108067351,      0.9101998251,       2.087105146,      -4.336124244,      -1.476332728,      -1.512673358,       1.067038496,      0.9257267719,       1.879768169
          0,         955,           0,      -4.289235268,      -1.393064524,      -1.476759509,       1.109393188,      0.9099224511,       2.085748915,      -4.335355481,      -1.473779298,       -1.51092507,        1.06807819,      0.9268720482,       1.880759667
          0,         956,           0,      -4.288857007,      -1.394332099,      -1.476030171,       1.110722262,      0.9101416732,       2.093229185,      -4.334622145,      -1.471278655,      -1.509160472,       1.069097052,      0.9280354349,       1.882392416
          0,         957,           0,      -4.288531852,      -1.395587615,      -1.475375714,       1.112043484,      0.9097374295,       2.113720526,      -4.333921855,      -1.468820315,      -1.507380808,       1.070099902,      0.9292046753,       1.882021462
          0,         958,           0,      -4.288266571,      -1.396822579,      -1.474793018,       1.113340383,      0.9102383991,       2.106072005,      -4.333247384,      -1.466396282,      -1.505583864,       1.071096049,      0.9303846571,       1.882113837
          0,         959,           0,      -4.288067034,      -1.398033937,      -1.474274752,       1.114600034,      0.9096629086,       2.098643906,       -4.33259528,      -1.464017668,      -1.503777004,       1.072090095,      0.9315552234,       1.882483699
          0,         960,           0,      -4.287945064,      -1.399219953,      -1.473817597,       1.115803636,      0.9091396238,       2.097817093,      -4.331966238,      -1.461691431,      -1.501958182,       1.073081454,      0.9326684243,       1.882141739
          0,         961,           0,       -4.28790718,      -1.400380082,      -1.473425212,       1.116939343,      0.9085235976,       2.092310883,      -4.331352134,       -1.45940769,       -1.50012272,       1.074079408,      0.9338123451,       1.882010555
          0,         962,           0,      -4.287961091,      -1.401515685,      -1.473099466,       1.117995565,      0.9079111406,       2.086897509,      -4.330741648,       -1.45714215,      -1.498270249,       1.075096839,      0.9349810311,       1.882291115
          0,         963,           0,      -4.288108989,      -1.402620732,      -1.472839438,       1.118966932,      0.9075814358,       2.082699463,       -4.33013603,      -1.454917308,      -1.496405261,       1.076130353,      0.9361706888,       1.882891122
          0,         964,           0,      -4.288350815,      -1.403695122,      -1.472639003,       1.119848375,      0.9070248741,        2.07685345,      -4.329537771,      -1.452758577,       -1.49452822,       1.077177746,      0.9374349318,       1.882689725
          0,         965,           0,       -4.28869358,      -1.404741043,      -1.472500535,        1.12063093,      0.9081103048,        2.07521072,      -4.328941762,      -1.450651188,      -1.492642035,       1.078241298,      0.9386192794,         1.8825599
          0,         966,           0,      -4.289140951,      -1.405752355,        -1.4724243,       1.121307887,      0.9081188428,       2.086314764,      -4.328338604,      -1.448587261,      -1.490749407,       1.079326595,      0.9399220241,       1.882490723
          0,         967,           0,      -4.289690124,      -1.406723644,      -1.472404985,       1.121877951,      0.9077160168,       2.091770565,      -4.327724522,      -1.446579059,       -1.48884879,        1.08043476,      0.9413440504,       1.882473721
          0,         968,           0,      -4.290346626,      -1.407652599,      -1.472433901,       1.122333084,      0.9068807689,       2.102481781,      -4.327096795,      -1.444623922,      -1.486937744,        1.08156443,      0.9424721589,       1.882488036
          0,         969,           0,      -4.291115412,      -1.408539116,      -1.472510999,       1.122670395,      0.9060219845,       2.113746445,      -4.326450759,      -1.442712254,      -1.485016166,       1.082717465,      0.9436515748,        1.88252878
          0,         970,           0,      -4.291999823,      -1.409385127,      -1.472638297,       1.122883081,      0.9060535071,       2.110284197,      -4.325780387,       -1.44084528,       -1.48308812,       1.083898319,      0.9447481793,       1.882592655
          0,         971,           0,      -4.292996171,      -1.410181817,       -1.47280696,       1.122972741,      0.9051662599,        2.10993813,      -4.325081728,      -1.439031665,      -1.481154703,       1.085107807,       0.945954672,       1.882677121
          0,         972,           0,      -4.296410134,      -1.413270252,      -1.475378444,       1.120607128,      0.9043150208,       2.105563929,      -4.324365616,      -1.437296625,      -1.479220252,       1.086323738,      0.9470085267,       1.882752792
          0,         973,           0,      -4.299597554,      -1.415970406,      -1.477639283,       1.118456297,      0.9038301908,       2.102875603,      -4.323618205,      -1.435621119,      -1.477281738,       1.087557918,      0.9480077937,       1.882837902
          0,         974,           0,      -4.302606307,      -1.418343729,       -1.47964484,       1.116468553,      0.9028461788,       2.098493549,      -4.322829505,      -1.433998707,      -1.475339315,       1.088819307,      0.9492251181,       1.882954029
          0,         975,           0,       -4.30548362,      -1.420428968,      -1.481452326,       1.114596392,      0.9018749853,       2.102344148,      -4.322000788,      -1.432422459,      -1.473416121,       1.090101439,      0.9502418048,       1.883075719
          0,         976,           0,      -4.307707742,      -1.421691219,      -1.482515625,       1.113364339,      0.9009199563,       2.094426552,      -4.321125002,      -1.430888958,      -1.471519036,        1.09141185,      0.9512593085,       1.883205992
          0,         977,           0,       -4.30940969,      -1.422255645,      -1.482956949,       1.112641606,       0.899974285,       2.087468216,      -4.320189947,      -1.429399336,      -1.469620972,       1.092763765,      0.9523749447,       1.883377442
          0,         978,           0,       -4.31123412,      -1.422777603,      -1.483427786,       1.111777249,      0.8994374302,       2.082541932,       -4.31919163,      -1.427951274,      -1.467719301,       1.094155497,      0.9534504462,       1.883675025
          0,         979,           0,      -4.313175186,      -1.423263976,      -1.483928507,       1.110774277,      0.8990521138,       2.085226464,      -4.318124641,      -1.426546804,      -1.465816452,       1.095593599,      0.9545251842,       1.883865167
          0,         980,           0,      -4.315219509,      -1.423704517,      -1.484452581,       1.109644653,      0.8982747858,       2.080969417,       -4.31698145,      -1.425179455,      -1.463912945,       1.097086551,      0.9555888163,       1.884360567
          0,         981,           0,      -4.317367059,      -1.424100019,      -1.484995301,        1.10838686,      0.8973540409,       2.075112162,      -4.315761138,      -1.423860574,      -1.462012377,       1.098633651,      0.9566757966,       1.886022591
          0,         982,           0,      -4.319616509,      -1.424458872,      -1.485553453,       1.106998683,      0.8964651673,       2.073164588,      -4.314464665,      -1.422585269,      -1.460114849,       1.100231427,      0.9577685012,        1.88596026
          0,         983,           0,      -4.321962531,      -1.424783786,      -1.486128737,       1.105485273,      0.8955612638,       2.077758013,      -4.313093558,      -1.421339908,        -1.4582185,       1.101877543,      0.9589408551,       1.885828408
          0,         984,           0,      -4.324400581,      -1.425081068,       -1.48672687,        1.10384966,      0.8946992018,       2.080301013,      -4.311649319,      -1.420132104,       -1.45632577,       1.103569066,      0.9600196813,       1.885772372
          0,         985,           0,      -4.326923242,      -1.425349989,      -1.487338151,       1.102095598,      0.8938577216,       2.098725248,       -4.31013743,      -1.418980925,      -1.454442007,       1.105298277,      0.9611990013,       1.885794231
          0,         986,           0,      -4.329511976,      -1.425574246,      -1.487955233,       1.100244818,      0.8935201341,        2.14270396,      -4.308557336,      -1.417858605,      -1.452560835,       1.107069173,      0.9622626413,        1.88591214
          0,         987,           0,      -4.332154343,      -1.425767005,      -1.488583699,       1.098306934,      0.8927172045,       2.145861334,      -4.306913423,      -1.416758086,      -1.450687472,       1.108876912,      0.9633481925,       1.885959727
          0,         988,           0,      -4.334849303,      -1.425938813,       -1.48922229,       1.096276354,      0.8920132703,       2.144079861,      -4.305212088,      -1.415685174,      -1.448824168,       1.110714942,      0.9644377995,       1.886020625
          0,         989,           0,      -4.337587891,      -1.426103256,      -1.489886898,       1.094155954,      0.8913980431,       2.137236539,      -4.303460026,      -1.414642649,       -1.44697554,       1.112576234,      0.9654993436,       1.886102043
          0,         990,           0,      -4.340387668,      -1.426240946,      -1.490544501,       1.091923365,      0.8906275577,       2.138221997,      -4.301668397,      -1.413642939,      -1.445147379,       1.114449911,      0.9664592975,       1.886189828
          0,         991,           0,      -4.343283356,      -1.426333606,      -1.491170805,        1.08953717,      0.8898701291,       2.139850085,      -4.299842991,      -1.412673136,        -1.4433308,       1.116330416,      0.9675195643,       1.886312812
          0,         992,           0,      -4.346176981,       -1.42640598,      -1.491781412,        1.08710617,      0.8897113805,       2.134714134,      -4.297987935,      -1.411718762,      -1.441530354,       1.118215003,      0.9685010119,       1.886480367
          0,         993,           0,      -4.349066081,       -1.42646553,      -1.492380382,       1.084628856,      0.8889642858,       2.126107952,      -4.296113731,      -1.410782396,        -1.4397533,       1.120095665,      0.9694306954,       1.886679894
          0,         994,           0,       -4.35194581,      -1.426504471,      -1.492958757,       1.082109711,      0.8882856379,       2.117720033,      -4.294214153,      -1.409855103,      -1.437990138,       1.121977357,      0.9703732526,       1.886914813
          0,         995,           0,      -4.354822211,      -1.426536839,      -1.493528879,       1.079542448,      0.8876505625,       2.115331945,      -4.292293298,      -1.408937028,       -1.43623831,       1.123857281,       0.971337115,       1.887183928
          0,         996,           0,      -4.357702364,      -1.426573259,      -1.494108242,       1.076920619,       0.886949883,        2.12113832,      -4.290354914,      -1.408027038,       -1.43450993,       1.125729245,      0.9723202088,       1.887474443
          0,         997,           0,      -4.360556097,      -1.426612785,      -1.494682765,       1.074270353,       0.887414916,       2.119331995,      -4.288398359,      -1.407101157,      -1.432789798,       1.127595604,      0.9733158422,       1.887793285
          0,         998,           0,       -4.36338673,      -1.426649568,      -1.495248685,       1.071586908,      0.8866427835,       2.115070327,      -4.286438464,      -1.406187238,      -1.431089464,       1.129442954,      0.9743080094,       1.888164433
          0,         999,           0,      -4.366179844,      -1.426683849,      -1.495802545,        1.06888467,       0.886586171,       2.113398938,       -4.28447694,      -1.405279398,       -1.42940387,       1.131270397,      0.9753195676,       1.888715918
          0,        1000,           0,      -4.368931932,      -1.426722832,      -1.496345092,       1.066168399,      0.8859466677,       2.104428014,      -4.282515391,      -1.404397105,      -1.427729845,       1.133076328,       0.976267207,       1.889583215
          0,        1001,           0,      -4.371639133,      -1.426761477,      -1.496880723,       1.063444014,      0.8853670061,       2.095570952,      -4.280558223,      -1.403524569,      -1.426068912,        1.13485694,      0.9771133252,       1.889788696
          0,        1002,           0,      -4.374290479,       -1.42681696,      -1.497408532,       1.060721897,      0.8861727725,        2.09500444,      -4.278609707,       -1.40265248,      -1.424421129,       1.136608747,      0.9779756404,       1.890031809
          0,        1003,           0,      -4.376886701,      -1.426875255,      -1.497913366,       1.058000274,      0.8855460005,       2.093775218,      -4.276674234,      -1.401789913,      -1.422790017,       1.138328583,      0.9789109269,       1.890285217
          0,        1004,           0,      -4.379440225,      -1.426940166,       -1.49839544,       1.055272427,      0.8852154607,       2.094639381,      -4.274756624,      -1.400932243,      -1.421178907,       1.140012998,      0.9798153005,       1.890559161
          0,        1005,           0,      -4.381916428,      -1.427005318,      -1.498857554,       1.052561502,      0.8847119656,       2.098323351,      -4.272855731,      -1.400076974,      -1.419576379,       1.141666362,      0.9807536479,        1.89086781
          0,        1006,           0,      -4.384323722,      -1.427090158,      -1.499328133,       1.049870203,      0.8843061893,       2.089023383,      -4.270971998,      -1.399216282,      -1.417982864,       1.143286945,      0.9816941122,       1.891176688
          0,        1007,           0,      -4.386658569,      -1.427181768,      -1.499779564,       1.047208586,      0.8843353788,       2.087139422,      -4.269107352,      -1.398353573,      -1.416402646,       1.144872697,      0.9826513425,       1.891481475
          0,        1008,           0,      -4.388914008,      -1.427286932,      -1.500220492,       1.044590875,      0.8840740987,        2.08077605,      -4.267265359,      -1.397485269,      -1.414836037,       1.146420734,      0.9836151102,       1.891787278
          0,        1009,           0,      -4.391095521,      -1.427410264,      -1.500665634,       1.042013093,      0.8853316652,       2.079740462,       -4.26544645,      -1.396633167,      -1.413283256,       1.147929597,      0.9845498509,       1.892134475
          0,        1010,           0,       -4.39320321,      -1.427569087,      -1.501121266,       1.039480994,      0.8850583891,       2.077709507,      -4.263654528,      -1.395775744,      -1.411745499,       1.149396099,      0.9854720772,       1.892405571
          0,        1011,           0,      -4.395257402,      -1.427751859,      -1.501630819,       1.036985191,      0.8848951323,       2.071138845,      -4.261884984,      -1.394915041,      -1.410224532,       1.150824855,       0.986501604,         1.8928009
          0,        1012,           0,       -4.39720827,      -1.427947567,      -1.502150605,       1.034579976,      0.8847926303,        2.06595435,      -4.260134148,      -1.394075635,      -1.408722967,       1.152220833,      0.9873732767,       1.893411849
          0,        1013,           0,      -4.398807001,      -1.427913713,      -1.502459512,       1.032518956,      0.8847601236,       2.073262817,       -4.25841017,      -1.393245174,      -1.407229004,       1.153575357,      0.9881037242,        1.89368109
          0,        1014,           0,      -4.400338643,      -1.427894995,      -1.502792731,       1.030516293,      0.8847402883,        2.07561538,      -4.256716835,      -1.392395392,      -1.405751299,       1.154886631,      0.9888837588,       1.894117958
          0,        1015,           0,      -4.401801717,      -1.427878298,      -1.503140277,       1.028584264,      0.8848355706,       2.083118423,      -4.255050754,      -1.391525063,      -1.404286419,       1.156157545,      0.9897756179,       1.895402765
          0,        1016,           0,      -4.403192235,      -1.427884679,      -1.503462858,       1.026732683,      0.8849877056,       2.089067095,      -4.253416453,      -1.390639133,      -1.402824476,       1.157384225,      0.9905949313,       1.900192608
          0,        1017,           0,      -4.404486088,      -1.427908956,      -1.503788525,       1.024985209,      0.8859692241,       2.081103596,      -4.251812721,      -1.389732606,      -1.401365531,       1.158568249,      0.9915042687,       1.900047501
          0,        1018,           0,      -4.405686248,      -1.427974622,      -1.504116315,       1.023344793,      0.8860973163,       2.093328276,      -4.250243083,      -1.388811609,      -1.399918524,       1.159707252,      0.9924493418,       1.900013198
          0,        1019,           0,      -4.406801615,      -1.428055157,      -1.504403361,       1.021808826,      0.8862819463,        2.10558642,      -4.248707871,      -1.387874764,      -1.398483629,       1.160802045,      0.9933613051,        1.90005386
          0,        1020,           0,      -4.407838517,      -1.428131458,      -1.504647438,       1.020373356,      0.8868612617,       2.113688295,      -4.247207866,      -1.386917319,      -1.397055914,       1.161852858,      0.9943139654,        1.90016518
          0,        1021,           0,      -4.408801023,      -1.428228307,      -1.504869823,       1.019038235,      0.8872577127,       2.117284567,      -4.245745395,      -1.385945507,       -1.39563771,       1.162859909,       0.995309726,       1.900322659
          0,        1022,           0,       -4.40969653,      -1.428319662,      -1.505080102,       1.017800244,      0.8877316242,       2.124292595,      -4.244318008,      -1.384951043,      -1.394222636,       1.163826372,      0.9963334085,        1.90052312
          0,        1023,           0,      -4.410505214,      -1.428407535,      -1.505259601,       1.016685923,      0.8881027347,       2.149250323,      -4.242930995,      -1.383938257,      -1.392808867,       1.164748852,      0.9973872682,       1.900765174
          0,        1024,           0,      -4.411241444,      -1.428486312,       -1.50541728,       1.015675377,      0.8885718694,       2.163855654,      -4.241608294,      -1.382934708,      -1.391426113,       1.165610574,      0.9984402993,       1.900986227
          0,        1025,           0,      -4.411909638,      -1.428557037,       -1.50553123,       1.014767915,      0.8890417821,       2.171157319,      -4.240335149,      -1.381928999,      -1.390065528,       1.166423188,      0.9995089607,       1.901221988
          0,        1026,           0,      -4.412516739,      -1.428618137,      -1.505596005,       1.013956291,      0.8895686164,       2.161505071,      -4.239102776,      -1.380901333,      -1.388702947,       1.167191592,       1.000492922,       1.901506311
          0,        1027,           0,      -4.413062418,       -1.42866682,      -1.505602432,       1.013241683,      0.8901682203,       2.157024268,      -4.237912988,      -1.379850308,      -1.387332397,       1.167914089,       1.001497291,        1.90182646
          0,        1028,           0,      -4.413540819,      -1.428731106,       -1.50557407,       1.012630394,      0.8908017257,       2.150155119,      -4.236766479,      -1.378762942,      -1.385945384,       1.168591447,       1.002504332,       1.902186237
          0,        1029,           0,      -4.413960317,      -1.428813078,      -1.505501197,       1.012115396,      0.8917608931,       2.138345727,      -4.235664379,       -1.37764902,      -1.384542873,       1.169222953,       1.003470774,       1.902566208
          0,        1030,           0,      -4.414318425,       -1.42889832,      -1.505401067,       1.011696685,      0.8924552249,       2.132831608,       -4.23461039,      -1.376510604,      -1.383130164,       1.169804353,       1.004505671,       1.902966329
          0,        1031,           0,      -4.414634382,      -1.428984158,      -1.505257428,       1.011354367,      0.8931582336,       2.135630996,      -4.233591911,      -1.375349442,      -1.381704183,        1.17034527,       1.005528691,       1.903389497
          0,        1032,           0,      -4.414898129,      -1.429055699,      -1.505079809,       1.011093863,      0.8939052211,        2.13672856,      -4.232632995,      -1.374162457,      -1.380281787,       1.170827469,       1.006570549,       1.903818943
          0,        1033,           0,      -4.415088144,      -1.429111442,      -1.504866412,       1.010933692,      0.8945715518,        2.13179117,      -4.231732477,      -1.372950717,      -1.378856482,       1.171250951,       1.007592681,       1.904287086
          0,        1034,           0,      -4.415210115,      -1.429147112,      -1.504605859,       1.010867353,      0.8948379013,       2.120600412,       -4.23089149,      -1.371720946,      -1.377422885,       1.171615216,       1.008581963,       1.904800231
          0,        1035,           0,      -4.415255806,      -1.429158803,      -1.504319118,       1.010901867,      0.8954716415,       2.119414054,       -4.23011074,      -1.370470478,      -1.375983484,       1.171920309,       1.009595553,       1.905451884
          0,        1036,           0,      -4.415221371,      -1.429152493,      -1.503997514,        1.01104183,        0.89579565,       2.117267521,      -4.229391036,      -1.369199127,      -1.374538804,       1.172165241,       1.010697816,       1.906598558
          0,        1037,           0,      -4.415111691,      -1.429129385,         -1.503655,       1.011280876,      0.8967753023,       2.120175528,      -4.228740411,       -1.36791111,      -1.373084914,       1.172343149,       1.011722192,       1.907669144
          0,        1038,           0,      -4.414932382,      -1.429079071,      -1.503267775,        1.01160856,      0.8974555621,       2.112212976,      -4.228160152,      -1.366604704,      -1.371625184,       1.172453606,       1.012759254,       1.908051448
          0,        1039,           0,      -4.414692661,      -1.429014031,      -1.502849352,       1.012008088,      0.8982288967,       2.100350691,      -4.227636694,       -1.36526764,      -1.370144527,       1.172506044,       1.013837803,       1.908583649
          0,        1040,           0,      -4.414374965,      -1.428924424,      -1.502404451,        1.01249114,      0.8994624888,       2.092481838,      -4.227171777,      -1.363905853,      -1.368660478,       1.172501186,       1.014903269,       1.909620584
          0,        1041,           0,      -4.413976597,      -1.428810009,      -1.501916586,       1.013059043,      0.9005415869,       2.078166001,      -4.226785236,       -1.36252892,      -1.367205789,       1.172418944,       1.015978002,       1.910439387
          0,        1042,           0,      -4.413502008,      -1.428667057,      -1.501372957,       1.013705043,      0.9017242361,       2.065421569,      -4.226466095,      -1.361135319,      -1.365743584,       1.172273494,       1.017076453,       1.910820862
          0,        1043,           0,      -4.412948631,      -1.428495625,      -1.500794902,       1.014428618,      0.9030134254,       2.058858923,      -4.226214391,      -1.359722687,       -1.36426888,       1.172065986,       1.018212265,       1.911297148
          0,        1044,           0,      -4.412317941,      -1.428304484,      -1.500193807,       1.015225931,        0.90466708,       2.068584876,      -4.226030478,      -1.358311569,      -1.362784071,       1.171799731,       1.019192811,        1.91171638
          0,        1045,           0,      -4.411613307,      -1.428086678,      -1.499560793,       1.016091542,      0.9061791301,       2.065459581,        -4.2259112,      -1.356886016,      -1.361282397,       1.171477339,       1.020308471,       1.912448807
          0,        1046,           0,      -4.410841721,      -1.427837578,      -1.498894009,       1.017017017,      0.9077435074,       2.055219643,      -4.225854448,      -1.355432129,      -1.359769783,       1.171099895,       1.021338883,       1.913979279
          0,        1047,           0,      -4.410012964,      -1.427552747,      -1.498162613,        1.01798567,      0.9093909188,       2.055094642,      -4.225856118,      -1.353948973,      -1.358238468,       1.170674406,       1.022410283,       1.918334178
          0,        1048,           0,      -4.409107478,      -1.427242372,      -1.497392481,       1.019015933,      0.9117502251,       2.055792516,      -4.225909106,      -1.352442662,      -1.356689147,       1.170208374,       1.023506541,       1.933700831
          0,        1049,           0,      -4.408125849,      -1.426907464,      -1.496626067,       1.020109642,      0.9134441888,       2.060589022,      -4.226015333,      -1.350919321,       -1.35511932,        1.16970248,       1.024642847,       1.940404922
          0,        1050,           0,      -4.407080245,      -1.426550023,      -1.495845969,       1.021255141,      0.9152478361,        2.07974582,      -4.226170058,      -1.349380189,       -1.35355044,       1.169163577,       1.025791142,       1.938334106
          0,        1051,           0,      -4.405970937,      -1.426156528,      -1.495027579,       1.022447932,      0.9170571932,       2.080584476,      -4.226367886,      -1.347821179,      -1.351965201,       1.168597355,       1.026949557,       1.936626876
          0,        1052,           0,      -4.404818192,      -1.425719349,      -1.494172887,       1.023667864,      0.9189167212,       2.085681099,      -4.226609449,      -1.346259207,      -1.350367402,       1.168005119,       1.028200637,       1.935265218
          0,        1053,           0,       -4.40366475,      -1.425227073,      -1.493264224,       1.024885731,      0.9208173525,       2.110860057,      -4.226888621,      -1.344680438,       -1.34875353,       1.167393112,       1.029245498,       1.934737782
          0,        1054,           0,      -4.402438112,      -1.424688725,      -1.492312967,       1.026164678,      0.9228367084,       2.142193076,       -4.22719983,       -1.34307825,      -1.347122801,       1.166768913,       1.030332065,       1.935066583
          0,        1055,           0,      -4.401142584,      -1.424099744,      -1.491333572,       1.027498514,      0.9249173815,       2.160247864,      -4.227519718,      -1.341455211,      -1.345479078,       1.166152846,       1.031465931,       1.933947094
          0,        1056,           0,        -4.3997869,      -1.423457708,      -1.490316452,       1.028878288,      0.9271238715,       2.138585903,      -4.227862206,       -1.33981663,      -1.343828686,       1.165538437,       1.032545495,       1.933042482
          0,        1057,           0,      -4.398381286,      -1.422772759,      -1.489273175,       1.030299643,      0.9293329245,       2.123535423,      -4.228223297,      -1.338173569,      -1.342174332,       1.164933151,       1.033608523,        1.93233161
          0,        1058,           0,      -4.396927994,      -1.422048935,      -1.488185573,        1.03175908,      0.9314695335,       2.109504555,      -4.228600264,       -1.33653758,      -1.340516703,       1.164343644,       1.034632141,        1.93188864
          0,        1059,           0,       -4.39542673,      -1.421279728,       -1.48705485,       1.033259629,        0.93355925,       2.101509435,      -4.228987585,      -1.334881689,      -1.338846128,       1.163777815,       1.035721799,       1.931166184
          0,        1060,           0,      -4.393876029,      -1.420462516,      -1.485883767,        1.03480625,      0.9357214353,        2.10323582,      -4.229383174,        -1.3332062,      -1.337165073,       1.163239673,       1.036814669,       1.930775747
          0,        1061,           0,      -4.392278152,      -1.419595905,      -1.484652486,       1.036399875,      0.9379252066,       2.101259944,      -4.229783282,        -1.3315193,      -1.335476384,       1.162735084,       1.037864024,       1.930580664
          0,        1062,           0,       -4.39063812,      -1.418677654,      -1.483372073,       1.038036154,      0.9399960133,        2.09782456,      -4.230179919,      -1.329815823,      -1.333782111,       1.162275201,       1.038921046,       1.930790195
          0,        1063,           0,      -4.388969047,      -1.417711928,      -1.482070036,       1.039703754,      0.9420516235,       2.099580734,      -4.230573105,      -1.328102323,      -1.332074326,       1.161864213,       1.040031143,       1.932071854
          0,        1064,           0,      -4.387282906,      -1.416712238,      -1.480856996,       1.041389312,      0.9441123935,       2.113836999,       -4.23095852,      -1.326380901,      -1.330352389,       1.161509133,       1.041132691,       1.934600904
          0,        1065,           0,      -4.385560258,      -1.415662996,      -1.479610159,       1.043115508,      0.9462167553,       2.115100874,      -4.231331702,      -1.324652443,      -1.328632433,       1.161215399,       1.042178161,       1.939994657
          0,        1066,           0,      -4.383788721,      -1.414563993,      -1.478300733,       1.044898083,      0.9483250443,       2.111386034,      -4.231686384,       -1.32290538,       -1.32690674,       1.160991937,       1.043319494,       1.939126023
          0,        1067,           0,      -4.384168558,      -1.415811171,      -1.479368761,       1.044485208,      0.9503984762,       2.129047426,      -4.232019569,      -1.321154759,      -1.325177167,       1.160841741,       1.044373713,       1.938392501
          0,        1068,           0,      -4.384599246,      -1.417086482,      -1.480445724,       1.044027722,      0.9526189717,       2.126206996,      -4.232326591,      -1.319412629,      -1.323448451,       1.160769476,       1.045389339,       1.938343977
          0,        1069,           0,      -4.385087578,      -1.418364069,      -1.481543058,       1.043511912,       0.954626566,       2.121540073,      -4.232602694,      -1.317684908,      -1.321729406,       1.160779526,       1.046349381,       1.937881884
          0,        1070,           0,      -4.385640573,      -1.419656669,      -1.482661579,        1.04293511,      0.9566355365,       2.139627054,      -4.232848061,      -1.315996214,      -1.320018118,       1.160870342,       1.047119031,       1.937550688
          0,        1071,           0,      -4.386295413,      -1.420967906,      -1.483786167,       1.042258218,      0.9586156571,       2.125291168,      -4.233062528,      -1.314321535,      -1.318326259,       1.161039427,       1.047782375,          1.937393
          0,        1072,           0,      -4.387009251,      -1.422306497,      -1.484954336,       1.041522057,      0.9605530759,       2.112131827,      -4.233240966,      -1.312634854,      -1.316643791,       1.161292547,       1.048605612,       1.937417712
          0,        1073,           0,      -4.387760089,      -1.423678289,      -1.486149793,        1.04075087,      0.9624522049,       2.105953272,      -4.233379204,      -1.310930254,      -1.314963105,       1.161635121,       1.049405001,       1.937435705
          0,        1074,           0,      -4.388555429,      -1.425084826,      -1.487385458,       1.039935937,      0.9643022662,       2.126385922,       -4.23347066,      -1.309220335,      -1.313284682,       1.162068557,       1.050187431,       1.937603269
          0,        1075,           0,      -4.389389511,      -1.426523117,      -1.488636709,       1.039079939,      0.9663132735,       2.143401152,      -4.233513097,       -1.30749733,      -1.311607968,       1.162593885,       1.051048287,       1.938255926
          0,        1076,           0,      -4.390256442,      -1.428008628,      -1.489909138,       1.038193142,      0.9682471356,       2.138343889,       -4.23350572,      -1.305763801,      -1.309926146,       1.163210128,       1.051886505,       1.939998916
          0,        1077,           0,      -4.391163958,      -1.429537126,      -1.491210059,        1.03726862,      0.9698860037,       2.132558056,      -4.233445534,      -1.304019556,      -1.308245464,       1.163916112,       1.052732407,       1.945659734
          0,        1078,           0,      -4.392099342,      -1.431095545,      -1.492516813,       1.036321567,      0.9715174739,        2.13043657,      -4.233325529,      -1.302265174,      -1.306561664,       1.164713727,       1.053618423,       1.948265293
          0,        1079,           0,      -4.393056156,       -1.43267328,       -1.49383282,       1.035354738,       0.973185002,       2.128641172,      -4.233134659,      -1.300505689,      -1.304880203,       1.165608053,       1.054536947,       1.951018885
          0,        1080,           0,      -4.394062155,      -1.434286033,      -1.495156997,        1.03434733,      0.9745913302,       2.117104013,      -4.232891715,      -1.298746653,      -1.303203764,       1.166582646,        1.05546222,       1.951186248
          0,        1081,           0,      -4.395121075,      -1.435935598,      -1.496483516,        1.03329889,      0.9757076415,       2.107226284,      -4.232601036,      -1.296980509,        -1.3015322,        1.16762841,       1.056407557,       1.953252696
          0,        1082,           0,      -4.396220777,       -1.43766779,      -1.497829087,       1.032209123,      0.9763992796,       2.096364199,      -4.232269481,      -1.295226082,      -1.299868571,       1.168740494,       1.057376644,       1.960239091
          0,        1083,           0,      -4.397357491,      -1.439415454,      -1.499179693,       1.031084488,      0.9771313301,       2.090068499,      -4.231892166,      -1.293472088,      -1.298207404,       1.169920044,       1.058411435,       1.968147137
          0,        1084,           0,      -4.398540202,      -1.441189929,      -1.500519694,       1.029916512,      0.9779058386,       2.082859767,      -4.231466715,      -1.291720359,      -1.296549453,       1.171166087,       1.059468867,       1.966898833
          0,        1085,           0,      -4.399755842,      -1.442970048,      -1.501853252,       1.028715843,      0.9786711579,       2.086917789,      -4.231003144,       -1.28997566,      -1.294894224,       1.172464921,        1.06041887,       1.966695969
          0,        1086,           0,      -4.400997705,      -1.444739923,      -1.503192124,       1.027491968,      0.9798203642,       2.092854885,       -4.23050871,      -1.288251623,      -1.293249885,        1.17380508,       1.061206253,        1.96710057
          0,        1087,           0,       -4.40226542,      -1.446507655,       -1.50453634,       1.026243939,      0.9805633863,       2.100314476,      -4.229978232,       -1.28652567,      -1.291613295,       1.175188356,       1.062052392,       1.966817566
          0,        1088,           0,      -4.403554998,      -1.448280969,      -1.505876971,       1.024974493,       0.981262589,       2.124085401,       -4.22941635,      -1.284801905,      -1.289987326,       1.176607509,       1.062984963,       1.966180656
          0,        1089,           0,       -4.40485961,      -1.450081247,      -1.507196367,       1.023684752,      0.9819684298,       2.121647018,      -4.228827747,      -1.283082952,      -1.288381216,       1.178058331,       1.063914716,        1.96481799
          0,        1090,           0,      -4.406170007,      -1.451903171,      -1.508506588,       1.022386609,      0.9825629457,       2.129818792,      -4.228215736,      -1.281368538,       -1.28678577,       1.179530909,       1.064852868,       1.964335957
          0,        1091,           0,      -4.407521889,      -1.453771946,      -1.509812109,       1.021056595,      0.9830779643,       2.138650937,       -4.22758156,      -1.279667819,       -1.28519952,         1.1810182,       1.065859654,        1.96387708
          0,        1092,           0,      -4.408897214,      -1.455656016,      -1.511103974,       1.019705997,      0.9832251927,       2.147686269,      -4.226927196,      -1.277971329,      -1.283616641,       1.182516139,       1.066816309,       1.963487318
          0,        1093,           0,      -4.410264271,      -1.457536191,      -1.512380593,       1.018359716,      0.9833766589,       2.165484441,      -4.226256479,       -1.27628388,      -1.282044622,       1.184021458,       1.067881181,       1.963147348
          0,        1094,           0,      -4.411614919,      -1.459414622,      -1.513644317,       1.017025504,      0.9835845563,       2.147325131,      -4.225561118,      -1.274598891,      -1.280472707,       1.185537683,       1.068894454,        1.96284797
          0,        1095,           0,      -4.412950942,      -1.461322732,      -1.514902816,       1.015704635,      0.9837185426,       2.137416755,      -4.224851689,      -1.272932486,        -1.2789137,       1.187050697,       1.070056441,       1.962609286
          0,        1096,           0,      -4.414260473,      -1.463239929,      -1.516143163,       1.014406015,       0.983887798,       2.146021363,      -4.224132648,      -1.271278687,      -1.277370428,       1.188555053,       1.071128431,       1.962477674
          0,        1097,           0,      -4.415533994,      -1.465156665,      -1.517364749,       1.013136813,      0.9840291161,       2.143524564,      -4.223406252,       -1.26965509,      -1.275837963,       1.190048875,        1.07221789,       1.962717787
          0,        1098,           0,      -4.416763862,        -1.4670777,      -1.518568622,       1.011904188,      0.9841900142,       2.148759274,      -4.222668424,      -1.268041991,       -1.27430696,       1.191532443,       1.073328827,        1.96435205
          0,        1099,           0,      -4.417957422,      -1.469008408,      -1.519764286,       1.010700246,      0.9842971094,        2.17246286,      -4.221916675,      -1.266440771,      -1.272769867,         1.1930043,       1.074472211,       1.967205739
          0,        1100,           0,      -4.419094063,      -1.470929232,      -1.520930482,       1.009549217,      0.9844113995,       2.161524502,      -4.221157969,      -1.264866986,      -1.271245377,       1.194449664,        1.07549203,       1.966349329
          0,        1101,           0,      -4.420167085,      -1.472837097,      -1.522075208,       1.008457708,       0.984510107,       2.146807319,      -4.220404754,      -1.263320157,      -1.269736305,       1.195857308,       1.076529797,       1.965660558
          0,        1102,           0,      -4.421193067,      -1.474829379,      -1.523245331,       1.007427924,      0.9845979755,       2.132129768,      -4.219648872,       -1.26178451,      -1.268228654,        1.19724005,       1.077512675,       1.965327219
          0,        1103,           0,      -4.422156904,       -1.47682223,      -1.524393797,       1.006461469,      0.9845446504,       2.125539573,      -4.218892959,      -1.260268254,       -1.26671989,       1.198594633,       1.078543377,       1.965357822
          0,        1104,           0,      -4.423056095,      -1.478805592,      -1.525511537,       1.005563125,      0.9845526802,       2.115910878,      -4.218136734,      -1.258772861,      -1.265211514,       1.199919825,       1.079546001,       1.964768726
          0,        1105,           0,      -4.421717272,      -1.478453885,      -1.524056325,       1.006966798,      0.9846202645,       2.108427995,      -4.217374129,      -1.257281893,      -1.263703671,       1.201226104,       1.080621666,       1.964478204
          0,        1106,           0,      -4.420206848,      -1.478028959,      -1.522486439,       1.008553293,      0.9846716858,       2.109251271,      -4.216603578,      -1.255802122,      -1.262200483,       1.202513771,       1.081811721,       1.964844374
          0,        1107,           0,       -4.41851639,      -1.477529005,      -1.520798311,         1.0103281,      0.9847813392,       2.106144992,       -4.21582455,      -1.254332052,       -1.26069957,       1.203788164,       1.082823328,       1.965475335
          0,        1108,           0,      -4.416641554,      -1.476952615,      -1.518997026,       1.012295584,      0.9849600143,       2.099737969,      -4.215035676,      -1.252866228,      -1.259202715,       1.205048153,       1.083866116,       1.965223917
          0,        1109,           0,      -4.414578074,      -1.476297361,      -1.517091813,       1.014456799,      0.9853965342,       2.095655392,      -4.214238288,      -1.251408226,      -1.257702413,       1.206293321,       1.084894913,       1.965640138
          0,        1110,           0,      -4.412328434,       -1.47560118,      -1.515088938,       1.016812597,      0.9857878872,       2.085823363,       -4.21342922,      -1.249962001,      -1.256196376,       1.207523261,       1.085932484,       1.968030639
          0,        1111,           0,      -4.409902466,      -1.474898425,      -1.512974633,       1.019354625,      0.9861052533,       2.075896881,      -4.212605216,      -1.248526179,      -1.254696613,        1.20873851,       1.087056339,       1.975130666
          0,        1112,           0,      -4.407289549,      -1.474147599,      -1.510736754,       1.022077638,      0.9864338825,       2.062267244,      -4.211766288,      -1.247087771,      -1.253199335,       1.209942063,       1.088105327,       1.975242719
          0,        1113,           0,      -4.404493678,      -1.473328597,      -1.508370884,       1.024977064,      0.9870118687,       2.052512653,      -4.210919364,      -1.245656606,      -1.251713894,       1.211127638,       1.089160627,       1.974392927
          0,        1114,           0,      -4.401519877,      -1.472429794,      -1.505875706,       1.028048013,      0.9873411168,       2.042395357,      -4.210053672,      -1.244232104,      -1.250234878,       1.212305939,       1.090273864,       1.973481568
          0,        1115,           0,      -4.398375025,      -1.471459187,        -1.5032573,        1.03128916,      0.9877068034,       2.035825272,      -4.209172839,      -1.242825907,      -1.248767321,       1.213472888,       1.091402844,       1.972619007
          0,        1116,           0,       -4.39506603,       -1.47041481,        -1.5005059,       1.034689638,      0.9881041943,       2.043082534,      -4.208275965,      -1.241435816,      -1.247311998,       1.214631808,       1.092373495,       1.972112669
          0,        1117,           0,      -4.391592147,      -1.469308263,       -1.49762242,       1.038244212,      0.9884955829,       2.086976187,      -4.207359363,      -1.240051874,      -1.245869892,         1.2157855,       1.093358798,       1.972384672
          0,        1118,           0,      -4.387948424,      -1.468100447,      -1.494607798,        1.04195614,      0.9888539661,       2.090060442,      -4.206427202,      -1.238665921,      -1.244436661,       1.216929432,       1.094365383,       1.975044258
          0,        1119,           0,      -4.384157844,      -1.466814213,      -1.491473438,       1.045815197,       0.989140017,        2.11519096,      -4.205485791,      -1.237280361,      -1.243026768,       1.218058501,         1.0953693,         1.9859946
          0,        1120,           0,      -4.380226372,      -1.465442568,      -1.488190178,       1.049820203,      0.9894201184,       2.173475079,      -4.204528988,      -1.235895265,      -1.241633444,        1.21917785,       1.096426073,       1.989430675
          0,        1121,           0,      -4.376175102,      -1.463996094,      -1.484757222,       1.053946947,      0.9896889253,       2.161062888,      -4.203553456,      -1.234518442,      -1.240246614,       1.220292651,       1.097438583,       1.993226157
          0,        1122,           0,      -4.372018798,      -1.462472348,      -1.481188486,       1.058179188,      0.9898969635,       2.158664965,      -4.202562709,       -1.23315168,      -1.238860889,       1.221403268,       1.098523645,       2.014239016
          0,        1123,           0,      -4.367748005,      -1.460873496,      -1.477470063,       1.062534464,       0.990002333,        2.16593977,      -4.201546323,      -1.231772393,      -1.237471332,       1.222514288,       1.099610571,       2.029198244
          0,        1124,           0,      -4.363346596,       -1.45916623,      -1.473601025,       1.067023311,      0.9901184488,       2.150141858,      -4.200503445,      -1.230370143,      -1.236056836,        1.22362359,        1.10066194,       2.029718018
          0,        1125,           0,      -4.358753195,      -1.457355243,      -1.469568921,       1.071701093,      0.9904925455,       2.136417487,      -4.199441832,      -1.228959169,      -1.234650693,       1.224728116,       1.101700062,       2.032667661
          0,        1126,           0,      -4.353983412,      -1.455438932,      -1.465383726,       1.076559128,      0.9911200482,       2.143983693,      -4.198367078,      -1.227547295,      -1.233255192,       1.225824102,       1.102846493,       2.033794931
          0,        1127,           0,      -4.349058057,      -1.453409106,      -1.461053901,       1.081577273,      0.9917688141,       2.154786499,      -4.197267625,      -1.226123199,      -1.231856918,        1.22691938,        1.10383377,        2.02964043
          0,        1128,           0,      -4.344015365,      -1.451273805,      -1.456576066,       1.086741949,      0.9920199977,       2.134530791,      -4.196153855,      -1.224704532,      -1.230473065,       1.228007651,       1.104888063,       2.026415578
          0,        1129,           0,      -4.338833512,      -1.449069695,      -1.451956753,       1.092062862,      0.9919685682,       2.120575326,      -4.195018255,      -1.223275424,      -1.229095008,       1.229099067,       1.105883785,       2.025193111
          0,        1130,           0,       -4.33349812,      -1.446760866,      -1.447203463,       1.097545922,      0.9919905206,       2.119598859,      -4.193853046,      -1.221830666,      -1.227719788,       1.230199394,       1.106807946,       2.030432561
          0,        1131,           0,       -4.32800279,      -1.444329147,      -1.442324363,       1.103194828,      0.9920043161,       2.139656555,      -4.192663693,      -1.220362749,      -1.226334053,       1.231309339,       1.107735148,       2.030097774
          0,        1132,           0,      -4.322357481,      -1.441747432,       -1.43733007,       1.109007585,      0.9918517569,        2.12694185,      -4.191448994,      -1.218885822,      -1.224955022,       1.232432848,       1.108646565,        2.02589584
          0,        1133,           0,      -4.316582197,      -1.439039009,      -1.432259553,       1.114977204,      0.9916258122,       2.112243671,      -4.190206543,      -1.217396071,      -1.223582441,        1.23357414,        1.10955128,       2.022045369
          0,        1134,           0,      -4.310656678,      -1.436205971,      -1.427075657,       1.121127392,      0.9911508095,       2.108012358,      -4.188933125,      -1.215898334,      -1.222216293,       1.234738624,       1.110472304,       2.019095805
          0,        1135,           0,      -4.304572798,      -1.433258917,      -1.421794873,       1.127473821,      0.9906232196,       2.106987442,      -4.187653717,      -1.214392064,      -1.220926151,       1.235881627,       1.111343338,       2.018085964
          0,        1136,           0,      -4.298323607,      -1.430206459,      -1.416432895,       1.134051138,      0.9900610561,       2.102212111,      -4.186352272,      -1.212863785,      -1.219652986,       1.237038912,       1.112346468,       2.021173878
          0,        1137,           0,      -4.291909724,      -1.427036959,       -1.41098752,       1.140868705,       0.989439867,       2.110218886,      -4.185010615,      -1.211311188,      -1.218380032,       1.238232139,       1.113526878,        2.02037985
          0,        1138,           0,      -4.285254731,      -1.423733092,      -1.405465119,       1.147966694,      0.9888238438,       2.121673608,      -4.183639456,      -1.209741652,      -1.217121752,       1.239456763,       1.114566004,       2.027545829
          0,        1139,           0,       -4.27834799,      -1.420281356,      -1.399856044,       1.155361376,      0.9881755478,       2.116445352,      -4.182232761,      -1.208168802,      -1.215875161,       1.240721395,       1.115584626,        2.02685836
          0,        1140,           0,      -4.271180363,      -1.416685288,      -1.394178199,       1.163071515,      0.9874916868,       2.109507257,      -4.180795728,      -1.206583928,      -1.214635758,       1.242025087,       1.116421533,       2.023544503
          0,        1141,           0,      -4.263749258,      -1.412938177,      -1.388430912,       1.171110194,      0.9867740598,       2.099153843,      -4.179330033,      -1.204992941,      -1.213420039,       1.243369657,       1.117234224,       2.020955236
          0,        1142,           0,      -4.256011477,      -1.409019186,        -1.3826199,       1.179511058,      0.9860453321,       2.095989179,       -4.17782556,      -1.203379063,      -1.212213982,        1.24476489,       1.118062172,       2.019640373
          0,        1143,           0,      -4.247945704,      -1.404930352,      -1.376758177,       1.188297314,       0.985393147,       2.097714998,      -4.176268832,      -1.201745089,      -1.210986261,       1.246222987,        1.11876859,       2.017320542
          0,        1144,           0,      -4.239514503,      -1.400649061,      -1.370892582,       1.197501937,      0.9852687868,       2.088098945,      -4.174659155,      -1.200106799,      -1.209761769,       1.247741803,       1.119427081,       2.016988581
          0,        1145,           0,      -4.230692853,      -1.396176743,       -1.36501112,       1.207145239,      0.9854300272,       2.075669328,      -4.173001114,      -1.198488188,      -1.208551937,       1.249317525,       1.120015648,       2.022994154
          0,        1146,           0,      -4.221463711,      -1.391528551,      -1.359108327,       1.217239406,       0.985634419,       2.064064304,      -4.171280087,      -1.196843945,      -1.207340078,       1.250974365,       1.120536578,       2.015923723
          0,        1147,           0,      -4.211818353,      -1.386713131,      -1.353189044,       1.227790189,      0.9860557095,       2.055014226,      -4.169493824,      -1.195169104,      -1.206126092,       1.252717092,       1.121270276,       2.012903928
          0,        1148,           0,      -4.201854184,      -1.381828477,      -1.347293864,       1.238746838,      0.9862192088,       2.047778209,      -4.167639808,      -1.193474944,      -1.204919653,       1.254558333,       1.122023434,       2.010563597
          0,        1149,           0,      -4.191559608,      -1.376839647,      -1.341438608,       1.250095613,      0.9861912398,       2.052380261,      -4.165703862,      -1.191741972,      -1.203711971,       1.256510952,       1.122834329,       2.008649993
          0,        1150,           0,      -4.180829452,      -1.371675135,      -1.335618292,        1.26188108,      0.9859895939,       2.071914642,      -4.163690748,      -1.189977179,      -1.202499387,       1.258572324,       1.123678405,       2.007329437
          0,        1151,           0,      -4.169628437,      -1.366304759,      -1.329822023,       1.274112998,      0.9856376374,       2.086071479,      -4.161589136,      -1.188185001,      -1.201272627,       1.260749378,       1.124629198,       2.007030986
          0,        1152,           0,      -4.157977866,      -1.360730994,      -1.324086625,       1.286761559,       0.984785918,       2.085160945,      -4.159418039,       -1.18636698,      -1.200038459,       1.263020266,       1.125763579,       2.008365898
          0,        1153,           0,      -4.145892187,      -1.354941836,      -1.318411445,       1.299796331,      0.9830749568,       2.102281703,      -4.157177316,      -1.184523274,      -1.198798673,       1.265388999,        1.12686579,       2.017222843
          0,        1154,           0,      -4.133404859,      -1.348722547,       -1.31279767,       1.313164141,      0.9809982679,       2.109886749,      -4.154858236,      -1.182649565,      -1.197532525,       1.267869531,       1.127984962,       2.019868549
          0,        1155,           0,       -4.12057651,      -1.342170287,      -1.307241304,       1.326782561,      0.9786485893,       2.106763141,      -4.152470262,      -1.180746084,       -1.19625699,       1.270453277,       1.129143012,       2.021199339
          0,        1156,           0,      -4.107434825,      -1.335431942,      -1.301754363,       1.340581928,      0.9768090931,       2.121923336,      -4.150010252,      -1.178817463,      -1.194979046,       1.273142615,       1.130357488,       2.021910547
          0,        1157,           0,      -4.094027009,      -1.328517314,      -1.296348213,       1.354495996,      0.9754403166,       2.137975794,      -4.147478133,      -1.176853163,          -1.19368,       1.275941968,       1.131736796,       2.033794242
          0,        1158,           0,      -4.080405891,      -1.321421323,      -1.291007767,       1.368455307,      0.9744872729,       2.131103058,      -4.144887936,      -1.174879619,      -1.192368607,       1.278835286,       1.133095479,       2.044266409
          0,        1159,           0,      -4.066631821,       -1.31413333,      -1.285733682,       1.382385146,       0.973881599,       2.137662075,      -4.142235561,      -1.172907347,      -1.191053115,       1.281813396,       1.134300989,       2.040970177
          0,        1160,           0,       -4.05275555,      -1.306659925,       -1.28054506,       1.396218284,      0.9736242944,       2.173383611,      -4.139516758,      -1.170911269,      -1.189722317,        1.28489113,       1.135665118,       2.047051369
          0,        1161,           0,      -4.039375408,       -1.29948206,      -1.275968146,       1.409333794,      0.9737893026,       2.168542383,      -4.136745931,      -1.168914273,      -1.188390625,       1.288051168,       1.136988505,       2.054102635
          0,        1162,           0,      -4.037959299,      -1.303374919,      -1.283415918,       1.410088378,      0.9744384664,       2.153895957,       -4.13407139,      -1.166986319,      -1.187045895,       1.291081859,       1.138527033,       2.061641092
          0,        1163,           0,      -4.037034795,      -1.307245159,      -1.290903515,       1.410142929,         0.9751887,       2.146169624,      -4.131506299,      -1.165139298,      -1.185688606,       1.293971516,       1.140019961,       2.056977872
          0,        1164,           0,      -4.036582838,      -1.311062022,      -1.298392253,       1.409525514,      0.9755914412,       2.147659968,      -4.129049479,      -1.163381417,      -1.184299705,       1.296705417,       1.141549737,       2.051738423
          0,        1165,           0,      -4.036561513,      -1.314789964,      -1.305808182,       1.408277412,      0.9758158878,        2.17683135,      -4.126712909,      -1.161714473,      -1.182891951,       1.299283985,         1.1431399,        2.05004077
          0,        1166,           0,      -4.036936035,      -1.318458746,      -1.313144007,       1.406446732,      0.9762314974,       2.152888521,      -4.124508778,       -1.16015181,      -1.181485498,       1.301704585,       1.144789688,       2.058667547
          0,        1167,           0,      -4.037655769,      -1.322061689,      -1.320346266,       1.404095495,        0.97657249,       2.135324678,      -4.122430677,      -1.158699339,      -1.180095311,       1.303961189,       1.146609698,       2.062291348
          0,        1168,           0,      -4.038666025,      -1.325589626,      -1.327394297,       1.401290405,      0.9755896013,       2.117113185,      -4.120436675,       -1.15732839,      -1.178695044,       1.306095902,       1.148511092,       2.058688553
          0,        1169,           0,      -4.039914127,      -1.329061441,      -1.334288265,       1.398098934,       0.975679709,        2.11337663,      -4.118532561,      -1.156051829,      -1.177285389,       1.308109355,        1.15051282,       2.055923006
          0,        1170,           0,      -4.041335031,      -1.332429576,      -1.340952262,       1.394591867,      0.9760691883,       2.129150471,      -4.116711204,      -1.154868003,      -1.175851322,       1.310023385,       1.152583974,        2.05983213
          0,        1171,           0,      -4.042885881,      -1.335738325,       -1.34739954,       1.390842948,      0.9763076629,        2.13284014,      -4.114966472,      -1.153775479,      -1.174397136,       1.311847661,       1.154762748,       2.060662897
          0,        1172,           0,      -4.044504976,      -1.339008656,        -1.3536056,       1.386931064,      0.9768391432,       2.115828088,      -4.113248342,      -1.152746656,      -1.172928326,       1.313607205,       1.157226371,       2.058051077
          0,        1173,           0,      -4.046166657,      -1.342257533,      -1.359596428,       1.382923329,      0.9774771984,       2.108372915,      -4.111569754,      -1.151774993,      -1.171412546,       1.315309327,       1.159863253,        2.05803998
          0,        1174,           0,      -4.047812875,      -1.345479434,       -1.36537057,       1.378902129,      0.9784619388,       2.106146791,      -4.109959561,      -1.150900788,      -1.169893229,       1.316918231,       1.162603184,       2.066269427
          0,        1175,           0,      -4.049397913,      -1.348672311,      -1.370903535,       1.374940879,      0.9796946668,       2.106887695,      -4.108397647,      -1.150115739,      -1.168348152,       1.318468065,       1.165263545,        2.07336802
          0,        1176,           0,      -4.050905053,      -1.351837218,      -1.376198746,       1.371092468,      0.9809521404,       2.148617164,      -4.106870829,      -1.149416389,      -1.166782305,       1.319970254,       1.168134266,        2.06990565
          0,        1177,           0,      -4.052318646,      -1.354999939,      -1.381257743,       1.367409124,      0.9820456643,       2.139625432,      -4.105372164,      -1.148797653,      -1.165190301,       1.321427506,       1.171080014,       2.070904976
          0,        1178,           0,      -4.053626634,      -1.358141088,      -1.386088688,        1.36393244,      0.9833067315,       2.123513341,       -4.10390102,      -1.148256788,      -1.163571627,       1.322838582,       1.174246219,       2.077914377
          0,        1179,           0,      -4.054828332,       -1.36128357,      -1.390716323,       1.360687347,      0.9846115084,        2.10672777,       -4.10244441,      -1.147791094,      -1.161929147,       1.324209727,       1.177359926,        2.07296318
          0,        1180,           0,      -4.055928302,      -1.364458887,      -1.395142859,       1.357689664,      0.9859270729,       2.098989563,      -4.101016248,      -1.147398855,       -1.16028088,       1.325526299,       1.180845504,       2.068922391
          0,        1181,           0,      -4.056938811,      -1.367644142,      -1.399370402,       1.354952088,      0.9873522376,       2.105817926,      -4.099609717,      -1.147103603,      -1.158622543,       1.326782148,       1.184112606,       2.064799804
          0,        1182,           0,      -4.057874201,      -1.370823416,      -1.403425034,        1.35247307,      0.9887883879,       2.125567551,      -4.098221544,      -1.146889654,      -1.156951829,       1.327977397,         1.1873404,       2.061190037
          0,        1183,           0,      -4.058756746,      -1.374023788,      -1.407316749,       1.350242484,      0.9897518233,       2.163337585,      -4.096846804,      -1.146744618,      -1.155272488,        1.32911009,       1.190604428,       2.059287342
          0,        1184,           0,      -4.059607809,      -1.377259679,      -1.411058056,       1.348241421,      0.9910035711,       2.178677506,      -4.095475348,      -1.146652541,      -1.153578694,       1.330180745,         1.1938829,       2.062428976
          0,        1185,           0,      -4.060439361,      -1.380547127,      -1.414650199,       1.346453736,      0.9921256774,       2.162325413,      -4.094106782,      -1.146626051,      -1.151863543,       1.331188867,       1.196943451,       2.067189561
          0,        1186,           0,      -4.061272235,      -1.383873235,      -1.418086898,       1.344855465,      0.9931338458,       2.146019264,      -4.092761948,      -1.146645943,      -1.150133101,       1.332115976,       1.199900829,       2.066730023
          0,        1187,           0,      -4.062135796,      -1.387253394,      -1.421394663,       1.343418978,      0.9933774574,       2.137303981,      -4.091474157,      -1.146724439,      -1.148407401,       1.332935416,       1.202702848,       2.064748771
          0,        1188,           0,      -4.063051037,      -1.390707207,      -1.424590793,       1.342119853,      0.9932433691,       2.130369002,      -4.090240221,      -1.146837863,      -1.146651116,       1.333653326,       1.205403978,       2.070672475
          0,        1189,           0,      -4.064029487,      -1.394211499,      -1.427649589,       1.340934208,      0.9930740122,         2.1195305,      -4.089081072,      -1.146984706,      -1.144871291,       1.334251626,       1.208177789,       2.080420893
          0,        1190,           0,      -4.065083593,      -1.397786099,      -1.430638533,       1.339843732,      0.9928225941,       2.118862545,      -4.088012925,      -1.147155079,      -1.143072074,       1.334719122,         1.2108251,       2.074238584
          0,        1191,           0,      -4.066214096,      -1.401414994,      -1.433546124,       1.338833265,      0.9930355799,        2.14882968,      -4.087034377,      -1.147353642,      -1.141245049,       1.335055562,       1.213548765,       2.070455867
          0,        1192,           0,      -4.067422965,      -1.405098673,      -1.436350225,        1.33788811,      0.9924482312,       2.209497481,      -4.086158172,      -1.147577318,      -1.139394608,       1.335256667,       1.216317276,       2.073425887
          0,        1193,           0,      -4.068708457,      -1.408831367,      -1.439072702,       1.336997408,      0.9767259066,       2.206770424,      -4.085380662,      -1.147810141,      -1.137519286,       1.335328656,       1.218918542,       2.073928387
          0,        1194,           0,      -4.070074338,      -1.412766284,       -1.44171988,        1.33614373,      0.9727782377,       2.212192922,      -4.084736278,      -1.148064893,      -1.135647723,       1.335257741,       1.221118647,       2.069027944
          0,        1195,           0,       -4.07152756,      -1.416869671,      -1.444354169,       1.335328128,      0.9696810656,       2.208707373,      -4.084225849,      -1.148331791,      -1.133746017,       1.335040459,       1.223291545,        2.06721764
          0,        1196,           0,      -4.073049532,       -1.42096051,      -1.447087076,       1.334533569,      0.9654873344,       2.196206311,      -4.083840028,      -1.148605362,      -1.131825838,       1.334683986,       1.225407514,       2.071806249
          0,        1197,           0,      -4.074643348,      -1.425051529,      -1.449872104,       1.333763124,      0.9606026634,       2.174747207,       -4.08357787,      -1.148883609,      -1.129896705,       1.334203196,       1.227486312,       2.067252373
          0,        1198,           0,      -4.076298887,      -1.429130117,       -1.45267846,       1.333018863,      0.9557689278,       2.157070814,       -4.08342217,      -1.149173213,      -1.127957899,       1.333601308,       1.229523581,       2.065445905
          0,        1199,           0,      -4.078015719,       -1.43317812,      -1.455512696,       1.332298704,      0.9508398853,       2.142867025,      -4.083378926,      -1.149471614,      -1.126024803,       1.332885085,       1.231427004,       2.065701644
          0,        1200,           0,      -4.079790695,      -1.437202331,      -1.458365811,       1.331598565,      0.9454507103,       2.139006109,      -4.083423616,      -1.149771413,      -1.124076105,       1.332080396,       1.233281924,       2.076384629
          0,        1201,           0,      -4.081620937,      -1.441204732,      -1.461272184,       1.330910236,      0.9387584966,       2.142852253,      -4.083548494,      -1.150071153,      -1.122125321,       1.331196732,       1.235117749,       2.081700459
          0,        1202,           0,       -4.08349982,      -1.445176283,      -1.464263273,       1.330224698,      0.9323731911,       2.149786694,      -4.083726464,      -1.150362846,      -1.120155033,        1.33026454,        1.23685258,       2.076594732
          0,        1203,           0,      -4.085409029,      -1.449082955,      -1.467325911,        1.32953959,      0.9259481715,       2.159717221,      -4.083975842,      -1.150665386,      -1.118190167,       1.329271272,       1.238525167,       2.074655539
          0,        1204,           0,      -4.087335301,       -1.45296018,      -1.470468102,       1.328849587,      0.9190680556,       2.177553767,      -4.084280813,      -1.150961691,      -1.116223962,       1.328235964,       1.240108895,       2.072413149
          0,        1205,           0,      -4.089274079,      -1.456768543,      -1.473709345,       1.328147045,      0.9120743054,        2.18717145,      -4.084612017,      -1.151240604,      -1.114246206,       1.327191055,       1.241615096,        2.06979494
          0,        1206,           0,      -4.091212302,      -1.460512869,      -1.477037004,       1.327428836,      0.9048350831,       2.231488538,      -4.084965096,      -1.151505941,      -1.112264482,       1.326145332,       1.243031037,        2.07453349
          0,        1207,           0,      -4.093132059,      -1.464179453,      -1.480404397,       1.326693253,      0.8972243248,       2.229124682,      -4.085330586,      -1.151752723,      -1.110290314,       1.325118834,       1.244557155,       2.073559958
          0,        1208,           0,      -4.095032447,      -1.467760343,        -1.4838472,       1.325940002,      0.8875372993,       2.232847993,      -4.085674649,      -1.151970432,      -1.108320031,       1.324146321,       1.245835274,        2.07688324
          0,        1209,           0,      -4.096900537,      -1.471221219,      -1.487338859,       1.325167003,      0.8791693909,         2.2339099,      -4.086000049,      -1.152188708,      -1.106364903,       1.323224431,        1.24702201,       2.075769194
          0,        1210,           0,      -4.098731254,      -1.474565234,      -1.490864416,       1.324381959,      0.8711286429,       2.212792718,      -4.086320122,      -1.152409599,      -1.104447073,       1.322351238,       1.248217446,       2.075945805
          0,        1211,           0,       -4.10052352,      -1.477815802,      -1.494452635,       1.323596924,      0.8648513089,       2.211734845,      -4.086588933,      -1.152605551,      -1.102546337,       1.321572099,       1.249394813,       2.085107765
          0,        1212,           0,      -4.102267063,      -1.480965694,      -1.498091547,       1.322825233,      0.8575524676,       2.243992122,      -4.086801041,      -1.152781459,      -1.100669707,       1.320898218,       1.250586231,       2.083983221
          0,        1213,           0,      -4.103951072,      -1.483970437,      -1.501590096,       1.322070994,      0.8498773136,       2.235372411,      -4.086948913,      -1.152930361,      -1.098830591,       1.320338509,       1.251539789,        2.08579896
          0,        1214,           0,      -4.105567381,      -1.486896758,      -1.505140116,       1.321347544,      0.8427184007,       2.215755466,      -4.087013046,      -1.153049864,      -1.097026204,       1.319917902,       1.252606057,       2.081935221
          0,        1215,           0,      -4.107106789,      -1.489732432,       -1.50872166,       1.320671122,      0.8359611253,       2.212446323,      -4.086986029,      -1.153147755,      -1.095258698,       1.319653215,       1.253458124,       2.081965075
          0,        1216,           0,       -4.10854643,      -1.492446811,      -1.512333356,       1.320068097,       0.829591911,       2.225105964,      -4.086862247,      -1.153222022,      -1.093525461,       1.319551925,       1.254324446,       2.077856632
          0,        1217,           0,      -4.109870072,      -1.495044746,      -1.515983748,       1.319560115,      0.8235088255,       2.227933154,      -4.086650432,      -1.153278308,      -1.091837836,        1.31960125,       1.255140415,       2.075740481
          0,        1218,           0,       -4.11106419,      -1.497551387,      -1.519696258,       1.319170086,      0.8177379112,       2.225236473,       -4.08632417,      -1.153296292,      -1.090173372,       1.319830252,       1.255941114,       2.080268434
          0,        1219,           0,      -4.112113375,      -1.499978614,      -1.523487269,       1.318918717,      0.8121948723,       2.199990952,      -4.085881103,      -1.153269393,      -1.088537629,       1.320241634,       1.256772939,       2.076432023
          0,        1220,           0,      -4.113005351,      -1.502330873,      -1.527350141,       1.318823612,      0.8068749682,       2.184756976,      -4.085349344,      -1.153219852,      -1.086947015,       1.320806909,       1.257579319,       2.078049715
          0,        1221,           0,       -4.11373056,      -1.504615571,      -1.531300144,       1.318899405,       0.800547263,       2.194004694,      -4.084705454,      -1.153141499,       -1.08538606,       1.321544451,       1.258365607,       2.085336077
          0,        1222,           0,      -4.114284499,       -1.50683915,      -1.535342174,       1.319150458,      0.7953773439,       2.210424556,       -4.08397278,       -1.15305169,      -1.083862525,       1.322432625,       1.259377216,       2.079257649
          0,        1223,           0,      -4.114658142,      -1.509017907,      -1.539488193,       1.319589833,      0.7904354535,       2.198899308,       -4.08315465,      -1.152957781,      -1.082381423,       1.323459166,       1.260107607,       2.075593923
          0,        1224,           0,      -4.114852503,      -1.511138615,       -1.54370631,       1.320217792,      0.7857895169,       2.195070531,      -4.082258256,      -1.152850741,       -1.08094219,       1.324613945,        1.26085578,       2.076552324
          0,        1225,           0,      -4.114873091,       -1.51322862,      -1.548025418,        1.32102712,      0.7813028228,       2.194476828,      -4.081288214,      -1.152730251,      -1.079551195,       1.325879826,       1.261538553,       2.086198132
          0,        1226,           0,      -4.114727103,      -1.515282305,      -1.552435442,       1.322010154,      0.7769652652,       2.217016985,      -4.080249439,      -1.152592314,      -1.078196056,       1.327248351,       1.262220261,       2.081168135
          0,        1227,           0,      -4.114413028,      -1.517195423,      -1.556885767,       1.323155755,      0.7728622361,       2.204763888,      -4.079157699,      -1.152444701,      -1.076894056,       1.328701843,        1.26278394,       2.078696262
          0,        1228,           0,      -4.113947688,      -1.519075122,      -1.561479458,       1.324449666,      0.7690588229,       2.190332431,      -4.078002116,      -1.152284878,      -1.075626303,       1.330242357,       1.263407256,       2.087399765
          0,        1229,           0,      -4.113340185,      -1.520951182,      -1.566248305,       1.325880261,      0.7652482754,       2.207090747,      -4.076811553,      -1.152109079,      -1.074397356,       1.331835674,       1.263932277,       2.100387704
          0,        1230,           0,      -4.112598522,      -1.522826577,       -1.57119337,       1.327435154,      0.7615148725,       2.201345268,      -4.075593994,      -1.151919312,      -1.073217831,       1.333466985,       1.264477561,       2.093518757
          0,        1231,           0,      -4.111730783,        -1.5246829,       -1.57630025,       1.329100308,      0.7579568653,       2.193707258,      -4.074353205,      -1.151726436,      -1.072070521,       1.335129313,       1.265033517,       2.091252347
          0,        1232,           0,      -4.110746867,       -1.52654355,      -1.581572826,       1.330860246,      0.7542862582,       2.179920699,      -4.073103797,      -1.151521752,      -1.070955725,       1.336802369,       1.265614253,       2.094113382
          0,        1233,           0,      -4.109658026,      -1.528427054,       -1.58702772,       1.332698977,      0.7505508495,       2.185956552,      -4.071868871,      -1.151304829,      -1.069887555,       1.338456495,       1.266244408,       2.097454106
          0,        1234,           0,      -4.108471009,      -1.530301785,      -1.592627545,       1.334601023,      0.7468373885,       2.192091416,      -4.070641435,      -1.151071712,      -1.068841053,       1.340091583,       1.266783922,       2.103050167
          0,        1235,           0,      -4.107197964,      -1.532228771,      -1.598422313,       1.336550191,      0.7431573579,       2.192188639,      -4.069458985,      -1.150847383,      -1.067829911,       1.341672877,       1.267254168,       2.096181263
          0,        1236,           0,      -4.105852676,      -1.534213744,      -1.604340028,       1.338528485,      0.7395988508,       2.209651834,      -4.068318138,      -1.150620569,      -1.066844388,       1.343194024,       1.267729325,        2.09155854
          0,        1237,           0,      -4.104448365,      -1.536316213,      -1.610396823,       1.340518499,      0.7359581379,       2.207581185,       -4.06724613,      -1.150412125,      -1.065890201,       1.344629818,       1.268138216,       2.092474006
          0,        1238,           0,      -4.103002692,      -1.538538915,      -1.616587225,       1.342500139,       0.732196344,       2.220694271,      -4.066238099,      -1.150210072,      -1.064957235,       1.345980022,       1.268521931,       2.091194646
          0,        1239,           0,      -4.101529951,      -1.540805851,      -1.622799579,       1.344453986,      0.7283455618,       2.239936238,      -4.065288365,       -1.15000674,      -1.064050209,       1.347241009,       1.268802963,       2.085969531
          0,        1240,           0,      -4.100049037,      -1.543193478,      -1.629042291,       1.346357792,        0.72421343,        2.27440739,      -4.064434748,      -1.149820136,      -1.063182236,         1.3483594,       1.269092394,       2.082653952
          0,        1241,           0,       -4.09857396,       -1.54573565,      -1.635247962,        1.34819407,      0.7200937789,       2.274801493,      -4.063669322,      -1.149650579,      -1.062333563,       1.349358947,       1.269424677,       2.082497613
          0,        1242,           0,       -4.09712116,      -1.548440385,      -1.641347694,         1.3499439,      0.7159277509,       2.267858065,      -4.062979333,      -1.149489835,      -1.061499159,       1.350247438,       1.269772597,       2.079341125
          0,        1243,           0,      -4.095711305,      -1.551346355,      -1.647281467,       1.351585773,      0.7116261695,       2.254937246,      -4.062382866,      -1.149347425,      -1.060694164,       1.351006183,       1.270205532,       2.079991359
          0,        1244,           0,      -4.094387173,      -1.554544095,      -1.652968443,       1.353080168,      0.7072103825,        2.24005742,      -4.061889141,      -1.149213274,      -1.059903961,       1.351628954,       1.270625353,       2.086478462
          0,        1245,           0,      -4.093129411,      -1.557966245,      -1.658397853,       1.354445134,      0.7027025641,       2.210171201,      -4.061490722,      -1.149094524,       -1.05912342,       1.352126782,       1.271003405,       2.092831276
          0,        1246,           0,      -4.091963962,      -1.561592763,      -1.663485662,       1.355654116,      0.6981145217,       2.186543208,       -4.06119561,      -1.149009723,      -1.058367981,       1.352489312,       1.271561903,       2.088684254
          0,        1247,           0,      -4.090910904,      -1.565463947,        -1.6681819,        1.35668695,      0.6934543527,       2.175892869,      -4.060997855,       -1.14894116,       -1.05761926,       1.352721803,       1.271929691,       2.093530732
          0,        1248,           0,      -4.089985799,      -1.569582373,      -1.672439785,        1.35752847,      0.6887254742,       2.166195647,      -4.060892462,      -1.148894179,      -1.056868277,       1.352832468,       1.272224988,        2.09951172
          0,        1249,           0,      -4.089202197,      -1.573958938,      -1.676210605,       1.358166022,      0.6839425302,       2.150951177,      -4.060892928,      -1.148862302,         -1.056139,       1.352809465,       1.272620229,       2.098753717
          0,        1250,           0,      -4.088570914,      -1.578597506,      -1.679477288,       1.358590846,      0.6791446624,       2.171918436,      -4.060979868,      -1.148846202,      -1.055420743,       1.352671359,       1.272833289,       2.092194845
          0,        1251,           0,      -4.088101929,      -1.583483221,      -1.682204878,       1.358798355,      0.6742147183,       2.238414068,      -4.061158935,      -1.148847055,      -1.054701457,        1.35241572,       1.272956791,       2.087937125
          0,        1252,           0,       -4.08780405,      -1.588602238,      -1.684399872,       1.358782959,      0.6693119681,       2.275713037,      -4.061432569,      -1.148871855,      -1.053983715,       1.352038972,       1.273127164,       2.083858148
          0,        1253,           0,      -4.087682015,      -1.593943906,      -1.686099923,       1.358542689,       0.664514494,       2.259302108,      -4.061794222,      -1.148900616,      -1.053268814,       1.351548753,       1.273273457,       2.081016746
          0,        1254,           0,      -4.087739064,      -1.599465329,      -1.687327161,       1.358078273,      0.6594177406,        2.27799736,      -4.062222334,      -1.148918659,      -1.052544627,       1.350965086,       1.273745939,       2.081783734
          0,        1255,           0,      -4.087964001,      -1.605145424,      -1.688131208,       1.357395644,      0.6540134055,       2.265797641,      -4.062718342,      -1.148951378,       -1.05181773,        1.35028818,       1.274081429,       2.071269923
          0,        1256,           0,      -4.088356614,      -1.610922533,      -1.688566696,       1.356509083,      0.6478527993,       2.245086226,      -4.063281738,      -1.148996929,      -1.051104329,       1.349519898,       1.274375797,       2.076155399
          0,        1257,           0,      -4.088927406,      -1.616832616,      -1.688666995,       1.355420756,      0.6416122615,       2.217575086,      -4.063930848,      -1.149078877,      -1.050404457,       1.348646559,       1.274559478,       2.077555694
          0,        1258,           0,      -4.089692136,      -1.622807546,      -1.688501887,       1.354126483,      0.6356980457,       2.190586719,      -4.064632512,      -1.149174774,      -1.049691069,       1.347701796,       1.274749878,       2.086993209
          0,        1259,           0,      -4.090644297,      -1.628753628,      -1.688128797,       1.352634044,      0.6278415388,       2.165075236,      -4.065376194,       -1.14927549,      -1.048965684,       1.346695389,       1.274979191,       2.085713168
          0,        1260,           0,      -4.091765228,      -1.634560567,      -1.687624836,       1.350961611,      0.6200251194,       2.150991819,       -4.06619302,      -1.149386408,      -1.048241609,       1.345602554,       1.275161147,       2.085260214
          0,        1261,           0,       -4.09303909,      -1.640225667,      -1.687093231,       1.349126551,       0.612141614,       2.150593498,      -4.067062806,      -1.149510178,      -1.047499996,       1.344444799,       1.275427798,       2.085018683
          0,        1262,           0,      -4.094451183,      -1.645708479,      -1.686566638,       1.347145838,      0.6041213874,       2.145203924,      -4.067970556,      -1.149637341,      -1.046736595,       1.343233288,       1.275704263,       2.091056514
          0,        1263,           0,      -4.095987567,      -1.650956154,      -1.686150368,       1.345036776,      0.5958303343,        2.19105483,      -4.068928628,      -1.149777469,      -1.045982607,       1.341959597,       1.275965046,       2.087587105
          0,        1264,           0,      -4.097639111,       -1.65591994,      -1.685912867,       1.342813404,      0.5877065022,       2.206715071,      -4.069939722,      -1.149942091,      -1.045244696,       1.340621617,       1.276137763,       2.084941799
          0,        1265,           0,      -4.099397069,      -1.660576328,      -1.685996538,        1.34048759,      0.5791149573,       2.203596685,      -4.071002506,      -1.150120483,      -1.044502853,       1.339222444,       1.276297222,       2.082079731
          0,        1266,           0,      -4.101252463,      -1.664892186,      -1.686327624,       1.338072116,      0.5694235322,       2.190767928,      -4.072105229,      -1.150304205,      -1.043744857,        1.33777344,       1.276521876,       2.078951679
          0,        1267,           0,      -4.103196542,      -1.668809975,      -1.686943026,        1.33557731,      0.5586221039,       2.197207337,      -4.073245518,      -1.150499711,      -1.042968803,       1.336277985,       1.276687763,       2.074101569
          0,        1268,           0,       -4.10521871,      -1.672276483,        -1.6878807,       1.333013441,        0.54748088,       2.183936796,       -4.07444162,       -1.15071609,      -1.042203221,        1.33471763,       1.276806194,       2.068813062
          0,        1269,           0,         -4.107317,      -1.675292235,      -1.689171155,       1.330384024,      0.5363591308,       2.171205561,      -4.075689522,      -1.150944546,      -1.041426881,       1.333101735,       1.276859235,       2.064625757
          0,        1270,           0,      -4.109495286,      -1.677876457,      -1.690842239,       1.327688183,      0.5250694448,       2.159095664,      -4.076977864,      -1.151193707,      -1.040631672,       1.331444976,       1.276964053,       2.060154434
          0,        1271,           0,      -4.111740337,       -1.67998612,      -1.692871019,       1.324930306,      0.5125923592,         2.1840691,      -4.078312707,      -1.151442447,      -1.039829647,       1.329733427,       1.276939282,       2.055868075
          0,        1272,           0,      -4.114044291,      -1.681637599,      -1.695212297,       1.322114002,      0.4994422491,       2.222235764,      -4.079697475,      -1.151700541,      -1.039029355,       1.327965794,       1.276788593,       2.052389693
          0,        1273,           0,      -4.116406699,      -1.682898063,      -1.697766236,        1.31923667,      0.4859202611,       2.203531647,      -4.081119549,      -1.151961511,      -1.038207818,       1.326154912,       1.276687795,       2.051960309
          0,        1274,           0,      -4.118829789,      -1.683789991,      -1.700434035,       1.316292685,      0.4722479827,       2.189900646,      -4.082589598,      -1.152238324,      -1.037383395,       1.324291889,       1.276424301,       2.057807589
          0,        1275,           0,      -4.121317107,       -1.68435079,      -1.703199136,       1.313276062,      0.4583884109,       2.177100488,       -4.08409532,      -1.152516023,      -1.036558334,       1.322388891,       1.276247713,       2.071047528
          0,        1276,           0,      -4.123872378,      -1.684645115,      -1.706029272,       1.310179128,      0.4442878501,       2.165135824,      -4.085654808,      -1.152803488,      -1.035726425,       1.320430883,       1.276020065,       2.067925221
          0,        1277,           0,       -4.12650251,      -1.684718406,      -1.708867634,       1.306992565,      0.4303899623,       2.158441968,       -4.08725916,      -1.153091178,      -1.034898248,       1.318427884,        1.27579581,       2.071698097
          0,        1278,           0,      -4.129217467,      -1.684643047,      -1.711631681,       1.303704878,      0.4160388624,       2.138992814,       -4.08890735,      -1.153392722,      -1.034086974,        1.31637009,       1.275520411,        2.07512255
          0,        1279,           0,      -4.132025316,      -1.684403783,      -1.714238242,       1.300303873,      0.4018359186,       2.125688754,      -4.090609285,      -1.153719071,      -1.033301727,       1.314261095,       1.275073347,       2.086358053
          0,        1280,           0,      -4.134940201,      -1.684058607,      -1.716576254,       1.296778591,      0.3876981733,        2.10790568,      -4.092343049,      -1.154042476,      -1.032543515,       1.312109065,       1.274649901,       2.097490509
          0,        1281,           0,      -4.137979254,      -1.683653587,       -1.71860749,       1.293114444,      0.3735374019,       2.092551158,      -4.094103277,      -1.154366307,      -1.031812627,       1.309931188,       1.274211527,       2.103132945
          0,        1282,           0,      -4.141150385,      -1.683222999,      -1.720335101,       1.289304041,      0.3600896933,       2.075672913,      -4.095864661,      -1.154683026,      -1.031084247,       1.307755267,       1.273869388,       2.112762039
          0,        1283,           0,      -4.144463313,      -1.682809026,      -1.721700206,       1.285339972,      0.3455225436,       2.066296756,      -4.097624031,      -1.154996642,      -1.030354073,       1.305587051,       1.273403101,        2.12268176
          0,        1284,           0,      -4.147926507,      -1.682441647,      -1.722670711,       1.281216831,      0.3316894867,       2.078241513,      -4.099389673,      -1.155304971,      -1.029637383,       1.303420503,       1.272940788,       2.122549319
          0,        1285,           0,      -4.151547828,      -1.682109687,      -1.723249547,       1.276929783,       0.318241099,        2.07980385,      -4.101159228,      -1.155605792,      -1.028935646,       1.301261459,       1.272472734,       2.113593586
          0,        1286,           0,      -4.155333515,      -1.681814509,      -1.723442861,       1.272476536,      0.3057059886,        2.08898201,      -4.102903567,      -1.155899156,      -1.028252844,       1.299139699,       1.272137473,       2.105262925
          0,        1287,           0,      -4.159287263,      -1.681568646,      -1.723245308,       1.267857336,      0.2930490047,       2.100903249,      -4.104619644,       -1.15618872,      -1.027597688,       1.297063814,       1.271793372,       2.097084396
          0,        1288,           0,       -4.16341031,      -1.681344593,      -1.722700033,       1.263075011,      0.2807344592,       2.078781387,      -4.106348131,      -1.156488421,      -1.026970428,       1.295008838,       1.271193542,        2.08959769
          0,        1289,           0,      -4.167701595,      -1.681158028,      -1.721845185,       1.258134749,      0.2688650811,        2.06694221,      -4.108048084,      -1.156774568,      -1.026360011,       1.293000625,       1.270571511,       2.082656408
          0,        1290,           0,      -4.172156436,      -1.680973689,      -1.720734116,        1.25304523,      0.2577977147,       2.086684571,      -4.109686965,      -1.157038372,      -1.025761016,       1.291075585,        1.27001758,       2.077220643
          0,        1291,           0,      -4.176765807,      -1.680779164,      -1.719419981,       1.247819004,      0.2468901803,       2.134979477,      -4.110999804,       -1.15698667,      -1.024890126,       1.289519472,       1.269460024,       2.072953451
          0,        1292,           0,      -4.181517133,      -1.680569659,      -1.717991124,        1.24247172,      0.2357972063,       2.154467836,        -4.1122359,       -1.15691108,      -1.024017616,       1.288070437,       1.268913684,       2.067812358
          0,        1293,           0,      -4.186397478,      -1.680338489,      -1.716465069,       1.237020121,      0.2245812235,       2.144733213,      -4.113379012,      -1.156807502,      -1.023142941,       1.286741621,       1.268402145,       2.068893576
          0,        1294,           0,      -4.191388189,      -1.680075868,      -1.714894412,       1.231485239,      0.2138937993,       2.127537038,      -4.114433412,      -1.156699649,      -1.022280094,       1.285535366,       1.267775125,       2.067260665
          0,        1295,           0,      -4.196470005,       -1.67975731,      -1.713324735,       1.225889838,      0.2035307568,       2.115188499,      -4.115385702,      -1.156548908,      -1.021422541,       1.284471665,       1.267185791,        2.06571762
          0,        1296,           0,      -4.201617303,      -1.679389989,      -1.711799243,       1.220260792,      0.1944438709,       2.101704573,      -4.116234948,      -1.156351817,      -1.020558591,       1.283557728,       1.266674184,       2.067628973
          0,        1297,           0,      -4.206799155,      -1.678991677,      -1.710383672,       1.214628402,      0.1840945426,       2.101740839,       -4.11698057,      -1.156118251,      -1.019693098,       1.282796869,       1.266154611,       2.073517389
          0,        1298,           0,      -4.211988252,      -1.678525218,      -1.709123545,        1.20902313,      0.1732373443,       2.106000406,      -4.117622313,      -1.155843251,      -1.018820928,       1.282192305,        1.26590903,       2.075684394
          0,        1299,           0,      -4.217150537,      -1.677927466,      -1.708051466,       1.203485933,      0.1622692124,        2.11088611,      -4.118156803,      -1.155539772,       -1.01795396,       1.281752367,       1.265461557,       2.072333286
          0,        1300,           0,      -4.222246009,      -1.677229311,      -1.707201472,       1.198057005,      0.1501631467,       2.096504994,      -4.118592865,      -1.155226918,      -1.017082951,       1.281478744,       1.265054061,       2.076771306
          0,        1301,           0,      -4.227234119,      -1.676451942,      -1.706590946,       1.192776424,      0.1399363127,       2.083638564,      -4.118898546,      -1.154869333,      -1.016195555,       1.281400888,       1.264613988,       2.086584918
          0,        1302,           0,      -4.232074529,      -1.675609971,      -1.706253701,        1.18768425,      0.1288741993,       2.068510306,      -4.119082075,      -1.154461933,      -1.015305569,       1.281512411,       1.264194024,       2.114221244
          0,        1303,           0,      -4.236725824,      -1.674720359,      -1.706196609,       1.182821439,      0.1179391784,       2.065901576,      -4.119166856,      -1.154008156,      -1.014433657,       1.281808998,       1.263753573,       2.118285713
          0,        1304,           0,       -4.24114907,      -1.673797453,      -1.706423917,       1.178227469,      0.1088739353,        2.05462382,        -4.1191173,      -1.153503693,      -1.013562438,       1.282311362,       1.263352629,       2.114574832
          0,        1305,           0,      -4.245307091,      -1.672854873,      -1.706942154,       1.173939636,     0.09822774765,       2.047139993,       -4.11892732,      -1.152958778,      -1.012690531,       1.283026204,       1.262895977,       2.109595207
          0,        1306,           0,      -4.249168071,      -1.671917356,        -1.7077569,        1.16998984,     0.08729709378,       2.069343358,      -4.118602383,      -1.152362059,      -1.011815787,       1.283943117,        1.26245418,       2.107619389
          0,        1307,           0,      -4.252701293,      -1.671000706,      -1.708873778,       1.166409432,     0.07704324765,       2.096504958,      -4.118153556,      -1.151716032,      -1.010934048,       1.285052275,       1.262134573,       2.116302503
          0,        1308,           0,      -4.255881135,       -1.67011064,      -1.710300495,       1.163225758,     0.06697363807,       2.106644237,      -4.117567863,       -1.15101457,      -1.010032271,       1.286363582,       1.261697936,       2.138808662
          0,        1309,           0,      -4.258690015,       -1.66927259,       -1.71202986,       1.160456913,     0.05716346405,       2.104235286,      -4.116839566,      -1.150258576,      -1.009120458,       1.287873116,       1.261312851,       2.129700202
          0,        1310,           0,      -4.261117873,      -1.668499989,      -1.714057468,       1.158113487,      0.0476987574,       2.094039427,      -4.115996989,      -1.149449577,      -1.008201005,       1.289555459,       1.260863084,       2.124638183
          0,        1311,           0,      -4.263163003,      -1.667805783,      -1.716379339,       1.156197398,     0.03865697924,       2.071185667,      -4.115074751,      -1.148602268,      -1.007268282,        1.29139549,       1.260266348,       2.114598855
          0,        1312,           0,      -4.264831866,      -1.667196088,      -1.718991715,       1.154701773,     0.03061720675,       2.051698823,      -4.114044469,      -1.147709455,      -1.006320154,       1.293394908,       1.259594732,       2.106796738
          0,        1313,           0,      -4.266139425,      -1.666678466,       -1.72189228,       1.153610371,     0.02218332962,       2.033439839,      -4.112902693,      -1.146765646,      -1.005351906,        1.29554481,       1.258889881,       2.100028479
          0,        1314,           0,      -4.267110117,      -1.666264888,       -1.72506965,       1.152897425,     0.01409636569,       2.017440658,      -4.111648669,      -1.145767413,      -1.004360016,       1.297838169,       1.258213634,       2.095819846
          0,        1315,           0,      -4.267774371,      -1.665967348,      -1.728510644,       1.152529917,    0.006450162899,       2.008510329,      -4.110314906,      -1.144725143,      -1.003363418,       1.300238975,       1.257538843,       2.093893751
          0,        1316,           0,      -4.268168999,      -1.665789216,      -1.732202941,       1.152468465,    0.001100922604,       2.029142833,      -4.109672581,      -1.144434731,      -1.003195492,       1.301948079,       1.256896096,       2.096564438
          0,        1317,           0,      -4.268337628,      -1.665722371,       -1.73613079,       1.152666414,   -0.005414515242,       2.084566202,       -4.10898138,      -1.144122933,      -1.003042904,       1.303719487,       1.256243681,       2.109797581
          0,        1318,           0,      -4.268326844,      -1.665781422,      -1.740260588,       1.153072979,    -0.01118696826,       2.104443458,      -4.108273034,      -1.143800623,      -1.002894921,       1.305525252,       1.255660397,       2.105608284
          0,        1319,           0,      -4.268185992,      -1.665955326,      -1.744571006,       1.153634535,     -0.0158316723,       2.090135702,      -4.107556648,      -1.143467938,      -1.002774596,       1.307348277,       1.255024996,       2.100087248
          0,        1320,           0,      -4.267964953,      -1.666237191,      -1.749039062,       1.154295973,     -0.0184671689,       2.077350321,      -4.106842739,       -1.14310961,      -1.002667852,       1.309175759,       1.254364811,       2.098831345
          0,        1321,           0,       -4.26771435,      -1.666619265,      -1.753653137,       1.155001824,    -0.02143178723,       2.078767679,      -4.106133273,      -1.142726406,      -1.002556184,       1.310999681,       1.253735058,       2.100891787
          0,        1322,           0,      -4.267482604,      -1.667097623,      -1.758374068,       1.155697092,      -0.025740644,        2.06476192,      -4.105447251,      -1.142325473,      -1.002449924,       1.312790282,       1.253197637,        2.10564223
          0,        1323,           0,      -4.267316288,      -1.667658216,       -1.76315779,       1.156329238,    -0.02956013637,       2.053750518,      -4.104788568,      -1.141899965,      -1.002348294,       1.314547511,       1.252707577,       2.102430015
          0,        1324,           0,       -4.26725789,      -1.668286376,      -1.767960894,       1.156849434,    -0.03278751457,       2.067805059,      -4.104165621,      -1.141460687,      -1.002264692,       1.316259024,       1.252211047,       2.094974934
          0,        1325,           0,      -4.267346163,      -1.668972486,      -1.772753518,       1.157212967,    -0.03535957482,       2.060436854,      -4.103581037,      -1.141005683,      -1.002190294,       1.317918993,       1.251672528,       2.090590246
          0,        1326,           0,      -4.267615285,      -1.669699636,      -1.777500102,       1.157379501,     -0.0371392597,       2.043534648,      -4.103050183,      -1.140538529,      -1.002114273,       1.319513498,       1.251211804,       2.089918612
          0,        1327,           0,       -4.26809561,      -1.670451526,      -1.782161267,       1.157312243,    -0.03753227157,       2.026968928,      -4.102568155,      -1.140057149,       -1.00204102,       1.321041374,       1.250734055,       2.083571365
          0,        1328,           0,      -4.268811164,      -1.671210295,      -1.786692502,       1.156980829,    -0.03758538649,       2.010845254,      -4.102141189,      -1.139567433,      -1.001990734,        1.32249232,       1.250325497,       2.080326642
          0,        1329,           0,      -4.269779784,      -1.671957891,      -1.791047545,       1.156361368,    -0.03915489459,       1.994429226,      -4.101778078,      -1.139072803,      -1.001940723,       1.323861082,       1.249887395,       2.077610284
          0,        1330,           0,       -4.27101512,        -1.6726807,      -1.795167436,        1.15543514,     -0.0403419281,       1.980716076,       -4.10149618,      -1.138575987,      -1.001890371,       1.325141242,       1.249472111,       2.075245716
          0,        1331,           0,      -4.272525239,      -1.673360782,      -1.799003902,       1.154189165,    -0.04019686995,       1.961349375,      -4.101272793,      -1.138067797,      -1.001843612,       1.326340164,       1.249131992,       2.073583214
          0,        1332,           0,      -4.274313781,      -1.673972304,      -1.802518524,       1.152616162,    -0.04062143713,       1.945043463,      -4.101121496,      -1.137559308,      -1.001810888,       1.327447339,         1.2486858,       2.076653795
          0,        1333,           0,      -4.276377597,      -1.674515937,      -1.805662655,       1.150716152,    -0.04075123279,       1.931083157,      -4.101051643,      -1.137054312,      -1.001793666,       1.328452218,       1.248251568,       2.083746899
          0,        1334,           0,      -4.278707978,      -1.674977168,      -1.808399207,       1.148495471,    -0.04071336221,       1.924393512,      -4.101053566,      -1.136551348,      -1.001772214,        1.32936522,       1.247796814,        2.07875382
          0,        1335,           0,      -4.281292009,      -1.675346642,      -1.810688706,        1.14596568,    -0.04045584571,       1.912707789,      -4.101119027,      -1.136045457,      -1.001736719,       1.330193076,       1.247305268,       2.082171702
          0,        1336,           0,      -4.284112174,      -1.675605385,      -1.812522473,        1.14314429,    -0.03996734532,       1.907501383,      -4.101238075,      -1.135538405,      -1.001696048,       1.330939379,       1.246876515,       2.106963343
          0,        1337,           0,      -4.287145763,      -1.675762156,       -1.81387226,       1.140054146,    -0.03936242725,        1.88725863,      -4.101435667,      -1.135035568,      -1.001659491,       1.331593614,        1.24640284,       2.115200072
          0,        1338,           0,      -4.290368076,      -1.675808036,       -1.81472062,       1.136722548,    -0.03862469059,       1.869074351,      -4.101683362,      -1.134544581,      -1.001629464,       1.332171971,       1.245990258,        2.10860732
          0,        1339,           0,      -4.293749982,      -1.675739835,      -1.815066408,       1.133181816,     -0.0377749335,       1.854001461,      -4.101967183,      -1.134061451,      -1.001596645,       1.332689185,       1.245521952,        2.09685021
          0,        1340,           0,      -4.297259477,      -1.675546183,      -1.814910625,       1.129468633,    -0.03680364066,       1.847090177,      -4.102315217,      -1.133596122,        -1.0015735,        1.33313752,       1.244929642,       2.089139559
          0,        1341,           0,      -4.300860718,      -1.675242951,      -1.814254401,       1.125625553,    -0.03573225332,       1.864881242,      -4.102721288,      -1.133149881,      -1.001562503,       1.333523471,       1.244223522,       2.094561157
          0,        1342,           0,      -4.304518896,      -1.674824432,      -1.813120147,       1.121695522,     -0.0345920091,       1.886508243,      -4.103147314,        -1.1327162,      -1.001551963,       1.333861681,       1.243522803,       2.111890737
          0,        1343,           0,      -4.308196777,       -1.67429436,      -1.811548887,       1.117725254,    -0.03252294289,        1.89144736,      -4.103572987,      -1.132288772,      -1.001532664,       1.334168593,        1.24289772,       2.114329866
          0,        1344,           0,       -4.31185648,      -1.673657849,      -1.809574483,       1.113763225,     -0.0295839213,       1.914119391,      -4.104002148,      -1.131866174,      -1.001518531,       1.334446482,       1.242310827,       2.113124769
          0,        1345,           0,      -4.315460666,      -1.672917798,      -1.807211792,        1.10985899,     -0.0284772808,       1.937663806,       -4.10444888,      -1.131456028,      -1.001518377,        1.33469121,       1.241722504,       2.112594658
          0,        1346,           0,        -4.3189746,      -1.672087555,      -1.804509099,       1.106059739,    -0.02628888542,       1.957374577,      -4.104876117,      -1.131054967,      -1.001513793,       1.334931295,       1.241116181,       2.105142447
          0,        1347,           0,      -4.322365713,      -1.671180728,      -1.801515526,       1.102411151,    -0.02498742528,       1.995809534,      -4.105280773,      -1.130670971,      -1.001506484,       1.335173836,        1.24051791,       2.098482125
          0,        1348,           0,      -4.325603476,      -1.670197754,      -1.798272911,       1.098955851,    -0.02360955807,       2.022644087,      -4.105652885,      -1.130295484,       -1.00149172,       1.335427631,        1.23997034,       2.093076187
          0,        1349,           0,      -4.328661439,      -1.669155219,      -1.794822573,       1.095732393,    -0.02143036777,       1.998094791,      -4.106008934,      -1.129941339,      -1.001475989,       1.335688121,       1.239415983,       2.092630841
          0,        1350,           0,      -4.331517964,      -1.668061942,       -1.79121618,       1.092773619,    -0.01868928546,       1.976239653,      -4.106363858,       -1.12963506,       -1.00147587,       1.335943273,       1.238774138,       2.096937241
          0,        1351,           0,      -4.334156754,      -1.666935214,      -1.787507415,       1.090105889,    -0.01730196693,       1.957302862,      -4.106682401,      -1.129365707,      -1.001468906,       1.336214603,       1.238087135,       2.100157233
          0,        1352,           0,      -4.336564033,      -1.665780329,      -1.783751108,       1.087749227,    -0.01581121142,       1.941179914,      -4.106962526,      -1.129142255,      -1.001457742,       1.336502724,       1.237360957,       2.119992958
          0,        1353,           0,        -4.3387337,      -1.664611107,       -1.77995648,       1.085716285,    -0.01421709337,       1.931824604,      -4.107213167,      -1.128936018,      -1.001466553,       1.336814477,       1.236660695,       2.136856674
          0,        1354,           0,      -4.340664548,      -1.663441346,      -1.776162839,       1.084011645,     -0.0125336456,        1.92616296,       -4.10741772,      -1.128748275,      -1.001476114,       1.337161997,       1.235923431,       2.162566955
          0,        1355,           0,      -4.342359893,      -1.662281617,      -1.772416485,       1.082632825,    -0.01056162325,       1.917424146,      -4.107553742,      -1.128566418,      -1.001474945,       1.337559201,       1.235263745,       2.151340791
          0,        1356,           0,      -4.343827793,       -1.66115351,      -1.768745829,       1.081570225,    -0.00848124674,       1.931057164,      -4.107625055,      -1.128395283,      -1.001466348,       1.338003552,       1.234633455,        2.14435009
          0,        1357,           0,      -4.345077901,      -1.660064355,      -1.765174699,       1.080810777,   -0.005119773607,       1.917625932,      -4.107636008,      -1.128238974,      -1.001463513,       1.338494494,       1.234031664,       2.137814927
          0,        1358,           0,      -4.346123817,      -1.659027722,      -1.761733662,       1.080335723,   -0.003380387617,       1.900813412,      -4.107576614,      -1.128087684,      -1.001449661,       1.339036242,       1.233480546,       2.138335965
          0,        1359,           0,       -4.34698164,      -1.658056181,      -1.758441118,       1.080122146,   -0.001519465132,       1.887537841,      -4.107437902,      -1.127946971,      -1.001412264,       1.339633779,        1.23297002,       2.140792489
          0,        1360,           0,       -4.34766904,      -1.657165185,      -1.755319042,       1.080143888,   0.0004494143497,        1.88485961,      -4.107218668,      -1.127821792,      -1.001369376,       1.340290865,       1.232464729,       2.143622214
          0,        1361,           0,      -4.348204214,      -1.656363303,      -1.752386752,       1.080372517,    0.002546623419,       1.913864083,      -4.106924909,      -1.127715441,      -1.001329794,       1.341003871,       1.231976445,       2.138372488
          0,        1362,           0,      -4.348606458,      -1.655663212,       -1.74967279,        1.08077797,    0.004772313238,       1.973383983,      -4.106550716,      -1.127618598,      -1.001282003,       1.341774837,       1.231510291,       2.129793269
          0,        1363,           0,      -4.348895439,      -1.655083955,      -1.747181118,       1.081329477,    0.007021189876,       1.974955837,      -4.106088084,      -1.127532375,      -1.001228781,       1.342605375,       1.231069478,       2.124930202
          0,        1364,           0,      -4.349090864,      -1.654636665,      -1.744929704,       1.081996181,    0.009435819384,       2.028366344,      -4.105533371,      -1.127452994,      -1.001165296,       1.343496158,       1.230666775,        2.12088661
          0,        1365,           0,      -4.349213791,       -1.65433447,      -1.742917242,       1.082747565,     0.01311997632,       2.059507265,       -4.10489551,       -1.12738216,      -1.001095038,       1.344440591,        1.23028626,       2.122996591
          0,        1366,           0,      -4.349282301,      -1.654191697,      -1.741148139,       1.083555536,     0.01969338211,       2.033319653,      -4.104177994,      -1.127329716,      -1.001022641,       1.345432968,       1.229910288,       2.126849418
          0,        1367,           0,      -4.349314201,      -1.654218288,      -1.739630219,       1.084393384,     0.02322353432,        2.02079702,      -4.103389917,      -1.127296786,      -1.000943979,       1.346467147,        1.22953939,       2.124938038
          0,        1368,           0,      -4.349326237,      -1.654424865,      -1.738366317,        1.08523676,     0.02543007222,       2.004174882,      -4.102528348,      -1.127279932,       -1.00085912,       1.347543751,       1.229178391,       2.121942246
          0,        1369,           0,      -4.349334434,      -1.654827482,      -1.737350001,       1.086062449,     0.02976132625,       1.996812452,      -4.101598058,      -1.127273117,       -1.00075614,       1.348661462,       1.228816781,       2.122599005
          0,        1370,           0,         -4.349354,      -1.655440332,      -1.736581528,       1.086848971,     0.03464142788,       1.975469929,      -4.100619649,      -1.127284266,      -1.000649902,       1.349804689,       1.228410738,       2.126069332
          0,        1371,           0,      -4.349399013,      -1.656273854,      -1.736060418,       1.087576652,     0.03691186437,       1.955201689,      -4.099642764,      -1.127314227,      -1.000523563,       1.350951468,       1.227948918,       2.124616513
          0,        1372,           0,      -4.349482129,       -1.65732924,      -1.735780135,       1.088228275,     0.03916227366,       1.936302657,      -4.098661827,      -1.127432845,       -1.00037275,       1.352069911,       1.227302762,       2.125695562
          0,        1373,           0,       -4.34961488,      -1.658610776,      -1.735733119,         1.0887893,     0.04138483541,       1.918652347,      -4.097654791,      -1.127568914,      -1.000209631,       1.353197272,       1.226635866,       2.141790279
          0,        1374,           0,      -4.349810594,      -1.660135618,       -1.73591978,       1.089244745,     0.04346692542,       1.906117021,      -4.096623823,      -1.127717228,      -1.000049411,       1.354331637,       1.225966743,       2.152228439
          0,        1375,           0,      -4.350077041,      -1.661894944,      -1.736336612,        1.08958564,     0.04544823062,       1.890901677,      -4.095557837,       -1.12787559,     -0.9998840658,       1.355475778,        1.22528913,        2.15319311
          0,        1376,           0,      -4.350422822,      -1.663905987,       -1.73698456,        1.08980264,     0.04729508668,       1.875161527,      -4.094475231,      -1.128045636,     -0.9997024536,       1.356620115,       1.224604426,       2.144143291
          0,        1377,           0,      -4.350854298,      -1.666152794,      -1.737844304,       1.089888332,     0.05098261118,       1.860924068,      -4.093374664,      -1.128224653,     -0.9995120467,       1.357760176,       1.223954775,        2.13759542
          0,        1378,           0,      -4.351380123,      -1.668633572,      -1.738904508,       1.089835326,     0.05240580873,       1.854909403,      -4.092257903,      -1.128414332,     -0.9993123801,       1.358891365,       1.223248963,       2.137955114
          0,        1379,           0,      -4.352007554,       -1.67135311,      -1.740161525,       1.089638232,     0.05582458644,       1.879455553,      -4.091135796,      -1.128621821,     -0.9991046706,        1.36000242,        1.22255003,       2.149158374
          0,        1380,           0,      -4.352739844,      -1.674307338,      -1.741600944,       1.089295865,     0.05676100029,       1.987460812,      -4.093016036,      -1.131964522,      -1.002188357,       1.358001285,       1.221861489,       2.157926767
          0,        1381,           0,      -4.353590997,      -1.677498091,       -1.74320033,       1.088799746,      0.0576554708,       1.977731378,       -4.09447466,      -1.134857891,       -1.00477719,       1.356406564,       1.221118528,        2.15240143
          0,        1382,           0,      -4.354567413,      -1.680927321,      -1.744960109,       1.088146342,     0.05823861267,       1.953690104,      -4.095575926,      -1.137364484,      -1.006934926,        1.35515766,       1.220345927,        2.14680331
          0,        1383,           0,      -4.355656828,      -1.684556927,      -1.746870264,       1.087349698,     0.05914851052,       1.969983208,      -4.096372674,      -1.139536305,      -1.008719352,       1.354200603,       1.219561373,       2.144778784
          0,        1384,           0,      -4.356864486,      -1.688392175,      -1.748908936,       1.086407718,      0.0595420918,       1.971238905,      -4.096918065,      -1.141425107,      -1.010184665,       1.353479722,       1.218858128,       2.143867326
          0,        1385,           0,      -4.358186758,      -1.692415693,      -1.751053593,       1.085327873,     0.05907788864,       1.943156461,      -4.097194188,      -1.143000253,      -1.011292738,       1.353016802,       1.218103932,       2.135383646
          0,        1386,           0,      -4.359615504,      -1.696619588,      -1.753298296,       1.084122319,     0.05830396427,       1.911643536,      -4.096265082,      -1.143288006,      -1.011012336,       1.353771295,       1.217380212,       2.129685736
          0,        1387,           0,      -4.361138318,      -1.700981953,      -1.755640099,       1.082807201,     0.05724625367,       1.882580148,      -4.095384309,      -1.143584057,      -1.010730777,       1.354454865,       1.216707951,       2.129890221
          0,        1388,           0,      -4.362743169,      -1.705481791,      -1.758065026,        1.08140025,      0.0559120679,       1.858611295,      -4.094565387,      -1.143889027,       -1.01045395,       1.355052115,       1.215972085,       2.145697209
          0,        1389,           0,      -4.364414903,      -1.710087575,      -1.760561591,       1.079920822,     0.05431244456,       1.852320169,      -4.093839143,      -1.144210718,      -1.010180719,       1.355550194,       1.215254317,       2.168750219
          0,        1390,           0,      -4.366133529,      -1.714789736,      -1.763115683,        1.07839491,     0.05381213193,       1.800416433,      -4.093185488,      -1.144549791,      -1.009900583,        1.35595372,       1.214495547,       2.167298689
          0,        1391,           0,      -4.367875722,      -1.719551296,      -1.765723802,       1.076852053,     0.05171602202,       1.775877586,      -4.092593232,      -1.144900683,      -1.009617244,       1.356265667,       1.213763182,       2.163026116
          0,        1392,           0,      -4.369613389,      -1.724345402,      -1.768384163,       1.075325948,     0.04940083163,       1.754352684,      -4.092068707,      -1.145270694,      -1.009337598,       1.356478128,       1.213052399,       2.155638394
          0,        1393,           0,      -4.371314906,      -1.729140635,      -1.771102804,       1.073853539,     0.04699272057,        1.73649399,       -4.09164014,      -1.145657569,       -1.00906842,       1.356572489,       1.212370005,       2.149974833
          0,        1394,           0,      -4.372944608,      -1.733917366,      -1.773865718,       1.072476517,     0.04622712641,       1.727331325,      -4.091277986,      -1.146061487,      -1.008795321,       1.356565315,       1.211676825,       2.151128122
          0,        1395,           0,      -4.374462919,      -1.738627407,      -1.776692133,       1.071239138,     0.04582249355,       1.742490487,      -4.090978341,      -1.146471699,      -1.008509766,       1.356459579,       1.211031565,       2.155411464
          0,        1396,           0,      -4.375827711,      -1.743237927,      -1.779589827,       1.070187801,     0.04229533199,       1.722829192,      -4.090774622,      -1.146916314,      -1.008224068,       1.356228185,       1.210348478,       2.150228678
          0,        1397,           0,      -4.376996783,      -1.747716279,      -1.782544974,       1.069369539,     0.03821940098,       1.704968394,      -4.090639095,      -1.147373493,      -1.007933127,       1.355895292,       1.209682123,       2.142710105
          0,        1398,           0,      -4.377929046,      -1.752028588,      -1.785574342,       1.068829402,     0.03393921974,       1.689484101,      -4.090568376,      -1.147843486,      -1.007634392,       1.355463247,       1.209058839,       2.143257679
          0,        1399,           0,       -4.37858529,      -1.756140859,      -1.788693308,       1.068608836,     0.02949130366,       1.676042988,      -4.090583513,      -1.148325617,        -1.0073359,       1.354921194,       1.208393349,       2.139900254
          0,        1400,           0,      -4.378926043,      -1.760014171,      -1.791913998,       1.068749055,     0.02501289682,       1.664603296,      -4.090685327,      -1.148824455,      -1.007043488,       1.354269729,       1.207704521,        2.13103798
          0,        1401,           0,      -4.378917467,      -1.763620711,      -1.795244984,       1.069283444,     0.02216608497,       1.655244365,      -4.090851815,      -1.149333057,      -1.006768927,       1.353518603,       1.207017423,       2.128259911
          0,        1402,           0,      -4.378531043,      -1.766931297,      -1.798701653,        1.07023819,     0.01740949423,       1.648992031,      -4.091066611,       -1.14985202,      -1.006494329,       1.352681108,       1.206351052,        2.13209803
          0,        1403,           0,      -4.377744396,      -1.769921023,      -1.802295427,       1.071631596,     0.01264794497,       1.671128849,      -4.091338765,      -1.150399027,      -1.006227147,       1.351749371,       1.205687846,       2.128335113
          0,        1404,           0,       -4.37654404,      -1.772566194,      -1.806028354,       1.073472391,    0.007864076537,       1.665408704,      -4.091660586,      -1.150991139,      -1.005955778,       1.350727768,       1.204943571,       2.130431556
          0,        1405,           0,      -4.374926134,      -1.774857651,      -1.809903221,       1.075757898,     0.00610306973,       1.672302774,      -4.092036965,      -1.151599125,      -1.005696035,       1.349622412,       1.204214589,       2.128220192
          0,        1406,           0,      -4.372895428,      -1.776784954,      -1.813929448,       1.078475837,    0.001015203712,       1.711600226,       -4.09246021,      -1.152211394,      -1.005442051,       1.348441128,       1.203518975,       2.127742164
          0,        1407,           0,      -4.370467674,      -1.778352653,      -1.818097717,       1.081602435,   -0.004011753231,       1.815442485,      -4.092925121,      -1.152833301,      -1.005186313,       1.347189984,       1.202858393,       2.151706941
          0,        1408,           0,       -4.36766903,        -1.7795678,      -1.822401898,       1.085103535,   -0.008967141293,       1.893634832,      -4.093429968,      -1.153457628,      -1.004921146,       1.345877173,       1.202259573,       2.154141404
          0,        1409,           0,      -4.364534114,      -1.780441262,      -1.826826681,       1.088936516,    -0.01103272611,       1.899455089,      -4.093983726,      -1.154087568,      -1.004649862,       1.344508019,       1.201635012,       2.150255491
          0,        1410,           0,      -4.361104752,      -1.780974089,      -1.831361077,       1.093051159,     -0.0160321561,         1.8381153,      -4.094561723,      -1.154724554,      -1.004373499,       1.343094384,       1.201032879,         2.1464387
          0,        1411,           0,      -4.357430703,      -1.781205925,      -1.835969695,       1.097390517,    -0.02055161495,        1.82626851,      -4.095165604,      -1.155364112,      -1.004096293,       1.341637022,        1.20048941,       2.144501581
          0,        1412,           0,      -4.353567395,       -1.78115778,      -1.840618188,       1.101893332,    -0.02210631355,       1.853337887,      -4.095797548,      -1.156007244,      -1.003828084,       1.340138965,       1.199937672,       2.141878494
          0,        1413,           0,      -4.349569334,      -1.780864586,      -1.845276844,       1.106499804,    -0.02188180285,       1.920062759,      -4.096448444,      -1.156656768,       -1.00356122,       1.338610194,       1.199438292,       2.138482787
          0,        1414,           0,      -4.345493626,      -1.780343797,       -1.84991199,       1.111147601,    -0.01395201367,       1.899007492,      -4.097116236,      -1.157304949,       -1.00329981,       1.337058955,       1.198940678,       2.145283727
          0,        1415,           0,      -4.341396999,      -1.779626442,      -1.854470083,       1.115776486,    -0.01877674919,       1.876359743,      -4.097787293,      -1.157955344,      -1.003032677,       1.335503108,       1.198458544,       2.147021702
          0,        1416,           0,      -4.337337777,      -1.778760801,      -1.858871503,        1.12032744,    -0.02332340475,       1.857160193,      -4.098459483,      -1.158612302,      -1.002759085,       1.333945885,       1.198003366,       2.137837602
          0,        1417,           0,       -4.33337345,      -1.777772595,      -1.863058627,       1.124742021,    -0.02766662858,       1.840872417,      -4.099134366,      -1.159286479,      -1.002495193,       1.332386926,       1.197542834,       2.130096084
          0,        1418,           0,      -4.329557816,      -1.776694753,       -1.86696404,       1.128966579,    -0.02457479442,       1.827141862,      -4.099811194,      -1.159961592,       -1.00224638,        1.33083136,       1.197084943,       2.126240769
          0,        1419,           0,      -4.325942238,      -1.775530103,      -1.870534068,       1.132951158,    -0.02969242163,       1.815329443,      -4.100482337,      -1.160637953,      -1.002002153,       1.329291068,       1.196651617,       2.122728737
          0,        1420,           0,      -4.322570013,      -1.774330277,      -1.873687519,       1.136652933,    -0.03441982385,       1.805317524,      -4.101142536,      -1.161316175,      -1.001761431,       1.327776623,       1.196204945,       2.119511906
          0,        1421,           0,      -4.319480425,      -1.773123962,      -1.876356105,       1.140034776,    -0.03884915694,       1.796788647,      -4.101780844,      -1.161990876,       -1.00151147,       1.326298461,       1.195780217,       2.120108112
          0,        1422,           0,      -4.316708563,      -1.771942418,      -1.878480628,        1.14306434,    -0.03123229528,       1.789981798,      -4.102398132,      -1.162660719,      -1.001254931,       1.324859935,       1.195395668,       2.127819326
          0,        1423,           0,        -4.3142829,      -1.770786059,      -1.880032718,       1.145713945,    -0.03632068844,       1.785524993,      -4.102996524,      -1.163327815,      -1.000997353,       1.323463962,       1.195017157,       2.128472789
          0,        1424,           0,      -4.312227035,      -1.769690944,      -1.880968812,       1.147964751,    -0.04100247488,       1.780390608,      -4.103580252,      -1.163988686,      -1.000759368,       1.322110021,       1.194673479,       2.131956482
          0,        1425,           0,      -4.310562632,       -1.76866317,      -1.881259989,        1.14979901,    -0.04543052053,       1.775680742,      -4.104143923,      -1.164645238,       -1.00052563,       1.320805673,       1.194302086,       2.134258017
          0,        1426,           0,      -4.309308423,      -1.767723427,      -1.880909058,       1.151201231,    -0.04967689846,       1.771300073,      -4.104672964,       -1.16529571,      -1.000282777,       1.319566597,       1.193961187,       2.132125551
          0,        1427,           0,      -4.308475923,      -1.766868114,      -1.879914603,       1.152164266,    -0.05372231109,       1.767547696,      -4.105169611,      -1.165935543,      -1.000036024,       1.318393123,       1.193609546,        2.14281295
          0,        1428,           0,      -4.308073503,      -1.766099769,      -1.878307611,       1.152683899,    -0.05763872586,       1.764748625,      -4.105636275,      -1.166568189,     -0.9997905634,       1.317287228,       1.193247921,        2.14472386
          0,        1429,           0,       -4.30810405,       -1.76542813,      -1.876126858,       1.152759829,    -0.06218997043,       1.763799396,      -4.106082946,       -1.16719684,     -0.9995468216,       1.316240213,       1.192896667,       2.140654452
          0,        1430,           0,      -4.308572038,      -1.764820959,      -1.873425197,       1.152396995,     -0.0667120842,       1.769073333,      -4.106527918,      -1.167829589,     -0.9993254105,       1.315233191,       1.192510808,       2.142112728
          0,        1431,           0,       -4.30946923,       -1.76427161,      -1.870291017,       1.151608234,    -0.07208904564,       1.795944189,      -4.106945306,      -1.168467949,     -0.9990970392,       1.314291222,       1.192111757,       2.159552544
          0,        1432,           0,      -4.310783118,      -1.763770879,      -1.866793226,       1.150408054,    -0.07814799976,       1.836974693,      -4.107037036,      -1.168800936,      -0.998533629,       1.313716988,       1.191648583,       2.153967134
          0,        1433,           0,      -4.312496707,      -1.763314389,      -1.862996575,        1.14881579,    -0.08437510561,       1.821720916,      -4.107094588,      -1.169106407,     -0.9979511358,       1.313217148,       1.191216534,       2.143363368
          0,        1434,           0,      -4.314591633,      -1.762892215,      -1.858981145,       1.146853326,    -0.09003854157,        1.80837202,       -4.10711294,      -1.169381616,     -0.9973488497,       1.312795584,       1.190813827,       2.138713044
          0,        1435,           0,      -4.317044574,       -1.76248652,      -1.854827016,       1.144547616,    -0.09588628791,       1.797022637,      -4.107110168,      -1.169631057,     -0.9967376225,       1.312436524,       1.190472038,       2.128291452
          0,        1436,           0,       -4.31982921,      -1.762080471,      -1.850608372,        1.14192882,     -0.1016434927,       1.787618946,      -4.107090581,      -1.169857939,     -0.9961150027,       1.312135653,       1.190095347,       2.117957797
          0,        1437,           0,      -4.322915309,       -1.76165312,      -1.846402704,       1.139030336,     -0.1072113773,       1.784424842,      -4.107048375,        -1.1700616,     -0.9954714611,       1.311896613,       1.189715515,       2.116677956
          0,        1438,           0,      -4.326269996,      -1.761187223,      -1.842267843,       1.135888104,     -0.1198817637,       1.775182657,      -4.106984668,      -1.170236562,     -0.9948201308,        1.31171773,       1.189293648,       2.120474878
          0,        1439,           0,      -4.329856673,      -1.760661317,      -1.838263187,       1.132541148,     -0.1331839095,        1.76626609,      -4.106899232,      -1.170381588,     -0.9941526393,        1.31159569,       1.188912185,       2.125134485
          0,        1440,           0,      -4.333635295,      -1.760057577,      -1.834442879,       1.129031109,     -0.1422069944,       1.758743911,      -4.106811669,      -1.170499106,     -0.9934780175,       1.311521687,       1.188481895,       2.133157936
          0,        1441,           0,      -4.337563421,      -1.759370446,      -1.830865212,       1.125401101,     -0.1427612635,       1.752599339,      -4.106723087,       -1.17058846,     -0.9928016194,       1.311485977,       1.188022564,       2.134759783
          0,        1442,           0,      -4.341595018,      -1.758577915,      -1.827584492,       1.121695073,     -0.1210024559,       1.748133204,      -4.106611469,        -1.1706439,     -0.9921056161,       1.311500845,       1.187606121,       2.137872114
          0,        1443,           0,      -4.345685149,      -1.757683017,      -1.824614321,       1.117956678,     -0.1130528275,       1.743087397,      -4.106484982,      -1.170672829,     -0.9914006805,       1.311552195,       1.187184297,       2.129684331
          0,        1444,           0,      -4.349786511,      -1.756676548,       -1.82198106,       1.114228693,     -0.1171860176,       1.738271949,      -4.106339513,      -1.170670713,     -0.9906771392,       1.311642065,       1.186827205,       2.122878597
          0,        1445,           0,      -4.353852113,      -1.755561403,      -1.819695296,       1.110552686,      -0.120038157,       1.736747277,       -4.10618282,      -1.170634497,     -0.9899444971,       1.311760267,       1.186454055,       2.117834029
          0,        1446,           0,      -4.357836362,      -1.754337726,       -1.81777256,       1.106967689,     -0.1212692567,       1.745026035,       -4.10602403,      -1.170567241,     -0.9892051667,       1.311894053,       1.186110582,        2.11840403
          0,        1447,           0,      -4.361695452,      -1.753011403,      -1.816218685,       1.103508951,     -0.1212066755,       1.784079055,      -4.105861149,      -1.170464141,     -0.9884571417,       1.312040875,       1.185719451,       2.132189154
          0,        1448,           0,      -4.365388797,      -1.751598567,      -1.815034238,       1.100207343,     -0.1203441499,       1.827338773,      -4.105698461,      -1.170324729,     -0.9876974176,       1.312191446,       1.185427164,       2.142853498
          0,        1449,           0,      -4.368880637,      -1.750112692,      -1.814212818,       1.097087944,     -0.1178793137,       1.812749217,      -4.105531617,      -1.170149585,     -0.9869132317,        1.31234564,       1.185123356,       2.144639119
          0,        1450,           0,      -4.372140176,      -1.748572473,      -1.813743408,       1.094170377,     -0.1163560942,       1.800623664,      -4.105377874,       -1.16993838,     -0.9861102918,        1.31248476,       1.184828652,        2.14349863
          0,        1451,           0,       -4.37514292,      -1.746995755,      -1.813616716,       1.091467576,     -0.1148194529,       1.790651683,      -4.105234445,      -1.169693384,     -0.9852957028,       1.312608228,       1.184506365,       2.139954074
          0,        1452,           0,      -4.377870318,      -1.745403683,      -1.813812764,       1.088986381,      -0.113383417,       1.779318886,      -4.105114826,      -1.169417121,     -0.9844701379,       1.312700092,       1.184192962,       2.137280983
          0,        1453,           0,      -4.380311499,      -1.743819762,      -1.814305047,       1.086726776,     -0.1120887451,       1.770833767,      -4.105017749,      -1.169105896,     -0.9836301843,       1.312756644,       1.183846019,       2.130742231
          0,        1454,           0,      -4.382463325,      -1.742277246,      -1.815068969,       1.084682334,     -0.1110008574,       1.764381703,      -4.104940133,      -1.168755363,     -0.9827633624,       1.312772398,        1.18352278,       2.123043393
          0,        1455,           0,      -4.384329902,      -1.740799183,      -1.816063689,       1.082841011,     -0.1101223322,       1.757330051,      -4.104879282,      -1.168362991,     -0.9818645184,       1.312746416,        1.18329071,       2.128078434
          0,        1456,           0,      -4.385922118,      -1.739412411,      -1.817256014,        1.08118578,     -0.1068726518,       1.751140647,      -4.104843654,      -1.167936324,     -0.9809489008,       1.312667977,       1.183052925,       2.128255632
          0,        1457,           0,      -4.387257543,      -1.738149139,      -1.818616457,       1.079695001,     -0.1064553316,       1.747304467,       -4.10484303,      -1.167481635,     -0.9800195795,       1.312522288,       1.182803015,       2.123329695
          0,        1458,           0,      -4.388358352,      -1.737032293,      -1.820097128,       1.078344774,      -0.106179328,       1.750399573,      -4.104881807,          -1.16699,     -0.9790741851,       1.312303054,       1.182559322,       2.122765589
          0,        1459,           0,      -4.389251234,      -1.736081061,      -1.821660401,        1.07710883,     -0.1060709353,       1.765707087,      -4.104944588,      -1.166457013,     -0.9781006014,       1.312019561,       1.182493252,       2.123796925
          0,        1460,           0,      -4.389965964,      -1.735315504,      -1.823268166,       1.075959616,      -0.105738804,       1.752054236,        -4.1050432,      -1.165886071,     -0.9771005329,       1.311657549,       1.182248228,       2.126141982
          0,        1461,           0,      -4.390535031,      -1.734786476,      -1.824869242,       1.074869835,     -0.1061253014,       1.739925969,      -4.105183132,      -1.165277036,      -0.976080637,       1.311210822,       1.181986108,       2.136764831
          0,        1462,           0,      -4.390991401,       -1.73449792,      -1.826425246,       1.073814014,     -0.1051314158,       1.726628344,      -4.105365702,      -1.164629883,     -0.9750247292,       1.310675404,       1.181816782,       2.139179106
          0,        1463,           0,      -4.391367166,      -1.734455005,      -1.827903088,       1.072769197,     -0.1057859261,       1.716320823,      -4.105593021,      -1.163941952,     -0.9739327681,        1.31004643,       1.181604535,       2.138094731
          0,        1464,           0,      -4.391693364,       -1.73467336,      -1.829265106,       1.071714563,    -0.06517727007,       1.706669647,      -4.105880757,       -1.16321571,     -0.9728073292,       1.309308794,       1.181473314,       2.135596414
          0,        1465,           0,      -4.391998217,      -1.735172238,      -1.830493181,       1.070633851,    -0.06705630956,       1.697804332,      -4.106216172,      -1.162447714,     -0.9716489289,       1.308468433,       1.181343408,       2.128967219
          0,        1466,           0,      -4.392309018,      -1.735965593,      -1.831546809,       1.069512716,    -0.06899956223,       1.689389562,      -4.106605166,      -1.161651359,     -0.9704562914,       1.307516298,       1.181066078,       2.123839278
          0,        1467,           0,      -4.392649449,       -1.73706254,      -1.832411912,       1.068341378,    -0.07105047112,       1.681325238,      -4.107037428,      -1.160809458,     -0.9692160575,       1.306462138,       1.180884036,       2.120980421
          0,        1468,           0,      -4.393039805,      -1.738465702,      -1.833066081,       1.067113988,    -0.07328709348,       1.671910129,      -4.107503582,      -1.159917382,     -0.9679232292,       1.305311441,        1.18073164,       2.119971443
          0,        1469,           0,       -4.39349482,       -1.74017238,      -1.833495497,        1.06583085,    -0.07560650801,       1.663755907,      -4.108006937,      -1.158976697,     -0.9665805246,       1.304061675,       1.180620473,       2.117370412
          0,        1470,           0,      -4.394026085,       -1.74218509,      -1.833699224,        1.06449613,    -0.07397548373,       1.656469975,      -4.108554424,      -1.157996092,     -0.9651973966,       1.302703237,        1.18044683,       2.115067331
          0,        1471,           0,      -4.394640621,      -1.744501754,      -1.833684422,       1.063118246,    -0.07684323301,        1.65069984,      -4.109128914,      -1.156971717,     -0.9637713328,       1.301253749,       1.180264379,       2.119376705
          0,        1472,           0,      -4.395341709,      -1.747113988,      -1.833464141,       1.061709364,    -0.07828314185,         1.6565426,      -4.109730423,      -1.155900416,     -0.9622935341,       1.299714339,       1.180221387,         2.1222884
          0,        1473,           0,      -4.396127025,      -1.750003575,       -1.83305543,       1.060286355,    -0.08095628542,       1.692774087,      -4.110353765,       -1.15477724,     -0.9607670528,       1.298090217,       1.180022573,       2.120098448
          0,        1474,           0,       -4.39699171,      -1.753164719,      -1.832474992,        1.05886869,    -0.07808910954,       1.803408775,      -4.111005087,      -1.153612579,     -0.9591868461,       1.296375319,       1.179859956,       2.119686699
          0,        1475,           0,      -4.397926766,      -1.756584913,      -1.831767109,       1.057477998,    -0.07295207617,       1.876335699,      -4.111676445,      -1.152403329,     -0.9575502719,       1.294580779,       1.179672309,       2.123902636
          0,        1476,           0,      -4.398919192,      -1.760216108,      -1.830956904,        1.05613879,    -0.07450376084,       1.846993516,      -4.112356651,      -1.151143421,     -0.9558541076,       1.292723145,       1.179563743,       2.126674479
          0,        1477,           0,      -4.399954297,      -1.764033387,      -1.830063957,       1.054876825,    -0.07591402658,       1.818794027,      -4.113019153,      -1.149822166,     -0.9540895167,       1.290824431,       1.179481993,       2.124197973
          0,        1478,           0,      -4.401015023,      -1.768002053,      -1.829128273,       1.053718281,    -0.07741084519,       1.791557641,      -4.113654034,      -1.148438427,     -0.9522631136,        1.28889841,       1.179292733,       2.119641542
          0,        1479,           0,      -4.402081061,      -1.772085056,      -1.828186786,        1.05268962,    -0.07661099732,       1.765637347,      -4.114239482,      -1.146988911,     -0.9503693365,       1.286965845,       1.179159767,       2.118778844
          0,        1480,           0,      -4.403129274,      -1.776235293,      -1.827280536,       1.051817631,    -0.07748876486,       1.740910755,      -4.114758639,      -1.145470834,     -0.9483954494,       1.285047792,       1.179103907,       2.114195259
          0,        1481,           0,      -4.404136383,      -1.780408884,      -1.826438731,        1.05112671,    -0.07949019068,       1.717415264,      -4.115204668,      -1.143884653,      -0.946340271,       1.283157853,        1.17907983,       2.111408341
          0,        1482,           0,      -4.405078575,      -1.784549497,       -1.82569824,       1.050638648,    -0.08184153338,       1.695207184,      -4.115574711,      -1.142230913,     -0.9442212361,       1.281304655,       1.179034667,       2.110056524
          0,        1483,           0,       -4.40592991,      -1.788609307,      -1.825094804,       1.050374109,    -0.07937257858,       1.674350724,      -4.115833591,      -1.140501891,     -0.9420194654,       1.279525096,       1.178942571,       2.115327127
          0,        1484,           0,      -4.406665071,      -1.792538107,      -1.824683886,       1.050349422,    -0.07963271084,       1.655025561,      -4.115977017,      -1.138709475,     -0.9397530835,       1.277835256,       1.179053093,       2.119421698
          0,        1485,           0,      -4.407258677,      -1.796275355,      -1.824491451,       1.050577405,    -0.08303197551,       1.637000083,      -4.115967736,      -1.136837848,     -0.9374015544,       1.276277427,       1.179138137,       2.114259012
          0,        1486,           0,      -4.407687926,      -1.799770906,      -1.824537443,       1.051066012,    -0.08581169688,        1.62253041,      -4.115802385,      -1.134888007,     -0.9349643411,       1.274866785,       1.179052451,       2.112714652
          0,        1487,           0,      -4.407933551,      -1.802975707,       -1.82486777,       1.051817607,    -0.08794436791,       1.608067629,      -4.115467878,      -1.132861051,     -0.9324473106,       1.273626497,       1.178915433,       2.113393178
          0,        1488,           0,      -4.407978485,      -1.805855157,      -1.825503393,       1.052828758,    -0.09224816119,       1.594047341,      -4.114932975,      -1.130747696,      -0.929834314,       1.272593768,       1.178855396,       2.124095406
          0,        1489,           0,      -4.407810612,      -1.808365099,       -1.82643627,       1.054092046,    -0.09564270976,        1.58167369,      -4.114172366,      -1.128544715,     -0.9271220831,       1.271798387,       1.179106579,        2.11335605
          0,        1490,           0,      -4.407420504,      -1.810477533,      -1.827689771,       1.055595974,    -0.09881615138,       1.571228105,        -4.1131625,      -1.126247271,     -0.9243083007,       1.271273376,         1.1791044,       2.110165192
          0,        1491,           0,      -4.406802549,       -1.81216988,      -1.829268267,        1.05732532,     -0.1037299275,       1.563455683,      -4.111888773,      -1.123849067,     -0.9213930254,       1.271044514,       1.179002625,       2.110461386
          0,        1492,           0,      -4.405956481,      -1.813419804,      -1.831160698,       1.059260224,     -0.1088810044,       1.561003418,      -4.110335589,       -1.12135086,     -0.9183729313,       1.271137419,       1.178961225,       2.109837784
          0,        1493,           0,      -4.404885655,      -1.814228346,      -1.833360423,       1.061378376,     -0.1141143386,        1.56557833,      -4.108489502,      -1.118753277,     -0.9152492945,         1.2715719,        1.17915198,       2.113919774
          0,        1494,           0,      -4.403597871,      -1.814618459,      -1.835859852,        1.06365477,     -0.1193679385,       1.592145372,      -4.106331253,      -1.116047783,     -0.9120073706,       1.272373942,       1.179377824,       2.122287843
          0,        1495,           0,      -4.402104448,      -1.814597317,      -1.838642463,       1.066062734,     -0.1247632213,       1.591816879,       -4.10385184,      -1.113234952,     -0.9086482697,       1.273559687,        1.17937752,       2.121608682
          0,        1496,           0,      -4.400421129,      -1.814201567,      -1.841696069,       1.068573319,     -0.1302653046,       1.590301085,      -4.101043301,      -1.110307401,     -0.9051704833,       1.275143198,       1.179354764,       2.111919474
          0,        1497,           0,      -4.398566571,      -1.813453286,      -1.844994921,       1.071157494,     -0.1289135351,       1.628140199,      -4.097911353,      -1.107274631,     -0.9015764638,       1.277123318,       1.179472377,       2.105259428
          0,        1498,           0,       -4.39656366,      -1.812409575,      -1.848495062,       1.073783912,     -0.1350778528,       1.768509254,      -4.094447025,      -1.104131301,     -0.8978575388,       1.279511139,       1.179434065,       2.102681316
          0,        1499,           0,      -4.394436503,      -1.811117867,      -1.852147545,       1.076424099,      -0.141187711,       1.847367444,      -4.090656734,      -1.100872847,     -0.8940174353,       1.282301308,       1.179614616,       2.107286961
